Uke,År,Lokalitetsnummer,Lokalitetsnavn,Tiltak,Type behandling,Virkestoff,ArtsId,Rensefisk,Antall,Omfang,Kommunenummer,Kommune,Fylkesnummer,Fylke,Lat,Lon,ProduksjonsområdeId,Produksjonsområde,Antall merder
33,2014,12067,Aldalen,rensefisk,,,1694,Grøngylt,6333,deler av lokaliteten,1243,OS I HORDALAND,12,Hordaland,60.24995,5.571917,3,Karmøy til Sotra,
33,2014,10298,Ålforo,rensefisk,,,1693,Bergnebb,25,deler av lokaliteten,1222,FITJAR,12,Hordaland,59.8665,5.244133,3,Karmøy til Sotra,
33,2014,10298,Ålforo,rensefisk,,,1694,Grøngylt,265,deler av lokaliteten,1222,FITJAR,12,Hordaland,59.8665,5.244133,3,Karmøy til Sotra,
33,2014,24695,Årnes,rensefisk,,,1694,Grøngylt,705,deler av lokaliteten,1703,NAMSOS,17,Nord-Trøndelag,64.5961,11.273417,7,Nord-Trøndelag med Bindal,
33,2014,24695,Årnes,rensefisk,,,1691,Berggylt,10,deler av lokaliteten,1703,NAMSOS,17,Nord-Trøndelag,64.5961,11.273417,7,Nord-Trøndelag med Bindal,
33,2014,24695,Årnes,rensefisk,,,1693,Bergnebb,3306,deler av lokaliteten,1703,NAMSOS,17,Nord-Trøndelag,64.5961,11.273417,7,Nord-Trøndelag med Bindal,
33,2014,12988,Aukrasanden,rensefisk,,,1693,Bergnebb,3200,deler av lokaliteten,1547,AUKRA,15,Møre og Romsdal,62.783417,6.92605,5,Stadt til Hustadvika,
33,2014,26795,Austvika,medikamentell,badebehandling,Deltamethrin,,,,deler av lokaliteten,1749,FLATANGER,17,Nord-Trøndelag,64.41853,10.696033,7,Nord-Trøndelag med Bindal,
33,2014,26795,Austvika,ikke-medikamentell,,,,,,deler av lokaliteten,1749,FLATANGER,17,Nord-Trøndelag,64.41853,10.696033,7,Nord-Trøndelag med Bindal,
33,2014,26795,Austvika,rensefisk,,,1694,Grøngylt,14611,deler av lokaliteten,1749,FLATANGER,17,Nord-Trøndelag,64.41853,10.696033,7,Nord-Trøndelag med Bindal,
33,2014,26795,Austvika,rensefisk,,,1691,Berggylt,2745,deler av lokaliteten,1749,FLATANGER,17,Nord-Trøndelag,64.41853,10.696033,7,Nord-Trøndelag med Bindal,
33,2014,31877,Barøya,rensefisk,,,1693,Bergnebb,5888,deler av lokaliteten,1703,NAMSOS,17,Nord-Trøndelag,64.6206,11.233183,7,Nord-Trøndelag med Bindal,
33,2014,31317,Bjørkvik,medikamentell,badebehandling,Deltamethrin,,,,hele lokaliteten,1850,TYSFJORD,18,Nordland,68.02925,16.131416,9,Vestfjorden og Vesterålen,
33,2014,24915,Bøbukta,rensefisk,,,2221,Rognkjeks (felles),11050,deler av lokaliteten,1815,VEGA,18,Nordland,65.66164,12.083917,8,Helgeland til Bodø,
33,2014,10256,Bondøya,rensefisk,,,1693,Bergnebb,16898,deler av lokaliteten,1750,VIKNA,17,Nord-Trøndelag,64.81715,10.7425,7,Nord-Trøndelag med Bindal,
33,2014,12237,Brudevika,rensefisk,,,1694,Grøngylt,3000,deler av lokaliteten,1511,VANYLVEN,15,Møre og Romsdal,62.116566,5.420717,5,Stadt til Hustadvika,
33,2014,12237,Brudevika,rensefisk,,,1693,Bergnebb,4542,deler av lokaliteten,1511,VANYLVEN,15,Møre og Romsdal,62.116566,5.420717,5,Stadt til Hustadvika,
33,2014,11087,Bukkøya Ø,medikamentell,badebehandling,Annet virkestoff,,,,deler av lokaliteten,1836,RØDØY,18,Nordland,66.64097,12.994583,8,Helgeland til Bodø,
33,2014,31137,Danielsnes,medikamentell,badebehandling,Deltamethrin,,,,deler av lokaliteten,2014,LOPPA,20,Finnmark,70.19172,22.321016,12,Vest-Finnmark,
33,2014,13229,Djupedalen,rensefisk,,,1692,Annen leppefisk,5574,deler av lokaliteten,1241,FUSA,12,Hordaland,60.230865,5.6733,3,Karmøy til Sotra,
33,2014,10110,Djupevik,rensefisk,,,1694,Grøngylt,2989,hele lokaliteten,1141,FINNØY,11,Rogaland,59.1474,5.863783,2,Ryfylke,
33,2014,10110,Djupevik,rensefisk,,,1691,Berggylt,811,hele lokaliteten,1141,FINNØY,11,Rogaland,59.1474,5.863783,2,Ryfylke,
33,2014,26595,Djupevika,rensefisk,,,1693,Bergnebb,3239,deler av lokaliteten,1223,TYSNES,12,Hordaland,60.035816,5.342217,3,Karmøy til Sotra,
33,2014,26595,Djupevika,rensefisk,,,1694,Grøngylt,11962,deler av lokaliteten,1223,TYSNES,12,Hordaland,60.035816,5.342217,3,Karmøy til Sotra,
33,2014,26595,Djupevika,rensefisk,,,1691,Berggylt,1043,deler av lokaliteten,1223,TYSNES,12,Hordaland,60.035816,5.342217,3,Karmøy til Sotra,
33,2014,26595,Djupevika,rensefisk,,,1692,Annen leppefisk,1750,deler av lokaliteten,1223,TYSNES,12,Hordaland,60.035816,5.342217,3,Karmøy til Sotra,
33,2014,13870,Eikebærånæ,rensefisk,,,1694,Grøngylt,4800,hele lokaliteten,1263,LINDÅS,12,Hordaland,60.563435,5.353017,4,Nordhordaland til Stadt,
33,2014,29537,Eldviktaren,ikke-medikamentell,,,,,,deler av lokaliteten,1749,FLATANGER,17,Nord-Trøndelag,64.454636,10.630717,7,Nord-Trøndelag med Bindal,
33,2014,29876,Flotaren,rensefisk,,,1693,Bergnebb,18666,hele lokaliteten,1749,FLATANGER,17,Nord-Trøndelag,64.52398,10.761667,7,Nord-Trøndelag med Bindal,
33,2014,31437,Fuglåsen,rensefisk,,,1691,Berggylt,433,deler av lokaliteten,1573,SMØLA,15,Møre og Romsdal,63.44715,8.167767,6,Nordmøre og Sør-Trøndelag,
33,2014,31437,Fuglåsen,rensefisk,,,1694,Grøngylt,2403,deler av lokaliteten,1573,SMØLA,15,Møre og Romsdal,63.44715,8.167767,6,Nordmøre og Sør-Trøndelag,
33,2014,11667,Gardskråneset,medikamentell,badebehandling,Azamethiphos,,,,hele lokaliteten,1259,ØYGARDEN,12,Hordaland,60.53972,4.903867,4,Nordhordaland til Stadt,
33,2014,11667,Gardskråneset,medikamentell,badebehandling,Deltamethrin,,,,hele lokaliteten,1259,ØYGARDEN,12,Hordaland,60.53972,4.903867,4,Nordhordaland til Stadt,
33,2014,10324,Gjerdeviksflua,rensefisk,,,1694,Grøngylt,4097,deler av lokaliteten,1241,FUSA,12,Hordaland,60.223083,5.641167,3,Karmøy til Sotra,
33,2014,12435,Grøttingsøy,medikamentell,badebehandling,Azamethiphos,,,,deler av lokaliteten,1620,FRØYA,16,Sør-Trøndelag,63.879684,8.543767,6,Nordmøre og Sør-Trøndelag,
33,2014,12435,Grøttingsøy,medikamentell,badebehandling,Deltamethrin,,,,deler av lokaliteten,1620,FRØYA,16,Sør-Trøndelag,63.879684,8.543767,6,Nordmøre og Sør-Trøndelag,
33,2014,17177,Grunneneset,medikamentell,badebehandling,Deltamethrin,,,,hele lokaliteten,1438,BREMANGER,14,Sogn og Fjordane,61.893116,5.35185,4,Nordhordaland til Stadt,
33,2014,17177,Grunneneset,medikamentell,badebehandling,Deltamethrin,,,,hele lokaliteten,1438,BREMANGER,14,Sogn og Fjordane,61.893116,5.35185,4,Nordhordaland til Stadt,
33,2014,17177,Grunneneset,medikamentell,badebehandling,Deltamethrin,,,,hele lokaliteten,1438,BREMANGER,14,Sogn og Fjordane,61.893116,5.35185,4,Nordhordaland til Stadt,
33,2014,17177,Grunneneset,medikamentell,badebehandling,Deltamethrin,,,,hele lokaliteten,1438,BREMANGER,14,Sogn og Fjordane,61.893116,5.35185,4,Nordhordaland til Stadt,
33,2014,17177,Grunneneset,medikamentell,badebehandling,Deltamethrin,,,,hele lokaliteten,1438,BREMANGER,14,Sogn og Fjordane,61.893116,5.35185,4,Nordhordaland til Stadt,
33,2014,12723,Gullholmen,rensefisk,,,1693,Bergnebb,10500,hele lokaliteten,1751,NÆRØY,17,Nord-Trøndelag,65.01716,11.724247,7,Nord-Trøndelag med Bindal,
33,2014,22596,Hesbygrunnen,rensefisk,,,1694,Grøngylt,975,hele lokaliteten,1141,FINNØY,11,Rogaland,59.195816,5.807883,2,Ryfylke,
33,2014,22596,Hesbygrunnen,rensefisk,,,1691,Berggylt,638,hele lokaliteten,1141,FINNØY,11,Rogaland,59.195816,5.807883,2,Ryfylke,
33,2014,33218,Hosenøyan,rensefisk,,,1694,Grøngylt,21447,hele lokaliteten,1630,ÅFJORD,16,Sør-Trøndelag,64.08567,9.883383,6,Nordmøre og Sør-Trøndelag,
33,2014,33218,Hosenøyan,rensefisk,,,1691,Berggylt,1126,hele lokaliteten,1630,ÅFJORD,16,Sør-Trøndelag,64.08567,9.883383,6,Nordmøre og Sør-Trøndelag,
33,2014,19939,Høysteinen,rensefisk,,,1694,Grøngylt,800,deler av lokaliteten,1224,KVINNHERAD,12,Hordaland,60.157417,6.050117,3,Karmøy til Sotra,
33,2014,25235,Humulen,rensefisk,,,1693,Bergnebb,28710,deler av lokaliteten,1750,VIKNA,17,Nord-Trøndelag,64.94607,11.370513,7,Nord-Trøndelag med Bindal,
33,2014,12599,Indre Skjervøy,rensefisk,,,2221,Rognkjeks (felles),2443,deler av lokaliteten,1633,OSEN,16,Sør-Trøndelag,64.2858,10.30905,6,Nordmøre og Sør-Trøndelag,
33,2014,14245,Jakobsteinsvika,rensefisk,,,2221,Rognkjeks (felles),23986,deler av lokaliteten,1755,LEKA,17,Nord-Trøndelag,65.11352,11.7929,7,Nord-Trøndelag med Bindal,
33,2014,15118,Kalvøya,rensefisk,,,1693,Bergnebb,2977,deler av lokaliteten,1834,LURØY,18,Nordland,66.39397,12.799817,8,Helgeland til Bodø,
33,2014,28976,Kelvesteinen,rensefisk,,,1694,Grøngylt,1775,deler av lokaliteten,1246,FJELL,12,Hordaland,60.4029,5.063717,3,Karmøy til Sotra,
33,2014,27015,Kjøsen,medikamentell,badebehandling,Deltamethrin,,,,deler av lokaliteten,2014,LOPPA,20,Finnmark,70.14118,22.245033,12,Vest-Finnmark,
33,2014,10113,Kobbavika,rensefisk,,,1694,Grøngylt,749,deler av lokaliteten,1141,FINNØY,11,Rogaland,59.12232,5.934433,2,Ryfylke,
33,2014,10113,Kobbavika,rensefisk,,,1691,Berggylt,73,deler av lokaliteten,1141,FINNØY,11,Rogaland,59.12232,5.934433,2,Ryfylke,
33,2014,11575,Koløy N,rensefisk,,,1694,Grøngylt,300,hele lokaliteten,1222,FITJAR,12,Hordaland,59.8616,5.288267,3,Karmøy til Sotra,
33,2014,11575,Koløy N,rensefisk,,,1693,Bergnebb,300,hele lokaliteten,1222,FITJAR,12,Hordaland,59.8616,5.288267,3,Karmøy til Sotra,
33,2014,11575,Koløy N,rensefisk,,,1691,Berggylt,400,hele lokaliteten,1222,FITJAR,12,Hordaland,59.8616,5.288267,3,Karmøy til Sotra,
33,2014,19195,Korsholman,rensefisk,,,1691,Berggylt,10000,deler av lokaliteten,1617,HITRA,16,Sør-Trøndelag,63.597218,8.51575,6,Nordmøre og Sør-Trøndelag,
33,2014,10224,Korsneset,rensefisk,,,1694,Grøngylt,558,deler av lokaliteten,1571,HALSA,15,Møre og Romsdal,63.14268,8.225383,6,Nordmøre og Sør-Trøndelag,
33,2014,10224,Korsneset,rensefisk,,,1691,Berggylt,487,deler av lokaliteten,1571,HALSA,15,Møre og Romsdal,63.14268,8.225383,6,Nordmøre og Sør-Trøndelag,
33,2014,32097,Korsneset 2,rensefisk,,,1693,Bergnebb,7896,deler av lokaliteten,1571,HALSA,15,Møre og Romsdal,63.14123,8.21375,6,Nordmøre og Sør-Trøndelag,
33,2014,11809,Krabbestig,rensefisk,,,1694,Grøngylt,9072,hele lokaliteten,1439,VÅGSØY,14,Sogn og Fjordane,61.894566,5.0616,4,Nordhordaland til Stadt,
33,2014,11809,Krabbestig,rensefisk,,,1691,Berggylt,5881,hele lokaliteten,1439,VÅGSØY,14,Sogn og Fjordane,61.894566,5.0616,4,Nordhordaland til Stadt,
33,2014,30297,Krabbholmen,rensefisk,,,1693,Bergnebb,3117,deler av lokaliteten,1630,ÅFJORD,16,Sør-Trøndelag,63.94438,9.880667,6,Nordmøre og Sør-Trøndelag,
33,2014,33177,Krabbholmen II,rensefisk,,,1693,Bergnebb,4584,deler av lokaliteten,1630,ÅFJORD,16,Sør-Trøndelag,63.9399,9.88575,6,Nordmøre og Sør-Trøndelag,
33,2014,12239,Kråknes,rensefisk,,,1694,Grøngylt,2014,hele lokaliteten,1547,AUKRA,15,Møre og Romsdal,62.83145,6.962733,5,Stadt til Hustadvika,
33,2014,12239,Kråknes,rensefisk,,,1693,Bergnebb,5624,hele lokaliteten,1547,AUKRA,15,Møre og Romsdal,62.83145,6.962733,5,Stadt til Hustadvika,
33,2014,12239,Kråknes,rensefisk,,,1691,Berggylt,162,hele lokaliteten,1547,AUKRA,15,Møre og Romsdal,62.83145,6.962733,5,Stadt til Hustadvika,
33,2014,12652,Kråkøya,rensefisk,,,1693,Bergnebb,2066,deler av lokaliteten,1750,VIKNA,17,Nord-Trøndelag,65.00383,11.041483,7,Nord-Trøndelag med Bindal,
33,2014,22775,Kvaløya,rensefisk,,,1693,Bergnebb,15709,hele lokaliteten,1750,VIKNA,17,Nord-Trøndelag,65.001915,11.058617,7,Nord-Trøndelag med Bindal,
33,2014,12213,Kvangardsnes,rensefisk,,,1694,Grøngylt,1788,hele lokaliteten,1519,VOLDA,15,Møre og Romsdal,62.145317,5.94545,5,Stadt til Hustadvika,
33,2014,12213,Kvangardsnes,rensefisk,,,1691,Berggylt,2625,hele lokaliteten,1519,VOLDA,15,Møre og Romsdal,62.145317,5.94545,5,Stadt til Hustadvika,
33,2014,24975,Kvernavika,rensefisk,,,1694,Grøngylt,2250,deler av lokaliteten,1223,TYSNES,12,Hordaland,60.069283,5.351183,3,Karmøy til Sotra,
33,2014,24975,Kvernavika,rensefisk,,,1691,Berggylt,449,deler av lokaliteten,1223,TYSNES,12,Hordaland,60.069283,5.351183,3,Karmøy til Sotra,
33,2014,24975,Kvernavika,rensefisk,,,1693,Bergnebb,383,deler av lokaliteten,1223,TYSNES,12,Hordaland,60.069283,5.351183,3,Karmøy til Sotra,
33,2014,30076,Kyrøyene,medikamentell,badebehandling,Hydrogenperoksid,,,,deler av lokaliteten,1750,VIKNA,17,Nord-Trøndelag,64.7635,10.807333,7,Nord-Trøndelag med Bindal,
33,2014,11116,Langholmen,medikamentell,badebehandling,Azamethiphos,,,,deler av lokaliteten,1838,GILDESKÅL,18,Nordland,67.05762,14.025033,8,Helgeland til Bodø,
33,2014,24715,Langholmen,medikamentell,badebehandling,Deltamethrin,,,,deler av lokaliteten,1141,FINNØY,11,Rogaland,59.097282,5.835917,2,Ryfylke,
33,2014,11116,Langholmen,medikamentell,badebehandling,Deltamethrin,,,,deler av lokaliteten,1838,GILDESKÅL,18,Nordland,67.05762,14.025033,8,Helgeland til Bodø,
33,2014,24715,Langholmen,ikke-medikamentell,,,,,,deler av lokaliteten,1141,FINNØY,11,Rogaland,59.097282,5.835917,2,Ryfylke,
33,2014,13055,Langøyna Ø,rensefisk,,,1693,Bergnebb,19867,hele lokaliteten,1146,TYSVÆR,11,Rogaland,59.2983,5.713333,2,Ryfylke,
33,2014,20559,Langskjæra,medikamentell,badebehandling,Hydrogenperoksid,,,,hele lokaliteten,1620,FRØYA,16,Sør-Trøndelag,63.8225,8.75505,6,Nordmøre og Sør-Trøndelag,
33,2014,26675,Leirhholmen,rensefisk,,,1693,Bergnebb,17400,deler av lokaliteten,1834,LURØY,18,Nordland,66.3565,12.530117,8,Helgeland til Bodø,
33,2014,14076,Lismåsøy,rensefisk,,,1693,Bergnebb,10529,deler av lokaliteten,1813,BRØNNØY,18,Nordland,65.4933,12.169217,8,Helgeland til Bodø,
33,2014,28996,Loddetå,medikamentell,badebehandling,Deltamethrin,,,,deler av lokaliteten,1216,SVEIO,12,Hordaland,59.691643,5.54298,3,Karmøy til Sotra,
33,2014,13549,Løypingneset,rensefisk,,,2221,Rognkjeks (felles),15000,hele lokaliteten,1438,BREMANGER,14,Sogn og Fjordane,61.819534,5.247667,4,Nordhordaland til Stadt,
33,2014,13549,Løypingneset,rensefisk,,,1691,Berggylt,6000,hele lokaliteten,1438,BREMANGER,14,Sogn og Fjordane,61.819534,5.247667,4,Nordhordaland til Stadt,
33,2014,15516,Mårøyfjord,medikamentell,badebehandling,Deltamethrin,,,,deler av lokaliteten,2022,LEBESBY,20,Finnmark,70.737236,27.317183,12,Vest-Finnmark,
33,2014,26315,Nordgjæslingan,medikamentell,badebehandling,Hydrogenperoksid,,,,hele lokaliteten,1750,VIKNA,17,Nord-Trøndelag,64.7659,10.9128,7,Nord-Trøndelag med Bindal,
33,2014,10181,Oksebåsen V,rensefisk,,,1694,Grøngylt,14265,deler av lokaliteten,1532,GISKE,15,Møre og Romsdal,62.5174,6.15805,5,Stadt til Hustadvika,
33,2014,10181,Oksebåsen V,rensefisk,,,1691,Berggylt,330,deler av lokaliteten,1532,GISKE,15,Møre og Romsdal,62.5174,6.15805,5,Stadt til Hustadvika,
33,2014,31697,Oksen,medikamentell,badebehandling,Deltamethrin,,,,deler av lokaliteten,1246,FJELL,12,Hordaland,60.43382,4.9411,3,Karmøy til Sotra,
33,2014,31697,Oksen,ikke-medikamentell,,,,,,deler av lokaliteten,1246,FJELL,12,Hordaland,60.43382,4.9411,3,Karmøy til Sotra,
33,2014,14019,Øksningen,ikke-medikamentell,,,,,,hele lokaliteten,1811,BINDAL,18,Nordland,65.13924,12.31975,7,Nord-Trøndelag med Bindal,
33,2014,10795,Olaneset,medikamentell,badebehandling,Deltamethrin,,,,hele lokaliteten,2014,LOPPA,20,Finnmark,70.2122,22.2785,12,Vest-Finnmark,
33,2014,33737,Olausskjæret,rensefisk,,,1691,Berggylt,148,deler av lokaliteten,1620,FRØYA,16,Sør-Trøndelag,63.790466,8.502083,6,Nordmøre og Sør-Trøndelag,
33,2014,13888,Osholmen,rensefisk,,,1693,Bergnebb,10777,deler av lokaliteten,1617,HITRA,16,Sør-Trøndelag,63.6617,9.136383,6,Nordmøre og Sør-Trøndelag,
33,2014,13565,Øvreås,medikamentell,badebehandling,Azamethiphos,,,,deler av lokaliteten,1263,LINDÅS,12,Hordaland,60.67298,5.397417,4,Nordhordaland til Stadt,
33,2014,13565,Øvreås,medikamentell,badebehandling,Deltamethrin,,,,deler av lokaliteten,1263,LINDÅS,12,Hordaland,60.67298,5.397417,4,Nordhordaland til Stadt,
33,2014,33417,Persflua,rensefisk,,,1694,Grøngylt,436,deler av lokaliteten,1627,BJUGN,16,Sør-Trøndelag,63.91345,9.826433,6,Nordmøre og Sør-Trøndelag,
33,2014,33417,Persflua,rensefisk,,,1693,Bergnebb,17738,deler av lokaliteten,1627,BJUGN,16,Sør-Trøndelag,63.91345,9.826433,6,Nordmøre og Sør-Trøndelag,
33,2014,33417,Persflua,rensefisk,,,1691,Berggylt,221,deler av lokaliteten,1627,BJUGN,16,Sør-Trøndelag,63.91345,9.826433,6,Nordmøre og Sør-Trøndelag,
33,2014,11972,Prestholmane,rensefisk,,,1694,Grøngylt,11512,hele lokaliteten,1141,FINNØY,11,Rogaland,59.11717,5.844433,2,Ryfylke,
33,2014,29116,Reiråklakken,rensefisk,,,1694,Grøngylt,549,deler av lokaliteten,1573,SMØLA,15,Møre og Romsdal,63.450333,8.167717,6,Nordmøre og Sør-Trøndelag,
33,2014,29116,Reiråklakken,rensefisk,,,1691,Berggylt,91,deler av lokaliteten,1573,SMØLA,15,Møre og Romsdal,63.450333,8.167717,6,Nordmøre og Sør-Trøndelag,
33,2014,30657,Revøy,rensefisk,,,1693,Bergnebb,16000,hele lokaliteten,1032,LYNGDAL,10,Vest-Agder,58.0243,7.0268,1,Svenskegrensen til Jæren,
33,2014,12281,Rogne,medikamentell,badebehandling,Azamethiphos,,,,deler av lokaliteten,1534,HARAM,15,Møre og Romsdal,62.667816,6.357217,5,Stadt til Hustadvika,
33,2014,12281,Rogne,medikamentell,badebehandling,Deltamethrin,,,,deler av lokaliteten,1534,HARAM,15,Møre og Romsdal,62.667816,6.357217,5,Stadt til Hustadvika,
33,2014,12209,Rønstad,medikamentell,badebehandling,Deltamethrin,,,,deler av lokaliteten,1519,VOLDA,15,Møre og Romsdal,62.135117,6.021433,5,Stadt til Hustadvika,
33,2014,12298,Røysa,medikamentell,badebehandling,Azamethiphos,,,,hele lokaliteten,1532,GISKE,15,Møre og Romsdal,62.55078,6.141583,5,Stadt til Hustadvika,
33,2014,12298,Røysa,medikamentell,badebehandling,Deltamethrin,,,,hele lokaliteten,1532,GISKE,15,Møre og Romsdal,62.55078,6.141583,5,Stadt til Hustadvika,
33,2014,12298,Røysa,rensefisk,,,1694,Grøngylt,2657,deler av lokaliteten,1532,GISKE,15,Møre og Romsdal,62.55078,6.141583,5,Stadt til Hustadvika,
33,2014,13748,Saltkjelvika,rensefisk,,,1693,Bergnebb,6143,hele lokaliteten,1703,NAMSOS,17,Nord-Trøndelag,64.59852,11.266067,7,Nord-Trøndelag med Bindal,
33,2014,12884,Sandnesbukta,medikamentell,badebehandling,Deltamethrin,,,,hele lokaliteten,1543,NESSET,15,Møre og Romsdal,62.7369,7.8775,5,Stadt til Hustadvika,
33,2014,33017,Setevika Nord,rensefisk,,,1694,Grøngylt,4059,deler av lokaliteten,1545,MIDSUND,15,Møre og Romsdal,62.73835,6.937667,5,Stadt til Hustadvika,
33,2014,33017,Setevika Nord,rensefisk,,,1693,Bergnebb,1055,deler av lokaliteten,1545,MIDSUND,15,Møre og Romsdal,62.73835,6.937667,5,Stadt til Hustadvika,
33,2014,24115,Singsholmen,medikamentell,badebehandling,Hydrogenperoksid,,,,deler av lokaliteten,1617,HITRA,16,Sør-Trøndelag,63.41975,8.411617,6,Nordmøre og Sør-Trøndelag,
33,2014,26738,Skiftesvika,rensefisk,,,1694,Grøngylt,410,deler av lokaliteten,1141,FINNØY,11,Rogaland,59.167885,5.920667,2,Ryfylke,
33,2014,26738,Skiftesvika,rensefisk,,,1691,Berggylt,90,deler av lokaliteten,1141,FINNØY,11,Rogaland,59.167885,5.920667,2,Ryfylke,
33,2014,33157,Skogsholmen,medikamentell,fôrbehandling,Annet virkestoff,,,,hele lokaliteten,1815,VEGA,18,Nordland,65.81475,12.070533,8,Helgeland til Bodø,
33,2014,33157,Skogsholmen,rensefisk,,,1693,Bergnebb,15777,hele lokaliteten,1815,VEGA,18,Nordland,65.81475,12.070533,8,Helgeland til Bodø,
33,2014,11737,Skorpa,medikamentell,badebehandling,Deltamethrin,,,,hele lokaliteten,1411,GULEN,14,Sogn og Fjordane,60.944233,4.882817,4,Nordhordaland til Stadt,
33,2014,28316,Slåttøya,rensefisk,,,1693,Bergnebb,10249,hele lokaliteten,1630,ÅFJORD,16,Sør-Trøndelag,63.995033,9.871283,6,Nordmøre og Sør-Trøndelag,
33,2014,27436,Solværet,rensefisk,,,1693,Bergnebb,792,deler av lokaliteten,1573,SMØLA,15,Møre og Romsdal,63.255,7.856933,6,Nordmøre og Sør-Trøndelag,
33,2014,28896,Stangholmen,medikamentell,badebehandling,Annet virkestoff,,,,deler av lokaliteten,1836,RØDØY,18,Nordland,66.61818,12.955187,8,Helgeland til Bodø,
33,2014,28896,Stangholmen,medikamentell,badebehandling,Annet virkestoff,,,,deler av lokaliteten,1836,RØDØY,18,Nordland,66.61818,12.955187,8,Helgeland til Bodø,
33,2014,28896,Stangholmen,medikamentell,badebehandling,Annet virkestoff,,,,deler av lokaliteten,1836,RØDØY,18,Nordland,66.61818,12.955187,8,Helgeland til Bodø,
33,2014,28896,Stangholmen,medikamentell,badebehandling,Annet virkestoff,,,,deler av lokaliteten,1836,RØDØY,18,Nordland,66.61818,12.955187,8,Helgeland til Bodø,
33,2014,10825,Steinviknes,medikamentell,badebehandling,Deltamethrin,,,,deler av lokaliteten,2014,LOPPA,20,Finnmark,70.1517,22.312668,12,Vest-Finnmark,
33,2014,10875,Storurdvika,rensefisk,,,1693,Bergnebb,5925,hele lokaliteten,1816,VEVELSTAD,18,Nordland,65.7337,12.5357,8,Helgeland til Bodø,
33,2014,12268,Terningen,rensefisk,,,1691,Berggylt,457,deler av lokaliteten,1545,MIDSUND,15,Møre og Romsdal,62.6431,6.54805,5,Stadt til Hustadvika,
33,2014,12268,Terningen,rensefisk,,,1694,Grøngylt,7000,deler av lokaliteten,1545,MIDSUND,15,Møre og Romsdal,62.6431,6.54805,5,Stadt til Hustadvika,
33,2014,10054,Tobbeholmane,rensefisk,,,1694,Grøngylt,603,deler av lokaliteten,1244,AUSTEVOLL,12,Hordaland,60.02432,5.30815,3,Karmøy til Sotra,
33,2014,30560,Tristeinen,medikamentell,badebehandling,Azamethiphos,,,,deler av lokaliteten,1627,BJUGN,16,Sør-Trøndelag,63.86895,9.6204,6,Nordmøre og Sør-Trøndelag,
33,2014,30560,Tristeinen,medikamentell,badebehandling,Cypermethrin,,,,deler av lokaliteten,1627,BJUGN,16,Sør-Trøndelag,63.86895,9.6204,6,Nordmøre og Sør-Trøndelag,
33,2014,30560,Tristeinen,rensefisk,,,1693,Bergnebb,15396,hele lokaliteten,1627,BJUGN,16,Sør-Trøndelag,63.86895,9.6204,6,Nordmøre og Sør-Trøndelag,
33,2014,11533,Usholmsvika,rensefisk,,,1692,Annen leppefisk,5820,hele lokaliteten,1245,SUND,12,Hordaland,60.1749,5.0917,3,Karmøy til Sotra,
33,2014,31557,Valøyan,ikke-medikamentell,,,,,,hele lokaliteten,1620,FRØYA,16,Sør-Trøndelag,63.81735,8.462483,6,Nordmøre og Sør-Trøndelag,
33,2014,10968,Vardskjær Ø,rensefisk,,,1693,Bergnebb,6599,hele lokaliteten,1834,LURØY,18,Nordland,66.35845,12.485017,8,Helgeland til Bodø,
33,2014,32337,Veiesund,medikamentell,badebehandling,Azamethiphos,,,,deler av lokaliteten,1401,FLORA,14,Sogn og Fjordane,61.572067,5.0466,4,Nordhordaland til Stadt,
33,2014,32337,Veiesund,medikamentell,badebehandling,Deltamethrin,,,,deler av lokaliteten,1401,FLORA,14,Sogn og Fjordane,61.572067,5.0466,4,Nordhordaland til Stadt,
32,2014,12067,Aldalen,rensefisk,,,1694,Grøngylt,3248,deler av lokaliteten,1243,OS I HORDALAND,12,Hordaland,60.24995,5.571917,3,Karmøy til Sotra,
32,2014,11756,Allersholmen,medikamentell,fôrbehandling,Emamectin benzoat,,,,hele lokaliteten,1264,AUSTRHEIM,12,Hordaland,60.77465,4.8536,4,Nordhordaland til Stadt,
32,2014,11756,Allersholmen,medikamentell,fôrbehandling,Emamectin benzoat,,,,hele lokaliteten,1264,AUSTRHEIM,12,Hordaland,60.77465,4.8536,4,Nordhordaland til Stadt,
32,2014,24695,Årnes,rensefisk,,,1693,Bergnebb,7635,deler av lokaliteten,1703,NAMSOS,17,Nord-Trøndelag,64.5961,11.273417,7,Nord-Trøndelag med Bindal,
32,2014,26795,Austvika,medikamentell,badebehandling,Azamethiphos,,,,deler av lokaliteten,1749,FLATANGER,17,Nord-Trøndelag,64.41853,10.696033,7,Nord-Trøndelag med Bindal,
32,2014,26795,Austvika,medikamentell,badebehandling,Deltamethrin,,,,deler av lokaliteten,1749,FLATANGER,17,Nord-Trøndelag,64.41853,10.696033,7,Nord-Trøndelag med Bindal,
32,2014,26795,Austvika,ikke-medikamentell,,,,,,deler av lokaliteten,1749,FLATANGER,17,Nord-Trøndelag,64.41853,10.696033,7,Nord-Trøndelag med Bindal,
32,2014,31877,Barøya,rensefisk,,,1693,Bergnebb,6487,deler av lokaliteten,1703,NAMSOS,17,Nord-Trøndelag,64.6206,11.233183,7,Nord-Trøndelag med Bindal,
32,2014,11930,Bjelkavik,rensefisk,,,1691,Berggylt,156,deler av lokaliteten,1134,SULDAL,11,Rogaland,59.45165,5.991917,2,Ryfylke,
32,2014,11930,Bjelkavik,rensefisk,,,1694,Grøngylt,853,deler av lokaliteten,1134,SULDAL,11,Rogaland,59.45165,5.991917,2,Ryfylke,
32,2014,10212,Bogen,rensefisk,,,1693,Bergnebb,6300,deler av lokaliteten,1505,KRISTIANSUND,15,Møre og Romsdal,63.077667,7.90345,6,Nordmøre og Sør-Trøndelag,
32,2014,10256,Bondøya,rensefisk,,,1693,Bergnebb,13836,deler av lokaliteten,1750,VIKNA,17,Nord-Trøndelag,64.81715,10.7425,7,Nord-Trøndelag med Bindal,
32,2014,11015,Brattholmen,ikke-medikamentell,,,,,,hele lokaliteten,1818,HERØY I NORDLAND,18,Nordland,65.90735,12.220967,8,Helgeland til Bodø,
32,2014,12594,Breidvika,rensefisk,,,1691,Berggylt,3949,hele lokaliteten,1633,OSEN,16,Sør-Trøndelag,64.295364,10.397483,6,Nordmøre og Sør-Trøndelag,
32,2014,10223,Bremnessvaet,rensefisk,,,1694,Grøngylt,44,deler av lokaliteten,1573,SMØLA,15,Møre og Romsdal,63.39795,8.214317,6,Nordmøre og Sør-Trøndelag,
32,2014,10223,Bremnessvaet,rensefisk,,,1693,Bergnebb,3215,deler av lokaliteten,1573,SMØLA,15,Møre og Romsdal,63.39795,8.214317,6,Nordmøre og Sør-Trøndelag,
32,2014,10223,Bremnessvaet,rensefisk,,,1691,Berggylt,27,deler av lokaliteten,1573,SMØLA,15,Møre og Romsdal,63.39795,8.214317,6,Nordmøre og Sør-Trøndelag,
32,2014,12237,Brudevika,rensefisk,,,1694,Grøngylt,2050,deler av lokaliteten,1511,VANYLVEN,15,Møre og Romsdal,62.116566,5.420717,5,Stadt til Hustadvika,
32,2014,12237,Brudevika,rensefisk,,,1693,Bergnebb,2720,deler av lokaliteten,1511,VANYLVEN,15,Møre og Romsdal,62.116566,5.420717,5,Stadt til Hustadvika,
32,2014,13229,Djupedalen,rensefisk,,,1692,Annen leppefisk,1560,deler av lokaliteten,1241,FUSA,12,Hordaland,60.230865,5.6733,3,Karmøy til Sotra,
32,2014,10110,Djupevik,rensefisk,,,1694,Grøngylt,544,deler av lokaliteten,1141,FINNØY,11,Rogaland,59.1474,5.863783,2,Ryfylke,
32,2014,10110,Djupevik,rensefisk,,,1691,Berggylt,53,deler av lokaliteten,1141,FINNØY,11,Rogaland,59.1474,5.863783,2,Ryfylke,
32,2014,26595,Djupevika,rensefisk,,,1692,Annen leppefisk,956,deler av lokaliteten,1223,TYSNES,12,Hordaland,60.035816,5.342217,3,Karmøy til Sotra,
32,2014,26595,Djupevika,rensefisk,,,1691,Berggylt,727,deler av lokaliteten,1223,TYSNES,12,Hordaland,60.035816,5.342217,3,Karmøy til Sotra,
32,2014,26595,Djupevika,rensefisk,,,1694,Grøngylt,8616,deler av lokaliteten,1223,TYSNES,12,Hordaland,60.035816,5.342217,3,Karmøy til Sotra,
32,2014,26595,Djupevika,rensefisk,,,1693,Bergnebb,718,deler av lokaliteten,1223,TYSNES,12,Hordaland,60.035816,5.342217,3,Karmøy til Sotra,
32,2014,32197,Dryna,rensefisk,,,1694,Grøngylt,4104,deler av lokaliteten,1545,MIDSUND,15,Møre og Romsdal,62.6444,6.5568,5,Stadt til Hustadvika,
32,2014,32197,Dryna,rensefisk,,,1691,Berggylt,285,deler av lokaliteten,1545,MIDSUND,15,Møre og Romsdal,62.6444,6.5568,5,Stadt til Hustadvika,
32,2014,32597,Fjordprakken,rensefisk,,,1694,Grøngylt,4834,deler av lokaliteten,1573,SMØLA,15,Møre og Romsdal,63.256516,7.928067,6,Nordmøre og Sør-Trøndelag,
32,2014,32597,Fjordprakken,rensefisk,,,1691,Berggylt,1228,deler av lokaliteten,1573,SMØLA,15,Møre og Romsdal,63.256516,7.928067,6,Nordmøre og Sør-Trøndelag,
32,2014,19336,Flatholmen,rensefisk,,,1691,Berggylt,411,deler av lokaliteten,1106,HAUGESUND,11,Rogaland,59.4293,5.114483,3,Karmøy til Sotra,
32,2014,19336,Flatholmen,rensefisk,,,1694,Grøngylt,2243,deler av lokaliteten,1106,HAUGESUND,11,Rogaland,59.4293,5.114483,3,Karmøy til Sotra,
32,2014,29876,Flotaren,rensefisk,,,1693,Bergnebb,18666,hele lokaliteten,1749,FLATANGER,17,Nord-Trøndelag,64.52398,10.761667,7,Nord-Trøndelag med Bindal,
32,2014,11893,Fosså,rensefisk,,,1693,Bergnebb,11810,hele lokaliteten,1133,HJELMELAND,11,Rogaland,59.2699,6.14295,2,Ryfylke,
32,2014,31357,Geitryggen,rensefisk,,,222120,Rognkjeks (hun),20215,deler av lokaliteten,1751,NÆRØY,17,Nord-Trøndelag,64.75085,11.189033,7,Nord-Trøndelag med Bindal,
32,2014,24315,Gjæsingen,rensefisk,,,1691,Berggylt,858,deler av lokaliteten,1630,ÅFJORD,16,Sør-Trøndelag,64.117615,9.981417,6,Nordmøre og Sør-Trøndelag,
32,2014,24315,Gjæsingen,rensefisk,,,1694,Grøngylt,38098,deler av lokaliteten,1630,ÅFJORD,16,Sør-Trøndelag,64.117615,9.981417,6,Nordmøre og Sør-Trøndelag,
32,2014,10324,Gjerdeviksflua,rensefisk,,,1694,Grøngylt,1029,deler av lokaliteten,1241,FUSA,12,Hordaland,60.223083,5.641167,3,Karmøy til Sotra,
32,2014,12714,Gjerdinga,rensefisk,,,2221,Rognkjeks (felles),9750,deler av lokaliteten,1751,NÆRØY,17,Nord-Trøndelag,64.9464,11.4623,7,Nord-Trøndelag med Bindal,
32,2014,10318,Gulestø,rensefisk,,,1694,Grøngylt,4921,deler av lokaliteten,1438,BREMANGER,14,Sogn og Fjordane,61.75802,5.069883,4,Nordhordaland til Stadt,
32,2014,11740,Haverøy,rensefisk,,,1693,Bergnebb,1303,hele lokaliteten,1246,FJELL,12,Hordaland,60.404766,4.93995,3,Karmøy til Sotra,
32,2014,11740,Haverøy,rensefisk,,,1691,Berggylt,100,hele lokaliteten,1246,FJELL,12,Hordaland,60.404766,4.93995,3,Karmøy til Sotra,
32,2014,30897,Havsundet,rensefisk,,,1694,Grøngylt,393,hele lokaliteten,1627,BJUGN,16,Sør-Trøndelag,63.799534,9.440667,6,Nordmøre og Sør-Trøndelag,
32,2014,30897,Havsundet,rensefisk,,,1693,Bergnebb,12430,hele lokaliteten,1627,BJUGN,16,Sør-Trøndelag,63.799534,9.440667,6,Nordmøre og Sør-Trøndelag,
32,2014,30897,Havsundet,rensefisk,,,1691,Berggylt,265,hele lokaliteten,1627,BJUGN,16,Sør-Trøndelag,63.799534,9.440667,6,Nordmøre og Sør-Trøndelag,
32,2014,11920,Herøy,rensefisk,,,1694,Grøngylt,3097,deler av lokaliteten,1160,VINDAFJORD,11,Rogaland,59.4664,6.0262,2,Ryfylke,
32,2014,11920,Herøy,rensefisk,,,1691,Berggylt,1847,deler av lokaliteten,1160,VINDAFJORD,11,Rogaland,59.4664,6.0262,2,Ryfylke,
32,2014,22596,Hesbygrunnen,rensefisk,,,1694,Grøngylt,305,hele lokaliteten,1141,FINNØY,11,Rogaland,59.195816,5.807883,2,Ryfylke,
32,2014,22596,Hesbygrunnen,rensefisk,,,1691,Berggylt,212,hele lokaliteten,1141,FINNØY,11,Rogaland,59.195816,5.807883,2,Ryfylke,
32,2014,33797,Hidlekjerringa,rensefisk,,,1694,Grøngylt,50707,hele lokaliteten,1130,STRAND,11,Rogaland,59.067284,5.839383,2,Ryfylke,
32,2014,12036,Hisdalen,rensefisk,,,1694,Grøngylt,2728,deler av lokaliteten,1224,KVINNHERAD,12,Hordaland,60.12602,5.931333,3,Karmøy til Sotra,
32,2014,11571,Holevik,rensefisk,,,1693,Bergnebb,4800,deler av lokaliteten,1219,BØMLO,12,Hordaland,59.776585,5.321817,3,Karmøy til Sotra,
32,2014,25235,Humulen,medikamentell,fôrbehandling,Emamectin benzoat,,,,deler av lokaliteten,1750,VIKNA,17,Nord-Trøndelag,64.94607,11.370513,7,Nord-Trøndelag med Bindal,
32,2014,10240,Ilsøya Ø,medikamentell,badebehandling,Hydrogenperoksid,,,,deler av lokaliteten,1617,HITRA,16,Sør-Trøndelag,63.651974,8.88687,6,Nordmøre og Sør-Trøndelag,
32,2014,12599,Indre Skjervøy,rensefisk,,,1693,Bergnebb,10534,deler av lokaliteten,1633,OSEN,16,Sør-Trøndelag,64.2858,10.30905,6,Nordmøre og Sør-Trøndelag,
32,2014,12224,Isane,rensefisk,,,169520,Rødnebb,645,hele lokaliteten,1438,BREMANGER,14,Sogn og Fjordane,61.876534,5.722767,4,Nordhordaland til Stadt,
32,2014,12224,Isane,rensefisk,,,1694,Grøngylt,845,hele lokaliteten,1438,BREMANGER,14,Sogn og Fjordane,61.876534,5.722767,4,Nordhordaland til Stadt,
32,2014,12224,Isane,rensefisk,,,1691,Berggylt,1355,hele lokaliteten,1438,BREMANGER,14,Sogn og Fjordane,61.876534,5.722767,4,Nordhordaland til Stadt,
32,2014,15118,Kalvøya,rensefisk,,,1693,Bergnebb,268,deler av lokaliteten,1834,LURØY,18,Nordland,66.39397,12.799817,8,Helgeland til Bodø,
32,2014,30437,Kattholmen II,rensefisk,,,1691,Berggylt,15,deler av lokaliteten,1620,FRØYA,16,Sør-Trøndelag,63.8661,8.675683,6,Nordmøre og Sør-Trøndelag,
32,2014,30437,Kattholmen II,rensefisk,,,1693,Bergnebb,386,deler av lokaliteten,1620,FRØYA,16,Sør-Trøndelag,63.8661,8.675683,6,Nordmøre og Sør-Trøndelag,
32,2014,13225,Kilaneset,rensefisk,,,1691,Berggylt,48,hele lokaliteten,1134,SULDAL,11,Rogaland,59.31335,6.2672,2,Ryfylke,
32,2014,13225,Kilaneset,rensefisk,,,1694,Grøngylt,35501,hele lokaliteten,1134,SULDAL,11,Rogaland,59.31335,6.2672,2,Ryfylke,
32,2014,18755,Klungset,ikke-medikamentell,,,,,,deler av lokaliteten,1751,NÆRØY,17,Nord-Trøndelag,64.74997,11.394183,7,Nord-Trøndelag med Bindal,
32,2014,10113,Kobbavika,rensefisk,,,1694,Grøngylt,2388,deler av lokaliteten,1141,FINNØY,11,Rogaland,59.12232,5.934433,2,Ryfylke,
32,2014,10113,Kobbavika,rensefisk,,,1691,Berggylt,605,deler av lokaliteten,1141,FINNØY,11,Rogaland,59.12232,5.934433,2,Ryfylke,
32,2014,13764,Kokvika,rensefisk,,,1693,Bergnebb,26397,deler av lokaliteten,1834,LURØY,18,Nordland,66.41282,12.956867,8,Helgeland til Bodø,
32,2014,12855,Kornstad,rensefisk,,,1693,Bergnebb,13479,hele lokaliteten,1554,AVERØY,15,Møre og Romsdal,62.960384,7.45015,6,Nordmøre og Sør-Trøndelag,
32,2014,19195,Korsholman,rensefisk,,,1694,Grøngylt,6000,deler av lokaliteten,1617,HITRA,16,Sør-Trøndelag,63.597218,8.51575,6,Nordmøre og Sør-Trøndelag,
32,2014,19195,Korsholman,rensefisk,,,1691,Berggylt,3322,deler av lokaliteten,1617,HITRA,16,Sør-Trøndelag,63.597218,8.51575,6,Nordmøre og Sør-Trøndelag,
32,2014,10224,Korsneset,rensefisk,,,1694,Grøngylt,130,deler av lokaliteten,1571,HALSA,15,Møre og Romsdal,63.14268,8.225383,6,Nordmøre og Sør-Trøndelag,
32,2014,32097,Korsneset 2,rensefisk,,,1693,Bergnebb,1151,deler av lokaliteten,1571,HALSA,15,Møre og Romsdal,63.14123,8.21375,6,Nordmøre og Sør-Trøndelag,
32,2014,30297,Krabbholmen,rensefisk,,,1693,Bergnebb,6388,deler av lokaliteten,1630,ÅFJORD,16,Sør-Trøndelag,63.94438,9.880667,6,Nordmøre og Sør-Trøndelag,
32,2014,33177,Krabbholmen II,rensefisk,,,1693,Bergnebb,5783,deler av lokaliteten,1630,ÅFJORD,16,Sør-Trøndelag,63.9399,9.88575,6,Nordmøre og Sør-Trøndelag,
32,2014,12239,Kråknes,rensefisk,,,1694,Grøngylt,345,deler av lokaliteten,1547,AUKRA,15,Møre og Romsdal,62.83145,6.962733,5,Stadt til Hustadvika,
32,2014,12239,Kråknes,rensefisk,,,1693,Bergnebb,5525,deler av lokaliteten,1547,AUKRA,15,Møre og Romsdal,62.83145,6.962733,5,Stadt til Hustadvika,
32,2014,12239,Kråknes,rensefisk,,,1691,Berggylt,129,deler av lokaliteten,1547,AUKRA,15,Møre og Romsdal,62.83145,6.962733,5,Stadt til Hustadvika,
32,2014,12213,Kvangardsnes,rensefisk,,,1694,Grøngylt,4548,hele lokaliteten,1519,VOLDA,15,Møre og Romsdal,62.145317,5.94545,5,Stadt til Hustadvika,
32,2014,12213,Kvangardsnes,rensefisk,,,1691,Berggylt,8875,hele lokaliteten,1519,VOLDA,15,Møre og Romsdal,62.145317,5.94545,5,Stadt til Hustadvika,
32,2014,24975,Kvernavika,rensefisk,,,1693,Bergnebb,2856,deler av lokaliteten,1223,TYSNES,12,Hordaland,60.069283,5.351183,3,Karmøy til Sotra,
32,2014,24975,Kvernavika,rensefisk,,,1694,Grøngylt,9774,deler av lokaliteten,1223,TYSNES,12,Hordaland,60.069283,5.351183,3,Karmøy til Sotra,
32,2014,30216,Kvitfloget,medikamentell,badebehandling,Deltamethrin,,,,deler av lokaliteten,1927,TRANØY,19,Troms,69.14633,17.646017,10,Andøya til Senja,
32,2014,30076,Kyrøyene,ikke-medikamentell,,,,,,deler av lokaliteten,1750,VIKNA,17,Nord-Trøndelag,64.7635,10.807333,7,Nord-Trøndelag med Bindal,
32,2014,26675,Leirhholmen,rensefisk,,,1693,Bergnebb,478,deler av lokaliteten,1834,LURØY,18,Nordland,66.3565,12.530117,8,Helgeland til Bodø,
32,2014,12392,Lille Torsøy,rensefisk,,,1694,Grøngylt,210,deler av lokaliteten,1617,HITRA,16,Sør-Trøndelag,63.605633,8.48855,6,Nordmøre og Sør-Trøndelag,
32,2014,12392,Lille Torsøy,rensefisk,,,1693,Bergnebb,3632,deler av lokaliteten,1617,HITRA,16,Sør-Trøndelag,63.605633,8.48855,6,Nordmøre og Sør-Trøndelag,
32,2014,12392,Lille Torsøy,rensefisk,,,1691,Berggylt,1545,deler av lokaliteten,1617,HITRA,16,Sør-Trøndelag,63.605633,8.48855,6,Nordmøre og Sør-Trøndelag,
32,2014,12966,Lindvik,rensefisk,,,1694,Grøngylt,6234,deler av lokaliteten,1160,VINDAFJORD,11,Rogaland,59.4752,5.978667,2,Ryfylke,
32,2014,12966,Lindvik,rensefisk,,,1691,Berggylt,2009,deler av lokaliteten,1160,VINDAFJORD,11,Rogaland,59.4752,5.978667,2,Ryfylke,
32,2014,29996,Linesvika,medikamentell,badebehandling,Azamethiphos,,,,hele lokaliteten,1836,RØDØY,18,Nordland,66.53785,13.3251,8,Helgeland til Bodø,
32,2014,29996,Linesvika,medikamentell,badebehandling,Deltamethrin,,,,hele lokaliteten,1836,RØDØY,18,Nordland,66.53785,13.3251,8,Helgeland til Bodø,
32,2014,14076,Lismåsøy,rensefisk,,,1693,Bergnebb,10241,deler av lokaliteten,1813,BRØNNØY,18,Nordland,65.4933,12.169217,8,Helgeland til Bodø,
32,2014,28996,Loddetå,medikamentell,badebehandling,Deltamethrin,,,,deler av lokaliteten,1216,SVEIO,12,Hordaland,59.691643,5.54298,3,Karmøy til Sotra,
32,2014,13549,Løypingneset,medikamentell,badebehandling,Deltamethrin,,,,hele lokaliteten,1438,BREMANGER,14,Sogn og Fjordane,61.819534,5.247667,4,Nordhordaland til Stadt,
32,2014,13549,Løypingneset,rensefisk,,,2221,Rognkjeks (felles),15000,hele lokaliteten,1438,BREMANGER,14,Sogn og Fjordane,61.819534,5.247667,4,Nordhordaland til Stadt,
32,2014,13549,Løypingneset,rensefisk,,,1691,Berggylt,6000,hele lokaliteten,1438,BREMANGER,14,Sogn og Fjordane,61.819534,5.247667,4,Nordhordaland til Stadt,
32,2014,10447,Mefaldskjæret,medikamentell,fôrbehandling,Emamectin benzoat,,,,hele lokaliteten,1820,ALSTAHAUG,18,Nordland,65.85145,12.2872,8,Helgeland til Bodø,
32,2014,13541,Midtflua,rensefisk,,,1691,Berggylt,395,deler av lokaliteten,1223,TYSNES,12,Hordaland,60.076267,5.466533,3,Karmøy til Sotra,
32,2014,13541,Midtflua,rensefisk,,,1692,Annen leppefisk,2384,deler av lokaliteten,1223,TYSNES,12,Hordaland,60.076267,5.466533,3,Karmøy til Sotra,
32,2014,13541,Midtflua,rensefisk,,,1694,Grøngylt,2954,deler av lokaliteten,1223,TYSNES,12,Hordaland,60.076267,5.466533,3,Karmøy til Sotra,
32,2014,13541,Midtflua,rensefisk,,,1693,Bergnebb,5222,deler av lokaliteten,1223,TYSNES,12,Hordaland,60.076267,5.466533,3,Karmøy til Sotra,
32,2014,30157,Movik,medikamentell,badebehandling,Azamethiphos,,,,hele lokaliteten,1845,SØRFOLD,18,Nordland,67.63177,15.26225,9,Vestfjorden og Vesterålen,
32,2014,30157,Movik,medikamentell,badebehandling,Deltamethrin,,,,hele lokaliteten,1845,SØRFOLD,18,Nordland,67.63177,15.26225,9,Vestfjorden og Vesterålen,
32,2014,13629,Munkholmen,medikamentell,badebehandling,Deltamethrin,,,,deler av lokaliteten,1146,TYSVÆR,11,Rogaland,59.285484,5.631317,2,Ryfylke,
32,2014,13629,Munkholmen,ikke-medikamentell,,,,,,deler av lokaliteten,1146,TYSVÆR,11,Rogaland,59.285484,5.631317,2,Ryfylke,
32,2014,26315,Nordgjæslingan,medikamentell,badebehandling,Hydrogenperoksid,,,,deler av lokaliteten,1750,VIKNA,17,Nord-Trøndelag,64.7659,10.9128,7,Nord-Trøndelag med Bindal,
32,2014,10181,Oksebåsen V,rensefisk,,,1694,Grøngylt,16100,deler av lokaliteten,1532,GISKE,15,Møre og Romsdal,62.5174,6.15805,5,Stadt til Hustadvika,
32,2014,10181,Oksebåsen V,rensefisk,,,1691,Berggylt,390,deler av lokaliteten,1532,GISKE,15,Møre og Romsdal,62.5174,6.15805,5,Stadt til Hustadvika,
32,2014,15403,Olderøy,medikamentell,badebehandling,Cypermethrin,,,,deler av lokaliteten,1412,SOLUND,14,Sogn og Fjordane,61.103283,4.712233,4,Nordhordaland til Stadt,
32,2014,17235,Ørnes,rensefisk,,,1693,Bergnebb,41770,hele lokaliteten,1834,LURØY,18,Nordland,66.42008,13.018033,8,Helgeland til Bodø,
32,2014,11972,Prestholmane,rensefisk,,,1694,Grøngylt,4640,hele lokaliteten,1141,FINNØY,11,Rogaland,59.11717,5.844433,2,Ryfylke,
32,2014,13867,Raunevågen,rensefisk,,,1693,Bergnebb,5955,deler av lokaliteten,1216,SVEIO,12,Hordaland,59.65798,5.533667,3,Karmøy til Sotra,
32,2014,31777,Reinvika,medikamentell,badebehandling,Azamethiphos,,,,hele lokaliteten,1845,SØRFOLD,18,Nordland,67.60568,15.368483,9,Vestfjorden og Vesterålen,
32,2014,31777,Reinvika,medikamentell,badebehandling,Deltamethrin,,,,hele lokaliteten,1845,SØRFOLD,18,Nordland,67.60568,15.368483,9,Vestfjorden og Vesterålen,
32,2014,10893,Rensøya N,medikamentell,badebehandling,Annet virkestoff,,,,deler av lokaliteten,1835,TRÆNA,18,Nordland,66.502815,12.070967,8,Helgeland til Bodø,
32,2014,30657,Revøy,rensefisk,,,1693,Bergnebb,16000,hele lokaliteten,1032,LYNGDAL,10,Vest-Agder,58.0243,7.0268,1,Svenskegrensen til Jæren,
32,2014,12298,Røysa,rensefisk,,,1694,Grøngylt,2284,deler av lokaliteten,1532,GISKE,15,Møre og Romsdal,62.55078,6.141583,5,Stadt til Hustadvika,
32,2014,13249,Sagelva,medikamentell,badebehandling,Azamethiphos,,,,deler av lokaliteten,1520,ØRSTA,15,Møre og Romsdal,62.33795,6.38165,5,Stadt til Hustadvika,
32,2014,13249,Sagelva,medikamentell,badebehandling,Deltamethrin,,,,deler av lokaliteten,1520,ØRSTA,15,Møre og Romsdal,62.33795,6.38165,5,Stadt til Hustadvika,
32,2014,13748,Saltkjelvika,rensefisk,,,1693,Bergnebb,3828,deler av lokaliteten,1703,NAMSOS,17,Nord-Trøndelag,64.59852,11.266067,7,Nord-Trøndelag med Bindal,
32,2014,13748,Saltkjelvika,rensefisk,,,1691,Berggylt,4,deler av lokaliteten,1703,NAMSOS,17,Nord-Trøndelag,64.59852,11.266067,7,Nord-Trøndelag med Bindal,
32,2014,13748,Saltkjelvika,rensefisk,,,1694,Grøngylt,359,deler av lokaliteten,1703,NAMSOS,17,Nord-Trøndelag,64.59852,11.266067,7,Nord-Trøndelag med Bindal,
32,2014,12244,Setevika,rensefisk,,,1694,Grøngylt,6328,deler av lokaliteten,1545,MIDSUND,15,Møre og Romsdal,62.728065,6.939283,5,Stadt til Hustadvika,
32,2014,12244,Setevika,rensefisk,,,1691,Berggylt,99,deler av lokaliteten,1545,MIDSUND,15,Møre og Romsdal,62.728065,6.939283,5,Stadt til Hustadvika,
32,2014,26738,Skiftesvika,rensefisk,,,1694,Grøngylt,2655,hele lokaliteten,1141,FINNØY,11,Rogaland,59.167885,5.920667,2,Ryfylke,
32,2014,26738,Skiftesvika,rensefisk,,,1691,Berggylt,364,hele lokaliteten,1141,FINNØY,11,Rogaland,59.167885,5.920667,2,Ryfylke,
32,2014,11861,Skipningsdalen,rensefisk,,,1694,Grøngylt,9703,hele lokaliteten,1004,FLEKKEFJORD,10,Vest-Agder,58.24148,6.5958,1,Svenskegrensen til Jæren,
32,2014,11861,Skipningsdalen,rensefisk,,,1691,Berggylt,1123,hele lokaliteten,1004,FLEKKEFJORD,10,Vest-Agder,58.24148,6.5958,1,Svenskegrensen til Jæren,
32,2014,13531,Skogshavn,medikamentell,badebehandling,Deltamethrin,,,,deler av lokaliteten,1926,DYRØY,19,Troms,69.09098,17.514784,10,Andøya til Senja,
32,2014,33157,Skogsholmen,medikamentell,fôrbehandling,Annet virkestoff,,,,hele lokaliteten,1815,VEGA,18,Nordland,65.81475,12.070533,8,Helgeland til Bodø,
32,2014,33157,Skogsholmen,medikamentell,fôrbehandling,Emamectin benzoat,,,,hele lokaliteten,1815,VEGA,18,Nordland,65.81475,12.070533,8,Helgeland til Bodø,
32,2014,10961,Skonseng,medikamentell,badebehandling,Annet virkestoff,,,,deler av lokaliteten,1824,VEFSN,18,Nordland,65.80648,12.619767,8,Helgeland til Bodø,
32,2014,10961,Skonseng,medikamentell,badebehandling,Annet virkestoff,,,,deler av lokaliteten,1824,VEFSN,18,Nordland,65.80648,12.619767,8,Helgeland til Bodø,
32,2014,28316,Slåttøya,rensefisk,,,1693,Bergnebb,5755,hele lokaliteten,1630,ÅFJORD,16,Sør-Trøndelag,63.995033,9.871283,6,Nordmøre og Sør-Trøndelag,
32,2014,27436,Solværet,rensefisk,,,1691,Berggylt,3399,deler av lokaliteten,1573,SMØLA,15,Møre og Romsdal,63.255,7.856933,6,Nordmøre og Sør-Trøndelag,
32,2014,27436,Solværet,rensefisk,,,1693,Bergnebb,16323,deler av lokaliteten,1573,SMØLA,15,Møre og Romsdal,63.255,7.856933,6,Nordmøre og Sør-Trøndelag,
32,2014,31217,Stokkasjøen,medikamentell,badebehandling,Annet virkestoff,,,,deler av lokaliteten,1816,VEVELSTAD,18,Nordland,65.78265,12.592067,8,Helgeland til Bodø,
32,2014,31217,Stokkasjøen,medikamentell,badebehandling,Annet virkestoff,,,,deler av lokaliteten,1816,VEVELSTAD,18,Nordland,65.78265,12.592067,8,Helgeland til Bodø,
32,2014,11492,Storevikholmen,rensefisk,,,1693,Bergnebb,180,deler av lokaliteten,1222,FITJAR,12,Hordaland,59.839317,5.30495,3,Karmøy til Sotra,
32,2014,11492,Storevikholmen,rensefisk,,,1694,Grøngylt,1646,deler av lokaliteten,1222,FITJAR,12,Hordaland,59.839317,5.30495,3,Karmøy til Sotra,
32,2014,11492,Storevikholmen,rensefisk,,,1691,Berggylt,343,deler av lokaliteten,1222,FITJAR,12,Hordaland,59.839317,5.30495,3,Karmøy til Sotra,
32,2014,11492,Storevikholmen,rensefisk,,,1692,Annen leppefisk,90,deler av lokaliteten,1222,FITJAR,12,Hordaland,59.839317,5.30495,3,Karmøy til Sotra,
32,2014,22335,Storvika,rensefisk,,,1693,Bergnebb,8400,hele lokaliteten,1548,FRÆNA,15,Møre og Romsdal,62.802166,6.981267,5,Stadt til Hustadvika,
32,2014,22335,Storvika,rensefisk,,,1691,Berggylt,8100,hele lokaliteten,1548,FRÆNA,15,Møre og Romsdal,62.802166,6.981267,5,Stadt til Hustadvika,
32,2014,11552,Stuholmen,rensefisk,,,1692,Annen leppefisk,1800,hele lokaliteten,1245,SUND,12,Hordaland,60.249683,4.978117,3,Karmøy til Sotra,
32,2014,11144,Svinvær,rensefisk,,,1693,Bergnebb,2110,deler av lokaliteten,1836,RØDØY,18,Nordland,66.76923,13.170633,8,Helgeland til Bodø,
32,2014,12449,Tennøya,ikke-medikamentell,,,,,,deler av lokaliteten,1620,FRØYA,16,Sør-Trøndelag,63.802567,8.433583,6,Nordmøre og Sør-Trøndelag,
32,2014,12268,Terningen,medikamentell,badebehandling,Azamethiphos,,,,deler av lokaliteten,1545,MIDSUND,15,Møre og Romsdal,62.6431,6.54805,5,Stadt til Hustadvika,
32,2014,12268,Terningen,medikamentell,badebehandling,Deltamethrin,,,,deler av lokaliteten,1545,MIDSUND,15,Møre og Romsdal,62.6431,6.54805,5,Stadt til Hustadvika,
32,2014,12268,Terningen,rensefisk,,,1691,Berggylt,6,deler av lokaliteten,1545,MIDSUND,15,Møre og Romsdal,62.6431,6.54805,5,Stadt til Hustadvika,
32,2014,12268,Terningen,rensefisk,,,1694,Grøngylt,1756,deler av lokaliteten,1545,MIDSUND,15,Møre og Romsdal,62.6431,6.54805,5,Stadt til Hustadvika,
32,2014,10054,Tobbeholmane,rensefisk,,,1694,Grøngylt,3279,deler av lokaliteten,1244,AUSTEVOLL,12,Hordaland,60.02432,5.30815,3,Karmøy til Sotra,
32,2014,10054,Tobbeholmane,rensefisk,,,1692,Annen leppefisk,245,deler av lokaliteten,1244,AUSTEVOLL,12,Hordaland,60.02432,5.30815,3,Karmøy til Sotra,
32,2014,10054,Tobbeholmane,rensefisk,,,1691,Berggylt,1091,deler av lokaliteten,1244,AUSTEVOLL,12,Hordaland,60.02432,5.30815,3,Karmøy til Sotra,
32,2014,10054,Tobbeholmane,rensefisk,,,1693,Bergnebb,10585,deler av lokaliteten,1244,AUSTEVOLL,12,Hordaland,60.02432,5.30815,3,Karmøy til Sotra,
32,2014,11533,Usholmsvika,rensefisk,,,1692,Annen leppefisk,1720,hele lokaliteten,1245,SUND,12,Hordaland,60.1749,5.0917,3,Karmøy til Sotra,
32,2014,10091,Vågsøya,medikamentell,badebehandling,Deltamethrin,,,,deler av lokaliteten,1401,FLORA,14,Sogn og Fjordane,61.489735,5.023517,4,Nordhordaland til Stadt,
32,2014,10091,Vågsøya,rensefisk,,,1692,Annen leppefisk,2000,hele lokaliteten,1401,FLORA,14,Sogn og Fjordane,61.489735,5.023517,4,Nordhordaland til Stadt,
32,2014,31557,Valøyan,ikke-medikamentell,,,,,,hele lokaliteten,1620,FRØYA,16,Sør-Trøndelag,63.81735,8.462483,6,Nordmøre og Sør-Trøndelag,
32,2014,11303,Veggfjell,medikamentell,badebehandling,Deltamethrin,,,,deler av lokaliteten,1849,HAMARØY,18,Nordland,67.962,15.8058,9,Vestfjorden og Vesterålen,
32,2014,13837,Verpeide,medikamentell,badebehandling,Deltamethrin,,,,hele lokaliteten,1439,VÅGSØY,14,Sogn og Fjordane,61.902954,5.207967,4,Nordhordaland til Stadt,
32,2014,13837,Verpeide,ikke-medikamentell,,,,,,hele lokaliteten,1439,VÅGSØY,14,Sogn og Fjordane,61.902954,5.207967,4,Nordhordaland til Stadt,
32,2014,12885,Vikageilen,rensefisk,,,1693,Bergnebb,14300,hele lokaliteten,1505,KRISTIANSUND,15,Møre og Romsdal,63.075783,7.906067,6,Nordmøre og Sør-Trøndelag,
31,2014,10298,Ålforo,rensefisk,,,1694,Grøngylt,576,deler av lokaliteten,1222,FITJAR,12,Hordaland,59.8665,5.244133,3,Karmøy til Sotra,
31,2014,11179,Alterosen,medikamentell,badebehandling,Cypermethrin,,,,hele lokaliteten,1865,VÅGAN,18,Nordland,68.20737,14.446867,9,Vestfjorden og Vesterålen,
31,2014,24695,Årnes,rensefisk,,,1693,Bergnebb,9502,deler av lokaliteten,1703,NAMSOS,17,Nord-Trøndelag,64.5961,11.273417,7,Nord-Trøndelag med Bindal,
31,2014,13254,Aukan,rensefisk,,,1693,Bergnebb,400,deler av lokaliteten,1554,AVERØY,15,Møre og Romsdal,63.0603,7.594283,6,Nordmøre og Sør-Trøndelag,
31,2014,12988,Aukrasanden,rensefisk,,,1693,Bergnebb,25470,hele lokaliteten,1547,AUKRA,15,Møre og Romsdal,62.783417,6.92605,5,Stadt til Hustadvika,
31,2014,26795,Austvika,rensefisk,,,1691,Berggylt,2846,deler av lokaliteten,1749,FLATANGER,17,Nord-Trøndelag,64.41853,10.696033,7,Nord-Trøndelag med Bindal,
31,2014,31877,Barøya,rensefisk,,,1693,Bergnebb,10417,deler av lokaliteten,1703,NAMSOS,17,Nord-Trøndelag,64.6206,11.233183,7,Nord-Trøndelag med Bindal,
31,2014,18235,Bastli,rensefisk,,,1694,Grøngylt,293,deler av lokaliteten,1133,HJELMELAND,11,Rogaland,59.2694,6.193083,2,Ryfylke,
31,2014,18235,Bastli,rensefisk,,,1693,Bergnebb,1173,deler av lokaliteten,1133,HJELMELAND,11,Rogaland,59.2694,6.193083,2,Ryfylke,
31,2014,10212,Bogen,rensefisk,,,1693,Bergnebb,6300,deler av lokaliteten,1505,KRISTIANSUND,15,Møre og Romsdal,63.077667,7.90345,6,Nordmøre og Sør-Trøndelag,
31,2014,10256,Bondøya,rensefisk,,,1693,Bergnebb,32376,deler av lokaliteten,1750,VIKNA,17,Nord-Trøndelag,64.81715,10.7425,7,Nord-Trøndelag med Bindal,
31,2014,11015,Brattholmen,ikke-medikamentell,,,,,,deler av lokaliteten,1818,HERØY I NORDLAND,18,Nordland,65.90735,12.220967,8,Helgeland til Bodø,
31,2014,13841,Brunsvik,medikamentell,badebehandling,Deltamethrin,,,,deler av lokaliteten,1439,VÅGSØY,14,Sogn og Fjordane,61.910183,5.29085,4,Nordhordaland til Stadt,
31,2014,13841,Brunsvik,ikke-medikamentell,,,,,,hele lokaliteten,1439,VÅGSØY,14,Sogn og Fjordane,61.910183,5.29085,4,Nordhordaland til Stadt,
31,2014,27976,Bukkholmen,medikamentell,badebehandling,Azamethiphos,,,,deler av lokaliteten,1820,ALSTAHAUG,18,Nordland,65.9184,12.244683,8,Helgeland til Bodø,
31,2014,27976,Bukkholmen,medikamentell,badebehandling,Deltamethrin,,,,deler av lokaliteten,1820,ALSTAHAUG,18,Nordland,65.9184,12.244683,8,Helgeland til Bodø,
31,2014,27976,Bukkholmen,ikke-medikamentell,,,,,,deler av lokaliteten,1820,ALSTAHAUG,18,Nordland,65.9184,12.244683,8,Helgeland til Bodø,
31,2014,13229,Djupedalen,rensefisk,,,1692,Annen leppefisk,1555,deler av lokaliteten,1241,FUSA,12,Hordaland,60.230865,5.6733,3,Karmøy til Sotra,
31,2014,10110,Djupevik,rensefisk,,,1694,Grøngylt,4836,deler av lokaliteten,1141,FINNØY,11,Rogaland,59.1474,5.863783,2,Ryfylke,
31,2014,10110,Djupevik,rensefisk,,,1691,Berggylt,526,deler av lokaliteten,1141,FINNØY,11,Rogaland,59.1474,5.863783,2,Ryfylke,
31,2014,26595,Djupevika,rensefisk,,,1692,Annen leppefisk,352,deler av lokaliteten,1223,TYSNES,12,Hordaland,60.035816,5.342217,3,Karmøy til Sotra,
31,2014,26595,Djupevika,rensefisk,,,1694,Grøngylt,4333,deler av lokaliteten,1223,TYSNES,12,Hordaland,60.035816,5.342217,3,Karmøy til Sotra,
31,2014,26595,Djupevika,rensefisk,,,1693,Bergnebb,980,deler av lokaliteten,1223,TYSNES,12,Hordaland,60.035816,5.342217,3,Karmøy til Sotra,
31,2014,26595,Djupevika,rensefisk,,,1691,Berggylt,670,deler av lokaliteten,1223,TYSNES,12,Hordaland,60.035816,5.342217,3,Karmøy til Sotra,
31,2014,32197,Dryna,medikamentell,badebehandling,Azamethiphos,,,,deler av lokaliteten,1545,MIDSUND,15,Møre og Romsdal,62.6444,6.5568,5,Stadt til Hustadvika,
31,2014,32197,Dryna,medikamentell,badebehandling,Deltamethrin,,,,deler av lokaliteten,1545,MIDSUND,15,Møre og Romsdal,62.6444,6.5568,5,Stadt til Hustadvika,
31,2014,32197,Dryna,rensefisk,,,1694,Grøngylt,8311,deler av lokaliteten,1545,MIDSUND,15,Møre og Romsdal,62.6444,6.5568,5,Stadt til Hustadvika,
31,2014,32197,Dryna,rensefisk,,,1691,Berggylt,876,deler av lokaliteten,1545,MIDSUND,15,Møre og Romsdal,62.6444,6.5568,5,Stadt til Hustadvika,
31,2014,21415,Dyrholmen,rensefisk,,,1693,Bergnebb,9124,deler av lokaliteten,1141,FINNØY,11,Rogaland,59.285484,5.8583,2,Ryfylke,
31,2014,21415,Dyrholmen,rensefisk,,,1691,Berggylt,2162,deler av lokaliteten,1141,FINNØY,11,Rogaland,59.285484,5.8583,2,Ryfylke,
31,2014,10229,Fætten,rensefisk,,,1693,Bergnebb,4760,deler av lokaliteten,1571,HALSA,15,Møre og Romsdal,63.144585,8.459567,6,Nordmøre og Sør-Trøndelag,
31,2014,10229,Fætten,rensefisk,,,1694,Grøngylt,360,deler av lokaliteten,1571,HALSA,15,Møre og Romsdal,63.144585,8.459567,6,Nordmøre og Sør-Trøndelag,
31,2014,11814,Furevika,medikamentell,badebehandling,Deltamethrin,,,,hele lokaliteten,1429,FJALER,14,Sogn og Fjordane,61.30595,5.072183,4,Nordhordaland til Stadt,
31,2014,24315,Gjæsingen,rensefisk,,,1691,Berggylt,168,deler av lokaliteten,1630,ÅFJORD,16,Sør-Trøndelag,64.117615,9.981417,6,Nordmøre og Sør-Trøndelag,
31,2014,24315,Gjæsingen,rensefisk,,,1694,Grøngylt,16934,deler av lokaliteten,1630,ÅFJORD,16,Sør-Trøndelag,64.117615,9.981417,6,Nordmøre og Sør-Trøndelag,
31,2014,24196,Gjelsøya,rensefisk,,,1693,Bergnebb,15371,deler av lokaliteten,1617,HITRA,16,Sør-Trøndelag,63.482616,8.280283,6,Nordmøre og Sør-Trøndelag,
31,2014,13036,Gjengane,rensefisk,,,1694,Grøngylt,3396,deler av lokaliteten,1244,AUSTEVOLL,12,Hordaland,60.071518,5.306383,3,Karmøy til Sotra,
31,2014,13036,Gjengane,rensefisk,,,1691,Berggylt,64,deler av lokaliteten,1244,AUSTEVOLL,12,Hordaland,60.071518,5.306383,3,Karmøy til Sotra,
31,2014,13036,Gjengane,rensefisk,,,1693,Bergnebb,1240,deler av lokaliteten,1244,AUSTEVOLL,12,Hordaland,60.071518,5.306383,3,Karmøy til Sotra,
31,2014,10324,Gjerdeviksflua,rensefisk,,,1694,Grøngylt,380,deler av lokaliteten,1241,FUSA,12,Hordaland,60.223083,5.641167,3,Karmøy til Sotra,
31,2014,11559,Grimsholmen,rensefisk,,,1693,Bergnebb,4587,deler av lokaliteten,1216,SVEIO,12,Hordaland,59.65735,5.404167,3,Karmøy til Sotra,
31,2014,12789,Gunnarøya,medikamentell,badebehandling,Hydrogenperoksid,,,,hele lokaliteten,1613,SNILLFJORD,16,Sør-Trøndelag,63.569485,9.467983,6,Nordmøre og Sør-Trøndelag,
31,2014,29697,Hafsmo,medikamentell,badebehandling,Annet virkestoff,,,,hele lokaliteten,1613,SNILLFJORD,16,Sør-Trøndelag,63.3667,9.245217,6,Nordmøre og Sør-Trøndelag,
31,2014,29697,Hafsmo,medikamentell,badebehandling,Annet virkestoff,,,,hele lokaliteten,1613,SNILLFJORD,16,Sør-Trøndelag,63.3667,9.245217,6,Nordmøre og Sør-Trøndelag,
31,2014,19995,Hagahammaren,rensefisk,,,1693,Bergnebb,3027,hele lokaliteten,1576,AURE,15,Møre og Romsdal,63.137768,8.03015,6,Nordmøre og Sør-Trøndelag,
31,2014,19995,Hagahammaren,rensefisk,,,1694,Grøngylt,2444,hele lokaliteten,1576,AURE,15,Møre og Romsdal,63.137768,8.03015,6,Nordmøre og Sør-Trøndelag,
31,2014,13886,Hallarøy V,rensefisk,,,1693,Bergnebb,1250,deler av lokaliteten,1620,FRØYA,16,Sør-Trøndelag,63.998116,9.129283,6,Nordmøre og Sør-Trøndelag,
31,2014,11740,Haverøy,rensefisk,,,1693,Bergnebb,6066,hele lokaliteten,1246,FJELL,12,Hordaland,60.404766,4.93995,3,Karmøy til Sotra,
31,2014,11740,Haverøy,rensefisk,,,1691,Berggylt,609,hele lokaliteten,1246,FJELL,12,Hordaland,60.404766,4.93995,3,Karmøy til Sotra,
31,2014,30897,Havsundet,rensefisk,,,1694,Grøngylt,101,hele lokaliteten,1627,BJUGN,16,Sør-Trøndelag,63.799534,9.440667,6,Nordmøre og Sør-Trøndelag,
31,2014,30897,Havsundet,rensefisk,,,1693,Bergnebb,4000,hele lokaliteten,1627,BJUGN,16,Sør-Trøndelag,63.799534,9.440667,6,Nordmøre og Sør-Trøndelag,
31,2014,11920,Herøy,rensefisk,,,1694,Grøngylt,2226,deler av lokaliteten,1160,VINDAFJORD,11,Rogaland,59.4664,6.0262,2,Ryfylke,
31,2014,11920,Herøy,rensefisk,,,1691,Berggylt,204,deler av lokaliteten,1160,VINDAFJORD,11,Rogaland,59.4664,6.0262,2,Ryfylke,
31,2014,22596,Hesbygrunnen,rensefisk,,,1694,Grøngylt,1081,hele lokaliteten,1141,FINNØY,11,Rogaland,59.195816,5.807883,2,Ryfylke,
31,2014,22596,Hesbygrunnen,rensefisk,,,1692,Annen leppefisk,2870,hele lokaliteten,1141,FINNØY,11,Rogaland,59.195816,5.807883,2,Ryfylke,
31,2014,22596,Hesbygrunnen,rensefisk,,,1691,Berggylt,760,hele lokaliteten,1141,FINNØY,11,Rogaland,59.195816,5.807883,2,Ryfylke,
31,2014,14136,Hestholmen Ø,rensefisk,,,1693,Bergnebb,27000,deler av lokaliteten,1144,KVITSØY,11,Rogaland,59.061565,5.445683,2,Ryfylke,
31,2014,34017,Hilbåan,rensefisk,,,1693,Bergnebb,20000,hele lokaliteten,1617,HITRA,16,Sør-Trøndelag,63.6686,8.844717,6,Nordmøre og Sør-Trøndelag,
31,2014,19939,Høysteinen,rensefisk,,,1694,Grøngylt,3300,deler av lokaliteten,1224,KVINNHERAD,12,Hordaland,60.157417,6.050117,3,Karmøy til Sotra,
31,2014,25235,Humulen,medikamentell,fôrbehandling,Emamectin benzoat,,,,deler av lokaliteten,1750,VIKNA,17,Nord-Trøndelag,64.94607,11.370513,7,Nord-Trøndelag med Bindal,
31,2014,12599,Indre Skjervøy,rensefisk,,,1693,Bergnebb,11669,deler av lokaliteten,1633,OSEN,16,Sør-Trøndelag,64.2858,10.30905,6,Nordmøre og Sør-Trøndelag,
31,2014,12224,Isane,rensefisk,,,1693,Bergnebb,548,hele lokaliteten,1438,BREMANGER,14,Sogn og Fjordane,61.876534,5.722767,4,Nordhordaland til Stadt,
31,2014,12224,Isane,rensefisk,,,1694,Grøngylt,785,hele lokaliteten,1438,BREMANGER,14,Sogn og Fjordane,61.876534,5.722767,4,Nordhordaland til Stadt,
31,2014,12224,Isane,rensefisk,,,1691,Berggylt,1355,hele lokaliteten,1438,BREMANGER,14,Sogn og Fjordane,61.876534,5.722767,4,Nordhordaland til Stadt,
31,2014,15118,Kalvøya,rensefisk,,,1693,Bergnebb,1143,deler av lokaliteten,1834,LURØY,18,Nordland,66.39397,12.799817,8,Helgeland til Bodø,
31,2014,30437,Kattholmen II,rensefisk,,,1691,Berggylt,52,deler av lokaliteten,1620,FRØYA,16,Sør-Trøndelag,63.8661,8.675683,6,Nordmøre og Sør-Trøndelag,
31,2014,30437,Kattholmen II,rensefisk,,,1693,Bergnebb,2285,deler av lokaliteten,1620,FRØYA,16,Sør-Trøndelag,63.8661,8.675683,6,Nordmøre og Sør-Trøndelag,
31,2014,13225,Kilaneset,rensefisk,,,1694,Grøngylt,1347,deler av lokaliteten,1134,SULDAL,11,Rogaland,59.31335,6.2672,2,Ryfylke,
31,2014,13225,Kilaneset,rensefisk,,,1691,Berggylt,70,deler av lokaliteten,1134,SULDAL,11,Rogaland,59.31335,6.2672,2,Ryfylke,
31,2014,33577,Kjeholmen II,rensefisk,,,1691,Berggylt,2153,deler av lokaliteten,1003,FARSUND,10,Vest-Agder,58.06008,6.885683,1,Svenskegrensen til Jæren,
31,2014,18755,Klungset,ikke-medikamentell,,,,,,hele lokaliteten,1751,NÆRØY,17,Nord-Trøndelag,64.74997,11.394183,7,Nord-Trøndelag med Bindal,
31,2014,13764,Kokvika,rensefisk,,,1691,Berggylt,4000,deler av lokaliteten,1834,LURØY,18,Nordland,66.41282,12.956867,8,Helgeland til Bodø,
31,2014,13764,Kokvika,rensefisk,,,1693,Bergnebb,16000,deler av lokaliteten,1834,LURØY,18,Nordland,66.41282,12.956867,8,Helgeland til Bodø,
31,2014,11575,Koløy N,rensefisk,,,1693,Bergnebb,650,hele lokaliteten,1222,FITJAR,12,Hordaland,59.8616,5.288267,3,Karmøy til Sotra,
31,2014,11575,Koløy N,rensefisk,,,1691,Berggylt,400,hele lokaliteten,1222,FITJAR,12,Hordaland,59.8616,5.288267,3,Karmøy til Sotra,
31,2014,10224,Korsneset,rensefisk,,,1694,Grøngylt,1320,deler av lokaliteten,1571,HALSA,15,Møre og Romsdal,63.14268,8.225383,6,Nordmøre og Sør-Trøndelag,
31,2014,10224,Korsneset,rensefisk,,,1691,Berggylt,1179,deler av lokaliteten,1571,HALSA,15,Møre og Romsdal,63.14268,8.225383,6,Nordmøre og Sør-Trøndelag,
31,2014,32097,Korsneset 2,rensefisk,,,1691,Berggylt,209,deler av lokaliteten,1571,HALSA,15,Møre og Romsdal,63.14123,8.21375,6,Nordmøre og Sør-Trøndelag,
31,2014,32097,Korsneset 2,rensefisk,,,1694,Grøngylt,826,deler av lokaliteten,1571,HALSA,15,Møre og Romsdal,63.14123,8.21375,6,Nordmøre og Sør-Trøndelag,
31,2014,32097,Korsneset 2,rensefisk,,,1693,Bergnebb,19306,deler av lokaliteten,1571,HALSA,15,Møre og Romsdal,63.14123,8.21375,6,Nordmøre og Sør-Trøndelag,
31,2014,12239,Kråknes,rensefisk,,,1694,Grøngylt,2931,hele lokaliteten,1547,AUKRA,15,Møre og Romsdal,62.83145,6.962733,5,Stadt til Hustadvika,
31,2014,12239,Kråknes,rensefisk,,,1693,Bergnebb,7843,hele lokaliteten,1547,AUKRA,15,Møre og Romsdal,62.83145,6.962733,5,Stadt til Hustadvika,
31,2014,12239,Kråknes,rensefisk,,,1691,Berggylt,255,hele lokaliteten,1547,AUKRA,15,Møre og Romsdal,62.83145,6.962733,5,Stadt til Hustadvika,
31,2014,12652,Kråkøya,rensefisk,,,1693,Bergnebb,36415,deler av lokaliteten,1750,VIKNA,17,Nord-Trøndelag,65.00383,11.041483,7,Nord-Trøndelag med Bindal,
31,2014,18217,Kvaløy Øst,medikamentell,fôrbehandling,Emamectin benzoat,,,,hele lokaliteten,1149,KARMØY,11,Rogaland,59.396633,5.171083,3,Karmøy til Sotra,
31,2014,12213,Kvangardsnes,rensefisk,,,1694,Grøngylt,13060,hele lokaliteten,1519,VOLDA,15,Møre og Romsdal,62.145317,5.94545,5,Stadt til Hustadvika,
31,2014,12213,Kvangardsnes,rensefisk,,,1691,Berggylt,12956,hele lokaliteten,1519,VOLDA,15,Møre og Romsdal,62.145317,5.94545,5,Stadt til Hustadvika,
31,2014,24975,Kvernavika,rensefisk,,,1693,Bergnebb,268,deler av lokaliteten,1223,TYSNES,12,Hordaland,60.069283,5.351183,3,Karmøy til Sotra,
31,2014,24975,Kvernavika,rensefisk,,,1694,Grøngylt,4413,deler av lokaliteten,1223,TYSNES,12,Hordaland,60.069283,5.351183,3,Karmøy til Sotra,
31,2014,11775,Kviteskjeret,medikamentell,badebehandling,Azamethiphos,,,,hele lokaliteten,1428,ASKVOLL,14,Sogn og Fjordane,61.467815,5.2203,4,Nordhordaland til Stadt,
31,2014,11775,Kviteskjeret,medikamentell,badebehandling,Deltamethrin,,,,hele lokaliteten,1428,ASKVOLL,14,Sogn og Fjordane,61.467815,5.2203,4,Nordhordaland til Stadt,
31,2014,30216,Kvitfloget,medikamentell,badebehandling,Deltamethrin,,,,deler av lokaliteten,1927,TRANØY,19,Troms,69.14633,17.646017,10,Andøya til Senja,
31,2014,30216,Kvitfloget,medikamentell,badebehandling,Deltamethrin,,,,deler av lokaliteten,1927,TRANØY,19,Troms,69.14633,17.646017,10,Andøya til Senja,
31,2014,10989,Labukta V,rensefisk,,,1694,Grøngylt,12215,deler av lokaliteten,1818,HERØY I NORDLAND,18,Nordland,66.01273,12.351417,8,Helgeland til Bodø,
31,2014,10989,Labukta V,rensefisk,,,1691,Berggylt,425,deler av lokaliteten,1818,HERØY I NORDLAND,18,Nordland,66.01273,12.351417,8,Helgeland til Bodø,
31,2014,26675,Leirhholmen,medikamentell,badebehandling,Annet virkestoff,,,,deler av lokaliteten,1834,LURØY,18,Nordland,66.3565,12.530117,8,Helgeland til Bodø,
31,2014,26675,Leirhholmen,medikamentell,badebehandling,Deltamethrin,,,,deler av lokaliteten,1834,LURØY,18,Nordland,66.3565,12.530117,8,Helgeland til Bodø,
31,2014,26675,Leirhholmen,rensefisk,,,1693,Bergnebb,200,deler av lokaliteten,1834,LURØY,18,Nordland,66.3565,12.530117,8,Helgeland til Bodø,
31,2014,29056,Lille Torsøy II,rensefisk,,,1694,Grøngylt,16000,deler av lokaliteten,1617,HITRA,16,Sør-Trøndelag,63.60803,8.494633,6,Nordmøre og Sør-Trøndelag,
31,2014,29056,Lille Torsøy II,rensefisk,,,1691,Berggylt,2816,deler av lokaliteten,1617,HITRA,16,Sør-Trøndelag,63.60803,8.494633,6,Nordmøre og Sør-Trøndelag,
31,2014,12966,Lindvik,medikamentell,badebehandling,Deltamethrin,,,,deler av lokaliteten,1160,VINDAFJORD,11,Rogaland,59.4752,5.978667,2,Ryfylke,
31,2014,14076,Lismåsøy,rensefisk,,,1693,Bergnebb,54000,hele lokaliteten,1813,BRØNNØY,18,Nordland,65.4933,12.169217,8,Helgeland til Bodø,
31,2014,10232,Mannbruholmen,medikamentell,badebehandling,Azamethiphos,,,,hele lokaliteten,1620,FRØYA,16,Sør-Trøndelag,63.8473,8.53675,6,Nordmøre og Sør-Trøndelag,
31,2014,10232,Mannbruholmen,medikamentell,badebehandling,Deltamethrin,,,,hele lokaliteten,1620,FRØYA,16,Sør-Trøndelag,63.8473,8.53675,6,Nordmøre og Sør-Trøndelag,
31,2014,11807,Marøytåa,medikamentell,badebehandling,Deltamethrin,,,,hele lokaliteten,1401,FLORA,14,Sogn og Fjordane,61.505882,5.1143,4,Nordhordaland til Stadt,
31,2014,11807,Marøytåa,ikke-medikamentell,,,,,,hele lokaliteten,1401,FLORA,14,Sogn og Fjordane,61.505882,5.1143,4,Nordhordaland til Stadt,
31,2014,10447,Mefaldskjæret,medikamentell,fôrbehandling,Emamectin benzoat,,,,hele lokaliteten,1820,ALSTAHAUG,18,Nordland,65.85145,12.2872,8,Helgeland til Bodø,
31,2014,10303,Nappeholmane,rensefisk,,,1692,Annen leppefisk,1464,deler av lokaliteten,1219,BØMLO,12,Hordaland,59.74275,5.363817,3,Karmøy til Sotra,
31,2014,11041,Nord-Gåsvær,rensefisk,,,1693,Bergnebb,24110,hele lokaliteten,1818,HERØY I NORDLAND,18,Nordland,66.07035,12.065617,8,Helgeland til Bodø,
31,2014,10181,Oksebåsen V,medikamentell,badebehandling,Cypermethrin,,,,hele lokaliteten,1532,GISKE,15,Møre og Romsdal,62.5174,6.15805,5,Stadt til Hustadvika,
31,2014,10136,Onarøy,rensefisk,,,1691,Berggylt,135,deler av lokaliteten,1223,TYSNES,12,Hordaland,59.95335,5.669683,3,Karmøy til Sotra,
31,2014,10136,Onarøy,rensefisk,,,1693,Bergnebb,100,deler av lokaliteten,1223,TYSNES,12,Hordaland,59.95335,5.669683,3,Karmøy til Sotra,
31,2014,10136,Onarøy,rensefisk,,,1694,Grøngylt,1372,deler av lokaliteten,1223,TYSNES,12,Hordaland,59.95335,5.669683,3,Karmøy til Sotra,
31,2014,12394,Ørnøya,medikamentell,badebehandling,Hydrogenperoksid,,,,deler av lokaliteten,1620,FRØYA,16,Sør-Trøndelag,63.761868,8.445183,6,Nordmøre og Sør-Trøndelag,
31,2014,24696,Ørnøya II,medikamentell,badebehandling,Annet virkestoff,,,,deler av lokaliteten,1620,FRØYA,16,Sør-Trøndelag,63.759167,8.449133,6,Nordmøre og Sør-Trøndelag,
31,2014,24696,Ørnøya II,medikamentell,badebehandling,Annet virkestoff,,,,deler av lokaliteten,1620,FRØYA,16,Sør-Trøndelag,63.759167,8.449133,6,Nordmøre og Sør-Trøndelag,
31,2014,24696,Ørnøya II,medikamentell,badebehandling,Annet virkestoff,,,,deler av lokaliteten,1620,FRØYA,16,Sør-Trøndelag,63.759167,8.449133,6,Nordmøre og Sør-Trøndelag,
31,2014,19655,Ospeneset,rensefisk,,,1694,Grøngylt,4440,deler av lokaliteten,1263,LINDÅS,12,Hordaland,60.7459,5.2684,4,Nordhordaland til Stadt,
31,2014,19655,Ospeneset,rensefisk,,,1691,Berggylt,470,deler av lokaliteten,1263,LINDÅS,12,Hordaland,60.7459,5.2684,4,Nordhordaland til Stadt,
31,2014,31397,Oterneset,medikamentell,badebehandling,Deltamethrin,,,,deler av lokaliteten,1903,HARSTAD,19,Troms,68.929665,16.701433,10,Andøya til Senja,
31,2014,11972,Prestholmane,medikamentell,badebehandling,Deltamethrin,,,,hele lokaliteten,1141,FINNØY,11,Rogaland,59.11717,5.844433,2,Ryfylke,
31,2014,11972,Prestholmane,ikke-medikamentell,,,,,,hele lokaliteten,1141,FINNØY,11,Rogaland,59.11717,5.844433,2,Ryfylke,
31,2014,29116,Reiråklakken,rensefisk,,,1691,Berggylt,1341,deler av lokaliteten,1573,SMØLA,15,Møre og Romsdal,63.450333,8.167717,6,Nordmøre og Sør-Trøndelag,
31,2014,29116,Reiråklakken,rensefisk,,,1694,Grøngylt,15298,deler av lokaliteten,1573,SMØLA,15,Møre og Romsdal,63.450333,8.167717,6,Nordmøre og Sør-Trøndelag,
31,2014,29116,Reiråklakken,rensefisk,,,1693,Bergnebb,24819,deler av lokaliteten,1573,SMØLA,15,Møre og Romsdal,63.450333,8.167717,6,Nordmøre og Sør-Trøndelag,
31,2014,22796,Renga S,medikamentell,badebehandling,Annet virkestoff,,,,deler av lokaliteten,1836,RØDØY,18,Nordland,66.58873,13.096467,8,Helgeland til Bodø,
31,2014,30657,Revøy,rensefisk,,,1693,Bergnebb,16000,hele lokaliteten,1032,LYNGDAL,10,Vest-Agder,58.0243,7.0268,1,Svenskegrensen til Jæren,
31,2014,12784,Ringholmen,rensefisk,,,1691,Berggylt,2500,deler av lokaliteten,1613,SNILLFJORD,16,Sør-Trøndelag,63.56,9.41005,6,Nordmøre og Sør-Trøndelag,
31,2014,12784,Ringholmen,rensefisk,,,1694,Grøngylt,16794,deler av lokaliteten,1613,SNILLFJORD,16,Sør-Trøndelag,63.56,9.41005,6,Nordmøre og Sør-Trøndelag,
31,2014,12281,Rogne,medikamentell,badebehandling,Cypermethrin,,,,deler av lokaliteten,1534,HARAM,15,Møre og Romsdal,62.667816,6.357217,5,Stadt til Hustadvika,
31,2014,12281,Rogne,rensefisk,,,1694,Grøngylt,18820,hele lokaliteten,1534,HARAM,15,Møre og Romsdal,62.667816,6.357217,5,Stadt til Hustadvika,
31,2014,29276,Rongøy,medikamentell,badebehandling,Deltamethrin,,,,deler av lokaliteten,1259,ØYGARDEN,12,Hordaland,60.509468,4.9314,4,Nordhordaland til Stadt,
31,2014,12298,Røysa,rensefisk,,,1694,Grøngylt,1295,deler av lokaliteten,1532,GISKE,15,Møre og Romsdal,62.55078,6.141583,5,Stadt til Hustadvika,
31,2014,12298,Røysa,rensefisk,,,1693,Bergnebb,1790,deler av lokaliteten,1532,GISKE,15,Møre og Romsdal,62.55078,6.141583,5,Stadt til Hustadvika,
31,2014,12298,Røysa,rensefisk,,,1691,Berggylt,372,deler av lokaliteten,1532,GISKE,15,Møre og Romsdal,62.55078,6.141583,5,Stadt til Hustadvika,
31,2014,12794,Rundklumpen,rensefisk,,,2221,Rognkjeks (felles),8591,hele lokaliteten,1627,BJUGN,16,Sør-Trøndelag,63.8012,9.607983,6,Nordmøre og Sør-Trøndelag,
31,2014,13748,Saltkjelvika,rensefisk,,,1693,Bergnebb,6027,deler av lokaliteten,1703,NAMSOS,17,Nord-Trøndelag,64.59852,11.266067,7,Nord-Trøndelag med Bindal,
31,2014,11856,Salvågvika,rensefisk,,,1694,Grøngylt,3600,deler av lokaliteten,1004,FLEKKEFJORD,10,Vest-Agder,58.223434,6.63615,1,Svenskegrensen til Jæren,
31,2014,19135,Sandøya III,rensefisk,,,2221,Rognkjeks (felles),21749,hele lokaliteten,1632,ROAN,16,Sør-Trøndelag,64.243385,10.26445,6,Nordmøre og Sør-Trøndelag,
31,2014,19135,Sandøya III,rensefisk,,,1691,Berggylt,295,hele lokaliteten,1632,ROAN,16,Sør-Trøndelag,64.243385,10.26445,6,Nordmøre og Sør-Trøndelag,
31,2014,12244,Setevika,rensefisk,,,1691,Berggylt,153,deler av lokaliteten,1545,MIDSUND,15,Møre og Romsdal,62.728065,6.939283,5,Stadt til Hustadvika,
31,2014,12244,Setevika,rensefisk,,,1694,Grøngylt,7135,deler av lokaliteten,1545,MIDSUND,15,Møre og Romsdal,62.728065,6.939283,5,Stadt til Hustadvika,
31,2014,12244,Setevika,rensefisk,,,1693,Bergnebb,3427,deler av lokaliteten,1545,MIDSUND,15,Møre og Romsdal,62.728065,6.939283,5,Stadt til Hustadvika,
31,2014,33017,Setevika Nord,rensefisk,,,1694,Grøngylt,3929,deler av lokaliteten,1545,MIDSUND,15,Møre og Romsdal,62.73835,6.937667,5,Stadt til Hustadvika,
31,2014,33017,Setevika Nord,rensefisk,,,1691,Berggylt,8,deler av lokaliteten,1545,MIDSUND,15,Møre og Romsdal,62.73835,6.937667,5,Stadt til Hustadvika,
31,2014,33017,Setevika Nord,rensefisk,,,1693,Bergnebb,7108,deler av lokaliteten,1545,MIDSUND,15,Møre og Romsdal,62.73835,6.937667,5,Stadt til Hustadvika,
31,2014,34117,Skåtholmen,rensefisk,,,1692,Annen leppefisk,34,deler av lokaliteten,1241,FUSA,12,Hordaland,60.17177,5.563633,3,Karmøy til Sotra,
31,2014,26738,Skiftesvika,rensefisk,,,1694,Grøngylt,2390,hele lokaliteten,1141,FINNØY,11,Rogaland,59.167885,5.920667,2,Ryfylke,
31,2014,26738,Skiftesvika,rensefisk,,,1691,Berggylt,390,hele lokaliteten,1141,FINNØY,11,Rogaland,59.167885,5.920667,2,Ryfylke,
31,2014,11640,Skorpeosen,rensefisk,,,1694,Grøngylt,7207,deler av lokaliteten,1246,FJELL,12,Hordaland,60.332535,4.942783,3,Karmøy til Sotra,
31,2014,28316,Slåttøya,rensefisk,,,1693,Bergnebb,10148,hele lokaliteten,1630,ÅFJORD,16,Sør-Trøndelag,63.995033,9.871283,6,Nordmøre og Sør-Trøndelag,
31,2014,28316,Slåttøya,rensefisk,,,2221,Rognkjeks (felles),19262,hele lokaliteten,1630,ÅFJORD,16,Sør-Trøndelag,63.995033,9.871283,6,Nordmøre og Sør-Trøndelag,
31,2014,13291,Soløya,medikamentell,badebehandling,Azamethiphos,,,,hele lokaliteten,1859,FLAKSTAD,18,Nordland,68.00382,13.182267,9,Vestfjorden og Vesterålen,
31,2014,13291,Soløya,medikamentell,badebehandling,Deltamethrin,,,,hele lokaliteten,1859,FLAKSTAD,18,Nordland,68.00382,13.182267,9,Vestfjorden og Vesterålen,
31,2014,11492,Storevikholmen,rensefisk,,,1693,Bergnebb,180,deler av lokaliteten,1222,FITJAR,12,Hordaland,59.839317,5.30495,3,Karmøy til Sotra,
31,2014,11492,Storevikholmen,rensefisk,,,1692,Annen leppefisk,290,deler av lokaliteten,1222,FITJAR,12,Hordaland,59.839317,5.30495,3,Karmøy til Sotra,
31,2014,11492,Storevikholmen,rensefisk,,,1694,Grøngylt,4021,deler av lokaliteten,1222,FITJAR,12,Hordaland,59.839317,5.30495,3,Karmøy til Sotra,
31,2014,13593,Storfjell,medikamentell,badebehandling,Cypermethrin,,,,hele lokaliteten,1865,VÅGAN,18,Nordland,68.325264,15.2023,9,Vestfjorden og Vesterålen,
31,2014,13125,Storvika,rensefisk,,,1693,Bergnebb,33913,deler av lokaliteten,1837,MELØY,18,Nordland,66.80855,13.242333,8,Helgeland til Bodø,
31,2014,22335,Storvika,rensefisk,,,1691,Berggylt,7500,hele lokaliteten,1548,FRÆNA,15,Møre og Romsdal,62.802166,6.981267,5,Stadt til Hustadvika,
31,2014,11858,Støytland,rensefisk,,,1694,Grøngylt,2558,deler av lokaliteten,1004,FLEKKEFJORD,10,Vest-Agder,58.2316,6.628533,1,Svenskegrensen til Jæren,
31,2014,11858,Støytland,rensefisk,,,1691,Berggylt,76,deler av lokaliteten,1004,FLEKKEFJORD,10,Vest-Agder,58.2316,6.628533,1,Svenskegrensen til Jæren,
31,2014,11552,Stuholmen,rensefisk,,,1692,Annen leppefisk,3718,hele lokaliteten,1245,SUND,12,Hordaland,60.249683,4.978117,3,Karmøy til Sotra,
31,2014,11312,Svartfjell,medikamentell,badebehandling,Deltamethrin,,,,deler av lokaliteten,1848,STEIGEN,18,Nordland,67.93948,15.503168,9,Vestfjorden og Vesterålen,
31,2014,11144,Svinvær,rensefisk,,,1693,Bergnebb,41439,deler av lokaliteten,1836,RØDØY,18,Nordland,66.76923,13.170633,8,Helgeland til Bodø,
31,2014,13196,Syltøy,rensefisk,,,1694,Grøngylt,2250,deler av lokaliteten,1245,SUND,12,Hordaland,60.304,4.966767,3,Karmøy til Sotra,
31,2014,13196,Syltøy,rensefisk,,,1691,Berggylt,1000,deler av lokaliteten,1245,SUND,12,Hordaland,60.304,4.966767,3,Karmøy til Sotra,
31,2014,12268,Terningen,medikamentell,badebehandling,Azamethiphos,,,,deler av lokaliteten,1545,MIDSUND,15,Møre og Romsdal,62.6431,6.54805,5,Stadt til Hustadvika,
31,2014,12268,Terningen,medikamentell,badebehandling,Deltamethrin,,,,deler av lokaliteten,1545,MIDSUND,15,Møre og Romsdal,62.6431,6.54805,5,Stadt til Hustadvika,
31,2014,12268,Terningen,rensefisk,,,1694,Grøngylt,22199,deler av lokaliteten,1545,MIDSUND,15,Møre og Romsdal,62.6431,6.54805,5,Stadt til Hustadvika,
31,2014,12268,Terningen,rensefisk,,,1691,Berggylt,751,deler av lokaliteten,1545,MIDSUND,15,Møre og Romsdal,62.6431,6.54805,5,Stadt til Hustadvika,
31,2014,10054,Tobbeholmane,rensefisk,,,1694,Grøngylt,1333,deler av lokaliteten,1244,AUSTEVOLL,12,Hordaland,60.02432,5.30815,3,Karmøy til Sotra,
31,2014,10054,Tobbeholmane,rensefisk,,,1691,Berggylt,104,deler av lokaliteten,1244,AUSTEVOLL,12,Hordaland,60.02432,5.30815,3,Karmøy til Sotra,
31,2014,10054,Tobbeholmane,rensefisk,,,1693,Bergnebb,285,deler av lokaliteten,1244,AUSTEVOLL,12,Hordaland,60.02432,5.30815,3,Karmøy til Sotra,
31,2014,30560,Tristeinen,rensefisk,,,1692,Annen leppefisk,30317,hele lokaliteten,1627,BJUGN,16,Sør-Trøndelag,63.86895,9.6204,6,Nordmøre og Sør-Trøndelag,
31,2014,30717,Tveitnes,rensefisk,,,1693,Bergnebb,1793,deler av lokaliteten,1238,KVAM,12,Hordaland,60.414185,6.402,3,Karmøy til Sotra,
31,2014,11533,Usholmsvika,rensefisk,,,1692,Annen leppefisk,7883,hele lokaliteten,1245,SUND,12,Hordaland,60.1749,5.0917,3,Karmøy til Sotra,
31,2014,10091,Vågsøya,rensefisk,,,1692,Annen leppefisk,28406,hele lokaliteten,1401,FLORA,14,Sogn og Fjordane,61.489735,5.023517,4,Nordhordaland til Stadt,
31,2014,31557,Valøyan,ikke-medikamentell,,,,,,hele lokaliteten,1620,FRØYA,16,Sør-Trøndelag,63.81735,8.462483,6,Nordmøre og Sør-Trøndelag,
31,2014,13522,Valvika,rensefisk,,,1691,Berggylt,2000,deler av lokaliteten,1828,NESNA,18,Nordland,66.29887,12.813833,8,Helgeland til Bodø,
31,2014,32337,Veiesund,medikamentell,badebehandling,Deltamethrin,,,,hele lokaliteten,1401,FLORA,14,Sogn og Fjordane,61.572067,5.0466,4,Nordhordaland til Stadt,
31,2014,32337,Veiesund,rensefisk,,,1691,Berggylt,787,deler av lokaliteten,1401,FLORA,14,Sogn og Fjordane,61.572067,5.0466,4,Nordhordaland til Stadt,
31,2014,32337,Veiesund,rensefisk,,,1693,Bergnebb,788,deler av lokaliteten,1401,FLORA,14,Sogn og Fjordane,61.572067,5.0466,4,Nordhordaland til Stadt,
31,2014,32337,Veiesund,rensefisk,,,1694,Grøngylt,14173,deler av lokaliteten,1401,FLORA,14,Sogn og Fjordane,61.572067,5.0466,4,Nordhordaland til Stadt,
31,2014,12885,Vikageilen,rensefisk,,,1693,Bergnebb,14300,hele lokaliteten,1505,KRISTIANSUND,15,Møre og Romsdal,63.075783,7.906067,6,Nordmøre og Sør-Trøndelag,
30,2014,10298,Ålforo,rensefisk,,,1694,Grøngylt,10094,hele lokaliteten,1222,FITJAR,12,Hordaland,59.8665,5.244133,3,Karmøy til Sotra,
30,2014,10298,Ålforo,rensefisk,,,1693,Bergnebb,895,hele lokaliteten,1222,FITJAR,12,Hordaland,59.8665,5.244133,3,Karmøy til Sotra,
30,2014,10298,Ålforo,rensefisk,,,1692,Annen leppefisk,1206,hele lokaliteten,1222,FITJAR,12,Hordaland,59.8665,5.244133,3,Karmøy til Sotra,
30,2014,10298,Ålforo,rensefisk,,,1691,Berggylt,956,hele lokaliteten,1222,FITJAR,12,Hordaland,59.8665,5.244133,3,Karmøy til Sotra,
30,2014,24695,Årnes,rensefisk,,,1694,Grøngylt,539,deler av lokaliteten,1703,NAMSOS,17,Nord-Trøndelag,64.5961,11.273417,7,Nord-Trøndelag med Bindal,
30,2014,24695,Årnes,rensefisk,,,1693,Bergnebb,5821,deler av lokaliteten,1703,NAMSOS,17,Nord-Trøndelag,64.5961,11.273417,7,Nord-Trøndelag med Bindal,
30,2014,24695,Årnes,rensefisk,,,1691,Berggylt,68,deler av lokaliteten,1703,NAMSOS,17,Nord-Trøndelag,64.5961,11.273417,7,Nord-Trøndelag med Bindal,
30,2014,10960,Aspviksundet,ikke-medikamentell,,,,,,deler av lokaliteten,1820,ALSTAHAUG,18,Nordland,65.86287,12.624533,8,Helgeland til Bodø,
30,2014,26795,Austvika,medikamentell,badebehandling,Hydrogenperoksid,,,,deler av lokaliteten,1749,FLATANGER,17,Nord-Trøndelag,64.41853,10.696033,7,Nord-Trøndelag med Bindal,
30,2014,26795,Austvika,ikke-medikamentell,,,,,,deler av lokaliteten,1749,FLATANGER,17,Nord-Trøndelag,64.41853,10.696033,7,Nord-Trøndelag med Bindal,
30,2014,31877,Barøya,rensefisk,,,1693,Bergnebb,6945,deler av lokaliteten,1703,NAMSOS,17,Nord-Trøndelag,64.6206,11.233183,7,Nord-Trøndelag med Bindal,
30,2014,11930,Bjelkavik,rensefisk,,,1691,Berggylt,520,deler av lokaliteten,1134,SULDAL,11,Rogaland,59.45165,5.991917,2,Ryfylke,
30,2014,11930,Bjelkavik,rensefisk,,,1694,Grøngylt,2535,deler av lokaliteten,1134,SULDAL,11,Rogaland,59.45165,5.991917,2,Ryfylke,
30,2014,13209,Bognøy,rensefisk,,,1694,Grøngylt,2985,deler av lokaliteten,1260,RADØY,12,Hordaland,60.60407,5.076983,4,Nordhordaland til Stadt,
30,2014,13209,Bognøy,rensefisk,,,1692,Annen leppefisk,500,deler av lokaliteten,1260,RADØY,12,Hordaland,60.60407,5.076983,4,Nordhordaland til Stadt,
30,2014,13209,Bognøy,rensefisk,,,1691,Berggylt,378,deler av lokaliteten,1260,RADØY,12,Hordaland,60.60407,5.076983,4,Nordhordaland til Stadt,
30,2014,13209,Bognøy,rensefisk,,,1693,Bergnebb,1495,deler av lokaliteten,1260,RADØY,12,Hordaland,60.60407,5.076983,4,Nordhordaland til Stadt,
30,2014,11015,Brattholmen,ikke-medikamentell,,,,,,hele lokaliteten,1818,HERØY I NORDLAND,18,Nordland,65.90735,12.220967,8,Helgeland til Bodø,
30,2014,33537,Buholmen,rensefisk,,,1692,Annen leppefisk,13047,hele lokaliteten,1632,ROAN,16,Sør-Trøndelag,64.1569,10.008917,6,Nordmøre og Sør-Trøndelag,
30,2014,27976,Bukkholmen,ikke-medikamentell,,,,,,deler av lokaliteten,1820,ALSTAHAUG,18,Nordland,65.9184,12.244683,8,Helgeland til Bodø,
30,2014,13229,Djupedalen,rensefisk,,,1692,Annen leppefisk,815,deler av lokaliteten,1241,FUSA,12,Hordaland,60.230865,5.6733,3,Karmøy til Sotra,
30,2014,10110,Djupevik,rensefisk,,,1694,Grøngylt,2736,deler av lokaliteten,1141,FINNØY,11,Rogaland,59.1474,5.863783,2,Ryfylke,
30,2014,10110,Djupevik,rensefisk,,,1691,Berggylt,379,deler av lokaliteten,1141,FINNØY,11,Rogaland,59.1474,5.863783,2,Ryfylke,
30,2014,26595,Djupevika,rensefisk,,,1691,Berggylt,669,deler av lokaliteten,1223,TYSNES,12,Hordaland,60.035816,5.342217,3,Karmøy til Sotra,
30,2014,26595,Djupevika,rensefisk,,,1693,Bergnebb,466,deler av lokaliteten,1223,TYSNES,12,Hordaland,60.035816,5.342217,3,Karmøy til Sotra,
30,2014,26595,Djupevika,rensefisk,,,1692,Annen leppefisk,430,deler av lokaliteten,1223,TYSNES,12,Hordaland,60.035816,5.342217,3,Karmøy til Sotra,
30,2014,26595,Djupevika,rensefisk,,,1694,Grøngylt,503,deler av lokaliteten,1223,TYSNES,12,Hordaland,60.035816,5.342217,3,Karmøy til Sotra,
30,2014,32197,Dryna,rensefisk,,,1691,Berggylt,1263,deler av lokaliteten,1545,MIDSUND,15,Møre og Romsdal,62.6444,6.5568,5,Stadt til Hustadvika,
30,2014,32197,Dryna,rensefisk,,,1694,Grøngylt,17025,deler av lokaliteten,1545,MIDSUND,15,Møre og Romsdal,62.6444,6.5568,5,Stadt til Hustadvika,
30,2014,21415,Dyrholmen,rensefisk,,,1693,Bergnebb,7253,deler av lokaliteten,1141,FINNØY,11,Rogaland,59.285484,5.8583,2,Ryfylke,
30,2014,21415,Dyrholmen,rensefisk,,,1691,Berggylt,830,deler av lokaliteten,1141,FINNØY,11,Rogaland,59.285484,5.8583,2,Ryfylke,
30,2014,24575,Farmannsøya,rensefisk,,,1693,Bergnebb,14455,hele lokaliteten,1632,ROAN,16,Sør-Trøndelag,64.18636,10.1201,6,Nordmøre og Sør-Trøndelag,
30,2014,32597,Fjordprakken,rensefisk,,,222120,Rognkjeks (hun),1953,deler av lokaliteten,1573,SMØLA,15,Møre og Romsdal,63.256516,7.928067,6,Nordmøre og Sør-Trøndelag,
30,2014,31437,Fuglåsen,rensefisk,,,1691,Berggylt,2532,deler av lokaliteten,1573,SMØLA,15,Møre og Romsdal,63.44715,8.167767,6,Nordmøre og Sør-Trøndelag,
30,2014,31437,Fuglåsen,rensefisk,,,222120,Rognkjeks (hun),3997,deler av lokaliteten,1573,SMØLA,15,Møre og Romsdal,63.44715,8.167767,6,Nordmøre og Sør-Trøndelag,
30,2014,11814,Furevika,medikamentell,badebehandling,Deltamethrin,,,,hele lokaliteten,1429,FJALER,14,Sogn og Fjordane,61.30595,5.072183,4,Nordhordaland til Stadt,
30,2014,13874,Fyllingsnes S,rensefisk,,,1694,Grøngylt,2100,deler av lokaliteten,1263,LINDÅS,12,Hordaland,60.5821,5.4001,4,Nordhordaland til Stadt,
30,2014,24196,Gjelsøya,rensefisk,,,1693,Bergnebb,9762,deler av lokaliteten,1617,HITRA,16,Sør-Trøndelag,63.482616,8.280283,6,Nordmøre og Sør-Trøndelag,
30,2014,10324,Gjerdeviksflua,rensefisk,,,1694,Grøngylt,3815,deler av lokaliteten,1241,FUSA,12,Hordaland,60.223083,5.641167,3,Karmøy til Sotra,
30,2014,10318,Gulestø,rensefisk,,,1694,Grøngylt,745,deler av lokaliteten,1438,BREMANGER,14,Sogn og Fjordane,61.75802,5.069883,4,Nordhordaland til Stadt,
30,2014,10318,Gulestø,rensefisk,,,1693,Bergnebb,1485,deler av lokaliteten,1438,BREMANGER,14,Sogn og Fjordane,61.75802,5.069883,4,Nordhordaland til Stadt,
30,2014,10318,Gulestø,rensefisk,,,1691,Berggylt,130,deler av lokaliteten,1438,BREMANGER,14,Sogn og Fjordane,61.75802,5.069883,4,Nordhordaland til Stadt,
30,2014,24735,Gulholmen,rensefisk,,,1691,Berggylt,53,deler av lokaliteten,1243,OS I HORDALAND,12,Hordaland,60.1282,5.400467,3,Karmøy til Sotra,
30,2014,24735,Gulholmen,rensefisk,,,1693,Bergnebb,1200,deler av lokaliteten,1243,OS I HORDALAND,12,Hordaland,60.1282,5.400467,3,Karmøy til Sotra,
30,2014,24735,Gulholmen,rensefisk,,,1694,Grøngylt,3490,deler av lokaliteten,1243,OS I HORDALAND,12,Hordaland,60.1282,5.400467,3,Karmøy til Sotra,
30,2014,13886,Hallarøy V,medikamentell,badebehandling,Hydrogenperoksid,,,,deler av lokaliteten,1620,FRØYA,16,Sør-Trøndelag,63.998116,9.129283,6,Nordmøre og Sør-Trøndelag,
30,2014,13886,Hallarøy V,rensefisk,,,1693,Bergnebb,714,deler av lokaliteten,1620,FRØYA,16,Sør-Trøndelag,63.998116,9.129283,6,Nordmøre og Sør-Trøndelag,
30,2014,11920,Herøy,rensefisk,,,1694,Grøngylt,1978,deler av lokaliteten,1160,VINDAFJORD,11,Rogaland,59.4664,6.0262,2,Ryfylke,
30,2014,22596,Hesbygrunnen,rensefisk,,,1694,Grøngylt,548,deler av lokaliteten,1141,FINNØY,11,Rogaland,59.195816,5.807883,2,Ryfylke,
30,2014,22596,Hesbygrunnen,rensefisk,,,1692,Annen leppefisk,2630,deler av lokaliteten,1141,FINNØY,11,Rogaland,59.195816,5.807883,2,Ryfylke,
30,2014,22596,Hesbygrunnen,rensefisk,,,1691,Berggylt,1431,deler av lokaliteten,1141,FINNØY,11,Rogaland,59.195816,5.807883,2,Ryfylke,
30,2014,12036,Hisdalen,rensefisk,,,1694,Grøngylt,1670,deler av lokaliteten,1224,KVINNHERAD,12,Hordaland,60.12602,5.931333,3,Karmøy til Sotra,
30,2014,12599,Indre Skjervøy,rensefisk,,,2221,Rognkjeks (felles),12500,deler av lokaliteten,1633,OSEN,16,Sør-Trøndelag,64.2858,10.30905,6,Nordmøre og Sør-Trøndelag,
30,2014,11957,Indre Slettavikneset,medikamentell,badebehandling,Deltamethrin,,,,hele lokaliteten,1102,SANDNES,11,Rogaland,58.9542,5.943617,2,Ryfylke,
30,2014,11957,Indre Slettavikneset,ikke-medikamentell,,,,,,hele lokaliteten,1102,SANDNES,11,Rogaland,58.9542,5.943617,2,Ryfylke,
30,2014,12224,Isane,rensefisk,,,1693,Bergnebb,680,hele lokaliteten,1438,BREMANGER,14,Sogn og Fjordane,61.876534,5.722767,4,Nordhordaland til Stadt,
30,2014,12224,Isane,rensefisk,,,1694,Grøngylt,950,hele lokaliteten,1438,BREMANGER,14,Sogn og Fjordane,61.876534,5.722767,4,Nordhordaland til Stadt,
30,2014,12224,Isane,rensefisk,,,1691,Berggylt,1580,hele lokaliteten,1438,BREMANGER,14,Sogn og Fjordane,61.876534,5.722767,4,Nordhordaland til Stadt,
30,2014,13220,Kalhag,medikamentell,badebehandling,Deltamethrin,,,,hele lokaliteten,1130,STRAND,11,Rogaland,58.974716,5.93595,2,Ryfylke,
30,2014,13220,Kalhag,ikke-medikamentell,,,,,,hele lokaliteten,1130,STRAND,11,Rogaland,58.974716,5.93595,2,Ryfylke,
30,2014,15118,Kalvøya,rensefisk,,,1693,Bergnebb,1477,deler av lokaliteten,1834,LURØY,18,Nordland,66.39397,12.799817,8,Helgeland til Bodø,
30,2014,30437,Kattholmen II,rensefisk,,,1691,Berggylt,19,deler av lokaliteten,1620,FRØYA,16,Sør-Trøndelag,63.8661,8.675683,6,Nordmøre og Sør-Trøndelag,
30,2014,30437,Kattholmen II,rensefisk,,,1693,Bergnebb,1307,deler av lokaliteten,1620,FRØYA,16,Sør-Trøndelag,63.8661,8.675683,6,Nordmøre og Sør-Trøndelag,
30,2014,13225,Kilaneset,rensefisk,,,1693,Bergnebb,119,deler av lokaliteten,1134,SULDAL,11,Rogaland,59.31335,6.2672,2,Ryfylke,
30,2014,13225,Kilaneset,rensefisk,,,1691,Berggylt,126,deler av lokaliteten,1134,SULDAL,11,Rogaland,59.31335,6.2672,2,Ryfylke,
30,2014,13225,Kilaneset,rensefisk,,,1694,Grøngylt,1686,deler av lokaliteten,1134,SULDAL,11,Rogaland,59.31335,6.2672,2,Ryfylke,
30,2014,33577,Kjeholmen II,rensefisk,,,1691,Berggylt,2153,deler av lokaliteten,1003,FARSUND,10,Vest-Agder,58.06008,6.885683,1,Svenskegrensen til Jæren,
30,2014,26135,Kjørsvikgrunn,medikamentell,badebehandling,Hydrogenperoksid,,,,hele lokaliteten,1612,HEMNE,16,Sør-Trøndelag,63.457565,9.076,6,Nordmøre og Sør-Trøndelag,
30,2014,10113,Kobbavika,rensefisk,,,1694,Grøngylt,841,deler av lokaliteten,1141,FINNØY,11,Rogaland,59.12232,5.934433,2,Ryfylke,
30,2014,10113,Kobbavika,rensefisk,,,1691,Berggylt,166,deler av lokaliteten,1141,FINNØY,11,Rogaland,59.12232,5.934433,2,Ryfylke,
30,2014,11575,Koløy N,rensefisk,,,1692,Annen leppefisk,700,hele lokaliteten,1222,FITJAR,12,Hordaland,59.8616,5.288267,3,Karmøy til Sotra,
30,2014,11575,Koløy N,rensefisk,,,1694,Grøngylt,350,hele lokaliteten,1222,FITJAR,12,Hordaland,59.8616,5.288267,3,Karmøy til Sotra,
30,2014,11575,Koløy N,rensefisk,,,1693,Bergnebb,800,hele lokaliteten,1222,FITJAR,12,Hordaland,59.8616,5.288267,3,Karmøy til Sotra,
30,2014,11575,Koløy N,rensefisk,,,1691,Berggylt,500,hele lokaliteten,1222,FITJAR,12,Hordaland,59.8616,5.288267,3,Karmøy til Sotra,
30,2014,19195,Korsholman,rensefisk,,,1693,Bergnebb,2282,deler av lokaliteten,1617,HITRA,16,Sør-Trøndelag,63.597218,8.51575,6,Nordmøre og Sør-Trøndelag,
30,2014,19195,Korsholman,rensefisk,,,1691,Berggylt,1095,deler av lokaliteten,1617,HITRA,16,Sør-Trøndelag,63.597218,8.51575,6,Nordmøre og Sør-Trøndelag,
30,2014,10224,Korsneset,rensefisk,,,1691,Berggylt,708,deler av lokaliteten,1571,HALSA,15,Møre og Romsdal,63.14268,8.225383,6,Nordmøre og Sør-Trøndelag,
30,2014,10224,Korsneset,rensefisk,,,1694,Grøngylt,661,deler av lokaliteten,1571,HALSA,15,Møre og Romsdal,63.14268,8.225383,6,Nordmøre og Sør-Trøndelag,
30,2014,32097,Korsneset 2,rensefisk,,,1691,Berggylt,1160,deler av lokaliteten,1571,HALSA,15,Møre og Romsdal,63.14123,8.21375,6,Nordmøre og Sør-Trøndelag,
30,2014,32097,Korsneset 2,rensefisk,,,1693,Bergnebb,2177,deler av lokaliteten,1571,HALSA,15,Møre og Romsdal,63.14123,8.21375,6,Nordmøre og Sør-Trøndelag,
30,2014,12476,Kråka Nø,rensefisk,,,1693,Bergnebb,8398,hele lokaliteten,1573,SMØLA,15,Møre og Romsdal,63.476818,8.060967,6,Nordmøre og Sør-Trøndelag,
30,2014,12239,Kråknes,rensefisk,,,1694,Grøngylt,1137,hele lokaliteten,1547,AUKRA,15,Møre og Romsdal,62.83145,6.962733,5,Stadt til Hustadvika,
30,2014,12239,Kråknes,rensefisk,,,1693,Bergnebb,22444,hele lokaliteten,1547,AUKRA,15,Møre og Romsdal,62.83145,6.962733,5,Stadt til Hustadvika,
30,2014,12239,Kråknes,rensefisk,,,1691,Berggylt,131,hele lokaliteten,1547,AUKRA,15,Møre og Romsdal,62.83145,6.962733,5,Stadt til Hustadvika,
30,2014,18217,Kvaløy Øst,medikamentell,fôrbehandling,Emamectin benzoat,,,,hele lokaliteten,1149,KARMØY,11,Rogaland,59.396633,5.171083,3,Karmøy til Sotra,
30,2014,22775,Kvaløya,rensefisk,,,1693,Bergnebb,40000,hele lokaliteten,1750,VIKNA,17,Nord-Trøndelag,65.001915,11.058617,7,Nord-Trøndelag med Bindal,
30,2014,24975,Kvernavika,rensefisk,,,1693,Bergnebb,234,deler av lokaliteten,1223,TYSNES,12,Hordaland,60.069283,5.351183,3,Karmøy til Sotra,
30,2014,24975,Kvernavika,rensefisk,,,1694,Grøngylt,3484,deler av lokaliteten,1223,TYSNES,12,Hordaland,60.069283,5.351183,3,Karmøy til Sotra,
30,2014,24975,Kvernavika,rensefisk,,,1691,Berggylt,865,deler av lokaliteten,1223,TYSNES,12,Hordaland,60.069283,5.351183,3,Karmøy til Sotra,
30,2014,24975,Kvernavika,rensefisk,,,1692,Annen leppefisk,2441,deler av lokaliteten,1223,TYSNES,12,Hordaland,60.069283,5.351183,3,Karmøy til Sotra,
30,2014,10041,Kviksholmen,rensefisk,,,1692,Annen leppefisk,500,hele lokaliteten,1244,AUSTEVOLL,12,Hordaland,60.054317,5.090733,3,Karmøy til Sotra,
30,2014,10041,Kviksholmen,rensefisk,,,1694,Grøngylt,3000,hele lokaliteten,1244,AUSTEVOLL,12,Hordaland,60.054317,5.090733,3,Karmøy til Sotra,
30,2014,10041,Kviksholmen,rensefisk,,,1691,Berggylt,400,hele lokaliteten,1244,AUSTEVOLL,12,Hordaland,60.054317,5.090733,3,Karmøy til Sotra,
30,2014,10080,Laksevika,medikamentell,fôrbehandling,Emamectin benzoat,,,,hele lokaliteten,1256,MELAND,12,Hordaland,60.53015,5.11575,4,Nordhordaland til Stadt,
30,2014,11116,Langholmen,medikamentell,fôrbehandling,Emamectin benzoat,,,,deler av lokaliteten,1838,GILDESKÅL,18,Nordland,67.05762,14.025033,8,Helgeland til Bodø,
30,2014,26675,Leirhholmen,rensefisk,,,1693,Bergnebb,283,deler av lokaliteten,1834,LURØY,18,Nordland,66.3565,12.530117,8,Helgeland til Bodø,
30,2014,12392,Lille Torsøy,rensefisk,,,1694,Grøngylt,6201,deler av lokaliteten,1617,HITRA,16,Sør-Trøndelag,63.605633,8.48855,6,Nordmøre og Sør-Trøndelag,
30,2014,12392,Lille Torsøy,rensefisk,,,1691,Berggylt,3578,deler av lokaliteten,1617,HITRA,16,Sør-Trøndelag,63.605633,8.48855,6,Nordmøre og Sør-Trøndelag,
30,2014,29056,Lille Torsøy II,medikamentell,fôrbehandling,Emamectin benzoat,,,,deler av lokaliteten,1617,HITRA,16,Sør-Trøndelag,63.60803,8.494633,6,Nordmøre og Sør-Trøndelag,
30,2014,29056,Lille Torsøy II,rensefisk,,,1694,Grøngylt,8000,deler av lokaliteten,1617,HITRA,16,Sør-Trøndelag,63.60803,8.494633,6,Nordmøre og Sør-Trøndelag,
30,2014,29056,Lille Torsøy II,rensefisk,,,1693,Bergnebb,1267,deler av lokaliteten,1617,HITRA,16,Sør-Trøndelag,63.60803,8.494633,6,Nordmøre og Sør-Trøndelag,
30,2014,29056,Lille Torsøy II,rensefisk,,,1691,Berggylt,10760,deler av lokaliteten,1617,HITRA,16,Sør-Trøndelag,63.60803,8.494633,6,Nordmøre og Sør-Trøndelag,
30,2014,12966,Lindvik,medikamentell,badebehandling,Deltamethrin,,,,deler av lokaliteten,1160,VINDAFJORD,11,Rogaland,59.4752,5.978667,2,Ryfylke,
30,2014,12022,Ljonesbjørgene,rensefisk,,,1694,Grøngylt,2750,deler av lokaliteten,1238,KVAM,12,Hordaland,60.2564,6.16585,3,Karmøy til Sotra,
30,2014,14043,Lybergsvika,medikamentell,badebehandling,Azamethiphos,,,,deler av lokaliteten,1539,RAUMA,15,Møre og Romsdal,62.641582,7.448583,5,Stadt til Hustadvika,
30,2014,14043,Lybergsvika,medikamentell,badebehandling,Deltamethrin,,,,deler av lokaliteten,1539,RAUMA,15,Møre og Romsdal,62.641582,7.448583,5,Stadt til Hustadvika,
30,2014,13965,Nesbø/Gjeldsvik,medikamentell,badebehandling,Azamethiphos,,,,hele lokaliteten,1263,LINDÅS,12,Hordaland,60.68835,5.4232,4,Nordhordaland til Stadt,
30,2014,13965,Nesbø/Gjeldsvik,medikamentell,badebehandling,Deltamethrin,,,,hele lokaliteten,1263,LINDÅS,12,Hordaland,60.68835,5.4232,4,Nordhordaland til Stadt,
30,2014,11041,Nord-Gåsvær,medikamentell,fôrbehandling,Emamectin benzoat,,,,hele lokaliteten,1818,HERØY I NORDLAND,18,Nordland,66.07035,12.065617,8,Helgeland til Bodø,
30,2014,11041,Nord-Gåsvær,rensefisk,,,1693,Bergnebb,17570,hele lokaliteten,1818,HERØY I NORDLAND,18,Nordland,66.07035,12.065617,8,Helgeland til Bodø,
30,2014,14495,Nordeimsøyna,rensefisk,,,1693,Bergnebb,20634,deler av lokaliteten,1141,FINNØY,11,Rogaland,59.28695,5.812483,2,Ryfylke,
30,2014,10181,Oksebåsen V,rensefisk,,,1691,Berggylt,3313,deler av lokaliteten,1532,GISKE,15,Møre og Romsdal,62.5174,6.15805,5,Stadt til Hustadvika,
30,2014,33737,Olausskjæret,rensefisk,,,222120,Rognkjeks (hun),10748,deler av lokaliteten,1620,FRØYA,16,Sør-Trøndelag,63.790466,8.502083,6,Nordmøre og Sør-Trøndelag,
30,2014,11908,Oltesvik,rensefisk,,,1691,Berggylt,16803,hele lokaliteten,1122,GJESDAL,11,Rogaland,58.854916,6.124417,2,Ryfylke,
30,2014,28676,Olvika,rensefisk,,,2221,Rognkjeks (felles),8750,hele lokaliteten,1834,LURØY,18,Nordland,66.43864,13.1274,8,Helgeland til Bodø,
30,2014,12383,Omsøyholman,medikamentell,badebehandling,Hydrogenperoksid,,,,hele lokaliteten,1617,HITRA,16,Sør-Trøndelag,63.63162,8.574817,6,Nordmøre og Sør-Trøndelag,
30,2014,10136,Onarøy,rensefisk,,,1692,Annen leppefisk,20,deler av lokaliteten,1223,TYSNES,12,Hordaland,59.95335,5.669683,3,Karmøy til Sotra,
30,2014,10136,Onarøy,rensefisk,,,1691,Berggylt,60,deler av lokaliteten,1223,TYSNES,12,Hordaland,59.95335,5.669683,3,Karmøy til Sotra,
30,2014,10136,Onarøy,rensefisk,,,1693,Bergnebb,65,deler av lokaliteten,1223,TYSNES,12,Hordaland,59.95335,5.669683,3,Karmøy til Sotra,
30,2014,10136,Onarøy,rensefisk,,,1694,Grøngylt,1018,deler av lokaliteten,1223,TYSNES,12,Hordaland,59.95335,5.669683,3,Karmøy til Sotra,
30,2014,33417,Persflua,rensefisk,,,1693,Bergnebb,19155,hele lokaliteten,1627,BJUGN,16,Sør-Trøndelag,63.91345,9.826433,6,Nordmøre og Sør-Trøndelag,
30,2014,11651,Ramsøy S,rensefisk,,,1694,Grøngylt,33325,hele lokaliteten,1247,ASKØY,12,Hordaland,60.434082,5.062733,3,Karmøy til Sotra,
30,2014,28636,Rataren,rensefisk,,,1693,Bergnebb,1100,deler av lokaliteten,1620,FRØYA,16,Sør-Trøndelag,63.780884,8.517383,6,Nordmøre og Sør-Trøndelag,
30,2014,28636,Rataren,rensefisk,,,1691,Berggylt,431,deler av lokaliteten,1620,FRØYA,16,Sør-Trøndelag,63.780884,8.517383,6,Nordmøre og Sør-Trøndelag,
30,2014,29116,Reiråklakken,rensefisk,,,1693,Bergnebb,7870,hele lokaliteten,1573,SMØLA,15,Møre og Romsdal,63.450333,8.167717,6,Nordmøre og Sør-Trøndelag,
30,2014,29116,Reiråklakken,rensefisk,,,1691,Berggylt,18748,hele lokaliteten,1573,SMØLA,15,Møre og Romsdal,63.450333,8.167717,6,Nordmøre og Sør-Trøndelag,
30,2014,17357,Rennaren,rensefisk,,,1691,Berggylt,8673,deler av lokaliteten,1142,RENNESØY,11,Rogaland,59.131584,5.72165,2,Ryfylke,
30,2014,12209,Rønstad,medikamentell,badebehandling,Azamethiphos,,,,hele lokaliteten,1519,VOLDA,15,Møre og Romsdal,62.135117,6.021433,5,Stadt til Hustadvika,
30,2014,12209,Rønstad,medikamentell,badebehandling,Deltamethrin,,,,hele lokaliteten,1519,VOLDA,15,Møre og Romsdal,62.135117,6.021433,5,Stadt til Hustadvika,
30,2014,11122,Røssøya N,medikamentell,badebehandling,Hydrogenperoksid,,,,hele lokaliteten,1838,GILDESKÅL,18,Nordland,67.073,13.947583,8,Helgeland til Bodø,
30,2014,12298,Røysa,rensefisk,,,1694,Grøngylt,17403,deler av lokaliteten,1532,GISKE,15,Møre og Romsdal,62.55078,6.141583,5,Stadt til Hustadvika,
30,2014,12298,Røysa,rensefisk,,,1693,Bergnebb,2499,deler av lokaliteten,1532,GISKE,15,Møre og Romsdal,62.55078,6.141583,5,Stadt til Hustadvika,
30,2014,12298,Røysa,rensefisk,,,1691,Berggylt,398,deler av lokaliteten,1532,GISKE,15,Møre og Romsdal,62.55078,6.141583,5,Stadt til Hustadvika,
30,2014,11856,Salvågvika,rensefisk,,,1694,Grøngylt,742,deler av lokaliteten,1004,FLEKKEFJORD,10,Vest-Agder,58.223434,6.63615,1,Svenskegrensen til Jæren,
30,2014,11856,Salvågvika,rensefisk,,,1691,Berggylt,229,deler av lokaliteten,1004,FLEKKEFJORD,10,Vest-Agder,58.223434,6.63615,1,Svenskegrensen til Jæren,
30,2014,19855,Segelråa,rensefisk,,,1693,Bergnebb,6794,deler av lokaliteten,1576,AURE,15,Møre og Romsdal,63.149746,8.12855,6,Nordmøre og Sør-Trøndelag,
30,2014,12844,Seterneset,medikamentell,badebehandling,Azamethiphos,,,,deler av lokaliteten,1502,MOLDE,15,Møre og Romsdal,62.67375,7.313967,5,Stadt til Hustadvika,
30,2014,12844,Seterneset,medikamentell,badebehandling,Deltamethrin,,,,deler av lokaliteten,1502,MOLDE,15,Møre og Romsdal,62.67375,7.313967,5,Stadt til Hustadvika,
30,2014,33017,Setevika Nord,rensefisk,,,1693,Bergnebb,6935,deler av lokaliteten,1545,MIDSUND,15,Møre og Romsdal,62.73835,6.937667,5,Stadt til Hustadvika,
30,2014,33017,Setevika Nord,rensefisk,,,1694,Grøngylt,11347,deler av lokaliteten,1545,MIDSUND,15,Møre og Romsdal,62.73835,6.937667,5,Stadt til Hustadvika,
30,2014,33017,Setevika Nord,rensefisk,,,1691,Berggylt,333,deler av lokaliteten,1545,MIDSUND,15,Møre og Romsdal,62.73835,6.937667,5,Stadt til Hustadvika,
30,2014,34117,Skåtholmen,rensefisk,,,1694,Grøngylt,1100,deler av lokaliteten,1241,FUSA,12,Hordaland,60.17177,5.563633,3,Karmøy til Sotra,
30,2014,34117,Skåtholmen,rensefisk,,,1693,Bergnebb,100,deler av lokaliteten,1241,FUSA,12,Hordaland,60.17177,5.563633,3,Karmøy til Sotra,
30,2014,34117,Skåtholmen,rensefisk,,,1692,Annen leppefisk,103,deler av lokaliteten,1241,FUSA,12,Hordaland,60.17177,5.563633,3,Karmøy til Sotra,
30,2014,26738,Skiftesvika,rensefisk,,,1694,Grøngylt,700,deler av lokaliteten,1141,FINNØY,11,Rogaland,59.167885,5.920667,2,Ryfylke,
30,2014,26738,Skiftesvika,rensefisk,,,1691,Berggylt,250,deler av lokaliteten,1141,FINNØY,11,Rogaland,59.167885,5.920667,2,Ryfylke,
30,2014,33157,Skogsholmen,rensefisk,,,1693,Bergnebb,36124,hele lokaliteten,1815,VEGA,18,Nordland,65.81475,12.070533,8,Helgeland til Bodø,
30,2014,12108,Skorpo Nv,rensefisk,,,1694,Grøngylt,4500,hele lokaliteten,1224,KVINNHERAD,12,Hordaland,59.951782,5.82475,3,Karmøy til Sotra,
30,2014,12108,Skorpo Nv,rensefisk,,,1693,Bergnebb,10500,hele lokaliteten,1224,KVINNHERAD,12,Hordaland,59.951782,5.82475,3,Karmøy til Sotra,
30,2014,15375,Sørøyflesa,medikamentell,badebehandling,Hydrogenperoksid,,,,deler av lokaliteten,1620,FRØYA,16,Sør-Trøndelag,63.98405,9.057067,6,Nordmøre og Sør-Trøndelag,
30,2014,10825,Steinviknes,medikamentell,badebehandling,Deltamethrin,,,,hele lokaliteten,2014,LOPPA,20,Finnmark,70.1517,22.312668,12,Vest-Finnmark,
30,2014,19015,Stokkvika,medikamentell,badebehandling,Annet virkestoff,,,,deler av lokaliteten,1612,HEMNE,16,Sør-Trøndelag,63.333534,9.180583,6,Nordmøre og Sør-Trøndelag,
30,2014,19015,Stokkvika,medikamentell,badebehandling,Annet virkestoff,,,,deler av lokaliteten,1612,HEMNE,16,Sør-Trøndelag,63.333534,9.180583,6,Nordmøre og Sør-Trøndelag,
30,2014,31338,Storskjeret,rensefisk,,,1691,Berggylt,362,deler av lokaliteten,1576,AURE,15,Møre og Romsdal,63.26985,8.228283,6,Nordmøre og Sør-Trøndelag,
30,2014,31338,Storskjeret,rensefisk,,,1693,Bergnebb,23172,deler av lokaliteten,1576,AURE,15,Møre og Romsdal,63.26985,8.228283,6,Nordmøre og Sør-Trøndelag,
30,2014,31338,Storskjeret,rensefisk,,,1694,Grøngylt,4598,deler av lokaliteten,1576,AURE,15,Møre og Romsdal,63.26985,8.228283,6,Nordmøre og Sør-Trøndelag,
30,2014,11858,Støytland,rensefisk,,,1694,Grøngylt,3016,hele lokaliteten,1004,FLEKKEFJORD,10,Vest-Agder,58.2316,6.628533,1,Svenskegrensen til Jæren,
30,2014,11858,Støytland,rensefisk,,,1691,Berggylt,1776,hele lokaliteten,1004,FLEKKEFJORD,10,Vest-Agder,58.2316,6.628533,1,Svenskegrensen til Jæren,
30,2014,12074,Svåsandneset,rensefisk,,,1694,Grøngylt,8569,deler av lokaliteten,1227,JONDAL,12,Hordaland,60.32422,6.318983,3,Karmøy til Sotra,
30,2014,11776,Sveholmane,medikamentell,fôrbehandling,Emamectin benzoat,,,,hele lokaliteten,1401,FLORA,14,Sogn og Fjordane,61.557716,5.215333,4,Nordhordaland til Stadt,
30,2014,10054,Tobbeholmane,rensefisk,,,1691,Berggylt,99,deler av lokaliteten,1244,AUSTEVOLL,12,Hordaland,60.02432,5.30815,3,Karmøy til Sotra,
30,2014,10054,Tobbeholmane,rensefisk,,,1693,Bergnebb,2626,deler av lokaliteten,1244,AUSTEVOLL,12,Hordaland,60.02432,5.30815,3,Karmøy til Sotra,
30,2014,10054,Tobbeholmane,rensefisk,,,1694,Grøngylt,1928,deler av lokaliteten,1244,AUSTEVOLL,12,Hordaland,60.02432,5.30815,3,Karmøy til Sotra,
30,2014,11533,Usholmsvika,rensefisk,,,1692,Annen leppefisk,5500,hele lokaliteten,1245,SUND,12,Hordaland,60.1749,5.0917,3,Karmøy til Sotra,
30,2014,12678,Vedøya,rensefisk,,,2221,Rognkjeks (felles),12380,deler av lokaliteten,1748,FOSNES,17,Nord-Trøndelag,64.60697,11.355178,7,Nord-Trøndelag med Bindal,
30,2014,32337,Veiesund,rensefisk,,,1691,Berggylt,1148,deler av lokaliteten,1401,FLORA,14,Sogn og Fjordane,61.572067,5.0466,4,Nordhordaland til Stadt,
30,2014,32337,Veiesund,rensefisk,,,1693,Bergnebb,1147,deler av lokaliteten,1401,FLORA,14,Sogn og Fjordane,61.572067,5.0466,4,Nordhordaland til Stadt,
30,2014,32337,Veiesund,rensefisk,,,1694,Grøngylt,20649,deler av lokaliteten,1401,FLORA,14,Sogn og Fjordane,61.572067,5.0466,4,Nordhordaland til Stadt,
29,2014,11179,Alterosen,medikamentell,badebehandling,Cypermethrin,,,,hele lokaliteten,1865,VÅGAN,18,Nordland,68.20737,14.446867,9,Vestfjorden og Vesterålen,
29,2014,13254,Aukan,medikamentell,badebehandling,Azamethiphos,,,,hele lokaliteten,1554,AVERØY,15,Møre og Romsdal,63.0603,7.594283,6,Nordmøre og Sør-Trøndelag,
29,2014,13254,Aukan,medikamentell,badebehandling,Deltamethrin,,,,hele lokaliteten,1554,AVERØY,15,Møre og Romsdal,63.0603,7.594283,6,Nordmøre og Sør-Trøndelag,
29,2014,18235,Bastli,rensefisk,,,1694,Grøngylt,1253,deler av lokaliteten,1133,HJELMELAND,11,Rogaland,59.2694,6.193083,2,Ryfylke,
29,2014,18235,Bastli,rensefisk,,,1693,Bergnebb,2635,deler av lokaliteten,1133,HJELMELAND,11,Rogaland,59.2694,6.193083,2,Ryfylke,
29,2014,11930,Bjelkavik,rensefisk,,,1691,Berggylt,1215,deler av lokaliteten,1134,SULDAL,11,Rogaland,59.45165,5.991917,2,Ryfylke,
29,2014,11930,Bjelkavik,rensefisk,,,1694,Grøngylt,6990,deler av lokaliteten,1134,SULDAL,11,Rogaland,59.45165,5.991917,2,Ryfylke,
29,2014,11340,Bjørnstein,medikamentell,badebehandling,Annet virkestoff,,,,hele lokaliteten,1917,IBESTAD,19,Troms,68.892365,17.110233,10,Andøya til Senja,
29,2014,13209,Bognøy,rensefisk,,,1692,Annen leppefisk,761,deler av lokaliteten,1260,RADØY,12,Hordaland,60.60407,5.076983,4,Nordhordaland til Stadt,
29,2014,13209,Bognøy,rensefisk,,,1694,Grøngylt,3042,deler av lokaliteten,1260,RADØY,12,Hordaland,60.60407,5.076983,4,Nordhordaland til Stadt,
29,2014,13209,Bognøy,rensefisk,,,1693,Bergnebb,1267,deler av lokaliteten,1260,RADØY,12,Hordaland,60.60407,5.076983,4,Nordhordaland til Stadt,
29,2014,13209,Bognøy,rensefisk,,,1691,Berggylt,382,deler av lokaliteten,1260,RADØY,12,Hordaland,60.60407,5.076983,4,Nordhordaland til Stadt,
29,2014,13205,Brattholmen,medikamentell,badebehandling,Azamethiphos,,,,hele lokaliteten,1412,SOLUND,14,Sogn og Fjordane,61.068382,4.713817,4,Nordhordaland til Stadt,
29,2014,13205,Brattholmen,medikamentell,badebehandling,Deltamethrin,,,,hele lokaliteten,1412,SOLUND,14,Sogn og Fjordane,61.068382,4.713817,4,Nordhordaland til Stadt,
29,2014,12594,Breidvika,medikamentell,badebehandling,Hydrogenperoksid,,,,hele lokaliteten,1633,OSEN,16,Sør-Trøndelag,64.295364,10.397483,6,Nordmøre og Sør-Trøndelag,
29,2014,12594,Breidvika,ikke-medikamentell,,,,,,hele lokaliteten,1633,OSEN,16,Sør-Trøndelag,64.295364,10.397483,6,Nordmøre og Sør-Trøndelag,
29,2014,12594,Breidvika,rensefisk,,,1691,Berggylt,7100,deler av lokaliteten,1633,OSEN,16,Sør-Trøndelag,64.295364,10.397483,6,Nordmøre og Sør-Trøndelag,
29,2014,32897,Breivika Sør,medikamentell,fôrbehandling,Emamectin benzoat,,,,hele lokaliteten,1827,DØNNA,18,Nordland,66.1581,12.682017,8,Helgeland til Bodø,
29,2014,34197,Brennholmen,medikamentell,fôrbehandling,Emamectin benzoat,,,,hele lokaliteten,1818,HERØY I NORDLAND,18,Nordland,65.978714,12.16355,8,Helgeland til Bodø,
29,2014,10264,Digermulen,medikamentell,fôrbehandling,Emamectin benzoat,,,,deler av lokaliteten,1751,NÆRØY,17,Nord-Trøndelag,64.9774,11.728117,7,Nord-Trøndelag med Bindal,
29,2014,13229,Djupedalen,rensefisk,,,1692,Annen leppefisk,11459,deler av lokaliteten,1241,FUSA,12,Hordaland,60.230865,5.6733,3,Karmøy til Sotra,
29,2014,10110,Djupevik,rensefisk,,,1694,Grøngylt,3148,deler av lokaliteten,1141,FINNØY,11,Rogaland,59.1474,5.863783,2,Ryfylke,
29,2014,10110,Djupevik,rensefisk,,,1691,Berggylt,553,deler av lokaliteten,1141,FINNØY,11,Rogaland,59.1474,5.863783,2,Ryfylke,
29,2014,32197,Dryna,rensefisk,,,1691,Berggylt,1330,deler av lokaliteten,1545,MIDSUND,15,Møre og Romsdal,62.6444,6.5568,5,Stadt til Hustadvika,
29,2014,32197,Dryna,rensefisk,,,1694,Grøngylt,7636,deler av lokaliteten,1545,MIDSUND,15,Møre og Romsdal,62.6444,6.5568,5,Stadt til Hustadvika,
29,2014,21415,Dyrholmen,rensefisk,,,1691,Berggylt,960,deler av lokaliteten,1141,FINNØY,11,Rogaland,59.285484,5.8583,2,Ryfylke,
29,2014,21415,Dyrholmen,rensefisk,,,1693,Bergnebb,2253,deler av lokaliteten,1141,FINNØY,11,Rogaland,59.285484,5.8583,2,Ryfylke,
29,2014,32117,Dyrholmen Øst,rensefisk,,,1694,Grøngylt,12000,hele lokaliteten,1222,FITJAR,12,Hordaland,59.9332,5.239467,3,Karmøy til Sotra,
29,2014,32157,Dyrholmen Vest,rensefisk,,,1694,Grøngylt,9000,hele lokaliteten,1222,FITJAR,12,Hordaland,59.928516,5.2307,3,Karmøy til Sotra,
29,2014,12109,Ebne,medikamentell,badebehandling,Deltamethrin,,,,hele lokaliteten,1211,ETNE,12,Hordaland,59.71465,5.824167,3,Karmøy til Sotra,
29,2014,32597,Fjordprakken,rensefisk,,,1691,Berggylt,1644,deler av lokaliteten,1573,SMØLA,15,Møre og Romsdal,63.256516,7.928067,6,Nordmøre og Sør-Trøndelag,
29,2014,32597,Fjordprakken,rensefisk,,,222120,Rognkjeks (hun),23188,deler av lokaliteten,1573,SMØLA,15,Møre og Romsdal,63.256516,7.928067,6,Nordmøre og Sør-Trøndelag,
29,2014,19336,Flatholmen,rensefisk,,,1694,Grøngylt,3353,deler av lokaliteten,1106,HAUGESUND,11,Rogaland,59.4293,5.114483,3,Karmøy til Sotra,
29,2014,19336,Flatholmen,rensefisk,,,1691,Berggylt,483,deler av lokaliteten,1106,HAUGESUND,11,Rogaland,59.4293,5.114483,3,Karmøy til Sotra,
29,2014,25895,Flornes,rensefisk,,,1694,Grøngylt,1839,deler av lokaliteten,1223,TYSNES,12,Hordaland,59.892982,5.665817,3,Karmøy til Sotra,
29,2014,25895,Flornes,rensefisk,,,1693,Bergnebb,1650,deler av lokaliteten,1223,TYSNES,12,Hordaland,59.892982,5.665817,3,Karmøy til Sotra,
29,2014,25895,Flornes,rensefisk,,,1691,Berggylt,3012,deler av lokaliteten,1223,TYSNES,12,Hordaland,59.892982,5.665817,3,Karmøy til Sotra,
29,2014,11893,Fosså,rensefisk,,,1693,Bergnebb,8785,hele lokaliteten,1133,HJELMELAND,11,Rogaland,59.2699,6.14295,2,Ryfylke,
29,2014,31437,Fuglåsen,rensefisk,,,1694,Grøngylt,4747,deler av lokaliteten,1573,SMØLA,15,Møre og Romsdal,63.44715,8.167767,6,Nordmøre og Sør-Trøndelag,
29,2014,13874,Fyllingsnes S,rensefisk,,,1694,Grøngylt,2300,deler av lokaliteten,1263,LINDÅS,12,Hordaland,60.5821,5.4001,4,Nordhordaland til Stadt,
29,2014,13036,Gjengane,rensefisk,,,1693,Bergnebb,1123,deler av lokaliteten,1244,AUSTEVOLL,12,Hordaland,60.071518,5.306383,3,Karmøy til Sotra,
29,2014,13036,Gjengane,rensefisk,,,1691,Berggylt,15,deler av lokaliteten,1244,AUSTEVOLL,12,Hordaland,60.071518,5.306383,3,Karmøy til Sotra,
29,2014,13036,Gjengane,rensefisk,,,1694,Grøngylt,236,deler av lokaliteten,1244,AUSTEVOLL,12,Hordaland,60.071518,5.306383,3,Karmøy til Sotra,
29,2014,12435,Grøttingsøy,medikamentell,badebehandling,Hydrogenperoksid,,,,deler av lokaliteten,1620,FRØYA,16,Sør-Trøndelag,63.879684,8.543767,6,Nordmøre og Sør-Trøndelag,
29,2014,32317,Guriøyna,medikamentell,badebehandling,Deltamethrin,,,,hele lokaliteten,1428,ASKVOLL,14,Sogn og Fjordane,61.297916,4.66045,4,Nordhordaland til Stadt,
29,2014,32317,Guriøyna,medikamentell,badebehandling,Deltamethrin,,,,hele lokaliteten,1428,ASKVOLL,14,Sogn og Fjordane,61.297916,4.66045,4,Nordhordaland til Stadt,
29,2014,19995,Hagahammaren,rensefisk,,,1693,Bergnebb,4087,deler av lokaliteten,1576,AURE,15,Møre og Romsdal,63.137768,8.03015,6,Nordmøre og Sør-Trøndelag,
29,2014,22095,Hågardsneset,rensefisk,,,1694,Grøngylt,3880,deler av lokaliteten,1224,KVINNHERAD,12,Hordaland,59.983932,5.932317,3,Karmøy til Sotra,
29,2014,16755,Hageberg,rensefisk,,,1693,Bergnebb,3000,hele lokaliteten,1222,FITJAR,12,Hordaland,59.944218,5.434733,3,Karmøy til Sotra,
29,2014,13886,Hallarøy V,rensefisk,,,1693,Bergnebb,4569,deler av lokaliteten,1620,FRØYA,16,Sør-Trøndelag,63.998116,9.129283,6,Nordmøre og Sør-Trøndelag,
29,2014,30257,Hausan,medikamentell,badebehandling,Azamethiphos,,,,deler av lokaliteten,1612,HEMNE,16,Sør-Trøndelag,63.45855,8.95495,6,Nordmøre og Sør-Trøndelag,
29,2014,30257,Hausan,medikamentell,badebehandling,Deltamethrin,,,,deler av lokaliteten,1612,HEMNE,16,Sør-Trøndelag,63.45855,8.95495,6,Nordmøre og Sør-Trøndelag,
29,2014,22596,Hesbygrunnen,rensefisk,,,1694,Grøngylt,4723,hele lokaliteten,1141,FINNØY,11,Rogaland,59.195816,5.807883,2,Ryfylke,
29,2014,22596,Hesbygrunnen,rensefisk,,,1692,Annen leppefisk,1050,hele lokaliteten,1141,FINNØY,11,Rogaland,59.195816,5.807883,2,Ryfylke,
29,2014,22596,Hesbygrunnen,rensefisk,,,1691,Berggylt,2431,hele lokaliteten,1141,FINNØY,11,Rogaland,59.195816,5.807883,2,Ryfylke,
29,2014,34017,Hilbåan,medikamentell,badebehandling,Azamethiphos,,,,hele lokaliteten,1617,HITRA,16,Sør-Trøndelag,63.6686,8.844717,6,Nordmøre og Sør-Trøndelag,
29,2014,34017,Hilbåan,medikamentell,badebehandling,Deltamethrin,,,,hele lokaliteten,1617,HITRA,16,Sør-Trøndelag,63.6686,8.844717,6,Nordmøre og Sør-Trøndelag,
29,2014,12036,Hisdalen,rensefisk,,,1694,Grøngylt,2204,deler av lokaliteten,1224,KVINNHERAD,12,Hordaland,60.12602,5.931333,3,Karmøy til Sotra,
29,2014,13931,Hjartøy Ø,medikamentell,fôrbehandling,Emamectin benzoat,,,,hele lokaliteten,1848,STEIGEN,18,Nordland,67.65585,15.118083,9,Vestfjorden og Vesterålen,
29,2014,13931,Hjartøy Ø,rensefisk,,,2221,Rognkjeks (felles),27352,deler av lokaliteten,1848,STEIGEN,18,Nordland,67.65585,15.118083,9,Vestfjorden og Vesterålen,
29,2014,11571,Holevik,rensefisk,,,1693,Bergnebb,5020,deler av lokaliteten,1219,BØMLO,12,Hordaland,59.776585,5.321817,3,Karmøy til Sotra,
29,2014,18936,Igerøy Ø,medikamentell,badebehandling,Annet virkestoff,,,,deler av lokaliteten,1815,VEGA,18,Nordland,65.68622,12.138533,8,Helgeland til Bodø,
29,2014,18936,Igerøy Ø,rensefisk,,,2221,Rognkjeks (felles),8387,deler av lokaliteten,1815,VEGA,18,Nordland,65.68622,12.138533,8,Helgeland til Bodø,
29,2014,27095,Ihlholmen,medikamentell,badebehandling,Deltamethrin,,,,deler av lokaliteten,1160,VINDAFJORD,11,Rogaland,59.7215,5.586633,3,Karmøy til Sotra,
29,2014,11269,Jektvika I,medikamentell,fôrbehandling,Emamectin benzoat,,,,hele lokaliteten,1845,SØRFOLD,18,Nordland,67.53132,15.443567,9,Vestfjorden og Vesterålen,
29,2014,14042,Kattholmen,medikamentell,badebehandling,Annet virkestoff,,,,deler av lokaliteten,1620,FRØYA,16,Sør-Trøndelag,63.870968,8.679017,6,Nordmøre og Sør-Trøndelag,
29,2014,14042,Kattholmen,medikamentell,badebehandling,Annet virkestoff,,,,deler av lokaliteten,1620,FRØYA,16,Sør-Trøndelag,63.870968,8.679017,6,Nordmøre og Sør-Trøndelag,
29,2014,30437,Kattholmen II,medikamentell,badebehandling,Hydrogenperoksid,,,,deler av lokaliteten,1620,FRØYA,16,Sør-Trøndelag,63.8661,8.675683,6,Nordmøre og Sør-Trøndelag,
29,2014,28976,Kelvesteinen,rensefisk,,,1694,Grøngylt,2580,deler av lokaliteten,1246,FJELL,12,Hordaland,60.4029,5.063717,3,Karmøy til Sotra,
29,2014,28976,Kelvesteinen,rensefisk,,,1692,Annen leppefisk,3000,deler av lokaliteten,1246,FJELL,12,Hordaland,60.4029,5.063717,3,Karmøy til Sotra,
29,2014,33577,Kjeholmen II,rensefisk,,,1691,Berggylt,2153,deler av lokaliteten,1003,FARSUND,10,Vest-Agder,58.06008,6.885683,1,Svenskegrensen til Jæren,
29,2014,11652,Kjeppevikholmen,medikamentell,fôrbehandling,Emamectin benzoat,,,,hele lokaliteten,1256,MELAND,12,Hordaland,60.5428,5.035883,4,Nordhordaland til Stadt,
29,2014,26135,Kjørsvikgrunn,medikamentell,badebehandling,Hydrogenperoksid,,,,hele lokaliteten,1612,HEMNE,16,Sør-Trøndelag,63.457565,9.076,6,Nordmøre og Sør-Trøndelag,
29,2014,10206,Kleven,medikamentell,badebehandling,Azamethiphos,,,,hele lokaliteten,1554,AVERØY,15,Møre og Romsdal,63.06938,7.601917,6,Nordmøre og Sør-Trøndelag,
29,2014,10206,Kleven,medikamentell,badebehandling,Deltamethrin,,,,hele lokaliteten,1554,AVERØY,15,Møre og Romsdal,63.06938,7.601917,6,Nordmøre og Sør-Trøndelag,
29,2014,13339,Klungervikneset,medikamentell,badebehandling,Deltamethrin,,,,hele lokaliteten,1219,BØMLO,12,Hordaland,59.74668,5.3424,3,Karmøy til Sotra,
29,2014,10113,Kobbavika,rensefisk,,,1694,Grøngylt,2707,deler av lokaliteten,1141,FINNØY,11,Rogaland,59.12232,5.934433,2,Ryfylke,
29,2014,10113,Kobbavika,rensefisk,,,1691,Berggylt,526,deler av lokaliteten,1141,FINNØY,11,Rogaland,59.12232,5.934433,2,Ryfylke,
29,2014,11575,Koløy N,rensefisk,,,1693,Bergnebb,300,hele lokaliteten,1222,FITJAR,12,Hordaland,59.8616,5.288267,3,Karmøy til Sotra,
29,2014,10224,Korsneset,rensefisk,,,1691,Berggylt,831,deler av lokaliteten,1571,HALSA,15,Møre og Romsdal,63.14268,8.225383,6,Nordmøre og Sør-Trøndelag,
29,2014,10224,Korsneset,rensefisk,,,1694,Grøngylt,335,deler av lokaliteten,1571,HALSA,15,Møre og Romsdal,63.14268,8.225383,6,Nordmøre og Sør-Trøndelag,
29,2014,32097,Korsneset 2,rensefisk,,,1693,Bergnebb,1763,deler av lokaliteten,1571,HALSA,15,Møre og Romsdal,63.14123,8.21375,6,Nordmøre og Sør-Trøndelag,
29,2014,30297,Krabbholmen,rensefisk,,,1693,Bergnebb,8797,deler av lokaliteten,1630,ÅFJORD,16,Sør-Trøndelag,63.94438,9.880667,6,Nordmøre og Sør-Trøndelag,
29,2014,30297,Krabbholmen,rensefisk,,,1694,Grøngylt,393,deler av lokaliteten,1630,ÅFJORD,16,Sør-Trøndelag,63.94438,9.880667,6,Nordmøre og Sør-Trøndelag,
29,2014,33177,Krabbholmen II,rensefisk,,,1693,Bergnebb,805,deler av lokaliteten,1630,ÅFJORD,16,Sør-Trøndelag,63.9399,9.88575,6,Nordmøre og Sør-Trøndelag,
29,2014,11714,Kvernhusvika,rensefisk,,,1693,Bergnebb,23970,deler av lokaliteten,1412,SOLUND,14,Sogn og Fjordane,61.0678,4.94225,4,Nordhordaland til Stadt,
29,2014,10041,Kviksholmen,rensefisk,,,1692,Annen leppefisk,500,hele lokaliteten,1244,AUSTEVOLL,12,Hordaland,60.054317,5.090733,3,Karmøy til Sotra,
29,2014,10041,Kviksholmen,rensefisk,,,1694,Grøngylt,3000,hele lokaliteten,1244,AUSTEVOLL,12,Hordaland,60.054317,5.090733,3,Karmøy til Sotra,
29,2014,10041,Kviksholmen,rensefisk,,,1691,Berggylt,400,hele lokaliteten,1244,AUSTEVOLL,12,Hordaland,60.054317,5.090733,3,Karmøy til Sotra,
29,2014,11775,Kviteskjeret,medikamentell,badebehandling,Azamethiphos,,,,hele lokaliteten,1428,ASKVOLL,14,Sogn og Fjordane,61.467815,5.2203,4,Nordhordaland til Stadt,
29,2014,11775,Kviteskjeret,medikamentell,badebehandling,Deltamethrin,,,,hele lokaliteten,1428,ASKVOLL,14,Sogn og Fjordane,61.467815,5.2203,4,Nordhordaland til Stadt,
29,2014,10080,Laksevika,medikamentell,fôrbehandling,Emamectin benzoat,,,,hele lokaliteten,1256,MELAND,12,Hordaland,60.53015,5.11575,4,Nordhordaland til Stadt,
29,2014,13055,Langøyna Ø,rensefisk,,,1693,Bergnebb,16645,deler av lokaliteten,1146,TYSVÆR,11,Rogaland,59.2983,5.713333,2,Ryfylke,
29,2014,20559,Langskjæra,medikamentell,badebehandling,Hydrogenperoksid,,,,hele lokaliteten,1620,FRØYA,16,Sør-Trøndelag,63.8225,8.75505,6,Nordmøre og Sør-Trøndelag,
29,2014,26675,Leirhholmen,rensefisk,,,1693,Bergnebb,204,deler av lokaliteten,1834,LURØY,18,Nordland,66.3565,12.530117,8,Helgeland til Bodø,
29,2014,30857,Leirvik,medikamentell,fôrbehandling,Emamectin benzoat,,,,hele lokaliteten,1838,GILDESKÅL,18,Nordland,67.0267,14.126283,8,Helgeland til Bodø,
29,2014,12392,Lille Torsøy,rensefisk,,,1694,Grøngylt,5000,deler av lokaliteten,1617,HITRA,16,Sør-Trøndelag,63.605633,8.48855,6,Nordmøre og Sør-Trøndelag,
29,2014,12392,Lille Torsøy,rensefisk,,,1691,Berggylt,1993,deler av lokaliteten,1617,HITRA,16,Sør-Trøndelag,63.605633,8.48855,6,Nordmøre og Sør-Trøndelag,
29,2014,12966,Lindvik,rensefisk,,,1694,Grøngylt,398,deler av lokaliteten,1160,VINDAFJORD,11,Rogaland,59.4752,5.978667,2,Ryfylke,
29,2014,12966,Lindvik,rensefisk,,,1691,Berggylt,3804,deler av lokaliteten,1160,VINDAFJORD,11,Rogaland,59.4752,5.978667,2,Ryfylke,
29,2014,31637,Melkøya,medikamentell,badebehandling,Azamethiphos,,,,hele lokaliteten,1818,HERØY I NORDLAND,18,Nordland,66.08231,12.201167,8,Helgeland til Bodø,
29,2014,31637,Melkøya,medikamentell,badebehandling,Deltamethrin,,,,hele lokaliteten,1818,HERØY I NORDLAND,18,Nordland,66.08231,12.201167,8,Helgeland til Bodø,
29,2014,13629,Munkholmen,rensefisk,,,1694,Grøngylt,1541,deler av lokaliteten,1146,TYSVÆR,11,Rogaland,59.285484,5.631317,2,Ryfylke,
29,2014,13629,Munkholmen,rensefisk,,,1691,Berggylt,163,deler av lokaliteten,1146,TYSVÆR,11,Rogaland,59.285484,5.631317,2,Ryfylke,
29,2014,14495,Nordeimsøyna,rensefisk,,,1693,Bergnebb,6628,deler av lokaliteten,1141,FINNØY,11,Rogaland,59.28695,5.812483,2,Ryfylke,
29,2014,13020,Nygård,rensefisk,,,1694,Grøngylt,6489,deler av lokaliteten,1242,SAMNANGER,12,Hordaland,60.357666,5.684917,3,Karmøy til Sotra,
29,2014,13020,Nygård,rensefisk,,,1692,Annen leppefisk,297,deler av lokaliteten,1242,SAMNANGER,12,Hordaland,60.357666,5.684917,3,Karmøy til Sotra,
29,2014,13020,Nygård,rensefisk,,,1691,Berggylt,925,deler av lokaliteten,1242,SAMNANGER,12,Hordaland,60.357666,5.684917,3,Karmøy til Sotra,
29,2014,31697,Oksen,ikke-medikamentell,,,,,,deler av lokaliteten,1246,FJELL,12,Hordaland,60.43382,4.9411,3,Karmøy til Sotra,
29,2014,33737,Olausskjæret,medikamentell,badebehandling,Azamethiphos,,,,deler av lokaliteten,1620,FRØYA,16,Sør-Trøndelag,63.790466,8.502083,6,Nordmøre og Sør-Trøndelag,
29,2014,33737,Olausskjæret,medikamentell,badebehandling,Cypermethrin,,,,deler av lokaliteten,1620,FRØYA,16,Sør-Trøndelag,63.790466,8.502083,6,Nordmøre og Sør-Trøndelag,
29,2014,33737,Olausskjæret,medikamentell,badebehandling,Hydrogenperoksid,,,,deler av lokaliteten,1620,FRØYA,16,Sør-Trøndelag,63.790466,8.502083,6,Nordmøre og Sør-Trøndelag,
29,2014,15403,Olderøy,medikamentell,badebehandling,Azamethiphos,,,,deler av lokaliteten,1412,SOLUND,14,Sogn og Fjordane,61.103283,4.712233,4,Nordhordaland til Stadt,
29,2014,15403,Olderøy,medikamentell,badebehandling,Deltamethrin,,,,deler av lokaliteten,1412,SOLUND,14,Sogn og Fjordane,61.103283,4.712233,4,Nordhordaland til Stadt,
29,2014,19655,Ospeneset,medikamentell,fôrbehandling,Annet virkestoff,,,,deler av lokaliteten,1263,LINDÅS,12,Hordaland,60.7459,5.2684,4,Nordhordaland til Stadt,
29,2014,13345,Oterstegdalen,medikamentell,badebehandling,Deltamethrin,,,,hele lokaliteten,1241,FUSA,12,Hordaland,60.23545,5.638267,3,Karmøy til Sotra,
29,2014,28636,Rataren,medikamentell,badebehandling,Azamethiphos,,,,deler av lokaliteten,1620,FRØYA,16,Sør-Trøndelag,63.780884,8.517383,6,Nordmøre og Sør-Trøndelag,
29,2014,28636,Rataren,medikamentell,badebehandling,Cypermethrin,,,,deler av lokaliteten,1620,FRØYA,16,Sør-Trøndelag,63.780884,8.517383,6,Nordmøre og Sør-Trøndelag,
29,2014,31959,Rataren II,medikamentell,badebehandling,Azamethiphos,,,,deler av lokaliteten,1620,FRØYA,16,Sør-Trøndelag,63.782383,8.526367,6,Nordmøre og Sør-Trøndelag,
29,2014,31959,Rataren II,medikamentell,badebehandling,Cypermethrin,,,,deler av lokaliteten,1620,FRØYA,16,Sør-Trøndelag,63.782383,8.526367,6,Nordmøre og Sør-Trøndelag,
29,2014,29116,Reiråklakken,rensefisk,,,1693,Bergnebb,16737,deler av lokaliteten,1573,SMØLA,15,Møre og Romsdal,63.450333,8.167717,6,Nordmøre og Sør-Trøndelag,
29,2014,29116,Reiråklakken,rensefisk,,,1691,Berggylt,328,deler av lokaliteten,1573,SMØLA,15,Møre og Romsdal,63.450333,8.167717,6,Nordmøre og Sør-Trøndelag,
29,2014,29116,Reiråklakken,rensefisk,,,1694,Grøngylt,14,deler av lokaliteten,1573,SMØLA,15,Møre og Romsdal,63.450333,8.167717,6,Nordmøre og Sør-Trøndelag,
29,2014,10086,Rekeviki,medikamentell,badebehandling,Azamethiphos,,,,hele lokaliteten,1263,LINDÅS,12,Hordaland,60.7231,5.325451,4,Nordhordaland til Stadt,
29,2014,10086,Rekeviki,medikamentell,badebehandling,Deltamethrin,,,,hele lokaliteten,1263,LINDÅS,12,Hordaland,60.7231,5.325451,4,Nordhordaland til Stadt,
29,2014,17357,Rennaren,rensefisk,,,1691,Berggylt,20652,deler av lokaliteten,1142,RENNESØY,11,Rogaland,59.131584,5.72165,2,Ryfylke,
29,2014,11122,Røssøya N,medikamentell,badebehandling,Hydrogenperoksid,,,,hele lokaliteten,1838,GILDESKÅL,18,Nordland,67.073,13.947583,8,Helgeland til Bodø,
29,2014,12298,Røysa,rensefisk,,,1694,Grøngylt,1290,deler av lokaliteten,1532,GISKE,15,Møre og Romsdal,62.55078,6.141583,5,Stadt til Hustadvika,
29,2014,12298,Røysa,rensefisk,,,1693,Bergnebb,534,deler av lokaliteten,1532,GISKE,15,Møre og Romsdal,62.55078,6.141583,5,Stadt til Hustadvika,
29,2014,12298,Røysa,rensefisk,,,1691,Berggylt,354,deler av lokaliteten,1532,GISKE,15,Møre og Romsdal,62.55078,6.141583,5,Stadt til Hustadvika,
29,2014,12244,Setevika,rensefisk,,,1694,Grøngylt,11922,deler av lokaliteten,1545,MIDSUND,15,Møre og Romsdal,62.728065,6.939283,5,Stadt til Hustadvika,
29,2014,12244,Setevika,rensefisk,,,1693,Bergnebb,12282,deler av lokaliteten,1545,MIDSUND,15,Møre og Romsdal,62.728065,6.939283,5,Stadt til Hustadvika,
29,2014,12244,Setevika,rensefisk,,,1691,Berggylt,305,deler av lokaliteten,1545,MIDSUND,15,Møre og Romsdal,62.728065,6.939283,5,Stadt til Hustadvika,
29,2014,33017,Setevika Nord,rensefisk,,,1691,Berggylt,398,deler av lokaliteten,1545,MIDSUND,15,Møre og Romsdal,62.73835,6.937667,5,Stadt til Hustadvika,
29,2014,33017,Setevika Nord,rensefisk,,,1694,Grøngylt,15760,deler av lokaliteten,1545,MIDSUND,15,Møre og Romsdal,62.73835,6.937667,5,Stadt til Hustadvika,
29,2014,33017,Setevika Nord,rensefisk,,,1693,Bergnebb,4551,deler av lokaliteten,1545,MIDSUND,15,Møre og Romsdal,62.73835,6.937667,5,Stadt til Hustadvika,
29,2014,28256,Skår,rensefisk,,,1693,Bergnebb,5420,deler av lokaliteten,1223,TYSNES,12,Hordaland,59.8994,5.532767,3,Karmøy til Sotra,
29,2014,10216,Skåren,rensefisk,,,1693,Bergnebb,13567,deler av lokaliteten,1571,HALSA,15,Møre og Romsdal,63.076733,8.19315,6,Nordmøre og Sør-Trøndelag,
29,2014,34117,Skåtholmen,rensefisk,,,1694,Grøngylt,1000,deler av lokaliteten,1241,FUSA,12,Hordaland,60.17177,5.563633,3,Karmøy til Sotra,
29,2014,34117,Skåtholmen,rensefisk,,,1693,Bergnebb,240,deler av lokaliteten,1241,FUSA,12,Hordaland,60.17177,5.563633,3,Karmøy til Sotra,
29,2014,34117,Skåtholmen,rensefisk,,,1692,Annen leppefisk,279,deler av lokaliteten,1241,FUSA,12,Hordaland,60.17177,5.563633,3,Karmøy til Sotra,
29,2014,26738,Skiftesvika,rensefisk,,,1694,Grøngylt,1800,deler av lokaliteten,1141,FINNØY,11,Rogaland,59.167885,5.920667,2,Ryfylke,
29,2014,26738,Skiftesvika,rensefisk,,,1691,Berggylt,444,deler av lokaliteten,1141,FINNØY,11,Rogaland,59.167885,5.920667,2,Ryfylke,
29,2014,11861,Skipningsdalen,rensefisk,,,2221,Rognkjeks (felles),1500,hele lokaliteten,1004,FLEKKEFJORD,10,Vest-Agder,58.24148,6.5958,1,Svenskegrensen til Jæren,
29,2014,11861,Skipningsdalen,rensefisk,,,1694,Grøngylt,300,hele lokaliteten,1004,FLEKKEFJORD,10,Vest-Agder,58.24148,6.5958,1,Svenskegrensen til Jæren,
29,2014,11861,Skipningsdalen,rensefisk,,,1691,Berggylt,5747,hele lokaliteten,1004,FLEKKEFJORD,10,Vest-Agder,58.24148,6.5958,1,Svenskegrensen til Jæren,
29,2014,10961,Skonseng,medikamentell,badebehandling,Annet virkestoff,,,,deler av lokaliteten,1824,VEFSN,18,Nordland,65.80648,12.619767,8,Helgeland til Bodø,
29,2014,10961,Skonseng,medikamentell,badebehandling,Annet virkestoff,,,,deler av lokaliteten,1824,VEFSN,18,Nordland,65.80648,12.619767,8,Helgeland til Bodø,
29,2014,10961,Skonseng,rensefisk,,,1694,Grøngylt,2073,deler av lokaliteten,1824,VEFSN,18,Nordland,65.80648,12.619767,8,Helgeland til Bodø,
29,2014,10961,Skonseng,rensefisk,,,1691,Berggylt,2420,deler av lokaliteten,1824,VEFSN,18,Nordland,65.80648,12.619767,8,Helgeland til Bodø,
29,2014,12192,Skorva,medikamentell,badebehandling,Azamethiphos,,,,deler av lokaliteten,1428,ASKVOLL,14,Sogn og Fjordane,61.467117,5.3136,4,Nordhordaland til Stadt,
29,2014,29356,Smineset Nord,medikamentell,badebehandling,Azamethiphos,,,,deler av lokaliteten,1751,NÆRØY,17,Nord-Trøndelag,64.75597,11.54245,7,Nord-Trøndelag med Bindal,
29,2014,29356,Smineset Nord,medikamentell,badebehandling,Deltamethrin,,,,deler av lokaliteten,1751,NÆRØY,17,Nord-Trøndelag,64.75597,11.54245,7,Nord-Trøndelag med Bindal,
29,2014,11605,Soløy Ø,medikamentell,badebehandling,Deltamethrin,,,,deler av lokaliteten,1222,FITJAR,12,Hordaland,59.90708,5.159833,3,Karmøy til Sotra,
29,2014,27436,Solværet,rensefisk,,,1691,Berggylt,1922,deler av lokaliteten,1573,SMØLA,15,Møre og Romsdal,63.255,7.856933,6,Nordmøre og Sør-Trøndelag,
29,2014,27436,Solværet,rensefisk,,,1693,Bergnebb,11671,deler av lokaliteten,1573,SMØLA,15,Møre og Romsdal,63.255,7.856933,6,Nordmøre og Sør-Trøndelag,
29,2014,27436,Solværet,rensefisk,,,1694,Grøngylt,3534,deler av lokaliteten,1573,SMØLA,15,Møre og Romsdal,63.255,7.856933,6,Nordmøre og Sør-Trøndelag,
29,2014,15375,Sørøyflesa,rensefisk,,,1693,Bergnebb,2949,deler av lokaliteten,1620,FRØYA,16,Sør-Trøndelag,63.98405,9.057067,6,Nordmøre og Sør-Trøndelag,
29,2014,28896,Stangholmen,medikamentell,badebehandling,Hydrogenperoksid,,,,deler av lokaliteten,1836,RØDØY,18,Nordland,66.61818,12.955187,8,Helgeland til Bodø,
29,2014,13125,Storvika,rensefisk,,,1693,Bergnebb,10460,deler av lokaliteten,1837,MELØY,18,Nordland,66.80855,13.242333,8,Helgeland til Bodø,
29,2014,11858,Støytland,rensefisk,,,1691,Berggylt,210,deler av lokaliteten,1004,FLEKKEFJORD,10,Vest-Agder,58.2316,6.628533,1,Svenskegrensen til Jæren,
29,2014,11776,Sveholmane,medikamentell,fôrbehandling,Emamectin benzoat,,,,hele lokaliteten,1401,FLORA,14,Sogn og Fjordane,61.557716,5.215333,4,Nordhordaland til Stadt,
29,2014,11144,Svinvær,rensefisk,,,1693,Bergnebb,14900,deler av lokaliteten,1836,RØDØY,18,Nordland,66.76923,13.170633,8,Helgeland til Bodø,
29,2014,13196,Syltøy,medikamentell,badebehandling,Azamethiphos,,,,hele lokaliteten,1245,SUND,12,Hordaland,60.304,4.966767,3,Karmøy til Sotra,
29,2014,13196,Syltøy,medikamentell,badebehandling,Deltamethrin,,,,hele lokaliteten,1245,SUND,12,Hordaland,60.304,4.966767,3,Karmøy til Sotra,
29,2014,30837,Torangskjeret,rensefisk,,,1692,Annen leppefisk,500,hele lokaliteten,1244,AUSTEVOLL,12,Hordaland,60.130184,5.176033,3,Karmøy til Sotra,
29,2014,30837,Torangskjeret,rensefisk,,,1693,Bergnebb,1000,hele lokaliteten,1244,AUSTEVOLL,12,Hordaland,60.130184,5.176033,3,Karmøy til Sotra,
29,2014,30837,Torangskjeret,rensefisk,,,1694,Grøngylt,4000,hele lokaliteten,1244,AUSTEVOLL,12,Hordaland,60.130184,5.176033,3,Karmøy til Sotra,
29,2014,30837,Torangskjeret,rensefisk,,,1691,Berggylt,1000,hele lokaliteten,1244,AUSTEVOLL,12,Hordaland,60.130184,5.176033,3,Karmøy til Sotra,
29,2014,30560,Tristeinen,rensefisk,,,1692,Annen leppefisk,20768,deler av lokaliteten,1627,BJUGN,16,Sør-Trøndelag,63.86895,9.6204,6,Nordmøre og Sør-Trøndelag,
29,2014,10332,Trommo,rensefisk,,,1693,Bergnebb,4100,deler av lokaliteten,1224,KVINNHERAD,12,Hordaland,60.08243,6.080067,3,Karmøy til Sotra,
29,2014,30717,Tveitnes,rensefisk,,,1693,Bergnebb,1200,deler av lokaliteten,1238,KVAM,12,Hordaland,60.414185,6.402,3,Karmøy til Sotra,
29,2014,11533,Usholmsvika,rensefisk,,,1692,Annen leppefisk,12000,hele lokaliteten,1245,SUND,12,Hordaland,60.1749,5.0917,3,Karmøy til Sotra,
29,2014,32337,Veiesund,rensefisk,,,1691,Berggylt,555,deler av lokaliteten,1401,FLORA,14,Sogn og Fjordane,61.572067,5.0466,4,Nordhordaland til Stadt,
29,2014,32337,Veiesund,rensefisk,,,1693,Bergnebb,555,deler av lokaliteten,1401,FLORA,14,Sogn og Fjordane,61.572067,5.0466,4,Nordhordaland til Stadt,
29,2014,32337,Veiesund,rensefisk,,,1694,Grøngylt,9993,deler av lokaliteten,1401,FLORA,14,Sogn og Fjordane,61.572067,5.0466,4,Nordhordaland til Stadt,
29,2014,13704,Vikane,medikamentell,badebehandling,Azamethiphos,,,,hele lokaliteten,1266,MASFJORDEN,12,Hordaland,60.7125,5.403633,4,Nordhordaland til Stadt,
29,2014,13704,Vikane,medikamentell,badebehandling,Deltamethrin,,,,hele lokaliteten,1266,MASFJORDEN,12,Hordaland,60.7125,5.403633,4,Nordhordaland til Stadt,
29,2014,19235,Vindvika,medikamentell,fôrbehandling,Emamectin benzoat,,,,hele lokaliteten,1804,BODØ,18,Nordland,67.533165,15.165583,9,Vestfjorden og Vesterålen,
29,2014,11315,Vinkfjorden,medikamentell,fôrbehandling,Emamectin benzoat,,,,hele lokaliteten,1848,STEIGEN,18,Nordland,67.72638,15.37989,9,Vestfjorden og Vesterålen,
28,2014,10331,Åkre,rensefisk,,,1693,Bergnebb,3389,deler av lokaliteten,1224,KVINNHERAD,12,Hordaland,60.112434,6.042483,3,Karmøy til Sotra,
28,2014,10298,Ålforo,rensefisk,,,1694,Grøngylt,596,deler av lokaliteten,1222,FITJAR,12,Hordaland,59.8665,5.244133,3,Karmøy til Sotra,
28,2014,10298,Ålforo,rensefisk,,,1691,Berggylt,69,deler av lokaliteten,1222,FITJAR,12,Hordaland,59.8665,5.244133,3,Karmøy til Sotra,
28,2014,10298,Ålforo,rensefisk,,,1693,Bergnebb,138,deler av lokaliteten,1222,FITJAR,12,Hordaland,59.8665,5.244133,3,Karmøy til Sotra,
28,2014,10298,Ålforo,rensefisk,,,1692,Annen leppefisk,339,deler av lokaliteten,1222,FITJAR,12,Hordaland,59.8665,5.244133,3,Karmøy til Sotra,
28,2014,12357,Aursøysva,rensefisk,,,1694,Grøngylt,320,hele lokaliteten,1620,FRØYA,16,Sør-Trøndelag,63.80015,8.906083,6,Nordmøre og Sør-Trøndelag,
28,2014,12357,Aursøysva,rensefisk,,,1691,Berggylt,9005,hele lokaliteten,1620,FRØYA,16,Sør-Trøndelag,63.80015,8.906083,6,Nordmøre og Sør-Trøndelag,
28,2014,11930,Bjelkavik,medikamentell,badebehandling,Deltamethrin,,,,hele lokaliteten,1134,SULDAL,11,Rogaland,59.45165,5.991917,2,Ryfylke,
28,2014,22455,Bjørlykkestranda,medikamentell,badebehandling,Azamethiphos,,,,hele lokaliteten,1511,VANYLVEN,15,Møre og Romsdal,62.16655,5.5954,5,Stadt til Hustadvika,
28,2014,22455,Bjørlykkestranda,medikamentell,badebehandling,Deltamethrin,,,,hele lokaliteten,1511,VANYLVEN,15,Møre og Romsdal,62.16655,5.5954,5,Stadt til Hustadvika,
28,2014,24915,Bøbukta,medikamentell,badebehandling,Hydrogenperoksid,,,,deler av lokaliteten,1815,VEGA,18,Nordland,65.66164,12.083917,8,Helgeland til Bodø,
28,2014,13284,Bollhaugen,medikamentell,badebehandling,Azamethiphos,,,,hele lokaliteten,1827,DØNNA,18,Nordland,66.1125,12.4868,8,Helgeland til Bodø,
28,2014,13284,Bollhaugen,medikamentell,badebehandling,Deltamethrin,,,,hele lokaliteten,1827,DØNNA,18,Nordland,66.1125,12.4868,8,Helgeland til Bodø,
28,2014,11488,Brattavika,rensefisk,,,1691,Berggylt,500,deler av lokaliteten,1244,AUSTEVOLL,12,Hordaland,60.04143,5.303367,3,Karmøy til Sotra,
28,2014,11015,Brattholmen,medikamentell,badebehandling,Hydrogenperoksid,,,,deler av lokaliteten,1818,HERØY I NORDLAND,18,Nordland,65.90735,12.220967,8,Helgeland til Bodø,
28,2014,28336,Breivika,medikamentell,fôrbehandling,Emamectin benzoat,,,,hele lokaliteten,1827,DØNNA,18,Nordland,66.1609,12.681467,8,Helgeland til Bodø,
28,2014,32897,Breivika Sør,medikamentell,fôrbehandling,Emamectin benzoat,,,,hele lokaliteten,1827,DØNNA,18,Nordland,66.1581,12.682017,8,Helgeland til Bodø,
28,2014,34197,Brennholmen,medikamentell,fôrbehandling,Emamectin benzoat,,,,hele lokaliteten,1818,HERØY I NORDLAND,18,Nordland,65.978714,12.16355,8,Helgeland til Bodø,
28,2014,33537,Buholmen,rensefisk,,,1692,Annen leppefisk,7752,hele lokaliteten,1632,ROAN,16,Sør-Trøndelag,64.1569,10.008917,6,Nordmøre og Sør-Trøndelag,
28,2014,27976,Bukkholmen,medikamentell,badebehandling,Azamethiphos,,,,deler av lokaliteten,1820,ALSTAHAUG,18,Nordland,65.9184,12.244683,8,Helgeland til Bodø,
28,2014,27976,Bukkholmen,medikamentell,badebehandling,Hydrogenperoksid,,,,deler av lokaliteten,1820,ALSTAHAUG,18,Nordland,65.9184,12.244683,8,Helgeland til Bodø,
28,2014,10264,Digermulen,medikamentell,fôrbehandling,Emamectin benzoat,,,,deler av lokaliteten,1751,NÆRØY,17,Nord-Trøndelag,64.9774,11.728117,7,Nord-Trøndelag med Bindal,
28,2014,10264,Digermulen,rensefisk,,,2221,Rognkjeks (felles),12000,deler av lokaliteten,1751,NÆRØY,17,Nord-Trøndelag,64.9774,11.728117,7,Nord-Trøndelag med Bindal,
28,2014,13229,Djupedalen,rensefisk,,,1692,Annen leppefisk,4245,deler av lokaliteten,1241,FUSA,12,Hordaland,60.230865,5.6733,3,Karmøy til Sotra,
28,2014,10110,Djupevik,rensefisk,,,1694,Grøngylt,3654,deler av lokaliteten,1141,FINNØY,11,Rogaland,59.1474,5.863783,2,Ryfylke,
28,2014,10110,Djupevik,rensefisk,,,1691,Berggylt,628,deler av lokaliteten,1141,FINNØY,11,Rogaland,59.1474,5.863783,2,Ryfylke,
28,2014,26595,Djupevika,rensefisk,,,1694,Grøngylt,6274,deler av lokaliteten,1223,TYSNES,12,Hordaland,60.035816,5.342217,3,Karmøy til Sotra,
28,2014,26595,Djupevika,rensefisk,,,1691,Berggylt,605,deler av lokaliteten,1223,TYSNES,12,Hordaland,60.035816,5.342217,3,Karmøy til Sotra,
28,2014,32197,Dryna,medikamentell,badebehandling,Deltamethrin,,,,deler av lokaliteten,1545,MIDSUND,15,Møre og Romsdal,62.6444,6.5568,5,Stadt til Hustadvika,
28,2014,21415,Dyrholmen,rensefisk,,,1691,Berggylt,5874,deler av lokaliteten,1141,FINNØY,11,Rogaland,59.285484,5.8583,2,Ryfylke,
28,2014,21415,Dyrholmen,rensefisk,,,1693,Bergnebb,8306,deler av lokaliteten,1141,FINNØY,11,Rogaland,59.285484,5.8583,2,Ryfylke,
28,2014,12109,Ebne,rensefisk,,,1692,Annen leppefisk,5000,hele lokaliteten,1211,ETNE,12,Hordaland,59.71465,5.824167,3,Karmøy til Sotra,
28,2014,11353,Finnstein,medikamentell,fôrbehandling,Emamectin benzoat,,,,hele lokaliteten,1928,TORSKEN,19,Troms,69.32917,17.060183,10,Andøya til Senja,
28,2014,11353,Finnstein,medikamentell,fôrbehandling,Emamectin benzoat,,,,hele lokaliteten,1928,TORSKEN,19,Troms,69.32917,17.060183,10,Andøya til Senja,
28,2014,11353,Finnstein,medikamentell,fôrbehandling,Emamectin benzoat,,,,hele lokaliteten,1928,TORSKEN,19,Troms,69.32917,17.060183,10,Andøya til Senja,
28,2014,19336,Flatholmen,rensefisk,,,1691,Berggylt,151,deler av lokaliteten,1106,HAUGESUND,11,Rogaland,59.4293,5.114483,3,Karmøy til Sotra,
28,2014,19336,Flatholmen,rensefisk,,,1694,Grøngylt,1683,deler av lokaliteten,1106,HAUGESUND,11,Rogaland,59.4293,5.114483,3,Karmøy til Sotra,
28,2014,25895,Flornes,rensefisk,,,1694,Grøngylt,1459,deler av lokaliteten,1223,TYSNES,12,Hordaland,59.892982,5.665817,3,Karmøy til Sotra,
28,2014,25895,Flornes,rensefisk,,,1691,Berggylt,1,deler av lokaliteten,1223,TYSNES,12,Hordaland,59.892982,5.665817,3,Karmøy til Sotra,
28,2014,25895,Flornes,rensefisk,,,1693,Bergnebb,5136,deler av lokaliteten,1223,TYSNES,12,Hordaland,59.892982,5.665817,3,Karmøy til Sotra,
28,2014,12714,Gjerdinga,rensefisk,,,2221,Rognkjeks (felles),11500,deler av lokaliteten,1751,NÆRØY,17,Nord-Trøndelag,64.9464,11.4623,7,Nord-Trøndelag med Bindal,
28,2014,22095,Hågardsneset,rensefisk,,,1694,Grøngylt,6315,hele lokaliteten,1224,KVINNHERAD,12,Hordaland,59.983932,5.932317,3,Karmøy til Sotra,
28,2014,16755,Hageberg,rensefisk,,,1692,Annen leppefisk,1500,hele lokaliteten,1222,FITJAR,12,Hordaland,59.944218,5.434733,3,Karmøy til Sotra,
28,2014,16755,Hageberg,rensefisk,,,1694,Grøngylt,400,hele lokaliteten,1222,FITJAR,12,Hordaland,59.944218,5.434733,3,Karmøy til Sotra,
28,2014,16755,Hageberg,rensefisk,,,1693,Bergnebb,500,hele lokaliteten,1222,FITJAR,12,Hordaland,59.944218,5.434733,3,Karmøy til Sotra,
28,2014,16755,Hageberg,rensefisk,,,1691,Berggylt,400,hele lokaliteten,1222,FITJAR,12,Hordaland,59.944218,5.434733,3,Karmøy til Sotra,
28,2014,13886,Hallarøy V,rensefisk,,,1693,Bergnebb,1915,deler av lokaliteten,1620,FRØYA,16,Sør-Trøndelag,63.998116,9.129283,6,Nordmøre og Sør-Trøndelag,
28,2014,13886,Hallarøy V,rensefisk,,,1691,Berggylt,276,deler av lokaliteten,1620,FRØYA,16,Sør-Trøndelag,63.998116,9.129283,6,Nordmøre og Sør-Trøndelag,
28,2014,11920,Herøy,ikke-medikamentell,,,,,,deler av lokaliteten,1160,VINDAFJORD,11,Rogaland,59.4664,6.0262,2,Ryfylke,
28,2014,11920,Herøy,rensefisk,,,1691,Berggylt,2886,deler av lokaliteten,1160,VINDAFJORD,11,Rogaland,59.4664,6.0262,2,Ryfylke,
28,2014,34017,Hilbåan,medikamentell,fôrbehandling,Emamectin benzoat,,,,hele lokaliteten,1617,HITRA,16,Sør-Trøndelag,63.6686,8.844717,6,Nordmøre og Sør-Trøndelag,
28,2014,13931,Hjartøy Ø,medikamentell,fôrbehandling,Emamectin benzoat,,,,hele lokaliteten,1848,STEIGEN,18,Nordland,67.65585,15.118083,9,Vestfjorden og Vesterålen,
28,2014,33218,Hosenøyan,rensefisk,,,222120,Rognkjeks (hun),19137,hele lokaliteten,1630,ÅFJORD,16,Sør-Trøndelag,64.08567,9.883383,6,Nordmøre og Sør-Trøndelag,
28,2014,10240,Ilsøya Ø,medikamentell,fôrbehandling,Emamectin benzoat,,,,hele lokaliteten,1617,HITRA,16,Sør-Trøndelag,63.651974,8.88687,6,Nordmøre og Sør-Trøndelag,
28,2014,12224,Isane,rensefisk,,,1691,Berggylt,2450,hele lokaliteten,1438,BREMANGER,14,Sogn og Fjordane,61.876534,5.722767,4,Nordhordaland til Stadt,
28,2014,12224,Isane,rensefisk,,,1693,Bergnebb,1150,hele lokaliteten,1438,BREMANGER,14,Sogn og Fjordane,61.876534,5.722767,4,Nordhordaland til Stadt,
28,2014,24295,Isbergan,rensefisk,,,1691,Berggylt,4376,deler av lokaliteten,1837,MELØY,18,Nordland,66.81468,13.678183,8,Helgeland til Bodø,
28,2014,11269,Jektvika I,medikamentell,fôrbehandling,Emamectin benzoat,,,,hele lokaliteten,1845,SØRFOLD,18,Nordland,67.53132,15.443567,9,Vestfjorden og Vesterålen,
28,2014,12260,Juvika,medikamentell,badebehandling,Azamethiphos,,,,hele lokaliteten,1545,MIDSUND,15,Møre og Romsdal,62.66477,6.696767,5,Stadt til Hustadvika,
28,2014,12260,Juvika,medikamentell,badebehandling,Deltamethrin,,,,hele lokaliteten,1545,MIDSUND,15,Møre og Romsdal,62.66477,6.696767,5,Stadt til Hustadvika,
28,2014,15118,Kalvøya,rensefisk,,,1693,Bergnebb,20258,hele lokaliteten,1834,LURØY,18,Nordland,66.39397,12.799817,8,Helgeland til Bodø,
28,2014,31517,Kamholmen,rensefisk,,,1693,Bergnebb,12000,hele lokaliteten,1620,FRØYA,16,Sør-Trøndelag,63.762417,8.882933,6,Nordmøre og Sør-Trøndelag,
28,2014,31517,Kamholmen,rensefisk,,,1694,Grøngylt,6161,hele lokaliteten,1620,FRØYA,16,Sør-Trøndelag,63.762417,8.882933,6,Nordmøre og Sør-Trøndelag,
28,2014,14042,Kattholmen,medikamentell,badebehandling,Azamethiphos,,,,deler av lokaliteten,1620,FRØYA,16,Sør-Trøndelag,63.870968,8.679017,6,Nordmøre og Sør-Trøndelag,
28,2014,14042,Kattholmen,medikamentell,badebehandling,Cypermethrin,,,,deler av lokaliteten,1620,FRØYA,16,Sør-Trøndelag,63.870968,8.679017,6,Nordmøre og Sør-Trøndelag,
28,2014,13225,Kilaneset,rensefisk,,,1693,Bergnebb,19,deler av lokaliteten,1134,SULDAL,11,Rogaland,59.31335,6.2672,2,Ryfylke,
28,2014,13225,Kilaneset,rensefisk,,,1691,Berggylt,84,deler av lokaliteten,1134,SULDAL,11,Rogaland,59.31335,6.2672,2,Ryfylke,
28,2014,13225,Kilaneset,rensefisk,,,1694,Grøngylt,2241,deler av lokaliteten,1134,SULDAL,11,Rogaland,59.31335,6.2672,2,Ryfylke,
28,2014,13225,Kilaneset,rensefisk,,,1692,Annen leppefisk,411,deler av lokaliteten,1134,SULDAL,11,Rogaland,59.31335,6.2672,2,Ryfylke,
28,2014,33577,Kjeholmen II,rensefisk,,,1691,Berggylt,2153,hele lokaliteten,1003,FARSUND,10,Vest-Agder,58.06008,6.885683,1,Svenskegrensen til Jæren,
28,2014,10409,Kjelneset,rensefisk,,,1693,Bergnebb,9273,deler av lokaliteten,1748,FOSNES,17,Nord-Trøndelag,64.64395,11.388328,7,Nord-Trøndelag med Bindal,
28,2014,10409,Kjelneset,rensefisk,,,1691,Berggylt,9012,deler av lokaliteten,1748,FOSNES,17,Nord-Trøndelag,64.64395,11.388328,7,Nord-Trøndelag med Bindal,
28,2014,32577,Klammerholmen,rensefisk,,,1694,Grøngylt,5000,hele lokaliteten,1244,AUSTEVOLL,12,Hordaland,60.08165,5.168567,3,Karmøy til Sotra,
28,2014,32577,Klammerholmen,rensefisk,,,1693,Bergnebb,5000,hele lokaliteten,1244,AUSTEVOLL,12,Hordaland,60.08165,5.168567,3,Karmøy til Sotra,
28,2014,32577,Klammerholmen,rensefisk,,,1691,Berggylt,2000,hele lokaliteten,1244,AUSTEVOLL,12,Hordaland,60.08165,5.168567,3,Karmøy til Sotra,
28,2014,10113,Kobbavika,rensefisk,,,1694,Grøngylt,559,deler av lokaliteten,1141,FINNØY,11,Rogaland,59.12232,5.934433,2,Ryfylke,
28,2014,10113,Kobbavika,rensefisk,,,1691,Berggylt,304,deler av lokaliteten,1141,FINNØY,11,Rogaland,59.12232,5.934433,2,Ryfylke,
28,2014,13764,Kokvika,rensefisk,,,1693,Bergnebb,2,deler av lokaliteten,1834,LURØY,18,Nordland,66.41282,12.956867,8,Helgeland til Bodø,
28,2014,11575,Koløy N,rensefisk,,,1693,Bergnebb,1000,hele lokaliteten,1222,FITJAR,12,Hordaland,59.8616,5.288267,3,Karmøy til Sotra,
28,2014,11575,Koløy N,rensefisk,,,1691,Berggylt,500,hele lokaliteten,1222,FITJAR,12,Hordaland,59.8616,5.288267,3,Karmøy til Sotra,
28,2014,32097,Korsneset 2,rensefisk,,,1693,Bergnebb,573,deler av lokaliteten,1571,HALSA,15,Møre og Romsdal,63.14123,8.21375,6,Nordmøre og Sør-Trøndelag,
28,2014,30297,Krabbholmen,rensefisk,,,222120,Rognkjeks (hun),9211,hele lokaliteten,1630,ÅFJORD,16,Sør-Trøndelag,63.94438,9.880667,6,Nordmøre og Sør-Trøndelag,
28,2014,30297,Krabbholmen,rensefisk,,,1693,Bergnebb,7958,hele lokaliteten,1630,ÅFJORD,16,Sør-Trøndelag,63.94438,9.880667,6,Nordmøre og Sør-Trøndelag,
28,2014,33177,Krabbholmen II,rensefisk,,,222120,Rognkjeks (hun),9534,hele lokaliteten,1630,ÅFJORD,16,Sør-Trøndelag,63.9399,9.88575,6,Nordmøre og Sør-Trøndelag,
28,2014,33177,Krabbholmen II,rensefisk,,,1693,Bergnebb,7851,hele lokaliteten,1630,ÅFJORD,16,Sør-Trøndelag,63.9399,9.88575,6,Nordmøre og Sør-Trøndelag,
28,2014,12652,Kråkøya,medikamentell,fôrbehandling,Emamectin benzoat,,,,hele lokaliteten,1750,VIKNA,17,Nord-Trøndelag,65.00383,11.041483,7,Nord-Trøndelag med Bindal,
28,2014,22775,Kvaløya,medikamentell,fôrbehandling,Emamectin benzoat,,,,deler av lokaliteten,1750,VIKNA,17,Nord-Trøndelag,65.001915,11.058617,7,Nord-Trøndelag med Bindal,
28,2014,24975,Kvernavika,rensefisk,,,1691,Berggylt,3056,deler av lokaliteten,1223,TYSNES,12,Hordaland,60.069283,5.351183,3,Karmøy til Sotra,
28,2014,24975,Kvernavika,rensefisk,,,1694,Grøngylt,14351,deler av lokaliteten,1223,TYSNES,12,Hordaland,60.069283,5.351183,3,Karmøy til Sotra,
28,2014,24975,Kvernavika,rensefisk,,,1692,Annen leppefisk,6955,deler av lokaliteten,1223,TYSNES,12,Hordaland,60.069283,5.351183,3,Karmøy til Sotra,
28,2014,10041,Kviksholmen,rensefisk,,,1692,Annen leppefisk,1500,hele lokaliteten,1244,AUSTEVOLL,12,Hordaland,60.054317,5.090733,3,Karmøy til Sotra,
28,2014,10041,Kviksholmen,rensefisk,,,1694,Grøngylt,7500,hele lokaliteten,1244,AUSTEVOLL,12,Hordaland,60.054317,5.090733,3,Karmøy til Sotra,
28,2014,10041,Kviksholmen,rensefisk,,,1691,Berggylt,1000,hele lokaliteten,1244,AUSTEVOLL,12,Hordaland,60.054317,5.090733,3,Karmøy til Sotra,
28,2014,11775,Kviteskjeret,medikamentell,badebehandling,Azamethiphos,,,,hele lokaliteten,1428,ASKVOLL,14,Sogn og Fjordane,61.467815,5.2203,4,Nordhordaland til Stadt,
28,2014,11775,Kviteskjeret,medikamentell,badebehandling,Deltamethrin,,,,hele lokaliteten,1428,ASKVOLL,14,Sogn og Fjordane,61.467815,5.2203,4,Nordhordaland til Stadt,
28,2014,12727,Kvitneset,rensefisk,,,1693,Bergnebb,7000,deler av lokaliteten,1751,NÆRØY,17,Nord-Trøndelag,64.968025,11.665157,7,Nord-Trøndelag med Bindal,
28,2014,30076,Kyrøyene,medikamentell,badebehandling,Azamethiphos,,,,deler av lokaliteten,1750,VIKNA,17,Nord-Trøndelag,64.7635,10.807333,7,Nord-Trøndelag med Bindal,
28,2014,30076,Kyrøyene,medikamentell,badebehandling,Deltamethrin,,,,deler av lokaliteten,1750,VIKNA,17,Nord-Trøndelag,64.7635,10.807333,7,Nord-Trøndelag med Bindal,
28,2014,11116,Langholmen,medikamentell,badebehandling,Azamethiphos,,,,hele lokaliteten,1838,GILDESKÅL,18,Nordland,67.05762,14.025033,8,Helgeland til Bodø,
28,2014,11116,Langholmen,medikamentell,badebehandling,Deltamethrin,,,,hele lokaliteten,1838,GILDESKÅL,18,Nordland,67.05762,14.025033,8,Helgeland til Bodø,
28,2014,26295,Langøy,medikamentell,badebehandling,Annet virkestoff,,,,deler av lokaliteten,1263,LINDÅS,12,Hordaland,60.7779,5.159333,4,Nordhordaland til Stadt,
28,2014,26295,Langøy,medikamentell,badebehandling,Annet virkestoff,,,,deler av lokaliteten,1263,LINDÅS,12,Hordaland,60.7779,5.159333,4,Nordhordaland til Stadt,
28,2014,20559,Langskjæra,medikamentell,badebehandling,Hydrogenperoksid,,,,hele lokaliteten,1620,FRØYA,16,Sør-Trøndelag,63.8225,8.75505,6,Nordmøre og Sør-Trøndelag,
28,2014,33557,Langskjæra II,medikamentell,badebehandling,Hydrogenperoksid,,,,hele lokaliteten,1620,FRØYA,16,Sør-Trøndelag,63.82245,8.74075,6,Nordmøre og Sør-Trøndelag,
28,2014,26675,Leirhholmen,rensefisk,,,1693,Bergnebb,92,deler av lokaliteten,1834,LURØY,18,Nordland,66.3565,12.530117,8,Helgeland til Bodø,
28,2014,30857,Leirvik,medikamentell,fôrbehandling,Emamectin benzoat,,,,hele lokaliteten,1838,GILDESKÅL,18,Nordland,67.0267,14.126283,8,Helgeland til Bodø,
28,2014,12966,Lindvik,rensefisk,,,1694,Grøngylt,32,deler av lokaliteten,1160,VINDAFJORD,11,Rogaland,59.4752,5.978667,2,Ryfylke,
28,2014,12966,Lindvik,rensefisk,,,1691,Berggylt,1858,deler av lokaliteten,1160,VINDAFJORD,11,Rogaland,59.4752,5.978667,2,Ryfylke,
28,2014,14043,Lybergsvika,rensefisk,,,1694,Grøngylt,1209,deler av lokaliteten,1539,RAUMA,15,Møre og Romsdal,62.641582,7.448583,5,Stadt til Hustadvika,
28,2014,14043,Lybergsvika,rensefisk,,,1691,Berggylt,641,deler av lokaliteten,1539,RAUMA,15,Møre og Romsdal,62.641582,7.448583,5,Stadt til Hustadvika,
28,2014,12127,Mælen,medikamentell,badebehandling,Azamethiphos,,,,hele lokaliteten,1224,KVINNHERAD,12,Hordaland,59.69998,5.722917,3,Karmøy til Sotra,
28,2014,12127,Mælen,medikamentell,badebehandling,Deltamethrin,,,,hele lokaliteten,1224,KVINNHERAD,12,Hordaland,59.69998,5.722917,3,Karmøy til Sotra,
28,2014,13541,Midtflua,rensefisk,,,1694,Grøngylt,1776,deler av lokaliteten,1223,TYSNES,12,Hordaland,60.076267,5.466533,3,Karmøy til Sotra,
28,2014,13541,Midtflua,rensefisk,,,1693,Bergnebb,576,deler av lokaliteten,1223,TYSNES,12,Hordaland,60.076267,5.466533,3,Karmøy til Sotra,
28,2014,13541,Midtflua,rensefisk,,,1692,Annen leppefisk,1261,deler av lokaliteten,1223,TYSNES,12,Hordaland,60.076267,5.466533,3,Karmøy til Sotra,
28,2014,13629,Munkholmen,rensefisk,,,1694,Grøngylt,4178,hele lokaliteten,1146,TYSVÆR,11,Rogaland,59.285484,5.631317,2,Ryfylke,
28,2014,13629,Munkholmen,rensefisk,,,1691,Berggylt,1647,hele lokaliteten,1146,TYSVÆR,11,Rogaland,59.285484,5.631317,2,Ryfylke,
28,2014,10303,Nappeholmane,rensefisk,,,1691,Berggylt,1169,deler av lokaliteten,1219,BØMLO,12,Hordaland,59.74275,5.363817,3,Karmøy til Sotra,
28,2014,24937,Nebbo,medikamentell,fôrbehandling,Emamectin benzoat,,,,hele lokaliteten,1224,KVINNHERAD,12,Hordaland,59.87075,5.725017,3,Karmøy til Sotra,
28,2014,24937,Nebbo,medikamentell,fôrbehandling,Emamectin benzoat,,,,hele lokaliteten,1224,KVINNHERAD,12,Hordaland,59.87075,5.725017,3,Karmøy til Sotra,
28,2014,24937,Nebbo,medikamentell,fôrbehandling,Emamectin benzoat,,,,hele lokaliteten,1224,KVINNHERAD,12,Hordaland,59.87075,5.725017,3,Karmøy til Sotra,
28,2014,26315,Nordgjæslingan,medikamentell,badebehandling,Hydrogenperoksid,,,,hele lokaliteten,1750,VIKNA,17,Nord-Trøndelag,64.7659,10.9128,7,Nord-Trøndelag med Bindal,
28,2014,13020,Nygård,rensefisk,,,1694,Grøngylt,2415,deler av lokaliteten,1242,SAMNANGER,12,Hordaland,60.357666,5.684917,3,Karmøy til Sotra,
28,2014,13020,Nygård,rensefisk,,,1691,Berggylt,305,deler av lokaliteten,1242,SAMNANGER,12,Hordaland,60.357666,5.684917,3,Karmøy til Sotra,
28,2014,31697,Oksen,medikamentell,badebehandling,Azamethiphos,,,,deler av lokaliteten,1246,FJELL,12,Hordaland,60.43382,4.9411,3,Karmøy til Sotra,
28,2014,31697,Oksen,medikamentell,badebehandling,Deltamethrin,,,,deler av lokaliteten,1246,FJELL,12,Hordaland,60.43382,4.9411,3,Karmøy til Sotra,
28,2014,10136,Onarøy,rensefisk,,,1693,Bergnebb,20,deler av lokaliteten,1223,TYSNES,12,Hordaland,59.95335,5.669683,3,Karmøy til Sotra,
28,2014,10136,Onarøy,rensefisk,,,1694,Grøngylt,579,deler av lokaliteten,1223,TYSNES,12,Hordaland,59.95335,5.669683,3,Karmøy til Sotra,
28,2014,10136,Onarøy,rensefisk,,,1691,Berggylt,10,deler av lokaliteten,1223,TYSNES,12,Hordaland,59.95335,5.669683,3,Karmøy til Sotra,
28,2014,28636,Rataren,medikamentell,badebehandling,Azamethiphos,,,,deler av lokaliteten,1620,FRØYA,16,Sør-Trøndelag,63.780884,8.517383,6,Nordmøre og Sør-Trøndelag,
28,2014,28636,Rataren,medikamentell,badebehandling,Cypermethrin,,,,deler av lokaliteten,1620,FRØYA,16,Sør-Trøndelag,63.780884,8.517383,6,Nordmøre og Sør-Trøndelag,
28,2014,31959,Rataren II,medikamentell,badebehandling,Azamethiphos,,,,deler av lokaliteten,1620,FRØYA,16,Sør-Trøndelag,63.782383,8.526367,6,Nordmøre og Sør-Trøndelag,
28,2014,31959,Rataren II,medikamentell,badebehandling,Cypermethrin,,,,deler av lokaliteten,1620,FRØYA,16,Sør-Trøndelag,63.782383,8.526367,6,Nordmøre og Sør-Trøndelag,
28,2014,17357,Rennaren,rensefisk,,,1691,Berggylt,3138,deler av lokaliteten,1142,RENNESØY,11,Rogaland,59.131584,5.72165,2,Ryfylke,
28,2014,11856,Salvågvika,rensefisk,,,1694,Grøngylt,505,deler av lokaliteten,1004,FLEKKEFJORD,10,Vest-Agder,58.223434,6.63615,1,Svenskegrensen til Jæren,
28,2014,11856,Salvågvika,rensefisk,,,1691,Berggylt,436,deler av lokaliteten,1004,FLEKKEFJORD,10,Vest-Agder,58.223434,6.63615,1,Svenskegrensen til Jæren,
28,2014,13706,Seljeset,medikamentell,fôrbehandling,Emamectin benzoat,,,,hele lokaliteten,1401,FLORA,14,Sogn og Fjordane,61.580868,5.243233,4,Nordhordaland til Stadt,
28,2014,12844,Seterneset,rensefisk,,,1694,Grøngylt,544,deler av lokaliteten,1502,MOLDE,15,Møre og Romsdal,62.67375,7.313967,5,Stadt til Hustadvika,
28,2014,12844,Seterneset,rensefisk,,,1691,Berggylt,116,deler av lokaliteten,1502,MOLDE,15,Møre og Romsdal,62.67375,7.313967,5,Stadt til Hustadvika,
28,2014,12244,Setevika,rensefisk,,,1691,Berggylt,442,deler av lokaliteten,1545,MIDSUND,15,Møre og Romsdal,62.728065,6.939283,5,Stadt til Hustadvika,
28,2014,12244,Setevika,rensefisk,,,1694,Grøngylt,6666,deler av lokaliteten,1545,MIDSUND,15,Møre og Romsdal,62.728065,6.939283,5,Stadt til Hustadvika,
28,2014,12244,Setevika,rensefisk,,,1693,Bergnebb,95,deler av lokaliteten,1545,MIDSUND,15,Møre og Romsdal,62.728065,6.939283,5,Stadt til Hustadvika,
28,2014,33017,Setevika Nord,rensefisk,,,1694,Grøngylt,7007,deler av lokaliteten,1545,MIDSUND,15,Møre og Romsdal,62.73835,6.937667,5,Stadt til Hustadvika,
28,2014,33017,Setevika Nord,rensefisk,,,1691,Berggylt,491,deler av lokaliteten,1545,MIDSUND,15,Møre og Romsdal,62.73835,6.937667,5,Stadt til Hustadvika,
28,2014,24115,Singsholmen,medikamentell,badebehandling,Azamethiphos,,,,deler av lokaliteten,1617,HITRA,16,Sør-Trøndelag,63.41975,8.411617,6,Nordmøre og Sør-Trøndelag,
28,2014,24115,Singsholmen,medikamentell,badebehandling,Cypermethrin,,,,deler av lokaliteten,1617,HITRA,16,Sør-Trøndelag,63.41975,8.411617,6,Nordmøre og Sør-Trøndelag,
28,2014,34117,Skåtholmen,rensefisk,,,1694,Grøngylt,2074,deler av lokaliteten,1241,FUSA,12,Hordaland,60.17177,5.563633,3,Karmøy til Sotra,
28,2014,34117,Skåtholmen,rensefisk,,,1693,Bergnebb,300,deler av lokaliteten,1241,FUSA,12,Hordaland,60.17177,5.563633,3,Karmøy til Sotra,
28,2014,34117,Skåtholmen,rensefisk,,,1692,Annen leppefisk,180,deler av lokaliteten,1241,FUSA,12,Hordaland,60.17177,5.563633,3,Karmøy til Sotra,
28,2014,34117,Skåtholmen,rensefisk,,,1691,Berggylt,100,deler av lokaliteten,1241,FUSA,12,Hordaland,60.17177,5.563633,3,Karmøy til Sotra,
28,2014,10961,Skonseng,medikamentell,badebehandling,Annet virkestoff,,,,deler av lokaliteten,1824,VEFSN,18,Nordland,65.80648,12.619767,8,Helgeland til Bodø,
28,2014,10961,Skonseng,medikamentell,badebehandling,Annet virkestoff,,,,deler av lokaliteten,1824,VEFSN,18,Nordland,65.80648,12.619767,8,Helgeland til Bodø,
28,2014,11640,Skorpeosen,rensefisk,,,1694,Grøngylt,5588,hele lokaliteten,1246,FJELL,12,Hordaland,60.332535,4.942783,3,Karmøy til Sotra,
28,2014,11640,Skorpeosen,rensefisk,,,1691,Berggylt,353,hele lokaliteten,1246,FJELL,12,Hordaland,60.332535,4.942783,3,Karmøy til Sotra,
28,2014,12108,Skorpo Nv,rensefisk,,,1694,Grøngylt,4193,deler av lokaliteten,1224,KVINNHERAD,12,Hordaland,59.951782,5.82475,3,Karmøy til Sotra,
28,2014,12108,Skorpo Nv,rensefisk,,,1693,Bergnebb,11474,deler av lokaliteten,1224,KVINNHERAD,12,Hordaland,59.951782,5.82475,3,Karmøy til Sotra,
28,2014,12192,Skorva,medikamentell,badebehandling,Azamethiphos,,,,deler av lokaliteten,1428,ASKVOLL,14,Sogn og Fjordane,61.467117,5.3136,4,Nordhordaland til Stadt,
28,2014,13291,Soløya,rensefisk,,,2221,Rognkjeks (felles),53747,deler av lokaliteten,1859,FLAKSTAD,18,Nordland,68.00382,13.182267,9,Vestfjorden og Vesterålen,
28,2014,27436,Solværet,rensefisk,,,1694,Grøngylt,9778,deler av lokaliteten,1573,SMØLA,15,Møre og Romsdal,63.255,7.856933,6,Nordmøre og Sør-Trøndelag,
28,2014,27436,Solværet,rensefisk,,,1691,Berggylt,5333,deler av lokaliteten,1573,SMØLA,15,Møre og Romsdal,63.255,7.856933,6,Nordmøre og Sør-Trøndelag,
28,2014,27436,Solværet,rensefisk,,,1693,Bergnebb,19768,deler av lokaliteten,1573,SMØLA,15,Møre og Romsdal,63.255,7.856933,6,Nordmøre og Sør-Trøndelag,
28,2014,11492,Storevikholmen,rensefisk,,,1691,Berggylt,307,deler av lokaliteten,1222,FITJAR,12,Hordaland,59.839317,5.30495,3,Karmøy til Sotra,
28,2014,11492,Storevikholmen,rensefisk,,,1694,Grøngylt,1930,deler av lokaliteten,1222,FITJAR,12,Hordaland,59.839317,5.30495,3,Karmøy til Sotra,
28,2014,11492,Storevikholmen,rensefisk,,,1692,Annen leppefisk,240,deler av lokaliteten,1222,FITJAR,12,Hordaland,59.839317,5.30495,3,Karmøy til Sotra,
28,2014,22335,Storvika,rensefisk,,,1691,Berggylt,35000,hele lokaliteten,1548,FRÆNA,15,Møre og Romsdal,62.802166,6.981267,5,Stadt til Hustadvika,
28,2014,11552,Stuholmen,rensefisk,,,1692,Annen leppefisk,3746,hele lokaliteten,1245,SUND,12,Hordaland,60.249683,4.978117,3,Karmøy til Sotra,
28,2014,10545,Sylsnes,medikamentell,fôrbehandling,Emamectin benzoat,,,,hele lokaliteten,1928,TORSKEN,19,Troms,69.335266,17.076218,10,Andøya til Senja,
28,2014,12449,Tennøya,rensefisk,,,1693,Bergnebb,3768,deler av lokaliteten,1620,FRØYA,16,Sør-Trøndelag,63.802567,8.433583,6,Nordmøre og Sør-Trøndelag,
28,2014,12268,Terningen,medikamentell,badebehandling,Deltamethrin,,,,deler av lokaliteten,1545,MIDSUND,15,Møre og Romsdal,62.6431,6.54805,5,Stadt til Hustadvika,
28,2014,10054,Tobbeholmane,rensefisk,,,1694,Grøngylt,12842,hele lokaliteten,1244,AUSTEVOLL,12,Hordaland,60.02432,5.30815,3,Karmøy til Sotra,
28,2014,10054,Tobbeholmane,rensefisk,,,1693,Bergnebb,6941,hele lokaliteten,1244,AUSTEVOLL,12,Hordaland,60.02432,5.30815,3,Karmøy til Sotra,
28,2014,30837,Torangskjeret,medikamentell,badebehandling,Deltamethrin,,,,hele lokaliteten,1244,AUSTEVOLL,12,Hordaland,60.130184,5.176033,3,Karmøy til Sotra,
28,2014,10332,Trommo,rensefisk,,,1693,Bergnebb,8812,deler av lokaliteten,1224,KVINNHERAD,12,Hordaland,60.08243,6.080067,3,Karmøy til Sotra,
28,2014,24197,Værøya Ø,medikamentell,badebehandling,Hydrogenperoksid,,,,deler av lokaliteten,1617,HITRA,16,Sør-Trøndelag,63.415966,8.483883,6,Nordmøre og Sør-Trøndelag,
28,2014,24197,Værøya Ø,medikamentell,badebehandling,Hydrogenperoksid,,,,deler av lokaliteten,1617,HITRA,16,Sør-Trøndelag,63.415966,8.483883,6,Nordmøre og Sør-Trøndelag,
28,2014,24197,Værøya Ø,medikamentell,badebehandling,Hydrogenperoksid,,,,deler av lokaliteten,1617,HITRA,16,Sør-Trøndelag,63.415966,8.483883,6,Nordmøre og Sør-Trøndelag,
28,2014,11137,Vassdalsvik,rensefisk,,,1694,Grøngylt,2069,deler av lokaliteten,1837,MELØY,18,Nordland,66.807884,13.56575,8,Helgeland til Bodø,
28,2014,12678,Vedøya,rensefisk,,,1693,Bergnebb,7934,hele lokaliteten,1748,FOSNES,17,Nord-Trøndelag,64.60697,11.355178,7,Nord-Trøndelag med Bindal,
28,2014,12678,Vedøya,rensefisk,,,1691,Berggylt,17150,hele lokaliteten,1748,FOSNES,17,Nord-Trøndelag,64.60697,11.355178,7,Nord-Trøndelag med Bindal,
28,2014,19235,Vindvika,medikamentell,fôrbehandling,Emamectin benzoat,,,,hele lokaliteten,1804,BODØ,18,Nordland,67.533165,15.165583,9,Vestfjorden og Vesterålen,
28,2014,11315,Vinkfjorden,medikamentell,fôrbehandling,Emamectin benzoat,,,,hele lokaliteten,1848,STEIGEN,18,Nordland,67.72638,15.37989,9,Vestfjorden og Vesterålen,
27,2014,12067,Aldalen,medikamentell,badebehandling,Deltamethrin,,,,deler av lokaliteten,1243,OS I HORDALAND,12,Hordaland,60.24995,5.571917,3,Karmøy til Sotra,
27,2014,12067,Aldalen,medikamentell,badebehandling,Deltamethrin,,,,deler av lokaliteten,1243,OS I HORDALAND,12,Hordaland,60.24995,5.571917,3,Karmøy til Sotra,
27,2014,12086,Alsåkervik,rensefisk,,,1691,Berggylt,1829,hele lokaliteten,1224,KVINNHERAD,12,Hordaland,59.7601,6.074183,3,Karmøy til Sotra,
27,2014,13254,Aukan,medikamentell,fôrbehandling,Emamectin benzoat,,,,deler av lokaliteten,1554,AVERØY,15,Møre og Romsdal,63.0603,7.594283,6,Nordmøre og Sør-Trøndelag,
27,2014,11076,Digermulen,medikamentell,badebehandling,Hydrogenperoksid,,,,hele lokaliteten,1836,RØDØY,18,Nordland,66.67667,13.31555,8,Helgeland til Bodø,
27,2014,13229,Djupedalen,rensefisk,,,1692,Annen leppefisk,3335,deler av lokaliteten,1241,FUSA,12,Hordaland,60.230865,5.6733,3,Karmøy til Sotra,
27,2014,10110,Djupevik,medikamentell,badebehandling,Deltamethrin,,,,hele lokaliteten,1141,FINNØY,11,Rogaland,59.1474,5.863783,2,Ryfylke,
27,2014,10110,Djupevik,rensefisk,,,1694,Grøngylt,3839,deler av lokaliteten,1141,FINNØY,11,Rogaland,59.1474,5.863783,2,Ryfylke,
27,2014,10110,Djupevik,rensefisk,,,1691,Berggylt,1092,deler av lokaliteten,1141,FINNØY,11,Rogaland,59.1474,5.863783,2,Ryfylke,
27,2014,26595,Djupevika,rensefisk,,,1691,Berggylt,1772,deler av lokaliteten,1223,TYSNES,12,Hordaland,60.035816,5.342217,3,Karmøy til Sotra,
27,2014,26595,Djupevika,rensefisk,,,1694,Grøngylt,13859,deler av lokaliteten,1223,TYSNES,12,Hordaland,60.035816,5.342217,3,Karmøy til Sotra,
27,2014,26595,Djupevika,rensefisk,,,1692,Annen leppefisk,1643,deler av lokaliteten,1223,TYSNES,12,Hordaland,60.035816,5.342217,3,Karmøy til Sotra,
27,2014,21415,Dyrholmen,rensefisk,,,1691,Berggylt,1430,deler av lokaliteten,1141,FINNØY,11,Rogaland,59.285484,5.8583,2,Ryfylke,
27,2014,21415,Dyrholmen,rensefisk,,,1693,Bergnebb,14312,deler av lokaliteten,1141,FINNØY,11,Rogaland,59.285484,5.8583,2,Ryfylke,
27,2014,12109,Ebne,rensefisk,,,1692,Annen leppefisk,15000,hele lokaliteten,1211,ETNE,12,Hordaland,59.71465,5.824167,3,Karmøy til Sotra,
27,2014,33697,Forrahammaren,rensefisk,,,1693,Bergnebb,8735,hele lokaliteten,1613,SNILLFJORD,16,Sør-Trøndelag,63.350433,9.23325,6,Nordmøre og Sør-Trøndelag,
27,2014,31717,Gjerset Vest,rensefisk,,,1691,Berggylt,2522,hele lokaliteten,1534,HARAM,15,Møre og Romsdal,62.5305,6.428583,5,Stadt til Hustadvika,
27,2014,31717,Gjerset Vest,rensefisk,,,1694,Grøngylt,3299,hele lokaliteten,1534,HARAM,15,Møre og Romsdal,62.5305,6.428583,5,Stadt til Hustadvika,
27,2014,11559,Grimsholmen,rensefisk,,,1693,Bergnebb,5499,deler av lokaliteten,1216,SVEIO,12,Hordaland,59.65735,5.404167,3,Karmøy til Sotra,
27,2014,24735,Gulholmen,rensefisk,,,1693,Bergnebb,468,deler av lokaliteten,1243,OS I HORDALAND,12,Hordaland,60.1282,5.400467,3,Karmøy til Sotra,
27,2014,12723,Gullholmen,medikamentell,fôrbehandling,Emamectin benzoat,,,,hele lokaliteten,1751,NÆRØY,17,Nord-Trøndelag,65.01716,11.724247,7,Nord-Trøndelag med Bindal,
27,2014,22095,Hågardsneset,rensefisk,,,1694,Grøngylt,10006,deler av lokaliteten,1224,KVINNHERAD,12,Hordaland,59.983932,5.932317,3,Karmøy til Sotra,
27,2014,16755,Hageberg,rensefisk,,,1692,Annen leppefisk,15000,hele lokaliteten,1222,FITJAR,12,Hordaland,59.944218,5.434733,3,Karmøy til Sotra,
27,2014,11920,Herøy,rensefisk,,,1691,Berggylt,1462,deler av lokaliteten,1160,VINDAFJORD,11,Rogaland,59.4664,6.0262,2,Ryfylke,
27,2014,34017,Hilbåan,medikamentell,fôrbehandling,Emamectin benzoat,,,,hele lokaliteten,1617,HITRA,16,Sør-Trøndelag,63.6686,8.844717,6,Nordmøre og Sør-Trøndelag,
27,2014,13931,Hjartøy Ø,rensefisk,,,2221,Rognkjeks (felles),31711,deler av lokaliteten,1848,STEIGEN,18,Nordland,67.65585,15.118083,9,Vestfjorden og Vesterålen,
27,2014,33218,Hosenøyan,rensefisk,,,1694,Grøngylt,2425,hele lokaliteten,1630,ÅFJORD,16,Sør-Trøndelag,64.08567,9.883383,6,Nordmøre og Sør-Trøndelag,
27,2014,33218,Hosenøyan,rensefisk,,,1691,Berggylt,5903,hele lokaliteten,1630,ÅFJORD,16,Sør-Trøndelag,64.08567,9.883383,6,Nordmøre og Sør-Trøndelag,
27,2014,10240,Ilsøya Ø,medikamentell,fôrbehandling,Emamectin benzoat,,,,hele lokaliteten,1617,HITRA,16,Sør-Trøndelag,63.651974,8.88687,6,Nordmøre og Sør-Trøndelag,
27,2014,12599,Indre Skjervøy,rensefisk,,,1691,Berggylt,6712,deler av lokaliteten,1633,OSEN,16,Sør-Trøndelag,64.2858,10.30905,6,Nordmøre og Sør-Trøndelag,
27,2014,24295,Isbergan,rensefisk,,,1691,Berggylt,5978,deler av lokaliteten,1837,MELØY,18,Nordland,66.81468,13.678183,8,Helgeland til Bodø,
27,2014,14245,Jakobsteinsvika,rensefisk,,,1691,Berggylt,16000,deler av lokaliteten,1755,LEKA,17,Nord-Trøndelag,65.11352,11.7929,7,Nord-Trøndelag med Bindal,
27,2014,15118,Kalvøya,medikamentell,fôrbehandling,Annet virkestoff,,,,deler av lokaliteten,1834,LURØY,18,Nordland,66.39397,12.799817,8,Helgeland til Bodø,
27,2014,33577,Kjeholmen II,rensefisk,,,1691,Berggylt,718,hele lokaliteten,1003,FARSUND,10,Vest-Agder,58.06008,6.885683,1,Svenskegrensen til Jæren,
27,2014,32577,Klammerholmen,rensefisk,,,1694,Grøngylt,7000,hele lokaliteten,1244,AUSTEVOLL,12,Hordaland,60.08165,5.168567,3,Karmøy til Sotra,
27,2014,32577,Klammerholmen,rensefisk,,,1691,Berggylt,600,hele lokaliteten,1244,AUSTEVOLL,12,Hordaland,60.08165,5.168567,3,Karmøy til Sotra,
27,2014,32577,Klammerholmen,rensefisk,,,1693,Bergnebb,12500,hele lokaliteten,1244,AUSTEVOLL,12,Hordaland,60.08165,5.168567,3,Karmøy til Sotra,
27,2014,10206,Kleven,medikamentell,fôrbehandling,Emamectin benzoat,,,,hele lokaliteten,1554,AVERØY,15,Møre og Romsdal,63.06938,7.601917,6,Nordmøre og Sør-Trøndelag,
27,2014,18755,Klungset,ikke-medikamentell,,,,,,deler av lokaliteten,1751,NÆRØY,17,Nord-Trøndelag,64.74997,11.394183,7,Nord-Trøndelag med Bindal,
27,2014,10113,Kobbavika,rensefisk,,,1694,Grøngylt,1760,deler av lokaliteten,1141,FINNØY,11,Rogaland,59.12232,5.934433,2,Ryfylke,
27,2014,10113,Kobbavika,rensefisk,,,1691,Berggylt,1106,deler av lokaliteten,1141,FINNØY,11,Rogaland,59.12232,5.934433,2,Ryfylke,
27,2014,11575,Koløy N,rensefisk,,,1692,Annen leppefisk,1500,deler av lokaliteten,1222,FITJAR,12,Hordaland,59.8616,5.288267,3,Karmøy til Sotra,
27,2014,30297,Krabbholmen,rensefisk,,,1693,Bergnebb,3763,deler av lokaliteten,1630,ÅFJORD,16,Sør-Trøndelag,63.94438,9.880667,6,Nordmøre og Sør-Trøndelag,
27,2014,33177,Krabbholmen II,rensefisk,,,1693,Bergnebb,5449,deler av lokaliteten,1630,ÅFJORD,16,Sør-Trøndelag,63.9399,9.88575,6,Nordmøre og Sør-Trøndelag,
27,2014,12239,Kråknes,rensefisk,,,1694,Grøngylt,149,deler av lokaliteten,1547,AUKRA,15,Møre og Romsdal,62.83145,6.962733,5,Stadt til Hustadvika,
27,2014,12239,Kråknes,rensefisk,,,1693,Bergnebb,1289,deler av lokaliteten,1547,AUKRA,15,Møre og Romsdal,62.83145,6.962733,5,Stadt til Hustadvika,
27,2014,12239,Kråknes,rensefisk,,,1691,Berggylt,320,deler av lokaliteten,1547,AUKRA,15,Møre og Romsdal,62.83145,6.962733,5,Stadt til Hustadvika,
27,2014,12652,Kråkøya,medikamentell,fôrbehandling,Emamectin benzoat,,,,hele lokaliteten,1750,VIKNA,17,Nord-Trøndelag,65.00383,11.041483,7,Nord-Trøndelag med Bindal,
27,2014,12652,Kråkøya,medikamentell,fôrbehandling,Emamectin benzoat,,,,hele lokaliteten,1750,VIKNA,17,Nord-Trøndelag,65.00383,11.041483,7,Nord-Trøndelag med Bindal,
27,2014,22775,Kvaløya,medikamentell,fôrbehandling,Emamectin benzoat,,,,deler av lokaliteten,1750,VIKNA,17,Nord-Trøndelag,65.001915,11.058617,7,Nord-Trøndelag med Bindal,
27,2014,22775,Kvaløya,medikamentell,fôrbehandling,Emamectin benzoat,,,,deler av lokaliteten,1750,VIKNA,17,Nord-Trøndelag,65.001915,11.058617,7,Nord-Trøndelag med Bindal,
27,2014,10041,Kviksholmen,rensefisk,,,1692,Annen leppefisk,3000,hele lokaliteten,1244,AUSTEVOLL,12,Hordaland,60.054317,5.090733,3,Karmøy til Sotra,
27,2014,10041,Kviksholmen,rensefisk,,,1694,Grøngylt,15000,hele lokaliteten,1244,AUSTEVOLL,12,Hordaland,60.054317,5.090733,3,Karmøy til Sotra,
27,2014,10041,Kviksholmen,rensefisk,,,1691,Berggylt,2000,hele lokaliteten,1244,AUSTEVOLL,12,Hordaland,60.054317,5.090733,3,Karmøy til Sotra,
27,2014,12727,Kvitneset,medikamentell,fôrbehandling,Emamectin benzoat,,,,deler av lokaliteten,1751,NÆRØY,17,Nord-Trøndelag,64.968025,11.665157,7,Nord-Trøndelag med Bindal,
27,2014,30076,Kyrøyene,medikamentell,badebehandling,Azamethiphos,,,,deler av lokaliteten,1750,VIKNA,17,Nord-Trøndelag,64.7635,10.807333,7,Nord-Trøndelag med Bindal,
27,2014,30076,Kyrøyene,medikamentell,badebehandling,Deltamethrin,,,,deler av lokaliteten,1750,VIKNA,17,Nord-Trøndelag,64.7635,10.807333,7,Nord-Trøndelag med Bindal,
27,2014,29056,Lille Torsøy II,rensefisk,,,2221,Rognkjeks (felles),9400,hele lokaliteten,1617,HITRA,16,Sør-Trøndelag,63.60803,8.494633,6,Nordmøre og Sør-Trøndelag,
27,2014,12966,Lindvik,rensefisk,,,1694,Grøngylt,1843,deler av lokaliteten,1160,VINDAFJORD,11,Rogaland,59.4752,5.978667,2,Ryfylke,
27,2014,12966,Lindvik,rensefisk,,,1691,Berggylt,4839,deler av lokaliteten,1160,VINDAFJORD,11,Rogaland,59.4752,5.978667,2,Ryfylke,
27,2014,14043,Lybergsvika,rensefisk,,,1691,Berggylt,722,deler av lokaliteten,1539,RAUMA,15,Møre og Romsdal,62.641582,7.448583,5,Stadt til Hustadvika,
27,2014,14043,Lybergsvika,rensefisk,,,1694,Grøngylt,736,deler av lokaliteten,1539,RAUMA,15,Møre og Romsdal,62.641582,7.448583,5,Stadt til Hustadvika,
27,2014,12134,Maradalen,medikamentell,badebehandling,Azamethiphos,,,,hele lokaliteten,1224,KVINNHERAD,12,Hordaland,59.76077,5.686767,3,Karmøy til Sotra,
27,2014,12134,Maradalen,medikamentell,badebehandling,Deltamethrin,,,,hele lokaliteten,1224,KVINNHERAD,12,Hordaland,59.76077,5.686767,3,Karmøy til Sotra,
27,2014,10447,Mefaldskjæret,rensefisk,,,1691,Berggylt,45600,hele lokaliteten,1820,ALSTAHAUG,18,Nordland,65.85145,12.2872,8,Helgeland til Bodø,
27,2014,13541,Midtflua,rensefisk,,,1694,Grøngylt,1229,deler av lokaliteten,1223,TYSNES,12,Hordaland,60.076267,5.466533,3,Karmøy til Sotra,
27,2014,26435,Mjølsvik,medikamentell,badebehandling,Deltamethrin,,,,deler av lokaliteten,1416,HØYANGER,14,Sogn og Fjordane,61.111584,6.0423,4,Nordhordaland til Stadt,
27,2014,13629,Munkholmen,rensefisk,,,1694,Grøngylt,405,deler av lokaliteten,1146,TYSVÆR,11,Rogaland,59.285484,5.631317,2,Ryfylke,
27,2014,13629,Munkholmen,rensefisk,,,1691,Berggylt,1861,deler av lokaliteten,1146,TYSVÆR,11,Rogaland,59.285484,5.631317,2,Ryfylke,
27,2014,10303,Nappeholmane,rensefisk,,,1694,Grøngylt,1349,deler av lokaliteten,1219,BØMLO,12,Hordaland,59.74275,5.363817,3,Karmøy til Sotra,
27,2014,24937,Nebbo,medikamentell,fôrbehandling,Emamectin benzoat,,,,hele lokaliteten,1224,KVINNHERAD,12,Hordaland,59.87075,5.725017,3,Karmøy til Sotra,
27,2014,24937,Nebbo,medikamentell,fôrbehandling,Emamectin benzoat,,,,hele lokaliteten,1224,KVINNHERAD,12,Hordaland,59.87075,5.725017,3,Karmøy til Sotra,
27,2014,24937,Nebbo,medikamentell,fôrbehandling,Emamectin benzoat,,,,hele lokaliteten,1224,KVINNHERAD,12,Hordaland,59.87075,5.725017,3,Karmøy til Sotra,
27,2014,26315,Nordgjæslingan,medikamentell,badebehandling,Hydrogenperoksid,,,,hele lokaliteten,1750,VIKNA,17,Nord-Trøndelag,64.7659,10.9128,7,Nord-Trøndelag med Bindal,
27,2014,13020,Nygård,rensefisk,,,1691,Berggylt,239,deler av lokaliteten,1242,SAMNANGER,12,Hordaland,60.357666,5.684917,3,Karmøy til Sotra,
27,2014,15403,Olderøy,medikamentell,badebehandling,Deltamethrin,,,,deler av lokaliteten,1412,SOLUND,14,Sogn og Fjordane,61.103283,4.712233,4,Nordhordaland til Stadt,
27,2014,10136,Onarøy,rensefisk,,,1694,Grøngylt,1582,deler av lokaliteten,1223,TYSNES,12,Hordaland,59.95335,5.669683,3,Karmøy til Sotra,
27,2014,10149,Rafdal,rensefisk,,,2221,Rognkjeks (felles),7015,hele lokaliteten,1211,ETNE,12,Hordaland,59.790916,6.176567,3,Karmøy til Sotra,
27,2014,17357,Rennaren,rensefisk,,,1691,Berggylt,692,deler av lokaliteten,1142,RENNESØY,11,Rogaland,59.131584,5.72165,2,Ryfylke,
27,2014,11122,Røssøya N,medikamentell,badebehandling,Azamethiphos,,,,hele lokaliteten,1838,GILDESKÅL,18,Nordland,67.073,13.947583,8,Helgeland til Bodø,
27,2014,11122,Røssøya N,medikamentell,badebehandling,Deltamethrin,,,,hele lokaliteten,1838,GILDESKÅL,18,Nordland,67.073,13.947583,8,Helgeland til Bodø,
27,2014,13249,Sagelva,medikamentell,badebehandling,Hydrogenperoksid,,,,hele lokaliteten,1520,ØRSTA,15,Møre og Romsdal,62.33795,6.38165,5,Stadt til Hustadvika,
27,2014,13249,Sagelva,ikke-medikamentell,,,,,,hele lokaliteten,1520,ØRSTA,15,Møre og Romsdal,62.33795,6.38165,5,Stadt til Hustadvika,
27,2014,13706,Seljeset,medikamentell,fôrbehandling,Emamectin benzoat,,,,hele lokaliteten,1401,FLORA,14,Sogn og Fjordane,61.580868,5.243233,4,Nordhordaland til Stadt,
27,2014,33017,Setevika Nord,rensefisk,,,1694,Grøngylt,2818,deler av lokaliteten,1545,MIDSUND,15,Møre og Romsdal,62.73835,6.937667,5,Stadt til Hustadvika,
27,2014,33017,Setevika Nord,rensefisk,,,1693,Bergnebb,3140,deler av lokaliteten,1545,MIDSUND,15,Møre og Romsdal,62.73835,6.937667,5,Stadt til Hustadvika,
27,2014,33017,Setevika Nord,rensefisk,,,1691,Berggylt,183,deler av lokaliteten,1545,MIDSUND,15,Møre og Romsdal,62.73835,6.937667,5,Stadt til Hustadvika,
27,2014,28256,Skår,rensefisk,,,1691,Berggylt,53,deler av lokaliteten,1223,TYSNES,12,Hordaland,59.8994,5.532767,3,Karmøy til Sotra,
27,2014,34117,Skåtholmen,rensefisk,,,1691,Berggylt,389,deler av lokaliteten,1241,FUSA,12,Hordaland,60.17145,5.563267,3,Karmøy til Sotra,
27,2014,12108,Skorpo Nv,rensefisk,,,1694,Grøngylt,1070,deler av lokaliteten,1224,KVINNHERAD,12,Hordaland,59.951782,5.82475,3,Karmøy til Sotra,
27,2014,28096,Slåttenes,rensefisk,,,1691,Berggylt,550,deler av lokaliteten,1224,KVINNHERAD,12,Hordaland,59.83222,5.984267,3,Karmøy til Sotra,
27,2014,13291,Soløya,medikamentell,badebehandling,Deltamethrin,,,,hele lokaliteten,1859,FLAKSTAD,18,Nordland,68.00382,13.182267,9,Vestfjorden og Vesterålen,
27,2014,28896,Stangholmen,rensefisk,,,2221,Rognkjeks (felles),15000,hele lokaliteten,1836,RØDØY,18,Nordland,66.61818,12.955187,8,Helgeland til Bodø,
27,2014,11492,Storevikholmen,rensefisk,,,1692,Annen leppefisk,144,deler av lokaliteten,1222,FITJAR,12,Hordaland,59.839317,5.30495,3,Karmøy til Sotra,
27,2014,10311,Storlia,medikamentell,badebehandling,Deltamethrin,,,,deler av lokaliteten,1413,HYLLESTAD,14,Sogn og Fjordane,61.201717,5.170933,4,Nordhordaland til Stadt,
27,2014,13124,Storstrompan,medikamentell,badebehandling,Hydrogenperoksid,,,,hele lokaliteten,1836,RØDØY,18,Nordland,66.54508,13.421,8,Helgeland til Bodø,
27,2014,12074,Svåsandneset,rensefisk,,,1694,Grøngylt,3400,deler av lokaliteten,1227,JONDAL,12,Hordaland,60.32422,6.318983,3,Karmøy til Sotra,
27,2014,10054,Tobbeholmane,rensefisk,,,1694,Grøngylt,3496,deler av lokaliteten,1244,AUSTEVOLL,12,Hordaland,60.02432,5.30815,3,Karmøy til Sotra,
27,2014,11414,Toften,medikamentell,badebehandling,Deltamethrin,,,,hele lokaliteten,1868,ØKSNES,18,Nordland,68.86898,15.30105,9,Vestfjorden og Vesterålen,
27,2014,30837,Torangskjeret,rensefisk,,,1692,Annen leppefisk,600,hele lokaliteten,1244,AUSTEVOLL,12,Hordaland,60.130184,5.176033,3,Karmøy til Sotra,
27,2014,30837,Torangskjeret,rensefisk,,,1693,Bergnebb,1000,hele lokaliteten,1244,AUSTEVOLL,12,Hordaland,60.130184,5.176033,3,Karmøy til Sotra,
27,2014,30837,Torangskjeret,rensefisk,,,1694,Grøngylt,4600,hele lokaliteten,1244,AUSTEVOLL,12,Hordaland,60.130184,5.176033,3,Karmøy til Sotra,
27,2014,30837,Torangskjeret,rensefisk,,,1691,Berggylt,860,hele lokaliteten,1244,AUSTEVOLL,12,Hordaland,60.130184,5.176033,3,Karmøy til Sotra,
27,2014,10090,Trellevika,medikamentell,badebehandling,Deltamethrin,,,,hele lokaliteten,1428,ASKVOLL,14,Sogn og Fjordane,61.369,5.018967,4,Nordhordaland til Stadt,
27,2014,10332,Trommo,rensefisk,,,1691,Berggylt,3593,deler av lokaliteten,1224,KVINNHERAD,12,Hordaland,60.08243,6.080067,3,Karmøy til Sotra,
27,2014,10091,Vågsøya,rensefisk,,,1693,Bergnebb,4081,hele lokaliteten,1401,FLORA,14,Sogn og Fjordane,61.489735,5.023517,4,Nordhordaland til Stadt,
27,2014,10091,Vågsøya,rensefisk,,,1694,Grøngylt,4544,hele lokaliteten,1401,FLORA,14,Sogn og Fjordane,61.489735,5.023517,4,Nordhordaland til Stadt,
27,2014,10091,Vågsøya,rensefisk,,,1691,Berggylt,1211,hele lokaliteten,1401,FLORA,14,Sogn og Fjordane,61.489735,5.023517,4,Nordhordaland til Stadt,
27,2014,11137,Vassdalsvik,rensefisk,,,1691,Berggylt,1194,deler av lokaliteten,1837,MELØY,18,Nordland,66.807884,13.56575,8,Helgeland til Bodø,
27,2014,32337,Veiesund,medikamentell,badebehandling,Deltamethrin,,,,hele lokaliteten,1401,FLORA,14,Sogn og Fjordane,61.572067,5.0466,4,Nordhordaland til Stadt,
27,2014,11315,Vinkfjorden,medikamentell,fôrbehandling,Emamectin benzoat,,,,hele lokaliteten,1848,STEIGEN,18,Nordland,67.72638,15.37989,9,Vestfjorden og Vesterålen,
26,2014,32017,Ånholmen,ikke-medikamentell,,,,,,hele lokaliteten,1748,FOSNES,17,Nord-Trøndelag,64.7198,11.461683,7,Nord-Trøndelag med Bindal,
26,2014,10960,Aspviksundet,medikamentell,badebehandling,Hydrogenperoksid,,,,hele lokaliteten,1820,ALSTAHAUG,18,Nordland,65.86287,12.624533,8,Helgeland til Bodø,
26,2014,11800,Austneståa,medikamentell,fôrbehandling,Emamectin benzoat,,,,deler av lokaliteten,1401,FLORA,14,Sogn og Fjordane,61.49072,5.169133,4,Nordhordaland til Stadt,
26,2014,13229,Djupedalen,rensefisk,,,1692,Annen leppefisk,2807,hele lokaliteten,1241,FUSA,12,Hordaland,60.230865,5.6733,3,Karmøy til Sotra,
26,2014,26595,Djupevika,rensefisk,,,1691,Berggylt,376,deler av lokaliteten,1223,TYSNES,12,Hordaland,60.035816,5.342217,3,Karmøy til Sotra,
26,2014,32597,Fjordprakken,rensefisk,,,222120,Rognkjeks (hun),24570,deler av lokaliteten,1573,SMØLA,15,Møre og Romsdal,63.25585,7.92895,6,Nordmøre og Sør-Trøndelag,
26,2014,31437,Fuglåsen,rensefisk,,,222120,Rognkjeks (hun),14692,deler av lokaliteten,1573,SMØLA,15,Møre og Romsdal,63.44715,8.167767,6,Nordmøre og Sør-Trøndelag,
26,2014,24315,Gjæsingen,rensefisk,,,1691,Berggylt,4036,deler av lokaliteten,1630,ÅFJORD,16,Sør-Trøndelag,64.117615,9.981417,6,Nordmøre og Sør-Trøndelag,
26,2014,11559,Grimsholmen,rensefisk,,,1693,Bergnebb,13099,deler av lokaliteten,1216,SVEIO,12,Hordaland,59.65735,5.404167,3,Karmøy til Sotra,
26,2014,10318,Gulestø,rensefisk,,,1691,Berggylt,20350,hele lokaliteten,1438,BREMANGER,14,Sogn og Fjordane,61.75802,5.069883,4,Nordhordaland til Stadt,
26,2014,24735,Gulholmen,rensefisk,,,1693,Bergnebb,548,deler av lokaliteten,1243,OS I HORDALAND,12,Hordaland,60.1282,5.400467,3,Karmøy til Sotra,
26,2014,22095,Hågardsneset,rensefisk,,,1694,Grøngylt,7680,deler av lokaliteten,1224,KVINNHERAD,12,Hordaland,59.983932,5.932317,3,Karmøy til Sotra,
26,2014,16755,Hageberg,rensefisk,,,1692,Annen leppefisk,6000,deler av lokaliteten,1222,FITJAR,12,Hordaland,59.944218,5.434733,3,Karmøy til Sotra,
26,2014,11920,Herøy,rensefisk,,,1691,Berggylt,2709,deler av lokaliteten,1160,VINDAFJORD,11,Rogaland,59.4664,6.0262,2,Ryfylke,
26,2014,27095,Ihlholmen,medikamentell,badebehandling,Azamethiphos,,,,hele lokaliteten,1160,VINDAFJORD,11,Rogaland,59.7215,5.586633,3,Karmøy til Sotra,
26,2014,27095,Ihlholmen,medikamentell,badebehandling,Deltamethrin,,,,hele lokaliteten,1160,VINDAFJORD,11,Rogaland,59.7215,5.586633,3,Karmøy til Sotra,
26,2014,10240,Ilsøya Ø,medikamentell,badebehandling,Hydrogenperoksid,,,,deler av lokaliteten,1617,HITRA,16,Sør-Trøndelag,63.651974,8.88687,6,Nordmøre og Sør-Trøndelag,
26,2014,14245,Jakobsteinsvika,medikamentell,fôrbehandling,Emamectin benzoat,,,,deler av lokaliteten,1755,LEKA,17,Nord-Trøndelag,65.11352,11.7929,7,Nord-Trøndelag med Bindal,
26,2014,12260,Juvika,medikamentell,badebehandling,Deltamethrin,,,,hele lokaliteten,1545,MIDSUND,15,Møre og Romsdal,62.66477,6.696767,5,Stadt til Hustadvika,
26,2014,12260,Juvika,medikamentell,badebehandling,Deltamethrin,,,,hele lokaliteten,1545,MIDSUND,15,Møre og Romsdal,62.66477,6.696767,5,Stadt til Hustadvika,
26,2014,15118,Kalvøya,medikamentell,fôrbehandling,Annet virkestoff,,,,deler av lokaliteten,1834,LURØY,18,Nordland,66.39397,12.799817,8,Helgeland til Bodø,
26,2014,33577,Kjeholmen II,rensefisk,,,1691,Berggylt,718,hele lokaliteten,1003,FARSUND,10,Vest-Agder,58.06008,6.885683,1,Svenskegrensen til Jæren,
26,2014,18755,Klungset,ikke-medikamentell,,,,,,deler av lokaliteten,1751,NÆRØY,17,Nord-Trøndelag,64.74997,11.394183,7,Nord-Trøndelag med Bindal,
26,2014,10113,Kobbavika,rensefisk,,,1694,Grøngylt,430,deler av lokaliteten,1141,FINNØY,11,Rogaland,59.12232,5.934433,2,Ryfylke,
26,2014,11575,Koløy N,rensefisk,,,1692,Annen leppefisk,1560,deler av lokaliteten,1222,FITJAR,12,Hordaland,59.8616,5.288267,3,Karmøy til Sotra,
26,2014,11809,Krabbestig,rensefisk,,,1691,Berggylt,18964,hele lokaliteten,1439,VÅGSØY,14,Sogn og Fjordane,61.894566,5.0616,4,Nordhordaland til Stadt,
26,2014,11074,Kvalvika,medikamentell,badebehandling,Hydrogenperoksid,,,,deler av lokaliteten,1836,RØDØY,18,Nordland,66.66865,13.38875,8,Helgeland til Bodø,
26,2014,12213,Kvangardsnes,medikamentell,badebehandling,Azamethiphos,,,,hele lokaliteten,1519,VOLDA,15,Møre og Romsdal,62.145317,5.94545,5,Stadt til Hustadvika,
26,2014,12213,Kvangardsnes,medikamentell,badebehandling,Deltamethrin,,,,hele lokaliteten,1519,VOLDA,15,Møre og Romsdal,62.145317,5.94545,5,Stadt til Hustadvika,
26,2014,12727,Kvitneset,medikamentell,fôrbehandling,Emamectin benzoat,,,,hele lokaliteten,1751,NÆRØY,17,Nord-Trøndelag,64.968025,11.665157,7,Nord-Trøndelag med Bindal,
26,2014,26675,Leirhholmen,medikamentell,fôrbehandling,Emamectin benzoat,,,,deler av lokaliteten,1834,LURØY,18,Nordland,66.3565,12.530117,8,Helgeland til Bodø,
26,2014,12966,Lindvik,rensefisk,,,1694,Grøngylt,2741,deler av lokaliteten,1160,VINDAFJORD,11,Rogaland,59.4752,5.978667,2,Ryfylke,
26,2014,14076,Lismåsøy,rensefisk,,,2221,Rognkjeks (felles),20000,deler av lokaliteten,1813,BRØNNØY,18,Nordland,65.4933,12.169217,8,Helgeland til Bodø,
26,2014,13629,Munkholmen,rensefisk,,,1691,Berggylt,840,hele lokaliteten,1146,TYSVÆR,11,Rogaland,59.285484,5.631317,2,Ryfylke,
26,2014,14495,Nordeimsøyna,rensefisk,,,1693,Bergnebb,5555,deler av lokaliteten,1141,FINNØY,11,Rogaland,59.28695,5.812483,2,Ryfylke,
26,2014,10136,Onarøy,rensefisk,,,1694,Grøngylt,9368,deler av lokaliteten,1223,TYSNES,12,Hordaland,59.95335,5.669683,3,Karmøy til Sotra,
26,2014,12394,Ørnøya,medikamentell,badebehandling,Azamethiphos,,,,deler av lokaliteten,1620,FRØYA,16,Sør-Trøndelag,63.761868,8.445183,6,Nordmøre og Sør-Trøndelag,
26,2014,24696,Ørnøya II,medikamentell,badebehandling,Cypermethrin,,,,deler av lokaliteten,1620,FRØYA,16,Sør-Trøndelag,63.759167,8.449133,6,Nordmøre og Sør-Trøndelag,
26,2014,17357,Rennaren,rensefisk,,,1691,Berggylt,14878,deler av lokaliteten,1142,RENNESØY,11,Rogaland,59.131584,5.72165,2,Ryfylke,
26,2014,11122,Røssøya N,medikamentell,badebehandling,Hydrogenperoksid,,,,deler av lokaliteten,1838,GILDESKÅL,18,Nordland,67.073,13.947583,8,Helgeland til Bodø,
26,2014,34117,Skåtholmen,rensefisk,,,1691,Berggylt,226,hele lokaliteten,1241,FUSA,12,Hordaland,60.17145,5.563267,3,Karmøy til Sotra,
26,2014,33157,Skogsholmen,rensefisk,,,1693,Bergnebb,4408,deler av lokaliteten,1815,VEGA,18,Nordland,65.81475,12.070533,8,Helgeland til Bodø,
26,2014,10961,Skonseng,rensefisk,,,1691,Berggylt,5541,deler av lokaliteten,1824,VEFSN,18,Nordland,65.80648,12.619767,8,Helgeland til Bodø,
26,2014,18657,Skredstivik,rensefisk,,,1691,Berggylt,21000,hele lokaliteten,1413,HYLLESTAD,14,Sogn og Fjordane,61.1567,5.133983,4,Nordhordaland til Stadt,
26,2014,29356,Smineset Nord,medikamentell,badebehandling,Hydrogenperoksid,,,,hele lokaliteten,1751,NÆRØY,17,Nord-Trøndelag,64.75597,11.54245,7,Nord-Trøndelag med Bindal,
26,2014,27436,Solværet,rensefisk,,,1693,Bergnebb,8846,deler av lokaliteten,1573,SMØLA,15,Møre og Romsdal,63.255,7.856933,6,Nordmøre og Sør-Trøndelag,
26,2014,22955,Svollandsneset,rensefisk,,,1691,Berggylt,66,deler av lokaliteten,1160,VINDAFJORD,11,Rogaland,59.684235,5.589717,3,Karmøy til Sotra,
26,2014,13057,Teigland I,medikamentell,badebehandling,Cypermethrin,,,,deler av lokaliteten,1238,KVAM,12,Hordaland,60.17935,5.959917,3,Karmøy til Sotra,
26,2014,30837,Torangskjeret,rensefisk,,,1692,Annen leppefisk,620,hele lokaliteten,1244,AUSTEVOLL,12,Hordaland,60.130184,5.176033,3,Karmøy til Sotra,
26,2014,30837,Torangskjeret,rensefisk,,,1693,Bergnebb,1000,hele lokaliteten,1244,AUSTEVOLL,12,Hordaland,60.130184,5.176033,3,Karmøy til Sotra,
26,2014,30837,Torangskjeret,rensefisk,,,1694,Grøngylt,3700,hele lokaliteten,1244,AUSTEVOLL,12,Hordaland,60.130184,5.176033,3,Karmøy til Sotra,
26,2014,30837,Torangskjeret,rensefisk,,,1691,Berggylt,1500,hele lokaliteten,1244,AUSTEVOLL,12,Hordaland,60.130184,5.176033,3,Karmøy til Sotra,
26,2014,11533,Usholmsvika,medikamentell,badebehandling,Azamethiphos,,,,hele lokaliteten,1245,SUND,12,Hordaland,60.1749,5.0917,3,Karmøy til Sotra,
26,2014,11533,Usholmsvika,medikamentell,badebehandling,Deltamethrin,,,,hele lokaliteten,1245,SUND,12,Hordaland,60.1749,5.0917,3,Karmøy til Sotra,
25,2014,13254,Aukan,medikamentell,badebehandling,Azamethiphos,,,,hele lokaliteten,1554,AVERØY,15,Møre og Romsdal,63.0603,7.594283,6,Nordmøre og Sør-Trøndelag,
25,2014,13254,Aukan,medikamentell,badebehandling,Deltamethrin,,,,hele lokaliteten,1554,AVERØY,15,Møre og Romsdal,63.0603,7.594283,6,Nordmøre og Sør-Trøndelag,
25,2014,11800,Austneståa,medikamentell,fôrbehandling,Emamectin benzoat,,,,deler av lokaliteten,1401,FLORA,14,Sogn og Fjordane,61.49072,5.169133,4,Nordhordaland til Stadt,
25,2014,24915,Bøbukta,rensefisk,,,2221,Rognkjeks (felles),12634,deler av lokaliteten,1815,VEGA,18,Nordland,65.66164,12.083917,8,Helgeland til Bodø,
25,2014,13284,Bollhaugen,medikamentell,fôrbehandling,Emamectin benzoat,,,,hele lokaliteten,1827,DØNNA,18,Nordland,66.1125,12.4868,8,Helgeland til Bodø,
25,2014,13205,Brattholmen,medikamentell,badebehandling,Hydrogenperoksid,,,,deler av lokaliteten,1412,SOLUND,14,Sogn og Fjordane,61.068382,4.713817,4,Nordhordaland til Stadt,
25,2014,13229,Djupedalen,rensefisk,,,1692,Annen leppefisk,921,deler av lokaliteten,1241,FUSA,12,Hordaland,60.230865,5.6733,3,Karmøy til Sotra,
25,2014,24575,Farmannsøya,rensefisk,,,1692,Annen leppefisk,4582,deler av lokaliteten,1632,ROAN,16,Sør-Trøndelag,64.18636,10.1201,6,Nordmøre og Sør-Trøndelag,
25,2014,12714,Gjerdinga,medikamentell,fôrbehandling,Emamectin benzoat,,,,hele lokaliteten,1751,NÆRØY,17,Nord-Trøndelag,64.9464,11.4623,7,Nord-Trøndelag med Bindal,
25,2014,11559,Grimsholmen,rensefisk,,,1693,Bergnebb,17088,deler av lokaliteten,1216,SVEIO,12,Hordaland,59.65735,5.404167,3,Karmøy til Sotra,
25,2014,12723,Gullholmen,rensefisk,,,2221,Rognkjeks (felles),10000,hele lokaliteten,1751,NÆRØY,17,Nord-Trøndelag,65.01716,11.724247,7,Nord-Trøndelag med Bindal,
25,2014,22095,Hågardsneset,rensefisk,,,1694,Grøngylt,3281,deler av lokaliteten,1224,KVINNHERAD,12,Hordaland,59.983932,5.932317,3,Karmøy til Sotra,
25,2014,13886,Hallarøy V,rensefisk,,,1693,Bergnebb,2091,hele lokaliteten,1620,FRØYA,16,Sør-Trøndelag,63.998116,9.129283,6,Nordmøre og Sør-Trøndelag,
25,2014,11920,Herøy,rensefisk,,,1691,Berggylt,415,deler av lokaliteten,1160,VINDAFJORD,11,Rogaland,59.4664,6.0262,2,Ryfylke,
25,2014,33218,Hosenøyan,medikamentell,fôrbehandling,Emamectin benzoat,,,,hele lokaliteten,1630,ÅFJORD,16,Sør-Trøndelag,64.08567,9.883383,6,Nordmøre og Sør-Trøndelag,
25,2014,25235,Humulen,medikamentell,fôrbehandling,Emamectin benzoat,,,,deler av lokaliteten,1750,VIKNA,17,Nord-Trøndelag,64.94607,11.370513,7,Nord-Trøndelag med Bindal,
25,2014,25235,Humulen,rensefisk,,,2221,Rognkjeks (felles),10000,deler av lokaliteten,1750,VIKNA,17,Nord-Trøndelag,64.94607,11.370513,7,Nord-Trøndelag med Bindal,
25,2014,12599,Indre Skjervøy,rensefisk,,,1691,Berggylt,8613,deler av lokaliteten,1633,OSEN,16,Sør-Trøndelag,64.2858,10.30905,6,Nordmøre og Sør-Trøndelag,
25,2014,14245,Jakobsteinsvika,medikamentell,fôrbehandling,Emamectin benzoat,,,,deler av lokaliteten,1755,LEKA,17,Nord-Trøndelag,65.11352,11.7929,7,Nord-Trøndelag med Bindal,
25,2014,13297,Kines,medikamentell,badebehandling,Hydrogenperoksid,,,,hele lokaliteten,1845,SØRFOLD,18,Nordland,67.447334,15.4865,9,Vestfjorden og Vesterålen,
25,2014,33577,Kjeholmen II,rensefisk,,,1691,Berggylt,883,hele lokaliteten,1003,FARSUND,10,Vest-Agder,58.06008,6.885683,1,Svenskegrensen til Jæren,
25,2014,10409,Kjelneset,rensefisk,,,2221,Rognkjeks (felles),12705,deler av lokaliteten,1748,FOSNES,17,Nord-Trøndelag,64.64395,11.388328,7,Nord-Trøndelag med Bindal,
25,2014,10113,Kobbavika,rensefisk,,,1691,Berggylt,393,deler av lokaliteten,1141,FINNØY,11,Rogaland,59.12232,5.934433,2,Ryfylke,
25,2014,11809,Krabbestig,medikamentell,fôrbehandling,Emamectin benzoat,,,,hele lokaliteten,1439,VÅGSØY,14,Sogn og Fjordane,61.894566,5.0616,4,Nordhordaland til Stadt,
25,2014,22775,Kvaløya,medikamentell,fôrbehandling,Emamectin benzoat,,,,deler av lokaliteten,1750,VIKNA,17,Nord-Trøndelag,65.001915,11.058617,7,Nord-Trøndelag med Bindal,
25,2014,12213,Kvangardsnes,medikamentell,badebehandling,Azamethiphos,,,,hele lokaliteten,1519,VOLDA,15,Møre og Romsdal,62.145317,5.94545,5,Stadt til Hustadvika,
25,2014,12213,Kvangardsnes,medikamentell,badebehandling,Deltamethrin,,,,hele lokaliteten,1519,VOLDA,15,Møre og Romsdal,62.145317,5.94545,5,Stadt til Hustadvika,
25,2014,10041,Kviksholmen,medikamentell,fôrbehandling,Emamectin benzoat,,,,hele lokaliteten,1244,AUSTEVOLL,12,Hordaland,60.054317,5.090733,3,Karmøy til Sotra,
25,2014,12727,Kvitneset,medikamentell,fôrbehandling,Emamectin benzoat,,,,hele lokaliteten,1751,NÆRØY,17,Nord-Trøndelag,64.968025,11.665157,7,Nord-Trøndelag med Bindal,
25,2014,10898,Lamholmen,medikamentell,fôrbehandling,Emamectin benzoat,,,,deler av lokaliteten,1813,BRØNNØY,18,Nordland,65.47093,12.1338,8,Helgeland til Bodø,
25,2014,13965,Nesbø/Gjeldsvik,medikamentell,badebehandling,Azamethiphos,,,,hele lokaliteten,1263,LINDÅS,12,Hordaland,60.68835,5.4232,4,Nordhordaland til Stadt,
25,2014,13965,Nesbø/Gjeldsvik,medikamentell,badebehandling,Deltamethrin,,,,hele lokaliteten,1263,LINDÅS,12,Hordaland,60.68835,5.4232,4,Nordhordaland til Stadt,
25,2014,14495,Nordeimsøyna,rensefisk,,,1693,Bergnebb,5349,deler av lokaliteten,1141,FINNØY,11,Rogaland,59.28695,5.812483,2,Ryfylke,
25,2014,26315,Nordgjæslingan,ikke-medikamentell,,,,,,deler av lokaliteten,1750,VIKNA,17,Nord-Trøndelag,64.7659,10.9128,7,Nord-Trøndelag med Bindal,
25,2014,15403,Olderøy,medikamentell,badebehandling,Hydrogenperoksid,,,,hele lokaliteten,1412,SOLUND,14,Sogn og Fjordane,61.103283,4.712233,4,Nordhordaland til Stadt,
25,2014,12179,Oslandsurda,medikamentell,fôrbehandling,Emamectin benzoat,,,,hele lokaliteten,1416,HØYANGER,14,Sogn og Fjordane,61.0795,5.8099,4,Nordhordaland til Stadt,
25,2014,12179,Oslandsurda,medikamentell,fôrbehandling,Emamectin benzoat,,,,hele lokaliteten,1416,HØYANGER,14,Sogn og Fjordane,61.0795,5.8099,4,Nordhordaland til Stadt,
25,2014,13565,Øvreås,rensefisk,,,222120,Rognkjeks (hun),13581,hele lokaliteten,1263,LINDÅS,12,Hordaland,60.67298,5.397417,4,Nordhordaland til Stadt,
25,2014,17357,Rennaren,rensefisk,,,1691,Berggylt,5778,deler av lokaliteten,1142,RENNESØY,11,Rogaland,59.131584,5.72165,2,Ryfylke,
25,2014,12281,Rogne,medikamentell,badebehandling,Hydrogenperoksid,,,,deler av lokaliteten,1534,HARAM,15,Møre og Romsdal,62.667816,6.357217,5,Stadt til Hustadvika,
25,2014,12884,Sandnesbukta,medikamentell,badebehandling,Deltamethrin,,,,deler av lokaliteten,1543,NESSET,15,Møre og Romsdal,62.7369,7.8775,5,Stadt til Hustadvika,
25,2014,33157,Skogsholmen,rensefisk,,,1693,Bergnebb,9396,deler av lokaliteten,1815,VEGA,18,Nordland,65.81475,12.070533,8,Helgeland til Bodø,
25,2014,18657,Skredstivik,rensefisk,,,1691,Berggylt,30000,deler av lokaliteten,1413,HYLLESTAD,14,Sogn og Fjordane,61.1567,5.133983,4,Nordhordaland til Stadt,
25,2014,28316,Slåttøya,medikamentell,fôrbehandling,Emamectin benzoat,,,,hele lokaliteten,1630,ÅFJORD,16,Sør-Trøndelag,63.995033,9.871283,6,Nordmøre og Sør-Trøndelag,
25,2014,15375,Sørøyflesa,rensefisk,,,1693,Bergnebb,2094,deler av lokaliteten,1620,FRØYA,16,Sør-Trøndelag,63.98405,9.057067,6,Nordmøre og Sør-Trøndelag,
25,2014,31217,Stokkasjøen,rensefisk,,,1691,Berggylt,2610,deler av lokaliteten,1816,VEVELSTAD,18,Nordland,65.78265,12.592067,8,Helgeland til Bodø,
25,2014,11858,Støytland,rensefisk,,,1691,Berggylt,316,deler av lokaliteten,1004,FLEKKEFJORD,10,Vest-Agder,58.2316,6.628533,1,Svenskegrensen til Jæren,
25,2014,12268,Terningen,medikamentell,badebehandling,Deltamethrin,,,,deler av lokaliteten,1545,MIDSUND,15,Møre og Romsdal,62.6431,6.54805,5,Stadt til Hustadvika,
25,2014,25815,Tittelsnes,medikamentell,badebehandling,Deltamethrin,,,,deler av lokaliteten,1216,SVEIO,12,Hordaland,59.723484,5.533483,3,Karmøy til Sotra,
25,2014,12678,Vedøya,rensefisk,,,2221,Rognkjeks (felles),12000,deler av lokaliteten,1748,FOSNES,17,Nord-Trøndelag,64.60697,11.355178,7,Nord-Trøndelag med Bindal,
25,2014,13704,Vikane,medikamentell,badebehandling,Azamethiphos,,,,hele lokaliteten,1266,MASFJORDEN,12,Hordaland,60.7125,5.403633,4,Nordhordaland til Stadt,
25,2014,13704,Vikane,medikamentell,badebehandling,Deltamethrin,,,,hele lokaliteten,1266,MASFJORDEN,12,Hordaland,60.7125,5.403633,4,Nordhordaland til Stadt,
24,2014,24695,Årnes,rensefisk,,,222120,Rognkjeks (hun),5912,deler av lokaliteten,1703,NAMSOS,17,Nord-Trøndelag,64.5961,11.273417,7,Nord-Trøndelag med Bindal,
24,2014,13254,Aukan,ikke-medikamentell,,,,,,deler av lokaliteten,1554,AVERØY,15,Møre og Romsdal,63.0603,7.594283,6,Nordmøre og Sør-Trøndelag,
24,2014,31877,Barøya,rensefisk,,,222120,Rognkjeks (hun),11902,deler av lokaliteten,1703,NAMSOS,17,Nord-Trøndelag,64.6206,11.233183,7,Nord-Trøndelag med Bindal,
24,2014,13284,Bollhaugen,medikamentell,fôrbehandling,Emamectin benzoat,,,,hele lokaliteten,1827,DØNNA,18,Nordland,66.1125,12.4868,8,Helgeland til Bodø,
24,2014,12237,Brudevika,rensefisk,,,1691,Berggylt,29446,hele lokaliteten,1511,VANYLVEN,15,Møre og Romsdal,62.116566,5.420717,5,Stadt til Hustadvika,
24,2014,33537,Buholmen,rensefisk,,,1692,Annen leppefisk,6481,deler av lokaliteten,1632,ROAN,16,Sør-Trøndelag,64.1569,10.008917,6,Nordmøre og Sør-Trøndelag,
24,2014,32457,Dalsvåg Nv,rensefisk,,,1694,Grøngylt,9600,deler av lokaliteten,1149,KARMØY,11,Rogaland,59.410816,5.21725,3,Karmøy til Sotra,
24,2014,32197,Dryna,medikamentell,badebehandling,Deltamethrin,,,,deler av lokaliteten,1545,MIDSUND,15,Møre og Romsdal,62.6444,6.5568,5,Stadt til Hustadvika,
24,2014,24575,Farmannsøya,rensefisk,,,1692,Annen leppefisk,5226,deler av lokaliteten,1632,ROAN,16,Sør-Trøndelag,64.18636,10.1201,6,Nordmøre og Sør-Trøndelag,
24,2014,31357,Geitryggen,medikamentell,badebehandling,Hydrogenperoksid,,,,deler av lokaliteten,1751,NÆRØY,17,Nord-Trøndelag,64.75085,11.189033,7,Nord-Trøndelag med Bindal,
24,2014,24196,Gjelsøya,medikamentell,badebehandling,Hydrogenperoksid,,,,deler av lokaliteten,1617,HITRA,16,Sør-Trøndelag,63.482616,8.280283,6,Nordmøre og Sør-Trøndelag,
24,2014,31717,Gjerset Vest,medikamentell,badebehandling,Deltamethrin,,,,hele lokaliteten,1534,HARAM,15,Møre og Romsdal,62.5305,6.428583,5,Stadt til Hustadvika,
24,2014,32037,Grasholman,medikamentell,badebehandling,Hydrogenperoksid,,,,deler av lokaliteten,1834,LURØY,18,Nordland,66.34873,12.779417,8,Helgeland til Bodø,
24,2014,17177,Grunneneset,medikamentell,badebehandling,Deltamethrin,,,,deler av lokaliteten,1438,BREMANGER,14,Sogn og Fjordane,61.893116,5.35185,4,Nordhordaland til Stadt,
24,2014,13886,Hallarøy V,rensefisk,,,1691,Berggylt,6105,deler av lokaliteten,1620,FRØYA,16,Sør-Trøndelag,63.998116,9.129283,6,Nordmøre og Sør-Trøndelag,
24,2014,12895,Halsbukta,rensefisk,,,222120,Rognkjeks (hun),16428,deler av lokaliteten,1560,TINGVOLL,15,Møre og Romsdal,63.077686,8.143622,6,Nordmøre og Sør-Trøndelag,
24,2014,11783,Hella,medikamentell,badebehandling,Azamethiphos,,,,deler av lokaliteten,1428,ASKVOLL,14,Sogn og Fjordane,61.40663,5.080817,4,Nordhordaland til Stadt,
24,2014,11783,Hella,medikamentell,badebehandling,Deltamethrin,,,,deler av lokaliteten,1428,ASKVOLL,14,Sogn og Fjordane,61.40663,5.080817,4,Nordhordaland til Stadt,
24,2014,11920,Herøy,rensefisk,,,1691,Berggylt,11840,deler av lokaliteten,1160,VINDAFJORD,11,Rogaland,59.4664,6.0262,2,Ryfylke,
24,2014,25235,Humulen,medikamentell,fôrbehandling,Emamectin benzoat,,,,deler av lokaliteten,1750,VIKNA,17,Nord-Trøndelag,64.94607,11.370513,7,Nord-Trøndelag med Bindal,
24,2014,11957,Indre Slettavikneset,medikamentell,badebehandling,Azamethiphos,,,,hele lokaliteten,1102,SANDNES,11,Rogaland,58.9542,5.943617,2,Ryfylke,
24,2014,11957,Indre Slettavikneset,ikke-medikamentell,,,,,,hele lokaliteten,1102,SANDNES,11,Rogaland,58.9542,5.943617,2,Ryfylke,
24,2014,14245,Jakobsteinsvika,medikamentell,fôrbehandling,Emamectin benzoat,,,,deler av lokaliteten,1755,LEKA,17,Nord-Trøndelag,65.11352,11.7929,7,Nord-Trøndelag med Bindal,
24,2014,26135,Kjørsvikgrunn,medikamentell,badebehandling,Hydrogenperoksid,,,,hele lokaliteten,1612,HEMNE,16,Sør-Trøndelag,63.457565,9.076,6,Nordmøre og Sør-Trøndelag,
24,2014,11809,Krabbestig,medikamentell,fôrbehandling,Emamectin benzoat,,,,hele lokaliteten,1439,VÅGSØY,14,Sogn og Fjordane,61.894566,5.0616,4,Nordhordaland til Stadt,
24,2014,11719,Kråkenes,medikamentell,badebehandling,Azamethiphos,,,,hele lokaliteten,1412,SOLUND,14,Sogn og Fjordane,61.05835,4.921317,4,Nordhordaland til Stadt,
24,2014,11719,Kråkenes,medikamentell,badebehandling,Cypermethrin,,,,hele lokaliteten,1412,SOLUND,14,Sogn og Fjordane,61.05835,4.921317,4,Nordhordaland til Stadt,
24,2014,22775,Kvaløya,medikamentell,fôrbehandling,Emamectin benzoat,,,,deler av lokaliteten,1750,VIKNA,17,Nord-Trøndelag,65.001915,11.058617,7,Nord-Trøndelag med Bindal,
24,2014,10041,Kviksholmen,medikamentell,fôrbehandling,Emamectin benzoat,,,,hele lokaliteten,1244,AUSTEVOLL,12,Hordaland,60.054317,5.090733,3,Karmøy til Sotra,
24,2014,10898,Lamholmen,medikamentell,fôrbehandling,Emamectin benzoat,,,,deler av lokaliteten,1813,BRØNNØY,18,Nordland,65.47093,12.1338,8,Helgeland til Bodø,
24,2014,26295,Langøy,medikamentell,badebehandling,Annet virkestoff,,,,hele lokaliteten,1263,LINDÅS,12,Hordaland,60.7779,5.159333,4,Nordhordaland til Stadt,
24,2014,26315,Nordgjæslingan,ikke-medikamentell,,,,,,deler av lokaliteten,1750,VIKNA,17,Nord-Trøndelag,64.7659,10.9128,7,Nord-Trøndelag med Bindal,
24,2014,12179,Oslandsurda,medikamentell,fôrbehandling,Emamectin benzoat,,,,hele lokaliteten,1416,HØYANGER,14,Sogn og Fjordane,61.0795,5.8099,4,Nordhordaland til Stadt,
24,2014,12179,Oslandsurda,medikamentell,fôrbehandling,Emamectin benzoat,,,,hele lokaliteten,1416,HØYANGER,14,Sogn og Fjordane,61.0795,5.8099,4,Nordhordaland til Stadt,
24,2014,10086,Rekeviki,medikamentell,badebehandling,Azamethiphos,,,,hele lokaliteten,1263,LINDÅS,12,Hordaland,60.7231,5.325451,4,Nordhordaland til Stadt,
24,2014,10086,Rekeviki,medikamentell,badebehandling,Deltamethrin,,,,hele lokaliteten,1263,LINDÅS,12,Hordaland,60.7231,5.325451,4,Nordhordaland til Stadt,
24,2014,12281,Rogne,medikamentell,badebehandling,Hydrogenperoksid,,,,deler av lokaliteten,1534,HARAM,15,Møre og Romsdal,62.667816,6.357217,5,Stadt til Hustadvika,
24,2014,19135,Sandøya III,medikamentell,fôrbehandling,Emamectin benzoat,,,,hele lokaliteten,1632,ROAN,16,Sør-Trøndelag,64.243385,10.26445,6,Nordmøre og Sør-Trøndelag,
24,2014,19135,Sandøya III,medikamentell,fôrbehandling,Emamectin benzoat,,,,hele lokaliteten,1632,ROAN,16,Sør-Trøndelag,64.243385,10.26445,6,Nordmøre og Sør-Trøndelag,
24,2014,11758,Sauøy Ø,medikamentell,badebehandling,Azamethiphos,,,,deler av lokaliteten,1259,ØYGARDEN,12,Hordaland,60.592335,4.857833,4,Nordhordaland til Stadt,
24,2014,11758,Sauøy Ø,medikamentell,badebehandling,Cypermethrin,,,,deler av lokaliteten,1259,ØYGARDEN,12,Hordaland,60.592335,4.857833,4,Nordhordaland til Stadt,
24,2014,12244,Setevika,medikamentell,fôrbehandling,Emamectin benzoat,,,,hele lokaliteten,1545,MIDSUND,15,Møre og Romsdal,62.728065,6.939283,5,Stadt til Hustadvika,
24,2014,33017,Setevika Nord,medikamentell,fôrbehandling,Emamectin benzoat,,,,hele lokaliteten,1545,MIDSUND,15,Møre og Romsdal,62.73835,6.937667,5,Stadt til Hustadvika,
24,2014,28096,Slåttenes,medikamentell,badebehandling,Deltamethrin,,,,deler av lokaliteten,1224,KVINNHERAD,12,Hordaland,59.83222,5.984267,3,Karmøy til Sotra,
24,2014,23375,Sørevik,medikamentell,badebehandling,Deltamethrin,,,,hele lokaliteten,1416,HØYANGER,14,Sogn og Fjordane,61.099983,5.729967,4,Nordhordaland til Stadt,
24,2014,15375,Sørøyflesa,rensefisk,,,1693,Bergnebb,4717,deler av lokaliteten,1620,FRØYA,16,Sør-Trøndelag,63.98405,9.057067,6,Nordmøre og Sør-Trøndelag,
24,2014,31217,Stokkasjøen,rensefisk,,,1694,Grøngylt,2116,deler av lokaliteten,1816,VEVELSTAD,18,Nordland,65.78265,12.592067,8,Helgeland til Bodø,
24,2014,13196,Syltøy,medikamentell,badebehandling,Deltamethrin,,,,deler av lokaliteten,1245,SUND,12,Hordaland,60.304,4.966767,3,Karmøy til Sotra,
24,2014,12268,Terningen,medikamentell,badebehandling,Deltamethrin,,,,deler av lokaliteten,1545,MIDSUND,15,Møre og Romsdal,62.6431,6.54805,5,Stadt til Hustadvika,
24,2014,30837,Torangskjeret,medikamentell,badebehandling,Deltamethrin,,,,deler av lokaliteten,1244,AUSTEVOLL,12,Hordaland,60.130184,5.176033,3,Karmøy til Sotra,
24,2014,32717,Tranøya N,medikamentell,badebehandling,Deltamethrin,,,,deler av lokaliteten,1627,BJUGN,16,Sør-Trøndelag,63.872032,9.769783,6,Nordmøre og Sør-Trøndelag,
24,2014,30560,Tristeinen,rensefisk,,,1691,Berggylt,5039,hele lokaliteten,1627,BJUGN,16,Sør-Trøndelag,63.86895,9.6204,6,Nordmøre og Sør-Trøndelag,
24,2014,10029,Tuholmane Ø,medikamentell,badebehandling,Deltamethrin,,,,deler av lokaliteten,1149,KARMØY,11,Rogaland,59.372032,5.20965,3,Karmøy til Sotra,
24,2014,24197,Værøya Ø,medikamentell,badebehandling,Cypermethrin,,,,deler av lokaliteten,1617,HITRA,16,Sør-Trøndelag,63.415966,8.483883,6,Nordmøre og Sør-Trøndelag,
23,2014,15196,Aga Ø,medikamentell,fôrbehandling,Diflubenzuron,,,,hele lokaliteten,1219,BØMLO,12,Hordaland,59.8451,5.261367,3,Karmøy til Sotra,
23,2014,10960,Aspviksundet,medikamentell,badebehandling,Azamethiphos,,,,deler av lokaliteten,1820,ALSTAHAUG,18,Nordland,65.86287,12.624533,8,Helgeland til Bodø,
23,2014,10960,Aspviksundet,medikamentell,badebehandling,Deltamethrin,,,,deler av lokaliteten,1820,ALSTAHAUG,18,Nordland,65.86287,12.624533,8,Helgeland til Bodø,
23,2014,12988,Aukrasanden,medikamentell,fôrbehandling,Diflubenzuron,,,,deler av lokaliteten,1547,AUKRA,15,Møre og Romsdal,62.783417,6.92605,5,Stadt til Hustadvika,
23,2014,27976,Bukkholmen,medikamentell,badebehandling,Azamethiphos,,,,deler av lokaliteten,1820,ALSTAHAUG,18,Nordland,65.9184,12.244683,8,Helgeland til Bodø,
23,2014,27976,Bukkholmen,medikamentell,badebehandling,Deltamethrin,,,,deler av lokaliteten,1820,ALSTAHAUG,18,Nordland,65.9184,12.244683,8,Helgeland til Bodø,
23,2014,12109,Ebne,medikamentell,badebehandling,Azamethiphos,,,,hele lokaliteten,1211,ETNE,12,Hordaland,59.71465,5.824167,3,Karmøy til Sotra,
23,2014,24575,Farmannsøya,medikamentell,fôrbehandling,Emamectin benzoat,,,,hele lokaliteten,1632,ROAN,16,Sør-Trøndelag,64.18636,10.1201,6,Nordmøre og Sør-Trøndelag,
23,2014,11667,Gardskråneset,medikamentell,badebehandling,Azamethiphos,,,,hele lokaliteten,1259,ØYGARDEN,12,Hordaland,60.53972,4.903867,4,Nordhordaland til Stadt,
23,2014,11667,Gardskråneset,medikamentell,badebehandling,Deltamethrin,,,,hele lokaliteten,1259,ØYGARDEN,12,Hordaland,60.53972,4.903867,4,Nordhordaland til Stadt,
23,2014,31577,Haneholmen,medikamentell,fôrbehandling,Diflubenzuron,,,,deler av lokaliteten,1445,GLOPPEN,14,Sogn og Fjordane,61.84045,6.10055,4,Nordhordaland til Stadt,
23,2014,31577,Haneholmen,medikamentell,fôrbehandling,Diflubenzuron,,,,deler av lokaliteten,1445,GLOPPEN,14,Sogn og Fjordane,61.84045,6.10055,4,Nordhordaland til Stadt,
23,2014,24035,Håvikvågen S,medikamentell,fôrbehandling,Diflubenzuron,,,,hele lokaliteten,1241,FUSA,12,Hordaland,60.169834,5.69645,3,Karmøy til Sotra,
23,2014,11783,Hella,medikamentell,badebehandling,Azamethiphos,,,,deler av lokaliteten,1428,ASKVOLL,14,Sogn og Fjordane,61.40663,5.080817,4,Nordhordaland til Stadt,
23,2014,11783,Hella,medikamentell,badebehandling,Deltamethrin,,,,deler av lokaliteten,1428,ASKVOLL,14,Sogn og Fjordane,61.40663,5.080817,4,Nordhordaland til Stadt,
23,2014,13643,Hjartholm,medikamentell,fôrbehandling,Emamectin benzoat,,,,hele lokaliteten,1411,GULEN,14,Sogn og Fjordane,61.03512,5.33105,4,Nordhordaland til Stadt,
23,2014,13643,Hjartholm,ikke-medikamentell,,,,,,hele lokaliteten,1411,GULEN,14,Sogn og Fjordane,61.03512,5.33105,4,Nordhordaland til Stadt,
23,2014,14245,Jakobsteinsvika,medikamentell,fôrbehandling,Emamectin benzoat,,,,deler av lokaliteten,1755,LEKA,17,Nord-Trøndelag,65.11352,11.7929,7,Nord-Trøndelag med Bindal,
23,2014,19977,Jektholmen,medikamentell,fôrbehandling,Emamectin benzoat,,,,hele lokaliteten,1630,ÅFJORD,16,Sør-Trøndelag,63.99495,9.928317,6,Nordmøre og Sør-Trøndelag,
23,2014,19977,Jektholmen,medikamentell,fôrbehandling,Emamectin benzoat,,,,hele lokaliteten,1630,ÅFJORD,16,Sør-Trøndelag,63.99495,9.928317,6,Nordmøre og Sør-Trøndelag,
23,2014,18755,Klungset,ikke-medikamentell,,,,,,hele lokaliteten,1751,NÆRØY,17,Nord-Trøndelag,64.74997,11.394183,7,Nord-Trøndelag med Bindal,
23,2014,11809,Krabbestig,medikamentell,badebehandling,Deltamethrin,,,,hele lokaliteten,1439,VÅGSØY,14,Sogn og Fjordane,61.894566,5.0616,4,Nordhordaland til Stadt,
23,2014,10041,Kviksholmen,medikamentell,badebehandling,Deltamethrin,,,,hele lokaliteten,1244,AUSTEVOLL,12,Hordaland,60.054317,5.090733,3,Karmøy til Sotra,
23,2014,10041,Kviksholmen,medikamentell,badebehandling,Hydrogenperoksid,,,,hele lokaliteten,1244,AUSTEVOLL,12,Hordaland,60.054317,5.090733,3,Karmøy til Sotra,
23,2014,24715,Langholmen,medikamentell,fôrbehandling,Emamectin benzoat,,,,deler av lokaliteten,1141,FINNØY,11,Rogaland,59.097282,5.835917,2,Ryfylke,
23,2014,14076,Lismåsøy,medikamentell,fôrbehandling,Emamectin benzoat,,,,hele lokaliteten,1813,BRØNNØY,18,Nordland,65.4933,12.169217,8,Helgeland til Bodø,
23,2014,14043,Lybergsvika,medikamentell,badebehandling,Deltamethrin,,,,deler av lokaliteten,1539,RAUMA,15,Møre og Romsdal,62.641582,7.448583,5,Stadt til Hustadvika,
23,2014,10181,Oksebåsen V,medikamentell,badebehandling,Hydrogenperoksid,,,,hele lokaliteten,1532,GISKE,15,Møre og Romsdal,62.5174,6.15805,5,Stadt til Hustadvika,
23,2014,31697,Oksen,ikke-medikamentell,,,,,,hele lokaliteten,1246,FJELL,12,Hordaland,60.43382,4.9411,3,Karmøy til Sotra,
23,2014,14019,Øksningen,medikamentell,fôrbehandling,Emamectin benzoat,,,,hele lokaliteten,1811,BINDAL,18,Nordland,65.13924,12.31975,7,Nord-Trøndelag med Bindal,
23,2014,12209,Rønstad,medikamentell,badebehandling,Azamethiphos,,,,hele lokaliteten,1519,VOLDA,15,Møre og Romsdal,62.135117,6.021433,5,Stadt til Hustadvika,
23,2014,12209,Rønstad,medikamentell,badebehandling,Deltamethrin,,,,hele lokaliteten,1519,VOLDA,15,Møre og Romsdal,62.135117,6.021433,5,Stadt til Hustadvika,
23,2014,12794,Rundklumpen,medikamentell,badebehandling,Hydrogenperoksid,,,,hele lokaliteten,1627,BJUGN,16,Sør-Trøndelag,63.8012,9.607983,6,Nordmøre og Sør-Trøndelag,
23,2014,13249,Sagelva,medikamentell,badebehandling,Azamethiphos,,,,hele lokaliteten,1520,ØRSTA,15,Møre og Romsdal,62.33795,6.38165,5,Stadt til Hustadvika,
23,2014,13249,Sagelva,medikamentell,badebehandling,Deltamethrin,,,,hele lokaliteten,1520,ØRSTA,15,Møre og Romsdal,62.33795,6.38165,5,Stadt til Hustadvika,
23,2014,13249,Sagelva,ikke-medikamentell,,,,,,hele lokaliteten,1520,ØRSTA,15,Møre og Romsdal,62.33795,6.38165,5,Stadt til Hustadvika,
23,2014,19135,Sandøya III,medikamentell,fôrbehandling,Emamectin benzoat,,,,hele lokaliteten,1632,ROAN,16,Sør-Trøndelag,64.243385,10.26445,6,Nordmøre og Sør-Trøndelag,
23,2014,19135,Sandøya III,medikamentell,fôrbehandling,Emamectin benzoat,,,,hele lokaliteten,1632,ROAN,16,Sør-Trøndelag,64.243385,10.26445,6,Nordmøre og Sør-Trøndelag,
23,2014,12844,Seterneset,medikamentell,badebehandling,Deltamethrin,,,,deler av lokaliteten,1502,MOLDE,15,Møre og Romsdal,62.67375,7.313967,5,Stadt til Hustadvika,
23,2014,12844,Seterneset,rensefisk,,,1691,Berggylt,2278,hele lokaliteten,1502,MOLDE,15,Møre og Romsdal,62.67375,7.313967,5,Stadt til Hustadvika,
23,2014,12844,Seterneset,rensefisk,,,1694,Grøngylt,2087,hele lokaliteten,1502,MOLDE,15,Møre og Romsdal,62.67375,7.313967,5,Stadt til Hustadvika,
23,2014,12244,Setevika,medikamentell,fôrbehandling,Emamectin benzoat,,,,hele lokaliteten,1545,MIDSUND,15,Møre og Romsdal,62.728065,6.939283,5,Stadt til Hustadvika,
23,2014,33017,Setevika Nord,medikamentell,fôrbehandling,Emamectin benzoat,,,,hele lokaliteten,1545,MIDSUND,15,Møre og Romsdal,62.73835,6.937667,5,Stadt til Hustadvika,
23,2014,18657,Skredstivik,rensefisk,,,1691,Berggylt,21600,deler av lokaliteten,1413,HYLLESTAD,14,Sogn og Fjordane,61.1567,5.133983,4,Nordhordaland til Stadt,
23,2014,13291,Soløya,medikamentell,badebehandling,Hydrogenperoksid,,,,hele lokaliteten,1859,FLAKSTAD,18,Nordland,68.00382,13.182267,9,Vestfjorden og Vesterålen,
23,2014,31217,Stokkasjøen,rensefisk,,,1691,Berggylt,4850,deler av lokaliteten,1816,VEVELSTAD,18,Nordland,65.78265,12.592067,8,Helgeland til Bodø,
23,2014,31217,Stokkasjøen,rensefisk,,,1694,Grøngylt,3605,deler av lokaliteten,1816,VEVELSTAD,18,Nordland,65.78265,12.592067,8,Helgeland til Bodø,
23,2014,12965,Stølsvik,medikamentell,badebehandling,Azamethiphos,,,,deler av lokaliteten,1146,TYSVÆR,11,Rogaland,59.405434,5.710833,2,Ryfylke,
23,2014,22335,Storvika,medikamentell,fôrbehandling,Diflubenzuron,,,,deler av lokaliteten,1548,FRÆNA,15,Møre og Romsdal,62.802166,6.981267,5,Stadt til Hustadvika,
23,2014,12074,Svåsandneset,rensefisk,,,1691,Berggylt,21167,hele lokaliteten,1227,JONDAL,12,Hordaland,60.32422,6.318983,3,Karmøy til Sotra,
23,2014,12449,Tennøya,rensefisk,,,1691,Berggylt,11091,deler av lokaliteten,1620,FRØYA,16,Sør-Trøndelag,63.802567,8.433583,6,Nordmøre og Sør-Trøndelag,
23,2014,30837,Torangskjeret,medikamentell,badebehandling,Deltamethrin,,,,deler av lokaliteten,1244,AUSTEVOLL,12,Hordaland,60.130184,5.176033,3,Karmøy til Sotra,
23,2014,30560,Tristeinen,rensefisk,,,1693,Bergnebb,2266,hele lokaliteten,1627,BJUGN,16,Sør-Trøndelag,63.86895,9.6204,6,Nordmøre og Sør-Trøndelag,
23,2014,30560,Tristeinen,rensefisk,,,1691,Berggylt,5360,hele lokaliteten,1627,BJUGN,16,Sør-Trøndelag,63.86895,9.6204,6,Nordmøre og Sør-Trøndelag,
23,2014,14081,Tveit,medikamentell,fôrbehandling,Emamectin benzoat,,,,hele lokaliteten,1413,HYLLESTAD,14,Sogn og Fjordane,61.110085,5.340483,4,Nordhordaland til Stadt,
23,2014,13562,Uføro,medikamentell,badebehandling,Deltamethrin,,,,hele lokaliteten,1221,STORD,12,Hordaland,59.877434,5.52725,3,Karmøy til Sotra,
23,2014,13562,Uføro,ikke-medikamentell,,,,,,hele lokaliteten,1221,STORD,12,Hordaland,59.877434,5.52725,3,Karmøy til Sotra,
23,2014,10091,Vågsøya,medikamentell,fôrbehandling,Emamectin benzoat,,,,hele lokaliteten,1401,FLORA,14,Sogn og Fjordane,61.489735,5.023517,4,Nordhordaland til Stadt,
22,2014,15196,Aga Ø,medikamentell,fôrbehandling,Diflubenzuron,,,,hele lokaliteten,1219,BØMLO,12,Hordaland,59.8451,5.261367,3,Karmøy til Sotra,
22,2014,12988,Aukrasanden,medikamentell,fôrbehandling,Diflubenzuron,,,,deler av lokaliteten,1547,AUKRA,15,Møre og Romsdal,62.783417,6.92605,5,Stadt til Hustadvika,
22,2014,25055,Bekksneset,medikamentell,fôrbehandling,Emamectin benzoat,,,,hele lokaliteten,1413,HYLLESTAD,14,Sogn og Fjordane,61.07662,5.38595,4,Nordhordaland til Stadt,
22,2014,22455,Bjørlykkestranda,medikamentell,badebehandling,Azamethiphos,,,,hele lokaliteten,1511,VANYLVEN,15,Møre og Romsdal,62.16655,5.5954,5,Stadt til Hustadvika,
22,2014,22455,Bjørlykkestranda,medikamentell,badebehandling,Deltamethrin,,,,hele lokaliteten,1511,VANYLVEN,15,Møre og Romsdal,62.16655,5.5954,5,Stadt til Hustadvika,
22,2014,29458,Blåmannsvik,medikamentell,badebehandling,Azamethiphos,,,,hele lokaliteten,1902,TROMSØ,19,Troms,69.73064,18.653584,11,Kvaløya til Loppa,
22,2014,11353,Finnstein,medikamentell,badebehandling,Deltamethrin,,,,hele lokaliteten,1928,TORSKEN,19,Troms,69.32917,17.060183,10,Andøya til Senja,
22,2014,31398,Finnvik,medikamentell,badebehandling,Deltamethrin,,,,deler av lokaliteten,1902,TROMSØ,19,Troms,69.893,18.80835,11,Kvaløya til Loppa,
22,2014,25895,Flornes,medikamentell,fôrbehandling,Diflubenzuron,,,,hele lokaliteten,1223,TYSNES,12,Hordaland,59.892982,5.665817,3,Karmøy til Sotra,
22,2014,11736,Fureholmen S,medikamentell,fôrbehandling,Diflubenzuron,,,,hele lokaliteten,1412,SOLUND,14,Sogn og Fjordane,61.0559,4.866617,4,Nordhordaland til Stadt,
22,2014,13669,Furneset,medikamentell,badebehandling,Deltamethrin,,,,deler av lokaliteten,1535,VESTNES,15,Møre og Romsdal,62.6461,7.101183,5,Stadt til Hustadvika,
22,2014,24315,Gjæsingen,rensefisk,,,1691,Berggylt,5595,deler av lokaliteten,1630,ÅFJORD,16,Sør-Trøndelag,64.117615,9.981417,6,Nordmøre og Sør-Trøndelag,
22,2014,24315,Gjæsingen,rensefisk,,,1693,Bergnebb,1090,deler av lokaliteten,1630,ÅFJORD,16,Sør-Trøndelag,64.117615,9.981417,6,Nordmøre og Sør-Trøndelag,
22,2014,31577,Haneholmen,medikamentell,fôrbehandling,Diflubenzuron,,,,deler av lokaliteten,1445,GLOPPEN,14,Sogn og Fjordane,61.84045,6.10055,4,Nordhordaland til Stadt,
22,2014,31577,Haneholmen,medikamentell,fôrbehandling,Diflubenzuron,,,,deler av lokaliteten,1445,GLOPPEN,14,Sogn og Fjordane,61.84045,6.10055,4,Nordhordaland til Stadt,
22,2014,31577,Haneholmen,medikamentell,fôrbehandling,Diflubenzuron,,,,deler av lokaliteten,1445,GLOPPEN,14,Sogn og Fjordane,61.84045,6.10055,4,Nordhordaland til Stadt,
22,2014,31577,Haneholmen,medikamentell,fôrbehandling,Diflubenzuron,,,,deler av lokaliteten,1445,GLOPPEN,14,Sogn og Fjordane,61.84045,6.10055,4,Nordhordaland til Stadt,
22,2014,12011,Håøya Nø,medikamentell,fôrbehandling,Diflubenzuron,,,,hele lokaliteten,1146,TYSVÆR,11,Rogaland,59.290417,5.6765,2,Ryfylke,
22,2014,13119,Hesten,medikamentell,badebehandling,Azamethiphos,,,,hele lokaliteten,2012,ALTA,20,Finnmark,70.23785,23.4112,12,Vest-Finnmark,
22,2014,33797,Hidlekjerringa,medikamentell,fôrbehandling,Emamectin benzoat,,,,hele lokaliteten,1130,STRAND,11,Rogaland,59.067284,5.839383,2,Ryfylke,
22,2014,13643,Hjartholm,medikamentell,badebehandling,Deltamethrin,,,,hele lokaliteten,1411,GULEN,14,Sogn og Fjordane,61.03512,5.33105,4,Nordhordaland til Stadt,
22,2014,13643,Hjartholm,medikamentell,fôrbehandling,Emamectin benzoat,,,,hele lokaliteten,1411,GULEN,14,Sogn og Fjordane,61.03512,5.33105,4,Nordhordaland til Stadt,
22,2014,27095,Ihlholmen,medikamentell,badebehandling,Hydrogenperoksid,,,,hele lokaliteten,1160,VINDAFJORD,11,Rogaland,59.7215,5.586633,3,Karmøy til Sotra,
22,2014,27095,Ihlholmen,medikamentell,badebehandling,Hydrogenperoksid,,,,hele lokaliteten,1160,VINDAFJORD,11,Rogaland,59.7215,5.586633,3,Karmøy til Sotra,
22,2014,13236,Indre Oppedal,medikamentell,fôrbehandling,Emamectin benzoat,,,,hele lokaliteten,1411,GULEN,14,Sogn og Fjordane,61.067883,5.563833,4,Nordhordaland til Stadt,
22,2014,19977,Jektholmen,medikamentell,fôrbehandling,Emamectin benzoat,,,,hele lokaliteten,1630,ÅFJORD,16,Sør-Trøndelag,63.99495,9.928317,6,Nordmøre og Sør-Trøndelag,
22,2014,19977,Jektholmen,medikamentell,fôrbehandling,Emamectin benzoat,,,,hele lokaliteten,1630,ÅFJORD,16,Sør-Trøndelag,63.99495,9.928317,6,Nordmøre og Sør-Trøndelag,
22,2014,10409,Kjelneset,rensefisk,,,2221,Rognkjeks (felles),14414,deler av lokaliteten,1748,FOSNES,17,Nord-Trøndelag,64.64395,11.388328,7,Nord-Trøndelag med Bindal,
22,2014,18755,Klungset,ikke-medikamentell,,,,,,hele lokaliteten,1751,NÆRØY,17,Nord-Trøndelag,64.74997,11.394183,7,Nord-Trøndelag med Bindal,
22,2014,11714,Kvernhusvika,medikamentell,fôrbehandling,Diflubenzuron,,,,hele lokaliteten,1412,SOLUND,14,Sogn og Fjordane,61.0678,4.94225,4,Nordhordaland til Stadt,
22,2014,13813,Kvitelv,medikamentell,badebehandling,Azamethiphos,,,,deler av lokaliteten,2022,LEBESBY,20,Finnmark,70.629166,27.123318,12,Vest-Finnmark,
22,2014,30076,Kyrøyene,medikamentell,badebehandling,Azamethiphos,,,,hele lokaliteten,1750,VIKNA,17,Nord-Trøndelag,64.7635,10.807333,7,Nord-Trøndelag med Bindal,
22,2014,30076,Kyrøyene,medikamentell,badebehandling,Azamethiphos,,,,hele lokaliteten,1750,VIKNA,17,Nord-Trøndelag,64.7635,10.807333,7,Nord-Trøndelag med Bindal,
22,2014,30076,Kyrøyene,medikamentell,badebehandling,Deltamethrin,,,,hele lokaliteten,1750,VIKNA,17,Nord-Trøndelag,64.7635,10.807333,7,Nord-Trøndelag med Bindal,
22,2014,24715,Langholmen,medikamentell,fôrbehandling,Emamectin benzoat,,,,deler av lokaliteten,1141,FINNØY,11,Rogaland,59.097282,5.835917,2,Ryfylke,
22,2014,13055,Langøyna Ø,medikamentell,fôrbehandling,Diflubenzuron,,,,hele lokaliteten,1146,TYSVÆR,11,Rogaland,59.2983,5.713333,2,Ryfylke,
22,2014,14076,Lismåsøy,medikamentell,fôrbehandling,Emamectin benzoat,,,,hele lokaliteten,1813,BRØNNØY,18,Nordland,65.4933,12.169217,8,Helgeland til Bodø,
22,2014,14435,Ljøsøy N,medikamentell,badebehandling,Azamethiphos,,,,hele lokaliteten,1259,ØYGARDEN,12,Hordaland,60.565216,4.878433,4,Nordhordaland til Stadt,
22,2014,14435,Ljøsøy N,medikamentell,badebehandling,Deltamethrin,,,,hele lokaliteten,1259,ØYGARDEN,12,Hordaland,60.565216,4.878433,4,Nordhordaland til Stadt,
22,2014,10447,Mefaldskjæret,medikamentell,fôrbehandling,Emamectin benzoat,,,,hele lokaliteten,1820,ALSTAHAUG,18,Nordland,65.85145,12.2872,8,Helgeland til Bodø,
22,2014,14019,Øksningen,medikamentell,fôrbehandling,Emamectin benzoat,,,,hele lokaliteten,1811,BINDAL,18,Nordland,65.13924,12.31975,7,Nord-Trøndelag med Bindal,
22,2014,10136,Onarøy,medikamentell,fôrbehandling,Diflubenzuron,,,,hele lokaliteten,1223,TYSNES,12,Hordaland,59.95335,5.669683,3,Karmøy til Sotra,
22,2014,33417,Persflua,medikamentell,fôrbehandling,Teflubenzuron,,,,deler av lokaliteten,1627,BJUGN,16,Sør-Trøndelag,63.91345,9.826433,6,Nordmøre og Sør-Trøndelag,
22,2014,33417,Persflua,rensefisk,,,1691,Berggylt,5018,deler av lokaliteten,1627,BJUGN,16,Sør-Trøndelag,63.91345,9.826433,6,Nordmøre og Sør-Trøndelag,
22,2014,29276,Rongøy,medikamentell,badebehandling,Hydrogenperoksid,,,,deler av lokaliteten,1259,ØYGARDEN,12,Hordaland,60.509468,4.9314,4,Nordhordaland til Stadt,
22,2014,12298,Røysa,rensefisk,,,1691,Berggylt,17213,deler av lokaliteten,1532,GISKE,15,Møre og Romsdal,62.55078,6.141583,5,Stadt til Hustadvika,
22,2014,13531,Skogshavn,medikamentell,badebehandling,Azamethiphos,,,,deler av lokaliteten,1926,DYRØY,19,Troms,69.09098,17.514784,10,Andøya til Senja,
22,2014,11605,Soløy Ø,medikamentell,fôrbehandling,Diflubenzuron,,,,hele lokaliteten,1222,FITJAR,12,Hordaland,59.90708,5.159833,3,Karmøy til Sotra,
22,2014,22335,Storvika,medikamentell,fôrbehandling,Diflubenzuron,,,,deler av lokaliteten,1548,FRÆNA,15,Møre og Romsdal,62.802166,6.981267,5,Stadt til Hustadvika,
22,2014,10545,Sylsnes,medikamentell,badebehandling,Deltamethrin,,,,hele lokaliteten,1928,TORSKEN,19,Troms,69.335266,17.076218,10,Andøya til Senja,
22,2014,10309,Syrtangen,medikamentell,badebehandling,Azamethiphos,,,,hele lokaliteten,1259,ØYGARDEN,12,Hordaland,60.468468,4.965967,4,Nordhordaland til Stadt,
22,2014,10309,Syrtangen,medikamentell,badebehandling,Deltamethrin,,,,hele lokaliteten,1259,ØYGARDEN,12,Hordaland,60.468468,4.965967,4,Nordhordaland til Stadt,
22,2014,30560,Tristeinen,rensefisk,,,1691,Berggylt,5808,deler av lokaliteten,1627,BJUGN,16,Sør-Trøndelag,63.86895,9.6204,6,Nordmøre og Sør-Trøndelag,
22,2014,30560,Tristeinen,rensefisk,,,1694,Grøngylt,2190,deler av lokaliteten,1627,BJUGN,16,Sør-Trøndelag,63.86895,9.6204,6,Nordmøre og Sør-Trøndelag,
22,2014,14081,Tveit,medikamentell,badebehandling,Annet virkestoff,,,,deler av lokaliteten,1413,HYLLESTAD,14,Sogn og Fjordane,61.110085,5.340483,4,Nordhordaland til Stadt,
22,2014,10091,Vågsøya,medikamentell,fôrbehandling,Emamectin benzoat,,,,hele lokaliteten,1401,FLORA,14,Sogn og Fjordane,61.489735,5.023517,4,Nordhordaland til Stadt,
22,2014,12678,Vedøya,rensefisk,,,2221,Rognkjeks (felles),8000,deler av lokaliteten,1748,FOSNES,17,Nord-Trøndelag,64.60697,11.355178,7,Nord-Trøndelag med Bindal,
22,2014,11385,Vestnes,medikamentell,badebehandling,Azamethiphos,,,,hele lokaliteten,1915,BJARKØY FØR 2013,19,Troms,68.98158,16.48835,10,Andøya til Senja,
21,2014,15196,Aga Ø,medikamentell,fôrbehandling,Diflubenzuron,,,,hele lokaliteten,1219,BØMLO,12,Hordaland,59.8451,5.261367,3,Karmøy til Sotra,
21,2014,12982,Aldeøyna,medikamentell,badebehandling,Deltamethrin,,,,hele lokaliteten,1428,ASKVOLL,14,Sogn og Fjordane,61.31025,4.76905,4,Nordhordaland til Stadt,
21,2014,12982,Aldeøyna,medikamentell,badebehandling,Deltamethrin,,,,hele lokaliteten,1428,ASKVOLL,14,Sogn og Fjordane,61.31025,4.76905,4,Nordhordaland til Stadt,
21,2014,32017,Ånholmen,medikamentell,badebehandling,Annet virkestoff,,,,deler av lokaliteten,1748,FOSNES,17,Nord-Trøndelag,64.7198,11.461683,7,Nord-Trøndelag med Bindal,
21,2014,32017,Ånholmen,medikamentell,badebehandling,Deltamethrin,,,,deler av lokaliteten,1748,FOSNES,17,Nord-Trøndelag,64.7198,11.461683,7,Nord-Trøndelag med Bindal,
21,2014,10960,Aspviksundet,medikamentell,badebehandling,Hydrogenperoksid,,,,deler av lokaliteten,1820,ALSTAHAUG,18,Nordland,65.86287,12.624533,8,Helgeland til Bodø,
21,2014,12988,Aukrasanden,medikamentell,fôrbehandling,Diflubenzuron,,,,deler av lokaliteten,1547,AUKRA,15,Møre og Romsdal,62.783417,6.92605,5,Stadt til Hustadvika,
21,2014,31738,Bjørga,medikamentell,badebehandling,Azamethiphos,,,,hele lokaliteten,1925,SØRREISA,19,Troms,69.151436,17.9562,10,Andøya til Senja,
21,2014,13205,Brattholmen,medikamentell,badebehandling,Azamethiphos,,,,hele lokaliteten,1412,SOLUND,14,Sogn og Fjordane,61.068382,4.713817,4,Nordhordaland til Stadt,
21,2014,11015,Brattholmen,medikamentell,badebehandling,Azamethiphos,,,,hele lokaliteten,1818,HERØY I NORDLAND,18,Nordland,65.90733,12.221283,8,Helgeland til Bodø,
21,2014,13205,Brattholmen,medikamentell,badebehandling,Deltamethrin,,,,hele lokaliteten,1412,SOLUND,14,Sogn og Fjordane,61.068382,4.713817,4,Nordhordaland til Stadt,
21,2014,11015,Brattholmen,medikamentell,badebehandling,Deltamethrin,,,,hele lokaliteten,1818,HERØY I NORDLAND,18,Nordland,65.90733,12.221283,8,Helgeland til Bodø,
21,2014,31137,Danielsnes,medikamentell,badebehandling,Azamethiphos,,,,deler av lokaliteten,2014,LOPPA,20,Finnmark,70.19172,22.321016,12,Vest-Finnmark,
21,2014,19335,Eidemolla,medikamentell,badebehandling,Azamethiphos,,,,deler av lokaliteten,2022,LEBESBY,20,Finnmark,70.67173,27.13395,12,Vest-Finnmark,
21,2014,15456,Eidesberget,medikamentell,badebehandling,Deltamethrin,,,,hele lokaliteten,1416,HØYANGER,14,Sogn og Fjordane,61.105118,5.853883,4,Nordhordaland til Stadt,
21,2014,15456,Eidesberget,medikamentell,badebehandling,Deltamethrin,,,,hele lokaliteten,1416,HØYANGER,14,Sogn og Fjordane,61.105118,5.853883,4,Nordhordaland til Stadt,
21,2014,11363,Enkeltstein/Govika,medikamentell,badebehandling,Azamethiphos,,,,hele lokaliteten,1917,IBESTAD,19,Troms,68.72867,16.911734,10,Andøya til Senja,
21,2014,24575,Farmannsøya,rensefisk,,,1691,Berggylt,4287,deler av lokaliteten,1632,ROAN,16,Sør-Trøndelag,64.18636,10.1201,6,Nordmøre og Sør-Trøndelag,
21,2014,11353,Finnstein,medikamentell,badebehandling,Deltamethrin,,,,hele lokaliteten,1928,TORSKEN,19,Troms,69.32917,17.060183,10,Andøya til Senja,
21,2014,11355,Flesen,medikamentell,badebehandling,Azamethiphos,,,,hele lokaliteten,1928,TORSKEN,19,Troms,69.24683,17.018248,10,Andøya til Senja,
21,2014,25895,Flornes,medikamentell,fôrbehandling,Diflubenzuron,,,,hele lokaliteten,1223,TYSNES,12,Hordaland,59.892982,5.665817,3,Karmøy til Sotra,
21,2014,26935,Frovågneset,medikamentell,badebehandling,Deltamethrin,,,,hele lokaliteten,1927,TRANØY,19,Troms,69.06995,17.061447,10,Andøya til Senja,
21,2014,11736,Fureholmen S,medikamentell,fôrbehandling,Diflubenzuron,,,,hele lokaliteten,1412,SOLUND,14,Sogn og Fjordane,61.0559,4.866617,4,Nordhordaland til Stadt,
21,2014,11365,Gjervika,medikamentell,badebehandling,Deltamethrin,,,,hele lokaliteten,1927,TRANØY,19,Troms,69.050316,16.887266,10,Andøya til Senja,
21,2014,22095,Hågardsneset,medikamentell,fôrbehandling,Annet virkestoff,,,,hele lokaliteten,1224,KVINNHERAD,12,Hordaland,59.983932,5.932317,3,Karmøy til Sotra,
21,2014,16755,Hageberg,medikamentell,fôrbehandling,Teflubenzuron,,,,deler av lokaliteten,1222,FITJAR,12,Hordaland,59.944218,5.434733,3,Karmøy til Sotra,
21,2014,31577,Haneholmen,medikamentell,fôrbehandling,Diflubenzuron,,,,deler av lokaliteten,1445,GLOPPEN,14,Sogn og Fjordane,61.84045,6.10055,4,Nordhordaland til Stadt,
21,2014,31577,Haneholmen,medikamentell,fôrbehandling,Diflubenzuron,,,,deler av lokaliteten,1445,GLOPPEN,14,Sogn og Fjordane,61.84045,6.10055,4,Nordhordaland til Stadt,
21,2014,31577,Haneholmen,medikamentell,fôrbehandling,Diflubenzuron,,,,deler av lokaliteten,1445,GLOPPEN,14,Sogn og Fjordane,61.84045,6.10055,4,Nordhordaland til Stadt,
21,2014,31577,Haneholmen,medikamentell,fôrbehandling,Diflubenzuron,,,,deler av lokaliteten,1445,GLOPPEN,14,Sogn og Fjordane,61.84045,6.10055,4,Nordhordaland til Stadt,
21,2014,12011,Håøya Nø,medikamentell,fôrbehandling,Diflubenzuron,,,,hele lokaliteten,1146,TYSVÆR,11,Rogaland,59.290417,5.6765,2,Ryfylke,
21,2014,24035,Håvikvågen S,medikamentell,fôrbehandling,Diflubenzuron,,,,hele lokaliteten,1241,FUSA,12,Hordaland,60.169834,5.69645,3,Karmøy til Sotra,
21,2014,10425,Heggvika,ikke-medikamentell,,,,,,hele lokaliteten,1811,BINDAL,18,Nordland,65.12658,12.071983,7,Nord-Trøndelag med Bindal,
21,2014,33797,Hidlekjerringa,medikamentell,fôrbehandling,Emamectin benzoat,,,,hele lokaliteten,1130,STRAND,11,Rogaland,59.067284,5.839383,2,Ryfylke,
21,2014,13236,Indre Oppedal,medikamentell,fôrbehandling,Emamectin benzoat,,,,hele lokaliteten,1411,GULEN,14,Sogn og Fjordane,61.067883,5.563833,4,Nordhordaland til Stadt,
21,2014,27015,Kjøsen,medikamentell,badebehandling,Azamethiphos,,,,hele lokaliteten,2014,LOPPA,20,Finnmark,70.14118,22.245033,12,Vest-Finnmark,
21,2014,18755,Klungset,medikamentell,badebehandling,Azamethiphos,,,,deler av lokaliteten,1751,NÆRØY,17,Nord-Trøndelag,64.74997,11.394183,7,Nord-Trøndelag med Bindal,
21,2014,18755,Klungset,medikamentell,badebehandling,Deltamethrin,,,,deler av lokaliteten,1751,NÆRØY,17,Nord-Trøndelag,64.74997,11.394183,7,Nord-Trøndelag med Bindal,
21,2014,18755,Klungset,ikke-medikamentell,,,,,,hele lokaliteten,1751,NÆRØY,17,Nord-Trøndelag,64.74997,11.394183,7,Nord-Trøndelag med Bindal,
21,2014,10224,Korsneset,medikamentell,badebehandling,Azamethiphos,,,,deler av lokaliteten,1571,HALSA,15,Møre og Romsdal,63.14268,8.225383,6,Nordmøre og Sør-Trøndelag,
21,2014,10224,Korsneset,medikamentell,badebehandling,Deltamethrin,,,,deler av lokaliteten,1571,HALSA,15,Møre og Romsdal,63.14268,8.225383,6,Nordmøre og Sør-Trøndelag,
21,2014,10224,Korsneset,rensefisk,,,1694,Grøngylt,2981,hele lokaliteten,1571,HALSA,15,Møre og Romsdal,63.14268,8.225383,6,Nordmøre og Sør-Trøndelag,
21,2014,10224,Korsneset,rensefisk,,,1691,Berggylt,10129,hele lokaliteten,1571,HALSA,15,Møre og Romsdal,63.14268,8.225383,6,Nordmøre og Sør-Trøndelag,
21,2014,32097,Korsneset 2,rensefisk,,,1693,Bergnebb,2376,hele lokaliteten,1571,HALSA,15,Møre og Romsdal,63.14123,8.21375,6,Nordmøre og Sør-Trøndelag,
21,2014,32097,Korsneset 2,rensefisk,,,1694,Grøngylt,3026,hele lokaliteten,1571,HALSA,15,Møre og Romsdal,63.14123,8.21375,6,Nordmøre og Sør-Trøndelag,
21,2014,24975,Kvernavika,medikamentell,badebehandling,Annet virkestoff,,,,deler av lokaliteten,1223,TYSNES,12,Hordaland,60.069283,5.351183,3,Karmøy til Sotra,
21,2014,24975,Kvernavika,medikamentell,badebehandling,Deltamethrin,,,,deler av lokaliteten,1223,TYSNES,12,Hordaland,60.069283,5.351183,3,Karmøy til Sotra,
21,2014,24975,Kvernavika,rensefisk,,,222120,Rognkjeks (hun),13573,deler av lokaliteten,1223,TYSNES,12,Hordaland,60.069283,5.351183,3,Karmøy til Sotra,
21,2014,11714,Kvernhusvika,medikamentell,fôrbehandling,Diflubenzuron,,,,hele lokaliteten,1412,SOLUND,14,Sogn og Fjordane,61.0678,4.94225,4,Nordhordaland til Stadt,
21,2014,30216,Kvitfloget,medikamentell,badebehandling,Azamethiphos,,,,deler av lokaliteten,1927,TRANØY,19,Troms,69.14633,17.646017,10,Andøya til Senja,
21,2014,30076,Kyrøyene,medikamentell,badebehandling,Azamethiphos,,,,hele lokaliteten,1750,VIKNA,17,Nord-Trøndelag,64.7635,10.807333,7,Nord-Trøndelag med Bindal,
21,2014,30076,Kyrøyene,medikamentell,badebehandling,Azamethiphos,,,,hele lokaliteten,1750,VIKNA,17,Nord-Trøndelag,64.7635,10.807333,7,Nord-Trøndelag med Bindal,
21,2014,30076,Kyrøyene,medikamentell,badebehandling,Deltamethrin,,,,hele lokaliteten,1750,VIKNA,17,Nord-Trøndelag,64.7635,10.807333,7,Nord-Trøndelag med Bindal,
21,2014,24715,Langholmen,medikamentell,fôrbehandling,Emamectin benzoat,,,,deler av lokaliteten,1141,FINNØY,11,Rogaland,59.097282,5.835917,2,Ryfylke,
21,2014,13055,Langøyna Ø,medikamentell,fôrbehandling,Diflubenzuron,,,,hele lokaliteten,1146,TYSVÆR,11,Rogaland,59.2983,5.713333,2,Ryfylke,
21,2014,11350,Lavika,medikamentell,badebehandling,Azamethiphos,,,,hele lokaliteten,1928,TORSKEN,19,Troms,69.25753,17.0887,10,Andøya til Senja,
21,2014,29056,Lille Torsøy II,medikamentell,fôrbehandling,Emamectin benzoat,,,,hele lokaliteten,1617,HITRA,16,Sør-Trøndelag,63.60803,8.494633,6,Nordmøre og Sør-Trøndelag,
21,2014,12134,Maradalen,medikamentell,badebehandling,Hydrogenperoksid,,,,hele lokaliteten,1224,KVINNHERAD,12,Hordaland,59.76077,5.686767,3,Karmøy til Sotra,
21,2014,10447,Mefaldskjæret,medikamentell,fôrbehandling,Emamectin benzoat,,,,hele lokaliteten,1820,ALSTAHAUG,18,Nordland,65.85145,12.2872,8,Helgeland til Bodø,
21,2014,15403,Olderøy,medikamentell,badebehandling,Azamethiphos,,,,deler av lokaliteten,1412,SOLUND,14,Sogn og Fjordane,61.103283,4.712233,4,Nordhordaland til Stadt,
21,2014,15403,Olderøy,medikamentell,badebehandling,Deltamethrin,,,,deler av lokaliteten,1412,SOLUND,14,Sogn og Fjordane,61.103283,4.712233,4,Nordhordaland til Stadt,
21,2014,10136,Onarøy,medikamentell,fôrbehandling,Diflubenzuron,,,,hele lokaliteten,1223,TYSNES,12,Hordaland,59.95335,5.669683,3,Karmøy til Sotra,
21,2014,12179,Oslandsurda,medikamentell,badebehandling,Deltamethrin,,,,hele lokaliteten,1416,HØYANGER,14,Sogn og Fjordane,61.0795,5.8099,4,Nordhordaland til Stadt,
21,2014,19655,Ospeneset,medikamentell,fôrbehandling,Annet virkestoff,,,,hele lokaliteten,1263,LINDÅS,12,Hordaland,60.7459,5.2684,4,Nordhordaland til Stadt,
21,2014,33417,Persflua,medikamentell,fôrbehandling,Teflubenzuron,,,,deler av lokaliteten,1627,BJUGN,16,Sør-Trøndelag,63.91345,9.826433,6,Nordmøre og Sør-Trøndelag,
21,2014,12126,Rossnes,medikamentell,badebehandling,Hydrogenperoksid,,,,hele lokaliteten,1224,KVINNHERAD,12,Hordaland,59.759167,5.721467,3,Karmøy til Sotra,
21,2014,13531,Skogshavn,medikamentell,badebehandling,Azamethiphos,,,,deler av lokaliteten,1926,DYRØY,19,Troms,69.09098,17.514784,10,Andøya til Senja,
21,2014,11737,Skorpa,medikamentell,badebehandling,Hydrogenperoksid,,,,hele lokaliteten,1411,GULEN,14,Sogn og Fjordane,60.944233,4.882817,4,Nordhordaland til Stadt,
21,2014,11640,Skorpeosen,medikamentell,badebehandling,Hydrogenperoksid,,,,deler av lokaliteten,1246,FJELL,12,Hordaland,60.332535,4.942783,3,Karmøy til Sotra,
21,2014,29356,Smineset Nord,medikamentell,badebehandling,Azamethiphos,,,,hele lokaliteten,1751,NÆRØY,17,Nord-Trøndelag,64.75597,11.54245,7,Nord-Trøndelag med Bindal,
21,2014,29356,Smineset Nord,medikamentell,badebehandling,Deltamethrin,,,,hele lokaliteten,1751,NÆRØY,17,Nord-Trøndelag,64.75597,11.54245,7,Nord-Trøndelag med Bindal,
21,2014,11605,Soløy Ø,medikamentell,fôrbehandling,Diflubenzuron,,,,hele lokaliteten,1222,FITJAR,12,Hordaland,59.90708,5.159833,3,Karmøy til Sotra,
21,2014,10839,Store Kufjord,medikamentell,badebehandling,Annet virkestoff,,,,hele lokaliteten,2012,ALTA,20,Finnmark,70.35332,23.079117,12,Vest-Finnmark,
21,2014,11700,Storeneset,medikamentell,badebehandling,Azamethiphos,,,,hele lokaliteten,1411,GULEN,14,Sogn og Fjordane,60.8763,5.02805,4,Nordhordaland til Stadt,
21,2014,11700,Storeneset,medikamentell,badebehandling,Deltamethrin,,,,hele lokaliteten,1411,GULEN,14,Sogn og Fjordane,60.8763,5.02805,4,Nordhordaland til Stadt,
21,2014,22335,Storvika,medikamentell,fôrbehandling,Diflubenzuron,,,,deler av lokaliteten,1548,FRÆNA,15,Møre og Romsdal,62.802166,6.981267,5,Stadt til Hustadvika,
21,2014,31817,Svartskjær,medikamentell,badebehandling,Azamethiphos,,,,hele lokaliteten,1917,IBESTAD,19,Troms,68.71893,16.7745,10,Andøya til Senja,
21,2014,10545,Sylsnes,medikamentell,badebehandling,Deltamethrin,,,,hele lokaliteten,1928,TORSKEN,19,Troms,69.335266,17.076218,10,Andøya til Senja,
21,2014,30560,Tristeinen,medikamentell,badebehandling,Hydrogenperoksid,,,,deler av lokaliteten,1627,BJUGN,16,Sør-Trøndelag,63.86895,9.6204,6,Nordmøre og Sør-Trøndelag,
21,2014,14081,Tveit,medikamentell,badebehandling,Annet virkestoff,,,,deler av lokaliteten,1413,HYLLESTAD,14,Sogn og Fjordane,61.110085,5.340483,4,Nordhordaland til Stadt,
21,2014,13837,Verpeide,medikamentell,badebehandling,Deltamethrin,,,,hele lokaliteten,1439,VÅGSØY,14,Sogn og Fjordane,61.902954,5.207967,4,Nordhordaland til Stadt,
21,2014,13837,Verpeide,ikke-medikamentell,,,,,,hele lokaliteten,1439,VÅGSØY,14,Sogn og Fjordane,61.902954,5.207967,4,Nordhordaland til Stadt,
21,2014,11385,Vestnes,medikamentell,badebehandling,Azamethiphos,,,,hele lokaliteten,1915,BJARKØY FØR 2013,19,Troms,68.98158,16.48835,10,Andøya til Senja,
20,2014,13254,Aukan,medikamentell,fôrbehandling,Emamectin benzoat,,,,hele lokaliteten,1554,AVERØY,15,Møre og Romsdal,63.0603,7.594283,6,Nordmøre og Sør-Trøndelag,
20,2014,11340,Bjørnstein,medikamentell,badebehandling,Annet virkestoff,,,,hele lokaliteten,1917,IBESTAD,19,Troms,68.892365,17.110233,10,Andøya til Senja,
20,2014,12594,Breidvika,medikamentell,fôrbehandling,Emamectin benzoat,,,,hele lokaliteten,1633,OSEN,16,Sør-Trøndelag,64.295364,10.397483,6,Nordmøre og Sør-Trøndelag,
20,2014,33537,Buholmen,rensefisk,,,1693,Bergnebb,649,deler av lokaliteten,1632,ROAN,16,Sør-Trøndelag,64.1569,10.008917,6,Nordmøre og Sør-Trøndelag,
20,2014,33537,Buholmen,rensefisk,,,1691,Berggylt,2125,deler av lokaliteten,1632,ROAN,16,Sør-Trøndelag,64.1569,10.008917,6,Nordmøre og Sør-Trøndelag,
20,2014,31137,Danielsnes,medikamentell,badebehandling,Azamethiphos,,,,deler av lokaliteten,2014,LOPPA,20,Finnmark,70.19172,22.321016,12,Vest-Finnmark,
20,2014,14041,Edøya,medikamentell,fôrbehandling,Emamectin benzoat,,,,hele lokaliteten,1617,HITRA,16,Sør-Trøndelag,63.65835,8.694417,6,Nordmøre og Sør-Trøndelag,
20,2014,30917,Elgen,medikamentell,badebehandling,Azamethiphos,,,,hele lokaliteten,1901,HARSTAD FØR 2013,19,Troms,68.87695,16.287382,10,Andøya til Senja,
20,2014,13527,Finnkjerka,medikamentell,badebehandling,Cypermethrin,,,,hele lokaliteten,1866,HADSEL,18,Nordland,68.3443,15.04715,9,Vestfjorden og Vesterålen,
20,2014,25895,Flornes,medikamentell,fôrbehandling,Diflubenzuron,,,,hele lokaliteten,1223,TYSNES,12,Hordaland,59.892982,5.665817,3,Karmøy til Sotra,
20,2014,11736,Fureholmen S,medikamentell,fôrbehandling,Diflubenzuron,,,,hele lokaliteten,1412,SOLUND,14,Sogn og Fjordane,61.0559,4.866617,4,Nordhordaland til Stadt,
20,2014,12265,Gudmundset,medikamentell,badebehandling,Deltamethrin,,,,hele lokaliteten,1529,SKODJE,15,Møre og Romsdal,62.4527,6.602483,5,Stadt til Hustadvika,
20,2014,22095,Hågardsneset,medikamentell,fôrbehandling,Annet virkestoff,,,,hele lokaliteten,1224,KVINNHERAD,12,Hordaland,59.983932,5.932317,3,Karmøy til Sotra,
20,2014,16755,Hageberg,medikamentell,fôrbehandling,Teflubenzuron,,,,deler av lokaliteten,1222,FITJAR,12,Hordaland,59.944218,5.434733,3,Karmøy til Sotra,
20,2014,31577,Haneholmen,medikamentell,fôrbehandling,Diflubenzuron,,,,deler av lokaliteten,1445,GLOPPEN,14,Sogn og Fjordane,61.84045,6.10055,4,Nordhordaland til Stadt,
20,2014,31577,Haneholmen,medikamentell,fôrbehandling,Diflubenzuron,,,,deler av lokaliteten,1445,GLOPPEN,14,Sogn og Fjordane,61.84045,6.10055,4,Nordhordaland til Stadt,
20,2014,12011,Håøya Nø,medikamentell,fôrbehandling,Diflubenzuron,,,,hele lokaliteten,1146,TYSVÆR,11,Rogaland,59.290417,5.6765,2,Ryfylke,
20,2014,24035,Håvikvågen S,medikamentell,fôrbehandling,Diflubenzuron,,,,hele lokaliteten,1241,FUSA,12,Hordaland,60.169834,5.69645,3,Karmøy til Sotra,
20,2014,12035,Hondskår,medikamentell,badebehandling,Annet virkestoff,,,,deler av lokaliteten,1224,KVINNHERAD,12,Hordaland,60.107418,5.939833,3,Karmøy til Sotra,
20,2014,32757,Horgefjorden,medikamentell,badebehandling,Azamethiphos,,,,deler av lokaliteten,1244,AUSTEVOLL,12,Hordaland,60.09942,5.117883,3,Karmøy til Sotra,
20,2014,32757,Horgefjorden,medikamentell,badebehandling,Azamethiphos,,,,deler av lokaliteten,1244,AUSTEVOLL,12,Hordaland,60.09942,5.117883,3,Karmøy til Sotra,
20,2014,13231,Høylandssund,medikamentell,badebehandling,Hydrogenperoksid,,,,hele lokaliteten,1224,KVINNHERAD,12,Hordaland,59.77755,5.8298,3,Karmøy til Sotra,
20,2014,13236,Indre Oppedal,medikamentell,badebehandling,Deltamethrin,,,,hele lokaliteten,1411,GULEN,14,Sogn og Fjordane,61.067883,5.563833,4,Nordhordaland til Stadt,
20,2014,12599,Indre Skjervøy,medikamentell,fôrbehandling,Emamectin benzoat,,,,hele lokaliteten,1633,OSEN,16,Sør-Trøndelag,64.2858,10.30905,6,Nordmøre og Sør-Trøndelag,
20,2014,11714,Kvernhusvika,medikamentell,fôrbehandling,Diflubenzuron,,,,hele lokaliteten,1412,SOLUND,14,Sogn og Fjordane,61.0678,4.94225,4,Nordhordaland til Stadt,
20,2014,26295,Langøy,medikamentell,badebehandling,Annet virkestoff,,,,deler av lokaliteten,1263,LINDÅS,12,Hordaland,60.7779,5.159333,4,Nordhordaland til Stadt,
20,2014,26295,Langøy,medikamentell,badebehandling,Annet virkestoff,,,,deler av lokaliteten,1263,LINDÅS,12,Hordaland,60.7779,5.159333,4,Nordhordaland til Stadt,
20,2014,13055,Langøyna Ø,medikamentell,fôrbehandling,Diflubenzuron,,,,hele lokaliteten,1146,TYSVÆR,11,Rogaland,59.2983,5.713333,2,Ryfylke,
20,2014,12392,Lille Torsøy,medikamentell,fôrbehandling,Emamectin benzoat,,,,hele lokaliteten,1617,HITRA,16,Sør-Trøndelag,63.605633,8.48855,6,Nordmøre og Sør-Trøndelag,
20,2014,29056,Lille Torsøy II,medikamentell,fôrbehandling,Emamectin benzoat,,,,hele lokaliteten,1617,HITRA,16,Sør-Trøndelag,63.60803,8.494633,6,Nordmøre og Sør-Trøndelag,
20,2014,14435,Ljøsøy N,medikamentell,fôrbehandling,Emamectin benzoat,,,,hele lokaliteten,1259,ØYGARDEN,12,Hordaland,60.565216,4.878433,4,Nordhordaland til Stadt,
20,2014,12127,Mælen,medikamentell,badebehandling,Hydrogenperoksid,,,,deler av lokaliteten,1224,KVINNHERAD,12,Hordaland,59.69998,5.722917,3,Karmøy til Sotra,
20,2014,26435,Mjølsvik,medikamentell,fôrbehandling,Diflubenzuron,,,,hele lokaliteten,1416,HØYANGER,14,Sogn og Fjordane,61.111584,6.0423,4,Nordhordaland til Stadt,
20,2014,26435,Mjølsvik,medikamentell,fôrbehandling,Diflubenzuron,,,,hele lokaliteten,1416,HØYANGER,14,Sogn og Fjordane,61.111584,6.0423,4,Nordhordaland til Stadt,
20,2014,26435,Mjølsvik,medikamentell,fôrbehandling,Diflubenzuron,,,,hele lokaliteten,1416,HØYANGER,14,Sogn og Fjordane,61.111584,6.0423,4,Nordhordaland til Stadt,
20,2014,26435,Mjølsvik,medikamentell,fôrbehandling,Diflubenzuron,,,,hele lokaliteten,1416,HØYANGER,14,Sogn og Fjordane,61.111584,6.0423,4,Nordhordaland til Stadt,
20,2014,13965,Nesbø/Gjeldsvik,medikamentell,fôrbehandling,Emamectin benzoat,,,,hele lokaliteten,1263,LINDÅS,12,Hordaland,60.68835,5.4232,4,Nordhordaland til Stadt,
20,2014,13965,Nesbø/Gjeldsvik,medikamentell,fôrbehandling,Emamectin benzoat,,,,hele lokaliteten,1263,LINDÅS,12,Hordaland,60.68835,5.4232,4,Nordhordaland til Stadt,
20,2014,10795,Olaneset,medikamentell,badebehandling,Azamethiphos,,,,deler av lokaliteten,2014,LOPPA,20,Finnmark,70.2122,22.2785,12,Vest-Finnmark,
20,2014,15403,Olderøy,medikamentell,badebehandling,Azamethiphos,,,,deler av lokaliteten,1412,SOLUND,14,Sogn og Fjordane,61.103283,4.712233,4,Nordhordaland til Stadt,
20,2014,15403,Olderøy,medikamentell,badebehandling,Deltamethrin,,,,deler av lokaliteten,1412,SOLUND,14,Sogn og Fjordane,61.103283,4.712233,4,Nordhordaland til Stadt,
20,2014,10136,Onarøy,medikamentell,fôrbehandling,Diflubenzuron,,,,hele lokaliteten,1223,TYSNES,12,Hordaland,59.95335,5.669683,3,Karmøy til Sotra,
20,2014,19655,Ospeneset,medikamentell,fôrbehandling,Annet virkestoff,,,,hele lokaliteten,1263,LINDÅS,12,Hordaland,60.7459,5.2684,4,Nordhordaland til Stadt,
20,2014,13345,Oterstegdalen,medikamentell,badebehandling,Annet virkestoff,,,,hele lokaliteten,1241,FUSA,12,Hordaland,60.23545,5.638267,3,Karmøy til Sotra,
20,2014,12366,Raskjæret,medikamentell,fôrbehandling,Emamectin benzoat,,,,hele lokaliteten,1620,FRØYA,16,Sør-Trøndelag,63.7934,8.851846,6,Nordmøre og Sør-Trøndelag,
20,2014,10086,Rekeviki,medikamentell,fôrbehandling,Emamectin benzoat,,,,hele lokaliteten,1263,LINDÅS,12,Hordaland,60.7231,5.325451,4,Nordhordaland til Stadt,
20,2014,12019,Saltkjelen II,medikamentell,fôrbehandling,Diflubenzuron,,,,hele lokaliteten,1227,JONDAL,12,Hordaland,60.248016,6.2014,3,Karmøy til Sotra,
20,2014,10550,Skardbergvika,medikamentell,badebehandling,Annet virkestoff,,,,hele lokaliteten,1919,GRATANGEN,19,Troms,68.72922,17.307068,10,Andøya til Senja,
20,2014,10961,Skonseng,medikamentell,badebehandling,Annet virkestoff,,,,deler av lokaliteten,1824,VEFSN,18,Nordland,65.80648,12.619767,8,Helgeland til Bodø,
20,2014,10961,Skonseng,medikamentell,badebehandling,Annet virkestoff,,,,deler av lokaliteten,1824,VEFSN,18,Nordland,65.80648,12.619767,8,Helgeland til Bodø,
20,2014,11326,Skøyen,medikamentell,badebehandling,Cypermethrin,,,,hele lokaliteten,1926,DYRØY,19,Troms,69.017,17.45725,10,Andøya til Senja,
20,2014,11605,Soløy Ø,medikamentell,fôrbehandling,Diflubenzuron,,,,hele lokaliteten,1222,FITJAR,12,Hordaland,59.90708,5.159833,3,Karmøy til Sotra,
20,2014,10825,Steinviknes,medikamentell,badebehandling,Azamethiphos,,,,hele lokaliteten,2014,LOPPA,20,Finnmark,70.1517,22.312668,12,Vest-Finnmark,
20,2014,25815,Tittelsnes,medikamentell,badebehandling,Hydrogenperoksid,,,,deler av lokaliteten,1216,SVEIO,12,Hordaland,59.723484,5.533483,3,Karmøy til Sotra,
20,2014,24135,Utåker,medikamentell,badebehandling,Hydrogenperoksid,,,,deler av lokaliteten,1224,KVINNHERAD,12,Hordaland,59.776333,5.9001,3,Karmøy til Sotra,
20,2014,32337,Veiesund,medikamentell,fôrbehandling,Diflubenzuron,,,,hele lokaliteten,1401,FLORA,14,Sogn og Fjordane,61.572067,5.0466,4,Nordhordaland til Stadt,
20,2014,13704,Vikane,medikamentell,fôrbehandling,Emamectin benzoat,,,,hele lokaliteten,1266,MASFJORDEN,12,Hordaland,60.7125,5.403633,4,Nordhordaland til Stadt,
20,2014,27315,Vikane 1,medikamentell,fôrbehandling,Diflubenzuron,,,,hele lokaliteten,1227,JONDAL,12,Hordaland,60.26125,6.225083,3,Karmøy til Sotra,
19,2014,13518,Angstauren,medikamentell,badebehandling,Cypermethrin,,,,hele lokaliteten,1902,TROMSØ,19,Troms,69.695335,18.170267,11,Kvaløya til Loppa,
19,2014,12357,Aursøysva,medikamentell,fôrbehandling,Emamectin benzoat,,,,hele lokaliteten,1620,FRØYA,16,Sør-Trøndelag,63.80015,8.906083,6,Nordmøre og Sør-Trøndelag,
19,2014,11574,Breivik S,medikamentell,fôrbehandling,Teflubenzuron,,,,deler av lokaliteten,1219,BØMLO,12,Hordaland,59.671185,5.31215,3,Karmøy til Sotra,
19,2014,27976,Bukkholmen,medikamentell,badebehandling,Azamethiphos,,,,deler av lokaliteten,1820,ALSTAHAUG,18,Nordland,65.9184,12.244683,8,Helgeland til Bodø,
19,2014,27976,Bukkholmen,medikamentell,badebehandling,Deltamethrin,,,,deler av lokaliteten,1820,ALSTAHAUG,18,Nordland,65.9184,12.244683,8,Helgeland til Bodø,
19,2014,12128,Dyrnes,medikamentell,badebehandling,Hydrogenperoksid,,,,hele lokaliteten,1224,KVINNHERAD,12,Hordaland,59.71765,5.72205,3,Karmøy til Sotra,
19,2014,12128,Dyrnes,medikamentell,badebehandling,Hydrogenperoksid,,,,hele lokaliteten,1224,KVINNHERAD,12,Hordaland,59.71765,5.72205,3,Karmøy til Sotra,
19,2014,14041,Edøya,medikamentell,fôrbehandling,Emamectin benzoat,,,,hele lokaliteten,1617,HITRA,16,Sør-Trøndelag,63.65835,8.694417,6,Nordmøre og Sør-Trøndelag,
19,2014,13058,Fusavika,medikamentell,badebehandling,Annet virkestoff,,,,deler av lokaliteten,1241,FUSA,12,Hordaland,60.207634,5.613817,3,Karmøy til Sotra,
19,2014,12435,Grøttingsøy,medikamentell,fôrbehandling,Emamectin benzoat,,,,deler av lokaliteten,1620,FRØYA,16,Sør-Trøndelag,63.879684,8.543767,6,Nordmøre og Sør-Trøndelag,
19,2014,22095,Hågardsneset,medikamentell,fôrbehandling,Annet virkestoff,,,,hele lokaliteten,1224,KVINNHERAD,12,Hordaland,59.983932,5.932317,3,Karmøy til Sotra,
19,2014,11511,Hattasteinen,medikamentell,fôrbehandling,Diflubenzuron,,,,deler av lokaliteten,1219,BØMLO,12,Hordaland,59.626266,5.250717,3,Karmøy til Sotra,
19,2014,13231,Høylandssund,medikamentell,badebehandling,Hydrogenperoksid,,,,hele lokaliteten,1224,KVINNHERAD,12,Hordaland,59.77755,5.8298,3,Karmøy til Sotra,
19,2014,12599,Indre Skjervøy,medikamentell,fôrbehandling,Emamectin benzoat,,,,deler av lokaliteten,1633,OSEN,16,Sør-Trøndelag,64.2858,10.30905,6,Nordmøre og Sør-Trøndelag,
19,2014,19977,Jektholmen,rensefisk,,,2221,Rognkjeks (felles),4962,deler av lokaliteten,1630,ÅFJORD,16,Sør-Trøndelag,63.99495,9.928317,6,Nordmøre og Sør-Trøndelag,
19,2014,11225,Juvågen,medikamentell,badebehandling,Azamethiphos,,,,hele lokaliteten,1868,ØKSNES,18,Nordland,68.91838,14.981183,9,Vestfjorden og Vesterålen,
19,2014,11652,Kjeppevikholmen,medikamentell,fôrbehandling,Emamectin benzoat,,,,hele lokaliteten,1256,MELAND,12,Hordaland,60.5428,5.035883,4,Nordhordaland til Stadt,
19,2014,19195,Korsholman,medikamentell,fôrbehandling,Emamectin benzoat,,,,hele lokaliteten,1617,HITRA,16,Sør-Trøndelag,63.597218,8.51575,6,Nordmøre og Sør-Trøndelag,
19,2014,30297,Krabbholmen,rensefisk,,,222120,Rognkjeks (hun),16170,deler av lokaliteten,1630,ÅFJORD,16,Sør-Trøndelag,63.94438,9.880667,6,Nordmøre og Sør-Trøndelag,
19,2014,33177,Krabbholmen II,rensefisk,,,222120,Rognkjeks (hun),17055,deler av lokaliteten,1630,ÅFJORD,16,Sør-Trøndelag,63.9399,9.88575,6,Nordmøre og Sør-Trøndelag,
19,2014,26295,Langøy,medikamentell,badebehandling,Annet virkestoff,,,,deler av lokaliteten,1263,LINDÅS,12,Hordaland,60.7779,5.159333,4,Nordhordaland til Stadt,
19,2014,26295,Langøy,medikamentell,badebehandling,Annet virkestoff,,,,deler av lokaliteten,1263,LINDÅS,12,Hordaland,60.7779,5.159333,4,Nordhordaland til Stadt,
19,2014,11238,Langøyhovden,medikamentell,badebehandling,Annet virkestoff,,,,deler av lokaliteten,1868,ØKSNES,18,Nordland,68.80405,14.8663,9,Vestfjorden og Vesterålen,
19,2014,20559,Langskjæra,medikamentell,fôrbehandling,Annet virkestoff,,,,hele lokaliteten,1620,FRØYA,16,Sør-Trøndelag,63.8225,8.75505,6,Nordmøre og Sør-Trøndelag,
19,2014,33557,Langskjæra II,medikamentell,fôrbehandling,Annet virkestoff,,,,hele lokaliteten,1620,FRØYA,16,Sør-Trøndelag,63.82245,8.74075,6,Nordmøre og Sør-Trøndelag,
19,2014,12392,Lille Torsøy,medikamentell,fôrbehandling,Emamectin benzoat,,,,hele lokaliteten,1617,HITRA,16,Sør-Trøndelag,63.605633,8.48855,6,Nordmøre og Sør-Trøndelag,
19,2014,29056,Lille Torsøy II,medikamentell,fôrbehandling,Emamectin benzoat,,,,hele lokaliteten,1617,HITRA,16,Sør-Trøndelag,63.60803,8.494633,6,Nordmøre og Sør-Trøndelag,
19,2014,12966,Lindvik,medikamentell,badebehandling,Hydrogenperoksid,,,,deler av lokaliteten,1160,VINDAFJORD,11,Rogaland,59.4752,5.978667,2,Ryfylke,
19,2014,14435,Ljøsøy N,medikamentell,fôrbehandling,Emamectin benzoat,,,,hele lokaliteten,1259,ØYGARDEN,12,Hordaland,60.565216,4.878433,4,Nordhordaland til Stadt,
19,2014,10137,Matland,medikamentell,fôrbehandling,Diflubenzuron,,,,hele lokaliteten,1241,FUSA,12,Hordaland,60.264084,5.6591,3,Karmøy til Sotra,
19,2014,13293,Molgavlen,medikamentell,badebehandling,Cypermethrin,,,,hele lokaliteten,1865,VÅGAN,18,Nordland,68.30537,14.949933,9,Vestfjorden og Vesterålen,
19,2014,13965,Nesbø/Gjeldsvik,medikamentell,fôrbehandling,Emamectin benzoat,,,,hele lokaliteten,1263,LINDÅS,12,Hordaland,60.68835,5.4232,4,Nordhordaland til Stadt,
19,2014,13965,Nesbø/Gjeldsvik,medikamentell,fôrbehandling,Emamectin benzoat,,,,hele lokaliteten,1263,LINDÅS,12,Hordaland,60.68835,5.4232,4,Nordhordaland til Stadt,
19,2014,26315,Nordgjæslingan,medikamentell,badebehandling,Azamethiphos,,,,deler av lokaliteten,1750,VIKNA,17,Nord-Trøndelag,64.7659,10.9128,7,Nord-Trøndelag med Bindal,
19,2014,26315,Nordgjæslingan,medikamentell,badebehandling,Deltamethrin,,,,deler av lokaliteten,1750,VIKNA,17,Nord-Trøndelag,64.7659,10.9128,7,Nord-Trøndelag med Bindal,
19,2014,19655,Ospeneset,medikamentell,fôrbehandling,Annet virkestoff,,,,hele lokaliteten,1263,LINDÅS,12,Hordaland,60.7459,5.2684,4,Nordhordaland til Stadt,
19,2014,12366,Raskjæret,medikamentell,fôrbehandling,Emamectin benzoat,,,,hele lokaliteten,1620,FRØYA,16,Sør-Trøndelag,63.7934,8.851846,6,Nordmøre og Sør-Trøndelag,
19,2014,10086,Rekeviki,medikamentell,fôrbehandling,Emamectin benzoat,,,,hele lokaliteten,1263,LINDÅS,12,Hordaland,60.7231,5.325451,4,Nordhordaland til Stadt,
19,2014,29276,Rongøy,medikamentell,badebehandling,Annet virkestoff,,,,deler av lokaliteten,1259,ØYGARDEN,12,Hordaland,60.509468,4.9314,4,Nordhordaland til Stadt,
19,2014,29276,Rongøy,medikamentell,badebehandling,Azamethiphos,,,,deler av lokaliteten,1259,ØYGARDEN,12,Hordaland,60.509468,4.9314,4,Nordhordaland til Stadt,
19,2014,29276,Rongøy,medikamentell,badebehandling,Deltamethrin,,,,deler av lokaliteten,1259,ØYGARDEN,12,Hordaland,60.509468,4.9314,4,Nordhordaland til Stadt,
19,2014,12019,Saltkjelen II,medikamentell,fôrbehandling,Diflubenzuron,,,,hele lokaliteten,1227,JONDAL,12,Hordaland,60.248016,6.2014,3,Karmøy til Sotra,
19,2014,10961,Skonseng,medikamentell,badebehandling,Hydrogenperoksid,,,,deler av lokaliteten,1824,VEFSN,18,Nordland,65.80648,12.619767,8,Helgeland til Bodø,
19,2014,31117,Skrubbo,medikamentell,fôrbehandling,Diflubenzuron,,,,hele lokaliteten,1241,FUSA,12,Hordaland,60.15632,5.713217,3,Karmøy til Sotra,
19,2014,27476,Solheim,medikamentell,badebehandling,Deltamethrin,,,,deler av lokaliteten,1936,KARLSØY,19,Troms,69.83117,19.520384,11,Kvaløya til Loppa,
19,2014,31217,Stokkasjøen,medikamentell,badebehandling,Hydrogenperoksid,,,,deler av lokaliteten,1816,VEVELSTAD,18,Nordland,65.78265,12.592067,8,Helgeland til Bodø,
19,2014,31217,Stokkasjøen,medikamentell,badebehandling,Hydrogenperoksid,,,,deler av lokaliteten,1816,VEVELSTAD,18,Nordland,65.78265,12.592067,8,Helgeland til Bodø,
19,2014,32337,Veiesund,medikamentell,fôrbehandling,Diflubenzuron,,,,hele lokaliteten,1401,FLORA,14,Sogn og Fjordane,61.572067,5.0466,4,Nordhordaland til Stadt,
19,2014,13704,Vikane,medikamentell,fôrbehandling,Emamectin benzoat,,,,hele lokaliteten,1266,MASFJORDEN,12,Hordaland,60.7125,5.403633,4,Nordhordaland til Stadt,
19,2014,27315,Vikane 1,medikamentell,fôrbehandling,Diflubenzuron,,,,hele lokaliteten,1227,JONDAL,12,Hordaland,60.26125,6.225083,3,Karmøy til Sotra,
18,2014,31357,Geitryggen,medikamentell,badebehandling,Hydrogenperoksid,,,,hele lokaliteten,1751,NÆRØY,17,Nord-Trøndelag,64.75085,11.189033,7,Nord-Trøndelag med Bindal,
18,2014,12435,Grøttingsøy,medikamentell,fôrbehandling,Emamectin benzoat,,,,deler av lokaliteten,1620,FRØYA,16,Sør-Trøndelag,63.879684,8.543767,6,Nordmøre og Sør-Trøndelag,
18,2014,11511,Hattasteinen,medikamentell,fôrbehandling,Diflubenzuron,,,,hele lokaliteten,1219,BØMLO,12,Hordaland,59.626266,5.250717,3,Karmøy til Sotra,
18,2014,10425,Heggvika,medikamentell,badebehandling,Hydrogenperoksid,,,,deler av lokaliteten,1811,BINDAL,18,Nordland,65.12658,12.071983,7,Nord-Trøndelag med Bindal,
18,2014,13782,Helgeneshamn,medikamentell,badebehandling,Azamethiphos,,,,hele lokaliteten,1866,HADSEL,18,Nordland,68.491585,15.2339,9,Vestfjorden og Vesterålen,
18,2014,11652,Kjeppevikholmen,medikamentell,fôrbehandling,Emamectin benzoat,,,,hele lokaliteten,1256,MELAND,12,Hordaland,60.5428,5.035883,4,Nordhordaland til Stadt,
18,2014,18755,Klungset,medikamentell,badebehandling,Hydrogenperoksid,,,,hele lokaliteten,1751,NÆRØY,17,Nord-Trøndelag,64.74997,11.394183,7,Nord-Trøndelag med Bindal,
18,2014,19195,Korsholman,medikamentell,fôrbehandling,Emamectin benzoat,,,,hele lokaliteten,1617,HITRA,16,Sør-Trøndelag,63.597218,8.51575,6,Nordmøre og Sør-Trøndelag,
18,2014,10989,Labukta V,medikamentell,badebehandling,Azamethiphos,,,,hele lokaliteten,1818,HERØY I NORDLAND,18,Nordland,66.01273,12.351417,8,Helgeland til Bodø,
18,2014,10989,Labukta V,medikamentell,badebehandling,Azamethiphos,,,,hele lokaliteten,1818,HERØY I NORDLAND,18,Nordland,66.01273,12.351417,8,Helgeland til Bodø,
18,2014,10989,Labukta V,medikamentell,badebehandling,Azamethiphos,,,,hele lokaliteten,1818,HERØY I NORDLAND,18,Nordland,66.01273,12.351417,8,Helgeland til Bodø,
18,2014,10989,Labukta V,medikamentell,badebehandling,Azamethiphos,,,,hele lokaliteten,1818,HERØY I NORDLAND,18,Nordland,66.01273,12.351417,8,Helgeland til Bodø,
18,2014,10989,Labukta V,medikamentell,badebehandling,Azamethiphos,,,,hele lokaliteten,1818,HERØY I NORDLAND,18,Nordland,66.01273,12.351417,8,Helgeland til Bodø,
18,2014,10989,Labukta V,medikamentell,badebehandling,Azamethiphos,,,,hele lokaliteten,1818,HERØY I NORDLAND,18,Nordland,66.01273,12.351417,8,Helgeland til Bodø,
18,2014,10989,Labukta V,medikamentell,badebehandling,Azamethiphos,,,,hele lokaliteten,1818,HERØY I NORDLAND,18,Nordland,66.01273,12.351417,8,Helgeland til Bodø,
18,2014,10989,Labukta V,medikamentell,badebehandling,Azamethiphos,,,,hele lokaliteten,1818,HERØY I NORDLAND,18,Nordland,66.01273,12.351417,8,Helgeland til Bodø,
18,2014,10989,Labukta V,medikamentell,badebehandling,Azamethiphos,,,,hele lokaliteten,1818,HERØY I NORDLAND,18,Nordland,66.01273,12.351417,8,Helgeland til Bodø,
18,2014,10989,Labukta V,medikamentell,badebehandling,Azamethiphos,,,,hele lokaliteten,1818,HERØY I NORDLAND,18,Nordland,66.01273,12.351417,8,Helgeland til Bodø,
18,2014,10989,Labukta V,medikamentell,badebehandling,Deltamethrin,,,,hele lokaliteten,1818,HERØY I NORDLAND,18,Nordland,66.01273,12.351417,8,Helgeland til Bodø,
18,2014,10989,Labukta V,medikamentell,badebehandling,Deltamethrin,,,,hele lokaliteten,1818,HERØY I NORDLAND,18,Nordland,66.01273,12.351417,8,Helgeland til Bodø,
18,2014,10989,Labukta V,medikamentell,badebehandling,Deltamethrin,,,,hele lokaliteten,1818,HERØY I NORDLAND,18,Nordland,66.01273,12.351417,8,Helgeland til Bodø,
18,2014,10989,Labukta V,medikamentell,badebehandling,Deltamethrin,,,,hele lokaliteten,1818,HERØY I NORDLAND,18,Nordland,66.01273,12.351417,8,Helgeland til Bodø,
18,2014,10989,Labukta V,medikamentell,badebehandling,Deltamethrin,,,,hele lokaliteten,1818,HERØY I NORDLAND,18,Nordland,66.01273,12.351417,8,Helgeland til Bodø,
18,2014,10989,Labukta V,medikamentell,badebehandling,Deltamethrin,,,,hele lokaliteten,1818,HERØY I NORDLAND,18,Nordland,66.01273,12.351417,8,Helgeland til Bodø,
18,2014,10989,Labukta V,medikamentell,badebehandling,Deltamethrin,,,,hele lokaliteten,1818,HERØY I NORDLAND,18,Nordland,66.01273,12.351417,8,Helgeland til Bodø,
18,2014,10989,Labukta V,medikamentell,badebehandling,Deltamethrin,,,,hele lokaliteten,1818,HERØY I NORDLAND,18,Nordland,66.01273,12.351417,8,Helgeland til Bodø,
18,2014,10989,Labukta V,medikamentell,badebehandling,Deltamethrin,,,,hele lokaliteten,1818,HERØY I NORDLAND,18,Nordland,66.01273,12.351417,8,Helgeland til Bodø,
18,2014,10989,Labukta V,medikamentell,badebehandling,Deltamethrin,,,,hele lokaliteten,1818,HERØY I NORDLAND,18,Nordland,66.01273,12.351417,8,Helgeland til Bodø,
18,2014,20559,Langskjæra,medikamentell,fôrbehandling,Annet virkestoff,,,,hele lokaliteten,1620,FRØYA,16,Sør-Trøndelag,63.8225,8.75505,6,Nordmøre og Sør-Trøndelag,
18,2014,20559,Langskjæra,medikamentell,badebehandling,Hydrogenperoksid,,,,hele lokaliteten,1620,FRØYA,16,Sør-Trøndelag,63.8225,8.75505,6,Nordmøre og Sør-Trøndelag,
18,2014,33557,Langskjæra II,medikamentell,fôrbehandling,Annet virkestoff,,,,hele lokaliteten,1620,FRØYA,16,Sør-Trøndelag,63.82245,8.74075,6,Nordmøre og Sør-Trøndelag,
18,2014,28996,Loddetå,medikamentell,fôrbehandling,Diflubenzuron,,,,deler av lokaliteten,1216,SVEIO,12,Hordaland,59.691643,5.54298,3,Karmøy til Sotra,
18,2014,10232,Mannbruholmen,medikamentell,fôrbehandling,Emamectin benzoat,,,,deler av lokaliteten,1620,FRØYA,16,Sør-Trøndelag,63.8473,8.53675,6,Nordmøre og Sør-Trøndelag,
18,2014,22995,Oldervik,medikamentell,badebehandling,Azamethiphos,,,,hele lokaliteten,1838,GILDESKÅL,18,Nordland,67.07322,14.112733,8,Helgeland til Bodø,
18,2014,22995,Oldervik,medikamentell,badebehandling,Deltamethrin,,,,hele lokaliteten,1838,GILDESKÅL,18,Nordland,67.07322,14.112733,8,Helgeland til Bodø,
18,2014,30817,Raudøya,rensefisk,,,2221,Rognkjeks (felles),19827,deler av lokaliteten,1633,OSEN,16,Sør-Trøndelag,64.3646,10.439133,6,Nordmøre og Sør-Trøndelag,
18,2014,33477,Reinsnesøya,medikamentell,badebehandling,Azamethiphos,,,,hele lokaliteten,1870,SORTLAND,18,Nordland,68.772835,15.446583,9,Vestfjorden og Vesterålen,
18,2014,31777,Reinvika,medikamentell,badebehandling,Azamethiphos,,,,hele lokaliteten,1845,SØRFOLD,18,Nordland,67.60568,15.368483,9,Vestfjorden og Vesterålen,
18,2014,31777,Reinvika,medikamentell,badebehandling,Deltamethrin,,,,hele lokaliteten,1845,SØRFOLD,18,Nordland,67.60568,15.368483,9,Vestfjorden og Vesterålen,
18,2014,22796,Renga S,medikamentell,badebehandling,Annet virkestoff,,,,deler av lokaliteten,1836,RØDØY,18,Nordland,66.58873,13.096467,8,Helgeland til Bodø,
18,2014,22796,Renga S,medikamentell,badebehandling,Annet virkestoff,,,,deler av lokaliteten,1836,RØDØY,18,Nordland,66.58873,13.096467,8,Helgeland til Bodø,
18,2014,14795,Rinøyvåg Ø,medikamentell,badebehandling,Azamethiphos,,,,hele lokaliteten,1851,LØDINGEN,18,Nordland,68.3779,15.767883,9,Vestfjorden og Vesterålen,
18,2014,11122,Røssøya N,medikamentell,badebehandling,Hydrogenperoksid,,,,hele lokaliteten,1838,GILDESKÅL,18,Nordland,67.073,13.947583,8,Helgeland til Bodø,
18,2014,30997,Skrubbholmen,medikamentell,badebehandling,Hydrogenperoksid,,,,hele lokaliteten,1751,NÆRØY,17,Nord-Trøndelag,64.801735,11.162183,7,Nord-Trøndelag med Bindal,
18,2014,28896,Stangholmen,medikamentell,badebehandling,Hydrogenperoksid,,,,deler av lokaliteten,1836,RØDØY,18,Nordland,66.61818,12.955187,8,Helgeland til Bodø,
18,2014,13593,Storfjell,medikamentell,badebehandling,Azamethiphos,,,,hele lokaliteten,1865,VÅGAN,18,Nordland,68.325264,15.2023,9,Vestfjorden og Vesterålen,
18,2014,21755,Tendalsvik,medikamentell,badebehandling,Hydrogenperoksid,,,,deler av lokaliteten,1211,ETNE,12,Hordaland,59.73605,5.884,3,Karmøy til Sotra,
18,2014,12449,Tennøya,medikamentell,fôrbehandling,Emamectin benzoat,,,,deler av lokaliteten,1620,FRØYA,16,Sør-Trøndelag,63.802567,8.433583,6,Nordmøre og Sør-Trøndelag,
18,2014,11414,Toften,medikamentell,badebehandling,Azamethiphos,,,,hele lokaliteten,1868,ØKSNES,18,Nordland,68.86898,15.30105,9,Vestfjorden og Vesterålen,
18,2014,10968,Vardskjær Ø,medikamentell,badebehandling,Annet virkestoff,,,,deler av lokaliteten,1834,LURØY,18,Nordland,66.35845,12.485017,8,Helgeland til Bodø,
18,2014,10968,Vardskjær Ø,medikamentell,badebehandling,Deltamethrin,,,,deler av lokaliteten,1834,LURØY,18,Nordland,66.35845,12.485017,8,Helgeland til Bodø,
18,2014,32337,Veiesund,medikamentell,fôrbehandling,Diflubenzuron,,,,hele lokaliteten,1401,FLORA,14,Sogn og Fjordane,61.572067,5.0466,4,Nordhordaland til Stadt,
17,2014,11930,Bjelkavik,medikamentell,badebehandling,Deltamethrin,,,,deler av lokaliteten,1134,SULDAL,11,Rogaland,59.45165,5.991917,2,Ryfylke,
17,2014,31317,Bjørkvik,medikamentell,badebehandling,Azamethiphos,,,,hele lokaliteten,1850,TYSFJORD,18,Nordland,68.02925,16.131416,9,Vestfjorden og Vesterålen,
17,2014,13284,Bollhaugen,medikamentell,badebehandling,Azamethiphos,,,,hele lokaliteten,1827,DØNNA,18,Nordland,66.1125,12.4868,8,Helgeland til Bodø,
17,2014,13284,Bollhaugen,medikamentell,badebehandling,Deltamethrin,,,,hele lokaliteten,1827,DØNNA,18,Nordland,66.1125,12.4868,8,Helgeland til Bodø,
17,2014,11087,Bukkøya Ø,medikamentell,badebehandling,Annet virkestoff,,,,deler av lokaliteten,1836,RØDØY,18,Nordland,66.64097,12.994583,8,Helgeland til Bodø,
17,2014,11087,Bukkøya Ø,medikamentell,badebehandling,Annet virkestoff,,,,deler av lokaliteten,1836,RØDØY,18,Nordland,66.64097,12.994583,8,Helgeland til Bodø,
17,2014,11087,Bukkøya Ø,medikamentell,fôrbehandling,Annet virkestoff,,,,deler av lokaliteten,1836,RØDØY,18,Nordland,66.64097,12.994583,8,Helgeland til Bodø,
17,2014,13229,Djupedalen,medikamentell,fôrbehandling,Diflubenzuron,,,,hele lokaliteten,1241,FUSA,12,Hordaland,60.230865,5.6733,3,Karmøy til Sotra,
17,2014,19335,Eidemolla,medikamentell,badebehandling,Azamethiphos,,,,hele lokaliteten,2022,LEBESBY,20,Finnmark,70.67173,27.13395,12,Vest-Finnmark,
17,2014,19278,Forsåstorvika,medikamentell,badebehandling,Azamethiphos,,,,hele lokaliteten,1850,TYSFJORD,18,Nordland,68.17091,16.1532,9,Vestfjorden og Vesterålen,
17,2014,11530,Gissøysundet S,medikamentell,fôrbehandling,Diflubenzuron,,,,deler av lokaliteten,1219,BØMLO,12,Hordaland,59.62327,5.159667,3,Karmøy til Sotra,
17,2014,12435,Grøttingsøy,medikamentell,fôrbehandling,Emamectin benzoat,,,,deler av lokaliteten,1620,FRØYA,16,Sør-Trøndelag,63.879684,8.543767,6,Nordmøre og Sør-Trøndelag,
17,2014,11511,Hattasteinen,medikamentell,fôrbehandling,Diflubenzuron,,,,hele lokaliteten,1219,BØMLO,12,Hordaland,59.626266,5.250717,3,Karmøy til Sotra,
17,2014,12036,Hisdalen,medikamentell,fôrbehandling,Annet virkestoff,,,,hele lokaliteten,1224,KVINNHERAD,12,Hordaland,60.12602,5.931333,3,Karmøy til Sotra,
17,2014,26135,Kjørsvikgrunn,medikamentell,fôrbehandling,Annet virkestoff,,,,hele lokaliteten,1612,HEMNE,16,Sør-Trøndelag,63.457565,9.076,6,Nordmøre og Sør-Trøndelag,
17,2014,30076,Kyrøyene,medikamentell,badebehandling,Hydrogenperoksid,,,,hele lokaliteten,1750,VIKNA,17,Nord-Trøndelag,64.7635,10.807333,7,Nord-Trøndelag med Bindal,
17,2014,20559,Langskjæra,medikamentell,badebehandling,Hydrogenperoksid,,,,hele lokaliteten,1620,FRØYA,16,Sør-Trøndelag,63.8225,8.75505,6,Nordmøre og Sør-Trøndelag,
17,2014,28996,Loddetå,medikamentell,fôrbehandling,Diflubenzuron,,,,hele lokaliteten,1216,SVEIO,12,Hordaland,59.691643,5.54298,3,Karmøy til Sotra,
17,2014,10232,Mannbruholmen,medikamentell,fôrbehandling,Emamectin benzoat,,,,hele lokaliteten,1620,FRØYA,16,Sør-Trøndelag,63.8473,8.53675,6,Nordmøre og Sør-Trøndelag,
17,2014,31637,Melkøya,medikamentell,badebehandling,Azamethiphos,,,,hele lokaliteten,1818,HERØY I NORDLAND,18,Nordland,66.08231,12.201167,8,Helgeland til Bodø,
17,2014,31637,Melkøya,medikamentell,badebehandling,Deltamethrin,,,,hele lokaliteten,1818,HERØY I NORDLAND,18,Nordland,66.08231,12.201167,8,Helgeland til Bodø,
17,2014,22995,Oldervik,medikamentell,badebehandling,Azamethiphos,,,,hele lokaliteten,1838,GILDESKÅL,18,Nordland,67.07322,14.112733,8,Helgeland til Bodø,
17,2014,22995,Oldervik,medikamentell,badebehandling,Deltamethrin,,,,hele lokaliteten,1838,GILDESKÅL,18,Nordland,67.07322,14.112733,8,Helgeland til Bodø,
17,2014,13959,Oterholmen,medikamentell,badebehandling,Azamethiphos,,,,hele lokaliteten,1751,NÆRØY,17,Nord-Trøndelag,64.81578,11.2208,7,Nord-Trøndelag med Bindal,
17,2014,13959,Oterholmen,medikamentell,badebehandling,Deltamethrin,,,,hele lokaliteten,1751,NÆRØY,17,Nord-Trøndelag,64.81578,11.2208,7,Nord-Trøndelag med Bindal,
17,2014,13959,Oterholmen,medikamentell,badebehandling,Hydrogenperoksid,,,,hele lokaliteten,1751,NÆRØY,17,Nord-Trøndelag,64.81578,11.2208,7,Nord-Trøndelag med Bindal,
17,2014,11122,Røssøya N,medikamentell,badebehandling,Hydrogenperoksid,,,,hele lokaliteten,1838,GILDESKÅL,18,Nordland,67.073,13.947583,8,Helgeland til Bodø,
17,2014,22315,Skavhella,medikamentell,fôrbehandling,Diflubenzuron,,,,hele lokaliteten,1243,OS I HORDALAND,12,Hordaland,60.22175,5.557367,3,Karmøy til Sotra,
17,2014,30997,Skrubbholmen,medikamentell,badebehandling,Hydrogenperoksid,,,,hele lokaliteten,1751,NÆRØY,17,Nord-Trøndelag,64.801735,11.162183,7,Nord-Trøndelag med Bindal,
17,2014,13291,Soløya,medikamentell,badebehandling,Deltamethrin,,,,hele lokaliteten,1859,FLAKSTAD,18,Nordland,68.00382,13.182267,9,Vestfjorden og Vesterålen,
17,2014,11290,Stormneset,medikamentell,badebehandling,Azamethiphos,,,,hele lokaliteten,1850,TYSFJORD,18,Nordland,68.19825,16.134117,9,Vestfjorden og Vesterålen,
17,2014,22955,Svollandsneset,medikamentell,fôrbehandling,Diflubenzuron,,,,hele lokaliteten,1160,VINDAFJORD,11,Rogaland,59.684235,5.589717,3,Karmøy til Sotra,
17,2014,31557,Valøyan,medikamentell,fôrbehandling,Emamectin benzoat,,,,deler av lokaliteten,1620,FRØYA,16,Sør-Trøndelag,63.81735,8.462483,6,Nordmøre og Sør-Trøndelag,
17,2014,11137,Vassdalsvik,medikamentell,badebehandling,Annet virkestoff,,,,deler av lokaliteten,1837,MELØY,18,Nordland,66.807884,13.56575,8,Helgeland til Bodø,
16,2014,32017,Ånholmen,medikamentell,badebehandling,Hydrogenperoksid,,,,hele lokaliteten,1748,FOSNES,17,Nord-Trøndelag,64.7198,11.461683,7,Nord-Trøndelag med Bindal,
16,2014,13229,Djupedalen,medikamentell,fôrbehandling,Diflubenzuron,,,,hele lokaliteten,1241,FUSA,12,Hordaland,60.230865,5.6733,3,Karmøy til Sotra,
16,2014,12036,Hisdalen,medikamentell,fôrbehandling,Annet virkestoff,,,,hele lokaliteten,1224,KVINNHERAD,12,Hordaland,60.12602,5.931333,3,Karmøy til Sotra,
16,2014,11405,Innerbrokløysa,medikamentell,badebehandling,Azamethiphos,,,,hele lokaliteten,1870,SORTLAND,18,Nordland,68.630714,15.483317,9,Vestfjorden og Vesterålen,
16,2014,25736,Josommarset,medikamentell,badebehandling,Azamethiphos,,,,hele lokaliteten,1850,TYSFJORD,18,Nordland,67.9235,16.209,9,Vestfjorden og Vesterålen,
16,2014,12660,Kipholmen,medikamentell,badebehandling,Hydrogenperoksid,,,,deler av lokaliteten,1751,NÆRØY,17,Nord-Trøndelag,64.79387,11.689533,7,Nord-Trøndelag med Bindal,
16,2014,26135,Kjørsvikgrunn,medikamentell,fôrbehandling,Annet virkestoff,,,,hele lokaliteten,1612,HEMNE,16,Sør-Trøndelag,63.457565,9.076,6,Nordmøre og Sør-Trøndelag,
16,2014,11575,Koløy N,medikamentell,badebehandling,Hydrogenperoksid,,,,hele lokaliteten,1222,FITJAR,12,Hordaland,59.8616,5.288267,3,Karmøy til Sotra,
16,2014,11575,Koløy N,ikke-medikamentell,,,,,,hele lokaliteten,1222,FITJAR,12,Hordaland,59.8616,5.288267,3,Karmøy til Sotra,
16,2014,21676,Kråkholmen,medikamentell,badebehandling,Azamethiphos,,,,hele lokaliteten,1749,FLATANGER,17,Nord-Trøndelag,64.60212,10.85345,7,Nord-Trøndelag med Bindal,
16,2014,21676,Kråkholmen,medikamentell,badebehandling,Deltamethrin,,,,hele lokaliteten,1749,FLATANGER,17,Nord-Trøndelag,64.60212,10.85345,7,Nord-Trøndelag med Bindal,
16,2014,28996,Loddetå,medikamentell,fôrbehandling,Diflubenzuron,,,,hele lokaliteten,1216,SVEIO,12,Hordaland,59.691643,5.54298,3,Karmøy til Sotra,
16,2014,10232,Mannbruholmen,medikamentell,fôrbehandling,Emamectin benzoat,,,,deler av lokaliteten,1620,FRØYA,16,Sør-Trøndelag,63.8473,8.53675,6,Nordmøre og Sør-Trøndelag,
16,2014,29896,Renndalen,rensefisk,,,222120,Rognkjeks (hun),86,deler av lokaliteten,1571,HALSA,15,Møre og Romsdal,63.176167,8.616817,6,Nordmøre og Sør-Trøndelag,
16,2014,22315,Skavhella,medikamentell,fôrbehandling,Diflubenzuron,,,,hele lokaliteten,1243,OS I HORDALAND,12,Hordaland,60.22175,5.557367,3,Karmøy til Sotra,
16,2014,30997,Skrubbholmen,medikamentell,fôrbehandling,Emamectin benzoat,,,,deler av lokaliteten,1751,NÆRØY,17,Nord-Trøndelag,64.801735,11.162183,7,Nord-Trøndelag med Bindal,
16,2014,11605,Soløy Ø,medikamentell,badebehandling,Azamethiphos,,,,hele lokaliteten,1222,FITJAR,12,Hordaland,59.90708,5.159833,3,Karmøy til Sotra,
16,2014,11605,Soløy Ø,medikamentell,badebehandling,Deltamethrin,,,,hele lokaliteten,1222,FITJAR,12,Hordaland,59.90708,5.159833,3,Karmøy til Sotra,
16,2014,13291,Soløya,medikamentell,badebehandling,Deltamethrin,,,,hele lokaliteten,1859,FLAKSTAD,18,Nordland,68.00382,13.182267,9,Vestfjorden og Vesterålen,
16,2014,28896,Stangholmen,medikamentell,badebehandling,Hydrogenperoksid,,,,deler av lokaliteten,1836,RØDØY,18,Nordland,66.61818,12.955187,8,Helgeland til Bodø,
16,2014,13290,Stigvika,medikamentell,fôrbehandling,Emamectin benzoat,,,,deler av lokaliteten,1838,GILDESKÅL,18,Nordland,67.06885,14.076133,8,Helgeland til Bodø,
16,2014,10421,Storvikbukta,medikamentell,badebehandling,Hydrogenperoksid,,,,deler av lokaliteten,1751,NÆRØY,17,Nord-Trøndelag,64.92893,11.912917,7,Nord-Trøndelag med Bindal,
16,2014,22955,Svollandsneset,medikamentell,fôrbehandling,Diflubenzuron,,,,hele lokaliteten,1160,VINDAFJORD,11,Rogaland,59.684235,5.589717,3,Karmøy til Sotra,
16,2014,12449,Tennøya,medikamentell,fôrbehandling,Emamectin benzoat,,,,hele lokaliteten,1620,FRØYA,16,Sør-Trøndelag,63.802567,8.433583,6,Nordmøre og Sør-Trøndelag,
16,2014,31557,Valøyan,medikamentell,fôrbehandling,Emamectin benzoat,,,,deler av lokaliteten,1620,FRØYA,16,Sør-Trøndelag,63.81735,8.462483,6,Nordmøre og Sør-Trøndelag,
15,2014,15196,Aga Ø,medikamentell,badebehandling,Deltamethrin,,,,deler av lokaliteten,1219,BØMLO,12,Hordaland,59.8451,5.261367,3,Karmøy til Sotra,
15,2014,32017,Ånholmen,medikamentell,badebehandling,Hydrogenperoksid,,,,hele lokaliteten,1748,FOSNES,17,Nord-Trøndelag,64.7198,11.461683,7,Nord-Trøndelag med Bindal,
15,2014,13254,Aukan,medikamentell,badebehandling,Azamethiphos,,,,hele lokaliteten,1554,AVERØY,15,Møre og Romsdal,63.0603,7.594283,6,Nordmøre og Sør-Trøndelag,
15,2014,13254,Aukan,medikamentell,badebehandling,Deltamethrin,,,,hele lokaliteten,1554,AVERØY,15,Møre og Romsdal,63.0603,7.594283,6,Nordmøre og Sør-Trøndelag,
15,2014,12095,Bergadalen,medikamentell,badebehandling,Annet virkestoff,,,,deler av lokaliteten,1238,KVAM,12,Hordaland,60.1216,5.908883,3,Karmøy til Sotra,
15,2014,12095,Bergadalen,medikamentell,badebehandling,Annet virkestoff,,,,deler av lokaliteten,1238,KVAM,12,Hordaland,60.1216,5.908883,3,Karmøy til Sotra,
15,2014,15796,Borgarliflot,medikamentell,badebehandling,Deltamethrin,,,,deler av lokaliteten,1134,SULDAL,11,Rogaland,59.388035,5.929283,2,Ryfylke,
15,2014,11015,Brattholmen,medikamentell,badebehandling,Azamethiphos,,,,hele lokaliteten,1818,HERØY I NORDLAND,18,Nordland,65.90733,12.221283,8,Helgeland til Bodø,
15,2014,11015,Brattholmen,medikamentell,badebehandling,Hydrogenperoksid,,,,hele lokaliteten,1818,HERØY I NORDLAND,18,Nordland,65.90733,12.221283,8,Helgeland til Bodø,
15,2014,27976,Bukkholmen,medikamentell,badebehandling,Azamethiphos,,,,hele lokaliteten,1820,ALSTAHAUG,18,Nordland,65.9184,12.244683,8,Helgeland til Bodø,
15,2014,27976,Bukkholmen,medikamentell,badebehandling,Hydrogenperoksid,,,,hele lokaliteten,1820,ALSTAHAUG,18,Nordland,65.9184,12.244683,8,Helgeland til Bodø,
15,2014,13229,Djupedalen,medikamentell,badebehandling,Azamethiphos,,,,hele lokaliteten,1241,FUSA,12,Hordaland,60.230865,5.6733,3,Karmøy til Sotra,
15,2014,13229,Djupedalen,medikamentell,fôrbehandling,Diflubenzuron,,,,hele lokaliteten,1241,FUSA,12,Hordaland,60.230865,5.6733,3,Karmøy til Sotra,
15,2014,13527,Finnkjerka,medikamentell,badebehandling,Azamethiphos,,,,hele lokaliteten,1866,HADSEL,18,Nordland,68.3443,15.04715,9,Vestfjorden og Vesterålen,
15,2014,29876,Flotaren,medikamentell,badebehandling,Annet virkestoff,,,,hele lokaliteten,1749,FLATANGER,17,Nord-Trøndelag,64.52398,10.761667,7,Nord-Trøndelag med Bindal,
15,2014,29876,Flotaren,medikamentell,badebehandling,Deltamethrin,,,,hele lokaliteten,1749,FLATANGER,17,Nord-Trøndelag,64.52398,10.761667,7,Nord-Trøndelag med Bindal,
15,2014,26335,Geitholmen,medikamentell,fôrbehandling,Emamectin benzoat,,,,deler av lokaliteten,1750,VIKNA,17,Nord-Trøndelag,64.79955,11.025933,7,Nord-Trøndelag med Bindal,
15,2014,26335,Geitholmen,medikamentell,badebehandling,Hydrogenperoksid,,,,deler av lokaliteten,1750,VIKNA,17,Nord-Trøndelag,64.79955,11.025933,7,Nord-Trøndelag med Bindal,
15,2014,10324,Gjerdeviksflua,medikamentell,badebehandling,Azamethiphos,,,,hele lokaliteten,1241,FUSA,12,Hordaland,60.223083,5.641167,3,Karmøy til Sotra,
15,2014,10324,Gjerdeviksflua,medikamentell,fôrbehandling,Diflubenzuron,,,,hele lokaliteten,1241,FUSA,12,Hordaland,60.223083,5.641167,3,Karmøy til Sotra,
15,2014,11920,Herøy,ikke-medikamentell,,,,,,hele lokaliteten,1160,VINDAFJORD,11,Rogaland,59.4664,6.0262,2,Ryfylke,
15,2014,13231,Høylandssund,medikamentell,badebehandling,Hydrogenperoksid,,,,hele lokaliteten,1224,KVINNHERAD,12,Hordaland,59.77755,5.8298,3,Karmøy til Sotra,
15,2014,11405,Innerbrokløysa,medikamentell,badebehandling,Azamethiphos,,,,hele lokaliteten,1870,SORTLAND,18,Nordland,68.630714,15.483317,9,Vestfjorden og Vesterålen,
15,2014,19977,Jektholmen,rensefisk,,,2221,Rognkjeks (felles),9625,hele lokaliteten,1630,ÅFJORD,16,Sør-Trøndelag,63.99495,9.928317,6,Nordmøre og Sør-Trøndelag,
15,2014,12348,Kåholmen,medikamentell,badebehandling,Deltamethrin,,,,deler av lokaliteten,1617,HITRA,16,Sør-Trøndelag,63.617184,8.994133,6,Nordmøre og Sør-Trøndelag,
15,2014,32577,Klammerholmen,medikamentell,badebehandling,Deltamethrin,,,,hele lokaliteten,1244,AUSTEVOLL,12,Hordaland,60.08165,5.168567,3,Karmøy til Sotra,
15,2014,32577,Klammerholmen,medikamentell,badebehandling,Deltamethrin,,,,hele lokaliteten,1244,AUSTEVOLL,12,Hordaland,60.08165,5.168567,3,Karmøy til Sotra,
15,2014,11575,Koløy N,medikamentell,fôrbehandling,Emamectin benzoat,,,,hele lokaliteten,1222,FITJAR,12,Hordaland,59.8616,5.288267,3,Karmøy til Sotra,
15,2014,19195,Korsholman,rensefisk,,,2221,Rognkjeks (felles),9131,hele lokaliteten,1617,HITRA,16,Sør-Trøndelag,63.597218,8.51575,6,Nordmøre og Sør-Trøndelag,
15,2014,33557,Langskjæra II,medikamentell,badebehandling,Azamethiphos,,,,deler av lokaliteten,1620,FRØYA,16,Sør-Trøndelag,63.82245,8.74075,6,Nordmøre og Sør-Trøndelag,
15,2014,33557,Langskjæra II,medikamentell,badebehandling,Deltamethrin,,,,deler av lokaliteten,1620,FRØYA,16,Sør-Trøndelag,63.82245,8.74075,6,Nordmøre og Sør-Trøndelag,
15,2014,33557,Langskjæra II,medikamentell,badebehandling,Hydrogenperoksid,,,,deler av lokaliteten,1620,FRØYA,16,Sør-Trøndelag,63.82245,8.74075,6,Nordmøre og Sør-Trøndelag,
15,2014,12392,Lille Torsøy,medikamentell,badebehandling,Azamethiphos,,,,hele lokaliteten,1617,HITRA,16,Sør-Trøndelag,63.605633,8.48855,6,Nordmøre og Sør-Trøndelag,
15,2014,12392,Lille Torsøy,medikamentell,badebehandling,Deltamethrin,,,,hele lokaliteten,1617,HITRA,16,Sør-Trøndelag,63.605633,8.48855,6,Nordmøre og Sør-Trøndelag,
15,2014,12392,Lille Torsøy,rensefisk,,,2221,Rognkjeks (felles),22846,hele lokaliteten,1617,HITRA,16,Sør-Trøndelag,63.605633,8.48855,6,Nordmøre og Sør-Trøndelag,
15,2014,29056,Lille Torsøy II,rensefisk,,,2221,Rognkjeks (felles),7318,deler av lokaliteten,1617,HITRA,16,Sør-Trøndelag,63.60803,8.494633,6,Nordmøre og Sør-Trøndelag,
15,2014,28996,Loddetå,medikamentell,fôrbehandling,Diflubenzuron,,,,deler av lokaliteten,1216,SVEIO,12,Hordaland,59.691643,5.54298,3,Karmøy til Sotra,
15,2014,28996,Loddetå,medikamentell,badebehandling,Hydrogenperoksid,,,,deler av lokaliteten,1216,SVEIO,12,Hordaland,59.691643,5.54298,3,Karmøy til Sotra,
15,2014,12633,Lyrnesset,medikamentell,badebehandling,Azamethiphos,,,,hele lokaliteten,1749,FLATANGER,17,Nord-Trøndelag,64.5256,10.748133,7,Nord-Trøndelag med Bindal,
15,2014,12633,Lyrnesset,medikamentell,badebehandling,Deltamethrin,,,,hele lokaliteten,1749,FLATANGER,17,Nord-Trøndelag,64.5256,10.748133,7,Nord-Trøndelag med Bindal,
15,2014,12134,Maradalen,medikamentell,badebehandling,Hydrogenperoksid,,,,hele lokaliteten,1224,KVINNHERAD,12,Hordaland,59.76077,5.686767,3,Karmøy til Sotra,
15,2014,13293,Molgavlen,medikamentell,badebehandling,Azamethiphos,,,,hele lokaliteten,1865,VÅGAN,18,Nordland,68.30537,14.949933,9,Vestfjorden og Vesterålen,
15,2014,22315,Skavhella,medikamentell,badebehandling,Azamethiphos,,,,hele lokaliteten,1243,OS I HORDALAND,12,Hordaland,60.22175,5.557367,3,Karmøy til Sotra,
15,2014,22315,Skavhella,medikamentell,fôrbehandling,Diflubenzuron,,,,hele lokaliteten,1243,OS I HORDALAND,12,Hordaland,60.22175,5.557367,3,Karmøy til Sotra,
15,2014,30997,Skrubbholmen,medikamentell,fôrbehandling,Emamectin benzoat,,,,deler av lokaliteten,1751,NÆRØY,17,Nord-Trøndelag,64.801735,11.162183,7,Nord-Trøndelag med Bindal,
15,2014,13708,Steinvik,medikamentell,badebehandling,Azamethiphos,,,,hele lokaliteten,1401,FLORA,14,Sogn og Fjordane,61.565266,5.31025,4,Nordhordaland til Stadt,
15,2014,13708,Steinvik,medikamentell,badebehandling,Deltamethrin,,,,hele lokaliteten,1401,FLORA,14,Sogn og Fjordane,61.565266,5.31025,4,Nordhordaland til Stadt,
15,2014,13290,Stigvika,medikamentell,fôrbehandling,Emamectin benzoat,,,,deler av lokaliteten,1838,GILDESKÅL,18,Nordland,67.06885,14.076133,8,Helgeland til Bodø,
15,2014,22435,Stretarneset,medikamentell,badebehandling,Azamethiphos,,,,hele lokaliteten,1866,HADSEL,18,Nordland,68.67312,14.983283,9,Vestfjorden og Vesterålen,
15,2014,22955,Svollandsneset,medikamentell,fôrbehandling,Diflubenzuron,,,,hele lokaliteten,1160,VINDAFJORD,11,Rogaland,59.684235,5.589717,3,Karmøy til Sotra,
15,2014,12449,Tennøya,medikamentell,fôrbehandling,Emamectin benzoat,,,,deler av lokaliteten,1620,FRØYA,16,Sør-Trøndelag,63.802567,8.433583,6,Nordmøre og Sør-Trøndelag,
15,2014,25815,Tittelsnes,medikamentell,badebehandling,Hydrogenperoksid,,,,hele lokaliteten,1216,SVEIO,12,Hordaland,59.723484,5.533483,3,Karmøy til Sotra,
15,2014,20075,Tjajneluokta,medikamentell,badebehandling,Azamethiphos,,,,hele lokaliteten,1850,TYSFJORD,18,Nordland,67.89243,16.236717,9,Vestfjorden og Vesterålen,
15,2014,30837,Torangskjeret,medikamentell,badebehandling,Cypermethrin,,,,hele lokaliteten,1244,AUSTEVOLL,12,Hordaland,60.130184,5.176033,3,Karmøy til Sotra,
15,2014,30517,Trælvika,medikamentell,badebehandling,Azamethiphos,,,,hele lokaliteten,1931,LENVIK,19,Troms,69.51895,17.695932,10,Andøya til Senja,
15,2014,30517,Trælvika,medikamentell,badebehandling,Deltamethrin,,,,hele lokaliteten,1931,LENVIK,19,Troms,69.51895,17.695932,10,Andøya til Senja,
15,2014,32717,Tranøya N,medikamentell,badebehandling,Azamethiphos,,,,hele lokaliteten,1627,BJUGN,16,Sør-Trøndelag,63.872032,9.769783,6,Nordmøre og Sør-Trøndelag,
15,2014,32717,Tranøya N,medikamentell,badebehandling,Deltamethrin,,,,hele lokaliteten,1627,BJUGN,16,Sør-Trøndelag,63.872032,9.769783,6,Nordmøre og Sør-Trøndelag,
15,2014,13562,Uføro,medikamentell,badebehandling,Hydrogenperoksid,,,,hele lokaliteten,1221,STORD,12,Hordaland,59.877434,5.52725,3,Karmøy til Sotra,
15,2014,13562,Uføro,ikke-medikamentell,,,,,,hele lokaliteten,1221,STORD,12,Hordaland,59.877434,5.52725,3,Karmøy til Sotra,
15,2014,31557,Valøyan,medikamentell,fôrbehandling,Emamectin benzoat,,,,deler av lokaliteten,1620,FRØYA,16,Sør-Trøndelag,63.81735,8.462483,6,Nordmøre og Sør-Trøndelag,
14,2014,11513,Andal,medikamentell,fôrbehandling,Teflubenzuron,,,,hele lokaliteten,1219,BØMLO,12,Hordaland,59.6365,5.247133,3,Karmøy til Sotra,
14,2014,13254,Aukan,medikamentell,badebehandling,Azamethiphos,,,,hele lokaliteten,1554,AVERØY,15,Møre og Romsdal,63.0603,7.594283,6,Nordmøre og Sør-Trøndelag,
14,2014,13254,Aukan,medikamentell,badebehandling,Deltamethrin,,,,hele lokaliteten,1554,AVERØY,15,Møre og Romsdal,63.0603,7.594283,6,Nordmøre og Sør-Trøndelag,
14,2014,11800,Austneståa,medikamentell,badebehandling,Deltamethrin,,,,deler av lokaliteten,1401,FLORA,14,Sogn og Fjordane,61.49072,5.169133,4,Nordhordaland til Stadt,
14,2014,12095,Bergadalen,medikamentell,badebehandling,Annet virkestoff,,,,deler av lokaliteten,1238,KVAM,12,Hordaland,60.1216,5.908883,3,Karmøy til Sotra,
14,2014,12095,Bergadalen,medikamentell,badebehandling,Annet virkestoff,,,,deler av lokaliteten,1238,KVAM,12,Hordaland,60.1216,5.908883,3,Karmøy til Sotra,
14,2014,12178,Bjønnspjotneset,medikamentell,badebehandling,Cypermethrin,,,,hele lokaliteten,1416,HØYANGER,14,Sogn og Fjordane,61.0985,5.825533,4,Nordhordaland til Stadt,
14,2014,12625,Bjørgan,medikamentell,badebehandling,Azamethiphos,,,,deler av lokaliteten,1749,FLATANGER,17,Nord-Trøndelag,64.59268,10.908333,7,Nord-Trøndelag med Bindal,
14,2014,12625,Bjørgan,medikamentell,badebehandling,Deltamethrin,,,,deler av lokaliteten,1749,FLATANGER,17,Nord-Trøndelag,64.59268,10.908333,7,Nord-Trøndelag med Bindal,
14,2014,12625,Bjørgan,ikke-medikamentell,,,,,,hele lokaliteten,1749,FLATANGER,17,Nord-Trøndelag,64.59268,10.908333,7,Nord-Trøndelag med Bindal,
14,2014,12007,Dale II,medikamentell,badebehandling,Deltamethrin,,,,deler av lokaliteten,1142,RENNESØY,11,Rogaland,59.082565,5.710467,2,Ryfylke,
14,2014,26595,Djupevika,medikamentell,badebehandling,Azamethiphos,,,,hele lokaliteten,1223,TYSNES,12,Hordaland,60.035816,5.342217,3,Karmøy til Sotra,
14,2014,26595,Djupevika,medikamentell,badebehandling,Deltamethrin,,,,hele lokaliteten,1223,TYSNES,12,Hordaland,60.035816,5.342217,3,Karmøy til Sotra,
14,2014,15456,Eidesberget,medikamentell,badebehandling,Azamethiphos,,,,hele lokaliteten,1416,HØYANGER,14,Sogn og Fjordane,61.105118,5.853883,4,Nordhordaland til Stadt,
14,2014,15456,Eidesberget,medikamentell,badebehandling,Deltamethrin,,,,hele lokaliteten,1416,HØYANGER,14,Sogn og Fjordane,61.105118,5.853883,4,Nordhordaland til Stadt,
14,2014,12879,Endresetbukta,medikamentell,badebehandling,Azamethiphos,,,,hele lokaliteten,1505,KRISTIANSUND,15,Møre og Romsdal,63.03018,7.71615,6,Nordmøre og Sør-Trøndelag,
14,2014,12879,Endresetbukta,medikamentell,badebehandling,Deltamethrin,,,,hele lokaliteten,1505,KRISTIANSUND,15,Møre og Romsdal,63.03018,7.71615,6,Nordmøre og Sør-Trøndelag,
14,2014,12624,Feøyvika,medikamentell,badebehandling,Azamethiphos,,,,deler av lokaliteten,1749,FLATANGER,17,Nord-Trøndelag,64.56073,10.91895,7,Nord-Trøndelag med Bindal,
14,2014,12624,Feøyvika,medikamentell,badebehandling,Deltamethrin,,,,deler av lokaliteten,1749,FLATANGER,17,Nord-Trøndelag,64.56073,10.91895,7,Nord-Trøndelag med Bindal,
14,2014,12624,Feøyvika,ikke-medikamentell,,,,,,hele lokaliteten,1749,FLATANGER,17,Nord-Trøndelag,64.56073,10.91895,7,Nord-Trøndelag med Bindal,
14,2014,29296,Fleina,medikamentell,fôrbehandling,Emamectin benzoat,,,,hele lokaliteten,1838,GILDESKÅL,18,Nordland,67.0951,13.875217,8,Helgeland til Bodø,
14,2014,13058,Fusavika,medikamentell,badebehandling,Azamethiphos,,,,deler av lokaliteten,1241,FUSA,12,Hordaland,60.207634,5.613817,3,Karmøy til Sotra,
14,2014,26335,Geitholmen,medikamentell,fôrbehandling,Emamectin benzoat,,,,deler av lokaliteten,1750,VIKNA,17,Nord-Trøndelag,64.79955,11.025933,7,Nord-Trøndelag med Bindal,
14,2014,13852,Gjermundnes,medikamentell,badebehandling,Deltamethrin,,,,deler av lokaliteten,1535,VESTNES,15,Møre og Romsdal,62.6275,7.192817,5,Stadt til Hustadvika,
14,2014,29697,Hafsmo,medikamentell,badebehandling,Hydrogenperoksid,,,,deler av lokaliteten,1613,SNILLFJORD,16,Sør-Trøndelag,63.3667,9.245217,6,Nordmøre og Sør-Trøndelag,
14,2014,11318,Hallvardøy,medikamentell,badebehandling,Azamethiphos,,,,hele lokaliteten,1851,LØDINGEN,18,Nordland,68.37555,15.320333,9,Vestfjorden og Vesterålen,
14,2014,31577,Haneholmen,medikamentell,badebehandling,Azamethiphos,,,,deler av lokaliteten,1445,GLOPPEN,14,Sogn og Fjordane,61.84045,6.10055,4,Nordhordaland til Stadt,
14,2014,12599,Indre Skjervøy,rensefisk,,,2221,Rognkjeks (felles),15000,deler av lokaliteten,1633,OSEN,16,Sør-Trøndelag,64.2858,10.30905,6,Nordmøre og Sør-Trøndelag,
14,2014,11957,Indre Slettavikneset,medikamentell,badebehandling,Deltamethrin,,,,hele lokaliteten,1102,SANDNES,11,Rogaland,58.9542,5.943617,2,Ryfylke,
14,2014,10876,Istervika,medikamentell,badebehandling,Azamethiphos,,,,deler av lokaliteten,1813,BRØNNØY,18,Nordland,65.4468,12.560367,8,Helgeland til Bodø,
14,2014,10876,Istervika,medikamentell,badebehandling,Hydrogenperoksid,,,,deler av lokaliteten,1813,BRØNNØY,18,Nordland,65.4468,12.560367,8,Helgeland til Bodø,
14,2014,12260,Juvika,medikamentell,badebehandling,Deltamethrin,,,,hele lokaliteten,1545,MIDSUND,15,Møre og Romsdal,62.66477,6.696767,5,Stadt til Hustadvika,
14,2014,12348,Kåholmen,medikamentell,badebehandling,Deltamethrin,,,,deler av lokaliteten,1617,HITRA,16,Sør-Trøndelag,63.617184,8.994133,6,Nordmøre og Sør-Trøndelag,
14,2014,13220,Kalhag,medikamentell,badebehandling,Deltamethrin,,,,hele lokaliteten,1130,STRAND,11,Rogaland,58.974716,5.93595,2,Ryfylke,
14,2014,12872,Kattholmen,medikamentell,badebehandling,Annet virkestoff,,,,hele lokaliteten,1505,KRISTIANSUND,15,Møre og Romsdal,63.055332,7.695317,6,Nordmøre og Sør-Trøndelag,
14,2014,14042,Kattholmen,medikamentell,badebehandling,Azamethiphos,,,,deler av lokaliteten,1620,FRØYA,16,Sør-Trøndelag,63.870968,8.679017,6,Nordmøre og Sør-Trøndelag,
14,2014,14042,Kattholmen,medikamentell,badebehandling,Cypermethrin,,,,deler av lokaliteten,1620,FRØYA,16,Sør-Trøndelag,63.870968,8.679017,6,Nordmøre og Sør-Trøndelag,
14,2014,12872,Kattholmen,medikamentell,badebehandling,Deltamethrin,,,,hele lokaliteten,1505,KRISTIANSUND,15,Møre og Romsdal,63.055332,7.695317,6,Nordmøre og Sør-Trøndelag,
14,2014,30437,Kattholmen II,medikamentell,badebehandling,Azamethiphos,,,,deler av lokaliteten,1620,FRØYA,16,Sør-Trøndelag,63.8661,8.675683,6,Nordmøre og Sør-Trøndelag,
14,2014,30437,Kattholmen II,medikamentell,badebehandling,Cypermethrin,,,,deler av lokaliteten,1620,FRØYA,16,Sør-Trøndelag,63.8661,8.675683,6,Nordmøre og Sør-Trøndelag,
14,2014,13573,Kistvika,medikamentell,badebehandling,Azamethiphos,,,,hele lokaliteten,1612,HEMNE,16,Sør-Trøndelag,63.380707,9.164458,6,Nordmøre og Sør-Trøndelag,
14,2014,13573,Kistvika,medikamentell,badebehandling,Deltamethrin,,,,hele lokaliteten,1612,HEMNE,16,Sør-Trøndelag,63.380707,9.164458,6,Nordmøre og Sør-Trøndelag,
14,2014,26135,Kjørsvikgrunn,medikamentell,badebehandling,Hydrogenperoksid,,,,hele lokaliteten,1612,HEMNE,16,Sør-Trøndelag,63.457565,9.076,6,Nordmøre og Sør-Trøndelag,
14,2014,13567,"Knappen,Solheim",medikamentell,badebehandling,Azamethiphos,,,,hele lokaliteten,1266,MASFJORDEN,12,Hordaland,60.885334,5.4616,4,Nordhordaland til Stadt,
14,2014,13567,"Knappen,Solheim",medikamentell,badebehandling,Deltamethrin,,,,hele lokaliteten,1266,MASFJORDEN,12,Hordaland,60.885334,5.4616,4,Nordhordaland til Stadt,
14,2014,11575,Koløy N,medikamentell,fôrbehandling,Emamectin benzoat,,,,hele lokaliteten,1222,FITJAR,12,Hordaland,59.8616,5.288267,3,Karmøy til Sotra,
14,2014,12213,Kvangardsnes,medikamentell,badebehandling,Azamethiphos,,,,hele lokaliteten,1519,VOLDA,15,Møre og Romsdal,62.145317,5.94545,5,Stadt til Hustadvika,
14,2014,12213,Kvangardsnes,medikamentell,badebehandling,Deltamethrin,,,,hele lokaliteten,1519,VOLDA,15,Møre og Romsdal,62.145317,5.94545,5,Stadt til Hustadvika,
14,2014,10041,Kviksholmen,rensefisk,,,2221,Rognkjeks (felles),20000,hele lokaliteten,1244,AUSTEVOLL,12,Hordaland,60.054317,5.090733,3,Karmøy til Sotra,
14,2014,11775,Kviteskjeret,medikamentell,badebehandling,Deltamethrin,,,,deler av lokaliteten,1428,ASKVOLL,14,Sogn og Fjordane,61.467815,5.2203,4,Nordhordaland til Stadt,
14,2014,11803,Kyravika,medikamentell,badebehandling,Azamethiphos,,,,deler av lokaliteten,1429,FJALER,14,Sogn og Fjordane,61.316433,5.1563,4,Nordhordaland til Stadt,
14,2014,11803,Kyravika,medikamentell,badebehandling,Deltamethrin,,,,deler av lokaliteten,1429,FJALER,14,Sogn og Fjordane,61.316433,5.1563,4,Nordhordaland til Stadt,
14,2014,11803,Kyravika,ikke-medikamentell,,,,,,deler av lokaliteten,1429,FJALER,14,Sogn og Fjordane,61.316433,5.1563,4,Nordhordaland til Stadt,
14,2014,33557,Langskjæra II,medikamentell,badebehandling,Hydrogenperoksid,,,,hele lokaliteten,1620,FRØYA,16,Sør-Trøndelag,63.82245,8.74075,6,Nordmøre og Sør-Trøndelag,
14,2014,11438,Lauplandsholmen,medikamentell,badebehandling,Deltamethrin,,,,deler av lokaliteten,1145,BOKN,11,Rogaland,59.179733,5.472633,2,Ryfylke,
14,2014,13340,Leiholmane,medikamentell,badebehandling,Deltamethrin,,,,hele lokaliteten,1411,GULEN,14,Sogn og Fjordane,60.982216,4.875017,4,Nordhordaland til Stadt,
14,2014,13549,Løypingneset,medikamentell,badebehandling,Deltamethrin,,,,hele lokaliteten,1438,BREMANGER,14,Sogn og Fjordane,61.819534,5.247667,4,Nordhordaland til Stadt,
14,2014,12134,Maradalen,medikamentell,badebehandling,Hydrogenperoksid,,,,hele lokaliteten,1224,KVINNHERAD,12,Hordaland,59.76077,5.686767,3,Karmøy til Sotra,
14,2014,30157,Movik,medikamentell,badebehandling,Hydrogenperoksid,,,,deler av lokaliteten,1845,SØRFOLD,18,Nordland,67.63177,15.26225,9,Vestfjorden og Vesterålen,
14,2014,30157,Movik,ikke-medikamentell,,,,,,deler av lokaliteten,1845,SØRFOLD,18,Nordland,67.63177,15.26225,9,Vestfjorden og Vesterålen,
14,2014,11611,Naveide,medikamentell,badebehandling,Azamethiphos,,,,deler av lokaliteten,1244,AUSTEVOLL,12,Hordaland,60.13907,5.112783,3,Karmøy til Sotra,
14,2014,11611,Naveide,medikamentell,badebehandling,Deltamethrin,,,,deler av lokaliteten,1244,AUSTEVOLL,12,Hordaland,60.13907,5.112783,3,Karmøy til Sotra,
14,2014,27055,Oddane,medikamentell,badebehandling,Deltamethrin,,,,deler av lokaliteten,1401,FLORA,14,Sogn og Fjordane,61.541485,4.96955,4,Nordhordaland til Stadt,
14,2014,27055,Oddane,ikke-medikamentell,,,,,,deler av lokaliteten,1401,FLORA,14,Sogn og Fjordane,61.541485,4.96955,4,Nordhordaland til Stadt,
14,2014,12394,Ørnøya,medikamentell,badebehandling,Azamethiphos,,,,deler av lokaliteten,1620,FRØYA,16,Sør-Trøndelag,63.761868,8.445183,6,Nordmøre og Sør-Trøndelag,
14,2014,12394,Ørnøya,medikamentell,badebehandling,Cypermethrin,,,,deler av lokaliteten,1620,FRØYA,16,Sør-Trøndelag,63.761868,8.445183,6,Nordmøre og Sør-Trøndelag,
14,2014,24696,Ørnøya II,medikamentell,badebehandling,Azamethiphos,,,,deler av lokaliteten,1620,FRØYA,16,Sør-Trøndelag,63.759167,8.449133,6,Nordmøre og Sør-Trøndelag,
14,2014,24696,Ørnøya II,medikamentell,badebehandling,Cypermethrin,,,,deler av lokaliteten,1620,FRØYA,16,Sør-Trøndelag,63.759167,8.449133,6,Nordmøre og Sør-Trøndelag,
14,2014,13959,Oterholmen,medikamentell,fôrbehandling,Teflubenzuron,,,,hele lokaliteten,1751,NÆRØY,17,Nord-Trøndelag,64.81578,11.2208,7,Nord-Trøndelag med Bindal,
14,2014,13345,Oterstegdalen,medikamentell,badebehandling,Azamethiphos,,,,hele lokaliteten,1241,FUSA,12,Hordaland,60.23545,5.638267,3,Karmøy til Sotra,
14,2014,11972,Prestholmane,medikamentell,fôrbehandling,Emamectin benzoat,,,,hele lokaliteten,1141,FINNØY,11,Rogaland,59.11717,5.844433,2,Ryfylke,
14,2014,13612,Rundereimstranda,medikamentell,badebehandling,Deltamethrin,,,,hele lokaliteten,1441,SELJE,14,Sogn og Fjordane,62.009968,5.331917,4,Nordhordaland til Stadt,
14,2014,12794,Rundklumpen,medikamentell,badebehandling,Azamethiphos,,,,hele lokaliteten,1627,BJUGN,16,Sør-Trøndelag,63.8012,9.607983,6,Nordmøre og Sør-Trøndelag,
14,2014,12794,Rundklumpen,medikamentell,badebehandling,Deltamethrin,,,,hele lokaliteten,1627,BJUGN,16,Sør-Trøndelag,63.8012,9.607983,6,Nordmøre og Sør-Trøndelag,
14,2014,13249,Sagelva,medikamentell,badebehandling,Azamethiphos,,,,hele lokaliteten,1520,ØRSTA,15,Møre og Romsdal,62.33795,6.38165,5,Stadt til Hustadvika,
14,2014,13249,Sagelva,medikamentell,badebehandling,Deltamethrin,,,,hele lokaliteten,1520,ØRSTA,15,Møre og Romsdal,62.33795,6.38165,5,Stadt til Hustadvika,
14,2014,13249,Sagelva,ikke-medikamentell,,,,,,hele lokaliteten,1520,ØRSTA,15,Møre og Romsdal,62.33795,6.38165,5,Stadt til Hustadvika,
14,2014,12973,Saltkjelen I,medikamentell,badebehandling,Annet virkestoff,,,,deler av lokaliteten,1238,KVAM,12,Hordaland,60.317932,6.183033,3,Karmøy til Sotra,
14,2014,12973,Saltkjelen I,medikamentell,badebehandling,Annet virkestoff,,,,deler av lokaliteten,1238,KVAM,12,Hordaland,60.317932,6.183033,3,Karmøy til Sotra,
14,2014,12884,Sandnesbukta,medikamentell,badebehandling,Deltamethrin,,,,hele lokaliteten,1543,NESSET,15,Møre og Romsdal,62.7369,7.8775,5,Stadt til Hustadvika,
14,2014,11888,Sandvik,medikamentell,badebehandling,Deltamethrin,,,,deler av lokaliteten,1134,SULDAL,11,Rogaland,59.31445,6.170917,2,Ryfylke,
14,2014,24115,Singsholmen,medikamentell,badebehandling,Azamethiphos,,,,deler av lokaliteten,1617,HITRA,16,Sør-Trøndelag,63.41975,8.411617,6,Nordmøre og Sør-Trøndelag,
14,2014,24115,Singsholmen,medikamentell,badebehandling,Cypermethrin,,,,deler av lokaliteten,1617,HITRA,16,Sør-Trøndelag,63.41975,8.411617,6,Nordmøre og Sør-Trøndelag,
14,2014,11640,Skorpeosen,medikamentell,badebehandling,Azamethiphos,,,,hele lokaliteten,1246,FJELL,12,Hordaland,60.332535,4.942783,3,Karmøy til Sotra,
14,2014,11640,Skorpeosen,medikamentell,badebehandling,Deltamethrin,,,,hele lokaliteten,1246,FJELL,12,Hordaland,60.332535,4.942783,3,Karmøy til Sotra,
14,2014,30997,Skrubbholmen,medikamentell,fôrbehandling,Emamectin benzoat,,,,deler av lokaliteten,1751,NÆRØY,17,Nord-Trøndelag,64.801735,11.162183,7,Nord-Trøndelag med Bindal,
14,2014,13708,Steinvik,medikamentell,badebehandling,Azamethiphos,,,,hele lokaliteten,1401,FLORA,14,Sogn og Fjordane,61.565266,5.31025,4,Nordhordaland til Stadt,
14,2014,13708,Steinvik,medikamentell,badebehandling,Deltamethrin,,,,hele lokaliteten,1401,FLORA,14,Sogn og Fjordane,61.565266,5.31025,4,Nordhordaland til Stadt,
14,2014,19015,Stokkvika,medikamentell,badebehandling,Hydrogenperoksid,,,,deler av lokaliteten,1612,HEMNE,16,Sør-Trøndelag,63.333534,9.180583,6,Nordmøre og Sør-Trøndelag,
14,2014,12965,Stølsvik,medikamentell,badebehandling,Deltamethrin,,,,hele lokaliteten,1146,TYSVÆR,11,Rogaland,59.405434,5.710833,2,Ryfylke,
14,2014,10309,Syrtangen,medikamentell,badebehandling,Azamethiphos,,,,hele lokaliteten,1259,ØYGARDEN,12,Hordaland,60.468468,4.965967,4,Nordhordaland til Stadt,
14,2014,10309,Syrtangen,medikamentell,badebehandling,Deltamethrin,,,,hele lokaliteten,1259,ØYGARDEN,12,Hordaland,60.468468,4.965967,4,Nordhordaland til Stadt,
14,2014,30517,Trælvika,medikamentell,badebehandling,Azamethiphos,,,,hele lokaliteten,1931,LENVIK,19,Troms,69.51895,17.695932,10,Andøya til Senja,
14,2014,30517,Trælvika,medikamentell,badebehandling,Deltamethrin,,,,hele lokaliteten,1931,LENVIK,19,Troms,69.51895,17.695932,10,Andøya til Senja,
14,2014,13677,Trøan/Bjørklibukta,medikamentell,badebehandling,Hydrogenperoksid,,,,hele lokaliteten,1612,HEMNE,16,Sør-Trøndelag,63.33155,9.1231,6,Nordmøre og Sør-Trøndelag,
14,2014,10029,Tuholmane Ø,medikamentell,badebehandling,Azamethiphos,,,,hele lokaliteten,1149,KARMØY,11,Rogaland,59.372032,5.20965,3,Karmøy til Sotra,
14,2014,11533,Usholmsvika,medikamentell,badebehandling,Azamethiphos,,,,hele lokaliteten,1245,SUND,12,Hordaland,60.1749,5.0917,3,Karmøy til Sotra,
14,2014,11533,Usholmsvika,medikamentell,badebehandling,Deltamethrin,,,,hele lokaliteten,1245,SUND,12,Hordaland,60.1749,5.0917,3,Karmøy til Sotra,
14,2014,24135,Utåker,medikamentell,badebehandling,Azamethiphos,,,,hele lokaliteten,1224,KVINNHERAD,12,Hordaland,59.776333,5.9001,3,Karmøy til Sotra,
14,2014,24135,Utåker,medikamentell,badebehandling,Deltamethrin,,,,hele lokaliteten,1224,KVINNHERAD,12,Hordaland,59.776333,5.9001,3,Karmøy til Sotra,
14,2014,24197,Værøya Ø,medikamentell,badebehandling,Azamethiphos,,,,deler av lokaliteten,1617,HITRA,16,Sør-Trøndelag,63.415966,8.483883,6,Nordmøre og Sør-Trøndelag,
14,2014,24197,Værøya Ø,medikamentell,badebehandling,Cypermethrin,,,,deler av lokaliteten,1617,HITRA,16,Sør-Trøndelag,63.415966,8.483883,6,Nordmøre og Sør-Trøndelag,
14,2014,13652,Viknabukta,medikamentell,badebehandling,Azamethiphos,,,,deler av lokaliteten,1253,OSTERØY,12,Hordaland,60.441284,5.508933,4,Nordhordaland til Stadt,
14,2014,13652,Viknabukta,medikamentell,badebehandling,Deltamethrin,,,,deler av lokaliteten,1253,OSTERØY,12,Hordaland,60.441284,5.508933,4,Nordhordaland til Stadt,
14,2014,11925,Vintraviki,medikamentell,badebehandling,Deltamethrin,,,,hele lokaliteten,1134,SULDAL,11,Rogaland,59.399384,6.020533,2,Ryfylke,
14,2014,13246,Voldnes,medikamentell,badebehandling,Azamethiphos,,,,hele lokaliteten,1515,HERØY I MØRE OG ROMSDAL,15,Møre og Romsdal,62.2097,5.7849,5,Stadt til Hustadvika,
14,2014,13246,Voldnes,medikamentell,badebehandling,Deltamethrin,,,,hele lokaliteten,1515,HERØY I MØRE OG ROMSDAL,15,Møre og Romsdal,62.2097,5.7849,5,Stadt til Hustadvika,
13,2014,15196,Aga Ø,medikamentell,badebehandling,Hydrogenperoksid,,,,deler av lokaliteten,1219,BØMLO,12,Hordaland,59.8451,5.261367,3,Karmøy til Sotra,
13,2014,11513,Andal,medikamentell,fôrbehandling,Teflubenzuron,,,,hele lokaliteten,1219,BØMLO,12,Hordaland,59.6365,5.247133,3,Karmøy til Sotra,
13,2014,32297,Andholmen 2,medikamentell,badebehandling,Azamethiphos,,,,deler av lokaliteten,1573,SMØLA,15,Møre og Romsdal,63.46745,7.847167,6,Nordmøre og Sør-Trøndelag,
13,2014,32297,Andholmen 2,medikamentell,badebehandling,Deltamethrin,,,,deler av lokaliteten,1573,SMØLA,15,Møre og Romsdal,63.46745,7.847167,6,Nordmøre og Sør-Trøndelag,
13,2014,25055,Bekksneset,medikamentell,badebehandling,Hydrogenperoksid,,,,hele lokaliteten,1413,HYLLESTAD,14,Sogn og Fjordane,61.07662,5.38595,4,Nordhordaland til Stadt,
13,2014,12178,Bjønnspjotneset,medikamentell,badebehandling,Cypermethrin,,,,hele lokaliteten,1416,HØYANGER,14,Sogn og Fjordane,61.0985,5.825533,4,Nordhordaland til Stadt,
13,2014,12178,Bjønnspjotneset,medikamentell,badebehandling,Cypermethrin,,,,hele lokaliteten,1416,HØYANGER,14,Sogn og Fjordane,61.0985,5.825533,4,Nordhordaland til Stadt,
13,2014,12156,Blom,medikamentell,badebehandling,Azamethiphos,,,,deler av lokaliteten,1253,OSTERØY,12,Hordaland,60.436584,5.564833,4,Nordhordaland til Stadt,
13,2014,12156,Blom,medikamentell,badebehandling,Deltamethrin,,,,deler av lokaliteten,1253,OSTERØY,12,Hordaland,60.436584,5.564833,4,Nordhordaland til Stadt,
13,2014,11488,Brattavika,medikamentell,badebehandling,Deltamethrin,,,,hele lokaliteten,1244,AUSTEVOLL,12,Hordaland,60.04355,5.302817,3,Karmøy til Sotra,
13,2014,11488,Brattavika,ikke-medikamentell,,,,,,hele lokaliteten,1244,AUSTEVOLL,12,Hordaland,60.04355,5.302817,3,Karmøy til Sotra,
13,2014,10110,Djupevik,ikke-medikamentell,,,,,,hele lokaliteten,1141,FINNØY,11,Rogaland,59.1474,5.863783,2,Ryfylke,
13,2014,21415,Dyrholmen,medikamentell,fôrbehandling,Emamectin benzoat,,,,deler av lokaliteten,1141,FINNØY,11,Rogaland,59.285484,5.8583,2,Ryfylke,
13,2014,12128,Dyrnes,medikamentell,badebehandling,Hydrogenperoksid,,,,hele lokaliteten,1224,KVINNHERAD,12,Hordaland,59.71765,5.72205,3,Karmøy til Sotra,
13,2014,12624,Feøyvika,medikamentell,badebehandling,Azamethiphos,,,,deler av lokaliteten,1749,FLATANGER,17,Nord-Trøndelag,64.56073,10.91895,7,Nord-Trøndelag med Bindal,
13,2014,12624,Feøyvika,medikamentell,badebehandling,Deltamethrin,,,,deler av lokaliteten,1749,FLATANGER,17,Nord-Trøndelag,64.56073,10.91895,7,Nord-Trøndelag med Bindal,
13,2014,29296,Fleina,medikamentell,fôrbehandling,Emamectin benzoat,,,,hele lokaliteten,1838,GILDESKÅL,18,Nordland,67.0951,13.875217,8,Helgeland til Bodø,
13,2014,11736,Fureholmen S,medikamentell,fôrbehandling,Diflubenzuron,,,,hele lokaliteten,1412,SOLUND,14,Sogn og Fjordane,61.0559,4.866617,4,Nordhordaland til Stadt,
13,2014,11814,Furevika,medikamentell,fôrbehandling,Diflubenzuron,,,,hele lokaliteten,1429,FJALER,14,Sogn og Fjordane,61.30595,5.072183,4,Nordhordaland til Stadt,
13,2014,13669,Furneset,medikamentell,badebehandling,Deltamethrin,,,,deler av lokaliteten,1535,VESTNES,15,Møre og Romsdal,62.6461,7.101183,5,Stadt til Hustadvika,
13,2014,11667,Gardskråneset,medikamentell,badebehandling,Azamethiphos,,,,hele lokaliteten,1259,ØYGARDEN,12,Hordaland,60.53972,4.903867,4,Nordhordaland til Stadt,
13,2014,11667,Gardskråneset,medikamentell,badebehandling,Deltamethrin,,,,hele lokaliteten,1259,ØYGARDEN,12,Hordaland,60.53972,4.903867,4,Nordhordaland til Stadt,
13,2014,26335,Geitholmen,medikamentell,fôrbehandling,Emamectin benzoat,,,,deler av lokaliteten,1750,VIKNA,17,Nord-Trøndelag,64.79955,11.025933,7,Nord-Trøndelag med Bindal,
13,2014,11530,Gissøysundet S,medikamentell,badebehandling,Hydrogenperoksid,,,,deler av lokaliteten,1219,BØMLO,12,Hordaland,59.62327,5.159667,3,Karmøy til Sotra,
13,2014,11530,Gissøysundet S,ikke-medikamentell,,,,,,deler av lokaliteten,1219,BØMLO,12,Hordaland,59.62327,5.159667,3,Karmøy til Sotra,
13,2014,24196,Gjelsøya,medikamentell,fôrbehandling,Teflubenzuron,,,,hele lokaliteten,1617,HITRA,16,Sør-Trøndelag,63.482616,8.280283,6,Nordmøre og Sør-Trøndelag,
13,2014,17177,Grunneneset,medikamentell,badebehandling,Deltamethrin,,,,hele lokaliteten,1438,BREMANGER,14,Sogn og Fjordane,61.893116,5.35185,4,Nordhordaland til Stadt,
13,2014,32317,Guriøyna,medikamentell,badebehandling,Deltamethrin,,,,hele lokaliteten,1428,ASKVOLL,14,Sogn og Fjordane,61.297916,4.66045,4,Nordhordaland til Stadt,
13,2014,31577,Haneholmen,medikamentell,badebehandling,Deltamethrin,,,,deler av lokaliteten,1445,GLOPPEN,14,Sogn og Fjordane,61.84045,6.10055,4,Nordhordaland til Stadt,
13,2014,31577,Haneholmen,medikamentell,badebehandling,Deltamethrin,,,,deler av lokaliteten,1445,GLOPPEN,14,Sogn og Fjordane,61.84045,6.10055,4,Nordhordaland til Stadt,
13,2014,11740,Haverøy,medikamentell,badebehandling,Azamethiphos,,,,hele lokaliteten,1246,FJELL,12,Hordaland,60.404034,4.939267,3,Karmøy til Sotra,
13,2014,11740,Haverøy,medikamentell,badebehandling,Deltamethrin,,,,hele lokaliteten,1246,FJELL,12,Hordaland,60.404034,4.939267,3,Karmøy til Sotra,
13,2014,11783,Hella,medikamentell,badebehandling,Azamethiphos,,,,hele lokaliteten,1428,ASKVOLL,14,Sogn og Fjordane,61.40663,5.080817,4,Nordhordaland til Stadt,
13,2014,11783,Hella,medikamentell,badebehandling,Deltamethrin,,,,hele lokaliteten,1428,ASKVOLL,14,Sogn og Fjordane,61.40663,5.080817,4,Nordhordaland til Stadt,
13,2014,22596,Hesbygrunnen,medikamentell,fôrbehandling,Emamectin benzoat,,,,hele lokaliteten,1141,FINNØY,11,Rogaland,59.195816,5.807883,2,Ryfylke,
13,2014,32757,Horgefjorden,medikamentell,badebehandling,Azamethiphos,,,,deler av lokaliteten,1244,AUSTEVOLL,12,Hordaland,60.09942,5.117883,3,Karmøy til Sotra,
13,2014,32757,Horgefjorden,medikamentell,badebehandling,Azamethiphos,,,,deler av lokaliteten,1244,AUSTEVOLL,12,Hordaland,60.09942,5.117883,3,Karmøy til Sotra,
13,2014,32757,Horgefjorden,medikamentell,badebehandling,Hydrogenperoksid,,,,deler av lokaliteten,1244,AUSTEVOLL,12,Hordaland,60.09942,5.117883,3,Karmøy til Sotra,
13,2014,32757,Horgefjorden,medikamentell,badebehandling,Hydrogenperoksid,,,,deler av lokaliteten,1244,AUSTEVOLL,12,Hordaland,60.09942,5.117883,3,Karmøy til Sotra,
13,2014,13236,Indre Oppedal,medikamentell,badebehandling,Annet virkestoff,,,,hele lokaliteten,1411,GULEN,14,Sogn og Fjordane,61.067883,5.563833,4,Nordhordaland til Stadt,
13,2014,22915,Kalsøyflu,medikamentell,badebehandling,Azamethiphos,,,,hele lokaliteten,1244,AUSTEVOLL,12,Hordaland,60.0398,5.117883,3,Karmøy til Sotra,
13,2014,22915,Kalsøyflu,medikamentell,badebehandling,Deltamethrin,,,,hele lokaliteten,1244,AUSTEVOLL,12,Hordaland,60.0398,5.117883,3,Karmøy til Sotra,
13,2014,29576,Kalvik,medikamentell,badebehandling,Azamethiphos,,,,hele lokaliteten,1845,SØRFOLD,18,Nordland,67.5125,15.5685,9,Vestfjorden og Vesterålen,
13,2014,29576,Kalvik,medikamentell,badebehandling,Deltamethrin,,,,hele lokaliteten,1845,SØRFOLD,18,Nordland,67.5125,15.5685,9,Vestfjorden og Vesterålen,
13,2014,13297,Kines,medikamentell,badebehandling,Azamethiphos,,,,hele lokaliteten,1845,SØRFOLD,18,Nordland,67.447334,15.4865,9,Vestfjorden og Vesterålen,
13,2014,13297,Kines,medikamentell,badebehandling,Deltamethrin,,,,hele lokaliteten,1845,SØRFOLD,18,Nordland,67.447334,15.4865,9,Vestfjorden og Vesterålen,
13,2014,26135,Kjørsvikgrunn,medikamentell,badebehandling,Hydrogenperoksid,,,,hele lokaliteten,1612,HEMNE,16,Sør-Trøndelag,63.457565,9.076,6,Nordmøre og Sør-Trøndelag,
13,2014,19195,Korsholman,ikke-medikamentell,,,,,,deler av lokaliteten,1617,HITRA,16,Sør-Trøndelag,63.597218,8.51575,6,Nordmøre og Sør-Trøndelag,
13,2014,11719,Kråkenes,medikamentell,badebehandling,Azamethiphos,,,,hele lokaliteten,1412,SOLUND,14,Sogn og Fjordane,61.05835,4.921317,4,Nordhordaland til Stadt,
13,2014,11719,Kråkenes,medikamentell,badebehandling,Deltamethrin,,,,hele lokaliteten,1412,SOLUND,14,Sogn og Fjordane,61.05835,4.921317,4,Nordhordaland til Stadt,
13,2014,14040,Krigsholmen,medikamentell,badebehandling,Deltamethrin,,,,hele lokaliteten,1244,AUSTEVOLL,12,Hordaland,60.081383,5.124117,3,Karmøy til Sotra,
13,2014,12213,Kvangardsnes,medikamentell,badebehandling,Azamethiphos,,,,hele lokaliteten,1519,VOLDA,15,Møre og Romsdal,62.145317,5.94545,5,Stadt til Hustadvika,
13,2014,12213,Kvangardsnes,medikamentell,badebehandling,Deltamethrin,,,,hele lokaliteten,1519,VOLDA,15,Møre og Romsdal,62.145317,5.94545,5,Stadt til Hustadvika,
13,2014,30076,Kyrøyene,medikamentell,badebehandling,Hydrogenperoksid,,,,deler av lokaliteten,1750,VIKNA,17,Nord-Trøndelag,64.7635,10.807333,7,Nord-Trøndelag med Bindal,
13,2014,24715,Langholmen,medikamentell,fôrbehandling,Emamectin benzoat,,,,deler av lokaliteten,1141,FINNØY,11,Rogaland,59.097282,5.835917,2,Ryfylke,
13,2014,14435,Ljøsøy N,medikamentell,badebehandling,Azamethiphos,,,,hele lokaliteten,1259,ØYGARDEN,12,Hordaland,60.565216,4.878433,4,Nordhordaland til Stadt,
13,2014,14435,Ljøsøy N,medikamentell,badebehandling,Deltamethrin,,,,hele lokaliteten,1259,ØYGARDEN,12,Hordaland,60.565216,4.878433,4,Nordhordaland til Stadt,
13,2014,14043,Lybergsvika,medikamentell,badebehandling,Deltamethrin,,,,deler av lokaliteten,1539,RAUMA,15,Møre og Romsdal,62.641582,7.448583,5,Stadt til Hustadvika,
13,2014,10137,Matland,medikamentell,badebehandling,Azamethiphos,,,,hele lokaliteten,1241,FUSA,12,Hordaland,60.264084,5.6591,3,Karmøy til Sotra,
13,2014,12107,Molnes,rensefisk,,,2221,Rognkjeks (felles),14945,hele lokaliteten,1211,ETNE,12,Hordaland,59.719917,5.857983,3,Karmøy til Sotra,
13,2014,13629,Munkholmen,medikamentell,badebehandling,Deltamethrin,,,,hele lokaliteten,1146,TYSVÆR,11,Rogaland,59.285484,5.631317,2,Ryfylke,
13,2014,13629,Munkholmen,ikke-medikamentell,,,,,,hele lokaliteten,1146,TYSVÆR,11,Rogaland,59.285484,5.631317,2,Ryfylke,
13,2014,31697,Oksen,medikamentell,badebehandling,Azamethiphos,,,,deler av lokaliteten,1246,FJELL,12,Hordaland,60.43382,4.9411,3,Karmøy til Sotra,
13,2014,31697,Oksen,medikamentell,badebehandling,Deltamethrin,,,,deler av lokaliteten,1246,FJELL,12,Hordaland,60.43382,4.9411,3,Karmøy til Sotra,
13,2014,12394,Ørnøya,medikamentell,badebehandling,Azamethiphos,,,,deler av lokaliteten,1620,FRØYA,16,Sør-Trøndelag,63.761868,8.445183,6,Nordmøre og Sør-Trøndelag,
13,2014,12394,Ørnøya,medikamentell,badebehandling,Cypermethrin,,,,deler av lokaliteten,1620,FRØYA,16,Sør-Trøndelag,63.761868,8.445183,6,Nordmøre og Sør-Trøndelag,
13,2014,24696,Ørnøya II,medikamentell,badebehandling,Azamethiphos,,,,deler av lokaliteten,1620,FRØYA,16,Sør-Trøndelag,63.759167,8.449133,6,Nordmøre og Sør-Trøndelag,
13,2014,24696,Ørnøya II,medikamentell,badebehandling,Cypermethrin,,,,deler av lokaliteten,1620,FRØYA,16,Sør-Trøndelag,63.759167,8.449133,6,Nordmøre og Sør-Trøndelag,
13,2014,24696,Ørnøya II,medikamentell,badebehandling,Hydrogenperoksid,,,,deler av lokaliteten,1620,FRØYA,16,Sør-Trøndelag,63.759167,8.449133,6,Nordmøre og Sør-Trøndelag,
13,2014,24696,Ørnøya II,medikamentell,badebehandling,Hydrogenperoksid,,,,deler av lokaliteten,1620,FRØYA,16,Sør-Trøndelag,63.759167,8.449133,6,Nordmøre og Sør-Trøndelag,
13,2014,24696,Ørnøya II,medikamentell,badebehandling,Hydrogenperoksid,,,,deler av lokaliteten,1620,FRØYA,16,Sør-Trøndelag,63.759167,8.449133,6,Nordmøre og Sør-Trøndelag,
13,2014,13565,Øvreås,medikamentell,badebehandling,Azamethiphos,,,,hele lokaliteten,1263,LINDÅS,12,Hordaland,60.67298,5.397417,4,Nordhordaland til Stadt,
13,2014,13565,Øvreås,medikamentell,badebehandling,Deltamethrin,,,,hele lokaliteten,1263,LINDÅS,12,Hordaland,60.67298,5.397417,4,Nordhordaland til Stadt,
13,2014,11972,Prestholmane,medikamentell,fôrbehandling,Emamectin benzoat,,,,hele lokaliteten,1141,FINNØY,11,Rogaland,59.11717,5.844433,2,Ryfylke,
13,2014,28636,Rataren,medikamentell,badebehandling,Azamethiphos,,,,deler av lokaliteten,1620,FRØYA,16,Sør-Trøndelag,63.780884,8.517383,6,Nordmøre og Sør-Trøndelag,
13,2014,28636,Rataren,medikamentell,badebehandling,Cypermethrin,,,,deler av lokaliteten,1620,FRØYA,16,Sør-Trøndelag,63.780884,8.517383,6,Nordmøre og Sør-Trøndelag,
13,2014,31959,Rataren II,medikamentell,badebehandling,Azamethiphos,,,,deler av lokaliteten,1620,FRØYA,16,Sør-Trøndelag,63.782383,8.526367,6,Nordmøre og Sør-Trøndelag,
13,2014,31959,Rataren II,medikamentell,badebehandling,Cypermethrin,,,,deler av lokaliteten,1620,FRØYA,16,Sør-Trøndelag,63.782383,8.526367,6,Nordmøre og Sør-Trøndelag,
13,2014,17357,Rennaren,medikamentell,badebehandling,Deltamethrin,,,,deler av lokaliteten,1142,RENNESØY,11,Rogaland,59.131584,5.72165,2,Ryfylke,
13,2014,29276,Rongøy,medikamentell,badebehandling,Hydrogenperoksid,,,,deler av lokaliteten,1259,ØYGARDEN,12,Hordaland,60.509468,4.9314,4,Nordhordaland til Stadt,
13,2014,29276,Rongøy,medikamentell,badebehandling,Hydrogenperoksid,,,,deler av lokaliteten,1259,ØYGARDEN,12,Hordaland,60.509468,4.9314,4,Nordhordaland til Stadt,
13,2014,12209,Rønstad,medikamentell,badebehandling,Hydrogenperoksid,,,,hele lokaliteten,1519,VOLDA,15,Møre og Romsdal,62.135117,6.021433,5,Stadt til Hustadvika,
13,2014,12298,Røysa,medikamentell,badebehandling,Deltamethrin,,,,hele lokaliteten,1532,GISKE,15,Møre og Romsdal,62.55078,6.141583,5,Stadt til Hustadvika,
13,2014,18898,Skaftå,medikamentell,badebehandling,Azamethiphos,,,,deler av lokaliteten,1253,OSTERØY,12,Hordaland,60.455517,5.627417,4,Nordhordaland til Stadt,
13,2014,18898,Skaftå,medikamentell,badebehandling,Deltamethrin,,,,deler av lokaliteten,1253,OSTERØY,12,Hordaland,60.455517,5.627417,4,Nordhordaland til Stadt,
13,2014,32877,Skorpo,medikamentell,badebehandling,Azamethiphos,,,,deler av lokaliteten,1243,OS I HORDALAND,12,Hordaland,60.173317,5.293683,3,Karmøy til Sotra,
13,2014,32877,Skorpo,medikamentell,badebehandling,Deltamethrin,,,,deler av lokaliteten,1243,OS I HORDALAND,12,Hordaland,60.173317,5.293683,3,Karmøy til Sotra,
13,2014,12154,Smørdalen,medikamentell,badebehandling,Azamethiphos,,,,hele lokaliteten,1266,MASFJORDEN,12,Hordaland,60.8675,5.55215,4,Nordhordaland til Stadt,
13,2014,12154,Smørdalen,medikamentell,badebehandling,Deltamethrin,,,,hele lokaliteten,1266,MASFJORDEN,12,Hordaland,60.8675,5.55215,4,Nordhordaland til Stadt,
13,2014,20776,Storoksen,medikamentell,badebehandling,Azamethiphos,,,,deler av lokaliteten,1247,ASKØY,12,Hordaland,60.530884,4.97325,4,Nordhordaland til Stadt,
13,2014,20776,Storoksen,medikamentell,badebehandling,Deltamethrin,,,,deler av lokaliteten,1247,ASKØY,12,Hordaland,60.530884,4.97325,4,Nordhordaland til Stadt,
13,2014,20776,Storoksen,medikamentell,badebehandling,Hydrogenperoksid,,,,deler av lokaliteten,1247,ASKØY,12,Hordaland,60.530884,4.97325,4,Nordhordaland til Stadt,
13,2014,20776,Storoksen,medikamentell,badebehandling,Hydrogenperoksid,,,,deler av lokaliteten,1247,ASKØY,12,Hordaland,60.530884,4.97325,4,Nordhordaland til Stadt,
13,2014,13566,Storskrebukti,medikamentell,badebehandling,Azamethiphos,,,,hele lokaliteten,1263,LINDÅS,12,Hordaland,60.6535,5.419183,4,Nordhordaland til Stadt,
13,2014,13566,Storskrebukti,medikamentell,badebehandling,Deltamethrin,,,,hele lokaliteten,1263,LINDÅS,12,Hordaland,60.6535,5.419183,4,Nordhordaland til Stadt,
13,2014,21755,Tendalsvik,medikamentell,badebehandling,Azamethiphos,,,,deler av lokaliteten,1211,ETNE,12,Hordaland,59.73605,5.884,3,Karmøy til Sotra,
13,2014,21755,Tendalsvik,medikamentell,badebehandling,Deltamethrin,,,,deler av lokaliteten,1211,ETNE,12,Hordaland,59.73605,5.884,3,Karmøy til Sotra,
13,2014,29336,Trælsøyosen,medikamentell,badebehandling,Azamethiphos,,,,deler av lokaliteten,1244,AUSTEVOLL,12,Hordaland,60.1178,5.2702,3,Karmøy til Sotra,
13,2014,29336,Trælsøyosen,medikamentell,badebehandling,Deltamethrin,,,,deler av lokaliteten,1244,AUSTEVOLL,12,Hordaland,60.1178,5.2702,3,Karmøy til Sotra,
13,2014,10091,Vågsøya,medikamentell,badebehandling,Deltamethrin,,,,hele lokaliteten,1401,FLORA,14,Sogn og Fjordane,61.489735,5.023517,4,Nordhordaland til Stadt,
13,2014,13652,Viknabukta,medikamentell,badebehandling,Azamethiphos,,,,deler av lokaliteten,1253,OSTERØY,12,Hordaland,60.441284,5.508933,4,Nordhordaland til Stadt,
13,2014,13652,Viknabukta,medikamentell,badebehandling,Deltamethrin,,,,deler av lokaliteten,1253,OSTERØY,12,Hordaland,60.441284,5.508933,4,Nordhordaland til Stadt,
13,2014,24155,Ytre Jøvik,medikamentell,badebehandling,Deltamethrin,,,,hele lokaliteten,1929,BERG,19,Troms,69.4194,17.337067,10,Andøya til Senja,
12,2014,12982,Aldeøyna,medikamentell,fôrbehandling,Emamectin benzoat,,,,hele lokaliteten,1428,ASKVOLL,14,Sogn og Fjordane,61.31025,4.76905,4,Nordhordaland til Stadt,
12,2014,32277,Andholmen 1,medikamentell,badebehandling,Azamethiphos,,,,deler av lokaliteten,1573,SMØLA,15,Møre og Romsdal,63.469784,7.8556,6,Nordmøre og Sør-Trøndelag,
12,2014,32277,Andholmen 1,medikamentell,badebehandling,Deltamethrin,,,,deler av lokaliteten,1573,SMØLA,15,Møre og Romsdal,63.469784,7.8556,6,Nordmøre og Sør-Trøndelag,
12,2014,32297,Andholmen 2,medikamentell,badebehandling,Azamethiphos,,,,deler av lokaliteten,1573,SMØLA,15,Møre og Romsdal,63.46745,7.847167,6,Nordmøre og Sør-Trøndelag,
12,2014,32297,Andholmen 2,medikamentell,badebehandling,Deltamethrin,,,,deler av lokaliteten,1573,SMØLA,15,Møre og Romsdal,63.46745,7.847167,6,Nordmøre og Sør-Trøndelag,
12,2014,31877,Barøya,rensefisk,,,222120,Rognkjeks (hun),8027,hele lokaliteten,1703,NAMSOS,17,Nord-Trøndelag,64.6206,11.233183,7,Nord-Trøndelag med Bindal,
12,2014,25055,Bekksneset,medikamentell,badebehandling,Hydrogenperoksid,,,,hele lokaliteten,1413,HYLLESTAD,14,Sogn og Fjordane,61.07662,5.38595,4,Nordhordaland til Stadt,
12,2014,11930,Bjelkavik,medikamentell,fôrbehandling,Emamectin benzoat,,,,hele lokaliteten,1134,SULDAL,11,Rogaland,59.45165,5.991917,2,Ryfylke,
12,2014,22455,Bjørlykkestranda,medikamentell,badebehandling,Hydrogenperoksid,,,,hele lokaliteten,1511,VANYLVEN,15,Møre og Romsdal,62.16655,5.5954,5,Stadt til Hustadvika,
12,2014,13209,Bognøy,medikamentell,badebehandling,Azamethiphos,,,,hele lokaliteten,1260,RADØY,12,Hordaland,60.60407,5.076983,4,Nordhordaland til Stadt,
12,2014,13209,Bognøy,medikamentell,badebehandling,Deltamethrin,,,,hele lokaliteten,1260,RADØY,12,Hordaland,60.60407,5.076983,4,Nordhordaland til Stadt,
12,2014,13205,Brattholmen,medikamentell,badebehandling,Azamethiphos,,,,hele lokaliteten,1412,SOLUND,14,Sogn og Fjordane,61.068382,4.713817,4,Nordhordaland til Stadt,
12,2014,13205,Brattholmen,medikamentell,badebehandling,Deltamethrin,,,,hele lokaliteten,1412,SOLUND,14,Sogn og Fjordane,61.068382,4.713817,4,Nordhordaland til Stadt,
12,2014,32457,Dalsvåg Nv,medikamentell,fôrbehandling,Emamectin benzoat,,,,hele lokaliteten,1149,KARMØY,11,Rogaland,59.410816,5.21725,3,Karmøy til Sotra,
12,2014,10110,Djupevik,medikamentell,fôrbehandling,Emamectin benzoat,,,,hele lokaliteten,1141,FINNØY,11,Rogaland,59.1474,5.863783,2,Ryfylke,
12,2014,32197,Dryna,medikamentell,badebehandling,Deltamethrin,,,,deler av lokaliteten,1545,MIDSUND,15,Møre og Romsdal,62.6444,6.5568,5,Stadt til Hustadvika,
12,2014,21415,Dyrholmen,medikamentell,fôrbehandling,Emamectin benzoat,,,,deler av lokaliteten,1141,FINNØY,11,Rogaland,59.285484,5.8583,2,Ryfylke,
12,2014,25835,Flatøyflu,medikamentell,badebehandling,Azamethiphos,,,,deler av lokaliteten,1244,AUSTEVOLL,12,Hordaland,60.156433,5.232,3,Karmøy til Sotra,
12,2014,25835,Flatøyflu,medikamentell,badebehandling,Deltamethrin,,,,deler av lokaliteten,1244,AUSTEVOLL,12,Hordaland,60.156433,5.232,3,Karmøy til Sotra,
12,2014,11814,Furevika,medikamentell,fôrbehandling,Diflubenzuron,,,,hele lokaliteten,1429,FJALER,14,Sogn og Fjordane,61.30595,5.072183,4,Nordhordaland til Stadt,
12,2014,24196,Gjelsøya,medikamentell,fôrbehandling,Teflubenzuron,,,,hele lokaliteten,1617,HITRA,16,Sør-Trøndelag,63.482616,8.280283,6,Nordmøre og Sør-Trøndelag,
12,2014,13036,Gjengane,medikamentell,badebehandling,Azamethiphos,,,,deler av lokaliteten,1244,AUSTEVOLL,12,Hordaland,60.071518,5.306383,3,Karmøy til Sotra,
12,2014,13036,Gjengane,medikamentell,badebehandling,Azamethiphos,,,,deler av lokaliteten,1244,AUSTEVOLL,12,Hordaland,60.071518,5.306383,3,Karmøy til Sotra,
12,2014,13036,Gjengane,medikamentell,badebehandling,Deltamethrin,,,,deler av lokaliteten,1244,AUSTEVOLL,12,Hordaland,60.071518,5.306383,3,Karmøy til Sotra,
12,2014,13036,Gjengane,medikamentell,badebehandling,Deltamethrin,,,,deler av lokaliteten,1244,AUSTEVOLL,12,Hordaland,60.071518,5.306383,3,Karmøy til Sotra,
12,2014,11690,Grasholmen,medikamentell,badebehandling,Azamethiphos,,,,deler av lokaliteten,1260,RADØY,12,Hordaland,60.595768,5.159717,4,Nordhordaland til Stadt,
12,2014,11690,Grasholmen,medikamentell,badebehandling,Deltamethrin,,,,deler av lokaliteten,1260,RADØY,12,Hordaland,60.595768,5.159717,4,Nordhordaland til Stadt,
12,2014,13547,Grønebrekkane,medikamentell,fôrbehandling,Diflubenzuron,,,,hele lokaliteten,1253,OSTERØY,12,Hordaland,60.47215,5.455817,4,Nordhordaland til Stadt,
12,2014,17177,Grunneneset,medikamentell,badebehandling,Deltamethrin,,,,hele lokaliteten,1438,BREMANGER,14,Sogn og Fjordane,61.893116,5.35185,4,Nordhordaland til Stadt,
12,2014,32317,Guriøyna,medikamentell,badebehandling,Deltamethrin,,,,hele lokaliteten,1428,ASKVOLL,14,Sogn og Fjordane,61.297916,4.66045,4,Nordhordaland til Stadt,
12,2014,32317,Guriøyna,medikamentell,badebehandling,Deltamethrin,,,,hele lokaliteten,1428,ASKVOLL,14,Sogn og Fjordane,61.297916,4.66045,4,Nordhordaland til Stadt,
12,2014,11783,Hella,medikamentell,badebehandling,Azamethiphos,,,,hele lokaliteten,1428,ASKVOLL,14,Sogn og Fjordane,61.40663,5.080817,4,Nordhordaland til Stadt,
12,2014,11783,Hella,medikamentell,badebehandling,Deltamethrin,,,,hele lokaliteten,1428,ASKVOLL,14,Sogn og Fjordane,61.40663,5.080817,4,Nordhordaland til Stadt,
12,2014,32417,Hjartholmosen,medikamentell,badebehandling,Deltamethrin,,,,deler av lokaliteten,1244,AUSTEVOLL,12,Hordaland,60.00458,5.227917,3,Karmøy til Sotra,
12,2014,32417,Hjartholmosen,ikke-medikamentell,,,,,,deler av lokaliteten,1244,AUSTEVOLL,12,Hordaland,60.00458,5.227917,3,Karmøy til Sotra,
12,2014,12871,Hogsnes,medikamentell,badebehandling,Azamethiphos,,,,hele lokaliteten,1554,AVERØY,15,Møre og Romsdal,63.093033,7.675883,6,Nordmøre og Sør-Trøndelag,
12,2014,12871,Hogsnes,medikamentell,badebehandling,Deltamethrin,,,,hele lokaliteten,1554,AVERØY,15,Møre og Romsdal,63.093033,7.675883,6,Nordmøre og Sør-Trøndelag,
12,2014,13339,Klungervikneset,medikamentell,badebehandling,Hydrogenperoksid,,,,hele lokaliteten,1219,BØMLO,12,Hordaland,59.74668,5.3424,3,Karmøy til Sotra,
12,2014,30076,Kyrøyene,medikamentell,badebehandling,Hydrogenperoksid,,,,deler av lokaliteten,1750,VIKNA,17,Nord-Trøndelag,64.7635,10.807333,7,Nord-Trøndelag med Bindal,
12,2014,24715,Langholmen,medikamentell,fôrbehandling,Emamectin benzoat,,,,deler av lokaliteten,1141,FINNØY,11,Rogaland,59.097282,5.835917,2,Ryfylke,
12,2014,12966,Lindvik,medikamentell,fôrbehandling,Emamectin benzoat,,,,hele lokaliteten,1160,VINDAFJORD,11,Rogaland,59.4752,5.978667,2,Ryfylke,
12,2014,12127,Mælen,medikamentell,badebehandling,Hydrogenperoksid,,,,hele lokaliteten,1224,KVINNHERAD,12,Hordaland,59.69998,5.722917,3,Karmøy til Sotra,
12,2014,10303,Nappeholmane,medikamentell,badebehandling,Hydrogenperoksid,,,,hele lokaliteten,1219,BØMLO,12,Hordaland,59.74275,5.363817,3,Karmøy til Sotra,
12,2014,13965,Nesbø/Gjeldsvik,medikamentell,badebehandling,Azamethiphos,,,,hele lokaliteten,1263,LINDÅS,12,Hordaland,60.68835,5.4232,4,Nordhordaland til Stadt,
12,2014,13965,Nesbø/Gjeldsvik,medikamentell,badebehandling,Deltamethrin,,,,hele lokaliteten,1263,LINDÅS,12,Hordaland,60.68835,5.4232,4,Nordhordaland til Stadt,
12,2014,10181,Oksebåsen V,medikamentell,badebehandling,Deltamethrin,,,,hele lokaliteten,1532,GISKE,15,Møre og Romsdal,62.5174,6.15805,5,Stadt til Hustadvika,
12,2014,31697,Oksen,ikke-medikamentell,,,,,,deler av lokaliteten,1246,FJELL,12,Hordaland,60.43382,4.9411,3,Karmøy til Sotra,
12,2014,30559,Øksneset,medikamentell,badebehandling,Azamethiphos,,,,hele lokaliteten,1264,AUSTRHEIM,12,Hordaland,60.811882,4.8644,4,Nordhordaland til Stadt,
12,2014,30559,Øksneset,ikke-medikamentell,,,,,,hele lokaliteten,1264,AUSTRHEIM,12,Hordaland,60.811882,4.8644,4,Nordhordaland til Stadt,
12,2014,24696,Ørnøya II,medikamentell,badebehandling,Hydrogenperoksid,,,,deler av lokaliteten,1620,FRØYA,16,Sør-Trøndelag,63.759167,8.449133,6,Nordmøre og Sør-Trøndelag,
12,2014,11972,Prestholmane,medikamentell,fôrbehandling,Emamectin benzoat,,,,hele lokaliteten,1141,FINNØY,11,Rogaland,59.11717,5.844433,2,Ryfylke,
12,2014,10086,Rekeviki,medikamentell,badebehandling,Azamethiphos,,,,hele lokaliteten,1263,LINDÅS,12,Hordaland,60.7231,5.325451,4,Nordhordaland til Stadt,
12,2014,10086,Rekeviki,medikamentell,badebehandling,Deltamethrin,,,,hele lokaliteten,1263,LINDÅS,12,Hordaland,60.7231,5.325451,4,Nordhordaland til Stadt,
12,2014,12281,Rogne,medikamentell,badebehandling,Deltamethrin,,,,deler av lokaliteten,1534,HARAM,15,Møre og Romsdal,62.667816,6.357217,5,Stadt til Hustadvika,
12,2014,29276,Rongøy,medikamentell,badebehandling,Annet virkestoff,,,,deler av lokaliteten,1259,ØYGARDEN,12,Hordaland,60.509468,4.9314,4,Nordhordaland til Stadt,
12,2014,29276,Rongøy,medikamentell,badebehandling,Annet virkestoff,,,,deler av lokaliteten,1259,ØYGARDEN,12,Hordaland,60.509468,4.9314,4,Nordhordaland til Stadt,
12,2014,29276,Rongøy,medikamentell,badebehandling,Annet virkestoff,,,,deler av lokaliteten,1259,ØYGARDEN,12,Hordaland,60.509468,4.9314,4,Nordhordaland til Stadt,
12,2014,29276,Rongøy,medikamentell,badebehandling,Annet virkestoff,,,,deler av lokaliteten,1259,ØYGARDEN,12,Hordaland,60.509468,4.9314,4,Nordhordaland til Stadt,
12,2014,12018,Rossholmen,medikamentell,badebehandling,Annet virkestoff,,,,hele lokaliteten,1238,KVAM,12,Hordaland,60.394608,6.275128,3,Karmøy til Sotra,
12,2014,28416,Sandvik,medikamentell,badebehandling,Azamethiphos,,,,deler av lokaliteten,1251,VAKSDAL,12,Hordaland,60.456566,5.6922,4,Nordhordaland til Stadt,
12,2014,28416,Sandvik,medikamentell,badebehandling,Deltamethrin,,,,deler av lokaliteten,1251,VAKSDAL,12,Hordaland,60.456566,5.6922,4,Nordhordaland til Stadt,
12,2014,18898,Skaftå,medikamentell,badebehandling,Azamethiphos,,,,deler av lokaliteten,1253,OSTERØY,12,Hordaland,60.455517,5.627417,4,Nordhordaland til Stadt,
12,2014,18898,Skaftå,medikamentell,badebehandling,Deltamethrin,,,,deler av lokaliteten,1253,OSTERØY,12,Hordaland,60.455517,5.627417,4,Nordhordaland til Stadt,
12,2014,23375,Sørevik,medikamentell,badebehandling,Azamethiphos,,,,deler av lokaliteten,1416,HØYANGER,14,Sogn og Fjordane,61.099983,5.729967,4,Nordhordaland til Stadt,
12,2014,23375,Sørevik,medikamentell,badebehandling,Deltamethrin,,,,deler av lokaliteten,1416,HØYANGER,14,Sogn og Fjordane,61.099983,5.729967,4,Nordhordaland til Stadt,
12,2014,11486,Stokkavik,medikamentell,badebehandling,Hydrogenperoksid,,,,hele lokaliteten,1219,BØMLO,12,Hordaland,59.7604,5.341183,3,Karmøy til Sotra,
12,2014,11649,Stolane,medikamentell,badebehandling,Azamethiphos,,,,hele lokaliteten,1260,RADØY,12,Hordaland,60.605118,5.1257,4,Nordhordaland til Stadt,
12,2014,11649,Stolane,medikamentell,badebehandling,Deltamethrin,,,,hele lokaliteten,1260,RADØY,12,Hordaland,60.605118,5.1257,4,Nordhordaland til Stadt,
12,2014,11813,Svinøy V,medikamentell,badebehandling,Azamethiphos,,,,deler av lokaliteten,1429,FJALER,14,Sogn og Fjordane,61.303116,5.101167,4,Nordhordaland til Stadt,
12,2014,11813,Svinøy V,medikamentell,badebehandling,Deltamethrin,,,,deler av lokaliteten,1429,FJALER,14,Sogn og Fjordane,61.303116,5.101167,4,Nordhordaland til Stadt,
12,2014,12268,Terningen,medikamentell,badebehandling,Deltamethrin,,,,deler av lokaliteten,1545,MIDSUND,15,Møre og Romsdal,62.6431,6.54805,5,Stadt til Hustadvika,
12,2014,14081,Tveit,medikamentell,badebehandling,Annet virkestoff,,,,hele lokaliteten,1413,HYLLESTAD,14,Sogn og Fjordane,61.110085,5.340483,4,Nordhordaland til Stadt,
12,2014,24197,Værøya Ø,medikamentell,badebehandling,Hydrogenperoksid,,,,deler av lokaliteten,1617,HITRA,16,Sør-Trøndelag,63.415966,8.483883,6,Nordmøre og Sør-Trøndelag,
12,2014,13837,Verpeide,medikamentell,badebehandling,Deltamethrin,,,,hele lokaliteten,1439,VÅGSØY,14,Sogn og Fjordane,61.902954,5.207967,4,Nordhordaland til Stadt,
12,2014,13837,Verpeide,ikke-medikamentell,,,,,,hele lokaliteten,1439,VÅGSØY,14,Sogn og Fjordane,61.902954,5.207967,4,Nordhordaland til Stadt,
12,2014,13704,Vikane,medikamentell,badebehandling,Azamethiphos,,,,hele lokaliteten,1266,MASFJORDEN,12,Hordaland,60.7125,5.403633,4,Nordhordaland til Stadt,
12,2014,13704,Vikane,medikamentell,badebehandling,Deltamethrin,,,,hele lokaliteten,1266,MASFJORDEN,12,Hordaland,60.7125,5.403633,4,Nordhordaland til Stadt,
12,2014,24155,Ytre Jøvik,medikamentell,badebehandling,Deltamethrin,,,,hele lokaliteten,1929,BERG,19,Troms,69.4194,17.337067,10,Andøya til Senja,
11,2014,12982,Aldeøyna,medikamentell,fôrbehandling,Emamectin benzoat,,,,hele lokaliteten,1428,ASKVOLL,14,Sogn og Fjordane,61.31025,4.76905,4,Nordhordaland til Stadt,
11,2014,12982,Aldeøyna,medikamentell,fôrbehandling,Emamectin benzoat,,,,hele lokaliteten,1428,ASKVOLL,14,Sogn og Fjordane,61.31025,4.76905,4,Nordhordaland til Stadt,
11,2014,11930,Bjelkavik,medikamentell,fôrbehandling,Emamectin benzoat,,,,hele lokaliteten,1134,SULDAL,11,Rogaland,59.45165,5.991917,2,Ryfylke,
11,2014,32457,Dalsvåg Nv,medikamentell,fôrbehandling,Emamectin benzoat,,,,hele lokaliteten,1149,KARMØY,11,Rogaland,59.410816,5.21725,3,Karmøy til Sotra,
11,2014,12109,Ebne,medikamentell,badebehandling,Azamethiphos,,,,hele lokaliteten,1211,ETNE,12,Hordaland,59.71465,5.824167,3,Karmøy til Sotra,
11,2014,11814,Furevika,medikamentell,fôrbehandling,Diflubenzuron,,,,hele lokaliteten,1429,FJALER,14,Sogn og Fjordane,61.30595,5.072183,4,Nordhordaland til Stadt,
11,2014,12265,Gudmundset,medikamentell,badebehandling,Deltamethrin,,,,hele lokaliteten,1529,SKODJE,15,Møre og Romsdal,62.4527,6.602483,5,Stadt til Hustadvika,
11,2014,11920,Herøy,medikamentell,fôrbehandling,Emamectin benzoat,,,,hele lokaliteten,1160,VINDAFJORD,11,Rogaland,59.4664,6.0262,2,Ryfylke,
11,2014,27095,Ihlholmen,medikamentell,badebehandling,Hydrogenperoksid,,,,deler av lokaliteten,1160,VINDAFJORD,11,Rogaland,59.7215,5.586633,3,Karmøy til Sotra,
11,2014,10113,Kobbavika,medikamentell,fôrbehandling,Emamectin benzoat,,,,hele lokaliteten,1141,FINNØY,11,Rogaland,59.12232,5.934433,2,Ryfylke,
11,2014,26295,Langøy,medikamentell,badebehandling,Annet virkestoff,,,,hele lokaliteten,1263,LINDÅS,12,Hordaland,60.7779,5.159333,4,Nordhordaland til Stadt,
11,2014,12966,Lindvik,medikamentell,fôrbehandling,Emamectin benzoat,,,,hele lokaliteten,1160,VINDAFJORD,11,Rogaland,59.4752,5.978667,2,Ryfylke,
11,2014,14435,Ljøsøy N,medikamentell,fôrbehandling,Diflubenzuron,,,,deler av lokaliteten,1259,ØYGARDEN,12,Hordaland,60.565216,4.878433,4,Nordhordaland til Stadt,
11,2014,31697,Oksen,medikamentell,badebehandling,Azamethiphos,,,,deler av lokaliteten,1246,FJELL,12,Hordaland,60.43382,4.9411,3,Karmøy til Sotra,
11,2014,31697,Oksen,medikamentell,badebehandling,Deltamethrin,,,,deler av lokaliteten,1246,FJELL,12,Hordaland,60.43382,4.9411,3,Karmøy til Sotra,
11,2014,31697,Oksen,ikke-medikamentell,,,,,,deler av lokaliteten,1246,FJELL,12,Hordaland,60.43382,4.9411,3,Karmøy til Sotra,
11,2014,15403,Olderøy,medikamentell,badebehandling,Azamethiphos,,,,hele lokaliteten,1412,SOLUND,14,Sogn og Fjordane,61.103283,4.712233,4,Nordhordaland til Stadt,
11,2014,15403,Olderøy,medikamentell,badebehandling,Deltamethrin,,,,hele lokaliteten,1412,SOLUND,14,Sogn og Fjordane,61.103283,4.712233,4,Nordhordaland til Stadt,
11,2014,12281,Rogne,medikamentell,badebehandling,Deltamethrin,,,,deler av lokaliteten,1534,HARAM,15,Møre og Romsdal,62.667816,6.357217,5,Stadt til Hustadvika,
11,2014,26738,Skiftesvika,medikamentell,fôrbehandling,Emamectin benzoat,,,,hele lokaliteten,1141,FINNØY,11,Rogaland,59.167885,5.920667,2,Ryfylke,
10,2014,13209,Bognøy,rensefisk,,,222120,Rognkjeks (hun),18422,hele lokaliteten,1260,RADØY,12,Hordaland,60.60407,5.076983,4,Nordhordaland til Stadt,
10,2014,15796,Borgarliflot,medikamentell,badebehandling,Azamethiphos,,,,hele lokaliteten,1134,SULDAL,11,Rogaland,59.388035,5.929283,2,Ryfylke,
10,2014,24196,Gjelsøya,medikamentell,badebehandling,Hydrogenperoksid,,,,deler av lokaliteten,1617,HITRA,16,Sør-Trøndelag,63.482616,8.280283,6,Nordmøre og Sør-Trøndelag,
10,2014,24196,Gjelsøya,medikamentell,badebehandling,Hydrogenperoksid,,,,deler av lokaliteten,1617,HITRA,16,Sør-Trøndelag,63.482616,8.280283,6,Nordmøre og Sør-Trøndelag,
10,2014,24196,Gjelsøya,medikamentell,badebehandling,Hydrogenperoksid,,,,deler av lokaliteten,1617,HITRA,16,Sør-Trøndelag,63.482616,8.280283,6,Nordmøre og Sør-Trøndelag,
10,2014,13547,Grønebrekkane,medikamentell,fôrbehandling,Diflubenzuron,,,,hele lokaliteten,1253,OSTERØY,12,Hordaland,60.47215,5.455817,4,Nordhordaland til Stadt,
10,2014,10425,Heggvika,medikamentell,badebehandling,Azamethiphos,,,,deler av lokaliteten,1811,BINDAL,18,Nordland,65.12658,12.071983,7,Nord-Trøndelag med Bindal,
10,2014,10425,Heggvika,medikamentell,badebehandling,Hydrogenperoksid,,,,deler av lokaliteten,1811,BINDAL,18,Nordland,65.12658,12.071983,7,Nord-Trøndelag med Bindal,
10,2014,11920,Herøy,medikamentell,fôrbehandling,Emamectin benzoat,,,,hele lokaliteten,1160,VINDAFJORD,11,Rogaland,59.4664,6.0262,2,Ryfylke,
10,2014,32417,Hjartholmosen,medikamentell,badebehandling,Hydrogenperoksid,,,,deler av lokaliteten,1244,AUSTEVOLL,12,Hordaland,60.00458,5.227917,3,Karmøy til Sotra,
10,2014,32417,Hjartholmosen,ikke-medikamentell,,,,,,deler av lokaliteten,1244,AUSTEVOLL,12,Hordaland,60.00458,5.227917,3,Karmøy til Sotra,
10,2014,32757,Horgefjorden,medikamentell,badebehandling,Deltamethrin,,,,hele lokaliteten,1244,AUSTEVOLL,12,Hordaland,60.09942,5.117883,3,Karmøy til Sotra,
10,2014,32757,Horgefjorden,medikamentell,badebehandling,Deltamethrin,,,,hele lokaliteten,1244,AUSTEVOLL,12,Hordaland,60.09942,5.117883,3,Karmøy til Sotra,
10,2014,12599,Indre Skjervøy,rensefisk,,,2221,Rognkjeks (felles),11865,deler av lokaliteten,1633,OSEN,16,Sør-Trøndelag,64.2858,10.30905,6,Nordmøre og Sør-Trøndelag,
10,2014,10885,Jektvika II,medikamentell,badebehandling,Azamethiphos,,,,deler av lokaliteten,1812,SØMNA,18,Nordland,65.31274,12.4022,7,Nord-Trøndelag med Bindal,
10,2014,10885,Jektvika II,medikamentell,badebehandling,Hydrogenperoksid,,,,deler av lokaliteten,1812,SØMNA,18,Nordland,65.31274,12.4022,7,Nord-Trøndelag med Bindal,
10,2014,14435,Ljøsøy N,medikamentell,fôrbehandling,Diflubenzuron,,,,deler av lokaliteten,1259,ØYGARDEN,12,Hordaland,60.565216,4.878433,4,Nordhordaland til Stadt,
10,2014,26315,Nordgjæslingan,medikamentell,badebehandling,Hydrogenperoksid,,,,hele lokaliteten,1750,VIKNA,17,Nord-Trøndelag,64.7659,10.9128,7,Nord-Trøndelag med Bindal,
10,2014,31697,Oksen,ikke-medikamentell,,,,,,hele lokaliteten,1246,FJELL,12,Hordaland,60.43382,4.9411,3,Karmøy til Sotra,
10,2014,12366,Raskjæret,medikamentell,badebehandling,Azamethiphos,,,,deler av lokaliteten,1620,FRØYA,16,Sør-Trøndelag,63.7934,8.851846,6,Nordmøre og Sør-Trøndelag,
10,2014,12366,Raskjæret,medikamentell,badebehandling,Deltamethrin,,,,deler av lokaliteten,1620,FRØYA,16,Sør-Trøndelag,63.7934,8.851846,6,Nordmøre og Sør-Trøndelag,
10,2014,29896,Renndalen,medikamentell,badebehandling,Hydrogenperoksid,,,,hele lokaliteten,1571,HALSA,15,Møre og Romsdal,63.176167,8.616817,6,Nordmøre og Sør-Trøndelag,
10,2014,12209,Rønstad,medikamentell,badebehandling,Deltamethrin,,,,hele lokaliteten,1519,VOLDA,15,Møre og Romsdal,62.135117,6.021433,5,Stadt til Hustadvika,
10,2014,12209,Rønstad,ikke-medikamentell,,,,,,hele lokaliteten,1519,VOLDA,15,Møre og Romsdal,62.135117,6.021433,5,Stadt til Hustadvika,
10,2014,24115,Singsholmen,medikamentell,badebehandling,Azamethiphos,,,,deler av lokaliteten,1617,HITRA,16,Sør-Trøndelag,63.41975,8.411617,6,Nordmøre og Sør-Trøndelag,
10,2014,24115,Singsholmen,medikamentell,badebehandling,Deltamethrin,,,,deler av lokaliteten,1617,HITRA,16,Sør-Trøndelag,63.41975,8.411617,6,Nordmøre og Sør-Trøndelag,
10,2014,26738,Skiftesvika,medikamentell,fôrbehandling,Emamectin benzoat,,,,hele lokaliteten,1141,FINNØY,11,Rogaland,59.167885,5.920667,2,Ryfylke,
10,2014,30517,Trælvika,medikamentell,badebehandling,Azamethiphos,,,,hele lokaliteten,1931,LENVIK,19,Troms,69.51895,17.695932,10,Andøya til Senja,
10,2014,13562,Uføro,medikamentell,badebehandling,Deltamethrin,,,,hele lokaliteten,1221,STORD,12,Hordaland,59.877434,5.52725,3,Karmøy til Sotra,
10,2014,13562,Uføro,ikke-medikamentell,,,,,,hele lokaliteten,1221,STORD,12,Hordaland,59.877434,5.52725,3,Karmøy til Sotra,
9,2014,11513,Andal,medikamentell,badebehandling,Hydrogenperoksid,,,,hele lokaliteten,1219,BØMLO,12,Hordaland,59.6365,5.247133,3,Karmøy til Sotra,
9,2014,11119,Arnøysundet,medikamentell,badebehandling,Annet virkestoff,,,,deler av lokaliteten,1838,GILDESKÅL,18,Nordland,67.14978,13.991,8,Helgeland til Bodø,
9,2014,11119,Arnøysundet,medikamentell,badebehandling,Annet virkestoff,,,,deler av lokaliteten,1838,GILDESKÅL,18,Nordland,67.14978,13.991,8,Helgeland til Bodø,
9,2014,29458,Blåmannsvik,medikamentell,fôrbehandling,Emamectin benzoat,,,,hele lokaliteten,1902,TROMSØ,19,Troms,69.73064,18.653584,11,Kvaløya til Loppa,
9,2014,13229,Djupedalen,medikamentell,badebehandling,Annet virkestoff,,,,hele lokaliteten,1241,FUSA,12,Hordaland,60.230865,5.6733,3,Karmøy til Sotra,
9,2014,13058,Fusavika,medikamentell,badebehandling,Annet virkestoff,,,,hele lokaliteten,1241,FUSA,12,Hordaland,60.207634,5.613817,3,Karmøy til Sotra,
9,2014,24196,Gjelsøya,medikamentell,badebehandling,Hydrogenperoksid,,,,deler av lokaliteten,1617,HITRA,16,Sør-Trøndelag,63.482616,8.280283,6,Nordmøre og Sør-Trøndelag,
9,2014,10324,Gjerdeviksflua,medikamentell,badebehandling,Annet virkestoff,,,,hele lokaliteten,1241,FUSA,12,Hordaland,60.223083,5.641167,3,Karmøy til Sotra,
9,2014,32757,Horgefjorden,medikamentell,badebehandling,Deltamethrin,,,,hele lokaliteten,1244,AUSTEVOLL,12,Hordaland,60.09942,5.117883,3,Karmøy til Sotra,
9,2014,32757,Horgefjorden,medikamentell,badebehandling,Deltamethrin,,,,hele lokaliteten,1244,AUSTEVOLL,12,Hordaland,60.09942,5.117883,3,Karmøy til Sotra,
9,2014,10876,Istervika,medikamentell,badebehandling,Azamethiphos,,,,deler av lokaliteten,1813,BRØNNØY,18,Nordland,65.4468,12.560367,8,Helgeland til Bodø,
9,2014,10876,Istervika,medikamentell,badebehandling,Hydrogenperoksid,,,,deler av lokaliteten,1813,BRØNNØY,18,Nordland,65.4468,12.560367,8,Helgeland til Bodø,
9,2014,10885,Jektvika II,medikamentell,badebehandling,Azamethiphos,,,,deler av lokaliteten,1812,SØMNA,18,Nordland,65.31274,12.4022,7,Nord-Trøndelag med Bindal,
9,2014,10885,Jektvika II,medikamentell,badebehandling,Hydrogenperoksid,,,,deler av lokaliteten,1812,SØMNA,18,Nordland,65.31274,12.4022,7,Nord-Trøndelag med Bindal,
9,2014,29576,Kalvik,medikamentell,badebehandling,Deltamethrin,,,,deler av lokaliteten,1845,SØRFOLD,18,Nordland,67.5125,15.5685,9,Vestfjorden og Vesterålen,
9,2014,13297,Kines,medikamentell,badebehandling,Deltamethrin,,,,deler av lokaliteten,1845,SØRFOLD,18,Nordland,67.447334,15.4865,9,Vestfjorden og Vesterålen,
9,2014,30076,Kyrøyene,medikamentell,badebehandling,Azamethiphos,,,,deler av lokaliteten,1750,VIKNA,17,Nord-Trøndelag,64.7635,10.807333,7,Nord-Trøndelag med Bindal,
9,2014,30076,Kyrøyene,medikamentell,badebehandling,Deltamethrin,,,,deler av lokaliteten,1750,VIKNA,17,Nord-Trøndelag,64.7635,10.807333,7,Nord-Trøndelag med Bindal,
9,2014,15460,Laholmen,medikamentell,badebehandling,Azamethiphos,,,,hele lokaliteten,2019,NORDKAPP,20,Finnmark,70.895584,25.563334,12,Vest-Finnmark,
9,2014,12966,Lindvik,medikamentell,badebehandling,Azamethiphos,,,,hele lokaliteten,1160,VINDAFJORD,11,Rogaland,59.4752,5.978667,2,Ryfylke,
9,2014,14435,Ljøsøy N,medikamentell,fôrbehandling,Diflubenzuron,,,,deler av lokaliteten,1259,ØYGARDEN,12,Hordaland,60.565216,4.878433,4,Nordhordaland til Stadt,
9,2014,16216,Lønskog,medikamentell,badebehandling,Azamethiphos,,,,hele lokaliteten,1868,ØKSNES,18,Nordland,68.86298,15.092383,9,Vestfjorden og Vesterålen,
9,2014,30157,Movik,medikamentell,badebehandling,Azamethiphos,,,,hele lokaliteten,1845,SØRFOLD,18,Nordland,67.63177,15.26225,9,Vestfjorden og Vesterålen,
9,2014,30157,Movik,medikamentell,badebehandling,Deltamethrin,,,,hele lokaliteten,1845,SØRFOLD,18,Nordland,67.63177,15.26225,9,Vestfjorden og Vesterålen,
9,2014,30157,Movik,ikke-medikamentell,,,,,,hele lokaliteten,1845,SØRFOLD,18,Nordland,67.63177,15.26225,9,Vestfjorden og Vesterålen,
9,2014,31697,Oksen,ikke-medikamentell,,,,,,deler av lokaliteten,1246,FJELL,12,Hordaland,60.43382,4.9411,3,Karmøy til Sotra,
9,2014,27876,Olderbakken,medikamentell,badebehandling,Azamethiphos,,,,deler av lokaliteten,1812,SØMNA,18,Nordland,65.31118,12.368633,7,Nord-Trøndelag med Bindal,
9,2014,27876,Olderbakken,medikamentell,badebehandling,Hydrogenperoksid,,,,deler av lokaliteten,1812,SØMNA,18,Nordland,65.31118,12.368633,7,Nord-Trøndelag med Bindal,
9,2014,29896,Renndalen,rensefisk,,,222120,Rognkjeks (hun),22632,deler av lokaliteten,1571,HALSA,15,Møre og Romsdal,63.176167,8.616817,6,Nordmøre og Sør-Trøndelag,
9,2014,24115,Singsholmen,medikamentell,badebehandling,Hydrogenperoksid,,,,deler av lokaliteten,1617,HITRA,16,Sør-Trøndelag,63.41975,8.411617,6,Nordmøre og Sør-Trøndelag,
9,2014,24115,Singsholmen,medikamentell,badebehandling,Hydrogenperoksid,,,,deler av lokaliteten,1617,HITRA,16,Sør-Trøndelag,63.41975,8.411617,6,Nordmøre og Sør-Trøndelag,
9,2014,24115,Singsholmen,medikamentell,badebehandling,Hydrogenperoksid,,,,deler av lokaliteten,1617,HITRA,16,Sør-Trøndelag,63.41975,8.411617,6,Nordmøre og Sør-Trøndelag,
9,2014,24115,Singsholmen,medikamentell,badebehandling,Hydrogenperoksid,,,,deler av lokaliteten,1617,HITRA,16,Sør-Trøndelag,63.41975,8.411617,6,Nordmøre og Sør-Trøndelag,
9,2014,24115,Singsholmen,medikamentell,badebehandling,Hydrogenperoksid,,,,deler av lokaliteten,1617,HITRA,16,Sør-Trøndelag,63.41975,8.411617,6,Nordmøre og Sør-Trøndelag,
9,2014,24115,Singsholmen,medikamentell,badebehandling,Hydrogenperoksid,,,,deler av lokaliteten,1617,HITRA,16,Sør-Trøndelag,63.41975,8.411617,6,Nordmøre og Sør-Trøndelag,
9,2014,13530,Sjåneset,medikamentell,badebehandling,Azamethiphos,,,,hele lokaliteten,1868,ØKSNES,18,Nordland,68.90408,15.0394,9,Vestfjorden og Vesterålen,
9,2014,26738,Skiftesvika,rensefisk,,,2221,Rognkjeks (felles),21000,deler av lokaliteten,1141,FINNØY,11,Rogaland,59.167885,5.920667,2,Ryfylke,
9,2014,30997,Skrubbholmen,rensefisk,,,2221,Rognkjeks (felles),21000,deler av lokaliteten,1751,NÆRØY,17,Nord-Trøndelag,64.801735,11.162183,7,Nord-Trøndelag med Bindal,
9,2014,13000,Slåttvika,medikamentell,badebehandling,Annet virkestoff,,,,deler av lokaliteten,1813,BRØNNØY,18,Nordland,65.52425,12.546567,8,Helgeland til Bodø,
9,2014,13000,Slåttvika,medikamentell,badebehandling,Azamethiphos,,,,deler av lokaliteten,1813,BRØNNØY,18,Nordland,65.52425,12.546567,8,Helgeland til Bodø,
9,2014,13291,Soløya,medikamentell,badebehandling,Azamethiphos,,,,hele lokaliteten,1859,FLAKSTAD,18,Nordland,68.00382,13.182267,9,Vestfjorden og Vesterålen,
9,2014,13290,Stigvika,medikamentell,badebehandling,Hydrogenperoksid,,,,deler av lokaliteten,1838,GILDESKÅL,18,Nordland,67.06885,14.076133,8,Helgeland til Bodø,
9,2014,31217,Stokkasjøen,medikamentell,badebehandling,Annet virkestoff,,,,deler av lokaliteten,1816,VEVELSTAD,18,Nordland,65.78265,12.592067,8,Helgeland til Bodø,
9,2014,31217,Stokkasjøen,medikamentell,badebehandling,Annet virkestoff,,,,deler av lokaliteten,1816,VEVELSTAD,18,Nordland,65.78265,12.592067,8,Helgeland til Bodø,
9,2014,25815,Tittelsnes,medikamentell,fôrbehandling,Diflubenzuron,,,,deler av lokaliteten,1216,SVEIO,12,Hordaland,59.723484,5.533483,3,Karmøy til Sotra,
9,2014,25815,Tittelsnes,medikamentell,badebehandling,Hydrogenperoksid,,,,hele lokaliteten,1216,SVEIO,12,Hordaland,59.723484,5.533483,3,Karmøy til Sotra,
9,2014,10054,Tobbeholmane,medikamentell,badebehandling,Azamethiphos,,,,deler av lokaliteten,1244,AUSTEVOLL,12,Hordaland,60.02432,5.30815,3,Karmøy til Sotra,
9,2014,10054,Tobbeholmane,medikamentell,badebehandling,Deltamethrin,,,,deler av lokaliteten,1244,AUSTEVOLL,12,Hordaland,60.02432,5.30815,3,Karmøy til Sotra,
9,2014,13246,Voldnes,medikamentell,badebehandling,Hydrogenperoksid,,,,deler av lokaliteten,1515,HERØY I MØRE OG ROMSDAL,15,Møre og Romsdal,62.2097,5.7849,5,Stadt til Hustadvika,
8,2014,11119,Arnøysundet,medikamentell,badebehandling,Annet virkestoff,,,,deler av lokaliteten,1838,GILDESKÅL,18,Nordland,67.14978,13.991,8,Helgeland til Bodø,
8,2014,11119,Arnøysundet,medikamentell,badebehandling,Annet virkestoff,,,,deler av lokaliteten,1838,GILDESKÅL,18,Nordland,67.14978,13.991,8,Helgeland til Bodø,
8,2014,29458,Blåmannsvik,medikamentell,fôrbehandling,Emamectin benzoat,,,,hele lokaliteten,1902,TROMSØ,19,Troms,69.73064,18.653584,11,Kvaløya til Loppa,
8,2014,24575,Farmannsøya,rensefisk,,,222120,Rognkjeks (hun),8013,deler av lokaliteten,1632,ROAN,16,Sør-Trøndelag,64.18636,10.1201,6,Nordmøre og Sør-Trøndelag,
8,2014,11433,Finnvika Sør,medikamentell,badebehandling,Azamethiphos,,,,hele lokaliteten,1931,LENVIK,19,Troms,69.500565,17.919018,10,Andøya til Senja,
8,2014,11433,Finnvika Sør,medikamentell,badebehandling,Deltamethrin,,,,hele lokaliteten,1931,LENVIK,19,Troms,69.500565,17.919018,10,Andøya til Senja,
8,2014,12407,Flesa,medikamentell,badebehandling,Azamethiphos,,,,deler av lokaliteten,1617,HITRA,16,Sør-Trøndelag,63.645,8.879483,6,Nordmøre og Sør-Trøndelag,
8,2014,12407,Flesa,medikamentell,badebehandling,Deltamethrin,,,,deler av lokaliteten,1617,HITRA,16,Sør-Trøndelag,63.645,8.879483,6,Nordmøre og Sør-Trøndelag,
8,2014,11667,Gardskråneset,medikamentell,badebehandling,Azamethiphos,,,,deler av lokaliteten,1259,ØYGARDEN,12,Hordaland,60.53972,4.903867,4,Nordhordaland til Stadt,
8,2014,26335,Geitholmen,medikamentell,fôrbehandling,Diflubenzuron,,,,hele lokaliteten,1750,VIKNA,17,Nord-Trøndelag,64.79955,11.025933,7,Nord-Trøndelag med Bindal,
8,2014,24315,Gjæsingen,rensefisk,,,222120,Rognkjeks (hun),4207,deler av lokaliteten,1630,ÅFJORD,16,Sør-Trøndelag,64.117615,9.981417,6,Nordmøre og Sør-Trøndelag,
8,2014,15655,Hjartøy N,rensefisk,,,2221,Rognkjeks (felles),5426,hele lokaliteten,1828,NESNA,18,Nordland,66.23579,12.709967,8,Helgeland til Bodø,
8,2014,32757,Horgefjorden,medikamentell,badebehandling,Azamethiphos,,,,deler av lokaliteten,1244,AUSTEVOLL,12,Hordaland,60.09942,5.117883,3,Karmøy til Sotra,
8,2014,33218,Hosenøyan,rensefisk,,,222120,Rognkjeks (hun),20546,deler av lokaliteten,1630,ÅFJORD,16,Sør-Trøndelag,64.08567,9.883383,6,Nordmøre og Sør-Trøndelag,
8,2014,13231,Høylandssund,medikamentell,badebehandling,Hydrogenperoksid,,,,hele lokaliteten,1224,KVINNHERAD,12,Hordaland,59.77755,5.8298,3,Karmøy til Sotra,
8,2014,27095,Ihlholmen,medikamentell,badebehandling,Hydrogenperoksid,,,,deler av lokaliteten,1160,VINDAFJORD,11,Rogaland,59.7215,5.586633,3,Karmøy til Sotra,
8,2014,11225,Juvågen,medikamentell,badebehandling,Azamethiphos,,,,hele lokaliteten,1868,ØKSNES,18,Nordland,68.91838,14.981183,9,Vestfjorden og Vesterålen,
8,2014,12660,Kipholmen,medikamentell,badebehandling,Azamethiphos,,,,deler av lokaliteten,1751,NÆRØY,17,Nord-Trøndelag,64.79387,11.689533,7,Nord-Trøndelag med Bindal,
8,2014,12660,Kipholmen,medikamentell,badebehandling,Hydrogenperoksid,,,,deler av lokaliteten,1751,NÆRØY,17,Nord-Trøndelag,64.79387,11.689533,7,Nord-Trøndelag med Bindal,
8,2014,18755,Klungset,medikamentell,badebehandling,Hydrogenperoksid,,,,hele lokaliteten,1751,NÆRØY,17,Nord-Trøndelag,64.74997,11.394183,7,Nord-Trøndelag med Bindal,
8,2014,11809,Krabbestig,medikamentell,badebehandling,Hydrogenperoksid,,,,deler av lokaliteten,1439,VÅGSØY,14,Sogn og Fjordane,61.894566,5.0616,4,Nordhordaland til Stadt,
8,2014,21676,Kråkholmen,medikamentell,badebehandling,Azamethiphos,,,,deler av lokaliteten,1749,FLATANGER,17,Nord-Trøndelag,64.60212,10.85345,7,Nord-Trøndelag med Bindal,
8,2014,21676,Kråkholmen,medikamentell,badebehandling,Deltamethrin,,,,deler av lokaliteten,1749,FLATANGER,17,Nord-Trøndelag,64.60212,10.85345,7,Nord-Trøndelag med Bindal,
8,2014,30076,Kyrøyene,medikamentell,badebehandling,Azamethiphos,,,,deler av lokaliteten,1750,VIKNA,17,Nord-Trøndelag,64.7635,10.807333,7,Nord-Trøndelag med Bindal,
8,2014,30076,Kyrøyene,medikamentell,badebehandling,Deltamethrin,,,,deler av lokaliteten,1750,VIKNA,17,Nord-Trøndelag,64.7635,10.807333,7,Nord-Trøndelag med Bindal,
8,2014,15460,Laholmen,medikamentell,badebehandling,Azamethiphos,,,,hele lokaliteten,2019,NORDKAPP,20,Finnmark,70.895584,25.563334,12,Vest-Finnmark,
8,2014,12392,Lille Torsøy,rensefisk,,,2221,Rognkjeks (felles),7500,deler av lokaliteten,1617,HITRA,16,Sør-Trøndelag,63.605633,8.48855,6,Nordmøre og Sør-Trøndelag,
8,2014,14435,Ljøsøy N,medikamentell,badebehandling,Azamethiphos,,,,hele lokaliteten,1259,ØYGARDEN,12,Hordaland,60.565216,4.878433,4,Nordhordaland til Stadt,
8,2014,29596,Misjona,medikamentell,badebehandling,Deltamethrin,,,,hele lokaliteten,2019,NORDKAPP,20,Finnmark,70.885414,25.495117,12,Vest-Finnmark,
8,2014,13965,Nesbø/Gjeldsvik,medikamentell,fôrbehandling,Diflubenzuron,,,,hele lokaliteten,1263,LINDÅS,12,Hordaland,60.68835,5.4232,4,Nordhordaland til Stadt,
8,2014,26315,Nordgjæslingan,medikamentell,badebehandling,Hydrogenperoksid,,,,hele lokaliteten,1750,VIKNA,17,Nord-Trøndelag,64.7659,10.9128,7,Nord-Trøndelag med Bindal,
8,2014,31697,Oksen,medikamentell,badebehandling,Hydrogenperoksid,,,,deler av lokaliteten,1246,FJELL,12,Hordaland,60.43382,4.9411,3,Karmøy til Sotra,
8,2014,30559,Øksneset,medikamentell,badebehandling,Deltamethrin,,,,deler av lokaliteten,1264,AUSTRHEIM,12,Hordaland,60.811882,4.8644,4,Nordhordaland til Stadt,
8,2014,30559,Øksneset,ikke-medikamentell,,,,,,deler av lokaliteten,1264,AUSTRHEIM,12,Hordaland,60.811882,4.8644,4,Nordhordaland til Stadt,
8,2014,12071,Ommundsteigen,medikamentell,badebehandling,Deltamethrin,,,,deler av lokaliteten,1134,SULDAL,11,Rogaland,59.55078,6.5131,2,Ryfylke,
8,2014,19655,Ospeneset,medikamentell,badebehandling,Annet virkestoff,,,,deler av lokaliteten,1263,LINDÅS,12,Hordaland,60.7459,5.2684,4,Nordhordaland til Stadt,
8,2014,10149,Rafdal,medikamentell,badebehandling,Deltamethrin,,,,deler av lokaliteten,1211,ETNE,12,Hordaland,59.790916,6.176567,3,Karmøy til Sotra,
8,2014,11964,Ringja,medikamentell,badebehandling,Deltamethrin,,,,deler av lokaliteten,1146,TYSVÆR,11,Rogaland,59.405468,5.8631,2,Ryfylke,
8,2014,12126,Rossnes,medikamentell,badebehandling,Hydrogenperoksid,,,,hele lokaliteten,1224,KVINNHERAD,12,Hordaland,59.759167,5.721467,3,Karmøy til Sotra,
8,2014,24115,Singsholmen,medikamentell,badebehandling,Hydrogenperoksid,,,,deler av lokaliteten,1617,HITRA,16,Sør-Trøndelag,63.41975,8.411617,6,Nordmøre og Sør-Trøndelag,
8,2014,24115,Singsholmen,medikamentell,badebehandling,Hydrogenperoksid,,,,deler av lokaliteten,1617,HITRA,16,Sør-Trøndelag,63.41975,8.411617,6,Nordmøre og Sør-Trøndelag,
8,2014,24115,Singsholmen,medikamentell,badebehandling,Hydrogenperoksid,,,,deler av lokaliteten,1617,HITRA,16,Sør-Trøndelag,63.41975,8.411617,6,Nordmøre og Sør-Trøndelag,
8,2014,30757,Skog,medikamentell,badebehandling,Azamethiphos,,,,hele lokaliteten,1931,LENVIK,19,Troms,69.474335,17.878683,10,Andøya til Senja,
8,2014,30757,Skog,medikamentell,badebehandling,Deltamethrin,,,,hele lokaliteten,1931,LENVIK,19,Troms,69.474335,17.878683,10,Andøya til Senja,
8,2014,13032,Sølvøyane,medikamentell,badebehandling,Hydrogenperoksid,,,,deler av lokaliteten,1219,BØMLO,12,Hordaland,59.609932,5.133867,3,Karmøy til Sotra,
8,2014,29376,Sundsøy,rensefisk,,,2221,Rognkjeks (felles),1623,deler av lokaliteten,1827,DØNNA,18,Nordland,66.17145,12.77065,8,Helgeland til Bodø,
8,2014,25815,Tittelsnes,medikamentell,fôrbehandling,Diflubenzuron,,,,hele lokaliteten,1216,SVEIO,12,Hordaland,59.723484,5.533483,3,Karmøy til Sotra,
8,2014,29336,Trælsøyosen,medikamentell,fôrbehandling,Annet virkestoff,,,,deler av lokaliteten,1244,AUSTEVOLL,12,Hordaland,60.1178,5.2702,3,Karmøy til Sotra,
8,2014,29336,Trælsøyosen,medikamentell,badebehandling,Azamethiphos,,,,deler av lokaliteten,1244,AUSTEVOLL,12,Hordaland,60.1178,5.2702,3,Karmøy til Sotra,
8,2014,29336,Trælsøyosen,medikamentell,badebehandling,Deltamethrin,,,,deler av lokaliteten,1244,AUSTEVOLL,12,Hordaland,60.1178,5.2702,3,Karmøy til Sotra,
8,2014,30560,Tristeinen,rensefisk,,,222120,Rognkjeks (hun),3937,deler av lokaliteten,1627,BJUGN,16,Sør-Trøndelag,63.86895,9.6204,6,Nordmøre og Sør-Trøndelag,
8,2014,13677,Trøan/Bjørklibukta,medikamentell,badebehandling,Annet virkestoff,,,,hele lokaliteten,1612,HEMNE,16,Sør-Trøndelag,63.33155,9.1231,6,Nordmøre og Sør-Trøndelag,
8,2014,13677,Trøan/Bjørklibukta,medikamentell,badebehandling,Annet virkestoff,,,,hele lokaliteten,1612,HEMNE,16,Sør-Trøndelag,63.33155,9.1231,6,Nordmøre og Sør-Trøndelag,
8,2014,10029,Tuholmane Ø,medikamentell,badebehandling,Deltamethrin,,,,hele lokaliteten,1149,KARMØY,11,Rogaland,59.372032,5.20965,3,Karmøy til Sotra,
8,2014,13246,Voldnes,medikamentell,badebehandling,Hydrogenperoksid,,,,deler av lokaliteten,1515,HERØY I MØRE OG ROMSDAL,15,Møre og Romsdal,62.2097,5.7849,5,Stadt til Hustadvika,
7,2014,18235,Bastli,medikamentell,badebehandling,Deltamethrin,,,,deler av lokaliteten,1133,HJELMELAND,11,Rogaland,59.2694,6.193083,2,Ryfylke,
7,2014,20396,Bergsnes V,medikamentell,badebehandling,Azamethiphos,,,,deler av lokaliteten,2012,ALTA,20,Finnmark,70.22971,23.336117,12,Vest-Finnmark,
7,2014,11076,Digermulen,rensefisk,,,2221,Rognkjeks (felles),8050,deler av lokaliteten,1836,RØDØY,18,Nordland,66.67667,13.31555,8,Helgeland til Bodø,
7,2014,12128,Dyrnes,medikamentell,badebehandling,Hydrogenperoksid,,,,hele lokaliteten,1224,KVINNHERAD,12,Hordaland,59.71765,5.72205,3,Karmøy til Sotra,
7,2014,11667,Gardskråneset,medikamentell,badebehandling,Azamethiphos,,,,deler av lokaliteten,1259,ØYGARDEN,12,Hordaland,60.53972,4.903867,4,Nordhordaland til Stadt,
7,2014,26335,Geitholmen,medikamentell,fôrbehandling,Diflubenzuron,,,,hele lokaliteten,1750,VIKNA,17,Nord-Trøndelag,64.79955,11.025933,7,Nord-Trøndelag med Bindal,
7,2014,11530,Gissøysundet S,medikamentell,badebehandling,Hydrogenperoksid,,,,deler av lokaliteten,1219,BØMLO,12,Hordaland,59.62327,5.159667,3,Karmøy til Sotra,
7,2014,11530,Gissøysundet S,ikke-medikamentell,,,,,,deler av lokaliteten,1219,BØMLO,12,Hordaland,59.62327,5.159667,3,Karmøy til Sotra,
7,2014,12265,Gudmundset,rensefisk,,,1691,Berggylt,400,hele lokaliteten,1529,SKODJE,15,Møre og Romsdal,62.4527,6.602483,5,Stadt til Hustadvika,
7,2014,31577,Haneholmen,medikamentell,fôrbehandling,Emamectin benzoat,,,,hele lokaliteten,1445,GLOPPEN,14,Sogn og Fjordane,61.84045,6.10055,4,Nordhordaland til Stadt,
7,2014,31577,Haneholmen,medikamentell,fôrbehandling,Emamectin benzoat,,,,hele lokaliteten,1445,GLOPPEN,14,Sogn og Fjordane,61.84045,6.10055,4,Nordhordaland til Stadt,
7,2014,13006,Hestholmen N,medikamentell,badebehandling,Annet virkestoff,,,,deler av lokaliteten,1838,GILDESKÅL,18,Nordland,67.1468,14.0164,8,Helgeland til Bodø,
7,2014,13006,Hestholmen N,medikamentell,badebehandling,Annet virkestoff,,,,deler av lokaliteten,1838,GILDESKÅL,18,Nordland,67.1468,14.0164,8,Helgeland til Bodø,
7,2014,12035,Hondskår,medikamentell,badebehandling,Annet virkestoff,,,,deler av lokaliteten,1224,KVINNHERAD,12,Hordaland,60.107418,5.939833,3,Karmøy til Sotra,
7,2014,12035,Hondskår,medikamentell,badebehandling,Annet virkestoff,,,,deler av lokaliteten,1224,KVINNHERAD,12,Hordaland,60.107418,5.939833,3,Karmøy til Sotra,
7,2014,32757,Horgefjorden,medikamentell,badebehandling,Azamethiphos,,,,deler av lokaliteten,1244,AUSTEVOLL,12,Hordaland,60.09942,5.117883,3,Karmøy til Sotra,
7,2014,10885,Jektvika II,medikamentell,badebehandling,Azamethiphos,,,,deler av lokaliteten,1812,SØMNA,18,Nordland,65.31274,12.4022,7,Nord-Trøndelag med Bindal,
7,2014,10885,Jektvika II,medikamentell,badebehandling,Hydrogenperoksid,,,,deler av lokaliteten,1812,SØMNA,18,Nordland,65.31274,12.4022,7,Nord-Trøndelag med Bindal,
7,2014,12872,Kattholmen,medikamentell,badebehandling,Annet virkestoff,,,,deler av lokaliteten,1505,KRISTIANSUND,15,Møre og Romsdal,63.055332,7.695317,6,Nordmøre og Sør-Trøndelag,
7,2014,12872,Kattholmen,medikamentell,badebehandling,Annet virkestoff,,,,deler av lokaliteten,1505,KRISTIANSUND,15,Møre og Romsdal,63.055332,7.695317,6,Nordmøre og Sør-Trøndelag,
7,2014,24455,Klavelandet,medikamentell,badebehandling,Azamethiphos,,,,hele lokaliteten,1401,FLORA,14,Sogn og Fjordane,61.60395,5.186533,4,Nordhordaland til Stadt,
7,2014,24455,Klavelandet,medikamentell,badebehandling,Deltamethrin,,,,hele lokaliteten,1401,FLORA,14,Sogn og Fjordane,61.60395,5.186533,4,Nordhordaland til Stadt,
7,2014,18755,Klungset,medikamentell,badebehandling,Hydrogenperoksid,,,,hele lokaliteten,1751,NÆRØY,17,Nord-Trøndelag,64.74997,11.394183,7,Nord-Trøndelag med Bindal,
7,2014,30076,Kyrøyene,medikamentell,badebehandling,Azamethiphos,,,,deler av lokaliteten,1750,VIKNA,17,Nord-Trøndelag,64.7635,10.807333,7,Nord-Trøndelag med Bindal,
7,2014,30076,Kyrøyene,medikamentell,badebehandling,Deltamethrin,,,,deler av lokaliteten,1750,VIKNA,17,Nord-Trøndelag,64.7635,10.807333,7,Nord-Trøndelag med Bindal,
7,2014,14086,Lelandsholmen,medikamentell,badebehandling,Hydrogenperoksid,,,,hele lokaliteten,1219,BØMLO,12,Hordaland,59.728535,5.153067,3,Karmøy til Sotra,
7,2014,14086,Lelandsholmen,medikamentell,badebehandling,Hydrogenperoksid,,,,hele lokaliteten,1219,BØMLO,12,Hordaland,59.728535,5.153067,3,Karmøy til Sotra,
7,2014,10137,Matland,medikamentell,badebehandling,Annet virkestoff,,,,hele lokaliteten,1241,FUSA,12,Hordaland,60.264084,5.6591,3,Karmøy til Sotra,
7,2014,13965,Nesbø/Gjeldsvik,medikamentell,fôrbehandling,Diflubenzuron,,,,hele lokaliteten,1263,LINDÅS,12,Hordaland,60.68835,5.4232,4,Nordhordaland til Stadt,
7,2014,30559,Øksneset,medikamentell,badebehandling,Deltamethrin,,,,deler av lokaliteten,1264,AUSTRHEIM,12,Hordaland,60.811882,4.8644,4,Nordhordaland til Stadt,
7,2014,30559,Øksneset,ikke-medikamentell,,,,,,deler av lokaliteten,1264,AUSTRHEIM,12,Hordaland,60.811882,4.8644,4,Nordhordaland til Stadt,
7,2014,10086,Rekeviki,medikamentell,fôrbehandling,Diflubenzuron,,,,hele lokaliteten,1263,LINDÅS,12,Hordaland,60.7231,5.325451,4,Nordhordaland til Stadt,
7,2014,12126,Rossnes,medikamentell,badebehandling,Hydrogenperoksid,,,,hele lokaliteten,1224,KVINNHERAD,12,Hordaland,59.759167,5.721467,3,Karmøy til Sotra,
7,2014,11888,Sandvik,medikamentell,badebehandling,Deltamethrin,,,,deler av lokaliteten,1134,SULDAL,11,Rogaland,59.31445,6.170917,2,Ryfylke,
7,2014,13243,Sandvika,medikamentell,badebehandling,Azamethiphos,,,,deler av lokaliteten,1519,VOLDA,15,Møre og Romsdal,62.195667,5.904417,5,Stadt til Hustadvika,
7,2014,13243,Sandvika,medikamentell,badebehandling,Deltamethrin,,,,deler av lokaliteten,1519,VOLDA,15,Møre og Romsdal,62.195667,5.904417,5,Stadt til Hustadvika,
7,2014,22315,Skavhella,medikamentell,fôrbehandling,Emamectin benzoat,,,,hele lokaliteten,1243,OS I HORDALAND,12,Hordaland,60.22175,5.557367,3,Karmøy til Sotra,
7,2014,10961,Skonseng,medikamentell,badebehandling,Annet virkestoff,,,,deler av lokaliteten,1824,VEFSN,18,Nordland,65.80648,12.619767,8,Helgeland til Bodø,
7,2014,10961,Skonseng,medikamentell,badebehandling,Annet virkestoff,,,,deler av lokaliteten,1824,VEFSN,18,Nordland,65.80648,12.619767,8,Helgeland til Bodø,
7,2014,30997,Skrubbholmen,medikamentell,badebehandling,Hydrogenperoksid,,,,deler av lokaliteten,1751,NÆRØY,17,Nord-Trøndelag,64.801735,11.162183,7,Nord-Trøndelag med Bindal,
7,2014,23375,Sørevik,medikamentell,badebehandling,Deltamethrin,,,,hele lokaliteten,1416,HØYANGER,14,Sogn og Fjordane,61.099983,5.729967,4,Nordhordaland til Stadt,
7,2014,12965,Stølsvik,medikamentell,badebehandling,Azamethiphos,,,,hele lokaliteten,1146,TYSVÆR,11,Rogaland,59.405434,5.710833,2,Ryfylke,
7,2014,10309,Syrtangen,medikamentell,badebehandling,Deltamethrin,,,,hele lokaliteten,1259,ØYGARDEN,12,Hordaland,60.468468,4.965967,4,Nordhordaland til Stadt,
7,2014,21755,Tendalsvik,medikamentell,badebehandling,Hydrogenperoksid,,,,deler av lokaliteten,1211,ETNE,12,Hordaland,59.73605,5.884,3,Karmøy til Sotra,
7,2014,25815,Tittelsnes,medikamentell,fôrbehandling,Diflubenzuron,,,,hele lokaliteten,1216,SVEIO,12,Hordaland,59.723484,5.533483,3,Karmøy til Sotra,
7,2014,32717,Tranøya N,medikamentell,badebehandling,Deltamethrin,,,,deler av lokaliteten,1627,BJUGN,16,Sør-Trøndelag,63.872032,9.769783,6,Nordmøre og Sør-Trøndelag,
7,2014,32717,Tranøya N,medikamentell,badebehandling,Hydrogenperoksid,,,,deler av lokaliteten,1627,BJUGN,16,Sør-Trøndelag,63.872032,9.769783,6,Nordmøre og Sør-Trøndelag,
7,2014,11533,Usholmsvika,medikamentell,badebehandling,Azamethiphos,,,,hele lokaliteten,1245,SUND,12,Hordaland,60.1749,5.0917,3,Karmøy til Sotra,
7,2014,11533,Usholmsvika,medikamentell,badebehandling,Deltamethrin,,,,hele lokaliteten,1245,SUND,12,Hordaland,60.1749,5.0917,3,Karmøy til Sotra,
7,2014,24135,Utåker,medikamentell,badebehandling,Hydrogenperoksid,,,,deler av lokaliteten,1224,KVINNHERAD,12,Hordaland,59.776333,5.9001,3,Karmøy til Sotra,
7,2014,13704,Vikane,medikamentell,fôrbehandling,Diflubenzuron,,,,hele lokaliteten,1266,MASFJORDEN,12,Hordaland,60.7125,5.403633,4,Nordhordaland til Stadt,
7,2014,10616,Vinnalandet,medikamentell,badebehandling,Azamethiphos,,,,hele lokaliteten,2004,HAMMERFEST,20,Finnmark,70.57598,23.41295,12,Vest-Finnmark,
7,2014,13246,Voldnes,medikamentell,badebehandling,Hydrogenperoksid,,,,deler av lokaliteten,1515,HERØY I MØRE OG ROMSDAL,15,Møre og Romsdal,62.2097,5.7849,5,Stadt til Hustadvika,
6,2014,12067,Aldalen,medikamentell,badebehandling,Annet virkestoff,,,,deler av lokaliteten,1243,OS I HORDALAND,12,Hordaland,60.24995,5.571917,3,Karmøy til Sotra,
6,2014,12095,Bergadalen,medikamentell,badebehandling,Annet virkestoff,,,,deler av lokaliteten,1238,KVAM,12,Hordaland,60.1216,5.908883,3,Karmøy til Sotra,
6,2014,11930,Bjelkavik,medikamentell,badebehandling,Azamethiphos,,,,hele lokaliteten,1134,SULDAL,11,Rogaland,59.45165,5.991917,2,Ryfylke,
6,2014,24915,Bøbukta,medikamentell,badebehandling,Hydrogenperoksid,,,,deler av lokaliteten,1815,VEGA,18,Nordland,65.66164,12.083917,8,Helgeland til Bodø,
6,2014,12109,Ebne,medikamentell,badebehandling,Hydrogenperoksid,,,,hele lokaliteten,1211,ETNE,12,Hordaland,59.71465,5.824167,3,Karmøy til Sotra,
6,2014,12879,Endresetbukta,medikamentell,badebehandling,Azamethiphos,,,,hele lokaliteten,1505,KRISTIANSUND,15,Møre og Romsdal,63.03018,7.71615,6,Nordmøre og Sør-Trøndelag,
6,2014,12879,Endresetbukta,medikamentell,badebehandling,Deltamethrin,,,,hele lokaliteten,1505,KRISTIANSUND,15,Møre og Romsdal,63.03018,7.71615,6,Nordmøre og Sør-Trøndelag,
6,2014,11736,Fureholmen S,medikamentell,badebehandling,Deltamethrin,,,,hele lokaliteten,1412,SOLUND,14,Sogn og Fjordane,61.0559,4.866617,4,Nordhordaland til Stadt,
6,2014,13669,Furneset,medikamentell,badebehandling,Azamethiphos,,,,deler av lokaliteten,1535,VESTNES,15,Møre og Romsdal,62.6461,7.101183,5,Stadt til Hustadvika,
6,2014,13669,Furneset,medikamentell,badebehandling,Deltamethrin,,,,deler av lokaliteten,1535,VESTNES,15,Møre og Romsdal,62.6461,7.101183,5,Stadt til Hustadvika,
6,2014,11667,Gardskråneset,medikamentell,badebehandling,Azamethiphos,,,,deler av lokaliteten,1259,ØYGARDEN,12,Hordaland,60.53972,4.903867,4,Nordhordaland til Stadt,
6,2014,11530,Gissøysundet S,medikamentell,badebehandling,Hydrogenperoksid,,,,deler av lokaliteten,1219,BØMLO,12,Hordaland,59.62327,5.159667,3,Karmøy til Sotra,
6,2014,11530,Gissøysundet S,ikke-medikamentell,,,,,,deler av lokaliteten,1219,BØMLO,12,Hordaland,59.62327,5.159667,3,Karmøy til Sotra,
6,2014,11318,Hallvardøy,medikamentell,badebehandling,Cypermethrin,,,,hele lokaliteten,1851,LØDINGEN,18,Nordland,68.37555,15.320333,9,Vestfjorden og Vesterålen,
6,2014,31577,Haneholmen,medikamentell,fôrbehandling,Emamectin benzoat,,,,hele lokaliteten,1445,GLOPPEN,14,Sogn og Fjordane,61.84045,6.10055,4,Nordhordaland til Stadt,
6,2014,31577,Haneholmen,medikamentell,fôrbehandling,Emamectin benzoat,,,,hele lokaliteten,1445,GLOPPEN,14,Sogn og Fjordane,61.84045,6.10055,4,Nordhordaland til Stadt,
6,2014,11920,Herøy,medikamentell,badebehandling,Azamethiphos,,,,hele lokaliteten,1160,VINDAFJORD,11,Rogaland,59.4664,6.0262,2,Ryfylke,
6,2014,11920,Herøy,ikke-medikamentell,,,,,,hele lokaliteten,1160,VINDAFJORD,11,Rogaland,59.4664,6.0262,2,Ryfylke,
6,2014,13006,Hestholmen N,medikamentell,badebehandling,Annet virkestoff,,,,deler av lokaliteten,1838,GILDESKÅL,18,Nordland,67.1468,14.0164,8,Helgeland til Bodø,
6,2014,13006,Hestholmen N,medikamentell,badebehandling,Annet virkestoff,,,,deler av lokaliteten,1838,GILDESKÅL,18,Nordland,67.1468,14.0164,8,Helgeland til Bodø,
6,2014,10291,Hiskholmen,medikamentell,badebehandling,Hydrogenperoksid,,,,hele lokaliteten,1219,BØMLO,12,Hordaland,59.72663,5.145617,3,Karmøy til Sotra,
6,2014,10291,Hiskholmen,medikamentell,badebehandling,Hydrogenperoksid,,,,hele lokaliteten,1219,BØMLO,12,Hordaland,59.72663,5.145617,3,Karmøy til Sotra,
6,2014,10291,Hiskholmen,medikamentell,badebehandling,Hydrogenperoksid,,,,hele lokaliteten,1219,BØMLO,12,Hordaland,59.72663,5.145617,3,Karmøy til Sotra,
6,2014,32757,Horgefjorden,medikamentell,badebehandling,Cypermethrin,,,,deler av lokaliteten,1244,AUSTEVOLL,12,Hordaland,60.09942,5.117883,3,Karmøy til Sotra,
6,2014,18936,Igerøy Ø,medikamentell,badebehandling,Hydrogenperoksid,,,,deler av lokaliteten,1815,VEGA,18,Nordland,65.68622,12.138533,8,Helgeland til Bodø,
6,2014,15657,Kågen,medikamentell,badebehandling,Cypermethrin,,,,deler av lokaliteten,1941,SKJERVØY,19,Troms,69.94662,20.752768,11,Kvaløya til Loppa,
6,2014,18755,Klungset,medikamentell,badebehandling,Azamethiphos,,,,hele lokaliteten,1751,NÆRØY,17,Nord-Trøndelag,64.74997,11.394183,7,Nord-Trøndelag med Bindal,
6,2014,18755,Klungset,medikamentell,badebehandling,Deltamethrin,,,,hele lokaliteten,1751,NÆRØY,17,Nord-Trøndelag,64.74997,11.394183,7,Nord-Trøndelag med Bindal,
6,2014,10113,Kobbavika,rensefisk,,,2221,Rognkjeks (felles),4075,deler av lokaliteten,1141,FINNØY,11,Rogaland,59.12232,5.934433,2,Ryfylke,
6,2014,15860,Kvenbukta Vest,medikamentell,badebehandling,Deltamethrin,,,,hele lokaliteten,1928,TORSKEN,19,Troms,69.23299,17.089382,10,Andøya til Senja,
6,2014,24975,Kvernavika,medikamentell,badebehandling,Azamethiphos,,,,deler av lokaliteten,1223,TYSNES,12,Hordaland,60.069283,5.351183,3,Karmøy til Sotra,
6,2014,24975,Kvernavika,medikamentell,badebehandling,Azamethiphos,,,,deler av lokaliteten,1223,TYSNES,12,Hordaland,60.069283,5.351183,3,Karmøy til Sotra,
6,2014,24975,Kvernavika,medikamentell,badebehandling,Deltamethrin,,,,deler av lokaliteten,1223,TYSNES,12,Hordaland,60.069283,5.351183,3,Karmøy til Sotra,
6,2014,10041,Kviksholmen,medikamentell,badebehandling,Cypermethrin,,,,hele lokaliteten,1244,AUSTEVOLL,12,Hordaland,60.054317,5.090733,3,Karmøy til Sotra,
6,2014,30076,Kyrøyene,medikamentell,badebehandling,Azamethiphos,,,,deler av lokaliteten,1750,VIKNA,17,Nord-Trøndelag,64.7635,10.807333,7,Nord-Trøndelag med Bindal,
6,2014,30076,Kyrøyene,medikamentell,badebehandling,Deltamethrin,,,,deler av lokaliteten,1750,VIKNA,17,Nord-Trøndelag,64.7635,10.807333,7,Nord-Trøndelag med Bindal,
6,2014,14086,Lelandsholmen,medikamentell,badebehandling,Hydrogenperoksid,,,,hele lokaliteten,1219,BØMLO,12,Hordaland,59.728535,5.153067,3,Karmøy til Sotra,
6,2014,14086,Lelandsholmen,medikamentell,badebehandling,Hydrogenperoksid,,,,hele lokaliteten,1219,BØMLO,12,Hordaland,59.728535,5.153067,3,Karmøy til Sotra,
6,2014,28996,Loddetå,medikamentell,badebehandling,Azamethiphos,,,,hele lokaliteten,1216,SVEIO,12,Hordaland,59.691643,5.54298,3,Karmøy til Sotra,
6,2014,13965,Nesbø/Gjeldsvik,medikamentell,fôrbehandling,Diflubenzuron,,,,hele lokaliteten,1263,LINDÅS,12,Hordaland,60.68835,5.4232,4,Nordhordaland til Stadt,
6,2014,24495,Nystølvågen,medikamentell,fôrbehandling,Teflubenzuron,,,,hele lokaliteten,1241,FUSA,12,Hordaland,60.05237,5.793417,3,Karmøy til Sotra,
6,2014,27055,Oddane,medikamentell,badebehandling,Deltamethrin,,,,deler av lokaliteten,1401,FLORA,14,Sogn og Fjordane,61.541485,4.96955,4,Nordhordaland til Stadt,
6,2014,27055,Oddane,ikke-medikamentell,,,,,,deler av lokaliteten,1401,FLORA,14,Sogn og Fjordane,61.541485,4.96955,4,Nordhordaland til Stadt,
6,2014,22995,Oldervik,medikamentell,badebehandling,Hydrogenperoksid,,,,hele lokaliteten,1838,GILDESKÅL,18,Nordland,67.07322,14.112733,8,Helgeland til Bodø,
6,2014,13959,Oterholmen,rensefisk,,,2221,Rognkjeks (felles),16000,hele lokaliteten,1751,NÆRØY,17,Nord-Trøndelag,64.81578,11.2208,7,Nord-Trøndelag med Bindal,
6,2014,10086,Rekeviki,medikamentell,fôrbehandling,Diflubenzuron,,,,hele lokaliteten,1263,LINDÅS,12,Hordaland,60.7231,5.325451,4,Nordhordaland til Stadt,
6,2014,13243,Sandvika,medikamentell,badebehandling,Azamethiphos,,,,deler av lokaliteten,1519,VOLDA,15,Møre og Romsdal,62.195667,5.904417,5,Stadt til Hustadvika,
6,2014,13243,Sandvika,medikamentell,badebehandling,Deltamethrin,,,,deler av lokaliteten,1519,VOLDA,15,Møre og Romsdal,62.195667,5.904417,5,Stadt til Hustadvika,
6,2014,11758,Sauøy Ø,medikamentell,badebehandling,Cypermethrin,,,,deler av lokaliteten,1259,ØYGARDEN,12,Hordaland,60.592335,4.857833,4,Nordhordaland til Stadt,
6,2014,19635,Skatleia,medikamentell,badebehandling,Cypermethrin,,,,hele lokaliteten,1867,BØ I NORDLAND,18,Nordland,68.8001,14.593767,9,Vestfjorden og Vesterålen,
6,2014,10961,Skonseng,medikamentell,badebehandling,Annet virkestoff,,,,deler av lokaliteten,1824,VEFSN,18,Nordland,65.80648,12.619767,8,Helgeland til Bodø,
6,2014,10961,Skonseng,medikamentell,badebehandling,Annet virkestoff,,,,deler av lokaliteten,1824,VEFSN,18,Nordland,65.80648,12.619767,8,Helgeland til Bodø,
6,2014,12154,Smørdalen,medikamentell,badebehandling,Deltamethrin,,,,hele lokaliteten,1266,MASFJORDEN,12,Hordaland,60.8675,5.55215,4,Nordhordaland til Stadt,
6,2014,23375,Sørevik,medikamentell,badebehandling,Deltamethrin,,,,hele lokaliteten,1416,HØYANGER,14,Sogn og Fjordane,61.099983,5.729967,4,Nordhordaland til Stadt,
6,2014,23375,Sørevik,medikamentell,badebehandling,Deltamethrin,,,,hele lokaliteten,1416,HØYANGER,14,Sogn og Fjordane,61.099983,5.729967,4,Nordhordaland til Stadt,
6,2014,23375,Sørevik,medikamentell,badebehandling,Deltamethrin,,,,hele lokaliteten,1416,HØYANGER,14,Sogn og Fjordane,61.099983,5.729967,4,Nordhordaland til Stadt,
6,2014,31338,Storskjeret,medikamentell,badebehandling,Annet virkestoff,,,,deler av lokaliteten,1576,AURE,15,Møre og Romsdal,63.26985,8.228283,6,Nordmøre og Sør-Trøndelag,
6,2014,31338,Storskjeret,medikamentell,badebehandling,Annet virkestoff,,,,deler av lokaliteten,1576,AURE,15,Møre og Romsdal,63.26985,8.228283,6,Nordmøre og Sør-Trøndelag,
6,2014,31338,Storskjeret,medikamentell,badebehandling,Annet virkestoff,,,,deler av lokaliteten,1576,AURE,15,Møre og Romsdal,63.26985,8.228283,6,Nordmøre og Sør-Trøndelag,
6,2014,31338,Storskjeret,medikamentell,badebehandling,Annet virkestoff,,,,deler av lokaliteten,1576,AURE,15,Møre og Romsdal,63.26985,8.228283,6,Nordmøre og Sør-Trøndelag,
6,2014,31338,Storskjeret,medikamentell,badebehandling,Annet virkestoff,,,,deler av lokaliteten,1576,AURE,15,Møre og Romsdal,63.26985,8.228283,6,Nordmøre og Sør-Trøndelag,
6,2014,31338,Storskjeret,medikamentell,badebehandling,Annet virkestoff,,,,deler av lokaliteten,1576,AURE,15,Møre og Romsdal,63.26985,8.228283,6,Nordmøre og Sør-Trøndelag,
6,2014,31338,Storskjeret,medikamentell,badebehandling,Annet virkestoff,,,,deler av lokaliteten,1576,AURE,15,Møre og Romsdal,63.26985,8.228283,6,Nordmøre og Sør-Trøndelag,
6,2014,10875,Storurdvika,medikamentell,badebehandling,Annet virkestoff,,,,deler av lokaliteten,1816,VEVELSTAD,18,Nordland,65.7337,12.5357,8,Helgeland til Bodø,
6,2014,10875,Storurdvika,medikamentell,badebehandling,Annet virkestoff,,,,deler av lokaliteten,1816,VEVELSTAD,18,Nordland,65.7337,12.5357,8,Helgeland til Bodø,
6,2014,22955,Svollandsneset,medikamentell,badebehandling,Azamethiphos,,,,hele lokaliteten,1160,VINDAFJORD,11,Rogaland,59.684235,5.589717,3,Karmøy til Sotra,
6,2014,13704,Vikane,medikamentell,fôrbehandling,Diflubenzuron,,,,hele lokaliteten,1266,MASFJORDEN,12,Hordaland,60.7125,5.403633,4,Nordhordaland til Stadt,
6,2014,13246,Voldnes,medikamentell,badebehandling,Azamethiphos,,,,deler av lokaliteten,1515,HERØY I MØRE OG ROMSDAL,15,Møre og Romsdal,62.2097,5.7849,5,Stadt til Hustadvika,
6,2014,13246,Voldnes,medikamentell,badebehandling,Deltamethrin,,,,deler av lokaliteten,1515,HERØY I MØRE OG ROMSDAL,15,Møre og Romsdal,62.2097,5.7849,5,Stadt til Hustadvika,
5,2014,12982,Aldeøyna,medikamentell,badebehandling,Azamethiphos,,,,hele lokaliteten,1428,ASKVOLL,14,Sogn og Fjordane,61.31025,4.76905,4,Nordhordaland til Stadt,
5,2014,12982,Aldeøyna,medikamentell,badebehandling,Deltamethrin,,,,hele lokaliteten,1428,ASKVOLL,14,Sogn og Fjordane,61.31025,4.76905,4,Nordhordaland til Stadt,
5,2014,11513,Andal,medikamentell,badebehandling,Azamethiphos,,,,hele lokaliteten,1219,BØMLO,12,Hordaland,59.6365,5.247133,3,Karmøy til Sotra,
5,2014,13254,Aukan,medikamentell,badebehandling,Azamethiphos,,,,deler av lokaliteten,1554,AVERØY,15,Møre og Romsdal,63.0603,7.594283,6,Nordmøre og Sør-Trøndelag,
5,2014,13254,Aukan,medikamentell,badebehandling,Deltamethrin,,,,deler av lokaliteten,1554,AVERØY,15,Møre og Romsdal,63.0603,7.594283,6,Nordmøre og Sør-Trøndelag,
5,2014,31038,Buarøy,medikamentell,badebehandling,Azamethiphos,,,,deler av lokaliteten,1245,SUND,12,Hordaland,60.220066,5.21455,3,Karmøy til Sotra,
5,2014,31038,Buarøy,medikamentell,badebehandling,Deltamethrin,,,,deler av lokaliteten,1245,SUND,12,Hordaland,60.220066,5.21455,3,Karmøy til Sotra,
5,2014,32457,Dalsvåg Nv,medikamentell,fôrbehandling,Teflubenzuron,,,,hele lokaliteten,1149,KARMØY,11,Rogaland,59.410816,5.21725,3,Karmøy til Sotra,
5,2014,13229,Djupedalen,medikamentell,fôrbehandling,Emamectin benzoat,,,,hele lokaliteten,1241,FUSA,12,Hordaland,60.230865,5.6733,3,Karmøy til Sotra,
5,2014,13711,Dyvika,medikamentell,badebehandling,Cypermethrin,,,,deler av lokaliteten,1428,ASKVOLL,14,Sogn og Fjordane,61.478584,5.375967,4,Nordhordaland til Stadt,
5,2014,25835,Flatøyflu,medikamentell,badebehandling,Azamethiphos,,,,deler av lokaliteten,1244,AUSTEVOLL,12,Hordaland,60.156433,5.232,3,Karmøy til Sotra,
5,2014,25835,Flatøyflu,medikamentell,badebehandling,Deltamethrin,,,,deler av lokaliteten,1244,AUSTEVOLL,12,Hordaland,60.156433,5.232,3,Karmøy til Sotra,
5,2014,26335,Geitholmen,medikamentell,fôrbehandling,Diflubenzuron,,,,hele lokaliteten,1750,VIKNA,17,Nord-Trøndelag,64.79955,11.025933,7,Nord-Trøndelag med Bindal,
5,2014,10324,Gjerdeviksflua,medikamentell,fôrbehandling,Emamectin benzoat,,,,hele lokaliteten,1241,FUSA,12,Hordaland,60.223083,5.641167,3,Karmøy til Sotra,
5,2014,11690,Grasholmen,medikamentell,badebehandling,Azamethiphos,,,,deler av lokaliteten,1260,RADØY,12,Hordaland,60.595768,5.159717,4,Nordhordaland til Stadt,
5,2014,11690,Grasholmen,medikamentell,badebehandling,Deltamethrin,,,,deler av lokaliteten,1260,RADØY,12,Hordaland,60.595768,5.159717,4,Nordhordaland til Stadt,
5,2014,32317,Guriøyna,medikamentell,fôrbehandling,Emamectin benzoat,,,,hele lokaliteten,1428,ASKVOLL,14,Sogn og Fjordane,61.297916,4.66045,4,Nordhordaland til Stadt,
5,2014,11511,Hattasteinen,medikamentell,badebehandling,Azamethiphos,,,,deler av lokaliteten,1219,BØMLO,12,Hordaland,59.626266,5.250717,3,Karmøy til Sotra,
5,2014,11783,Hella,medikamentell,badebehandling,Deltamethrin,,,,hele lokaliteten,1428,ASKVOLL,14,Sogn og Fjordane,61.40663,5.080817,4,Nordhordaland til Stadt,
5,2014,18936,Igerøy Ø,medikamentell,badebehandling,Hydrogenperoksid,,,,deler av lokaliteten,1815,VEGA,18,Nordland,65.68622,12.138533,8,Helgeland til Bodø,
5,2014,11957,Indre Slettavikneset,medikamentell,badebehandling,Azamethiphos,,,,hele lokaliteten,1102,SANDNES,11,Rogaland,58.9542,5.943617,2,Ryfylke,
5,2014,11957,Indre Slettavikneset,ikke-medikamentell,,,,,,hele lokaliteten,1102,SANDNES,11,Rogaland,58.9542,5.943617,2,Ryfylke,
5,2014,13242,Juvika B,medikamentell,badebehandling,Deltamethrin,,,,deler av lokaliteten,1438,BREMANGER,14,Sogn og Fjordane,61.895683,5.6331,4,Nordhordaland til Stadt,
5,2014,22915,Kalsøyflu,medikamentell,badebehandling,Cypermethrin,,,,hele lokaliteten,1244,AUSTEVOLL,12,Hordaland,60.0398,5.117883,3,Karmøy til Sotra,
5,2014,22915,Kalsøyflu,medikamentell,badebehandling,Cypermethrin,,,,hele lokaliteten,1244,AUSTEVOLL,12,Hordaland,60.0398,5.117883,3,Karmøy til Sotra,
5,2014,13573,Kistvika,medikamentell,badebehandling,Annet virkestoff,,,,hele lokaliteten,1612,HEMNE,16,Sør-Trøndelag,63.380707,9.164458,6,Nordmøre og Sør-Trøndelag,
5,2014,13573,Kistvika,medikamentell,badebehandling,Annet virkestoff,,,,hele lokaliteten,1612,HEMNE,16,Sør-Trøndelag,63.380707,9.164458,6,Nordmøre og Sør-Trøndelag,
5,2014,11534,Klungsholmen,medikamentell,badebehandling,Azamethiphos,,,,hele lokaliteten,1219,BØMLO,12,Hordaland,59.596783,5.161567,3,Karmøy til Sotra,
5,2014,11534,Klungsholmen,medikamentell,badebehandling,Deltamethrin,,,,hele lokaliteten,1219,BØMLO,12,Hordaland,59.596783,5.161567,3,Karmøy til Sotra,
5,2014,14040,Krigsholmen,medikamentell,badebehandling,Cypermethrin,,,,hele lokaliteten,1244,AUSTEVOLL,12,Hordaland,60.081383,5.124117,3,Karmøy til Sotra,
5,2014,11775,Kviteskjeret,medikamentell,fôrbehandling,Emamectin benzoat,,,,hele lokaliteten,1428,ASKVOLL,14,Sogn og Fjordane,61.467815,5.2203,4,Nordhordaland til Stadt,
5,2014,10840,Lille Kufjord,medikamentell,badebehandling,Deltamethrin,,,,deler av lokaliteten,2012,ALTA,20,Finnmark,70.34652,22.974916,12,Vest-Finnmark,
5,2014,14039,Litle Lunnøy,medikamentell,badebehandling,Cypermethrin,,,,hele lokaliteten,1244,AUSTEVOLL,12,Hordaland,60.0199,5.16775,3,Karmøy til Sotra,
5,2014,10292,Lyklingholmen N,medikamentell,badebehandling,Hydrogenperoksid,,,,hele lokaliteten,1219,BØMLO,12,Hordaland,59.714535,5.15405,3,Karmøy til Sotra,
5,2014,30559,Øksneset,medikamentell,badebehandling,Azamethiphos,,,,hele lokaliteten,1264,AUSTRHEIM,12,Hordaland,60.811882,4.8644,4,Nordhordaland til Stadt,
5,2014,30559,Øksneset,ikke-medikamentell,,,,,,hele lokaliteten,1264,AUSTRHEIM,12,Hordaland,60.811882,4.8644,4,Nordhordaland til Stadt,
5,2014,13959,Oterholmen,medikamentell,fôrbehandling,Teflubenzuron,,,,hele lokaliteten,1751,NÆRØY,17,Nord-Trøndelag,64.81578,11.2208,7,Nord-Trøndelag med Bindal,
5,2014,10841,Pollen,medikamentell,badebehandling,Deltamethrin,,,,deler av lokaliteten,2012,ALTA,20,Finnmark,70.34088,22.804867,12,Vest-Finnmark,
5,2014,28636,Rataren,rensefisk,,,222120,Rognkjeks (hun),7103,deler av lokaliteten,1620,FRØYA,16,Sør-Trøndelag,63.780884,8.517383,6,Nordmøre og Sør-Trøndelag,
5,2014,31959,Rataren II,rensefisk,,,222120,Rognkjeks (hun),3565,deler av lokaliteten,1620,FRØYA,16,Sør-Trøndelag,63.782383,8.526367,6,Nordmøre og Sør-Trøndelag,
5,2014,31777,Reinvika,medikamentell,fôrbehandling,Emamectin benzoat,,,,hele lokaliteten,1845,SØRFOLD,18,Nordland,67.60568,15.368483,9,Vestfjorden og Vesterålen,
5,2014,10086,Rekeviki,medikamentell,fôrbehandling,Diflubenzuron,,,,hele lokaliteten,1263,LINDÅS,12,Hordaland,60.7231,5.325451,4,Nordhordaland til Stadt,
5,2014,29276,Rongøy,medikamentell,badebehandling,Azamethiphos,,,,deler av lokaliteten,1259,ØYGARDEN,12,Hordaland,60.509468,4.9314,4,Nordhordaland til Stadt,
5,2014,29276,Rongøy,medikamentell,badebehandling,Deltamethrin,,,,deler av lokaliteten,1259,ØYGARDEN,12,Hordaland,60.509468,4.9314,4,Nordhordaland til Stadt,
5,2014,12003,Rossholmen N,medikamentell,badebehandling,Azamethiphos,,,,hele lokaliteten,1142,RENNESØY,11,Rogaland,59.06428,5.722617,2,Ryfylke,
5,2014,28416,Sandvik,medikamentell,badebehandling,Azamethiphos,,,,deler av lokaliteten,1251,VAKSDAL,12,Hordaland,60.456566,5.6922,4,Nordhordaland til Stadt,
5,2014,28416,Sandvik,medikamentell,badebehandling,Azamethiphos,,,,deler av lokaliteten,1251,VAKSDAL,12,Hordaland,60.456566,5.6922,4,Nordhordaland til Stadt,
5,2014,28416,Sandvik,medikamentell,badebehandling,Azamethiphos,,,,deler av lokaliteten,1251,VAKSDAL,12,Hordaland,60.456566,5.6922,4,Nordhordaland til Stadt,
5,2014,28416,Sandvik,medikamentell,badebehandling,Deltamethrin,,,,deler av lokaliteten,1251,VAKSDAL,12,Hordaland,60.456566,5.6922,4,Nordhordaland til Stadt,
5,2014,28416,Sandvik,medikamentell,badebehandling,Deltamethrin,,,,deler av lokaliteten,1251,VAKSDAL,12,Hordaland,60.456566,5.6922,4,Nordhordaland til Stadt,
5,2014,11758,Sauøy Ø,medikamentell,badebehandling,Annet virkestoff,,,,deler av lokaliteten,1259,ØYGARDEN,12,Hordaland,60.592335,4.857833,4,Nordhordaland til Stadt,
5,2014,11758,Sauøy Ø,medikamentell,badebehandling,Cypermethrin,,,,deler av lokaliteten,1259,ØYGARDEN,12,Hordaland,60.592335,4.857833,4,Nordhordaland til Stadt,
5,2014,12192,Skorva,medikamentell,fôrbehandling,Emamectin benzoat,,,,hele lokaliteten,1428,ASKVOLL,14,Sogn og Fjordane,61.467117,5.3136,4,Nordhordaland til Stadt,
5,2014,12154,Smørdalen,medikamentell,badebehandling,Deltamethrin,,,,hele lokaliteten,1266,MASFJORDEN,12,Hordaland,60.8675,5.55215,4,Nordhordaland til Stadt,
5,2014,20776,Storoksen,medikamentell,badebehandling,Azamethiphos,,,,deler av lokaliteten,1247,ASKØY,12,Hordaland,60.530884,4.97325,4,Nordhordaland til Stadt,
5,2014,20776,Storoksen,medikamentell,badebehandling,Azamethiphos,,,,deler av lokaliteten,1247,ASKØY,12,Hordaland,60.530884,4.97325,4,Nordhordaland til Stadt,
5,2014,20776,Storoksen,medikamentell,badebehandling,Deltamethrin,,,,deler av lokaliteten,1247,ASKØY,12,Hordaland,60.530884,4.97325,4,Nordhordaland til Stadt,
5,2014,11552,Stuholmen,medikamentell,badebehandling,Azamethiphos,,,,hele lokaliteten,1245,SUND,12,Hordaland,60.249683,4.978117,3,Karmøy til Sotra,
5,2014,11552,Stuholmen,medikamentell,badebehandling,Azamethiphos,,,,hele lokaliteten,1245,SUND,12,Hordaland,60.249683,4.978117,3,Karmøy til Sotra,
5,2014,12662,Ternskjæret II,medikamentell,badebehandling,Hydrogenperoksid,,,,deler av lokaliteten,1751,NÆRØY,17,Nord-Trøndelag,64.77713,11.639767,7,Nord-Trøndelag med Bindal,
5,2014,25815,Tittelsnes,medikamentell,badebehandling,Azamethiphos,,,,hele lokaliteten,1216,SVEIO,12,Hordaland,59.723484,5.533483,3,Karmøy til Sotra,
5,2014,13704,Vikane,medikamentell,fôrbehandling,Diflubenzuron,,,,hele lokaliteten,1266,MASFJORDEN,12,Hordaland,60.7125,5.403633,4,Nordhordaland til Stadt,
5,2014,13246,Voldnes,medikamentell,badebehandling,Azamethiphos,,,,deler av lokaliteten,1515,HERØY I MØRE OG ROMSDAL,15,Møre og Romsdal,62.2097,5.7849,5,Stadt til Hustadvika,
5,2014,13246,Voldnes,medikamentell,badebehandling,Deltamethrin,,,,deler av lokaliteten,1515,HERØY I MØRE OG ROMSDAL,15,Møre og Romsdal,62.2097,5.7849,5,Stadt til Hustadvika,
4,2014,10212,Bogen,medikamentell,badebehandling,Azamethiphos,,,,hele lokaliteten,1505,KRISTIANSUND,15,Møre og Romsdal,63.077667,7.90345,6,Nordmøre og Sør-Trøndelag,
4,2014,10212,Bogen,medikamentell,badebehandling,Deltamethrin,,,,hele lokaliteten,1505,KRISTIANSUND,15,Møre og Romsdal,63.077667,7.90345,6,Nordmøre og Sør-Trøndelag,
4,2014,11574,Breivik S,medikamentell,badebehandling,Azamethiphos,,,,hele lokaliteten,1219,BØMLO,12,Hordaland,59.671185,5.31215,3,Karmøy til Sotra,
4,2014,11435,Bryggelandsholmane,medikamentell,fôrbehandling,Teflubenzuron,,,,hele lokaliteten,1106,HAUGESUND,11,Rogaland,59.429016,5.096417,3,Karmøy til Sotra,
4,2014,11087,Bukkøya Ø,medikamentell,badebehandling,Annet virkestoff,,,,deler av lokaliteten,1836,RØDØY,18,Nordland,66.64097,12.994583,8,Helgeland til Bodø,
4,2014,11087,Bukkøya Ø,medikamentell,badebehandling,Annet virkestoff,,,,deler av lokaliteten,1836,RØDØY,18,Nordland,66.64097,12.994583,8,Helgeland til Bodø,
4,2014,32457,Dalsvåg Nv,medikamentell,fôrbehandling,Teflubenzuron,,,,hele lokaliteten,1149,KARMØY,11,Rogaland,59.410816,5.21725,3,Karmøy til Sotra,
4,2014,13711,Dyvika,medikamentell,badebehandling,Cypermethrin,,,,deler av lokaliteten,1428,ASKVOLL,14,Sogn og Fjordane,61.478584,5.375967,4,Nordhordaland til Stadt,
4,2014,25835,Flatøyflu,medikamentell,badebehandling,Azamethiphos,,,,deler av lokaliteten,1244,AUSTEVOLL,12,Hordaland,60.156433,5.232,3,Karmøy til Sotra,
4,2014,25835,Flatøyflu,medikamentell,badebehandling,Deltamethrin,,,,deler av lokaliteten,1244,AUSTEVOLL,12,Hordaland,60.156433,5.232,3,Karmøy til Sotra,
4,2014,13669,Furneset,medikamentell,badebehandling,Azamethiphos,,,,deler av lokaliteten,1535,VESTNES,15,Møre og Romsdal,62.6461,7.101183,5,Stadt til Hustadvika,
4,2014,13669,Furneset,medikamentell,badebehandling,Deltamethrin,,,,deler av lokaliteten,1535,VESTNES,15,Møre og Romsdal,62.6461,7.101183,5,Stadt til Hustadvika,
4,2014,10324,Gjerdeviksflua,medikamentell,fôrbehandling,Emamectin benzoat,,,,hele lokaliteten,1241,FUSA,12,Hordaland,60.223083,5.641167,3,Karmøy til Sotra,
4,2014,13852,Gjermundnes,medikamentell,badebehandling,Azamethiphos,,,,deler av lokaliteten,1535,VESTNES,15,Møre og Romsdal,62.6275,7.192817,5,Stadt til Hustadvika,
4,2014,13852,Gjermundnes,medikamentell,badebehandling,Deltamethrin,,,,deler av lokaliteten,1535,VESTNES,15,Møre og Romsdal,62.6275,7.192817,5,Stadt til Hustadvika,
4,2014,13838,Hegnes,medikamentell,badebehandling,Azamethiphos,,,,deler av lokaliteten,1429,FJALER,14,Sogn og Fjordane,61.356483,5.287933,4,Nordhordaland til Stadt,
4,2014,13838,Hegnes,medikamentell,badebehandling,Deltamethrin,,,,deler av lokaliteten,1429,FJALER,14,Sogn og Fjordane,61.356483,5.287933,4,Nordhordaland til Stadt,
4,2014,11783,Hella,medikamentell,badebehandling,Deltamethrin,,,,hele lokaliteten,1428,ASKVOLL,14,Sogn og Fjordane,61.40663,5.080817,4,Nordhordaland til Stadt,
4,2014,32417,Hjartholmosen,medikamentell,badebehandling,Deltamethrin,,,,deler av lokaliteten,1244,AUSTEVOLL,12,Hordaland,60.00458,5.227917,3,Karmøy til Sotra,
4,2014,32417,Hjartholmosen,ikke-medikamentell,,,,,,deler av lokaliteten,1244,AUSTEVOLL,12,Hordaland,60.00458,5.227917,3,Karmøy til Sotra,
4,2014,12035,Hondskår,medikamentell,badebehandling,Annet virkestoff,,,,deler av lokaliteten,1224,KVINNHERAD,12,Hordaland,60.107418,5.939833,3,Karmøy til Sotra,
4,2014,12035,Hondskår,medikamentell,badebehandling,Annet virkestoff,,,,deler av lokaliteten,1224,KVINNHERAD,12,Hordaland,60.107418,5.939833,3,Karmøy til Sotra,
4,2014,13220,Kalhag,medikamentell,badebehandling,Azamethiphos,,,,deler av lokaliteten,1130,STRAND,11,Rogaland,58.974716,5.93595,2,Ryfylke,
4,2014,13220,Kalhag,ikke-medikamentell,,,,,,deler av lokaliteten,1130,STRAND,11,Rogaland,58.974716,5.93595,2,Ryfylke,
4,2014,13225,Kilaneset,medikamentell,badebehandling,Azamethiphos,,,,deler av lokaliteten,1134,SULDAL,11,Rogaland,59.31335,6.2672,2,Ryfylke,
4,2014,24455,Klavelandet,medikamentell,badebehandling,Deltamethrin,,,,hele lokaliteten,1401,FLORA,14,Sogn og Fjordane,61.60395,5.186533,4,Nordhordaland til Stadt,
4,2014,13339,Klungervikneset,medikamentell,badebehandling,Hydrogenperoksid,,,,hele lokaliteten,1219,BØMLO,12,Hordaland,59.74668,5.3424,3,Karmøy til Sotra,
4,2014,13567,"Knappen,Solheim",medikamentell,badebehandling,Deltamethrin,,,,hele lokaliteten,1266,MASFJORDEN,12,Hordaland,60.885334,5.4616,4,Nordhordaland til Stadt,
4,2014,21676,Kråkholmen,medikamentell,badebehandling,Hydrogenperoksid,,,,deler av lokaliteten,1749,FLATANGER,17,Nord-Trøndelag,64.60212,10.85345,7,Nord-Trøndelag med Bindal,
4,2014,11775,Kviteskjeret,medikamentell,fôrbehandling,Emamectin benzoat,,,,hele lokaliteten,1428,ASKVOLL,14,Sogn og Fjordane,61.467815,5.2203,4,Nordhordaland til Stadt,
4,2014,13699,Leirvika,rensefisk,,,2221,Rognkjeks (felles),30000,hele lokaliteten,1266,MASFJORDEN,12,Hordaland,60.742134,5.3432,4,Nordhordaland til Stadt,
4,2014,13629,Munkholmen,medikamentell,badebehandling,Azamethiphos,,,,deler av lokaliteten,1146,TYSVÆR,11,Rogaland,59.285484,5.631317,2,Ryfylke,
4,2014,27055,Oddane,medikamentell,badebehandling,Deltamethrin,,,,deler av lokaliteten,1401,FLORA,14,Sogn og Fjordane,61.541485,4.96955,4,Nordhordaland til Stadt,
4,2014,27055,Oddane,ikke-medikamentell,,,,,,deler av lokaliteten,1401,FLORA,14,Sogn og Fjordane,61.541485,4.96955,4,Nordhordaland til Stadt,
4,2014,13959,Oterholmen,medikamentell,fôrbehandling,Teflubenzuron,,,,hele lokaliteten,1751,NÆRØY,17,Nord-Trøndelag,64.81578,11.2208,7,Nord-Trøndelag med Bindal,
4,2014,11972,Prestholmane,medikamentell,badebehandling,Azamethiphos,,,,deler av lokaliteten,1141,FINNØY,11,Rogaland,59.11717,5.844433,2,Ryfylke,
4,2014,11972,Prestholmane,ikke-medikamentell,,,,,,hele lokaliteten,1141,FINNØY,11,Rogaland,59.11717,5.844433,2,Ryfylke,
4,2014,31777,Reinvika,medikamentell,fôrbehandling,Emamectin benzoat,,,,hele lokaliteten,1845,SØRFOLD,18,Nordland,67.60568,15.368483,9,Vestfjorden og Vesterålen,
4,2014,10086,Rekeviki,medikamentell,fôrbehandling,Diflubenzuron,,,,hele lokaliteten,1263,LINDÅS,12,Hordaland,60.7231,5.325451,4,Nordhordaland til Stadt,
4,2014,17357,Rennaren,medikamentell,badebehandling,Azamethiphos,,,,deler av lokaliteten,1142,RENNESØY,11,Rogaland,59.131584,5.72165,2,Ryfylke,
4,2014,13249,Sagelva,medikamentell,badebehandling,Azamethiphos,,,,hele lokaliteten,1520,ØRSTA,15,Møre og Romsdal,62.33795,6.38165,5,Stadt til Hustadvika,
4,2014,13249,Sagelva,medikamentell,badebehandling,Deltamethrin,,,,hele lokaliteten,1520,ØRSTA,15,Møre og Romsdal,62.33795,6.38165,5,Stadt til Hustadvika,
4,2014,13249,Sagelva,ikke-medikamentell,,,,,,hele lokaliteten,1520,ØRSTA,15,Møre og Romsdal,62.33795,6.38165,5,Stadt til Hustadvika,
4,2014,12192,Skorva,medikamentell,fôrbehandling,Emamectin benzoat,,,,hele lokaliteten,1428,ASKVOLL,14,Sogn og Fjordane,61.467117,5.3136,4,Nordhordaland til Stadt,
4,2014,13291,Soløya,rensefisk,,,2221,Rognkjeks (felles),4249,deler av lokaliteten,1859,FLAKSTAD,18,Nordland,68.00382,13.182267,9,Vestfjorden og Vesterålen,
4,2014,13290,Stigvika,medikamentell,badebehandling,Azamethiphos,,,,deler av lokaliteten,1838,GILDESKÅL,18,Nordland,67.06885,14.076133,8,Helgeland til Bodø,
4,2014,13290,Stigvika,medikamentell,badebehandling,Deltamethrin,,,,deler av lokaliteten,1838,GILDESKÅL,18,Nordland,67.06885,14.076133,8,Helgeland til Bodø,
4,2014,11486,Stokkavik,medikamentell,badebehandling,Hydrogenperoksid,,,,hele lokaliteten,1219,BØMLO,12,Hordaland,59.7604,5.341183,3,Karmøy til Sotra,
4,2014,11813,Svinøy V,medikamentell,badebehandling,Azamethiphos,,,,hele lokaliteten,1429,FJALER,14,Sogn og Fjordane,61.3034,5.101717,4,Nordhordaland til Stadt,
4,2014,11813,Svinøy V,medikamentell,badebehandling,Deltamethrin,,,,hele lokaliteten,1429,FJALER,14,Sogn og Fjordane,61.3034,5.101717,4,Nordhordaland til Stadt,
4,2014,22955,Svollandsneset,rensefisk,,,2221,Rognkjeks (felles),19500,hele lokaliteten,1160,VINDAFJORD,11,Rogaland,59.684235,5.589717,3,Karmøy til Sotra,
4,2014,10309,Syrtangen,medikamentell,badebehandling,Azamethiphos,,,,hele lokaliteten,1259,ØYGARDEN,12,Hordaland,60.468468,4.965967,4,Nordhordaland til Stadt,
4,2014,30837,Torangskjeret,medikamentell,badebehandling,Deltamethrin,,,,hele lokaliteten,1244,AUSTEVOLL,12,Hordaland,60.130184,5.176033,3,Karmøy til Sotra,
4,2014,10029,Tuholmane Ø,medikamentell,badebehandling,Azamethiphos,,,,hele lokaliteten,1149,KARMØY,11,Rogaland,59.372032,5.20965,3,Karmøy til Sotra,
4,2014,13562,Uføro,medikamentell,badebehandling,Deltamethrin,,,,deler av lokaliteten,1221,STORD,12,Hordaland,59.877434,5.52725,3,Karmøy til Sotra,
4,2014,13562,Uføro,ikke-medikamentell,,,,,,deler av lokaliteten,1221,STORD,12,Hordaland,59.877434,5.52725,3,Karmøy til Sotra,
4,2014,11533,Usholmsvika,medikamentell,badebehandling,Azamethiphos,,,,hele lokaliteten,1245,SUND,12,Hordaland,60.1749,5.0917,3,Karmøy til Sotra,
4,2014,10091,Vågsøya,medikamentell,fôrbehandling,Emamectin benzoat,,,,deler av lokaliteten,1401,FLORA,14,Sogn og Fjordane,61.489735,5.023517,4,Nordhordaland til Stadt,
4,2014,32337,Veiesund,medikamentell,fôrbehandling,Emamectin benzoat,,,,hele lokaliteten,1401,FLORA,14,Sogn og Fjordane,61.572067,5.0466,4,Nordhordaland til Stadt,
4,2014,13837,Verpeide,medikamentell,badebehandling,Deltamethrin,,,,deler av lokaliteten,1439,VÅGSØY,14,Sogn og Fjordane,61.902954,5.207967,4,Nordhordaland til Stadt,
4,2014,13837,Verpeide,ikke-medikamentell,,,,,,hele lokaliteten,1439,VÅGSØY,14,Sogn og Fjordane,61.902954,5.207967,4,Nordhordaland til Stadt,
4,2014,12885,Vikageilen,medikamentell,badebehandling,Azamethiphos,,,,hele lokaliteten,1505,KRISTIANSUND,15,Møre og Romsdal,63.075783,7.906067,6,Nordmøre og Sør-Trøndelag,
4,2014,12885,Vikageilen,medikamentell,badebehandling,Deltamethrin,,,,hele lokaliteten,1505,KRISTIANSUND,15,Møre og Romsdal,63.075783,7.906067,6,Nordmøre og Sør-Trøndelag,
4,2014,13704,Vikane,medikamentell,fôrbehandling,Diflubenzuron,,,,hele lokaliteten,1266,MASFJORDEN,12,Hordaland,60.7125,5.403633,4,Nordhordaland til Stadt,
3,2014,11793,Ånnaholmane,medikamentell,badebehandling,Azamethiphos,,,,hele lokaliteten,1428,ASKVOLL,14,Sogn og Fjordane,61.28417,4.727567,4,Nordhordaland til Stadt,
3,2014,11793,Ånnaholmane,medikamentell,badebehandling,Deltamethrin,,,,hele lokaliteten,1428,ASKVOLL,14,Sogn og Fjordane,61.28417,4.727567,4,Nordhordaland til Stadt,
3,2014,22455,Bjørlykkestranda,medikamentell,badebehandling,Azamethiphos,,,,hele lokaliteten,1511,VANYLVEN,15,Møre og Romsdal,62.16655,5.5954,5,Stadt til Hustadvika,
3,2014,22455,Bjørlykkestranda,medikamentell,badebehandling,Deltamethrin,,,,hele lokaliteten,1511,VANYLVEN,15,Møre og Romsdal,62.16655,5.5954,5,Stadt til Hustadvika,
3,2014,13209,Bognøy,medikamentell,badebehandling,Cypermethrin,,,,deler av lokaliteten,1260,RADØY,12,Hordaland,60.60407,5.076983,4,Nordhordaland til Stadt,
3,2014,11754,Bøøy,medikamentell,badebehandling,Deltamethrin,,,,hele lokaliteten,1260,RADØY,12,Hordaland,60.72798,4.863417,4,Nordhordaland til Stadt,
3,2014,13841,Brunsvik,medikamentell,badebehandling,Deltamethrin,,,,hele lokaliteten,1439,VÅGSØY,14,Sogn og Fjordane,61.910183,5.29085,4,Nordhordaland til Stadt,
3,2014,11435,Bryggelandsholmane,medikamentell,fôrbehandling,Teflubenzuron,,,,hele lokaliteten,1106,HAUGESUND,11,Rogaland,59.429016,5.096417,3,Karmøy til Sotra,
3,2014,13229,Djupedalen,medikamentell,fôrbehandling,Emamectin benzoat,,,,hele lokaliteten,1241,FUSA,12,Hordaland,60.230865,5.6733,3,Karmøy til Sotra,
3,2014,10045,Eidholmen,medikamentell,badebehandling,Cypermethrin,,,,hele lokaliteten,1244,AUSTEVOLL,12,Hordaland,60.08808,5.120633,3,Karmøy til Sotra,
3,2014,10324,Gjerdeviksflua,medikamentell,badebehandling,Annet virkestoff,,,,hele lokaliteten,1241,FUSA,12,Hordaland,60.223083,5.641167,3,Karmøy til Sotra,
3,2014,10324,Gjerdeviksflua,medikamentell,fôrbehandling,Emamectin benzoat,,,,hele lokaliteten,1241,FUSA,12,Hordaland,60.223083,5.641167,3,Karmøy til Sotra,
3,2014,13852,Gjermundnes,medikamentell,badebehandling,Azamethiphos,,,,deler av lokaliteten,1535,VESTNES,15,Møre og Romsdal,62.6275,7.192817,5,Stadt til Hustadvika,
3,2014,13852,Gjermundnes,medikamentell,badebehandling,Deltamethrin,,,,deler av lokaliteten,1535,VESTNES,15,Møre og Romsdal,62.6275,7.192817,5,Stadt til Hustadvika,
3,2014,12265,Gudmundset,medikamentell,badebehandling,Azamethiphos,,,,hele lokaliteten,1529,SKODJE,15,Møre og Romsdal,62.4527,6.602483,5,Stadt til Hustadvika,
3,2014,12265,Gudmundset,medikamentell,badebehandling,Deltamethrin,,,,hele lokaliteten,1529,SKODJE,15,Møre og Romsdal,62.4527,6.602483,5,Stadt til Hustadvika,
3,2014,10291,Hiskholmen,medikamentell,badebehandling,Azamethiphos,,,,hele lokaliteten,1219,BØMLO,12,Hordaland,59.72663,5.145617,3,Karmøy til Sotra,
3,2014,10291,Hiskholmen,medikamentell,badebehandling,Azamethiphos,,,,hele lokaliteten,1219,BØMLO,12,Hordaland,59.72663,5.145617,3,Karmøy til Sotra,
3,2014,10291,Hiskholmen,medikamentell,badebehandling,Deltamethrin,,,,hele lokaliteten,1219,BØMLO,12,Hordaland,59.72663,5.145617,3,Karmøy til Sotra,
3,2014,32417,Hjartholmosen,medikamentell,badebehandling,Deltamethrin,,,,deler av lokaliteten,1244,AUSTEVOLL,12,Hordaland,60.00458,5.227917,3,Karmøy til Sotra,
3,2014,32417,Hjartholmosen,ikke-medikamentell,,,,,,deler av lokaliteten,1244,AUSTEVOLL,12,Hordaland,60.00458,5.227917,3,Karmøy til Sotra,
3,2014,32757,Horgefjorden,medikamentell,badebehandling,Azamethiphos,,,,hele lokaliteten,1244,AUSTEVOLL,12,Hordaland,60.09942,5.117883,3,Karmøy til Sotra,
3,2014,24455,Klavelandet,medikamentell,badebehandling,Deltamethrin,,,,hele lokaliteten,1401,FLORA,14,Sogn og Fjordane,61.60395,5.186533,4,Nordhordaland til Stadt,
3,2014,14040,Krigsholmen,medikamentell,badebehandling,Azamethiphos,,,,hele lokaliteten,1244,AUSTEVOLL,12,Hordaland,60.081383,5.124117,3,Karmøy til Sotra,
3,2014,11633,Krossholmen,medikamentell,badebehandling,Azamethiphos,,,,deler av lokaliteten,1219,BØMLO,12,Hordaland,59.7879,5.100533,3,Karmøy til Sotra,
3,2014,11633,Krossholmen,medikamentell,badebehandling,Deltamethrin,,,,deler av lokaliteten,1219,BØMLO,12,Hordaland,59.7879,5.100533,3,Karmøy til Sotra,
3,2014,11633,Krossholmen,ikke-medikamentell,,,,,,deler av lokaliteten,1219,BØMLO,12,Hordaland,59.7879,5.100533,3,Karmøy til Sotra,
3,2014,11803,Kyravika,medikamentell,badebehandling,Azamethiphos,,,,hele lokaliteten,1429,FJALER,14,Sogn og Fjordane,61.316433,5.1563,4,Nordhordaland til Stadt,
3,2014,11803,Kyravika,medikamentell,badebehandling,Deltamethrin,,,,hele lokaliteten,1429,FJALER,14,Sogn og Fjordane,61.316433,5.1563,4,Nordhordaland til Stadt,
3,2014,24715,Langholmen,medikamentell,badebehandling,Azamethiphos,,,,hele lokaliteten,1141,FINNØY,11,Rogaland,59.097282,5.835917,2,Ryfylke,
3,2014,24715,Langholmen,ikke-medikamentell,,,,,,hele lokaliteten,1141,FINNØY,11,Rogaland,59.097282,5.835917,2,Ryfylke,
3,2014,14086,Lelandsholmen,medikamentell,badebehandling,Azamethiphos,,,,hele lokaliteten,1219,BØMLO,12,Hordaland,59.728535,5.153067,3,Karmøy til Sotra,
3,2014,14086,Lelandsholmen,medikamentell,badebehandling,Deltamethrin,,,,hele lokaliteten,1219,BØMLO,12,Hordaland,59.728535,5.153067,3,Karmøy til Sotra,
3,2014,12047,Mjåneset,medikamentell,badebehandling,Annet virkestoff,,,,hele lokaliteten,1241,FUSA,12,Hordaland,60.176,5.7244,3,Karmøy til Sotra,
3,2014,11611,Naveide,medikamentell,badebehandling,Azamethiphos,,,,deler av lokaliteten,1244,AUSTEVOLL,12,Hordaland,60.13907,5.112783,3,Karmøy til Sotra,
3,2014,11611,Naveide,medikamentell,badebehandling,Deltamethrin,,,,deler av lokaliteten,1244,AUSTEVOLL,12,Hordaland,60.13907,5.112783,3,Karmøy til Sotra,
3,2014,11738,Otterholmen,medikamentell,badebehandling,Azamethiphos,,,,hele lokaliteten,1260,RADØY,12,Hordaland,60.68693,4.907933,4,Nordhordaland til Stadt,
3,2014,11972,Prestholmane,medikamentell,badebehandling,Azamethiphos,,,,deler av lokaliteten,1141,FINNØY,11,Rogaland,59.11717,5.844433,2,Ryfylke,
3,2014,11972,Prestholmane,ikke-medikamentell,,,,,,hele lokaliteten,1141,FINNØY,11,Rogaland,59.11717,5.844433,2,Ryfylke,
3,2014,11964,Ringja,medikamentell,badebehandling,Azamethiphos,,,,deler av lokaliteten,1146,TYSVÆR,11,Rogaland,59.405468,5.8631,2,Ryfylke,
3,2014,12209,Rønstad,medikamentell,badebehandling,Hydrogenperoksid,,,,hele lokaliteten,1519,VOLDA,15,Møre og Romsdal,62.135117,6.021433,5,Stadt til Hustadvika,
3,2014,12209,Rønstad,ikke-medikamentell,,,,,,hele lokaliteten,1519,VOLDA,15,Møre og Romsdal,62.135117,6.021433,5,Stadt til Hustadvika,
3,2014,11888,Sandvik,medikamentell,badebehandling,Azamethiphos,,,,deler av lokaliteten,1134,SULDAL,11,Rogaland,59.31445,6.170917,2,Ryfylke,
3,2014,26738,Skiftesvika,rensefisk,,,2221,Rognkjeks (felles),5000,deler av lokaliteten,1141,FINNØY,11,Rogaland,59.167885,5.920667,2,Ryfylke,
3,2014,30117,Skognes,medikamentell,badebehandling,Deltamethrin,,,,hele lokaliteten,1941,SKJERVØY,19,Troms,69.96167,20.97695,11,Kvaløya til Loppa,
3,2014,30997,Skrubbholmen,medikamentell,fôrbehandling,Teflubenzuron,,,,deler av lokaliteten,1751,NÆRØY,17,Nord-Trøndelag,64.801735,11.162183,7,Nord-Trøndelag med Bindal,
3,2014,13708,Steinvik,medikamentell,badebehandling,Deltamethrin,,,,hele lokaliteten,1401,FLORA,14,Sogn og Fjordane,61.565266,5.31025,4,Nordhordaland til Stadt,
3,2014,22955,Svollandsneset,rensefisk,,,2221,Rognkjeks (felles),19500,hele lokaliteten,1160,VINDAFJORD,11,Rogaland,59.684235,5.589717,3,Karmøy til Sotra,
3,2014,32857,Trettholmosen,medikamentell,badebehandling,Azamethiphos,,,,hele lokaliteten,1219,BØMLO,12,Hordaland,59.832535,5.07925,3,Karmøy til Sotra,
3,2014,32857,Trettholmosen,medikamentell,badebehandling,Deltamethrin,,,,hele lokaliteten,1219,BØMLO,12,Hordaland,59.832535,5.07925,3,Karmøy til Sotra,
3,2014,32857,Trettholmosen,ikke-medikamentell,,,,,,hele lokaliteten,1219,BØMLO,12,Hordaland,59.832535,5.07925,3,Karmøy til Sotra,
3,2014,14081,Tveit,medikamentell,badebehandling,Annet virkestoff,,,,deler av lokaliteten,1413,HYLLESTAD,14,Sogn og Fjordane,61.110085,5.340483,4,Nordhordaland til Stadt,
3,2014,10091,Vågsøya,medikamentell,fôrbehandling,Emamectin benzoat,,,,deler av lokaliteten,1401,FLORA,14,Sogn og Fjordane,61.489735,5.023517,4,Nordhordaland til Stadt,
3,2014,10091,Vågsøya,rensefisk,,,2221,Rognkjeks (felles),6700,deler av lokaliteten,1401,FLORA,14,Sogn og Fjordane,61.489735,5.023517,4,Nordhordaland til Stadt,
3,2014,32337,Veiesund,medikamentell,fôrbehandling,Emamectin benzoat,,,,hele lokaliteten,1401,FLORA,14,Sogn og Fjordane,61.572067,5.0466,4,Nordhordaland til Stadt,
3,2014,13837,Verpeide,medikamentell,badebehandling,Deltamethrin,,,,deler av lokaliteten,1439,VÅGSØY,14,Sogn og Fjordane,61.902954,5.207967,4,Nordhordaland til Stadt,
3,2014,13837,Verpeide,ikke-medikamentell,,,,,,deler av lokaliteten,1439,VÅGSØY,14,Sogn og Fjordane,61.902954,5.207967,4,Nordhordaland til Stadt,
3,2014,13652,Viknabukta,medikamentell,badebehandling,Cypermethrin,,,,deler av lokaliteten,1253,OSTERØY,12,Hordaland,60.441284,5.508933,4,Nordhordaland til Stadt,
2,2014,13227,Altaneset,medikamentell,badebehandling,Annet virkestoff,,,,hele lokaliteten,1241,FUSA,12,Hordaland,60.247116,5.63475,3,Karmøy til Sotra,
2,2014,24915,Bøbukta,medikamentell,badebehandling,Annet virkestoff,,,,deler av lokaliteten,1815,VEGA,18,Nordland,65.66164,12.083917,8,Helgeland til Bodø,
2,2014,24915,Bøbukta,medikamentell,badebehandling,Annet virkestoff,,,,deler av lokaliteten,1815,VEGA,18,Nordland,65.66164,12.083917,8,Helgeland til Bodø,
2,2014,13205,Brattholmen,medikamentell,badebehandling,Deltamethrin,,,,hele lokaliteten,1412,SOLUND,14,Sogn og Fjordane,61.068382,4.713817,4,Nordhordaland til Stadt,
2,2014,11087,Bukkøya Ø,medikamentell,badebehandling,Annet virkestoff,,,,deler av lokaliteten,1836,RØDØY,18,Nordland,66.64097,12.994583,8,Helgeland til Bodø,
2,2014,11087,Bukkøya Ø,medikamentell,badebehandling,Annet virkestoff,,,,deler av lokaliteten,1836,RØDØY,18,Nordland,66.64097,12.994583,8,Helgeland til Bodø,
2,2014,11087,Bukkøya Ø,medikamentell,badebehandling,Annet virkestoff,,,,deler av lokaliteten,1836,RØDØY,18,Nordland,66.64097,12.994583,8,Helgeland til Bodø,
2,2014,11087,Bukkøya Ø,medikamentell,badebehandling,Annet virkestoff,,,,deler av lokaliteten,1836,RØDØY,18,Nordland,66.64097,12.994583,8,Helgeland til Bodø,
2,2014,12128,Dyrnes,medikamentell,badebehandling,Azamethiphos,,,,hele lokaliteten,1224,KVINNHERAD,12,Hordaland,59.71765,5.72205,3,Karmøy til Sotra,
2,2014,12624,Feøyvika,ikke-medikamentell,,,,,,deler av lokaliteten,1749,FLATANGER,17,Nord-Trøndelag,64.56073,10.91895,7,Nord-Trøndelag med Bindal,
2,2014,13669,Furneset,medikamentell,badebehandling,Azamethiphos,,,,deler av lokaliteten,1535,VESTNES,15,Møre og Romsdal,62.6461,7.101183,5,Stadt til Hustadvika,
2,2014,13058,Fusavika,medikamentell,badebehandling,Deltamethrin,,,,hele lokaliteten,1241,FUSA,12,Hordaland,60.207634,5.613817,3,Karmøy til Sotra,
2,2014,31357,Geitryggen,medikamentell,fôrbehandling,Emamectin benzoat,,,,deler av lokaliteten,1751,NÆRØY,17,Nord-Trøndelag,64.75085,11.189033,7,Nord-Trøndelag med Bindal,
2,2014,31357,Geitryggen,medikamentell,fôrbehandling,Emamectin benzoat,,,,deler av lokaliteten,1751,NÆRØY,17,Nord-Trøndelag,64.75085,11.189033,7,Nord-Trøndelag med Bindal,
2,2014,31357,Geitryggen,medikamentell,fôrbehandling,Emamectin benzoat,,,,deler av lokaliteten,1751,NÆRØY,17,Nord-Trøndelag,64.75085,11.189033,7,Nord-Trøndelag med Bindal,
2,2014,31357,Geitryggen,medikamentell,fôrbehandling,Emamectin benzoat,,,,deler av lokaliteten,1751,NÆRØY,17,Nord-Trøndelag,64.75085,11.189033,7,Nord-Trøndelag med Bindal,
2,2014,31357,Geitryggen,medikamentell,fôrbehandling,Emamectin benzoat,,,,deler av lokaliteten,1751,NÆRØY,17,Nord-Trøndelag,64.75085,11.189033,7,Nord-Trøndelag med Bindal,
2,2014,31357,Geitryggen,medikamentell,fôrbehandling,Emamectin benzoat,,,,deler av lokaliteten,1751,NÆRØY,17,Nord-Trøndelag,64.75085,11.189033,7,Nord-Trøndelag med Bindal,
2,2014,31357,Geitryggen,medikamentell,fôrbehandling,Emamectin benzoat,,,,deler av lokaliteten,1751,NÆRØY,17,Nord-Trøndelag,64.75085,11.189033,7,Nord-Trøndelag med Bindal,
2,2014,31357,Geitryggen,medikamentell,fôrbehandling,Emamectin benzoat,,,,deler av lokaliteten,1751,NÆRØY,17,Nord-Trøndelag,64.75085,11.189033,7,Nord-Trøndelag med Bindal,
2,2014,31357,Geitryggen,medikamentell,fôrbehandling,Emamectin benzoat,,,,deler av lokaliteten,1751,NÆRØY,17,Nord-Trøndelag,64.75085,11.189033,7,Nord-Trøndelag med Bindal,
2,2014,31357,Geitryggen,medikamentell,fôrbehandling,Emamectin benzoat,,,,deler av lokaliteten,1751,NÆRØY,17,Nord-Trøndelag,64.75085,11.189033,7,Nord-Trøndelag med Bindal,
2,2014,31357,Geitryggen,medikamentell,fôrbehandling,Emamectin benzoat,,,,deler av lokaliteten,1751,NÆRØY,17,Nord-Trøndelag,64.75085,11.189033,7,Nord-Trøndelag med Bindal,
2,2014,31357,Geitryggen,medikamentell,fôrbehandling,Emamectin benzoat,,,,deler av lokaliteten,1751,NÆRØY,17,Nord-Trøndelag,64.75085,11.189033,7,Nord-Trøndelag med Bindal,
2,2014,31357,Geitryggen,medikamentell,fôrbehandling,Emamectin benzoat,,,,deler av lokaliteten,1751,NÆRØY,17,Nord-Trøndelag,64.75085,11.189033,7,Nord-Trøndelag med Bindal,
2,2014,31357,Geitryggen,medikamentell,fôrbehandling,Emamectin benzoat,,,,deler av lokaliteten,1751,NÆRØY,17,Nord-Trøndelag,64.75085,11.189033,7,Nord-Trøndelag med Bindal,
2,2014,12435,Grøttingsøy,rensefisk,,,2221,Rognkjeks (felles),12400,deler av lokaliteten,1620,FRØYA,16,Sør-Trøndelag,63.879684,8.543767,6,Nordmøre og Sør-Trøndelag,
2,2014,17177,Grunneneset,medikamentell,badebehandling,Deltamethrin,,,,deler av lokaliteten,1438,BREMANGER,14,Sogn og Fjordane,61.893116,5.35185,4,Nordhordaland til Stadt,
2,2014,10425,Heggvika,medikamentell,badebehandling,Azamethiphos,,,,deler av lokaliteten,1811,BINDAL,18,Nordland,65.12658,12.071983,7,Nord-Trøndelag med Bindal,
2,2014,10425,Heggvika,medikamentell,badebehandling,Hydrogenperoksid,,,,deler av lokaliteten,1811,BINDAL,18,Nordland,65.12658,12.071983,7,Nord-Trøndelag med Bindal,
2,2014,10291,Hiskholmen,medikamentell,badebehandling,Azamethiphos,,,,hele lokaliteten,1219,BØMLO,12,Hordaland,59.72663,5.145617,3,Karmøy til Sotra,
2,2014,10291,Hiskholmen,medikamentell,badebehandling,Azamethiphos,,,,hele lokaliteten,1219,BØMLO,12,Hordaland,59.72663,5.145617,3,Karmøy til Sotra,
2,2014,10291,Hiskholmen,medikamentell,badebehandling,Deltamethrin,,,,hele lokaliteten,1219,BØMLO,12,Hordaland,59.72663,5.145617,3,Karmøy til Sotra,
2,2014,13231,Høylandssund,medikamentell,badebehandling,Azamethiphos,,,,hele lokaliteten,1224,KVINNHERAD,12,Hordaland,59.77755,5.8298,3,Karmøy til Sotra,
2,2014,10885,Jektvika II,medikamentell,badebehandling,Azamethiphos,,,,deler av lokaliteten,1812,SØMNA,18,Nordland,65.31274,12.4022,7,Nord-Trøndelag med Bindal,
2,2014,10885,Jektvika II,medikamentell,badebehandling,Hydrogenperoksid,,,,deler av lokaliteten,1812,SØMNA,18,Nordland,65.31274,12.4022,7,Nord-Trøndelag med Bindal,
2,2014,22915,Kalsøyflu,medikamentell,badebehandling,Azamethiphos,,,,hele lokaliteten,1244,AUSTEVOLL,12,Hordaland,60.0398,5.117883,3,Karmøy til Sotra,
2,2014,27015,Kjøsen,medikamentell,badebehandling,Azamethiphos,,,,hele lokaliteten,2014,LOPPA,20,Finnmark,70.14118,22.245033,12,Vest-Finnmark,
2,2014,11575,Koløy N,medikamentell,fôrbehandling,Teflubenzuron,,,,hele lokaliteten,1222,FITJAR,12,Hordaland,59.861168,5.2887,3,Karmøy til Sotra,
2,2014,21676,Kråkholmen,ikke-medikamentell,,,,,,deler av lokaliteten,1749,FLATANGER,17,Nord-Trøndelag,64.60212,10.85345,7,Nord-Trøndelag med Bindal,
2,2014,30076,Kyrøyene,medikamentell,badebehandling,Hydrogenperoksid,,,,deler av lokaliteten,1750,VIKNA,17,Nord-Trøndelag,64.7635,10.807333,7,Nord-Trøndelag med Bindal,
2,2014,30076,Kyrøyene,rensefisk,,,2221,Rognkjeks (felles),12628,deler av lokaliteten,1750,VIKNA,17,Nord-Trøndelag,64.7635,10.807333,7,Nord-Trøndelag med Bindal,
2,2014,14435,Ljøsøy N,medikamentell,badebehandling,Azamethiphos,,,,hele lokaliteten,1259,ØYGARDEN,12,Hordaland,60.565216,4.878433,4,Nordhordaland til Stadt,
2,2014,13549,Løypingneset,medikamentell,fôrbehandling,Emamectin benzoat,,,,hele lokaliteten,1438,BREMANGER,14,Sogn og Fjordane,61.819534,5.247667,4,Nordhordaland til Stadt,
2,2014,10292,Lyklingholmen N,medikamentell,badebehandling,Azamethiphos,,,,hele lokaliteten,1219,BØMLO,12,Hordaland,59.714535,5.15405,3,Karmøy til Sotra,
2,2014,10292,Lyklingholmen N,medikamentell,badebehandling,Deltamethrin,,,,hele lokaliteten,1219,BØMLO,12,Hordaland,59.714535,5.15405,3,Karmøy til Sotra,
2,2014,27876,Olderbakken,medikamentell,badebehandling,Azamethiphos,,,,deler av lokaliteten,1812,SØMNA,18,Nordland,65.31118,12.368633,7,Nord-Trøndelag med Bindal,
2,2014,27876,Olderbakken,medikamentell,badebehandling,Hydrogenperoksid,,,,deler av lokaliteten,1812,SØMNA,18,Nordland,65.31118,12.368633,7,Nord-Trøndelag med Bindal,
2,2014,15403,Olderøy,medikamentell,badebehandling,Deltamethrin,,,,hele lokaliteten,1412,SOLUND,14,Sogn og Fjordane,61.103283,4.712233,4,Nordhordaland til Stadt,
2,2014,12071,Ommundsteigen,medikamentell,badebehandling,Azamethiphos,,,,deler av lokaliteten,1134,SULDAL,11,Rogaland,59.55078,6.5131,2,Ryfylke,
2,2014,13345,Oterstegdalen,medikamentell,badebehandling,Deltamethrin,,,,hele lokaliteten,1241,FUSA,12,Hordaland,60.23545,5.638267,3,Karmøy til Sotra,
2,2014,11964,Ringja,medikamentell,badebehandling,Azamethiphos,,,,deler av lokaliteten,1146,TYSVÆR,11,Rogaland,59.405468,5.8631,2,Ryfylke,
2,2014,12126,Rossnes,medikamentell,badebehandling,Deltamethrin,,,,hele lokaliteten,1224,KVINNHERAD,12,Hordaland,59.759167,5.721467,3,Karmøy til Sotra,
2,2014,13612,Rundereimstranda,medikamentell,badebehandling,Deltamethrin,,,,hele lokaliteten,1441,SELJE,14,Sogn og Fjordane,62.009968,5.331917,4,Nordhordaland til Stadt,
2,2014,10398,Seiskjæra,medikamentell,badebehandling,Azamethiphos,,,,hele lokaliteten,1630,ÅFJORD,16,Sør-Trøndelag,64.09225,10.115983,6,Nordmøre og Sør-Trøndelag,
2,2014,10398,Seiskjæra,medikamentell,badebehandling,Deltamethrin,,,,hele lokaliteten,1630,ÅFJORD,16,Sør-Trøndelag,64.09225,10.115983,6,Nordmøre og Sør-Trøndelag,
2,2014,30997,Skrubbholmen,medikamentell,fôrbehandling,Teflubenzuron,,,,deler av lokaliteten,1751,NÆRØY,17,Nord-Trøndelag,64.801735,11.162183,7,Nord-Trøndelag med Bindal,
2,2014,13032,Sølvøyane,medikamentell,badebehandling,Azamethiphos,,,,deler av lokaliteten,1219,BØMLO,12,Hordaland,59.609932,5.133867,3,Karmøy til Sotra,
2,2014,13032,Sølvøyane,medikamentell,badebehandling,Deltamethrin,,,,deler av lokaliteten,1219,BØMLO,12,Hordaland,59.609932,5.133867,3,Karmøy til Sotra,
2,2014,13032,Sølvøyane,ikke-medikamentell,,,,,,deler av lokaliteten,1219,BØMLO,12,Hordaland,59.609932,5.133867,3,Karmøy til Sotra,
2,2014,31217,Stokkasjøen,medikamentell,badebehandling,Annet virkestoff,,,,deler av lokaliteten,1816,VEVELSTAD,18,Nordland,65.78265,12.592067,8,Helgeland til Bodø,
2,2014,31217,Stokkasjøen,medikamentell,badebehandling,Annet virkestoff,,,,deler av lokaliteten,1816,VEVELSTAD,18,Nordland,65.78265,12.592067,8,Helgeland til Bodø,
2,2014,31338,Storskjeret,medikamentell,badebehandling,Azamethiphos,,,,deler av lokaliteten,1576,AURE,15,Møre og Romsdal,63.26985,8.228283,6,Nordmøre og Sør-Trøndelag,
2,2014,31338,Storskjeret,medikamentell,badebehandling,Deltamethrin,,,,deler av lokaliteten,1576,AURE,15,Møre og Romsdal,63.26985,8.228283,6,Nordmøre og Sør-Trøndelag,
2,2014,12074,Svåsandneset,medikamentell,fôrbehandling,Emamectin benzoat,,,,hele lokaliteten,1227,JONDAL,12,Hordaland,60.32422,6.318983,3,Karmøy til Sotra,
2,2014,13196,Syltøy,medikamentell,badebehandling,Azamethiphos,,,,deler av lokaliteten,1245,SUND,12,Hordaland,60.304,4.966767,3,Karmøy til Sotra,
2,2014,29336,Trælsøyosen,medikamentell,badebehandling,Deltamethrin,,,,deler av lokaliteten,1244,AUSTEVOLL,12,Hordaland,60.1178,5.2702,3,Karmøy til Sotra,
2,2014,13562,Uføro,medikamentell,badebehandling,Deltamethrin,,,,deler av lokaliteten,1221,STORD,12,Hordaland,59.877434,5.52725,3,Karmøy til Sotra,
2,2014,13562,Uføro,ikke-medikamentell,,,,,,deler av lokaliteten,1221,STORD,12,Hordaland,59.877434,5.52725,3,Karmøy til Sotra,
2,2014,13837,Verpeide,medikamentell,badebehandling,Azamethiphos,,,,deler av lokaliteten,1439,VÅGSØY,14,Sogn og Fjordane,61.902954,5.207967,4,Nordhordaland til Stadt,
2,2014,13837,Verpeide,ikke-medikamentell,,,,,,deler av lokaliteten,1439,VÅGSØY,14,Sogn og Fjordane,61.902954,5.207967,4,Nordhordaland til Stadt,
1,2014,15196,Aga Ø,medikamentell,fôrbehandling,Emamectin benzoat,,,,hele lokaliteten,1219,BØMLO,12,Hordaland,59.8451,5.261367,3,Karmøy til Sotra,
1,2014,11513,Andal,medikamentell,fôrbehandling,Teflubenzuron,,,,hele lokaliteten,1219,BØMLO,12,Hordaland,59.6365,5.247133,3,Karmøy til Sotra,
1,2014,13305,Barbogen,medikamentell,badebehandling,Deltamethrin,,,,hele lokaliteten,1928,TORSKEN,19,Troms,69.36843,17.0281,10,Andøya til Senja,
1,2014,13143,Bondejorda,medikamentell,badebehandling,Deltamethrin,,,,deler av lokaliteten,2022,LEBESBY,20,Finnmark,70.81695,27.563717,12,Vest-Finnmark,
1,2014,11488,Brattavika,medikamentell,fôrbehandling,Teflubenzuron,,,,hele lokaliteten,1244,AUSTEVOLL,12,Hordaland,60.04355,5.302817,3,Karmøy til Sotra,
1,2014,11893,Fosså,medikamentell,badebehandling,Azamethiphos,,,,hele lokaliteten,1133,HJELMELAND,11,Rogaland,59.2699,6.14295,2,Ryfylke,
1,2014,11893,Fosså,ikke-medikamentell,,,,,,hele lokaliteten,1133,HJELMELAND,11,Rogaland,59.2699,6.14295,2,Ryfylke,
1,2014,31357,Geitryggen,medikamentell,fôrbehandling,Emamectin benzoat,,,,deler av lokaliteten,1751,NÆRØY,17,Nord-Trøndelag,64.75085,11.189033,7,Nord-Trøndelag med Bindal,
1,2014,31357,Geitryggen,medikamentell,fôrbehandling,Emamectin benzoat,,,,deler av lokaliteten,1751,NÆRØY,17,Nord-Trøndelag,64.75085,11.189033,7,Nord-Trøndelag med Bindal,
1,2014,31357,Geitryggen,medikamentell,fôrbehandling,Emamectin benzoat,,,,deler av lokaliteten,1751,NÆRØY,17,Nord-Trøndelag,64.75085,11.189033,7,Nord-Trøndelag med Bindal,
1,2014,31357,Geitryggen,medikamentell,fôrbehandling,Emamectin benzoat,,,,deler av lokaliteten,1751,NÆRØY,17,Nord-Trøndelag,64.75085,11.189033,7,Nord-Trøndelag med Bindal,
1,2014,31357,Geitryggen,medikamentell,fôrbehandling,Emamectin benzoat,,,,deler av lokaliteten,1751,NÆRØY,17,Nord-Trøndelag,64.75085,11.189033,7,Nord-Trøndelag med Bindal,
1,2014,31357,Geitryggen,medikamentell,fôrbehandling,Emamectin benzoat,,,,deler av lokaliteten,1751,NÆRØY,17,Nord-Trøndelag,64.75085,11.189033,7,Nord-Trøndelag med Bindal,
1,2014,31357,Geitryggen,medikamentell,fôrbehandling,Emamectin benzoat,,,,deler av lokaliteten,1751,NÆRØY,17,Nord-Trøndelag,64.75085,11.189033,7,Nord-Trøndelag med Bindal,
1,2014,31357,Geitryggen,medikamentell,fôrbehandling,Emamectin benzoat,,,,deler av lokaliteten,1751,NÆRØY,17,Nord-Trøndelag,64.75085,11.189033,7,Nord-Trøndelag med Bindal,
1,2014,31357,Geitryggen,medikamentell,fôrbehandling,Emamectin benzoat,,,,deler av lokaliteten,1751,NÆRØY,17,Nord-Trøndelag,64.75085,11.189033,7,Nord-Trøndelag med Bindal,
1,2014,31357,Geitryggen,medikamentell,fôrbehandling,Emamectin benzoat,,,,deler av lokaliteten,1751,NÆRØY,17,Nord-Trøndelag,64.75085,11.189033,7,Nord-Trøndelag med Bindal,
1,2014,31357,Geitryggen,medikamentell,fôrbehandling,Emamectin benzoat,,,,deler av lokaliteten,1751,NÆRØY,17,Nord-Trøndelag,64.75085,11.189033,7,Nord-Trøndelag med Bindal,
1,2014,31357,Geitryggen,medikamentell,fôrbehandling,Emamectin benzoat,,,,deler av lokaliteten,1751,NÆRØY,17,Nord-Trøndelag,64.75085,11.189033,7,Nord-Trøndelag med Bindal,
1,2014,31357,Geitryggen,medikamentell,fôrbehandling,Emamectin benzoat,,,,deler av lokaliteten,1751,NÆRØY,17,Nord-Trøndelag,64.75085,11.189033,7,Nord-Trøndelag med Bindal,
1,2014,31357,Geitryggen,medikamentell,fôrbehandling,Emamectin benzoat,,,,deler av lokaliteten,1751,NÆRØY,17,Nord-Trøndelag,64.75085,11.189033,7,Nord-Trøndelag med Bindal,
1,2014,11530,Gissøysundet S,medikamentell,badebehandling,Azamethiphos,,,,hele lokaliteten,1219,BØMLO,12,Hordaland,59.62327,5.159667,3,Karmøy til Sotra,
1,2014,11530,Gissøysundet S,medikamentell,badebehandling,Deltamethrin,,,,hele lokaliteten,1219,BØMLO,12,Hordaland,59.62327,5.159667,3,Karmøy til Sotra,
1,2014,11530,Gissøysundet S,ikke-medikamentell,,,,,,hele lokaliteten,1219,BØMLO,12,Hordaland,59.62327,5.159667,3,Karmøy til Sotra,
1,2014,12036,Hisdalen,medikamentell,fôrbehandling,Annet virkestoff,,,,hele lokaliteten,1224,KVINNHERAD,12,Hordaland,60.12602,5.931333,3,Karmøy til Sotra,
1,2014,13231,Høylandssund,medikamentell,badebehandling,Azamethiphos,,,,hele lokaliteten,1224,KVINNHERAD,12,Hordaland,59.77755,5.8298,3,Karmøy til Sotra,
1,2014,29576,Kalvik,medikamentell,badebehandling,Annet virkestoff,,,,hele lokaliteten,1845,SØRFOLD,18,Nordland,67.5125,15.5685,9,Vestfjorden og Vesterålen,
1,2014,11575,Koløy N,medikamentell,fôrbehandling,Teflubenzuron,,,,hele lokaliteten,1222,FITJAR,12,Hordaland,59.861168,5.2887,3,Karmøy til Sotra,
1,2014,28996,Loddetå,medikamentell,fôrbehandling,Emamectin benzoat,,,,deler av lokaliteten,1216,SVEIO,12,Hordaland,59.691643,5.54298,3,Karmøy til Sotra,
1,2014,19655,Ospeneset,medikamentell,fôrbehandling,Annet virkestoff,,,,hele lokaliteten,1263,LINDÅS,12,Hordaland,60.7459,5.2684,4,Nordhordaland til Stadt,
1,2014,13032,Sølvøyane,medikamentell,badebehandling,Azamethiphos,,,,deler av lokaliteten,1219,BØMLO,12,Hordaland,59.609932,5.133867,3,Karmøy til Sotra,
1,2014,13032,Sølvøyane,medikamentell,badebehandling,Deltamethrin,,,,deler av lokaliteten,1219,BØMLO,12,Hordaland,59.609932,5.133867,3,Karmøy til Sotra,
1,2014,13032,Sølvøyane,ikke-medikamentell,,,,,,deler av lokaliteten,1219,BØMLO,12,Hordaland,59.609932,5.133867,3,Karmøy til Sotra,
1,2014,12074,Svåsandneset,medikamentell,fôrbehandling,Emamectin benzoat,,,,hele lokaliteten,1227,JONDAL,12,Hordaland,60.32422,6.318983,3,Karmøy til Sotra,
