Uke,År,Lokalitetsnummer,Lokalitetsnavn,Tiltak,Type behandling,Virkestoff,ArtsId,Rensefisk,Antall,Omfang,Kommunenummer,Kommune,Fylkesnummer,Fylke,Lat,Lon,ProduksjonsområdeId,Produksjonsområde,Antall merder
33,2023,13271,Almurden,ikke-medikamentell,,,,,,hele lokaliteten,5049,FLATANGER,50,Trøndelag,64.43353,10.678883,7,Nord-Trøndelag med Bindal,
33,2023,11179,Alterosen,medikamentell,badebehandling,Azamethiphos,,,,hele lokaliteten,1865,VÅGAN,18,Nordland,68.20737,14.446867,9,Vestfjorden og Vesterålen,
33,2023,12988,Aukrasanden,ikke-medikamentell,,,,,,hele lokaliteten,1547,AUKRA,15,Møre og Romsdal,62.783417,6.92605,5,Stadt til Hustadvika,
33,2023,10862,Båsen,ikke-medikamentell,,,,,,deler av lokaliteten,1811,BINDAL,18,Nordland,65.11767,12.321467,7,Nord-Trøndelag med Bindal,
33,2023,12625,Bjørgan,ikke-medikamentell,,,,,,deler av lokaliteten,5049,FLATANGER,50,Trøndelag,64.59268,10.908333,7,Nord-Trøndelag med Bindal,
33,2023,10212,Bogen,ikke-medikamentell,,,,,,deler av lokaliteten,1505,KRISTIANSUND,15,Møre og Romsdal,63.076782,7.9046,6,Nordmøre og Sør-Trøndelag,
33,2023,13143,Bondejorda,ikke-medikamentell,,,,,,deler av lokaliteten,5438,LEBESBY,54,Troms og Finnmark,70.81695,27.563717,12,Vest-Finnmark,
33,2023,10256,Bondøya,ikke-medikamentell,,,,,,deler av lokaliteten,5060,NÆRØYSUND,50,Trøndelag,64.8168,10.7427,7,Nord-Trøndelag med Bindal,
33,2023,11015,Brattholmen,ikke-medikamentell,,,,,,deler av lokaliteten,1818,HERØY I NORDLAND,18,Nordland,65.90735,12.220967,8,Helgeland til Bodø,
33,2023,36118,Bremnesøya,ikke-medikamentell,,,,,,hele lokaliteten,1870,SORTLAND,18,Nordland,68.82377,15.400217,9,Vestfjorden og Vesterålen,
33,2023,34197,Brennholmen,medikamentell,fôrbehandling,Emamectin benzoat,,,,deler av lokaliteten,1818,HERØY I NORDLAND,18,Nordland,65.978714,12.16355,8,Helgeland til Bodø,
33,2023,11543,Buholmen,ikke-medikamentell,,,,,,deler av lokaliteten,4625,AUSTEVOLL,46,Vestland,60.020466,5.080083,3,Karmøy til Sotra,
33,2023,11087,Bukkøya Ø,medikamentell,fôrbehandling,Emamectin benzoat,,,,hele lokaliteten,1836,RØDØY,18,Nordland,66.64097,12.994583,8,Helgeland til Bodø,
33,2023,22035,Buktodden Nø,ikke-medikamentell,,,,,,deler av lokaliteten,1833,RANA,18,Nordland,66.30817,13.432333,8,Helgeland til Bodø,
33,2023,30097,Djupvik,ikke-medikamentell,,,,,,deler av lokaliteten,1836,RØDØY,18,Nordland,66.73299,13.33115,8,Helgeland til Bodø,
33,2023,39597,Gåsflestaren,ikke-medikamentell,,,,,,hele lokaliteten,1811,BINDAL,18,Nordland,65.25203,11.5664,7,Nord-Trøndelag med Bindal,
33,2023,20897,Gisløy S,ikke-medikamentell,,,,,,deler av lokaliteten,1868,ØKSNES,18,Nordland,68.94144,15.30745,9,Vestfjorden og Vesterålen,
33,2023,33617,Gjerde,ikke-medikamentell,,,,,,deler av lokaliteten,1576,AURE,15,Møre og Romsdal,63.299667,8.418333,6,Nordmøre og Sør-Trøndelag,
33,2023,32037,Grasholman,ikke-medikamentell,,,,,,deler av lokaliteten,1834,LURØY,18,Nordland,66.3489,12.777717,8,Helgeland til Bodø,
33,2023,12435,Grøttingsøy,ikke-medikamentell,,,,,,deler av lokaliteten,5014,FRØYA,50,Trøndelag,63.879467,8.543083,6,Nordmøre og Sør-Trøndelag,
33,2023,33757,Håbranden,medikamentell,fôrbehandling,Emamectin benzoat,,,,hele lokaliteten,5014,FRØYA,50,Trøndelag,63.942,9.133483,6,Nordmøre og Sør-Trøndelag,
33,2023,19995,Hagahammaren,ikke-medikamentell,,,,,,deler av lokaliteten,1576,AURE,15,Møre og Romsdal,63.137917,8.0306,6,Nordmøre og Sør-Trøndelag,
33,2023,12895,Halsbukta,ikke-medikamentell,,,,,,deler av lokaliteten,1560,TINGVOLL,15,Møre og Romsdal,63.077866,8.143283,6,Nordmøre og Sør-Trøndelag,
33,2023,36617,Harbakholmen,ikke-medikamentell,,,,,,deler av lokaliteten,5060,NÆRØYSUND,50,Trøndelag,64.953316,11.195717,7,Nord-Trøndelag med Bindal,
33,2023,32417,Hjartholmosen,ikke-medikamentell,,,,,,hele lokaliteten,4625,AUSTEVOLL,46,Vestland,60.00458,5.2287,3,Karmøy til Sotra,
33,2023,13931,Hjartøy Ø,ikke-medikamentell,,,,,,deler av lokaliteten,1848,STEIGEN,18,Nordland,67.65652,15.121867,9,Vestfjorden og Vesterålen,
33,2023,35197,Hjortøya,ikke-medikamentell,,,,,,deler av lokaliteten,5060,NÆRØYSUND,50,Trøndelag,64.9848,11.135467,7,Nord-Trøndelag med Bindal,
33,2023,33957,Hofsøya,ikke-medikamentell,,,,,,deler av lokaliteten,5014,FRØYA,50,Trøndelag,63.7224,8.9145,6,Nordmøre og Sør-Trøndelag,
33,2023,30377,Hogsneset N,ikke-medikamentell,,,,,,deler av lokaliteten,1554,AVERØY,15,Møre og Romsdal,63.099934,7.670267,6,Nordmøre og Sør-Trøndelag,
33,2023,32757,Horgefjorden,ikke-medikamentell,,,,,,deler av lokaliteten,4625,AUSTEVOLL,46,Vestland,60.100834,5.117067,3,Karmøy til Sotra,
33,2023,13337,Hovdenakken,ikke-medikamentell,,,,,,deler av lokaliteten,5438,LEBESBY,54,Troms og Finnmark,70.81805,27.49395,12,Vest-Finnmark,
33,2023,18936,Igerøy Ø,ikke-medikamentell,,,,,,deler av lokaliteten,1815,VEGA,18,Nordland,65.6862,12.139167,8,Helgeland til Bodø,
33,2023,10876,Istervika,ikke-medikamentell,,,,,,deler av lokaliteten,1813,BRØNNØY,18,Nordland,65.446884,12.56175,8,Helgeland til Bodø,
33,2023,19977,Jektholmen,ikke-medikamentell,,,,,,hele lokaliteten,5058,ÅFJORD,50,Trøndelag,63.99495,9.928317,6,Nordmøre og Sør-Trøndelag,
33,2023,12348,Kåholmen,ikke-medikamentell,,,,,,deler av lokaliteten,5056,HITRA,50,Trøndelag,63.617184,8.994133,6,Nordmøre og Sør-Trøndelag,
33,2023,12872,Kattholmen,ikke-medikamentell,,,,,,deler av lokaliteten,1505,KRISTIANSUND,15,Møre og Romsdal,63.055332,7.695317,6,Nordmøre og Sør-Trøndelag,
33,2023,26135,Kjørsvikgrunn,medikamentell,badebehandling,Annet virkestoff,,,,deler av lokaliteten,5055,HEIM,50,Trøndelag,63.457565,9.076,6,Nordmøre og Sør-Trøndelag,
33,2023,40377,Klampvika N,ikke-medikamentell,,,,,,deler av lokaliteten,1811,BINDAL,18,Nordland,65.21104,12.250167,7,Nord-Trøndelag med Bindal,
33,2023,24455,Klavelandet,ikke-medikamentell,,,,,,deler av lokaliteten,4602,KINN,46,Vestland,61.60395,5.186533,4,Nordhordaland til Stadt,
33,2023,36797,Korsnes,ikke-medikamentell,,,,,,deler av lokaliteten,5423,KARLSØY,54,Troms og Finnmark,69.986916,19.931633,11,Kvaløya til Loppa,
33,2023,30297,Krabbholmen,ikke-medikamentell,,,,,,deler av lokaliteten,5058,ÅFJORD,50,Trøndelag,63.944485,9.8814,6,Nordmøre og Sør-Trøndelag,
33,2023,33177,Krabbholmen II,ikke-medikamentell,,,,,,deler av lokaliteten,5058,ÅFJORD,50,Trøndelag,63.94,9.886633,6,Nordmøre og Sør-Trøndelag,
33,2023,14040,Krigsholmen,ikke-medikamentell,,,,,,hele lokaliteten,4625,AUSTEVOLL,46,Vestland,60.081383,5.124117,3,Karmøy til Sotra,
33,2023,45070,Kristianneset,medikamentell,badebehandling,Azamethiphos,,,,deler av lokaliteten,5434,MÅSØY,54,Troms og Finnmark,70.8911,25.01295,12,Vest-Finnmark,
33,2023,45070,Kristianneset,ikke-medikamentell,,,,,,deler av lokaliteten,5434,MÅSØY,54,Troms og Finnmark,70.8911,25.01295,12,Vest-Finnmark,
33,2023,39197,Kverhelleskjeret,ikke-medikamentell,,,,,,hele lokaliteten,4636,SOLUND,46,Vestland,60.99405,4.69375,4,Nordhordaland til Stadt,
33,2023,36457,Kvingra,ikke-medikamentell,,,,,,deler av lokaliteten,5052,LEKA,50,Trøndelag,65.20317,11.569,7,Nord-Trøndelag med Bindal,
33,2023,45129,Kvitholmen,ikke-medikamentell,,,,,,deler av lokaliteten,1573,SMØLA,15,Møre og Romsdal,63.46975,8.156933,6,Nordmøre og Sør-Trøndelag,
33,2023,11116,Langholmen,ikke-medikamentell,,,,,,deler av lokaliteten,1838,GILDESKÅL,18,Nordland,67.05783,14.025333,8,Helgeland til Bodø,
33,2023,45154,Langneset,medikamentell,fôrbehandling,Emamectin benzoat,,,,hele lokaliteten,5423,KARLSØY,54,Troms og Finnmark,70.05127,19.76845,11,Kvaløya til Loppa,
33,2023,20559,Langskjæra,ikke-medikamentell,,,,,,deler av lokaliteten,5014,FRØYA,50,Trøndelag,63.8225,8.75505,6,Nordmøre og Sør-Trøndelag,
33,2023,37297,Larstangen,medikamentell,fôrbehandling,Emamectin benzoat,,,,hele lokaliteten,5423,KARLSØY,54,Troms og Finnmark,70.08442,20.090418,11,Kvaløya til Loppa,
33,2023,35977,Lian,medikamentell,fôrbehandling,Emamectin benzoat,,,,deler av lokaliteten,1836,RØDØY,18,Nordland,66.55787,13.525907,8,Helgeland til Bodø,
33,2023,36497,Lille Djupfest,medikamentell,fôrbehandling,Emamectin benzoat,,,,hele lokaliteten,1851,LØDINGEN,18,Nordland,68.47665,16.09135,9,Vestfjorden og Vesterålen,
33,2023,36497,Lille Djupfest,medikamentell,fôrbehandling,Emamectin benzoat,,,,hele lokaliteten,1851,LØDINGEN,18,Nordland,68.47665,16.09135,9,Vestfjorden og Vesterålen,
33,2023,10262,Lille Kvitholmen,ikke-medikamentell,,,,,,deler av lokaliteten,5060,NÆRØYSUND,50,Trøndelag,65.01145,11.6139,7,Nord-Trøndelag med Bindal,
33,2023,28396,Lindarholmen,ikke-medikamentell,,,,,,deler av lokaliteten,4616,TYSNES,46,Vestland,60.083866,5.63925,3,Karmøy til Sotra,
33,2023,12966,Lindvik,medikamentell,badebehandling,Azamethiphos,,,,deler av lokaliteten,1160,VINDAFJORD,11,Rogaland,59.474068,5.976433,2,Ryfylke,
33,2023,40137,Lønngrunnen,ikke-medikamentell,,,,,,deler av lokaliteten,5057,ØRLAND,50,Trøndelag,63.937534,9.779517,6,Nordmøre og Sør-Trøndelag,
33,2023,12385,Lyngvær Ø II,ikke-medikamentell,,,,,,deler av lokaliteten,5014,FRØYA,50,Trøndelag,63.80621,8.567418,6,Nordmøre og Sør-Trøndelag,
33,2023,38517,Måvær,ikke-medikamentell,,,,,,deler av lokaliteten,1834,LURØY,18,Nordland,66.47767,12.7355,8,Helgeland til Bodø,
33,2023,10877,Mortenøy,ikke-medikamentell,,,,,,hele lokaliteten,1813,BRØNNØY,18,Nordland,65.45723,12.549733,8,Helgeland til Bodø,
33,2023,11332,Myrlandshaug,medikamentell,fôrbehandling,Emamectin benzoat,,,,deler av lokaliteten,5414,GRATANGEN,54,Troms og Finnmark,68.78055,17.282284,10,Andøya til Senja,
33,2023,11611,Naveide,ikke-medikamentell,,,,,,deler av lokaliteten,4625,AUSTEVOLL,46,Vestland,60.1386,5.110533,3,Karmøy til Sotra,
33,2023,45014,Nordfoldleira I,ikke-medikamentell,,,,,,deler av lokaliteten,1848,STEIGEN,18,Nordland,67.75228,15.239067,9,Vestfjorden og Vesterålen,
33,2023,33297,Nye Skorpa,medikamentell,fôrbehandling,Emamectin benzoat,,,,hele lokaliteten,1827,DØNNA,18,Nordland,66.03093,12.481483,8,Helgeland til Bodø,
33,2023,27055,Oddane,ikke-medikamentell,,,,,,deler av lokaliteten,4602,KINN,46,Vestland,61.540367,4.968933,4,Nordhordaland til Stadt,
33,2023,27876,Olderbakken,ikke-medikamentell,,,,,,deler av lokaliteten,1812,SØMNA,18,Nordland,65.31118,12.368633,7,Nord-Trøndelag med Bindal,
33,2023,19875,Or,ikke-medikamentell,,,,,,deler av lokaliteten,1505,KRISTIANSUND,15,Møre og Romsdal,63.039932,7.850267,6,Nordmøre og Sør-Trøndelag,
33,2023,12394,Ørnøya,ikke-medikamentell,,,,,,deler av lokaliteten,5014,FRØYA,50,Trøndelag,63.761868,8.445183,6,Nordmøre og Sør-Trøndelag,
33,2023,24696,Ørnøya II,ikke-medikamentell,,,,,,deler av lokaliteten,5014,FRØYA,50,Trøndelag,63.758484,8.450367,6,Nordmøre og Sør-Trøndelag,
33,2023,13345,Oterstegdalen,ikke-medikamentell,,,,,,hele lokaliteten,4624,BJØRNAFJORDEN,46,Vestland,60.23545,5.638267,3,Karmøy til Sotra,
33,2023,12366,Raskjæret,ikke-medikamentell,,,,,,hele lokaliteten,5014,FRØYA,50,Trøndelag,63.793617,8.854567,6,Nordmøre og Sør-Trøndelag,
33,2023,29116,Reiråklakken,ikke-medikamentell,,,,,,deler av lokaliteten,1573,SMØLA,15,Møre og Romsdal,63.44995,8.167133,6,Nordmøre og Sør-Trøndelag,
33,2023,11964,Ringja,medikamentell,badebehandling,Azamethiphos,,,,deler av lokaliteten,1146,TYSVÆR,11,Rogaland,59.405468,5.8631,2,Ryfylke,
33,2023,14795,Rinøyvåg Ø,ikke-medikamentell,,,,,,hele lokaliteten,1851,LØDINGEN,18,Nordland,68.3779,15.767883,9,Vestfjorden og Vesterålen,
33,2023,34857,Salatskjæra,ikke-medikamentell,,,,,,deler av lokaliteten,5014,FRØYA,50,Trøndelag,63.90485,8.589133,6,Nordmøre og Sør-Trøndelag,
33,2023,45013,Sandskjæret,ikke-medikamentell,,,,,,deler av lokaliteten,1812,SØMNA,18,Nordland,65.3103,12.326,7,Nord-Trøndelag med Bindal,
33,2023,13284,Sjølyst,ikke-medikamentell,,,,,,deler av lokaliteten,1827,DØNNA,18,Nordland,66.11311,12.487683,8,Helgeland til Bodø,
33,2023,10550,Skardbergvika,ikke-medikamentell,,,,,,deler av lokaliteten,5414,GRATANGEN,54,Troms og Finnmark,68.728386,17.309683,10,Andøya til Senja,
33,2023,12048,Skiftesneset N,ikke-medikamentell,,,,,,deler av lokaliteten,4624,BJØRNAFJORDEN,46,Vestland,60.07472,5.736783,3,Karmøy til Sotra,
33,2023,10961,Skonseng,ikke-medikamentell,,,,,,hele lokaliteten,1824,VEFSN,18,Nordland,65.80763,12.6242,8,Helgeland til Bodø,
33,2023,13000,Slåttvika,ikke-medikamentell,,,,,,deler av lokaliteten,1813,BRØNNØY,18,Nordland,65.52393,12.545017,8,Helgeland til Bodø,
33,2023,12712,Slokkholmen Ø,ikke-medikamentell,,,,,,deler av lokaliteten,5052,LEKA,50,Trøndelag,65.03989,11.4847,7,Nord-Trøndelag med Bindal,
33,2023,38297,Sør Gåsvær,ikke-medikamentell,,,,,,hele lokaliteten,1818,HERØY I NORDLAND,18,Nordland,66.03118,12.02305,8,Helgeland til Bodø,
33,2023,34297,Stabben,ikke-medikamentell,,,,,,deler av lokaliteten,5412,TJELDSUND,54,Troms og Finnmark,68.40113,16.2172,9,Vestfjorden og Vesterålen,
33,2023,30537,Steinflesa,ikke-medikamentell,,,,,,deler av lokaliteten,5052,LEKA,50,Trøndelag,65.134834,11.515983,7,Nord-Trøndelag med Bindal,
33,2023,36099,Store Kobbøy,ikke-medikamentell,,,,,,deler av lokaliteten,5434,MÅSØY,54,Troms og Finnmark,70.91161,25.32495,12,Vest-Finnmark,
33,2023,10789,Store Lerresfjord,medikamentell,fôrbehandling,Emamectin benzoat,,,,hele lokaliteten,5403,ALTA,54,Troms og Finnmark,70.2875,23.465883,12,Vest-Finnmark,
33,2023,10311,Storlia,ikke-medikamentell,,,,,,hele lokaliteten,4637,HYLLESTAD,46,Vestland,61.203133,5.193833,4,Nordhordaland til Stadt,
33,2023,11298,Storøya Nø,ikke-medikamentell,,,,,,hele lokaliteten,1851,LØDINGEN,18,Nordland,68.42872,15.867383,9,Vestfjorden og Vesterålen,
33,2023,19016,Storskogøya,ikke-medikamentell,,,,,,deler av lokaliteten,5056,HITRA,50,Trøndelag,63.506065,9.19075,6,Nordmøre og Sør-Trøndelag,
33,2023,29376,Sundsøy,ikke-medikamentell,,,,,,hele lokaliteten,1827,DØNNA,18,Nordland,66.17637,12.770283,8,Helgeland til Bodø,
33,2023,11312,Svartfjell,ikke-medikamentell,,,,,,deler av lokaliteten,1848,STEIGEN,18,Nordland,67.93948,15.503168,9,Vestfjorden og Vesterålen,
33,2023,13727,Svellungen,medikamentell,fôrbehandling,Annet virkestoff,,,,deler av lokaliteten,5056,HITRA,50,Trøndelag,63.655785,9.15525,6,Nordmøre og Sør-Trøndelag,
33,2023,13727,Svellungen,medikamentell,badebehandling,Azamethiphos,,,,deler av lokaliteten,5056,HITRA,50,Trøndelag,63.655785,9.15525,6,Nordmøre og Sør-Trøndelag,
33,2023,38697,Takflua,ikke-medikamentell,,,,,,deler av lokaliteten,5058,ÅFJORD,50,Trøndelag,63.980667,9.868733,6,Nordmøre og Sør-Trøndelag,
33,2023,10635,Toknebuktneset,medikamentell,fôrbehandling,Emamectin benzoat,,,,hele lokaliteten,5406,HAMMERFEST,54,Troms og Finnmark,70.57253,24.075567,12,Vest-Finnmark,
33,2023,26055,Toppsund Ø,medikamentell,badebehandling,Azamethiphos,,,,deler av lokaliteten,5402,HARSTAD,54,Troms og Finnmark,68.863716,16.403032,10,Andøya til Senja,
33,2023,30560,Tristeinen,ikke-medikamentell,,,,,,deler av lokaliteten,5057,ØRLAND,50,Trøndelag,63.868935,9.619183,6,Nordmøre og Sør-Trøndelag,
33,2023,31557,Valøyan,ikke-medikamentell,,,,,,deler av lokaliteten,5014,FRØYA,50,Trøndelag,63.81835,8.463817,6,Nordmøre og Sør-Trøndelag,
33,2023,12678,Vedøya,medikamentell,fôrbehandling,Emamectin benzoat,,,,deler av lokaliteten,5007,NAMSOS,50,Trøndelag,64.60743,11.354817,7,Nord-Trøndelag med Bindal,
33,2023,12678,Vedøya,medikamentell,fôrbehandling,Emamectin benzoat,,,,deler av lokaliteten,5007,NAMSOS,50,Trøndelag,64.60743,11.354817,7,Nord-Trøndelag med Bindal,
33,2023,13246,Voldnes,ikke-medikamentell,,,,,,deler av lokaliteten,1515,HERØY I MØRE OG ROMSDAL,15,Møre og Romsdal,62.2097,5.7849,5,Stadt til Hustadvika,
33,2023,45135,Voravika,ikke-medikamentell,,,,,,deler av lokaliteten,1514,SANDE I MØRE OG ROMSDAL,15,Møre og Romsdal,62.229916,5.49525,5,Stadt til Hustadvika,
33,2023,45003,Ystøya,ikke-medikamentell,,,,,,hele lokaliteten,1820,ALSTAHAUG,18,Nordland,65.7725,12.245217,8,Helgeland til Bodø,
33,2023,11338,Ytre Stræte,ikke-medikamentell,,,,,,deler av lokaliteten,5412,TJELDSUND,54,Troms og Finnmark,68.71948,17.138817,10,Andøya til Senja,
32,2023,12067,Aldalen,ikke-medikamentell,,,,,,hele lokaliteten,4624,BJØRNAFJORDEN,46,Vestland,60.24995,5.571917,3,Karmøy til Sotra,
32,2023,10862,Båsen,ikke-medikamentell,,,,,,deler av lokaliteten,1811,BINDAL,18,Nordland,65.11767,12.321467,7,Nord-Trøndelag med Bindal,
32,2023,10212,Bogen,ikke-medikamentell,,,,,,deler av lokaliteten,1505,KRISTIANSUND,15,Møre og Romsdal,63.076782,7.9046,6,Nordmøre og Sør-Trøndelag,
32,2023,10256,Bondøya,ikke-medikamentell,,,,,,deler av lokaliteten,5060,NÆRØYSUND,50,Trøndelag,64.8168,10.7427,7,Nord-Trøndelag med Bindal,
32,2023,11015,Brattholmen,ikke-medikamentell,,,,,,deler av lokaliteten,1818,HERØY I NORDLAND,18,Nordland,65.90735,12.220967,8,Helgeland til Bodø,
32,2023,34197,Brennholmen,medikamentell,fôrbehandling,Emamectin benzoat,,,,deler av lokaliteten,1818,HERØY I NORDLAND,18,Nordland,65.978714,12.16355,8,Helgeland til Bodø,
32,2023,11435,Bryggelandsholmane,ikke-medikamentell,,,,,,deler av lokaliteten,1106,HAUGESUND,11,Rogaland,59.428783,5.09895,3,Karmøy til Sotra,
32,2023,22035,Buktodden Nø,ikke-medikamentell,,,,,,deler av lokaliteten,1833,RANA,18,Nordland,66.30817,13.432333,8,Helgeland til Bodø,
32,2023,37217,Dale,ikke-medikamentell,,,,,,deler av lokaliteten,5402,HARSTAD,54,Troms og Finnmark,68.92503,16.3452,10,Andøya til Senja,
32,2023,11076,Digermulen,ikke-medikamentell,,,,,,deler av lokaliteten,1836,RØDØY,18,Nordland,66.675735,13.317517,8,Helgeland til Bodø,
32,2023,30097,Djupvik,ikke-medikamentell,,,,,,deler av lokaliteten,1836,RØDØY,18,Nordland,66.73299,13.33115,8,Helgeland til Bodø,
32,2023,19336,Flatholmen,ikke-medikamentell,,,,,,deler av lokaliteten,1106,HAUGESUND,11,Rogaland,59.4293,5.114483,3,Karmøy til Sotra,
32,2023,16939,Fornes,ikke-medikamentell,,,,,,hele lokaliteten,1851,LØDINGEN,18,Nordland,68.410484,15.435433,9,Vestfjorden og Vesterålen,
32,2023,13669,Furneset,ikke-medikamentell,,,,,,deler av lokaliteten,1535,VESTNES,15,Møre og Romsdal,62.6461,7.101183,5,Stadt til Hustadvika,
32,2023,31357,Geitryggen,ikke-medikamentell,,,,,,deler av lokaliteten,5060,NÆRØYSUND,50,Trøndelag,64.75127,11.189217,7,Nord-Trøndelag med Bindal,
32,2023,11530,Gissøysundet S,ikke-medikamentell,,,,,,hele lokaliteten,4613,BØMLO,46,Vestland,59.623585,5.160067,3,Karmøy til Sotra,
32,2023,33757,Håbranden,medikamentell,fôrbehandling,Emamectin benzoat,,,,hele lokaliteten,5014,FRØYA,50,Trøndelag,63.942,9.133483,6,Nordmøre og Sør-Trøndelag,
32,2023,19995,Hagahammaren,ikke-medikamentell,,,,,,deler av lokaliteten,1576,AURE,15,Møre og Romsdal,63.137917,8.0306,6,Nordmøre og Sør-Trøndelag,
32,2023,13886,Hallarøy V,ikke-medikamentell,,,,,,deler av lokaliteten,5014,FRØYA,50,Trøndelag,63.99758,9.1299,6,Nordmøre og Sør-Trøndelag,
32,2023,30257,Hausan,ikke-medikamentell,,,,,,deler av lokaliteten,5055,HEIM,50,Trøndelag,63.458317,8.955683,6,Nordmøre og Sør-Trøndelag,
32,2023,45167,Heggeset,ikke-medikamentell,,,,,,deler av lokaliteten,1554,AVERØY,15,Møre og Romsdal,62.973415,7.645567,6,Nordmøre og Sør-Trøndelag,
32,2023,13503,Heggvika,ikke-medikamentell,,,,,,deler av lokaliteten,5056,HITRA,50,Trøndelag,63.610733,9.0523,6,Nordmøre og Sør-Trøndelag,
32,2023,10291,Hiskholmen,ikke-medikamentell,,,,,,deler av lokaliteten,4613,BØMLO,46,Vestland,59.72585,5.144717,3,Karmøy til Sotra,
32,2023,13931,Hjartøy Ø,ikke-medikamentell,,,,,,deler av lokaliteten,1848,STEIGEN,18,Nordland,67.65652,15.121867,9,Vestfjorden og Vesterålen,
32,2023,12483,Hjortholman,ikke-medikamentell,,,,,,deler av lokaliteten,1573,SMØLA,15,Møre og Romsdal,63.458965,7.852167,6,Nordmøre og Sør-Trøndelag,
32,2023,10876,Istervika,ikke-medikamentell,,,,,,deler av lokaliteten,1813,BRØNNØY,18,Nordland,65.446884,12.56175,8,Helgeland til Bodø,
32,2023,12348,Kåholmen,ikke-medikamentell,,,,,,deler av lokaliteten,5056,HITRA,50,Trøndelag,63.617184,8.994133,6,Nordmøre og Sør-Trøndelag,
32,2023,12872,Kattholmen,ikke-medikamentell,,,,,,deler av lokaliteten,1505,KRISTIANSUND,15,Møre og Romsdal,63.055332,7.695317,6,Nordmøre og Sør-Trøndelag,
32,2023,11913,Kjeahola,ikke-medikamentell,,,,,,deler av lokaliteten,1103,STAVANGER,11,Rogaland,59.2933,6.0729,2,Ryfylke,
32,2023,36297,Kjeringeholmen,ikke-medikamentell,,,,,,hele lokaliteten,4645,ASKVOLL,46,Vestland,61.390984,4.982833,4,Nordhordaland til Stadt,
32,2023,11112,Kjerkvika,medikamentell,fôrbehandling,Emamectin benzoat,,,,hele lokaliteten,1838,GILDESKÅL,18,Nordland,67.107864,14.268983,8,Helgeland til Bodø,
32,2023,11112,Kjerkvika,medikamentell,fôrbehandling,Emamectin benzoat,,,,hele lokaliteten,1838,GILDESKÅL,18,Nordland,67.107864,14.268983,8,Helgeland til Bodø,
32,2023,11201,Kolvikodden Ø,ikke-medikamentell,,,,,,deler av lokaliteten,1860,VESTVÅGØY,18,Nordland,68.088165,13.68965,9,Vestfjorden og Vesterålen,
32,2023,12855,Kornstad,ikke-medikamentell,,,,,,deler av lokaliteten,1554,AVERØY,15,Møre og Romsdal,62.960384,7.45015,6,Nordmøre og Sør-Trøndelag,
32,2023,11719,Kråkenes,ikke-medikamentell,,,,,,deler av lokaliteten,4636,SOLUND,46,Vestland,61.05835,4.9203,4,Nordhordaland til Stadt,
32,2023,21676,Kråkholmen,ikke-medikamentell,,,,,,deler av lokaliteten,5049,FLATANGER,50,Trøndelag,64.60255,10.854067,7,Nord-Trøndelag med Bindal,
32,2023,22775,Kvaløya,ikke-medikamentell,,,,,,deler av lokaliteten,5060,NÆRØYSUND,50,Trøndelag,65.001915,11.058617,7,Nord-Trøndelag med Bindal,
32,2023,11074,Kvalvika,ikke-medikamentell,,,,,,deler av lokaliteten,1836,RØDØY,18,Nordland,66.66908,13.391633,8,Helgeland til Bodø,
32,2023,11714,Kvernhusvika,ikke-medikamentell,,,,,,deler av lokaliteten,4636,SOLUND,46,Vestland,61.0675,4.94345,4,Nordhordaland til Stadt,
32,2023,36457,Kvingra,ikke-medikamentell,,,,,,deler av lokaliteten,5052,LEKA,50,Trøndelag,65.20317,11.569,7,Nord-Trøndelag med Bindal,
32,2023,30076,Kyrøyene,ikke-medikamentell,,,,,,deler av lokaliteten,5060,NÆRØYSUND,50,Trøndelag,64.764015,10.806633,7,Nord-Trøndelag med Bindal,
32,2023,10898,Lamholmen,ikke-medikamentell,,,,,,hele lokaliteten,1813,BRØNNØY,18,Nordland,65.47138,12.135,8,Helgeland til Bodø,
32,2023,45154,Langneset,medikamentell,fôrbehandling,Emamectin benzoat,,,,hele lokaliteten,5423,KARLSØY,54,Troms og Finnmark,70.05127,19.76845,11,Kvaløya til Loppa,
32,2023,33557,Langskjæra II,ikke-medikamentell,,,,,,deler av lokaliteten,5014,FRØYA,50,Trøndelag,63.821815,8.743433,6,Nordmøre og Sør-Trøndelag,
32,2023,37297,Larstangen,medikamentell,fôrbehandling,Emamectin benzoat,,,,hele lokaliteten,5423,KARLSØY,54,Troms og Finnmark,70.08442,20.090418,11,Kvaløya til Loppa,
32,2023,12870,Leite,ikke-medikamentell,,,,,,hele lokaliteten,1554,AVERØY,15,Møre og Romsdal,63.035767,7.677383,6,Nordmøre og Sør-Trøndelag,
32,2023,10262,Lille Kvitholmen,ikke-medikamentell,,,,,,deler av lokaliteten,5060,NÆRØYSUND,50,Trøndelag,65.01145,11.6139,7,Nord-Trøndelag med Bindal,
32,2023,14043,Lybergsvika,ikke-medikamentell,,,,,,deler av lokaliteten,1539,RAUMA,15,Møre og Romsdal,62.64515,7.450533,5,Stadt til Hustadvika,
32,2023,12385,Lyngvær Ø II,ikke-medikamentell,,,,,,deler av lokaliteten,5014,FRØYA,50,Trøndelag,63.80621,8.567418,6,Nordmøre og Sør-Trøndelag,
32,2023,31637,Melkøya,ikke-medikamentell,,,,,,deler av lokaliteten,1818,HERØY I NORDLAND,18,Nordland,66.08141,12.2005,8,Helgeland til Bodø,
32,2023,11041,Nord Gåsvær,ikke-medikamentell,,,,,,hele lokaliteten,1818,HERØY I NORDLAND,18,Nordland,66.07035,12.065617,8,Helgeland til Bodø,
32,2023,23816,Nordbotnet,ikke-medikamentell,,,,,,hele lokaliteten,1828,NESNA,18,Nordland,66.25612,12.8942,8,Helgeland til Bodø,
32,2023,26315,Nordgjæslingan,ikke-medikamentell,,,,,,deler av lokaliteten,5060,NÆRØYSUND,50,Trøndelag,64.76597,10.913767,7,Nord-Trøndelag med Bindal,
32,2023,33297,Nye Skorpa,medikamentell,fôrbehandling,Emamectin benzoat,,,,hele lokaliteten,1827,DØNNA,18,Nordland,66.03093,12.481483,8,Helgeland til Bodø,
32,2023,28676,Olvika,ikke-medikamentell,,,,,,deler av lokaliteten,1834,LURØY,18,Nordland,66.4367,13.126033,8,Helgeland til Bodø,
32,2023,12394,Ørnøya,ikke-medikamentell,,,,,,deler av lokaliteten,5014,FRØYA,50,Trøndelag,63.761868,8.445183,6,Nordmøre og Sør-Trøndelag,
32,2023,24696,Ørnøya II,ikke-medikamentell,,,,,,deler av lokaliteten,5014,FRØYA,50,Trøndelag,63.758484,8.450367,6,Nordmøre og Sør-Trøndelag,
32,2023,11205,Oterholmen I,ikke-medikamentell,,,,,,hele lokaliteten,1860,VESTVÅGØY,18,Nordland,68.092636,13.634483,9,Vestfjorden og Vesterålen,
32,2023,31958,Ratvika,ikke-medikamentell,,,,,,deler av lokaliteten,5058,ÅFJORD,50,Trøndelag,63.97185,9.954783,6,Nordmøre og Sør-Trøndelag,
32,2023,31777,Reinvika,ikke-medikamentell,,,,,,hele lokaliteten,1845,SØRFOLD,18,Nordland,67.60568,15.368483,9,Vestfjorden og Vesterålen,
32,2023,13887,Reitholmen,ikke-medikamentell,,,,,,deler av lokaliteten,5056,HITRA,50,Trøndelag,63.617184,9.1311,6,Nordmøre og Sør-Trøndelag,
32,2023,12281,Rogne,ikke-medikamentell,,,,,,hele lokaliteten,1507,ÅLESUND,15,Møre og Romsdal,62.66965,6.356833,5,Stadt til Hustadvika,
32,2023,37197,Ruggstein,ikke-medikamentell,,,,,,deler av lokaliteten,5014,FRØYA,50,Trøndelag,63.770084,8.476033,6,Nordmøre og Sør-Trøndelag,
32,2023,12794,Rundklumpen,ikke-medikamentell,,,,,,hele lokaliteten,5057,ØRLAND,50,Trøndelag,63.801315,9.607583,6,Nordmøre og Sør-Trøndelag,
32,2023,34857,Salatskjæra,ikke-medikamentell,,,,,,deler av lokaliteten,5014,FRØYA,50,Trøndelag,63.90485,8.589133,6,Nordmøre og Sør-Trøndelag,
32,2023,13243,Sandvika,ikke-medikamentell,,,,,,deler av lokaliteten,1577,VOLDA,15,Møre og Romsdal,62.195667,5.904417,5,Stadt til Hustadvika,
32,2023,37857,Seiskjæret,ikke-medikamentell,,,,,,deler av lokaliteten,1818,HERØY I NORDLAND,18,Nordland,65.93428,12.071567,8,Helgeland til Bodø,
32,2023,13284,Sjølyst,ikke-medikamentell,,,,,,deler av lokaliteten,1827,DØNNA,18,Nordland,66.11311,12.487683,8,Helgeland til Bodø,
32,2023,10216,Skåren,ikke-medikamentell,,,,,,deler av lokaliteten,5055,HEIM,50,Trøndelag,63.076283,8.191733,6,Nordmøre og Sør-Trøndelag,
32,2023,21795,Skarvhausen,ikke-medikamentell,,,,,,hele lokaliteten,1851,LØDINGEN,18,Nordland,68.339714,15.38435,9,Vestfjorden og Vesterålen,
32,2023,11966,Skigelstrand,ikke-medikamentell,,,,,,hele lokaliteten,1160,VINDAFJORD,11,Rogaland,59.494118,5.846567,2,Ryfylke,
32,2023,10660,Skinnstakkvika,ikke-medikamentell,,,,,,deler av lokaliteten,5434,MÅSØY,54,Troms og Finnmark,70.88918,24.944717,12,Vest-Finnmark,
32,2023,12108,Skorpo Nv,ikke-medikamentell,,,,,,deler av lokaliteten,4617,KVINNHERAD,46,Vestland,59.95323,5.827133,3,Karmøy til Sotra,
32,2023,26155,Slåttholmen,ikke-medikamentell,,,,,,deler av lokaliteten,5055,HEIM,50,Trøndelag,63.44779,8.958173,6,Nordmøre og Sør-Trøndelag,
32,2023,13000,Slåttvika,ikke-medikamentell,,,,,,deler av lokaliteten,1813,BRØNNØY,18,Nordland,65.52393,12.545017,8,Helgeland til Bodø,
32,2023,12712,Slokkholmen Ø,ikke-medikamentell,,,,,,deler av lokaliteten,5052,LEKA,50,Trøndelag,65.03989,11.4847,7,Nord-Trøndelag med Bindal,
32,2023,35318,Sortevika,medikamentell,fôrbehandling,Emamectin benzoat,,,,hele lokaliteten,5420,DYRØY,54,Troms og Finnmark,69.0188,17.520067,10,Andøya til Senja,
32,2023,31217,Stokkasjøen,ikke-medikamentell,,,,,,deler av lokaliteten,1816,VEVELSTAD,18,Nordland,65.78252,12.591783,8,Helgeland til Bodø,
32,2023,10974,Store Bukkøy N,ikke-medikamentell,,,,,,deler av lokaliteten,1834,LURØY,18,Nordland,66.40072,12.4117,8,Helgeland til Bodø,
32,2023,19016,Storskogøya,ikke-medikamentell,,,,,,deler av lokaliteten,5056,HITRA,50,Trøndelag,63.506065,9.19075,6,Nordmøre og Sør-Trøndelag,
32,2023,22335,Storvika,ikke-medikamentell,,,,,,hele lokaliteten,1579,HUSTADVIKA,15,Møre og Romsdal,62.8021,6.977733,5,Stadt til Hustadvika,
32,2023,13727,Svellungen,ikke-medikamentell,,,,,,deler av lokaliteten,5056,HITRA,50,Trøndelag,63.655785,9.15525,6,Nordmøre og Sør-Trøndelag,
32,2023,38697,Takflua,ikke-medikamentell,,,,,,deler av lokaliteten,5058,ÅFJORD,50,Trøndelag,63.980667,9.868733,6,Nordmøre og Sør-Trøndelag,
32,2023,25815,Tittelsnes,ikke-medikamentell,,,,,,deler av lokaliteten,4612,SVEIO,46,Vestland,59.72365,5.534383,3,Karmøy til Sotra,
32,2023,13562,Uføro,ikke-medikamentell,,,,,,deler av lokaliteten,4614,STORD,46,Vestland,59.87835,5.526917,3,Karmøy til Sotra,
32,2023,34737,Ulvøyo,ikke-medikamentell,,,,,,deler av lokaliteten,1106,HAUGESUND,11,Rogaland,59.432583,5.106567,3,Karmøy til Sotra,
32,2023,31557,Valøyan,ikke-medikamentell,,,,,,deler av lokaliteten,5014,FRØYA,50,Trøndelag,63.81835,8.463817,6,Nordmøre og Sør-Trøndelag,
32,2023,36337,Vardskjæret S,ikke-medikamentell,,,,,,deler av lokaliteten,1834,LURØY,18,Nordland,66.350266,12.469867,8,Helgeland til Bodø,
32,2023,12678,Vedøya,medikamentell,fôrbehandling,Emamectin benzoat,,,,deler av lokaliteten,5007,NAMSOS,50,Trøndelag,64.60743,11.354817,7,Nord-Trøndelag med Bindal,
32,2023,12678,Vedøya,medikamentell,fôrbehandling,Emamectin benzoat,,,,deler av lokaliteten,5007,NAMSOS,50,Trøndelag,64.60743,11.354817,7,Nord-Trøndelag med Bindal,
32,2023,13246,Voldnes,ikke-medikamentell,,,,,,deler av lokaliteten,1515,HERØY I MØRE OG ROMSDAL,15,Møre og Romsdal,62.2097,5.7849,5,Stadt til Hustadvika,
32,2023,45032,Ytterflesa,ikke-medikamentell,,,,,,deler av lokaliteten,5060,NÆRØYSUND,50,Trøndelag,64.972984,11.443517,7,Nord-Trøndelag med Bindal,
31,2023,13227,Altaneset,ikke-medikamentell,,,,,,hele lokaliteten,4624,BJØRNAFJORDEN,46,Vestland,60.248016,5.633883,3,Karmøy til Sotra,
31,2023,32277,Andholmen 1,ikke-medikamentell,,,,,,deler av lokaliteten,1573,SMØLA,15,Møre og Romsdal,63.469215,7.8523,6,Nordmøre og Sør-Trøndelag,
31,2023,12988,Aukrasanden,ikke-medikamentell,,,,,,hele lokaliteten,1547,AUKRA,15,Møre og Romsdal,62.783417,6.92605,5,Stadt til Hustadvika,
31,2023,11930,Bjelkavik,ikke-medikamentell,,,,,,deler av lokaliteten,1134,SULDAL,11,Rogaland,59.45165,5.991917,2,Ryfylke,
31,2023,12625,Bjørgan,ikke-medikamentell,,,,,,hele lokaliteten,5049,FLATANGER,50,Trøndelag,64.59268,10.908333,7,Nord-Trøndelag med Bindal,
31,2023,10212,Bogen,ikke-medikamentell,,,,,,deler av lokaliteten,1505,KRISTIANSUND,15,Møre og Romsdal,63.076782,7.9046,6,Nordmøre og Sør-Trøndelag,
31,2023,13765,Breiviken,ikke-medikamentell,,,,,,hele lokaliteten,1834,LURØY,18,Nordland,66.46165,12.958033,8,Helgeland til Bodø,
31,2023,14799,Djupestallen,ikke-medikamentell,,,,,,deler av lokaliteten,4616,TYSNES,46,Vestland,60.058968,5.452733,3,Karmøy til Sotra,
31,2023,37177,Djuptaren,ikke-medikamentell,,,,,,deler av lokaliteten,5060,NÆRØYSUND,50,Trøndelag,64.769264,10.629017,7,Nord-Trøndelag med Bindal,
31,2023,33117,Djupvik,ikke-medikamentell,,,,,,hele lokaliteten,1870,SORTLAND,18,Nordland,68.60365,15.34815,9,Vestfjorden og Vesterålen,
31,2023,32197,Dryna,ikke-medikamentell,,,,,,deler av lokaliteten,1506,MOLDE,15,Møre og Romsdal,62.64467,6.557633,5,Stadt til Hustadvika,
31,2023,11363,Enkeltstein,medikamentell,fôrbehandling,Emamectin benzoat,,,,hele lokaliteten,5413,IBESTAD,54,Troms og Finnmark,68.727585,16.910168,10,Andøya til Senja,
31,2023,19278,Forsåstorvika,medikamentell,fôrbehandling,Emamectin benzoat,,,,deler av lokaliteten,1875,HAMARØY,18,Nordland,68.170715,16.153233,9,Vestfjorden og Vesterålen,
31,2023,11814,Furevika,ikke-medikamentell,,,,,,hele lokaliteten,4646,FJALER,46,Vestland,61.305668,5.071783,4,Nordhordaland til Stadt,
31,2023,13021,Gaustad,ikke-medikamentell,,,,,,deler av lokaliteten,1579,HUSTADVIKA,15,Møre og Romsdal,62.9831,7.328267,6,Nordmøre og Sør-Trøndelag,
31,2023,11198,Geiterøya I,ikke-medikamentell,,,,,,hele lokaliteten,1860,VESTVÅGØY,18,Nordland,68.09026,13.735617,9,Vestfjorden og Vesterålen,
31,2023,31357,Geitryggen,medikamentell,badebehandling,Azamethiphos,,,,deler av lokaliteten,5060,NÆRØYSUND,50,Trøndelag,64.75127,11.189217,7,Nord-Trøndelag med Bindal,
31,2023,32037,Grasholman,medikamentell,fôrbehandling,Emamectin benzoat,,,,deler av lokaliteten,1834,LURØY,18,Nordland,66.3489,12.777717,8,Helgeland til Bodø,
31,2023,12435,Grøttingsøy,ikke-medikamentell,,,,,,deler av lokaliteten,5014,FRØYA,50,Trøndelag,63.879467,8.543083,6,Nordmøre og Sør-Trøndelag,
31,2023,11318,Hallvardøy,ikke-medikamentell,,,,,,deler av lokaliteten,1851,LØDINGEN,18,Nordland,68.37497,15.317333,9,Vestfjorden og Vesterålen,
31,2023,11920,Herøy,ikke-medikamentell,,,,,,deler av lokaliteten,1160,VINDAFJORD,11,Rogaland,59.46635,6.0258,2,Ryfylke,
31,2023,13006,Hestholmen N,ikke-medikamentell,,,,,,hele lokaliteten,1838,GILDESKÅL,18,Nordland,67.14678,14.016533,8,Helgeland til Bodø,
31,2023,35197,Hjortøya,ikke-medikamentell,,,,,,deler av lokaliteten,5060,NÆRØYSUND,50,Trøndelag,64.9848,11.135467,7,Nord-Trøndelag med Bindal,
31,2023,12871,Hogsnes,ikke-medikamentell,,,,,,deler av lokaliteten,1554,AVERØY,15,Møre og Romsdal,63.093033,7.675883,6,Nordmøre og Sør-Trøndelag,
31,2023,30377,Hogsneset N,ikke-medikamentell,,,,,,deler av lokaliteten,1554,AVERØY,15,Møre og Romsdal,63.099934,7.670267,6,Nordmøre og Sør-Trøndelag,
31,2023,45010,Holand,medikamentell,fôrbehandling,Emamectin benzoat,,,,deler av lokaliteten,1870,SORTLAND,18,Nordland,68.63108,15.269267,9,Vestfjorden og Vesterålen,
31,2023,29756,Indre Bringenes,medikamentell,fôrbehandling,Emamectin benzoat,,,,hele lokaliteten,5421,SENJA,54,Troms og Finnmark,69.48227,17.57155,10,Andøya til Senja,
31,2023,11405,Innerbrokløysa,medikamentell,fôrbehandling,Emamectin benzoat,,,,hele lokaliteten,1870,SORTLAND,18,Nordland,68.63045,15.482067,9,Vestfjorden og Vesterålen,
31,2023,10876,Istervika,ikke-medikamentell,,,,,,deler av lokaliteten,1813,BRØNNØY,18,Nordland,65.446884,12.56175,8,Helgeland til Bodø,
31,2023,33197,Jernelva,ikke-medikamentell,,,,,,deler av lokaliteten,5406,HAMMERFEST,54,Troms og Finnmark,70.449585,23.63825,12,Vest-Finnmark,
31,2023,12348,Kåholmen,ikke-medikamentell,,,,,,deler av lokaliteten,5056,HITRA,50,Trøndelag,63.617184,8.994133,6,Nordmøre og Sør-Trøndelag,
31,2023,13573,Kistvika,medikamentell,badebehandling,Azamethiphos,,,,deler av lokaliteten,5055,HEIM,50,Trøndelag,63.384,9.171467,6,Nordmøre og Sør-Trøndelag,
31,2023,13573,Kistvika,ikke-medikamentell,,,,,,deler av lokaliteten,5055,HEIM,50,Trøndelag,63.384,9.171467,6,Nordmøre og Sør-Trøndelag,
31,2023,11913,Kjeahola,ikke-medikamentell,,,,,,deler av lokaliteten,1103,STAVANGER,11,Rogaland,59.2933,6.0729,2,Ryfylke,
31,2023,11112,Kjerkvika,medikamentell,fôrbehandling,Emamectin benzoat,,,,hele lokaliteten,1838,GILDESKÅL,18,Nordland,67.107864,14.268983,8,Helgeland til Bodø,
31,2023,11112,Kjerkvika,medikamentell,fôrbehandling,Emamectin benzoat,,,,hele lokaliteten,1838,GILDESKÅL,18,Nordland,67.107864,14.268983,8,Helgeland til Bodø,
31,2023,40377,Klampvika N,ikke-medikamentell,,,,,,deler av lokaliteten,1811,BINDAL,18,Nordland,65.21104,12.250167,7,Nord-Trøndelag med Bindal,
31,2023,24455,Klavelandet,ikke-medikamentell,,,,,,deler av lokaliteten,4602,KINN,46,Vestland,61.60395,5.186533,4,Nordhordaland til Stadt,
31,2023,13764,Kokvika,ikke-medikamentell,,,,,,hele lokaliteten,1834,LURØY,18,Nordland,66.4129,12.957383,8,Helgeland til Bodø,
31,2023,30297,Krabbholmen,ikke-medikamentell,,,,,,deler av lokaliteten,5058,ÅFJORD,50,Trøndelag,63.944485,9.8814,6,Nordmøre og Sør-Trøndelag,
31,2023,33177,Krabbholmen II,ikke-medikamentell,,,,,,deler av lokaliteten,5058,ÅFJORD,50,Trøndelag,63.94,9.886633,6,Nordmøre og Sør-Trøndelag,
31,2023,12652,Kråkøya,ikke-medikamentell,,,,,,hele lokaliteten,5060,NÆRØYSUND,50,Trøndelag,65.003784,11.042367,7,Nord-Trøndelag med Bindal,
31,2023,11633,Krossholmen,ikke-medikamentell,,,,,,hele lokaliteten,4613,BØMLO,46,Vestland,59.7879,5.100533,3,Karmøy til Sotra,
31,2023,11803,Kyravika,ikke-medikamentell,,,,,,hele lokaliteten,4646,FJALER,46,Vestland,61.31722,5.160283,4,Nordhordaland til Stadt,
31,2023,11116,Langholmen,ikke-medikamentell,,,,,,deler av lokaliteten,1838,GILDESKÅL,18,Nordland,67.05783,14.025333,8,Helgeland til Bodø,
31,2023,12870,Leite,ikke-medikamentell,,,,,,hele lokaliteten,1554,AVERØY,15,Møre og Romsdal,63.035767,7.677383,6,Nordmøre og Sør-Trøndelag,
31,2023,12966,Lindvik,ikke-medikamentell,,,,,,deler av lokaliteten,1160,VINDAFJORD,11,Rogaland,59.474068,5.976433,2,Ryfylke,
31,2023,40137,Lønngrunnen,ikke-medikamentell,,,,,,deler av lokaliteten,5057,ØRLAND,50,Trøndelag,63.937534,9.779517,6,Nordmøre og Sør-Trøndelag,
31,2023,38517,Måvær,medikamentell,fôrbehandling,Emamectin benzoat,,,,hele lokaliteten,1834,LURØY,18,Nordland,66.47767,12.7355,8,Helgeland til Bodø,
31,2023,31637,Melkøya,ikke-medikamentell,,,,,,hele lokaliteten,1818,HERØY I NORDLAND,18,Nordland,66.08141,12.2005,8,Helgeland til Bodø,
31,2023,13293,Molgavlen,ikke-medikamentell,,,,,,hele lokaliteten,1865,VÅGAN,18,Nordland,68.30537,14.949933,9,Vestfjorden og Vesterålen,
31,2023,11168,Oddværsætra,ikke-medikamentell,,,,,,deler av lokaliteten,1865,VÅGAN,18,Nordland,68.270386,14.769217,9,Vestfjorden og Vesterålen,
31,2023,14019,Øksningen,ikke-medikamentell,,,,,,deler av lokaliteten,1811,BINDAL,18,Nordland,65.13924,12.31975,7,Nord-Trøndelag med Bindal,
31,2023,17235,Ørnes,ikke-medikamentell,,,,,,deler av lokaliteten,1834,LURØY,18,Nordland,66.42087,13.018317,8,Helgeland til Bodø,
31,2023,24696,Ørnøya II,ikke-medikamentell,,,,,,deler av lokaliteten,5014,FRØYA,50,Trøndelag,63.758484,8.450367,6,Nordmøre og Sør-Trøndelag,
31,2023,12406,Rauodden,ikke-medikamentell,,,,,,deler av lokaliteten,5056,HITRA,50,Trøndelag,63.66453,8.884083,6,Nordmøre og Sør-Trøndelag,
31,2023,29116,Reiråklakken,ikke-medikamentell,,,,,,deler av lokaliteten,1573,SMØLA,15,Møre og Romsdal,63.44995,8.167133,6,Nordmøre og Sør-Trøndelag,
31,2023,12281,Rogne,ikke-medikamentell,,,,,,deler av lokaliteten,1507,ÅLESUND,15,Møre og Romsdal,62.66965,6.356833,5,Stadt til Hustadvika,
31,2023,11770,Rotøy,ikke-medikamentell,,,,,,deler av lokaliteten,4626,ØYGARDEN,46,Vestland,60.68285,4.759833,4,Nordhordaland til Stadt,
31,2023,37197,Ruggstein,ikke-medikamentell,,,,,,deler av lokaliteten,5014,FRØYA,50,Trøndelag,63.770084,8.476033,6,Nordmøre og Sør-Trøndelag,
31,2023,16015,Russelva,medikamentell,fôrbehandling,Emamectin benzoat,,,,hele lokaliteten,5428,NORDREISA,54,Troms og Finnmark,69.88975,20.769016,11,Kvaløya til Loppa,
31,2023,13243,Sandvika,ikke-medikamentell,,,,,,deler av lokaliteten,1577,VOLDA,15,Møre og Romsdal,62.195667,5.904417,5,Stadt til Hustadvika,
31,2023,13284,Sjølyst,medikamentell,badebehandling,Azamethiphos,,,,deler av lokaliteten,1827,DØNNA,18,Nordland,66.11311,12.487683,8,Helgeland til Bodø,
31,2023,13284,Sjølyst,ikke-medikamentell,,,,,,deler av lokaliteten,1827,DØNNA,18,Nordland,66.11311,12.487683,8,Helgeland til Bodø,
31,2023,26155,Slåttholmen,ikke-medikamentell,,,,,,deler av lokaliteten,5055,HEIM,50,Trøndelag,63.44779,8.958173,6,Nordmøre og Sør-Trøndelag,
31,2023,20815,Slettvika,ikke-medikamentell,,,,,,deler av lokaliteten,1520,ØRSTA,15,Møre og Romsdal,62.334,6.157667,5,Stadt til Hustadvika,
31,2023,12712,Slokkholmen Ø,ikke-medikamentell,,,,,,deler av lokaliteten,5052,LEKA,50,Trøndelag,65.03989,11.4847,7,Nord-Trøndelag med Bindal,
31,2023,35318,Sortevika,medikamentell,fôrbehandling,Emamectin benzoat,,,,hele lokaliteten,5420,DYRØY,54,Troms og Finnmark,69.0188,17.520067,10,Andøya til Senja,
31,2023,30537,Steinflesa,ikke-medikamentell,,,,,,deler av lokaliteten,5052,LEKA,50,Trøndelag,65.134834,11.515983,7,Nord-Trøndelag med Bindal,
31,2023,11290,Stormneset,medikamentell,fôrbehandling,Emamectin benzoat,,,,deler av lokaliteten,1875,HAMARØY,18,Nordland,68.19825,16.134117,9,Vestfjorden og Vesterålen,
31,2023,31338,Storskjeret,ikke-medikamentell,,,,,,deler av lokaliteten,1576,AURE,15,Møre og Romsdal,63.27048,8.2298,6,Nordmøre og Sør-Trøndelag,
31,2023,31817,Svartskjær,medikamentell,fôrbehandling,Emamectin benzoat,,,,hele lokaliteten,5413,IBESTAD,54,Troms og Finnmark,68.718285,16.775467,10,Andøya til Senja,
31,2023,32717,Tranøya N,ikke-medikamentell,,,,,,deler av lokaliteten,5057,ØRLAND,50,Trøndelag,63.87185,9.76985,6,Nordmøre og Sør-Trøndelag,
31,2023,13562,Uføro,ikke-medikamentell,,,,,,deler av lokaliteten,4614,STORD,46,Vestland,59.87835,5.526917,3,Karmøy til Sotra,
31,2023,36717,Vindhammarneset,medikamentell,fôrbehandling,Emamectin benzoat,,,,hele lokaliteten,5421,SENJA,54,Troms og Finnmark,69.468414,17.606182,10,Andøya til Senja,
31,2023,17495,Vullum,ikke-medikamentell,,,,,,deler av lokaliteten,5055,HEIM,50,Trøndelag,63.04965,8.2162,6,Nordmøre og Sør-Trøndelag,
30,2023,32277,Andholmen 1,ikke-medikamentell,,,,,,deler av lokaliteten,1573,SMØLA,15,Møre og Romsdal,63.469215,7.8523,6,Nordmøre og Sør-Trøndelag,
30,2023,35797,Årsetfjorden,ikke-medikamentell,,,,,,deler av lokaliteten,5060,NÆRØYSUND,50,Trøndelag,65.00819,11.746417,7,Nord-Trøndelag med Bindal,
30,2023,13341,Bakjestranda,ikke-medikamentell,,,,,,hele lokaliteten,4648,BREMANGER,46,Vestland,61.82025,4.940267,4,Nordhordaland til Stadt,
30,2023,13845,Beitveit,ikke-medikamentell,,,,,,hele lokaliteten,4649,STAD,46,Vestland,62.140835,5.3275,5,Stadt til Hustadvika,
30,2023,11930,Bjelkavik,ikke-medikamentell,,,,,,deler av lokaliteten,1134,SULDAL,11,Rogaland,59.45165,5.991917,2,Ryfylke,
30,2023,10212,Bogen,ikke-medikamentell,,,,,,deler av lokaliteten,1505,KRISTIANSUND,15,Møre og Romsdal,63.076782,7.9046,6,Nordmøre og Sør-Trøndelag,
30,2023,15796,Borgarliflot,ikke-medikamentell,,,,,,deler av lokaliteten,1134,SULDAL,11,Rogaland,59.3892,5.924733,2,Ryfylke,
30,2023,45134,Bugane,medikamentell,fôrbehandling,Emamectin benzoat,,,,deler av lokaliteten,1528,SYKKYLVEN,15,Møre og Romsdal,62.438816,6.816167,5,Stadt til Hustadvika,
30,2023,11076,Digermulen,ikke-medikamentell,,,,,,deler av lokaliteten,1836,RØDØY,18,Nordland,66.675735,13.317517,8,Helgeland til Bodø,
30,2023,14799,Djupestallen,ikke-medikamentell,,,,,,deler av lokaliteten,4616,TYSNES,46,Vestland,60.058968,5.452733,3,Karmøy til Sotra,
30,2023,30917,Elgen,ikke-medikamentell,,,,,,hele lokaliteten,5402,HARSTAD,54,Troms og Finnmark,68.87711,16.282368,10,Andøya til Senja,
30,2023,11363,Enkeltstein,medikamentell,fôrbehandling,Emamectin benzoat,,,,hele lokaliteten,5413,IBESTAD,54,Troms og Finnmark,68.727585,16.910168,10,Andøya til Senja,
30,2023,19278,Forsåstorvika,medikamentell,fôrbehandling,Emamectin benzoat,,,,hele lokaliteten,1875,HAMARØY,18,Nordland,68.170715,16.153233,9,Vestfjorden og Vesterålen,
30,2023,25695,Gjerde,ikke-medikamentell,,,,,,deler av lokaliteten,1516,ULSTEIN,15,Møre og Romsdal,62.259983,5.929183,5,Stadt til Hustadvika,
30,2023,32037,Grasholman,medikamentell,fôrbehandling,Emamectin benzoat,,,,deler av lokaliteten,1834,LURØY,18,Nordland,66.3489,12.777717,8,Helgeland til Bodø,
30,2023,17177,Grunneneset,ikke-medikamentell,,,,,,hele lokaliteten,4648,BREMANGER,46,Vestland,61.89445,5.34815,4,Nordhordaland til Stadt,
30,2023,24735,Gulholmen,medikamentell,badebehandling,Azamethiphos,,,,hele lokaliteten,4624,BJØRNAFJORDEN,46,Vestland,60.1282,5.400467,3,Karmøy til Sotra,
30,2023,19995,Hagahammaren,ikke-medikamentell,,,,,,deler av lokaliteten,1576,AURE,15,Møre og Romsdal,63.137917,8.0306,6,Nordmøre og Sør-Trøndelag,
30,2023,36617,Harbakholmen,ikke-medikamentell,,,,,,hele lokaliteten,5060,NÆRØYSUND,50,Trøndelag,64.953316,11.195717,7,Nord-Trøndelag med Bindal,
30,2023,13503,Heggvika,ikke-medikamentell,,,,,,deler av lokaliteten,5056,HITRA,50,Trøndelag,63.610733,9.0523,6,Nordmøre og Sør-Trøndelag,
30,2023,12036,Hisdalen,ikke-medikamentell,,,,,,deler av lokaliteten,4617,KVINNHERAD,46,Vestland,60.126118,5.9305,3,Karmøy til Sotra,
30,2023,10291,Hiskholmen,ikke-medikamentell,,,,,,deler av lokaliteten,4613,BØMLO,46,Vestland,59.72585,5.144717,3,Karmøy til Sotra,
30,2023,12483,Hjortholman,ikke-medikamentell,,,,,,deler av lokaliteten,1573,SMØLA,15,Møre og Romsdal,63.458965,7.852167,6,Nordmøre og Sør-Trøndelag,
30,2023,12871,Hogsnes,ikke-medikamentell,,,,,,deler av lokaliteten,1554,AVERØY,15,Møre og Romsdal,63.093033,7.675883,6,Nordmøre og Sør-Trøndelag,
30,2023,18936,Igerøy Ø,ikke-medikamentell,,,,,,hele lokaliteten,1815,VEGA,18,Nordland,65.6862,12.139167,8,Helgeland til Bodø,
30,2023,29756,Indre Bringenes,medikamentell,fôrbehandling,Emamectin benzoat,,,,hele lokaliteten,5421,SENJA,54,Troms og Finnmark,69.48227,17.57155,10,Andøya til Senja,
30,2023,10876,Istervika,ikke-medikamentell,,,,,,deler av lokaliteten,1813,BRØNNØY,18,Nordland,65.446884,12.56175,8,Helgeland til Bodø,
30,2023,19977,Jektholmen,ikke-medikamentell,,,,,,hele lokaliteten,5058,ÅFJORD,50,Trøndelag,63.99495,9.928317,6,Nordmøre og Sør-Trøndelag,
30,2023,22915,Kalsøyflu,ikke-medikamentell,,,,,,hele lokaliteten,4625,AUSTEVOLL,46,Vestland,60.03818,5.114417,3,Karmøy til Sotra,
30,2023,36817,Kariskjæret,medikamentell,fôrbehandling,Emamectin benzoat,,,,hele lokaliteten,1804,BODØ,18,Nordland,67.38288,14.380617,9,Vestfjorden og Vesterålen,
30,2023,11913,Kjeahola,ikke-medikamentell,,,,,,deler av lokaliteten,1103,STAVANGER,11,Rogaland,59.2933,6.0729,2,Ryfylke,
30,2023,26135,Kjørsvikgrunn,ikke-medikamentell,,,,,,deler av lokaliteten,5055,HEIM,50,Trøndelag,63.457565,9.076,6,Nordmøre og Sør-Trøndelag,
30,2023,19755,Klubben,ikke-medikamentell,,,,,,hele lokaliteten,1812,SØMNA,18,Nordland,65.35318,12.441067,7,Nord-Trøndelag med Bindal,
30,2023,32097,Korsneset 2,ikke-medikamentell,,,,,,deler av lokaliteten,5055,HEIM,50,Trøndelag,63.14123,8.21375,6,Nordmøre og Sør-Trøndelag,
30,2023,28036,Langskjæran,medikamentell,fôrbehandling,Emamectin benzoat,,,,hele lokaliteten,1838,GILDESKÅL,18,Nordland,67.118385,13.898417,8,Helgeland til Bodø,
30,2023,14086,Lelandsholmen,ikke-medikamentell,,,,,,deler av lokaliteten,4613,BØMLO,46,Vestland,59.72855,5.152383,3,Karmøy til Sotra,
30,2023,40137,Lønngrunnen,ikke-medikamentell,,,,,,deler av lokaliteten,5057,ØRLAND,50,Trøndelag,63.937534,9.779517,6,Nordmøre og Sør-Trøndelag,
30,2023,12385,Lyngvær Ø II,medikamentell,fôrbehandling,Emamectin benzoat,,,,deler av lokaliteten,5014,FRØYA,50,Trøndelag,63.80621,8.567418,6,Nordmøre og Sør-Trøndelag,
30,2023,35477,Makrellskjæret,ikke-medikamentell,,,,,,deler av lokaliteten,5049,FLATANGER,50,Trøndelag,64.54919,10.734183,7,Nord-Trøndelag med Bindal,
30,2023,38517,Måvær,medikamentell,fôrbehandling,Emamectin benzoat,,,,hele lokaliteten,1834,LURØY,18,Nordland,66.47767,12.7355,8,Helgeland til Bodø,
30,2023,31637,Melkøya,ikke-medikamentell,,,,,,deler av lokaliteten,1818,HERØY I NORDLAND,18,Nordland,66.08141,12.2005,8,Helgeland til Bodø,
30,2023,21397,Midt Femris,ikke-medikamentell,,,,,,hele lokaliteten,1838,GILDESKÅL,18,Nordland,67.036934,13.967767,8,Helgeland til Bodø,
30,2023,27215,Myrane,medikamentell,fôrbehandling,Emamectin benzoat,,,,hele lokaliteten,1535,VESTNES,15,Møre og Romsdal,62.6505,6.726683,5,Stadt til Hustadvika,
30,2023,13020,Nygård,ikke-medikamentell,,,,,,deler av lokaliteten,4623,SAMNANGER,46,Vestland,60.358067,5.683283,3,Karmøy til Sotra,
30,2023,27055,Oddane,ikke-medikamentell,,,,,,deler av lokaliteten,4602,KINN,46,Vestland,61.540367,4.968933,4,Nordhordaland til Stadt,
30,2023,38797,Oløya N,medikamentell,fôrbehandling,Emamectin benzoat,,,,deler av lokaliteten,5014,FRØYA,50,Trøndelag,63.852734,8.591083,6,Nordmøre og Sør-Trøndelag,
30,2023,10136,Onarøy,ikke-medikamentell,,,,,,deler av lokaliteten,4616,TYSNES,46,Vestland,59.95335,5.669683,3,Karmøy til Sotra,
30,2023,13867,Raunevågen,ikke-medikamentell,,,,,,deler av lokaliteten,4612,SVEIO,46,Vestland,59.65798,5.533667,3,Karmøy til Sotra,
30,2023,29116,Reiråklakken,ikke-medikamentell,,,,,,deler av lokaliteten,1573,SMØLA,15,Møre og Romsdal,63.44995,8.167133,6,Nordmøre og Sør-Trøndelag,
30,2023,10893,Rensøya N,ikke-medikamentell,,,,,,hele lokaliteten,1835,TRÆNA,18,Nordland,66.50412,12.07285,8,Helgeland til Bodø,
30,2023,11964,Ringja,ikke-medikamentell,,,,,,deler av lokaliteten,1146,TYSVÆR,11,Rogaland,59.405468,5.8631,2,Ryfylke,
30,2023,16015,Russelva,medikamentell,fôrbehandling,Emamectin benzoat,,,,hele lokaliteten,5428,NORDREISA,54,Troms og Finnmark,69.88975,20.769016,11,Kvaløya til Loppa,
30,2023,31677,Sandholmane,ikke-medikamentell,,,,,,deler av lokaliteten,1547,AUKRA,15,Møre og Romsdal,62.79658,6.67125,5,Stadt til Hustadvika,
30,2023,45013,Sandskjæret,ikke-medikamentell,,,,,,deler av lokaliteten,1812,SØMNA,18,Nordland,65.3103,12.326,7,Nord-Trøndelag med Bindal,
30,2023,36517,Selsøyvær,ikke-medikamentell,,,,,,deler av lokaliteten,1836,RØDØY,18,Nordland,66.5896,12.84965,8,Helgeland til Bodø,
30,2023,13284,Sjølyst,ikke-medikamentell,,,,,,deler av lokaliteten,1827,DØNNA,18,Nordland,66.11311,12.487683,8,Helgeland til Bodø,
30,2023,12048,Skiftesneset N,ikke-medikamentell,,,,,,deler av lokaliteten,4624,BJØRNAFJORDEN,46,Vestland,60.07472,5.736783,3,Karmøy til Sotra,
30,2023,12705,Skrosen,ikke-medikamentell,,,,,,deler av lokaliteten,5052,LEKA,50,Trøndelag,65.122986,11.674517,7,Nord-Trøndelag med Bindal,
30,2023,12712,Slokkholmen Ø,ikke-medikamentell,,,,,,deler av lokaliteten,5052,LEKA,50,Trøndelag,65.03989,11.4847,7,Nord-Trøndelag med Bindal,
30,2023,38297,Sør Gåsvær,ikke-medikamentell,,,,,,deler av lokaliteten,1818,HERØY I NORDLAND,18,Nordland,66.03118,12.02305,8,Helgeland til Bodø,
30,2023,30537,Steinflesa,ikke-medikamentell,,,,,,deler av lokaliteten,5052,LEKA,50,Trøndelag,65.134834,11.515983,7,Nord-Trøndelag med Bindal,
30,2023,10974,Store Bukkøy N,ikke-medikamentell,,,,,,deler av lokaliteten,1834,LURØY,18,Nordland,66.40072,12.4117,8,Helgeland til Bodø,
30,2023,11290,Stormneset,medikamentell,fôrbehandling,Emamectin benzoat,,,,hele lokaliteten,1875,HAMARØY,18,Nordland,68.19825,16.134117,9,Vestfjorden og Vesterålen,
30,2023,31817,Svartskjær,medikamentell,fôrbehandling,Emamectin benzoat,,,,hele lokaliteten,5413,IBESTAD,54,Troms og Finnmark,68.718285,16.775467,10,Andøya til Senja,
30,2023,11813,Svinøy V,ikke-medikamentell,,,,,,hele lokaliteten,4646,FJALER,46,Vestland,61.30475,5.101317,4,Nordhordaland til Stadt,
30,2023,38697,Takflua,ikke-medikamentell,,,,,,hele lokaliteten,5058,ÅFJORD,50,Trøndelag,63.980667,9.868733,6,Nordmøre og Sør-Trøndelag,
30,2023,31497,Toska N,ikke-medikamentell,,,,,,deler av lokaliteten,4631,ALVER,46,Vestland,60.66987,4.9172,4,Nordhordaland til Stadt,
30,2023,12077,Tveitnesvik,ikke-medikamentell,,,,,,deler av lokaliteten,4617,KVINNHERAD,46,Vestland,60.10592,6.20525,3,Karmøy til Sotra,
30,2023,13570,Ulværholmen,ikke-medikamentell,,,,,,deler av lokaliteten,5056,HITRA,50,Trøndelag,63.598217,9.116583,6,Nordmøre og Sør-Trøndelag,
30,2023,36337,Vardskjæret S,ikke-medikamentell,,,,,,deler av lokaliteten,1834,LURØY,18,Nordland,66.350266,12.469867,8,Helgeland til Bodø,
30,2023,36717,Vindhammarneset,medikamentell,fôrbehandling,Emamectin benzoat,,,,hele lokaliteten,5421,SENJA,54,Troms og Finnmark,69.468414,17.606182,10,Andøya til Senja,
29,2023,12067,Aldalen,ikke-medikamentell,,,,,,deler av lokaliteten,4624,BJØRNAFJORDEN,46,Vestland,60.24995,5.571917,3,Karmøy til Sotra,
29,2023,11513,Andal,ikke-medikamentell,,,,,,deler av lokaliteten,4613,BØMLO,46,Vestland,59.636482,5.247117,3,Karmøy til Sotra,
29,2023,12988,Aukrasanden,ikke-medikamentell,,,,,,hele lokaliteten,1547,AUKRA,15,Møre og Romsdal,62.783417,6.92605,5,Stadt til Hustadvika,
29,2023,10862,Båsen,ikke-medikamentell,,,,,,deler av lokaliteten,1811,BINDAL,18,Nordland,65.11767,12.321467,7,Nord-Trøndelag med Bindal,
29,2023,15796,Borgarliflot,ikke-medikamentell,,,,,,deler av lokaliteten,1134,SULDAL,11,Rogaland,59.3892,5.924733,2,Ryfylke,
29,2023,11015,Brattholmen,ikke-medikamentell,,,,,,deler av lokaliteten,1818,HERØY I NORDLAND,18,Nordland,65.90735,12.220967,8,Helgeland til Bodø,
29,2023,32897,Breivika S,ikke-medikamentell,,,,,,deler av lokaliteten,1827,DØNNA,18,Nordland,66.15802,12.682067,8,Helgeland til Bodø,
29,2023,45134,Bugane,medikamentell,fôrbehandling,Emamectin benzoat,,,,deler av lokaliteten,1528,SYKKYLVEN,15,Møre og Romsdal,62.438816,6.816167,5,Stadt til Hustadvika,
29,2023,22035,Buktodden Nø,ikke-medikamentell,,,,,,hele lokaliteten,1833,RANA,18,Nordland,66.30817,13.432333,8,Helgeland til Bodø,
29,2023,37217,Dale,ikke-medikamentell,,,,,,deler av lokaliteten,5402,HARSTAD,54,Troms og Finnmark,68.92503,16.3452,10,Andøya til Senja,
29,2023,11381,Dypingen,medikamentell,fôrbehandling,Emamectin benzoat,,,,hele lokaliteten,5402,HARSTAD,54,Troms og Finnmark,68.96087,16.530416,10,Andøya til Senja,
29,2023,12109,Ebne,ikke-medikamentell,,,,,,hele lokaliteten,4611,ETNE,46,Vestland,59.71443,5.8238,3,Karmøy til Sotra,
29,2023,33077,Elveneset,medikamentell,fôrbehandling,Emamectin benzoat,,,,deler av lokaliteten,4637,HYLLESTAD,46,Vestland,61.206,5.131733,4,Nordhordaland til Stadt,
29,2023,40217,Fellesholmen,ikke-medikamentell,,,,,,deler av lokaliteten,5401,TROMSØ,54,Troms og Finnmark,69.87569,18.250767,11,Kvaløya til Loppa,
29,2023,11893,Fosså,ikke-medikamentell,,,,,,deler av lokaliteten,1133,HJELMELAND,11,Rogaland,59.2699,6.14295,2,Ryfylke,
29,2023,31437,Fuglåsen,ikke-medikamentell,,,,,,deler av lokaliteten,1573,SMØLA,15,Møre og Romsdal,63.44715,8.167767,6,Nordmøre og Sør-Trøndelag,
29,2023,39597,Gåsflestaren,ikke-medikamentell,,,,,,hele lokaliteten,1811,BINDAL,18,Nordland,65.25203,11.5664,7,Nord-Trøndelag med Bindal,
29,2023,38757,Gaukværøy,medikamentell,fôrbehandling,Emamectin benzoat,,,,hele lokaliteten,1867,BØ I NORDLAND,18,Nordland,68.61298,14.34655,9,Vestfjorden og Vesterålen,
29,2023,38757,Gaukværøy,medikamentell,fôrbehandling,Emamectin benzoat,,,,hele lokaliteten,1867,BØ I NORDLAND,18,Nordland,68.61298,14.34655,9,Vestfjorden og Vesterålen,
29,2023,33617,Gjerde,ikke-medikamentell,,,,,,deler av lokaliteten,1576,AURE,15,Møre og Romsdal,63.299667,8.418333,6,Nordmøre og Sør-Trøndelag,
29,2023,32037,Grasholman,medikamentell,fôrbehandling,Emamectin benzoat,,,,deler av lokaliteten,1834,LURØY,18,Nordland,66.3489,12.777717,8,Helgeland til Bodø,
29,2023,18639,Halsavika,ikke-medikamentell,,,,,,deler av lokaliteten,1146,TYSVÆR,11,Rogaland,59.39232,5.883333,2,Ryfylke,
29,2023,12895,Halsbukta,ikke-medikamentell,,,,,,deler av lokaliteten,1560,TINGVOLL,15,Møre og Romsdal,63.077866,8.143283,6,Nordmøre og Sør-Trøndelag,
29,2023,36617,Harbakholmen,ikke-medikamentell,,,,,,deler av lokaliteten,5060,NÆRØYSUND,50,Trøndelag,64.953316,11.195717,7,Nord-Trøndelag med Bindal,
29,2023,13503,Heggvika,ikke-medikamentell,,,,,,deler av lokaliteten,5056,HITRA,50,Trøndelag,63.610733,9.0523,6,Nordmøre og Sør-Trøndelag,
29,2023,12483,Hjortholman,ikke-medikamentell,,,,,,deler av lokaliteten,1573,SMØLA,15,Møre og Romsdal,63.458965,7.852167,6,Nordmøre og Sør-Trøndelag,
29,2023,10536,Høgholmen,medikamentell,fôrbehandling,Emamectin benzoat,,,,hele lokaliteten,5402,HARSTAD,54,Troms og Finnmark,69.031586,16.481867,10,Andøya til Senja,
29,2023,10876,Istervika,ikke-medikamentell,,,,,,deler av lokaliteten,1813,BRØNNØY,18,Nordland,65.446884,12.56175,8,Helgeland til Bodø,
29,2023,12348,Kåholmen,ikke-medikamentell,,,,,,deler av lokaliteten,5056,HITRA,50,Trøndelag,63.617184,8.994133,6,Nordmøre og Sør-Trøndelag,
29,2023,36217,Kalvhylla,medikamentell,fôrbehandling,Emamectin benzoat,,,,deler av lokaliteten,1816,VEVELSTAD,18,Nordland,65.74827,12.540533,8,Helgeland til Bodø,
29,2023,24455,Klavelandet,ikke-medikamentell,,,,,,deler av lokaliteten,4602,KINN,46,Vestland,61.60395,5.186533,4,Nordhordaland til Stadt,
29,2023,11201,Kolvikodden Ø,ikke-medikamentell,,,,,,deler av lokaliteten,1860,VESTVÅGØY,18,Nordland,68.088165,13.68965,9,Vestfjorden og Vesterålen,
29,2023,12855,Kornstad,ikke-medikamentell,,,,,,deler av lokaliteten,1554,AVERØY,15,Møre og Romsdal,62.960384,7.45015,6,Nordmøre og Sør-Trøndelag,
29,2023,34037,Kråkåsen,ikke-medikamentell,,,,,,deler av lokaliteten,1848,STEIGEN,18,Nordland,67.73985,14.896817,9,Vestfjorden og Vesterålen,
29,2023,35377,Kveitskjeret,medikamentell,fôrbehandling,Emamectin benzoat,,,,hele lokaliteten,5014,FRØYA,50,Trøndelag,63.82503,8.444633,6,Nordmøre og Sør-Trøndelag,
29,2023,36457,Kvingra,ikke-medikamentell,,,,,,deler av lokaliteten,5052,LEKA,50,Trøndelag,65.20317,11.569,7,Nord-Trøndelag med Bindal,
29,2023,28036,Langskjæran,medikamentell,fôrbehandling,Emamectin benzoat,,,,hele lokaliteten,1838,GILDESKÅL,18,Nordland,67.118385,13.898417,8,Helgeland til Bodø,
29,2023,14086,Lelandsholmen,ikke-medikamentell,,,,,,deler av lokaliteten,4613,BØMLO,46,Vestland,59.72855,5.152383,3,Karmøy til Sotra,
29,2023,10840,Lille Kufjord,medikamentell,fôrbehandling,Emamectin benzoat,,,,hele lokaliteten,5403,ALTA,54,Troms og Finnmark,70.34752,22.972967,12,Vest-Finnmark,
29,2023,10262,Lille Kvitholmen,ikke-medikamentell,,,,,,deler av lokaliteten,5060,NÆRØYSUND,50,Trøndelag,65.01145,11.6139,7,Nord-Trøndelag med Bindal,
29,2023,12966,Lindvik,ikke-medikamentell,,,,,,deler av lokaliteten,1160,VINDAFJORD,11,Rogaland,59.474068,5.976433,2,Ryfylke,
29,2023,45066,Lingaholmane,ikke-medikamentell,,,,,,deler av lokaliteten,4622,KVAM,46,Vestland,60.249382,6.05955,3,Karmøy til Sotra,
29,2023,14043,Lybergsvika,ikke-medikamentell,,,,,,deler av lokaliteten,1539,RAUMA,15,Møre og Romsdal,62.64515,7.450533,5,Stadt til Hustadvika,
29,2023,10292,Lyklingholmen N,ikke-medikamentell,,,,,,hele lokaliteten,4613,BØMLO,46,Vestland,59.713833,5.155467,3,Karmøy til Sotra,
29,2023,12385,Lyngvær Ø II,medikamentell,fôrbehandling,Emamectin benzoat,,,,deler av lokaliteten,5014,FRØYA,50,Trøndelag,63.80621,8.567418,6,Nordmøre og Sør-Trøndelag,
29,2023,35477,Makrellskjæret,ikke-medikamentell,,,,,,deler av lokaliteten,5049,FLATANGER,50,Trøndelag,64.54919,10.734183,7,Nord-Trøndelag med Bindal,
29,2023,31637,Melkøya,ikke-medikamentell,,,,,,deler av lokaliteten,1818,HERØY I NORDLAND,18,Nordland,66.08141,12.2005,8,Helgeland til Bodø,
29,2023,10877,Mortenøy,ikke-medikamentell,,,,,,hele lokaliteten,1813,BRØNNØY,18,Nordland,65.45723,12.549733,8,Helgeland til Bodø,
29,2023,30157,Movik,medikamentell,fôrbehandling,Emamectin benzoat,,,,hele lokaliteten,1845,SØRFOLD,18,Nordland,67.63265,15.26325,9,Vestfjorden og Vesterålen,
29,2023,13629,Munkholmen,ikke-medikamentell,,,,,,deler av lokaliteten,1146,TYSVÆR,11,Rogaland,59.285484,5.631317,2,Ryfylke,
29,2023,27215,Myrane,medikamentell,fôrbehandling,Emamectin benzoat,,,,hele lokaliteten,1535,VESTNES,15,Møre og Romsdal,62.6505,6.726683,5,Stadt til Hustadvika,
29,2023,23816,Nordbotnet,ikke-medikamentell,,,,,,deler av lokaliteten,1828,NESNA,18,Nordland,66.25612,12.8942,8,Helgeland til Bodø,
29,2023,45014,Nordfoldleira I,ikke-medikamentell,,,,,,deler av lokaliteten,1848,STEIGEN,18,Nordland,67.75228,15.239067,9,Vestfjorden og Vesterålen,
29,2023,13020,Nygård,ikke-medikamentell,,,,,,deler av lokaliteten,4623,SAMNANGER,46,Vestland,60.358067,5.683283,3,Karmøy til Sotra,
29,2023,27055,Oddane,ikke-medikamentell,,,,,,deler av lokaliteten,4602,KINN,46,Vestland,61.540367,4.968933,4,Nordhordaland til Stadt,
29,2023,30559,Øksneset,ikke-medikamentell,,,,,,deler av lokaliteten,4632,AUSTRHEIM,46,Vestland,60.81255,4.862317,4,Nordhordaland til Stadt,
29,2023,38797,Oløya N,medikamentell,fôrbehandling,Emamectin benzoat,,,,deler av lokaliteten,5014,FRØYA,50,Trøndelag,63.852734,8.591083,6,Nordmøre og Sør-Trøndelag,
29,2023,11205,Oterholmen I,ikke-medikamentell,,,,,,deler av lokaliteten,1860,VESTVÅGØY,18,Nordland,68.092636,13.634483,9,Vestfjorden og Vesterålen,
29,2023,13345,Oterstegdalen,ikke-medikamentell,,,,,,hele lokaliteten,4624,BJØRNAFJORDEN,46,Vestland,60.23545,5.638267,3,Karmøy til Sotra,
29,2023,11378,Øvergården,medikamentell,fôrbehandling,Emamectin benzoat,,,,hele lokaliteten,5402,HARSTAD,54,Troms og Finnmark,68.98167,16.534666,10,Andøya til Senja,
29,2023,10149,Rafdal,ikke-medikamentell,,,,,,hele lokaliteten,4611,ETNE,46,Vestland,59.790085,6.17615,3,Karmøy til Sotra,
29,2023,31958,Ratvika,ikke-medikamentell,,,,,,deler av lokaliteten,5058,ÅFJORD,50,Trøndelag,63.97185,9.954783,6,Nordmøre og Sør-Trøndelag,
29,2023,12018,Rossholmen,ikke-medikamentell,,,,,,deler av lokaliteten,4622,KVAM,46,Vestland,60.394684,6.274833,3,Karmøy til Sotra,
29,2023,31677,Sandholmane,ikke-medikamentell,,,,,,deler av lokaliteten,1547,AUKRA,15,Møre og Romsdal,62.79658,6.67125,5,Stadt til Hustadvika,
29,2023,12884,Sandnesbukta,ikke-medikamentell,,,,,,deler av lokaliteten,1506,MOLDE,15,Møre og Romsdal,62.737415,7.878516,5,Stadt til Hustadvika,
29,2023,13284,Sjølyst,ikke-medikamentell,,,,,,deler av lokaliteten,1827,DØNNA,18,Nordland,66.11311,12.487683,8,Helgeland til Bodø,
29,2023,10216,Skåren,ikke-medikamentell,,,,,,deler av lokaliteten,5055,HEIM,50,Trøndelag,63.076283,8.191733,6,Nordmøre og Sør-Trøndelag,
29,2023,12048,Skiftesneset N,ikke-medikamentell,,,,,,deler av lokaliteten,4624,BJØRNAFJORDEN,46,Vestland,60.07472,5.736783,3,Karmøy til Sotra,
29,2023,11966,Skigelstrand,ikke-medikamentell,,,,,,hele lokaliteten,1160,VINDAFJORD,11,Rogaland,59.494118,5.846567,2,Ryfylke,
29,2023,11640,Skorpeosen,medikamentell,fôrbehandling,Emamectin benzoat,,,,deler av lokaliteten,4626,ØYGARDEN,46,Vestland,60.332466,4.9421,3,Karmøy til Sotra,
29,2023,38577,Skreda,ikke-medikamentell,,,,,,deler av lokaliteten,4636,SOLUND,46,Vestland,61.14635,5.08115,4,Nordhordaland til Stadt,
29,2023,13000,Slåttvika,ikke-medikamentell,,,,,,deler av lokaliteten,1813,BRØNNØY,18,Nordland,65.52393,12.545017,8,Helgeland til Bodø,
29,2023,12712,Slokkholmen Ø,ikke-medikamentell,,,,,,deler av lokaliteten,5052,LEKA,50,Trøndelag,65.03989,11.4847,7,Nord-Trøndelag med Bindal,
29,2023,36017,Sørværet,medikamentell,fôrbehandling,Emamectin benzoat,,,,hele lokaliteten,1818,HERØY I NORDLAND,18,Nordland,65.88035,11.93045,8,Helgeland til Bodø,
29,2023,10281,Store Kvalfjord,medikamentell,fôrbehandling,Emamectin benzoat,,,,hele lokaliteten,5403,ALTA,54,Troms og Finnmark,70.32111,22.896517,12,Vest-Finnmark,
29,2023,11290,Stormneset,medikamentell,fôrbehandling,Emamectin benzoat,,,,hele lokaliteten,1875,HAMARØY,18,Nordland,68.19825,16.134117,9,Vestfjorden og Vesterålen,
29,2023,22335,Storvika,ikke-medikamentell,,,,,,hele lokaliteten,1579,HUSTADVIKA,15,Møre og Romsdal,62.8021,6.977733,5,Stadt til Hustadvika,
29,2023,30236,Toppsund V,ikke-medikamentell,,,,,,deler av lokaliteten,5402,HARSTAD,54,Troms og Finnmark,68.91164,16.2927,10,Andøya til Senja,
29,2023,29336,Trælsøyosen,medikamentell,badebehandling,Azamethiphos,,,,deler av lokaliteten,4625,AUSTEVOLL,46,Vestland,60.1178,5.2702,3,Karmøy til Sotra,
29,2023,29336,Trælsøyosen,ikke-medikamentell,,,,,,deler av lokaliteten,4625,AUSTEVOLL,46,Vestland,60.1178,5.2702,3,Karmøy til Sotra,
29,2023,30560,Tristeinen,ikke-medikamentell,,,,,,deler av lokaliteten,5057,ØRLAND,50,Trøndelag,63.868935,9.619183,6,Nordmøre og Sør-Trøndelag,
29,2023,13562,Uføro,ikke-medikamentell,,,,,,deler av lokaliteten,4614,STORD,46,Vestland,59.87835,5.526917,3,Karmøy til Sotra,
29,2023,36337,Vardskjæret S,ikke-medikamentell,,,,,,deler av lokaliteten,1834,LURØY,18,Nordland,66.350266,12.469867,8,Helgeland til Bodø,
29,2023,32337,Veiesund,ikke-medikamentell,,,,,,deler av lokaliteten,4602,KINN,46,Vestland,61.57187,5.047283,4,Nordhordaland til Stadt,
29,2023,13246,Voldnes,ikke-medikamentell,,,,,,deler av lokaliteten,1515,HERØY I MØRE OG ROMSDAL,15,Møre og Romsdal,62.2097,5.7849,5,Stadt til Hustadvika,
29,2023,45032,Ytterflesa,ikke-medikamentell,,,,,,deler av lokaliteten,5060,NÆRØYSUND,50,Trøndelag,64.972984,11.443517,7,Nord-Trøndelag med Bindal,
28,2023,12067,Aldalen,ikke-medikamentell,,,,,,deler av lokaliteten,4624,BJØRNAFJORDEN,46,Vestland,60.24995,5.571917,3,Karmøy til Sotra,
28,2023,12095,Bergadalen,ikke-medikamentell,,,,,,deler av lokaliteten,4622,KVAM,46,Vestland,60.1216,5.908883,3,Karmøy til Sotra,
28,2023,12625,Bjørgan,ikke-medikamentell,,,,,,deler av lokaliteten,5049,FLATANGER,50,Trøndelag,64.59268,10.908333,7,Nord-Trøndelag med Bindal,
28,2023,22455,Bjørlykkestranda,ikke-medikamentell,,,,,,hele lokaliteten,1511,VANYLVEN,15,Møre og Romsdal,62.16655,5.5954,5,Stadt til Hustadvika,
28,2023,11754,Bøøy,ikke-medikamentell,,,,,,hele lokaliteten,4631,ALVER,46,Vestland,60.727882,4.8641,4,Nordhordaland til Stadt,
28,2023,12040,Brandaskuta,ikke-medikamentell,,,,,,hele lokaliteten,4617,KVINNHERAD,46,Vestland,59.975735,5.909183,3,Karmøy til Sotra,
28,2023,11015,Brattholmen,ikke-medikamentell,,,,,,deler av lokaliteten,1818,HERØY I NORDLAND,18,Nordland,65.90735,12.220967,8,Helgeland til Bodø,
28,2023,28336,Breivika,ikke-medikamentell,,,,,,deler av lokaliteten,1827,DØNNA,18,Nordland,66.1609,12.68205,8,Helgeland til Bodø,
28,2023,32897,Breivika S,ikke-medikamentell,,,,,,deler av lokaliteten,1827,DØNNA,18,Nordland,66.15802,12.682067,8,Helgeland til Bodø,
28,2023,13765,Breiviken,ikke-medikamentell,,,,,,hele lokaliteten,1834,LURØY,18,Nordland,66.46165,12.958033,8,Helgeland til Bodø,
28,2023,45134,Bugane,medikamentell,fôrbehandling,Emamectin benzoat,,,,deler av lokaliteten,1528,SYKKYLVEN,15,Møre og Romsdal,62.438816,6.816167,5,Stadt til Hustadvika,
28,2023,45134,Bugane,ikke-medikamentell,,,,,,deler av lokaliteten,1528,SYKKYLVEN,15,Møre og Romsdal,62.438816,6.816167,5,Stadt til Hustadvika,
28,2023,30097,Djupvik,ikke-medikamentell,,,,,,hele lokaliteten,1836,RØDØY,18,Nordland,66.73299,13.33115,8,Helgeland til Bodø,
28,2023,32197,Dryna,ikke-medikamentell,,,,,,deler av lokaliteten,1506,MOLDE,15,Møre og Romsdal,62.64467,6.557633,5,Stadt til Hustadvika,
28,2023,11381,Dypingen,medikamentell,fôrbehandling,Emamectin benzoat,,,,hele lokaliteten,5402,HARSTAD,54,Troms og Finnmark,68.96087,16.530416,10,Andøya til Senja,
28,2023,35877,Eiterfjorden,ikke-medikamentell,,,,,,deler av lokaliteten,5060,NÆRØYSUND,50,Trøndelag,64.971634,11.723933,7,Nord-Trøndelag med Bindal,
28,2023,10811,Elva I Årøysundet,medikamentell,fôrbehandling,Emamectin benzoat,,,,hele lokaliteten,5403,ALTA,54,Troms og Finnmark,70.1337,23.330383,12,Vest-Finnmark,
28,2023,33077,Elveneset,medikamentell,fôrbehandling,Emamectin benzoat,,,,deler av lokaliteten,4637,HYLLESTAD,46,Vestland,61.206,5.131733,4,Nordhordaland til Stadt,
28,2023,38757,Gaukværøy,medikamentell,fôrbehandling,Emamectin benzoat,,,,hele lokaliteten,1867,BØ I NORDLAND,18,Nordland,68.61298,14.34655,9,Vestfjorden og Vesterålen,
28,2023,38757,Gaukværøy,medikamentell,fôrbehandling,Emamectin benzoat,,,,hele lokaliteten,1867,BØ I NORDLAND,18,Nordland,68.61298,14.34655,9,Vestfjorden og Vesterålen,
28,2023,31357,Geitryggen,medikamentell,fôrbehandling,Emamectin benzoat,,,,deler av lokaliteten,5060,NÆRØYSUND,50,Trøndelag,64.75127,11.189217,7,Nord-Trøndelag med Bindal,
28,2023,20897,Gisløy S,ikke-medikamentell,,,,,,deler av lokaliteten,1868,ØKSNES,18,Nordland,68.94144,15.30745,9,Vestfjorden og Vesterålen,
28,2023,33617,Gjerde,ikke-medikamentell,,,,,,deler av lokaliteten,1576,AURE,15,Møre og Romsdal,63.299667,8.418333,6,Nordmøre og Sør-Trøndelag,
28,2023,32037,Grasholman,medikamentell,fôrbehandling,Emamectin benzoat,,,,deler av lokaliteten,1834,LURØY,18,Nordland,66.3489,12.777717,8,Helgeland til Bodø,
28,2023,32037,Grasholman,ikke-medikamentell,,,,,,deler av lokaliteten,1834,LURØY,18,Nordland,66.3489,12.777717,8,Helgeland til Bodø,
28,2023,19995,Hagahammaren,ikke-medikamentell,,,,,,deler av lokaliteten,1576,AURE,15,Møre og Romsdal,63.137917,8.0306,6,Nordmøre og Sør-Trøndelag,
28,2023,22095,Hågardsneset,ikke-medikamentell,,,,,,hele lokaliteten,4617,KVINNHERAD,46,Vestland,59.9844,5.929967,3,Karmøy til Sotra,
28,2023,36737,Hallsteinhamn I,medikamentell,fôrbehandling,Emamectin benzoat,,,,hele lokaliteten,1804,BODØ,18,Nordland,67.44185,14.71595,9,Vestfjorden og Vesterålen,
28,2023,12895,Halsbukta,ikke-medikamentell,,,,,,deler av lokaliteten,1560,TINGVOLL,15,Møre og Romsdal,63.077866,8.143283,6,Nordmøre og Sør-Trøndelag,
28,2023,45167,Heggeset,ikke-medikamentell,,,,,,deler av lokaliteten,1554,AVERØY,15,Møre og Romsdal,62.973415,7.645567,6,Nordmøre og Sør-Trøndelag,
28,2023,10300,Hillersvik,ikke-medikamentell,,,,,,hele lokaliteten,4612,SVEIO,46,Vestland,59.6084,5.311917,3,Karmøy til Sotra,
28,2023,10536,Høgholmen,medikamentell,fôrbehandling,Emamectin benzoat,,,,hele lokaliteten,5402,HARSTAD,54,Troms og Finnmark,69.031586,16.481867,10,Andøya til Senja,
28,2023,30377,Hogsneset N,ikke-medikamentell,,,,,,deler av lokaliteten,1554,AVERØY,15,Møre og Romsdal,63.099934,7.670267,6,Nordmøre og Sør-Trøndelag,
28,2023,38997,Ilsøya 2,medikamentell,fôrbehandling,Emamectin benzoat,,,,hele lokaliteten,5014,FRØYA,50,Trøndelag,63.664482,8.42935,6,Nordmøre og Sør-Trøndelag,
28,2023,19977,Jektholmen,ikke-medikamentell,,,,,,deler av lokaliteten,5058,ÅFJORD,50,Trøndelag,63.99495,9.928317,6,Nordmøre og Sør-Trøndelag,
28,2023,36217,Kalvhylla,medikamentell,fôrbehandling,Emamectin benzoat,,,,deler av lokaliteten,1816,VEVELSTAD,18,Nordland,65.74827,12.540533,8,Helgeland til Bodø,
28,2023,36817,Kariskjæret,medikamentell,fôrbehandling,Emamectin benzoat,,,,hele lokaliteten,1804,BODØ,18,Nordland,67.38288,14.380617,9,Vestfjorden og Vesterålen,
28,2023,14042,Kattholmen,medikamentell,fôrbehandling,Emamectin benzoat,,,,hele lokaliteten,5014,FRØYA,50,Trøndelag,63.870968,8.679017,6,Nordmøre og Sør-Trøndelag,
28,2023,30437,Kattholmen II,medikamentell,fôrbehandling,Emamectin benzoat,,,,hele lokaliteten,5014,FRØYA,50,Trøndelag,63.864784,8.676583,6,Nordmøre og Sør-Trøndelag,
28,2023,16736,Kåvika,medikamentell,fôrbehandling,Emamectin benzoat,,,,hele lokaliteten,5427,SKJERVØY,54,Troms og Finnmark,69.95783,20.69315,11,Kvaløya til Loppa,
28,2023,13573,Kistvika,ikke-medikamentell,,,,,,deler av lokaliteten,5055,HEIM,50,Trøndelag,63.384,9.171467,6,Nordmøre og Sør-Trøndelag,
28,2023,26135,Kjørsvikgrunn,ikke-medikamentell,,,,,,deler av lokaliteten,5055,HEIM,50,Trøndelag,63.457565,9.076,6,Nordmøre og Sør-Trøndelag,
28,2023,32257,Kjøtta V,medikamentell,fôrbehandling,Emamectin benzoat,,,,hele lokaliteten,5402,HARSTAD,54,Troms og Finnmark,68.8658,16.670218,10,Andøya til Senja,
28,2023,11534,Klungsholmen,ikke-medikamentell,,,,,,hele lokaliteten,4613,BØMLO,46,Vestland,59.596783,5.161567,3,Karmøy til Sotra,
28,2023,30297,Krabbholmen,ikke-medikamentell,,,,,,deler av lokaliteten,5058,ÅFJORD,50,Trøndelag,63.944485,9.8814,6,Nordmøre og Sør-Trøndelag,
28,2023,21676,Kråkholmen,ikke-medikamentell,,,,,,deler av lokaliteten,5049,FLATANGER,50,Trøndelag,64.60255,10.854067,7,Nord-Trøndelag med Bindal,
28,2023,12652,Kråkøya,ikke-medikamentell,,,,,,deler av lokaliteten,5060,NÆRØYSUND,50,Trøndelag,65.003784,11.042367,7,Nord-Trøndelag med Bindal,
28,2023,22775,Kvaløya,ikke-medikamentell,,,,,,deler av lokaliteten,5060,NÆRØYSUND,50,Trøndelag,65.001915,11.058617,7,Nord-Trøndelag med Bindal,
28,2023,11074,Kvalvika,ikke-medikamentell,,,,,,hele lokaliteten,1836,RØDØY,18,Nordland,66.66908,13.391633,8,Helgeland til Bodø,
28,2023,35377,Kveitskjeret,medikamentell,fôrbehandling,Emamectin benzoat,,,,hele lokaliteten,5014,FRØYA,50,Trøndelag,63.82503,8.444633,6,Nordmøre og Sør-Trøndelag,
28,2023,36457,Kvingra,ikke-medikamentell,,,,,,deler av lokaliteten,5052,LEKA,50,Trøndelag,65.20317,11.569,7,Nord-Trøndelag med Bindal,
28,2023,45129,Kvitholmen,ikke-medikamentell,,,,,,deler av lokaliteten,1573,SMØLA,15,Møre og Romsdal,63.46975,8.156933,6,Nordmøre og Sør-Trøndelag,
28,2023,35777,Kvitskjæret,ikke-medikamentell,,,,,,hele lokaliteten,1818,HERØY I NORDLAND,18,Nordland,66.1008,12.157333,8,Helgeland til Bodø,
28,2023,20595,Kyrholmen S,ikke-medikamentell,,,,,,deler av lokaliteten,4625,AUSTEVOLL,46,Vestland,60.161583,5.207633,3,Karmøy til Sotra,
28,2023,12380,Langøya Kvaløya,medikamentell,fôrbehandling,Emamectin benzoat,,,,hele lokaliteten,5014,FRØYA,50,Trøndelag,63.791515,8.6066,6,Nordmøre og Sør-Trøndelag,
28,2023,12380,Langøya Kvaløya,medikamentell,fôrbehandling,Emamectin benzoat,,,,hele lokaliteten,5014,FRØYA,50,Trøndelag,63.791515,8.6066,6,Nordmøre og Sør-Trøndelag,
28,2023,12870,Leite,ikke-medikamentell,,,,,,deler av lokaliteten,1554,AVERØY,15,Møre og Romsdal,63.035767,7.677383,6,Nordmøre og Sør-Trøndelag,
28,2023,10990,Lille Åsvær,ikke-medikamentell,,,,,,hele lokaliteten,1827,DØNNA,18,Nordland,66.22887,12.312267,8,Helgeland til Bodø,
28,2023,10840,Lille Kufjord,medikamentell,fôrbehandling,Emamectin benzoat,,,,hele lokaliteten,5403,ALTA,54,Troms og Finnmark,70.34752,22.972967,12,Vest-Finnmark,
28,2023,10262,Lille Kvitholmen,ikke-medikamentell,,,,,,deler av lokaliteten,5060,NÆRØYSUND,50,Trøndelag,65.01145,11.6139,7,Nord-Trøndelag med Bindal,
28,2023,28396,Lindarholmen,ikke-medikamentell,,,,,,hele lokaliteten,4616,TYSNES,46,Vestland,60.083866,5.63925,3,Karmøy til Sotra,
28,2023,14043,Lybergsvika,ikke-medikamentell,,,,,,deler av lokaliteten,1539,RAUMA,15,Møre og Romsdal,62.64515,7.450533,5,Stadt til Hustadvika,
28,2023,12134,Maradalen,ikke-medikamentell,,,,,,hele lokaliteten,4617,KVINNHERAD,46,Vestland,59.762115,5.687317,3,Karmøy til Sotra,
28,2023,32977,Måren,ikke-medikamentell,,,,,,hele lokaliteten,4638,HØYANGER,46,Vestland,61.152668,6.1167,4,Nordhordaland til Stadt,
28,2023,38517,Måvær,ikke-medikamentell,,,,,,deler av lokaliteten,1834,LURØY,18,Nordland,66.47767,12.7355,8,Helgeland til Bodø,
28,2023,26435,Mjølsvik,ikke-medikamentell,,,,,,hele lokaliteten,4638,HØYANGER,46,Vestland,61.112484,6.04255,4,Nordhordaland til Stadt,
28,2023,30157,Movik,medikamentell,fôrbehandling,Emamectin benzoat,,,,hele lokaliteten,1845,SØRFOLD,18,Nordland,67.63265,15.26325,9,Vestfjorden og Vesterålen,
28,2023,45004,Mulen,ikke-medikamentell,,,,,,deler av lokaliteten,1848,STEIGEN,18,Nordland,67.66928,15.198867,9,Vestfjorden og Vesterålen,
28,2023,13629,Munkholmen,ikke-medikamentell,,,,,,deler av lokaliteten,1146,TYSVÆR,11,Rogaland,59.285484,5.631317,2,Ryfylke,
28,2023,23816,Nordbotnet,ikke-medikamentell,,,,,,deler av lokaliteten,1828,NESNA,18,Nordland,66.25612,12.8942,8,Helgeland til Bodø,
28,2023,14019,Øksningen,medikamentell,fôrbehandling,Emamectin benzoat,,,,deler av lokaliteten,1811,BINDAL,18,Nordland,65.13924,12.31975,7,Nord-Trøndelag med Bindal,
28,2023,33737,Olausskjæret,medikamentell,fôrbehandling,Emamectin benzoat,,,,hele lokaliteten,5014,FRØYA,50,Trøndelag,63.7917,8.504717,6,Nordmøre og Sør-Trøndelag,
28,2023,33737,Olausskjæret,medikamentell,fôrbehandling,Emamectin benzoat,,,,hele lokaliteten,5014,FRØYA,50,Trøndelag,63.7917,8.504717,6,Nordmøre og Sør-Trøndelag,
28,2023,27876,Olderbakken,ikke-medikamentell,,,,,,deler av lokaliteten,1812,SØMNA,18,Nordland,65.31118,12.368633,7,Nord-Trøndelag med Bindal,
28,2023,12394,Ørnøya,medikamentell,fôrbehandling,Emamectin benzoat,,,,hele lokaliteten,5014,FRØYA,50,Trøndelag,63.761868,8.445183,6,Nordmøre og Sør-Trøndelag,
28,2023,24696,Ørnøya II,medikamentell,fôrbehandling,Emamectin benzoat,,,,hele lokaliteten,5014,FRØYA,50,Trøndelag,63.758484,8.450367,6,Nordmøre og Sør-Trøndelag,
28,2023,13554,Overåneset,ikke-medikamentell,,,,,,deler av lokaliteten,1525,STRANDA,15,Møre og Romsdal,62.294285,7.12155,5,Stadt til Hustadvika,
28,2023,11378,Øvergården,medikamentell,fôrbehandling,Emamectin benzoat,,,,hele lokaliteten,5402,HARSTAD,54,Troms og Finnmark,68.98167,16.534666,10,Andøya til Senja,
28,2023,28636,Rataren,medikamentell,fôrbehandling,Emamectin benzoat,,,,hele lokaliteten,5014,FRØYA,50,Trøndelag,63.780582,8.5176,6,Nordmøre og Sør-Trøndelag,
28,2023,31959,Rataren II,medikamentell,fôrbehandling,Emamectin benzoat,,,,hele lokaliteten,5014,FRØYA,50,Trøndelag,63.782383,8.52635,6,Nordmøre og Sør-Trøndelag,
28,2023,13867,Raunevågen,medikamentell,badebehandling,Azamethiphos,,,,hele lokaliteten,4612,SVEIO,46,Vestland,59.65798,5.533667,3,Karmøy til Sotra,
28,2023,13887,Reitholmen,ikke-medikamentell,,,,,,deler av lokaliteten,5056,HITRA,50,Trøndelag,63.617184,9.1311,6,Nordmøre og Sør-Trøndelag,
28,2023,37197,Ruggstein,medikamentell,fôrbehandling,Emamectin benzoat,,,,hele lokaliteten,5014,FRØYA,50,Trøndelag,63.770084,8.476033,6,Nordmøre og Sør-Trøndelag,
28,2023,37197,Ruggstein,medikamentell,fôrbehandling,Emamectin benzoat,,,,hele lokaliteten,5014,FRØYA,50,Trøndelag,63.770084,8.476033,6,Nordmøre og Sør-Trøndelag,
28,2023,12794,Rundklumpen,ikke-medikamentell,,,,,,hele lokaliteten,5057,ØRLAND,50,Trøndelag,63.801315,9.607583,6,Nordmøre og Sør-Trøndelag,
28,2023,34857,Salatskjæra,medikamentell,fôrbehandling,Emamectin benzoat,,,,hele lokaliteten,5014,FRØYA,50,Trøndelag,63.90485,8.589133,6,Nordmøre og Sør-Trøndelag,
28,2023,13035,Sauaneset I,ikke-medikamentell,,,,,,deler av lokaliteten,4625,AUSTEVOLL,46,Vestland,60.088516,5.266183,3,Karmøy til Sotra,
28,2023,12244,Setevika,ikke-medikamentell,,,,,,deler av lokaliteten,1506,MOLDE,15,Møre og Romsdal,62.728065,6.939283,5,Stadt til Hustadvika,
28,2023,33017,Setevika N,ikke-medikamentell,,,,,,deler av lokaliteten,1506,MOLDE,15,Møre og Romsdal,62.73835,6.937667,5,Stadt til Hustadvika,
28,2023,13284,Sjølyst,ikke-medikamentell,,,,,,deler av lokaliteten,1827,DØNNA,18,Nordland,66.11311,12.487683,8,Helgeland til Bodø,
28,2023,10216,Skåren,ikke-medikamentell,,,,,,deler av lokaliteten,5055,HEIM,50,Trøndelag,63.076283,8.191733,6,Nordmøre og Sør-Trøndelag,
28,2023,37797,Skjortneset II,ikke-medikamentell,,,,,,deler av lokaliteten,1578,FJORD,15,Møre og Romsdal,62.379368,6.889433,5,Stadt til Hustadvika,
28,2023,32877,Skorpo,ikke-medikamentell,,,,,,deler av lokaliteten,4624,BJØRNAFJORDEN,46,Vestland,60.173317,5.293683,3,Karmøy til Sotra,
28,2023,12108,Skorpo Nv,ikke-medikamentell,,,,,,deler av lokaliteten,4617,KVINNHERAD,46,Vestland,59.95323,5.827133,3,Karmøy til Sotra,
28,2023,12705,Skrosen,ikke-medikamentell,,,,,,deler av lokaliteten,5052,LEKA,50,Trøndelag,65.122986,11.674517,7,Nord-Trøndelag med Bindal,
28,2023,12712,Slokkholmen Ø,ikke-medikamentell,,,,,,deler av lokaliteten,5052,LEKA,50,Trøndelag,65.03989,11.4847,7,Nord-Trøndelag med Bindal,
28,2023,40037,Smedholmen,ikke-medikamentell,,,,,,hele lokaliteten,1146,TYSVÆR,11,Rogaland,59.344616,5.8946,2,Ryfylke,
28,2023,15375,Sørøyflesa,medikamentell,fôrbehandling,Emamectin benzoat,,,,hele lokaliteten,5014,FRØYA,50,Trøndelag,63.98405,9.057067,6,Nordmøre og Sør-Trøndelag,
28,2023,36017,Sørværet,medikamentell,fôrbehandling,Emamectin benzoat,,,,hele lokaliteten,1818,HERØY I NORDLAND,18,Nordland,65.88035,11.93045,8,Helgeland til Bodø,
28,2023,10281,Store Kvalfjord,medikamentell,fôrbehandling,Emamectin benzoat,,,,hele lokaliteten,5403,ALTA,54,Troms og Finnmark,70.32111,22.896517,12,Vest-Finnmark,
28,2023,19016,Storskogøya,ikke-medikamentell,,,,,,deler av lokaliteten,5056,HITRA,50,Trøndelag,63.506065,9.19075,6,Nordmøre og Sør-Trøndelag,
28,2023,26235,Stualand,medikamentell,badebehandling,Azamethiphos,,,,deler av lokaliteten,4612,SVEIO,46,Vestland,59.6088,5.5269,3,Karmøy til Sotra,
28,2023,12449,Tennøya,medikamentell,fôrbehandling,Emamectin benzoat,,,,hele lokaliteten,5014,FRØYA,50,Trøndelag,63.805035,8.4444,6,Nordmøre og Sør-Trøndelag,
28,2023,25815,Tittelsnes,ikke-medikamentell,,,,,,hele lokaliteten,4612,SVEIO,46,Vestland,59.72365,5.534383,3,Karmøy til Sotra,
28,2023,26055,Toppsund Ø,ikke-medikamentell,,,,,,deler av lokaliteten,5402,HARSTAD,54,Troms og Finnmark,68.863716,16.403032,10,Andøya til Senja,
28,2023,30560,Tristeinen,ikke-medikamentell,,,,,,deler av lokaliteten,5057,ØRLAND,50,Trøndelag,63.868935,9.619183,6,Nordmøre og Sør-Trøndelag,
28,2023,36317,Varholmen,medikamentell,badebehandling,Azamethiphos,,,,hele lokaliteten,1813,BRØNNØY,18,Nordland,65.54652,12.127967,8,Helgeland til Bodø,
28,2023,13246,Voldnes,ikke-medikamentell,,,,,,deler av lokaliteten,1515,HERØY I MØRE OG ROMSDAL,15,Møre og Romsdal,62.2097,5.7849,5,Stadt til Hustadvika,
28,2023,45135,Voravika,ikke-medikamentell,,,,,,hele lokaliteten,1514,SANDE I MØRE OG ROMSDAL,15,Møre og Romsdal,62.229916,5.49525,5,Stadt til Hustadvika,
27,2023,12067,Aldalen,ikke-medikamentell,,,,,,deler av lokaliteten,4624,BJØRNAFJORDEN,46,Vestland,60.24995,5.571917,3,Karmøy til Sotra,
27,2023,12982,Aldeøyna,ikke-medikamentell,,,,,,hele lokaliteten,4645,ASKVOLL,46,Vestland,61.31055,4.767783,4,Nordhordaland til Stadt,
27,2023,11930,Bjelkavik,ikke-medikamentell,,,,,,hele lokaliteten,1134,SULDAL,11,Rogaland,59.45165,5.991917,2,Ryfylke,
27,2023,12625,Bjørgan,ikke-medikamentell,,,,,,deler av lokaliteten,5049,FLATANGER,50,Trøndelag,64.59268,10.908333,7,Nord-Trøndelag med Bindal,
27,2023,10212,Bogen,ikke-medikamentell,,,,,,deler av lokaliteten,1505,KRISTIANSUND,15,Møre og Romsdal,63.076782,7.9046,6,Nordmøre og Sør-Trøndelag,
27,2023,28336,Breivika,ikke-medikamentell,,,,,,deler av lokaliteten,1827,DØNNA,18,Nordland,66.1609,12.68205,8,Helgeland til Bodø,
27,2023,45134,Bugane,medikamentell,fôrbehandling,Emamectin benzoat,,,,deler av lokaliteten,1528,SYKKYLVEN,15,Møre og Romsdal,62.438816,6.816167,5,Stadt til Hustadvika,
27,2023,45134,Bugane,medikamentell,fôrbehandling,Emamectin benzoat,,,,deler av lokaliteten,1528,SYKKYLVEN,15,Møre og Romsdal,62.438816,6.816167,5,Stadt til Hustadvika,
27,2023,11076,Digermulen,ikke-medikamentell,,,,,,deler av lokaliteten,1836,RØDØY,18,Nordland,66.675735,13.317517,8,Helgeland til Bodø,
27,2023,13229,Djupedalen,ikke-medikamentell,,,,,,hele lokaliteten,4624,BJØRNAFJORDEN,46,Vestland,60.2308,5.673117,3,Karmøy til Sotra,
27,2023,10811,Elva I Årøysundet,medikamentell,fôrbehandling,Emamectin benzoat,,,,hele lokaliteten,5403,ALTA,54,Troms og Finnmark,70.1337,23.330383,12,Vest-Finnmark,
27,2023,13241,Endal Vest,ikke-medikamentell,,,,,,hele lokaliteten,4648,BREMANGER,46,Vestland,61.909832,5.464267,4,Nordhordaland til Stadt,
27,2023,26775,Fjølværet Ø,medikamentell,fôrbehandling,Emamectin benzoat,,,,deler av lokaliteten,5014,FRØYA,50,Trøndelag,63.819233,8.636133,6,Nordmøre og Sør-Trøndelag,
27,2023,39957,Flatøyan,medikamentell,fôrbehandling,Emamectin benzoat,,,,hele lokaliteten,5014,FRØYA,50,Trøndelag,63.873585,8.4714,6,Nordmøre og Sør-Trøndelag,
27,2023,39957,Flatøyan,medikamentell,fôrbehandling,Emamectin benzoat,,,,hele lokaliteten,5014,FRØYA,50,Trøndelag,63.873585,8.4714,6,Nordmøre og Sør-Trøndelag,
27,2023,11814,Furevika,ikke-medikamentell,,,,,,hele lokaliteten,4646,FJALER,46,Vestland,61.305668,5.071783,4,Nordhordaland til Stadt,
27,2023,13021,Gaustad,ikke-medikamentell,,,,,,deler av lokaliteten,1579,HUSTADVIKA,15,Møre og Romsdal,62.9839,7.329667,6,Nordmøre og Sør-Trøndelag,
27,2023,20897,Gisløy S,ikke-medikamentell,,,,,,deler av lokaliteten,1868,ØKSNES,18,Nordland,68.94144,15.30745,9,Vestfjorden og Vesterålen,
27,2023,11530,Gissøysundet S,ikke-medikamentell,,,,,,deler av lokaliteten,4613,BØMLO,46,Vestland,59.623585,5.160067,3,Karmøy til Sotra,
27,2023,10324,Gjerdeviksflua,ikke-medikamentell,,,,,,hele lokaliteten,4624,BJØRNAFJORDEN,46,Vestland,60.223267,5.64105,3,Karmøy til Sotra,
27,2023,19995,Hagahammaren,ikke-medikamentell,,,,,,deler av lokaliteten,1576,AURE,15,Møre og Romsdal,63.137917,8.0306,6,Nordmøre og Sør-Trøndelag,
27,2023,22095,Hågardsneset,ikke-medikamentell,,,,,,hele lokaliteten,4617,KVINNHERAD,46,Vestland,59.9844,5.929967,3,Karmøy til Sotra,
27,2023,30257,Hausan,ikke-medikamentell,,,,,,deler av lokaliteten,5055,HEIM,50,Trøndelag,63.458317,8.955683,6,Nordmøre og Sør-Trøndelag,
27,2023,24035,Håvikvågen S,ikke-medikamentell,,,,,,deler av lokaliteten,4624,BJØRNAFJORDEN,46,Vestland,60.170483,5.699283,3,Karmøy til Sotra,
27,2023,45167,Heggeset,ikke-medikamentell,,,,,,deler av lokaliteten,1554,AVERØY,15,Møre og Romsdal,62.973415,7.645567,6,Nordmøre og Sør-Trøndelag,
27,2023,11920,Herøy,ikke-medikamentell,,,,,,hele lokaliteten,1160,VINDAFJORD,11,Rogaland,59.46635,6.0258,2,Ryfylke,
27,2023,12036,Hisdalen,ikke-medikamentell,,,,,,deler av lokaliteten,4617,KVINNHERAD,46,Vestland,60.126118,5.9305,3,Karmøy til Sotra,
27,2023,32417,Hjartholmosen,ikke-medikamentell,,,,,,hele lokaliteten,4625,AUSTEVOLL,46,Vestland,60.00458,5.2287,3,Karmøy til Sotra,
27,2023,13931,Hjartøy Ø,ikke-medikamentell,,,,,,deler av lokaliteten,1848,STEIGEN,18,Nordland,67.65652,15.121867,9,Vestfjorden og Vesterålen,
27,2023,35197,Hjortøya,medikamentell,badebehandling,Azamethiphos,,,,deler av lokaliteten,5060,NÆRØYSUND,50,Trøndelag,64.9848,11.135467,7,Nord-Trøndelag med Bindal,
27,2023,12871,Hogsnes,ikke-medikamentell,,,,,,deler av lokaliteten,1554,AVERØY,15,Møre og Romsdal,63.093033,7.675883,6,Nordmøre og Sør-Trøndelag,
27,2023,30377,Hogsneset N,ikke-medikamentell,,,,,,deler av lokaliteten,1554,AVERØY,15,Møre og Romsdal,63.099934,7.670267,6,Nordmøre og Sør-Trøndelag,
27,2023,12035,Hondskår,ikke-medikamentell,,,,,,hele lokaliteten,4617,KVINNHERAD,46,Vestland,60.109,5.9405,3,Karmøy til Sotra,
27,2023,38997,Ilsøya 2,medikamentell,fôrbehandling,Emamectin benzoat,,,,hele lokaliteten,5014,FRØYA,50,Trøndelag,63.664482,8.42935,6,Nordmøre og Sør-Trøndelag,
27,2023,10876,Istervika,ikke-medikamentell,,,,,,deler av lokaliteten,1813,BRØNNØY,18,Nordland,65.446884,12.56175,8,Helgeland til Bodø,
27,2023,11665,Jibbersholmane,ikke-medikamentell,,,,,,deler av lokaliteten,4631,ALVER,46,Vestland,60.752533,4.884617,4,Nordhordaland til Stadt,
27,2023,36217,Kalvhylla,ikke-medikamentell,,,,,,deler av lokaliteten,1816,VEVELSTAD,18,Nordland,65.74827,12.540533,8,Helgeland til Bodø,
27,2023,14042,Kattholmen,medikamentell,fôrbehandling,Emamectin benzoat,,,,hele lokaliteten,5014,FRØYA,50,Trøndelag,63.870968,8.679017,6,Nordmøre og Sør-Trøndelag,
27,2023,12872,Kattholmen,ikke-medikamentell,,,,,,deler av lokaliteten,1505,KRISTIANSUND,15,Møre og Romsdal,63.055332,7.695317,6,Nordmøre og Sør-Trøndelag,
27,2023,30437,Kattholmen II,medikamentell,fôrbehandling,Emamectin benzoat,,,,hele lokaliteten,5014,FRØYA,50,Trøndelag,63.864784,8.676583,6,Nordmøre og Sør-Trøndelag,
27,2023,11913,Kjeahola,ikke-medikamentell,,,,,,deler av lokaliteten,1103,STAVANGER,11,Rogaland,59.2933,6.0729,2,Ryfylke,
27,2023,32257,Kjøtta V,medikamentell,fôrbehandling,Emamectin benzoat,,,,hele lokaliteten,5402,HARSTAD,54,Troms og Finnmark,68.8658,16.670218,10,Andøya til Senja,
27,2023,30297,Krabbholmen,ikke-medikamentell,,,,,,deler av lokaliteten,5058,ÅFJORD,50,Trøndelag,63.944485,9.8814,6,Nordmøre og Sør-Trøndelag,
27,2023,33177,Krabbholmen II,ikke-medikamentell,,,,,,deler av lokaliteten,5058,ÅFJORD,50,Trøndelag,63.94,9.886633,6,Nordmøre og Sør-Trøndelag,
27,2023,21676,Kråkholmen,ikke-medikamentell,,,,,,deler av lokaliteten,5049,FLATANGER,50,Trøndelag,64.60255,10.854067,7,Nord-Trøndelag med Bindal,
27,2023,11633,Krossholmen,ikke-medikamentell,,,,,,hele lokaliteten,4613,BØMLO,46,Vestland,59.7879,5.100533,3,Karmøy til Sotra,
27,2023,20595,Kyrholmen S,ikke-medikamentell,,,,,,deler av lokaliteten,4625,AUSTEVOLL,46,Vestland,60.161583,5.207633,3,Karmøy til Sotra,
27,2023,30076,Kyrøyene,ikke-medikamentell,,,,,,deler av lokaliteten,5060,NÆRØYSUND,50,Trøndelag,64.764015,10.806633,7,Nord-Trøndelag med Bindal,
27,2023,11116,Langholmen,medikamentell,fôrbehandling,Emamectin benzoat,,,,deler av lokaliteten,1838,GILDESKÅL,18,Nordland,67.05783,14.025333,8,Helgeland til Bodø,
27,2023,26295,Langøy,ikke-medikamentell,,,,,,deler av lokaliteten,4631,ALVER,46,Vestland,60.77947,5.16,4,Nordhordaland til Stadt,
27,2023,12380,Langøya Kvaløya,medikamentell,fôrbehandling,Emamectin benzoat,,,,hele lokaliteten,5014,FRØYA,50,Trøndelag,63.791515,8.6066,6,Nordmøre og Sør-Trøndelag,
27,2023,12380,Langøya Kvaløya,medikamentell,fôrbehandling,Emamectin benzoat,,,,hele lokaliteten,5014,FRØYA,50,Trøndelag,63.791515,8.6066,6,Nordmøre og Sør-Trøndelag,
27,2023,12870,Leite,ikke-medikamentell,,,,,,deler av lokaliteten,1554,AVERØY,15,Møre og Romsdal,63.035767,7.677383,6,Nordmøre og Sør-Trøndelag,
27,2023,10840,Lille Kufjord,medikamentell,fôrbehandling,Emamectin benzoat,,,,hele lokaliteten,5403,ALTA,54,Troms og Finnmark,70.34752,22.972967,12,Vest-Finnmark,
27,2023,10840,Lille Kufjord,medikamentell,fôrbehandling,Emamectin benzoat,,,,hele lokaliteten,5403,ALTA,54,Troms og Finnmark,70.34752,22.972967,12,Vest-Finnmark,
27,2023,10840,Lille Kufjord,medikamentell,fôrbehandling,Emamectin benzoat,,,,hele lokaliteten,5403,ALTA,54,Troms og Finnmark,70.34752,22.972967,12,Vest-Finnmark,
27,2023,10262,Lille Kvitholmen,ikke-medikamentell,,,,,,deler av lokaliteten,5060,NÆRØYSUND,50,Trøndelag,65.01145,11.6139,7,Nord-Trøndelag med Bindal,
27,2023,40137,Lønngrunnen,ikke-medikamentell,,,,,,deler av lokaliteten,5057,ØRLAND,50,Trøndelag,63.937534,9.779517,6,Nordmøre og Sør-Trøndelag,
27,2023,11611,Naveide,ikke-medikamentell,,,,,,deler av lokaliteten,4625,AUSTEVOLL,46,Vestland,60.1386,5.110533,3,Karmøy til Sotra,
27,2023,14019,Øksningen,medikamentell,fôrbehandling,Emamectin benzoat,,,,deler av lokaliteten,1811,BINDAL,18,Nordland,65.13924,12.31975,7,Nord-Trøndelag med Bindal,
27,2023,14019,Øksningen,ikke-medikamentell,,,,,,deler av lokaliteten,1811,BINDAL,18,Nordland,65.13924,12.31975,7,Nord-Trøndelag med Bindal,
27,2023,33737,Olausskjæret,medikamentell,fôrbehandling,Emamectin benzoat,,,,hele lokaliteten,5014,FRØYA,50,Trøndelag,63.7917,8.504717,6,Nordmøre og Sør-Trøndelag,
27,2023,33737,Olausskjæret,medikamentell,fôrbehandling,Emamectin benzoat,,,,hele lokaliteten,5014,FRØYA,50,Trøndelag,63.7917,8.504717,6,Nordmøre og Sør-Trøndelag,
27,2023,27876,Olderbakken,ikke-medikamentell,,,,,,deler av lokaliteten,1812,SØMNA,18,Nordland,65.31118,12.368633,7,Nord-Trøndelag med Bindal,
27,2023,28676,Olvika,ikke-medikamentell,,,,,,hele lokaliteten,1834,LURØY,18,Nordland,66.4367,13.126033,8,Helgeland til Bodø,
27,2023,10136,Onarøy,ikke-medikamentell,,,,,,deler av lokaliteten,4616,TYSNES,46,Vestland,59.95335,5.669683,3,Karmøy til Sotra,
27,2023,19875,Or,ikke-medikamentell,,,,,,deler av lokaliteten,1505,KRISTIANSUND,15,Møre og Romsdal,63.039932,7.850267,6,Nordmøre og Sør-Trøndelag,
27,2023,12394,Ørnøya,medikamentell,fôrbehandling,Emamectin benzoat,,,,hele lokaliteten,5014,FRØYA,50,Trøndelag,63.761868,8.445183,6,Nordmøre og Sør-Trøndelag,
27,2023,24696,Ørnøya II,medikamentell,fôrbehandling,Emamectin benzoat,,,,hele lokaliteten,5014,FRØYA,50,Trøndelag,63.758484,8.450367,6,Nordmøre og Sør-Trøndelag,
27,2023,11205,Oterholmen I,ikke-medikamentell,,,,,,deler av lokaliteten,1860,VESTVÅGØY,18,Nordland,68.092636,13.634483,9,Vestfjorden og Vesterålen,
27,2023,45029,Ramnøya N,ikke-medikamentell,,,,,,hele lokaliteten,1827,DØNNA,18,Nordland,66.243484,12.294183,8,Helgeland til Bodø,
27,2023,28636,Rataren,medikamentell,fôrbehandling,Emamectin benzoat,,,,hele lokaliteten,5014,FRØYA,50,Trøndelag,63.780582,8.5176,6,Nordmøre og Sør-Trøndelag,
27,2023,31959,Rataren II,medikamentell,fôrbehandling,Emamectin benzoat,,,,hele lokaliteten,5014,FRØYA,50,Trøndelag,63.782383,8.52635,6,Nordmøre og Sør-Trøndelag,
27,2023,13867,Raunevågen,ikke-medikamentell,,,,,,deler av lokaliteten,4612,SVEIO,46,Vestland,59.65798,5.533667,3,Karmøy til Sotra,
27,2023,31777,Reinvika,ikke-medikamentell,,,,,,hele lokaliteten,1845,SØRFOLD,18,Nordland,67.60568,15.368483,9,Vestfjorden og Vesterålen,
27,2023,29116,Reiråklakken,ikke-medikamentell,,,,,,deler av lokaliteten,1573,SMØLA,15,Møre og Romsdal,63.44995,8.167133,6,Nordmøre og Sør-Trøndelag,
27,2023,37197,Ruggstein,medikamentell,fôrbehandling,Emamectin benzoat,,,,hele lokaliteten,5014,FRØYA,50,Trøndelag,63.770084,8.476033,6,Nordmøre og Sør-Trøndelag,
27,2023,37197,Ruggstein,medikamentell,fôrbehandling,Emamectin benzoat,,,,hele lokaliteten,5014,FRØYA,50,Trøndelag,63.770084,8.476033,6,Nordmøre og Sør-Trøndelag,
27,2023,34857,Salatskjæra,medikamentell,fôrbehandling,Emamectin benzoat,,,,hele lokaliteten,5014,FRØYA,50,Trøndelag,63.90485,8.589133,6,Nordmøre og Sør-Trøndelag,
27,2023,12244,Setevika,ikke-medikamentell,,,,,,deler av lokaliteten,1506,MOLDE,15,Møre og Romsdal,62.728065,6.939283,5,Stadt til Hustadvika,
27,2023,13284,Sjølyst,ikke-medikamentell,,,,,,deler av lokaliteten,1827,DØNNA,18,Nordland,66.11311,12.487683,8,Helgeland til Bodø,
27,2023,31457,Skarvestein,medikamentell,fôrbehandling,Emamectin benzoat,,,,hele lokaliteten,5427,SKJERVØY,54,Troms og Finnmark,69.99355,20.7111,11,Kvaløya til Loppa,
27,2023,20115,Skjerholmen N,ikke-medikamentell,,,,,,deler av lokaliteten,4626,ØYGARDEN,46,Vestland,60.249966,5.174483,3,Karmøy til Sotra,
27,2023,12108,Skorpo Nv,ikke-medikamentell,,,,,,deler av lokaliteten,4617,KVINNHERAD,46,Vestland,59.95323,5.827133,3,Karmøy til Sotra,
27,2023,12705,Skrosen,ikke-medikamentell,,,,,,deler av lokaliteten,5052,LEKA,50,Trøndelag,65.122986,11.674517,7,Nord-Trøndelag med Bindal,
27,2023,26155,Slåttholmen,ikke-medikamentell,,,,,,deler av lokaliteten,5055,HEIM,50,Trøndelag,63.44779,8.958173,6,Nordmøre og Sør-Trøndelag,
27,2023,40037,Smedholmen,ikke-medikamentell,,,,,,deler av lokaliteten,1146,TYSVÆR,11,Rogaland,59.344616,5.8946,2,Ryfylke,
27,2023,15375,Sørøyflesa,medikamentell,fôrbehandling,Emamectin benzoat,,,,hele lokaliteten,5014,FRØYA,50,Trøndelag,63.98405,9.057067,6,Nordmøre og Sør-Trøndelag,
27,2023,36017,Sørværet,medikamentell,fôrbehandling,Emamectin benzoat,,,,hele lokaliteten,1818,HERØY I NORDLAND,18,Nordland,65.88035,11.93045,8,Helgeland til Bodø,
27,2023,10281,Store Kvalfjord,medikamentell,fôrbehandling,Emamectin benzoat,,,,hele lokaliteten,5403,ALTA,54,Troms og Finnmark,70.32111,22.896517,12,Vest-Finnmark,
27,2023,10281,Store Kvalfjord,medikamentell,fôrbehandling,Emamectin benzoat,,,,hele lokaliteten,5403,ALTA,54,Troms og Finnmark,70.32111,22.896517,12,Vest-Finnmark,
27,2023,10281,Store Kvalfjord,medikamentell,fôrbehandling,Emamectin benzoat,,,,hele lokaliteten,5403,ALTA,54,Troms og Finnmark,70.32111,22.896517,12,Vest-Finnmark,
27,2023,29376,Sundsøy,ikke-medikamentell,,,,,,deler av lokaliteten,1827,DØNNA,18,Nordland,66.17637,12.770283,8,Helgeland til Bodø,
27,2023,13727,Svellungen,ikke-medikamentell,,,,,,deler av lokaliteten,5056,HITRA,50,Trøndelag,63.655785,9.15525,6,Nordmøre og Sør-Trøndelag,
27,2023,38697,Takflua,ikke-medikamentell,,,,,,hele lokaliteten,5058,ÅFJORD,50,Trøndelag,63.980667,9.868733,6,Nordmøre og Sør-Trøndelag,
27,2023,26055,Toppsund Ø,ikke-medikamentell,,,,,,deler av lokaliteten,5402,HARSTAD,54,Troms og Finnmark,68.863716,16.403032,10,Andøya til Senja,
27,2023,31497,Toska N,ikke-medikamentell,,,,,,deler av lokaliteten,4631,ALVER,46,Vestland,60.66987,4.9172,4,Nordhordaland til Stadt,
27,2023,36317,Varholmen,medikamentell,fôrbehandling,Emamectin benzoat,,,,deler av lokaliteten,1813,BRØNNØY,18,Nordland,65.54652,12.127967,8,Helgeland til Bodø,
27,2023,45083,Vorterøyskagen,medikamentell,fôrbehandling,Emamectin benzoat,,,,hele lokaliteten,5427,SKJERVØY,54,Troms og Finnmark,69.98715,20.664618,11,Kvaløya til Loppa,
27,2023,45032,Ytterflesa,ikke-medikamentell,,,,,,deler av lokaliteten,5060,NÆRØYSUND,50,Trøndelag,64.972984,11.443517,7,Nord-Trøndelag med Bindal,
26,2023,12067,Aldalen,ikke-medikamentell,,,,,,deler av lokaliteten,4624,BJØRNAFJORDEN,46,Vestland,60.24995,5.571917,3,Karmøy til Sotra,
26,2023,32277,Andholmen 1,ikke-medikamentell,,,,,,deler av lokaliteten,1573,SMØLA,15,Møre og Romsdal,63.469215,7.8523,6,Nordmøre og Sør-Trøndelag,
26,2023,45087,Aukan,ikke-medikamentell,,,,,,deler av lokaliteten,1554,AVERØY,15,Møre og Romsdal,63.0603,7.594283,6,Nordmøre og Sør-Trøndelag,
26,2023,12988,Aukrasanden,ikke-medikamentell,,,,,,hele lokaliteten,1547,AUKRA,15,Møre og Romsdal,62.783417,6.92605,5,Stadt til Hustadvika,
26,2023,10862,Båsen,medikamentell,badebehandling,Azamethiphos,,,,deler av lokaliteten,1811,BINDAL,18,Nordland,65.11767,12.321467,7,Nord-Trøndelag med Bindal,
26,2023,10862,Båsen,ikke-medikamentell,,,,,,deler av lokaliteten,1811,BINDAL,18,Nordland,65.11767,12.321467,7,Nord-Trøndelag med Bindal,
26,2023,12178,Bjønnspjotneset,medikamentell,fôrbehandling,Emamectin benzoat,,,,deler av lokaliteten,4638,HØYANGER,46,Vestland,61.098083,5.82545,4,Nordhordaland til Stadt,
26,2023,10212,Bogen,ikke-medikamentell,,,,,,deler av lokaliteten,1505,KRISTIANSUND,15,Møre og Romsdal,63.076782,7.9046,6,Nordmøre og Sør-Trøndelag,
26,2023,15796,Borgarliflot,ikke-medikamentell,,,,,,hele lokaliteten,1134,SULDAL,11,Rogaland,59.3892,5.924733,2,Ryfylke,
26,2023,11574,Breivik S,ikke-medikamentell,,,,,,hele lokaliteten,4613,BØMLO,46,Vestland,59.671185,5.31215,3,Karmøy til Sotra,
26,2023,37357,Brensholmen,ikke-medikamentell,,,,,,deler av lokaliteten,5401,TROMSØ,54,Troms og Finnmark,69.57837,17.994267,10,Andøya til Senja,
26,2023,31038,Buarøy,ikke-medikamentell,,,,,,deler av lokaliteten,4626,ØYGARDEN,46,Vestland,60.220066,5.21455,3,Karmøy til Sotra,
26,2023,45134,Bugane,medikamentell,fôrbehandling,Emamectin benzoat,,,,deler av lokaliteten,1528,SYKKYLVEN,15,Møre og Romsdal,62.438816,6.816167,5,Stadt til Hustadvika,
26,2023,11543,Buholmen,ikke-medikamentell,,,,,,deler av lokaliteten,4625,AUSTEVOLL,46,Vestland,60.020466,5.080083,3,Karmøy til Sotra,
26,2023,11076,Digermulen,ikke-medikamentell,,,,,,deler av lokaliteten,1836,RØDØY,18,Nordland,66.675735,13.317517,8,Helgeland til Bodø,
26,2023,35877,Eiterfjorden,ikke-medikamentell,,,,,,deler av lokaliteten,5060,NÆRØYSUND,50,Trøndelag,64.971634,11.723933,7,Nord-Trøndelag med Bindal,
26,2023,26775,Fjølværet Ø,medikamentell,fôrbehandling,Emamectin benzoat,,,,deler av lokaliteten,5014,FRØYA,50,Trøndelag,63.819233,8.636133,6,Nordmøre og Sør-Trøndelag,
26,2023,39957,Flatøyan,medikamentell,fôrbehandling,Emamectin benzoat,,,,hele lokaliteten,5014,FRØYA,50,Trøndelag,63.873585,8.4714,6,Nordmøre og Sør-Trøndelag,
26,2023,39957,Flatøyan,medikamentell,fôrbehandling,Emamectin benzoat,,,,hele lokaliteten,5014,FRØYA,50,Trøndelag,63.873585,8.4714,6,Nordmøre og Sør-Trøndelag,
26,2023,13669,Furneset,ikke-medikamentell,,,,,,deler av lokaliteten,1535,VESTNES,15,Møre og Romsdal,62.6461,7.101183,5,Stadt til Hustadvika,
26,2023,11530,Gissøysundet S,ikke-medikamentell,,,,,,deler av lokaliteten,4613,BØMLO,46,Vestland,59.623585,5.160067,3,Karmøy til Sotra,
26,2023,17177,Grunneneset,ikke-medikamentell,,,,,,hele lokaliteten,4648,BREMANGER,46,Vestland,61.89445,5.34815,4,Nordhordaland til Stadt,
26,2023,12265,Gudmundset,medikamentell,fôrbehandling,Emamectin benzoat,,,,hele lokaliteten,1507,ÅLESUND,15,Møre og Romsdal,62.45375,6.601283,5,Stadt til Hustadvika,
26,2023,24735,Gulholmen,ikke-medikamentell,,,,,,deler av lokaliteten,4624,BJØRNAFJORDEN,46,Vestland,60.1282,5.400467,3,Karmøy til Sotra,
26,2023,36617,Harbakholmen,ikke-medikamentell,,,,,,hele lokaliteten,5060,NÆRØYSUND,50,Trøndelag,64.953316,11.195717,7,Nord-Trøndelag med Bindal,
26,2023,24035,Håvikvågen S,ikke-medikamentell,,,,,,deler av lokaliteten,4624,BJØRNAFJORDEN,46,Vestland,60.170483,5.699283,3,Karmøy til Sotra,
26,2023,12590,Helligholmen,medikamentell,fôrbehandling,Emamectin benzoat,,,,deler av lokaliteten,5060,NÆRØYSUND,50,Trøndelag,64.83839,10.665517,7,Nord-Trøndelag med Bindal,
26,2023,10300,Hillersvik,medikamentell,badebehandling,Azamethiphos,,,,deler av lokaliteten,4612,SVEIO,46,Vestland,59.6084,5.311917,3,Karmøy til Sotra,
26,2023,10291,Hiskholmen,ikke-medikamentell,,,,,,deler av lokaliteten,4613,BØMLO,46,Vestland,59.72585,5.144717,3,Karmøy til Sotra,
26,2023,13931,Hjartøy Ø,ikke-medikamentell,,,,,,deler av lokaliteten,1848,STEIGEN,18,Nordland,67.65652,15.121867,9,Vestfjorden og Vesterålen,
26,2023,35197,Hjortøya,ikke-medikamentell,,,,,,deler av lokaliteten,5060,NÆRØYSUND,50,Trøndelag,64.9848,11.135467,7,Nord-Trøndelag med Bindal,
26,2023,12872,Kattholmen,ikke-medikamentell,,,,,,deler av lokaliteten,1505,KRISTIANSUND,15,Møre og Romsdal,63.055332,7.695317,6,Nordmøre og Sør-Trøndelag,
26,2023,26135,Kjørsvikgrunn,ikke-medikamentell,,,,,,deler av lokaliteten,5055,HEIM,50,Trøndelag,63.457565,9.076,6,Nordmøre og Sør-Trøndelag,
26,2023,32257,Kjøtta V,medikamentell,fôrbehandling,Emamectin benzoat,,,,hele lokaliteten,5402,HARSTAD,54,Troms og Finnmark,68.8658,16.670218,10,Andøya til Senja,
26,2023,12855,Kornstad,ikke-medikamentell,,,,,,deler av lokaliteten,1554,AVERØY,15,Møre og Romsdal,62.960384,7.45015,6,Nordmøre og Sør-Trøndelag,
26,2023,32097,Korsneset 2,ikke-medikamentell,,,,,,deler av lokaliteten,5055,HEIM,50,Trøndelag,63.14123,8.21375,6,Nordmøre og Sør-Trøndelag,
26,2023,34037,Kråkåsen,ikke-medikamentell,,,,,,deler av lokaliteten,1848,STEIGEN,18,Nordland,67.73985,14.896817,9,Vestfjorden og Vesterålen,
26,2023,30076,Kyrøyene,ikke-medikamentell,,,,,,deler av lokaliteten,5060,NÆRØYSUND,50,Trøndelag,64.764015,10.806633,7,Nord-Trøndelag med Bindal,
26,2023,10898,Lamholmen,medikamentell,badebehandling,Azamethiphos,,,,hele lokaliteten,1813,BRØNNØY,18,Nordland,65.47138,12.135,8,Helgeland til Bodø,
26,2023,12870,Leite,ikke-medikamentell,,,,,,deler av lokaliteten,1554,AVERØY,15,Møre og Romsdal,63.035767,7.677383,6,Nordmøre og Sør-Trøndelag,
26,2023,35317,Litjevika,medikamentell,fôrbehandling,Emamectin benzoat,,,,hele lokaliteten,5420,DYRØY,54,Troms og Finnmark,69.00265,17.440567,10,Andøya til Senja,
26,2023,28996,Loddetå,ikke-medikamentell,,,,,,deler av lokaliteten,4612,SVEIO,46,Vestland,59.691784,5.543717,3,Karmøy til Sotra,
26,2023,32977,Måren,ikke-medikamentell,,,,,,deler av lokaliteten,4638,HØYANGER,46,Vestland,61.152668,6.1167,4,Nordhordaland til Stadt,
26,2023,13139,Martnesvika,ikke-medikamentell,,,,,,deler av lokaliteten,1848,STEIGEN,18,Nordland,67.76705,15.580867,9,Vestfjorden og Vesterålen,
26,2023,10447,Mefaldskjæret,medikamentell,fôrbehandling,Emamectin benzoat,,,,hele lokaliteten,1820,ALSTAHAUG,18,Nordland,65.85145,12.2872,8,Helgeland til Bodø,
26,2023,12047,Mjåneset,ikke-medikamentell,,,,,,deler av lokaliteten,4624,BJØRNAFJORDEN,46,Vestland,60.177216,5.72195,3,Karmøy til Sotra,
26,2023,26435,Mjølsvik,ikke-medikamentell,,,,,,deler av lokaliteten,4638,HØYANGER,46,Vestland,61.112484,6.04255,4,Nordhordaland til Stadt,
26,2023,24937,Nebbo,ikke-medikamentell,,,,,,deler av lokaliteten,4617,KVINNHERAD,46,Vestland,59.87075,5.725017,3,Karmøy til Sotra,
26,2023,45014,Nordfoldleira I,ikke-medikamentell,,,,,,deler av lokaliteten,1848,STEIGEN,18,Nordland,67.75228,15.239067,9,Vestfjorden og Vesterålen,
26,2023,13020,Nygård,ikke-medikamentell,,,,,,hele lokaliteten,4623,SAMNANGER,46,Vestland,60.358067,5.683283,3,Karmøy til Sotra,
26,2023,27055,Oddane,ikke-medikamentell,,,,,,deler av lokaliteten,4602,KINN,46,Vestland,61.540367,4.968933,4,Nordhordaland til Stadt,
26,2023,14019,Øksningen,medikamentell,fôrbehandling,Emamectin benzoat,,,,deler av lokaliteten,1811,BINDAL,18,Nordland,65.13924,12.31975,7,Nord-Trøndelag med Bindal,
26,2023,10136,Onarøy,ikke-medikamentell,,,,,,deler av lokaliteten,4616,TYSNES,46,Vestland,59.95335,5.669683,3,Karmøy til Sotra,
26,2023,10893,Rensøya N,ikke-medikamentell,,,,,,hele lokaliteten,1835,TRÆNA,18,Nordland,66.50412,12.07285,8,Helgeland til Bodø,
26,2023,12281,Rogne,ikke-medikamentell,,,,,,hele lokaliteten,1507,ÅLESUND,15,Møre og Romsdal,62.66965,6.356833,5,Stadt til Hustadvika,
26,2023,12209,Rønstad,ikke-medikamentell,,,,,,hele lokaliteten,1577,VOLDA,15,Møre og Romsdal,62.135117,6.021433,5,Stadt til Hustadvika,
26,2023,31677,Sandholmane,ikke-medikamentell,,,,,,deler av lokaliteten,1547,AUKRA,15,Møre og Romsdal,62.79658,6.67125,5,Stadt til Hustadvika,
26,2023,13284,Sjølyst,ikke-medikamentell,,,,,,deler av lokaliteten,1827,DØNNA,18,Nordland,66.11311,12.487683,8,Helgeland til Bodø,
26,2023,45050,Skarvhammaren,medikamentell,fôrbehandling,Emamectin benzoat,,,,hele lokaliteten,1820,ALSTAHAUG,18,Nordland,65.834015,12.553983,8,Helgeland til Bodø,
26,2023,12108,Skorpo Nv,ikke-medikamentell,,,,,,deler av lokaliteten,4617,KVINNHERAD,46,Vestland,59.95323,5.827133,3,Karmøy til Sotra,
26,2023,13000,Slåttvika,ikke-medikamentell,,,,,,deler av lokaliteten,1813,BRØNNØY,18,Nordland,65.52393,12.545017,8,Helgeland til Bodø,
26,2023,38297,Sør Gåsvær,ikke-medikamentell,,,,,,deler av lokaliteten,1818,HERØY I NORDLAND,18,Nordland,66.03118,12.02305,8,Helgeland til Bodø,
26,2023,31338,Storskjeret,ikke-medikamentell,,,,,,deler av lokaliteten,1576,AURE,15,Møre og Romsdal,63.27048,8.2298,6,Nordmøre og Sør-Trøndelag,
26,2023,29376,Sundsøy,ikke-medikamentell,,,,,,deler av lokaliteten,1827,DØNNA,18,Nordland,66.17637,12.770283,8,Helgeland til Bodø,
26,2023,11813,Svinøy V,ikke-medikamentell,,,,,,hele lokaliteten,4646,FJALER,46,Vestland,61.30475,5.101317,4,Nordhordaland til Stadt,
26,2023,14018,Toska S,ikke-medikamentell,,,,,,deler av lokaliteten,4631,ALVER,46,Vestland,60.627434,5.004367,4,Nordhordaland til Stadt,
26,2023,12077,Tveitnesvik,ikke-medikamentell,,,,,,deler av lokaliteten,4617,KVINNHERAD,46,Vestland,60.10592,6.20525,3,Karmøy til Sotra,
26,2023,36337,Vardskjæret S,ikke-medikamentell,,,,,,deler av lokaliteten,1834,LURØY,18,Nordland,66.350266,12.469867,8,Helgeland til Bodø,
26,2023,36317,Varholmen,medikamentell,fôrbehandling,Emamectin benzoat,,,,deler av lokaliteten,1813,BRØNNØY,18,Nordland,65.54652,12.127967,8,Helgeland til Bodø,
26,2023,13246,Voldnes,ikke-medikamentell,,,,,,deler av lokaliteten,1515,HERØY I MØRE OG ROMSDAL,15,Møre og Romsdal,62.2097,5.7849,5,Stadt til Hustadvika,
26,2023,17495,Vullum,ikke-medikamentell,,,,,,deler av lokaliteten,5055,HEIM,50,Trøndelag,63.04965,8.2162,6,Nordmøre og Sør-Trøndelag,
26,2023,45032,Ytterflesa,ikke-medikamentell,,,,,,deler av lokaliteten,5060,NÆRØYSUND,50,Trøndelag,64.972984,11.443517,7,Nord-Trøndelag med Bindal,
25,2023,12067,Aldalen,ikke-medikamentell,,,,,,deler av lokaliteten,4624,BJØRNAFJORDEN,46,Vestland,60.24995,5.571917,3,Karmøy til Sotra,
25,2023,32277,Andholmen 1,ikke-medikamentell,,,,,,deler av lokaliteten,1573,SMØLA,15,Møre og Romsdal,63.469215,7.8523,6,Nordmøre og Sør-Trøndelag,
25,2023,35797,Årsetfjorden,ikke-medikamentell,,,,,,deler av lokaliteten,5060,NÆRØYSUND,50,Trøndelag,65.00819,11.746417,7,Nord-Trøndelag med Bindal,
25,2023,10862,Båsen,medikamentell,fôrbehandling,Emamectin benzoat,,,,deler av lokaliteten,1811,BINDAL,18,Nordland,65.11767,12.321467,7,Nord-Trøndelag med Bindal,
25,2023,13845,Beitveit,ikke-medikamentell,,,,,,hele lokaliteten,4649,STAD,46,Vestland,62.140835,5.3275,5,Stadt til Hustadvika,
25,2023,12178,Bjønnspjotneset,medikamentell,fôrbehandling,Emamectin benzoat,,,,deler av lokaliteten,4638,HØYANGER,46,Vestland,61.098083,5.82545,4,Nordhordaland til Stadt,
25,2023,10212,Bogen,ikke-medikamentell,,,,,,deler av lokaliteten,1505,KRISTIANSUND,15,Møre og Romsdal,63.076782,7.9046,6,Nordmøre og Sør-Trøndelag,
25,2023,15796,Borgarliflot,ikke-medikamentell,,,,,,deler av lokaliteten,1134,SULDAL,11,Rogaland,59.3892,5.924733,2,Ryfylke,
25,2023,13765,Breiviken,ikke-medikamentell,,,,,,hele lokaliteten,1834,LURØY,18,Nordland,66.46165,12.958033,8,Helgeland til Bodø,
25,2023,34197,Brennholmen,medikamentell,fôrbehandling,Emamectin benzoat,,,,deler av lokaliteten,1818,HERØY I NORDLAND,18,Nordland,65.978714,12.16355,8,Helgeland til Bodø,
25,2023,31038,Buarøy,ikke-medikamentell,,,,,,deler av lokaliteten,4626,ØYGARDEN,46,Vestland,60.220066,5.21455,3,Karmøy til Sotra,
25,2023,22035,Buktodden Nø,ikke-medikamentell,,,,,,hele lokaliteten,1833,RANA,18,Nordland,66.30817,13.432333,8,Helgeland til Bodø,
25,2023,14799,Djupestallen,ikke-medikamentell,,,,,,deler av lokaliteten,4616,TYSNES,46,Vestland,60.058968,5.452733,3,Karmøy til Sotra,
25,2023,11893,Fosså,medikamentell,badebehandling,Azamethiphos,,,,deler av lokaliteten,1133,HJELMELAND,11,Rogaland,59.2699,6.14295,2,Ryfylke,
25,2023,11893,Fosså,ikke-medikamentell,,,,,,deler av lokaliteten,1133,HJELMELAND,11,Rogaland,59.2699,6.14295,2,Ryfylke,
25,2023,13021,Gaustad,ikke-medikamentell,,,,,,deler av lokaliteten,1579,HUSTADVIKA,15,Møre og Romsdal,62.9839,7.329667,6,Nordmøre og Sør-Trøndelag,
25,2023,33617,Gjerde,ikke-medikamentell,,,,,,deler av lokaliteten,1576,AURE,15,Møre og Romsdal,63.299667,8.418333,6,Nordmøre og Sør-Trøndelag,
25,2023,25695,Gjerde,ikke-medikamentell,,,,,,hele lokaliteten,1516,ULSTEIN,15,Møre og Romsdal,62.259983,5.929183,5,Stadt til Hustadvika,
25,2023,13852,Gjermundnes,ikke-medikamentell,,,,,,deler av lokaliteten,1535,VESTNES,15,Møre og Romsdal,62.6275,7.192817,5,Stadt til Hustadvika,
25,2023,12265,Gudmundset,medikamentell,fôrbehandling,Emamectin benzoat,,,,hele lokaliteten,1507,ÅLESUND,15,Møre og Romsdal,62.45375,6.601283,5,Stadt til Hustadvika,
25,2023,12895,Halsbukta,ikke-medikamentell,,,,,,deler av lokaliteten,1560,TINGVOLL,15,Møre og Romsdal,63.077866,8.143283,6,Nordmøre og Sør-Trøndelag,
25,2023,36778,Havstein Sør,medikamentell,fôrbehandling,Emamectin benzoat,,,,hele lokaliteten,1827,DØNNA,18,Nordland,66.16405,12.400767,8,Helgeland til Bodø,
25,2023,45167,Heggeset,ikke-medikamentell,,,,,,deler av lokaliteten,1554,AVERØY,15,Møre og Romsdal,62.973415,7.645567,6,Nordmøre og Sør-Trøndelag,
25,2023,11315,Hellarvika,ikke-medikamentell,,,,,,deler av lokaliteten,1848,STEIGEN,18,Nordland,67.7267,15.3812,9,Vestfjorden og Vesterålen,
25,2023,12590,Helligholmen,medikamentell,fôrbehandling,Emamectin benzoat,,,,deler av lokaliteten,5060,NÆRØYSUND,50,Trøndelag,64.83839,10.665517,7,Nord-Trøndelag med Bindal,
25,2023,12483,Hjortholman,ikke-medikamentell,,,,,,deler av lokaliteten,1573,SMØLA,15,Møre og Romsdal,63.458965,7.852167,6,Nordmøre og Sør-Trøndelag,
25,2023,35197,Hjortøya,ikke-medikamentell,,,,,,deler av lokaliteten,5060,NÆRØYSUND,50,Trøndelag,64.9848,11.135467,7,Nord-Trøndelag med Bindal,
25,2023,12224,Isane,ikke-medikamentell,,,,,,deler av lokaliteten,4648,BREMANGER,46,Vestland,61.87715,5.723383,4,Nordhordaland til Stadt,
25,2023,10876,Istervika,ikke-medikamentell,,,,,,deler av lokaliteten,1813,BRØNNØY,18,Nordland,65.446884,12.56175,8,Helgeland til Bodø,
25,2023,12348,Kåholmen,ikke-medikamentell,,,,,,deler av lokaliteten,5056,HITRA,50,Trøndelag,63.617184,8.994133,6,Nordmøre og Sør-Trøndelag,
25,2023,29576,Kalvik,ikke-medikamentell,,,,,,hele lokaliteten,1845,SØRFOLD,18,Nordland,67.51317,15.570433,9,Vestfjorden og Vesterålen,
25,2023,10087,Kalvøya N,medikamentell,fôrbehandling,Emamectin benzoat,,,,hele lokaliteten,4645,ASKVOLL,46,Vestland,61.32,4.708333,4,Nordhordaland til Stadt,
25,2023,12872,Kattholmen,ikke-medikamentell,,,,,,deler av lokaliteten,1505,KRISTIANSUND,15,Møre og Romsdal,63.055332,7.695317,6,Nordmøre og Sør-Trøndelag,
25,2023,40377,Klampvika N,ikke-medikamentell,,,,,,deler av lokaliteten,1811,BINDAL,18,Nordland,65.21104,12.250167,7,Nord-Trøndelag med Bindal,
25,2023,24455,Klavelandet,ikke-medikamentell,,,,,,hele lokaliteten,4602,KINN,46,Vestland,61.60395,5.186533,4,Nordhordaland til Stadt,
25,2023,11534,Klungsholmen,ikke-medikamentell,,,,,,hele lokaliteten,4613,BØMLO,46,Vestland,59.596783,5.161567,3,Karmøy til Sotra,
25,2023,13764,Kokvika,ikke-medikamentell,,,,,,hele lokaliteten,1834,LURØY,18,Nordland,66.4129,12.957383,8,Helgeland til Bodø,
25,2023,32097,Korsneset 2,ikke-medikamentell,,,,,,deler av lokaliteten,5055,HEIM,50,Trøndelag,63.14123,8.21375,6,Nordmøre og Sør-Trøndelag,
25,2023,19355,Låva,ikke-medikamentell,,,,,,hele lokaliteten,1103,STAVANGER,11,Rogaland,59.2966,5.990283,2,Ryfylke,
25,2023,10990,Lille Åsvær,ikke-medikamentell,,,,,,deler av lokaliteten,1827,DØNNA,18,Nordland,66.22887,12.312267,8,Helgeland til Bodø,
25,2023,40137,Lønngrunnen,ikke-medikamentell,,,,,,deler av lokaliteten,5057,ØRLAND,50,Trøndelag,63.937534,9.779517,6,Nordmøre og Sør-Trøndelag,
25,2023,13139,Martnesvika,ikke-medikamentell,,,,,,deler av lokaliteten,1848,STEIGEN,18,Nordland,67.76705,15.580867,9,Vestfjorden og Vesterålen,
25,2023,10447,Mefaldskjæret,medikamentell,fôrbehandling,Emamectin benzoat,,,,hele lokaliteten,1820,ALSTAHAUG,18,Nordland,65.85145,12.2872,8,Helgeland til Bodø,
25,2023,21397,Midt Femris,ikke-medikamentell,,,,,,hele lokaliteten,1838,GILDESKÅL,18,Nordland,67.036934,13.967767,8,Helgeland til Bodø,
25,2023,45014,Nordfoldleira I,ikke-medikamentell,,,,,,deler av lokaliteten,1848,STEIGEN,18,Nordland,67.75228,15.239067,9,Vestfjorden og Vesterålen,
25,2023,30559,Øksneset,ikke-medikamentell,,,,,,deler av lokaliteten,4632,AUSTRHEIM,46,Vestland,60.81255,4.862317,4,Nordhordaland til Stadt,
25,2023,14019,Øksningen,medikamentell,fôrbehandling,Emamectin benzoat,,,,deler av lokaliteten,1811,BINDAL,18,Nordland,65.13924,12.31975,7,Nord-Trøndelag med Bindal,
25,2023,45029,Ramnøya N,ikke-medikamentell,,,,,,deler av lokaliteten,1827,DØNNA,18,Nordland,66.243484,12.294183,8,Helgeland til Bodø,
25,2023,12281,Rogne,ikke-medikamentell,,,,,,deler av lokaliteten,1507,ÅLESUND,15,Møre og Romsdal,62.66965,6.356833,5,Stadt til Hustadvika,
25,2023,13243,Sandvika,ikke-medikamentell,,,,,,deler av lokaliteten,1577,VOLDA,15,Møre og Romsdal,62.195667,5.904417,5,Stadt til Hustadvika,
25,2023,13284,Sjølyst,ikke-medikamentell,,,,,,deler av lokaliteten,1827,DØNNA,18,Nordland,66.11311,12.487683,8,Helgeland til Bodø,
25,2023,20796,Skarbukta,ikke-medikamentell,,,,,,hele lokaliteten,1535,VESTNES,15,Møre og Romsdal,62.59785,7.367717,5,Stadt til Hustadvika,
25,2023,45050,Skarvhammaren,medikamentell,fôrbehandling,Emamectin benzoat,,,,hele lokaliteten,1820,ALSTAHAUG,18,Nordland,65.834015,12.553983,8,Helgeland til Bodø,
25,2023,12048,Skiftesneset N,ikke-medikamentell,,,,,,hele lokaliteten,4624,BJØRNAFJORDEN,46,Vestland,60.07472,5.736783,3,Karmøy til Sotra,
25,2023,11966,Skigelstrand,ikke-medikamentell,,,,,,hele lokaliteten,1160,VINDAFJORD,11,Rogaland,59.494118,5.846567,2,Ryfylke,
25,2023,12108,Skorpo Nv,ikke-medikamentell,,,,,,deler av lokaliteten,4617,KVINNHERAD,46,Vestland,59.95323,5.827133,3,Karmøy til Sotra,
25,2023,12712,Slokkholmen Ø,ikke-medikamentell,,,,,,hele lokaliteten,5052,LEKA,50,Trøndelag,65.03989,11.4847,7,Nord-Trøndelag med Bindal,
25,2023,15456,Søreide,medikamentell,fôrbehandling,Emamectin benzoat,,,,hele lokaliteten,4638,HØYANGER,46,Vestland,61.1056,5.8536,4,Nordhordaland til Stadt,
25,2023,22335,Storvika,ikke-medikamentell,,,,,,hele lokaliteten,1579,HUSTADVIKA,15,Møre og Romsdal,62.8021,6.977733,5,Stadt til Hustadvika,
25,2023,30560,Tristeinen,ikke-medikamentell,,,,,,deler av lokaliteten,5057,ØRLAND,50,Trøndelag,63.868935,9.619183,6,Nordmøre og Sør-Trøndelag,
25,2023,36337,Vardskjæret S,ikke-medikamentell,,,,,,deler av lokaliteten,1834,LURØY,18,Nordland,66.350266,12.469867,8,Helgeland til Bodø,
25,2023,36317,Varholmen,medikamentell,fôrbehandling,Emamectin benzoat,,,,deler av lokaliteten,1813,BRØNNØY,18,Nordland,65.54652,12.127967,8,Helgeland til Bodø,
24,2023,12988,Aukrasanden,ikke-medikamentell,,,,,,hele lokaliteten,1547,AUKRA,15,Møre og Romsdal,62.783417,6.92605,5,Stadt til Hustadvika,
24,2023,10862,Båsen,medikamentell,badebehandling,Azamethiphos,,,,deler av lokaliteten,1811,BINDAL,18,Nordland,65.11767,12.321467,7,Nord-Trøndelag med Bindal,
24,2023,10862,Båsen,medikamentell,fôrbehandling,Emamectin benzoat,,,,deler av lokaliteten,1811,BINDAL,18,Nordland,65.11767,12.321467,7,Nord-Trøndelag med Bindal,
24,2023,13845,Beitveit,ikke-medikamentell,,,,,,deler av lokaliteten,4649,STAD,46,Vestland,62.140835,5.3275,5,Stadt til Hustadvika,
24,2023,22455,Bjørlykkestranda,ikke-medikamentell,,,,,,hele lokaliteten,1511,VANYLVEN,15,Møre og Romsdal,62.16655,5.5954,5,Stadt til Hustadvika,
24,2023,10212,Bogen,ikke-medikamentell,,,,,,deler av lokaliteten,1505,KRISTIANSUND,15,Møre og Romsdal,63.076782,7.9046,6,Nordmøre og Sør-Trøndelag,
24,2023,11015,Brattholmen,medikamentell,fôrbehandling,Emamectin benzoat,,,,deler av lokaliteten,1818,HERØY I NORDLAND,18,Nordland,65.90735,12.220967,8,Helgeland til Bodø,
24,2023,34197,Brennholmen,medikamentell,fôrbehandling,Emamectin benzoat,,,,deler av lokaliteten,1818,HERØY I NORDLAND,18,Nordland,65.978714,12.16355,8,Helgeland til Bodø,
24,2023,12361,Bukkholmen S,ikke-medikamentell,,,,,,deler av lokaliteten,5014,FRØYA,50,Trøndelag,63.72378,8.8621,6,Nordmøre og Sør-Trøndelag,
24,2023,30097,Djupvik,ikke-medikamentell,,,,,,deler av lokaliteten,1836,RØDØY,18,Nordland,66.73299,13.33115,8,Helgeland til Bodø,
24,2023,11644,Duesund,ikke-medikamentell,,,,,,deler av lokaliteten,4634,MASFJORDEN,46,Vestland,60.807835,5.2946,4,Nordhordaland til Stadt,
24,2023,39597,Gåsflestaren,ikke-medikamentell,,,,,,hele lokaliteten,1811,BINDAL,18,Nordland,65.25203,11.5664,7,Nord-Trøndelag med Bindal,
24,2023,11530,Gissøysundet S,ikke-medikamentell,,,,,,deler av lokaliteten,4613,BØMLO,46,Vestland,59.623585,5.160067,3,Karmøy til Sotra,
24,2023,19995,Hagahammaren,ikke-medikamentell,,,,,,deler av lokaliteten,1576,AURE,15,Møre og Romsdal,63.137917,8.0306,6,Nordmøre og Sør-Trøndelag,
24,2023,31577,Haneholmen,ikke-medikamentell,,,,,,hele lokaliteten,4650,GLOPPEN,46,Vestland,61.839718,6.10055,4,Nordhordaland til Stadt,
24,2023,36617,Harbakholmen,ikke-medikamentell,,,,,,deler av lokaliteten,5060,NÆRØYSUND,50,Trøndelag,64.953316,11.195717,7,Nord-Trøndelag med Bindal,
24,2023,30897,Havsundet,ikke-medikamentell,,,,,,deler av lokaliteten,5057,ØRLAND,50,Trøndelag,63.79933,9.440483,6,Nordmøre og Sør-Trøndelag,
24,2023,13503,Heggvika,ikke-medikamentell,,,,,,deler av lokaliteten,5056,HITRA,50,Trøndelag,63.610733,9.0523,6,Nordmøre og Sør-Trøndelag,
24,2023,39997,Helligvær Ø,medikamentell,fôrbehandling,Emamectin benzoat,,,,hele lokaliteten,1804,BODØ,18,Nordland,67.42167,14.032183,9,Vestfjorden og Vesterålen,
24,2023,39997,Helligvær Ø,medikamentell,fôrbehandling,Emamectin benzoat,,,,hele lokaliteten,1804,BODØ,18,Nordland,67.42167,14.032183,9,Vestfjorden og Vesterålen,
24,2023,13006,Hestholmen N,medikamentell,fôrbehandling,Emamectin benzoat,,,,deler av lokaliteten,1838,GILDESKÅL,18,Nordland,67.14678,14.016533,8,Helgeland til Bodø,
24,2023,12483,Hjortholman,ikke-medikamentell,,,,,,deler av lokaliteten,1573,SMØLA,15,Møre og Romsdal,63.458965,7.852167,6,Nordmøre og Sør-Trøndelag,
24,2023,30377,Hogsneset N,ikke-medikamentell,,,,,,deler av lokaliteten,1554,AVERØY,15,Møre og Romsdal,63.099934,7.670267,6,Nordmøre og Sør-Trøndelag,
24,2023,12890,Høybuvika,ikke-medikamentell,,,,,,deler av lokaliteten,1557,GJEMNES,15,Møre og Romsdal,62.95717,8.049167,6,Nordmøre og Sør-Trøndelag,
24,2023,12224,Isane,ikke-medikamentell,,,,,,deler av lokaliteten,4648,BREMANGER,46,Vestland,61.87715,5.723383,4,Nordhordaland til Stadt,
24,2023,10876,Istervika,ikke-medikamentell,,,,,,deler av lokaliteten,1813,BRØNNØY,18,Nordland,65.446884,12.56175,8,Helgeland til Bodø,
24,2023,19977,Jektholmen,ikke-medikamentell,,,,,,hele lokaliteten,5058,ÅFJORD,50,Trøndelag,63.99495,9.928317,6,Nordmøre og Sør-Trøndelag,
24,2023,11689,Kjerringneset,ikke-medikamentell,,,,,,deler av lokaliteten,4635,GULEN,46,Vestland,60.960217,5.107183,4,Nordhordaland til Stadt,
24,2023,11534,Klungsholmen,ikke-medikamentell,,,,,,deler av lokaliteten,4613,BØMLO,46,Vestland,59.596783,5.161567,3,Karmøy til Sotra,
24,2023,45002,Korsvika,ikke-medikamentell,,,,,,deler av lokaliteten,1834,LURØY,18,Nordland,66.57847,12.691067,8,Helgeland til Bodø,
24,2023,30297,Krabbholmen,ikke-medikamentell,,,,,,deler av lokaliteten,5058,ÅFJORD,50,Trøndelag,63.944485,9.8814,6,Nordmøre og Sør-Trøndelag,
24,2023,33177,Krabbholmen II,ikke-medikamentell,,,,,,deler av lokaliteten,5058,ÅFJORD,50,Trøndelag,63.94,9.886633,6,Nordmøre og Sør-Trøndelag,
24,2023,12652,Kråkøya,ikke-medikamentell,,,,,,deler av lokaliteten,5060,NÆRØYSUND,50,Trøndelag,65.003784,11.042367,7,Nord-Trøndelag med Bindal,
24,2023,11633,Krossholmen,ikke-medikamentell,,,,,,hele lokaliteten,4613,BØMLO,46,Vestland,59.7879,5.100533,3,Karmøy til Sotra,
24,2023,22775,Kvaløya,ikke-medikamentell,,,,,,deler av lokaliteten,5060,NÆRØYSUND,50,Trøndelag,65.001915,11.058617,7,Nord-Trøndelag med Bindal,
24,2023,11791,Langeråa,ikke-medikamentell,,,,,,deler av lokaliteten,4602,KINN,46,Vestland,61.63405,4.86525,4,Nordhordaland til Stadt,
24,2023,10262,Lille Kvitholmen,ikke-medikamentell,,,,,,deler av lokaliteten,5060,NÆRØYSUND,50,Trøndelag,65.01145,11.6139,7,Nord-Trøndelag med Bindal,
24,2023,14043,Lybergsvika,ikke-medikamentell,,,,,,deler av lokaliteten,1539,RAUMA,15,Møre og Romsdal,62.64515,7.450533,5,Stadt til Hustadvika,
24,2023,35477,Makrellskjæret,ikke-medikamentell,,,,,,deler av lokaliteten,5049,FLATANGER,50,Trøndelag,64.54919,10.734183,7,Nord-Trøndelag med Bindal,
24,2023,32977,Måren,ikke-medikamentell,,,,,,deler av lokaliteten,4638,HØYANGER,46,Vestland,61.152668,6.1167,4,Nordhordaland til Stadt,
24,2023,36117,Matvika,ikke-medikamentell,,,,,,hele lokaliteten,1845,SØRFOLD,18,Nordland,67.528,15.359683,9,Vestfjorden og Vesterålen,
24,2023,12904,Merraberget,ikke-medikamentell,,,,,,deler av lokaliteten,1506,MOLDE,15,Møre og Romsdal,62.7838,8.27825,6,Nordmøre og Sør-Trøndelag,
24,2023,45004,Mulen,ikke-medikamentell,,,,,,deler av lokaliteten,1848,STEIGEN,18,Nordland,67.66928,15.198867,9,Vestfjorden og Vesterålen,
24,2023,11129,Nordfugløy,medikamentell,fôrbehandling,Emamectin benzoat,,,,hele lokaliteten,1838,GILDESKÅL,18,Nordland,67.083916,13.85685,8,Helgeland til Bodø,
24,2023,11129,Nordfugløy,medikamentell,fôrbehandling,Emamectin benzoat,,,,hele lokaliteten,1838,GILDESKÅL,18,Nordland,67.083916,13.85685,8,Helgeland til Bodø,
24,2023,27055,Oddane,ikke-medikamentell,,,,,,deler av lokaliteten,4602,KINN,46,Vestland,61.540367,4.968933,4,Nordhordaland til Stadt,
24,2023,28676,Olvika,ikke-medikamentell,,,,,,hele lokaliteten,1834,LURØY,18,Nordland,66.4367,13.126033,8,Helgeland til Bodø,
24,2023,29116,Reiråklakken,ikke-medikamentell,,,,,,deler av lokaliteten,1573,SMØLA,15,Møre og Romsdal,63.44995,8.167133,6,Nordmøre og Sør-Trøndelag,
24,2023,29276,Rongøy,medikamentell,badebehandling,Azamethiphos,,,,deler av lokaliteten,4626,ØYGARDEN,46,Vestland,60.509335,4.9317,4,Nordhordaland til Stadt,
24,2023,12018,Rossholmen,ikke-medikamentell,,,,,,deler av lokaliteten,4622,KVAM,46,Vestland,60.394684,6.274833,3,Karmøy til Sotra,
24,2023,13249,Sagelva,ikke-medikamentell,,,,,,deler av lokaliteten,1520,ØRSTA,15,Møre og Romsdal,62.33795,6.3815,5,Stadt til Hustadvika,
24,2023,20096,Sandholman,medikamentell,fôrbehandling,Emamectin benzoat,,,,hele lokaliteten,1860,VESTVÅGØY,18,Nordland,68.06018,13.5389,9,Vestfjorden og Vesterålen,
24,2023,20096,Sandholman,medikamentell,fôrbehandling,Emamectin benzoat,,,,hele lokaliteten,1860,VESTVÅGØY,18,Nordland,68.06018,13.5389,9,Vestfjorden og Vesterålen,
24,2023,20096,Sandholman,medikamentell,fôrbehandling,Emamectin benzoat,,,,hele lokaliteten,1860,VESTVÅGØY,18,Nordland,68.06018,13.5389,9,Vestfjorden og Vesterålen,
24,2023,13243,Sandvika,ikke-medikamentell,,,,,,deler av lokaliteten,1577,VOLDA,15,Møre og Romsdal,62.195667,5.904417,5,Stadt til Hustadvika,
24,2023,12244,Setevika,ikke-medikamentell,,,,,,deler av lokaliteten,1506,MOLDE,15,Møre og Romsdal,62.728065,6.939283,5,Stadt til Hustadvika,
24,2023,33017,Setevika N,ikke-medikamentell,,,,,,deler av lokaliteten,1506,MOLDE,15,Møre og Romsdal,62.73835,6.937667,5,Stadt til Hustadvika,
24,2023,12892,Sjølsvik,ikke-medikamentell,,,,,,deler av lokaliteten,1557,GJEMNES,15,Møre og Romsdal,62.9066,8.11095,6,Nordmøre og Sør-Trøndelag,
24,2023,13284,Sjølyst,ikke-medikamentell,,,,,,deler av lokaliteten,1827,DØNNA,18,Nordland,66.11311,12.487683,8,Helgeland til Bodø,
24,2023,13032,Sølvøyane,ikke-medikamentell,,,,,,deler av lokaliteten,4613,BØMLO,46,Vestland,59.609516,5.133367,3,Karmøy til Sotra,
24,2023,30537,Steinflesa,ikke-medikamentell,,,,,,deler av lokaliteten,5052,LEKA,50,Trøndelag,65.134834,11.515983,7,Nord-Trøndelag med Bindal,
24,2023,10974,Store Bukkøy N,ikke-medikamentell,,,,,,deler av lokaliteten,1834,LURØY,18,Nordland,66.40072,12.4117,8,Helgeland til Bodø,
24,2023,31338,Storskjeret,ikke-medikamentell,,,,,,deler av lokaliteten,1576,AURE,15,Møre og Romsdal,63.27048,8.2298,6,Nordmøre og Sør-Trøndelag,
24,2023,38697,Takflua,ikke-medikamentell,,,,,,deler av lokaliteten,5058,ÅFJORD,50,Trøndelag,63.980667,9.868733,6,Nordmøre og Sør-Trøndelag,
24,2023,13644,Tepstad,ikke-medikamentell,,,,,,deler av lokaliteten,4630,OSTERØY,46,Vestland,60.5549,5.381767,4,Nordhordaland til Stadt,
24,2023,32717,Tranøya N,medikamentell,badebehandling,Azamethiphos,,,,deler av lokaliteten,5057,ØRLAND,50,Trøndelag,63.87185,9.76985,6,Nordmøre og Sør-Trøndelag,
24,2023,32717,Tranøya N,ikke-medikamentell,,,,,,deler av lokaliteten,5057,ØRLAND,50,Trøndelag,63.87185,9.76985,6,Nordmøre og Sør-Trøndelag,
24,2023,30560,Tristeinen,ikke-medikamentell,,,,,,deler av lokaliteten,5057,ØRLAND,50,Trøndelag,63.868935,9.619183,6,Nordmøre og Sør-Trøndelag,
24,2023,45058,Urdaneset,ikke-medikamentell,,,,,,hele lokaliteten,1525,STRANDA,15,Møre og Romsdal,62.319283,6.978617,5,Stadt til Hustadvika,
24,2023,36317,Varholmen,medikamentell,fôrbehandling,Emamectin benzoat,,,,deler av lokaliteten,1813,BRØNNØY,18,Nordland,65.54652,12.127967,8,Helgeland til Bodø,
24,2023,32337,Veiesund,ikke-medikamentell,,,,,,hele lokaliteten,4602,KINN,46,Vestland,61.57187,5.047283,4,Nordhordaland til Stadt,
24,2023,13246,Voldnes,ikke-medikamentell,,,,,,deler av lokaliteten,1515,HERØY I MØRE OG ROMSDAL,15,Møre og Romsdal,62.2097,5.7849,5,Stadt til Hustadvika,
23,2023,12086,Alsåkervik,medikamentell,fôrbehandling,Emamectin benzoat,,,,hele lokaliteten,4617,KVINNHERAD,46,Vestland,59.759518,6.072883,3,Karmøy til Sotra,
23,2023,11513,Andal,medikamentell,badebehandling,Azamethiphos,,,,hele lokaliteten,4613,BØMLO,46,Vestland,59.636482,5.247117,3,Karmøy til Sotra,
23,2023,13563,Angelskår,ikke-medikamentell,,,,,,deler av lokaliteten,4630,OSTERØY,46,Vestland,60.523335,5.352617,4,Nordhordaland til Stadt,
23,2023,12988,Aukrasanden,ikke-medikamentell,,,,,,hele lokaliteten,1547,AUKRA,15,Møre og Romsdal,62.783417,6.92605,5,Stadt til Hustadvika,
23,2023,10212,Bogen,ikke-medikamentell,,,,,,deler av lokaliteten,1505,KRISTIANSUND,15,Møre og Romsdal,63.076782,7.9046,6,Nordmøre og Sør-Trøndelag,
23,2023,11015,Brattholmen,medikamentell,fôrbehandling,Emamectin benzoat,,,,hele lokaliteten,1818,HERØY I NORDLAND,18,Nordland,65.90735,12.220967,8,Helgeland til Bodø,
23,2023,13205,Brattholmen,ikke-medikamentell,,,,,,hele lokaliteten,4636,SOLUND,46,Vestland,61.068382,4.713817,4,Nordhordaland til Stadt,
23,2023,12237,Brudevika,ikke-medikamentell,,,,,,deler av lokaliteten,1511,VANYLVEN,15,Møre og Romsdal,62.116566,5.420717,5,Stadt til Hustadvika,
23,2023,14799,Djupestallen,ikke-medikamentell,,,,,,deler av lokaliteten,4616,TYSNES,46,Vestland,60.058968,5.452733,3,Karmøy til Sotra,
23,2023,30097,Djupvik,ikke-medikamentell,,,,,,deler av lokaliteten,1836,RØDØY,18,Nordland,66.73299,13.33115,8,Helgeland til Bodø,
23,2023,31437,Fuglåsen,ikke-medikamentell,,,,,,deler av lokaliteten,1573,SMØLA,15,Møre og Romsdal,63.44715,8.167767,6,Nordmøre og Sør-Trøndelag,
23,2023,13669,Furneset,ikke-medikamentell,,,,,,deler av lokaliteten,1535,VESTNES,15,Møre og Romsdal,62.6461,7.101183,5,Stadt til Hustadvika,
23,2023,24035,Håvikvågen S,ikke-medikamentell,,,,,,hele lokaliteten,4624,BJØRNAFJORDEN,46,Vestland,60.170483,5.699283,3,Karmøy til Sotra,
23,2023,13503,Heggvika,ikke-medikamentell,,,,,,deler av lokaliteten,5056,HITRA,50,Trøndelag,63.610733,9.0523,6,Nordmøre og Sør-Trøndelag,
23,2023,12871,Hogsnes,ikke-medikamentell,,,,,,deler av lokaliteten,1554,AVERØY,15,Møre og Romsdal,63.093033,7.675883,6,Nordmøre og Sør-Trøndelag,
23,2023,30377,Hogsneset N,ikke-medikamentell,,,,,,deler av lokaliteten,1554,AVERØY,15,Møre og Romsdal,63.099934,7.670267,6,Nordmøre og Sør-Trøndelag,
23,2023,14245,Jakobsteinsvika,ikke-medikamentell,,,,,,deler av lokaliteten,5052,LEKA,50,Trøndelag,65.11265,11.792867,7,Nord-Trøndelag med Bindal,
23,2023,12872,Kattholmen,ikke-medikamentell,,,,,,deler av lokaliteten,1505,KRISTIANSUND,15,Møre og Romsdal,63.055332,7.695317,6,Nordmøre og Sør-Trøndelag,
23,2023,26135,Kjørsvikgrunn,ikke-medikamentell,,,,,,deler av lokaliteten,5055,HEIM,50,Trøndelag,63.457565,9.076,6,Nordmøre og Sør-Trøndelag,
23,2023,11534,Klungsholmen,ikke-medikamentell,,,,,,deler av lokaliteten,4613,BØMLO,46,Vestland,59.596783,5.161567,3,Karmøy til Sotra,
23,2023,12855,Kornstad,ikke-medikamentell,,,,,,deler av lokaliteten,1554,AVERØY,15,Møre og Romsdal,62.960384,7.45015,6,Nordmøre og Sør-Trøndelag,
23,2023,10224,Korsneset,ikke-medikamentell,,,,,,deler av lokaliteten,5055,HEIM,50,Trøndelag,63.14268,8.225383,6,Nordmøre og Sør-Trøndelag,
23,2023,32097,Korsneset 2,ikke-medikamentell,,,,,,deler av lokaliteten,5055,HEIM,50,Trøndelag,63.14123,8.21375,6,Nordmøre og Sør-Trøndelag,
23,2023,30297,Krabbholmen,ikke-medikamentell,,,,,,deler av lokaliteten,5058,ÅFJORD,50,Trøndelag,63.944485,9.8814,6,Nordmøre og Sør-Trøndelag,
23,2023,33177,Krabbholmen II,ikke-medikamentell,,,,,,deler av lokaliteten,5058,ÅFJORD,50,Trøndelag,63.94,9.886633,6,Nordmøre og Sør-Trøndelag,
23,2023,12652,Kråkøya,ikke-medikamentell,,,,,,deler av lokaliteten,5060,NÆRØYSUND,50,Trøndelag,65.003784,11.042367,7,Nord-Trøndelag med Bindal,
23,2023,12213,Kvangardsnes,ikke-medikamentell,,,,,,deler av lokaliteten,1577,VOLDA,15,Møre og Romsdal,62.145317,5.94545,5,Stadt til Hustadvika,
23,2023,36457,Kvingra,ikke-medikamentell,,,,,,deler av lokaliteten,5052,LEKA,50,Trøndelag,65.20317,11.569,7,Nord-Trøndelag med Bindal,
23,2023,45129,Kvitholmen,ikke-medikamentell,,,,,,deler av lokaliteten,1573,SMØLA,15,Møre og Romsdal,63.46975,8.156933,6,Nordmøre og Sør-Trøndelag,
23,2023,20595,Kyrholmen S,ikke-medikamentell,,,,,,deler av lokaliteten,4625,AUSTEVOLL,46,Vestland,60.161583,5.207633,3,Karmøy til Sotra,
23,2023,11791,Langeråa,ikke-medikamentell,,,,,,deler av lokaliteten,4602,KINN,46,Vestland,61.63405,4.86525,4,Nordhordaland til Stadt,
23,2023,12870,Leite,ikke-medikamentell,,,,,,deler av lokaliteten,1554,AVERØY,15,Møre og Romsdal,63.035767,7.677383,6,Nordmøre og Sør-Trøndelag,
23,2023,14086,Lelandsholmen,ikke-medikamentell,,,,,,deler av lokaliteten,4613,BØMLO,46,Vestland,59.72855,5.152383,3,Karmøy til Sotra,
23,2023,10990,Lille Åsvær,ikke-medikamentell,,,,,,deler av lokaliteten,1827,DØNNA,18,Nordland,66.22887,12.312267,8,Helgeland til Bodø,
23,2023,10262,Lille Kvitholmen,ikke-medikamentell,,,,,,deler av lokaliteten,5060,NÆRØYSUND,50,Trøndelag,65.01145,11.6139,7,Nord-Trøndelag med Bindal,
23,2023,28396,Lindarholmen,medikamentell,badebehandling,Azamethiphos,,,,deler av lokaliteten,4616,TYSNES,46,Vestland,60.083866,5.63925,3,Karmøy til Sotra,
23,2023,14039,Litle Lunnøy,ikke-medikamentell,,,,,,hele lokaliteten,4625,AUSTEVOLL,46,Vestland,60.02005,5.169533,3,Karmøy til Sotra,
23,2023,36757,Lubben,ikke-medikamentell,,,,,,hele lokaliteten,5423,KARLSØY,54,Troms og Finnmark,69.936714,19.832184,11,Kvaløya til Loppa,
23,2023,14043,Lybergsvika,ikke-medikamentell,,,,,,deler av lokaliteten,1539,RAUMA,15,Møre og Romsdal,62.64515,7.450533,5,Stadt til Hustadvika,
23,2023,10292,Lyklingholmen N,ikke-medikamentell,,,,,,hele lokaliteten,4613,BØMLO,46,Vestland,59.713833,5.155467,3,Karmøy til Sotra,
23,2023,10232,Mannbruholmen,medikamentell,fôrbehandling,Emamectin benzoat,,,,deler av lokaliteten,5014,FRØYA,50,Trøndelag,63.8473,8.53675,6,Nordmøre og Sør-Trøndelag,
23,2023,10232,Mannbruholmen,medikamentell,fôrbehandling,Emamectin benzoat,,,,deler av lokaliteten,5014,FRØYA,50,Trøndelag,63.8473,8.53675,6,Nordmøre og Sør-Trøndelag,
23,2023,13541,Midtflua,ikke-medikamentell,,,,,,deler av lokaliteten,4616,TYSNES,46,Vestland,60.076633,5.467067,3,Karmøy til Sotra,
23,2023,12047,Mjåneset,ikke-medikamentell,,,,,,deler av lokaliteten,4624,BJØRNAFJORDEN,46,Vestland,60.177216,5.72195,3,Karmøy til Sotra,
23,2023,11129,Nordfugløy,medikamentell,fôrbehandling,Emamectin benzoat,,,,hele lokaliteten,1838,GILDESKÅL,18,Nordland,67.083916,13.85685,8,Helgeland til Bodø,
23,2023,11129,Nordfugløy,medikamentell,fôrbehandling,Emamectin benzoat,,,,hele lokaliteten,1838,GILDESKÅL,18,Nordland,67.083916,13.85685,8,Helgeland til Bodø,
23,2023,13554,Overåneset,ikke-medikamentell,,,,,,deler av lokaliteten,1525,STRANDA,15,Møre og Romsdal,62.294285,7.12155,5,Stadt til Hustadvika,
23,2023,45029,Ramnøya N,ikke-medikamentell,,,,,,deler av lokaliteten,1827,DØNNA,18,Nordland,66.243484,12.294183,8,Helgeland til Bodø,
23,2023,31958,Ratvika,ikke-medikamentell,,,,,,deler av lokaliteten,5058,ÅFJORD,50,Trøndelag,63.97185,9.954783,6,Nordmøre og Sør-Trøndelag,
23,2023,29116,Reiråklakken,ikke-medikamentell,,,,,,deler av lokaliteten,1573,SMØLA,15,Møre og Romsdal,63.44995,8.167133,6,Nordmøre og Sør-Trøndelag,
23,2023,11964,Ringja,medikamentell,badebehandling,Azamethiphos,,,,deler av lokaliteten,1146,TYSVÆR,11,Rogaland,59.405468,5.8631,2,Ryfylke,
23,2023,11770,Rotøy,ikke-medikamentell,,,,,,deler av lokaliteten,4626,ØYGARDEN,46,Vestland,60.68285,4.759833,4,Nordhordaland til Stadt,
23,2023,12794,Rundklumpen,ikke-medikamentell,,,,,,hele lokaliteten,5057,ØRLAND,50,Trøndelag,63.801315,9.607583,6,Nordmøre og Sør-Trøndelag,
23,2023,13249,Sagelva,ikke-medikamentell,,,,,,hele lokaliteten,1520,ØRSTA,15,Møre og Romsdal,62.33795,6.3815,5,Stadt til Hustadvika,
23,2023,20096,Sandholman,medikamentell,fôrbehandling,Emamectin benzoat,,,,hele lokaliteten,1860,VESTVÅGØY,18,Nordland,68.06018,13.5389,9,Vestfjorden og Vesterålen,
23,2023,20096,Sandholman,medikamentell,fôrbehandling,Emamectin benzoat,,,,hele lokaliteten,1860,VESTVÅGØY,18,Nordland,68.06018,13.5389,9,Vestfjorden og Vesterålen,
23,2023,13243,Sandvika,ikke-medikamentell,,,,,,deler av lokaliteten,1577,VOLDA,15,Møre og Romsdal,62.195667,5.904417,5,Stadt til Hustadvika,
23,2023,11758,Sauøy,medikamentell,badebehandling,Azamethiphos,,,,deler av lokaliteten,4626,ØYGARDEN,46,Vestland,60.59395,4.86125,4,Nordhordaland til Stadt,
23,2023,19855,Segelråa,ikke-medikamentell,,,,,,deler av lokaliteten,1576,AURE,15,Møre og Romsdal,63.149746,8.12855,6,Nordmøre og Sør-Trøndelag,
23,2023,10216,Skåren,ikke-medikamentell,,,,,,deler av lokaliteten,5055,HEIM,50,Trøndelag,63.076283,8.191733,6,Nordmøre og Sør-Trøndelag,
23,2023,39657,Skipperdalsneset,ikke-medikamentell,,,,,,deler av lokaliteten,4648,BREMANGER,46,Vestland,61.80602,5.0683,4,Nordhordaland til Stadt,
23,2023,11334,Skjærvika,medikamentell,badebehandling,Deltamethrin,,,,deler av lokaliteten,5414,GRATANGEN,54,Troms og Finnmark,68.73206,17.226067,10,Andøya til Senja,
23,2023,12108,Skorpo Nv,ikke-medikamentell,,,,,,deler av lokaliteten,4617,KVINNHERAD,46,Vestland,59.95323,5.827133,3,Karmøy til Sotra,
23,2023,38577,Skreda,ikke-medikamentell,,,,,,deler av lokaliteten,4636,SOLUND,46,Vestland,61.14635,5.08115,4,Nordhordaland til Stadt,
23,2023,20815,Slettvika,ikke-medikamentell,,,,,,hele lokaliteten,1520,ØRSTA,15,Møre og Romsdal,62.334,6.157667,5,Stadt til Hustadvika,
23,2023,40037,Smedholmen,ikke-medikamentell,,,,,,deler av lokaliteten,1146,TYSVÆR,11,Rogaland,59.344616,5.8946,2,Ryfylke,
23,2023,27476,Solheim,medikamentell,badebehandling,Azamethiphos,,,,deler av lokaliteten,5423,KARLSØY,54,Troms og Finnmark,69.83117,19.52035,11,Kvaløya til Loppa,
23,2023,27436,Solværet,ikke-medikamentell,,,,,,deler av lokaliteten,1573,SMØLA,15,Møre og Romsdal,63.255,7.856933,6,Nordmøre og Sør-Trøndelag,
23,2023,30537,Steinflesa,ikke-medikamentell,,,,,,deler av lokaliteten,5052,LEKA,50,Trøndelag,65.134834,11.515983,7,Nord-Trøndelag med Bindal,
23,2023,35817,Storevika,ikke-medikamentell,,,,,,deler av lokaliteten,1804,BODØ,18,Nordland,67.18557,14.388433,8,Helgeland til Bodø,
23,2023,31338,Storskjeret,ikke-medikamentell,,,,,,deler av lokaliteten,1576,AURE,15,Møre og Romsdal,63.27048,8.2298,6,Nordmøre og Sør-Trøndelag,
23,2023,36100,Suholmen,ikke-medikamentell,,,,,,deler av lokaliteten,1573,SMØLA,15,Møre og Romsdal,63.494934,8.02235,6,Nordmøre og Sør-Trøndelag,
23,2023,38697,Takflua,ikke-medikamentell,,,,,,deler av lokaliteten,5058,ÅFJORD,50,Trøndelag,63.980667,9.868733,6,Nordmøre og Sør-Trøndelag,
23,2023,21755,Tendalsvik,medikamentell,fôrbehandling,Emamectin benzoat,,,,hele lokaliteten,4611,ETNE,46,Vestland,59.736465,5.885317,3,Karmøy til Sotra,
23,2023,21755,Tendalsvik,medikamentell,fôrbehandling,Emamectin benzoat,,,,hele lokaliteten,4611,ETNE,46,Vestland,59.736465,5.885317,3,Karmøy til Sotra,
23,2023,10332,Trommo,ikke-medikamentell,,,,,,deler av lokaliteten,4617,KVINNHERAD,46,Vestland,60.0833,6.082633,3,Karmøy til Sotra,
23,2023,12077,Tveitnesvik,ikke-medikamentell,,,,,,deler av lokaliteten,4617,KVINNHERAD,46,Vestland,60.10592,6.20525,3,Karmøy til Sotra,
23,2023,36317,Varholmen,medikamentell,fôrbehandling,Emamectin benzoat,,,,deler av lokaliteten,1813,BRØNNØY,18,Nordland,65.54652,12.127967,8,Helgeland til Bodø,
23,2023,27315,Vikane 1,ikke-medikamentell,,,,,,deler av lokaliteten,4618,ULLENSVANG,46,Vestland,60.263668,6.208383,3,Karmøy til Sotra,
23,2023,12839,Vindsnes,ikke-medikamentell,,,,,,deler av lokaliteten,1578,FJORD,15,Møre og Romsdal,62.28533,7.2802,5,Stadt til Hustadvika,
23,2023,13246,Voldnes,ikke-medikamentell,,,,,,deler av lokaliteten,1515,HERØY I MØRE OG ROMSDAL,15,Møre og Romsdal,62.2097,5.7849,5,Stadt til Hustadvika,
23,2023,45032,Ytterflesa,ikke-medikamentell,,,,,,deler av lokaliteten,5060,NÆRØYSUND,50,Trøndelag,64.972984,11.443517,7,Nord-Trøndelag med Bindal,
22,2023,11930,Bjelkavik,ikke-medikamentell,,,,,,deler av lokaliteten,1134,SULDAL,11,Rogaland,59.45165,5.991917,2,Ryfylke,
22,2023,12178,Bjønnspjotneset,medikamentell,fôrbehandling,Emamectin benzoat,,,,deler av lokaliteten,4638,HØYANGER,46,Vestland,61.098083,5.82545,4,Nordhordaland til Stadt,
22,2023,12625,Bjørgan,ikke-medikamentell,,,,,,hele lokaliteten,5049,FLATANGER,50,Trøndelag,64.59268,10.908333,7,Nord-Trøndelag med Bindal,
22,2023,10212,Bogen,ikke-medikamentell,,,,,,deler av lokaliteten,1505,KRISTIANSUND,15,Møre og Romsdal,63.076782,7.9046,6,Nordmøre og Sør-Trøndelag,
22,2023,13143,Bondejorda,ikke-medikamentell,,,,,,deler av lokaliteten,5438,LEBESBY,54,Troms og Finnmark,70.81695,27.563717,12,Vest-Finnmark,
22,2023,11015,Brattholmen,medikamentell,fôrbehandling,Emamectin benzoat,,,,hele lokaliteten,1818,HERØY I NORDLAND,18,Nordland,65.90735,12.220967,8,Helgeland til Bodø,
22,2023,36118,Bremnesøya,ikke-medikamentell,,,,,,hele lokaliteten,1870,SORTLAND,18,Nordland,68.82377,15.400217,9,Vestfjorden og Vesterålen,
22,2023,12466,Brettingen,ikke-medikamentell,,,,,,deler av lokaliteten,1573,SMØLA,15,Møre og Romsdal,63.3582,8.237267,6,Nordmøre og Sør-Trøndelag,
22,2023,14799,Djupestallen,ikke-medikamentell,,,,,,deler av lokaliteten,4616,TYSNES,46,Vestland,60.058968,5.452733,3,Karmøy til Sotra,
22,2023,21415,Dyrholmen,ikke-medikamentell,,,,,,deler av lokaliteten,1103,STAVANGER,11,Rogaland,59.285484,5.8583,2,Ryfylke,
22,2023,12109,Ebne,medikamentell,fôrbehandling,Diflubenzuron,,,,hele lokaliteten,4611,ETNE,46,Vestland,59.71443,5.8238,3,Karmøy til Sotra,
22,2023,10803,Fjellbukt,ikke-medikamentell,,,,,,deler av lokaliteten,5429,KVÆNANGEN,54,Troms og Finnmark,69.90414,21.875168,11,Kvaløya til Loppa,
22,2023,11833,Flåtegrunnen,ikke-medikamentell,,,,,,deler av lokaliteten,4602,KINN,46,Vestland,61.57565,4.80805,4,Nordhordaland til Stadt,
22,2023,25835,Flatøyflu,medikamentell,badebehandling,Azamethiphos,,,,deler av lokaliteten,4625,AUSTEVOLL,46,Vestland,60.156033,5.2315,3,Karmøy til Sotra,
22,2023,25835,Flatøyflu,ikke-medikamentell,,,,,,deler av lokaliteten,4625,AUSTEVOLL,46,Vestland,60.156033,5.2315,3,Karmøy til Sotra,
22,2023,10324,Gjerdeviksflua,medikamentell,fôrbehandling,Diflubenzuron,,,,hele lokaliteten,4624,BJØRNAFJORDEN,46,Vestland,60.223267,5.64105,3,Karmøy til Sotra,
22,2023,13852,Gjermundnes,medikamentell,badebehandling,Azamethiphos,,,,deler av lokaliteten,1535,VESTNES,15,Møre og Romsdal,62.6275,7.192817,5,Stadt til Hustadvika,
22,2023,12435,Grøttingsøy,medikamentell,fôrbehandling,Emamectin benzoat,,,,deler av lokaliteten,5014,FRØYA,50,Trøndelag,63.879467,8.543083,6,Nordmøre og Sør-Trøndelag,
22,2023,12435,Grøttingsøy,medikamentell,fôrbehandling,Emamectin benzoat,,,,deler av lokaliteten,5014,FRØYA,50,Trøndelag,63.879467,8.543083,6,Nordmøre og Sør-Trøndelag,
22,2023,32317,Guriøyna,medikamentell,fôrbehandling,Emamectin benzoat,,,,hele lokaliteten,4645,ASKVOLL,46,Vestland,61.297768,4.660867,4,Nordhordaland til Stadt,
22,2023,13592,Hammer,ikke-medikamentell,,,,,,deler av lokaliteten,1848,STEIGEN,18,Nordland,67.95877,15.171667,9,Vestfjorden og Vesterålen,
22,2023,11740,Haverøy,medikamentell,fôrbehandling,Emamectin benzoat,,,,deler av lokaliteten,4626,ØYGARDEN,46,Vestland,60.404766,4.93995,3,Karmøy til Sotra,
22,2023,10876,Istervika,ikke-medikamentell,,,,,,deler av lokaliteten,1813,BRØNNØY,18,Nordland,65.446884,12.56175,8,Helgeland til Bodø,
22,2023,11913,Kjeahola,medikamentell,badebehandling,Azamethiphos,,,,deler av lokaliteten,1103,STAVANGER,11,Rogaland,59.2933,6.0729,2,Ryfylke,
22,2023,11913,Kjeahola,ikke-medikamentell,,,,,,hele lokaliteten,1103,STAVANGER,11,Rogaland,59.2933,6.0729,2,Ryfylke,
22,2023,11652,Kjeppevikholmen,ikke-medikamentell,,,,,,deler av lokaliteten,4631,ALVER,46,Vestland,60.543617,5.035133,4,Nordhordaland til Stadt,
22,2023,32097,Korsneset 2,ikke-medikamentell,,,,,,deler av lokaliteten,5055,HEIM,50,Trøndelag,63.14123,8.21375,6,Nordmøre og Sør-Trøndelag,
22,2023,34037,Kråkåsen,ikke-medikamentell,,,,,,deler av lokaliteten,1848,STEIGEN,18,Nordland,67.73985,14.896817,9,Vestfjorden og Vesterålen,
22,2023,35997,Kviteberg,ikke-medikamentell,,,,,,hele lokaliteten,5429,KVÆNANGEN,54,Troms og Finnmark,69.953865,21.88035,11,Kvaløya til Loppa,
22,2023,45129,Kvitholmen,ikke-medikamentell,,,,,,deler av lokaliteten,1573,SMØLA,15,Møre og Romsdal,63.46975,8.156933,6,Nordmøre og Sør-Trøndelag,
22,2023,35777,Kvitskjæret,ikke-medikamentell,,,,,,hele lokaliteten,1818,HERØY I NORDLAND,18,Nordland,66.1008,12.157333,8,Helgeland til Bodø,
22,2023,20595,Kyrholmen S,ikke-medikamentell,,,,,,deler av lokaliteten,4625,AUSTEVOLL,46,Vestland,60.161583,5.207633,3,Karmøy til Sotra,
22,2023,34257,Lekafjorden II,ikke-medikamentell,,,,,,deler av lokaliteten,5052,LEKA,50,Trøndelag,65.07878,11.724033,7,Nord-Trøndelag med Bindal,
22,2023,10232,Mannbruholmen,medikamentell,fôrbehandling,Emamectin benzoat,,,,deler av lokaliteten,5014,FRØYA,50,Trøndelag,63.8473,8.53675,6,Nordmøre og Sør-Trøndelag,
22,2023,31637,Melkøya,ikke-medikamentell,,,,,,deler av lokaliteten,1818,HERØY I NORDLAND,18,Nordland,66.08141,12.2005,8,Helgeland til Bodø,
22,2023,34277,Mikkelsøya,ikke-medikamentell,,,,,,hele lokaliteten,1867,BØ I NORDLAND,18,Nordland,68.65618,14.729933,9,Vestfjorden og Vesterålen,
22,2023,10213,Naustneset,ikke-medikamentell,,,,,,deler av lokaliteten,1557,GJEMNES,15,Møre og Romsdal,62.9424,8.0756,6,Nordmøre og Sør-Trøndelag,
22,2023,11611,Naveide,ikke-medikamentell,,,,,,deler av lokaliteten,4625,AUSTEVOLL,46,Vestland,60.1386,5.110533,3,Karmøy til Sotra,
22,2023,15659,Nøklan,ikke-medikamentell,,,,,,deler av lokaliteten,5429,KVÆNANGEN,54,Troms og Finnmark,69.907684,21.8331,11,Kvaløya til Loppa,
22,2023,11129,Nordfugløy,medikamentell,fôrbehandling,Emamectin benzoat,,,,hele lokaliteten,1838,GILDESKÅL,18,Nordland,67.083916,13.85685,8,Helgeland til Bodø,
22,2023,11129,Nordfugløy,medikamentell,fôrbehandling,Emamectin benzoat,,,,hele lokaliteten,1838,GILDESKÅL,18,Nordland,67.083916,13.85685,8,Helgeland til Bodø,
22,2023,27055,Oddane,ikke-medikamentell,,,,,,deler av lokaliteten,4602,KINN,46,Vestland,61.540367,4.968933,4,Nordhordaland til Stadt,
22,2023,15403,Olderøy,ikke-medikamentell,,,,,,hele lokaliteten,4636,SOLUND,46,Vestland,61.10195,4.711383,4,Nordhordaland til Stadt,
22,2023,10893,Rensøya N,ikke-medikamentell,,,,,,deler av lokaliteten,1835,TRÆNA,18,Nordland,66.50412,12.07285,8,Helgeland til Bodø,
22,2023,12209,Rønstad,ikke-medikamentell,,,,,,hele lokaliteten,1577,VOLDA,15,Møre og Romsdal,62.135117,6.021433,5,Stadt til Hustadvika,
22,2023,11770,Rotøy,ikke-medikamentell,,,,,,deler av lokaliteten,4626,ØYGARDEN,46,Vestland,60.68285,4.759833,4,Nordhordaland til Stadt,
22,2023,31677,Sandholmane,ikke-medikamentell,,,,,,deler av lokaliteten,1547,AUKRA,15,Møre og Romsdal,62.79658,6.67125,5,Stadt til Hustadvika,
22,2023,35417,Sandøya,ikke-medikamentell,,,,,,deler av lokaliteten,1848,STEIGEN,18,Nordland,67.7382,14.75345,9,Vestfjorden og Vesterålen,
22,2023,12048,Skiftesneset N,medikamentell,badebehandling,Azamethiphos,,,,deler av lokaliteten,4624,BJØRNAFJORDEN,46,Vestland,60.07472,5.736783,3,Karmøy til Sotra,
22,2023,11640,Skorpeosen,medikamentell,fôrbehandling,Emamectin benzoat,,,,deler av lokaliteten,4626,ØYGARDEN,46,Vestland,60.332466,4.9421,3,Karmøy til Sotra,
22,2023,32877,Skorpo,medikamentell,badebehandling,Azamethiphos,,,,deler av lokaliteten,4624,BJØRNAFJORDEN,46,Vestland,60.173317,5.293683,3,Karmøy til Sotra,
22,2023,25896,Skorpo,ikke-medikamentell,,,,,,deler av lokaliteten,4616,TYSNES,46,Vestland,59.875767,5.638817,3,Karmøy til Sotra,
22,2023,32877,Skorpo,ikke-medikamentell,,,,,,deler av lokaliteten,4624,BJØRNAFJORDEN,46,Vestland,60.173317,5.293683,3,Karmøy til Sotra,
22,2023,12108,Skorpo Nv,ikke-medikamentell,,,,,,deler av lokaliteten,4617,KVINNHERAD,46,Vestland,59.95323,5.827133,3,Karmøy til Sotra,
22,2023,12705,Skrosen,ikke-medikamentell,,,,,,deler av lokaliteten,5052,LEKA,50,Trøndelag,65.122986,11.674517,7,Nord-Trøndelag med Bindal,
22,2023,24456,Slettholmene,medikamentell,fôrbehandling,Emamectin benzoat,,,,hele lokaliteten,5014,FRØYA,50,Trøndelag,63.88,8.559183,6,Nordmøre og Sør-Trøndelag,
22,2023,27436,Solværet,ikke-medikamentell,,,,,,deler av lokaliteten,1573,SMØLA,15,Møre og Romsdal,63.255,7.856933,6,Nordmøre og Sør-Trøndelag,
22,2023,38297,Sør Gåsvær,medikamentell,fôrbehandling,Emamectin benzoat,,,,hele lokaliteten,1818,HERØY I NORDLAND,18,Nordland,66.03118,12.02305,8,Helgeland til Bodø,
22,2023,10974,Store Bukkøy N,ikke-medikamentell,,,,,,deler av lokaliteten,1834,LURØY,18,Nordland,66.40072,12.4117,8,Helgeland til Bodø,
22,2023,36100,Suholmen,ikke-medikamentell,,,,,,deler av lokaliteten,1573,SMØLA,15,Møre og Romsdal,63.494934,8.02235,6,Nordmøre og Sør-Trøndelag,
22,2023,16165,Tårnvika,ikke-medikamentell,,,,,,deler av lokaliteten,1804,BODØ,18,Nordland,67.572815,15.128683,9,Vestfjorden og Vesterålen,
22,2023,21755,Tendalsvik,medikamentell,fôrbehandling,Emamectin benzoat,,,,hele lokaliteten,4611,ETNE,46,Vestland,59.736465,5.885317,3,Karmøy til Sotra,
22,2023,13644,Tepstad,ikke-medikamentell,,,,,,deler av lokaliteten,4630,OSTERØY,46,Vestland,60.5549,5.381767,4,Nordhordaland til Stadt,
22,2023,35517,Vadholmen,medikamentell,fôrbehandling,Teflubenzuron,,,,hele lokaliteten,4626,ØYGARDEN,46,Vestland,60.695,4.761117,4,Nordhordaland til Stadt,
22,2023,36337,Vardskjæret S,ikke-medikamentell,,,,,,deler av lokaliteten,1834,LURØY,18,Nordland,66.350266,12.469867,8,Helgeland til Bodø,
22,2023,36317,Varholmen,medikamentell,fôrbehandling,Emamectin benzoat,,,,deler av lokaliteten,1813,BRØNNØY,18,Nordland,65.54652,12.127967,8,Helgeland til Bodø,
22,2023,11303,Veggfjell,medikamentell,fôrbehandling,Annet virkestoff,,,,hele lokaliteten,1875,HAMARØY,18,Nordland,67.96265,15.808267,9,Vestfjorden og Vesterålen,
22,2023,13246,Voldnes,ikke-medikamentell,,,,,,deler av lokaliteten,1515,HERØY I MØRE OG ROMSDAL,15,Møre og Romsdal,62.2097,5.7849,5,Stadt til Hustadvika,
22,2023,45135,Voravika,medikamentell,fôrbehandling,Emamectin benzoat,,,,deler av lokaliteten,1514,SANDE I MØRE OG ROMSDAL,15,Møre og Romsdal,62.229916,5.49525,5,Stadt til Hustadvika,
21,2023,13563,Angelskår,ikke-medikamentell,,,,,,deler av lokaliteten,4630,OSTERØY,46,Vestland,60.523335,5.352617,4,Nordhordaland til Stadt,
21,2023,35797,Årsetfjorden,ikke-medikamentell,,,,,,deler av lokaliteten,5060,NÆRØYSUND,50,Trøndelag,65.00819,11.746417,7,Nord-Trøndelag med Bindal,
21,2023,13341,Bakjestranda,ikke-medikamentell,,,,,,hele lokaliteten,4648,BREMANGER,46,Vestland,61.82025,4.940267,4,Nordhordaland til Stadt,
21,2023,12095,Bergadalen,medikamentell,badebehandling,Azamethiphos,,,,hele lokaliteten,4622,KVAM,46,Vestland,60.1216,5.908883,3,Karmøy til Sotra,
21,2023,12178,Bjønnspjotneset,medikamentell,fôrbehandling,Emamectin benzoat,,,,deler av lokaliteten,4638,HØYANGER,46,Vestland,61.098083,5.82545,4,Nordhordaland til Stadt,
21,2023,45072,Bleket,medikamentell,fôrbehandling,Teflubenzuron,,,,hele lokaliteten,4602,KINN,46,Vestland,61.911667,5.092217,4,Nordhordaland til Stadt,
21,2023,11754,Bøøy,ikke-medikamentell,,,,,,hele lokaliteten,4631,ALVER,46,Vestland,60.727882,4.8641,4,Nordhordaland til Stadt,
21,2023,11015,Brattholmen,medikamentell,fôrbehandling,Emamectin benzoat,,,,hele lokaliteten,1818,HERØY I NORDLAND,18,Nordland,65.90735,12.220967,8,Helgeland til Bodø,
21,2023,12361,Bukkholmen S,ikke-medikamentell,,,,,,deler av lokaliteten,5014,FRØYA,50,Trøndelag,63.72378,8.8621,6,Nordmøre og Sør-Trøndelag,
21,2023,22035,Buktodden Nø,ikke-medikamentell,,,,,,deler av lokaliteten,1833,RANA,18,Nordland,66.30817,13.432333,8,Helgeland til Bodø,
21,2023,11644,Duesund,ikke-medikamentell,,,,,,deler av lokaliteten,4634,MASFJORDEN,46,Vestland,60.807835,5.2946,4,Nordhordaland til Stadt,
21,2023,21415,Dyrholmen,ikke-medikamentell,,,,,,deler av lokaliteten,1103,STAVANGER,11,Rogaland,59.285484,5.8583,2,Ryfylke,
21,2023,13241,Endal Vest,medikamentell,badebehandling,Annet virkestoff,,,,deler av lokaliteten,4648,BREMANGER,46,Vestland,61.909832,5.464267,4,Nordhordaland til Stadt,
21,2023,31157,Fiksneset,ikke-medikamentell,,,,,,hele lokaliteten,4626,ØYGARDEN,46,Vestland,60.176884,5.124833,3,Karmøy til Sotra,
21,2023,11833,Flåtegrunnen,ikke-medikamentell,,,,,,hele lokaliteten,4602,KINN,46,Vestland,61.57565,4.80805,4,Nordhordaland til Stadt,
21,2023,10317,Garvik,ikke-medikamentell,,,,,,hele lokaliteten,4645,ASKVOLL,46,Vestland,61.31663,4.979333,4,Nordhordaland til Stadt,
21,2023,11530,Gissøysundet S,ikke-medikamentell,,,,,,deler av lokaliteten,4613,BØMLO,46,Vestland,59.623585,5.160067,3,Karmøy til Sotra,
21,2023,19995,Hagahammaren,ikke-medikamentell,,,,,,deler av lokaliteten,1576,AURE,15,Møre og Romsdal,63.137917,8.0306,6,Nordmøre og Sør-Trøndelag,
21,2023,11318,Hallvardøy,ikke-medikamentell,,,,,,deler av lokaliteten,1851,LØDINGEN,18,Nordland,68.37497,15.317333,9,Vestfjorden og Vesterålen,
21,2023,12895,Halsbukta,ikke-medikamentell,,,,,,deler av lokaliteten,1560,TINGVOLL,15,Møre og Romsdal,63.077866,8.143283,6,Nordmøre og Sør-Trøndelag,
21,2023,11740,Haverøy,medikamentell,fôrbehandling,Emamectin benzoat,,,,deler av lokaliteten,4626,ØYGARDEN,46,Vestland,60.404766,4.93995,3,Karmøy til Sotra,
21,2023,30897,Havsundet,ikke-medikamentell,,,,,,deler av lokaliteten,5057,ØRLAND,50,Trøndelag,63.79933,9.440483,6,Nordmøre og Sør-Trøndelag,
21,2023,11783,Hella,medikamentell,fôrbehandling,Emamectin benzoat,,,,hele lokaliteten,4645,ASKVOLL,46,Vestland,61.40663,5.080817,4,Nordhordaland til Stadt,
21,2023,14679,Hellfjorden,ikke-medikamentell,,,,,,deler av lokaliteten,1867,BØ I NORDLAND,18,Nordland,68.668365,14.8005,9,Vestfjorden og Vesterålen,
21,2023,12036,Hisdalen,medikamentell,fôrbehandling,Diflubenzuron,,,,hele lokaliteten,4617,KVINNHERAD,46,Vestland,60.126118,5.9305,3,Karmøy til Sotra,
21,2023,32417,Hjartholmosen,ikke-medikamentell,,,,,,hele lokaliteten,4625,AUSTEVOLL,46,Vestland,60.00458,5.2287,3,Karmøy til Sotra,
21,2023,12035,Hondskår,medikamentell,fôrbehandling,Diflubenzuron,,,,hele lokaliteten,4617,KVINNHERAD,46,Vestland,60.10687,5.939133,3,Karmøy til Sotra,
21,2023,12035,Hondskår,medikamentell,fôrbehandling,Diflubenzuron,,,,hele lokaliteten,4617,KVINNHERAD,46,Vestland,60.10687,5.939133,3,Karmøy til Sotra,
21,2023,26495,Jevik,medikamentell,fôrbehandling,Emamectin benzoat,,,,deler av lokaliteten,1806,NARVIK,18,Nordland,68.412636,16.526934,9,Vestfjorden og Vesterålen,
21,2023,11913,Kjeahola,ikke-medikamentell,,,,,,deler av lokaliteten,1103,STAVANGER,11,Rogaland,59.2933,6.0729,2,Ryfylke,
21,2023,12215,Kleppeneset,medikamentell,fôrbehandling,Diflubenzuron,,,,hele lokaliteten,4650,GLOPPEN,46,Vestland,61.785934,5.977233,4,Nordhordaland til Stadt,
21,2023,11534,Klungsholmen,ikke-medikamentell,,,,,,deler av lokaliteten,4613,BØMLO,46,Vestland,59.596783,5.161567,3,Karmøy til Sotra,
21,2023,11201,Kolvikodden Ø,ikke-medikamentell,,,,,,deler av lokaliteten,1860,VESTVÅGØY,18,Nordland,68.088165,13.68965,9,Vestfjorden og Vesterålen,
21,2023,45002,Korsvika,ikke-medikamentell,,,,,,deler av lokaliteten,1834,LURØY,18,Nordland,66.57847,12.691067,8,Helgeland til Bodø,
21,2023,11074,Kvalvika,ikke-medikamentell,,,,,,hele lokaliteten,1836,RØDØY,18,Nordland,66.66908,13.391633,8,Helgeland til Bodø,
21,2023,39197,Kverhelleskjeret,ikke-medikamentell,,,,,,hele lokaliteten,4636,SOLUND,46,Vestland,60.99405,4.69375,4,Nordhordaland til Stadt,
21,2023,11714,Kvernhusvika,medikamentell,fôrbehandling,Emamectin benzoat,,,,hele lokaliteten,4636,SOLUND,46,Vestland,61.0675,4.94345,4,Nordhordaland til Stadt,
21,2023,15460,Laholmen,ikke-medikamentell,,,,,,hele lokaliteten,5435,NORDKAPP,54,Troms og Finnmark,70.89355,25.55705,12,Vest-Finnmark,
21,2023,12993,Lamøya,ikke-medikamentell,,,,,,deler av lokaliteten,5014,FRØYA,50,Trøndelag,63.73305,8.854983,6,Nordmøre og Sør-Trøndelag,
21,2023,12870,Leite,ikke-medikamentell,,,,,,deler av lokaliteten,1554,AVERØY,15,Møre og Romsdal,63.035767,7.677383,6,Nordmøre og Sør-Trøndelag,
21,2023,12212,Lindeneset,medikamentell,fôrbehandling,Diflubenzuron,,,,hele lokaliteten,4650,GLOPPEN,46,Vestland,61.80282,5.979733,4,Nordhordaland til Stadt,
21,2023,14435,Ljøsøy N,ikke-medikamentell,,,,,,deler av lokaliteten,4626,ØYGARDEN,46,Vestland,60.565132,4.878417,4,Nordhordaland til Stadt,
21,2023,12047,Mjåneset,ikke-medikamentell,,,,,,deler av lokaliteten,4624,BJØRNAFJORDEN,46,Vestland,60.177216,5.72195,3,Karmøy til Sotra,
21,2023,23816,Nordbotnet,medikamentell,badebehandling,Annet virkestoff,,,,deler av lokaliteten,1828,NESNA,18,Nordland,66.25612,12.8942,8,Helgeland til Bodø,
21,2023,13020,Nygård,ikke-medikamentell,,,,,,deler av lokaliteten,4623,SAMNANGER,46,Vestland,60.358067,5.683283,3,Karmøy til Sotra,
21,2023,31697,Oksen,medikamentell,fôrbehandling,Emamectin benzoat,,,,deler av lokaliteten,4626,ØYGARDEN,46,Vestland,60.43418,4.94065,3,Karmøy til Sotra,
21,2023,10136,Onarøy,ikke-medikamentell,,,,,,hele lokaliteten,4616,TYSNES,46,Vestland,59.95335,5.669683,3,Karmøy til Sotra,
21,2023,11205,Oterholmen I,ikke-medikamentell,,,,,,deler av lokaliteten,1860,VESTVÅGØY,18,Nordland,68.092636,13.634483,9,Vestfjorden og Vesterålen,
21,2023,11738,Otterholmen,ikke-medikamentell,,,,,,hele lokaliteten,4631,ALVER,46,Vestland,60.686417,4.908683,4,Nordhordaland til Stadt,
21,2023,31777,Reinvika,ikke-medikamentell,,,,,,hele lokaliteten,1845,SØRFOLD,18,Nordland,67.60568,15.368483,9,Vestfjorden og Vesterålen,
21,2023,10893,Rensøya N,ikke-medikamentell,,,,,,deler av lokaliteten,1835,TRÆNA,18,Nordland,66.50412,12.07285,8,Helgeland til Bodø,
21,2023,12018,Rossholmen,medikamentell,badebehandling,Annet virkestoff,,,,hele lokaliteten,4622,KVAM,46,Vestland,60.394684,6.274833,3,Karmøy til Sotra,
21,2023,18898,Skaftå,ikke-medikamentell,,,,,,deler av lokaliteten,4630,OSTERØY,46,Vestland,60.458084,5.631333,4,Nordhordaland til Stadt,
21,2023,12048,Skiftesneset N,medikamentell,badebehandling,Azamethiphos,,,,deler av lokaliteten,4624,BJØRNAFJORDEN,46,Vestland,60.07472,5.736783,3,Karmøy til Sotra,
21,2023,12048,Skiftesneset N,ikke-medikamentell,,,,,,deler av lokaliteten,4624,BJØRNAFJORDEN,46,Vestland,60.07472,5.736783,3,Karmøy til Sotra,
21,2023,11966,Skigelstrand,ikke-medikamentell,,,,,,hele lokaliteten,1160,VINDAFJORD,11,Rogaland,59.494118,5.846567,2,Ryfylke,
21,2023,11334,Skjærvika,ikke-medikamentell,,,,,,deler av lokaliteten,5414,GRATANGEN,54,Troms og Finnmark,68.73206,17.226067,10,Andøya til Senja,
21,2023,20115,Skjerholmen N,medikamentell,badebehandling,Azamethiphos,,,,deler av lokaliteten,4626,ØYGARDEN,46,Vestland,60.249966,5.174483,3,Karmøy til Sotra,
21,2023,32877,Skorpo,ikke-medikamentell,,,,,,deler av lokaliteten,4624,BJØRNAFJORDEN,46,Vestland,60.173317,5.293683,3,Karmøy til Sotra,
21,2023,12108,Skorpo Nv,ikke-medikamentell,,,,,,deler av lokaliteten,4617,KVINNHERAD,46,Vestland,59.95323,5.827133,3,Karmøy til Sotra,
21,2023,38577,Skreda,ikke-medikamentell,,,,,,deler av lokaliteten,4636,SOLUND,46,Vestland,61.14635,5.08115,4,Nordhordaland til Stadt,
21,2023,12705,Skrosen,ikke-medikamentell,,,,,,deler av lokaliteten,5052,LEKA,50,Trøndelag,65.122986,11.674517,7,Nord-Trøndelag med Bindal,
21,2023,31117,Skrubbo,ikke-medikamentell,,,,,,deler av lokaliteten,4624,BJØRNAFJORDEN,46,Vestland,60.15632,5.713217,3,Karmøy til Sotra,
21,2023,35337,Småvær,ikke-medikamentell,,,,,,deler av lokaliteten,5401,TROMSØ,54,Troms og Finnmark,69.896866,18.486267,11,Kvaløya til Loppa,
21,2023,27476,Solheim,ikke-medikamentell,,,,,,deler av lokaliteten,5423,KARLSØY,54,Troms og Finnmark,69.83117,19.52035,11,Kvaløya til Loppa,
21,2023,38297,Sør Gåsvær,medikamentell,fôrbehandling,Emamectin benzoat,,,,hele lokaliteten,1818,HERØY I NORDLAND,18,Nordland,66.03118,12.02305,8,Helgeland til Bodø,
21,2023,22335,Storvika,ikke-medikamentell,,,,,,deler av lokaliteten,1579,HUSTADVIKA,15,Møre og Romsdal,62.8021,6.977733,5,Stadt til Hustadvika,
21,2023,29376,Sundsøy,medikamentell,fôrbehandling,Emamectin benzoat,,,,hele lokaliteten,1827,DØNNA,18,Nordland,66.17637,12.770283,8,Helgeland til Bodø,
21,2023,11776,Sveholmane,ikke-medikamentell,,,,,,deler av lokaliteten,4602,KINN,46,Vestland,61.557716,5.215333,4,Nordhordaland til Stadt,
21,2023,13644,Tepstad,ikke-medikamentell,,,,,,deler av lokaliteten,4630,OSTERØY,46,Vestland,60.5549,5.381767,4,Nordhordaland til Stadt,
21,2023,32717,Tranøya N,medikamentell,fôrbehandling,Emamectin benzoat,,,,hele lokaliteten,5057,ØRLAND,50,Trøndelag,63.87185,9.76985,6,Nordmøre og Sør-Trøndelag,
21,2023,17077,Trettevik,ikke-medikamentell,,,,,,deler av lokaliteten,5421,SENJA,54,Troms og Finnmark,69.51185,18.022034,10,Andøya til Senja,
21,2023,35517,Vadholmen,medikamentell,fôrbehandling,Teflubenzuron,,,,hele lokaliteten,4626,ØYGARDEN,46,Vestland,60.695,4.761117,4,Nordhordaland til Stadt,
21,2023,31557,Valøyan,medikamentell,fôrbehandling,Emamectin benzoat,,,,hele lokaliteten,5014,FRØYA,50,Trøndelag,63.81835,8.463817,6,Nordmøre og Sør-Trøndelag,
21,2023,36337,Vardskjæret S,ikke-medikamentell,,,,,,deler av lokaliteten,1834,LURØY,18,Nordland,66.350266,12.469867,8,Helgeland til Bodø,
21,2023,11303,Veggfjell,medikamentell,fôrbehandling,Annet virkestoff,,,,hele lokaliteten,1875,HAMARØY,18,Nordland,67.96265,15.808267,9,Vestfjorden og Vesterålen,
21,2023,45135,Voravika,medikamentell,badebehandling,Azamethiphos,,,,deler av lokaliteten,1514,SANDE I MØRE OG ROMSDAL,15,Møre og Romsdal,62.229916,5.49525,5,Stadt til Hustadvika,
21,2023,45135,Voravika,medikamentell,fôrbehandling,Emamectin benzoat,,,,deler av lokaliteten,1514,SANDE I MØRE OG ROMSDAL,15,Møre og Romsdal,62.229916,5.49525,5,Stadt til Hustadvika,
20,2023,12988,Aukrasanden,ikke-medikamentell,,,,,,deler av lokaliteten,1547,AUKRA,15,Møre og Romsdal,62.783417,6.92605,5,Stadt til Hustadvika,
20,2023,45072,Bleket,medikamentell,fôrbehandling,Teflubenzuron,,,,hele lokaliteten,4602,KINN,46,Vestland,61.911667,5.092217,4,Nordhordaland til Stadt,
20,2023,12156,Blom,ikke-medikamentell,,,,,,deler av lokaliteten,4630,OSTERØY,46,Vestland,60.436516,5.56465,4,Nordhordaland til Stadt,
20,2023,10212,Bogen,ikke-medikamentell,,,,,,deler av lokaliteten,1505,KRISTIANSUND,15,Møre og Romsdal,63.076782,7.9046,6,Nordmøre og Sør-Trøndelag,
20,2023,15796,Borgarliflot,medikamentell,badebehandling,Azamethiphos,,,,hele lokaliteten,1134,SULDAL,11,Rogaland,59.3892,5.924733,2,Ryfylke,
20,2023,28336,Breivika,medikamentell,badebehandling,Annet virkestoff,,,,deler av lokaliteten,1827,DØNNA,18,Nordland,66.1609,12.68205,8,Helgeland til Bodø,
20,2023,13841,Brunsvik,ikke-medikamentell,,,,,,deler av lokaliteten,4602,KINN,46,Vestland,61.910183,5.29085,4,Nordhordaland til Stadt,
20,2023,11543,Buholmen,ikke-medikamentell,,,,,,deler av lokaliteten,4625,AUSTEVOLL,46,Vestland,60.020466,5.080083,3,Karmøy til Sotra,
20,2023,12361,Bukkholmen S,ikke-medikamentell,,,,,,deler av lokaliteten,5014,FRØYA,50,Trøndelag,63.72378,8.8621,6,Nordmøre og Sør-Trøndelag,
20,2023,14799,Djupestallen,ikke-medikamentell,,,,,,deler av lokaliteten,4616,TYSNES,46,Vestland,60.058968,5.452733,3,Karmøy til Sotra,
20,2023,21415,Dyrholmen,ikke-medikamentell,,,,,,deler av lokaliteten,1103,STAVANGER,11,Rogaland,59.285484,5.8583,2,Ryfylke,
20,2023,16939,Fornes,ikke-medikamentell,,,,,,hele lokaliteten,1851,LØDINGEN,18,Nordland,68.410484,15.435433,9,Vestfjorden og Vesterålen,
20,2023,13669,Furneset,ikke-medikamentell,,,,,,deler av lokaliteten,1535,VESTNES,15,Møre og Romsdal,62.6461,7.101183,5,Stadt til Hustadvika,
20,2023,11530,Gissøysundet S,ikke-medikamentell,,,,,,hele lokaliteten,4613,BØMLO,46,Vestland,59.623585,5.160067,3,Karmøy til Sotra,
20,2023,10324,Gjerdeviksflua,medikamentell,fôrbehandling,Diflubenzuron,,,,hele lokaliteten,4624,BJØRNAFJORDEN,46,Vestland,60.223267,5.64105,3,Karmøy til Sotra,
20,2023,17177,Grunneneset,medikamentell,badebehandling,Annet virkestoff,,,,deler av lokaliteten,4648,BREMANGER,46,Vestland,61.89445,5.34815,4,Nordhordaland til Stadt,
20,2023,14035,Guleskjeret,ikke-medikamentell,,,,,,deler av lokaliteten,4636,SOLUND,46,Vestland,61.041134,4.79225,4,Nordhordaland til Stadt,
20,2023,19995,Hagahammaren,ikke-medikamentell,,,,,,deler av lokaliteten,1576,AURE,15,Møre og Romsdal,63.137917,8.0306,6,Nordmøre og Sør-Trøndelag,
20,2023,11318,Hallvardøy,ikke-medikamentell,,,,,,deler av lokaliteten,1851,LØDINGEN,18,Nordland,68.37497,15.317333,9,Vestfjorden og Vesterålen,
20,2023,18639,Halsavika,medikamentell,badebehandling,Azamethiphos,,,,deler av lokaliteten,1146,TYSVÆR,11,Rogaland,59.39232,5.883333,2,Ryfylke,
20,2023,11740,Haverøy,medikamentell,fôrbehandling,Emamectin benzoat,,,,deler av lokaliteten,4626,ØYGARDEN,46,Vestland,60.404766,4.93995,3,Karmøy til Sotra,
20,2023,11783,Hella,medikamentell,fôrbehandling,Emamectin benzoat,,,,hele lokaliteten,4645,ASKVOLL,46,Vestland,61.40663,5.080817,4,Nordhordaland til Stadt,
20,2023,11920,Herøy,medikamentell,badebehandling,Azamethiphos,,,,deler av lokaliteten,1160,VINDAFJORD,11,Rogaland,59.46635,6.0258,2,Ryfylke,
20,2023,10300,Hillersvik,medikamentell,fôrbehandling,Diflubenzuron,,,,hele lokaliteten,4612,SVEIO,46,Vestland,59.6084,5.311917,3,Karmøy til Sotra,
20,2023,12036,Hisdalen,medikamentell,fôrbehandling,Diflubenzuron,,,,hele lokaliteten,4617,KVINNHERAD,46,Vestland,60.126118,5.9305,3,Karmøy til Sotra,
20,2023,12035,Hondskår,medikamentell,fôrbehandling,Diflubenzuron,,,,hele lokaliteten,4617,KVINNHERAD,46,Vestland,60.10687,5.939133,3,Karmøy til Sotra,
20,2023,12035,Hondskår,medikamentell,fôrbehandling,Diflubenzuron,,,,hele lokaliteten,4617,KVINNHERAD,46,Vestland,60.10687,5.939133,3,Karmøy til Sotra,
20,2023,39437,Hovden,medikamentell,fôrbehandling,Emamectin benzoat,,,,hele lokaliteten,4602,KINN,46,Vestland,61.707684,4.911383,4,Nordhordaland til Stadt,
20,2023,10876,Istervika,ikke-medikamentell,,,,,,deler av lokaliteten,1813,BRØNNØY,18,Nordland,65.446884,12.56175,8,Helgeland til Bodø,
20,2023,26495,Jevik,medikamentell,fôrbehandling,Emamectin benzoat,,,,hele lokaliteten,1806,NARVIK,18,Nordland,68.412636,16.526934,9,Vestfjorden og Vesterålen,
20,2023,13242,Juvika B,medikamentell,badebehandling,Annet virkestoff,,,,deler av lokaliteten,4648,BREMANGER,46,Vestland,61.895683,5.6331,4,Nordhordaland til Stadt,
20,2023,22915,Kalsøyflu,ikke-medikamentell,,,,,,hele lokaliteten,4625,AUSTEVOLL,46,Vestland,60.03818,5.114417,3,Karmøy til Sotra,
20,2023,27996,Kalvhodet,ikke-medikamentell,,,,,,hele lokaliteten,1865,VÅGAN,18,Nordland,68.33881,15.236583,9,Vestfjorden og Vesterålen,
20,2023,11689,Kjerringneset,ikke-medikamentell,,,,,,deler av lokaliteten,4635,GULEN,46,Vestland,60.960217,5.107183,4,Nordhordaland til Stadt,
20,2023,12215,Kleppeneset,medikamentell,fôrbehandling,Diflubenzuron,,,,hele lokaliteten,4650,GLOPPEN,46,Vestland,61.785934,5.977233,4,Nordhordaland til Stadt,
20,2023,11763,Knappen,ikke-medikamentell,,,,,,deler av lokaliteten,4626,ØYGARDEN,46,Vestland,60.5735,4.818517,4,Nordhordaland til Stadt,
20,2023,12855,Kornstad,ikke-medikamentell,,,,,,deler av lokaliteten,1554,AVERØY,15,Møre og Romsdal,62.960384,7.45015,6,Nordmøre og Sør-Trøndelag,
20,2023,45002,Korsvika,ikke-medikamentell,,,,,,deler av lokaliteten,1834,LURØY,18,Nordland,66.57847,12.691067,8,Helgeland til Bodø,
20,2023,11809,Krabbestig,medikamentell,badebehandling,Azamethiphos,,,,deler av lokaliteten,4602,KINN,46,Vestland,61.894566,5.0616,4,Nordhordaland til Stadt,
20,2023,11074,Kvalvika,ikke-medikamentell,,,,,,deler av lokaliteten,1836,RØDØY,18,Nordland,66.66908,13.391633,8,Helgeland til Bodø,
20,2023,11803,Kyravika,ikke-medikamentell,,,,,,deler av lokaliteten,4646,FJALER,46,Vestland,61.31722,5.160283,4,Nordhordaland til Stadt,
20,2023,11928,Langavika,medikamentell,fôrbehandling,Emamectin benzoat,,,,deler av lokaliteten,1103,STAVANGER,11,Rogaland,59.230766,6.004483,2,Ryfylke,
20,2023,26295,Langøy,ikke-medikamentell,,,,,,hele lokaliteten,4631,ALVER,46,Vestland,60.77947,5.16,4,Nordhordaland til Stadt,
20,2023,10990,Lille Åsvær,ikke-medikamentell,,,,,,hele lokaliteten,1827,DØNNA,18,Nordland,66.22887,12.312267,8,Helgeland til Bodø,
20,2023,12212,Lindeneset,medikamentell,fôrbehandling,Diflubenzuron,,,,hele lokaliteten,4650,GLOPPEN,46,Vestland,61.80282,5.979733,4,Nordhordaland til Stadt,
20,2023,12966,Lindvik,medikamentell,fôrbehandling,Emamectin benzoat,,,,deler av lokaliteten,1160,VINDAFJORD,11,Rogaland,59.474068,5.976433,2,Ryfylke,
20,2023,28996,Loddetå,ikke-medikamentell,,,,,,deler av lokaliteten,4612,SVEIO,46,Vestland,59.691784,5.543717,3,Karmøy til Sotra,
20,2023,21915,Matløyso,ikke-medikamentell,,,,,,deler av lokaliteten,4615,FITJAR,46,Vestland,59.952084,5.284933,3,Karmøy til Sotra,
20,2023,13541,Midtflua,ikke-medikamentell,,,,,,deler av lokaliteten,4616,TYSNES,46,Vestland,60.076633,5.467067,3,Karmøy til Sotra,
20,2023,10877,Mortenøy,ikke-medikamentell,,,,,,hele lokaliteten,1813,BRØNNØY,18,Nordland,65.45723,12.549733,8,Helgeland til Bodø,
20,2023,23816,Nordbotnet,medikamentell,badebehandling,Annet virkestoff,,,,deler av lokaliteten,1828,NESNA,18,Nordland,66.25612,12.8942,8,Helgeland til Bodø,
20,2023,31697,Oksen,medikamentell,fôrbehandling,Emamectin benzoat,,,,hele lokaliteten,4626,ØYGARDEN,46,Vestland,60.43418,4.94065,3,Karmøy til Sotra,
20,2023,10149,Rafdal,ikke-medikamentell,,,,,,hele lokaliteten,4611,ETNE,46,Vestland,59.790085,6.17615,3,Karmøy til Sotra,
20,2023,12281,Rogne,medikamentell,fôrbehandling,Emamectin benzoat,,,,hele lokaliteten,1507,ÅLESUND,15,Møre og Romsdal,62.66965,6.356833,5,Stadt til Hustadvika,
20,2023,31677,Sandholmane,ikke-medikamentell,,,,,,deler av lokaliteten,1547,AUKRA,15,Møre og Romsdal,62.79658,6.67125,5,Stadt til Hustadvika,
20,2023,13243,Sandvika,ikke-medikamentell,,,,,,deler av lokaliteten,1577,VOLDA,15,Møre og Romsdal,62.195667,5.904417,5,Stadt til Hustadvika,
20,2023,34117,Skåtholmen,ikke-medikamentell,,,,,,deler av lokaliteten,4624,BJØRNAFJORDEN,46,Vestland,60.17177,5.563633,3,Karmøy til Sotra,
20,2023,20115,Skjerholmen N,medikamentell,badebehandling,Azamethiphos,,,,deler av lokaliteten,4626,ØYGARDEN,46,Vestland,60.249966,5.174483,3,Karmøy til Sotra,
20,2023,33157,Skogsholmen,ikke-medikamentell,,,,,,deler av lokaliteten,1815,VEGA,18,Nordland,65.83141,12.070533,8,Helgeland til Bodø,
20,2023,25896,Skorpo,ikke-medikamentell,,,,,,deler av lokaliteten,4616,TYSNES,46,Vestland,59.875767,5.638817,3,Karmøy til Sotra,
20,2023,12712,Slokkholmen Ø,ikke-medikamentell,,,,,,deler av lokaliteten,5052,LEKA,50,Trøndelag,65.03989,11.4847,7,Nord-Trøndelag med Bindal,
20,2023,35337,Småvær,ikke-medikamentell,,,,,,deler av lokaliteten,5401,TROMSØ,54,Troms og Finnmark,69.896866,18.486267,11,Kvaløya til Loppa,
20,2023,11144,Svinvær,ikke-medikamentell,,,,,,deler av lokaliteten,1836,RØDØY,18,Nordland,66.769485,13.171383,8,Helgeland til Bodø,
20,2023,25815,Tittelsnes,ikke-medikamentell,,,,,,deler av lokaliteten,4612,SVEIO,46,Vestland,59.72365,5.534383,3,Karmøy til Sotra,
20,2023,31497,Toska N,ikke-medikamentell,,,,,,hele lokaliteten,4631,ALVER,46,Vestland,60.66987,4.9172,4,Nordhordaland til Stadt,
20,2023,29336,Trælsøyosen,ikke-medikamentell,,,,,,deler av lokaliteten,4625,AUSTEVOLL,46,Vestland,60.1178,5.2702,3,Karmøy til Sotra,
20,2023,24135,Utåker,medikamentell,fôrbehandling,Emamectin benzoat,,,,deler av lokaliteten,4617,KVINNHERAD,46,Vestland,59.77833,5.9024,3,Karmøy til Sotra,
20,2023,31557,Valøyan,medikamentell,fôrbehandling,Emamectin benzoat,,,,hele lokaliteten,5014,FRØYA,50,Trøndelag,63.81835,8.463817,6,Nordmøre og Sør-Trøndelag,
20,2023,11303,Veggfjell,medikamentell,fôrbehandling,Annet virkestoff,,,,hele lokaliteten,1875,HAMARØY,18,Nordland,67.96265,15.808267,9,Vestfjorden og Vesterålen,
20,2023,11925,Vintraviki,ikke-medikamentell,,,,,,deler av lokaliteten,1134,SULDAL,11,Rogaland,59.399384,6.020533,2,Ryfylke,
20,2023,17495,Vullum,ikke-medikamentell,,,,,,deler av lokaliteten,5055,HEIM,50,Trøndelag,63.04965,8.2162,6,Nordmøre og Sør-Trøndelag,
19,2023,10331,Åkre,ikke-medikamentell,,,,,,deler av lokaliteten,4617,KVINNHERAD,46,Vestland,60.11283,6.044717,3,Karmøy til Sotra,
19,2023,30156,Anevik,ikke-medikamentell,,,,,,deler av lokaliteten,1848,STEIGEN,18,Nordland,68.00592,15.264333,9,Vestfjorden og Vesterålen,
19,2023,13563,Angelskår,ikke-medikamentell,,,,,,deler av lokaliteten,4630,OSTERØY,46,Vestland,60.523335,5.352617,4,Nordhordaland til Stadt,
19,2023,10212,Bogen,ikke-medikamentell,,,,,,deler av lokaliteten,1505,KRISTIANSUND,15,Møre og Romsdal,63.076782,7.9046,6,Nordmøre og Sør-Trøndelag,
19,2023,28336,Breivika,medikamentell,badebehandling,Annet virkestoff,,,,deler av lokaliteten,1827,DØNNA,18,Nordland,66.1609,12.68205,8,Helgeland til Bodø,
19,2023,32897,Breivika S,medikamentell,badebehandling,Annet virkestoff,,,,deler av lokaliteten,1827,DØNNA,18,Nordland,66.15802,12.682067,8,Helgeland til Bodø,
19,2023,31038,Buarøy,medikamentell,badebehandling,Azamethiphos,,,,deler av lokaliteten,4626,ØYGARDEN,46,Vestland,60.220066,5.21455,3,Karmøy til Sotra,
19,2023,11543,Buholmen,ikke-medikamentell,,,,,,deler av lokaliteten,4625,AUSTEVOLL,46,Vestland,60.020466,5.080083,3,Karmøy til Sotra,
19,2023,14799,Djupestallen,ikke-medikamentell,,,,,,deler av lokaliteten,4616,TYSNES,46,Vestland,60.058968,5.452733,3,Karmøy til Sotra,
19,2023,13870,Eikebærånæ,medikamentell,fôrbehandling,Diflubenzuron,,,,hele lokaliteten,4631,ALVER,46,Vestland,60.563232,5.3535,4,Nordhordaland til Stadt,
19,2023,13870,Eikebærånæ,medikamentell,fôrbehandling,Diflubenzuron,,,,hele lokaliteten,4631,ALVER,46,Vestland,60.563232,5.3535,4,Nordhordaland til Stadt,
19,2023,11814,Furevika,medikamentell,fôrbehandling,Emamectin benzoat,,,,hele lokaliteten,4646,FJALER,46,Vestland,61.305668,5.071783,4,Nordhordaland til Stadt,
19,2023,13669,Furneset,ikke-medikamentell,,,,,,deler av lokaliteten,1535,VESTNES,15,Møre og Romsdal,62.6461,7.101183,5,Stadt til Hustadvika,
19,2023,34357,Gisløy Nø,ikke-medikamentell,,,,,,deler av lokaliteten,1868,ØKSNES,18,Nordland,68.970535,15.264783,9,Vestfjorden og Vesterålen,
19,2023,25695,Gjerde,ikke-medikamentell,,,,,,deler av lokaliteten,1516,ULSTEIN,15,Møre og Romsdal,62.259983,5.929183,5,Stadt til Hustadvika,
19,2023,18639,Halsavika,medikamentell,badebehandling,Azamethiphos,,,,deler av lokaliteten,1146,TYSVÆR,11,Rogaland,59.39232,5.883333,2,Ryfylke,
19,2023,31577,Haneholmen,ikke-medikamentell,,,,,,hele lokaliteten,4650,GLOPPEN,46,Vestland,61.839718,6.10055,4,Nordhordaland til Stadt,
19,2023,30897,Havsundet,ikke-medikamentell,,,,,,deler av lokaliteten,5057,ØRLAND,50,Trøndelag,63.79933,9.440483,6,Nordmøre og Sør-Trøndelag,
19,2023,10300,Hillersvik,medikamentell,fôrbehandling,Diflubenzuron,,,,hele lokaliteten,4612,SVEIO,46,Vestland,59.6084,5.311917,3,Karmøy til Sotra,
19,2023,12036,Hisdalen,medikamentell,fôrbehandling,Diflubenzuron,,,,hele lokaliteten,4617,KVINNHERAD,46,Vestland,60.126118,5.9305,3,Karmøy til Sotra,
19,2023,12035,Hondskår,medikamentell,fôrbehandling,Diflubenzuron,,,,hele lokaliteten,4617,KVINNHERAD,46,Vestland,60.10687,5.939133,3,Karmøy til Sotra,
19,2023,12035,Hondskår,medikamentell,fôrbehandling,Diflubenzuron,,,,hele lokaliteten,4617,KVINNHERAD,46,Vestland,60.10687,5.939133,3,Karmøy til Sotra,
19,2023,32757,Horgefjorden,medikamentell,badebehandling,Azamethiphos,,,,deler av lokaliteten,4625,AUSTEVOLL,46,Vestland,60.100834,5.117067,3,Karmøy til Sotra,
19,2023,10876,Istervika,ikke-medikamentell,,,,,,deler av lokaliteten,1813,BRØNNØY,18,Nordland,65.446884,12.56175,8,Helgeland til Bodø,
19,2023,14245,Jakobsteinsvika,medikamentell,badebehandling,Azamethiphos,,,,deler av lokaliteten,5052,LEKA,50,Trøndelag,65.11265,11.792867,7,Nord-Trøndelag med Bindal,
19,2023,26495,Jevik,medikamentell,fôrbehandling,Emamectin benzoat,,,,hele lokaliteten,1806,NARVIK,18,Nordland,68.412636,16.526934,9,Vestfjorden og Vesterålen,
19,2023,11665,Jibbersholmane,ikke-medikamentell,,,,,,deler av lokaliteten,4631,ALVER,46,Vestland,60.752533,4.884617,4,Nordhordaland til Stadt,
19,2023,11689,Kjerringneset,ikke-medikamentell,,,,,,deler av lokaliteten,4635,GULEN,46,Vestland,60.960217,5.107183,4,Nordhordaland til Stadt,
19,2023,12855,Kornstad,ikke-medikamentell,,,,,,deler av lokaliteten,1554,AVERØY,15,Møre og Romsdal,62.960384,7.45015,6,Nordmøre og Sør-Trøndelag,
19,2023,12239,Kråknes,ikke-medikamentell,,,,,,hele lokaliteten,1547,AUKRA,15,Møre og Romsdal,62.83185,6.9624,5,Stadt til Hustadvika,
19,2023,14040,Krigsholmen,ikke-medikamentell,,,,,,hele lokaliteten,4625,AUSTEVOLL,46,Vestland,60.081383,5.124117,3,Karmøy til Sotra,
19,2023,18217,Kvaløy Ø,ikke-medikamentell,,,,,,deler av lokaliteten,1149,KARMØY,11,Rogaland,59.396633,5.171083,3,Karmøy til Sotra,
19,2023,22775,Kvaløya,ikke-medikamentell,,,,,,deler av lokaliteten,5060,NÆRØYSUND,50,Trøndelag,65.001915,11.058617,7,Nord-Trøndelag med Bindal,
19,2023,11714,Kvernhusvika,medikamentell,fôrbehandling,Emamectin benzoat,,,,hele lokaliteten,4636,SOLUND,46,Vestland,61.0675,4.94345,4,Nordhordaland til Stadt,
19,2023,11803,Kyravika,ikke-medikamentell,,,,,,deler av lokaliteten,4646,FJALER,46,Vestland,61.31722,5.160283,4,Nordhordaland til Stadt,
19,2023,13234,Kysnes,ikke-medikamentell,,,,,,hele lokaliteten,4618,ULLENSVANG,46,Vestland,60.1993,6.095417,3,Karmøy til Sotra,
19,2023,11928,Langavika,medikamentell,fôrbehandling,Emamectin benzoat,,,,hele lokaliteten,1103,STAVANGER,11,Rogaland,59.230766,6.004483,2,Ryfylke,
19,2023,12870,Leite,ikke-medikamentell,,,,,,deler av lokaliteten,1554,AVERØY,15,Møre og Romsdal,63.035767,7.677383,6,Nordmøre og Sør-Trøndelag,
19,2023,14086,Lelandsholmen,ikke-medikamentell,,,,,,hele lokaliteten,4613,BØMLO,46,Vestland,59.72855,5.152383,3,Karmøy til Sotra,
19,2023,28396,Lindarholmen,ikke-medikamentell,,,,,,deler av lokaliteten,4616,TYSNES,46,Vestland,60.083866,5.63925,3,Karmøy til Sotra,
19,2023,12966,Lindvik,medikamentell,fôrbehandling,Emamectin benzoat,,,,deler av lokaliteten,1160,VINDAFJORD,11,Rogaland,59.474068,5.976433,2,Ryfylke,
19,2023,36257,Mjønes,medikamentell,fôrbehandling,Emamectin benzoat,,,,deler av lokaliteten,5423,KARLSØY,54,Troms og Finnmark,70.10643,19.583866,11,Kvaløya til Loppa,
19,2023,11041,Nord Gåsvær,ikke-medikamentell,,,,,,deler av lokaliteten,1818,HERØY I NORDLAND,18,Nordland,66.07035,12.065617,8,Helgeland til Bodø,
19,2023,23816,Nordbotnet,ikke-medikamentell,,,,,,deler av lokaliteten,1828,NESNA,18,Nordland,66.25612,12.8942,8,Helgeland til Bodø,
19,2023,26315,Nordgjæslingan,medikamentell,badebehandling,Azamethiphos,,,,hele lokaliteten,5060,NÆRØYSUND,50,Trøndelag,64.76597,10.913767,7,Nord-Trøndelag med Bindal,
19,2023,45029,Ramnøya N,ikke-medikamentell,,,,,,hele lokaliteten,1827,DØNNA,18,Nordland,66.243484,12.294183,8,Helgeland til Bodø,
19,2023,29116,Reiråklakken,ikke-medikamentell,,,,,,deler av lokaliteten,1573,SMØLA,15,Møre og Romsdal,63.44995,8.167133,6,Nordmøre og Sør-Trøndelag,
19,2023,12281,Rogne,medikamentell,fôrbehandling,Emamectin benzoat,,,,hele lokaliteten,1507,ÅLESUND,15,Møre og Romsdal,62.66965,6.356833,5,Stadt til Hustadvika,
19,2023,13249,Sagelva,medikamentell,badebehandling,Azamethiphos,,,,deler av lokaliteten,1520,ØRSTA,15,Møre og Romsdal,62.33795,6.3815,5,Stadt til Hustadvika,
19,2023,13243,Sandvika,ikke-medikamentell,,,,,,deler av lokaliteten,1577,VOLDA,15,Møre og Romsdal,62.195667,5.904417,5,Stadt til Hustadvika,
19,2023,19855,Segelråa,ikke-medikamentell,,,,,,deler av lokaliteten,1576,AURE,15,Møre og Romsdal,63.149746,8.12855,6,Nordmøre og Sør-Trøndelag,
19,2023,21795,Skarvhausen,ikke-medikamentell,,,,,,hele lokaliteten,1851,LØDINGEN,18,Nordland,68.339714,15.38435,9,Vestfjorden og Vesterålen,
19,2023,34297,Stabben,ikke-medikamentell,,,,,,deler av lokaliteten,5412,TJELDSUND,54,Troms og Finnmark,68.40113,16.2172,9,Vestfjorden og Vesterålen,
19,2023,22335,Storvika,ikke-medikamentell,,,,,,deler av lokaliteten,1579,HUSTADVIKA,15,Møre og Romsdal,62.8021,6.977733,5,Stadt til Hustadvika,
19,2023,36100,Suholmen,ikke-medikamentell,,,,,,deler av lokaliteten,1573,SMØLA,15,Møre og Romsdal,63.494934,8.02235,6,Nordmøre og Sør-Trøndelag,
19,2023,11312,Svartfjell,ikke-medikamentell,,,,,,deler av lokaliteten,1848,STEIGEN,18,Nordland,67.93948,15.503168,9,Vestfjorden og Vesterålen,
19,2023,40118,Svindalen I,ikke-medikamentell,,,,,,deler av lokaliteten,1871,ANDØY,18,Nordland,68.92783,15.42875,9,Vestfjorden og Vesterålen,
19,2023,11144,Svinvær,ikke-medikamentell,,,,,,deler av lokaliteten,1836,RØDØY,18,Nordland,66.769485,13.171383,8,Helgeland til Bodø,
19,2023,16165,Tårnvika,ikke-medikamentell,,,,,,deler av lokaliteten,1804,BODØ,18,Nordland,67.572815,15.128683,9,Vestfjorden og Vesterålen,
19,2023,13644,Tepstad,ikke-medikamentell,,,,,,deler av lokaliteten,4630,OSTERØY,46,Vestland,60.5549,5.381767,4,Nordhordaland til Stadt,
19,2023,10332,Trommo,medikamentell,badebehandling,Azamethiphos,,,,deler av lokaliteten,4617,KVINNHERAD,46,Vestland,60.0833,6.082633,3,Karmøy til Sotra,
19,2023,24135,Utåker,medikamentell,fôrbehandling,Emamectin benzoat,,,,deler av lokaliteten,4617,KVINNHERAD,46,Vestland,59.77833,5.9024,3,Karmøy til Sotra,
19,2023,13837,Verpeide,medikamentell,badebehandling,Azamethiphos,,,,hele lokaliteten,4602,KINN,46,Vestland,61.902218,5.209233,4,Nordhordaland til Stadt,
18,2023,12982,Aldeøyna,ikke-medikamentell,,,,,,hele lokaliteten,4645,ASKVOLL,46,Vestland,61.31055,4.767783,4,Nordhordaland til Stadt,
18,2023,12625,Bjørgan,medikamentell,badebehandling,Azamethiphos,,,,deler av lokaliteten,5049,FLATANGER,50,Trøndelag,64.59268,10.908333,7,Nord-Trøndelag med Bindal,
18,2023,13205,Brattholmen,medikamentell,badebehandling,Azamethiphos,,,,hele lokaliteten,4636,SOLUND,46,Vestland,61.068382,4.713817,4,Nordhordaland til Stadt,
18,2023,32897,Breivika S,medikamentell,badebehandling,Annet virkestoff,,,,deler av lokaliteten,1827,DØNNA,18,Nordland,66.15802,12.682067,8,Helgeland til Bodø,
18,2023,14799,Djupestallen,ikke-medikamentell,,,,,,deler av lokaliteten,4616,TYSNES,46,Vestland,60.058968,5.452733,3,Karmøy til Sotra,
18,2023,20455,Djupevika,ikke-medikamentell,,,,,,deler av lokaliteten,4617,KVINNHERAD,46,Vestland,60.04095,6.009367,3,Karmøy til Sotra,
18,2023,13870,Eikebærånæ,medikamentell,fôrbehandling,Diflubenzuron,,,,hele lokaliteten,4631,ALVER,46,Vestland,60.563232,5.3535,4,Nordhordaland til Stadt,
18,2023,13870,Eikebærånæ,medikamentell,fôrbehandling,Diflubenzuron,,,,hele lokaliteten,4631,ALVER,46,Vestland,60.563232,5.3535,4,Nordhordaland til Stadt,
18,2023,11893,Fosså,medikamentell,badebehandling,Azamethiphos,,,,deler av lokaliteten,1133,HJELMELAND,11,Rogaland,59.2699,6.14295,2,Ryfylke,
18,2023,13874,Fyllingsnes S,ikke-medikamentell,,,,,,deler av lokaliteten,4631,ALVER,46,Vestland,60.5821,5.4001,4,Nordhordaland til Stadt,
18,2023,11530,Gissøysundet S,medikamentell,badebehandling,Azamethiphos,,,,deler av lokaliteten,4613,BØMLO,46,Vestland,59.623585,5.160067,3,Karmøy til Sotra,
18,2023,25695,Gjerde,ikke-medikamentell,,,,,,deler av lokaliteten,1516,ULSTEIN,15,Møre og Romsdal,62.259983,5.929183,5,Stadt til Hustadvika,
18,2023,40297,Gnarnesvika,ikke-medikamentell,,,,,,deler av lokaliteten,4602,KINN,46,Vestland,61.506382,5.05,4,Nordhordaland til Stadt,
18,2023,38217,Hardbakkeneset,ikke-medikamentell,,,,,,deler av lokaliteten,4635,GULEN,46,Vestland,61.01673,4.950517,4,Nordhordaland til Stadt,
18,2023,13838,Hegnes,ikke-medikamentell,,,,,,hele lokaliteten,4646,FJALER,46,Vestland,61.356335,5.284667,4,Nordhordaland til Stadt,
18,2023,45127,Hellerflesa,ikke-medikamentell,,,,,,deler av lokaliteten,5060,NÆRØYSUND,50,Trøndelag,65.03512,11.730767,7,Nord-Trøndelag med Bindal,
18,2023,11920,Herøy,medikamentell,badebehandling,Azamethiphos,,,,deler av lokaliteten,1160,VINDAFJORD,11,Rogaland,59.46635,6.0258,2,Ryfylke,
18,2023,10300,Hillersvik,medikamentell,fôrbehandling,Diflubenzuron,,,,hele lokaliteten,4612,SVEIO,46,Vestland,59.6084,5.311917,3,Karmøy til Sotra,
18,2023,13931,Hjartøy Ø,ikke-medikamentell,,,,,,deler av lokaliteten,1848,STEIGEN,18,Nordland,67.65652,15.121867,9,Vestfjorden og Vesterålen,
18,2023,33957,Hofsøya,ikke-medikamentell,,,,,,deler av lokaliteten,5014,FRØYA,50,Trøndelag,63.7224,8.9145,6,Nordmøre og Sør-Trøndelag,
18,2023,30377,Hogsneset N,medikamentell,badebehandling,Annet virkestoff,,,,hele lokaliteten,1554,AVERØY,15,Møre og Romsdal,63.099934,7.670267,6,Nordmøre og Sør-Trøndelag,
18,2023,10876,Istervika,ikke-medikamentell,,,,,,deler av lokaliteten,1813,BRØNNØY,18,Nordland,65.446884,12.56175,8,Helgeland til Bodø,
18,2023,26495,Jevik,medikamentell,fôrbehandling,Emamectin benzoat,,,,deler av lokaliteten,1806,NARVIK,18,Nordland,68.412636,16.526934,9,Vestfjorden og Vesterålen,
18,2023,36297,Kjeringeholmen,medikamentell,fôrbehandling,Emamectin benzoat,,,,deler av lokaliteten,4645,ASKVOLL,46,Vestland,61.390984,4.982833,4,Nordhordaland til Stadt,
18,2023,10828,Kleppenes N,medikamentell,badebehandling,Hydrogenperoksid,,,,hele lokaliteten,5406,HAMMERFEST,54,Troms og Finnmark,70.53805,23.558533,12,Vest-Finnmark,
18,2023,11534,Klungsholmen,ikke-medikamentell,,,,,,deler av lokaliteten,4613,BØMLO,46,Vestland,59.596783,5.161567,3,Karmøy til Sotra,
18,2023,11763,Knappen,ikke-medikamentell,,,,,,deler av lokaliteten,4626,ØYGARDEN,46,Vestland,60.5735,4.818517,4,Nordhordaland til Stadt,
18,2023,13764,Kokvika,ikke-medikamentell,,,,,,deler av lokaliteten,1834,LURØY,18,Nordland,66.41282,12.956867,8,Helgeland til Bodø,
18,2023,32097,Korsneset 2,ikke-medikamentell,,,,,,deler av lokaliteten,5055,HEIM,50,Trøndelag,63.14123,8.21375,6,Nordmøre og Sør-Trøndelag,
18,2023,14040,Krigsholmen,ikke-medikamentell,,,,,,hele lokaliteten,4625,AUSTEVOLL,46,Vestland,60.081383,5.124117,3,Karmøy til Sotra,
18,2023,11633,Krossholmen,ikke-medikamentell,,,,,,hele lokaliteten,4613,BØMLO,46,Vestland,59.7879,5.100533,3,Karmøy til Sotra,
18,2023,34257,Lekafjorden II,ikke-medikamentell,,,,,,deler av lokaliteten,5052,LEKA,50,Trøndelag,65.07878,11.724033,7,Nord-Trøndelag med Bindal,
18,2023,36117,Matvika,ikke-medikamentell,,,,,,deler av lokaliteten,1845,SØRFOLD,18,Nordland,67.528,15.359683,9,Vestfjorden og Vesterålen,
18,2023,26435,Mjølsvik,ikke-medikamentell,,,,,,deler av lokaliteten,4638,HØYANGER,46,Vestland,61.112484,6.04255,4,Nordhordaland til Stadt,
18,2023,36257,Mjønes,medikamentell,fôrbehandling,Emamectin benzoat,,,,hele lokaliteten,5423,KARLSØY,54,Troms og Finnmark,70.10643,19.583866,11,Kvaløya til Loppa,
18,2023,45014,Nordfoldleira I,ikke-medikamentell,,,,,,deler av lokaliteten,1848,STEIGEN,18,Nordland,67.75228,15.239067,9,Vestfjorden og Vesterålen,
18,2023,27055,Oddane,ikke-medikamentell,,,,,,deler av lokaliteten,4602,KINN,46,Vestland,61.540367,4.968933,4,Nordhordaland til Stadt,
18,2023,12071,Ommundsteigen,ikke-medikamentell,,,,,,deler av lokaliteten,1134,SULDAL,11,Rogaland,59.55078,6.5131,2,Ryfylke,
18,2023,29116,Reiråklakken,ikke-medikamentell,,,,,,deler av lokaliteten,1573,SMØLA,15,Møre og Romsdal,63.44995,8.167133,6,Nordmøre og Sør-Trøndelag,
18,2023,11770,Rotøy,ikke-medikamentell,,,,,,deler av lokaliteten,4626,ØYGARDEN,46,Vestland,60.68285,4.759833,4,Nordhordaland til Stadt,
18,2023,13249,Sagelva,medikamentell,badebehandling,Azamethiphos,,,,deler av lokaliteten,1520,ØRSTA,15,Møre og Romsdal,62.33795,6.3815,5,Stadt til Hustadvika,
18,2023,19855,Segelråa,ikke-medikamentell,,,,,,deler av lokaliteten,1576,AURE,15,Møre og Romsdal,63.149746,8.12855,6,Nordmøre og Sør-Trøndelag,
18,2023,12108,Skorpo Nv,ikke-medikamentell,,,,,,deler av lokaliteten,4617,KVINNHERAD,46,Vestland,59.95323,5.827133,3,Karmøy til Sotra,
18,2023,18657,Skredstivik,ikke-medikamentell,,,,,,deler av lokaliteten,4637,HYLLESTAD,46,Vestland,61.15495,5.133333,4,Nordhordaland til Stadt,
18,2023,13568,Storevik,ikke-medikamentell,,,,,,deler av lokaliteten,4645,ASKVOLL,46,Vestland,61.47627,5.285,4,Nordhordaland til Stadt,
18,2023,31338,Storskjeret,medikamentell,badebehandling,Annet virkestoff,,,,deler av lokaliteten,1576,AURE,15,Møre og Romsdal,63.27048,8.2298,6,Nordmøre og Sør-Trøndelag,
18,2023,22335,Storvika,ikke-medikamentell,,,,,,deler av lokaliteten,1579,HUSTADVIKA,15,Møre og Romsdal,62.8021,6.977733,5,Stadt til Hustadvika,
18,2023,11312,Svartfjell,medikamentell,fôrbehandling,Emamectin benzoat,,,,hele lokaliteten,1848,STEIGEN,18,Nordland,67.93948,15.503168,9,Vestfjorden og Vesterålen,
18,2023,11813,Svinøy V,ikke-medikamentell,,,,,,hele lokaliteten,4646,FJALER,46,Vestland,61.30475,5.101317,4,Nordhordaland til Stadt,
18,2023,10332,Trommo,medikamentell,badebehandling,Azamethiphos,,,,deler av lokaliteten,4617,KVINNHERAD,46,Vestland,60.0833,6.082633,3,Karmøy til Sotra,
18,2023,10147,Tungesvik,ikke-medikamentell,,,,,,deler av lokaliteten,4611,ETNE,46,Vestland,59.741932,5.98095,3,Karmøy til Sotra,
18,2023,24135,Utåker,medikamentell,fôrbehandling,Emamectin benzoat,,,,deler av lokaliteten,4617,KVINNHERAD,46,Vestland,59.77833,5.9024,3,Karmøy til Sotra,
18,2023,35657,Varden,ikke-medikamentell,,,,,,deler av lokaliteten,5056,HITRA,50,Trøndelag,63.635715,9.186467,6,Nordmøre og Sør-Trøndelag,
18,2023,36337,Vardskjæret S,ikke-medikamentell,,,,,,deler av lokaliteten,1834,LURØY,18,Nordland,66.350266,12.469867,8,Helgeland til Bodø,
18,2023,27315,Vikane 1,ikke-medikamentell,,,,,,deler av lokaliteten,4618,ULLENSVANG,46,Vestland,60.263668,6.208383,3,Karmøy til Sotra,
18,2023,13246,Voldnes,ikke-medikamentell,,,,,,hele lokaliteten,1515,HERØY I MØRE OG ROMSDAL,15,Møre og Romsdal,62.2097,5.7849,5,Stadt til Hustadvika,
17,2023,12067,Aldalen,medikamentell,fôrbehandling,Diflubenzuron,,,,hele lokaliteten,4624,BJØRNAFJORDEN,46,Vestland,60.24995,5.571917,3,Karmøy til Sotra,
17,2023,12067,Aldalen,medikamentell,fôrbehandling,Diflubenzuron,,,,hele lokaliteten,4624,BJØRNAFJORDEN,46,Vestland,60.24995,5.571917,3,Karmøy til Sotra,
17,2023,12982,Aldeøyna,ikke-medikamentell,,,,,,hele lokaliteten,4645,ASKVOLL,46,Vestland,61.31055,4.767783,4,Nordhordaland til Stadt,
17,2023,45078,Almbakkevika,ikke-medikamentell,,,,,,hele lokaliteten,4602,KINN,46,Vestland,61.620335,5.271967,4,Nordhordaland til Stadt,
17,2023,13845,Beitveit,medikamentell,badebehandling,Azamethiphos,,,,deler av lokaliteten,4649,STAD,46,Vestland,62.140835,5.3275,5,Stadt til Hustadvika,
17,2023,12625,Bjørgan,medikamentell,badebehandling,Azamethiphos,,,,deler av lokaliteten,5049,FLATANGER,50,Trøndelag,64.59268,10.908333,7,Nord-Trøndelag med Bindal,
17,2023,13870,Eikebærånæ,medikamentell,fôrbehandling,Diflubenzuron,,,,hele lokaliteten,4631,ALVER,46,Vestland,60.563232,5.3535,4,Nordhordaland til Stadt,
17,2023,13870,Eikebærånæ,medikamentell,fôrbehandling,Diflubenzuron,,,,hele lokaliteten,4631,ALVER,46,Vestland,60.563232,5.3535,4,Nordhordaland til Stadt,
17,2023,11530,Gissøysundet S,medikamentell,badebehandling,Azamethiphos,,,,deler av lokaliteten,4613,BØMLO,46,Vestland,59.623585,5.160067,3,Karmøy til Sotra,
17,2023,11657,Gråvika,ikke-medikamentell,,,,,,deler av lokaliteten,4635,GULEN,46,Vestland,60.863083,4.935283,4,Nordhordaland til Stadt,
17,2023,12895,Halsbukta,ikke-medikamentell,,,,,,deler av lokaliteten,1560,TINGVOLL,15,Møre og Romsdal,63.077866,8.143283,6,Nordmøre og Sør-Trøndelag,
17,2023,13592,Hammer,ikke-medikamentell,,,,,,deler av lokaliteten,1848,STEIGEN,18,Nordland,67.95877,15.171667,9,Vestfjorden og Vesterålen,
17,2023,24035,Håvikvågen S,ikke-medikamentell,,,,,,hele lokaliteten,4624,BJØRNAFJORDEN,46,Vestland,60.170483,5.699283,3,Karmøy til Sotra,
17,2023,45127,Hellerflesa,ikke-medikamentell,,,,,,deler av lokaliteten,5060,NÆRØYSUND,50,Trøndelag,65.03512,11.730767,7,Nord-Trøndelag med Bindal,
17,2023,33957,Hofsøya,ikke-medikamentell,,,,,,deler av lokaliteten,5014,FRØYA,50,Trøndelag,63.7224,8.9145,6,Nordmøre og Sør-Trøndelag,
17,2023,11269,Jektvika I,ikke-medikamentell,,,,,,deler av lokaliteten,1845,SØRFOLD,18,Nordland,67.52995,15.444017,9,Vestfjorden og Vesterålen,
17,2023,29576,Kalvik,ikke-medikamentell,,,,,,hele lokaliteten,1845,SØRFOLD,18,Nordland,67.51317,15.570433,9,Vestfjorden og Vesterålen,
17,2023,11652,Kjeppevikholmen,ikke-medikamentell,,,,,,deler av lokaliteten,4631,ALVER,46,Vestland,60.543617,5.035133,4,Nordhordaland til Stadt,
17,2023,35777,Kvitskjæret,ikke-medikamentell,,,,,,deler av lokaliteten,1818,HERØY I NORDLAND,18,Nordland,66.1008,12.157333,8,Helgeland til Bodø,
17,2023,20595,Kyrholmen S,medikamentell,badebehandling,Azamethiphos,,,,deler av lokaliteten,4625,AUSTEVOLL,46,Vestland,60.161583,5.207633,3,Karmøy til Sotra,
17,2023,20595,Kyrholmen S,ikke-medikamentell,,,,,,deler av lokaliteten,4625,AUSTEVOLL,46,Vestland,60.161583,5.207633,3,Karmøy til Sotra,
17,2023,11928,Langavika,medikamentell,badebehandling,Azamethiphos,,,,hele lokaliteten,1103,STAVANGER,11,Rogaland,59.230766,6.004483,2,Ryfylke,
17,2023,13876,Litletveitholane,ikke-medikamentell,,,,,,deler av lokaliteten,4630,OSTERØY,46,Vestland,60.479782,5.443633,4,Nordhordaland til Stadt,
17,2023,10292,Lyklingholmen N,ikke-medikamentell,,,,,,deler av lokaliteten,4613,BØMLO,46,Vestland,59.713833,5.155467,3,Karmøy til Sotra,
17,2023,32977,Måren,ikke-medikamentell,,,,,,hele lokaliteten,4638,HØYANGER,46,Vestland,61.152668,6.1167,4,Nordhordaland til Stadt,
17,2023,36117,Matvika,ikke-medikamentell,,,,,,deler av lokaliteten,1845,SØRFOLD,18,Nordland,67.528,15.359683,9,Vestfjorden og Vesterålen,
17,2023,12047,Mjåneset,ikke-medikamentell,,,,,,deler av lokaliteten,4624,BJØRNAFJORDEN,46,Vestland,60.177216,5.72195,3,Karmøy til Sotra,
17,2023,45004,Mulen,ikke-medikamentell,,,,,,deler av lokaliteten,1848,STEIGEN,18,Nordland,67.66928,15.198867,9,Vestfjorden og Vesterålen,
17,2023,27055,Oddane,medikamentell,badebehandling,Azamethiphos,,,,deler av lokaliteten,4602,KINN,46,Vestland,61.540367,4.968933,4,Nordhordaland til Stadt,
17,2023,37857,Seiskjæret,ikke-medikamentell,,,,,,hele lokaliteten,1818,HERØY I NORDLAND,18,Nordland,65.93428,12.071567,8,Helgeland til Bodø,
17,2023,12244,Setevika,ikke-medikamentell,,,,,,deler av lokaliteten,1506,MOLDE,15,Møre og Romsdal,62.728065,6.939283,5,Stadt til Hustadvika,
17,2023,33017,Setevika N,ikke-medikamentell,,,,,,deler av lokaliteten,1506,MOLDE,15,Møre og Romsdal,62.73835,6.937667,5,Stadt til Hustadvika,
17,2023,10216,Skåren,ikke-medikamentell,,,,,,deler av lokaliteten,5055,HEIM,50,Trøndelag,63.076283,8.191733,6,Nordmøre og Sør-Trøndelag,
17,2023,25896,Skorpo,ikke-medikamentell,,,,,,deler av lokaliteten,4616,TYSNES,46,Vestland,59.875767,5.638817,3,Karmøy til Sotra,
17,2023,12108,Skorpo Nv,ikke-medikamentell,,,,,,deler av lokaliteten,4617,KVINNHERAD,46,Vestland,59.95323,5.827133,3,Karmøy til Sotra,
17,2023,31117,Skrubbo,ikke-medikamentell,,,,,,deler av lokaliteten,4624,BJØRNAFJORDEN,46,Vestland,60.15632,5.713217,3,Karmøy til Sotra,
17,2023,12712,Slokkholmen Ø,ikke-medikamentell,,,,,,deler av lokaliteten,5052,LEKA,50,Trøndelag,65.03989,11.4847,7,Nord-Trøndelag med Bindal,
17,2023,10311,Storlia,medikamentell,fôrbehandling,Emamectin benzoat,,,,hele lokaliteten,4637,HYLLESTAD,46,Vestland,61.203133,5.193833,4,Nordhordaland til Stadt,
17,2023,31338,Storskjeret,medikamentell,badebehandling,Annet virkestoff,,,,deler av lokaliteten,1576,AURE,15,Møre og Romsdal,63.27048,8.2298,6,Nordmøre og Sør-Trøndelag,
17,2023,11312,Svartfjell,medikamentell,fôrbehandling,Emamectin benzoat,,,,hele lokaliteten,1848,STEIGEN,18,Nordland,67.93948,15.503168,9,Vestfjorden og Vesterålen,
17,2023,16165,Tårnvika,medikamentell,badebehandling,Azamethiphos,,,,deler av lokaliteten,1804,BODØ,18,Nordland,67.572815,15.128683,9,Vestfjorden og Vesterålen,
17,2023,13644,Tepstad,ikke-medikamentell,,,,,,deler av lokaliteten,4630,OSTERØY,46,Vestland,60.5549,5.381767,4,Nordhordaland til Stadt,
17,2023,14018,Toska S,ikke-medikamentell,,,,,,deler av lokaliteten,4631,ALVER,46,Vestland,60.627434,5.004367,4,Nordhordaland til Stadt,
17,2023,10147,Tungesvik,ikke-medikamentell,,,,,,deler av lokaliteten,4611,ETNE,46,Vestland,59.741932,5.98095,3,Karmøy til Sotra,
17,2023,24135,Utåker,medikamentell,fôrbehandling,Emamectin benzoat,,,,deler av lokaliteten,4617,KVINNHERAD,46,Vestland,59.77833,5.9024,3,Karmøy til Sotra,
17,2023,35657,Varden,ikke-medikamentell,,,,,,deler av lokaliteten,5056,HITRA,50,Trøndelag,63.635715,9.186467,6,Nordmøre og Sør-Trøndelag,
17,2023,27315,Vikane 1,ikke-medikamentell,,,,,,deler av lokaliteten,4618,ULLENSVANG,46,Vestland,60.263668,6.208383,3,Karmøy til Sotra,
17,2023,13246,Voldnes,medikamentell,badebehandling,Annet virkestoff,,,,deler av lokaliteten,1515,HERØY I MØRE OG ROMSDAL,15,Møre og Romsdal,62.2097,5.7849,5,Stadt til Hustadvika,
17,2023,13246,Voldnes,ikke-medikamentell,,,,,,hele lokaliteten,1515,HERØY I MØRE OG ROMSDAL,15,Møre og Romsdal,62.2097,5.7849,5,Stadt til Hustadvika,
17,2023,45032,Ytterflesa,ikke-medikamentell,,,,,,deler av lokaliteten,5060,NÆRØYSUND,50,Trøndelag,64.972984,11.443517,7,Nord-Trøndelag med Bindal,
16,2023,14016,Auenes,medikamentell,fôrbehandling,Emamectin benzoat,,,,hele lokaliteten,4215,LILLESAND,42,Agder,58.140266,8.2553,1,Svenskegrensen til Jæren,
16,2023,13845,Beitveit,medikamentell,badebehandling,Azamethiphos,,,,deler av lokaliteten,4649,STAD,46,Vestland,62.140835,5.3275,5,Stadt til Hustadvika,
16,2023,15796,Borgarliflot,ikke-medikamentell,,,,,,deler av lokaliteten,1134,SULDAL,11,Rogaland,59.3892,5.924733,2,Ryfylke,
16,2023,12237,Brudevika,medikamentell,badebehandling,Azamethiphos,,,,deler av lokaliteten,1511,VANYLVEN,15,Møre og Romsdal,62.116566,5.420717,5,Stadt til Hustadvika,
16,2023,11644,Duesund,ikke-medikamentell,,,,,,hele lokaliteten,4634,MASFJORDEN,46,Vestland,60.807835,5.2946,4,Nordhordaland til Stadt,
16,2023,12078,Gangdal,ikke-medikamentell,,,,,,hele lokaliteten,4618,ULLENSVANG,46,Vestland,60.2165,6.15785,3,Karmøy til Sotra,
16,2023,13021,Gaustad,ikke-medikamentell,,,,,,deler av lokaliteten,1579,HUSTADVIKA,15,Møre og Romsdal,62.9839,7.329667,6,Nordmøre og Sør-Trøndelag,
16,2023,31357,Geitryggen,medikamentell,badebehandling,Azamethiphos,,,,hele lokaliteten,5060,NÆRØYSUND,50,Trøndelag,64.75127,11.189217,7,Nord-Trøndelag med Bindal,
16,2023,18639,Halsavika,medikamentell,fôrbehandling,Emamectin benzoat,,,,deler av lokaliteten,1146,TYSVÆR,11,Rogaland,59.39232,5.883333,2,Ryfylke,
16,2023,38217,Hardbakkeneset,ikke-medikamentell,,,,,,deler av lokaliteten,4635,GULEN,46,Vestland,61.01673,4.950517,4,Nordhordaland til Stadt,
16,2023,35197,Hjortøya,ikke-medikamentell,,,,,,deler av lokaliteten,5060,NÆRØYSUND,50,Trøndelag,64.9848,11.135467,7,Nord-Trøndelag med Bindal,
16,2023,33957,Hofsøya,ikke-medikamentell,,,,,,deler av lokaliteten,5014,FRØYA,50,Trøndelag,63.7224,8.9145,6,Nordmøre og Sør-Trøndelag,
16,2023,19939,Høysteinen,medikamentell,badebehandling,Azamethiphos,,,,deler av lokaliteten,4617,KVINNHERAD,46,Vestland,60.157417,6.050117,3,Karmøy til Sotra,
16,2023,19977,Jektholmen,ikke-medikamentell,,,,,,hele lokaliteten,5058,ÅFJORD,50,Trøndelag,63.99495,9.928317,6,Nordmøre og Sør-Trøndelag,
16,2023,30036,Jørstadskjera,medikamentell,badebehandling,Azamethiphos,,,,hele lokaliteten,1103,STAVANGER,11,Rogaland,59.2955,5.938617,2,Ryfylke,
16,2023,30036,Jørstadskjera,ikke-medikamentell,,,,,,hele lokaliteten,1103,STAVANGER,11,Rogaland,59.2955,5.938617,2,Ryfylke,
16,2023,22915,Kalsøyflu,medikamentell,badebehandling,Azamethiphos,,,,hele lokaliteten,4625,AUSTEVOLL,46,Vestland,60.03818,5.114417,3,Karmøy til Sotra,
16,2023,36297,Kjeringeholmen,medikamentell,fôrbehandling,Emamectin benzoat,,,,deler av lokaliteten,4645,ASKVOLL,46,Vestland,61.390984,4.982833,4,Nordhordaland til Stadt,
16,2023,12855,Kornstad,ikke-medikamentell,,,,,,deler av lokaliteten,1554,AVERØY,15,Møre og Romsdal,62.960384,7.45015,6,Nordmøre og Sør-Trøndelag,
16,2023,10224,Korsneset,ikke-medikamentell,,,,,,deler av lokaliteten,5055,HEIM,50,Trøndelag,63.14268,8.225383,6,Nordmøre og Sør-Trøndelag,
16,2023,12652,Kråkøya,ikke-medikamentell,,,,,,deler av lokaliteten,5060,NÆRØYSUND,50,Trøndelag,65.003784,11.042367,7,Nord-Trøndelag med Bindal,
16,2023,22775,Kvaløya,ikke-medikamentell,,,,,,deler av lokaliteten,5060,NÆRØYSUND,50,Trøndelag,65.001915,11.058617,7,Nord-Trøndelag med Bindal,
16,2023,12213,Kvangardsnes,ikke-medikamentell,,,,,,hele lokaliteten,1577,VOLDA,15,Møre og Romsdal,62.145317,5.94545,5,Stadt til Hustadvika,
16,2023,12870,Leite,ikke-medikamentell,,,,,,deler av lokaliteten,1554,AVERØY,15,Møre og Romsdal,63.035767,7.677383,6,Nordmøre og Sør-Trøndelag,
16,2023,12966,Lindvik,medikamentell,fôrbehandling,Emamectin benzoat,,,,deler av lokaliteten,1160,VINDAFJORD,11,Rogaland,59.474068,5.976433,2,Ryfylke,
16,2023,40137,Lønngrunnen,ikke-medikamentell,,,,,,deler av lokaliteten,5057,ØRLAND,50,Trøndelag,63.937534,9.779517,6,Nordmøre og Sør-Trøndelag,
16,2023,14043,Lybergsvika,ikke-medikamentell,,,,,,deler av lokaliteten,1539,RAUMA,15,Møre og Romsdal,62.64515,7.450533,5,Stadt til Hustadvika,
16,2023,12978,Lyngholmen,ikke-medikamentell,,,,,,deler av lokaliteten,4635,GULEN,46,Vestland,61.016933,5.007033,4,Nordhordaland til Stadt,
16,2023,21915,Matløyso,ikke-medikamentell,,,,,,deler av lokaliteten,4615,FITJAR,46,Vestland,59.952084,5.284933,3,Karmøy til Sotra,
16,2023,13541,Midtflua,ikke-medikamentell,,,,,,deler av lokaliteten,4616,TYSNES,46,Vestland,60.076633,5.467067,3,Karmøy til Sotra,
16,2023,12047,Mjåneset,ikke-medikamentell,,,,,,deler av lokaliteten,4624,BJØRNAFJORDEN,46,Vestland,60.177216,5.72195,3,Karmøy til Sotra,
16,2023,26315,Nordgjæslingan,medikamentell,fôrbehandling,Emamectin benzoat,,,,hele lokaliteten,5060,NÆRØYSUND,50,Trøndelag,64.76597,10.913767,7,Nord-Trøndelag med Bindal,
16,2023,30559,Øksneset,ikke-medikamentell,,,,,,hele lokaliteten,4632,AUSTRHEIM,46,Vestland,60.81255,4.862317,4,Nordhordaland til Stadt,
16,2023,10136,Onarøy,ikke-medikamentell,,,,,,deler av lokaliteten,4616,TYSNES,46,Vestland,59.95335,5.669683,3,Karmøy til Sotra,
16,2023,10149,Rafdal,ikke-medikamentell,,,,,,hele lokaliteten,4611,ETNE,46,Vestland,59.790085,6.17615,3,Karmøy til Sotra,
16,2023,11964,Ringja,medikamentell,fôrbehandling,Emamectin benzoat,,,,deler av lokaliteten,1146,TYSVÆR,11,Rogaland,59.405468,5.8631,2,Ryfylke,
16,2023,12244,Setevika,medikamentell,badebehandling,Azamethiphos,,,,deler av lokaliteten,1506,MOLDE,15,Møre og Romsdal,62.728065,6.939283,5,Stadt til Hustadvika,
16,2023,12244,Setevika,ikke-medikamentell,,,,,,deler av lokaliteten,1506,MOLDE,15,Møre og Romsdal,62.728065,6.939283,5,Stadt til Hustadvika,
16,2023,33017,Setevika N,ikke-medikamentell,,,,,,deler av lokaliteten,1506,MOLDE,15,Møre og Romsdal,62.73835,6.937667,5,Stadt til Hustadvika,
16,2023,13284,Sjølyst,medikamentell,badebehandling,Azamethiphos,,,,deler av lokaliteten,1827,DØNNA,18,Nordland,66.11311,12.487683,8,Helgeland til Bodø,
16,2023,18898,Skaftå,ikke-medikamentell,,,,,,deler av lokaliteten,4630,OSTERØY,46,Vestland,60.458084,5.631333,4,Nordhordaland til Stadt,
16,2023,10216,Skåren,ikke-medikamentell,,,,,,deler av lokaliteten,5055,HEIM,50,Trøndelag,63.076283,8.191733,6,Nordmøre og Sør-Trøndelag,
16,2023,12108,Skorpo Nv,ikke-medikamentell,,,,,,deler av lokaliteten,4617,KVINNHERAD,46,Vestland,59.95323,5.827133,3,Karmøy til Sotra,
16,2023,12712,Slokkholmen Ø,ikke-medikamentell,,,,,,deler av lokaliteten,5052,LEKA,50,Trøndelag,65.03989,11.4847,7,Nord-Trøndelag med Bindal,
16,2023,13032,Sølvøyane,ikke-medikamentell,,,,,,hele lokaliteten,4613,BØMLO,46,Vestland,59.609516,5.133367,3,Karmøy til Sotra,
16,2023,10311,Storlia,medikamentell,fôrbehandling,Emamectin benzoat,,,,hele lokaliteten,4637,HYLLESTAD,46,Vestland,61.203133,5.193833,4,Nordhordaland til Stadt,
16,2023,22335,Storvika,ikke-medikamentell,,,,,,deler av lokaliteten,1579,HUSTADVIKA,15,Møre og Romsdal,62.8021,6.977733,5,Stadt til Hustadvika,
16,2023,38697,Takflua,ikke-medikamentell,,,,,,hele lokaliteten,5058,ÅFJORD,50,Trøndelag,63.980667,9.868733,6,Nordmøre og Sør-Trøndelag,
16,2023,16165,Tårnvika,medikamentell,badebehandling,Azamethiphos,,,,deler av lokaliteten,1804,BODØ,18,Nordland,67.572815,15.128683,9,Vestfjorden og Vesterålen,
16,2023,16165,Tårnvika,ikke-medikamentell,,,,,,deler av lokaliteten,1804,BODØ,18,Nordland,67.572815,15.128683,9,Vestfjorden og Vesterålen,
16,2023,26575,Teigane,medikamentell,badebehandling,Azamethiphos,,,,deler av lokaliteten,1134,SULDAL,11,Rogaland,59.520332,6.337233,2,Ryfylke,
16,2023,14018,Toska S,ikke-medikamentell,,,,,,deler av lokaliteten,4631,ALVER,46,Vestland,60.627434,5.004367,4,Nordhordaland til Stadt,
16,2023,29336,Trælsøyosen,medikamentell,badebehandling,Azamethiphos,,,,deler av lokaliteten,4625,AUSTEVOLL,46,Vestland,60.1178,5.2702,3,Karmøy til Sotra,
16,2023,32437,Urda,ikke-medikamentell,,,,,,deler av lokaliteten,1566,SURNADAL,15,Møre og Romsdal,63.0007,8.326967,6,Nordmøre og Sør-Trøndelag,
16,2023,45058,Urdaneset,ikke-medikamentell,,,,,,hele lokaliteten,1525,STRANDA,15,Møre og Romsdal,62.319283,6.978617,5,Stadt til Hustadvika,
16,2023,32337,Veiesund,ikke-medikamentell,,,,,,deler av lokaliteten,4602,KINN,46,Vestland,61.57187,5.047283,4,Nordhordaland til Stadt,
16,2023,12839,Vindsnes,ikke-medikamentell,,,,,,hele lokaliteten,1578,FJORD,15,Møre og Romsdal,62.28533,7.2802,5,Stadt til Hustadvika,
16,2023,29936,Ystadneset,ikke-medikamentell,,,,,,deler av lokaliteten,4617,KVINNHERAD,46,Vestland,59.977932,5.77565,3,Karmøy til Sotra,
16,2023,45032,Ytterflesa,ikke-medikamentell,,,,,,deler av lokaliteten,5060,NÆRØYSUND,50,Trøndelag,64.972984,11.443517,7,Nord-Trøndelag med Bindal,
15,2023,10331,Åkre,medikamentell,badebehandling,Azamethiphos,,,,deler av lokaliteten,4617,KVINNHERAD,46,Vestland,60.11283,6.044717,3,Karmøy til Sotra,
15,2023,13271,Almurden,medikamentell,fôrbehandling,Emamectin benzoat,,,,hele lokaliteten,5049,FLATANGER,50,Trøndelag,64.43353,10.678883,7,Nord-Trøndelag med Bindal,
15,2023,13563,Angelskår,ikke-medikamentell,,,,,,deler av lokaliteten,4630,OSTERØY,46,Vestland,60.523335,5.352617,4,Nordhordaland til Stadt,
15,2023,35797,Årsetfjorden,ikke-medikamentell,,,,,,deler av lokaliteten,5060,NÆRØYSUND,50,Trøndelag,65.00819,11.746417,7,Nord-Trøndelag med Bindal,
15,2023,26795,Austvika,medikamentell,fôrbehandling,Emamectin benzoat,,,,hele lokaliteten,5049,FLATANGER,50,Trøndelag,64.41853,10.696033,7,Nord-Trøndelag med Bindal,
15,2023,12156,Blom,ikke-medikamentell,,,,,,deler av lokaliteten,4630,OSTERØY,46,Vestland,60.436516,5.56465,4,Nordhordaland til Stadt,
15,2023,15796,Borgarliflot,ikke-medikamentell,,,,,,deler av lokaliteten,1134,SULDAL,11,Rogaland,59.3892,5.924733,2,Ryfylke,
15,2023,28336,Breivika,ikke-medikamentell,,,,,,deler av lokaliteten,1827,DØNNA,18,Nordland,66.1609,12.68205,8,Helgeland til Bodø,
15,2023,32897,Breivika S,ikke-medikamentell,,,,,,deler av lokaliteten,1827,DØNNA,18,Nordland,66.15802,12.682067,8,Helgeland til Bodø,
15,2023,12466,Brettingen,ikke-medikamentell,,,,,,deler av lokaliteten,1573,SMØLA,15,Møre og Romsdal,63.3582,8.237267,6,Nordmøre og Sør-Trøndelag,
15,2023,12237,Brudevika,medikamentell,badebehandling,Azamethiphos,,,,deler av lokaliteten,1511,VANYLVEN,15,Møre og Romsdal,62.116566,5.420717,5,Stadt til Hustadvika,
15,2023,14799,Djupestallen,ikke-medikamentell,,,,,,deler av lokaliteten,4616,TYSNES,46,Vestland,60.058968,5.452733,3,Karmøy til Sotra,
15,2023,20455,Djupevika,ikke-medikamentell,,,,,,deler av lokaliteten,4617,KVINNHERAD,46,Vestland,60.04095,6.009367,3,Karmøy til Sotra,
15,2023,13241,Endal Vest,ikke-medikamentell,,,,,,hele lokaliteten,4648,BREMANGER,46,Vestland,61.909832,5.464267,4,Nordhordaland til Stadt,
15,2023,25895,Flornes,ikke-medikamentell,,,,,,deler av lokaliteten,4616,TYSNES,46,Vestland,59.890984,5.665983,3,Karmøy til Sotra,
15,2023,17177,Grunneneset,medikamentell,badebehandling,Azamethiphos,,,,hele lokaliteten,4648,BREMANGER,46,Vestland,61.89445,5.34815,4,Nordhordaland til Stadt,
15,2023,18639,Halsavika,medikamentell,fôrbehandling,Emamectin benzoat,,,,deler av lokaliteten,1146,TYSVÆR,11,Rogaland,59.39232,5.883333,2,Ryfylke,
15,2023,38217,Hardbakkeneset,ikke-medikamentell,,,,,,deler av lokaliteten,4635,GULEN,46,Vestland,61.01673,4.950517,4,Nordhordaland til Stadt,
15,2023,32417,Hjartholmosen,ikke-medikamentell,,,,,,hele lokaliteten,4625,AUSTEVOLL,46,Vestland,60.00458,5.2287,3,Karmøy til Sotra,
15,2023,12224,Isane,ikke-medikamentell,,,,,,hele lokaliteten,4648,BREMANGER,46,Vestland,61.87715,5.723383,4,Nordhordaland til Stadt,
15,2023,10876,Istervika,medikamentell,badebehandling,Azamethiphos,,,,deler av lokaliteten,1813,BRØNNØY,18,Nordland,65.446884,12.56175,8,Helgeland til Bodø,
15,2023,10876,Istervika,ikke-medikamentell,,,,,,deler av lokaliteten,1813,BRØNNØY,18,Nordland,65.446884,12.56175,8,Helgeland til Bodø,
15,2023,11913,Kjeahola,medikamentell,badebehandling,Azamethiphos,,,,deler av lokaliteten,1103,STAVANGER,11,Rogaland,59.2933,6.0729,2,Ryfylke,
15,2023,11913,Kjeahola,ikke-medikamentell,,,,,,deler av lokaliteten,1103,STAVANGER,11,Rogaland,59.2933,6.0729,2,Ryfylke,
15,2023,36297,Kjeringeholmen,medikamentell,fôrbehandling,Emamectin benzoat,,,,deler av lokaliteten,4645,ASKVOLL,46,Vestland,61.390984,4.982833,4,Nordhordaland til Stadt,
15,2023,11689,Kjerringneset,ikke-medikamentell,,,,,,hele lokaliteten,4635,GULEN,46,Vestland,60.960217,5.107183,4,Nordhordaland til Stadt,
15,2023,30297,Krabbholmen,ikke-medikamentell,,,,,,deler av lokaliteten,5058,ÅFJORD,50,Trøndelag,63.944485,9.8814,6,Nordmøre og Sør-Trøndelag,
15,2023,33177,Krabbholmen II,ikke-medikamentell,,,,,,deler av lokaliteten,5058,ÅFJORD,50,Trøndelag,63.94,9.886633,6,Nordmøre og Sør-Trøndelag,
15,2023,12870,Leite,ikke-medikamentell,,,,,,deler av lokaliteten,1554,AVERØY,15,Møre og Romsdal,63.035767,7.677383,6,Nordmøre og Sør-Trøndelag,
15,2023,10262,Lille Kvitholmen,ikke-medikamentell,,,,,,deler av lokaliteten,5060,NÆRØYSUND,50,Trøndelag,65.01145,11.6139,7,Nord-Trøndelag med Bindal,
15,2023,12966,Lindvik,medikamentell,fôrbehandling,Emamectin benzoat,,,,deler av lokaliteten,1160,VINDAFJORD,11,Rogaland,59.474068,5.976433,2,Ryfylke,
15,2023,10292,Lyklingholmen N,medikamentell,badebehandling,Azamethiphos,,,,hele lokaliteten,4613,BØMLO,46,Vestland,59.713833,5.155467,3,Karmøy til Sotra,
15,2023,11611,Naveide,medikamentell,badebehandling,Azamethiphos,,,,deler av lokaliteten,4625,AUSTEVOLL,46,Vestland,60.1386,5.110533,3,Karmøy til Sotra,
15,2023,11611,Naveide,ikke-medikamentell,,,,,,deler av lokaliteten,4625,AUSTEVOLL,46,Vestland,60.1386,5.110533,3,Karmøy til Sotra,
15,2023,24937,Nebbo,ikke-medikamentell,,,,,,deler av lokaliteten,4617,KVINNHERAD,46,Vestland,59.87075,5.725017,3,Karmøy til Sotra,
15,2023,26315,Nordgjæslingan,medikamentell,fôrbehandling,Emamectin benzoat,,,,hele lokaliteten,5060,NÆRØYSUND,50,Trøndelag,64.76597,10.913767,7,Nord-Trøndelag med Bindal,
15,2023,13554,Overåneset,ikke-medikamentell,,,,,,hele lokaliteten,1525,STRANDA,15,Møre og Romsdal,62.294285,7.12155,5,Stadt til Hustadvika,
15,2023,29116,Reiråklakken,ikke-medikamentell,,,,,,deler av lokaliteten,1573,SMØLA,15,Møre og Romsdal,63.44995,8.167133,6,Nordmøre og Sør-Trøndelag,
15,2023,11964,Ringja,medikamentell,fôrbehandling,Emamectin benzoat,,,,deler av lokaliteten,1146,TYSVÆR,11,Rogaland,59.405468,5.8631,2,Ryfylke,
15,2023,11964,Ringja,medikamentell,fôrbehandling,Emamectin benzoat,,,,deler av lokaliteten,1146,TYSVÆR,11,Rogaland,59.405468,5.8631,2,Ryfylke,
15,2023,11964,Ringja,medikamentell,fôrbehandling,Emamectin benzoat,,,,deler av lokaliteten,1146,TYSVÆR,11,Rogaland,59.405468,5.8631,2,Ryfylke,
15,2023,34117,Skåtholmen,ikke-medikamentell,,,,,,deler av lokaliteten,4624,BJØRNAFJORDEN,46,Vestland,60.17177,5.563633,3,Karmøy til Sotra,
15,2023,12048,Skiftesneset N,ikke-medikamentell,,,,,,hele lokaliteten,4624,BJØRNAFJORDEN,46,Vestland,60.07472,5.736783,3,Karmøy til Sotra,
15,2023,39657,Skipperdalsneset,ikke-medikamentell,,,,,,deler av lokaliteten,4648,BREMANGER,46,Vestland,61.80602,5.0683,4,Nordhordaland til Stadt,
15,2023,25896,Skorpo,ikke-medikamentell,,,,,,deler av lokaliteten,4616,TYSNES,46,Vestland,59.875767,5.638817,3,Karmøy til Sotra,
15,2023,38577,Skreda,medikamentell,badebehandling,Azamethiphos,,,,deler av lokaliteten,4636,SOLUND,46,Vestland,61.14635,5.08115,4,Nordhordaland til Stadt,
15,2023,13644,Tepstad,ikke-medikamentell,,,,,,deler av lokaliteten,4630,OSTERØY,46,Vestland,60.5549,5.381767,4,Nordhordaland til Stadt,
15,2023,31497,Toska N,ikke-medikamentell,,,,,,deler av lokaliteten,4631,ALVER,46,Vestland,60.66987,4.9172,4,Nordhordaland til Stadt,
14,2023,10331,Åkre,medikamentell,badebehandling,Azamethiphos,,,,deler av lokaliteten,4617,KVINNHERAD,46,Vestland,60.11283,6.044717,3,Karmøy til Sotra,
14,2023,13271,Almurden,medikamentell,fôrbehandling,Emamectin benzoat,,,,hele lokaliteten,5049,FLATANGER,50,Trøndelag,64.43353,10.678883,7,Nord-Trøndelag med Bindal,
14,2023,13563,Angelskår,ikke-medikamentell,,,,,,deler av lokaliteten,4630,OSTERØY,46,Vestland,60.523335,5.352617,4,Nordhordaland til Stadt,
14,2023,29816,Apalvikneset,ikke-medikamentell,,,,,,deler av lokaliteten,4618,ULLENSVANG,46,Vestland,60.146217,6.121133,3,Karmøy til Sotra,
14,2023,26795,Austvika,medikamentell,fôrbehandling,Emamectin benzoat,,,,hele lokaliteten,5049,FLATANGER,50,Trøndelag,64.41853,10.696033,7,Nord-Trøndelag med Bindal,
14,2023,12361,Bukkholmen S,ikke-medikamentell,,,,,,deler av lokaliteten,5014,FRØYA,50,Trøndelag,63.72378,8.8621,6,Nordmøre og Sør-Trøndelag,
14,2023,14799,Djupestallen,ikke-medikamentell,,,,,,deler av lokaliteten,4616,TYSNES,46,Vestland,60.058968,5.452733,3,Karmøy til Sotra,
14,2023,20455,Djupevika,ikke-medikamentell,,,,,,deler av lokaliteten,4617,KVINNHERAD,46,Vestland,60.04095,6.009367,3,Karmøy til Sotra,
14,2023,16755,Hageberg,ikke-medikamentell,,,,,,deler av lokaliteten,4615,FITJAR,46,Vestland,59.944218,5.434733,3,Karmøy til Sotra,
14,2023,18015,Hestabyneset,ikke-medikamentell,,,,,,deler av lokaliteten,4616,TYSNES,46,Vestland,59.953632,5.4514,3,Karmøy til Sotra,
14,2023,10291,Hiskholmen,ikke-medikamentell,,,,,,deler av lokaliteten,4613,BØMLO,46,Vestland,59.72585,5.144717,3,Karmøy til Sotra,
14,2023,13573,Kistvika,medikamentell,badebehandling,Annet virkestoff,,,,hele lokaliteten,5055,HEIM,50,Trøndelag,63.384,9.171467,6,Nordmøre og Sør-Trøndelag,
14,2023,11534,Klungsholmen,ikke-medikamentell,,,,,,deler av lokaliteten,4613,BØMLO,46,Vestland,59.596783,5.161567,3,Karmøy til Sotra,
14,2023,18217,Kvaløy Ø,medikamentell,badebehandling,Azamethiphos,,,,hele lokaliteten,1149,KARMØY,11,Rogaland,59.396633,5.171083,3,Karmøy til Sotra,
14,2023,20595,Kyrholmen S,medikamentell,fôrbehandling,Emamectin benzoat,,,,deler av lokaliteten,4625,AUSTEVOLL,46,Vestland,60.161583,5.207633,3,Karmøy til Sotra,
14,2023,14086,Lelandsholmen,ikke-medikamentell,,,,,,hele lokaliteten,4613,BØMLO,46,Vestland,59.72855,5.152383,3,Karmøy til Sotra,
14,2023,40137,Lønngrunnen,ikke-medikamentell,,,,,,deler av lokaliteten,5057,ØRLAND,50,Trøndelag,63.937534,9.779517,6,Nordmøre og Sør-Trøndelag,
14,2023,13541,Midtflua,ikke-medikamentell,,,,,,deler av lokaliteten,4616,TYSNES,46,Vestland,60.076633,5.467067,3,Karmøy til Sotra,
14,2023,24937,Nebbo,ikke-medikamentell,,,,,,deler av lokaliteten,4617,KVINNHERAD,46,Vestland,59.87075,5.725017,3,Karmøy til Sotra,
14,2023,26315,Nordgjæslingan,medikamentell,fôrbehandling,Emamectin benzoat,,,,hele lokaliteten,5060,NÆRØYSUND,50,Trøndelag,64.76597,10.913767,7,Nord-Trøndelag med Bindal,
14,2023,11964,Ringja,medikamentell,fôrbehandling,Emamectin benzoat,,,,deler av lokaliteten,1146,TYSVÆR,11,Rogaland,59.405468,5.8631,2,Ryfylke,
14,2023,11964,Ringja,medikamentell,fôrbehandling,Emamectin benzoat,,,,deler av lokaliteten,1146,TYSVÆR,11,Rogaland,59.405468,5.8631,2,Ryfylke,
14,2023,18898,Skaftå,ikke-medikamentell,,,,,,deler av lokaliteten,4630,OSTERØY,46,Vestland,60.458084,5.631333,4,Nordhordaland til Stadt,
14,2023,39657,Skipperdalsneset,ikke-medikamentell,,,,,,deler av lokaliteten,4648,BREMANGER,46,Vestland,61.80602,5.0683,4,Nordhordaland til Stadt,
14,2023,20115,Skjerholmen N,medikamentell,badebehandling,Azamethiphos,,,,hele lokaliteten,4626,ØYGARDEN,46,Vestland,60.249966,5.174483,3,Karmøy til Sotra,
14,2023,32877,Skorpo,medikamentell,badebehandling,Azamethiphos,,,,hele lokaliteten,4624,BJØRNAFJORDEN,46,Vestland,60.173317,5.293683,3,Karmøy til Sotra,
14,2023,25896,Skorpo,ikke-medikamentell,,,,,,deler av lokaliteten,4616,TYSNES,46,Vestland,59.875767,5.638817,3,Karmøy til Sotra,
14,2023,22335,Storvika,ikke-medikamentell,,,,,,deler av lokaliteten,1579,HUSTADVIKA,15,Møre og Romsdal,62.8021,6.977733,5,Stadt til Hustadvika,
14,2023,36100,Suholmen,ikke-medikamentell,,,,,,deler av lokaliteten,1573,SMØLA,15,Møre og Romsdal,63.494934,8.02235,6,Nordmøre og Sør-Trøndelag,
14,2023,11776,Sveholmane,ikke-medikamentell,,,,,,deler av lokaliteten,4602,KINN,46,Vestland,61.557716,5.215333,4,Nordhordaland til Stadt,
14,2023,10029,Tuholmane Ø,ikke-medikamentell,,,,,,hele lokaliteten,1149,KARMØY,11,Rogaland,59.371235,5.216333,3,Karmøy til Sotra,
14,2023,12077,Tveitnesvik,ikke-medikamentell,,,,,,deler av lokaliteten,4617,KVINNHERAD,46,Vestland,60.10592,6.20525,3,Karmøy til Sotra,
13,2023,12466,Brettingen,ikke-medikamentell,,,,,,deler av lokaliteten,1573,SMØLA,15,Møre og Romsdal,63.3582,8.237267,6,Nordmøre og Sør-Trøndelag,
13,2023,12361,Bukkholmen S,ikke-medikamentell,,,,,,deler av lokaliteten,5014,FRØYA,50,Trøndelag,63.72378,8.8621,6,Nordmøre og Sør-Trøndelag,
13,2023,21336,Djupeleget,ikke-medikamentell,,,,,,deler av lokaliteten,4638,HØYANGER,46,Vestland,61.16942,5.80735,4,Nordhordaland til Stadt,
13,2023,20455,Djupevika,ikke-medikamentell,,,,,,deler av lokaliteten,4617,KVINNHERAD,46,Vestland,60.04095,6.009367,3,Karmøy til Sotra,
13,2023,29537,Eldviktaren,medikamentell,fôrbehandling,Emamectin benzoat,,,,hele lokaliteten,5049,FLATANGER,50,Trøndelag,64.454636,10.630717,7,Nord-Trøndelag med Bindal,
13,2023,11833,Flåtegrunnen,medikamentell,badebehandling,Azamethiphos,,,,deler av lokaliteten,4602,KINN,46,Vestland,61.57565,4.80805,4,Nordhordaland til Stadt,
13,2023,25835,Flatøyflu,medikamentell,badebehandling,Azamethiphos,,,,deler av lokaliteten,4625,AUSTEVOLL,46,Vestland,60.156033,5.2315,3,Karmøy til Sotra,
13,2023,13874,Fyllingsnes S,ikke-medikamentell,,,,,,deler av lokaliteten,4631,ALVER,46,Vestland,60.5821,5.4001,4,Nordhordaland til Stadt,
13,2023,10317,Garvik,ikke-medikamentell,,,,,,hele lokaliteten,4645,ASKVOLL,46,Vestland,61.31663,4.979333,4,Nordhordaland til Stadt,
13,2023,31577,Haneholmen,ikke-medikamentell,,,,,,deler av lokaliteten,4650,GLOPPEN,46,Vestland,61.839718,6.10055,4,Nordhordaland til Stadt,
13,2023,24035,Håvikvågen S,ikke-medikamentell,,,,,,hele lokaliteten,4624,BJØRNAFJORDEN,46,Vestland,60.170483,5.699283,3,Karmøy til Sotra,
13,2023,18015,Hestabyneset,ikke-medikamentell,,,,,,deler av lokaliteten,4616,TYSNES,46,Vestland,59.953632,5.4514,3,Karmøy til Sotra,
13,2023,45080,Hestvik,medikamentell,badebehandling,Deltamethrin,,,,deler av lokaliteten,1836,RØDØY,18,Nordland,66.581764,13.206917,8,Helgeland til Bodø,
13,2023,25235,Humulen,ikke-medikamentell,,,,,,deler av lokaliteten,5060,NÆRØYSUND,50,Trøndelag,64.94605,11.372467,7,Nord-Trøndelag med Bindal,
13,2023,11534,Klungsholmen,ikke-medikamentell,,,,,,deler av lokaliteten,4613,BØMLO,46,Vestland,59.596783,5.161567,3,Karmøy til Sotra,
13,2023,10224,Korsneset,medikamentell,badebehandling,Azamethiphos,,,,deler av lokaliteten,5055,HEIM,50,Trøndelag,63.14268,8.225383,6,Nordmøre og Sør-Trøndelag,
13,2023,10224,Korsneset,ikke-medikamentell,,,,,,deler av lokaliteten,5055,HEIM,50,Trøndelag,63.14268,8.225383,6,Nordmøre og Sør-Trøndelag,
13,2023,32097,Korsneset 2,medikamentell,badebehandling,Azamethiphos,,,,deler av lokaliteten,5055,HEIM,50,Trøndelag,63.14123,8.21375,6,Nordmøre og Sør-Trøndelag,
13,2023,32097,Korsneset 2,ikke-medikamentell,,,,,,deler av lokaliteten,5055,HEIM,50,Trøndelag,63.14123,8.21375,6,Nordmøre og Sør-Trøndelag,
13,2023,11803,Kyravika,ikke-medikamentell,,,,,,hele lokaliteten,4646,FJALER,46,Vestland,61.31722,5.160283,4,Nordhordaland til Stadt,
13,2023,20595,Kyrholmen S,medikamentell,fôrbehandling,Emamectin benzoat,,,,deler av lokaliteten,4625,AUSTEVOLL,46,Vestland,60.161583,5.207633,3,Karmøy til Sotra,
13,2023,11791,Langeråa,ikke-medikamentell,,,,,,deler av lokaliteten,4602,KINN,46,Vestland,61.63405,4.86525,4,Nordhordaland til Stadt,
13,2023,28396,Lindarholmen,medikamentell,badebehandling,Hydrogenperoksid,,,,hele lokaliteten,4616,TYSNES,46,Vestland,60.083866,5.63925,3,Karmøy til Sotra,
13,2023,14039,Litle Lunnøy,ikke-medikamentell,,,,,,hele lokaliteten,4625,AUSTEVOLL,46,Vestland,60.02005,5.169533,3,Karmøy til Sotra,
13,2023,33337,Lyngnes,ikke-medikamentell,,,,,,deler av lokaliteten,4624,BJØRNAFJORDEN,46,Vestland,60.119682,5.719817,3,Karmøy til Sotra,
13,2023,13541,Midtflua,ikke-medikamentell,,,,,,deler av lokaliteten,4616,TYSNES,46,Vestland,60.076633,5.467067,3,Karmøy til Sotra,
13,2023,12047,Mjåneset,ikke-medikamentell,,,,,,hele lokaliteten,4624,BJØRNAFJORDEN,46,Vestland,60.177216,5.72195,3,Karmøy til Sotra,
13,2023,33937,Nørholmen,ikke-medikamentell,,,,,,deler av lokaliteten,1573,SMØLA,15,Møre og Romsdal,63.338917,8.2718,6,Nordmøre og Sør-Trøndelag,
13,2023,12209,Rønstad,ikke-medikamentell,,,,,,hele lokaliteten,1577,VOLDA,15,Møre og Romsdal,62.135117,6.021433,5,Stadt til Hustadvika,
13,2023,12794,Rundklumpen,ikke-medikamentell,,,,,,hele lokaliteten,5057,ØRLAND,50,Trøndelag,63.801315,9.607583,6,Nordmøre og Sør-Trøndelag,
13,2023,13243,Sandvika,ikke-medikamentell,,,,,,deler av lokaliteten,1577,VOLDA,15,Møre og Romsdal,62.195667,5.904417,5,Stadt til Hustadvika,
13,2023,34117,Skåtholmen,ikke-medikamentell,,,,,,deler av lokaliteten,4624,BJØRNAFJORDEN,46,Vestland,60.17177,5.563633,3,Karmøy til Sotra,
13,2023,39657,Skipperdalsneset,ikke-medikamentell,,,,,,deler av lokaliteten,4648,BREMANGER,46,Vestland,61.80602,5.0683,4,Nordhordaland til Stadt,
13,2023,25896,Skorpo,ikke-medikamentell,,,,,,deler av lokaliteten,4616,TYSNES,46,Vestland,59.875767,5.638817,3,Karmøy til Sotra,
13,2023,12108,Skorpo Nv,ikke-medikamentell,,,,,,deler av lokaliteten,4617,KVINNHERAD,46,Vestland,59.95323,5.827133,3,Karmøy til Sotra,
13,2023,38577,Skreda,ikke-medikamentell,,,,,,deler av lokaliteten,4636,SOLUND,46,Vestland,61.14635,5.08115,4,Nordhordaland til Stadt,
13,2023,31117,Skrubbo,ikke-medikamentell,,,,,,hele lokaliteten,4624,BJØRNAFJORDEN,46,Vestland,60.15632,5.713217,3,Karmøy til Sotra,
13,2023,13644,Tepstad,ikke-medikamentell,,,,,,deler av lokaliteten,4630,OSTERØY,46,Vestland,60.5549,5.381767,4,Nordhordaland til Stadt,
13,2023,27315,Vikane 1,ikke-medikamentell,,,,,,deler av lokaliteten,4618,ULLENSVANG,46,Vestland,60.263668,6.208383,3,Karmøy til Sotra,
12,2023,13563,Angelskår,ikke-medikamentell,,,,,,deler av lokaliteten,4630,OSTERØY,46,Vestland,60.523335,5.352617,4,Nordhordaland til Stadt,
12,2023,29016,Båfjordstranda,ikke-medikamentell,,,,,,deler av lokaliteten,5060,NÆRØYSUND,50,Trøndelag,64.964485,11.59435,7,Nord-Trøndelag med Bindal,
12,2023,11754,Bøøy,ikke-medikamentell,,,,,,hele lokaliteten,4631,ALVER,46,Vestland,60.727882,4.8641,4,Nordhordaland til Stadt,
12,2023,11543,Buholmen,medikamentell,badebehandling,Azamethiphos,,,,deler av lokaliteten,4625,AUSTEVOLL,46,Vestland,60.020466,5.080083,3,Karmøy til Sotra,
12,2023,11543,Buholmen,ikke-medikamentell,,,,,,deler av lokaliteten,4625,AUSTEVOLL,46,Vestland,60.020466,5.080083,3,Karmøy til Sotra,
12,2023,20455,Djupevika,ikke-medikamentell,,,,,,deler av lokaliteten,4617,KVINNHERAD,46,Vestland,60.04095,6.009367,3,Karmøy til Sotra,
12,2023,13870,Eikebærånæ,ikke-medikamentell,,,,,,deler av lokaliteten,4631,ALVER,46,Vestland,60.563232,5.3535,4,Nordhordaland til Stadt,
12,2023,11893,Fosså,medikamentell,fôrbehandling,Emamectin benzoat,,,,hele lokaliteten,1133,HJELMELAND,11,Rogaland,59.2699,6.14295,2,Ryfylke,
12,2023,13669,Furneset,medikamentell,badebehandling,Azamethiphos,,,,deler av lokaliteten,1535,VESTNES,15,Møre og Romsdal,62.6461,7.101183,5,Stadt til Hustadvika,
12,2023,30297,Krabbholmen,ikke-medikamentell,,,,,,deler av lokaliteten,5058,ÅFJORD,50,Trøndelag,63.944485,9.8814,6,Nordmøre og Sør-Trøndelag,
12,2023,33177,Krabbholmen II,ikke-medikamentell,,,,,,deler av lokaliteten,5058,ÅFJORD,50,Trøndelag,63.94,9.886633,6,Nordmøre og Sør-Trøndelag,
12,2023,11633,Krossholmen,ikke-medikamentell,,,,,,hele lokaliteten,4613,BØMLO,46,Vestland,59.7879,5.100533,3,Karmøy til Sotra,
12,2023,26295,Langøy,ikke-medikamentell,,,,,,hele lokaliteten,4631,ALVER,46,Vestland,60.77947,5.16,4,Nordhordaland til Stadt,
12,2023,12870,Leite,ikke-medikamentell,,,,,,deler av lokaliteten,1554,AVERØY,15,Møre og Romsdal,63.035767,7.677383,6,Nordmøre og Sør-Trøndelag,
12,2023,28396,Lindarholmen,medikamentell,badebehandling,Hydrogenperoksid,,,,hele lokaliteten,4616,TYSNES,46,Vestland,60.083866,5.63925,3,Karmøy til Sotra,
12,2023,40137,Lønngrunnen,ikke-medikamentell,,,,,,deler av lokaliteten,5057,ØRLAND,50,Trøndelag,63.937534,9.779517,6,Nordmøre og Sør-Trøndelag,
12,2023,33337,Lyngnes,ikke-medikamentell,,,,,,deler av lokaliteten,4624,BJØRNAFJORDEN,46,Vestland,60.119682,5.719817,3,Karmøy til Sotra,
12,2023,32977,Måren,ikke-medikamentell,,,,,,hele lokaliteten,4638,HØYANGER,46,Vestland,61.152668,6.1167,4,Nordhordaland til Stadt,
12,2023,13629,Munkholmen,medikamentell,fôrbehandling,Emamectin benzoat,,,,hele lokaliteten,1146,TYSVÆR,11,Rogaland,59.285484,5.631317,2,Ryfylke,
12,2023,13629,Munkholmen,medikamentell,fôrbehandling,Emamectin benzoat,,,,hele lokaliteten,1146,TYSVÆR,11,Rogaland,59.285484,5.631317,2,Ryfylke,
12,2023,10136,Onarøy,medikamentell,badebehandling,Azamethiphos,,,,deler av lokaliteten,4616,TYSNES,46,Vestland,59.95335,5.669683,3,Karmøy til Sotra,
12,2023,19655,Ospeneset,ikke-medikamentell,,,,,,hele lokaliteten,4631,ALVER,46,Vestland,60.74687,5.268483,4,Nordhordaland til Stadt,
12,2023,11738,Otterholmen,ikke-medikamentell,,,,,,hele lokaliteten,4631,ALVER,46,Vestland,60.686417,4.908683,4,Nordhordaland til Stadt,
12,2023,12209,Rønstad,ikke-medikamentell,,,,,,deler av lokaliteten,1577,VOLDA,15,Møre og Romsdal,62.135117,6.021433,5,Stadt til Hustadvika,
12,2023,34117,Skåtholmen,ikke-medikamentell,,,,,,deler av lokaliteten,4624,BJØRNAFJORDEN,46,Vestland,60.17177,5.563633,3,Karmøy til Sotra,
12,2023,12108,Skorpo Nv,ikke-medikamentell,,,,,,deler av lokaliteten,4617,KVINNHERAD,46,Vestland,59.95323,5.827133,3,Karmøy til Sotra,
12,2023,13032,Sølvøyane,medikamentell,badebehandling,Azamethiphos,,,,deler av lokaliteten,4613,BØMLO,46,Vestland,59.609516,5.133367,3,Karmøy til Sotra,
12,2023,40017,Stangnes,medikamentell,badebehandling,Azamethiphos,,,,hele lokaliteten,5406,HAMMERFEST,54,Troms og Finnmark,70.51192,23.751883,12,Vest-Finnmark,
12,2023,13644,Tepstad,ikke-medikamentell,,,,,,deler av lokaliteten,4630,OSTERØY,46,Vestland,60.5549,5.381767,4,Nordhordaland til Stadt,
12,2023,31497,Toska N,ikke-medikamentell,,,,,,deler av lokaliteten,4631,ALVER,46,Vestland,60.66987,4.9172,4,Nordhordaland til Stadt,
11,2023,13563,Angelskår,ikke-medikamentell,,,,,,deler av lokaliteten,4630,OSTERØY,46,Vestland,60.523335,5.352617,4,Nordhordaland til Stadt,
11,2023,29016,Båfjordstranda,ikke-medikamentell,,,,,,deler av lokaliteten,5060,NÆRØYSUND,50,Trøndelag,64.964485,11.59435,7,Nord-Trøndelag med Bindal,
11,2023,31038,Buarøy,medikamentell,badebehandling,Azamethiphos,,,,hele lokaliteten,4626,ØYGARDEN,46,Vestland,60.220066,5.21455,3,Karmøy til Sotra,
11,2023,12361,Bukkholmen S,ikke-medikamentell,,,,,,deler av lokaliteten,5014,FRØYA,50,Trøndelag,63.72378,8.8621,6,Nordmøre og Sør-Trøndelag,
11,2023,21336,Djupeleget,ikke-medikamentell,,,,,,deler av lokaliteten,4638,HØYANGER,46,Vestland,61.16942,5.80735,4,Nordhordaland til Stadt,
11,2023,13241,Endal Vest,ikke-medikamentell,,,,,,hele lokaliteten,4648,BREMANGER,46,Vestland,61.909832,5.464267,4,Nordhordaland til Stadt,
11,2023,11893,Fosså,medikamentell,fôrbehandling,Emamectin benzoat,,,,hele lokaliteten,1133,HJELMELAND,11,Rogaland,59.2699,6.14295,2,Ryfylke,
11,2023,13669,Furneset,medikamentell,badebehandling,Azamethiphos,,,,deler av lokaliteten,1535,VESTNES,15,Møre og Romsdal,62.6461,7.101183,5,Stadt til Hustadvika,
11,2023,17177,Grunneneset,ikke-medikamentell,,,,,,hele lokaliteten,4648,BREMANGER,46,Vestland,61.89445,5.34815,4,Nordhordaland til Stadt,
11,2023,24035,Håvikvågen S,ikke-medikamentell,,,,,,deler av lokaliteten,4624,BJØRNAFJORDEN,46,Vestland,60.170483,5.699283,3,Karmøy til Sotra,
11,2023,10291,Hiskholmen,ikke-medikamentell,,,,,,deler av lokaliteten,4613,BØMLO,46,Vestland,59.72585,5.144717,3,Karmøy til Sotra,
11,2023,11652,Kjeppevikholmen,ikke-medikamentell,,,,,,deler av lokaliteten,4631,ALVER,46,Vestland,60.543617,5.035133,4,Nordhordaland til Stadt,
11,2023,20595,Kyrholmen S,medikamentell,badebehandling,Azamethiphos,,,,deler av lokaliteten,4625,AUSTEVOLL,46,Vestland,60.161583,5.207633,3,Karmøy til Sotra,
11,2023,13234,Kysnes,ikke-medikamentell,,,,,,hele lokaliteten,4618,ULLENSVANG,46,Vestland,60.1993,6.095417,3,Karmøy til Sotra,
11,2023,12993,Lamøya,ikke-medikamentell,,,,,,deler av lokaliteten,5014,FRØYA,50,Trøndelag,63.73305,8.854983,6,Nordmøre og Sør-Trøndelag,
11,2023,14086,Lelandsholmen,ikke-medikamentell,,,,,,hele lokaliteten,4613,BØMLO,46,Vestland,59.72855,5.152383,3,Karmøy til Sotra,
11,2023,13876,Litletveitholane,ikke-medikamentell,,,,,,hele lokaliteten,4630,OSTERØY,46,Vestland,60.479782,5.443633,4,Nordhordaland til Stadt,
11,2023,13629,Munkholmen,medikamentell,fôrbehandling,Emamectin benzoat,,,,hele lokaliteten,1146,TYSVÆR,11,Rogaland,59.285484,5.631317,2,Ryfylke,
11,2023,13629,Munkholmen,medikamentell,fôrbehandling,Emamectin benzoat,,,,hele lokaliteten,1146,TYSVÆR,11,Rogaland,59.285484,5.631317,2,Ryfylke,
11,2023,33937,Nørholmen,ikke-medikamentell,,,,,,deler av lokaliteten,1573,SMØLA,15,Møre og Romsdal,63.338917,8.2718,6,Nordmøre og Sør-Trøndelag,
11,2023,11770,Rotøy,ikke-medikamentell,,,,,,deler av lokaliteten,4626,ØYGARDEN,46,Vestland,60.68285,4.759833,4,Nordhordaland til Stadt,
11,2023,12884,Sandnesbukta,medikamentell,badebehandling,Azamethiphos,,,,hele lokaliteten,1506,MOLDE,15,Møre og Romsdal,62.737415,7.878516,5,Stadt til Hustadvika,
11,2023,12048,Skiftesneset N,ikke-medikamentell,,,,,,hele lokaliteten,4624,BJØRNAFJORDEN,46,Vestland,60.07472,5.736783,3,Karmøy til Sotra,
11,2023,13032,Sølvøyane,medikamentell,badebehandling,Azamethiphos,,,,deler av lokaliteten,4613,BØMLO,46,Vestland,59.609516,5.133367,3,Karmøy til Sotra,
11,2023,13568,Storevik,ikke-medikamentell,,,,,,deler av lokaliteten,4645,ASKVOLL,46,Vestland,61.47627,5.285,4,Nordhordaland til Stadt,
11,2023,31338,Storskjeret,ikke-medikamentell,,,,,,deler av lokaliteten,1576,AURE,15,Møre og Romsdal,63.27048,8.2298,6,Nordmøre og Sør-Trøndelag,
11,2023,11813,Svinøy V,ikke-medikamentell,,,,,,hele lokaliteten,4646,FJALER,46,Vestland,61.30475,5.101317,4,Nordhordaland til Stadt,
11,2023,13644,Tepstad,ikke-medikamentell,,,,,,deler av lokaliteten,4630,OSTERØY,46,Vestland,60.5549,5.381767,4,Nordhordaland til Stadt,
11,2023,29336,Trælsøyosen,medikamentell,badebehandling,Azamethiphos,,,,deler av lokaliteten,4625,AUSTEVOLL,46,Vestland,60.1178,5.2702,3,Karmøy til Sotra,
11,2023,30717,Tveitnes,ikke-medikamentell,,,,,,deler av lokaliteten,4622,KVAM,46,Vestland,60.41365,6.4012,3,Karmøy til Sotra,
10,2023,29816,Apalvikneset,ikke-medikamentell,,,,,,deler av lokaliteten,4618,ULLENSVANG,46,Vestland,60.146217,6.121133,3,Karmøy til Sotra,
10,2023,12156,Blom,ikke-medikamentell,,,,,,deler av lokaliteten,4630,OSTERØY,46,Vestland,60.436516,5.56465,4,Nordhordaland til Stadt,
10,2023,12466,Brettingen,ikke-medikamentell,,,,,,deler av lokaliteten,1573,SMØLA,15,Møre og Romsdal,63.3582,8.237267,6,Nordmøre og Sør-Trøndelag,
10,2023,14799,Djupestallen,ikke-medikamentell,,,,,,deler av lokaliteten,4616,TYSNES,46,Vestland,60.058968,5.452733,3,Karmøy til Sotra,
10,2023,45080,Hestvik,medikamentell,badebehandling,Deltamethrin,,,,deler av lokaliteten,1836,RØDØY,18,Nordland,66.581764,13.206917,8,Helgeland til Bodø,
10,2023,11665,Jibbersholmane,medikamentell,badebehandling,Azamethiphos,,,,deler av lokaliteten,4631,ALVER,46,Vestland,60.752533,4.884617,4,Nordhordaland til Stadt,
10,2023,10224,Korsneset,ikke-medikamentell,,,,,,deler av lokaliteten,5055,HEIM,50,Trøndelag,63.14268,8.225383,6,Nordmøre og Sør-Trøndelag,
10,2023,11719,Kråkenes,ikke-medikamentell,,,,,,deler av lokaliteten,4636,SOLUND,46,Vestland,61.05835,4.9203,4,Nordhordaland til Stadt,
10,2023,21676,Kråkholmen,medikamentell,fôrbehandling,Emamectin benzoat,,,,deler av lokaliteten,5049,FLATANGER,50,Trøndelag,64.60255,10.854067,7,Nord-Trøndelag med Bindal,
10,2023,14040,Krigsholmen,ikke-medikamentell,,,,,,hele lokaliteten,4625,AUSTEVOLL,46,Vestland,60.081383,5.124117,3,Karmøy til Sotra,
10,2023,12993,Lamøya,ikke-medikamentell,,,,,,deler av lokaliteten,5014,FRØYA,50,Trøndelag,63.73305,8.854983,6,Nordmøre og Sør-Trøndelag,
10,2023,21915,Matløyso,ikke-medikamentell,,,,,,deler av lokaliteten,4615,FITJAR,46,Vestland,59.952084,5.284933,3,Karmøy til Sotra,
10,2023,12019,Saltkjelen II,medikamentell,badebehandling,Azamethiphos,,,,deler av lokaliteten,4618,ULLENSVANG,46,Vestland,60.248016,6.2014,3,Karmøy til Sotra,
10,2023,31338,Storskjeret,ikke-medikamentell,,,,,,deler av lokaliteten,1576,AURE,15,Møre og Romsdal,63.27048,8.2298,6,Nordmøre og Sør-Trøndelag,
10,2023,14018,Toska S,medikamentell,badebehandling,Annet virkestoff,,,,hele lokaliteten,4631,ALVER,46,Vestland,60.627434,5.004367,4,Nordhordaland til Stadt,
10,2023,12077,Tveitnesvik,ikke-medikamentell,,,,,,deler av lokaliteten,4617,KVINNHERAD,46,Vestland,60.10592,6.20525,3,Karmøy til Sotra,
10,2023,32437,Urda,ikke-medikamentell,,,,,,deler av lokaliteten,1566,SURNADAL,15,Møre og Romsdal,63.0007,8.326967,6,Nordmøre og Sør-Trøndelag,
9,2023,12361,Bukkholmen S,medikamentell,badebehandling,Annet virkestoff,,,,deler av lokaliteten,5014,FRØYA,50,Trøndelag,63.72378,8.8621,6,Nordmøre og Sør-Trøndelag,
9,2023,21336,Djupeleget,ikke-medikamentell,,,,,,deler av lokaliteten,4638,HØYANGER,46,Vestland,61.16942,5.80735,4,Nordhordaland til Stadt,
9,2023,14799,Djupestallen,ikke-medikamentell,,,,,,deler av lokaliteten,4616,TYSNES,46,Vestland,60.058968,5.452733,3,Karmøy til Sotra,
9,2023,33617,Gjerde,ikke-medikamentell,,,,,,deler av lokaliteten,1576,AURE,15,Møre og Romsdal,63.299667,8.418333,6,Nordmøre og Sør-Trøndelag,
9,2023,14679,Hellfjorden,ikke-medikamentell,,,,,,deler av lokaliteten,1867,BØ I NORDLAND,18,Nordland,68.668365,14.8005,9,Vestfjorden og Vesterålen,
9,2023,11652,Kjeppevikholmen,ikke-medikamentell,,,,,,hele lokaliteten,4631,ALVER,46,Vestland,60.543617,5.035133,4,Nordhordaland til Stadt,
9,2023,36297,Kjeringeholmen,medikamentell,fôrbehandling,Emamectin benzoat,,,,deler av lokaliteten,4645,ASKVOLL,46,Vestland,61.390984,4.982833,4,Nordhordaland til Stadt,
9,2023,21676,Kråkholmen,medikamentell,fôrbehandling,Emamectin benzoat,,,,deler av lokaliteten,5049,FLATANGER,50,Trøndelag,64.60255,10.854067,7,Nord-Trøndelag med Bindal,
9,2023,12993,Lamøya,medikamentell,badebehandling,Annet virkestoff,,,,deler av lokaliteten,5014,FRØYA,50,Trøndelag,63.73305,8.854983,6,Nordmøre og Sør-Trøndelag,
9,2023,19355,Låva,medikamentell,badebehandling,Azamethiphos,,,,deler av lokaliteten,1103,STAVANGER,11,Rogaland,59.2966,5.990283,2,Ryfylke,
9,2023,21915,Matløyso,ikke-medikamentell,,,,,,deler av lokaliteten,4615,FITJAR,46,Vestland,59.952084,5.284933,3,Karmøy til Sotra,
9,2023,11611,Naveide,ikke-medikamentell,,,,,,deler av lokaliteten,4625,AUSTEVOLL,46,Vestland,60.1386,5.110533,3,Karmøy til Sotra,
9,2023,11320,Oksøy,ikke-medikamentell,,,,,,deler av lokaliteten,1848,STEIGEN,18,Nordland,67.97493,15.310767,9,Vestfjorden og Vesterålen,
9,2023,15403,Olderøy,medikamentell,badebehandling,Azamethiphos,,,,deler av lokaliteten,4636,SOLUND,46,Vestland,61.10195,4.711383,4,Nordhordaland til Stadt,
9,2023,11964,Ringja,medikamentell,fôrbehandling,Emamectin benzoat,,,,deler av lokaliteten,1146,TYSVÆR,11,Rogaland,59.405468,5.8631,2,Ryfylke,
9,2023,13243,Sandvika,ikke-medikamentell,,,,,,deler av lokaliteten,1577,VOLDA,15,Møre og Romsdal,62.195667,5.904417,5,Stadt til Hustadvika,
9,2023,18898,Skaftå,ikke-medikamentell,,,,,,deler av lokaliteten,4630,OSTERØY,46,Vestland,60.458084,5.631333,4,Nordhordaland til Stadt,
9,2023,39657,Skipperdalsneset,ikke-medikamentell,,,,,,deler av lokaliteten,4648,BREMANGER,46,Vestland,61.80602,5.0683,4,Nordhordaland til Stadt,
9,2023,23375,Sørevik,ikke-medikamentell,,,,,,hele lokaliteten,4638,HØYANGER,46,Vestland,61.099983,5.729967,4,Nordhordaland til Stadt,
9,2023,35817,Storevika,medikamentell,badebehandling,Azamethiphos,,,,hele lokaliteten,1804,BODØ,18,Nordland,67.18557,14.388433,8,Helgeland til Bodø,
9,2023,31338,Storskjeret,ikke-medikamentell,,,,,,deler av lokaliteten,1576,AURE,15,Møre og Romsdal,63.27048,8.2298,6,Nordmøre og Sør-Trøndelag,
9,2023,12081,Straumneset,ikke-medikamentell,,,,,,deler av lokaliteten,4618,ULLENSVANG,46,Vestland,60.221333,6.140133,3,Karmøy til Sotra,
9,2023,10332,Trommo,medikamentell,badebehandling,Annet virkestoff,,,,deler av lokaliteten,4617,KVINNHERAD,46,Vestland,60.0833,6.082633,3,Karmøy til Sotra,
9,2023,10332,Trommo,medikamentell,badebehandling,Annet virkestoff,,,,deler av lokaliteten,4617,KVINNHERAD,46,Vestland,60.0833,6.082633,3,Karmøy til Sotra,
9,2023,10029,Tuholmane Ø,medikamentell,badebehandling,Azamethiphos,,,,hele lokaliteten,1149,KARMØY,11,Rogaland,59.371235,5.216333,3,Karmøy til Sotra,
9,2023,13246,Voldnes,ikke-medikamentell,,,,,,hele lokaliteten,1515,HERØY I MØRE OG ROMSDAL,15,Møre og Romsdal,62.2097,5.7849,5,Stadt til Hustadvika,
9,2023,17495,Vullum,ikke-medikamentell,,,,,,deler av lokaliteten,5055,HEIM,50,Trøndelag,63.04965,8.2162,6,Nordmøre og Sør-Trøndelag,
8,2023,13563,Angelskår,ikke-medikamentell,,,,,,deler av lokaliteten,4630,OSTERØY,46,Vestland,60.523335,5.352617,4,Nordhordaland til Stadt,
8,2023,20897,Gisløy S,medikamentell,badebehandling,Azamethiphos,,,,deler av lokaliteten,1868,ØKSNES,18,Nordland,68.94144,15.30745,9,Vestfjorden og Vesterålen,
8,2023,33617,Gjerde,ikke-medikamentell,,,,,,deler av lokaliteten,1576,AURE,15,Møre og Romsdal,63.299667,8.418333,6,Nordmøre og Sør-Trøndelag,
8,2023,19995,Hagahammaren,ikke-medikamentell,,,,,,deler av lokaliteten,1576,AURE,15,Møre og Romsdal,63.137917,8.0306,6,Nordmøre og Sør-Trøndelag,
8,2023,13838,Hegnes,medikamentell,badebehandling,Azamethiphos,,,,deler av lokaliteten,4646,FJALER,46,Vestland,61.356335,5.284667,4,Nordhordaland til Stadt,
8,2023,19939,Høysteinen,medikamentell,badebehandling,Annet virkestoff,,,,deler av lokaliteten,4617,KVINNHERAD,46,Vestland,60.157417,6.050117,3,Karmøy til Sotra,
8,2023,36297,Kjeringeholmen,medikamentell,fôrbehandling,Emamectin benzoat,,,,deler av lokaliteten,4645,ASKVOLL,46,Vestland,61.390984,4.982833,4,Nordhordaland til Stadt,
8,2023,13567,Knappen Solheim,medikamentell,badebehandling,Azamethiphos,,,,deler av lokaliteten,4634,MASFJORDEN,46,Vestland,60.8852,5.462083,4,Nordhordaland til Stadt,
8,2023,45002,Korsvika,ikke-medikamentell,,,,,,deler av lokaliteten,1834,LURØY,18,Nordland,66.57847,12.691067,8,Helgeland til Bodø,
8,2023,21676,Kråkholmen,medikamentell,fôrbehandling,Emamectin benzoat,,,,deler av lokaliteten,5049,FLATANGER,50,Trøndelag,64.60255,10.854067,7,Nord-Trøndelag med Bindal,
8,2023,12239,Kråknes,ikke-medikamentell,,,,,,deler av lokaliteten,1547,AUKRA,15,Møre og Romsdal,62.83185,6.9624,5,Stadt til Hustadvika,
8,2023,11803,Kyravika,medikamentell,badebehandling,Azamethiphos,,,,deler av lokaliteten,4646,FJALER,46,Vestland,61.31722,5.160283,4,Nordhordaland til Stadt,
8,2023,13055,Langøyna Ø,medikamentell,badebehandling,Azamethiphos,,,,deler av lokaliteten,1146,TYSVÆR,11,Rogaland,59.2983,5.713333,2,Ryfylke,
8,2023,19355,Låva,medikamentell,badebehandling,Azamethiphos,,,,deler av lokaliteten,1103,STAVANGER,11,Rogaland,59.2966,5.990283,2,Ryfylke,
8,2023,10990,Lille Åsvær,medikamentell,badebehandling,Annet virkestoff,,,,deler av lokaliteten,1827,DØNNA,18,Nordland,66.22887,12.312267,8,Helgeland til Bodø,
8,2023,10990,Lille Åsvær,ikke-medikamentell,,,,,,deler av lokaliteten,1827,DØNNA,18,Nordland,66.22887,12.312267,8,Helgeland til Bodø,
8,2023,12966,Lindvik,medikamentell,fôrbehandling,Emamectin benzoat,,,,deler av lokaliteten,1160,VINDAFJORD,11,Rogaland,59.474068,5.976433,2,Ryfylke,
8,2023,36757,Lubben,medikamentell,fôrbehandling,Annet virkestoff,,,,deler av lokaliteten,5423,KARLSØY,54,Troms og Finnmark,69.936714,19.832184,11,Kvaløya til Loppa,
8,2023,12047,Mjåneset,ikke-medikamentell,,,,,,deler av lokaliteten,4624,BJØRNAFJORDEN,46,Vestland,60.177216,5.72195,3,Karmøy til Sotra,
8,2023,27055,Oddane,medikamentell,badebehandling,Azamethiphos,,,,deler av lokaliteten,4602,KINN,46,Vestland,61.540367,4.968933,4,Nordhordaland til Stadt,
8,2023,10136,Onarøy,medikamentell,badebehandling,Azamethiphos,,,,deler av lokaliteten,4616,TYSNES,46,Vestland,59.95335,5.669683,3,Karmøy til Sotra,
8,2023,45029,Ramnøya N,medikamentell,badebehandling,Annet virkestoff,,,,deler av lokaliteten,1827,DØNNA,18,Nordland,66.243484,12.294183,8,Helgeland til Bodø,
8,2023,45029,Ramnøya N,ikke-medikamentell,,,,,,deler av lokaliteten,1827,DØNNA,18,Nordland,66.243484,12.294183,8,Helgeland til Bodø,
8,2023,11964,Ringja,medikamentell,fôrbehandling,Emamectin benzoat,,,,deler av lokaliteten,1146,TYSVÆR,11,Rogaland,59.405468,5.8631,2,Ryfylke,
8,2023,19855,Segelråa,ikke-medikamentell,,,,,,deler av lokaliteten,1576,AURE,15,Møre og Romsdal,63.149746,8.12855,6,Nordmøre og Sør-Trøndelag,
8,2023,18898,Skaftå,ikke-medikamentell,,,,,,deler av lokaliteten,4630,OSTERØY,46,Vestland,60.458084,5.631333,4,Nordhordaland til Stadt,
8,2023,10660,Skinnstakkvika,medikamentell,fôrbehandling,Emamectin benzoat,,,,hele lokaliteten,5434,MÅSØY,54,Troms og Finnmark,70.88918,24.944717,12,Vest-Finnmark,
8,2023,18657,Skredstivik,ikke-medikamentell,,,,,,deler av lokaliteten,4637,HYLLESTAD,46,Vestland,61.15495,5.133333,4,Nordhordaland til Stadt,
8,2023,13644,Tepstad,ikke-medikamentell,,,,,,deler av lokaliteten,4630,OSTERØY,46,Vestland,60.5549,5.381767,4,Nordhordaland til Stadt,
8,2023,12662,Ternskjæret II,ikke-medikamentell,,,,,,deler av lokaliteten,5007,NAMSOS,50,Trøndelag,64.77713,11.639767,7,Nord-Trøndelag med Bindal,
8,2023,45058,Urdaneset,ikke-medikamentell,,,,,,hele lokaliteten,1525,STRANDA,15,Møre og Romsdal,62.319283,6.978617,5,Stadt til Hustadvika,
8,2023,13246,Voldnes,ikke-medikamentell,,,,,,deler av lokaliteten,1515,HERØY I MØRE OG ROMSDAL,15,Møre og Romsdal,62.2097,5.7849,5,Stadt til Hustadvika,
8,2023,32617,Ytre Koven,medikamentell,fôrbehandling,Emamectin benzoat,,,,hele lokaliteten,5403,ALTA,54,Troms og Finnmark,70.1421,22.89265,12,Vest-Finnmark,
7,2023,13563,Angelskår,ikke-medikamentell,,,,,,deler av lokaliteten,4630,OSTERØY,46,Vestland,60.523335,5.352617,4,Nordhordaland til Stadt,
7,2023,45017,Bakfjorden,medikamentell,fôrbehandling,Emamectin benzoat,,,,hele lokaliteten,5434,MÅSØY,54,Troms og Finnmark,70.87483,24.616966,12,Vest-Finnmark,
7,2023,36118,Bremnesøya,medikamentell,badebehandling,Azamethiphos,,,,hele lokaliteten,1870,SORTLAND,18,Nordland,68.82377,15.400217,9,Vestfjorden og Vesterålen,
7,2023,24315,Gjæsingen,medikamentell,badebehandling,Azamethiphos,,,,deler av lokaliteten,5058,ÅFJORD,50,Trøndelag,64.117615,9.981417,6,Nordmøre og Sør-Trøndelag,
7,2023,11318,Hallvardøy,medikamentell,badebehandling,Azamethiphos,,,,deler av lokaliteten,1851,LØDINGEN,18,Nordland,68.37497,15.317333,9,Vestfjorden og Vesterålen,
7,2023,12895,Halsbukta,ikke-medikamentell,,,,,,deler av lokaliteten,1560,TINGVOLL,15,Møre og Romsdal,63.077866,8.143283,6,Nordmøre og Sør-Trøndelag,
7,2023,19939,Høysteinen,medikamentell,badebehandling,Annet virkestoff,,,,deler av lokaliteten,4617,KVINNHERAD,46,Vestland,60.157417,6.050117,3,Karmøy til Sotra,
7,2023,12224,Isane,medikamentell,fôrbehandling,Diflubenzuron,,,,hele lokaliteten,4648,BREMANGER,46,Vestland,61.87715,5.723383,4,Nordhordaland til Stadt,
7,2023,13573,Kistvika,ikke-medikamentell,,,,,,deler av lokaliteten,5055,HEIM,50,Trøndelag,63.384,9.171467,6,Nordmøre og Sør-Trøndelag,
7,2023,13567,Knappen Solheim,medikamentell,badebehandling,Azamethiphos,,,,deler av lokaliteten,4634,MASFJORDEN,46,Vestland,60.8852,5.462083,4,Nordhordaland til Stadt,
7,2023,13567,Knappen Solheim,medikamentell,badebehandling,Azamethiphos,,,,deler av lokaliteten,4634,MASFJORDEN,46,Vestland,60.8852,5.462083,4,Nordhordaland til Stadt,
7,2023,21676,Kråkholmen,medikamentell,fôrbehandling,Emamectin benzoat,,,,deler av lokaliteten,5049,FLATANGER,50,Trøndelag,64.60255,10.854067,7,Nord-Trøndelag med Bindal,
7,2023,12239,Kråknes,ikke-medikamentell,,,,,,deler av lokaliteten,1547,AUKRA,15,Møre og Romsdal,62.83185,6.9624,5,Stadt til Hustadvika,
7,2023,11633,Krossholmen,medikamentell,badebehandling,Azamethiphos,,,,deler av lokaliteten,4613,BØMLO,46,Vestland,59.7879,5.100533,3,Karmøy til Sotra,
7,2023,10990,Lille Åsvær,medikamentell,badebehandling,Annet virkestoff,,,,deler av lokaliteten,1827,DØNNA,18,Nordland,66.22887,12.312267,8,Helgeland til Bodø,
7,2023,10990,Lille Åsvær,ikke-medikamentell,,,,,,deler av lokaliteten,1827,DØNNA,18,Nordland,66.22887,12.312267,8,Helgeland til Bodø,
7,2023,36757,Lubben,medikamentell,fôrbehandling,Annet virkestoff,,,,deler av lokaliteten,5423,KARLSØY,54,Troms og Finnmark,69.936714,19.832184,11,Kvaløya til Loppa,
7,2023,33337,Lyngnes,ikke-medikamentell,,,,,,deler av lokaliteten,4624,BJØRNAFJORDEN,46,Vestland,60.119682,5.719817,3,Karmøy til Sotra,
7,2023,32977,Måren,ikke-medikamentell,,,,,,deler av lokaliteten,4638,HØYANGER,46,Vestland,61.152668,6.1167,4,Nordhordaland til Stadt,
7,2023,26435,Mjølsvik,medikamentell,badebehandling,Azamethiphos,,,,deler av lokaliteten,4638,HØYANGER,46,Vestland,61.112484,6.04255,4,Nordhordaland til Stadt,
7,2023,26435,Mjølsvik,ikke-medikamentell,,,,,,hele lokaliteten,4638,HØYANGER,46,Vestland,61.112484,6.04255,4,Nordhordaland til Stadt,
7,2023,10136,Onarøy,medikamentell,badebehandling,Azamethiphos,,,,deler av lokaliteten,4616,TYSNES,46,Vestland,59.95335,5.669683,3,Karmøy til Sotra,
7,2023,45029,Ramnøya N,medikamentell,badebehandling,Annet virkestoff,,,,deler av lokaliteten,1827,DØNNA,18,Nordland,66.243484,12.294183,8,Helgeland til Bodø,
7,2023,45029,Ramnøya N,ikke-medikamentell,,,,,,deler av lokaliteten,1827,DØNNA,18,Nordland,66.243484,12.294183,8,Helgeland til Bodø,
7,2023,20796,Skarbukta,medikamentell,badebehandling,Azamethiphos,,,,deler av lokaliteten,1535,VESTNES,15,Møre og Romsdal,62.59785,7.367717,5,Stadt til Hustadvika,
7,2023,12048,Skiftesneset N,ikke-medikamentell,,,,,,hele lokaliteten,4624,BJØRNAFJORDEN,46,Vestland,60.07472,5.736783,3,Karmøy til Sotra,
7,2023,10660,Skinnstakkvika,medikamentell,fôrbehandling,Emamectin benzoat,,,,hele lokaliteten,5434,MÅSØY,54,Troms og Finnmark,70.88918,24.944717,12,Vest-Finnmark,
7,2023,38577,Skreda,ikke-medikamentell,,,,,,deler av lokaliteten,4636,SOLUND,46,Vestland,61.14635,5.08115,4,Nordhordaland til Stadt,
7,2023,18657,Skredstivik,ikke-medikamentell,,,,,,deler av lokaliteten,4637,HYLLESTAD,46,Vestland,61.15495,5.133333,4,Nordhordaland til Stadt,
7,2023,40037,Smedholmen,medikamentell,fôrbehandling,Emamectin benzoat,,,,hele lokaliteten,1146,TYSVÆR,11,Rogaland,59.344616,5.8946,2,Ryfylke,
7,2023,13644,Tepstad,ikke-medikamentell,,,,,,deler av lokaliteten,4630,OSTERØY,46,Vestland,60.5549,5.381767,4,Nordhordaland til Stadt,
7,2023,11351,Trollvika,medikamentell,fôrbehandling,Emamectin benzoat,,,,deler av lokaliteten,5412,TJELDSUND,54,Troms og Finnmark,68.71725,17.022217,10,Andøya til Senja,
7,2023,32337,Veiesund,ikke-medikamentell,,,,,,deler av lokaliteten,4602,KINN,46,Vestland,61.57187,5.047283,4,Nordhordaland til Stadt,
7,2023,12839,Vindsnes,ikke-medikamentell,,,,,,hele lokaliteten,1578,FJORD,15,Møre og Romsdal,62.28533,7.2802,5,Stadt til Hustadvika,
7,2023,32617,Ytre Koven,medikamentell,fôrbehandling,Emamectin benzoat,,,,hele lokaliteten,5403,ALTA,54,Troms og Finnmark,70.1421,22.89265,12,Vest-Finnmark,
6,2023,10331,Åkre,medikamentell,badebehandling,Annet virkestoff,,,,deler av lokaliteten,4617,KVINNHERAD,46,Vestland,60.11283,6.044717,3,Karmøy til Sotra,
6,2023,45017,Bakfjorden,medikamentell,fôrbehandling,Emamectin benzoat,,,,hele lokaliteten,5434,MÅSØY,54,Troms og Finnmark,70.87483,24.616966,12,Vest-Finnmark,
6,2023,11930,Bjelkavik,medikamentell,fôrbehandling,Teflubenzuron,,,,hele lokaliteten,1134,SULDAL,11,Rogaland,59.45165,5.991917,2,Ryfylke,
6,2023,11930,Bjelkavik,medikamentell,fôrbehandling,Teflubenzuron,,,,hele lokaliteten,1134,SULDAL,11,Rogaland,59.45165,5.991917,2,Ryfylke,
6,2023,11399,Bogelva,medikamentell,badebehandling,Azamethiphos,,,,deler av lokaliteten,5411,KVÆFJORD,54,Troms og Finnmark,68.6565,15.90035,10,Andøya til Senja,
6,2023,10212,Bogen,medikamentell,badebehandling,Annet virkestoff,,,,deler av lokaliteten,1505,KRISTIANSUND,15,Møre og Romsdal,63.076782,7.9046,6,Nordmøre og Sør-Trøndelag,
6,2023,11543,Buholmen,medikamentell,badebehandling,Azamethiphos,,,,deler av lokaliteten,4625,AUSTEVOLL,46,Vestland,60.020466,5.080083,3,Karmøy til Sotra,
6,2023,21336,Djupeleget,ikke-medikamentell,,,,,,hele lokaliteten,4638,HØYANGER,46,Vestland,61.16942,5.80735,4,Nordhordaland til Stadt,
6,2023,10110,Djupevik,ikke-medikamentell,,,,,,deler av lokaliteten,1103,STAVANGER,11,Rogaland,59.1474,5.863783,2,Ryfylke,
6,2023,25895,Flornes,medikamentell,badebehandling,Hydrogenperoksid,,,,deler av lokaliteten,4616,TYSNES,46,Vestland,59.890984,5.665983,3,Karmøy til Sotra,
6,2023,31357,Geitryggen,medikamentell,fôrbehandling,Emamectin benzoat,,,,hele lokaliteten,5060,NÆRØYSUND,50,Trøndelag,64.75127,11.189217,7,Nord-Trøndelag med Bindal,
6,2023,11530,Gissøysundet S,ikke-medikamentell,,,,,,deler av lokaliteten,4613,BØMLO,46,Vestland,59.623585,5.160067,3,Karmøy til Sotra,
6,2023,25695,Gjerde,ikke-medikamentell,,,,,,deler av lokaliteten,1516,ULSTEIN,15,Møre og Romsdal,62.259983,5.929183,5,Stadt til Hustadvika,
6,2023,11657,Gråvika,ikke-medikamentell,,,,,,deler av lokaliteten,4635,GULEN,46,Vestland,60.863083,4.935283,4,Nordhordaland til Stadt,
6,2023,14035,Guleskjeret,ikke-medikamentell,,,,,,hele lokaliteten,4636,SOLUND,46,Vestland,61.041134,4.79225,4,Nordhordaland til Stadt,
6,2023,11318,Hallvardøy,medikamentell,badebehandling,Azamethiphos,,,,deler av lokaliteten,1851,LØDINGEN,18,Nordland,68.37497,15.317333,9,Vestfjorden og Vesterålen,
6,2023,38217,Hardbakkeneset,ikke-medikamentell,,,,,,deler av lokaliteten,4635,GULEN,46,Vestland,61.01673,4.950517,4,Nordhordaland til Stadt,
6,2023,18015,Hestabyneset,ikke-medikamentell,,,,,,deler av lokaliteten,4616,TYSNES,46,Vestland,59.953632,5.4514,3,Karmøy til Sotra,
6,2023,34397,Hyseneset,medikamentell,fôrbehandling,Emamectin benzoat,,,,deler av lokaliteten,4635,GULEN,46,Vestland,60.86,4.963083,4,Nordhordaland til Stadt,
6,2023,12224,Isane,medikamentell,fôrbehandling,Diflubenzuron,,,,hele lokaliteten,4648,BREMANGER,46,Vestland,61.87715,5.723383,4,Nordhordaland til Stadt,
6,2023,11633,Krossholmen,medikamentell,badebehandling,Azamethiphos,,,,deler av lokaliteten,4613,BØMLO,46,Vestland,59.7879,5.100533,3,Karmøy til Sotra,
6,2023,11633,Krossholmen,ikke-medikamentell,,,,,,hele lokaliteten,4613,BØMLO,46,Vestland,59.7879,5.100533,3,Karmøy til Sotra,
6,2023,13055,Langøyna Ø,medikamentell,badebehandling,Azamethiphos,,,,deler av lokaliteten,1146,TYSVÆR,11,Rogaland,59.2983,5.713333,2,Ryfylke,
6,2023,33337,Lyngnes,ikke-medikamentell,,,,,,deler av lokaliteten,4624,BJØRNAFJORDEN,46,Vestland,60.119682,5.719817,3,Karmøy til Sotra,
6,2023,13541,Midtflua,ikke-medikamentell,,,,,,deler av lokaliteten,4616,TYSNES,46,Vestland,60.076633,5.467067,3,Karmøy til Sotra,
6,2023,27055,Oddane,ikke-medikamentell,,,,,,deler av lokaliteten,4602,KINN,46,Vestland,61.540367,4.968933,4,Nordhordaland til Stadt,
6,2023,11320,Oksøy,medikamentell,badebehandling,Azamethiphos,,,,deler av lokaliteten,1848,STEIGEN,18,Nordland,67.97493,15.310767,9,Vestfjorden og Vesterålen,
6,2023,10550,Skardbergvika,medikamentell,badebehandling,Azamethiphos,,,,deler av lokaliteten,5414,GRATANGEN,54,Troms og Finnmark,68.728386,17.309683,10,Andøya til Senja,
6,2023,36177,Skjellesvika,ikke-medikamentell,,,,,,deler av lokaliteten,5402,HARSTAD,54,Troms og Finnmark,68.91143,16.645132,10,Andøya til Senja,
6,2023,13568,Storevik,ikke-medikamentell,,,,,,deler av lokaliteten,4645,ASKVOLL,46,Vestland,61.47627,5.285,4,Nordhordaland til Stadt,
6,2023,22335,Storvika,ikke-medikamentell,,,,,,hele lokaliteten,1579,HUSTADVIKA,15,Møre og Romsdal,62.8021,6.977733,5,Stadt til Hustadvika,
6,2023,11813,Svinøy V,medikamentell,badebehandling,Azamethiphos,,,,deler av lokaliteten,4646,FJALER,46,Vestland,61.30475,5.101317,4,Nordhordaland til Stadt,
6,2023,31497,Toska N,ikke-medikamentell,,,,,,deler av lokaliteten,4631,ALVER,46,Vestland,60.66987,4.9172,4,Nordhordaland til Stadt,
6,2023,11351,Trollvika,medikamentell,fôrbehandling,Emamectin benzoat,,,,deler av lokaliteten,5412,TJELDSUND,54,Troms og Finnmark,68.71725,17.022217,10,Andøya til Senja,
6,2023,32437,Urda,ikke-medikamentell,,,,,,deler av lokaliteten,1566,SURNADAL,15,Møre og Romsdal,63.0007,8.326967,6,Nordmøre og Sør-Trøndelag,
6,2023,32337,Veiesund,ikke-medikamentell,,,,,,deler av lokaliteten,4602,KINN,46,Vestland,61.57187,5.047283,4,Nordhordaland til Stadt,
5,2023,12988,Aukrasanden,ikke-medikamentell,,,,,,deler av lokaliteten,1547,AUKRA,15,Møre og Romsdal,62.783417,6.92605,5,Stadt til Hustadvika,
5,2023,45017,Bakfjorden,medikamentell,fôrbehandling,Emamectin benzoat,,,,hele lokaliteten,5434,MÅSØY,54,Troms og Finnmark,70.87483,24.616966,12,Vest-Finnmark,
5,2023,11930,Bjelkavik,medikamentell,fôrbehandling,Teflubenzuron,,,,hele lokaliteten,1134,SULDAL,11,Rogaland,59.45165,5.991917,2,Ryfylke,
5,2023,11930,Bjelkavik,medikamentell,fôrbehandling,Teflubenzuron,,,,hele lokaliteten,1134,SULDAL,11,Rogaland,59.45165,5.991917,2,Ryfylke,
5,2023,31738,Bjørga,ikke-medikamentell,,,,,,deler av lokaliteten,5419,SØRREISA,54,Troms og Finnmark,69.153984,17.948418,10,Andøya til Senja,
5,2023,10212,Bogen,medikamentell,badebehandling,Annet virkestoff,,,,deler av lokaliteten,1505,KRISTIANSUND,15,Møre og Romsdal,63.076782,7.9046,6,Nordmøre og Sør-Trøndelag,
5,2023,11543,Buholmen,medikamentell,badebehandling,Azamethiphos,,,,deler av lokaliteten,4625,AUSTEVOLL,46,Vestland,60.020466,5.080083,3,Karmøy til Sotra,
5,2023,11543,Buholmen,ikke-medikamentell,,,,,,deler av lokaliteten,4625,AUSTEVOLL,46,Vestland,60.020466,5.080083,3,Karmøy til Sotra,
5,2023,25895,Flornes,medikamentell,badebehandling,Hydrogenperoksid,,,,deler av lokaliteten,4616,TYSNES,46,Vestland,59.890984,5.665983,3,Karmøy til Sotra,
5,2023,13874,Fyllingsnes S,ikke-medikamentell,,,,,,hele lokaliteten,4631,ALVER,46,Vestland,60.5821,5.4001,4,Nordhordaland til Stadt,
5,2023,31357,Geitryggen,medikamentell,fôrbehandling,Emamectin benzoat,,,,hele lokaliteten,5060,NÆRØYSUND,50,Trøndelag,64.75127,11.189217,7,Nord-Trøndelag med Bindal,
5,2023,14035,Guleskjeret,ikke-medikamentell,,,,,,deler av lokaliteten,4636,SOLUND,46,Vestland,61.041134,4.79225,4,Nordhordaland til Stadt,
5,2023,38217,Hardbakkeneset,ikke-medikamentell,,,,,,deler av lokaliteten,4635,GULEN,46,Vestland,61.01673,4.950517,4,Nordhordaland til Stadt,
5,2023,24035,Håvikvågen S,ikke-medikamentell,,,,,,hele lokaliteten,4624,BJØRNAFJORDEN,46,Vestland,60.170483,5.699283,3,Karmøy til Sotra,
5,2023,33218,Hosenøyan,ikke-medikamentell,,,,,,deler av lokaliteten,5058,ÅFJORD,50,Trøndelag,64.08518,9.884683,6,Nordmøre og Sør-Trøndelag,
5,2023,34397,Hyseneset,medikamentell,fôrbehandling,Emamectin benzoat,,,,deler av lokaliteten,4635,GULEN,46,Vestland,60.86,4.963083,4,Nordhordaland til Stadt,
5,2023,12224,Isane,medikamentell,fôrbehandling,Diflubenzuron,,,,hele lokaliteten,4648,BREMANGER,46,Vestland,61.87715,5.723383,4,Nordhordaland til Stadt,
5,2023,12660,Kipholmen,ikke-medikamentell,,,,,,deler av lokaliteten,5060,NÆRØYSUND,50,Trøndelag,64.79403,11.690367,7,Nord-Trøndelag med Bindal,
5,2023,11689,Kjerringneset,ikke-medikamentell,,,,,,deler av lokaliteten,4635,GULEN,46,Vestland,60.960217,5.107183,4,Nordhordaland til Stadt,
5,2023,45002,Korsvika,ikke-medikamentell,,,,,,deler av lokaliteten,1834,LURØY,18,Nordland,66.57847,12.691067,8,Helgeland til Bodø,
5,2023,22775,Kvaløya,ikke-medikamentell,,,,,,deler av lokaliteten,5060,NÆRØYSUND,50,Trøndelag,65.001915,11.058617,7,Nord-Trøndelag med Bindal,
5,2023,12213,Kvangardsnes,ikke-medikamentell,,,,,,deler av lokaliteten,1577,VOLDA,15,Møre og Romsdal,62.145317,5.94545,5,Stadt til Hustadvika,
5,2023,11116,Langholmen,ikke-medikamentell,,,,,,deler av lokaliteten,1838,GILDESKÅL,18,Nordland,67.05783,14.025333,8,Helgeland til Bodø,
5,2023,34257,Lekafjorden II,medikamentell,badebehandling,Azamethiphos,,,,deler av lokaliteten,5052,LEKA,50,Trøndelag,65.07878,11.724033,7,Nord-Trøndelag med Bindal,
5,2023,14043,Lybergsvika,medikamentell,badebehandling,Annet virkestoff,,,,deler av lokaliteten,1539,RAUMA,15,Møre og Romsdal,62.64515,7.450533,5,Stadt til Hustadvika,
5,2023,33337,Lyngnes,ikke-medikamentell,,,,,,deler av lokaliteten,4624,BJØRNAFJORDEN,46,Vestland,60.119682,5.719817,3,Karmøy til Sotra,
5,2023,32977,Måren,ikke-medikamentell,,,,,,deler av lokaliteten,4638,HØYANGER,46,Vestland,61.152668,6.1167,4,Nordhordaland til Stadt,
5,2023,36117,Matvika,medikamentell,badebehandling,Azamethiphos,,,,deler av lokaliteten,1845,SØRFOLD,18,Nordland,67.528,15.359683,9,Vestfjorden og Vesterålen,
5,2023,35617,Mulnesodden,medikamentell,fôrbehandling,Emamectin benzoat,,,,hele lokaliteten,1838,GILDESKÅL,18,Nordland,67.14398,14.2799,8,Helgeland til Bodø,
5,2023,11320,Oksøy,medikamentell,badebehandling,Azamethiphos,,,,deler av lokaliteten,1848,STEIGEN,18,Nordland,67.97493,15.310767,9,Vestfjorden og Vesterålen,
5,2023,15403,Olderøy,medikamentell,fôrbehandling,Emamectin benzoat,,,,hele lokaliteten,4636,SOLUND,46,Vestland,61.10195,4.711383,4,Nordhordaland til Stadt,
5,2023,39937,Orholmen,ikke-medikamentell,,,,,,deler av lokaliteten,1547,AUKRA,15,Møre og Romsdal,62.77625,6.78015,5,Stadt til Hustadvika,
5,2023,13243,Sandvika,medikamentell,badebehandling,Azamethiphos,,,,deler av lokaliteten,1577,VOLDA,15,Møre og Romsdal,62.195667,5.904417,5,Stadt til Hustadvika,
5,2023,28296,Skommesvik,medikamentell,badebehandling,Azamethiphos,,,,deler av lokaliteten,5411,KVÆFJORD,54,Troms og Finnmark,68.71633,16.037283,10,Andøya til Senja,
5,2023,25896,Skorpo,medikamentell,badebehandling,Hydrogenperoksid,,,,deler av lokaliteten,4616,TYSNES,46,Vestland,59.875767,5.638817,3,Karmøy til Sotra,
5,2023,12108,Skorpo Nv,ikke-medikamentell,,,,,,deler av lokaliteten,4617,KVINNHERAD,46,Vestland,59.95323,5.827133,3,Karmøy til Sotra,
5,2023,31117,Skrubbo,ikke-medikamentell,,,,,,deler av lokaliteten,4624,BJØRNAFJORDEN,46,Vestland,60.15632,5.713217,3,Karmøy til Sotra,
5,2023,15456,Søreide,ikke-medikamentell,,,,,,deler av lokaliteten,4638,HØYANGER,46,Vestland,61.1056,5.8536,4,Nordhordaland til Stadt,
5,2023,13125,Storvika,medikamentell,badebehandling,Azamethiphos,,,,deler av lokaliteten,1837,MELØY,18,Nordland,66.80845,13.24255,8,Helgeland til Bodø,
5,2023,22335,Storvika,ikke-medikamentell,,,,,,deler av lokaliteten,1579,HUSTADVIKA,15,Møre og Romsdal,62.8021,6.977733,5,Stadt til Hustadvika,
5,2023,12662,Ternskjæret II,ikke-medikamentell,,,,,,deler av lokaliteten,5007,NAMSOS,50,Trøndelag,64.77713,11.639767,7,Nord-Trøndelag med Bindal,
5,2023,33677,Torvund,medikamentell,badebehandling,Azamethiphos,,,,deler av lokaliteten,4638,HØYANGER,46,Vestland,61.14467,5.656367,4,Nordhordaland til Stadt,
5,2023,12077,Tveitnesvik,ikke-medikamentell,,,,,,deler av lokaliteten,4617,KVINNHERAD,46,Vestland,60.10592,6.20525,3,Karmøy til Sotra,
5,2023,45058,Urdaneset,ikke-medikamentell,,,,,,deler av lokaliteten,1525,STRANDA,15,Møre og Romsdal,62.319283,6.978617,5,Stadt til Hustadvika,
5,2023,35517,Vadholmen,ikke-medikamentell,,,,,,deler av lokaliteten,4626,ØYGARDEN,46,Vestland,60.695,4.761117,4,Nordhordaland til Stadt,
5,2023,24155,Ytre Jøvik,medikamentell,fôrbehandling,Annet virkestoff,,,,deler av lokaliteten,5421,SENJA,54,Troms og Finnmark,69.42218,17.3398,10,Andøya til Senja,
4,2023,13563,Angelskår,ikke-medikamentell,,,,,,deler av lokaliteten,4630,OSTERØY,46,Vestland,60.523335,5.352617,4,Nordhordaland til Stadt,
4,2023,29816,Apalvikneset,medikamentell,badebehandling,Hydrogenperoksid,,,,deler av lokaliteten,4618,ULLENSVANG,46,Vestland,60.146217,6.121133,3,Karmøy til Sotra,
4,2023,29816,Apalvikneset,ikke-medikamentell,,,,,,deler av lokaliteten,4618,ULLENSVANG,46,Vestland,60.146217,6.121133,3,Karmøy til Sotra,
4,2023,31738,Bjørga,ikke-medikamentell,,,,,,deler av lokaliteten,5419,SØRREISA,54,Troms og Finnmark,69.153984,17.948418,10,Andøya til Senja,
4,2023,12156,Blom,ikke-medikamentell,,,,,,deler av lokaliteten,4630,OSTERØY,46,Vestland,60.436516,5.56465,4,Nordhordaland til Stadt,
4,2023,12040,Brandaskuta,medikamentell,fôrbehandling,Diflubenzuron,,,,deler av lokaliteten,4617,KVINNHERAD,46,Vestland,59.975735,5.909183,3,Karmøy til Sotra,
4,2023,28336,Breivika,medikamentell,badebehandling,Azamethiphos,,,,deler av lokaliteten,1827,DØNNA,18,Nordland,66.1609,12.68205,8,Helgeland til Bodø,
4,2023,10338,Djupevik,medikamentell,badebehandling,Annet virkestoff,,,,deler av lokaliteten,4622,KVAM,46,Vestland,60.406715,6.35625,3,Karmøy til Sotra,
4,2023,20455,Djupevika,ikke-medikamentell,,,,,,deler av lokaliteten,4617,KVINNHERAD,46,Vestland,60.04095,6.009367,3,Karmøy til Sotra,
4,2023,31157,Fiksneset,ikke-medikamentell,,,,,,hele lokaliteten,4626,ØYGARDEN,46,Vestland,60.176884,5.124833,3,Karmøy til Sotra,
4,2023,16939,Fornes,medikamentell,badebehandling,Azamethiphos,,,,hele lokaliteten,1851,LØDINGEN,18,Nordland,68.410484,15.435433,9,Vestfjorden og Vesterålen,
4,2023,39917,Fureneset,ikke-medikamentell,,,,,,deler av lokaliteten,4648,BREMANGER,46,Vestland,61.79855,5.131133,4,Nordhordaland til Stadt,
4,2023,10317,Garvik,ikke-medikamentell,,,,,,hele lokaliteten,4645,ASKVOLL,46,Vestland,61.31663,4.979333,4,Nordhordaland til Stadt,
4,2023,31577,Haneholmen,ikke-medikamentell,,,,,,deler av lokaliteten,4650,GLOPPEN,46,Vestland,61.839718,6.10055,4,Nordhordaland til Stadt,
4,2023,24035,Håvikvågen S,medikamentell,badebehandling,Azamethiphos,,,,deler av lokaliteten,4624,BJØRNAFJORDEN,46,Vestland,60.170483,5.699283,3,Karmøy til Sotra,
4,2023,12224,Isane,ikke-medikamentell,,,,,,hele lokaliteten,4648,BREMANGER,46,Vestland,61.87715,5.723383,4,Nordhordaland til Stadt,
4,2023,11269,Jektvika I,medikamentell,badebehandling,Azamethiphos,,,,deler av lokaliteten,1845,SØRFOLD,18,Nordland,67.53062,15.44515,9,Vestfjorden og Vesterålen,
4,2023,24455,Klavelandet,medikamentell,fôrbehandling,Emamectin benzoat,,,,deler av lokaliteten,4602,KINN,46,Vestland,61.60395,5.186533,4,Nordhordaland til Stadt,
4,2023,30216,Kvitfloget,ikke-medikamentell,,,,,,deler av lokaliteten,5421,SENJA,54,Troms og Finnmark,69.14508,17.6465,10,Andøya til Senja,
4,2023,11116,Langholmen,ikke-medikamentell,,,,,,deler av lokaliteten,1838,GILDESKÅL,18,Nordland,67.05783,14.025333,8,Helgeland til Bodø,
4,2023,13055,Langøyna Ø,medikamentell,badebehandling,Azamethiphos,,,,deler av lokaliteten,1146,TYSVÆR,11,Rogaland,59.2983,5.713333,2,Ryfylke,
4,2023,34257,Lekafjorden II,medikamentell,badebehandling,Azamethiphos,,,,deler av lokaliteten,5052,LEKA,50,Trøndelag,65.07878,11.724033,7,Nord-Trøndelag med Bindal,
4,2023,23056,Lekangsund II,ikke-medikamentell,,,,,,deler av lokaliteten,5421,SENJA,54,Troms og Finnmark,69.03768,17.264133,10,Andøya til Senja,
4,2023,13876,Litletveitholane,ikke-medikamentell,,,,,,hele lokaliteten,4630,OSTERØY,46,Vestland,60.479782,5.443633,4,Nordhordaland til Stadt,
4,2023,14043,Lybergsvika,medikamentell,badebehandling,Annet virkestoff,,,,deler av lokaliteten,1539,RAUMA,15,Møre og Romsdal,62.64515,7.450533,5,Stadt til Hustadvika,
4,2023,36117,Matvika,medikamentell,badebehandling,Azamethiphos,,,,deler av lokaliteten,1845,SØRFOLD,18,Nordland,67.528,15.359683,9,Vestfjorden og Vesterålen,
4,2023,35617,Mulnesodden,medikamentell,fôrbehandling,Emamectin benzoat,,,,hele lokaliteten,1838,GILDESKÅL,18,Nordland,67.14398,14.2799,8,Helgeland til Bodø,
4,2023,30559,Øksneset,medikamentell,badebehandling,Azamethiphos,,,,hele lokaliteten,4632,AUSTRHEIM,46,Vestland,60.81255,4.862317,4,Nordhordaland til Stadt,
4,2023,15403,Olderøy,medikamentell,fôrbehandling,Emamectin benzoat,,,,hele lokaliteten,4636,SOLUND,46,Vestland,61.10195,4.711383,4,Nordhordaland til Stadt,
4,2023,13554,Overåneset,ikke-medikamentell,,,,,,hele lokaliteten,1525,STRANDA,15,Møre og Romsdal,62.294285,7.12155,5,Stadt til Hustadvika,
4,2023,11854,Pinnen,medikamentell,badebehandling,Azamethiphos,,,,deler av lokaliteten,4207,FLEKKEFJORD,42,Agder,58.221966,6.68495,1,Svenskegrensen til Jæren,
4,2023,12209,Rønstad,medikamentell,badebehandling,Azamethiphos,,,,deler av lokaliteten,1577,VOLDA,15,Møre og Romsdal,62.135117,6.021433,5,Stadt til Hustadvika,
4,2023,11770,Rotøy,ikke-medikamentell,,,,,,deler av lokaliteten,4626,ØYGARDEN,46,Vestland,60.68285,4.759833,4,Nordhordaland til Stadt,
4,2023,13249,Sagelva,medikamentell,fôrbehandling,Emamectin benzoat,,,,hele lokaliteten,1520,ØRSTA,15,Møre og Romsdal,62.33795,6.3815,5,Stadt til Hustadvika,
4,2023,18898,Skaftå,medikamentell,badebehandling,Hydrogenperoksid,,,,deler av lokaliteten,4630,OSTERØY,46,Vestland,60.458084,5.631333,4,Nordhordaland til Stadt,
4,2023,18898,Skaftå,ikke-medikamentell,,,,,,deler av lokaliteten,4630,OSTERØY,46,Vestland,60.458084,5.631333,4,Nordhordaland til Stadt,
4,2023,10216,Skåren,ikke-medikamentell,,,,,,deler av lokaliteten,5055,HEIM,50,Trøndelag,63.076283,8.191733,6,Nordmøre og Sør-Trøndelag,
4,2023,34117,Skåtholmen,ikke-medikamentell,,,,,,deler av lokaliteten,4624,BJØRNAFJORDEN,46,Vestland,60.17177,5.563633,3,Karmøy til Sotra,
4,2023,36177,Skjellesvika,medikamentell,fôrbehandling,Emamectin benzoat,,,,hele lokaliteten,5402,HARSTAD,54,Troms og Finnmark,68.91143,16.645132,10,Andøya til Senja,
4,2023,36177,Skjellesvika,medikamentell,fôrbehandling,Emamectin benzoat,,,,hele lokaliteten,5402,HARSTAD,54,Troms og Finnmark,68.91143,16.645132,10,Andøya til Senja,
4,2023,28296,Skommesvik,medikamentell,badebehandling,Azamethiphos,,,,deler av lokaliteten,5411,KVÆFJORD,54,Troms og Finnmark,68.71633,16.037283,10,Andøya til Senja,
4,2023,25896,Skorpo,medikamentell,badebehandling,Hydrogenperoksid,,,,deler av lokaliteten,4616,TYSNES,46,Vestland,59.875767,5.638817,3,Karmøy til Sotra,
4,2023,12108,Skorpo Nv,ikke-medikamentell,,,,,,deler av lokaliteten,4617,KVINNHERAD,46,Vestland,59.95323,5.827133,3,Karmøy til Sotra,
4,2023,31338,Storskjeret,medikamentell,badebehandling,Azamethiphos,,,,deler av lokaliteten,1576,AURE,15,Møre og Romsdal,63.27048,8.2298,6,Nordmøre og Sør-Trøndelag,
4,2023,31338,Storskjeret,medikamentell,badebehandling,Azamethiphos,,,,deler av lokaliteten,1576,AURE,15,Møre og Romsdal,63.27048,8.2298,6,Nordmøre og Sør-Trøndelag,
4,2023,13125,Storvika,medikamentell,badebehandling,Azamethiphos,,,,deler av lokaliteten,1837,MELØY,18,Nordland,66.80845,13.24255,8,Helgeland til Bodø,
4,2023,22335,Storvika,ikke-medikamentell,,,,,,deler av lokaliteten,1579,HUSTADVIKA,15,Møre og Romsdal,62.8021,6.977733,5,Stadt til Hustadvika,
4,2023,40118,Svindalen I,ikke-medikamentell,,,,,,deler av lokaliteten,1871,ANDØY,18,Nordland,68.92783,15.42875,9,Vestfjorden og Vesterålen,
4,2023,13644,Tepstad,ikke-medikamentell,,,,,,deler av lokaliteten,4630,OSTERØY,46,Vestland,60.5549,5.381767,4,Nordhordaland til Stadt,
4,2023,10332,Trommo,medikamentell,badebehandling,Azamethiphos,,,,deler av lokaliteten,4617,KVINNHERAD,46,Vestland,60.0833,6.082633,3,Karmøy til Sotra,
4,2023,30717,Tveitnes,medikamentell,badebehandling,Annet virkestoff,,,,deler av lokaliteten,4622,KVAM,46,Vestland,60.41365,6.4012,3,Karmøy til Sotra,
4,2023,14678,Uvåg,medikamentell,fôrbehandling,Emamectin benzoat,,,,hele lokaliteten,1867,BØ I NORDLAND,18,Nordland,68.65971,14.6805,9,Vestfjorden og Vesterålen,
4,2023,32337,Veiesund,ikke-medikamentell,,,,,,deler av lokaliteten,4602,KINN,46,Vestland,61.57187,5.047283,4,Nordhordaland til Stadt,
4,2023,29936,Ystadneset,medikamentell,badebehandling,Hydrogenperoksid,,,,deler av lokaliteten,4617,KVINNHERAD,46,Vestland,59.977932,5.77565,3,Karmøy til Sotra,
4,2023,24155,Ytre Jøvik,medikamentell,fôrbehandling,Annet virkestoff,,,,deler av lokaliteten,5421,SENJA,54,Troms og Finnmark,69.42218,17.3398,10,Andøya til Senja,
3,2023,12988,Aukrasanden,ikke-medikamentell,,,,,,deler av lokaliteten,1547,AUKRA,15,Møre og Romsdal,62.783417,6.92605,5,Stadt til Hustadvika,
3,2023,12625,Bjørgan,ikke-medikamentell,,,,,,deler av lokaliteten,5049,FLATANGER,50,Trøndelag,64.59268,10.908333,7,Nord-Trøndelag med Bindal,
3,2023,11754,Bøøy,ikke-medikamentell,,,,,,hele lokaliteten,4631,ALVER,46,Vestland,60.727882,4.8641,4,Nordhordaland til Stadt,
3,2023,12040,Brandaskuta,medikamentell,fôrbehandling,Diflubenzuron,,,,hele lokaliteten,4617,KVINNHERAD,46,Vestland,59.975735,5.909183,3,Karmøy til Sotra,
3,2023,12040,Brandaskuta,medikamentell,fôrbehandling,Diflubenzuron,,,,hele lokaliteten,4617,KVINNHERAD,46,Vestland,59.975735,5.909183,3,Karmøy til Sotra,
3,2023,28336,Breivika,medikamentell,badebehandling,Azamethiphos,,,,deler av lokaliteten,1827,DØNNA,18,Nordland,66.1609,12.68205,8,Helgeland til Bodø,
3,2023,32897,Breivika S,medikamentell,badebehandling,Azamethiphos,,,,deler av lokaliteten,1827,DØNNA,18,Nordland,66.1581,12.682017,8,Helgeland til Bodø,
3,2023,33537,Buholmen,medikamentell,badebehandling,Azamethiphos,,,,deler av lokaliteten,5058,ÅFJORD,50,Trøndelag,64.1569,10.008917,6,Nordmøre og Sør-Trøndelag,
3,2023,12361,Bukkholmen S,medikamentell,badebehandling,Annet virkestoff,,,,deler av lokaliteten,5014,FRØYA,50,Trøndelag,63.72378,8.8621,6,Nordmøre og Sør-Trøndelag,
3,2023,14799,Djupestallen,ikke-medikamentell,,,,,,deler av lokaliteten,4616,TYSNES,46,Vestland,60.058968,5.452733,3,Karmøy til Sotra,
3,2023,20455,Djupevika,ikke-medikamentell,,,,,,deler av lokaliteten,4617,KVINNHERAD,46,Vestland,60.04095,6.009367,3,Karmøy til Sotra,
3,2023,11644,Duesund,ikke-medikamentell,,,,,,hele lokaliteten,4634,MASFJORDEN,46,Vestland,60.807835,5.2946,4,Nordhordaland til Stadt,
3,2023,12033,Dysvik,ikke-medikamentell,,,,,,deler av lokaliteten,4622,KVAM,46,Vestland,60.191017,5.967617,3,Karmøy til Sotra,
3,2023,13711,Dyvika,ikke-medikamentell,,,,,,hele lokaliteten,4645,ASKVOLL,46,Vestland,61.479282,5.375283,4,Nordhordaland til Stadt,
3,2023,13241,Endal Vest,ikke-medikamentell,,,,,,deler av lokaliteten,4648,BREMANGER,46,Vestland,61.909832,5.464267,4,Nordhordaland til Stadt,
3,2023,13527,Finnkjerka,medikamentell,fôrbehandling,Emamectin benzoat,,,,deler av lokaliteten,1866,HADSEL,18,Nordland,68.33945,15.0358,9,Vestfjorden og Vesterålen,
3,2023,21335,Floteneset,ikke-medikamentell,,,,,,hele lokaliteten,4638,HØYANGER,46,Vestland,61.1936,5.801617,4,Nordhordaland til Stadt,
3,2023,40297,Gnarnesvika,ikke-medikamentell,,,,,,hele lokaliteten,4602,KINN,46,Vestland,61.506382,5.05,4,Nordhordaland til Stadt,
3,2023,16755,Hageberg,ikke-medikamentell,,,,,,hele lokaliteten,4615,FITJAR,46,Vestland,59.944218,5.434733,3,Karmøy til Sotra,
3,2023,18717,Hammarvika,medikamentell,fôrbehandling,Emamectin benzoat,,,,hele lokaliteten,1838,GILDESKÅL,18,Nordland,67.132286,14.313183,8,Helgeland til Bodø,
3,2023,24035,Håvikvågen S,medikamentell,badebehandling,Azamethiphos,,,,deler av lokaliteten,4624,BJØRNAFJORDEN,46,Vestland,60.170483,5.699283,3,Karmøy til Sotra,
3,2023,13782,Helgeneshamn,medikamentell,fôrbehandling,Emamectin benzoat,,,,deler av lokaliteten,1866,HADSEL,18,Nordland,68.491585,15.2339,9,Vestfjorden og Vesterålen,
3,2023,14679,Hellfjorden,ikke-medikamentell,,,,,,deler av lokaliteten,1867,BØ I NORDLAND,18,Nordland,68.668365,14.8005,9,Vestfjorden og Vesterålen,
3,2023,32417,Hjartholmosen,ikke-medikamentell,,,,,,hele lokaliteten,4625,AUSTEVOLL,46,Vestland,60.004616,5.227633,3,Karmøy til Sotra,
3,2023,32757,Horgefjorden,medikamentell,fôrbehandling,Emamectin benzoat,,,,hele lokaliteten,4625,AUSTEVOLL,46,Vestland,60.100834,5.117067,3,Karmøy til Sotra,
3,2023,32757,Horgefjorden,medikamentell,fôrbehandling,Emamectin benzoat,,,,hele lokaliteten,4625,AUSTEVOLL,46,Vestland,60.100834,5.117067,3,Karmøy til Sotra,
3,2023,33218,Hosenøyan,medikamentell,badebehandling,Azamethiphos,,,,deler av lokaliteten,5058,ÅFJORD,50,Trøndelag,64.08518,9.884683,6,Nordmøre og Sør-Trøndelag,
3,2023,19939,Høysteinen,medikamentell,badebehandling,Azamethiphos,,,,deler av lokaliteten,4617,KVINNHERAD,46,Vestland,60.157417,6.050117,3,Karmøy til Sotra,
3,2023,11225,Juvågen,medikamentell,badebehandling,Azamethiphos,,,,hele lokaliteten,1868,ØKSNES,18,Nordland,68.91765,14.985133,9,Vestfjorden og Vesterålen,
3,2023,13242,Juvika B,ikke-medikamentell,,,,,,hele lokaliteten,4648,BREMANGER,46,Vestland,61.895683,5.6331,4,Nordhordaland til Stadt,
3,2023,27996,Kalvhodet,medikamentell,badebehandling,Azamethiphos,,,,hele lokaliteten,1865,VÅGAN,18,Nordland,68.33881,15.236583,9,Vestfjorden og Vesterålen,
3,2023,13573,Kistvika,ikke-medikamentell,,,,,,deler av lokaliteten,5055,HEIM,50,Trøndelag,63.384,9.171467,6,Nordmøre og Sør-Trøndelag,
3,2023,11112,Kjerkvika,ikke-medikamentell,,,,,,hele lokaliteten,1838,GILDESKÅL,18,Nordland,67.107864,14.268983,8,Helgeland til Bodø,
3,2023,45037,Kjølvika I,ikke-medikamentell,,,,,,hele lokaliteten,1838,GILDESKÅL,18,Nordland,67.174965,14.2901,8,Helgeland til Bodø,
3,2023,24455,Klavelandet,medikamentell,fôrbehandling,Emamectin benzoat,,,,deler av lokaliteten,4602,KINN,46,Vestland,61.60395,5.186533,4,Nordhordaland til Stadt,
3,2023,11534,Klungsholmen,medikamentell,badebehandling,Azamethiphos,,,,hele lokaliteten,4613,BØMLO,46,Vestland,59.596783,5.161567,3,Karmøy til Sotra,
3,2023,45002,Korsvika,ikke-medikamentell,,,,,,deler av lokaliteten,1834,LURØY,18,Nordland,66.57847,12.691067,8,Helgeland til Bodø,
3,2023,38957,Låderskjera,ikke-medikamentell,,,,,,deler av lokaliteten,1145,BOKN,11,Rogaland,59.194965,5.478617,2,Ryfylke,
3,2023,12993,Lamøya,medikamentell,badebehandling,Annet virkestoff,,,,deler av lokaliteten,5014,FRØYA,50,Trøndelag,63.73305,8.854983,6,Nordmøre og Sør-Trøndelag,
3,2023,10990,Lille Åsvær,medikamentell,badebehandling,Azamethiphos,,,,deler av lokaliteten,1827,DØNNA,18,Nordland,66.22887,12.312267,8,Helgeland til Bodø,
3,2023,12978,Lyngholmen,ikke-medikamentell,,,,,,deler av lokaliteten,4635,GULEN,46,Vestland,61.016933,5.007033,4,Nordhordaland til Stadt,
3,2023,12904,Merraberget,ikke-medikamentell,,,,,,deler av lokaliteten,1506,MOLDE,15,Møre og Romsdal,62.7838,8.27825,6,Nordmøre og Sør-Trøndelag,
3,2023,12047,Mjåneset,medikamentell,badebehandling,Azamethiphos,,,,deler av lokaliteten,4624,BJØRNAFJORDEN,46,Vestland,60.177216,5.72195,3,Karmøy til Sotra,
3,2023,12047,Mjåneset,ikke-medikamentell,,,,,,deler av lokaliteten,4624,BJØRNAFJORDEN,46,Vestland,60.177216,5.72195,3,Karmøy til Sotra,
3,2023,11864,Napp,ikke-medikamentell,,,,,,deler av lokaliteten,4207,FLEKKEFJORD,42,Agder,58.249035,6.536783,1,Svenskegrensen til Jæren,
3,2023,33937,Nørholmen,ikke-medikamentell,,,,,,deler av lokaliteten,1573,SMØLA,15,Møre og Romsdal,63.338917,8.2718,6,Nordmøre og Sør-Trøndelag,
3,2023,35897,Nye Hessvik,medikamentell,badebehandling,Azamethiphos,,,,deler av lokaliteten,4618,ULLENSVANG,46,Vestland,60.130184,6.126617,3,Karmøy til Sotra,
3,2023,15403,Olderøy,medikamentell,fôrbehandling,Emamectin benzoat,,,,hele lokaliteten,4636,SOLUND,46,Vestland,61.10195,4.711383,4,Nordhordaland til Stadt,
3,2023,19655,Ospeneset,ikke-medikamentell,,,,,,hele lokaliteten,4631,ALVER,46,Vestland,60.74687,5.268483,4,Nordhordaland til Stadt,
3,2023,11738,Otterholmen,ikke-medikamentell,,,,,,hele lokaliteten,4631,ALVER,46,Vestland,60.686417,4.908683,4,Nordhordaland til Stadt,
3,2023,11854,Pinnen,medikamentell,badebehandling,Azamethiphos,,,,deler av lokaliteten,4207,FLEKKEFJORD,42,Agder,58.221966,6.68495,1,Svenskegrensen til Jæren,
3,2023,11854,Pinnen,ikke-medikamentell,,,,,,deler av lokaliteten,4207,FLEKKEFJORD,42,Agder,58.221966,6.68495,1,Svenskegrensen til Jæren,
3,2023,10893,Rensøya N,ikke-medikamentell,,,,,,deler av lokaliteten,1835,TRÆNA,18,Nordland,66.50412,12.07285,8,Helgeland til Bodø,
3,2023,13249,Sagelva,medikamentell,fôrbehandling,Emamectin benzoat,,,,hele lokaliteten,1520,ØRSTA,15,Møre og Romsdal,62.33795,6.3815,5,Stadt til Hustadvika,
3,2023,24115,Singsholmen,ikke-medikamentell,,,,,,deler av lokaliteten,5056,HITRA,50,Trøndelag,63.419617,8.4127,6,Nordmøre og Sør-Trøndelag,
3,2023,34117,Skåtholmen,medikamentell,badebehandling,Azamethiphos,,,,deler av lokaliteten,4624,BJØRNAFJORDEN,46,Vestland,60.17177,5.563633,3,Karmøy til Sotra,
3,2023,12048,Skiftesneset N,medikamentell,badebehandling,Azamethiphos,,,,deler av lokaliteten,4624,BJØRNAFJORDEN,46,Vestland,60.07472,5.736783,3,Karmøy til Sotra,
3,2023,36177,Skjellesvika,medikamentell,fôrbehandling,Emamectin benzoat,,,,hele lokaliteten,5402,HARSTAD,54,Troms og Finnmark,68.91143,16.645132,10,Andøya til Senja,
3,2023,36177,Skjellesvika,medikamentell,fôrbehandling,Emamectin benzoat,,,,hele lokaliteten,5402,HARSTAD,54,Troms og Finnmark,68.91143,16.645132,10,Andøya til Senja,
3,2023,12108,Skorpo Nv,ikke-medikamentell,,,,,,deler av lokaliteten,4617,KVINNHERAD,46,Vestland,59.95323,5.827133,3,Karmøy til Sotra,
3,2023,38577,Skreda,medikamentell,fôrbehandling,Teflubenzuron,,,,hele lokaliteten,4636,SOLUND,46,Vestland,61.14635,5.08115,4,Nordhordaland til Stadt,
3,2023,31117,Skrubbo,medikamentell,badebehandling,Azamethiphos,,,,deler av lokaliteten,4624,BJØRNAFJORDEN,46,Vestland,60.15632,5.713217,3,Karmøy til Sotra,
3,2023,31338,Storskjeret,medikamentell,badebehandling,Azamethiphos,,,,deler av lokaliteten,1576,AURE,15,Møre og Romsdal,63.27048,8.2298,6,Nordmøre og Sør-Trøndelag,
3,2023,13124,Storstrompan,medikamentell,badebehandling,Azamethiphos,,,,deler av lokaliteten,1836,RØDØY,18,Nordland,66.54563,13.419083,8,Helgeland til Bodø,
3,2023,38697,Takflua,ikke-medikamentell,,,,,,deler av lokaliteten,5058,ÅFJORD,50,Trøndelag,63.980667,9.868733,6,Nordmøre og Sør-Trøndelag,
3,2023,13644,Tepstad,ikke-medikamentell,,,,,,deler av lokaliteten,4630,OSTERØY,46,Vestland,60.5549,5.381767,4,Nordhordaland til Stadt,
3,2023,30236,Toppsund V,medikamentell,badebehandling,Azamethiphos,,,,deler av lokaliteten,5402,HARSTAD,54,Troms og Finnmark,68.91164,16.2927,10,Andøya til Senja,
3,2023,31497,Toska N,medikamentell,badebehandling,Annet virkestoff,,,,hele lokaliteten,4631,ALVER,46,Vestland,60.66987,4.9172,4,Nordhordaland til Stadt,
3,2023,10332,Trommo,medikamentell,badebehandling,Azamethiphos,,,,deler av lokaliteten,4617,KVINNHERAD,46,Vestland,60.0833,6.082633,3,Karmøy til Sotra,
3,2023,14678,Uvåg,medikamentell,fôrbehandling,Emamectin benzoat,,,,hele lokaliteten,1867,BØ I NORDLAND,18,Nordland,68.65971,14.6805,9,Vestfjorden og Vesterålen,
3,2023,12839,Vindsnes,ikke-medikamentell,,,,,,hele lokaliteten,1578,FJORD,15,Møre og Romsdal,62.28533,7.2802,5,Stadt til Hustadvika,
3,2023,29936,Ystadneset,medikamentell,badebehandling,Hydrogenperoksid,,,,deler av lokaliteten,4617,KVINNHERAD,46,Vestland,59.977932,5.77565,3,Karmøy til Sotra,
2,2023,12067,Aldalen,medikamentell,badebehandling,Azamethiphos,,,,hele lokaliteten,4624,BJØRNAFJORDEN,46,Vestland,60.24995,5.571917,3,Karmøy til Sotra,
2,2023,13563,Angelskår,ikke-medikamentell,,,,,,deler av lokaliteten,4630,OSTERØY,46,Vestland,60.523335,5.352617,4,Nordhordaland til Stadt,
2,2023,13518,Angstauren,medikamentell,badebehandling,Azamethiphos,,,,deler av lokaliteten,5401,TROMSØ,54,Troms og Finnmark,69.695335,18.170267,11,Kvaløya til Loppa,
2,2023,35797,Årsetfjorden,ikke-medikamentell,,,,,,deler av lokaliteten,5060,NÆRØYSUND,50,Trøndelag,65.00819,11.746417,7,Nord-Trøndelag med Bindal,
2,2023,12988,Aukrasanden,ikke-medikamentell,,,,,,deler av lokaliteten,1547,AUKRA,15,Møre og Romsdal,62.783417,6.92605,5,Stadt til Hustadvika,
2,2023,12625,Bjørgan,ikke-medikamentell,,,,,,deler av lokaliteten,5049,FLATANGER,50,Trøndelag,64.59268,10.908333,7,Nord-Trøndelag med Bindal,
2,2023,12156,Blom,ikke-medikamentell,,,,,,deler av lokaliteten,4630,OSTERØY,46,Vestland,60.436516,5.56465,4,Nordhordaland til Stadt,
2,2023,12040,Brandaskuta,medikamentell,fôrbehandling,Diflubenzuron,,,,hele lokaliteten,4617,KVINNHERAD,46,Vestland,59.975735,5.909183,3,Karmøy til Sotra,
2,2023,12040,Brandaskuta,medikamentell,fôrbehandling,Diflubenzuron,,,,hele lokaliteten,4617,KVINNHERAD,46,Vestland,59.975735,5.909183,3,Karmøy til Sotra,
2,2023,34897,Brandsfjorden,ikke-medikamentell,,,,,,deler av lokaliteten,5058,ÅFJORD,50,Trøndelag,64.22307,10.279933,6,Nordmøre og Sør-Trøndelag,
2,2023,33537,Buholmen,medikamentell,badebehandling,Azamethiphos,,,,deler av lokaliteten,5058,ÅFJORD,50,Trøndelag,64.1569,10.008917,6,Nordmøre og Sør-Trøndelag,
2,2023,12361,Bukkholmen S,ikke-medikamentell,,,,,,deler av lokaliteten,5014,FRØYA,50,Trøndelag,63.72378,8.8621,6,Nordmøre og Sør-Trøndelag,
2,2023,37217,Dale,medikamentell,badebehandling,Azamethiphos,,,,hele lokaliteten,5402,HARSTAD,54,Troms og Finnmark,68.92503,16.3452,10,Andøya til Senja,
2,2023,37217,Dale,medikamentell,badebehandling,Deltamethrin,,,,hele lokaliteten,5402,HARSTAD,54,Troms og Finnmark,68.92503,16.3452,10,Andøya til Senja,
2,2023,20455,Djupevika,ikke-medikamentell,,,,,,deler av lokaliteten,4617,KVINNHERAD,46,Vestland,60.04095,6.009367,3,Karmøy til Sotra,
2,2023,10505,Dragnes,medikamentell,fôrbehandling,Emamectin benzoat,,,,hele lokaliteten,1866,HADSEL,18,Nordland,68.58393,14.707267,9,Vestfjorden og Vesterålen,
2,2023,13241,Endal Vest,ikke-medikamentell,,,,,,deler av lokaliteten,4648,BREMANGER,46,Vestland,61.909832,5.464267,4,Nordhordaland til Stadt,
2,2023,24575,Farmannsøya,medikamentell,badebehandling,Azamethiphos,,,,deler av lokaliteten,5058,ÅFJORD,50,Trøndelag,64.18452,10.1222,6,Nordmøre og Sør-Trøndelag,
2,2023,13527,Finnkjerka,medikamentell,fôrbehandling,Emamectin benzoat,,,,hele lokaliteten,1866,HADSEL,18,Nordland,68.33945,15.0358,9,Vestfjorden og Vesterålen,
2,2023,11833,Flåtegrunnen,ikke-medikamentell,,,,,,deler av lokaliteten,4602,KINN,46,Vestland,61.57565,4.80805,4,Nordhordaland til Stadt,
2,2023,31437,Fuglåsen,medikamentell,badebehandling,Azamethiphos,,,,deler av lokaliteten,1573,SMØLA,15,Møre og Romsdal,63.44715,8.167767,6,Nordmøre og Sør-Trøndelag,
2,2023,24315,Gjæsingen,ikke-medikamentell,,,,,,deler av lokaliteten,5058,ÅFJORD,50,Trøndelag,64.117615,9.981417,6,Nordmøre og Sør-Trøndelag,
2,2023,17177,Grunneneset,ikke-medikamentell,,,,,,hele lokaliteten,4648,BREMANGER,46,Vestland,61.89445,5.34815,4,Nordhordaland til Stadt,
2,2023,10318,Gulestø,ikke-medikamentell,,,,,,hele lokaliteten,4648,BREMANGER,46,Vestland,61.75802,5.069883,4,Nordhordaland til Stadt,
2,2023,18717,Hammarvika,medikamentell,fôrbehandling,Emamectin benzoat,,,,hele lokaliteten,1838,GILDESKÅL,18,Nordland,67.132286,14.313183,8,Helgeland til Bodø,
2,2023,13592,Hammer,ikke-medikamentell,,,,,,deler av lokaliteten,1848,STEIGEN,18,Nordland,67.95877,15.171667,9,Vestfjorden og Vesterålen,
2,2023,13782,Helgeneshamn,medikamentell,fôrbehandling,Emamectin benzoat,,,,hele lokaliteten,1866,HADSEL,18,Nordland,68.491585,15.2339,9,Vestfjorden og Vesterålen,
2,2023,14679,Hellfjorden,ikke-medikamentell,,,,,,deler av lokaliteten,1867,BØ I NORDLAND,18,Nordland,68.668365,14.8005,9,Vestfjorden og Vesterålen,
2,2023,18015,Hestabyneset,ikke-medikamentell,,,,,,deler av lokaliteten,4616,TYSNES,46,Vestland,59.953632,5.4514,3,Karmøy til Sotra,
2,2023,32757,Horgefjorden,medikamentell,fôrbehandling,Emamectin benzoat,,,,hele lokaliteten,4625,AUSTEVOLL,46,Vestland,60.100834,5.117067,3,Karmøy til Sotra,
2,2023,32757,Horgefjorden,medikamentell,fôrbehandling,Emamectin benzoat,,,,hele lokaliteten,4625,AUSTEVOLL,46,Vestland,60.100834,5.117067,3,Karmøy til Sotra,
2,2023,11112,Kjerkvika,ikke-medikamentell,,,,,,hele lokaliteten,1838,GILDESKÅL,18,Nordland,67.107864,14.268983,8,Helgeland til Bodø,
2,2023,45037,Kjølvika I,ikke-medikamentell,,,,,,hele lokaliteten,1838,GILDESKÅL,18,Nordland,67.174965,14.2901,8,Helgeland til Bodø,
2,2023,24455,Klavelandet,medikamentell,fôrbehandling,Emamectin benzoat,,,,deler av lokaliteten,4602,KINN,46,Vestland,61.60395,5.186533,4,Nordhordaland til Stadt,
2,2023,45070,Kristianneset,medikamentell,fôrbehandling,Emamectin benzoat,,,,deler av lokaliteten,5434,MÅSØY,54,Troms og Finnmark,70.8911,25.01295,12,Vest-Finnmark,
2,2023,18217,Kvaløy Ø,ikke-medikamentell,,,,,,hele lokaliteten,1149,KARMØY,11,Rogaland,59.396633,5.171083,3,Karmøy til Sotra,
2,2023,10041,Kviksholmen,ikke-medikamentell,,,,,,hele lokaliteten,4625,AUSTEVOLL,46,Vestland,60.054317,5.090733,3,Karmøy til Sotra,
2,2023,13234,Kysnes,medikamentell,badebehandling,Azamethiphos,,,,deler av lokaliteten,4618,ULLENSVANG,46,Vestland,60.1993,6.095417,3,Karmøy til Sotra,
2,2023,12993,Lamøya,ikke-medikamentell,,,,,,deler av lokaliteten,5014,FRØYA,50,Trøndelag,63.73305,8.854983,6,Nordmøre og Sør-Trøndelag,
2,2023,26295,Langøy,medikamentell,fôrbehandling,Diflubenzuron,,,,deler av lokaliteten,4631,ALVER,46,Vestland,60.77947,5.16,4,Nordhordaland til Stadt,
2,2023,10990,Lille Åsvær,medikamentell,badebehandling,Azamethiphos,,,,deler av lokaliteten,1827,DØNNA,18,Nordland,66.22887,12.312267,8,Helgeland til Bodø,
2,2023,28396,Lindarholmen,ikke-medikamentell,,,,,,deler av lokaliteten,4616,TYSNES,46,Vestland,60.083866,5.63925,3,Karmøy til Sotra,
2,2023,10292,Lyklingholmen N,ikke-medikamentell,,,,,,deler av lokaliteten,4613,BØMLO,46,Vestland,59.713833,5.155467,3,Karmøy til Sotra,
2,2023,33337,Lyngnes,ikke-medikamentell,,,,,,deler av lokaliteten,4624,BJØRNAFJORDEN,46,Vestland,60.119682,5.719817,3,Karmøy til Sotra,
2,2023,32977,Måren,ikke-medikamentell,,,,,,deler av lokaliteten,4638,HØYANGER,46,Vestland,61.152668,6.1167,4,Nordhordaland til Stadt,
2,2023,26435,Mjølsvik,medikamentell,badebehandling,Azamethiphos,,,,deler av lokaliteten,4638,HØYANGER,46,Vestland,61.112484,6.04255,4,Nordhordaland til Stadt,
2,2023,13293,Molgavlen,medikamentell,fôrbehandling,Emamectin benzoat,,,,hele lokaliteten,1865,VÅGAN,18,Nordland,68.30537,14.949933,9,Vestfjorden og Vesterålen,
2,2023,36077,Mollvika,ikke-medikamentell,,,,,,deler av lokaliteten,5402,HARSTAD,54,Troms og Finnmark,68.936584,16.723383,10,Andøya til Senja,
2,2023,34477,Nausttaren,ikke-medikamentell,,,,,,deler av lokaliteten,5020,OSEN,50,Trøndelag,64.389565,10.512533,6,Nordmøre og Sør-Trøndelag,
2,2023,24937,Nebbo,ikke-medikamentell,,,,,,deler av lokaliteten,4617,KVINNHERAD,46,Vestland,59.87075,5.725017,3,Karmøy til Sotra,
2,2023,38277,Nordre Skokkeløy,ikke-medikamentell,,,,,,deler av lokaliteten,5020,OSEN,50,Trøndelag,64.35658,10.424967,6,Nordmøre og Sør-Trøndelag,
2,2023,33937,Nørholmen,medikamentell,badebehandling,Azamethiphos,,,,deler av lokaliteten,1573,SMØLA,15,Møre og Romsdal,63.338917,8.2718,6,Nordmøre og Sør-Trøndelag,
2,2023,45077,Ørnhaugneset,ikke-medikamentell,,,,,,deler av lokaliteten,1875,HAMARØY,18,Nordland,67.98025,15.5878,9,Vestfjorden og Vesterålen,
2,2023,45029,Ramnøya N,medikamentell,badebehandling,Azamethiphos,,,,deler av lokaliteten,1827,DØNNA,18,Nordland,66.243484,12.294183,8,Helgeland til Bodø,
2,2023,29116,Reiråklakken,medikamentell,badebehandling,Azamethiphos,,,,deler av lokaliteten,1573,SMØLA,15,Møre og Romsdal,63.44995,8.167133,6,Nordmøre og Sør-Trøndelag,
2,2023,10086,Rekeviki,ikke-medikamentell,,,,,,hele lokaliteten,4631,ALVER,46,Vestland,60.723415,5.328583,4,Nordhordaland til Stadt,
2,2023,12784,Ringholmen,ikke-medikamentell,,,,,,deler av lokaliteten,5056,HITRA,50,Trøndelag,63.56,9.41005,6,Nordmøre og Sør-Trøndelag,
2,2023,19855,Segelråa,medikamentell,badebehandling,Annet virkestoff,,,,deler av lokaliteten,1576,AURE,15,Møre og Romsdal,63.149746,8.12855,6,Nordmøre og Sør-Trøndelag,
2,2023,34117,Skåtholmen,ikke-medikamentell,,,,,,deler av lokaliteten,4624,BJØRNAFJORDEN,46,Vestland,60.17177,5.563633,3,Karmøy til Sotra,
2,2023,12048,Skiftesneset N,ikke-medikamentell,,,,,,deler av lokaliteten,4624,BJØRNAFJORDEN,46,Vestland,60.07472,5.736783,3,Karmøy til Sotra,
2,2023,36177,Skjellesvika,medikamentell,fôrbehandling,Emamectin benzoat,,,,hele lokaliteten,5402,HARSTAD,54,Troms og Finnmark,68.91143,16.645132,10,Andøya til Senja,
2,2023,36177,Skjellesvika,medikamentell,fôrbehandling,Emamectin benzoat,,,,hele lokaliteten,5402,HARSTAD,54,Troms og Finnmark,68.91143,16.645132,10,Andøya til Senja,
2,2023,12108,Skorpo Nv,ikke-medikamentell,,,,,,deler av lokaliteten,4617,KVINNHERAD,46,Vestland,59.95323,5.827133,3,Karmøy til Sotra,
2,2023,38577,Skreda,medikamentell,fôrbehandling,Teflubenzuron,,,,hele lokaliteten,4636,SOLUND,46,Vestland,61.14635,5.08115,4,Nordhordaland til Stadt,
2,2023,12712,Slokkholmen Ø,ikke-medikamentell,,,,,,deler av lokaliteten,5052,LEKA,50,Trøndelag,65.03989,11.4847,7,Nord-Trøndelag med Bindal,
2,2023,35337,Småvær,ikke-medikamentell,,,,,,deler av lokaliteten,5401,TROMSØ,54,Troms og Finnmark,69.896866,18.486267,11,Kvaløya til Loppa,
2,2023,27436,Solværet,medikamentell,badebehandling,Annet virkestoff,,,,deler av lokaliteten,1573,SMØLA,15,Møre og Romsdal,63.255,7.856933,6,Nordmøre og Sør-Trøndelag,
2,2023,13032,Sølvøyane,ikke-medikamentell,,,,,,hele lokaliteten,4613,BØMLO,46,Vestland,59.609516,5.133367,3,Karmøy til Sotra,
2,2023,30537,Steinflesa,medikamentell,badebehandling,Azamethiphos,,,,deler av lokaliteten,5052,LEKA,50,Trøndelag,65.134834,11.515983,7,Nord-Trøndelag med Bindal,
2,2023,36100,Suholmen,ikke-medikamentell,,,,,,deler av lokaliteten,1573,SMØLA,15,Møre og Romsdal,63.494934,8.02235,6,Nordmøre og Sør-Trøndelag,
2,2023,11144,Svinvær,medikamentell,badebehandling,Azamethiphos,,,,deler av lokaliteten,1836,RØDØY,18,Nordland,66.769485,13.171383,8,Helgeland til Bodø,
2,2023,11144,Svinvær,ikke-medikamentell,,,,,,deler av lokaliteten,1836,RØDØY,18,Nordland,66.769485,13.171383,8,Helgeland til Bodø,
2,2023,13644,Tepstad,ikke-medikamentell,,,,,,deler av lokaliteten,4630,OSTERØY,46,Vestland,60.5549,5.381767,4,Nordhordaland til Stadt,
2,2023,30236,Toppsund V,medikamentell,badebehandling,Azamethiphos,,,,deler av lokaliteten,5402,HARSTAD,54,Troms og Finnmark,68.91164,16.2927,10,Andøya til Senja,
2,2023,14018,Toska S,ikke-medikamentell,,,,,,deler av lokaliteten,4631,ALVER,46,Vestland,60.627434,5.004367,4,Nordhordaland til Stadt,
2,2023,12077,Tveitnesvik,ikke-medikamentell,,,,,,deler av lokaliteten,4617,KVINNHERAD,46,Vestland,60.10592,6.20525,3,Karmøy til Sotra,
2,2023,14678,Uvåg,medikamentell,fôrbehandling,Emamectin benzoat,,,,hele lokaliteten,1867,BØ I NORDLAND,18,Nordland,68.65971,14.6805,9,Vestfjorden og Vesterålen,
2,2023,27315,Vikane 1,ikke-medikamentell,,,,,,hele lokaliteten,4618,ULLENSVANG,46,Vestland,60.263668,6.208383,3,Karmøy til Sotra,
1,2023,10331,Åkre,medikamentell,badebehandling,Azamethiphos,,,,deler av lokaliteten,4617,KVINNHERAD,46,Vestland,60.11283,6.044717,3,Karmøy til Sotra,
1,2023,13563,Angelskår,ikke-medikamentell,,,,,,deler av lokaliteten,4630,OSTERØY,46,Vestland,60.523335,5.352617,4,Nordhordaland til Stadt,
1,2023,12040,Brandaskuta,medikamentell,fôrbehandling,Diflubenzuron,,,,hele lokaliteten,4617,KVINNHERAD,46,Vestland,59.975735,5.909183,3,Karmøy til Sotra,
1,2023,12040,Brandaskuta,medikamentell,fôrbehandling,Diflubenzuron,,,,hele lokaliteten,4617,KVINNHERAD,46,Vestland,59.975735,5.909183,3,Karmøy til Sotra,
1,2023,12466,Brettingen,medikamentell,badebehandling,Azamethiphos,,,,deler av lokaliteten,1573,SMØLA,15,Møre og Romsdal,63.3582,8.237267,6,Nordmøre og Sør-Trøndelag,
1,2023,14799,Djupestallen,ikke-medikamentell,,,,,,deler av lokaliteten,4616,TYSNES,46,Vestland,60.058968,5.452733,3,Karmøy til Sotra,
1,2023,26595,Djupevika,ikke-medikamentell,,,,,,deler av lokaliteten,4616,TYSNES,46,Vestland,60.035816,5.342217,3,Karmøy til Sotra,
1,2023,10505,Dragnes,medikamentell,fôrbehandling,Emamectin benzoat,,,,hele lokaliteten,1866,HADSEL,18,Nordland,68.58393,14.707267,9,Vestfjorden og Vesterålen,
1,2023,36917,Drevflesa,ikke-medikamentell,,,,,,deler av lokaliteten,5058,ÅFJORD,50,Trøndelag,64.21093,10.115183,6,Nordmøre og Sør-Trøndelag,
1,2023,13527,Finnkjerka,medikamentell,fôrbehandling,Emamectin benzoat,,,,deler av lokaliteten,1866,HADSEL,18,Nordland,68.33945,15.0358,9,Vestfjorden og Vesterålen,
1,2023,11833,Flåtegrunnen,ikke-medikamentell,,,,,,deler av lokaliteten,4602,KINN,46,Vestland,61.57565,4.80805,4,Nordhordaland til Stadt,
1,2023,31437,Fuglåsen,medikamentell,badebehandling,Azamethiphos,,,,deler av lokaliteten,1573,SMØLA,15,Møre og Romsdal,63.44715,8.167767,6,Nordmøre og Sør-Trøndelag,
1,2023,10317,Garvik,ikke-medikamentell,,,,,,hele lokaliteten,4645,ASKVOLL,46,Vestland,61.31663,4.979333,4,Nordhordaland til Stadt,
1,2023,13036,Gjengane,ikke-medikamentell,,,,,,deler av lokaliteten,4625,AUSTEVOLL,46,Vestland,60.070934,5.305417,3,Karmøy til Sotra,
1,2023,33617,Gjerde,ikke-medikamentell,,,,,,deler av lokaliteten,1576,AURE,15,Møre og Romsdal,63.299667,8.418333,6,Nordmøre og Sør-Trøndelag,
1,2023,12789,Gunnarøya,ikke-medikamentell,,,,,,deler av lokaliteten,5059,ORKLAND,50,Trøndelag,63.569485,9.467983,6,Nordmøre og Sør-Trøndelag,
1,2023,19995,Hagahammaren,ikke-medikamentell,,,,,,deler av lokaliteten,1576,AURE,15,Møre og Romsdal,63.137917,8.0306,6,Nordmøre og Sør-Trøndelag,
1,2023,38217,Hardbakkeneset,ikke-medikamentell,,,,,,hele lokaliteten,4635,GULEN,46,Vestland,61.01673,4.950517,4,Nordhordaland til Stadt,
1,2023,30897,Havsundet,medikamentell,badebehandling,Annet virkestoff,,,,deler av lokaliteten,5057,ØRLAND,50,Trøndelag,63.79933,9.440483,6,Nordmøre og Sør-Trøndelag,
1,2023,13782,Helgeneshamn,medikamentell,fôrbehandling,Emamectin benzoat,,,,deler av lokaliteten,1866,HADSEL,18,Nordland,68.491585,15.2339,9,Vestfjorden og Vesterålen,
1,2023,18015,Hestabyneset,ikke-medikamentell,,,,,,deler av lokaliteten,4616,TYSNES,46,Vestland,59.953632,5.4514,3,Karmøy til Sotra,
1,2023,33218,Hosenøyan,medikamentell,badebehandling,Azamethiphos,,,,deler av lokaliteten,5058,ÅFJORD,50,Trøndelag,64.08518,9.884683,6,Nordmøre og Sør-Trøndelag,
1,2023,19939,Høysteinen,medikamentell,badebehandling,Azamethiphos,,,,deler av lokaliteten,4617,KVINNHERAD,46,Vestland,60.157417,6.050117,3,Karmøy til Sotra,
1,2023,11913,Kjeahola,medikamentell,fôrbehandling,Emamectin benzoat,,,,deler av lokaliteten,1103,STAVANGER,11,Rogaland,59.2933,6.0729,2,Ryfylke,
1,2023,11652,Kjeppevikholmen,ikke-medikamentell,,,,,,hele lokaliteten,4631,ALVER,46,Vestland,60.543617,5.035133,4,Nordhordaland til Stadt,
1,2023,11763,Knappen,ikke-medikamentell,,,,,,deler av lokaliteten,4626,ØYGARDEN,46,Vestland,60.5735,4.818517,4,Nordhordaland til Stadt,
1,2023,32097,Korsneset 2,medikamentell,badebehandling,Annet virkestoff,,,,deler av lokaliteten,5055,HEIM,50,Trøndelag,63.14123,8.21375,6,Nordmøre og Sør-Trøndelag,
1,2023,11719,Kråkenes,medikamentell,fôrbehandling,Emamectin benzoat,,,,hele lokaliteten,4636,SOLUND,46,Vestland,61.05835,4.9203,4,Nordhordaland til Stadt,
1,2023,45070,Kristianneset,medikamentell,fôrbehandling,Emamectin benzoat,,,,hele lokaliteten,5434,MÅSØY,54,Troms og Finnmark,70.8911,25.01295,12,Vest-Finnmark,
1,2023,11633,Krossholmen,ikke-medikamentell,,,,,,deler av lokaliteten,4613,BØMLO,46,Vestland,59.7879,5.100533,3,Karmøy til Sotra,
1,2023,45129,Kvitholmen,medikamentell,badebehandling,Annet virkestoff,,,,deler av lokaliteten,1573,SMØLA,15,Møre og Romsdal,63.46975,8.156933,6,Nordmøre og Sør-Trøndelag,
1,2023,35777,Kvitskjæret,ikke-medikamentell,,,,,,deler av lokaliteten,1818,HERØY I NORDLAND,18,Nordland,66.1008,12.157333,8,Helgeland til Bodø,
1,2023,12993,Lamøya,ikke-medikamentell,,,,,,deler av lokaliteten,5014,FRØYA,50,Trøndelag,63.73305,8.854983,6,Nordmøre og Sør-Trøndelag,
1,2023,26295,Langøy,medikamentell,fôrbehandling,Diflubenzuron,,,,hele lokaliteten,4631,ALVER,46,Vestland,60.77947,5.16,4,Nordhordaland til Stadt,
1,2023,34257,Lekafjorden II,ikke-medikamentell,,,,,,deler av lokaliteten,5052,LEKA,50,Trøndelag,65.07878,11.724033,7,Nord-Trøndelag med Bindal,
1,2023,10262,Lille Kvitholmen,medikamentell,badebehandling,Azamethiphos,,,,deler av lokaliteten,5060,NÆRØYSUND,50,Trøndelag,65.01145,11.6139,7,Nord-Trøndelag med Bindal,
1,2023,28396,Lindarholmen,ikke-medikamentell,,,,,,deler av lokaliteten,4616,TYSNES,46,Vestland,60.083866,5.63925,3,Karmøy til Sotra,
1,2023,33337,Lyngnes,ikke-medikamentell,,,,,,deler av lokaliteten,4624,BJØRNAFJORDEN,46,Vestland,60.119682,5.719817,3,Karmøy til Sotra,
1,2023,21915,Matløyso,ikke-medikamentell,,,,,,deler av lokaliteten,4615,FITJAR,46,Vestland,59.952084,5.284933,3,Karmøy til Sotra,
1,2023,31637,Melkøya,ikke-medikamentell,,,,,,deler av lokaliteten,1818,HERØY I NORDLAND,18,Nordland,66.08141,12.2005,8,Helgeland til Bodø,
1,2023,13293,Molgavlen,medikamentell,fôrbehandling,Emamectin benzoat,,,,hele lokaliteten,1865,VÅGAN,18,Nordland,68.30537,14.949933,9,Vestfjorden og Vesterålen,
1,2023,36077,Mollvika,ikke-medikamentell,,,,,,deler av lokaliteten,5402,HARSTAD,54,Troms og Finnmark,68.936584,16.723383,10,Andøya til Senja,
1,2023,33937,Nørholmen,medikamentell,badebehandling,Azamethiphos,,,,deler av lokaliteten,1573,SMØLA,15,Møre og Romsdal,63.338917,8.2718,6,Nordmøre og Sør-Trøndelag,
1,2023,10136,Onarøy,medikamentell,badebehandling,Azamethiphos,,,,deler av lokaliteten,4616,TYSNES,46,Vestland,59.95335,5.669683,3,Karmøy til Sotra,
1,2023,31397,Oterneset,ikke-medikamentell,,,,,,deler av lokaliteten,5402,HARSTAD,54,Troms og Finnmark,68.9288,16.701366,10,Andøya til Senja,
1,2023,29116,Reiråklakken,medikamentell,badebehandling,Azamethiphos,,,,deler av lokaliteten,1573,SMØLA,15,Møre og Romsdal,63.44995,8.167133,6,Nordmøre og Sør-Trøndelag,
1,2023,12784,Ringholmen,ikke-medikamentell,,,,,,deler av lokaliteten,5056,HITRA,50,Trøndelag,63.56,9.41005,6,Nordmøre og Sør-Trøndelag,
1,2023,12019,Saltkjelen II,ikke-medikamentell,,,,,,deler av lokaliteten,4618,ULLENSVANG,46,Vestland,60.248016,6.2014,3,Karmøy til Sotra,
1,2023,18898,Skaftå,medikamentell,badebehandling,Azamethiphos,,,,deler av lokaliteten,4630,OSTERØY,46,Vestland,60.458084,5.631333,4,Nordhordaland til Stadt,
1,2023,18898,Skaftå,ikke-medikamentell,,,,,,deler av lokaliteten,4630,OSTERØY,46,Vestland,60.458084,5.631333,4,Nordhordaland til Stadt,
1,2023,31117,Skrubbo,medikamentell,badebehandling,Azamethiphos,,,,deler av lokaliteten,4624,BJØRNAFJORDEN,46,Vestland,60.15632,5.713217,3,Karmøy til Sotra,
1,2023,30537,Steinflesa,medikamentell,badebehandling,Azamethiphos,,,,deler av lokaliteten,5052,LEKA,50,Trøndelag,65.134834,11.515983,7,Nord-Trøndelag med Bindal,
1,2023,11298,Storøya Nø,medikamentell,badebehandling,Azamethiphos,,,,hele lokaliteten,1851,LØDINGEN,18,Nordland,68.42792,15.86515,9,Vestfjorden og Vesterålen,
1,2023,36100,Suholmen,ikke-medikamentell,,,,,,deler av lokaliteten,1573,SMØLA,15,Møre og Romsdal,63.494934,8.02235,6,Nordmøre og Sør-Trøndelag,
1,2023,12662,Ternskjæret II,ikke-medikamentell,,,,,,hele lokaliteten,5007,NAMSOS,50,Trøndelag,64.77713,11.639767,7,Nord-Trøndelag med Bindal,
1,2023,26055,Toppsund Ø,ikke-medikamentell,,,,,,deler av lokaliteten,5402,HARSTAD,54,Troms og Finnmark,68.863716,16.403032,10,Andøya til Senja,
1,2023,32337,Veiesund,medikamentell,badebehandling,Azamethiphos,,,,deler av lokaliteten,4602,KINN,46,Vestland,61.57187,5.047283,4,Nordhordaland til Stadt,
1,2023,12839,Vindsnes,ikke-medikamentell,,,,,,hele lokaliteten,1578,FJORD,15,Møre og Romsdal,62.28533,7.2802,5,Stadt til Hustadvika,
