Uke,År,Lokalitetsnummer,Lokalitetsnavn,Tiltak,Type behandling,Virkestoff,ArtsId,Rensefisk,Antall,Omfang,Kommunenummer,Kommune,Fylkesnummer,Fylke,Lat,Lon,ProduksjonsområdeId,Produksjonsområde,Antall merder
33,2019,10331,Åkre,ikke-medikamentell,,,,,,deler av lokaliteten,1224,KVINNHERAD,12,Hordaland,60.112434,6.042483,3,Karmøy til Sotra,
33,2019,13254,Aukan,medikamentell,fôrbehandling,Emamectin benzoat,,,,hele lokaliteten,1554,AVERØY,15,Møre og Romsdal,63.0603,7.594283,6,Nordmøre og Sør-Trøndelag,
33,2019,12357,Aursøysva,ikke-medikamentell,,,,,,deler av lokaliteten,5014,FRØYA,50,Trøndelag,63.801968,8.910767,6,Nordmøre og Sør-Trøndelag,
33,2019,10862,Båsen,ikke-medikamentell,,,,,,deler av lokaliteten,1811,BINDAL,18,Nordland,65.11767,12.321467,7,Nord-Trøndelag med Bindal,
33,2019,11340,Bjørnstein,ikke-medikamentell,,,,,,deler av lokaliteten,1917,IBESTAD,19,Troms,68.892365,17.110233,10,Andøya til Senja,
33,2019,10212,Bogen,ikke-medikamentell,,,,,,deler av lokaliteten,1505,KRISTIANSUND,15,Møre og Romsdal,63.076782,7.9046,6,Nordmøre og Sør-Trøndelag,
33,2019,11015,Brattholmen,medikamentell,fôrbehandling,Emamectin benzoat,,,,hele lokaliteten,1818,HERØY I NORDLAND,18,Nordland,65.90735,12.220967,8,Helgeland til Bodø,
33,2019,34197,Brennholmen,medikamentell,fôrbehandling,Emamectin benzoat,,,,deler av lokaliteten,1818,HERØY I NORDLAND,18,Nordland,65.978714,12.16355,8,Helgeland til Bodø,
33,2019,35677,Brottøy,medikamentell,fôrbehandling,Emamectin benzoat,,,,deler av lokaliteten,1866,HADSEL,18,Nordland,68.4885,15.125917,9,Vestfjorden og Vesterålen,
33,2019,21415,Dyrholmen,ikke-medikamentell,,,,,,deler av lokaliteten,1141,FINNØY,11,Rogaland,59.285484,5.8583,2,Ryfylke,
33,2019,35877,Eiterfjorden,ikke-medikamentell,,,,,,deler av lokaliteten,5051,NÆRØY,50,Trøndelag,64.971634,11.723933,7,Nord-Trøndelag med Bindal,
33,2019,11363,Enkeltstein,medikamentell,fôrbehandling,Emamectin benzoat,,,,hele lokaliteten,1917,IBESTAD,19,Troms,68.7276,16.910467,10,Andøya til Senja,
33,2019,11363,Enkeltstein,medikamentell,fôrbehandling,Emamectin benzoat,,,,hele lokaliteten,1917,IBESTAD,19,Troms,68.7276,16.910467,10,Andøya til Senja,
33,2019,12624,Feøyvika,ikke-medikamentell,,,,,,deler av lokaliteten,5049,FLATANGER,50,Trøndelag,64.56032,10.919133,7,Nord-Trøndelag med Bindal,
33,2019,13527,Finnkjerka,medikamentell,fôrbehandling,Emamectin benzoat,,,,hele lokaliteten,1866,HADSEL,18,Nordland,68.33945,15.0358,9,Vestfjorden og Vesterålen,
33,2019,12407,Flesa,ikke-medikamentell,,,,,,deler av lokaliteten,5013,HITRA,50,Trøndelag,63.645,8.879483,6,Nordmøre og Sør-Trøndelag,
33,2019,11814,Furevika,ikke-medikamentell,,,,,,deler av lokaliteten,1429,FJALER,14,Sogn og Fjordane,61.305668,5.071783,4,Nordhordaland til Stadt,
33,2019,38757,Gaukværøy,medikamentell,fôrbehandling,Emamectin benzoat,,,,hele lokaliteten,1867,BØ I NORDLAND,18,Nordland,68.61298,14.34655,9,Vestfjorden og Vesterålen,
33,2019,13021,Gaustad,ikke-medikamentell,,,,,,hele lokaliteten,1551,EIDE,15,Møre og Romsdal,62.9839,7.329667,6,Nordmøre og Sør-Trøndelag,
33,2019,11530,Gissøysundet S,ikke-medikamentell,,,,,,deler av lokaliteten,1219,BØMLO,12,Hordaland,59.623585,5.160067,3,Karmøy til Sotra,
33,2019,11365,Gjervika,medikamentell,badebehandling,Deltamethrin,,,,deler av lokaliteten,1927,TRANØY,19,Troms,69.050316,16.887266,10,Andøya til Senja,
33,2019,34617,Gråøya,ikke-medikamentell,,,,,,hele lokaliteten,1573,SMØLA,15,Møre og Romsdal,63.47635,7.951517,6,Nordmøre og Sør-Trøndelag,
33,2019,10318,Gulestø,ikke-medikamentell,,,,,,deler av lokaliteten,1438,BREMANGER,14,Sogn og Fjordane,61.75802,5.069883,4,Nordhordaland til Stadt,
33,2019,11318,Hallvardøy,ikke-medikamentell,,,,,,deler av lokaliteten,1851,LØDINGEN,18,Nordland,68.37497,15.317333,9,Vestfjorden og Vesterålen,
33,2019,38217,Hardbakkeneset,ikke-medikamentell,,,,,,deler av lokaliteten,1411,GULEN,14,Sogn og Fjordane,61.01673,4.950517,4,Nordhordaland til Stadt,
33,2019,30257,Hausan,medikamentell,fôrbehandling,Emamectin benzoat,,,,hele lokaliteten,5011,HEMNE,50,Trøndelag,63.458317,8.955683,6,Nordmøre og Sør-Trøndelag,
33,2019,30897,Havsundet,medikamentell,badebehandling,Azamethiphos,,,,hele lokaliteten,5017,BJUGN,50,Trøndelag,63.79933,9.440483,6,Nordmøre og Sør-Trøndelag,
33,2019,34677,Hestøya,ikke-medikamentell,,,,,,hele lokaliteten,1573,SMØLA,15,Møre og Romsdal,63.3095,8.115567,6,Nordmøre og Sør-Trøndelag,
33,2019,13931,Hjartøy Ø,ikke-medikamentell,,,,,,deler av lokaliteten,1848,STEIGEN,18,Nordland,67.6562,15.118567,9,Vestfjorden og Vesterålen,
33,2019,33957,Hofsøya,ikke-medikamentell,,,,,,deler av lokaliteten,5014,FRØYA,50,Trøndelag,63.7224,8.9145,6,Nordmøre og Sør-Trøndelag,
33,2019,30377,Hogsneset N,ikke-medikamentell,,,,,,deler av lokaliteten,1554,AVERØY,15,Møre og Romsdal,63.099934,7.670267,6,Nordmøre og Sør-Trøndelag,
33,2019,19939,Høysteinen,ikke-medikamentell,,,,,,deler av lokaliteten,1224,KVINNHERAD,12,Hordaland,60.157417,6.050117,3,Karmøy til Sotra,
33,2019,11719,Kråkenes,ikke-medikamentell,,,,,,deler av lokaliteten,1412,SOLUND,14,Sogn og Fjordane,61.05835,4.921317,4,Nordhordaland til Stadt,
33,2019,13222,Kunes,ikke-medikamentell,,,,,,deler av lokaliteten,1141,FINNØY,11,Rogaland,59.21137,5.9532,2,Ryfylke,
33,2019,19356,Kvalrosskjæret,ikke-medikamentell,,,,,,deler av lokaliteten,5049,FLATANGER,50,Trøndelag,64.5387,10.877383,7,Nord-Trøndelag med Bindal,
33,2019,11074,Kvalvika,medikamentell,fôrbehandling,Emamectin benzoat,,,,hele lokaliteten,1836,RØDØY,18,Nordland,66.66908,13.391633,8,Helgeland til Bodø,
33,2019,28196,Kvernes,medikamentell,fôrbehandling,Emamectin benzoat,,,,hele lokaliteten,1854,BALLANGEN,18,Nordland,68.40205,16.914368,9,Vestfjorden og Vesterålen,
33,2019,11714,Kvernhusvika,ikke-medikamentell,,,,,,hele lokaliteten,1412,SOLUND,14,Sogn og Fjordane,61.0675,4.94345,4,Nordhordaland til Stadt,
33,2019,36457,Kvingra,ikke-medikamentell,,,,,,deler av lokaliteten,5052,LEKA,50,Trøndelag,65.20317,11.569,7,Nord-Trøndelag med Bindal,
33,2019,12380,Langøya Kvaløya,medikamentell,fôrbehandling,Emamectin benzoat,,,,deler av lokaliteten,5014,FRØYA,50,Trøndelag,63.791515,8.6066,6,Nordmøre og Sør-Trøndelag,
33,2019,12870,Leite,ikke-medikamentell,,,,,,deler av lokaliteten,1554,AVERØY,15,Møre og Romsdal,63.035984,7.678117,6,Nordmøre og Sør-Trøndelag,
33,2019,12633,Lyrnesset,ikke-medikamentell,,,,,,deler av lokaliteten,5049,FLATANGER,50,Trøndelag,64.5256,10.748133,7,Nord-Trøndelag med Bindal,
33,2019,35477,Makrellskjæret,ikke-medikamentell,,,,,,deler av lokaliteten,5049,FLATANGER,50,Trøndelag,64.54919,10.7341,7,Nord-Trøndelag med Bindal,
33,2019,10447,Mefaldskjæret,medikamentell,fôrbehandling,Emamectin benzoat,,,,hele lokaliteten,1820,ALSTAHAUG,18,Nordland,65.85145,12.2872,8,Helgeland til Bodø,
33,2019,36077,Mollvika,ikke-medikamentell,,,,,,deler av lokaliteten,1903,HARSTAD,19,Troms,68.93653,16.72465,10,Andøya til Senja,
33,2019,10858,Mulingen,ikke-medikamentell,,,,,,deler av lokaliteten,1811,BINDAL,18,Nordland,65.10865,12.442233,7,Nord-Trøndelag med Bindal,
33,2019,37077,Oksbåsen,ikke-medikamentell,,,,,,deler av lokaliteten,1811,BINDAL,18,Nordland,65.19105,12.6723,7,Nord-Trøndelag med Bindal,
33,2019,14019,Øksningen,ikke-medikamentell,,,,,,hele lokaliteten,1811,BINDAL,18,Nordland,65.13924,12.31975,7,Nord-Trøndelag med Bindal,
33,2019,12394,Ørnøya,medikamentell,fôrbehandling,Emamectin benzoat,,,,hele lokaliteten,5014,FRØYA,50,Trøndelag,63.761868,8.445183,6,Nordmøre og Sør-Trøndelag,
33,2019,24696,Ørnøya II,medikamentell,fôrbehandling,Emamectin benzoat,,,,hele lokaliteten,5014,FRØYA,50,Trøndelag,63.758484,8.450367,6,Nordmøre og Sør-Trøndelag,
33,2019,31397,Oterneset,ikke-medikamentell,,,,,,deler av lokaliteten,1903,HARSTAD,19,Troms,68.929665,16.701433,10,Andøya til Senja,
33,2019,10996,Ramnøya S,ikke-medikamentell,,,,,,deler av lokaliteten,1827,DØNNA,18,Nordland,66.23212,12.280317,8,Helgeland til Bodø,
33,2019,28636,Rataren,medikamentell,fôrbehandling,Emamectin benzoat,,,,hele lokaliteten,5014,FRØYA,50,Trøndelag,63.780582,8.5176,6,Nordmøre og Sør-Trøndelag,
33,2019,31959,Rataren II,medikamentell,fôrbehandling,Emamectin benzoat,,,,hele lokaliteten,5014,FRØYA,50,Trøndelag,63.782383,8.52635,6,Nordmøre og Sør-Trøndelag,
33,2019,31777,Reinvika,medikamentell,fôrbehandling,Emamectin benzoat,,,,hele lokaliteten,1845,SØRFOLD,18,Nordland,67.60568,15.368483,9,Vestfjorden og Vesterålen,
33,2019,11072,Rendalsvik,ikke-medikamentell,,,,,,deler av lokaliteten,1837,MELØY,18,Nordland,66.69935,13.624117,8,Helgeland til Bodø,
33,2019,12281,Rogne,medikamentell,fôrbehandling,Emamectin benzoat,,,,deler av lokaliteten,1534,HARAM,15,Møre og Romsdal,62.6695,6.356833,5,Stadt til Hustadvika,
33,2019,37197,Ruggstein,medikamentell,fôrbehandling,Emamectin benzoat,,,,hele lokaliteten,5014,FRØYA,50,Trøndelag,63.770084,8.476033,6,Nordmøre og Sør-Trøndelag,
33,2019,31677,Sandholmane,ikke-medikamentell,,,,,,deler av lokaliteten,1546,SANDØY,15,Møre og Romsdal,62.79658,6.67125,5,Stadt til Hustadvika,
33,2019,19855,Segelråa,ikke-medikamentell,,,,,,deler av lokaliteten,1576,AURE,15,Møre og Romsdal,63.149746,8.12855,6,Nordmøre og Sør-Trøndelag,
33,2019,10398,Seiskjæra,ikke-medikamentell,,,,,,deler av lokaliteten,5018,ÅFJORD,50,Trøndelag,64.09268,10.11655,6,Nordmøre og Sør-Trøndelag,
33,2019,13706,Seljeset,ikke-medikamentell,,,,,,hele lokaliteten,1401,FLORA,14,Sogn og Fjordane,61.5771,5.237383,4,Nordhordaland til Stadt,
33,2019,11138,Skålsvika,ikke-medikamentell,,,,,,deler av lokaliteten,1837,MELØY,18,Nordland,66.7146,13.561517,8,Helgeland til Bodø,
33,2019,33097,Skjervøy V,ikke-medikamentell,,,,,,deler av lokaliteten,1941,SKJERVØY,19,Troms,70.04375,20.94965,11,Kvaløya til Loppa,
33,2019,32877,Skorpo,ikke-medikamentell,,,,,,deler av lokaliteten,1243,OS I HORDALAND,12,Hordaland,60.173317,5.293683,3,Karmøy til Sotra,
33,2019,28096,Slåttenes,ikke-medikamentell,,,,,,deler av lokaliteten,1224,KVINNHERAD,12,Hordaland,59.832115,5.98365,3,Karmøy til Sotra,
33,2019,13032,Sølvøyane,ikke-medikamentell,,,,,,deler av lokaliteten,1219,BØMLO,12,Hordaland,59.609516,5.133367,3,Karmøy til Sotra,
33,2019,30537,Steinflesa,ikke-medikamentell,,,,,,deler av lokaliteten,5052,LEKA,50,Trøndelag,65.134834,11.515983,7,Nord-Trøndelag med Bindal,
33,2019,19015,Stokkvika,ikke-medikamentell,,,,,,deler av lokaliteten,5011,HEMNE,50,Trøndelag,63.333534,9.180583,6,Nordmøre og Sør-Trøndelag,
33,2019,36099,Store Kobbøy,ikke-medikamentell,,,,,,hele lokaliteten,2018,MÅSØY,20,Finnmark,70.91161,25.32495,12,Vest-Finnmark,
33,2019,22335,Storvika,ikke-medikamentell,,,,,,hele lokaliteten,1548,FRÆNA,15,Møre og Romsdal,62.8021,6.977733,5,Stadt til Hustadvika,
33,2019,31817,Svartskjær,medikamentell,fôrbehandling,Emamectin benzoat,,,,hele lokaliteten,1917,IBESTAD,19,Troms,68.718414,16.775734,10,Andøya til Senja,
33,2019,38697,Takflua,ikke-medikamentell,,,,,,deler av lokaliteten,5018,ÅFJORD,50,Trøndelag,63.980415,9.865033,6,Nordmøre og Sør-Trøndelag,
33,2019,26055,Toppsund Ø,ikke-medikamentell,,,,,,hele lokaliteten,1903,HARSTAD,19,Troms,68.863716,16.403032,10,Andøya til Senja,
33,2019,30236,Toppsund V,medikamentell,badebehandling,Deltamethrin,,,,hele lokaliteten,1903,HARSTAD,19,Troms,68.91164,16.2927,10,Andøya til Senja,
33,2019,29336,Trælsøyosen,ikke-medikamentell,,,,,,deler av lokaliteten,1244,AUSTEVOLL,12,Hordaland,60.1178,5.2702,3,Karmøy til Sotra,
33,2019,35517,Vadholmen,ikke-medikamentell,,,,,,deler av lokaliteten,1259,ØYGARDEN,12,Hordaland,60.695,4.761117,4,Nordhordaland til Stadt,
33,2019,35657,Varden,ikke-medikamentell,,,,,,deler av lokaliteten,5013,HITRA,50,Trøndelag,63.635715,9.186467,6,Nordmøre og Sør-Trøndelag,
33,2019,13246,Voldnes,medikamentell,badebehandling,Azamethiphos,,,,hele lokaliteten,1515,HERØY I MØRE OG ROMSDAL,15,Møre og Romsdal,62.2097,5.7849,5,Stadt til Hustadvika,
33,2019,13246,Voldnes,ikke-medikamentell,,,,,,deler av lokaliteten,1515,HERØY I MØRE OG ROMSDAL,15,Møre og Romsdal,62.2097,5.7849,5,Stadt til Hustadvika,
33,2019,11338,Ytre Stræte,ikke-medikamentell,,,,,,hele lokaliteten,1913,SKÅNLAND,19,Troms,68.71948,17.138817,10,Andøya til Senja,
32,2019,11364,Årberg,medikamentell,fôrbehandling,Emamectin benzoat,,,,deler av lokaliteten,1928,TORSKEN,19,Troms,69.1959,16.91595,10,Andøya til Senja,
32,2019,14016,Auenes,medikamentell,fôrbehandling,Emamectin benzoat,,,,hele lokaliteten,0926,LILLESAND,09,Aust-Agder,58.140266,8.2553,1,Svenskegrensen til Jæren,
32,2019,13254,Aukan,medikamentell,fôrbehandling,Emamectin benzoat,,,,deler av lokaliteten,1554,AVERØY,15,Møre og Romsdal,63.0603,7.594283,6,Nordmøre og Sør-Trøndelag,
32,2019,13845,Beitveit,ikke-medikamentell,,,,,,deler av lokaliteten,1441,SELJE,14,Sogn og Fjordane,62.141335,5.3397,5,Stadt til Hustadvika,
32,2019,12095,Bergadalen,ikke-medikamentell,,,,,,deler av lokaliteten,1238,KVAM,12,Hordaland,60.1216,5.908883,3,Karmøy til Sotra,
32,2019,10212,Bogen,ikke-medikamentell,,,,,,deler av lokaliteten,1505,KRISTIANSUND,15,Møre og Romsdal,63.076782,7.9046,6,Nordmøre og Sør-Trøndelag,
32,2019,35677,Brottøy,medikamentell,fôrbehandling,Emamectin benzoat,,,,hele lokaliteten,1866,HADSEL,18,Nordland,68.4885,15.125917,9,Vestfjorden og Vesterålen,
32,2019,12361,Bukkholmen S,ikke-medikamentell,,,,,,hele lokaliteten,5014,FRØYA,50,Trøndelag,63.72378,8.8621,6,Nordmøre og Sør-Trøndelag,
32,2019,37217,Dale,medikamentell,badebehandling,Deltamethrin,,,,hele lokaliteten,1903,HARSTAD,19,Troms,68.92503,16.3452,10,Andøya til Senja,
32,2019,13412,Dypeidet,medikamentell,fôrbehandling,Emamectin benzoat,,,,hele lokaliteten,1868,ØKSNES,18,Nordland,68.829384,14.776167,9,Vestfjorden og Vesterålen,
32,2019,11381,Dypingen,medikamentell,fôrbehandling,Emamectin benzoat,,,,hele lokaliteten,1903,HARSTAD,19,Troms,68.96087,16.530416,10,Andøya til Senja,
32,2019,12624,Feøyvika,ikke-medikamentell,,,,,,deler av lokaliteten,5049,FLATANGER,50,Trøndelag,64.56032,10.919133,7,Nord-Trøndelag med Bindal,
32,2019,13527,Finnkjerka,medikamentell,fôrbehandling,Emamectin benzoat,,,,hele lokaliteten,1866,HADSEL,18,Nordland,68.33945,15.0358,9,Vestfjorden og Vesterålen,
32,2019,26775,Fjølværet Ø,medikamentell,fôrbehandling,Emamectin benzoat,,,,hele lokaliteten,5014,FRØYA,50,Trøndelag,63.819233,8.636133,6,Nordmøre og Sør-Trøndelag,
32,2019,26775,Fjølværet Ø,medikamentell,fôrbehandling,Emamectin benzoat,,,,hele lokaliteten,5014,FRØYA,50,Trøndelag,63.819233,8.636133,6,Nordmøre og Sør-Trøndelag,
32,2019,11833,Flåtegrunnen,ikke-medikamentell,,,,,,deler av lokaliteten,1401,FLORA,14,Sogn og Fjordane,61.57615,4.807333,4,Nordhordaland til Stadt,
32,2019,25835,Flatøyflu,ikke-medikamentell,,,,,,deler av lokaliteten,1244,AUSTEVOLL,12,Hordaland,60.156033,5.2315,3,Karmøy til Sotra,
32,2019,29296,Fleina,ikke-medikamentell,,,,,,hele lokaliteten,1838,GILDESKÅL,18,Nordland,67.0951,13.875217,8,Helgeland til Bodø,
32,2019,25895,Flornes,ikke-medikamentell,,,,,,deler av lokaliteten,1223,TYSNES,12,Hordaland,59.890984,5.665983,3,Karmøy til Sotra,
32,2019,29876,Flotaren,ikke-medikamentell,,,,,,deler av lokaliteten,5049,FLATANGER,50,Trøndelag,64.52398,10.761667,7,Nord-Trøndelag med Bindal,
32,2019,26935,Frovågneset,medikamentell,badebehandling,Deltamethrin,,,,deler av lokaliteten,1927,TRANØY,19,Troms,69.06865,17.061447,10,Andøya til Senja,
32,2019,38757,Gaukværøy,medikamentell,fôrbehandling,Emamectin benzoat,,,,hele lokaliteten,1867,BØ I NORDLAND,18,Nordland,68.61298,14.34655,9,Vestfjorden og Vesterålen,
32,2019,11365,Gjervika,ikke-medikamentell,,,,,,deler av lokaliteten,1927,TRANØY,19,Troms,69.050316,16.887266,10,Andøya til Senja,
32,2019,29697,Hafsmo,ikke-medikamentell,,,,,,deler av lokaliteten,5012,SNILLFJORD,50,Trøndelag,63.3667,9.245217,6,Nordmøre og Sør-Trøndelag,
32,2019,16755,Hageberg,ikke-medikamentell,,,,,,deler av lokaliteten,1222,FITJAR,12,Hordaland,59.944218,5.434733,3,Karmøy til Sotra,
32,2019,18639,Halsavika,ikke-medikamentell,,,,,,hele lokaliteten,1146,TYSVÆR,11,Rogaland,59.39232,5.883333,2,Ryfylke,
32,2019,13503,Heggvika,ikke-medikamentell,,,,,,deler av lokaliteten,5013,HITRA,50,Trøndelag,63.6106,9.050733,6,Nordmøre og Sør-Trøndelag,
32,2019,11920,Herøy,ikke-medikamentell,,,,,,hele lokaliteten,1160,VINDAFJORD,11,Rogaland,59.4664,6.0262,2,Ryfylke,
32,2019,10291,Hiskholmen,ikke-medikamentell,,,,,,deler av lokaliteten,1219,BØMLO,12,Hordaland,59.72663,5.145617,3,Karmøy til Sotra,
32,2019,13931,Hjartøy Ø,ikke-medikamentell,,,,,,deler av lokaliteten,1848,STEIGEN,18,Nordland,67.6562,15.118567,9,Vestfjorden og Vesterålen,
32,2019,33957,Hofsøya,ikke-medikamentell,,,,,,deler av lokaliteten,5014,FRØYA,50,Trøndelag,63.7224,8.9145,6,Nordmøre og Sør-Trøndelag,
32,2019,10536,Høgholmen,medikamentell,fôrbehandling,Emamectin benzoat,,,,hele lokaliteten,1903,HARSTAD,19,Troms,69.031586,16.481867,10,Andøya til Senja,
32,2019,12871,Hogsnes,ikke-medikamentell,,,,,,deler av lokaliteten,1554,AVERØY,15,Møre og Romsdal,63.093033,7.675883,6,Nordmøre og Sør-Trøndelag,
32,2019,30036,Jørstadskjera,ikke-medikamentell,,,,,,deler av lokaliteten,1141,FINNØY,11,Rogaland,59.296318,5.936933,2,Ryfylke,
32,2019,12348,Kåholmen,ikke-medikamentell,,,,,,deler av lokaliteten,5013,HITRA,50,Trøndelag,63.617184,8.994133,6,Nordmøre og Sør-Trøndelag,
32,2019,36817,Kariskjæret,medikamentell,fôrbehandling,Emamectin benzoat,,,,hele lokaliteten,1804,BODØ,18,Nordland,67.38288,14.380617,9,Vestfjorden og Vesterålen,
32,2019,11913,Kjeahola,ikke-medikamentell,,,,,,deler av lokaliteten,1141,FINNØY,11,Rogaland,59.2933,6.0729,2,Ryfylke,
32,2019,12980,Klubben,ikke-medikamentell,,,,,,hele lokaliteten,1412,SOLUND,14,Sogn og Fjordane,61.17955,5.00315,4,Nordhordaland til Stadt,
32,2019,11534,Klungsholmen,ikke-medikamentell,,,,,,deler av lokaliteten,1219,BØMLO,12,Hordaland,59.596783,5.161567,3,Karmøy til Sotra,
32,2019,21676,Kråkholmen,ikke-medikamentell,,,,,,deler av lokaliteten,5049,FLATANGER,50,Trøndelag,64.60255,10.854067,7,Nord-Trøndelag med Bindal,
32,2019,12652,Kråkøya,ikke-medikamentell,,,,,,hele lokaliteten,5050,VIKNA,50,Trøndelag,65.003784,11.042367,7,Nord-Trøndelag med Bindal,
32,2019,22775,Kvaløya,ikke-medikamentell,,,,,,hele lokaliteten,5050,VIKNA,50,Trøndelag,65.001915,11.058617,7,Nord-Trøndelag med Bindal,
32,2019,19356,Kvalrosskjæret,ikke-medikamentell,,,,,,deler av lokaliteten,5049,FLATANGER,50,Trøndelag,64.5387,10.877383,7,Nord-Trøndelag med Bindal,
32,2019,11074,Kvalvika,medikamentell,fôrbehandling,Emamectin benzoat,,,,hele lokaliteten,1836,RØDØY,18,Nordland,66.66908,13.391633,8,Helgeland til Bodø,
32,2019,21337,Kveitholmen,medikamentell,fôrbehandling,Emamectin benzoat,,,,hele lokaliteten,1834,LURØY,18,Nordland,66.3242,12.647583,8,Helgeland til Bodø,
32,2019,20595,Kyrholmen S,ikke-medikamentell,,,,,,deler av lokaliteten,1244,AUSTEVOLL,12,Hordaland,60.161583,5.207633,3,Karmøy til Sotra,
32,2019,11116,Langholmen,ikke-medikamentell,,,,,,deler av lokaliteten,1838,GILDESKÅL,18,Nordland,67.05783,14.025333,8,Helgeland til Bodø,
32,2019,34637,Langholmen N,ikke-medikamentell,,,,,,deler av lokaliteten,1866,HADSEL,18,Nordland,68.66638,14.914717,9,Vestfjorden og Vesterålen,
32,2019,12380,Langøya Kvaløya,medikamentell,fôrbehandling,Emamectin benzoat,,,,hele lokaliteten,5014,FRØYA,50,Trøndelag,63.791515,8.6066,6,Nordmøre og Sør-Trøndelag,
32,2019,28036,Langskjæran,ikke-medikamentell,,,,,,deler av lokaliteten,1838,GILDESKÅL,18,Nordland,67.118385,13.898417,8,Helgeland til Bodø,
32,2019,11350,Lavika,ikke-medikamentell,,,,,,hele lokaliteten,1928,TORSKEN,19,Troms,69.25753,17.0887,10,Andøya til Senja,
32,2019,12385,Lyngvær Ø II,medikamentell,fôrbehandling,Emamectin benzoat,,,,hele lokaliteten,5014,FRØYA,50,Trøndelag,63.80621,8.567418,6,Nordmøre og Sør-Trøndelag,
32,2019,11129,Nordfugløy,ikke-medikamentell,,,,,,hele lokaliteten,1838,GILDESKÅL,18,Nordland,67.083916,13.85685,8,Helgeland til Bodø,
32,2019,38797,Oløya N,medikamentell,fôrbehandling,Emamectin benzoat,,,,hele lokaliteten,5014,FRØYA,50,Trøndelag,63.852734,8.591083,6,Nordmøre og Sør-Trøndelag,
32,2019,31397,Oterneset,ikke-medikamentell,,,,,,deler av lokaliteten,1903,HARSTAD,19,Troms,68.929665,16.701433,10,Andøya til Senja,
32,2019,33477,Reinsnesøya,ikke-medikamentell,,,,,,hele lokaliteten,1870,SORTLAND,18,Nordland,68.772835,15.446583,9,Vestfjorden og Vesterålen,
32,2019,31777,Reinvika,medikamentell,fôrbehandling,Emamectin benzoat,,,,hele lokaliteten,1845,SØRFOLD,18,Nordland,67.60568,15.368483,9,Vestfjorden og Vesterålen,
32,2019,10893,Rensøya N,ikke-medikamentell,,,,,,hele lokaliteten,1835,TRÆNA,18,Nordland,66.502815,12.070967,8,Helgeland til Bodø,
32,2019,11964,Ringja,ikke-medikamentell,,,,,,hele lokaliteten,1146,TYSVÆR,11,Rogaland,59.405468,5.8631,2,Ryfylke,
32,2019,12832,Risholmen,medikamentell,fôrbehandling,Emamectin benzoat,,,,hele lokaliteten,0926,LILLESAND,09,Aust-Agder,58.143982,8.26705,1,Svenskegrensen til Jæren,
32,2019,12281,Rogne,medikamentell,fôrbehandling,Emamectin benzoat,,,,deler av lokaliteten,1534,HARAM,15,Møre og Romsdal,62.6695,6.356833,5,Stadt til Hustadvika,
32,2019,12209,Rønstad,medikamentell,badebehandling,Azamethiphos,,,,hele lokaliteten,1519,VOLDA,15,Møre og Romsdal,62.135117,6.021433,5,Stadt til Hustadvika,
32,2019,31677,Sandholmane,ikke-medikamentell,,,,,,deler av lokaliteten,1546,SANDØY,15,Møre og Romsdal,62.79658,6.67125,5,Stadt til Hustadvika,
32,2019,13243,Sandvika,medikamentell,badebehandling,Azamethiphos,,,,hele lokaliteten,1519,VOLDA,15,Møre og Romsdal,62.195667,5.904417,5,Stadt til Hustadvika,
32,2019,11138,Skålsvika,ikke-medikamentell,,,,,,deler av lokaliteten,1837,MELØY,18,Nordland,66.7146,13.561517,8,Helgeland til Bodø,
32,2019,20796,Skarbukta,ikke-medikamentell,,,,,,deler av lokaliteten,1539,RAUMA,15,Møre og Romsdal,62.59785,7.367717,5,Stadt til Hustadvika,
32,2019,11966,Skigelstrand,ikke-medikamentell,,,,,,deler av lokaliteten,1160,VINDAFJORD,11,Rogaland,59.494118,5.846567,2,Ryfylke,
32,2019,12108,Skorpo Nv,ikke-medikamentell,,,,,,deler av lokaliteten,1224,KVINNHERAD,12,Hordaland,59.95323,5.827133,3,Karmøy til Sotra,
32,2019,28096,Slåttenes,ikke-medikamentell,,,,,,deler av lokaliteten,1224,KVINNHERAD,12,Hordaland,59.832115,5.98365,3,Karmøy til Sotra,
32,2019,13032,Sølvøyane,ikke-medikamentell,,,,,,deler av lokaliteten,1219,BØMLO,12,Hordaland,59.609516,5.133367,3,Karmøy til Sotra,
32,2019,13936,Sørvika,medikamentell,fôrbehandling,Emamectin benzoat,,,,hele lokaliteten,1866,HADSEL,18,Nordland,68.47335,15.222633,9,Vestfjorden og Vesterålen,
32,2019,10974,Store Bukkøy N,medikamentell,fôrbehandling,Emamectin benzoat,,,,hele lokaliteten,1834,LURØY,18,Nordland,66.40135,12.420717,8,Helgeland til Bodø,
32,2019,11290,Stormneset,medikamentell,fôrbehandling,Emamectin benzoat,,,,hele lokaliteten,1850,TYSFJORD,18,Nordland,68.19825,16.134117,9,Vestfjorden og Vesterålen,
32,2019,31338,Storskjeret,ikke-medikamentell,,,,,,deler av lokaliteten,1576,AURE,15,Møre og Romsdal,63.26985,8.228283,6,Nordmøre og Sør-Trøndelag,
32,2019,38697,Takflua,ikke-medikamentell,,,,,,deler av lokaliteten,5018,ÅFJORD,50,Trøndelag,63.980415,9.865033,6,Nordmøre og Sør-Trøndelag,
32,2019,11351,Trollvika,ikke-medikamentell,,,,,,hele lokaliteten,1913,SKÅNLAND,19,Troms,68.71678,17.022867,10,Andøya til Senja,
32,2019,10332,Trommo,ikke-medikamentell,,,,,,deler av lokaliteten,1224,KVINNHERAD,12,Hordaland,60.08243,6.080067,3,Karmøy til Sotra,
32,2019,35517,Vadholmen,ikke-medikamentell,,,,,,deler av lokaliteten,1259,ØYGARDEN,12,Hordaland,60.695,4.761117,4,Nordhordaland til Stadt,
31,2019,12085,Aplavika,ikke-medikamentell,,,,,,hele lokaliteten,1238,KVAM,12,Hordaland,60.258583,6.055517,3,Karmøy til Sotra,
31,2019,11364,Årberg,medikamentell,fôrbehandling,Emamectin benzoat,,,,deler av lokaliteten,1928,TORSKEN,19,Troms,69.1959,16.91595,10,Andøya til Senja,
31,2019,11364,Årberg,medikamentell,fôrbehandling,Emamectin benzoat,,,,deler av lokaliteten,1928,TORSKEN,19,Troms,69.1959,16.91595,10,Andøya til Senja,
31,2019,14016,Auenes,medikamentell,fôrbehandling,Emamectin benzoat,,,,hele lokaliteten,0926,LILLESAND,09,Aust-Agder,58.140266,8.2553,1,Svenskegrensen til Jæren,
31,2019,13845,Beitveit,ikke-medikamentell,,,,,,deler av lokaliteten,1441,SELJE,14,Sogn og Fjordane,62.141335,5.3397,5,Stadt til Hustadvika,
31,2019,31317,Bjørkvik,medikamentell,fôrbehandling,Emamectin benzoat,,,,deler av lokaliteten,1850,TYSFJORD,18,Nordland,68.02925,16.131416,9,Vestfjorden og Vesterålen,
31,2019,12040,Brandaskuta,ikke-medikamentell,,,,,,deler av lokaliteten,1224,KVINNHERAD,12,Hordaland,59.975735,5.909183,3,Karmøy til Sotra,
31,2019,12237,Brudevika,ikke-medikamentell,,,,,,deler av lokaliteten,1511,VANYLVEN,15,Møre og Romsdal,62.116566,5.420717,5,Stadt til Hustadvika,
31,2019,31038,Buarøy,ikke-medikamentell,,,,,,deler av lokaliteten,1245,SUND,12,Hordaland,60.220066,5.21455,3,Karmøy til Sotra,
31,2019,11381,Dypingen,medikamentell,fôrbehandling,Emamectin benzoat,,,,hele lokaliteten,1903,HARSTAD,19,Troms,68.96087,16.530416,10,Andøya til Senja,
31,2019,21415,Dyrholmen,ikke-medikamentell,,,,,,deler av lokaliteten,1141,FINNØY,11,Rogaland,59.285484,5.8583,2,Ryfylke,
31,2019,33077,Elveneset,ikke-medikamentell,,,,,,hele lokaliteten,1413,HYLLESTAD,14,Sogn og Fjordane,61.206,5.131733,4,Nordhordaland til Stadt,
31,2019,12624,Feøyvika,ikke-medikamentell,,,,,,deler av lokaliteten,5049,FLATANGER,50,Trøndelag,64.56032,10.919133,7,Nord-Trøndelag med Bindal,
31,2019,26775,Fjølværet Ø,medikamentell,fôrbehandling,Emamectin benzoat,,,,hele lokaliteten,5014,FRØYA,50,Trøndelag,63.819233,8.636133,6,Nordmøre og Sør-Trøndelag,
31,2019,26775,Fjølværet Ø,medikamentell,fôrbehandling,Emamectin benzoat,,,,hele lokaliteten,5014,FRØYA,50,Trøndelag,63.819233,8.636133,6,Nordmøre og Sør-Trøndelag,
31,2019,26775,Fjølværet Ø,medikamentell,fôrbehandling,Emamectin benzoat,,,,hele lokaliteten,5014,FRØYA,50,Trøndelag,63.819233,8.636133,6,Nordmøre og Sør-Trøndelag,
31,2019,13669,Furneset,ikke-medikamentell,,,,,,deler av lokaliteten,1535,VESTNES,15,Møre og Romsdal,62.6461,7.101183,5,Stadt til Hustadvika,
31,2019,31357,Geitryggen,medikamentell,fôrbehandling,Emamectin benzoat,,,,deler av lokaliteten,5051,NÆRØY,50,Trøndelag,64.75127,11.189217,7,Nord-Trøndelag med Bindal,
31,2019,11530,Gissøysundet S,ikke-medikamentell,,,,,,deler av lokaliteten,1219,BØMLO,12,Hordaland,59.623585,5.160067,3,Karmøy til Sotra,
31,2019,11365,Gjervika,ikke-medikamentell,,,,,,deler av lokaliteten,1927,TRANØY,19,Troms,69.050316,16.887266,10,Andøya til Senja,
31,2019,11657,Gråvika,ikke-medikamentell,,,,,,deler av lokaliteten,1411,GULEN,14,Sogn og Fjordane,60.861782,4.934883,4,Nordhordaland til Stadt,
31,2019,24735,Gulholmen,ikke-medikamentell,,,,,,deler av lokaliteten,1243,OS I HORDALAND,12,Hordaland,60.1282,5.400467,3,Karmøy til Sotra,
31,2019,16755,Hageberg,ikke-medikamentell,,,,,,deler av lokaliteten,1222,FITJAR,12,Hordaland,59.944218,5.434733,3,Karmøy til Sotra,
31,2019,32737,Heldalen,ikke-medikamentell,,,,,,hele lokaliteten,1860,VESTVÅGØY,18,Nordland,68.10022,13.620333,9,Vestfjorden og Vesterålen,
31,2019,11920,Herøy,ikke-medikamentell,,,,,,deler av lokaliteten,1160,VINDAFJORD,11,Rogaland,59.4664,6.0262,2,Ryfylke,
31,2019,10291,Hiskholmen,ikke-medikamentell,,,,,,deler av lokaliteten,1219,BØMLO,12,Hordaland,59.72663,5.145617,3,Karmøy til Sotra,
31,2019,10536,Høgholmen,medikamentell,fôrbehandling,Emamectin benzoat,,,,hele lokaliteten,1903,HARSTAD,19,Troms,69.031586,16.481867,10,Andøya til Senja,
31,2019,19939,Høysteinen,ikke-medikamentell,,,,,,deler av lokaliteten,1224,KVINNHERAD,12,Hordaland,60.157417,6.050117,3,Karmøy til Sotra,
31,2019,27095,Ihlholmen,ikke-medikamentell,,,,,,hele lokaliteten,1160,VINDAFJORD,11,Rogaland,59.7215,5.586633,3,Karmøy til Sotra,
31,2019,38997,Ilsøya 2,medikamentell,fôrbehandling,Emamectin benzoat,,,,hele lokaliteten,5014,FRØYA,50,Trøndelag,63.664566,8.428517,6,Nordmøre og Sør-Trøndelag,
31,2019,14245,Jakobsteinsvika,ikke-medikamentell,,,,,,deler av lokaliteten,5052,LEKA,50,Trøndelag,65.11265,11.792867,7,Nord-Trøndelag med Bindal,
31,2019,36817,Kariskjæret,medikamentell,fôrbehandling,Emamectin benzoat,,,,hele lokaliteten,1804,BODØ,18,Nordland,67.38288,14.380617,9,Vestfjorden og Vesterålen,
31,2019,11913,Kjeahola,ikke-medikamentell,,,,,,deler av lokaliteten,1141,FINNØY,11,Rogaland,59.2933,6.0729,2,Ryfylke,
31,2019,32257,Kjøtta V,ikke-medikamentell,,,,,,deler av lokaliteten,1903,HARSTAD,19,Troms,68.8658,16.670218,10,Andøya til Senja,
31,2019,24455,Klavelandet,ikke-medikamentell,,,,,,hele lokaliteten,1401,FLORA,14,Sogn og Fjordane,61.60395,5.186533,4,Nordhordaland til Stadt,
31,2019,11201,Kolvikodden Ø,ikke-medikamentell,,,,,,deler av lokaliteten,1860,VESTVÅGØY,18,Nordland,68.088165,13.68965,9,Vestfjorden og Vesterålen,
31,2019,21676,Kråkholmen,ikke-medikamentell,,,,,,deler av lokaliteten,5049,FLATANGER,50,Trøndelag,64.60255,10.854067,7,Nord-Trøndelag med Bindal,
31,2019,12239,Kråknes,ikke-medikamentell,,,,,,hele lokaliteten,1547,AUKRA,15,Møre og Romsdal,62.83145,6.962733,5,Stadt til Hustadvika,
31,2019,15860,Kvenbukta V,ikke-medikamentell,,,,,,hele lokaliteten,1928,TORSKEN,19,Troms,69.23299,17.089417,10,Andøya til Senja,
31,2019,28196,Kvernes,ikke-medikamentell,,,,,,deler av lokaliteten,1854,BALLANGEN,18,Nordland,68.40205,16.914368,9,Vestfjorden og Vesterålen,
31,2019,20559,Langskjæra,medikamentell,fôrbehandling,Emamectin benzoat,,,,hele lokaliteten,5014,FRØYA,50,Trøndelag,63.8225,8.75505,6,Nordmøre og Sør-Trøndelag,
31,2019,33557,Langskjæra II,medikamentell,fôrbehandling,Emamectin benzoat,,,,hele lokaliteten,5014,FRØYA,50,Trøndelag,63.82245,8.74075,6,Nordmøre og Sør-Trøndelag,
31,2019,12966,Lindvik,ikke-medikamentell,,,,,,deler av lokaliteten,1160,VINDAFJORD,11,Rogaland,59.474068,5.976433,2,Ryfylke,
31,2019,14076,Lismåsøy,ikke-medikamentell,,,,,,hele lokaliteten,1813,BRØNNØY,18,Nordland,65.4933,12.169217,8,Helgeland til Bodø,
31,2019,12633,Lyrnesset,ikke-medikamentell,,,,,,deler av lokaliteten,5049,FLATANGER,50,Trøndelag,64.5256,10.748133,7,Nord-Trøndelag med Bindal,
31,2019,12127,Mælen,ikke-medikamentell,,,,,,hele lokaliteten,1224,KVINNHERAD,12,Hordaland,59.69935,5.724233,3,Karmøy til Sotra,
31,2019,12047,Mjåneset,ikke-medikamentell,,,,,,deler av lokaliteten,1241,FUSA,12,Hordaland,60.176,5.7244,3,Karmøy til Sotra,
31,2019,10858,Mulingen,ikke-medikamentell,,,,,,deler av lokaliteten,1811,BINDAL,18,Nordland,65.10865,12.442233,7,Nord-Trøndelag med Bindal,
31,2019,27215,Myrane,ikke-medikamentell,,,,,,hele lokaliteten,1535,VESTNES,15,Møre og Romsdal,62.6505,6.726683,5,Stadt til Hustadvika,
31,2019,11611,Naveide,ikke-medikamentell,,,,,,deler av lokaliteten,1244,AUSTEVOLL,12,Hordaland,60.13907,5.112783,3,Karmøy til Sotra,
31,2019,14019,Øksningen,ikke-medikamentell,,,,,,deler av lokaliteten,1811,BINDAL,18,Nordland,65.13924,12.31975,7,Nord-Trøndelag med Bindal,
31,2019,19875,Or,ikke-medikamentell,,,,,,deler av lokaliteten,1505,KRISTIANSUND,15,Møre og Romsdal,63.039932,7.850267,6,Nordmøre og Sør-Trøndelag,
31,2019,11205,Oterholmen I,ikke-medikamentell,,,,,,hele lokaliteten,1860,VESTVÅGØY,18,Nordland,68.092636,13.634483,9,Vestfjorden og Vesterålen,
31,2019,10996,Ramnøya S,ikke-medikamentell,,,,,,hele lokaliteten,1827,DØNNA,18,Nordland,66.23212,12.280317,8,Helgeland til Bodø,
31,2019,12832,Risholmen,medikamentell,fôrbehandling,Emamectin benzoat,,,,hele lokaliteten,0926,LILLESAND,09,Aust-Agder,58.143982,8.26705,1,Svenskegrensen til Jæren,
31,2019,12794,Rundklumpen,medikamentell,fôrbehandling,Emamectin benzoat,,,,hele lokaliteten,5017,BJUGN,50,Trøndelag,63.801315,9.607583,6,Nordmøre og Sør-Trøndelag,
31,2019,31677,Sandholmane,ikke-medikamentell,,,,,,deler av lokaliteten,1546,SANDØY,15,Møre og Romsdal,62.79658,6.67125,5,Stadt til Hustadvika,
31,2019,11966,Skigelstrand,ikke-medikamentell,,,,,,deler av lokaliteten,1160,VINDAFJORD,11,Rogaland,59.494118,5.846567,2,Ryfylke,
31,2019,36177,Skjellesvika,ikke-medikamentell,,,,,,hele lokaliteten,1903,HARSTAD,19,Troms,68.91143,16.645132,10,Andøya til Senja,
31,2019,20115,Skjerholmen N,ikke-medikamentell,,,,,,deler av lokaliteten,1245,SUND,12,Hordaland,60.249966,5.174483,3,Karmøy til Sotra,
31,2019,11326,Skøyen,medikamentell,fôrbehandling,Emamectin benzoat,,,,hele lokaliteten,1926,DYRØY,19,Troms,69.017,17.45725,10,Andøya til Senja,
31,2019,23375,Sørevik,medikamentell,badebehandling,Azamethiphos,,,,deler av lokaliteten,1416,HØYANGER,14,Sogn og Fjordane,61.099983,5.729967,4,Nordhordaland til Stadt,
31,2019,13936,Sørvika,medikamentell,fôrbehandling,Emamectin benzoat,,,,hele lokaliteten,1866,HADSEL,18,Nordland,68.47335,15.222633,9,Vestfjorden og Vesterålen,
31,2019,10974,Store Bukkøy N,medikamentell,fôrbehandling,Emamectin benzoat,,,,hele lokaliteten,1834,LURØY,18,Nordland,66.40135,12.420717,8,Helgeland til Bodø,
31,2019,11290,Stormneset,medikamentell,fôrbehandling,Emamectin benzoat,,,,hele lokaliteten,1850,TYSFJORD,18,Nordland,68.19825,16.134117,9,Vestfjorden og Vesterålen,
31,2019,19016,Storskogøya,medikamentell,fôrbehandling,Emamectin benzoat,,,,hele lokaliteten,5012,SNILLFJORD,50,Trøndelag,63.506065,9.19075,6,Nordmøre og Sør-Trøndelag,
31,2019,38697,Takflua,ikke-medikamentell,,,,,,deler av lokaliteten,5018,ÅFJORD,50,Trøndelag,63.980415,9.865033,6,Nordmøre og Sør-Trøndelag,
31,2019,29336,Trælsøyosen,ikke-medikamentell,,,,,,deler av lokaliteten,1244,AUSTEVOLL,12,Hordaland,60.1178,5.2702,3,Karmøy til Sotra,
31,2019,10332,Trommo,ikke-medikamentell,,,,,,deler av lokaliteten,1224,KVINNHERAD,12,Hordaland,60.08243,6.080067,3,Karmøy til Sotra,
31,2019,32337,Veiesund,ikke-medikamentell,,,,,,deler av lokaliteten,1401,FLORA,14,Sogn og Fjordane,61.57187,5.047283,4,Nordhordaland til Stadt,
31,2019,19235,Vindvika,ikke-medikamentell,,,,,,deler av lokaliteten,1804,BODØ,18,Nordland,67.533165,15.165583,9,Vestfjorden og Vesterålen,
30,2019,10331,Åkre,ikke-medikamentell,,,,,,deler av lokaliteten,1224,KVINNHERAD,12,Hordaland,60.112434,6.042483,3,Karmøy til Sotra,
30,2019,11364,Årberg,medikamentell,fôrbehandling,Emamectin benzoat,,,,deler av lokaliteten,1928,TORSKEN,19,Troms,69.1959,16.91595,10,Andøya til Senja,
30,2019,11364,Årberg,medikamentell,fôrbehandling,Emamectin benzoat,,,,deler av lokaliteten,1928,TORSKEN,19,Troms,69.1959,16.91595,10,Andøya til Senja,
30,2019,12357,Aursøysva,ikke-medikamentell,,,,,,deler av lokaliteten,5014,FRØYA,50,Trøndelag,63.801968,8.910767,6,Nordmøre og Sør-Trøndelag,
30,2019,29016,Båfjordstranda,ikke-medikamentell,,,,,,deler av lokaliteten,5051,NÆRØY,50,Trøndelag,64.964485,11.59435,7,Nord-Trøndelag med Bindal,
30,2019,31317,Bjørkvik,medikamentell,fôrbehandling,Emamectin benzoat,,,,deler av lokaliteten,1850,TYSFJORD,18,Nordland,68.02925,16.131416,9,Vestfjorden og Vesterålen,
30,2019,22455,Bjørlykkestranda,medikamentell,fôrbehandling,Emamectin benzoat,,,,deler av lokaliteten,1511,VANYLVEN,15,Møre og Romsdal,62.16655,5.5954,5,Stadt til Hustadvika,
30,2019,12237,Brudevika,ikke-medikamentell,,,,,,deler av lokaliteten,1511,VANYLVEN,15,Møre og Romsdal,62.116566,5.420717,5,Stadt til Hustadvika,
30,2019,31038,Buarøy,ikke-medikamentell,,,,,,deler av lokaliteten,1245,SUND,12,Hordaland,60.220066,5.21455,3,Karmøy til Sotra,
30,2019,12361,Bukkholmen S,ikke-medikamentell,,,,,,deler av lokaliteten,5014,FRØYA,50,Trøndelag,63.72378,8.8621,6,Nordmøre og Sør-Trøndelag,
30,2019,13229,Djupedalen,ikke-medikamentell,,,,,,hele lokaliteten,1241,FUSA,12,Hordaland,60.230865,5.6733,3,Karmøy til Sotra,
30,2019,30097,Djupvik,ikke-medikamentell,,,,,,hele lokaliteten,1836,RØDØY,18,Nordland,66.73299,13.33115,8,Helgeland til Bodø,
30,2019,32197,Dryna,ikke-medikamentell,,,,,,deler av lokaliteten,1545,MIDSUND,15,Møre og Romsdal,62.6444,6.5568,5,Stadt til Hustadvika,
30,2019,35877,Eiterfjorden,ikke-medikamentell,,,,,,deler av lokaliteten,5051,NÆRØY,50,Trøndelag,64.971634,11.723933,7,Nord-Trøndelag med Bindal,
30,2019,30917,Elgen,ikke-medikamentell,,,,,,deler av lokaliteten,1903,HARSTAD,19,Troms,68.87695,16.287382,10,Andøya til Senja,
30,2019,31157,Fiksneset,ikke-medikamentell,,,,,,deler av lokaliteten,1245,SUND,12,Hordaland,60.176884,5.124833,3,Karmøy til Sotra,
30,2019,25835,Flatøyflu,ikke-medikamentell,,,,,,deler av lokaliteten,1244,AUSTEVOLL,12,Hordaland,60.156033,5.2315,3,Karmøy til Sotra,
30,2019,12407,Flesa,ikke-medikamentell,,,,,,deler av lokaliteten,5013,HITRA,50,Trøndelag,63.645,8.879483,6,Nordmøre og Sør-Trøndelag,
30,2019,29876,Flotaren,ikke-medikamentell,,,,,,deler av lokaliteten,5049,FLATANGER,50,Trøndelag,64.52398,10.761667,7,Nord-Trøndelag med Bindal,
30,2019,13021,Gaustad,ikke-medikamentell,,,,,,deler av lokaliteten,1551,EIDE,15,Møre og Romsdal,62.9839,7.329667,6,Nordmøre og Sør-Trøndelag,
30,2019,31357,Geitryggen,medikamentell,fôrbehandling,Emamectin benzoat,,,,deler av lokaliteten,5051,NÆRØY,50,Trøndelag,64.75127,11.189217,7,Nord-Trøndelag med Bindal,
30,2019,29697,Hafsmo,ikke-medikamentell,,,,,,deler av lokaliteten,5012,SNILLFJORD,50,Trøndelag,63.3667,9.245217,6,Nordmøre og Sør-Trøndelag,
30,2019,18639,Halsavika,ikke-medikamentell,,,,,,deler av lokaliteten,1146,TYSVÆR,11,Rogaland,59.39232,5.883333,2,Ryfylke,
30,2019,12036,Hisdalen,ikke-medikamentell,,,,,,hele lokaliteten,1224,KVINNHERAD,12,Hordaland,60.126118,5.9305,3,Karmøy til Sotra,
30,2019,19939,Høysteinen,ikke-medikamentell,,,,,,deler av lokaliteten,1224,KVINNHERAD,12,Hordaland,60.157417,6.050117,3,Karmøy til Sotra,
30,2019,11913,Kjeahola,ikke-medikamentell,,,,,,deler av lokaliteten,1141,FINNØY,11,Rogaland,59.2933,6.0729,2,Ryfylke,
30,2019,12980,Klubben,ikke-medikamentell,,,,,,hele lokaliteten,1412,SOLUND,14,Sogn og Fjordane,61.17955,5.00315,4,Nordhordaland til Stadt,
30,2019,12855,Kornstad,ikke-medikamentell,,,,,,deler av lokaliteten,1554,AVERØY,15,Møre og Romsdal,62.960384,7.45015,6,Nordmøre og Sør-Trøndelag,
30,2019,34037,Kråkåsen,medikamentell,badebehandling,Annet virkestoff,,,,deler av lokaliteten,1848,STEIGEN,18,Nordland,67.73985,14.896817,9,Vestfjorden og Vesterålen,
30,2019,16055,Kråkeberget,ikke-medikamentell,,,,,,hele lokaliteten,2018,MÅSØY,20,Finnmark,70.83325,25.254333,12,Vest-Finnmark,
30,2019,21676,Kråkholmen,ikke-medikamentell,,,,,,deler av lokaliteten,5049,FLATANGER,50,Trøndelag,64.60255,10.854067,7,Nord-Trøndelag med Bindal,
30,2019,12652,Kråkøya,ikke-medikamentell,,,,,,deler av lokaliteten,5050,VIKNA,50,Trøndelag,65.003784,11.042367,7,Nord-Trøndelag med Bindal,
30,2019,35377,Kveitskjeret,medikamentell,fôrbehandling,Emamectin benzoat,,,,deler av lokaliteten,5014,FRØYA,50,Trøndelag,63.82503,8.444633,6,Nordmøre og Sør-Trøndelag,
30,2019,11714,Kvernhusvika,ikke-medikamentell,,,,,,hele lokaliteten,1412,SOLUND,14,Sogn og Fjordane,61.0675,4.94345,4,Nordhordaland til Stadt,
30,2019,35777,Kvitskjæret,ikke-medikamentell,,,,,,hele lokaliteten,1818,HERØY I NORDLAND,18,Nordland,66.1008,12.157333,8,Helgeland til Bodø,
30,2019,20595,Kyrholmen S,ikke-medikamentell,,,,,,deler av lokaliteten,1244,AUSTEVOLL,12,Hordaland,60.161583,5.207633,3,Karmøy til Sotra,
30,2019,20559,Langskjæra,medikamentell,fôrbehandling,Emamectin benzoat,,,,hele lokaliteten,5014,FRØYA,50,Trøndelag,63.8225,8.75505,6,Nordmøre og Sør-Trøndelag,
30,2019,33557,Langskjæra II,medikamentell,fôrbehandling,Emamectin benzoat,,,,hele lokaliteten,5014,FRØYA,50,Trøndelag,63.82245,8.74075,6,Nordmøre og Sør-Trøndelag,
30,2019,28396,Lindarholmen,ikke-medikamentell,,,,,,deler av lokaliteten,1223,TYSNES,12,Hordaland,60.083866,5.63925,3,Karmøy til Sotra,
30,2019,12633,Lyrnesset,ikke-medikamentell,,,,,,deler av lokaliteten,5049,FLATANGER,50,Trøndelag,64.5256,10.748133,7,Nord-Trøndelag med Bindal,
30,2019,35477,Makrellskjæret,ikke-medikamentell,,,,,,deler av lokaliteten,5049,FLATANGER,50,Trøndelag,64.54919,10.7341,7,Nord-Trøndelag med Bindal,
30,2019,14495,Nordeimsøyna,ikke-medikamentell,,,,,,deler av lokaliteten,1141,FINNØY,11,Rogaland,59.28695,5.812483,2,Ryfylke,
30,2019,30559,Øksneset,ikke-medikamentell,,,,,,hele lokaliteten,1264,AUSTRHEIM,12,Hordaland,60.81255,4.862317,4,Nordhordaland til Stadt,
30,2019,10136,Onarøy,ikke-medikamentell,,,,,,deler av lokaliteten,1223,TYSNES,12,Hordaland,59.95335,5.669683,3,Karmøy til Sotra,
30,2019,29896,Renndalen,ikke-medikamentell,,,,,,deler av lokaliteten,1571,HALSA,15,Møre og Romsdal,63.176117,8.6172,6,Nordmøre og Sør-Trøndelag,
30,2019,12281,Rogne,medikamentell,fôrbehandling,Emamectin benzoat,,,,deler av lokaliteten,1534,HARAM,15,Møre og Romsdal,62.6695,6.356833,5,Stadt til Hustadvika,
30,2019,12794,Rundklumpen,medikamentell,fôrbehandling,Emamectin benzoat,,,,hele lokaliteten,5017,BJUGN,50,Trøndelag,63.801315,9.607583,6,Nordmøre og Sør-Trøndelag,
30,2019,13243,Sandvika,ikke-medikamentell,,,,,,deler av lokaliteten,1519,VOLDA,15,Møre og Romsdal,62.195667,5.904417,5,Stadt til Hustadvika,
30,2019,19855,Segelråa,ikke-medikamentell,,,,,,deler av lokaliteten,1576,AURE,15,Møre og Romsdal,63.149746,8.12855,6,Nordmøre og Sør-Trøndelag,
30,2019,17015,Seglberget,ikke-medikamentell,,,,,,hele lokaliteten,1224,KVINNHERAD,12,Hordaland,59.730434,5.788733,3,Karmøy til Sotra,
30,2019,13706,Seljeset,ikke-medikamentell,,,,,,hele lokaliteten,1401,FLORA,14,Sogn og Fjordane,61.5771,5.237383,4,Nordhordaland til Stadt,
30,2019,10216,Skåren,ikke-medikamentell,,,,,,deler av lokaliteten,1571,HALSA,15,Møre og Romsdal,63.076733,8.19315,6,Nordmøre og Sør-Trøndelag,
30,2019,25896,Skorpo,ikke-medikamentell,,,,,,deler av lokaliteten,1223,TYSNES,12,Hordaland,59.875767,5.638817,3,Karmøy til Sotra,
30,2019,12108,Skorpo Nv,ikke-medikamentell,,,,,,deler av lokaliteten,1224,KVINNHERAD,12,Hordaland,59.95323,5.827133,3,Karmøy til Sotra,
30,2019,38577,Skreda,ikke-medikamentell,,,,,,hele lokaliteten,1412,SOLUND,14,Sogn og Fjordane,61.14635,5.08115,4,Nordhordaland til Stadt,
30,2019,12705,Skrosen,ikke-medikamentell,,,,,,deler av lokaliteten,5052,LEKA,50,Trøndelag,65.122986,11.674517,7,Nord-Trøndelag med Bindal,
30,2019,11700,Storeneset,ikke-medikamentell,,,,,,deler av lokaliteten,1411,GULEN,14,Sogn og Fjordane,60.8763,5.02805,4,Nordhordaland til Stadt,
30,2019,19016,Storskogøya,medikamentell,fôrbehandling,Emamectin benzoat,,,,hele lokaliteten,5012,SNILLFJORD,50,Trøndelag,63.506065,9.19075,6,Nordmøre og Sør-Trøndelag,
30,2019,12074,Svåsandneset,ikke-medikamentell,,,,,,deler av lokaliteten,1227,JONDAL,12,Hordaland,60.32422,6.318983,3,Karmøy til Sotra,
30,2019,12268,Terningen,ikke-medikamentell,,,,,,deler av lokaliteten,1545,MIDSUND,15,Møre og Romsdal,62.6431,6.54805,5,Stadt til Hustadvika,
30,2019,29336,Trælsøyosen,ikke-medikamentell,,,,,,deler av lokaliteten,1244,AUSTEVOLL,12,Hordaland,60.1178,5.2702,3,Karmøy til Sotra,
30,2019,12077,Tveitnesvik,ikke-medikamentell,,,,,,hele lokaliteten,1224,KVINNHERAD,12,Hordaland,60.10592,6.20525,3,Karmøy til Sotra,
30,2019,36337,Vardskjæret S,ikke-medikamentell,,,,,,deler av lokaliteten,1834,LURØY,18,Nordland,66.35017,12.469267,8,Helgeland til Bodø,
30,2019,13226,Vindsvik,medikamentell,fôrbehandling,Emamectin benzoat,,,,deler av lokaliteten,1133,HJELMELAND,11,Rogaland,59.299816,6.322467,2,Ryfylke,
30,2019,13226,Vindsvik,ikke-medikamentell,,,,,,deler av lokaliteten,1133,HJELMELAND,11,Rogaland,59.299816,6.322467,2,Ryfylke,
30,2019,13246,Voldnes,ikke-medikamentell,,,,,,deler av lokaliteten,1515,HERØY I MØRE OG ROMSDAL,15,Møre og Romsdal,62.2097,5.7849,5,Stadt til Hustadvika,
29,2019,10331,Åkre,ikke-medikamentell,,,,,,deler av lokaliteten,1224,KVINNHERAD,12,Hordaland,60.112434,6.042483,3,Karmøy til Sotra,
29,2019,12067,Aldalen,ikke-medikamentell,,,,,,deler av lokaliteten,1243,OS I HORDALAND,12,Hordaland,60.24995,5.571917,3,Karmøy til Sotra,
29,2019,13227,Altaneset,ikke-medikamentell,,,,,,hele lokaliteten,1241,FUSA,12,Hordaland,60.247116,5.63475,3,Karmøy til Sotra,
29,2019,12085,Aplavika,ikke-medikamentell,,,,,,deler av lokaliteten,1238,KVAM,12,Hordaland,60.258583,6.055517,3,Karmøy til Sotra,
29,2019,12095,Bergadalen,ikke-medikamentell,,,,,,deler av lokaliteten,1238,KVAM,12,Hordaland,60.1216,5.908883,3,Karmøy til Sotra,
29,2019,11241,Bergvikodden,ikke-medikamentell,,,,,,deler av lokaliteten,1866,HADSEL,18,Nordland,68.57475,14.850883,9,Vestfjorden og Vesterålen,
29,2019,31317,Bjørkvik,medikamentell,fôrbehandling,Emamectin benzoat,,,,deler av lokaliteten,1850,TYSFJORD,18,Nordland,68.02925,16.131416,9,Vestfjorden og Vesterålen,
29,2019,22455,Bjørlykkestranda,medikamentell,fôrbehandling,Emamectin benzoat,,,,deler av lokaliteten,1511,VANYLVEN,15,Møre og Romsdal,62.16655,5.5954,5,Stadt til Hustadvika,
29,2019,10212,Bogen,ikke-medikamentell,,,,,,deler av lokaliteten,1505,KRISTIANSUND,15,Møre og Romsdal,63.076782,7.9046,6,Nordmøre og Sør-Trøndelag,
29,2019,13765,Breiviken,ikke-medikamentell,,,,,,deler av lokaliteten,1834,LURØY,18,Nordland,66.46165,12.958033,8,Helgeland til Bodø,
29,2019,12237,Brudevika,ikke-medikamentell,,,,,,hele lokaliteten,1511,VANYLVEN,15,Møre og Romsdal,62.116566,5.420717,5,Stadt til Hustadvika,
29,2019,11076,Digermulen,medikamentell,fôrbehandling,Emamectin benzoat,,,,hele lokaliteten,1836,RØDØY,18,Nordland,66.67648,13.316867,8,Helgeland til Bodø,
29,2019,14799,Djupestallen,ikke-medikamentell,,,,,,deler av lokaliteten,1223,TYSNES,12,Hordaland,60.058735,5.453,3,Karmøy til Sotra,
29,2019,21415,Dyrholmen,ikke-medikamentell,,,,,,deler av lokaliteten,1141,FINNØY,11,Rogaland,59.285484,5.8583,2,Ryfylke,
29,2019,10045,Eidholmen,ikke-medikamentell,,,,,,hele lokaliteten,1244,AUSTEVOLL,12,Hordaland,60.08808,5.120633,3,Karmøy til Sotra,
29,2019,31157,Fiksneset,ikke-medikamentell,,,,,,deler av lokaliteten,1245,SUND,12,Hordaland,60.176884,5.124833,3,Karmøy til Sotra,
29,2019,11833,Flåtegrunnen,ikke-medikamentell,,,,,,hele lokaliteten,1401,FLORA,14,Sogn og Fjordane,61.57615,4.807333,4,Nordhordaland til Stadt,
29,2019,26935,Frovågneset,ikke-medikamentell,,,,,,hele lokaliteten,1927,TRANØY,19,Troms,69.06865,17.061447,10,Andøya til Senja,
29,2019,31357,Geitryggen,medikamentell,fôrbehandling,Emamectin benzoat,,,,deler av lokaliteten,5051,NÆRØY,50,Trøndelag,64.75127,11.189217,7,Nord-Trøndelag med Bindal,
29,2019,11530,Gissøysundet S,ikke-medikamentell,,,,,,deler av lokaliteten,1219,BØMLO,12,Hordaland,59.623585,5.160067,3,Karmøy til Sotra,
29,2019,33617,Gjerde,ikke-medikamentell,,,,,,deler av lokaliteten,1576,AURE,15,Møre og Romsdal,63.299667,8.418333,6,Nordmøre og Sør-Trøndelag,
29,2019,24735,Gulholmen,ikke-medikamentell,,,,,,deler av lokaliteten,1243,OS I HORDALAND,12,Hordaland,60.1282,5.400467,3,Karmøy til Sotra,
29,2019,22095,Hågardsneset,ikke-medikamentell,,,,,,deler av lokaliteten,1224,KVINNHERAD,12,Hordaland,59.9844,5.929967,3,Karmøy til Sotra,
29,2019,24035,Håvikvågen S,ikke-medikamentell,,,,,,hele lokaliteten,1241,FUSA,12,Hordaland,60.169834,5.69645,3,Karmøy til Sotra,
29,2019,10425,Heggvika,ikke-medikamentell,,,,,,hele lokaliteten,1811,BINDAL,18,Nordland,65.12658,12.071983,7,Nord-Trøndelag med Bindal,
29,2019,10194,Hellaren,ikke-medikamentell,,,,,,hele lokaliteten,1545,MIDSUND,15,Møre og Romsdal,62.735832,6.74745,5,Stadt til Hustadvika,
29,2019,13006,Hestholmen N,ikke-medikamentell,,,,,,deler av lokaliteten,1838,GILDESKÅL,18,Nordland,67.14678,14.016533,8,Helgeland til Bodø,
29,2019,14136,Hestholmen Ø,medikamentell,fôrbehandling,Emamectin benzoat,,,,hele lokaliteten,1144,KVITSØY,11,Rogaland,59.0585,5.445083,2,Ryfylke,
29,2019,10291,Hiskholmen,ikke-medikamentell,,,,,,deler av lokaliteten,1219,BØMLO,12,Hordaland,59.72663,5.145617,3,Karmøy til Sotra,
29,2019,19939,Høysteinen,ikke-medikamentell,,,,,,deler av lokaliteten,1224,KVINNHERAD,12,Hordaland,60.157417,6.050117,3,Karmøy til Sotra,
29,2019,25235,Humulen,ikke-medikamentell,,,,,,deler av lokaliteten,5050,VIKNA,50,Trøndelag,64.94605,11.372467,7,Nord-Trøndelag med Bindal,
29,2019,30036,Jørstadskjera,ikke-medikamentell,,,,,,deler av lokaliteten,1141,FINNØY,11,Rogaland,59.296318,5.936933,2,Ryfylke,
29,2019,29656,Juvika,medikamentell,fôrbehandling,Emamectin benzoat,,,,deler av lokaliteten,1412,SOLUND,14,Sogn og Fjordane,61.104767,5.018483,4,Nordhordaland til Stadt,
29,2019,12855,Kornstad,ikke-medikamentell,,,,,,deler av lokaliteten,1554,AVERØY,15,Møre og Romsdal,62.960384,7.45015,6,Nordmøre og Sør-Trøndelag,
29,2019,12652,Kråkøya,ikke-medikamentell,,,,,,deler av lokaliteten,5050,VIKNA,50,Trøndelag,65.003784,11.042367,7,Nord-Trøndelag med Bindal,
29,2019,22775,Kvaløya,ikke-medikamentell,,,,,,hele lokaliteten,5050,VIKNA,50,Trøndelag,65.001915,11.058617,7,Nord-Trøndelag med Bindal,
29,2019,11116,Langholmen,ikke-medikamentell,,,,,,deler av lokaliteten,1838,GILDESKÅL,18,Nordland,67.05783,14.025333,8,Helgeland til Bodø,
29,2019,26675,Leirholmen,ikke-medikamentell,,,,,,deler av lokaliteten,1834,LURØY,18,Nordland,66.3565,12.530117,8,Helgeland til Bodø,
29,2019,14086,Lelandsholmen,ikke-medikamentell,,,,,,deler av lokaliteten,1219,BØMLO,12,Hordaland,59.728535,5.153067,3,Karmøy til Sotra,
29,2019,10990,Lille Åsvær,ikke-medikamentell,,,,,,deler av lokaliteten,1827,DØNNA,18,Nordland,66.22988,12.317533,8,Helgeland til Bodø,
29,2019,28396,Lindarholmen,ikke-medikamentell,,,,,,deler av lokaliteten,1223,TYSNES,12,Hordaland,60.083866,5.63925,3,Karmøy til Sotra,
29,2019,12633,Lyrnesset,ikke-medikamentell,,,,,,deler av lokaliteten,5049,FLATANGER,50,Trøndelag,64.5256,10.748133,7,Nord-Trøndelag med Bindal,
29,2019,35477,Makrellskjæret,ikke-medikamentell,,,,,,deler av lokaliteten,5049,FLATANGER,50,Trøndelag,64.54919,10.7341,7,Nord-Trøndelag med Bindal,
29,2019,13541,Midtflua,ikke-medikamentell,,,,,,deler av lokaliteten,1223,TYSNES,12,Hordaland,60.076267,5.466533,3,Karmøy til Sotra,
29,2019,12047,Mjåneset,ikke-medikamentell,,,,,,hele lokaliteten,1241,FUSA,12,Hordaland,60.176,5.7244,3,Karmøy til Sotra,
29,2019,29896,Renndalen,ikke-medikamentell,,,,,,deler av lokaliteten,1571,HALSA,15,Møre og Romsdal,63.176117,8.6172,6,Nordmøre og Sør-Trøndelag,
29,2019,12209,Rønstad,medikamentell,badebehandling,Hydrogenperoksid,,,,deler av lokaliteten,1519,VOLDA,15,Møre og Romsdal,62.135117,6.021433,5,Stadt til Hustadvika,
29,2019,12018,Rossholmen,ikke-medikamentell,,,,,,hele lokaliteten,1238,KVAM,12,Hordaland,60.394608,6.275128,3,Karmøy til Sotra,
29,2019,13243,Sandvika,ikke-medikamentell,,,,,,deler av lokaliteten,1519,VOLDA,15,Møre og Romsdal,62.195667,5.904417,5,Stadt til Hustadvika,
29,2019,13035,Sauaneset I,ikke-medikamentell,,,,,,hele lokaliteten,1244,AUSTEVOLL,12,Hordaland,60.089085,5.267967,3,Karmøy til Sotra,
29,2019,33017,Setevika N,ikke-medikamentell,,,,,,deler av lokaliteten,1545,MIDSUND,15,Møre og Romsdal,62.73835,6.937667,5,Stadt til Hustadvika,
29,2019,12048,Skiftesneset N,ikke-medikamentell,,,,,,deler av lokaliteten,1241,FUSA,12,Hordaland,60.0711,5.736867,3,Karmøy til Sotra,
29,2019,20115,Skjerholmen N,ikke-medikamentell,,,,,,deler av lokaliteten,1245,SUND,12,Hordaland,60.249966,5.174483,3,Karmøy til Sotra,
29,2019,25896,Skorpo,ikke-medikamentell,,,,,,deler av lokaliteten,1223,TYSNES,12,Hordaland,59.875767,5.638817,3,Karmøy til Sotra,
29,2019,12705,Skrosen,ikke-medikamentell,,,,,,deler av lokaliteten,5052,LEKA,50,Trøndelag,65.122986,11.674517,7,Nord-Trøndelag med Bindal,
29,2019,31117,Skrubbo,ikke-medikamentell,,,,,,deler av lokaliteten,1241,FUSA,12,Hordaland,60.15632,5.713217,3,Karmøy til Sotra,
29,2019,28096,Slåttenes,ikke-medikamentell,,,,,,hele lokaliteten,1224,KVINNHERAD,12,Hordaland,59.832115,5.98365,3,Karmøy til Sotra,
29,2019,13291,Soløya,ikke-medikamentell,,,,,,deler av lokaliteten,1859,FLAKSTAD,18,Nordland,68.00442,13.181417,9,Vestfjorden og Vesterålen,
29,2019,13032,Sølvøyane,ikke-medikamentell,,,,,,deler av lokaliteten,1219,BØMLO,12,Hordaland,59.609516,5.133367,3,Karmøy til Sotra,
29,2019,23375,Sørevik,medikamentell,badebehandling,Azamethiphos,,,,deler av lokaliteten,1416,HØYANGER,14,Sogn og Fjordane,61.099983,5.729967,4,Nordhordaland til Stadt,
29,2019,30537,Steinflesa,ikke-medikamentell,,,,,,hele lokaliteten,5052,LEKA,50,Trøndelag,65.134834,11.515983,7,Nord-Trøndelag med Bindal,
29,2019,35817,Storevika,ikke-medikamentell,,,,,,deler av lokaliteten,1804,BODØ,18,Nordland,67.18557,14.388433,8,Helgeland til Bodø,
29,2019,22335,Storvika,ikke-medikamentell,,,,,,hele lokaliteten,1548,FRÆNA,15,Møre og Romsdal,62.8021,6.977733,5,Stadt til Hustadvika,
29,2019,12449,Tennøya,medikamentell,fôrbehandling,Emamectin benzoat,,,,deler av lokaliteten,5014,FRØYA,50,Trøndelag,63.805035,8.4444,6,Nordmøre og Sør-Trøndelag,
29,2019,30236,Toppsund V,ikke-medikamentell,,,,,,hele lokaliteten,1903,HARSTAD,19,Troms,68.91164,16.2927,10,Andøya til Senja,
29,2019,31497,Toska N,ikke-medikamentell,,,,,,deler av lokaliteten,1260,RADØY,12,Hordaland,60.66987,4.9172,4,Nordhordaland til Stadt,
29,2019,29336,Trælsøyosen,ikke-medikamentell,,,,,,deler av lokaliteten,1244,AUSTEVOLL,12,Hordaland,60.1178,5.2702,3,Karmøy til Sotra,
29,2019,10332,Trommo,ikke-medikamentell,,,,,,hele lokaliteten,1224,KVINNHERAD,12,Hordaland,60.08243,6.080067,3,Karmøy til Sotra,
29,2019,13226,Vindsvik,medikamentell,fôrbehandling,Emamectin benzoat,,,,deler av lokaliteten,1133,HJELMELAND,11,Rogaland,59.299816,6.322467,2,Ryfylke,
28,2019,10331,Åkre,ikke-medikamentell,,,,,,deler av lokaliteten,1224,KVINNHERAD,12,Hordaland,60.112434,6.042483,3,Karmøy til Sotra,
28,2019,12982,Aldeøyna,ikke-medikamentell,,,,,,hele lokaliteten,1428,ASKVOLL,14,Sogn og Fjordane,61.31025,4.76905,4,Nordhordaland til Stadt,
28,2019,12085,Aplavika,ikke-medikamentell,,,,,,deler av lokaliteten,1238,KVAM,12,Hordaland,60.258583,6.055517,3,Karmøy til Sotra,
28,2019,29016,Båfjordstranda,ikke-medikamentell,,,,,,hele lokaliteten,5051,NÆRØY,50,Trøndelag,64.964485,11.59435,7,Nord-Trøndelag med Bindal,
28,2019,12095,Bergadalen,ikke-medikamentell,,,,,,deler av lokaliteten,1238,KVAM,12,Hordaland,60.1216,5.908883,3,Karmøy til Sotra,
28,2019,11241,Bergvikodden,ikke-medikamentell,,,,,,deler av lokaliteten,1866,HADSEL,18,Nordland,68.57475,14.850883,9,Vestfjorden og Vesterålen,
28,2019,11930,Bjelkavik,ikke-medikamentell,,,,,,hele lokaliteten,1134,SULDAL,11,Rogaland,59.45165,5.991917,2,Ryfylke,
28,2019,10212,Bogen,ikke-medikamentell,,,,,,deler av lokaliteten,1505,KRISTIANSUND,15,Møre og Romsdal,63.076782,7.9046,6,Nordmøre og Sør-Trøndelag,
28,2019,15796,Borgarliflot,ikke-medikamentell,,,,,,deler av lokaliteten,1134,SULDAL,11,Rogaland,59.3892,5.924733,2,Ryfylke,
28,2019,12040,Brandaskuta,ikke-medikamentell,,,,,,deler av lokaliteten,1224,KVINNHERAD,12,Hordaland,59.975735,5.909183,3,Karmøy til Sotra,
28,2019,13765,Breiviken,ikke-medikamentell,,,,,,deler av lokaliteten,1834,LURØY,18,Nordland,66.46165,12.958033,8,Helgeland til Bodø,
28,2019,12237,Brudevika,ikke-medikamentell,,,,,,deler av lokaliteten,1511,VANYLVEN,15,Møre og Romsdal,62.116566,5.420717,5,Stadt til Hustadvika,
28,2019,37217,Dale,ikke-medikamentell,,,,,,hele lokaliteten,1903,HARSTAD,19,Troms,68.92503,16.3452,10,Andøya til Senja,
28,2019,11076,Digermulen,medikamentell,fôrbehandling,Emamectin benzoat,,,,hele lokaliteten,1836,RØDØY,18,Nordland,66.67648,13.316867,8,Helgeland til Bodø,
28,2019,20455,Djupevika,ikke-medikamentell,,,,,,deler av lokaliteten,1224,KVINNHERAD,12,Hordaland,60.04095,6.009367,3,Karmøy til Sotra,
28,2019,21415,Dyrholmen,ikke-medikamentell,,,,,,deler av lokaliteten,1141,FINNØY,11,Rogaland,59.285484,5.8583,2,Ryfylke,
28,2019,32597,Fjordprakken,ikke-medikamentell,,,,,,deler av lokaliteten,1573,SMØLA,15,Møre og Romsdal,63.256516,7.928067,6,Nordmøre og Sør-Trøndelag,
28,2019,11833,Flåtegrunnen,ikke-medikamentell,,,,,,hele lokaliteten,1401,FLORA,14,Sogn og Fjordane,61.57615,4.807333,4,Nordhordaland til Stadt,
28,2019,25835,Flatøyflu,ikke-medikamentell,,,,,,deler av lokaliteten,1244,AUSTEVOLL,12,Hordaland,60.156033,5.2315,3,Karmøy til Sotra,
28,2019,25895,Flornes,ikke-medikamentell,,,,,,deler av lokaliteten,1223,TYSNES,12,Hordaland,59.890984,5.665983,3,Karmøy til Sotra,
28,2019,16939,Fornes,ikke-medikamentell,,,,,,deler av lokaliteten,1851,LØDINGEN,18,Nordland,68.410484,15.435433,9,Vestfjorden og Vesterålen,
28,2019,11814,Furevika,ikke-medikamentell,,,,,,hele lokaliteten,1429,FJALER,14,Sogn og Fjordane,61.305668,5.071783,4,Nordhordaland til Stadt,
28,2019,31357,Geitryggen,medikamentell,fôrbehandling,Emamectin benzoat,,,,deler av lokaliteten,5051,NÆRØY,50,Trøndelag,64.75127,11.189217,7,Nord-Trøndelag med Bindal,
28,2019,11365,Gjervika,ikke-medikamentell,,,,,,hele lokaliteten,1927,TRANØY,19,Troms,69.050316,16.887266,10,Andøya til Senja,
28,2019,17177,Grunneneset,medikamentell,fôrbehandling,Emamectin benzoat,,,,deler av lokaliteten,1438,BREMANGER,14,Sogn og Fjordane,61.89493,5.348667,4,Nordhordaland til Stadt,
28,2019,17177,Grunneneset,medikamentell,fôrbehandling,Emamectin benzoat,,,,deler av lokaliteten,1438,BREMANGER,14,Sogn og Fjordane,61.89493,5.348667,4,Nordhordaland til Stadt,
28,2019,16755,Hageberg,ikke-medikamentell,,,,,,deler av lokaliteten,1222,FITJAR,12,Hordaland,59.944218,5.434733,3,Karmøy til Sotra,
28,2019,11920,Herøy,ikke-medikamentell,,,,,,deler av lokaliteten,1160,VINDAFJORD,11,Rogaland,59.4664,6.0262,2,Ryfylke,
28,2019,14136,Hestholmen Ø,medikamentell,fôrbehandling,Emamectin benzoat,,,,hele lokaliteten,1144,KVITSØY,11,Rogaland,59.0585,5.445083,2,Ryfylke,
28,2019,33957,Hofsøya,ikke-medikamentell,,,,,,deler av lokaliteten,5014,FRØYA,50,Trøndelag,63.7224,8.9145,6,Nordmøre og Sør-Trøndelag,
28,2019,34397,Hyseneset,ikke-medikamentell,,,,,,deler av lokaliteten,1411,GULEN,14,Sogn og Fjordane,60.861485,4.964867,4,Nordhordaland til Stadt,
28,2019,30036,Jørstadskjera,ikke-medikamentell,,,,,,deler av lokaliteten,1141,FINNØY,11,Rogaland,59.296318,5.936933,2,Ryfylke,
28,2019,12348,Kåholmen,ikke-medikamentell,,,,,,deler av lokaliteten,5013,HITRA,50,Trøndelag,63.617184,8.994133,6,Nordmøre og Sør-Trøndelag,
28,2019,13573,Kistvika,ikke-medikamentell,,,,,,deler av lokaliteten,5011,HEMNE,50,Trøndelag,63.38117,9.164317,6,Nordmøre og Sør-Trøndelag,
28,2019,11913,Kjeahola,ikke-medikamentell,,,,,,deler av lokaliteten,1141,FINNØY,11,Rogaland,59.2933,6.0729,2,Ryfylke,
28,2019,36297,Kjeringeholmen,medikamentell,fôrbehandling,Emamectin benzoat,,,,hele lokaliteten,1428,ASKVOLL,14,Sogn og Fjordane,61.390984,4.982833,4,Nordhordaland til Stadt,
28,2019,33177,Krabbholmen II,ikke-medikamentell,,,,,,deler av lokaliteten,5018,ÅFJORD,50,Trøndelag,63.94,9.886633,6,Nordmøre og Sør-Trøndelag,
28,2019,21676,Kråkholmen,ikke-medikamentell,,,,,,deler av lokaliteten,5049,FLATANGER,50,Trøndelag,64.60255,10.854067,7,Nord-Trøndelag med Bindal,
28,2019,12239,Kråknes,ikke-medikamentell,,,,,,hele lokaliteten,1547,AUKRA,15,Møre og Romsdal,62.83145,6.962733,5,Stadt til Hustadvika,
28,2019,13222,Kunes,ikke-medikamentell,,,,,,deler av lokaliteten,1141,FINNØY,11,Rogaland,59.21137,5.9532,2,Ryfylke,
28,2019,19356,Kvalrosskjæret,ikke-medikamentell,,,,,,hele lokaliteten,5049,FLATANGER,50,Trøndelag,64.5387,10.877383,7,Nord-Trøndelag med Bindal,
28,2019,36457,Kvingra,ikke-medikamentell,,,,,,deler av lokaliteten,5052,LEKA,50,Trøndelag,65.20317,11.569,7,Nord-Trøndelag med Bindal,
28,2019,20595,Kyrholmen S,ikke-medikamentell,,,,,,deler av lokaliteten,1244,AUSTEVOLL,12,Hordaland,60.161583,5.207633,3,Karmøy til Sotra,
28,2019,34637,Langholmen N,medikamentell,fôrbehandling,Emamectin benzoat,,,,hele lokaliteten,1866,HADSEL,18,Nordland,68.66638,14.914717,9,Vestfjorden og Vesterålen,
28,2019,26675,Leirholmen,ikke-medikamentell,,,,,,deler av lokaliteten,1834,LURØY,18,Nordland,66.3565,12.530117,8,Helgeland til Bodø,
28,2019,10990,Lille Åsvær,ikke-medikamentell,,,,,,deler av lokaliteten,1827,DØNNA,18,Nordland,66.22988,12.317533,8,Helgeland til Bodø,
28,2019,10262,Lille Kvitholmen,ikke-medikamentell,,,,,,deler av lokaliteten,5051,NÆRØY,50,Trøndelag,65.01145,11.6139,7,Nord-Trøndelag med Bindal,
28,2019,12966,Lindvik,ikke-medikamentell,,,,,,deler av lokaliteten,1160,VINDAFJORD,11,Rogaland,59.474068,5.976433,2,Ryfylke,
28,2019,10292,Lyklingholmen N,medikamentell,fôrbehandling,Emamectin benzoat,,,,hele lokaliteten,1219,BØMLO,12,Hordaland,59.714535,5.15405,3,Karmøy til Sotra,
28,2019,35477,Makrellskjæret,ikke-medikamentell,,,,,,deler av lokaliteten,5049,FLATANGER,50,Trøndelag,64.54919,10.7341,7,Nord-Trøndelag med Bindal,
28,2019,10232,Mannbruholmen,medikamentell,fôrbehandling,Emamectin benzoat,,,,deler av lokaliteten,5014,FRØYA,50,Trøndelag,63.8473,8.53675,6,Nordmøre og Sør-Trøndelag,
28,2019,32977,Måren,ikke-medikamentell,,,,,,hele lokaliteten,1416,HØYANGER,14,Sogn og Fjordane,61.152668,6.1167,4,Nordhordaland til Stadt,
28,2019,38517,Måvær,ikke-medikamentell,,,,,,deler av lokaliteten,1834,LURØY,18,Nordland,66.47767,12.7355,8,Helgeland til Bodø,
28,2019,12047,Mjåneset,ikke-medikamentell,,,,,,deler av lokaliteten,1241,FUSA,12,Hordaland,60.176,5.7244,3,Karmøy til Sotra,
28,2019,31697,Oksen,medikamentell,fôrbehandling,Emamectin benzoat,,,,hele lokaliteten,1246,FJELL,12,Hordaland,60.43418,4.94065,3,Karmøy til Sotra,
28,2019,13345,Oterstegdalen,ikke-medikamentell,,,,,,hele lokaliteten,1241,FUSA,12,Hordaland,60.23545,5.638267,3,Karmøy til Sotra,
28,2019,10996,Ramnøya S,ikke-medikamentell,,,,,,deler av lokaliteten,1827,DØNNA,18,Nordland,66.23212,12.280317,8,Helgeland til Bodø,
28,2019,29896,Renndalen,ikke-medikamentell,,,,,,deler av lokaliteten,1571,HALSA,15,Møre og Romsdal,63.176117,8.6172,6,Nordmøre og Sør-Trøndelag,
28,2019,13243,Sandvika,medikamentell,badebehandling,Hydrogenperoksid,,,,hele lokaliteten,1519,VOLDA,15,Møre og Romsdal,62.195667,5.904417,5,Stadt til Hustadvika,
28,2019,19855,Segelråa,ikke-medikamentell,,,,,,deler av lokaliteten,1576,AURE,15,Møre og Romsdal,63.149746,8.12855,6,Nordmøre og Sør-Trøndelag,
28,2019,12048,Skiftesneset N,ikke-medikamentell,,,,,,deler av lokaliteten,1241,FUSA,12,Hordaland,60.0711,5.736867,3,Karmøy til Sotra,
28,2019,36177,Skjellesvika,ikke-medikamentell,,,,,,deler av lokaliteten,1903,HARSTAD,19,Troms,68.91143,16.645132,10,Andøya til Senja,
28,2019,32877,Skorpo,ikke-medikamentell,,,,,,hele lokaliteten,1243,OS I HORDALAND,12,Hordaland,60.173317,5.293683,3,Karmøy til Sotra,
28,2019,25896,Skorpo,ikke-medikamentell,,,,,,deler av lokaliteten,1223,TYSNES,12,Hordaland,59.875767,5.638817,3,Karmøy til Sotra,
28,2019,31117,Skrubbo,ikke-medikamentell,,,,,,deler av lokaliteten,1241,FUSA,12,Hordaland,60.15632,5.713217,3,Karmøy til Sotra,
28,2019,11939,Smal Skar,ikke-medikamentell,,,,,,deler av lokaliteten,1141,FINNØY,11,Rogaland,59.2051,5.966083,2,Ryfylke,
28,2019,13291,Soløya,ikke-medikamentell,,,,,,deler av lokaliteten,1859,FLAKSTAD,18,Nordland,68.00442,13.181417,9,Vestfjorden og Vesterålen,
28,2019,34297,Stabben,ikke-medikamentell,,,,,,deler av lokaliteten,1852,TJELDSUND,18,Nordland,68.40072,16.216984,9,Vestfjorden og Vesterålen,
28,2019,11700,Storeneset,ikke-medikamentell,,,,,,deler av lokaliteten,1411,GULEN,14,Sogn og Fjordane,60.8763,5.02805,4,Nordhordaland til Stadt,
28,2019,22435,Stretarneset,medikamentell,fôrbehandling,Emamectin benzoat,,,,hele lokaliteten,1866,HADSEL,18,Nordland,68.67398,14.982483,9,Vestfjorden og Vesterålen,
28,2019,38697,Takflua,ikke-medikamentell,,,,,,deler av lokaliteten,5018,ÅFJORD,50,Trøndelag,63.980415,9.865033,6,Nordmøre og Sør-Trøndelag,
28,2019,32857,Trettholmosen,ikke-medikamentell,,,,,,hele lokaliteten,1219,BØMLO,12,Hordaland,59.831932,5.0801,3,Karmøy til Sotra,
28,2019,31557,Valøyan,medikamentell,fôrbehandling,Emamectin benzoat,,,,deler av lokaliteten,5014,FRØYA,50,Trøndelag,63.81735,8.462483,6,Nordmøre og Sør-Trøndelag,
28,2019,36337,Vardskjæret S,ikke-medikamentell,,,,,,deler av lokaliteten,1834,LURØY,18,Nordland,66.35017,12.469267,8,Helgeland til Bodø,
28,2019,32337,Veiesund,ikke-medikamentell,,,,,,deler av lokaliteten,1401,FLORA,14,Sogn og Fjordane,61.57187,5.047283,4,Nordhordaland til Stadt,
28,2019,13226,Vindsvik,medikamentell,fôrbehandling,Emamectin benzoat,,,,hele lokaliteten,1133,HJELMELAND,11,Rogaland,59.299816,6.322467,2,Ryfylke,
28,2019,13246,Voldnes,medikamentell,badebehandling,Hydrogenperoksid,,,,hele lokaliteten,1515,HERØY I MØRE OG ROMSDAL,15,Møre og Romsdal,62.2097,5.7849,5,Stadt til Hustadvika,
27,2019,12067,Aldalen,ikke-medikamentell,,,,,,hele lokaliteten,1243,OS I HORDALAND,12,Hordaland,60.24995,5.571917,3,Karmøy til Sotra,
27,2019,13227,Altaneset,ikke-medikamentell,,,,,,hele lokaliteten,1241,FUSA,12,Hordaland,60.247116,5.63475,3,Karmøy til Sotra,
27,2019,10862,Båsen,ikke-medikamentell,,,,,,deler av lokaliteten,1811,BINDAL,18,Nordland,65.11767,12.321467,7,Nord-Trøndelag med Bindal,
27,2019,13845,Beitveit,ikke-medikamentell,,,,,,hele lokaliteten,1441,SELJE,14,Sogn og Fjordane,62.141335,5.3397,5,Stadt til Hustadvika,
27,2019,11340,Bjørnstein,ikke-medikamentell,,,,,,deler av lokaliteten,1917,IBESTAD,19,Troms,68.892365,17.110233,10,Andøya til Senja,
27,2019,11754,Bøøy,medikamentell,badebehandling,Azamethiphos,,,,deler av lokaliteten,1260,RADØY,12,Hordaland,60.727882,4.8641,4,Nordhordaland til Stadt,
27,2019,11754,Bøøy,medikamentell,badebehandling,Deltamethrin,,,,deler av lokaliteten,1260,RADØY,12,Hordaland,60.727882,4.8641,4,Nordhordaland til Stadt,
27,2019,15796,Borgarliflot,ikke-medikamentell,,,,,,deler av lokaliteten,1134,SULDAL,11,Rogaland,59.3892,5.924733,2,Ryfylke,
27,2019,12040,Brandaskuta,ikke-medikamentell,,,,,,deler av lokaliteten,1224,KVINNHERAD,12,Hordaland,59.975735,5.909183,3,Karmøy til Sotra,
27,2019,13205,Brattholmen,medikamentell,fôrbehandling,Emamectin benzoat,,,,hele lokaliteten,1412,SOLUND,14,Sogn og Fjordane,61.068382,4.713817,4,Nordhordaland til Stadt,
27,2019,12624,Feøyvika,ikke-medikamentell,,,,,,deler av lokaliteten,5049,FLATANGER,50,Trøndelag,64.56032,10.919133,7,Nord-Trøndelag med Bindal,
27,2019,25835,Flatøyflu,ikke-medikamentell,,,,,,deler av lokaliteten,1244,AUSTEVOLL,12,Hordaland,60.156033,5.2315,3,Karmøy til Sotra,
27,2019,30176,Flehammer,medikamentell,fôrbehandling,Emamectin benzoat,,,,hele lokaliteten,1848,STEIGEN,18,Nordland,67.7292,15.444317,9,Vestfjorden og Vesterålen,
27,2019,29876,Flotaren,ikke-medikamentell,,,,,,deler av lokaliteten,5049,FLATANGER,50,Trøndelag,64.52398,10.761667,7,Nord-Trøndelag med Bindal,
27,2019,13058,Fusavika,ikke-medikamentell,,,,,,hele lokaliteten,1241,FUSA,12,Hordaland,60.207634,5.613817,3,Karmøy til Sotra,
27,2019,26335,Geitholmen,medikamentell,fôrbehandling,Emamectin benzoat,,,,hele lokaliteten,5050,VIKNA,50,Trøndelag,64.79955,11.025933,7,Nord-Trøndelag med Bindal,
27,2019,31357,Geitryggen,medikamentell,fôrbehandling,Emamectin benzoat,,,,deler av lokaliteten,5051,NÆRØY,50,Trøndelag,64.75127,11.189217,7,Nord-Trøndelag med Bindal,
27,2019,17177,Grunneneset,medikamentell,fôrbehandling,Emamectin benzoat,,,,deler av lokaliteten,1438,BREMANGER,14,Sogn og Fjordane,61.89493,5.348667,4,Nordhordaland til Stadt,
27,2019,17177,Grunneneset,medikamentell,fôrbehandling,Emamectin benzoat,,,,deler av lokaliteten,1438,BREMANGER,14,Sogn og Fjordane,61.89493,5.348667,4,Nordhordaland til Stadt,
27,2019,29697,Hafsmo,ikke-medikamentell,,,,,,deler av lokaliteten,5012,SNILLFJORD,50,Trøndelag,63.3667,9.245217,6,Nordmøre og Sør-Trøndelag,
27,2019,22095,Hågardsneset,ikke-medikamentell,,,,,,deler av lokaliteten,1224,KVINNHERAD,12,Hordaland,59.9844,5.929967,3,Karmøy til Sotra,
27,2019,11318,Hallvardøy,ikke-medikamentell,,,,,,hele lokaliteten,1851,LØDINGEN,18,Nordland,68.37497,15.317333,9,Vestfjorden og Vesterålen,
27,2019,18639,Halsavika,ikke-medikamentell,,,,,,hele lokaliteten,1146,TYSVÆR,11,Rogaland,59.39232,5.883333,2,Ryfylke,
27,2019,38217,Hardbakkeneset,ikke-medikamentell,,,,,,deler av lokaliteten,1411,GULEN,14,Sogn og Fjordane,61.01673,4.950517,4,Nordhordaland til Stadt,
27,2019,33957,Hofsøya,ikke-medikamentell,,,,,,deler av lokaliteten,5014,FRØYA,50,Trøndelag,63.7224,8.9145,6,Nordmøre og Sør-Trøndelag,
27,2019,30377,Hogsneset N,ikke-medikamentell,,,,,,deler av lokaliteten,1554,AVERØY,15,Møre og Romsdal,63.099934,7.670267,6,Nordmøre og Sør-Trøndelag,
27,2019,13784,Høydalsvika,medikamentell,fôrbehandling,Emamectin benzoat,,,,deler av lokaliteten,1868,ØKSNES,18,Nordland,68.93663,15.020717,9,Vestfjorden og Vesterålen,
27,2019,34397,Hyseneset,ikke-medikamentell,,,,,,deler av lokaliteten,1411,GULEN,14,Sogn og Fjordane,60.861485,4.964867,4,Nordhordaland til Stadt,
27,2019,10240,Ilsøya Ø,medikamentell,fôrbehandling,Emamectin benzoat,,,,hele lokaliteten,5013,HITRA,50,Trøndelag,63.651974,8.88687,6,Nordmøre og Sør-Trøndelag,
27,2019,10240,Ilsøya Ø,medikamentell,fôrbehandling,Emamectin benzoat,,,,hele lokaliteten,5013,HITRA,50,Trøndelag,63.651974,8.88687,6,Nordmøre og Sør-Trøndelag,
27,2019,11665,Jibbersholmane,ikke-medikamentell,,,,,,deler av lokaliteten,1260,RADØY,12,Hordaland,60.752533,4.884617,4,Nordhordaland til Stadt,
27,2019,29656,Juvika,medikamentell,fôrbehandling,Emamectin benzoat,,,,deler av lokaliteten,1412,SOLUND,14,Sogn og Fjordane,61.104767,5.018483,4,Nordhordaland til Stadt,
27,2019,29576,Kalvik,ikke-medikamentell,,,,,,deler av lokaliteten,1845,SØRFOLD,18,Nordland,67.51317,15.570433,9,Vestfjorden og Vesterålen,
27,2019,10087,Kalvøya N,medikamentell,fôrbehandling,Emamectin benzoat,,,,hele lokaliteten,1428,ASKVOLL,14,Sogn og Fjordane,61.319366,4.707167,4,Nordhordaland til Stadt,
27,2019,11913,Kjeahola,ikke-medikamentell,,,,,,deler av lokaliteten,1141,FINNØY,11,Rogaland,59.2933,6.0729,2,Ryfylke,
27,2019,36297,Kjeringeholmen,medikamentell,fôrbehandling,Emamectin benzoat,,,,hele lokaliteten,1428,ASKVOLL,14,Sogn og Fjordane,61.390984,4.982833,4,Nordhordaland til Stadt,
27,2019,24455,Klavelandet,ikke-medikamentell,,,,,,hele lokaliteten,1401,FLORA,14,Sogn og Fjordane,61.60395,5.186533,4,Nordhordaland til Stadt,
27,2019,13567,Knappen Solheim,ikke-medikamentell,,,,,,hele lokaliteten,1266,MASFJORDEN,12,Hordaland,60.885334,5.4616,4,Nordhordaland til Stadt,
27,2019,21676,Kråkholmen,ikke-medikamentell,,,,,,deler av lokaliteten,5049,FLATANGER,50,Trøndelag,64.60255,10.854067,7,Nord-Trøndelag med Bindal,
27,2019,12652,Kråkøya,ikke-medikamentell,,,,,,deler av lokaliteten,5050,VIKNA,50,Trøndelag,65.003784,11.042367,7,Nord-Trøndelag med Bindal,
27,2019,12993,Lamøya,ikke-medikamentell,,,,,,deler av lokaliteten,5014,FRØYA,50,Trøndelag,63.733032,8.85505,6,Nordmøre og Sør-Trøndelag,
27,2019,11116,Langholmen,ikke-medikamentell,,,,,,deler av lokaliteten,1838,GILDESKÅL,18,Nordland,67.05783,14.025333,8,Helgeland til Bodø,
27,2019,28036,Langskjæran,medikamentell,fôrbehandling,Emamectin benzoat,,,,hele lokaliteten,1838,GILDESKÅL,18,Nordland,67.118385,13.898417,8,Helgeland til Bodø,
27,2019,28396,Lindarholmen,ikke-medikamentell,,,,,,deler av lokaliteten,1223,TYSNES,12,Hordaland,60.083866,5.63925,3,Karmøy til Sotra,
27,2019,33337,Lyngnes,ikke-medikamentell,,,,,,deler av lokaliteten,1241,FUSA,12,Hordaland,60.1197,5.720917,3,Karmøy til Sotra,
27,2019,12633,Lyrnesset,ikke-medikamentell,,,,,,deler av lokaliteten,5049,FLATANGER,50,Trøndelag,64.5256,10.748133,7,Nord-Trøndelag med Bindal,
27,2019,35477,Makrellskjæret,ikke-medikamentell,,,,,,deler av lokaliteten,5049,FLATANGER,50,Trøndelag,64.54919,10.7341,7,Nord-Trøndelag med Bindal,
27,2019,10858,Mulingen,ikke-medikamentell,,,,,,deler av lokaliteten,1811,BINDAL,18,Nordland,65.10865,12.442233,7,Nord-Trøndelag med Bindal,
27,2019,27215,Myrane,medikamentell,badebehandling,Azamethiphos,,,,deler av lokaliteten,1535,VESTNES,15,Møre og Romsdal,62.6505,6.726683,5,Stadt til Hustadvika,
27,2019,27215,Myrane,ikke-medikamentell,,,,,,deler av lokaliteten,1535,VESTNES,15,Møre og Romsdal,62.6505,6.726683,5,Stadt til Hustadvika,
27,2019,37077,Oksbåsen,ikke-medikamentell,,,,,,deler av lokaliteten,1811,BINDAL,18,Nordland,65.19105,12.6723,7,Nord-Trøndelag med Bindal,
27,2019,15403,Olderøy,medikamentell,fôrbehandling,Emamectin benzoat,,,,hele lokaliteten,1412,SOLUND,14,Sogn og Fjordane,61.103283,4.712233,4,Nordhordaland til Stadt,
27,2019,15403,Olderøy,medikamentell,fôrbehandling,Emamectin benzoat,,,,hele lokaliteten,1412,SOLUND,14,Sogn og Fjordane,61.103283,4.712233,4,Nordhordaland til Stadt,
27,2019,33417,Persflua,ikke-medikamentell,,,,,,deler av lokaliteten,5017,BJUGN,50,Trøndelag,63.91345,9.826433,6,Nordmøre og Sør-Trøndelag,
27,2019,10996,Ramnøya S,ikke-medikamentell,,,,,,deler av lokaliteten,1827,DØNNA,18,Nordland,66.23212,12.280317,8,Helgeland til Bodø,
27,2019,29896,Renndalen,ikke-medikamentell,,,,,,deler av lokaliteten,1571,HALSA,15,Møre og Romsdal,63.176117,8.6172,6,Nordmøre og Sør-Trøndelag,
27,2019,11964,Ringja,ikke-medikamentell,,,,,,hele lokaliteten,1146,TYSVÆR,11,Rogaland,59.405468,5.8631,2,Ryfylke,
27,2019,19855,Segelråa,ikke-medikamentell,,,,,,deler av lokaliteten,1576,AURE,15,Møre og Romsdal,63.149746,8.12855,6,Nordmøre og Sør-Trøndelag,
27,2019,10398,Seiskjæra,ikke-medikamentell,,,,,,deler av lokaliteten,5018,ÅFJORD,50,Trøndelag,64.09268,10.11655,6,Nordmøre og Sør-Trøndelag,
27,2019,12048,Skiftesneset N,ikke-medikamentell,,,,,,deler av lokaliteten,1241,FUSA,12,Hordaland,60.0711,5.736867,3,Karmøy til Sotra,
27,2019,12108,Skorpo Nv,ikke-medikamentell,,,,,,deler av lokaliteten,1224,KVINNHERAD,12,Hordaland,59.95323,5.827133,3,Karmøy til Sotra,
27,2019,31117,Skrubbo,ikke-medikamentell,,,,,,deler av lokaliteten,1241,FUSA,12,Hordaland,60.15632,5.713217,3,Karmøy til Sotra,
27,2019,13032,Sølvøyane,ikke-medikamentell,,,,,,deler av lokaliteten,1219,BØMLO,12,Hordaland,59.609516,5.133367,3,Karmøy til Sotra,
27,2019,34297,Stabben,ikke-medikamentell,,,,,,deler av lokaliteten,1852,TJELDSUND,18,Nordland,68.40072,16.216984,9,Vestfjorden og Vesterålen,
27,2019,30537,Steinflesa,ikke-medikamentell,,,,,,deler av lokaliteten,5052,LEKA,50,Trøndelag,65.134834,11.515983,7,Nord-Trøndelag med Bindal,
27,2019,11700,Storeneset,ikke-medikamentell,,,,,,deler av lokaliteten,1411,GULEN,14,Sogn og Fjordane,60.8763,5.02805,4,Nordhordaland til Stadt,
27,2019,13125,Storvika,ikke-medikamentell,,,,,,deler av lokaliteten,1837,MELØY,18,Nordland,66.80855,13.242333,8,Helgeland til Bodø,
27,2019,13196,Syltøy,medikamentell,fôrbehandling,Emamectin benzoat,,,,deler av lokaliteten,1245,SUND,12,Hordaland,60.3046,4.96645,3,Karmøy til Sotra,
27,2019,31497,Toska N,ikke-medikamentell,,,,,,deler av lokaliteten,1260,RADØY,12,Hordaland,60.66987,4.9172,4,Nordhordaland til Stadt,
27,2019,32337,Veiesund,ikke-medikamentell,,,,,,deler av lokaliteten,1401,FLORA,14,Sogn og Fjordane,61.57187,5.047283,4,Nordhordaland til Stadt,
27,2019,13226,Vindsvik,medikamentell,fôrbehandling,Emamectin benzoat,,,,deler av lokaliteten,1133,HJELMELAND,11,Rogaland,59.299816,6.322467,2,Ryfylke,
27,2019,13246,Voldnes,medikamentell,badebehandling,Hydrogenperoksid,,,,hele lokaliteten,1515,HERØY I MØRE OG ROMSDAL,15,Møre og Romsdal,62.2097,5.7849,5,Stadt til Hustadvika,
26,2019,12040,Brandaskuta,ikke-medikamentell,,,,,,deler av lokaliteten,1224,KVINNHERAD,12,Hordaland,59.975735,5.909183,3,Karmøy til Sotra,
26,2019,13205,Brattholmen,medikamentell,fôrbehandling,Emamectin benzoat,,,,hele lokaliteten,1412,SOLUND,14,Sogn og Fjordane,61.068382,4.713817,4,Nordhordaland til Stadt,
26,2019,11015,Brattholmen,ikke-medikamentell,,,,,,deler av lokaliteten,1818,HERØY I NORDLAND,18,Nordland,65.90735,12.220967,8,Helgeland til Bodø,
26,2019,31038,Buarøy,medikamentell,badebehandling,Azamethiphos,,,,deler av lokaliteten,1245,SUND,12,Hordaland,60.220066,5.21455,3,Karmøy til Sotra,
26,2019,12361,Bukkholmen S,ikke-medikamentell,,,,,,deler av lokaliteten,5014,FRØYA,50,Trøndelag,63.72378,8.8621,6,Nordmøre og Sør-Trøndelag,
26,2019,10338,Djupevik,ikke-medikamentell,,,,,,deler av lokaliteten,1238,KVAM,12,Hordaland,60.4075,6.356717,3,Karmøy til Sotra,
26,2019,30917,Elgen,ikke-medikamentell,,,,,,deler av lokaliteten,1903,HARSTAD,19,Troms,68.87695,16.287382,10,Andøya til Senja,
26,2019,12624,Feøyvika,ikke-medikamentell,,,,,,deler av lokaliteten,5049,FLATANGER,50,Trøndelag,64.56032,10.919133,7,Nord-Trøndelag med Bindal,
26,2019,30176,Flehammer,medikamentell,fôrbehandling,Emamectin benzoat,,,,hele lokaliteten,1848,STEIGEN,18,Nordland,67.7292,15.444317,9,Vestfjorden og Vesterålen,
26,2019,29876,Flotaren,ikke-medikamentell,,,,,,deler av lokaliteten,5049,FLATANGER,50,Trøndelag,64.52398,10.761667,7,Nord-Trøndelag med Bindal,
26,2019,26935,Frovågneset,ikke-medikamentell,,,,,,deler av lokaliteten,1927,TRANØY,19,Troms,69.06865,17.061447,10,Andøya til Senja,
26,2019,26335,Geitholmen,medikamentell,fôrbehandling,Emamectin benzoat,,,,hele lokaliteten,5050,VIKNA,50,Trøndelag,64.79955,11.025933,7,Nord-Trøndelag med Bindal,
26,2019,31357,Geitryggen,medikamentell,fôrbehandling,Emamectin benzoat,,,,deler av lokaliteten,5051,NÆRØY,50,Trøndelag,64.75127,11.189217,7,Nord-Trøndelag med Bindal,
26,2019,11657,Gråvika,ikke-medikamentell,,,,,,deler av lokaliteten,1411,GULEN,14,Sogn og Fjordane,60.861782,4.934883,4,Nordhordaland til Stadt,
26,2019,22095,Hågardsneset,ikke-medikamentell,,,,,,deler av lokaliteten,1224,KVINNHERAD,12,Hordaland,59.9844,5.929967,3,Karmøy til Sotra,
26,2019,38217,Hardbakkeneset,ikke-medikamentell,,,,,,deler av lokaliteten,1411,GULEN,14,Sogn og Fjordane,61.01673,4.950517,4,Nordhordaland til Stadt,
26,2019,24035,Håvikvågen S,ikke-medikamentell,,,,,,deler av lokaliteten,1241,FUSA,12,Hordaland,60.169834,5.69645,3,Karmøy til Sotra,
26,2019,30897,Havsundet,ikke-medikamentell,,,,,,hele lokaliteten,5017,BJUGN,50,Trøndelag,63.79933,9.440483,6,Nordmøre og Sør-Trøndelag,
26,2019,13503,Heggvika,medikamentell,fôrbehandling,Emamectin benzoat,,,,deler av lokaliteten,5013,HITRA,50,Trøndelag,63.6106,9.050733,6,Nordmøre og Sør-Trøndelag,
26,2019,13503,Heggvika,medikamentell,fôrbehandling,Emamectin benzoat,,,,deler av lokaliteten,5013,HITRA,50,Trøndelag,63.6106,9.050733,6,Nordmøre og Sør-Trøndelag,
26,2019,10194,Hellaren,ikke-medikamentell,,,,,,deler av lokaliteten,1545,MIDSUND,15,Møre og Romsdal,62.735832,6.74745,5,Stadt til Hustadvika,
26,2019,11786,Høyvika,medikamentell,fôrbehandling,Emamectin benzoat,,,,hele lokaliteten,1428,ASKVOLL,14,Sogn og Fjordane,61.37475,4.965133,4,Nordhordaland til Stadt,
26,2019,25235,Humulen,ikke-medikamentell,,,,,,deler av lokaliteten,5050,VIKNA,50,Trøndelag,64.94605,11.372467,7,Nord-Trøndelag med Bindal,
26,2019,10240,Ilsøya Ø,medikamentell,fôrbehandling,Emamectin benzoat,,,,hele lokaliteten,5013,HITRA,50,Trøndelag,63.651974,8.88687,6,Nordmøre og Sør-Trøndelag,
26,2019,10240,Ilsøya Ø,medikamentell,fôrbehandling,Emamectin benzoat,,,,hele lokaliteten,5013,HITRA,50,Trøndelag,63.651974,8.88687,6,Nordmøre og Sør-Trøndelag,
26,2019,14245,Jakobsteinsvika,ikke-medikamentell,,,,,,deler av lokaliteten,5052,LEKA,50,Trøndelag,65.11265,11.792867,7,Nord-Trøndelag med Bindal,
26,2019,29656,Juvika,medikamentell,fôrbehandling,Emamectin benzoat,,,,deler av lokaliteten,1412,SOLUND,14,Sogn og Fjordane,61.104767,5.018483,4,Nordhordaland til Stadt,
26,2019,12348,Kåholmen,medikamentell,fôrbehandling,Emamectin benzoat,,,,deler av lokaliteten,5013,HITRA,50,Trøndelag,63.617184,8.994133,6,Nordmøre og Sør-Trøndelag,
26,2019,12348,Kåholmen,medikamentell,fôrbehandling,Emamectin benzoat,,,,deler av lokaliteten,5013,HITRA,50,Trøndelag,63.617184,8.994133,6,Nordmøre og Sør-Trøndelag,
26,2019,10087,Kalvøya N,medikamentell,fôrbehandling,Emamectin benzoat,,,,hele lokaliteten,1428,ASKVOLL,14,Sogn og Fjordane,61.319366,4.707167,4,Nordhordaland til Stadt,
26,2019,10087,Kalvøya N,medikamentell,fôrbehandling,Emamectin benzoat,,,,hele lokaliteten,1428,ASKVOLL,14,Sogn og Fjordane,61.319366,4.707167,4,Nordhordaland til Stadt,
26,2019,12980,Klubben,ikke-medikamentell,,,,,,hele lokaliteten,1412,SOLUND,14,Sogn og Fjordane,61.17955,5.00315,4,Nordhordaland til Stadt,
26,2019,21676,Kråkholmen,ikke-medikamentell,,,,,,deler av lokaliteten,5049,FLATANGER,50,Trøndelag,64.60255,10.854067,7,Nord-Trøndelag med Bindal,
26,2019,10080,Laksevika,ikke-medikamentell,,,,,,deler av lokaliteten,1256,MELAND,12,Hordaland,60.53015,5.11575,4,Nordhordaland til Stadt,
26,2019,28036,Langskjæran,medikamentell,fôrbehandling,Emamectin benzoat,,,,hele lokaliteten,1838,GILDESKÅL,18,Nordland,67.118385,13.898417,8,Helgeland til Bodø,
26,2019,12633,Lyrnesset,ikke-medikamentell,,,,,,deler av lokaliteten,5049,FLATANGER,50,Trøndelag,64.5256,10.748133,7,Nord-Trøndelag med Bindal,
26,2019,10858,Mulingen,ikke-medikamentell,,,,,,deler av lokaliteten,1811,BINDAL,18,Nordland,65.10865,12.442233,7,Nord-Trøndelag med Bindal,
26,2019,11041,Nord Gåsvær,medikamentell,fôrbehandling,Emamectin benzoat,,,,deler av lokaliteten,1818,HERØY I NORDLAND,18,Nordland,66.07035,12.065617,8,Helgeland til Bodø,
26,2019,15403,Olderøy,medikamentell,fôrbehandling,Emamectin benzoat,,,,hele lokaliteten,1412,SOLUND,14,Sogn og Fjordane,61.103283,4.712233,4,Nordhordaland til Stadt,
26,2019,15403,Olderøy,medikamentell,fôrbehandling,Emamectin benzoat,,,,hele lokaliteten,1412,SOLUND,14,Sogn og Fjordane,61.103283,4.712233,4,Nordhordaland til Stadt,
26,2019,19875,Or,ikke-medikamentell,,,,,,deler av lokaliteten,1505,KRISTIANSUND,15,Møre og Romsdal,63.039932,7.850267,6,Nordmøre og Sør-Trøndelag,
26,2019,10996,Ramnøya S,ikke-medikamentell,,,,,,deler av lokaliteten,1827,DØNNA,18,Nordland,66.23212,12.280317,8,Helgeland til Bodø,
26,2019,29896,Renndalen,ikke-medikamentell,,,,,,deler av lokaliteten,1571,HALSA,15,Møre og Romsdal,63.176117,8.6172,6,Nordmøre og Sør-Trøndelag,
26,2019,12018,Rossholmen,ikke-medikamentell,,,,,,hele lokaliteten,1238,KVAM,12,Hordaland,60.394608,6.275128,3,Karmøy til Sotra,
26,2019,31677,Sandholmane,ikke-medikamentell,,,,,,deler av lokaliteten,1546,SANDØY,15,Møre og Romsdal,62.79658,6.67125,5,Stadt til Hustadvika,
26,2019,10398,Seiskjæra,ikke-medikamentell,,,,,,deler av lokaliteten,5018,ÅFJORD,50,Trøndelag,64.09268,10.11655,6,Nordmøre og Sør-Trøndelag,
26,2019,12048,Skiftesneset N,ikke-medikamentell,,,,,,deler av lokaliteten,1241,FUSA,12,Hordaland,60.0711,5.736867,3,Karmøy til Sotra,
26,2019,31117,Skrubbo,ikke-medikamentell,,,,,,deler av lokaliteten,1241,FUSA,12,Hordaland,60.15632,5.713217,3,Karmøy til Sotra,
26,2019,27436,Solværet,ikke-medikamentell,,,,,,deler av lokaliteten,1573,SMØLA,15,Møre og Romsdal,63.255,7.856933,6,Nordmøre og Sør-Trøndelag,
26,2019,13032,Sølvøyane,ikke-medikamentell,,,,,,deler av lokaliteten,1219,BØMLO,12,Hordaland,59.609516,5.133367,3,Karmøy til Sotra,
26,2019,23375,Sørevik,medikamentell,fôrbehandling,Emamectin benzoat,,,,deler av lokaliteten,1416,HØYANGER,14,Sogn og Fjordane,61.099983,5.729967,4,Nordhordaland til Stadt,
26,2019,31338,Storskjeret,ikke-medikamentell,,,,,,deler av lokaliteten,1576,AURE,15,Møre og Romsdal,63.26985,8.228283,6,Nordmøre og Sør-Trøndelag,
26,2019,22335,Storvika,ikke-medikamentell,,,,,,hele lokaliteten,1548,FRÆNA,15,Møre og Romsdal,62.8021,6.977733,5,Stadt til Hustadvika,
26,2019,13196,Syltøy,medikamentell,fôrbehandling,Emamectin benzoat,,,,hele lokaliteten,1245,SUND,12,Hordaland,60.3046,4.96645,3,Karmøy til Sotra,
26,2019,38697,Takflua,ikke-medikamentell,,,,,,deler av lokaliteten,5018,ÅFJORD,50,Trøndelag,63.980415,9.865033,6,Nordmøre og Sør-Trøndelag,
26,2019,30717,Tveitnes,ikke-medikamentell,,,,,,deler av lokaliteten,1238,KVAM,12,Hordaland,60.414185,6.402,3,Karmøy til Sotra,
26,2019,19235,Vindvika,ikke-medikamentell,,,,,,deler av lokaliteten,1804,BODØ,18,Nordland,67.533165,15.165583,9,Vestfjorden og Vesterålen,
25,2019,12982,Aldeøyna,ikke-medikamentell,,,,,,deler av lokaliteten,1428,ASKVOLL,14,Sogn og Fjordane,61.31025,4.76905,4,Nordhordaland til Stadt,
25,2019,22455,Bjørlykkestranda,medikamentell,fôrbehandling,Emamectin benzoat,,,,deler av lokaliteten,1511,VANYLVEN,15,Møre og Romsdal,62.16655,5.5954,5,Stadt til Hustadvika,
25,2019,22455,Bjørlykkestranda,medikamentell,fôrbehandling,Emamectin benzoat,,,,deler av lokaliteten,1511,VANYLVEN,15,Møre og Romsdal,62.16655,5.5954,5,Stadt til Hustadvika,
25,2019,10212,Bogen,ikke-medikamentell,,,,,,deler av lokaliteten,1505,KRISTIANSUND,15,Møre og Romsdal,63.076782,7.9046,6,Nordmøre og Sør-Trøndelag,
25,2019,13284,Bollhaugen,medikamentell,fôrbehandling,Emamectin benzoat,,,,hele lokaliteten,1827,DØNNA,18,Nordland,66.11311,12.487683,8,Helgeland til Bodø,
25,2019,13021,Gaustad,ikke-medikamentell,,,,,,hele lokaliteten,1551,EIDE,15,Møre og Romsdal,62.9839,7.329667,6,Nordmøre og Sør-Trøndelag,
25,2019,11657,Gråvika,ikke-medikamentell,,,,,,deler av lokaliteten,1411,GULEN,14,Sogn og Fjordane,60.861782,4.934883,4,Nordhordaland til Stadt,
25,2019,17177,Grunneneset,medikamentell,fôrbehandling,Emamectin benzoat,,,,deler av lokaliteten,1438,BREMANGER,14,Sogn og Fjordane,61.89493,5.348667,4,Nordhordaland til Stadt,
25,2019,22095,Hågardsneset,ikke-medikamentell,,,,,,deler av lokaliteten,1224,KVINNHERAD,12,Hordaland,59.9844,5.929967,3,Karmøy til Sotra,
25,2019,36737,Hallsteinhamn I,medikamentell,fôrbehandling,Emamectin benzoat,,,,hele lokaliteten,1804,BODØ,18,Nordland,67.44185,14.71595,9,Vestfjorden og Vesterålen,
25,2019,10300,Hillersvik,medikamentell,fôrbehandling,Emamectin benzoat,,,,hele lokaliteten,1216,SVEIO,12,Hordaland,59.6084,5.311917,3,Karmøy til Sotra,
25,2019,10291,Hiskholmen,ikke-medikamentell,,,,,,deler av lokaliteten,1219,BØMLO,12,Hordaland,59.72663,5.145617,3,Karmøy til Sotra,
25,2019,11786,Høyvika,medikamentell,fôrbehandling,Emamectin benzoat,,,,hele lokaliteten,1428,ASKVOLL,14,Sogn og Fjordane,61.37475,4.965133,4,Nordhordaland til Stadt,
25,2019,25235,Humulen,ikke-medikamentell,,,,,,deler av lokaliteten,5050,VIKNA,50,Trøndelag,64.94605,11.372467,7,Nord-Trøndelag med Bindal,
25,2019,14245,Jakobsteinsvika,ikke-medikamentell,,,,,,deler av lokaliteten,5052,LEKA,50,Trøndelag,65.11265,11.792867,7,Nord-Trøndelag med Bindal,
25,2019,33197,Jernelva,ikke-medikamentell,,,,,,deler av lokaliteten,2017,KVALSUND,20,Finnmark,70.449585,23.63825,12,Vest-Finnmark,
25,2019,29576,Kalvik,ikke-medikamentell,,,,,,deler av lokaliteten,1845,SØRFOLD,18,Nordland,67.51317,15.570433,9,Vestfjorden og Vesterålen,
25,2019,24455,Klavelandet,ikke-medikamentell,,,,,,deler av lokaliteten,1401,FLORA,14,Sogn og Fjordane,61.60395,5.186533,4,Nordhordaland til Stadt,
25,2019,22775,Kvaløya,ikke-medikamentell,,,,,,hele lokaliteten,5050,VIKNA,50,Trøndelag,65.001915,11.058617,7,Nord-Trøndelag med Bindal,
25,2019,10080,Laksevika,ikke-medikamentell,,,,,,deler av lokaliteten,1256,MELAND,12,Hordaland,60.53015,5.11575,4,Nordhordaland til Stadt,
25,2019,12993,Lamøya,ikke-medikamentell,,,,,,deler av lokaliteten,5014,FRØYA,50,Trøndelag,63.733032,8.85505,6,Nordmøre og Sør-Trøndelag,
25,2019,28036,Langskjæran,medikamentell,fôrbehandling,Emamectin benzoat,,,,hele lokaliteten,1838,GILDESKÅL,18,Nordland,67.118385,13.898417,8,Helgeland til Bodø,
25,2019,14086,Lelandsholmen,ikke-medikamentell,,,,,,hele lokaliteten,1219,BØMLO,12,Hordaland,59.728535,5.153067,3,Karmøy til Sotra,
25,2019,14043,Lybergsvika,ikke-medikamentell,,,,,,deler av lokaliteten,1539,RAUMA,15,Møre og Romsdal,62.641582,7.448583,5,Stadt til Hustadvika,
25,2019,12978,Lyngholmen,ikke-medikamentell,,,,,,deler av lokaliteten,1411,GULEN,14,Sogn og Fjordane,61.016933,5.007033,4,Nordhordaland til Stadt,
25,2019,33337,Lyngnes,ikke-medikamentell,,,,,,deler av lokaliteten,1241,FUSA,12,Hordaland,60.1197,5.720917,3,Karmøy til Sotra,
25,2019,30157,Movik,ikke-medikamentell,,,,,,deler av lokaliteten,1845,SØRFOLD,18,Nordland,67.63265,15.26325,9,Vestfjorden og Vesterålen,
25,2019,11611,Naveide,ikke-medikamentell,,,,,,deler av lokaliteten,1244,AUSTEVOLL,12,Hordaland,60.13907,5.112783,3,Karmøy til Sotra,
25,2019,24937,Nebbo,ikke-medikamentell,,,,,,deler av lokaliteten,1224,KVINNHERAD,12,Hordaland,59.87075,5.725017,3,Karmøy til Sotra,
25,2019,11041,Nord Gåsvær,medikamentell,fôrbehandling,Emamectin benzoat,,,,deler av lokaliteten,1818,HERØY I NORDLAND,18,Nordland,66.07035,12.065617,8,Helgeland til Bodø,
25,2019,11129,Nordfugløy,ikke-medikamentell,,,,,,hele lokaliteten,1838,GILDESKÅL,18,Nordland,67.083916,13.85685,8,Helgeland til Bodø,
25,2019,33417,Persflua,ikke-medikamentell,,,,,,deler av lokaliteten,5017,BJUGN,50,Trøndelag,63.91345,9.826433,6,Nordmøre og Sør-Trøndelag,
25,2019,31677,Sandholmane,ikke-medikamentell,,,,,,deler av lokaliteten,1546,SANDØY,15,Møre og Romsdal,62.79658,6.67125,5,Stadt til Hustadvika,
25,2019,13035,Sauaneset I,ikke-medikamentell,,,,,,deler av lokaliteten,1244,AUSTEVOLL,12,Hordaland,60.089085,5.267967,3,Karmøy til Sotra,
25,2019,33017,Setevika N,ikke-medikamentell,,,,,,deler av lokaliteten,1545,MIDSUND,15,Møre og Romsdal,62.73835,6.937667,5,Stadt til Hustadvika,
25,2019,31457,Skarvestein,ikke-medikamentell,,,,,,deler av lokaliteten,1941,SKJERVØY,19,Troms,69.993614,20.71115,11,Kvaløya til Loppa,
25,2019,10660,Skinnstakkvika,ikke-medikamentell,,,,,,hele lokaliteten,2018,MÅSØY,20,Finnmark,70.88918,24.944717,12,Vest-Finnmark,
25,2019,38577,Skreda,ikke-medikamentell,,,,,,hele lokaliteten,1412,SOLUND,14,Sogn og Fjordane,61.14635,5.08115,4,Nordhordaland til Stadt,
25,2019,18657,Skredstivik,ikke-medikamentell,,,,,,deler av lokaliteten,1413,HYLLESTAD,14,Sogn og Fjordane,61.15495,5.133333,4,Nordhordaland til Stadt,
25,2019,38297,Sør Gåsvær,medikamentell,fôrbehandling,Emamectin benzoat,,,,hele lokaliteten,1818,HERØY I NORDLAND,18,Nordland,66.03118,12.02305,8,Helgeland til Bodø,
25,2019,23375,Sørevik,medikamentell,fôrbehandling,Emamectin benzoat,,,,deler av lokaliteten,1416,HØYANGER,14,Sogn og Fjordane,61.099983,5.729967,4,Nordhordaland til Stadt,
25,2019,12081,Straumneset,ikke-medikamentell,,,,,,hele lokaliteten,1227,JONDAL,12,Hordaland,60.220966,6.139567,3,Karmøy til Sotra,
25,2019,13196,Syltøy,medikamentell,fôrbehandling,Emamectin benzoat,,,,deler av lokaliteten,1245,SUND,12,Hordaland,60.3046,4.96645,3,Karmøy til Sotra,
25,2019,38697,Takflua,ikke-medikamentell,,,,,,deler av lokaliteten,5018,ÅFJORD,50,Trøndelag,63.980415,9.865033,6,Nordmøre og Sør-Trøndelag,
25,2019,26055,Toppsund Ø,ikke-medikamentell,,,,,,hele lokaliteten,1903,HARSTAD,19,Troms,68.863716,16.403032,10,Andøya til Senja,
24,2019,12982,Aldeøyna,ikke-medikamentell,,,,,,deler av lokaliteten,1428,ASKVOLL,14,Sogn og Fjordane,61.31025,4.76905,4,Nordhordaland til Stadt,
24,2019,11793,Ånnaholmane,medikamentell,fôrbehandling,Emamectin benzoat,,,,hele lokaliteten,1428,ASKVOLL,14,Sogn og Fjordane,61.284267,4.725433,4,Nordhordaland til Stadt,
24,2019,11793,Ånnaholmane,medikamentell,fôrbehandling,Emamectin benzoat,,,,hele lokaliteten,1428,ASKVOLL,14,Sogn og Fjordane,61.284267,4.725433,4,Nordhordaland til Stadt,
24,2019,29016,Båfjordstranda,ikke-medikamentell,,,,,,deler av lokaliteten,5051,NÆRØY,50,Trøndelag,64.964485,11.59435,7,Nord-Trøndelag med Bindal,
24,2019,22455,Bjørlykkestranda,medikamentell,fôrbehandling,Emamectin benzoat,,,,deler av lokaliteten,1511,VANYLVEN,15,Møre og Romsdal,62.16655,5.5954,5,Stadt til Hustadvika,
24,2019,22455,Bjørlykkestranda,medikamentell,fôrbehandling,Emamectin benzoat,,,,deler av lokaliteten,1511,VANYLVEN,15,Møre og Romsdal,62.16655,5.5954,5,Stadt til Hustadvika,
24,2019,13284,Bollhaugen,medikamentell,fôrbehandling,Emamectin benzoat,,,,hele lokaliteten,1827,DØNNA,18,Nordland,66.11311,12.487683,8,Helgeland til Bodø,
24,2019,32197,Dryna,ikke-medikamentell,,,,,,deler av lokaliteten,1545,MIDSUND,15,Møre og Romsdal,62.6444,6.5568,5,Stadt til Hustadvika,
24,2019,29296,Fleina,ikke-medikamentell,,,,,,hele lokaliteten,1838,GILDESKÅL,18,Nordland,67.0951,13.875217,8,Helgeland til Bodø,
24,2019,13669,Furneset,ikke-medikamentell,,,,,,deler av lokaliteten,1535,VESTNES,15,Møre og Romsdal,62.6461,7.101183,5,Stadt til Hustadvika,
24,2019,17177,Grunneneset,medikamentell,fôrbehandling,Emamectin benzoat,,,,deler av lokaliteten,1438,BREMANGER,14,Sogn og Fjordane,61.89493,5.348667,4,Nordhordaland til Stadt,
24,2019,17177,Grunneneset,medikamentell,fôrbehandling,Emamectin benzoat,,,,deler av lokaliteten,1438,BREMANGER,14,Sogn og Fjordane,61.89493,5.348667,4,Nordhordaland til Stadt,
24,2019,36737,Hallsteinhamn I,medikamentell,fôrbehandling,Emamectin benzoat,,,,hele lokaliteten,1804,BODØ,18,Nordland,67.44185,14.71595,9,Vestfjorden og Vesterålen,
24,2019,11740,Haverøy,medikamentell,fôrbehandling,Emamectin benzoat,,,,deler av lokaliteten,1246,FJELL,12,Hordaland,60.404766,4.93995,3,Karmøy til Sotra,
24,2019,24035,Håvikvågen S,ikke-medikamentell,,,,,,deler av lokaliteten,1241,FUSA,12,Hordaland,60.169834,5.69645,3,Karmøy til Sotra,
24,2019,30897,Havsundet,ikke-medikamentell,,,,,,deler av lokaliteten,5017,BJUGN,50,Trøndelag,63.79933,9.440483,6,Nordmøre og Sør-Trøndelag,
24,2019,10300,Hillersvik,medikamentell,fôrbehandling,Emamectin benzoat,,,,hele lokaliteten,1216,SVEIO,12,Hordaland,59.6084,5.311917,3,Karmøy til Sotra,
24,2019,29576,Kalvik,ikke-medikamentell,,,,,,deler av lokaliteten,1845,SØRFOLD,18,Nordland,67.51317,15.570433,9,Vestfjorden og Vesterålen,
24,2019,11689,Kjerringneset,ikke-medikamentell,,,,,,deler av lokaliteten,1411,GULEN,14,Sogn og Fjordane,60.960182,5.106783,4,Nordhordaland til Stadt,
24,2019,11809,Krabbestig,medikamentell,fôrbehandling,Emamectin benzoat,,,,hele lokaliteten,1439,VÅGSØY,14,Sogn og Fjordane,61.894566,5.0616,4,Nordhordaland til Stadt,
24,2019,12239,Kråknes,ikke-medikamentell,,,,,,deler av lokaliteten,1547,AUKRA,15,Møre og Romsdal,62.83145,6.962733,5,Stadt til Hustadvika,
24,2019,11714,Kvernhusvika,ikke-medikamentell,,,,,,deler av lokaliteten,1412,SOLUND,14,Sogn og Fjordane,61.0675,4.94345,4,Nordhordaland til Stadt,
24,2019,12993,Lamøya,ikke-medikamentell,,,,,,deler av lokaliteten,5014,FRØYA,50,Trøndelag,63.733032,8.85505,6,Nordmøre og Sør-Trøndelag,
24,2019,11116,Langholmen,ikke-medikamentell,,,,,,deler av lokaliteten,1838,GILDESKÅL,18,Nordland,67.05783,14.025333,8,Helgeland til Bodø,
24,2019,10262,Lille Kvitholmen,ikke-medikamentell,,,,,,deler av lokaliteten,5051,NÆRØY,50,Trøndelag,65.01145,11.6139,7,Nord-Trøndelag med Bindal,
24,2019,12978,Lyngholmen,ikke-medikamentell,,,,,,deler av lokaliteten,1411,GULEN,14,Sogn og Fjordane,61.016933,5.007033,4,Nordhordaland til Stadt,
24,2019,33337,Lyngnes,ikke-medikamentell,,,,,,deler av lokaliteten,1241,FUSA,12,Hordaland,60.1197,5.720917,3,Karmøy til Sotra,
24,2019,12047,Mjåneset,ikke-medikamentell,,,,,,hele lokaliteten,1241,FUSA,12,Hordaland,60.176,5.7244,3,Karmøy til Sotra,
24,2019,11041,Nord Gåsvær,medikamentell,fôrbehandling,Emamectin benzoat,,,,deler av lokaliteten,1818,HERØY I NORDLAND,18,Nordland,66.07035,12.065617,8,Helgeland til Bodø,
24,2019,26315,Nordgjæslingan,medikamentell,fôrbehandling,Emamectin benzoat,,,,hele lokaliteten,5050,VIKNA,50,Trøndelag,64.76597,10.913767,7,Nord-Trøndelag med Bindal,
24,2019,30559,Øksneset,ikke-medikamentell,,,,,,hele lokaliteten,1264,AUSTRHEIM,12,Hordaland,60.81255,4.862317,4,Nordhordaland til Stadt,
24,2019,33417,Persflua,ikke-medikamentell,,,,,,deler av lokaliteten,5017,BJUGN,50,Trøndelag,63.91345,9.826433,6,Nordmøre og Sør-Trøndelag,
24,2019,10822,Rivarbukt,ikke-medikamentell,,,,,,hele lokaliteten,2012,ALTA,20,Finnmark,70.08587,22.6618,12,Vest-Finnmark,
24,2019,11770,Rotøy,medikamentell,fôrbehandling,Emamectin benzoat,,,,hele lokaliteten,1259,ØYGARDEN,12,Hordaland,60.682816,4.759617,4,Nordhordaland til Stadt,
24,2019,19855,Segelråa,ikke-medikamentell,,,,,,deler av lokaliteten,1576,AURE,15,Møre og Romsdal,63.149746,8.12855,6,Nordmøre og Sør-Trøndelag,
24,2019,33017,Setevika N,ikke-medikamentell,,,,,,deler av lokaliteten,1545,MIDSUND,15,Møre og Romsdal,62.73835,6.937667,5,Stadt til Hustadvika,
24,2019,10216,Skåren,ikke-medikamentell,,,,,,deler av lokaliteten,1571,HALSA,15,Møre og Romsdal,63.076733,8.19315,6,Nordmøre og Sør-Trøndelag,
24,2019,12048,Skiftesneset N,ikke-medikamentell,,,,,,deler av lokaliteten,1241,FUSA,12,Hordaland,60.0711,5.736867,3,Karmøy til Sotra,
24,2019,11640,Skorpeosen,medikamentell,fôrbehandling,Emamectin benzoat,,,,deler av lokaliteten,1246,FJELL,12,Hordaland,60.332466,4.9421,3,Karmøy til Sotra,
24,2019,20815,Slettvika,ikke-medikamentell,,,,,,hele lokaliteten,1520,ØRSTA,15,Møre og Romsdal,62.334,6.157667,5,Stadt til Hustadvika,
24,2019,13032,Sølvøyane,ikke-medikamentell,,,,,,deler av lokaliteten,1219,BØMLO,12,Hordaland,59.609516,5.133367,3,Karmøy til Sotra,
24,2019,10276,Sommarbukt,ikke-medikamentell,,,,,,deler av lokaliteten,2012,ALTA,20,Finnmark,70.077034,22.666183,12,Vest-Finnmark,
24,2019,38297,Sør Gåsvær,medikamentell,fôrbehandling,Emamectin benzoat,,,,hele lokaliteten,1818,HERØY I NORDLAND,18,Nordland,66.03118,12.02305,8,Helgeland til Bodø,
24,2019,23375,Sørevik,medikamentell,fôrbehandling,Emamectin benzoat,,,,deler av lokaliteten,1416,HØYANGER,14,Sogn og Fjordane,61.099983,5.729967,4,Nordhordaland til Stadt,
24,2019,30537,Steinflesa,ikke-medikamentell,,,,,,deler av lokaliteten,5052,LEKA,50,Trøndelag,65.134834,11.515983,7,Nord-Trøndelag med Bindal,
24,2019,12268,Terningen,ikke-medikamentell,,,,,,deler av lokaliteten,1545,MIDSUND,15,Møre og Romsdal,62.6431,6.54805,5,Stadt til Hustadvika,
24,2019,31497,Toska N,ikke-medikamentell,,,,,,deler av lokaliteten,1260,RADØY,12,Hordaland,60.66987,4.9172,4,Nordhordaland til Stadt,
24,2019,10821,Tuvan,ikke-medikamentell,,,,,,deler av lokaliteten,2012,ALTA,20,Finnmark,70.09005,22.705366,12,Vest-Finnmark,
24,2019,30717,Tveitnes,ikke-medikamentell,,,,,,hele lokaliteten,1238,KVAM,12,Hordaland,60.414185,6.402,3,Karmøy til Sotra,
24,2019,10652,Vedbotn,medikamentell,badebehandling,Azamethiphos,,,,deler av lokaliteten,2019,NORDKAPP,20,Finnmark,70.7514,25.636984,12,Vest-Finnmark,
24,2019,10652,Vedbotn,medikamentell,badebehandling,Deltamethrin,,,,deler av lokaliteten,2019,NORDKAPP,20,Finnmark,70.7514,25.636984,12,Vest-Finnmark,
23,2019,11513,Andal,medikamentell,fôrbehandling,Emamectin benzoat,,,,hele lokaliteten,1219,BØMLO,12,Hordaland,59.636482,5.247117,3,Karmøy til Sotra,
23,2019,11793,Ånnaholmane,medikamentell,fôrbehandling,Emamectin benzoat,,,,hele lokaliteten,1428,ASKVOLL,14,Sogn og Fjordane,61.284267,4.725433,4,Nordhordaland til Stadt,
23,2019,11793,Ånnaholmane,medikamentell,fôrbehandling,Emamectin benzoat,,,,hele lokaliteten,1428,ASKVOLL,14,Sogn og Fjordane,61.284267,4.725433,4,Nordhordaland til Stadt,
23,2019,22455,Bjørlykkestranda,medikamentell,fôrbehandling,Emamectin benzoat,,,,deler av lokaliteten,1511,VANYLVEN,15,Møre og Romsdal,62.16655,5.5954,5,Stadt til Hustadvika,
23,2019,22455,Bjørlykkestranda,medikamentell,fôrbehandling,Emamectin benzoat,,,,deler av lokaliteten,1511,VANYLVEN,15,Møre og Romsdal,62.16655,5.5954,5,Stadt til Hustadvika,
23,2019,13284,Bollhaugen,medikamentell,fôrbehandling,Emamectin benzoat,,,,hele lokaliteten,1827,DØNNA,18,Nordland,66.11311,12.487683,8,Helgeland til Bodø,
23,2019,12237,Brudevika,ikke-medikamentell,,,,,,deler av lokaliteten,1511,VANYLVEN,15,Møre og Romsdal,62.116566,5.420717,5,Stadt til Hustadvika,
23,2019,12361,Bukkholmen S,ikke-medikamentell,,,,,,deler av lokaliteten,5014,FRØYA,50,Trøndelag,63.72378,8.8621,6,Nordmøre og Sør-Trøndelag,
23,2019,37217,Dale,ikke-medikamentell,,,,,,hele lokaliteten,1903,HARSTAD,19,Troms,68.92503,16.3452,10,Andøya til Senja,
23,2019,32197,Dryna,ikke-medikamentell,,,,,,deler av lokaliteten,1545,MIDSUND,15,Møre og Romsdal,62.6444,6.5568,5,Stadt til Hustadvika,
23,2019,13669,Furneset,ikke-medikamentell,,,,,,deler av lokaliteten,1535,VESTNES,15,Møre og Romsdal,62.6461,7.101183,5,Stadt til Hustadvika,
23,2019,11365,Gjervika,medikamentell,badebehandling,Deltamethrin,,,,deler av lokaliteten,1927,TRANØY,19,Troms,69.050316,16.887266,10,Andøya til Senja,
23,2019,11365,Gjervika,ikke-medikamentell,,,,,,deler av lokaliteten,1927,TRANØY,19,Troms,69.050316,16.887266,10,Andøya til Senja,
23,2019,12265,Gudmundset,ikke-medikamentell,,,,,,deler av lokaliteten,1529,SKODJE,15,Møre og Romsdal,62.45375,6.601283,5,Stadt til Hustadvika,
23,2019,13996,Hamnefjord,ikke-medikamentell,,,,,,deler av lokaliteten,2004,HAMMERFEST,20,Finnmark,70.57534,23.03444,12,Vest-Finnmark,
23,2019,24035,Håvikvågen S,ikke-medikamentell,,,,,,deler av lokaliteten,1241,FUSA,12,Hordaland,60.169834,5.69645,3,Karmøy til Sotra,
23,2019,11315,Hellarvika,ikke-medikamentell,,,,,,deler av lokaliteten,1848,STEIGEN,18,Nordland,67.7267,15.3812,9,Vestfjorden og Vesterålen,
23,2019,14679,Hellfjorden,ikke-medikamentell,,,,,,deler av lokaliteten,1867,BØ I NORDLAND,18,Nordland,68.668365,14.8005,9,Vestfjorden og Vesterålen,
23,2019,12036,Hisdalen,medikamentell,fôrbehandling,Diflubenzuron,,,,hele lokaliteten,1224,KVINNHERAD,12,Hordaland,60.126118,5.9305,3,Karmøy til Sotra,
23,2019,12036,Hisdalen,medikamentell,fôrbehandling,Diflubenzuron,,,,hele lokaliteten,1224,KVINNHERAD,12,Hordaland,60.126118,5.9305,3,Karmøy til Sotra,
23,2019,10291,Hiskholmen,ikke-medikamentell,,,,,,deler av lokaliteten,1219,BØMLO,12,Hordaland,59.72663,5.145617,3,Karmøy til Sotra,
23,2019,12035,Hondskår,medikamentell,fôrbehandling,Diflubenzuron,,,,deler av lokaliteten,1224,KVINNHERAD,12,Hordaland,60.10687,5.939133,3,Karmøy til Sotra,
23,2019,11689,Kjerringneset,ikke-medikamentell,,,,,,deler av lokaliteten,1411,GULEN,14,Sogn og Fjordane,60.960182,5.106783,4,Nordhordaland til Stadt,
23,2019,11809,Krabbestig,medikamentell,fôrbehandling,Emamectin benzoat,,,,hele lokaliteten,1439,VÅGSØY,14,Sogn og Fjordane,61.894566,5.0616,4,Nordhordaland til Stadt,
23,2019,12213,Kvangardsnes,ikke-medikamentell,,,,,,hele lokaliteten,1519,VOLDA,15,Møre og Romsdal,62.145317,5.94545,5,Stadt til Hustadvika,
23,2019,12993,Lamøya,ikke-medikamentell,,,,,,deler av lokaliteten,5014,FRØYA,50,Trøndelag,63.733032,8.85505,6,Nordmøre og Sør-Trøndelag,
23,2019,11116,Langholmen,medikamentell,fôrbehandling,Emamectin benzoat,,,,deler av lokaliteten,1838,GILDESKÅL,18,Nordland,67.05783,14.025333,8,Helgeland til Bodø,
23,2019,11116,Langholmen,ikke-medikamentell,,,,,,deler av lokaliteten,1838,GILDESKÅL,18,Nordland,67.05783,14.025333,8,Helgeland til Bodø,
23,2019,26295,Langøy,medikamentell,fôrbehandling,Diflubenzuron,,,,hele lokaliteten,1263,LINDÅS,12,Hordaland,60.77947,5.16,4,Nordhordaland til Stadt,
23,2019,13541,Midtflua,medikamentell,badebehandling,Deltamethrin,,,,deler av lokaliteten,1223,TYSNES,12,Hordaland,60.076267,5.466533,3,Karmøy til Sotra,
23,2019,13541,Midtflua,ikke-medikamentell,,,,,,deler av lokaliteten,1223,TYSNES,12,Hordaland,60.076267,5.466533,3,Karmøy til Sotra,
23,2019,24937,Nebbo,ikke-medikamentell,,,,,,deler av lokaliteten,1224,KVINNHERAD,12,Hordaland,59.87075,5.725017,3,Karmøy til Sotra,
23,2019,26315,Nordgjæslingan,medikamentell,fôrbehandling,Emamectin benzoat,,,,hele lokaliteten,5050,VIKNA,50,Trøndelag,64.76597,10.913767,7,Nord-Trøndelag med Bindal,
23,2019,19855,Segelråa,ikke-medikamentell,,,,,,deler av lokaliteten,1576,AURE,15,Møre og Romsdal,63.149746,8.12855,6,Nordmøre og Sør-Trøndelag,
23,2019,33017,Setevika N,ikke-medikamentell,,,,,,deler av lokaliteten,1545,MIDSUND,15,Møre og Romsdal,62.73835,6.937667,5,Stadt til Hustadvika,
23,2019,19635,Skatleia,ikke-medikamentell,,,,,,hele lokaliteten,1867,BØ I NORDLAND,18,Nordland,68.8001,14.593767,9,Vestfjorden og Vesterålen,
23,2019,12048,Skiftesneset N,ikke-medikamentell,,,,,,deler av lokaliteten,1241,FUSA,12,Hordaland,60.0711,5.736867,3,Karmøy til Sotra,
23,2019,11640,Skorpeosen,medikamentell,fôrbehandling,Emamectin benzoat,,,,hele lokaliteten,1246,FJELL,12,Hordaland,60.332466,4.9421,3,Karmøy til Sotra,
23,2019,18657,Skredstivik,ikke-medikamentell,,,,,,deler av lokaliteten,1413,HYLLESTAD,14,Sogn og Fjordane,61.15495,5.133333,4,Nordhordaland til Stadt,
23,2019,10276,Sommarbukt,ikke-medikamentell,,,,,,deler av lokaliteten,2012,ALTA,20,Finnmark,70.077034,22.666183,12,Vest-Finnmark,
23,2019,22335,Storvika,ikke-medikamentell,,,,,,hele lokaliteten,1548,FRÆNA,15,Møre og Romsdal,62.8021,6.977733,5,Stadt til Hustadvika,
23,2019,12081,Straumneset,ikke-medikamentell,,,,,,deler av lokaliteten,1227,JONDAL,12,Hordaland,60.220966,6.139567,3,Karmøy til Sotra,
23,2019,14018,Toska S,medikamentell,fôrbehandling,Emamectin benzoat,,,,hele lokaliteten,1260,RADØY,12,Hordaland,60.63325,4.997617,4,Nordhordaland til Stadt,
23,2019,17495,Vullum,ikke-medikamentell,,,,,,deler av lokaliteten,1571,HALSA,15,Møre og Romsdal,63.04965,8.2162,6,Nordmøre og Sør-Trøndelag,
22,2019,11513,Andal,medikamentell,fôrbehandling,Emamectin benzoat,,,,hele lokaliteten,1219,BØMLO,12,Hordaland,59.636482,5.247117,3,Karmøy til Sotra,
22,2019,12085,Aplavika,medikamentell,fôrbehandling,Diflubenzuron,,,,hele lokaliteten,1238,KVAM,12,Hordaland,60.258583,6.055517,3,Karmøy til Sotra,
22,2019,12095,Bergadalen,medikamentell,fôrbehandling,Diflubenzuron,,,,hele lokaliteten,1238,KVAM,12,Hordaland,60.1216,5.908883,3,Karmøy til Sotra,
22,2019,12178,Bjønnspjotneset,medikamentell,fôrbehandling,Emamectin benzoat,,,,deler av lokaliteten,1416,HØYANGER,14,Sogn og Fjordane,61.098083,5.82545,4,Nordhordaland til Stadt,
22,2019,12237,Brudevika,ikke-medikamentell,,,,,,deler av lokaliteten,1511,VANYLVEN,15,Møre og Romsdal,62.116566,5.420717,5,Stadt til Hustadvika,
22,2019,32197,Dryna,ikke-medikamentell,,,,,,deler av lokaliteten,1545,MIDSUND,15,Møre og Romsdal,62.6444,6.5568,5,Stadt til Hustadvika,
22,2019,35237,Durmålsvika,ikke-medikamentell,,,,,,hele lokaliteten,1931,LENVIK,19,Troms,69.4328,18.147734,10,Andøya til Senja,
22,2019,16755,Hageberg,ikke-medikamentell,,,,,,deler av lokaliteten,1222,FITJAR,12,Hordaland,59.944218,5.434733,3,Karmøy til Sotra,
22,2019,11315,Hellarvika,ikke-medikamentell,,,,,,deler av lokaliteten,1848,STEIGEN,18,Nordland,67.7267,15.3812,9,Vestfjorden og Vesterålen,
22,2019,10300,Hillersvik,medikamentell,fôrbehandling,Teflubenzuron,,,,hele lokaliteten,1216,SVEIO,12,Hordaland,59.6084,5.311917,3,Karmøy til Sotra,
22,2019,12036,Hisdalen,medikamentell,fôrbehandling,Diflubenzuron,,,,hele lokaliteten,1224,KVINNHERAD,12,Hordaland,60.126118,5.9305,3,Karmøy til Sotra,
22,2019,12036,Hisdalen,medikamentell,fôrbehandling,Diflubenzuron,,,,hele lokaliteten,1224,KVINNHERAD,12,Hordaland,60.126118,5.9305,3,Karmøy til Sotra,
22,2019,13931,Hjartøy Ø,ikke-medikamentell,,,,,,deler av lokaliteten,1848,STEIGEN,18,Nordland,67.6562,15.118567,9,Vestfjorden og Vesterålen,
22,2019,12035,Hondskår,medikamentell,fôrbehandling,Diflubenzuron,,,,hele lokaliteten,1224,KVINNHERAD,12,Hordaland,60.10687,5.939133,3,Karmøy til Sotra,
22,2019,12035,Hondskår,medikamentell,fôrbehandling,Diflubenzuron,,,,hele lokaliteten,1224,KVINNHERAD,12,Hordaland,60.10687,5.939133,3,Karmøy til Sotra,
22,2019,34397,Hyseneset,ikke-medikamentell,,,,,,deler av lokaliteten,1411,GULEN,14,Sogn og Fjordane,60.861485,4.964867,4,Nordhordaland til Stadt,
22,2019,13242,Juvika B,medikamentell,fôrbehandling,Emamectin benzoat,,,,deler av lokaliteten,1438,BREMANGER,14,Sogn og Fjordane,61.895683,5.6331,4,Nordhordaland til Stadt,
22,2019,12215,Kleppeneset,medikamentell,fôrbehandling,Emamectin benzoat,,,,hele lokaliteten,1445,GLOPPEN,14,Sogn og Fjordane,61.785934,5.977233,4,Nordhordaland til Stadt,
22,2019,12239,Kråknes,ikke-medikamentell,,,,,,deler av lokaliteten,1547,AUKRA,15,Møre og Romsdal,62.83145,6.962733,5,Stadt til Hustadvika,
22,2019,13222,Kunes,ikke-medikamentell,,,,,,deler av lokaliteten,1141,FINNØY,11,Rogaland,59.21137,5.9532,2,Ryfylke,
22,2019,19356,Kvalrosskjæret,ikke-medikamentell,,,,,,deler av lokaliteten,5049,FLATANGER,50,Trøndelag,64.5387,10.877383,7,Nord-Trøndelag med Bindal,
22,2019,11116,Langholmen,medikamentell,fôrbehandling,Emamectin benzoat,,,,deler av lokaliteten,1838,GILDESKÅL,18,Nordland,67.05783,14.025333,8,Helgeland til Bodø,
22,2019,26295,Langøy,medikamentell,fôrbehandling,Diflubenzuron,,,,hele lokaliteten,1263,LINDÅS,12,Hordaland,60.77947,5.16,4,Nordhordaland til Stadt,
22,2019,33337,Lyngnes,ikke-medikamentell,,,,,,deler av lokaliteten,1241,FUSA,12,Hordaland,60.1197,5.720917,3,Karmøy til Sotra,
22,2019,26435,Mjølsvik,ikke-medikamentell,,,,,,deler av lokaliteten,1416,HØYANGER,14,Sogn og Fjordane,61.111584,6.0423,4,Nordhordaland til Stadt,
22,2019,30157,Movik,ikke-medikamentell,,,,,,deler av lokaliteten,1845,SØRFOLD,18,Nordland,67.63265,15.26325,9,Vestfjorden og Vesterålen,
22,2019,27055,Oddane,ikke-medikamentell,,,,,,deler av lokaliteten,1401,FLORA,14,Sogn og Fjordane,61.5417,4.968867,4,Nordhordaland til Stadt,
22,2019,30559,Øksneset,ikke-medikamentell,,,,,,hele lokaliteten,1264,AUSTRHEIM,12,Hordaland,60.81255,4.862317,4,Nordhordaland til Stadt,
22,2019,11738,Otterholmen,ikke-medikamentell,,,,,,deler av lokaliteten,1260,RADØY,12,Hordaland,60.686417,4.908683,4,Nordhordaland til Stadt,
22,2019,11964,Ringja,medikamentell,fôrbehandling,Diflubenzuron,,,,deler av lokaliteten,1146,TYSVÆR,11,Rogaland,59.405468,5.8631,2,Ryfylke,
22,2019,12281,Rogne,medikamentell,fôrbehandling,Emamectin benzoat,,,,hele lokaliteten,1534,HARAM,15,Møre og Romsdal,62.6695,6.356833,5,Stadt til Hustadvika,
22,2019,12281,Rogne,medikamentell,fôrbehandling,Emamectin benzoat,,,,hele lokaliteten,1534,HARAM,15,Møre og Romsdal,62.6695,6.356833,5,Stadt til Hustadvika,
22,2019,12018,Rossholmen,medikamentell,fôrbehandling,Diflubenzuron,,,,hele lokaliteten,1238,KVAM,12,Hordaland,60.394608,6.275128,3,Karmøy til Sotra,
22,2019,13249,Sagelva,medikamentell,fôrbehandling,Emamectin benzoat,,,,hele lokaliteten,1520,ØRSTA,15,Møre og Romsdal,62.33795,6.3815,5,Stadt til Hustadvika,
22,2019,19855,Segelråa,ikke-medikamentell,,,,,,deler av lokaliteten,1576,AURE,15,Møre og Romsdal,63.149746,8.12855,6,Nordmøre og Sør-Trøndelag,
22,2019,23375,Sørevik,medikamentell,fôrbehandling,Diflubenzuron,,,,deler av lokaliteten,1416,HØYANGER,14,Sogn og Fjordane,61.099983,5.729967,4,Nordhordaland til Stadt,
22,2019,23375,Sørevik,medikamentell,fôrbehandling,Emamectin benzoat,,,,deler av lokaliteten,1416,HØYANGER,14,Sogn og Fjordane,61.099983,5.729967,4,Nordhordaland til Stadt,
22,2019,11700,Storeneset,ikke-medikamentell,,,,,,hele lokaliteten,1411,GULEN,14,Sogn og Fjordane,60.8763,5.02805,4,Nordhordaland til Stadt,
22,2019,10311,Storlia,medikamentell,badebehandling,Azamethiphos,,,,hele lokaliteten,1413,HYLLESTAD,14,Sogn og Fjordane,61.203133,5.193833,4,Nordhordaland til Stadt,
22,2019,11813,Svinøy V,ikke-medikamentell,,,,,,hele lokaliteten,1429,FJALER,14,Sogn og Fjordane,61.30475,5.101317,4,Nordhordaland til Stadt,
22,2019,13057,Teigland I,medikamentell,fôrbehandling,Teflubenzuron,,,,hele lokaliteten,1238,KVAM,12,Hordaland,60.17935,5.959917,3,Karmøy til Sotra,
22,2019,13644,Tepstad,ikke-medikamentell,,,,,,deler av lokaliteten,1253,OSTERØY,12,Hordaland,60.553032,5.385317,4,Nordhordaland til Stadt,
22,2019,12268,Terningen,ikke-medikamentell,,,,,,deler av lokaliteten,1545,MIDSUND,15,Møre og Romsdal,62.6431,6.54805,5,Stadt til Hustadvika,
22,2019,17575,Tollaksholmen,medikamentell,badebehandling,Annet virkestoff,,,,hele lokaliteten,1145,BOKN,11,Rogaland,59.2522,5.390517,2,Ryfylke,
22,2019,31497,Toska N,ikke-medikamentell,,,,,,deler av lokaliteten,1260,RADØY,12,Hordaland,60.66987,4.9172,4,Nordhordaland til Stadt,
22,2019,14018,Toska S,medikamentell,fôrbehandling,Emamectin benzoat,,,,hele lokaliteten,1260,RADØY,12,Hordaland,60.63325,4.997617,4,Nordhordaland til Stadt,
22,2019,32857,Trettholmosen,ikke-medikamentell,,,,,,hele lokaliteten,1219,BØMLO,12,Hordaland,59.831932,5.0801,3,Karmøy til Sotra,
22,2019,30717,Tveitnes,ikke-medikamentell,,,,,,hele lokaliteten,1238,KVAM,12,Hordaland,60.414185,6.402,3,Karmøy til Sotra,
22,2019,13562,Uføro,medikamentell,fôrbehandling,Teflubenzuron,,,,hele lokaliteten,1221,STORD,12,Hordaland,59.87835,5.526917,3,Karmøy til Sotra,
22,2019,10091,Vågsøya,ikke-medikamentell,,,,,,hele lokaliteten,1401,FLORA,14,Sogn og Fjordane,61.490383,5.0247,4,Nordhordaland til Stadt,
22,2019,32337,Veiesund,ikke-medikamentell,,,,,,hele lokaliteten,1401,FLORA,14,Sogn og Fjordane,61.57187,5.047283,4,Nordhordaland til Stadt,
22,2019,13837,Verpeide,medikamentell,fôrbehandling,Emamectin benzoat,,,,hele lokaliteten,1439,VÅGSØY,14,Sogn og Fjordane,61.902218,5.209233,4,Nordhordaland til Stadt,
22,2019,17495,Vullum,ikke-medikamentell,,,,,,deler av lokaliteten,1571,HALSA,15,Møre og Romsdal,63.04965,8.2162,6,Nordmøre og Sør-Trøndelag,
21,2019,12178,Bjønnspjotneset,medikamentell,fôrbehandling,Emamectin benzoat,,,,deler av lokaliteten,1416,HØYANGER,14,Sogn og Fjordane,61.098083,5.82545,4,Nordhordaland til Stadt,
21,2019,22455,Bjørlykkestranda,medikamentell,fôrbehandling,Emamectin benzoat,,,,deler av lokaliteten,1511,VANYLVEN,15,Møre og Romsdal,62.16655,5.5954,5,Stadt til Hustadvika,
21,2019,12237,Brudevika,ikke-medikamentell,,,,,,deler av lokaliteten,1511,VANYLVEN,15,Møre og Romsdal,62.116566,5.420717,5,Stadt til Hustadvika,
21,2019,12361,Bukkholmen S,ikke-medikamentell,,,,,,deler av lokaliteten,5014,FRØYA,50,Trøndelag,63.72378,8.8621,6,Nordmøre og Sør-Trøndelag,
21,2019,13870,Eikebærånæ,ikke-medikamentell,,,,,,hele lokaliteten,1263,LINDÅS,12,Hordaland,60.563435,5.353017,4,Nordhordaland til Stadt,
21,2019,13241,Endal Vest,medikamentell,fôrbehandling,Emamectin benzoat,,,,hele lokaliteten,1438,BREMANGER,14,Sogn og Fjordane,61.909832,5.464267,4,Nordhordaland til Stadt,
21,2019,13241,Endal Vest,medikamentell,fôrbehandling,Emamectin benzoat,,,,hele lokaliteten,1438,BREMANGER,14,Sogn og Fjordane,61.909832,5.464267,4,Nordhordaland til Stadt,
21,2019,13241,Endal Vest,medikamentell,fôrbehandling,Emamectin benzoat,,,,hele lokaliteten,1438,BREMANGER,14,Sogn og Fjordane,61.909832,5.464267,4,Nordhordaland til Stadt,
21,2019,13241,Endal Vest,medikamentell,fôrbehandling,Emamectin benzoat,,,,hele lokaliteten,1438,BREMANGER,14,Sogn og Fjordane,61.909832,5.464267,4,Nordhordaland til Stadt,
21,2019,29876,Flotaren,ikke-medikamentell,,,,,,deler av lokaliteten,5049,FLATANGER,50,Trøndelag,64.52398,10.761667,7,Nord-Trøndelag med Bindal,
21,2019,11193,Gamskjæran,medikamentell,fôrbehandling,Emamectin benzoat,,,,deler av lokaliteten,1860,VESTVÅGØY,18,Nordland,68.11055,13.74305,9,Vestfjorden og Vesterålen,
21,2019,16755,Hageberg,ikke-medikamentell,,,,,,deler av lokaliteten,1222,FITJAR,12,Hordaland,59.944218,5.434733,3,Karmøy til Sotra,
21,2019,38217,Hardbakkeneset,ikke-medikamentell,,,,,,hele lokaliteten,1411,GULEN,14,Sogn og Fjordane,61.01673,4.950517,4,Nordhordaland til Stadt,
21,2019,11783,Hella,medikamentell,fôrbehandling,Emamectin benzoat,,,,hele lokaliteten,1428,ASKVOLL,14,Sogn og Fjordane,61.40663,5.080817,4,Nordhordaland til Stadt,
21,2019,11783,Hella,medikamentell,fôrbehandling,Emamectin benzoat,,,,hele lokaliteten,1428,ASKVOLL,14,Sogn og Fjordane,61.40663,5.080817,4,Nordhordaland til Stadt,
21,2019,18015,Hestabyneset,ikke-medikamentell,,,,,,deler av lokaliteten,1223,TYSNES,12,Hordaland,59.953632,5.4514,3,Karmøy til Sotra,
21,2019,10300,Hillersvik,medikamentell,fôrbehandling,Teflubenzuron,,,,hele lokaliteten,1216,SVEIO,12,Hordaland,59.6084,5.311917,3,Karmøy til Sotra,
21,2019,12036,Hisdalen,medikamentell,fôrbehandling,Diflubenzuron,,,,hele lokaliteten,1224,KVINNHERAD,12,Hordaland,60.126118,5.9305,3,Karmøy til Sotra,
21,2019,12036,Hisdalen,medikamentell,fôrbehandling,Diflubenzuron,,,,hele lokaliteten,1224,KVINNHERAD,12,Hordaland,60.126118,5.9305,3,Karmøy til Sotra,
21,2019,12035,Hondskår,medikamentell,fôrbehandling,Diflubenzuron,,,,hele lokaliteten,1224,KVINNHERAD,12,Hordaland,60.10687,5.939133,3,Karmøy til Sotra,
21,2019,12035,Hondskår,medikamentell,fôrbehandling,Diflubenzuron,,,,hele lokaliteten,1224,KVINNHERAD,12,Hordaland,60.10687,5.939133,3,Karmøy til Sotra,
21,2019,27095,Ihlholmen,medikamentell,fôrbehandling,Emamectin benzoat,,,,hele lokaliteten,1160,VINDAFJORD,11,Rogaland,59.7215,5.586633,3,Karmøy til Sotra,
21,2019,13242,Juvika B,medikamentell,fôrbehandling,Emamectin benzoat,,,,deler av lokaliteten,1438,BREMANGER,14,Sogn og Fjordane,61.895683,5.6331,4,Nordhordaland til Stadt,
21,2019,12215,Kleppeneset,medikamentell,fôrbehandling,Emamectin benzoat,,,,hele lokaliteten,1445,GLOPPEN,14,Sogn og Fjordane,61.785934,5.977233,4,Nordhordaland til Stadt,
21,2019,12239,Kråknes,ikke-medikamentell,,,,,,hele lokaliteten,1547,AUKRA,15,Møre og Romsdal,62.83145,6.962733,5,Stadt til Hustadvika,
21,2019,13831,Kvamme,ikke-medikamentell,,,,,,deler av lokaliteten,1253,OSTERØY,12,Hordaland,60.518333,5.3811,4,Nordhordaland til Stadt,
21,2019,12993,Lamøya,ikke-medikamentell,,,,,,deler av lokaliteten,5014,FRØYA,50,Trøndelag,63.733032,8.85505,6,Nordmøre og Sør-Trøndelag,
21,2019,26295,Langøy,medikamentell,fôrbehandling,Diflubenzuron,,,,hele lokaliteten,1263,LINDÅS,12,Hordaland,60.77947,5.16,4,Nordhordaland til Stadt,
21,2019,12633,Lyrnesset,ikke-medikamentell,,,,,,deler av lokaliteten,5049,FLATANGER,50,Trøndelag,64.5256,10.748133,7,Nord-Trøndelag med Bindal,
21,2019,12127,Mælen,medikamentell,fôrbehandling,Emamectin benzoat,,,,hele lokaliteten,1224,KVINNHERAD,12,Hordaland,59.69935,5.724233,3,Karmøy til Sotra,
21,2019,12134,Maradalen,medikamentell,fôrbehandling,Emamectin benzoat,,,,hele lokaliteten,1224,KVINNHERAD,12,Hordaland,59.762115,5.687317,3,Karmøy til Sotra,
21,2019,12071,Ommundsteigen,medikamentell,badebehandling,Annet virkestoff,,,,deler av lokaliteten,1134,SULDAL,11,Rogaland,59.55078,6.5131,2,Ryfylke,
21,2019,11738,Otterholmen,medikamentell,badebehandling,Azamethiphos,,,,deler av lokaliteten,1260,RADØY,12,Hordaland,60.686417,4.908683,4,Nordhordaland til Stadt,
21,2019,20315,Overåneset V,ikke-medikamentell,,,,,,deler av lokaliteten,1525,STRANDA,15,Møre og Romsdal,62.30065,7.085433,5,Stadt til Hustadvika,
21,2019,11964,Ringja,medikamentell,fôrbehandling,Diflubenzuron,,,,hele lokaliteten,1146,TYSVÆR,11,Rogaland,59.405468,5.8631,2,Ryfylke,
21,2019,12281,Rogne,medikamentell,fôrbehandling,Emamectin benzoat,,,,hele lokaliteten,1534,HARAM,15,Møre og Romsdal,62.6695,6.356833,5,Stadt til Hustadvika,
21,2019,12281,Rogne,medikamentell,fôrbehandling,Emamectin benzoat,,,,hele lokaliteten,1534,HARAM,15,Møre og Romsdal,62.6695,6.356833,5,Stadt til Hustadvika,
21,2019,13249,Sagelva,medikamentell,fôrbehandling,Emamectin benzoat,,,,hele lokaliteten,1520,ØRSTA,15,Møre og Romsdal,62.33795,6.3815,5,Stadt til Hustadvika,
21,2019,11413,Sandan Sø,ikke-medikamentell,,,,,,hele lokaliteten,1868,ØKSNES,18,Nordland,68.88583,15.314567,9,Vestfjorden og Vesterålen,
21,2019,10398,Seiskjæra,ikke-medikamentell,,,,,,deler av lokaliteten,5018,ÅFJORD,50,Trøndelag,64.09268,10.11655,6,Nordmøre og Sør-Trøndelag,
21,2019,33017,Setevika N,ikke-medikamentell,,,,,,deler av lokaliteten,1545,MIDSUND,15,Møre og Romsdal,62.73835,6.937667,5,Stadt til Hustadvika,
21,2019,10216,Skåren,ikke-medikamentell,,,,,,deler av lokaliteten,1571,HALSA,15,Møre og Romsdal,63.076733,8.19315,6,Nordmøre og Sør-Trøndelag,
21,2019,13291,Soløya,ikke-medikamentell,,,,,,deler av lokaliteten,1859,FLAKSTAD,18,Nordland,68.00442,13.181417,9,Vestfjorden og Vesterålen,
21,2019,27436,Solværet,ikke-medikamentell,,,,,,deler av lokaliteten,1573,SMØLA,15,Møre og Romsdal,63.255,7.856933,6,Nordmøre og Sør-Trøndelag,
21,2019,23375,Sørevik,medikamentell,fôrbehandling,Diflubenzuron,,,,deler av lokaliteten,1416,HØYANGER,14,Sogn og Fjordane,61.099983,5.729967,4,Nordhordaland til Stadt,
21,2019,23375,Sørevik,medikamentell,fôrbehandling,Emamectin benzoat,,,,deler av lokaliteten,1416,HØYANGER,14,Sogn og Fjordane,61.099983,5.729967,4,Nordhordaland til Stadt,
21,2019,35817,Storevika,ikke-medikamentell,,,,,,deler av lokaliteten,1804,BODØ,18,Nordland,67.18557,14.388433,8,Helgeland til Bodø,
21,2019,13644,Tepstad,ikke-medikamentell,,,,,,deler av lokaliteten,1253,OSTERØY,12,Hordaland,60.553032,5.385317,4,Nordhordaland til Stadt,
21,2019,32717,Tranøya N,ikke-medikamentell,,,,,,deler av lokaliteten,5017,BJUGN,50,Trøndelag,63.87185,9.76985,6,Nordmøre og Sør-Trøndelag,
21,2019,13562,Uføro,medikamentell,fôrbehandling,Teflubenzuron,,,,hele lokaliteten,1221,STORD,12,Hordaland,59.87835,5.526917,3,Karmøy til Sotra,
21,2019,35657,Varden,medikamentell,fôrbehandling,Emamectin benzoat,,,,deler av lokaliteten,5013,HITRA,50,Trøndelag,63.635715,9.186467,6,Nordmøre og Sør-Trøndelag,
21,2019,35657,Varden,ikke-medikamentell,,,,,,deler av lokaliteten,5013,HITRA,50,Trøndelag,63.635715,9.186467,6,Nordmøre og Sør-Trøndelag,
21,2019,13837,Verpeide,medikamentell,fôrbehandling,Emamectin benzoat,,,,hele lokaliteten,1439,VÅGSØY,14,Sogn og Fjordane,61.902218,5.209233,4,Nordhordaland til Stadt,
20,2019,12086,Alsåkervik,ikke-medikamentell,,,,,,deler av lokaliteten,1224,KVINNHERAD,12,Hordaland,59.7601,6.074183,3,Karmøy til Sotra,
20,2019,13227,Altaneset,medikamentell,fôrbehandling,Diflubenzuron,,,,deler av lokaliteten,1241,FUSA,12,Hordaland,60.247116,5.63475,3,Karmøy til Sotra,
20,2019,13563,Angelskår,ikke-medikamentell,,,,,,deler av lokaliteten,1253,OSTERØY,12,Hordaland,60.524418,5.3568,4,Nordhordaland til Stadt,
20,2019,13254,Aukan,ikke-medikamentell,,,,,,deler av lokaliteten,1554,AVERØY,15,Møre og Romsdal,63.0603,7.594283,6,Nordmøre og Sør-Trøndelag,
20,2019,13845,Beitveit,ikke-medikamentell,,,,,,deler av lokaliteten,1441,SELJE,14,Sogn og Fjordane,62.141335,5.3397,5,Stadt til Hustadvika,
20,2019,22455,Bjørlykkestranda,medikamentell,fôrbehandling,Emamectin benzoat,,,,deler av lokaliteten,1511,VANYLVEN,15,Møre og Romsdal,62.16655,5.5954,5,Stadt til Hustadvika,
20,2019,12040,Brandaskuta,ikke-medikamentell,,,,,,deler av lokaliteten,1224,KVINNHERAD,12,Hordaland,59.975735,5.909183,3,Karmøy til Sotra,
20,2019,21336,Djupeleget,ikke-medikamentell,,,,,,hele lokaliteten,1416,HØYANGER,14,Sogn og Fjordane,61.16942,5.80735,4,Nordhordaland til Stadt,
20,2019,13241,Endal Vest,medikamentell,fôrbehandling,Emamectin benzoat,,,,hele lokaliteten,1438,BREMANGER,14,Sogn og Fjordane,61.909832,5.464267,4,Nordhordaland til Stadt,
20,2019,13241,Endal Vest,medikamentell,fôrbehandling,Emamectin benzoat,,,,hele lokaliteten,1438,BREMANGER,14,Sogn og Fjordane,61.909832,5.464267,4,Nordhordaland til Stadt,
20,2019,13241,Endal Vest,medikamentell,fôrbehandling,Emamectin benzoat,,,,hele lokaliteten,1438,BREMANGER,14,Sogn og Fjordane,61.909832,5.464267,4,Nordhordaland til Stadt,
20,2019,13241,Endal Vest,medikamentell,fôrbehandling,Emamectin benzoat,,,,hele lokaliteten,1438,BREMANGER,14,Sogn og Fjordane,61.909832,5.464267,4,Nordhordaland til Stadt,
20,2019,12407,Flesa,medikamentell,fôrbehandling,Emamectin benzoat,,,,hele lokaliteten,5013,HITRA,50,Trøndelag,63.645,8.879483,6,Nordmøre og Sør-Trøndelag,
20,2019,29876,Flotaren,ikke-medikamentell,,,,,,deler av lokaliteten,5049,FLATANGER,50,Trøndelag,64.52398,10.761667,7,Nord-Trøndelag med Bindal,
20,2019,13058,Fusavika,medikamentell,fôrbehandling,Diflubenzuron,,,,hele lokaliteten,1241,FUSA,12,Hordaland,60.207634,5.613817,3,Karmøy til Sotra,
20,2019,11193,Gamskjæran,medikamentell,fôrbehandling,Emamectin benzoat,,,,deler av lokaliteten,1860,VESTVÅGØY,18,Nordland,68.11055,13.74305,9,Vestfjorden og Vesterålen,
20,2019,19995,Hagahammaren,ikke-medikamentell,,,,,,deler av lokaliteten,1576,AURE,15,Møre og Romsdal,63.137917,8.0306,6,Nordmøre og Sør-Trøndelag,
20,2019,16755,Hageberg,ikke-medikamentell,,,,,,deler av lokaliteten,1222,FITJAR,12,Hordaland,59.944218,5.434733,3,Karmøy til Sotra,
20,2019,36937,Hallvardsøya,medikamentell,badebehandling,Deltamethrin,,,,deler av lokaliteten,1927,TRANØY,19,Troms,69.15137,16.906532,10,Andøya til Senja,
20,2019,12895,Halsbukta,ikke-medikamentell,,,,,,deler av lokaliteten,1560,TINGVOLL,15,Møre og Romsdal,63.077686,8.143622,6,Nordmøre og Sør-Trøndelag,
20,2019,11783,Hella,medikamentell,fôrbehandling,Emamectin benzoat,,,,hele lokaliteten,1428,ASKVOLL,14,Sogn og Fjordane,61.40663,5.080817,4,Nordhordaland til Stadt,
20,2019,11783,Hella,medikamentell,fôrbehandling,Emamectin benzoat,,,,hele lokaliteten,1428,ASKVOLL,14,Sogn og Fjordane,61.40663,5.080817,4,Nordhordaland til Stadt,
20,2019,34677,Hestøya,ikke-medikamentell,,,,,,hele lokaliteten,1573,SMØLA,15,Møre og Romsdal,63.3095,8.115567,6,Nordmøre og Sør-Trøndelag,
20,2019,12036,Hisdalen,medikamentell,fôrbehandling,Diflubenzuron,,,,hele lokaliteten,1224,KVINNHERAD,12,Hordaland,60.126118,5.9305,3,Karmøy til Sotra,
20,2019,12036,Hisdalen,medikamentell,fôrbehandling,Diflubenzuron,,,,hele lokaliteten,1224,KVINNHERAD,12,Hordaland,60.126118,5.9305,3,Karmøy til Sotra,
20,2019,12035,Hondskår,medikamentell,fôrbehandling,Diflubenzuron,,,,hele lokaliteten,1224,KVINNHERAD,12,Hordaland,60.10687,5.939133,3,Karmøy til Sotra,
20,2019,12035,Hondskår,medikamentell,fôrbehandling,Diflubenzuron,,,,hele lokaliteten,1224,KVINNHERAD,12,Hordaland,60.10687,5.939133,3,Karmøy til Sotra,
20,2019,34397,Hyseneset,ikke-medikamentell,,,,,,deler av lokaliteten,1411,GULEN,14,Sogn og Fjordane,60.861485,4.964867,4,Nordhordaland til Stadt,
20,2019,27095,Ihlholmen,medikamentell,fôrbehandling,Emamectin benzoat,,,,hele lokaliteten,1160,VINDAFJORD,11,Rogaland,59.7215,5.586633,3,Karmøy til Sotra,
20,2019,11665,Jibbersholmane,ikke-medikamentell,,,,,,hele lokaliteten,1260,RADØY,12,Hordaland,60.752533,4.884617,4,Nordhordaland til Stadt,
20,2019,13242,Juvika B,medikamentell,fôrbehandling,Emamectin benzoat,,,,deler av lokaliteten,1438,BREMANGER,14,Sogn og Fjordane,61.895683,5.6331,4,Nordhordaland til Stadt,
20,2019,11534,Klungsholmen,ikke-medikamentell,,,,,,deler av lokaliteten,1219,BØMLO,12,Hordaland,59.596783,5.161567,3,Karmøy til Sotra,
20,2019,12239,Kråknes,ikke-medikamentell,,,,,,deler av lokaliteten,1547,AUKRA,15,Møre og Romsdal,62.83145,6.962733,5,Stadt til Hustadvika,
20,2019,13831,Kvamme,ikke-medikamentell,,,,,,deler av lokaliteten,1253,OSTERØY,12,Hordaland,60.518333,5.3811,4,Nordhordaland til Stadt,
20,2019,11714,Kvernhusvika,medikamentell,badebehandling,Azamethiphos,,,,deler av lokaliteten,1412,SOLUND,14,Sogn og Fjordane,61.0675,4.94345,4,Nordhordaland til Stadt,
20,2019,11928,Langavika,medikamentell,fôrbehandling,Emamectin benzoat,,,,deler av lokaliteten,1133,HJELMELAND,11,Rogaland,59.230766,6.004483,2,Ryfylke,
20,2019,11116,Langholmen,ikke-medikamentell,,,,,,deler av lokaliteten,1838,GILDESKÅL,18,Nordland,67.05783,14.025333,8,Helgeland til Bodø,
20,2019,26295,Langøy,medikamentell,fôrbehandling,Diflubenzuron,,,,hele lokaliteten,1263,LINDÅS,12,Hordaland,60.77947,5.16,4,Nordhordaland til Stadt,
20,2019,10990,Lille Åsvær,ikke-medikamentell,,,,,,deler av lokaliteten,1827,DØNNA,18,Nordland,66.22988,12.317533,8,Helgeland til Bodø,
20,2019,33337,Lyngnes,ikke-medikamentell,,,,,,deler av lokaliteten,1241,FUSA,12,Hordaland,60.1197,5.720917,3,Karmøy til Sotra,
20,2019,35477,Makrellskjæret,ikke-medikamentell,,,,,,deler av lokaliteten,5049,FLATANGER,50,Trøndelag,64.54919,10.7341,7,Nord-Trøndelag med Bindal,
20,2019,12134,Maradalen,medikamentell,fôrbehandling,Emamectin benzoat,,,,hele lokaliteten,1224,KVINNHERAD,12,Hordaland,59.762115,5.687317,3,Karmøy til Sotra,
20,2019,30157,Movik,ikke-medikamentell,,,,,,deler av lokaliteten,1845,SØRFOLD,18,Nordland,67.63265,15.26325,9,Vestfjorden og Vesterålen,
20,2019,33417,Persflua,ikke-medikamentell,,,,,,deler av lokaliteten,5017,BJUGN,50,Trøndelag,63.91345,9.826433,6,Nordmøre og Sør-Trøndelag,
20,2019,10996,Ramnøya S,ikke-medikamentell,,,,,,hele lokaliteten,1827,DØNNA,18,Nordland,66.23212,12.280317,8,Helgeland til Bodø,
20,2019,11964,Ringja,medikamentell,fôrbehandling,Diflubenzuron,,,,hele lokaliteten,1146,TYSVÆR,11,Rogaland,59.405468,5.8631,2,Ryfylke,
20,2019,19855,Segelråa,ikke-medikamentell,,,,,,deler av lokaliteten,1576,AURE,15,Møre og Romsdal,63.149746,8.12855,6,Nordmøre og Sør-Trøndelag,
20,2019,12048,Skiftesneset N,ikke-medikamentell,,,,,,deler av lokaliteten,1241,FUSA,12,Hordaland,60.0711,5.736867,3,Karmøy til Sotra,
20,2019,38577,Skreda,ikke-medikamentell,,,,,,deler av lokaliteten,1412,SOLUND,14,Sogn og Fjordane,61.14635,5.08115,4,Nordhordaland til Stadt,
20,2019,23375,Sørevik,medikamentell,fôrbehandling,Diflubenzuron,,,,deler av lokaliteten,1416,HØYANGER,14,Sogn og Fjordane,61.099983,5.729967,4,Nordhordaland til Stadt,
20,2019,22335,Storvika,ikke-medikamentell,,,,,,hele lokaliteten,1548,FRÆNA,15,Møre og Romsdal,62.8021,6.977733,5,Stadt til Hustadvika,
20,2019,13644,Tepstad,ikke-medikamentell,,,,,,deler av lokaliteten,1253,OSTERØY,12,Hordaland,60.553032,5.385317,4,Nordhordaland til Stadt,
20,2019,10726,Uløybukt,ikke-medikamentell,,,,,,hele lokaliteten,1941,SKJERVØY,19,Troms,69.860085,20.713966,11,Kvaløya til Loppa,
20,2019,35517,Vadholmen,ikke-medikamentell,,,,,,deler av lokaliteten,1259,ØYGARDEN,12,Hordaland,60.695,4.761117,4,Nordhordaland til Stadt,
20,2019,36337,Vardskjæret S,ikke-medikamentell,,,,,,deler av lokaliteten,1834,LURØY,18,Nordland,66.35017,12.469267,8,Helgeland til Bodø,
19,2019,12086,Alsåkervik,ikke-medikamentell,,,,,,deler av lokaliteten,1224,KVINNHERAD,12,Hordaland,59.7601,6.074183,3,Karmøy til Sotra,
19,2019,13845,Beitveit,ikke-medikamentell,,,,,,deler av lokaliteten,1441,SELJE,14,Sogn og Fjordane,62.141335,5.3397,5,Stadt til Hustadvika,
19,2019,12178,Bjønnspjotneset,medikamentell,fôrbehandling,Emamectin benzoat,,,,deler av lokaliteten,1416,HØYANGER,14,Sogn og Fjordane,61.098083,5.82545,4,Nordhordaland til Stadt,
19,2019,12237,Brudevika,ikke-medikamentell,,,,,,deler av lokaliteten,1511,VANYLVEN,15,Møre og Romsdal,62.116566,5.420717,5,Stadt til Hustadvika,
19,2019,14799,Djupestallen,ikke-medikamentell,,,,,,deler av lokaliteten,1223,TYSNES,12,Hordaland,60.058735,5.453,3,Karmøy til Sotra,
19,2019,12407,Flesa,medikamentell,fôrbehandling,Emamectin benzoat,,,,hele lokaliteten,5013,HITRA,50,Trøndelag,63.645,8.879483,6,Nordmøre og Sør-Trøndelag,
19,2019,11893,Fosså,medikamentell,fôrbehandling,Emamectin benzoat,,,,hele lokaliteten,1133,HJELMELAND,11,Rogaland,59.2699,6.14295,2,Ryfylke,
19,2019,11193,Gamskjæran,medikamentell,fôrbehandling,Emamectin benzoat,,,,deler av lokaliteten,1860,VESTVÅGØY,18,Nordland,68.11055,13.74305,9,Vestfjorden og Vesterålen,
19,2019,11318,Hallvardøy,ikke-medikamentell,,,,,,hele lokaliteten,1851,LØDINGEN,18,Nordland,68.37497,15.317333,9,Vestfjorden og Vesterålen,
19,2019,12895,Halsbukta,ikke-medikamentell,,,,,,deler av lokaliteten,1560,TINGVOLL,15,Møre og Romsdal,63.077686,8.143622,6,Nordmøre og Sør-Trøndelag,
19,2019,18015,Hestabyneset,ikke-medikamentell,,,,,,deler av lokaliteten,1223,TYSNES,12,Hordaland,59.953632,5.4514,3,Karmøy til Sotra,
19,2019,10291,Hiskholmen,ikke-medikamentell,,,,,,deler av lokaliteten,1219,BØMLO,12,Hordaland,59.72663,5.145617,3,Karmøy til Sotra,
19,2019,13225,Kilaneset,medikamentell,badebehandling,Annet virkestoff,,,,hele lokaliteten,1134,SULDAL,11,Rogaland,59.31335,6.2672,2,Ryfylke,
19,2019,11913,Kjeahola,ikke-medikamentell,,,,,,deler av lokaliteten,1141,FINNØY,11,Rogaland,59.2933,6.0729,2,Ryfylke,
19,2019,12980,Klubben,medikamentell,fôrbehandling,Emamectin benzoat,,,,deler av lokaliteten,1412,SOLUND,14,Sogn og Fjordane,61.17955,5.00315,4,Nordhordaland til Stadt,
19,2019,11714,Kvernhusvika,ikke-medikamentell,,,,,,deler av lokaliteten,1412,SOLUND,14,Sogn og Fjordane,61.0675,4.94345,4,Nordhordaland til Stadt,
19,2019,12993,Lamøya,ikke-medikamentell,,,,,,deler av lokaliteten,5014,FRØYA,50,Trøndelag,63.733032,8.85505,6,Nordmøre og Sør-Trøndelag,
19,2019,11116,Langholmen,ikke-medikamentell,,,,,,deler av lokaliteten,1838,GILDESKÅL,18,Nordland,67.05783,14.025333,8,Helgeland til Bodø,
19,2019,34637,Langholmen N,medikamentell,fôrbehandling,Emamectin benzoat,,,,deler av lokaliteten,1866,HADSEL,18,Nordland,68.66638,14.914717,9,Vestfjorden og Vesterålen,
19,2019,19355,Låva,ikke-medikamentell,,,,,,deler av lokaliteten,1141,FINNØY,11,Rogaland,59.29677,5.9888,2,Ryfylke,
19,2019,10990,Lille Åsvær,ikke-medikamentell,,,,,,deler av lokaliteten,1827,DØNNA,18,Nordland,66.22988,12.317533,8,Helgeland til Bodø,
19,2019,33337,Lyngnes,ikke-medikamentell,,,,,,deler av lokaliteten,1241,FUSA,12,Hordaland,60.1197,5.720917,3,Karmøy til Sotra,
19,2019,12047,Mjåneset,ikke-medikamentell,,,,,,hele lokaliteten,1241,FUSA,12,Hordaland,60.176,5.7244,3,Karmøy til Sotra,
19,2019,24937,Nebbo,ikke-medikamentell,,,,,,deler av lokaliteten,1224,KVINNHERAD,12,Hordaland,59.87075,5.725017,3,Karmøy til Sotra,
19,2019,27055,Oddane,ikke-medikamentell,,,,,,deler av lokaliteten,1401,FLORA,14,Sogn og Fjordane,61.5417,4.968867,4,Nordhordaland til Stadt,
19,2019,11888,Sandvik,medikamentell,badebehandling,Annet virkestoff,,,,hele lokaliteten,1134,SULDAL,11,Rogaland,59.31445,6.170917,2,Ryfylke,
19,2019,19855,Segelråa,ikke-medikamentell,,,,,,deler av lokaliteten,1576,AURE,15,Møre og Romsdal,63.149746,8.12855,6,Nordmøre og Sør-Trøndelag,
19,2019,10398,Seiskjæra,ikke-medikamentell,,,,,,deler av lokaliteten,5018,ÅFJORD,50,Trøndelag,64.09225,10.115983,6,Nordmøre og Sør-Trøndelag,
19,2019,12048,Skiftesneset N,ikke-medikamentell,,,,,,deler av lokaliteten,1241,FUSA,12,Hordaland,60.0711,5.736867,3,Karmøy til Sotra,
19,2019,12108,Skorpo Nv,ikke-medikamentell,,,,,,deler av lokaliteten,1224,KVINNHERAD,12,Hordaland,59.95323,5.827133,3,Karmøy til Sotra,
19,2019,15517,Tinnlandet,ikke-medikamentell,,,,,,deler av lokaliteten,2004,HAMMERFEST,20,Finnmark,70.5295,23.2287,12,Vest-Finnmark,
19,2019,31497,Toska N,ikke-medikamentell,,,,,,hele lokaliteten,1260,RADØY,12,Hordaland,60.66987,4.9172,4,Nordhordaland til Stadt,
19,2019,32437,Urda,ikke-medikamentell,,,,,,deler av lokaliteten,1566,SURNADAL,15,Møre og Romsdal,63.000534,8.325633,6,Nordmøre og Sør-Trøndelag,
19,2019,35517,Vadholmen,ikke-medikamentell,,,,,,deler av lokaliteten,1259,ØYGARDEN,12,Hordaland,60.695,4.761117,4,Nordhordaland til Stadt,
18,2019,12067,Aldalen,medikamentell,fôrbehandling,Diflubenzuron,,,,hele lokaliteten,1243,OS I HORDALAND,12,Hordaland,60.24995,5.571917,3,Karmøy til Sotra,
18,2019,12086,Alsåkervik,ikke-medikamentell,,,,,,deler av lokaliteten,1224,KVINNHERAD,12,Hordaland,59.7601,6.074183,3,Karmøy til Sotra,
18,2019,13845,Beitveit,ikke-medikamentell,,,,,,deler av lokaliteten,1441,SELJE,14,Sogn og Fjordane,62.141335,5.3397,5,Stadt til Hustadvika,
18,2019,12178,Bjønnspjotneset,medikamentell,fôrbehandling,Emamectin benzoat,,,,deler av lokaliteten,1416,HØYANGER,14,Sogn og Fjordane,61.098083,5.82545,4,Nordhordaland til Stadt,
18,2019,20455,Djupevika,ikke-medikamentell,,,,,,deler av lokaliteten,1224,KVINNHERAD,12,Hordaland,60.04095,6.009367,3,Karmøy til Sotra,
18,2019,21415,Dyrholmen,medikamentell,badebehandling,Annet virkestoff,,,,deler av lokaliteten,1141,FINNØY,11,Rogaland,59.285484,5.8583,2,Ryfylke,
18,2019,32117,Dyrholmen Ø,ikke-medikamentell,,,,,,deler av lokaliteten,1222,FITJAR,12,Hordaland,59.9332,5.239467,3,Karmøy til Sotra,
18,2019,32157,Dyrholmen V,ikke-medikamentell,,,,,,deler av lokaliteten,1222,FITJAR,12,Hordaland,59.928234,5.230717,3,Karmøy til Sotra,
18,2019,31157,Fiksneset,ikke-medikamentell,,,,,,deler av lokaliteten,1245,SUND,12,Hordaland,60.176884,5.124833,3,Karmøy til Sotra,
18,2019,11833,Flåtegrunnen,medikamentell,badebehandling,Hydrogenperoksid,,,,hele lokaliteten,1401,FLORA,14,Sogn og Fjordane,61.57615,4.807333,4,Nordhordaland til Stadt,
18,2019,12407,Flesa,medikamentell,fôrbehandling,Emamectin benzoat,,,,hele lokaliteten,5013,HITRA,50,Trøndelag,63.645,8.879483,6,Nordmøre og Sør-Trøndelag,
18,2019,16939,Fornes,ikke-medikamentell,,,,,,hele lokaliteten,1851,LØDINGEN,18,Nordland,68.410484,15.435433,9,Vestfjorden og Vesterålen,
18,2019,11893,Fosså,medikamentell,fôrbehandling,Emamectin benzoat,,,,hele lokaliteten,1133,HJELMELAND,11,Rogaland,59.2699,6.14295,2,Ryfylke,
18,2019,12714,Gjerdinga,ikke-medikamentell,,,,,,deler av lokaliteten,5051,NÆRØY,50,Trøndelag,64.9464,11.4623,7,Nord-Trøndelag med Bindal,
18,2019,11657,Gråvika,ikke-medikamentell,,,,,,hele lokaliteten,1411,GULEN,14,Sogn og Fjordane,60.861782,4.934883,4,Nordhordaland til Stadt,
18,2019,12895,Halsbukta,ikke-medikamentell,,,,,,deler av lokaliteten,1560,TINGVOLL,15,Møre og Romsdal,63.077686,8.143622,6,Nordmøre og Sør-Trøndelag,
18,2019,10194,Hellaren,ikke-medikamentell,,,,,,hele lokaliteten,1545,MIDSUND,15,Møre og Romsdal,62.735832,6.74745,5,Stadt til Hustadvika,
18,2019,11920,Herøy,ikke-medikamentell,,,,,,hele lokaliteten,1160,VINDAFJORD,11,Rogaland,59.4664,6.0262,2,Ryfylke,
18,2019,27996,Kalvhodet,ikke-medikamentell,,,,,,hele lokaliteten,1865,VÅGAN,18,Nordland,68.33881,15.236583,9,Vestfjorden og Vesterålen,
18,2019,11913,Kjeahola,ikke-medikamentell,,,,,,deler av lokaliteten,1141,FINNØY,11,Rogaland,59.2933,6.0729,2,Ryfylke,
18,2019,12980,Klubben,medikamentell,fôrbehandling,Emamectin benzoat,,,,hele lokaliteten,1412,SOLUND,14,Sogn og Fjordane,61.17955,5.00315,4,Nordhordaland til Stadt,
18,2019,12980,Klubben,ikke-medikamentell,,,,,,hele lokaliteten,1412,SOLUND,14,Sogn og Fjordane,61.17955,5.00315,4,Nordhordaland til Stadt,
18,2019,11714,Kvernhusvika,medikamentell,badebehandling,Azamethiphos,,,,deler av lokaliteten,1412,SOLUND,14,Sogn og Fjordane,61.0675,4.94345,4,Nordhordaland til Stadt,
18,2019,13055,Langøyna Ø,ikke-medikamentell,,,,,,deler av lokaliteten,1146,TYSVÆR,11,Rogaland,59.2983,5.713333,2,Ryfylke,
18,2019,12966,Lindvik,ikke-medikamentell,,,,,,deler av lokaliteten,1160,VINDAFJORD,11,Rogaland,59.474068,5.976433,2,Ryfylke,
18,2019,10292,Lyklingholmen N,ikke-medikamentell,,,,,,hele lokaliteten,1219,BØMLO,12,Hordaland,59.714535,5.15405,3,Karmøy til Sotra,
18,2019,13541,Midtflua,ikke-medikamentell,,,,,,deler av lokaliteten,1223,TYSNES,12,Hordaland,60.076267,5.466533,3,Karmøy til Sotra,
18,2019,14495,Nordeimsøyna,medikamentell,badebehandling,Annet virkestoff,,,,deler av lokaliteten,1141,FINNØY,11,Rogaland,59.28695,5.812483,2,Ryfylke,
18,2019,11320,Oksøy,ikke-medikamentell,,,,,,deler av lokaliteten,1848,STEIGEN,18,Nordland,67.97493,15.310767,9,Vestfjorden og Vesterålen,
18,2019,21495,Risværgalten,ikke-medikamentell,,,,,,deler av lokaliteten,5051,NÆRØY,50,Trøndelag,64.96537,11.532783,7,Nord-Trøndelag med Bindal,
18,2019,12003,Rossholmen N,ikke-medikamentell,,,,,,hele lokaliteten,1142,RENNESØY,11,Rogaland,59.06428,5.722617,2,Ryfylke,
18,2019,19855,Segelråa,ikke-medikamentell,,,,,,deler av lokaliteten,1576,AURE,15,Møre og Romsdal,63.149746,8.12855,6,Nordmøre og Sør-Trøndelag,
18,2019,13032,Sølvøyane,ikke-medikamentell,,,,,,deler av lokaliteten,1219,BØMLO,12,Hordaland,59.609516,5.133367,3,Karmøy til Sotra,
18,2019,13125,Storvika,ikke-medikamentell,,,,,,hele lokaliteten,1837,MELØY,18,Nordland,66.80855,13.242333,8,Helgeland til Bodø,
18,2019,12081,Straumneset,ikke-medikamentell,,,,,,deler av lokaliteten,1227,JONDAL,12,Hordaland,60.220966,6.139567,3,Karmøy til Sotra,
18,2019,32437,Urda,ikke-medikamentell,,,,,,deler av lokaliteten,1566,SURNADAL,15,Møre og Romsdal,63.000534,8.325633,6,Nordmøre og Sør-Trøndelag,
17,2019,11754,Bøøy,medikamentell,badebehandling,Azamethiphos,,,,hele lokaliteten,1260,RADØY,12,Hordaland,60.727882,4.8641,4,Nordhordaland til Stadt,
17,2019,31038,Buarøy,ikke-medikamentell,,,,,,deler av lokaliteten,1245,SUND,12,Hordaland,60.220066,5.21455,3,Karmøy til Sotra,
17,2019,12361,Bukkholmen S,ikke-medikamentell,,,,,,deler av lokaliteten,5014,FRØYA,50,Trøndelag,63.72378,8.8621,6,Nordmøre og Sør-Trøndelag,
17,2019,15456,Eidesberget,medikamentell,badebehandling,Azamethiphos,,,,deler av lokaliteten,1416,HØYANGER,14,Sogn og Fjordane,61.105118,5.853883,4,Nordhordaland til Stadt,
17,2019,11893,Fosså,medikamentell,fôrbehandling,Emamectin benzoat,,,,hele lokaliteten,1133,HJELMELAND,11,Rogaland,59.2699,6.14295,2,Ryfylke,
17,2019,13874,Fyllingsnes S,ikke-medikamentell,,,,,,hele lokaliteten,1263,LINDÅS,12,Hordaland,60.5821,5.4001,4,Nordhordaland til Stadt,
17,2019,10318,Gulestø,ikke-medikamentell,,,,,,deler av lokaliteten,1438,BREMANGER,14,Sogn og Fjordane,61.75802,5.069883,4,Nordhordaland til Stadt,
17,2019,12895,Halsbukta,ikke-medikamentell,,,,,,deler av lokaliteten,1560,TINGVOLL,15,Møre og Romsdal,63.077686,8.143622,6,Nordmøre og Sør-Trøndelag,
17,2019,33957,Hofsøya,ikke-medikamentell,,,,,,deler av lokaliteten,5014,FRØYA,50,Trøndelag,63.7224,8.9145,6,Nordmøre og Sør-Trøndelag,
17,2019,14245,Jakobsteinsvika,ikke-medikamentell,,,,,,hele lokaliteten,5052,LEKA,50,Trøndelag,65.11265,11.792867,7,Nord-Trøndelag med Bindal,
17,2019,11665,Jibbersholmane,ikke-medikamentell,,,,,,deler av lokaliteten,1260,RADØY,12,Hordaland,60.752533,4.884617,4,Nordhordaland til Stadt,
17,2019,11689,Kjerringneset,ikke-medikamentell,,,,,,hele lokaliteten,1411,GULEN,14,Sogn og Fjordane,60.960182,5.106783,4,Nordhordaland til Stadt,
17,2019,12980,Klubben,medikamentell,fôrbehandling,Emamectin benzoat,,,,hele lokaliteten,1412,SOLUND,14,Sogn og Fjordane,61.17955,5.00315,4,Nordhordaland til Stadt,
17,2019,10113,Kobbavika,ikke-medikamentell,,,,,,deler av lokaliteten,1141,FINNØY,11,Rogaland,59.12232,5.934433,2,Ryfylke,
17,2019,11719,Kråkenes,medikamentell,badebehandling,Azamethiphos,,,,deler av lokaliteten,1412,SOLUND,14,Sogn og Fjordane,61.05835,4.921317,4,Nordhordaland til Stadt,
17,2019,13222,Kunes,medikamentell,badebehandling,Hydrogenperoksid,,,,deler av lokaliteten,1141,FINNØY,11,Rogaland,59.21137,5.9532,2,Ryfylke,
17,2019,12993,Lamøya,ikke-medikamentell,,,,,,deler av lokaliteten,5014,FRØYA,50,Trøndelag,63.733032,8.85505,6,Nordmøre og Sør-Trøndelag,
17,2019,10262,Lille Kvitholmen,ikke-medikamentell,,,,,,deler av lokaliteten,5051,NÆRØY,50,Trøndelag,65.01145,11.6139,7,Nord-Trøndelag med Bindal,
17,2019,13550,Marøy Nø,ikke-medikamentell,,,,,,deler av lokaliteten,1438,BREMANGER,14,Sogn og Fjordane,61.847935,5.295383,4,Nordhordaland til Stadt,
17,2019,13541,Midtflua,ikke-medikamentell,,,,,,deler av lokaliteten,1223,TYSNES,12,Hordaland,60.076267,5.466533,3,Karmøy til Sotra,
17,2019,14495,Nordeimsøyna,medikamentell,badebehandling,Annet virkestoff,,,,deler av lokaliteten,1141,FINNØY,11,Rogaland,59.28695,5.812483,2,Ryfylke,
17,2019,13554,Overåneset,ikke-medikamentell,,,,,,hele lokaliteten,1525,STRANDA,15,Møre og Romsdal,62.296516,7.123917,5,Stadt til Hustadvika,
17,2019,11972,Prestholmane,ikke-medikamentell,,,,,,deler av lokaliteten,1141,FINNØY,11,Rogaland,59.116768,5.8545,2,Ryfylke,
17,2019,17357,Rennaren,medikamentell,badebehandling,Hydrogenperoksid,,,,deler av lokaliteten,1142,RENNESØY,11,Rogaland,59.131584,5.72165,2,Ryfylke,
17,2019,28416,Sandvik,ikke-medikamentell,,,,,,deler av lokaliteten,1251,VAKSDAL,12,Hordaland,60.456566,5.6922,4,Nordhordaland til Stadt,
17,2019,31117,Skrubbo,ikke-medikamentell,,,,,,hele lokaliteten,1241,FUSA,12,Hordaland,60.15632,5.713217,3,Karmøy til Sotra,
17,2019,20815,Slettvika,ikke-medikamentell,,,,,,hele lokaliteten,1520,ØRSTA,15,Møre og Romsdal,62.334,6.157667,5,Stadt til Hustadvika,
17,2019,11939,Smal Skar,ikke-medikamentell,,,,,,deler av lokaliteten,1141,FINNØY,11,Rogaland,59.2051,5.966083,2,Ryfylke,
17,2019,13032,Sølvøyane,ikke-medikamentell,,,,,,deler av lokaliteten,1219,BØMLO,12,Hordaland,59.609516,5.133367,3,Karmøy til Sotra,
17,2019,31497,Toska N,ikke-medikamentell,,,,,,deler av lokaliteten,1260,RADØY,12,Hordaland,60.66987,4.9172,4,Nordhordaland til Stadt,
17,2019,32337,Veiesund,ikke-medikamentell,,,,,,deler av lokaliteten,1401,FLORA,14,Sogn og Fjordane,61.57187,5.047283,4,Nordhordaland til Stadt,
16,2019,11756,Allersholmen,ikke-medikamentell,,,,,,hele lokaliteten,1264,AUSTRHEIM,12,Hordaland,60.77465,4.8536,4,Nordhordaland til Stadt,
16,2019,12156,Blom,ikke-medikamentell,,,,,,deler av lokaliteten,1253,OSTERØY,12,Hordaland,60.436584,5.564833,4,Nordhordaland til Stadt,
16,2019,11488,Brattavika,ikke-medikamentell,,,,,,hele lokaliteten,1244,AUSTEVOLL,12,Hordaland,60.044117,5.303317,3,Karmøy til Sotra,
16,2019,13711,Dyvika,ikke-medikamentell,,,,,,deler av lokaliteten,1428,ASKVOLL,14,Sogn og Fjordane,61.478584,5.375967,4,Nordhordaland til Stadt,
16,2019,25835,Flatøyflu,ikke-medikamentell,,,,,,deler av lokaliteten,1244,AUSTEVOLL,12,Hordaland,60.156033,5.2315,3,Karmøy til Sotra,
16,2019,11530,Gissøysundet S,ikke-medikamentell,,,,,,deler av lokaliteten,1219,BØMLO,12,Hordaland,59.623585,5.160067,3,Karmøy til Sotra,
16,2019,12265,Gudmundset,ikke-medikamentell,,,,,,deler av lokaliteten,1529,SKODJE,15,Møre og Romsdal,62.45375,6.601283,5,Stadt til Hustadvika,
16,2019,33957,Hofsøya,ikke-medikamentell,,,,,,deler av lokaliteten,5014,FRØYA,50,Trøndelag,63.7224,8.9145,6,Nordmøre og Sør-Trøndelag,
16,2019,14245,Jakobsteinsvika,ikke-medikamentell,,,,,,deler av lokaliteten,5052,LEKA,50,Trøndelag,65.11265,11.792867,7,Nord-Trøndelag med Bindal,
16,2019,11652,Kjeppevikholmen,ikke-medikamentell,,,,,,hele lokaliteten,1256,MELAND,12,Hordaland,60.54283,5.0378,4,Nordhordaland til Stadt,
16,2019,12980,Klubben,medikamentell,fôrbehandling,Emamectin benzoat,,,,hele lokaliteten,1412,SOLUND,14,Sogn og Fjordane,61.17955,5.00315,4,Nordhordaland til Stadt,
16,2019,10113,Kobbavika,ikke-medikamentell,,,,,,deler av lokaliteten,1141,FINNØY,11,Rogaland,59.12232,5.934433,2,Ryfylke,
16,2019,14040,Krigsholmen,ikke-medikamentell,,,,,,hele lokaliteten,1244,AUSTEVOLL,12,Hordaland,60.081383,5.124117,3,Karmøy til Sotra,
16,2019,32518,Kuøyna,ikke-medikamentell,,,,,,deler av lokaliteten,1411,GULEN,14,Sogn og Fjordane,60.996418,4.897983,4,Nordhordaland til Stadt,
16,2019,11116,Langholmen,medikamentell,fôrbehandling,Emamectin benzoat,,,,deler av lokaliteten,1838,GILDESKÅL,18,Nordland,67.05783,14.025333,8,Helgeland til Bodø,
16,2019,33337,Lyngnes,ikke-medikamentell,,,,,,deler av lokaliteten,1241,FUSA,12,Hordaland,60.1197,5.720917,3,Karmøy til Sotra,
16,2019,11611,Naveide,ikke-medikamentell,,,,,,deler av lokaliteten,1244,AUSTEVOLL,12,Hordaland,60.13907,5.112783,3,Karmøy til Sotra,
16,2019,11738,Otterholmen,ikke-medikamentell,,,,,,hele lokaliteten,1260,RADØY,12,Hordaland,60.686417,4.908683,4,Nordhordaland til Stadt,
16,2019,20315,Overåneset V,ikke-medikamentell,,,,,,hele lokaliteten,1525,STRANDA,15,Møre og Romsdal,62.30065,7.085433,5,Stadt til Hustadvika,
16,2019,33417,Persflua,ikke-medikamentell,,,,,,deler av lokaliteten,5017,BJUGN,50,Trøndelag,63.91345,9.826433,6,Nordmøre og Sør-Trøndelag,
16,2019,17357,Rennaren,medikamentell,badebehandling,Hydrogenperoksid,,,,deler av lokaliteten,1142,RENNESØY,11,Rogaland,59.131584,5.72165,2,Ryfylke,
16,2019,12209,Rønstad,medikamentell,fôrbehandling,Emamectin benzoat,,,,hele lokaliteten,1519,VOLDA,15,Møre og Romsdal,62.135117,6.021433,5,Stadt til Hustadvika,
16,2019,12209,Rønstad,medikamentell,fôrbehandling,Emamectin benzoat,,,,hele lokaliteten,1519,VOLDA,15,Møre og Romsdal,62.135117,6.021433,5,Stadt til Hustadvika,
16,2019,13243,Sandvika,medikamentell,fôrbehandling,Emamectin benzoat,,,,hele lokaliteten,1519,VOLDA,15,Møre og Romsdal,62.195667,5.904417,5,Stadt til Hustadvika,
16,2019,18898,Skaftå,ikke-medikamentell,,,,,,deler av lokaliteten,1253,OSTERØY,12,Hordaland,60.455517,5.627417,4,Nordhordaland til Stadt,
16,2019,25896,Skorpo,ikke-medikamentell,,,,,,deler av lokaliteten,1223,TYSNES,12,Hordaland,59.875767,5.638817,3,Karmøy til Sotra,
16,2019,32877,Skorpo,ikke-medikamentell,,,,,,deler av lokaliteten,1243,OS I HORDALAND,12,Hordaland,60.173317,5.293683,3,Karmøy til Sotra,
16,2019,18657,Skredstivik,ikke-medikamentell,,,,,,deler av lokaliteten,1413,HYLLESTAD,14,Sogn og Fjordane,61.15495,5.133333,4,Nordhordaland til Stadt,
16,2019,13290,Stigvika,ikke-medikamentell,,,,,,hele lokaliteten,1838,GILDESKÅL,18,Nordland,67.06885,14.076133,8,Helgeland til Bodø,
16,2019,31338,Storskjeret,ikke-medikamentell,,,,,,deler av lokaliteten,1576,AURE,15,Møre og Romsdal,63.26985,8.228283,6,Nordmøre og Sør-Trøndelag,
16,2019,12077,Tveitnesvik,ikke-medikamentell,,,,,,deler av lokaliteten,1224,KVINNHERAD,12,Hordaland,60.10592,6.20525,3,Karmøy til Sotra,
16,2019,13246,Voldnes,medikamentell,fôrbehandling,Emamectin benzoat,,,,deler av lokaliteten,1515,HERØY I MØRE OG ROMSDAL,15,Møre og Romsdal,62.2097,5.7849,5,Stadt til Hustadvika,
16,2019,17495,Vullum,ikke-medikamentell,,,,,,deler av lokaliteten,1571,HALSA,15,Møre og Romsdal,63.04965,8.2162,6,Nordmøre og Sør-Trøndelag,
15,2019,35797,Årsetfjorden,ikke-medikamentell,,,,,,deler av lokaliteten,5051,NÆRØY,50,Trøndelag,65.00819,11.746417,7,Nord-Trøndelag med Bindal,
15,2019,11800,Austneståa,ikke-medikamentell,,,,,,hele lokaliteten,1401,FLORA,14,Sogn og Fjordane,61.490818,5.171167,4,Nordhordaland til Stadt,
15,2019,25055,Bekksneset,ikke-medikamentell,,,,,,hele lokaliteten,1413,HYLLESTAD,14,Sogn og Fjordane,61.07662,5.38595,4,Nordhordaland til Stadt,
15,2019,12237,Brudevika,ikke-medikamentell,,,,,,deler av lokaliteten,1511,VANYLVEN,15,Møre og Romsdal,62.116566,5.420717,5,Stadt til Hustadvika,
15,2019,32117,Dyrholmen Ø,ikke-medikamentell,,,,,,deler av lokaliteten,1222,FITJAR,12,Hordaland,59.9332,5.239467,3,Karmøy til Sotra,
15,2019,10045,Eidholmen,medikamentell,fôrbehandling,Emamectin benzoat,,,,hele lokaliteten,1244,AUSTEVOLL,12,Hordaland,60.08808,5.120633,3,Karmøy til Sotra,
15,2019,11893,Fosså,ikke-medikamentell,,,,,,deler av lokaliteten,1133,HJELMELAND,11,Rogaland,59.2699,6.14295,2,Ryfylke,
15,2019,11814,Furevika,ikke-medikamentell,,,,,,hele lokaliteten,1429,FJALER,14,Sogn og Fjordane,61.305668,5.071783,4,Nordhordaland til Stadt,
15,2019,18639,Halsavika,ikke-medikamentell,,,,,,hele lokaliteten,1146,TYSVÆR,11,Rogaland,59.39232,5.883333,2,Ryfylke,
15,2019,24035,Håvikvågen S,ikke-medikamentell,,,,,,deler av lokaliteten,1241,FUSA,12,Hordaland,60.169834,5.69645,3,Karmøy til Sotra,
15,2019,11920,Herøy,ikke-medikamentell,,,,,,hele lokaliteten,1160,VINDAFJORD,11,Rogaland,59.4664,6.0262,2,Ryfylke,
15,2019,32417,Hjartholmosen,medikamentell,fôrbehandling,Emamectin benzoat,,,,hele lokaliteten,1244,AUSTEVOLL,12,Hordaland,60.004616,5.227633,3,Karmøy til Sotra,
15,2019,32417,Hjartholmosen,medikamentell,fôrbehandling,Emamectin benzoat,,,,hele lokaliteten,1244,AUSTEVOLL,12,Hordaland,60.004616,5.227633,3,Karmøy til Sotra,
15,2019,33957,Hofsøya,ikke-medikamentell,,,,,,deler av lokaliteten,5014,FRØYA,50,Trøndelag,63.7224,8.9145,6,Nordmøre og Sør-Trøndelag,
15,2019,12224,Isane,medikamentell,fôrbehandling,Diflubenzuron,,,,hele lokaliteten,1438,BREMANGER,14,Sogn og Fjordane,61.876568,5.721517,4,Nordhordaland til Stadt,
15,2019,12224,Isane,medikamentell,fôrbehandling,Diflubenzuron,,,,hele lokaliteten,1438,BREMANGER,14,Sogn og Fjordane,61.876568,5.721517,4,Nordhordaland til Stadt,
15,2019,11665,Jibbersholmane,ikke-medikamentell,,,,,,deler av lokaliteten,1260,RADØY,12,Hordaland,60.752533,4.884617,4,Nordhordaland til Stadt,
15,2019,30036,Jørstadskjera,ikke-medikamentell,,,,,,deler av lokaliteten,1141,FINNØY,11,Rogaland,59.296318,5.936933,2,Ryfylke,
15,2019,11913,Kjeahola,ikke-medikamentell,,,,,,deler av lokaliteten,1141,FINNØY,11,Rogaland,59.2933,6.0729,2,Ryfylke,
15,2019,10113,Kobbavika,ikke-medikamentell,,,,,,deler av lokaliteten,1141,FINNØY,11,Rogaland,59.12232,5.934433,2,Ryfylke,
15,2019,11719,Kråkenes,ikke-medikamentell,,,,,,deler av lokaliteten,1412,SOLUND,14,Sogn og Fjordane,61.05835,4.921317,4,Nordhordaland til Stadt,
15,2019,13222,Kunes,medikamentell,badebehandling,Hydrogenperoksid,,,,deler av lokaliteten,1141,FINNØY,11,Rogaland,59.21137,5.9532,2,Ryfylke,
15,2019,12213,Kvangardsnes,ikke-medikamentell,,,,,,deler av lokaliteten,1519,VOLDA,15,Møre og Romsdal,62.145317,5.94545,5,Stadt til Hustadvika,
15,2019,11714,Kvernhusvika,ikke-medikamentell,,,,,,deler av lokaliteten,1412,SOLUND,14,Sogn og Fjordane,61.0675,4.94345,4,Nordhordaland til Stadt,
15,2019,20595,Kyrholmen S,ikke-medikamentell,,,,,,deler av lokaliteten,1244,AUSTEVOLL,12,Hordaland,60.161583,5.207633,3,Karmøy til Sotra,
15,2019,11116,Langholmen,medikamentell,fôrbehandling,Emamectin benzoat,,,,deler av lokaliteten,1838,GILDESKÅL,18,Nordland,67.05783,14.025333,8,Helgeland til Bodø,
15,2019,11116,Langholmen,ikke-medikamentell,,,,,,deler av lokaliteten,1838,GILDESKÅL,18,Nordland,67.05783,14.025333,8,Helgeland til Bodø,
15,2019,28396,Lindarholmen,ikke-medikamentell,,,,,,deler av lokaliteten,1223,TYSNES,12,Hordaland,60.083866,5.63925,3,Karmøy til Sotra,
15,2019,12966,Lindvik,ikke-medikamentell,,,,,,deler av lokaliteten,1160,VINDAFJORD,11,Rogaland,59.474068,5.976433,2,Ryfylke,
15,2019,12978,Lyngholmen,ikke-medikamentell,,,,,,deler av lokaliteten,1411,GULEN,14,Sogn og Fjordane,61.016933,5.007033,4,Nordhordaland til Stadt,
15,2019,10303,Nappeholmane,ikke-medikamentell,,,,,,hele lokaliteten,1219,BØMLO,12,Hordaland,59.742985,5.363633,3,Karmøy til Sotra,
15,2019,24937,Nebbo,ikke-medikamentell,,,,,,deler av lokaliteten,1224,KVINNHERAD,12,Hordaland,59.87075,5.725017,3,Karmøy til Sotra,
15,2019,30559,Øksneset,ikke-medikamentell,,,,,,deler av lokaliteten,1264,AUSTRHEIM,12,Hordaland,60.81255,4.862317,4,Nordhordaland til Stadt,
15,2019,12209,Rønstad,medikamentell,fôrbehandling,Emamectin benzoat,,,,hele lokaliteten,1519,VOLDA,15,Møre og Romsdal,62.135117,6.021433,5,Stadt til Hustadvika,
15,2019,12209,Rønstad,medikamentell,fôrbehandling,Emamectin benzoat,,,,hele lokaliteten,1519,VOLDA,15,Møre og Romsdal,62.135117,6.021433,5,Stadt til Hustadvika,
15,2019,12884,Sandnesbukta,ikke-medikamentell,,,,,,deler av lokaliteten,1543,NESSET,15,Møre og Romsdal,62.737617,7.879083,5,Stadt til Hustadvika,
15,2019,13243,Sandvika,medikamentell,fôrbehandling,Emamectin benzoat,,,,hele lokaliteten,1519,VOLDA,15,Møre og Romsdal,62.195667,5.904417,5,Stadt til Hustadvika,
15,2019,13035,Sauaneset I,ikke-medikamentell,,,,,,deler av lokaliteten,1244,AUSTEVOLL,12,Hordaland,60.089085,5.267967,3,Karmøy til Sotra,
15,2019,10216,Skåren,ikke-medikamentell,,,,,,deler av lokaliteten,1571,HALSA,15,Møre og Romsdal,63.076733,8.19315,6,Nordmøre og Sør-Trøndelag,
15,2019,11939,Smal Skar,ikke-medikamentell,,,,,,deler av lokaliteten,1141,FINNØY,11,Rogaland,59.2051,5.966083,2,Ryfylke,
15,2019,13032,Sølvøyane,ikke-medikamentell,,,,,,deler av lokaliteten,1219,BØMLO,12,Hordaland,59.609516,5.133367,3,Karmøy til Sotra,
15,2019,31338,Storskjeret,ikke-medikamentell,,,,,,deler av lokaliteten,1576,AURE,15,Møre og Romsdal,63.26985,8.228283,6,Nordmøre og Sør-Trøndelag,
15,2019,13644,Tepstad,ikke-medikamentell,,,,,,hele lokaliteten,1253,OSTERØY,12,Hordaland,60.553032,5.385317,4,Nordhordaland til Stadt,
15,2019,31497,Toska N,ikke-medikamentell,,,,,,deler av lokaliteten,1260,RADØY,12,Hordaland,60.66987,4.9172,4,Nordhordaland til Stadt,
15,2019,32857,Trettholmosen,ikke-medikamentell,,,,,,hele lokaliteten,1219,BØMLO,12,Hordaland,59.831932,5.0801,3,Karmøy til Sotra,
15,2019,35517,Vadholmen,ikke-medikamentell,,,,,,deler av lokaliteten,1259,ØYGARDEN,12,Hordaland,60.695,4.761117,4,Nordhordaland til Stadt,
15,2019,12839,Vindsnes,ikke-medikamentell,,,,,,hele lokaliteten,1524,NORDDAL,15,Møre og Romsdal,62.28505,7.279633,5,Stadt til Hustadvika,
15,2019,13246,Voldnes,medikamentell,fôrbehandling,Emamectin benzoat,,,,deler av lokaliteten,1515,HERØY I MØRE OG ROMSDAL,15,Møre og Romsdal,62.2097,5.7849,5,Stadt til Hustadvika,
15,2019,17495,Vullum,ikke-medikamentell,,,,,,deler av lokaliteten,1571,HALSA,15,Møre og Romsdal,63.04965,8.2162,6,Nordmøre og Sør-Trøndelag,
14,2019,11756,Allersholmen,ikke-medikamentell,,,,,,hele lokaliteten,1264,AUSTRHEIM,12,Hordaland,60.77465,4.8536,4,Nordhordaland til Stadt,
14,2019,35797,Årsetfjorden,ikke-medikamentell,,,,,,deler av lokaliteten,5051,NÆRØY,50,Trøndelag,65.00819,11.746417,7,Nord-Trøndelag med Bindal,
14,2019,12361,Bukkholmen S,ikke-medikamentell,,,,,,deler av lokaliteten,5014,FRØYA,50,Trøndelag,63.72378,8.8621,6,Nordmøre og Sør-Trøndelag,
14,2019,10338,Djupevik,ikke-medikamentell,,,,,,deler av lokaliteten,1238,KVAM,12,Hordaland,60.4075,6.356717,3,Karmøy til Sotra,
14,2019,20455,Djupevika,ikke-medikamentell,,,,,,deler av lokaliteten,1224,KVINNHERAD,12,Hordaland,60.04095,6.009367,3,Karmøy til Sotra,
14,2019,10045,Eidholmen,medikamentell,fôrbehandling,Emamectin benzoat,,,,hele lokaliteten,1244,AUSTEVOLL,12,Hordaland,60.08808,5.120633,3,Karmøy til Sotra,
14,2019,11833,Flåtegrunnen,ikke-medikamentell,,,,,,deler av lokaliteten,1401,FLORA,14,Sogn og Fjordane,61.57615,4.807333,4,Nordhordaland til Stadt,
14,2019,11814,Furevika,ikke-medikamentell,,,,,,hele lokaliteten,1429,FJALER,14,Sogn og Fjordane,61.305668,5.071783,4,Nordhordaland til Stadt,
14,2019,13874,Fyllingsnes S,ikke-medikamentell,,,,,,hele lokaliteten,1263,LINDÅS,12,Hordaland,60.5821,5.4001,4,Nordhordaland til Stadt,
14,2019,22095,Hågardsneset,ikke-medikamentell,,,,,,hele lokaliteten,1224,KVINNHERAD,12,Hordaland,59.9844,5.929967,3,Karmøy til Sotra,
14,2019,16755,Hageberg,ikke-medikamentell,,,,,,deler av lokaliteten,1222,FITJAR,12,Hordaland,59.944218,5.434733,3,Karmøy til Sotra,
14,2019,18639,Halsavika,ikke-medikamentell,,,,,,deler av lokaliteten,1146,TYSVÆR,11,Rogaland,59.39232,5.883333,2,Ryfylke,
14,2019,14679,Hellfjorden,medikamentell,badebehandling,Hydrogenperoksid,,,,deler av lokaliteten,1867,BØ I NORDLAND,18,Nordland,68.668365,14.8005,9,Vestfjorden og Vesterålen,
14,2019,34017,Hilbåan,ikke-medikamentell,,,,,,hele lokaliteten,5013,HITRA,50,Trøndelag,63.6686,8.844717,6,Nordmøre og Sør-Trøndelag,
14,2019,32417,Hjartholmosen,medikamentell,fôrbehandling,Emamectin benzoat,,,,hele lokaliteten,1244,AUSTEVOLL,12,Hordaland,60.004616,5.227633,3,Karmøy til Sotra,
14,2019,32417,Hjartholmosen,medikamentell,fôrbehandling,Emamectin benzoat,,,,hele lokaliteten,1244,AUSTEVOLL,12,Hordaland,60.004616,5.227633,3,Karmøy til Sotra,
14,2019,34397,Hyseneset,ikke-medikamentell,,,,,,deler av lokaliteten,1411,GULEN,14,Sogn og Fjordane,60.861485,4.964867,4,Nordhordaland til Stadt,
14,2019,12224,Isane,medikamentell,fôrbehandling,Diflubenzuron,,,,hele lokaliteten,1438,BREMANGER,14,Sogn og Fjordane,61.876568,5.721517,4,Nordhordaland til Stadt,
14,2019,12224,Isane,medikamentell,fôrbehandling,Diflubenzuron,,,,hele lokaliteten,1438,BREMANGER,14,Sogn og Fjordane,61.876568,5.721517,4,Nordhordaland til Stadt,
14,2019,30036,Jørstadskjera,ikke-medikamentell,,,,,,deler av lokaliteten,1141,FINNØY,11,Rogaland,59.296318,5.936933,2,Ryfylke,
14,2019,12239,Kråknes,ikke-medikamentell,,,,,,deler av lokaliteten,1547,AUKRA,15,Møre og Romsdal,62.83145,6.962733,5,Stadt til Hustadvika,
14,2019,12993,Lamøya,ikke-medikamentell,,,,,,deler av lokaliteten,5014,FRØYA,50,Trøndelag,63.733032,8.85505,6,Nordmøre og Sør-Trøndelag,
14,2019,10292,Lyklingholmen N,ikke-medikamentell,,,,,,deler av lokaliteten,1219,BØMLO,12,Hordaland,59.714535,5.15405,3,Karmøy til Sotra,
14,2019,12978,Lyngholmen,ikke-medikamentell,,,,,,deler av lokaliteten,1411,GULEN,14,Sogn og Fjordane,61.016933,5.007033,4,Nordhordaland til Stadt,
14,2019,12047,Mjåneset,ikke-medikamentell,,,,,,hele lokaliteten,1241,FUSA,12,Hordaland,60.176,5.7244,3,Karmøy til Sotra,
14,2019,33417,Persflua,ikke-medikamentell,,,,,,deler av lokaliteten,5017,BJUGN,50,Trøndelag,63.91345,9.826433,6,Nordmøre og Sør-Trøndelag,
14,2019,28416,Sandvik,ikke-medikamentell,,,,,,deler av lokaliteten,1251,VAKSDAL,12,Hordaland,60.456566,5.6922,4,Nordhordaland til Stadt,
14,2019,13035,Sauaneset I,ikke-medikamentell,,,,,,deler av lokaliteten,1244,AUSTEVOLL,12,Hordaland,60.089085,5.267967,3,Karmøy til Sotra,
14,2019,18898,Skaftå,ikke-medikamentell,,,,,,deler av lokaliteten,1253,OSTERØY,12,Hordaland,60.455517,5.627417,4,Nordhordaland til Stadt,
14,2019,38577,Skreda,ikke-medikamentell,,,,,,hele lokaliteten,1412,SOLUND,14,Sogn og Fjordane,61.14635,5.08115,4,Nordhordaland til Stadt,
14,2019,22335,Storvika,ikke-medikamentell,,,,,,hele lokaliteten,1548,FRÆNA,15,Møre og Romsdal,62.8021,6.977733,5,Stadt til Hustadvika,
14,2019,17575,Tollaksholmen,ikke-medikamentell,,,,,,deler av lokaliteten,1145,BOKN,11,Rogaland,59.2522,5.390517,2,Ryfylke,
14,2019,31497,Toska N,ikke-medikamentell,,,,,,deler av lokaliteten,1260,RADØY,12,Hordaland,60.66987,4.9172,4,Nordhordaland til Stadt,
14,2019,35517,Vadholmen,ikke-medikamentell,,,,,,deler av lokaliteten,1259,ØYGARDEN,12,Hordaland,60.695,4.761117,4,Nordhordaland til Stadt,
13,2019,12086,Alsåkervik,medikamentell,badebehandling,Azamethiphos,,,,hele lokaliteten,1224,KVINNHERAD,12,Hordaland,59.7601,6.074183,3,Karmøy til Sotra,
13,2019,29016,Båfjordstranda,ikke-medikamentell,,,,,,deler av lokaliteten,5051,NÆRØY,50,Trøndelag,64.964485,11.59435,7,Nord-Trøndelag med Bindal,
13,2019,13209,Bognøy,ikke-medikamentell,,,,,,deler av lokaliteten,1260,RADØY,12,Hordaland,60.60407,5.076983,4,Nordhordaland til Stadt,
13,2019,12040,Brandaskuta,ikke-medikamentell,,,,,,hele lokaliteten,1224,KVINNHERAD,12,Hordaland,59.975735,5.909183,3,Karmøy til Sotra,
13,2019,12361,Bukkholmen S,ikke-medikamentell,,,,,,deler av lokaliteten,5014,FRØYA,50,Trøndelag,63.72378,8.8621,6,Nordmøre og Sør-Trøndelag,
13,2019,22095,Hågardsneset,ikke-medikamentell,,,,,,hele lokaliteten,1224,KVINNHERAD,12,Hordaland,59.9844,5.929967,3,Karmøy til Sotra,
13,2019,38217,Hardbakkeneset,ikke-medikamentell,,,,,,deler av lokaliteten,1411,GULEN,14,Sogn og Fjordane,61.01673,4.950517,4,Nordhordaland til Stadt,
13,2019,34397,Hyseneset,ikke-medikamentell,,,,,,deler av lokaliteten,1411,GULEN,14,Sogn og Fjordane,60.861485,4.964867,4,Nordhordaland til Stadt,
13,2019,12224,Isane,medikamentell,fôrbehandling,Diflubenzuron,,,,hele lokaliteten,1438,BREMANGER,14,Sogn og Fjordane,61.876568,5.721517,4,Nordhordaland til Stadt,
13,2019,11665,Jibbersholmane,ikke-medikamentell,,,,,,deler av lokaliteten,1260,RADØY,12,Hordaland,60.752533,4.884617,4,Nordhordaland til Stadt,
13,2019,30036,Jørstadskjera,ikke-medikamentell,,,,,,deler av lokaliteten,1141,FINNØY,11,Rogaland,59.296318,5.936933,2,Ryfylke,
13,2019,13567,Knappen Solheim,ikke-medikamentell,,,,,,deler av lokaliteten,1266,MASFJORDEN,12,Hordaland,60.885334,5.4616,4,Nordhordaland til Stadt,
13,2019,10113,Kobbavika,ikke-medikamentell,,,,,,deler av lokaliteten,1141,FINNØY,11,Rogaland,59.12232,5.934433,2,Ryfylke,
13,2019,11714,Kvernhusvika,ikke-medikamentell,,,,,,deler av lokaliteten,1412,SOLUND,14,Sogn og Fjordane,61.0675,4.94345,4,Nordhordaland til Stadt,
13,2019,12993,Lamøya,ikke-medikamentell,,,,,,deler av lokaliteten,5014,FRØYA,50,Trøndelag,63.733032,8.85505,6,Nordmøre og Sør-Trøndelag,
13,2019,34257,Lekafjorden II,ikke-medikamentell,,,,,,deler av lokaliteten,5052,LEKA,50,Trøndelag,65.07878,11.724033,7,Nord-Trøndelag med Bindal,
13,2019,33337,Lyngnes,ikke-medikamentell,,,,,,deler av lokaliteten,1241,FUSA,12,Hordaland,60.1197,5.720917,3,Karmøy til Sotra,
13,2019,13550,Marøy Nø,ikke-medikamentell,,,,,,deler av lokaliteten,1438,BREMANGER,14,Sogn og Fjordane,61.847935,5.295383,4,Nordhordaland til Stadt,
13,2019,26435,Mjølsvik,ikke-medikamentell,,,,,,deler av lokaliteten,1416,HØYANGER,14,Sogn og Fjordane,61.111584,6.0423,4,Nordhordaland til Stadt,
13,2019,30559,Øksneset,ikke-medikamentell,,,,,,deler av lokaliteten,1264,AUSTRHEIM,12,Hordaland,60.81255,4.862317,4,Nordhordaland til Stadt,
13,2019,12071,Ommundsteigen,ikke-medikamentell,,,,,,deler av lokaliteten,1134,SULDAL,11,Rogaland,59.55078,6.5131,2,Ryfylke,
13,2019,11888,Sandvik,medikamentell,badebehandling,Hydrogenperoksid,,,,deler av lokaliteten,1134,SULDAL,11,Rogaland,59.31445,6.170917,2,Ryfylke,
13,2019,18898,Skaftå,ikke-medikamentell,,,,,,deler av lokaliteten,1253,OSTERØY,12,Hordaland,60.455517,5.627417,4,Nordhordaland til Stadt,
13,2019,22335,Storvika,ikke-medikamentell,,,,,,deler av lokaliteten,1548,FRÆNA,15,Møre og Romsdal,62.8021,6.977733,5,Stadt til Hustadvika,
13,2019,26575,Teigane,medikamentell,badebehandling,Hydrogenperoksid,,,,hele lokaliteten,1134,SULDAL,11,Rogaland,59.520332,6.337233,2,Ryfylke,
13,2019,17575,Tollaksholmen,ikke-medikamentell,,,,,,deler av lokaliteten,1145,BOKN,11,Rogaland,59.2522,5.390517,2,Ryfylke,
13,2019,13704,Vikane,ikke-medikamentell,,,,,,hele lokaliteten,1266,MASFJORDEN,12,Hordaland,60.7125,5.403633,4,Nordhordaland til Stadt,
12,2019,12086,Alsåkervik,medikamentell,badebehandling,Azamethiphos,,,,hele lokaliteten,1224,KVINNHERAD,12,Hordaland,59.7601,6.074183,3,Karmøy til Sotra,
12,2019,29016,Båfjordstranda,ikke-medikamentell,,,,,,deler av lokaliteten,5051,NÆRØY,50,Trøndelag,64.964485,11.59435,7,Nord-Trøndelag med Bindal,
12,2019,11754,Bøøy,medikamentell,fôrbehandling,Diflubenzuron,,,,hele lokaliteten,1260,RADØY,12,Hordaland,60.727882,4.8641,4,Nordhordaland til Stadt,
12,2019,12040,Brandaskuta,ikke-medikamentell,,,,,,hele lokaliteten,1224,KVINNHERAD,12,Hordaland,59.975735,5.909183,3,Karmøy til Sotra,
12,2019,14799,Djupestallen,ikke-medikamentell,,,,,,deler av lokaliteten,1223,TYSNES,12,Hordaland,60.058735,5.453,3,Karmøy til Sotra,
12,2019,21335,Floteneset,medikamentell,badebehandling,Azamethiphos,,,,deler av lokaliteten,1416,HØYANGER,14,Sogn og Fjordane,61.1936,5.801617,4,Nordhordaland til Stadt,
12,2019,12895,Halsbukta,ikke-medikamentell,,,,,,deler av lokaliteten,1560,TINGVOLL,15,Møre og Romsdal,63.077686,8.143622,6,Nordmøre og Sør-Trøndelag,
12,2019,38217,Hardbakkeneset,ikke-medikamentell,,,,,,deler av lokaliteten,1411,GULEN,14,Sogn og Fjordane,61.01673,4.950517,4,Nordhordaland til Stadt,
12,2019,14679,Hellfjorden,medikamentell,badebehandling,Hydrogenperoksid,,,,deler av lokaliteten,1867,BØ I NORDLAND,18,Nordland,68.668365,14.8005,9,Vestfjorden og Vesterålen,
12,2019,10291,Hiskholmen,ikke-medikamentell,,,,,,deler av lokaliteten,1219,BØMLO,12,Hordaland,59.72663,5.145617,3,Karmøy til Sotra,
12,2019,34397,Hyseneset,ikke-medikamentell,,,,,,deler av lokaliteten,1411,GULEN,14,Sogn og Fjordane,60.861485,4.964867,4,Nordhordaland til Stadt,
12,2019,30036,Jørstadskjera,ikke-medikamentell,,,,,,deler av lokaliteten,1141,FINNØY,11,Rogaland,59.296318,5.936933,2,Ryfylke,
12,2019,10113,Kobbavika,ikke-medikamentell,,,,,,deler av lokaliteten,1141,FINNØY,11,Rogaland,59.12232,5.934433,2,Ryfylke,
12,2019,10080,Laksevika,ikke-medikamentell,,,,,,deler av lokaliteten,1256,MELAND,12,Hordaland,60.53015,5.11575,4,Nordhordaland til Stadt,
12,2019,14086,Lelandsholmen,ikke-medikamentell,,,,,,deler av lokaliteten,1219,BØMLO,12,Hordaland,59.728535,5.153067,3,Karmøy til Sotra,
12,2019,10262,Lille Kvitholmen,ikke-medikamentell,,,,,,deler av lokaliteten,5051,NÆRØY,50,Trøndelag,65.01145,11.6139,7,Nord-Trøndelag med Bindal,
12,2019,13550,Marøy Nø,ikke-medikamentell,,,,,,deler av lokaliteten,1438,BREMANGER,14,Sogn og Fjordane,61.847935,5.295383,4,Nordhordaland til Stadt,
12,2019,13541,Midtflua,ikke-medikamentell,,,,,,deler av lokaliteten,1223,TYSNES,12,Hordaland,60.076267,5.466533,3,Karmøy til Sotra,
12,2019,11864,Napp,medikamentell,fôrbehandling,Emamectin benzoat,,,,hele lokaliteten,1004,FLEKKEFJORD,10,Vest-Agder,58.24867,6.53675,1,Svenskegrensen til Jæren,
12,2019,11611,Naveide,ikke-medikamentell,,,,,,deler av lokaliteten,1244,AUSTEVOLL,12,Hordaland,60.13907,5.112783,3,Karmøy til Sotra,
12,2019,24937,Nebbo,ikke-medikamentell,,,,,,deler av lokaliteten,1224,KVINNHERAD,12,Hordaland,59.87075,5.725017,3,Karmøy til Sotra,
12,2019,11856,Salvågvika,ikke-medikamentell,,,,,,deler av lokaliteten,1004,FLEKKEFJORD,10,Vest-Agder,58.227165,6.632767,1,Svenskegrensen til Jæren,
12,2019,31677,Sandholmane,medikamentell,fôrbehandling,Emamectin benzoat,,,,hele lokaliteten,1546,SANDØY,15,Møre og Romsdal,62.79658,6.67125,5,Stadt til Hustadvika,
12,2019,11966,Skigelstrand,ikke-medikamentell,,,,,,deler av lokaliteten,1160,VINDAFJORD,11,Rogaland,59.494118,5.846567,2,Ryfylke,
12,2019,32877,Skorpo,ikke-medikamentell,,,,,,deler av lokaliteten,1243,OS I HORDALAND,12,Hordaland,60.173317,5.293683,3,Karmøy til Sotra,
12,2019,12074,Svåsandneset,ikke-medikamentell,,,,,,deler av lokaliteten,1227,JONDAL,12,Hordaland,60.32422,6.318983,3,Karmøy til Sotra,
12,2019,31497,Toska N,ikke-medikamentell,,,,,,deler av lokaliteten,1260,RADØY,12,Hordaland,60.66987,4.9172,4,Nordhordaland til Stadt,
12,2019,32337,Veiesund,medikamentell,badebehandling,Azamethiphos,,,,hele lokaliteten,1401,FLORA,14,Sogn og Fjordane,61.57187,5.047283,4,Nordhordaland til Stadt,
11,2019,29016,Båfjordstranda,ikke-medikamentell,,,,,,deler av lokaliteten,5051,NÆRØY,50,Trøndelag,64.964485,11.59435,7,Nord-Trøndelag med Bindal,
11,2019,12156,Blom,ikke-medikamentell,,,,,,deler av lokaliteten,1253,OSTERØY,12,Hordaland,60.436584,5.564833,4,Nordhordaland til Stadt,
11,2019,11754,Bøøy,medikamentell,fôrbehandling,Diflubenzuron,,,,hele lokaliteten,1260,RADØY,12,Hordaland,60.727882,4.8641,4,Nordhordaland til Stadt,
11,2019,11488,Brattavika,ikke-medikamentell,,,,,,hele lokaliteten,1244,AUSTEVOLL,12,Hordaland,60.044117,5.303317,3,Karmøy til Sotra,
11,2019,12237,Brudevika,ikke-medikamentell,,,,,,deler av lokaliteten,1511,VANYLVEN,15,Møre og Romsdal,62.116566,5.420717,5,Stadt til Hustadvika,
11,2019,12007,Dale II,medikamentell,badebehandling,Hydrogenperoksid,,,,deler av lokaliteten,1142,RENNESØY,11,Rogaland,59.08215,5.71055,2,Ryfylke,
11,2019,31157,Fiksneset,medikamentell,fôrbehandling,Emamectin benzoat,,,,deler av lokaliteten,1245,SUND,12,Hordaland,60.176884,5.124833,3,Karmøy til Sotra,
11,2019,21335,Floteneset,medikamentell,badebehandling,Azamethiphos,,,,deler av lokaliteten,1416,HØYANGER,14,Sogn og Fjordane,61.1936,5.801617,4,Nordhordaland til Stadt,
11,2019,25695,Gjerde,ikke-medikamentell,,,,,,hele lokaliteten,1516,ULSTEIN,15,Møre og Romsdal,62.259983,5.929183,5,Stadt til Hustadvika,
11,2019,19995,Hagahammaren,ikke-medikamentell,,,,,,deler av lokaliteten,1576,AURE,15,Møre og Romsdal,63.137917,8.0306,6,Nordmøre og Sør-Trøndelag,
11,2019,12895,Halsbukta,ikke-medikamentell,,,,,,deler av lokaliteten,1560,TINGVOLL,15,Møre og Romsdal,63.077686,8.143622,6,Nordmøre og Sør-Trøndelag,
11,2019,38217,Hardbakkeneset,ikke-medikamentell,,,,,,deler av lokaliteten,1411,GULEN,14,Sogn og Fjordane,61.01673,4.950517,4,Nordhordaland til Stadt,
11,2019,19939,Høysteinen,ikke-medikamentell,,,,,,deler av lokaliteten,1224,KVINNHERAD,12,Hordaland,60.157417,6.050117,3,Karmøy til Sotra,
11,2019,10080,Laksevika,ikke-medikamentell,,,,,,deler av lokaliteten,1256,MELAND,12,Hordaland,60.53015,5.11575,4,Nordhordaland til Stadt,
11,2019,12993,Lamøya,ikke-medikamentell,,,,,,deler av lokaliteten,5014,FRØYA,50,Trøndelag,63.733032,8.85505,6,Nordmøre og Sør-Trøndelag,
11,2019,13699,Leirvika,ikke-medikamentell,,,,,,hele lokaliteten,1266,MASFJORDEN,12,Hordaland,60.74215,5.344317,4,Nordhordaland til Stadt,
11,2019,14086,Lelandsholmen,ikke-medikamentell,,,,,,deler av lokaliteten,1219,BØMLO,12,Hordaland,59.728535,5.153067,3,Karmøy til Sotra,
11,2019,13550,Marøy Nø,ikke-medikamentell,,,,,,deler av lokaliteten,1438,BREMANGER,14,Sogn og Fjordane,61.847935,5.295383,4,Nordhordaland til Stadt,
11,2019,12047,Mjåneset,ikke-medikamentell,,,,,,deler av lokaliteten,1241,FUSA,12,Hordaland,60.176,5.7244,3,Karmøy til Sotra,
11,2019,11864,Napp,medikamentell,fôrbehandling,Emamectin benzoat,,,,hele lokaliteten,1004,FLEKKEFJORD,10,Vest-Agder,58.24867,6.53675,1,Svenskegrensen til Jæren,
11,2019,11611,Naveide,medikamentell,badebehandling,Azamethiphos,,,,deler av lokaliteten,1244,AUSTEVOLL,12,Hordaland,60.13907,5.112783,3,Karmøy til Sotra,
11,2019,13554,Overåneset,ikke-medikamentell,,,,,,hele lokaliteten,1525,STRANDA,15,Møre og Romsdal,62.296516,7.123917,5,Stadt til Hustadvika,
11,2019,17357,Rennaren,medikamentell,badebehandling,Hydrogenperoksid,,,,deler av lokaliteten,1142,RENNESØY,11,Rogaland,59.131584,5.72165,2,Ryfylke,
11,2019,12019,Saltkjelen II,ikke-medikamentell,,,,,,deler av lokaliteten,1227,JONDAL,12,Hordaland,60.248016,6.2014,3,Karmøy til Sotra,
11,2019,18898,Skaftå,ikke-medikamentell,,,,,,deler av lokaliteten,1253,OSTERØY,12,Hordaland,60.455517,5.627417,4,Nordhordaland til Stadt,
11,2019,12108,Skorpo Nv,ikke-medikamentell,,,,,,deler av lokaliteten,1224,KVINNHERAD,12,Hordaland,59.95323,5.827133,3,Karmøy til Sotra,
11,2019,12074,Svåsandneset,ikke-medikamentell,,,,,,deler av lokaliteten,1227,JONDAL,12,Hordaland,60.32422,6.318983,3,Karmøy til Sotra,
11,2019,27315,Vikane 1,ikke-medikamentell,,,,,,deler av lokaliteten,1227,JONDAL,12,Hordaland,60.26125,6.225083,3,Karmøy til Sotra,
10,2019,11800,Austneståa,ikke-medikamentell,,,,,,hele lokaliteten,1401,FLORA,14,Sogn og Fjordane,61.490818,5.171167,4,Nordhordaland til Stadt,
10,2019,11930,Bjelkavik,medikamentell,fôrbehandling,Emamectin benzoat,,,,hele lokaliteten,1134,SULDAL,11,Rogaland,59.45165,5.991917,2,Ryfylke,
10,2019,11754,Bøøy,medikamentell,fôrbehandling,Diflubenzuron,,,,hele lokaliteten,1260,RADØY,12,Hordaland,60.727882,4.8641,4,Nordhordaland til Stadt,
10,2019,12040,Brandaskuta,ikke-medikamentell,,,,,,deler av lokaliteten,1224,KVINNHERAD,12,Hordaland,59.975735,5.909183,3,Karmøy til Sotra,
10,2019,12361,Bukkholmen S,ikke-medikamentell,,,,,,deler av lokaliteten,5014,FRØYA,50,Trøndelag,63.72378,8.8621,6,Nordmøre og Sør-Trøndelag,
10,2019,12007,Dale II,medikamentell,badebehandling,Hydrogenperoksid,,,,deler av lokaliteten,1142,RENNESØY,11,Rogaland,59.08215,5.71055,2,Ryfylke,
10,2019,21415,Dyrholmen,ikke-medikamentell,,,,,,deler av lokaliteten,1141,FINNØY,11,Rogaland,59.285484,5.8583,2,Ryfylke,
10,2019,31157,Fiksneset,medikamentell,fôrbehandling,Emamectin benzoat,,,,deler av lokaliteten,1245,SUND,12,Hordaland,60.176884,5.124833,3,Karmøy til Sotra,
10,2019,21335,Floteneset,medikamentell,badebehandling,Azamethiphos,,,,deler av lokaliteten,1416,HØYANGER,14,Sogn og Fjordane,61.1936,5.801617,4,Nordhordaland til Stadt,
10,2019,21335,Floteneset,medikamentell,badebehandling,Azamethiphos,,,,deler av lokaliteten,1416,HØYANGER,14,Sogn og Fjordane,61.1936,5.801617,4,Nordhordaland til Stadt,
10,2019,21335,Floteneset,medikamentell,badebehandling,Azamethiphos,,,,deler av lokaliteten,1416,HØYANGER,14,Sogn og Fjordane,61.1936,5.801617,4,Nordhordaland til Stadt,
10,2019,26935,Frovågneset,medikamentell,badebehandling,Deltamethrin,,,,hele lokaliteten,1927,TRANØY,19,Troms,69.06865,17.061447,10,Andøya til Senja,
10,2019,13874,Fyllingsnes S,ikke-medikamentell,,,,,,hele lokaliteten,1263,LINDÅS,12,Hordaland,60.5821,5.4001,4,Nordhordaland til Stadt,
10,2019,19995,Hagahammaren,ikke-medikamentell,,,,,,deler av lokaliteten,1576,AURE,15,Møre og Romsdal,63.137917,8.0306,6,Nordmøre og Sør-Trøndelag,
10,2019,12895,Halsbukta,ikke-medikamentell,,,,,,deler av lokaliteten,1560,TINGVOLL,15,Møre og Romsdal,63.077686,8.143622,6,Nordmøre og Sør-Trøndelag,
10,2019,11913,Kjeahola,ikke-medikamentell,,,,,,deler av lokaliteten,1141,FINNØY,11,Rogaland,59.2933,6.0729,2,Ryfylke,
10,2019,11689,Kjerringneset,ikke-medikamentell,,,,,,hele lokaliteten,1411,GULEN,14,Sogn og Fjordane,60.960182,5.106783,4,Nordhordaland til Stadt,
10,2019,11803,Kyravika,ikke-medikamentell,,,,,,deler av lokaliteten,1429,FJALER,14,Sogn og Fjordane,61.316433,5.1563,4,Nordhordaland til Stadt,
10,2019,13234,Kysnes,ikke-medikamentell,,,,,,hele lokaliteten,1227,JONDAL,12,Hordaland,60.1993,6.095417,3,Karmøy til Sotra,
10,2019,12993,Lamøya,ikke-medikamentell,,,,,,deler av lokaliteten,5014,FRØYA,50,Trøndelag,63.733032,8.85505,6,Nordmøre og Sør-Trøndelag,
10,2019,24715,Langholmen,ikke-medikamentell,,,,,,hele lokaliteten,1141,FINNØY,11,Rogaland,59.097282,5.835917,2,Ryfylke,
10,2019,11864,Napp,medikamentell,fôrbehandling,Emamectin benzoat,,,,hele lokaliteten,1004,FLEKKEFJORD,10,Vest-Agder,58.24867,6.53675,1,Svenskegrensen til Jæren,
10,2019,13221,Nautvik,ikke-medikamentell,,,,,,deler av lokaliteten,1141,FINNØY,11,Rogaland,59.183483,5.94915,2,Ryfylke,
10,2019,24937,Nebbo,ikke-medikamentell,,,,,,deler av lokaliteten,1224,KVINNHERAD,12,Hordaland,59.87075,5.725017,3,Karmøy til Sotra,
10,2019,20315,Overåneset V,ikke-medikamentell,,,,,,deler av lokaliteten,1525,STRANDA,15,Møre og Romsdal,62.30065,7.085433,5,Stadt til Hustadvika,
10,2019,11972,Prestholmane,ikke-medikamentell,,,,,,deler av lokaliteten,1141,FINNØY,11,Rogaland,59.116768,5.8545,2,Ryfylke,
10,2019,11856,Salvågvika,ikke-medikamentell,,,,,,deler av lokaliteten,1004,FLEKKEFJORD,10,Vest-Agder,58.227165,6.632767,1,Svenskegrensen til Jæren,
10,2019,19855,Segelråa,ikke-medikamentell,,,,,,deler av lokaliteten,1576,AURE,15,Møre og Romsdal,63.149746,8.12855,6,Nordmøre og Sør-Trøndelag,
10,2019,31117,Skrubbo,ikke-medikamentell,,,,,,deler av lokaliteten,1241,FUSA,12,Hordaland,60.15632,5.713217,3,Karmøy til Sotra,
10,2019,28096,Slåttenes,medikamentell,badebehandling,Azamethiphos,,,,hele lokaliteten,1224,KVINNHERAD,12,Hordaland,59.832115,5.98365,3,Karmøy til Sotra,
10,2019,28096,Slåttenes,ikke-medikamentell,,,,,,deler av lokaliteten,1224,KVINNHERAD,12,Hordaland,59.832115,5.98365,3,Karmøy til Sotra,
10,2019,11939,Smal Skar,ikke-medikamentell,,,,,,hele lokaliteten,1141,FINNØY,11,Rogaland,59.2051,5.966083,2,Ryfylke,
10,2019,30177,Torgerhaugen,ikke-medikamentell,,,,,,deler av lokaliteten,5051,NÆRØY,50,Trøndelag,64.89295,11.763017,7,Nord-Trøndelag med Bindal,
10,2019,27315,Vikane 1,ikke-medikamentell,,,,,,deler av lokaliteten,1227,JONDAL,12,Hordaland,60.26125,6.225083,3,Karmøy til Sotra,
10,2019,29936,Ystadneset,ikke-medikamentell,,,,,,deler av lokaliteten,1224,KVINNHERAD,12,Hordaland,59.977932,5.77565,3,Karmøy til Sotra,
9,2019,11330,Åmundsvika,medikamentell,badebehandling,Annet virkestoff,,,,deler av lokaliteten,1919,GRATANGEN,19,Troms,68.72655,17.343483,10,Andøya til Senja,
9,2019,12156,Blom,ikke-medikamentell,,,,,,deler av lokaliteten,1253,OSTERØY,12,Hordaland,60.436584,5.564833,4,Nordhordaland til Stadt,
9,2019,13209,Bognøy,medikamentell,badebehandling,Azamethiphos,,,,hele lokaliteten,1260,RADØY,12,Hordaland,60.60407,5.076983,4,Nordhordaland til Stadt,
9,2019,37357,Brensholmen,medikamentell,badebehandling,Deltamethrin,,,,deler av lokaliteten,1902,TROMSØ,19,Troms,69.57837,17.994267,10,Andøya til Senja,
9,2019,15456,Eidesberget,ikke-medikamentell,,,,,,deler av lokaliteten,1416,HØYANGER,14,Sogn og Fjordane,61.105118,5.853883,4,Nordhordaland til Stadt,
9,2019,31157,Fiksneset,medikamentell,fôrbehandling,Emamectin benzoat,,,,deler av lokaliteten,1245,SUND,12,Hordaland,60.176884,5.124833,3,Karmøy til Sotra,
9,2019,11657,Gråvika,ikke-medikamentell,,,,,,hele lokaliteten,1411,GULEN,14,Sogn og Fjordane,60.861782,4.934883,4,Nordhordaland til Stadt,
9,2019,11652,Kjeppevikholmen,ikke-medikamentell,,,,,,hele lokaliteten,1256,MELAND,12,Hordaland,60.54283,5.0378,4,Nordhordaland til Stadt,
9,2019,18217,Kvaløy Ø,ikke-medikamentell,,,,,,deler av lokaliteten,1149,KARMØY,11,Rogaland,59.396633,5.171083,3,Karmøy til Sotra,
9,2019,10080,Laksevika,ikke-medikamentell,,,,,,deler av lokaliteten,1256,MELAND,12,Hordaland,60.53015,5.11575,4,Nordhordaland til Stadt,
9,2019,12993,Lamøya,ikke-medikamentell,,,,,,deler av lokaliteten,5014,FRØYA,50,Trøndelag,63.733032,8.85505,6,Nordmøre og Sør-Trøndelag,
9,2019,19355,Låva,medikamentell,fôrbehandling,Diflubenzuron,,,,hele lokaliteten,1141,FINNØY,11,Rogaland,59.29677,5.9888,2,Ryfylke,
9,2019,32977,Måren,ikke-medikamentell,,,,,,deler av lokaliteten,1416,HØYANGER,14,Sogn og Fjordane,61.152668,6.1167,4,Nordhordaland til Stadt,
9,2019,13550,Marøy Nø,ikke-medikamentell,,,,,,deler av lokaliteten,1438,BREMANGER,14,Sogn og Fjordane,61.847935,5.295383,4,Nordhordaland til Stadt,
9,2019,34277,Mikkelsøya,medikamentell,badebehandling,Hydrogenperoksid,,,,hele lokaliteten,1867,BØ I NORDLAND,18,Nordland,68.65618,14.729933,9,Vestfjorden og Vesterålen,
9,2019,24937,Nebbo,medikamentell,badebehandling,Hydrogenperoksid,,,,deler av lokaliteten,1224,KVINNHERAD,12,Hordaland,59.87075,5.725017,3,Karmøy til Sotra,
9,2019,11972,Prestholmane,ikke-medikamentell,,,,,,deler av lokaliteten,1141,FINNØY,11,Rogaland,59.116768,5.8545,2,Ryfylke,
9,2019,12003,Rossholmen N,medikamentell,badebehandling,Hydrogenperoksid,,,,deler av lokaliteten,1142,RENNESØY,11,Rogaland,59.06428,5.722617,2,Ryfylke,
9,2019,12003,Rossholmen N,ikke-medikamentell,,,,,,deler av lokaliteten,1142,RENNESØY,11,Rogaland,59.06428,5.722617,2,Ryfylke,
9,2019,12019,Saltkjelen II,ikke-medikamentell,,,,,,deler av lokaliteten,1227,JONDAL,12,Hordaland,60.248016,6.2014,3,Karmøy til Sotra,
9,2019,19855,Segelråa,ikke-medikamentell,,,,,,deler av lokaliteten,1576,AURE,15,Møre og Romsdal,63.149746,8.12855,6,Nordmøre og Sør-Trøndelag,
9,2019,33017,Setevika N,ikke-medikamentell,,,,,,deler av lokaliteten,1545,MIDSUND,15,Møre og Romsdal,62.73835,6.937667,5,Stadt til Hustadvika,
9,2019,31117,Skrubbo,ikke-medikamentell,,,,,,deler av lokaliteten,1241,FUSA,12,Hordaland,60.15632,5.713217,3,Karmøy til Sotra,
9,2019,11971,Store Teistholmen Ø,medikamentell,badebehandling,Hydrogenperoksid,,,,deler av lokaliteten,1102,SANDNES,11,Rogaland,58.97685,5.867383,2,Ryfylke,
9,2019,11700,Storeneset,ikke-medikamentell,,,,,,hele lokaliteten,1411,GULEN,14,Sogn og Fjordane,60.8763,5.02805,4,Nordhordaland til Stadt,
9,2019,27315,Vikane 1,ikke-medikamentell,,,,,,deler av lokaliteten,1227,JONDAL,12,Hordaland,60.26125,6.225083,3,Karmøy til Sotra,
9,2019,29936,Ystadneset,ikke-medikamentell,,,,,,deler av lokaliteten,1224,KVINNHERAD,12,Hordaland,59.977932,5.77565,3,Karmøy til Sotra,
8,2019,11330,Åmundsvika,medikamentell,badebehandling,Hydrogenperoksid,,,,deler av lokaliteten,1919,GRATANGEN,19,Troms,68.72655,17.343483,10,Andøya til Senja,
8,2019,11749,Bårøy,ikke-medikamentell,,,,,,deler av lokaliteten,1411,GULEN,14,Sogn og Fjordane,60.945866,4.845383,4,Nordhordaland til Stadt,
8,2019,13845,Beitveit,ikke-medikamentell,,,,,,deler av lokaliteten,1441,SELJE,14,Sogn og Fjordane,62.141335,5.3397,5,Stadt til Hustadvika,
8,2019,11340,Bjørnstein,medikamentell,badebehandling,Deltamethrin,,,,hele lokaliteten,1917,IBESTAD,19,Troms,68.892365,17.110233,10,Andøya til Senja,
8,2019,11340,Bjørnstein,medikamentell,badebehandling,Hydrogenperoksid,,,,hele lokaliteten,1917,IBESTAD,19,Troms,68.892365,17.110233,10,Andøya til Senja,
8,2019,21415,Dyrholmen,ikke-medikamentell,,,,,,deler av lokaliteten,1141,FINNØY,11,Rogaland,59.285484,5.8583,2,Ryfylke,
8,2019,10045,Eidholmen,medikamentell,badebehandling,Deltamethrin,,,,hele lokaliteten,1244,AUSTEVOLL,12,Hordaland,60.08808,5.120633,3,Karmøy til Sotra,
8,2019,19939,Høysteinen,ikke-medikamentell,,,,,,deler av lokaliteten,1224,KVINNHERAD,12,Hordaland,60.157417,6.050117,3,Karmøy til Sotra,
8,2019,25235,Humulen,ikke-medikamentell,,,,,,deler av lokaliteten,5050,VIKNA,50,Trøndelag,64.94605,11.372467,7,Nord-Trøndelag med Bindal,
8,2019,34797,Kalvhagan II,ikke-medikamentell,,,,,,deler av lokaliteten,5051,NÆRØY,50,Trøndelag,64.95078,12.0567,7,Nord-Trøndelag med Bindal,
8,2019,10113,Kobbavika,ikke-medikamentell,,,,,,deler av lokaliteten,1141,FINNØY,11,Rogaland,59.12232,5.934433,2,Ryfylke,
8,2019,11719,Kråkenes,medikamentell,badebehandling,Azamethiphos,,,,deler av lokaliteten,1412,SOLUND,14,Sogn og Fjordane,61.05835,4.921317,4,Nordhordaland til Stadt,
8,2019,11719,Kråkenes,medikamentell,fôrbehandling,Emamectin benzoat,,,,deler av lokaliteten,1412,SOLUND,14,Sogn og Fjordane,61.05835,4.921317,4,Nordhordaland til Stadt,
8,2019,18217,Kvaløy Ø,ikke-medikamentell,,,,,,deler av lokaliteten,1149,KARMØY,11,Rogaland,59.396633,5.171083,3,Karmøy til Sotra,
8,2019,11775,Kviteskjeret,ikke-medikamentell,,,,,,deler av lokaliteten,1428,ASKVOLL,14,Sogn og Fjordane,61.467815,5.2203,4,Nordhordaland til Stadt,
8,2019,19355,Låva,medikamentell,fôrbehandling,Diflubenzuron,,,,hele lokaliteten,1141,FINNØY,11,Rogaland,59.29677,5.9888,2,Ryfylke,
8,2019,10292,Lyklingholmen N,ikke-medikamentell,,,,,,deler av lokaliteten,1219,BØMLO,12,Hordaland,59.714535,5.15405,3,Karmøy til Sotra,
8,2019,14495,Nordeimsøyna,medikamentell,badebehandling,Hydrogenperoksid,,,,deler av lokaliteten,1141,FINNØY,11,Rogaland,59.28695,5.812483,2,Ryfylke,
8,2019,14495,Nordeimsøyna,ikke-medikamentell,,,,,,deler av lokaliteten,1141,FINNØY,11,Rogaland,59.28695,5.812483,2,Ryfylke,
8,2019,12298,Røysa,ikke-medikamentell,,,,,,deler av lokaliteten,1532,GISKE,15,Møre og Romsdal,62.54865,6.1417,5,Stadt til Hustadvika,
8,2019,11856,Salvågvika,ikke-medikamentell,,,,,,deler av lokaliteten,1004,FLEKKEFJORD,10,Vest-Agder,58.227165,6.632767,1,Svenskegrensen til Jæren,
8,2019,19855,Segelråa,ikke-medikamentell,,,,,,deler av lokaliteten,1576,AURE,15,Møre og Romsdal,63.149746,8.12855,6,Nordmøre og Sør-Trøndelag,
8,2019,18898,Skaftå,ikke-medikamentell,,,,,,deler av lokaliteten,1253,OSTERØY,12,Hordaland,60.455517,5.627417,4,Nordhordaland til Stadt,
8,2019,12108,Skorpo Nv,medikamentell,badebehandling,Hydrogenperoksid,,,,deler av lokaliteten,1224,KVINNHERAD,12,Hordaland,59.95323,5.827133,3,Karmøy til Sotra,
8,2019,23055,Storvika V,medikamentell,badebehandling,Deltamethrin,,,,deler av lokaliteten,1926,DYRØY,19,Troms,69.043915,17.357317,10,Andøya til Senja,
8,2019,30177,Torgerhaugen,ikke-medikamentell,,,,,,deler av lokaliteten,5051,NÆRØY,50,Trøndelag,64.89295,11.763017,7,Nord-Trøndelag med Bindal,
8,2019,12839,Vindsnes,ikke-medikamentell,,,,,,deler av lokaliteten,1524,NORDDAL,15,Møre og Romsdal,62.28505,7.279633,5,Stadt til Hustadvika,
8,2019,11925,Vintraviki,ikke-medikamentell,,,,,,hele lokaliteten,1134,SULDAL,11,Rogaland,59.399384,6.020533,2,Ryfylke,
7,2019,10331,Åkre,ikke-medikamentell,,,,,,hele lokaliteten,1224,KVINNHERAD,12,Hordaland,60.112434,6.042483,3,Karmøy til Sotra,
7,2019,11749,Bårøy,ikke-medikamentell,,,,,,deler av lokaliteten,1411,GULEN,14,Sogn og Fjordane,60.945866,4.845383,4,Nordhordaland til Stadt,
7,2019,12156,Blom,ikke-medikamentell,,,,,,deler av lokaliteten,1253,OSTERØY,12,Hordaland,60.436584,5.564833,4,Nordhordaland til Stadt,
7,2019,15796,Borgarliflot,medikamentell,fôrbehandling,Emamectin benzoat,,,,hele lokaliteten,1134,SULDAL,11,Rogaland,59.3892,5.924733,2,Ryfylke,
7,2019,11488,Brattavika,ikke-medikamentell,,,,,,deler av lokaliteten,1244,AUSTEVOLL,12,Hordaland,60.044117,5.303317,3,Karmøy til Sotra,
7,2019,31038,Buarøy,medikamentell,badebehandling,Hydrogenperoksid,,,,deler av lokaliteten,1245,SUND,12,Hordaland,60.220066,5.21455,3,Karmøy til Sotra,
7,2019,11893,Fosså,ikke-medikamentell,,,,,,hele lokaliteten,1133,HJELMELAND,11,Rogaland,59.2699,6.14295,2,Ryfylke,
7,2019,16755,Hageberg,ikke-medikamentell,,,,,,deler av lokaliteten,1222,FITJAR,12,Hordaland,59.944218,5.434733,3,Karmøy til Sotra,
7,2019,32737,Heldalen,medikamentell,fôrbehandling,Emamectin benzoat,,,,hele lokaliteten,1860,VESTVÅGØY,18,Nordland,68.10022,13.620333,9,Vestfjorden og Vesterålen,
7,2019,32737,Heldalen,medikamentell,fôrbehandling,Emamectin benzoat,,,,hele lokaliteten,1860,VESTVÅGØY,18,Nordland,68.10022,13.620333,9,Vestfjorden og Vesterålen,
7,2019,14679,Hellfjorden,medikamentell,badebehandling,Hydrogenperoksid,,,,deler av lokaliteten,1867,BØ I NORDLAND,18,Nordland,68.668365,14.8005,9,Vestfjorden og Vesterålen,
7,2019,10291,Hiskholmen,medikamentell,fôrbehandling,Emamectin benzoat,,,,deler av lokaliteten,1219,BØMLO,12,Hordaland,59.72663,5.145617,3,Karmøy til Sotra,
7,2019,10291,Hiskholmen,medikamentell,fôrbehandling,Emamectin benzoat,,,,deler av lokaliteten,1219,BØMLO,12,Hordaland,59.72663,5.145617,3,Karmøy til Sotra,
7,2019,10291,Hiskholmen,ikke-medikamentell,,,,,,deler av lokaliteten,1219,BØMLO,12,Hordaland,59.72663,5.145617,3,Karmøy til Sotra,
7,2019,30036,Jørstadskjera,medikamentell,fôrbehandling,Emamectin benzoat,,,,deler av lokaliteten,1141,FINNØY,11,Rogaland,59.296318,5.936933,2,Ryfylke,
7,2019,32577,Klammerholmen,ikke-medikamentell,,,,,,deler av lokaliteten,1244,AUSTEVOLL,12,Hordaland,60.08165,5.168567,3,Karmøy til Sotra,
7,2019,11201,Kolvikodden Ø,medikamentell,fôrbehandling,Emamectin benzoat,,,,deler av lokaliteten,1860,VESTVÅGØY,18,Nordland,68.088165,13.68965,9,Vestfjorden og Vesterålen,
7,2019,11719,Kråkenes,medikamentell,fôrbehandling,Emamectin benzoat,,,,deler av lokaliteten,1412,SOLUND,14,Sogn og Fjordane,61.05835,4.921317,4,Nordhordaland til Stadt,
7,2019,19355,Låva,medikamentell,fôrbehandling,Diflubenzuron,,,,hele lokaliteten,1141,FINNØY,11,Rogaland,59.29677,5.9888,2,Ryfylke,
7,2019,33337,Lyngnes,ikke-medikamentell,,,,,,hele lokaliteten,1241,FUSA,12,Hordaland,60.1197,5.720917,3,Karmøy til Sotra,
7,2019,27215,Myrane,ikke-medikamentell,,,,,,hele lokaliteten,1535,VESTNES,15,Møre og Romsdal,62.6505,6.726683,5,Stadt til Hustadvika,
7,2019,12071,Ommundsteigen,medikamentell,fôrbehandling,Emamectin benzoat,,,,hele lokaliteten,1134,SULDAL,11,Rogaland,59.55078,6.5131,2,Ryfylke,
7,2019,11205,Oterholmen I,medikamentell,fôrbehandling,Emamectin benzoat,,,,hele lokaliteten,1860,VESTVÅGØY,18,Nordland,68.092636,13.634483,9,Vestfjorden og Vesterålen,
7,2019,17357,Rennaren,medikamentell,badebehandling,Hydrogenperoksid,,,,deler av lokaliteten,1142,RENNESØY,11,Rogaland,59.131584,5.72165,2,Ryfylke,
7,2019,17357,Rennaren,medikamentell,badebehandling,Hydrogenperoksid,,,,deler av lokaliteten,1142,RENNESØY,11,Rogaland,59.131584,5.72165,2,Ryfylke,
7,2019,28416,Sandvik,ikke-medikamentell,,,,,,deler av lokaliteten,1251,VAKSDAL,12,Hordaland,60.456566,5.6922,4,Nordhordaland til Stadt,
7,2019,19635,Skatleia,medikamentell,badebehandling,Hydrogenperoksid,,,,hele lokaliteten,1867,BØ I NORDLAND,18,Nordland,68.8001,14.593767,9,Vestfjorden og Vesterålen,
7,2019,12108,Skorpo Nv,ikke-medikamentell,,,,,,deler av lokaliteten,1224,KVINNHERAD,12,Hordaland,59.95323,5.827133,3,Karmøy til Sotra,
7,2019,18657,Skredstivik,ikke-medikamentell,,,,,,deler av lokaliteten,1413,HYLLESTAD,14,Sogn og Fjordane,61.15495,5.133333,4,Nordhordaland til Stadt,
7,2019,30837,Torangskjeret,ikke-medikamentell,,,,,,deler av lokaliteten,1244,AUSTEVOLL,12,Hordaland,60.130184,5.176033,3,Karmøy til Sotra,
7,2019,10332,Trommo,ikke-medikamentell,,,,,,deler av lokaliteten,1224,KVINNHERAD,12,Hordaland,60.08243,6.080067,3,Karmøy til Sotra,
7,2019,14081,Tveit,ikke-medikamentell,,,,,,deler av lokaliteten,1413,HYLLESTAD,14,Sogn og Fjordane,61.110085,5.340483,4,Nordhordaland til Stadt,
7,2019,32437,Urda,ikke-medikamentell,,,,,,hele lokaliteten,1566,SURNADAL,15,Møre og Romsdal,63.000534,8.325633,6,Nordmøre og Sør-Trøndelag,
7,2019,35517,Vadholmen,ikke-medikamentell,,,,,,deler av lokaliteten,1259,ØYGARDEN,12,Hordaland,60.695,4.761117,4,Nordhordaland til Stadt,
7,2019,13704,Vikane,ikke-medikamentell,,,,,,deler av lokaliteten,1266,MASFJORDEN,12,Hordaland,60.7125,5.403633,4,Nordhordaland til Stadt,
7,2019,12839,Vindsnes,ikke-medikamentell,,,,,,deler av lokaliteten,1524,NORDDAL,15,Møre og Romsdal,62.28505,7.279633,5,Stadt til Hustadvika,
7,2019,13306,Ystevika,medikamentell,fôrbehandling,Emamectin benzoat,,,,hele lokaliteten,1913,SKÅNLAND,19,Troms,68.69432,17.05325,10,Andøya til Senja,
6,2019,10331,Åkre,ikke-medikamentell,,,,,,deler av lokaliteten,1224,KVINNHERAD,12,Hordaland,60.112434,6.042483,3,Karmøy til Sotra,
6,2019,13254,Aukan,ikke-medikamentell,,,,,,deler av lokaliteten,1554,AVERØY,15,Møre og Romsdal,63.0603,7.594283,6,Nordmøre og Sør-Trøndelag,
6,2019,25055,Bekksneset,ikke-medikamentell,,,,,,hele lokaliteten,1413,HYLLESTAD,14,Sogn og Fjordane,61.07662,5.38595,4,Nordhordaland til Stadt,
6,2019,15796,Borgarliflot,medikamentell,fôrbehandling,Emamectin benzoat,,,,hele lokaliteten,1134,SULDAL,11,Rogaland,59.3892,5.924733,2,Ryfylke,
6,2019,31038,Buarøy,ikke-medikamentell,,,,,,deler av lokaliteten,1245,SUND,12,Hordaland,60.220066,5.21455,3,Karmøy til Sotra,
6,2019,12361,Bukkholmen S,ikke-medikamentell,,,,,,deler av lokaliteten,5014,FRØYA,50,Trøndelag,63.72378,8.8621,6,Nordmøre og Sør-Trøndelag,
6,2019,20455,Djupevika,ikke-medikamentell,,,,,,deler av lokaliteten,1224,KVINNHERAD,12,Hordaland,60.04095,6.009367,3,Karmøy til Sotra,
6,2019,13870,Eikebærånæ,ikke-medikamentell,,,,,,hele lokaliteten,1263,LINDÅS,12,Hordaland,60.563435,5.353017,4,Nordhordaland til Stadt,
6,2019,31157,Fiksneset,ikke-medikamentell,,,,,,deler av lokaliteten,1245,SUND,12,Hordaland,60.176884,5.124833,3,Karmøy til Sotra,
6,2019,11833,Flåtegrunnen,ikke-medikamentell,,,,,,deler av lokaliteten,1401,FLORA,14,Sogn og Fjordane,61.57615,4.807333,4,Nordhordaland til Stadt,
6,2019,10318,Gulestø,ikke-medikamentell,,,,,,hele lokaliteten,1438,BREMANGER,14,Sogn og Fjordane,61.75802,5.069883,4,Nordhordaland til Stadt,
6,2019,18639,Halsavika,medikamentell,fôrbehandling,Diflubenzuron,,,,hele lokaliteten,1146,TYSVÆR,11,Rogaland,59.39232,5.883333,2,Ryfylke,
6,2019,13592,Hammer,ikke-medikamentell,,,,,,deler av lokaliteten,1848,STEIGEN,18,Nordland,67.95877,15.171667,9,Vestfjorden og Vesterålen,
6,2019,24035,Håvikvågen S,ikke-medikamentell,,,,,,deler av lokaliteten,1241,FUSA,12,Hordaland,60.169834,5.69645,3,Karmøy til Sotra,
6,2019,32737,Heldalen,medikamentell,fôrbehandling,Emamectin benzoat,,,,hele lokaliteten,1860,VESTVÅGØY,18,Nordland,68.10022,13.620333,9,Vestfjorden og Vesterålen,
6,2019,32737,Heldalen,medikamentell,fôrbehandling,Emamectin benzoat,,,,hele lokaliteten,1860,VESTVÅGØY,18,Nordland,68.10022,13.620333,9,Vestfjorden og Vesterålen,
6,2019,22596,Hesbygrunnen,ikke-medikamentell,,,,,,deler av lokaliteten,1141,FINNØY,11,Rogaland,59.1941,5.799133,2,Ryfylke,
6,2019,10291,Hiskholmen,medikamentell,fôrbehandling,Emamectin benzoat,,,,deler av lokaliteten,1219,BØMLO,12,Hordaland,59.72663,5.145617,3,Karmøy til Sotra,
6,2019,10291,Hiskholmen,medikamentell,fôrbehandling,Emamectin benzoat,,,,deler av lokaliteten,1219,BØMLO,12,Hordaland,59.72663,5.145617,3,Karmøy til Sotra,
6,2019,13236,Indre Oppedal,ikke-medikamentell,,,,,,deler av lokaliteten,1411,GULEN,14,Sogn og Fjordane,61.067883,5.563833,4,Nordhordaland til Stadt,
6,2019,30036,Jørstadskjera,medikamentell,fôrbehandling,Emamectin benzoat,,,,hele lokaliteten,1141,FINNØY,11,Rogaland,59.296318,5.936933,2,Ryfylke,
6,2019,30036,Jørstadskjera,medikamentell,fôrbehandling,Emamectin benzoat,,,,hele lokaliteten,1141,FINNØY,11,Rogaland,59.296318,5.936933,2,Ryfylke,
6,2019,11689,Kjerringneset,ikke-medikamentell,,,,,,hele lokaliteten,1411,GULEN,14,Sogn og Fjordane,60.960182,5.106783,4,Nordhordaland til Stadt,
6,2019,10113,Kobbavika,ikke-medikamentell,,,,,,deler av lokaliteten,1141,FINNØY,11,Rogaland,59.12232,5.934433,2,Ryfylke,
6,2019,11201,Kolvikodden Ø,medikamentell,fôrbehandling,Emamectin benzoat,,,,deler av lokaliteten,1860,VESTVÅGØY,18,Nordland,68.088165,13.68965,9,Vestfjorden og Vesterålen,
6,2019,24975,Kvernavika,ikke-medikamentell,,,,,,deler av lokaliteten,1223,TYSNES,12,Hordaland,60.069283,5.351183,3,Karmøy til Sotra,
6,2019,12993,Lamøya,ikke-medikamentell,,,,,,deler av lokaliteten,5014,FRØYA,50,Trøndelag,63.733032,8.85505,6,Nordmøre og Sør-Trøndelag,
6,2019,13055,Langøyna Ø,medikamentell,badebehandling,Hydrogenperoksid,,,,deler av lokaliteten,1146,TYSVÆR,11,Rogaland,59.2983,5.713333,2,Ryfylke,
6,2019,19355,Låva,medikamentell,fôrbehandling,Diflubenzuron,,,,hele lokaliteten,1141,FINNØY,11,Rogaland,59.29677,5.9888,2,Ryfylke,
6,2019,13340,Leiholmane,ikke-medikamentell,,,,,,deler av lokaliteten,1411,GULEN,14,Sogn og Fjordane,60.982216,4.875017,4,Nordhordaland til Stadt,
6,2019,14086,Lelandsholmen,medikamentell,fôrbehandling,Emamectin benzoat,,,,hele lokaliteten,1219,BØMLO,12,Hordaland,59.728535,5.153067,3,Karmøy til Sotra,
6,2019,14086,Lelandsholmen,medikamentell,fôrbehandling,Emamectin benzoat,,,,hele lokaliteten,1219,BØMLO,12,Hordaland,59.728535,5.153067,3,Karmøy til Sotra,
6,2019,10292,Lyklingholmen N,ikke-medikamentell,,,,,,deler av lokaliteten,1219,BØMLO,12,Hordaland,59.714535,5.15405,3,Karmøy til Sotra,
6,2019,13550,Marøy Nø,ikke-medikamentell,,,,,,deler av lokaliteten,1438,BREMANGER,14,Sogn og Fjordane,61.847935,5.295383,4,Nordhordaland til Stadt,
6,2019,13541,Midtflua,ikke-medikamentell,,,,,,deler av lokaliteten,1223,TYSNES,12,Hordaland,60.076267,5.466533,3,Karmøy til Sotra,
6,2019,13629,Munkholmen,ikke-medikamentell,,,,,,deler av lokaliteten,1146,TYSVÆR,11,Rogaland,59.285484,5.631317,2,Ryfylke,
6,2019,12071,Ommundsteigen,medikamentell,fôrbehandling,Emamectin benzoat,,,,hele lokaliteten,1134,SULDAL,11,Rogaland,59.55078,6.5131,2,Ryfylke,
6,2019,11205,Oterholmen I,medikamentell,fôrbehandling,Emamectin benzoat,,,,hele lokaliteten,1860,VESTVÅGØY,18,Nordland,68.092636,13.634483,9,Vestfjorden og Vesterålen,
6,2019,11972,Prestholmane,ikke-medikamentell,,,,,,deler av lokaliteten,1141,FINNØY,11,Rogaland,59.116768,5.8545,2,Ryfylke,
6,2019,17357,Rennaren,medikamentell,badebehandling,Hydrogenperoksid,,,,deler av lokaliteten,1142,RENNESØY,11,Rogaland,59.131584,5.72165,2,Ryfylke,
6,2019,11856,Salvågvika,medikamentell,fôrbehandling,Emamectin benzoat,,,,deler av lokaliteten,1004,FLEKKEFJORD,10,Vest-Agder,58.227165,6.632767,1,Svenskegrensen til Jæren,
6,2019,12884,Sandnesbukta,ikke-medikamentell,,,,,,deler av lokaliteten,1543,NESSET,15,Møre og Romsdal,62.737617,7.879083,5,Stadt til Hustadvika,
6,2019,18898,Skaftå,ikke-medikamentell,,,,,,deler av lokaliteten,1253,OSTERØY,12,Hordaland,60.455517,5.627417,4,Nordhordaland til Stadt,
6,2019,12048,Skiftesneset N,ikke-medikamentell,,,,,,hele lokaliteten,1241,FUSA,12,Hordaland,60.0711,5.736867,3,Karmøy til Sotra,
6,2019,30837,Torangskjeret,ikke-medikamentell,,,,,,deler av lokaliteten,1244,AUSTEVOLL,12,Hordaland,60.130184,5.176033,3,Karmøy til Sotra,
6,2019,31497,Toska N,ikke-medikamentell,,,,,,deler av lokaliteten,1260,RADØY,12,Hordaland,60.66987,4.9172,4,Nordhordaland til Stadt,
6,2019,11351,Trollvika,medikamentell,fôrbehandling,Emamectin benzoat,,,,deler av lokaliteten,1913,SKÅNLAND,19,Troms,68.71678,17.022867,10,Andøya til Senja,
6,2019,14081,Tveit,ikke-medikamentell,,,,,,deler av lokaliteten,1413,HYLLESTAD,14,Sogn og Fjordane,61.110085,5.340483,4,Nordhordaland til Stadt,
6,2019,30717,Tveitnes,ikke-medikamentell,,,,,,deler av lokaliteten,1238,KVAM,12,Hordaland,60.414185,6.402,3,Karmøy til Sotra,
6,2019,13704,Vikane,ikke-medikamentell,,,,,,deler av lokaliteten,1266,MASFJORDEN,12,Hordaland,60.7125,5.403633,4,Nordhordaland til Stadt,
6,2019,12839,Vindsnes,ikke-medikamentell,,,,,,deler av lokaliteten,1524,NORDDAL,15,Møre og Romsdal,62.28505,7.279633,5,Stadt til Hustadvika,
6,2019,13306,Ystevika,medikamentell,fôrbehandling,Emamectin benzoat,,,,hele lokaliteten,1913,SKÅNLAND,19,Troms,68.69432,17.05325,10,Andøya til Senja,
5,2019,11800,Austneståa,ikke-medikamentell,,,,,,deler av lokaliteten,1401,FLORA,14,Sogn og Fjordane,61.490818,5.171167,4,Nordhordaland til Stadt,
5,2019,13305,Barbogen,medikamentell,badebehandling,Deltamethrin,,,,deler av lokaliteten,1928,TORSKEN,19,Troms,69.36843,17.0281,10,Andøya til Senja,
5,2019,12156,Blom,ikke-medikamentell,,,,,,deler av lokaliteten,1253,OSTERØY,12,Hordaland,60.436584,5.564833,4,Nordhordaland til Stadt,
5,2019,12361,Bukkholmen S,ikke-medikamentell,,,,,,deler av lokaliteten,5014,FRØYA,50,Trøndelag,63.72378,8.8621,6,Nordmøre og Sør-Trøndelag,
5,2019,14799,Djupestallen,ikke-medikamentell,,,,,,deler av lokaliteten,1223,TYSNES,12,Hordaland,60.058735,5.453,3,Karmøy til Sotra,
5,2019,26595,Djupevika,ikke-medikamentell,,,,,,deler av lokaliteten,1223,TYSNES,12,Hordaland,60.035816,5.342217,3,Karmøy til Sotra,
5,2019,15456,Eidesberget,ikke-medikamentell,,,,,,deler av lokaliteten,1416,HØYANGER,14,Sogn og Fjordane,61.105118,5.853883,4,Nordhordaland til Stadt,
5,2019,29537,Eldviktaren,ikke-medikamentell,,,,,,deler av lokaliteten,5049,FLATANGER,50,Trøndelag,64.454636,10.630717,7,Nord-Trøndelag med Bindal,
5,2019,30917,Elgen,medikamentell,fôrbehandling,Emamectin benzoat,,,,hele lokaliteten,1903,HARSTAD,19,Troms,68.87695,16.287382,10,Andøya til Senja,
5,2019,32597,Fjordprakken,ikke-medikamentell,,,,,,deler av lokaliteten,1573,SMØLA,15,Møre og Romsdal,63.256516,7.928067,6,Nordmøre og Sør-Trøndelag,
5,2019,11833,Flåtegrunnen,ikke-medikamentell,,,,,,deler av lokaliteten,1401,FLORA,14,Sogn og Fjordane,61.57615,4.807333,4,Nordhordaland til Stadt,
5,2019,25835,Flatøyflu,ikke-medikamentell,,,,,,deler av lokaliteten,1244,AUSTEVOLL,12,Hordaland,60.156033,5.2315,3,Karmøy til Sotra,
5,2019,25895,Flornes,ikke-medikamentell,,,,,,deler av lokaliteten,1223,TYSNES,12,Hordaland,59.890984,5.665983,3,Karmøy til Sotra,
5,2019,13669,Furneset,ikke-medikamentell,,,,,,deler av lokaliteten,1535,VESTNES,15,Møre og Romsdal,62.6461,7.101183,5,Stadt til Hustadvika,
5,2019,12078,Gangdal,ikke-medikamentell,,,,,,hele lokaliteten,1227,JONDAL,12,Hordaland,60.215935,6.156667,3,Karmøy til Sotra,
5,2019,11690,Grasholmen,ikke-medikamentell,,,,,,deler av lokaliteten,1260,RADØY,12,Hordaland,60.595768,5.159717,4,Nordhordaland til Stadt,
5,2019,18639,Halsavika,medikamentell,fôrbehandling,Diflubenzuron,,,,hele lokaliteten,1146,TYSVÆR,11,Rogaland,59.39232,5.883333,2,Ryfylke,
5,2019,13592,Hammer,ikke-medikamentell,,,,,,deler av lokaliteten,1848,STEIGEN,18,Nordland,67.95877,15.171667,9,Vestfjorden og Vesterålen,
5,2019,10291,Hiskholmen,medikamentell,fôrbehandling,Emamectin benzoat,,,,deler av lokaliteten,1219,BØMLO,12,Hordaland,59.72663,5.145617,3,Karmøy til Sotra,
5,2019,10291,Hiskholmen,medikamentell,fôrbehandling,Emamectin benzoat,,,,deler av lokaliteten,1219,BØMLO,12,Hordaland,59.72663,5.145617,3,Karmøy til Sotra,
5,2019,30036,Jørstadskjera,medikamentell,fôrbehandling,Emamectin benzoat,,,,deler av lokaliteten,1141,FINNØY,11,Rogaland,59.296318,5.936933,2,Ryfylke,
5,2019,32577,Klammerholmen,ikke-medikamentell,,,,,,deler av lokaliteten,1244,AUSTEVOLL,12,Hordaland,60.08165,5.168567,3,Karmøy til Sotra,
5,2019,10614,Kråkevik,medikamentell,badebehandling,Hydrogenperoksid,,,,deler av lokaliteten,2012,ALTA,20,Finnmark,70.262634,23.30475,12,Vest-Finnmark,
5,2019,12239,Kråknes,ikke-medikamentell,,,,,,hele lokaliteten,1547,AUKRA,15,Møre og Romsdal,62.83145,6.962733,5,Stadt til Hustadvika,
5,2019,32518,Kuøyna,ikke-medikamentell,,,,,,hele lokaliteten,1411,GULEN,14,Sogn og Fjordane,60.996983,4.897467,4,Nordhordaland til Stadt,
5,2019,24975,Kvernavika,ikke-medikamentell,,,,,,deler av lokaliteten,1223,TYSNES,12,Hordaland,60.069283,5.351183,3,Karmøy til Sotra,
5,2019,10080,Laksevika,ikke-medikamentell,,,,,,deler av lokaliteten,1256,MELAND,12,Hordaland,60.53015,5.11575,4,Nordhordaland til Stadt,
5,2019,12993,Lamøya,ikke-medikamentell,,,,,,deler av lokaliteten,5014,FRØYA,50,Trøndelag,63.733032,8.85505,6,Nordmøre og Sør-Trøndelag,
5,2019,30857,Leirvik,ikke-medikamentell,,,,,,deler av lokaliteten,1838,GILDESKÅL,18,Nordland,67.0267,14.126283,8,Helgeland til Bodø,
5,2019,14086,Lelandsholmen,medikamentell,fôrbehandling,Emamectin benzoat,,,,hele lokaliteten,1219,BØMLO,12,Hordaland,59.728535,5.153067,3,Karmøy til Sotra,
5,2019,14086,Lelandsholmen,medikamentell,fôrbehandling,Emamectin benzoat,,,,hele lokaliteten,1219,BØMLO,12,Hordaland,59.728535,5.153067,3,Karmøy til Sotra,
5,2019,10990,Lille Åsvær,ikke-medikamentell,,,,,,deler av lokaliteten,1827,DØNNA,18,Nordland,66.22988,12.317533,8,Helgeland til Bodø,
5,2019,13541,Midtflua,ikke-medikamentell,,,,,,deler av lokaliteten,1223,TYSNES,12,Hordaland,60.076267,5.466533,3,Karmøy til Sotra,
5,2019,12071,Ommundsteigen,medikamentell,badebehandling,Hydrogenperoksid,,,,hele lokaliteten,1134,SULDAL,11,Rogaland,59.55078,6.5131,2,Ryfylke,
5,2019,12383,Omsøyholman,ikke-medikamentell,,,,,,deler av lokaliteten,5013,HITRA,50,Trøndelag,63.631966,8.575567,6,Nordmøre og Sør-Trøndelag,
5,2019,10996,Ramnøya S,ikke-medikamentell,,,,,,hele lokaliteten,1827,DØNNA,18,Nordland,66.23212,12.280317,8,Helgeland til Bodø,
5,2019,11687,Ramsvik,medikamentell,badebehandling,Deltamethrin,,,,deler av lokaliteten,1263,LINDÅS,12,Hordaland,60.578167,5.1907,4,Nordhordaland til Stadt,
5,2019,11856,Salvågvika,medikamentell,fôrbehandling,Emamectin benzoat,,,,deler av lokaliteten,1004,FLEKKEFJORD,10,Vest-Agder,58.227165,6.632767,1,Svenskegrensen til Jæren,
5,2019,28416,Sandvik,ikke-medikamentell,,,,,,deler av lokaliteten,1251,VAKSDAL,12,Hordaland,60.456566,5.6922,4,Nordhordaland til Stadt,
5,2019,18898,Skaftå,ikke-medikamentell,,,,,,deler av lokaliteten,1253,OSTERØY,12,Hordaland,60.455517,5.627417,4,Nordhordaland til Stadt,
5,2019,20115,Skjerholmen N,ikke-medikamentell,,,,,,deler av lokaliteten,1245,SUND,12,Hordaland,60.249966,5.174483,3,Karmøy til Sotra,
5,2019,13291,Soløya,medikamentell,fôrbehandling,Emamectin benzoat,,,,deler av lokaliteten,1859,FLAKSTAD,18,Nordland,68.00442,13.181417,9,Vestfjorden og Vesterålen,
5,2019,11649,Stolane,ikke-medikamentell,,,,,,deler av lokaliteten,1260,RADØY,12,Hordaland,60.605118,5.1257,4,Nordhordaland til Stadt,
5,2019,22335,Storvika,ikke-medikamentell,,,,,,hele lokaliteten,1548,FRÆNA,15,Møre og Romsdal,62.8021,6.977733,5,Stadt til Hustadvika,
5,2019,12081,Straumneset,ikke-medikamentell,,,,,,deler av lokaliteten,1227,JONDAL,12,Hordaland,60.220966,6.139567,3,Karmøy til Sotra,
5,2019,26575,Teigane,medikamentell,badebehandling,Hydrogenperoksid,,,,hele lokaliteten,1134,SULDAL,11,Rogaland,59.520332,6.337233,2,Ryfylke,
5,2019,11351,Trollvika,medikamentell,fôrbehandling,Emamectin benzoat,,,,deler av lokaliteten,1913,SKÅNLAND,19,Troms,68.71678,17.022867,10,Andøya til Senja,
5,2019,11351,Trollvika,medikamentell,fôrbehandling,Emamectin benzoat,,,,deler av lokaliteten,1913,SKÅNLAND,19,Troms,68.71678,17.022867,10,Andøya til Senja,
5,2019,32337,Veiesund,ikke-medikamentell,,,,,,deler av lokaliteten,1401,FLORA,14,Sogn og Fjordane,61.57187,5.047283,4,Nordhordaland til Stadt,
5,2019,13306,Ystevika,medikamentell,fôrbehandling,Emamectin benzoat,,,,hele lokaliteten,1913,SKÅNLAND,19,Troms,68.69432,17.05325,10,Andøya til Senja,
5,2019,13306,Ystevika,medikamentell,fôrbehandling,Emamectin benzoat,,,,hele lokaliteten,1913,SKÅNLAND,19,Troms,68.69432,17.05325,10,Andøya til Senja,
4,2019,13845,Beitveit,ikke-medikamentell,,,,,,deler av lokaliteten,1441,SELJE,14,Sogn og Fjordane,62.141335,5.3397,5,Stadt til Hustadvika,
4,2019,12156,Blom,ikke-medikamentell,,,,,,deler av lokaliteten,1253,OSTERØY,12,Hordaland,60.436584,5.564833,4,Nordhordaland til Stadt,
4,2019,15796,Borgarliflot,medikamentell,badebehandling,Hydrogenperoksid,,,,hele lokaliteten,1134,SULDAL,11,Rogaland,59.3892,5.924733,2,Ryfylke,
4,2019,12361,Bukkholmen S,ikke-medikamentell,,,,,,deler av lokaliteten,5014,FRØYA,50,Trøndelag,63.72378,8.8621,6,Nordmøre og Sør-Trøndelag,
4,2019,14799,Djupestallen,ikke-medikamentell,,,,,,deler av lokaliteten,1223,TYSNES,12,Hordaland,60.058735,5.453,3,Karmøy til Sotra,
4,2019,10110,Djupevik,ikke-medikamentell,,,,,,deler av lokaliteten,1141,FINNØY,11,Rogaland,59.1474,5.863783,2,Ryfylke,
4,2019,20455,Djupevika,ikke-medikamentell,,,,,,deler av lokaliteten,1224,KVINNHERAD,12,Hordaland,60.04095,6.009367,3,Karmøy til Sotra,
4,2019,32157,Dyrholmen V,ikke-medikamentell,,,,,,hele lokaliteten,1222,FITJAR,12,Hordaland,59.928234,5.230717,3,Karmøy til Sotra,
4,2019,29537,Eldviktaren,ikke-medikamentell,,,,,,deler av lokaliteten,5049,FLATANGER,50,Trøndelag,64.454636,10.630717,7,Nord-Trøndelag med Bindal,
4,2019,30917,Elgen,medikamentell,fôrbehandling,Emamectin benzoat,,,,hele lokaliteten,1903,HARSTAD,19,Troms,68.87695,16.287382,10,Andøya til Senja,
4,2019,10803,Fjellbukt,ikke-medikamentell,,,,,,deler av lokaliteten,1943,KVÆNANGEN,19,Troms,69.90455,21.876833,11,Kvaløya til Loppa,
4,2019,32597,Fjordprakken,ikke-medikamentell,,,,,,deler av lokaliteten,1573,SMØLA,15,Møre og Romsdal,63.256516,7.928067,6,Nordmøre og Sør-Trøndelag,
4,2019,25835,Flatøyflu,ikke-medikamentell,,,,,,deler av lokaliteten,1244,AUSTEVOLL,12,Hordaland,60.156033,5.2315,3,Karmøy til Sotra,
4,2019,25895,Flornes,ikke-medikamentell,,,,,,deler av lokaliteten,1223,TYSNES,12,Hordaland,59.890984,5.665983,3,Karmøy til Sotra,
4,2019,21335,Floteneset,medikamentell,fôrbehandling,Emamectin benzoat,,,,deler av lokaliteten,1416,HØYANGER,14,Sogn og Fjordane,61.1936,5.801617,4,Nordhordaland til Stadt,
4,2019,11814,Furevika,ikke-medikamentell,,,,,,hele lokaliteten,1429,FJALER,14,Sogn og Fjordane,61.305668,5.071783,4,Nordhordaland til Stadt,
4,2019,13036,Gjengane,ikke-medikamentell,,,,,,deler av lokaliteten,1244,AUSTEVOLL,12,Hordaland,60.071518,5.306383,3,Karmøy til Sotra,
4,2019,12265,Gudmundset,ikke-medikamentell,,,,,,deler av lokaliteten,1529,SKODJE,15,Møre og Romsdal,62.45375,6.601283,5,Stadt til Hustadvika,
4,2019,32317,Guriøyna,medikamentell,badebehandling,Azamethiphos,,,,deler av lokaliteten,1428,ASKVOLL,14,Sogn og Fjordane,61.297916,4.66045,4,Nordhordaland til Stadt,
4,2019,18639,Halsavika,medikamentell,fôrbehandling,Diflubenzuron,,,,hele lokaliteten,1146,TYSVÆR,11,Rogaland,59.39232,5.883333,2,Ryfylke,
4,2019,18015,Hestabyneset,ikke-medikamentell,,,,,,deler av lokaliteten,1223,TYSNES,12,Hordaland,59.953632,5.4514,3,Karmøy til Sotra,
4,2019,19939,Høysteinen,ikke-medikamentell,,,,,,deler av lokaliteten,1224,KVINNHERAD,12,Hordaland,60.157417,6.050117,3,Karmøy til Sotra,
4,2019,13236,Indre Oppedal,ikke-medikamentell,,,,,,deler av lokaliteten,1411,GULEN,14,Sogn og Fjordane,61.067883,5.563833,4,Nordhordaland til Stadt,
4,2019,10113,Kobbavika,ikke-medikamentell,,,,,,deler av lokaliteten,1141,FINNØY,11,Rogaland,59.12232,5.934433,2,Ryfylke,
4,2019,12993,Lamøya,ikke-medikamentell,,,,,,deler av lokaliteten,5014,FRØYA,50,Trøndelag,63.733032,8.85505,6,Nordmøre og Sør-Trøndelag,
4,2019,12978,Lyngholmen,ikke-medikamentell,,,,,,deler av lokaliteten,1411,GULEN,14,Sogn og Fjordane,61.016933,5.007033,4,Nordhordaland til Stadt,
4,2019,33337,Lyngnes,ikke-medikamentell,,,,,,deler av lokaliteten,1241,FUSA,12,Hordaland,60.1197,5.720917,3,Karmøy til Sotra,
4,2019,13629,Munkholmen,ikke-medikamentell,,,,,,deler av lokaliteten,1146,TYSVÆR,11,Rogaland,59.285484,5.631317,2,Ryfylke,
4,2019,11611,Naveide,ikke-medikamentell,,,,,,deler av lokaliteten,1244,AUSTEVOLL,12,Hordaland,60.13907,5.112783,3,Karmøy til Sotra,
4,2019,24937,Nebbo,ikke-medikamentell,,,,,,deler av lokaliteten,1224,KVINNHERAD,12,Hordaland,59.87075,5.725017,3,Karmøy til Sotra,
4,2019,15659,Nøklan,ikke-medikamentell,,,,,,deler av lokaliteten,1943,KVÆNANGEN,19,Troms,69.907684,21.8331,11,Kvaløya til Loppa,
4,2019,27055,Oddane,medikamentell,fôrbehandling,Emamectin benzoat,,,,hele lokaliteten,1401,FLORA,14,Sogn og Fjordane,61.5417,4.968867,4,Nordhordaland til Stadt,
4,2019,10181,Oksebåsen V,ikke-medikamentell,,,,,,deler av lokaliteten,1532,GISKE,15,Møre og Romsdal,62.517033,6.157833,5,Stadt til Hustadvika,
4,2019,19655,Ospeneset,ikke-medikamentell,,,,,,hele lokaliteten,1263,LINDÅS,12,Hordaland,60.74687,5.268483,4,Nordhordaland til Stadt,
4,2019,13554,Overåneset,ikke-medikamentell,,,,,,hele lokaliteten,1525,STRANDA,15,Møre og Romsdal,62.296516,7.123917,5,Stadt til Hustadvika,
4,2019,20315,Overåneset V,ikke-medikamentell,,,,,,hele lokaliteten,1525,STRANDA,15,Møre og Romsdal,62.30065,7.085433,5,Stadt til Hustadvika,
4,2019,11972,Prestholmane,ikke-medikamentell,,,,,,deler av lokaliteten,1141,FINNØY,11,Rogaland,59.116768,5.8545,2,Ryfylke,
4,2019,13035,Sauaneset I,ikke-medikamentell,,,,,,deler av lokaliteten,1244,AUSTEVOLL,12,Hordaland,60.089085,5.267967,3,Karmøy til Sotra,
4,2019,20115,Skjerholmen N,ikke-medikamentell,,,,,,deler av lokaliteten,1245,SUND,12,Hordaland,60.249966,5.174483,3,Karmøy til Sotra,
4,2019,15236,Skulgambukt,medikamentell,fôrbehandling,Emamectin benzoat,,,,hele lokaliteten,1902,TROMSØ,19,Troms,69.78865,19.161016,11,Kvaløya til Loppa,
4,2019,35337,Småvær,medikamentell,badebehandling,Azamethiphos,,,,hele lokaliteten,1902,TROMSØ,19,Troms,69.896866,18.486267,11,Kvaløya til Loppa,
4,2019,13291,Soløya,medikamentell,fôrbehandling,Emamectin benzoat,,,,deler av lokaliteten,1859,FLAKSTAD,18,Nordland,68.00442,13.181417,9,Vestfjorden og Vesterålen,
4,2019,27436,Solværet,ikke-medikamentell,,,,,,deler av lokaliteten,1573,SMØLA,15,Møre og Romsdal,63.255,7.856933,6,Nordmøre og Sør-Trøndelag,
4,2019,11649,Stolane,ikke-medikamentell,,,,,,deler av lokaliteten,1260,RADØY,12,Hordaland,60.605118,5.1257,4,Nordhordaland til Stadt,
4,2019,11971,Store Teistholmen Ø,medikamentell,badebehandling,Hydrogenperoksid,,,,deler av lokaliteten,1102,SANDNES,11,Rogaland,58.97685,5.867383,2,Ryfylke,
4,2019,22335,Storvika,ikke-medikamentell,,,,,,deler av lokaliteten,1548,FRÆNA,15,Møre og Romsdal,62.8021,6.977733,5,Stadt til Hustadvika,
4,2019,29336,Trælsøyosen,ikke-medikamentell,,,,,,deler av lokaliteten,1244,AUSTEVOLL,12,Hordaland,60.1178,5.2702,3,Karmøy til Sotra,
4,2019,12678,Vedøya,ikke-medikamentell,,,,,,deler av lokaliteten,5048,FOSNES,50,Trøndelag,64.60743,11.354817,7,Nord-Trøndelag med Bindal,
4,2019,32337,Veiesund,ikke-medikamentell,,,,,,deler av lokaliteten,1401,FLORA,14,Sogn og Fjordane,61.57187,5.047283,4,Nordhordaland til Stadt,
3,2019,12086,Alsåkervik,medikamentell,badebehandling,Azamethiphos,,,,hele lokaliteten,1224,KVINNHERAD,12,Hordaland,59.7601,6.074183,3,Karmøy til Sotra,
3,2019,32017,Ånholmen,ikke-medikamentell,,,,,,deler av lokaliteten,5048,FOSNES,50,Trøndelag,64.7198,11.461683,7,Nord-Trøndelag med Bindal,
3,2019,24695,Årnes,ikke-medikamentell,,,,,,deler av lokaliteten,5005,NAMSOS,50,Trøndelag,64.5961,11.273417,7,Nord-Trøndelag med Bindal,
3,2019,26795,Austvika,ikke-medikamentell,,,,,,deler av lokaliteten,5049,FLATANGER,50,Trøndelag,64.41853,10.696033,7,Nord-Trøndelag med Bindal,
3,2019,11749,Bårøy,ikke-medikamentell,,,,,,deler av lokaliteten,1411,GULEN,14,Sogn og Fjordane,60.945866,4.845383,4,Nordhordaland til Stadt,
3,2019,13845,Beitveit,ikke-medikamentell,,,,,,deler av lokaliteten,1441,SELJE,14,Sogn og Fjordane,62.141335,5.3397,5,Stadt til Hustadvika,
3,2019,11488,Brattavika,ikke-medikamentell,,,,,,deler av lokaliteten,1244,AUSTEVOLL,12,Hordaland,60.044117,5.303317,3,Karmøy til Sotra,
3,2019,12237,Brudevika,ikke-medikamentell,,,,,,deler av lokaliteten,1511,VANYLVEN,15,Møre og Romsdal,62.116566,5.420717,5,Stadt til Hustadvika,
3,2019,32117,Dyrholmen Ø,ikke-medikamentell,,,,,,deler av lokaliteten,1222,FITJAR,12,Hordaland,59.9332,5.239467,3,Karmøy til Sotra,
3,2019,15456,Eidesberget,ikke-medikamentell,,,,,,hele lokaliteten,1416,HØYANGER,14,Sogn og Fjordane,61.105118,5.853883,4,Nordhordaland til Stadt,
3,2019,29537,Eldviktaren,ikke-medikamentell,,,,,,deler av lokaliteten,5049,FLATANGER,50,Trøndelag,64.454636,10.630717,7,Nord-Trøndelag med Bindal,
3,2019,21335,Floteneset,medikamentell,fôrbehandling,Emamectin benzoat,,,,deler av lokaliteten,1416,HØYANGER,14,Sogn og Fjordane,61.1936,5.801617,4,Nordhordaland til Stadt,
3,2019,32317,Guriøyna,medikamentell,badebehandling,Azamethiphos,,,,deler av lokaliteten,1428,ASKVOLL,14,Sogn og Fjordane,61.297916,4.66045,4,Nordhordaland til Stadt,
3,2019,16755,Hageberg,ikke-medikamentell,,,,,,deler av lokaliteten,1222,FITJAR,12,Hordaland,59.944218,5.434733,3,Karmøy til Sotra,
3,2019,13784,Høydalsvika,ikke-medikamentell,,,,,,deler av lokaliteten,1868,ØKSNES,18,Nordland,68.93615,15.022367,9,Vestfjorden og Vesterålen,
3,2019,11652,Kjeppevikholmen,ikke-medikamentell,,,,,,hele lokaliteten,1256,MELAND,12,Hordaland,60.54283,5.0378,4,Nordhordaland til Stadt,
3,2019,11775,Kviteskjeret,ikke-medikamentell,,,,,,deler av lokaliteten,1428,ASKVOLL,14,Sogn og Fjordane,61.467815,5.2203,4,Nordhordaland til Stadt,
3,2019,10080,Laksevika,ikke-medikamentell,,,,,,hele lokaliteten,1256,MELAND,12,Hordaland,60.53015,5.11575,4,Nordhordaland til Stadt,
3,2019,34257,Lekafjorden II,ikke-medikamentell,,,,,,deler av lokaliteten,5052,LEKA,50,Trøndelag,65.07878,11.724033,7,Nord-Trøndelag med Bindal,
3,2019,12022,Ljonesbjørgene,ikke-medikamentell,,,,,,deler av lokaliteten,1238,KVAM,12,Hordaland,60.2564,6.16585,3,Karmøy til Sotra,
3,2019,33337,Lyngnes,ikke-medikamentell,,,,,,deler av lokaliteten,1241,FUSA,12,Hordaland,60.1197,5.720917,3,Karmøy til Sotra,
3,2019,12047,Mjåneset,medikamentell,badebehandling,Hydrogenperoksid,,,,deler av lokaliteten,1241,FUSA,12,Hordaland,60.176,5.7244,3,Karmøy til Sotra,
3,2019,13221,Nautvik,medikamentell,badebehandling,Hydrogenperoksid,,,,hele lokaliteten,1141,FINNØY,11,Rogaland,59.183483,5.94915,2,Ryfylke,
3,2019,11611,Naveide,ikke-medikamentell,,,,,,deler av lokaliteten,1244,AUSTEVOLL,12,Hordaland,60.13907,5.112783,3,Karmøy til Sotra,
3,2019,15659,Nøklan,medikamentell,badebehandling,Deltamethrin,,,,hele lokaliteten,1943,KVÆNANGEN,19,Troms,69.907684,21.8331,11,Kvaløya til Loppa,
3,2019,27055,Oddane,medikamentell,fôrbehandling,Emamectin benzoat,,,,hele lokaliteten,1401,FLORA,14,Sogn og Fjordane,61.5417,4.968867,4,Nordhordaland til Stadt,
3,2019,10790,Olderfjord,medikamentell,badebehandling,Hydrogenperoksid,,,,deler av lokaliteten,2017,KVALSUND,20,Finnmark,70.38445,23.486717,12,Vest-Finnmark,
3,2019,10050,Ospøy Ø,ikke-medikamentell,,,,,,hele lokaliteten,1219,BØMLO,12,Hordaland,59.866566,5.228133,3,Karmøy til Sotra,
3,2019,20315,Overåneset V,ikke-medikamentell,,,,,,deler av lokaliteten,1525,STRANDA,15,Møre og Romsdal,62.30065,7.085433,5,Stadt til Hustadvika,
3,2019,11854,Pinnen,medikamentell,fôrbehandling,Emamectin benzoat,,,,hele lokaliteten,1004,FLEKKEFJORD,10,Vest-Agder,58.221966,6.68495,1,Svenskegrensen til Jæren,
3,2019,11972,Prestholmane,ikke-medikamentell,,,,,,deler av lokaliteten,1141,FINNØY,11,Rogaland,59.116768,5.8545,2,Ryfylke,
3,2019,21495,Risværgalten,ikke-medikamentell,,,,,,hele lokaliteten,5051,NÆRØY,50,Trøndelag,64.96537,11.532783,7,Nord-Trøndelag med Bindal,
3,2019,11413,Sandan Sø,ikke-medikamentell,,,,,,hele lokaliteten,1868,ØKSNES,18,Nordland,68.88583,15.314567,9,Vestfjorden og Vesterålen,
3,2019,32877,Skorpo,ikke-medikamentell,,,,,,deler av lokaliteten,1243,OS I HORDALAND,12,Hordaland,60.173317,5.293683,3,Karmøy til Sotra,
3,2019,18657,Skredstivik,ikke-medikamentell,,,,,,hele lokaliteten,1413,HYLLESTAD,14,Sogn og Fjordane,61.15495,5.133333,4,Nordhordaland til Stadt,
3,2019,15236,Skulgambukt,medikamentell,fôrbehandling,Emamectin benzoat,,,,hele lokaliteten,1902,TROMSØ,19,Troms,69.78865,19.161016,11,Kvaløya til Loppa,
3,2019,20815,Slettvika,ikke-medikamentell,,,,,,deler av lokaliteten,1520,ØRSTA,15,Møre og Romsdal,62.334,6.157667,5,Stadt til Hustadvika,
3,2019,13291,Soløya,medikamentell,fôrbehandling,Emamectin benzoat,,,,deler av lokaliteten,1859,FLAKSTAD,18,Nordland,68.00442,13.181417,9,Vestfjorden og Vesterålen,
3,2019,13291,Soløya,medikamentell,fôrbehandling,Emamectin benzoat,,,,deler av lokaliteten,1859,FLAKSTAD,18,Nordland,68.00442,13.181417,9,Vestfjorden og Vesterålen,
3,2019,27436,Solværet,ikke-medikamentell,,,,,,deler av lokaliteten,1573,SMØLA,15,Møre og Romsdal,63.255,7.856933,6,Nordmøre og Sør-Trøndelag,
3,2019,24535,Storholmen,medikamentell,badebehandling,Hydrogenperoksid,,,,deler av lokaliteten,2012,ALTA,20,Finnmark,70.34161,23.392467,12,Vest-Finnmark,
3,2019,33677,Torvund,ikke-medikamentell,,,,,,deler av lokaliteten,1416,HØYANGER,14,Sogn og Fjordane,61.14467,5.656367,4,Nordhordaland til Stadt,
3,2019,25855,Tussøya,ikke-medikamentell,,,,,,hele lokaliteten,1902,TROMSØ,19,Troms,69.662834,18.180067,11,Kvaløya til Loppa,
3,2019,30717,Tveitnes,ikke-medikamentell,,,,,,deler av lokaliteten,1238,KVAM,12,Hordaland,60.414185,6.402,3,Karmøy til Sotra,
2,2019,13518,Angstauren,ikke-medikamentell,,,,,,deler av lokaliteten,1902,TROMSØ,19,Troms,69.695335,18.170267,11,Kvaløya til Loppa,
2,2019,29816,Apalvikneset,ikke-medikamentell,,,,,,deler av lokaliteten,1227,JONDAL,12,Hordaland,60.146217,6.121133,3,Karmøy til Sotra,
2,2019,11749,Bårøy,ikke-medikamentell,,,,,,deler av lokaliteten,1411,GULEN,14,Sogn og Fjordane,60.945866,4.845383,4,Nordhordaland til Stadt,
2,2019,12040,Brandaskuta,ikke-medikamentell,,,,,,hele lokaliteten,1224,KVINNHERAD,12,Hordaland,59.975735,5.909183,3,Karmøy til Sotra,
2,2019,12237,Brudevika,ikke-medikamentell,,,,,,deler av lokaliteten,1511,VANYLVEN,15,Møre og Romsdal,62.116566,5.420717,5,Stadt til Hustadvika,
2,2019,11857,Buksevika,ikke-medikamentell,,,,,,hele lokaliteten,1004,FLEKKEFJORD,10,Vest-Agder,58.2074,6.63505,1,Svenskegrensen til Jæren,
2,2019,21335,Floteneset,medikamentell,badebehandling,Azamethiphos,,,,deler av lokaliteten,1416,HØYANGER,14,Sogn og Fjordane,61.1936,5.801617,4,Nordhordaland til Stadt,
2,2019,12265,Gudmundset,ikke-medikamentell,,,,,,deler av lokaliteten,1529,SKODJE,15,Møre og Romsdal,62.45375,6.601283,5,Stadt til Hustadvika,
2,2019,22095,Hågardsneset,ikke-medikamentell,,,,,,hele lokaliteten,1224,KVINNHERAD,12,Hordaland,59.9844,5.929967,3,Karmøy til Sotra,
2,2019,16755,Hageberg,ikke-medikamentell,,,,,,deler av lokaliteten,1222,FITJAR,12,Hordaland,59.944218,5.434733,3,Karmøy til Sotra,
2,2019,38217,Hardbakkeneset,ikke-medikamentell,,,,,,deler av lokaliteten,1411,GULEN,14,Sogn og Fjordane,61.01673,4.950517,4,Nordhordaland til Stadt,
2,2019,13643,Hjartholm,ikke-medikamentell,,,,,,hele lokaliteten,1411,GULEN,14,Sogn og Fjordane,61.03512,5.33105,4,Nordhordaland til Stadt,
2,2019,33197,Jernelva,medikamentell,badebehandling,Deltamethrin,,,,deler av lokaliteten,2017,KVALSUND,20,Finnmark,70.449585,23.63825,12,Vest-Finnmark,
2,2019,33197,Jernelva,medikamentell,badebehandling,Hydrogenperoksid,,,,deler av lokaliteten,2017,KVALSUND,20,Finnmark,70.449585,23.63825,12,Vest-Finnmark,
2,2019,13220,Kalhag,ikke-medikamentell,,,,,,deler av lokaliteten,1130,STRAND,11,Rogaland,58.974716,5.93595,2,Ryfylke,
2,2019,11534,Klungsholmen,medikamentell,badebehandling,Hydrogenperoksid,,,,deler av lokaliteten,1219,BØMLO,12,Hordaland,59.596783,5.161567,3,Karmøy til Sotra,
2,2019,10113,Kobbavika,ikke-medikamentell,,,,,,deler av lokaliteten,1141,FINNØY,11,Rogaland,59.12232,5.934433,2,Ryfylke,
2,2019,11714,Kvernhusvika,ikke-medikamentell,,,,,,deler av lokaliteten,1412,SOLUND,14,Sogn og Fjordane,61.0675,4.94345,4,Nordhordaland til Stadt,
2,2019,10080,Laksevika,ikke-medikamentell,,,,,,deler av lokaliteten,1256,MELAND,12,Hordaland,60.53015,5.11575,4,Nordhordaland til Stadt,
2,2019,34257,Lekafjorden II,ikke-medikamentell,,,,,,deler av lokaliteten,5052,LEKA,50,Trøndelag,65.07878,11.724033,7,Nord-Trøndelag med Bindal,
2,2019,33337,Lyngnes,ikke-medikamentell,,,,,,deler av lokaliteten,1241,FUSA,12,Hordaland,60.1197,5.720917,3,Karmøy til Sotra,
2,2019,12633,Lyrnesset,ikke-medikamentell,,,,,,deler av lokaliteten,5049,FLATANGER,50,Trøndelag,64.5256,10.748133,7,Nord-Trøndelag med Bindal,
2,2019,12370,Måøydraga,ikke-medikamentell,,,,,,deler av lokaliteten,5014,FRØYA,50,Trøndelag,63.676434,8.757283,6,Nordmøre og Sør-Trøndelag,
2,2019,13550,Marøy Nø,ikke-medikamentell,,,,,,deler av lokaliteten,1438,BREMANGER,14,Sogn og Fjordane,61.847935,5.295383,4,Nordhordaland til Stadt,
2,2019,11807,Marøytåa,ikke-medikamentell,,,,,,hele lokaliteten,1401,FLORA,14,Sogn og Fjordane,61.506767,5.118367,4,Nordhordaland til Stadt,
2,2019,13541,Midtflua,ikke-medikamentell,,,,,,deler av lokaliteten,1223,TYSNES,12,Hordaland,60.076267,5.466533,3,Karmøy til Sotra,
2,2019,26435,Mjølsvik,ikke-medikamentell,,,,,,hele lokaliteten,1416,HØYANGER,14,Sogn og Fjordane,61.111584,6.0423,4,Nordhordaland til Stadt,
2,2019,10303,Nappeholmane,ikke-medikamentell,,,,,,hele lokaliteten,1219,BØMLO,12,Hordaland,59.742985,5.363633,3,Karmøy til Sotra,
2,2019,27055,Oddane,medikamentell,fôrbehandling,Diflubenzuron,,,,deler av lokaliteten,1401,FLORA,14,Sogn og Fjordane,61.5417,4.968867,4,Nordhordaland til Stadt,
2,2019,11854,Pinnen,medikamentell,fôrbehandling,Emamectin benzoat,,,,hele lokaliteten,1004,FLEKKEFJORD,10,Vest-Agder,58.221966,6.68495,1,Svenskegrensen til Jæren,
2,2019,17357,Rennaren,ikke-medikamentell,,,,,,deler av lokaliteten,1142,RENNESØY,11,Rogaland,59.131584,5.72165,2,Ryfylke,
2,2019,12019,Saltkjelen II,ikke-medikamentell,,,,,,deler av lokaliteten,1227,JONDAL,12,Hordaland,60.248016,6.2014,3,Karmøy til Sotra,
2,2019,13748,Saltkjelvika,ikke-medikamentell,,,,,,deler av lokaliteten,5005,NAMSOS,50,Trøndelag,64.59887,11.2662,7,Nord-Trøndelag med Bindal,
2,2019,11856,Salvågvika,ikke-medikamentell,,,,,,deler av lokaliteten,1004,FLEKKEFJORD,10,Vest-Agder,58.227165,6.632767,1,Svenskegrensen til Jæren,
2,2019,11966,Skigelstrand,medikamentell,fôrbehandling,Emamectin benzoat,,,,hele lokaliteten,1160,VINDAFJORD,11,Rogaland,59.494118,5.846567,2,Ryfylke,
2,2019,32877,Skorpo,ikke-medikamentell,,,,,,deler av lokaliteten,1243,OS I HORDALAND,12,Hordaland,60.173317,5.293683,3,Karmøy til Sotra,
2,2019,13291,Soløya,medikamentell,fôrbehandling,Emamectin benzoat,,,,deler av lokaliteten,1859,FLAKSTAD,18,Nordland,68.00442,13.181417,9,Vestfjorden og Vesterålen,
2,2019,12081,Straumneset,ikke-medikamentell,,,,,,deler av lokaliteten,1227,JONDAL,12,Hordaland,60.220966,6.139567,3,Karmøy til Sotra,
2,2019,26575,Teigane,medikamentell,badebehandling,Deltamethrin,,,,deler av lokaliteten,1134,SULDAL,11,Rogaland,59.520332,6.337233,2,Ryfylke,
2,2019,33677,Torvund,ikke-medikamentell,,,,,,hele lokaliteten,1416,HØYANGER,14,Sogn og Fjordane,61.14467,5.656367,4,Nordhordaland til Stadt,
2,2019,29336,Trælsøyosen,ikke-medikamentell,,,,,,deler av lokaliteten,1244,AUSTEVOLL,12,Hordaland,60.1178,5.2702,3,Karmøy til Sotra,
2,2019,10332,Trommo,ikke-medikamentell,,,,,,deler av lokaliteten,1224,KVINNHERAD,12,Hordaland,60.08243,6.080067,3,Karmøy til Sotra,
2,2019,30717,Tveitnes,ikke-medikamentell,,,,,,deler av lokaliteten,1238,KVAM,12,Hordaland,60.414185,6.402,3,Karmøy til Sotra,
2,2019,35517,Vadholmen,medikamentell,fôrbehandling,Diflubenzuron,,,,deler av lokaliteten,1259,ØYGARDEN,12,Hordaland,60.695,4.761117,4,Nordhordaland til Stadt,
2,2019,13704,Vikane,ikke-medikamentell,,,,,,hele lokaliteten,1266,MASFJORDEN,12,Hordaland,60.7125,5.403633,4,Nordhordaland til Stadt,
2,2019,12839,Vindsnes,ikke-medikamentell,,,,,,hele lokaliteten,1524,NORDDAL,15,Møre og Romsdal,62.28505,7.279633,5,Stadt til Hustadvika,
1,2019,10331,Åkre,ikke-medikamentell,,,,,,deler av lokaliteten,1224,KVINNHERAD,12,Hordaland,60.112434,6.042483,3,Karmøy til Sotra,
1,2019,29816,Apalvikneset,ikke-medikamentell,,,,,,deler av lokaliteten,1227,JONDAL,12,Hordaland,60.146217,6.121133,3,Karmøy til Sotra,
1,2019,11800,Austneståa,ikke-medikamentell,,,,,,hele lokaliteten,1401,FLORA,14,Sogn og Fjordane,61.490818,5.171167,4,Nordhordaland til Stadt,
1,2019,31038,Buarøy,ikke-medikamentell,,,,,,deler av lokaliteten,1245,SUND,12,Hordaland,60.220066,5.21455,3,Karmøy til Sotra,
1,2019,12361,Bukkholmen S,ikke-medikamentell,,,,,,deler av lokaliteten,5014,FRØYA,50,Trøndelag,63.72378,8.8621,6,Nordmøre og Sør-Trøndelag,
1,2019,34397,Hyseneset,ikke-medikamentell,,,,,,deler av lokaliteten,1411,GULEN,14,Sogn og Fjordane,60.861485,4.964867,4,Nordhordaland til Stadt,
1,2019,13339,Klungervikneset,ikke-medikamentell,,,,,,hele lokaliteten,1219,BØMLO,12,Hordaland,59.74668,5.3424,3,Karmøy til Sotra,
1,2019,11534,Klungsholmen,medikamentell,fôrbehandling,Emamectin benzoat,,,,deler av lokaliteten,1219,BØMLO,12,Hordaland,59.596783,5.161567,3,Karmøy til Sotra,
1,2019,11719,Kråkenes,medikamentell,fôrbehandling,Diflubenzuron,,,,deler av lokaliteten,1412,SOLUND,14,Sogn og Fjordane,61.05835,4.921317,4,Nordhordaland til Stadt,
1,2019,13222,Kunes,medikamentell,fôrbehandling,Emamectin benzoat,,,,hele lokaliteten,1141,FINNØY,11,Rogaland,59.21137,5.9532,2,Ryfylke,
1,2019,12993,Lamøya,ikke-medikamentell,,,,,,deler av lokaliteten,5014,FRØYA,50,Trøndelag,63.733032,8.85505,6,Nordmøre og Sør-Trøndelag,
1,2019,24715,Langholmen,ikke-medikamentell,,,,,,deler av lokaliteten,1141,FINNØY,11,Rogaland,59.097282,5.835917,2,Ryfylke,
1,2019,13541,Midtflua,ikke-medikamentell,,,,,,deler av lokaliteten,1223,TYSNES,12,Hordaland,60.076267,5.466533,3,Karmøy til Sotra,
1,2019,11611,Naveide,ikke-medikamentell,,,,,,hele lokaliteten,1244,AUSTEVOLL,12,Hordaland,60.13907,5.112783,3,Karmøy til Sotra,
1,2019,10791,Nordnes,medikamentell,badebehandling,Hydrogenperoksid,,,,deler av lokaliteten,2012,ALTA,20,Finnmark,70.2831,23.400017,12,Vest-Finnmark,
1,2019,27055,Oddane,medikamentell,fôrbehandling,Diflubenzuron,,,,hele lokaliteten,1401,FLORA,14,Sogn og Fjordane,61.5417,4.968867,4,Nordhordaland til Stadt,
1,2019,10086,Rekeviki,ikke-medikamentell,,,,,,hele lokaliteten,1263,LINDÅS,12,Hordaland,60.723415,5.328583,4,Nordhordaland til Stadt,
1,2019,12298,Røysa,ikke-medikamentell,,,,,,deler av lokaliteten,1532,GISKE,15,Møre og Romsdal,62.54865,6.1417,5,Stadt til Hustadvika,
1,2019,12973,Saltkjelen I,ikke-medikamentell,,,,,,deler av lokaliteten,1238,KVAM,12,Hordaland,60.31815,6.183183,3,Karmøy til Sotra,
1,2019,11856,Salvågvika,ikke-medikamentell,,,,,,deler av lokaliteten,1004,FLEKKEFJORD,10,Vest-Agder,58.227165,6.632767,1,Svenskegrensen til Jæren,
1,2019,24115,Singsholmen,ikke-medikamentell,,,,,,deler av lokaliteten,5013,HITRA,50,Trøndelag,63.419617,8.4127,6,Nordmøre og Sør-Trøndelag,
1,2019,11966,Skigelstrand,medikamentell,fôrbehandling,Emamectin benzoat,,,,hele lokaliteten,1160,VINDAFJORD,11,Rogaland,59.494118,5.846567,2,Ryfylke,
1,2019,25896,Skorpo,ikke-medikamentell,,,,,,deler av lokaliteten,1223,TYSNES,12,Hordaland,59.875767,5.638817,3,Karmøy til Sotra,
1,2019,11939,Smal Skar,medikamentell,badebehandling,Hydrogenperoksid,,,,hele lokaliteten,1141,FINNØY,11,Rogaland,59.2051,5.966083,2,Ryfylke,
1,2019,13291,Soløya,medikamentell,fôrbehandling,Diflubenzuron,,,,hele lokaliteten,1859,FLAKSTAD,18,Nordland,68.00442,13.181417,9,Vestfjorden og Vesterålen,
1,2019,35817,Storevika,ikke-medikamentell,,,,,,hele lokaliteten,1804,BODØ,18,Nordland,67.18557,14.388433,8,Helgeland til Bodø,
1,2019,22335,Storvika,ikke-medikamentell,,,,,,deler av lokaliteten,1548,FRÆNA,15,Møre og Romsdal,62.8021,6.977733,5,Stadt til Hustadvika,
1,2019,10054,Tobbeholmane,ikke-medikamentell,,,,,,deler av lokaliteten,1244,AUSTEVOLL,12,Hordaland,60.02432,5.30815,3,Karmøy til Sotra,
1,2019,10332,Trommo,ikke-medikamentell,,,,,,deler av lokaliteten,1224,KVINNHERAD,12,Hordaland,60.08243,6.080067,3,Karmøy til Sotra,
1,2019,35517,Vadholmen,medikamentell,fôrbehandling,Diflubenzuron,,,,deler av lokaliteten,1259,ØYGARDEN,12,Hordaland,60.695,4.761117,4,Nordhordaland til Stadt,
1,2019,12839,Vindsnes,ikke-medikamentell,,,,,,deler av lokaliteten,1524,NORDDAL,15,Møre og Romsdal,62.28505,7.279633,5,Stadt til Hustadvika,
