Uke,År,Lokalitetsnummer,Lokalitetsnavn,Tiltak,Type behandling,Virkestoff,ArtsId,Rensefisk,Antall,Omfang,Kommunenummer,Kommune,Fylkesnummer,Fylke,Lat,Lon,ProduksjonsområdeId,Produksjonsområde,Antall merder
33,2016,15196,Aga Ø,ikke-medikamentell,,,,,,deler av lokaliteten,1219,BØMLO,12,Hordaland,59.8451,5.261367,3,Karmøy til Sotra,
33,2016,32277,Andholmen 1,rensefisk,,,222120,Rognkjeks (hun),12570,hele lokaliteten,1573,SMØLA,15,Møre og Romsdal,63.469784,7.8556,6,Nordmøre og Sør-Trøndelag,
33,2016,32277,Andholmen 1,rensefisk,,,1693,Bergnebb,16248,hele lokaliteten,1573,SMØLA,15,Møre og Romsdal,63.469784,7.8556,6,Nordmøre og Sør-Trøndelag,
33,2016,32277,Andholmen 1,rensefisk,,,1694,Grøngylt,1,hele lokaliteten,1573,SMØLA,15,Møre og Romsdal,63.469784,7.8556,6,Nordmøre og Sør-Trøndelag,
33,2016,32297,Andholmen 2,rensefisk,,,222120,Rognkjeks (hun),8319,hele lokaliteten,1573,SMØLA,15,Møre og Romsdal,63.46745,7.847167,6,Nordmøre og Sør-Trøndelag,
33,2016,11364,Årberg,medikamentell,fôrbehandling,Emamectin benzoat,,,,deler av lokaliteten,1928,TORSKEN,19,Troms,69.1959,16.91595,10,Andøya til Senja,
33,2016,24695,Årnes,ikke-medikamentell,,,,,,deler av lokaliteten,1703,NAMSOS,17,Nord-Trøndelag,64.5961,11.273417,7,Nord-Trøndelag med Bindal,
33,2016,12988,Aukrasanden,rensefisk,,,1694,Grøngylt,21798,hele lokaliteten,1547,AUKRA,15,Møre og Romsdal,62.783417,6.92605,5,Stadt til Hustadvika,
33,2016,12988,Aukrasanden,rensefisk,,,1693,Bergnebb,8552,hele lokaliteten,1547,AUKRA,15,Møre og Romsdal,62.783417,6.92605,5,Stadt til Hustadvika,
33,2016,12988,Aukrasanden,rensefisk,,,1691,Berggylt,438,hele lokaliteten,1547,AUKRA,15,Møre og Romsdal,62.783417,6.92605,5,Stadt til Hustadvika,
33,2016,12357,Aursøysva,ikke-medikamentell,,,,,,deler av lokaliteten,1620,FRØYA,16,Sør-Trøndelag,63.801968,8.910767,6,Nordmøre og Sør-Trøndelag,
33,2016,11800,Austneståa,ikke-medikamentell,,,,,,deler av lokaliteten,1401,FLORA,14,Sogn og Fjordane,61.490818,5.171167,4,Nordhordaland til Stadt,
33,2016,20396,Bergsnes V,ikke-medikamentell,,,,,,deler av lokaliteten,2012,ALTA,20,Finnmark,70.22971,23.336117,12,Vest-Finnmark,
33,2016,31317,Bjørkvik,medikamentell,badebehandling,Azamethiphos,,,,deler av lokaliteten,1850,TYSFJORD,18,Nordland,68.02925,16.131416,9,Vestfjorden og Vesterålen,
33,2016,31317,Bjørkvik,medikamentell,badebehandling,Azamethiphos,,,,deler av lokaliteten,1850,TYSFJORD,18,Nordland,68.02925,16.131416,9,Vestfjorden og Vesterålen,
33,2016,31317,Bjørkvik,medikamentell,badebehandling,Deltamethrin,,,,deler av lokaliteten,1850,TYSFJORD,18,Nordland,68.02925,16.131416,9,Vestfjorden og Vesterålen,
33,2016,31317,Bjørkvik,medikamentell,badebehandling,Deltamethrin,,,,deler av lokaliteten,1850,TYSFJORD,18,Nordland,68.02925,16.131416,9,Vestfjorden og Vesterålen,
33,2016,22455,Bjørlykkestranda,medikamentell,badebehandling,Annet virkestoff,,,,hele lokaliteten,1511,VANYLVEN,15,Møre og Romsdal,62.16655,5.5954,5,Stadt til Hustadvika,
33,2016,12308,Bjørndal,rensefisk,,,1694,Grøngylt,21567,hele lokaliteten,1520,ØRSTA,15,Møre og Romsdal,62.274883,6.00285,5,Stadt til Hustadvika,
33,2016,12308,Bjørndal,rensefisk,,,1691,Berggylt,1736,hele lokaliteten,1520,ØRSTA,15,Møre og Romsdal,62.274883,6.00285,5,Stadt til Hustadvika,
33,2016,23436,Bjørnholmen,medikamentell,badebehandling,Annet virkestoff,,,,deler av lokaliteten,1412,SOLUND,14,Sogn og Fjordane,61.20635,4.938083,4,Nordhordaland til Stadt,
33,2016,34997,Bjørnøya,medikamentell,fôrbehandling,Emamectin benzoat,,,,deler av lokaliteten,1804,BODØ,18,Nordland,67.4164,14.428667,9,Vestfjorden og Vesterålen,
33,2016,15796,Borgarliflot,rensefisk,,,1693,Bergnebb,8638,deler av lokaliteten,1134,SULDAL,11,Rogaland,59.3892,5.924733,2,Ryfylke,
33,2016,15796,Borgarliflot,rensefisk,,,1694,Grøngylt,3400,deler av lokaliteten,1134,SULDAL,11,Rogaland,59.3892,5.924733,2,Ryfylke,
33,2016,11015,Brattholmen,medikamentell,badebehandling,Annet virkestoff,,,,hele lokaliteten,1818,HERØY I NORDLAND,18,Nordland,65.90735,12.220967,8,Helgeland til Bodø,
33,2016,11015,Brattholmen,ikke-medikamentell,,,,,,deler av lokaliteten,1818,HERØY I NORDLAND,18,Nordland,65.90735,12.220967,8,Helgeland til Bodø,
33,2016,10223,Bremnessvaet,rensefisk,,,1693,Bergnebb,240,deler av lokaliteten,1573,SMØLA,15,Møre og Romsdal,63.39795,8.214317,6,Nordmøre og Sør-Trøndelag,
33,2016,12466,Brettingen,rensefisk,,,1694,Grøngylt,677,deler av lokaliteten,1573,SMØLA,15,Møre og Romsdal,63.3582,8.237267,6,Nordmøre og Sør-Trøndelag,
33,2016,12466,Brettingen,rensefisk,,,1693,Bergnebb,1821,deler av lokaliteten,1573,SMØLA,15,Møre og Romsdal,63.3582,8.237267,6,Nordmøre og Sør-Trøndelag,
33,2016,12466,Brettingen,rensefisk,,,1691,Berggylt,114,deler av lokaliteten,1573,SMØLA,15,Møre og Romsdal,63.3582,8.237267,6,Nordmøre og Sør-Trøndelag,
33,2016,12237,Brudevika,rensefisk,,,1694,Grøngylt,6320,deler av lokaliteten,1511,VANYLVEN,15,Møre og Romsdal,62.116566,5.420717,5,Stadt til Hustadvika,
33,2016,12237,Brudevika,rensefisk,,,1693,Bergnebb,1140,deler av lokaliteten,1511,VANYLVEN,15,Møre og Romsdal,62.116566,5.420717,5,Stadt til Hustadvika,
33,2016,12237,Brudevika,rensefisk,,,1691,Berggylt,60,deler av lokaliteten,1511,VANYLVEN,15,Møre og Romsdal,62.116566,5.420717,5,Stadt til Hustadvika,
33,2016,33537,Buholmen,ikke-medikamentell,,,,,,deler av lokaliteten,1632,ROAN,16,Sør-Trøndelag,64.1569,10.008917,6,Nordmøre og Sør-Trøndelag,
33,2016,11543,Buholmen,rensefisk,,,1692,Annen leppefisk,28635,hele lokaliteten,1244,AUSTEVOLL,12,Hordaland,60.020916,5.081517,3,Karmøy til Sotra,
33,2016,11543,Buholmen,rensefisk,,,222120,Rognkjeks (hun),18888,hele lokaliteten,1244,AUSTEVOLL,12,Hordaland,60.020916,5.081517,3,Karmøy til Sotra,
33,2016,27976,Bukkholmen,medikamentell,badebehandling,Annet virkestoff,,,,hele lokaliteten,1820,ALSTAHAUG,18,Nordland,65.9184,12.244683,8,Helgeland til Bodø,
33,2016,27976,Bukkholmen,ikke-medikamentell,,,,,,deler av lokaliteten,1820,ALSTAHAUG,18,Nordland,65.9184,12.244683,8,Helgeland til Bodø,
33,2016,12361,Bukkholmen S,rensefisk,,,1691,Berggylt,46,deler av lokaliteten,1620,FRØYA,16,Sør-Trøndelag,63.72368,8.8631,6,Nordmøre og Sør-Trøndelag,
33,2016,12361,Bukkholmen S,rensefisk,,,1693,Bergnebb,9621,deler av lokaliteten,1620,FRØYA,16,Sør-Trøndelag,63.72368,8.8631,6,Nordmøre og Sør-Trøndelag,
33,2016,12007,Dale II,rensefisk,,,1693,Bergnebb,7220,deler av lokaliteten,1142,RENNESØY,11,Rogaland,59.08215,5.71055,2,Ryfylke,
33,2016,12007,Dale II,rensefisk,,,1694,Grøngylt,8800,deler av lokaliteten,1142,RENNESØY,11,Rogaland,59.08215,5.71055,2,Ryfylke,
33,2016,32457,Dalsvåg Nv,rensefisk,,,1691,Berggylt,512,deler av lokaliteten,1149,KARMØY,11,Rogaland,59.410816,5.21725,3,Karmøy til Sotra,
33,2016,32457,Dalsvåg Nv,rensefisk,,,1694,Grøngylt,3729,deler av lokaliteten,1149,KARMØY,11,Rogaland,59.410816,5.21725,3,Karmøy til Sotra,
33,2016,12659,Digerneset,medikamentell,badebehandling,Annet virkestoff,,,,hele lokaliteten,1751,NÆRØY,17,Nord-Trøndelag,64.78657,11.727917,7,Nord-Trøndelag med Bindal,
33,2016,12659,Digerneset,ikke-medikamentell,,,,,,deler av lokaliteten,1751,NÆRØY,17,Nord-Trøndelag,64.78657,11.727917,7,Nord-Trøndelag med Bindal,
33,2016,14799,Djupestallen,rensefisk,,,1692,Annen leppefisk,5168,deler av lokaliteten,1223,TYSNES,12,Hordaland,60.058735,5.453,3,Karmøy til Sotra,
33,2016,20455,Djupevika,rensefisk,,,222120,Rognkjeks (hun),31410,deler av lokaliteten,1224,KVINNHERAD,12,Hordaland,60.0406,6.010917,3,Karmøy til Sotra,
33,2016,26595,Djupevika,rensefisk,,,1692,Annen leppefisk,1890,deler av lokaliteten,1223,TYSNES,12,Hordaland,60.035816,5.342217,3,Karmøy til Sotra,
33,2016,32197,Dryna,ikke-medikamentell,,,,,,deler av lokaliteten,1545,MIDSUND,15,Møre og Romsdal,62.6444,6.5568,5,Stadt til Hustadvika,
33,2016,11381,Dypingen,medikamentell,badebehandling,Azamethiphos,,,,hele lokaliteten,1903,HARSTAD,19,Troms,68.96087,16.530416,10,Andøya til Senja,
33,2016,11381,Dypingen,medikamentell,badebehandling,Deltamethrin,,,,hele lokaliteten,1903,HARSTAD,19,Troms,68.96087,16.530416,10,Andøya til Senja,
33,2016,21415,Dyrholmen,rensefisk,,,1691,Berggylt,10591,deler av lokaliteten,1141,FINNØY,11,Rogaland,59.285484,5.8583,2,Ryfylke,
33,2016,32117,Dyrholmen Øst,ikke-medikamentell,,,,,,hele lokaliteten,1222,FITJAR,12,Hordaland,59.9332,5.239467,3,Karmøy til Sotra,
33,2016,12033,Dysvik,rensefisk,,,1694,Grøngylt,5629,deler av lokaliteten,1238,KVAM,12,Hordaland,60.191017,5.967617,3,Karmøy til Sotra,
33,2016,12033,Dysvik,rensefisk,,,1691,Berggylt,361,deler av lokaliteten,1238,KVAM,12,Hordaland,60.191017,5.967617,3,Karmøy til Sotra,
33,2016,14041,Edøya,ikke-medikamentell,,,,,,deler av lokaliteten,1617,HITRA,16,Sør-Trøndelag,63.65835,8.694417,6,Nordmøre og Sør-Trøndelag,
33,2016,35877,Eiterfjorden,medikamentell,fôrbehandling,Emamectin benzoat,,,,hele lokaliteten,1751,NÆRØY,17,Nord-Trøndelag,64.971634,11.723933,7,Nord-Trøndelag med Bindal,
33,2016,35877,Eiterfjorden,rensefisk,,,1693,Bergnebb,22222,deler av lokaliteten,1751,NÆRØY,17,Nord-Trøndelag,64.971634,11.723933,7,Nord-Trøndelag med Bindal,
33,2016,12624,Feøyvika,rensefisk,,,1693,Bergnebb,13231,deler av lokaliteten,1749,FLATANGER,17,Nord-Trøndelag,64.56073,10.91895,7,Nord-Trøndelag med Bindal,
33,2016,32597,Fjordprakken,rensefisk,,,1691,Berggylt,2576,deler av lokaliteten,1573,SMØLA,15,Møre og Romsdal,63.256516,7.928067,6,Nordmøre og Sør-Trøndelag,
33,2016,32597,Fjordprakken,rensefisk,,,1694,Grøngylt,1960,deler av lokaliteten,1573,SMØLA,15,Møre og Romsdal,63.256516,7.928067,6,Nordmøre og Sør-Trøndelag,
33,2016,11833,Flåtegrunnen,rensefisk,,,1694,Grøngylt,27180,deler av lokaliteten,1401,FLORA,14,Sogn og Fjordane,61.57615,4.807333,4,Nordhordaland til Stadt,
33,2016,11833,Flåtegrunnen,rensefisk,,,1693,Bergnebb,12146,deler av lokaliteten,1401,FLORA,14,Sogn og Fjordane,61.57615,4.807333,4,Nordhordaland til Stadt,
33,2016,11833,Flåtegrunnen,rensefisk,,,1691,Berggylt,3621,deler av lokaliteten,1401,FLORA,14,Sogn og Fjordane,61.57615,4.807333,4,Nordhordaland til Stadt,
33,2016,30176,Flehammer,medikamentell,fôrbehandling,Emamectin benzoat,,,,hele lokaliteten,1848,STEIGEN,18,Nordland,67.7292,15.444317,9,Vestfjorden og Vesterålen,
33,2016,29296,Fleina,medikamentell,badebehandling,Annet virkestoff,,,,deler av lokaliteten,1838,GILDESKÅL,18,Nordland,67.0951,13.875217,8,Helgeland til Bodø,
33,2016,25895,Flornes,rensefisk,,,1694,Grøngylt,4197,deler av lokaliteten,1223,TYSNES,12,Hordaland,59.890984,5.665983,3,Karmøy til Sotra,
33,2016,25895,Flornes,rensefisk,,,1691,Berggylt,217,deler av lokaliteten,1223,TYSNES,12,Hordaland,59.890984,5.665983,3,Karmøy til Sotra,
33,2016,11893,Fosså,rensefisk,,,1694,Grøngylt,554,deler av lokaliteten,1133,HJELMELAND,11,Rogaland,59.2699,6.14295,2,Ryfylke,
33,2016,11893,Fosså,rensefisk,,,1693,Bergnebb,1946,deler av lokaliteten,1133,HJELMELAND,11,Rogaland,59.2699,6.14295,2,Ryfylke,
33,2016,31437,Fuglåsen,rensefisk,,,1691,Berggylt,261,hele lokaliteten,1573,SMØLA,15,Møre og Romsdal,63.44715,8.167767,6,Nordmøre og Sør-Trøndelag,
33,2016,31437,Fuglåsen,rensefisk,,,1694,Grøngylt,650,hele lokaliteten,1573,SMØLA,15,Møre og Romsdal,63.44715,8.167767,6,Nordmøre og Sør-Trøndelag,
33,2016,31437,Fuglåsen,rensefisk,,,1693,Bergnebb,8493,hele lokaliteten,1573,SMØLA,15,Møre og Romsdal,63.44715,8.167767,6,Nordmøre og Sør-Trøndelag,
33,2016,11736,Fureholmen S,rensefisk,,,1694,Grøngylt,687,deler av lokaliteten,1412,SOLUND,14,Sogn og Fjordane,61.056084,4.867017,4,Nordhordaland til Stadt,
33,2016,11736,Fureholmen S,rensefisk,,,1691,Berggylt,183,deler av lokaliteten,1412,SOLUND,14,Sogn og Fjordane,61.056084,4.867017,4,Nordhordaland til Stadt,
33,2016,11814,Furevika,rensefisk,,,1691,Berggylt,14000,deler av lokaliteten,1429,FJALER,14,Sogn og Fjordane,61.30595,5.072183,4,Nordhordaland til Stadt,
33,2016,12078,Gangdal,medikamentell,badebehandling,Annet virkestoff,,,,deler av lokaliteten,1227,JONDAL,12,Hordaland,60.215935,6.156667,3,Karmøy til Sotra,
33,2016,33617,Gjerde,rensefisk,,,1691,Berggylt,3213,hele lokaliteten,1576,AURE,15,Møre og Romsdal,63.299618,8.4183,6,Nordmøre og Sør-Trøndelag,
33,2016,33617,Gjerde,rensefisk,,,1693,Bergnebb,2239,hele lokaliteten,1576,AURE,15,Møre og Romsdal,63.299618,8.4183,6,Nordmøre og Sør-Trøndelag,
33,2016,33617,Gjerde,rensefisk,,,1694,Grøngylt,1674,hele lokaliteten,1576,AURE,15,Møre og Romsdal,63.299618,8.4183,6,Nordmøre og Sør-Trøndelag,
33,2016,13852,Gjermundnes,rensefisk,,,222120,Rognkjeks (hun),14216,hele lokaliteten,1535,VESTNES,15,Møre og Romsdal,62.6275,7.192817,5,Stadt til Hustadvika,
33,2016,13852,Gjermundnes,rensefisk,,,1694,Grøngylt,18399,hele lokaliteten,1535,VESTNES,15,Møre og Romsdal,62.6275,7.192817,5,Stadt til Hustadvika,
33,2016,13852,Gjermundnes,rensefisk,,,1693,Bergnebb,4882,hele lokaliteten,1535,VESTNES,15,Møre og Romsdal,62.6275,7.192817,5,Stadt til Hustadvika,
33,2016,13852,Gjermundnes,rensefisk,,,1691,Berggylt,1040,hele lokaliteten,1535,VESTNES,15,Møre og Romsdal,62.6275,7.192817,5,Stadt til Hustadvika,
33,2016,31717,Gjerset Vest,rensefisk,,,1694,Grøngylt,12145,hele lokaliteten,1534,HARAM,15,Møre og Romsdal,62.5305,6.428583,5,Stadt til Hustadvika,
33,2016,31717,Gjerset Vest,rensefisk,,,1693,Bergnebb,17719,hele lokaliteten,1534,HARAM,15,Møre og Romsdal,62.5305,6.428583,5,Stadt til Hustadvika,
33,2016,31717,Gjerset Vest,rensefisk,,,1691,Berggylt,1878,hele lokaliteten,1534,HARAM,15,Møre og Romsdal,62.5305,6.428583,5,Stadt til Hustadvika,
33,2016,32037,Grasholman,rensefisk,,,222120,Rognkjeks (hun),8000,deler av lokaliteten,1834,LURØY,18,Nordland,66.34873,12.779417,8,Helgeland til Bodø,
33,2016,11690,Grasholmen,rensefisk,,,1692,Annen leppefisk,2535,deler av lokaliteten,1260,RADØY,12,Hordaland,60.595768,5.159717,4,Nordhordaland til Stadt,
33,2016,11771,Grisholmsundet,rensefisk,,,1694,Grøngylt,6730,hele lokaliteten,1265,FEDJE,12,Hordaland,60.7927,4.693717,4,Nordhordaland til Stadt,
33,2016,11771,Grisholmsundet,rensefisk,,,1693,Bergnebb,4519,hele lokaliteten,1265,FEDJE,12,Hordaland,60.7927,4.693717,4,Nordhordaland til Stadt,
33,2016,11771,Grisholmsundet,rensefisk,,,1692,Annen leppefisk,25,hele lokaliteten,1265,FEDJE,12,Hordaland,60.7927,4.693717,4,Nordhordaland til Stadt,
33,2016,11771,Grisholmsundet,rensefisk,,,1691,Berggylt,1343,hele lokaliteten,1265,FEDJE,12,Hordaland,60.7927,4.693717,4,Nordhordaland til Stadt,
33,2016,12265,Gudmundset,rensefisk,,,1691,Berggylt,1441,hele lokaliteten,1529,SKODJE,15,Møre og Romsdal,62.4527,6.602483,5,Stadt til Hustadvika,
33,2016,10318,Gulestø,rensefisk,,,1694,Grøngylt,5699,deler av lokaliteten,1438,BREMANGER,14,Sogn og Fjordane,61.75802,5.069883,4,Nordhordaland til Stadt,
33,2016,10318,Gulestø,rensefisk,,,1693,Bergnebb,5849,deler av lokaliteten,1438,BREMANGER,14,Sogn og Fjordane,61.75802,5.069883,4,Nordhordaland til Stadt,
33,2016,10318,Gulestø,rensefisk,,,1691,Berggylt,1451,deler av lokaliteten,1438,BREMANGER,14,Sogn og Fjordane,61.75802,5.069883,4,Nordhordaland til Stadt,
33,2016,24735,Gulholmen,rensefisk,,,1692,Annen leppefisk,368,deler av lokaliteten,1243,OS I HORDALAND,12,Hordaland,60.1282,5.400467,3,Karmøy til Sotra,
33,2016,16755,Hageberg,rensefisk,,,1694,Grøngylt,6000,hele lokaliteten,1222,FITJAR,12,Hordaland,59.944218,5.434733,3,Karmøy til Sotra,
33,2016,16755,Hageberg,rensefisk,,,1693,Bergnebb,12000,hele lokaliteten,1222,FITJAR,12,Hordaland,59.944218,5.434733,3,Karmøy til Sotra,
33,2016,16755,Hageberg,rensefisk,,,1691,Berggylt,6000,hele lokaliteten,1222,FITJAR,12,Hordaland,59.944218,5.434733,3,Karmøy til Sotra,
33,2016,13886,Hallarøy V,medikamentell,fôrbehandling,Emamectin benzoat,,,,hele lokaliteten,1620,FRØYA,16,Sør-Trøndelag,63.998116,9.129283,6,Nordmøre og Sør-Trøndelag,
33,2016,13886,Hallarøy V,rensefisk,,,1693,Bergnebb,3644,deler av lokaliteten,1620,FRØYA,16,Sør-Trøndelag,63.998116,9.129283,6,Nordmøre og Sør-Trøndelag,
33,2016,26615,Haug,medikamentell,fôrbehandling,Emamectin benzoat,,,,hele lokaliteten,1911,KVÆFJORD,19,Troms,68.76693,16.06485,10,Andøya til Senja,
33,2016,11740,Haverøy,medikamentell,badebehandling,Annet virkestoff,,,,deler av lokaliteten,1246,FJELL,12,Hordaland,60.404766,4.93995,3,Karmøy til Sotra,
33,2016,11740,Haverøy,rensefisk,,,1694,Grøngylt,6087,deler av lokaliteten,1246,FJELL,12,Hordaland,60.404766,4.93995,3,Karmøy til Sotra,
33,2016,11740,Haverøy,rensefisk,,,1691,Berggylt,590,deler av lokaliteten,1246,FJELL,12,Hordaland,60.404766,4.93995,3,Karmøy til Sotra,
33,2016,10194,Hellaren,rensefisk,,,1694,Grøngylt,2178,hele lokaliteten,1545,MIDSUND,15,Møre og Romsdal,62.735832,6.74745,5,Stadt til Hustadvika,
33,2016,10194,Hellaren,rensefisk,,,1693,Bergnebb,4420,hele lokaliteten,1545,MIDSUND,15,Møre og Romsdal,62.735832,6.74745,5,Stadt til Hustadvika,
33,2016,10194,Hellaren,rensefisk,,,1691,Berggylt,8,hele lokaliteten,1545,MIDSUND,15,Møre og Romsdal,62.735832,6.74745,5,Stadt til Hustadvika,
33,2016,18015,Hestabyneset,rensefisk,,,1692,Annen leppefisk,22834,deler av lokaliteten,1223,TYSNES,12,Hordaland,59.954018,5.451667,3,Karmøy til Sotra,
33,2016,14136,Hestholmen Ø,rensefisk,,,1693,Bergnebb,12310,hele lokaliteten,1144,KVITSØY,11,Rogaland,59.061516,5.445683,2,Ryfylke,
33,2016,33797,Hidlekjerringa,rensefisk,,,1694,Grøngylt,24320,hele lokaliteten,1130,STRAND,11,Rogaland,59.067284,5.839383,2,Ryfylke,
33,2016,33797,Hidlekjerringa,rensefisk,,,1691,Berggylt,1906,hele lokaliteten,1130,STRAND,11,Rogaland,59.067284,5.839383,2,Ryfylke,
33,2016,34017,Hilbåan,rensefisk,,,1694,Grøngylt,15933,hele lokaliteten,1617,HITRA,16,Sør-Trøndelag,63.6686,8.844717,6,Nordmøre og Sør-Trøndelag,
33,2016,34017,Hilbåan,rensefisk,,,1693,Bergnebb,5416,hele lokaliteten,1617,HITRA,16,Sør-Trøndelag,63.6686,8.844717,6,Nordmøre og Sør-Trøndelag,
33,2016,34017,Hilbåan,rensefisk,,,1691,Berggylt,2448,hele lokaliteten,1617,HITRA,16,Sør-Trøndelag,63.6686,8.844717,6,Nordmøre og Sør-Trøndelag,
33,2016,12036,Hisdalen,rensefisk,,,1694,Grøngylt,8331,hele lokaliteten,1224,KVINNHERAD,12,Hordaland,60.126118,5.9305,3,Karmøy til Sotra,
33,2016,10291,Hiskholmen,rensefisk,,,1693,Bergnebb,6000,hele lokaliteten,1219,BØMLO,12,Hordaland,59.72663,5.145617,3,Karmøy til Sotra,
33,2016,10291,Hiskholmen,rensefisk,,,1694,Grøngylt,20000,hele lokaliteten,1219,BØMLO,12,Hordaland,59.72663,5.145617,3,Karmøy til Sotra,
33,2016,13643,Hjartholm,rensefisk,,,1694,Grøngylt,4079,deler av lokaliteten,1411,GULEN,14,Sogn og Fjordane,61.03512,5.33105,4,Nordhordaland til Stadt,
33,2016,13643,Hjartholm,rensefisk,,,1691,Berggylt,328,deler av lokaliteten,1411,GULEN,14,Sogn og Fjordane,61.03512,5.33105,4,Nordhordaland til Stadt,
33,2016,17176,Holandselv,medikamentell,fôrbehandling,Emamectin benzoat,,,,hele lokaliteten,1911,KVÆFJORD,19,Troms,68.69912,15.978933,10,Andøya til Senja,
33,2016,17176,Holandselv,medikamentell,fôrbehandling,Emamectin benzoat,,,,hele lokaliteten,1911,KVÆFJORD,19,Troms,68.69912,15.978933,10,Andøya til Senja,
33,2016,33218,Hosenøyan,ikke-medikamentell,,,,,,deler av lokaliteten,1630,ÅFJORD,16,Sør-Trøndelag,64.08518,9.884683,6,Nordmøre og Sør-Trøndelag,
33,2016,33218,Hosenøyan,rensefisk,,,1691,Berggylt,2645,deler av lokaliteten,1630,ÅFJORD,16,Sør-Trøndelag,64.08518,9.884683,6,Nordmøre og Sør-Trøndelag,
33,2016,33218,Hosenøyan,rensefisk,,,1694,Grøngylt,22658,deler av lokaliteten,1630,ÅFJORD,16,Sør-Trøndelag,64.08518,9.884683,6,Nordmøre og Sør-Trøndelag,
33,2016,12599,Indre Skjervøy,medikamentell,fôrbehandling,Annet virkestoff,,,,deler av lokaliteten,1633,OSEN,16,Sør-Trøndelag,64.2858,10.30905,6,Nordmøre og Sør-Trøndelag,
33,2016,12599,Indre Skjervøy,rensefisk,,,1694,Grøngylt,22256,deler av lokaliteten,1633,OSEN,16,Sør-Trøndelag,64.2858,10.30905,6,Nordmøre og Sør-Trøndelag,
33,2016,12599,Indre Skjervøy,rensefisk,,,1691,Berggylt,396,deler av lokaliteten,1633,OSEN,16,Sør-Trøndelag,64.2858,10.30905,6,Nordmøre og Sør-Trøndelag,
33,2016,24295,Isbergan,ikke-medikamentell,,,,,,deler av lokaliteten,1837,MELØY,18,Nordland,66.81468,13.678183,8,Helgeland til Bodø,
33,2016,11269,Jektvika I,medikamentell,fôrbehandling,Emamectin benzoat,,,,hele lokaliteten,1845,SØRFOLD,18,Nordland,67.53132,15.443567,9,Vestfjorden og Vesterålen,
33,2016,13220,Kalhag,rensefisk,,,1694,Grøngylt,6861,hele lokaliteten,1130,STRAND,11,Rogaland,58.974716,5.93595,2,Ryfylke,
33,2016,13220,Kalhag,rensefisk,,,1691,Berggylt,793,hele lokaliteten,1130,STRAND,11,Rogaland,58.974716,5.93595,2,Ryfylke,
33,2016,14042,Kattholmen,ikke-medikamentell,,,,,,deler av lokaliteten,1620,FRØYA,16,Sør-Trøndelag,63.870968,8.679017,6,Nordmøre og Sør-Trøndelag,
33,2016,30437,Kattholmen II,ikke-medikamentell,,,,,,deler av lokaliteten,1620,FRØYA,16,Sør-Trøndelag,63.8661,8.675683,6,Nordmøre og Sør-Trøndelag,
33,2016,28976,Kelvesteinen,rensefisk,,,1692,Annen leppefisk,8683,hele lokaliteten,1246,FJELL,12,Hordaland,60.4029,5.063717,3,Karmøy til Sotra,
33,2016,28976,Kelvesteinen,rensefisk,,,1694,Grøngylt,9488,hele lokaliteten,1246,FJELL,12,Hordaland,60.4029,5.063717,3,Karmøy til Sotra,
33,2016,28976,Kelvesteinen,rensefisk,,,1691,Berggylt,1204,hele lokaliteten,1246,FJELL,12,Hordaland,60.4029,5.063717,3,Karmøy til Sotra,
33,2016,13225,Kilaneset,rensefisk,,,1693,Bergnebb,901,deler av lokaliteten,1134,SULDAL,11,Rogaland,59.31335,6.2672,2,Ryfylke,
33,2016,13225,Kilaneset,rensefisk,,,1694,Grøngylt,1432,deler av lokaliteten,1134,SULDAL,11,Rogaland,59.31335,6.2672,2,Ryfylke,
33,2016,33577,Kjeholmen II,rensefisk,,,1694,Grøngylt,10000,hele lokaliteten,1003,FARSUND,10,Vest-Agder,58.06008,6.885683,1,Svenskegrensen til Jæren,
33,2016,33577,Kjeholmen II,rensefisk,,,1694,Grøngylt,7000,hele lokaliteten,1003,FARSUND,10,Vest-Agder,58.06008,6.885683,1,Svenskegrensen til Jæren,
33,2016,10828,Kleppenes N,medikamentell,fôrbehandling,Emamectin benzoat,,,,hele lokaliteten,2004,HAMMERFEST,20,Finnmark,70.53805,23.558533,12,Vest-Finnmark,
33,2016,13764,Kokvika,rensefisk,,,1693,Bergnebb,3997,deler av lokaliteten,1834,LURØY,18,Nordland,66.41282,12.956867,8,Helgeland til Bodø,
33,2016,11575,Koløy N,rensefisk,,,1694,Grøngylt,4300,hele lokaliteten,1222,FITJAR,12,Hordaland,59.8616,5.288267,3,Karmøy til Sotra,
33,2016,11575,Koløy N,rensefisk,,,1693,Bergnebb,8000,hele lokaliteten,1222,FITJAR,12,Hordaland,59.8616,5.288267,3,Karmøy til Sotra,
33,2016,11575,Koløy N,rensefisk,,,1691,Berggylt,4500,hele lokaliteten,1222,FITJAR,12,Hordaland,59.8616,5.288267,3,Karmøy til Sotra,
33,2016,12855,Kornstad,rensefisk,,,1694,Grøngylt,1000,deler av lokaliteten,1554,AVERØY,15,Møre og Romsdal,62.960384,7.45015,6,Nordmøre og Sør-Trøndelag,
33,2016,12855,Kornstad,rensefisk,,,1693,Bergnebb,14514,deler av lokaliteten,1554,AVERØY,15,Møre og Romsdal,62.960384,7.45015,6,Nordmøre og Sør-Trøndelag,
33,2016,12855,Kornstad,rensefisk,,,1691,Berggylt,112,deler av lokaliteten,1554,AVERØY,15,Møre og Romsdal,62.960384,7.45015,6,Nordmøre og Sør-Trøndelag,
33,2016,10224,Korsneset,rensefisk,,,1691,Berggylt,630,deler av lokaliteten,1571,HALSA,15,Møre og Romsdal,63.14268,8.225383,6,Nordmøre og Sør-Trøndelag,
33,2016,10224,Korsneset,rensefisk,,,1694,Grøngylt,818,deler av lokaliteten,1571,HALSA,15,Møre og Romsdal,63.14268,8.225383,6,Nordmøre og Sør-Trøndelag,
33,2016,10224,Korsneset,rensefisk,,,1693,Bergnebb,1152,deler av lokaliteten,1571,HALSA,15,Møre og Romsdal,63.14268,8.225383,6,Nordmøre og Sør-Trøndelag,
33,2016,32097,Korsneset 2,rensefisk,,,1691,Berggylt,577,deler av lokaliteten,1571,HALSA,15,Møre og Romsdal,63.14123,8.21375,6,Nordmøre og Sør-Trøndelag,
33,2016,32097,Korsneset 2,rensefisk,,,1693,Bergnebb,1303,deler av lokaliteten,1571,HALSA,15,Møre og Romsdal,63.14123,8.21375,6,Nordmøre og Sør-Trøndelag,
33,2016,11809,Krabbestig,rensefisk,,,1694,Grøngylt,4113,deler av lokaliteten,1439,VÅGSØY,14,Sogn og Fjordane,61.894566,5.0616,4,Nordhordaland til Stadt,
33,2016,11809,Krabbestig,rensefisk,,,1691,Berggylt,1574,deler av lokaliteten,1439,VÅGSØY,14,Sogn og Fjordane,61.894566,5.0616,4,Nordhordaland til Stadt,
33,2016,12239,Kråknes,rensefisk,,,1694,Grøngylt,3062,deler av lokaliteten,1547,AUKRA,15,Møre og Romsdal,62.83145,6.962733,5,Stadt til Hustadvika,
33,2016,12239,Kråknes,rensefisk,,,1693,Bergnebb,555,deler av lokaliteten,1547,AUKRA,15,Møre og Romsdal,62.83145,6.962733,5,Stadt til Hustadvika,
33,2016,12239,Kråknes,rensefisk,,,1691,Berggylt,256,deler av lokaliteten,1547,AUKRA,15,Møre og Romsdal,62.83145,6.962733,5,Stadt til Hustadvika,
33,2016,11633,Krossholmen,rensefisk,,,1694,Grøngylt,12800,hele lokaliteten,1219,BØMLO,12,Hordaland,59.7879,5.100533,3,Karmøy til Sotra,
33,2016,11633,Krossholmen,rensefisk,,,1693,Bergnebb,1450,hele lokaliteten,1219,BØMLO,12,Hordaland,59.7879,5.100533,3,Karmøy til Sotra,
33,2016,11633,Krossholmen,rensefisk,,,1691,Berggylt,250,hele lokaliteten,1219,BØMLO,12,Hordaland,59.7879,5.100533,3,Karmøy til Sotra,
33,2016,22775,Kvaløya,ikke-medikamentell,,,,,,hele lokaliteten,1750,VIKNA,17,Nord-Trøndelag,65.001915,11.058617,7,Nord-Trøndelag med Bindal,
33,2016,13831,Kvamme,rensefisk,,,1692,Annen leppefisk,8194,deler av lokaliteten,1253,OSTERØY,12,Hordaland,60.518333,5.3811,4,Nordhordaland til Stadt,
33,2016,12213,Kvangardsnes,rensefisk,,,1694,Grøngylt,54702,hele lokaliteten,1519,VOLDA,15,Møre og Romsdal,62.145317,5.94545,5,Stadt til Hustadvika,
33,2016,12213,Kvangardsnes,rensefisk,,,1691,Berggylt,3584,hele lokaliteten,1519,VOLDA,15,Møre og Romsdal,62.145317,5.94545,5,Stadt til Hustadvika,
33,2016,24975,Kvernavika,rensefisk,,,1692,Annen leppefisk,21016,deler av lokaliteten,1223,TYSNES,12,Hordaland,60.069283,5.351183,3,Karmøy til Sotra,
33,2016,11714,Kvernhusvika,rensefisk,,,1691,Berggylt,97,deler av lokaliteten,1412,SOLUND,14,Sogn og Fjordane,61.0678,4.94225,4,Nordhordaland til Stadt,
33,2016,11714,Kvernhusvika,rensefisk,,,1693,Bergnebb,659,deler av lokaliteten,1412,SOLUND,14,Sogn og Fjordane,61.0678,4.94225,4,Nordhordaland til Stadt,
33,2016,11714,Kvernhusvika,rensefisk,,,1694,Grøngylt,1596,deler av lokaliteten,1412,SOLUND,14,Sogn og Fjordane,61.0678,4.94225,4,Nordhordaland til Stadt,
33,2016,10041,Kviksholmen,rensefisk,,,1694,Grøngylt,19434,hele lokaliteten,1244,AUSTEVOLL,12,Hordaland,60.054317,5.090733,3,Karmøy til Sotra,
33,2016,10041,Kviksholmen,rensefisk,,,1691,Berggylt,1407,hele lokaliteten,1244,AUSTEVOLL,12,Hordaland,60.054317,5.090733,3,Karmøy til Sotra,
33,2016,11775,Kviteskjeret,ikke-medikamentell,,,,,,hele lokaliteten,1428,ASKVOLL,14,Sogn og Fjordane,61.467815,5.2203,4,Nordhordaland til Stadt,
33,2016,30216,Kvitfloget,ikke-medikamentell,,,,,,deler av lokaliteten,1927,TRANØY,19,Troms,69.14633,17.646017,10,Andøya til Senja,
33,2016,13234,Kysnes,medikamentell,badebehandling,Annet virkestoff,,,,deler av lokaliteten,1227,JONDAL,12,Hordaland,60.19877,6.09685,3,Karmøy til Sotra,
33,2016,11116,Langholmen,ikke-medikamentell,,,,,,deler av lokaliteten,1838,GILDESKÅL,18,Nordland,67.05783,14.025333,8,Helgeland til Bodø,
33,2016,24715,Langholmen,ikke-medikamentell,,,,,,deler av lokaliteten,1141,FINNØY,11,Rogaland,59.097282,5.835917,2,Ryfylke,
33,2016,24715,Langholmen,rensefisk,,,1694,Grøngylt,754,deler av lokaliteten,1141,FINNØY,11,Rogaland,59.097282,5.835917,2,Ryfylke,
33,2016,24715,Langholmen,rensefisk,,,1691,Berggylt,35,deler av lokaliteten,1141,FINNØY,11,Rogaland,59.097282,5.835917,2,Ryfylke,
33,2016,33557,Langskjæra II,ikke-medikamentell,,,,,,deler av lokaliteten,1620,FRØYA,16,Sør-Trøndelag,63.82245,8.74075,6,Nordmøre og Sør-Trøndelag,
33,2016,11438,Lauplandsholmen,rensefisk,,,1693,Bergnebb,9807,deler av lokaliteten,1145,BOKN,11,Rogaland,59.179733,5.472633,2,Ryfylke,
33,2016,26675,Leirholmen,rensefisk,,,222120,Rognkjeks (hun),2163,deler av lokaliteten,1834,LURØY,18,Nordland,66.3565,12.530117,8,Helgeland til Bodø,
33,2016,12870,Leite,rensefisk,,,1694,Grøngylt,502,deler av lokaliteten,1554,AVERØY,15,Møre og Romsdal,63.035984,7.678117,6,Nordmøre og Sør-Trøndelag,
33,2016,12870,Leite,rensefisk,,,1693,Bergnebb,12417,deler av lokaliteten,1554,AVERØY,15,Møre og Romsdal,63.035984,7.678117,6,Nordmøre og Sør-Trøndelag,
33,2016,12870,Leite,rensefisk,,,1691,Berggylt,332,deler av lokaliteten,1554,AVERØY,15,Møre og Romsdal,63.035984,7.678117,6,Nordmøre og Sør-Trøndelag,
33,2016,10990,Lille Åsvær,rensefisk,,,2221,Rognkjeks (felles),25579,deler av lokaliteten,1827,DØNNA,18,Nordland,66.22988,12.317533,8,Helgeland til Bodø,
33,2016,12392,Lille Torsøy,medikamentell,badebehandling,Annet virkestoff,,,,hele lokaliteten,1617,HITRA,16,Sør-Trøndelag,63.605633,8.48855,6,Nordmøre og Sør-Trøndelag,
33,2016,29056,Lille Torsøy II,medikamentell,badebehandling,Annet virkestoff,,,,hele lokaliteten,1617,HITRA,16,Sør-Trøndelag,63.60803,8.494633,6,Nordmøre og Sør-Trøndelag,
33,2016,29056,Lille Torsøy II,rensefisk,,,1694,Grøngylt,1112,deler av lokaliteten,1617,HITRA,16,Sør-Trøndelag,63.60803,8.494633,6,Nordmøre og Sør-Trøndelag,
33,2016,29056,Lille Torsøy II,rensefisk,,,1691,Berggylt,2121,deler av lokaliteten,1617,HITRA,16,Sør-Trøndelag,63.60803,8.494633,6,Nordmøre og Sør-Trøndelag,
33,2016,14043,Lybergsvika,rensefisk,,,1691,Berggylt,588,deler av lokaliteten,1539,RAUMA,15,Møre og Romsdal,62.641582,7.448583,5,Stadt til Hustadvika,
33,2016,14043,Lybergsvika,rensefisk,,,1694,Grøngylt,824,deler av lokaliteten,1539,RAUMA,15,Møre og Romsdal,62.641582,7.448583,5,Stadt til Hustadvika,
33,2016,10232,Mannbruholmen,medikamentell,badebehandling,Annet virkestoff,,,,deler av lokaliteten,1620,FRØYA,16,Sør-Trøndelag,63.8473,8.53675,6,Nordmøre og Sør-Trøndelag,
33,2016,10232,Mannbruholmen,ikke-medikamentell,,,,,,deler av lokaliteten,1620,FRØYA,16,Sør-Trøndelag,63.8473,8.53675,6,Nordmøre og Sør-Trøndelag,
33,2016,12134,Maradalen,rensefisk,,,1691,Berggylt,163,deler av lokaliteten,1224,KVINNHERAD,12,Hordaland,59.76077,5.686767,3,Karmøy til Sotra,
33,2016,12134,Maradalen,rensefisk,,,1694,Grøngylt,1852,deler av lokaliteten,1224,KVINNHERAD,12,Hordaland,59.76077,5.686767,3,Karmøy til Sotra,
33,2016,11807,Marøytåa,ikke-medikamentell,,,,,,hele lokaliteten,1401,FLORA,14,Sogn og Fjordane,61.505882,5.1143,4,Nordhordaland til Stadt,
33,2016,10447,Mefaldskjæret,medikamentell,badebehandling,Hydrogenperoksid,,,,deler av lokaliteten,1820,ALSTAHAUG,18,Nordland,65.85145,12.2872,8,Helgeland til Bodø,
33,2016,28956,Meløysjøen,ikke-medikamentell,,,,,,deler av lokaliteten,1837,MELØY,18,Nordland,66.819984,13.461467,8,Helgeland til Bodø,
33,2016,10858,Mulingen,rensefisk,,,1693,Bergnebb,3328,deler av lokaliteten,1811,BINDAL,18,Nordland,65.10865,12.442233,7,Nord-Trøndelag med Bindal,
33,2016,13629,Munkholmen,rensefisk,,,1694,Grøngylt,8175,deler av lokaliteten,1146,TYSVÆR,11,Rogaland,59.285484,5.631317,2,Ryfylke,
33,2016,13629,Munkholmen,rensefisk,,,1691,Berggylt,1181,deler av lokaliteten,1146,TYSVÆR,11,Rogaland,59.285484,5.631317,2,Ryfylke,
33,2016,29957,Nakkestad,rensefisk,,,1694,Grøngylt,2500,hele lokaliteten,1032,LYNGDAL,10,Vest-Agder,58.055832,7.06875,1,Svenskegrensen til Jæren,
33,2016,29957,Nakkestad,rensefisk,,,1693,Bergnebb,11000,hele lokaliteten,1032,LYNGDAL,10,Vest-Agder,58.055832,7.06875,1,Svenskegrensen til Jæren,
33,2016,11864,Napp,rensefisk,,,1694,Grøngylt,2021,deler av lokaliteten,1004,FLEKKEFJORD,10,Vest-Agder,58.24867,6.53675,1,Svenskegrensen til Jæren,
33,2016,11864,Napp,rensefisk,,,1691,Berggylt,501,deler av lokaliteten,1004,FLEKKEFJORD,10,Vest-Agder,58.24867,6.53675,1,Svenskegrensen til Jæren,
33,2016,14495,Nordeimsøyna,rensefisk,,,1691,Berggylt,11594,deler av lokaliteten,1141,FINNØY,11,Rogaland,59.28695,5.812483,2,Ryfylke,
33,2016,10791,Nordnes,medikamentell,badebehandling,Annet virkestoff,,,,deler av lokaliteten,2012,ALTA,20,Finnmark,70.2831,23.400017,12,Vest-Finnmark,
33,2016,33937,Nørholmen,rensefisk,,,1694,Grøngylt,77,deler av lokaliteten,1573,SMØLA,15,Møre og Romsdal,63.338917,8.2718,6,Nordmøre og Sør-Trøndelag,
33,2016,33937,Nørholmen,rensefisk,,,1693,Bergnebb,485,deler av lokaliteten,1573,SMØLA,15,Møre og Romsdal,63.338917,8.2718,6,Nordmøre og Sør-Trøndelag,
33,2016,33937,Nørholmen,rensefisk,,,1691,Berggylt,174,deler av lokaliteten,1573,SMØLA,15,Møre og Romsdal,63.338917,8.2718,6,Nordmøre og Sør-Trøndelag,
33,2016,10181,Oksebåsen V,rensefisk,,,1694,Grøngylt,589,deler av lokaliteten,1532,GISKE,15,Møre og Romsdal,62.5174,6.15805,5,Stadt til Hustadvika,
33,2016,10181,Oksebåsen V,rensefisk,,,1691,Berggylt,490,deler av lokaliteten,1532,GISKE,15,Møre og Romsdal,62.5174,6.15805,5,Stadt til Hustadvika,
33,2016,31697,Oksen,ikke-medikamentell,,,,,,deler av lokaliteten,1246,FJELL,12,Hordaland,60.43382,4.9411,3,Karmøy til Sotra,
33,2016,22995,Oldervik,ikke-medikamentell,,,,,,hele lokaliteten,1838,GILDESKÅL,18,Nordland,67.07103,14.113967,8,Helgeland til Bodø,
33,2016,11378,Øvergården,medikamentell,badebehandling,Azamethiphos,,,,hele lokaliteten,1903,HARSTAD,19,Troms,68.98167,16.534666,10,Andøya til Senja,
33,2016,11378,Øvergården,medikamentell,badebehandling,Deltamethrin,,,,hele lokaliteten,1903,HARSTAD,19,Troms,68.98167,16.534666,10,Andøya til Senja,
33,2016,11688,Portevika,ikke-medikamentell,,,,,,deler av lokaliteten,1413,HYLLESTAD,14,Sogn og Fjordane,61.18885,5.090017,4,Nordhordaland til Stadt,
33,2016,11972,Prestholmane,rensefisk,,,1694,Grøngylt,2569,deler av lokaliteten,1141,FINNØY,11,Rogaland,59.116768,5.8545,2,Ryfylke,
33,2016,11972,Prestholmane,rensefisk,,,1691,Berggylt,82,deler av lokaliteten,1141,FINNØY,11,Rogaland,59.116768,5.8545,2,Ryfylke,
33,2016,11651,Ramsøy S,rensefisk,,,1692,Annen leppefisk,7760,deler av lokaliteten,1247,ASKØY,12,Hordaland,60.434082,5.062733,3,Karmøy til Sotra,
33,2016,29116,Reiråklakken,rensefisk,,,1691,Berggylt,779,deler av lokaliteten,1573,SMØLA,15,Møre og Romsdal,63.450333,8.167717,6,Nordmøre og Sør-Trøndelag,
33,2016,29116,Reiråklakken,rensefisk,,,1693,Bergnebb,1982,deler av lokaliteten,1573,SMØLA,15,Møre og Romsdal,63.450333,8.167717,6,Nordmøre og Sør-Trøndelag,
33,2016,29116,Reiråklakken,rensefisk,,,1694,Grøngylt,118,deler av lokaliteten,1573,SMØLA,15,Møre og Romsdal,63.450333,8.167717,6,Nordmøre og Sør-Trøndelag,
33,2016,30657,Revøy,rensefisk,,,1693,Bergnebb,16000,hele lokaliteten,1032,LYNGDAL,10,Vest-Agder,58.0243,7.0268,1,Svenskegrensen til Jæren,
33,2016,12784,Ringholmen,ikke-medikamentell,,,,,,deler av lokaliteten,1613,SNILLFJORD,16,Sør-Trøndelag,63.56,9.41005,6,Nordmøre og Sør-Trøndelag,
33,2016,12784,Ringholmen,rensefisk,,,222120,Rognkjeks (hun),27180,deler av lokaliteten,1613,SNILLFJORD,16,Sør-Trøndelag,63.56,9.41005,6,Nordmøre og Sør-Trøndelag,
33,2016,12126,Rossnes,ikke-medikamentell,,,,,,hele lokaliteten,1224,KVINNHERAD,12,Hordaland,59.759167,5.721467,3,Karmøy til Sotra,
33,2016,11770,Rotøy,medikamentell,badebehandling,Annet virkestoff,,,,deler av lokaliteten,1259,ØYGARDEN,12,Hordaland,60.682533,4.760017,4,Nordhordaland til Stadt,
33,2016,12298,Røysa,rensefisk,,,1694,Grøngylt,26744,deler av lokaliteten,1532,GISKE,15,Møre og Romsdal,62.54865,6.1417,5,Stadt til Hustadvika,
33,2016,12298,Røysa,rensefisk,,,1691,Berggylt,1559,deler av lokaliteten,1532,GISKE,15,Møre og Romsdal,62.54865,6.1417,5,Stadt til Hustadvika,
33,2016,12973,Saltkjelen I,rensefisk,,,1691,Berggylt,1860,deler av lokaliteten,1238,KVAM,12,Hordaland,60.31815,6.183183,3,Karmøy til Sotra,
33,2016,12019,Saltkjelen II,rensefisk,,,1694,Grøngylt,2678,deler av lokaliteten,1227,JONDAL,12,Hordaland,60.248016,6.2014,3,Karmøy til Sotra,
33,2016,12019,Saltkjelen II,rensefisk,,,1693,Bergnebb,1320,deler av lokaliteten,1227,JONDAL,12,Hordaland,60.248016,6.2014,3,Karmøy til Sotra,
33,2016,12019,Saltkjelen II,rensefisk,,,1691,Berggylt,53,deler av lokaliteten,1227,JONDAL,12,Hordaland,60.248016,6.2014,3,Karmøy til Sotra,
33,2016,11888,Sandvik,rensefisk,,,1693,Bergnebb,3692,hele lokaliteten,1134,SULDAL,11,Rogaland,59.31445,6.170917,2,Ryfylke,
33,2016,11888,Sandvik,rensefisk,,,1694,Grøngylt,4672,hele lokaliteten,1134,SULDAL,11,Rogaland,59.31445,6.170917,2,Ryfylke,
33,2016,12844,Seterneset,rensefisk,,,1694,Grøngylt,6245,deler av lokaliteten,1502,MOLDE,15,Møre og Romsdal,62.67393,7.31415,5,Stadt til Hustadvika,
33,2016,12844,Seterneset,rensefisk,,,1691,Berggylt,3936,deler av lokaliteten,1502,MOLDE,15,Møre og Romsdal,62.67393,7.31415,5,Stadt til Hustadvika,
33,2016,12244,Setevika,rensefisk,,,1691,Berggylt,846,deler av lokaliteten,1545,MIDSUND,15,Møre og Romsdal,62.728065,6.939283,5,Stadt til Hustadvika,
33,2016,12244,Setevika,rensefisk,,,1694,Grøngylt,5713,deler av lokaliteten,1545,MIDSUND,15,Møre og Romsdal,62.728065,6.939283,5,Stadt til Hustadvika,
33,2016,20796,Skarbukta,rensefisk,,,1694,Grøngylt,3641,deler av lokaliteten,1539,RAUMA,15,Møre og Romsdal,62.59785,7.367717,5,Stadt til Hustadvika,
33,2016,20796,Skarbukta,rensefisk,,,1691,Berggylt,1230,deler av lokaliteten,1539,RAUMA,15,Møre og Romsdal,62.59785,7.367717,5,Stadt til Hustadvika,
33,2016,11861,Skipningsdalen,rensefisk,,,1694,Grøngylt,3366,hele lokaliteten,1004,FLEKKEFJORD,10,Vest-Agder,58.24148,6.5958,1,Svenskegrensen til Jæren,
33,2016,11861,Skipningsdalen,rensefisk,,,1691,Berggylt,1204,hele lokaliteten,1004,FLEKKEFJORD,10,Vest-Agder,58.24148,6.5958,1,Svenskegrensen til Jæren,
33,2016,12108,Skorpo Nv,rensefisk,,,1692,Annen leppefisk,27599,deler av lokaliteten,1224,KVINNHERAD,12,Hordaland,59.95323,5.827133,3,Karmøy til Sotra,
33,2016,18657,Skredstivik,rensefisk,,,1694,Grøngylt,1920,deler av lokaliteten,1413,HYLLESTAD,14,Sogn og Fjordane,61.1567,5.133983,4,Nordhordaland til Stadt,
33,2016,18657,Skredstivik,rensefisk,,,1693,Bergnebb,1073,deler av lokaliteten,1413,HYLLESTAD,14,Sogn og Fjordane,61.1567,5.133983,4,Nordhordaland til Stadt,
33,2016,27436,Solværet,rensefisk,,,1693,Bergnebb,2414,deler av lokaliteten,1573,SMØLA,15,Møre og Romsdal,63.255,7.856933,6,Nordmøre og Sør-Trøndelag,
33,2016,27436,Solværet,rensefisk,,,1691,Berggylt,2929,deler av lokaliteten,1573,SMØLA,15,Møre og Romsdal,63.255,7.856933,6,Nordmøre og Sør-Trøndelag,
33,2016,27436,Solværet,rensefisk,,,1694,Grøngylt,12010,deler av lokaliteten,1573,SMØLA,15,Møre og Romsdal,63.255,7.856933,6,Nordmøre og Sør-Trøndelag,
33,2016,15375,Sørøyflesa,medikamentell,fôrbehandling,Emamectin benzoat,,,,hele lokaliteten,1620,FRØYA,16,Sør-Trøndelag,63.98405,9.057067,6,Nordmøre og Sør-Trøndelag,
33,2016,19015,Stokkvika,rensefisk,,,1693,Bergnebb,14968,deler av lokaliteten,1612,HEMNE,16,Sør-Trøndelag,63.333534,9.180583,6,Nordmøre og Sør-Trøndelag,
33,2016,10417,Storbukta,rensefisk,,,1693,Bergnebb,1387,deler av lokaliteten,1751,NÆRØY,17,Nord-Trøndelag,64.9591,11.6157,7,Nord-Trøndelag med Bindal,
33,2016,10789,Store Lerresfjord,medikamentell,badebehandling,Annet virkestoff,,,,hele lokaliteten,2012,ALTA,20,Finnmark,70.28717,23.466833,12,Vest-Finnmark,
33,2016,11971,Store Teistholmen Ø,rensefisk,,,1693,Bergnebb,6329,hele lokaliteten,1102,SANDNES,11,Rogaland,58.97685,5.867383,2,Ryfylke,
33,2016,11971,Store Teistholmen Ø,rensefisk,,,1694,Grøngylt,11077,hele lokaliteten,1102,SANDNES,11,Rogaland,58.97685,5.867383,2,Ryfylke,
33,2016,31338,Storskjeret,rensefisk,,,1694,Grøngylt,2124,deler av lokaliteten,1576,AURE,15,Møre og Romsdal,63.26985,8.228283,6,Nordmøre og Sør-Trøndelag,
33,2016,31338,Storskjeret,rensefisk,,,1693,Bergnebb,21485,deler av lokaliteten,1576,AURE,15,Møre og Romsdal,63.26985,8.228283,6,Nordmøre og Sør-Trøndelag,
33,2016,31338,Storskjeret,rensefisk,,,1691,Berggylt,154,deler av lokaliteten,1576,AURE,15,Møre og Romsdal,63.26985,8.228283,6,Nordmøre og Sør-Trøndelag,
33,2016,13125,Storvika,rensefisk,,,1693,Bergnebb,3884,deler av lokaliteten,1837,MELØY,18,Nordland,66.80855,13.242333,8,Helgeland til Bodø,
33,2016,12081,Straumneset,medikamentell,badebehandling,Annet virkestoff,,,,deler av lokaliteten,1227,JONDAL,12,Hordaland,60.220966,6.139567,3,Karmøy til Sotra,
33,2016,31817,Svartskjær,medikamentell,badebehandling,Azamethiphos,,,,deler av lokaliteten,1917,IBESTAD,19,Troms,68.71893,16.7745,10,Andøya til Senja,
33,2016,31817,Svartskjær,medikamentell,badebehandling,Cypermethrin,,,,deler av lokaliteten,1917,IBESTAD,19,Troms,68.71893,16.7745,10,Andøya til Senja,
33,2016,12074,Svåsandneset,rensefisk,,,169520,Rødnebb,40,deler av lokaliteten,1227,JONDAL,12,Hordaland,60.32422,6.318983,3,Karmøy til Sotra,
33,2016,12074,Svåsandneset,rensefisk,,,1694,Grøngylt,10995,deler av lokaliteten,1227,JONDAL,12,Hordaland,60.32422,6.318983,3,Karmøy til Sotra,
33,2016,12074,Svåsandneset,rensefisk,,,1691,Berggylt,1451,deler av lokaliteten,1227,JONDAL,12,Hordaland,60.32422,6.318983,3,Karmøy til Sotra,
33,2016,11144,Svinvær,rensefisk,,,1693,Bergnebb,60620,deler av lokaliteten,1836,RØDØY,18,Nordland,66.76923,13.170633,8,Helgeland til Bodø,
33,2016,22955,Svollandsneset,medikamentell,badebehandling,Annet virkestoff,,,,hele lokaliteten,1160,VINDAFJORD,11,Rogaland,59.684235,5.589717,3,Karmøy til Sotra,
33,2016,21755,Tendalsvik,rensefisk,,,1694,Grøngylt,9010,deler av lokaliteten,1211,ETNE,12,Hordaland,59.73605,5.884,3,Karmøy til Sotra,
33,2016,21755,Tendalsvik,rensefisk,,,1691,Berggylt,1102,deler av lokaliteten,1211,ETNE,12,Hordaland,59.73605,5.884,3,Karmøy til Sotra,
33,2016,12449,Tennøya,medikamentell,badebehandling,Annet virkestoff,,,,hele lokaliteten,1620,FRØYA,16,Sør-Trøndelag,63.805035,8.4444,6,Nordmøre og Sør-Trøndelag,
33,2016,12449,Tennøya,ikke-medikamentell,,,,,,deler av lokaliteten,1620,FRØYA,16,Sør-Trøndelag,63.805035,8.4444,6,Nordmøre og Sør-Trøndelag,
33,2016,13644,Tepstad,rensefisk,,,1692,Annen leppefisk,19746,deler av lokaliteten,1253,OSTERØY,12,Hordaland,60.5526,5.3853,4,Nordhordaland til Stadt,
33,2016,30717,Tveitnes,rensefisk,,,1694,Grøngylt,1760,deler av lokaliteten,1238,KVAM,12,Hordaland,60.414185,6.402,3,Karmøy til Sotra,
33,2016,31557,Valøyan,medikamentell,badebehandling,Annet virkestoff,,,,deler av lokaliteten,1620,FRØYA,16,Sør-Trøndelag,63.81735,8.462483,6,Nordmøre og Sør-Trøndelag,
33,2016,31557,Valøyan,medikamentell,badebehandling,Annet virkestoff,,,,deler av lokaliteten,1620,FRØYA,16,Sør-Trøndelag,63.81735,8.462483,6,Nordmøre og Sør-Trøndelag,
33,2016,31557,Valøyan,ikke-medikamentell,,,,,,deler av lokaliteten,1620,FRØYA,16,Sør-Trøndelag,63.81735,8.462483,6,Nordmøre og Sør-Trøndelag,
33,2016,13837,Verpeide,medikamentell,badebehandling,Annet virkestoff,,,,hele lokaliteten,1439,VÅGSØY,14,Sogn og Fjordane,61.902954,5.207967,4,Nordhordaland til Stadt,
33,2016,13837,Verpeide,ikke-medikamentell,,,,,,deler av lokaliteten,1439,VÅGSØY,14,Sogn og Fjordane,61.902954,5.207967,4,Nordhordaland til Stadt,
33,2016,12885,Vikageilen,rensefisk,,,1693,Bergnebb,832,deler av lokaliteten,1505,KRISTIANSUND,15,Møre og Romsdal,63.075783,7.906067,6,Nordmøre og Sør-Trøndelag,
33,2016,27315,Vikane 1,rensefisk,,,1694,Grøngylt,602,deler av lokaliteten,1227,JONDAL,12,Hordaland,60.26125,6.225083,3,Karmøy til Sotra,
33,2016,27315,Vikane 1,rensefisk,,,1693,Bergnebb,845,deler av lokaliteten,1227,JONDAL,12,Hordaland,60.26125,6.225083,3,Karmøy til Sotra,
33,2016,27315,Vikane 1,rensefisk,,,1691,Berggylt,31,deler av lokaliteten,1227,JONDAL,12,Hordaland,60.26125,6.225083,3,Karmøy til Sotra,
33,2016,10616,Vinnalandet,medikamentell,badebehandling,Hydrogenperoksid,,,,deler av lokaliteten,2004,HAMMERFEST,20,Finnmark,70.57315,23.397882,12,Vest-Finnmark,
33,2016,13246,Voldnes,rensefisk,,,1694,Grøngylt,7727,deler av lokaliteten,1515,HERØY I MØRE OG ROMSDAL,15,Møre og Romsdal,62.2097,5.7849,5,Stadt til Hustadvika,
33,2016,13246,Voldnes,rensefisk,,,1693,Bergnebb,955,deler av lokaliteten,1515,HERØY I MØRE OG ROMSDAL,15,Møre og Romsdal,62.2097,5.7849,5,Stadt til Hustadvika,
33,2016,13246,Voldnes,rensefisk,,,1691,Berggylt,915,deler av lokaliteten,1515,HERØY I MØRE OG ROMSDAL,15,Møre og Romsdal,62.2097,5.7849,5,Stadt til Hustadvika,
32,2016,10298,Ålforo,medikamentell,badebehandling,Azamethiphos,,,,deler av lokaliteten,1222,FITJAR,12,Hordaland,59.8665,5.244133,3,Karmøy til Sotra,
32,2016,10319,Ålvora,rensefisk,,,1694,Grøngylt,25287,hele lokaliteten,1401,FLORA,14,Sogn og Fjordane,61.584034,5.133633,4,Nordhordaland til Stadt,
32,2016,10319,Ålvora,rensefisk,,,1691,Berggylt,891,hele lokaliteten,1401,FLORA,14,Sogn og Fjordane,61.584034,5.133633,4,Nordhordaland til Stadt,
32,2016,29816,Apalvikneset,rensefisk,,,1694,Grøngylt,5350,hele lokaliteten,1227,JONDAL,12,Hordaland,60.146217,6.121133,3,Karmøy til Sotra,
32,2016,11364,Årberg,medikamentell,fôrbehandling,Emamectin benzoat,,,,deler av lokaliteten,1928,TORSKEN,19,Troms,69.1959,16.91595,10,Andøya til Senja,
32,2016,35797,Årsetfjorden,rensefisk,,,1693,Bergnebb,2323,deler av lokaliteten,1751,NÆRØY,17,Nord-Trøndelag,65.00819,11.746417,7,Nord-Trøndelag med Bindal,
32,2016,12988,Aukrasanden,medikamentell,fôrbehandling,Emamectin benzoat,,,,hele lokaliteten,1547,AUKRA,15,Møre og Romsdal,62.783417,6.92605,5,Stadt til Hustadvika,
32,2016,12988,Aukrasanden,rensefisk,,,1694,Grøngylt,28684,hele lokaliteten,1547,AUKRA,15,Møre og Romsdal,62.783417,6.92605,5,Stadt til Hustadvika,
32,2016,12988,Aukrasanden,rensefisk,,,1693,Bergnebb,23323,hele lokaliteten,1547,AUKRA,15,Møre og Romsdal,62.783417,6.92605,5,Stadt til Hustadvika,
32,2016,12357,Aursøysva,rensefisk,,,1694,Grøngylt,10797,hele lokaliteten,1620,FRØYA,16,Sør-Trøndelag,63.801968,8.910767,6,Nordmøre og Sør-Trøndelag,
32,2016,11800,Austneståa,ikke-medikamentell,,,,,,deler av lokaliteten,1401,FLORA,14,Sogn og Fjordane,61.490818,5.171167,4,Nordhordaland til Stadt,
32,2016,31317,Bjørkvik,ikke-medikamentell,,,,,,deler av lokaliteten,1850,TYSFJORD,18,Nordland,68.02925,16.131416,9,Vestfjorden og Vesterålen,
32,2016,23436,Bjørnholmen,medikamentell,badebehandling,Annet virkestoff,,,,deler av lokaliteten,1412,SOLUND,14,Sogn og Fjordane,61.20635,4.938083,4,Nordhordaland til Stadt,
32,2016,23436,Bjørnholmen,ikke-medikamentell,,,,,,deler av lokaliteten,1412,SOLUND,14,Sogn og Fjordane,61.20635,4.938083,4,Nordhordaland til Stadt,
32,2016,34997,Bjørnøya,medikamentell,fôrbehandling,Emamectin benzoat,,,,deler av lokaliteten,1804,BODØ,18,Nordland,67.4164,14.428667,9,Vestfjorden og Vesterålen,
32,2016,34897,Brandsfjorden,ikke-medikamentell,,,,,,deler av lokaliteten,1632,ROAN,16,Sør-Trøndelag,64.22307,10.279933,6,Nordmøre og Sør-Trøndelag,
32,2016,11015,Brattholmen,medikamentell,badebehandling,Annet virkestoff,,,,hele lokaliteten,1818,HERØY I NORDLAND,18,Nordland,65.90735,12.220967,8,Helgeland til Bodø,
32,2016,12594,Breidvika,medikamentell,fôrbehandling,Emamectin benzoat,,,,deler av lokaliteten,1633,OSEN,16,Sør-Trøndelag,64.295364,10.397483,6,Nordmøre og Sør-Trøndelag,
32,2016,12594,Breidvika,rensefisk,,,2221,Rognkjeks (felles),20895,deler av lokaliteten,1633,OSEN,16,Sør-Trøndelag,64.295364,10.397483,6,Nordmøre og Sør-Trøndelag,
32,2016,10223,Bremnessvaet,rensefisk,,,1694,Grøngylt,208,deler av lokaliteten,1573,SMØLA,15,Møre og Romsdal,63.39795,8.214317,6,Nordmøre og Sør-Trøndelag,
32,2016,10223,Bremnessvaet,rensefisk,,,1693,Bergnebb,825,deler av lokaliteten,1573,SMØLA,15,Møre og Romsdal,63.39795,8.214317,6,Nordmøre og Sør-Trøndelag,
32,2016,10223,Bremnessvaet,rensefisk,,,1691,Berggylt,34,deler av lokaliteten,1573,SMØLA,15,Møre og Romsdal,63.39795,8.214317,6,Nordmøre og Sør-Trøndelag,
32,2016,12237,Brudevika,rensefisk,,,1694,Grøngylt,2760,deler av lokaliteten,1511,VANYLVEN,15,Møre og Romsdal,62.116566,5.420717,5,Stadt til Hustadvika,
32,2016,12237,Brudevika,rensefisk,,,1693,Bergnebb,320,deler av lokaliteten,1511,VANYLVEN,15,Møre og Romsdal,62.116566,5.420717,5,Stadt til Hustadvika,
32,2016,12237,Brudevika,rensefisk,,,1691,Berggylt,146,deler av lokaliteten,1511,VANYLVEN,15,Møre og Romsdal,62.116566,5.420717,5,Stadt til Hustadvika,
32,2016,33537,Buholmen,rensefisk,,,1693,Bergnebb,1063,deler av lokaliteten,1632,ROAN,16,Sør-Trøndelag,64.1569,10.008917,6,Nordmøre og Sør-Trøndelag,
32,2016,31137,Danielsnes,rensefisk,,,222120,Rognkjeks (hun),13800,deler av lokaliteten,2014,LOPPA,20,Finnmark,70.19172,22.321016,12,Vest-Finnmark,
32,2016,10338,Djupevik,rensefisk,,,1694,Grøngylt,2200,deler av lokaliteten,1238,KVAM,12,Hordaland,60.4075,6.356717,3,Karmøy til Sotra,
32,2016,20455,Djupevika,rensefisk,,,222120,Rognkjeks (hun),48726,hele lokaliteten,1224,KVINNHERAD,12,Hordaland,60.0406,6.010917,3,Karmøy til Sotra,
32,2016,26595,Djupevika,rensefisk,,,1692,Annen leppefisk,23438,deler av lokaliteten,1223,TYSNES,12,Hordaland,60.035816,5.342217,3,Karmøy til Sotra,
32,2016,32197,Dryna,ikke-medikamentell,,,,,,deler av lokaliteten,1545,MIDSUND,15,Møre og Romsdal,62.6444,6.5568,5,Stadt til Hustadvika,
32,2016,21415,Dyrholmen,rensefisk,,,1691,Berggylt,15147,deler av lokaliteten,1141,FINNØY,11,Rogaland,59.285484,5.8583,2,Ryfylke,
32,2016,35877,Eiterfjorden,medikamentell,fôrbehandling,Emamectin benzoat,,,,hele lokaliteten,1751,NÆRØY,17,Nord-Trøndelag,64.971634,11.723933,7,Nord-Trøndelag med Bindal,
32,2016,35877,Eiterfjorden,rensefisk,,,1693,Bergnebb,5947,deler av lokaliteten,1751,NÆRØY,17,Nord-Trøndelag,64.971634,11.723933,7,Nord-Trøndelag med Bindal,
32,2016,24575,Farmannsøya,rensefisk,,,1692,Annen leppefisk,36275,hele lokaliteten,1632,ROAN,16,Sør-Trøndelag,64.18452,10.1222,6,Nordmøre og Sør-Trøndelag,
32,2016,29296,Fleina,medikamentell,badebehandling,Annet virkestoff,,,,deler av lokaliteten,1838,GILDESKÅL,18,Nordland,67.0951,13.875217,8,Helgeland til Bodø,
32,2016,21335,Floteneset,rensefisk,,,1691,Berggylt,491,deler av lokaliteten,1416,HØYANGER,14,Sogn og Fjordane,61.1936,5.801617,4,Nordhordaland til Stadt,
32,2016,21335,Floteneset,rensefisk,,,1694,Grøngylt,2239,deler av lokaliteten,1416,HØYANGER,14,Sogn og Fjordane,61.1936,5.801617,4,Nordhordaland til Stadt,
32,2016,33697,Forrahammaren,ikke-medikamentell,,,,,,deler av lokaliteten,1613,SNILLFJORD,16,Sør-Trøndelag,63.350433,9.23325,6,Nordmøre og Sør-Trøndelag,
32,2016,11893,Fosså,rensefisk,,,1694,Grøngylt,706,deler av lokaliteten,1133,HJELMELAND,11,Rogaland,59.2699,6.14295,2,Ryfylke,
32,2016,11893,Fosså,rensefisk,,,1691,Berggylt,985,deler av lokaliteten,1133,HJELMELAND,11,Rogaland,59.2699,6.14295,2,Ryfylke,
32,2016,31437,Fuglåsen,rensefisk,,,1691,Berggylt,153,deler av lokaliteten,1573,SMØLA,15,Møre og Romsdal,63.44715,8.167767,6,Nordmøre og Sør-Trøndelag,
32,2016,31437,Fuglåsen,rensefisk,,,1693,Bergnebb,151,deler av lokaliteten,1573,SMØLA,15,Møre og Romsdal,63.44715,8.167767,6,Nordmøre og Sør-Trøndelag,
32,2016,31437,Fuglåsen,rensefisk,,,1694,Grøngylt,590,deler av lokaliteten,1573,SMØLA,15,Møre og Romsdal,63.44715,8.167767,6,Nordmøre og Sør-Trøndelag,
32,2016,12078,Gangdal,medikamentell,badebehandling,Annet virkestoff,,,,hele lokaliteten,1227,JONDAL,12,Hordaland,60.215935,6.156667,3,Karmøy til Sotra,
32,2016,33617,Gjerde,rensefisk,,,1694,Grøngylt,955,deler av lokaliteten,1576,AURE,15,Møre og Romsdal,63.299618,8.4183,6,Nordmøre og Sør-Trøndelag,
32,2016,33617,Gjerde,rensefisk,,,1691,Berggylt,2267,deler av lokaliteten,1576,AURE,15,Møre og Romsdal,63.299618,8.4183,6,Nordmøre og Sør-Trøndelag,
32,2016,33617,Gjerde,rensefisk,,,1693,Bergnebb,2297,deler av lokaliteten,1576,AURE,15,Møre og Romsdal,63.299618,8.4183,6,Nordmøre og Sør-Trøndelag,
32,2016,13852,Gjermundnes,rensefisk,,,1691,Berggylt,374,hele lokaliteten,1535,VESTNES,15,Møre og Romsdal,62.6275,7.192817,5,Stadt til Hustadvika,
32,2016,13852,Gjermundnes,rensefisk,,,1694,Grøngylt,9248,hele lokaliteten,1535,VESTNES,15,Møre og Romsdal,62.6275,7.192817,5,Stadt til Hustadvika,
32,2016,13852,Gjermundnes,rensefisk,,,1693,Bergnebb,53713,hele lokaliteten,1535,VESTNES,15,Møre og Romsdal,62.6275,7.192817,5,Stadt til Hustadvika,
32,2016,31717,Gjerset Vest,rensefisk,,,1693,Bergnebb,9431,hele lokaliteten,1534,HARAM,15,Møre og Romsdal,62.5305,6.428583,5,Stadt til Hustadvika,
32,2016,31717,Gjerset Vest,rensefisk,,,1691,Berggylt,1921,hele lokaliteten,1534,HARAM,15,Møre og Romsdal,62.5305,6.428583,5,Stadt til Hustadvika,
32,2016,31717,Gjerset Vest,rensefisk,,,1694,Grøngylt,15762,hele lokaliteten,1534,HARAM,15,Møre og Romsdal,62.5305,6.428583,5,Stadt til Hustadvika,
32,2016,32037,Grasholman,rensefisk,,,1693,Bergnebb,9000,deler av lokaliteten,1834,LURØY,18,Nordland,66.34873,12.779417,8,Helgeland til Bodø,
32,2016,12435,Grøttingsøy,medikamentell,badebehandling,Annet virkestoff,,,,deler av lokaliteten,1620,FRØYA,16,Sør-Trøndelag,63.879684,8.543767,6,Nordmøre og Sør-Trøndelag,
32,2016,12435,Grøttingsøy,medikamentell,badebehandling,Annet virkestoff,,,,deler av lokaliteten,1620,FRØYA,16,Sør-Trøndelag,63.879684,8.543767,6,Nordmøre og Sør-Trøndelag,
32,2016,12435,Grøttingsøy,ikke-medikamentell,,,,,,deler av lokaliteten,1620,FRØYA,16,Sør-Trøndelag,63.879684,8.543767,6,Nordmøre og Sør-Trøndelag,
32,2016,12265,Gudmundset,rensefisk,,,1691,Berggylt,822,deler av lokaliteten,1529,SKODJE,15,Møre og Romsdal,62.4527,6.602483,5,Stadt til Hustadvika,
32,2016,10318,Gulestø,rensefisk,,,1694,Grøngylt,4066,hele lokaliteten,1438,BREMANGER,14,Sogn og Fjordane,61.75802,5.069883,4,Nordhordaland til Stadt,
32,2016,10318,Gulestø,rensefisk,,,1693,Bergnebb,1629,hele lokaliteten,1438,BREMANGER,14,Sogn og Fjordane,61.75802,5.069883,4,Nordhordaland til Stadt,
32,2016,10318,Gulestø,rensefisk,,,1691,Berggylt,616,hele lokaliteten,1438,BREMANGER,14,Sogn og Fjordane,61.75802,5.069883,4,Nordhordaland til Stadt,
32,2016,24735,Gulholmen,rensefisk,,,1692,Annen leppefisk,10661,deler av lokaliteten,1243,OS I HORDALAND,12,Hordaland,60.1282,5.400467,3,Karmøy til Sotra,
32,2016,12789,Gunnarøya,rensefisk,,,1691,Berggylt,2,deler av lokaliteten,1613,SNILLFJORD,16,Sør-Trøndelag,63.569485,9.467983,6,Nordmøre og Sør-Trøndelag,
32,2016,12789,Gunnarøya,rensefisk,,,1694,Grøngylt,825,deler av lokaliteten,1613,SNILLFJORD,16,Sør-Trøndelag,63.569485,9.467983,6,Nordmøre og Sør-Trøndelag,
32,2016,12789,Gunnarøya,rensefisk,,,1693,Bergnebb,1416,deler av lokaliteten,1613,SNILLFJORD,16,Sør-Trøndelag,63.569485,9.467983,6,Nordmøre og Sør-Trøndelag,
32,2016,29697,Hafsmo,ikke-medikamentell,,,,,,deler av lokaliteten,1613,SNILLFJORD,16,Sør-Trøndelag,63.3667,9.245217,6,Nordmøre og Sør-Trøndelag,
32,2016,13886,Hallarøy V,medikamentell,fôrbehandling,Emamectin benzoat,,,,hele lokaliteten,1620,FRØYA,16,Sør-Trøndelag,63.998116,9.129283,6,Nordmøre og Sør-Trøndelag,
32,2016,13886,Hallarøy V,rensefisk,,,1694,Grøngylt,11594,deler av lokaliteten,1620,FRØYA,16,Sør-Trøndelag,63.998116,9.129283,6,Nordmøre og Sør-Trøndelag,
32,2016,13886,Hallarøy V,rensefisk,,,1693,Bergnebb,2928,deler av lokaliteten,1620,FRØYA,16,Sør-Trøndelag,63.998116,9.129283,6,Nordmøre og Sør-Trøndelag,
32,2016,13886,Hallarøy V,rensefisk,,,1691,Berggylt,1026,deler av lokaliteten,1620,FRØYA,16,Sør-Trøndelag,63.998116,9.129283,6,Nordmøre og Sør-Trøndelag,
32,2016,10194,Hellaren,rensefisk,,,1694,Grøngylt,1000,hele lokaliteten,1545,MIDSUND,15,Møre og Romsdal,62.735832,6.74745,5,Stadt til Hustadvika,
32,2016,10194,Hellaren,rensefisk,,,1693,Bergnebb,9000,hele lokaliteten,1545,MIDSUND,15,Møre og Romsdal,62.735832,6.74745,5,Stadt til Hustadvika,
32,2016,10194,Hellaren,rensefisk,,,1691,Berggylt,12,hele lokaliteten,1545,MIDSUND,15,Møre og Romsdal,62.735832,6.74745,5,Stadt til Hustadvika,
32,2016,18015,Hestabyneset,rensefisk,,,1692,Annen leppefisk,4041,deler av lokaliteten,1223,TYSNES,12,Hordaland,59.954018,5.451667,3,Karmøy til Sotra,
32,2016,14136,Hestholmen Ø,rensefisk,,,1693,Bergnebb,660,deler av lokaliteten,1144,KVITSØY,11,Rogaland,59.061516,5.445683,2,Ryfylke,
32,2016,34677,Hestøya,rensefisk,,,1693,Bergnebb,12000,hele lokaliteten,1573,SMØLA,15,Møre og Romsdal,63.3095,8.115567,6,Nordmøre og Sør-Trøndelag,
32,2016,12036,Hisdalen,medikamentell,badebehandling,Annet virkestoff,,,,deler av lokaliteten,1224,KVINNHERAD,12,Hordaland,60.126118,5.9305,3,Karmøy til Sotra,
32,2016,12036,Hisdalen,rensefisk,,,1694,Grøngylt,11452,hele lokaliteten,1224,KVINNHERAD,12,Hordaland,60.126118,5.9305,3,Karmøy til Sotra,
32,2016,15655,Hjartøy N,rensefisk,,,2221,Rognkjeks (felles),10347,deler av lokaliteten,1828,NESNA,18,Nordland,66.23579,12.709967,8,Helgeland til Bodø,
32,2016,33957,Hofsøya,ikke-medikamentell,,,,,,deler av lokaliteten,1620,FRØYA,16,Sør-Trøndelag,63.722168,8.913317,6,Nordmøre og Sør-Trøndelag,
32,2016,33957,Hofsøya,rensefisk,,,1693,Bergnebb,2285,deler av lokaliteten,1620,FRØYA,16,Sør-Trøndelag,63.722168,8.913317,6,Nordmøre og Sør-Trøndelag,
32,2016,33957,Hofsøya,rensefisk,,,1694,Grøngylt,15490,deler av lokaliteten,1620,FRØYA,16,Sør-Trøndelag,63.722168,8.913317,6,Nordmøre og Sør-Trøndelag,
32,2016,33957,Hofsøya,rensefisk,,,1691,Berggylt,5218,deler av lokaliteten,1620,FRØYA,16,Sør-Trøndelag,63.722168,8.913317,6,Nordmøre og Sør-Trøndelag,
32,2016,13231,Høylandssund,rensefisk,,,1694,Grøngylt,2081,deler av lokaliteten,1224,KVINNHERAD,12,Hordaland,59.77755,5.8298,3,Karmøy til Sotra,
32,2016,13231,Høylandssund,rensefisk,,,1691,Berggylt,101,deler av lokaliteten,1224,KVINNHERAD,12,Hordaland,59.77755,5.8298,3,Karmøy til Sotra,
32,2016,18936,Igerøy Ø,medikamentell,badebehandling,Hydrogenperoksid,,,,deler av lokaliteten,1815,VEGA,18,Nordland,65.68622,12.138533,8,Helgeland til Bodø,
32,2016,27095,Ihlholmen,ikke-medikamentell,,,,,,hele lokaliteten,1160,VINDAFJORD,11,Rogaland,59.7215,5.586633,3,Karmøy til Sotra,
32,2016,10240,Ilsøya Ø,rensefisk,,,1693,Bergnebb,20500,hele lokaliteten,1617,HITRA,16,Sør-Trøndelag,63.651974,8.88687,6,Nordmøre og Sør-Trøndelag,
32,2016,13220,Kalhag,rensefisk,,,1694,Grøngylt,936,deler av lokaliteten,1130,STRAND,11,Rogaland,58.974716,5.93595,2,Ryfylke,
32,2016,13220,Kalhag,rensefisk,,,1691,Berggylt,90,deler av lokaliteten,1130,STRAND,11,Rogaland,58.974716,5.93595,2,Ryfylke,
32,2016,31517,Kamholmen,rensefisk,,,1694,Grøngylt,2369,hele lokaliteten,1620,FRØYA,16,Sør-Trøndelag,63.762417,8.882933,6,Nordmøre og Sør-Trøndelag,
32,2016,31517,Kamholmen,rensefisk,,,1693,Bergnebb,22009,hele lokaliteten,1620,FRØYA,16,Sør-Trøndelag,63.762417,8.882933,6,Nordmøre og Sør-Trøndelag,
32,2016,14042,Kattholmen,ikke-medikamentell,,,,,,deler av lokaliteten,1620,FRØYA,16,Sør-Trøndelag,63.870968,8.679017,6,Nordmøre og Sør-Trøndelag,
32,2016,14042,Kattholmen,rensefisk,,,222120,Rognkjeks (hun),23813,deler av lokaliteten,1620,FRØYA,16,Sør-Trøndelag,63.870968,8.679017,6,Nordmøre og Sør-Trøndelag,
32,2016,30437,Kattholmen II,ikke-medikamentell,,,,,,deler av lokaliteten,1620,FRØYA,16,Sør-Trøndelag,63.8661,8.675683,6,Nordmøre og Sør-Trøndelag,
32,2016,13225,Kilaneset,rensefisk,,,1693,Bergnebb,1469,hele lokaliteten,1134,SULDAL,11,Rogaland,59.31335,6.2672,2,Ryfylke,
32,2016,13225,Kilaneset,rensefisk,,,1694,Grøngylt,1961,hele lokaliteten,1134,SULDAL,11,Rogaland,59.31335,6.2672,2,Ryfylke,
32,2016,33577,Kjeholmen II,rensefisk,,,1694,Grøngylt,10000,hele lokaliteten,1003,FARSUND,10,Vest-Agder,58.06008,6.885683,1,Svenskegrensen til Jæren,
32,2016,33577,Kjeholmen II,rensefisk,,,1694,Grøngylt,7000,hele lokaliteten,1003,FARSUND,10,Vest-Agder,58.06008,6.885683,1,Svenskegrensen til Jæren,
32,2016,10409,Kjelneset,rensefisk,,,1694,Grøngylt,14845,deler av lokaliteten,1748,FOSNES,17,Nord-Trøndelag,64.64391,11.388517,7,Nord-Trøndelag med Bindal,
32,2016,10409,Kjelneset,rensefisk,,,1691,Berggylt,3876,deler av lokaliteten,1748,FOSNES,17,Nord-Trøndelag,64.64391,11.388517,7,Nord-Trøndelag med Bindal,
32,2016,12294,Kjerstad,ikke-medikamentell,,,,,,hele lokaliteten,1534,HARAM,15,Møre og Romsdal,62.622368,6.224883,5,Stadt til Hustadvika,
32,2016,11763,Knappen,medikamentell,badebehandling,Annet virkestoff,,,,hele lokaliteten,1259,ØYGARDEN,12,Hordaland,60.5735,4.818517,4,Nordhordaland til Stadt,
32,2016,10113,Kobbavika,rensefisk,,,1694,Grøngylt,502,deler av lokaliteten,1141,FINNØY,11,Rogaland,59.12232,5.934433,2,Ryfylke,
32,2016,10113,Kobbavika,rensefisk,,,1691,Berggylt,223,deler av lokaliteten,1141,FINNØY,11,Rogaland,59.12232,5.934433,2,Ryfylke,
32,2016,13764,Kokvika,rensefisk,,,1693,Bergnebb,1504,deler av lokaliteten,1834,LURØY,18,Nordland,66.41282,12.956867,8,Helgeland til Bodø,
32,2016,12855,Kornstad,rensefisk,,,1694,Grøngylt,813,deler av lokaliteten,1554,AVERØY,15,Møre og Romsdal,62.960384,7.45015,6,Nordmøre og Sør-Trøndelag,
32,2016,12855,Kornstad,rensefisk,,,1693,Bergnebb,6068,deler av lokaliteten,1554,AVERØY,15,Møre og Romsdal,62.960384,7.45015,6,Nordmøre og Sør-Trøndelag,
32,2016,12855,Kornstad,rensefisk,,,1691,Berggylt,94,deler av lokaliteten,1554,AVERØY,15,Møre og Romsdal,62.960384,7.45015,6,Nordmøre og Sør-Trøndelag,
32,2016,10224,Korsneset,rensefisk,,,1694,Grøngylt,2069,deler av lokaliteten,1571,HALSA,15,Møre og Romsdal,63.14268,8.225383,6,Nordmøre og Sør-Trøndelag,
32,2016,10224,Korsneset,rensefisk,,,1691,Berggylt,448,deler av lokaliteten,1571,HALSA,15,Møre og Romsdal,63.14268,8.225383,6,Nordmøre og Sør-Trøndelag,
32,2016,10224,Korsneset,rensefisk,,,1693,Bergnebb,11857,deler av lokaliteten,1571,HALSA,15,Møre og Romsdal,63.14268,8.225383,6,Nordmøre og Sør-Trøndelag,
32,2016,32097,Korsneset 2,rensefisk,,,1691,Berggylt,623,deler av lokaliteten,1571,HALSA,15,Møre og Romsdal,63.14123,8.21375,6,Nordmøre og Sør-Trøndelag,
32,2016,32097,Korsneset 2,rensefisk,,,1693,Bergnebb,7764,deler av lokaliteten,1571,HALSA,15,Møre og Romsdal,63.14123,8.21375,6,Nordmøre og Sør-Trøndelag,
32,2016,11809,Krabbestig,rensefisk,,,1694,Grøngylt,5512,deler av lokaliteten,1439,VÅGSØY,14,Sogn og Fjordane,61.894566,5.0616,4,Nordhordaland til Stadt,
32,2016,11809,Krabbestig,rensefisk,,,1693,Bergnebb,277,deler av lokaliteten,1439,VÅGSØY,14,Sogn og Fjordane,61.894566,5.0616,4,Nordhordaland til Stadt,
32,2016,11809,Krabbestig,rensefisk,,,1691,Berggylt,2150,deler av lokaliteten,1439,VÅGSØY,14,Sogn og Fjordane,61.894566,5.0616,4,Nordhordaland til Stadt,
32,2016,12239,Kråknes,medikamentell,fôrbehandling,Emamectin benzoat,,,,hele lokaliteten,1547,AUKRA,15,Møre og Romsdal,62.83145,6.962733,5,Stadt til Hustadvika,
32,2016,12652,Kråkøya,ikke-medikamentell,,,,,,deler av lokaliteten,1750,VIKNA,17,Nord-Trøndelag,65.00383,11.041483,7,Nord-Trøndelag med Bindal,
32,2016,18217,Kvaløy Øst,rensefisk,,,1694,Grøngylt,1316,deler av lokaliteten,1149,KARMØY,11,Rogaland,59.396633,5.171083,3,Karmøy til Sotra,
32,2016,18217,Kvaløy Øst,rensefisk,,,1691,Berggylt,168,deler av lokaliteten,1149,KARMØY,11,Rogaland,59.396633,5.171083,3,Karmøy til Sotra,
32,2016,13831,Kvamme,rensefisk,,,1692,Annen leppefisk,1330,deler av lokaliteten,1253,OSTERØY,12,Hordaland,60.518333,5.3811,4,Nordhordaland til Stadt,
32,2016,12213,Kvangardsnes,ikke-medikamentell,,,,,,hele lokaliteten,1519,VOLDA,15,Møre og Romsdal,62.145317,5.94545,5,Stadt til Hustadvika,
32,2016,24975,Kvernavika,rensefisk,,,1692,Annen leppefisk,3290,deler av lokaliteten,1223,TYSNES,12,Hordaland,60.069283,5.351183,3,Karmøy til Sotra,
32,2016,10041,Kviksholmen,rensefisk,,,1694,Grøngylt,27000,hele lokaliteten,1244,AUSTEVOLL,12,Hordaland,60.054317,5.090733,3,Karmøy til Sotra,
32,2016,10041,Kviksholmen,rensefisk,,,1691,Berggylt,1500,hele lokaliteten,1244,AUSTEVOLL,12,Hordaland,60.054317,5.090733,3,Karmøy til Sotra,
32,2016,13234,Kysnes,medikamentell,badebehandling,Annet virkestoff,,,,hele lokaliteten,1227,JONDAL,12,Hordaland,60.19877,6.09685,3,Karmøy til Sotra,
32,2016,24715,Langholmen,rensefisk,,,1694,Grøngylt,11360,hele lokaliteten,1141,FINNØY,11,Rogaland,59.097282,5.835917,2,Ryfylke,
32,2016,24715,Langholmen,rensefisk,,,1691,Berggylt,1409,hele lokaliteten,1141,FINNØY,11,Rogaland,59.097282,5.835917,2,Ryfylke,
32,2016,20559,Langskjæra,ikke-medikamentell,,,,,,deler av lokaliteten,1620,FRØYA,16,Sør-Trøndelag,63.8225,8.75505,6,Nordmøre og Sør-Trøndelag,
32,2016,33557,Langskjæra II,rensefisk,,,1691,Berggylt,66,deler av lokaliteten,1620,FRØYA,16,Sør-Trøndelag,63.82245,8.74075,6,Nordmøre og Sør-Trøndelag,
32,2016,33557,Langskjæra II,rensefisk,,,1693,Bergnebb,1700,deler av lokaliteten,1620,FRØYA,16,Sør-Trøndelag,63.82245,8.74075,6,Nordmøre og Sør-Trøndelag,
32,2016,26675,Leirholmen,rensefisk,,,1693,Bergnebb,14906,hele lokaliteten,1834,LURØY,18,Nordland,66.3565,12.530117,8,Helgeland til Bodø,
32,2016,12870,Leite,rensefisk,,,1694,Grøngylt,446,deler av lokaliteten,1554,AVERØY,15,Møre og Romsdal,63.035984,7.678117,6,Nordmøre og Sør-Trøndelag,
32,2016,12870,Leite,rensefisk,,,1693,Bergnebb,15646,deler av lokaliteten,1554,AVERØY,15,Møre og Romsdal,63.035984,7.678117,6,Nordmøre og Sør-Trøndelag,
32,2016,12870,Leite,rensefisk,,,1691,Berggylt,295,deler av lokaliteten,1554,AVERØY,15,Møre og Romsdal,63.035984,7.678117,6,Nordmøre og Sør-Trøndelag,
32,2016,10990,Lille Åsvær,rensefisk,,,2221,Rognkjeks (felles),32107,deler av lokaliteten,1827,DØNNA,18,Nordland,66.22988,12.317533,8,Helgeland til Bodø,
32,2016,12392,Lille Torsøy,rensefisk,,,1694,Grøngylt,10074,deler av lokaliteten,1617,HITRA,16,Sør-Trøndelag,63.605633,8.48855,6,Nordmøre og Sør-Trøndelag,
32,2016,12392,Lille Torsøy,rensefisk,,,1691,Berggylt,871,deler av lokaliteten,1617,HITRA,16,Sør-Trøndelag,63.605633,8.48855,6,Nordmøre og Sør-Trøndelag,
32,2016,28396,Lindarholmen,rensefisk,,,1694,Grøngylt,6418,deler av lokaliteten,1223,TYSNES,12,Hordaland,60.084034,5.638667,3,Karmøy til Sotra,
32,2016,14039,Litle Lunnøy,rensefisk,,,1692,Annen leppefisk,1581,hele lokaliteten,1244,AUSTEVOLL,12,Hordaland,60.02005,5.169533,3,Karmøy til Sotra,
32,2016,14039,Litle Lunnøy,rensefisk,,,1694,Grøngylt,3826,hele lokaliteten,1244,AUSTEVOLL,12,Hordaland,60.02005,5.169533,3,Karmøy til Sotra,
32,2016,14039,Litle Lunnøy,rensefisk,,,1693,Bergnebb,35575,hele lokaliteten,1244,AUSTEVOLL,12,Hordaland,60.02005,5.169533,3,Karmøy til Sotra,
32,2016,28996,Loddetå,medikamentell,badebehandling,Annet virkestoff,,,,hele lokaliteten,1216,SVEIO,12,Hordaland,59.691643,5.54298,3,Karmøy til Sotra,
32,2016,14043,Lybergsvika,rensefisk,,,1691,Berggylt,1434,deler av lokaliteten,1539,RAUMA,15,Møre og Romsdal,62.641582,7.448583,5,Stadt til Hustadvika,
32,2016,32057,Lyngøy,ikke-medikamentell,,,,,,hele lokaliteten,1750,VIKNA,17,Nord-Trøndelag,64.81865,10.935217,7,Nord-Trøndelag med Bindal,
32,2016,28956,Meløysjøen,ikke-medikamentell,,,,,,deler av lokaliteten,1837,MELØY,18,Nordland,66.819984,13.461467,8,Helgeland til Bodø,
32,2016,13629,Munkholmen,rensefisk,,,1694,Grøngylt,1261,deler av lokaliteten,1146,TYSVÆR,11,Rogaland,59.285484,5.631317,2,Ryfylke,
32,2016,13629,Munkholmen,rensefisk,,,1691,Berggylt,145,deler av lokaliteten,1146,TYSVÆR,11,Rogaland,59.285484,5.631317,2,Ryfylke,
32,2016,29957,Nakkestad,rensefisk,,,1694,Grøngylt,2500,hele lokaliteten,1032,LYNGDAL,10,Vest-Agder,58.055832,7.06875,1,Svenskegrensen til Jæren,
32,2016,29957,Nakkestad,rensefisk,,,1693,Bergnebb,11000,hele lokaliteten,1032,LYNGDAL,10,Vest-Agder,58.055832,7.06875,1,Svenskegrensen til Jæren,
32,2016,11864,Napp,rensefisk,,,1691,Berggylt,1500,hele lokaliteten,1004,FLEKKEFJORD,10,Vest-Agder,58.24867,6.53675,1,Svenskegrensen til Jæren,
32,2016,14495,Nordeimsøyna,rensefisk,,,1691,Berggylt,7770,deler av lokaliteten,1141,FINNØY,11,Rogaland,59.28695,5.812483,2,Ryfylke,
32,2016,10791,Nordnes,ikke-medikamentell,,,,,,deler av lokaliteten,2012,ALTA,20,Finnmark,70.2831,23.400017,12,Vest-Finnmark,
32,2016,33937,Nørholmen,rensefisk,,,1694,Grøngylt,151,deler av lokaliteten,1573,SMØLA,15,Møre og Romsdal,63.338917,8.2718,6,Nordmøre og Sør-Trøndelag,
32,2016,33937,Nørholmen,rensefisk,,,1693,Bergnebb,275,deler av lokaliteten,1573,SMØLA,15,Møre og Romsdal,63.338917,8.2718,6,Nordmøre og Sør-Trøndelag,
32,2016,33937,Nørholmen,rensefisk,,,1691,Berggylt,47,deler av lokaliteten,1573,SMØLA,15,Møre og Romsdal,63.338917,8.2718,6,Nordmøre og Sør-Trøndelag,
32,2016,10181,Oksebåsen V,rensefisk,,,1694,Grøngylt,14776,deler av lokaliteten,1532,GISKE,15,Møre og Romsdal,62.5174,6.15805,5,Stadt til Hustadvika,
32,2016,10181,Oksebåsen V,rensefisk,,,1691,Berggylt,295,deler av lokaliteten,1532,GISKE,15,Møre og Romsdal,62.5174,6.15805,5,Stadt til Hustadvika,
32,2016,12383,Omsøyholman,ikke-medikamentell,,,,,,deler av lokaliteten,1617,HITRA,16,Sør-Trøndelag,63.63162,8.574817,6,Nordmøre og Sør-Trøndelag,
32,2016,12383,Omsøyholman,rensefisk,,,1691,Berggylt,3591,deler av lokaliteten,1617,HITRA,16,Sør-Trøndelag,63.63162,8.574817,6,Nordmøre og Sør-Trøndelag,
32,2016,12383,Omsøyholman,rensefisk,,,1694,Grøngylt,17753,deler av lokaliteten,1617,HITRA,16,Sør-Trøndelag,63.63162,8.574817,6,Nordmøre og Sør-Trøndelag,
32,2016,12179,Oslandsurda,medikamentell,badebehandling,Azamethiphos,,,,hele lokaliteten,1416,HØYANGER,14,Sogn og Fjordane,61.0795,5.8099,4,Nordhordaland til Stadt,
32,2016,12179,Oslandsurda,medikamentell,badebehandling,Cypermethrin,,,,hele lokaliteten,1416,HØYANGER,14,Sogn og Fjordane,61.0795,5.8099,4,Nordhordaland til Stadt,
32,2016,33417,Persflua,rensefisk,,,1694,Grøngylt,746,deler av lokaliteten,1627,BJUGN,16,Sør-Trøndelag,63.91345,9.826433,6,Nordmøre og Sør-Trøndelag,
32,2016,33417,Persflua,rensefisk,,,1693,Bergnebb,8248,deler av lokaliteten,1627,BJUGN,16,Sør-Trøndelag,63.91345,9.826433,6,Nordmøre og Sør-Trøndelag,
32,2016,33417,Persflua,rensefisk,,,1691,Berggylt,46,deler av lokaliteten,1627,BJUGN,16,Sør-Trøndelag,63.91345,9.826433,6,Nordmøre og Sør-Trøndelag,
32,2016,11651,Ramsøy S,rensefisk,,,1692,Annen leppefisk,2295,deler av lokaliteten,1247,ASKØY,12,Hordaland,60.434082,5.062733,3,Karmøy til Sotra,
32,2016,11651,Ramsøy S,rensefisk,,,1694,Grøngylt,8500,deler av lokaliteten,1247,ASKØY,12,Hordaland,60.434082,5.062733,3,Karmøy til Sotra,
32,2016,11651,Ramsøy S,rensefisk,,,1691,Berggylt,246,deler av lokaliteten,1247,ASKØY,12,Hordaland,60.434082,5.062733,3,Karmøy til Sotra,
32,2016,12366,Raskjæret,rensefisk,,,1694,Grøngylt,4226,hele lokaliteten,1620,FRØYA,16,Sør-Trøndelag,63.793617,8.854567,6,Nordmøre og Sør-Trøndelag,
32,2016,29116,Reiråklakken,rensefisk,,,1693,Bergnebb,1879,deler av lokaliteten,1573,SMØLA,15,Møre og Romsdal,63.450333,8.167717,6,Nordmøre og Sør-Trøndelag,
32,2016,29116,Reiråklakken,rensefisk,,,1691,Berggylt,827,deler av lokaliteten,1573,SMØLA,15,Møre og Romsdal,63.450333,8.167717,6,Nordmøre og Sør-Trøndelag,
32,2016,17357,Rennaren,rensefisk,,,1694,Grøngylt,3946,deler av lokaliteten,1142,RENNESØY,11,Rogaland,59.131584,5.72165,2,Ryfylke,
32,2016,17357,Rennaren,rensefisk,,,1693,Bergnebb,2511,deler av lokaliteten,1142,RENNESØY,11,Rogaland,59.131584,5.72165,2,Ryfylke,
32,2016,10893,Rensøya N,ikke-medikamentell,,,,,,deler av lokaliteten,1835,TRÆNA,18,Nordland,66.502815,12.070967,8,Helgeland til Bodø,
32,2016,30657,Revøy,rensefisk,,,1693,Bergnebb,16000,hele lokaliteten,1032,LYNGDAL,10,Vest-Agder,58.0243,7.0268,1,Svenskegrensen til Jæren,
32,2016,12298,Røysa,rensefisk,,,1694,Grøngylt,599,deler av lokaliteten,1532,GISKE,15,Møre og Romsdal,62.54865,6.1417,5,Stadt til Hustadvika,
32,2016,12298,Røysa,rensefisk,,,1691,Berggylt,490,deler av lokaliteten,1532,GISKE,15,Møre og Romsdal,62.54865,6.1417,5,Stadt til Hustadvika,
32,2016,10328,Sagvik,rensefisk,,,1694,Grøngylt,4559,deler av lokaliteten,1238,KVAM,12,Hordaland,60.141033,5.906933,3,Karmøy til Sotra,
32,2016,12019,Saltkjelen II,rensefisk,,,1694,Grøngylt,2573,deler av lokaliteten,1227,JONDAL,12,Hordaland,60.248016,6.2014,3,Karmøy til Sotra,
32,2016,12019,Saltkjelen II,rensefisk,,,1693,Bergnebb,2103,deler av lokaliteten,1227,JONDAL,12,Hordaland,60.248016,6.2014,3,Karmøy til Sotra,
32,2016,12019,Saltkjelen II,rensefisk,,,1691,Berggylt,47,deler av lokaliteten,1227,JONDAL,12,Hordaland,60.248016,6.2014,3,Karmøy til Sotra,
32,2016,13296,Sandnes Ø,ikke-medikamentell,,,,,,deler av lokaliteten,1866,HADSEL,18,Nordland,68.582535,14.941883,9,Vestfjorden og Vesterålen,
32,2016,13706,Seljeset,rensefisk,,,1694,Grøngylt,1940,hele lokaliteten,1401,FLORA,14,Sogn og Fjordane,61.580868,5.243233,4,Nordhordaland til Stadt,
32,2016,13706,Seljeset,rensefisk,,,1691,Berggylt,63,hele lokaliteten,1401,FLORA,14,Sogn og Fjordane,61.580868,5.243233,4,Nordhordaland til Stadt,
32,2016,12844,Seterneset,rensefisk,,,1694,Grøngylt,11283,hele lokaliteten,1502,MOLDE,15,Møre og Romsdal,62.67393,7.31415,5,Stadt til Hustadvika,
32,2016,12844,Seterneset,rensefisk,,,1691,Berggylt,3519,hele lokaliteten,1502,MOLDE,15,Møre og Romsdal,62.67393,7.31415,5,Stadt til Hustadvika,
32,2016,12244,Setevika,rensefisk,,,1691,Berggylt,270,deler av lokaliteten,1545,MIDSUND,15,Møre og Romsdal,62.728065,6.939283,5,Stadt til Hustadvika,
32,2016,12244,Setevika,rensefisk,,,1694,Grøngylt,2240,deler av lokaliteten,1545,MIDSUND,15,Møre og Romsdal,62.728065,6.939283,5,Stadt til Hustadvika,
32,2016,20796,Skarbukta,rensefisk,,,1691,Berggylt,272,deler av lokaliteten,1539,RAUMA,15,Møre og Romsdal,62.59785,7.367717,5,Stadt til Hustadvika,
32,2016,20796,Skarbukta,rensefisk,,,1694,Grøngylt,1866,deler av lokaliteten,1539,RAUMA,15,Møre og Romsdal,62.59785,7.367717,5,Stadt til Hustadvika,
32,2016,34117,Skåtholmen,rensefisk,,,1694,Grøngylt,4975,deler av lokaliteten,1241,FUSA,12,Hordaland,60.17177,5.563633,3,Karmøy til Sotra,
32,2016,11861,Skipningsdalen,rensefisk,,,1694,Grøngylt,1207,deler av lokaliteten,1004,FLEKKEFJORD,10,Vest-Agder,58.24148,6.5958,1,Svenskegrensen til Jæren,
32,2016,11861,Skipningsdalen,rensefisk,,,1691,Berggylt,1856,deler av lokaliteten,1004,FLEKKEFJORD,10,Vest-Agder,58.24148,6.5958,1,Svenskegrensen til Jæren,
32,2016,11640,Skorpeosen,medikamentell,badebehandling,Annet virkestoff,,,,deler av lokaliteten,1246,FJELL,12,Hordaland,60.332535,4.942783,3,Karmøy til Sotra,
32,2016,12108,Skorpo Nv,rensefisk,,,1692,Annen leppefisk,29507,deler av lokaliteten,1224,KVINNHERAD,12,Hordaland,59.95323,5.827133,3,Karmøy til Sotra,
32,2016,28096,Slåttenes,medikamentell,badebehandling,Annet virkestoff,,,,deler av lokaliteten,1224,KVINNHERAD,12,Hordaland,59.83222,5.984267,3,Karmøy til Sotra,
32,2016,28096,Slåttenes,medikamentell,badebehandling,Azamethiphos,,,,deler av lokaliteten,1224,KVINNHERAD,12,Hordaland,59.83222,5.984267,3,Karmøy til Sotra,
32,2016,27436,Solværet,rensefisk,,,1693,Bergnebb,1538,deler av lokaliteten,1573,SMØLA,15,Møre og Romsdal,63.255,7.856933,6,Nordmøre og Sør-Trøndelag,
32,2016,27436,Solværet,rensefisk,,,1691,Berggylt,1747,deler av lokaliteten,1573,SMØLA,15,Møre og Romsdal,63.255,7.856933,6,Nordmøre og Sør-Trøndelag,
32,2016,27436,Solværet,rensefisk,,,1694,Grøngylt,6019,deler av lokaliteten,1573,SMØLA,15,Møre og Romsdal,63.255,7.856933,6,Nordmøre og Sør-Trøndelag,
32,2016,15375,Sørøyflesa,medikamentell,fôrbehandling,Emamectin benzoat,,,,hele lokaliteten,1620,FRØYA,16,Sør-Trøndelag,63.98405,9.057067,6,Nordmøre og Sør-Trøndelag,
32,2016,36017,Sørværet,ikke-medikamentell,,,,,,hele lokaliteten,1818,HERØY I NORDLAND,18,Nordland,65.88035,11.93045,8,Helgeland til Bodø,
32,2016,13708,Steinvik,ikke-medikamentell,,,,,,hele lokaliteten,1401,FLORA,14,Sogn og Fjordane,61.565266,5.31025,4,Nordhordaland til Stadt,
32,2016,13290,Stigvika,ikke-medikamentell,,,,,,hele lokaliteten,1838,GILDESKÅL,18,Nordland,67.06885,14.076133,8,Helgeland til Bodø,
32,2016,31217,Stokkasjøen,medikamentell,badebehandling,Hydrogenperoksid,,,,deler av lokaliteten,1816,VEVELSTAD,18,Nordland,65.782715,12.592317,8,Helgeland til Bodø,
32,2016,10417,Storbukta,rensefisk,,,1693,Bergnebb,15327,deler av lokaliteten,1751,NÆRØY,17,Nord-Trøndelag,64.9591,11.6157,7,Nord-Trøndelag med Bindal,
32,2016,10974,Store Bukkøy N,rensefisk,,,1693,Bergnebb,21753,hele lokaliteten,1834,LURØY,18,Nordland,66.40135,12.420717,8,Helgeland til Bodø,
32,2016,11971,Store Teistholmen Ø,rensefisk,,,1693,Bergnebb,2907,deler av lokaliteten,1102,SANDNES,11,Rogaland,58.97685,5.867383,2,Ryfylke,
32,2016,11971,Store Teistholmen Ø,rensefisk,,,1694,Grøngylt,7912,deler av lokaliteten,1102,SANDNES,11,Rogaland,58.97685,5.867383,2,Ryfylke,
32,2016,35817,Storevika,medikamentell,fôrbehandling,Emamectin benzoat,,,,hele lokaliteten,1804,BODØ,18,Nordland,67.18557,14.388433,8,Helgeland til Bodø,
32,2016,31338,Storskjeret,rensefisk,,,1693,Bergnebb,1697,deler av lokaliteten,1576,AURE,15,Møre og Romsdal,63.26985,8.228283,6,Nordmøre og Sør-Trøndelag,
32,2016,11858,Støytland,rensefisk,,,1694,Grøngylt,2810,deler av lokaliteten,1004,FLEKKEFJORD,10,Vest-Agder,58.2316,6.628533,1,Svenskegrensen til Jæren,
32,2016,11858,Støytland,rensefisk,,,1691,Berggylt,288,deler av lokaliteten,1004,FLEKKEFJORD,10,Vest-Agder,58.2316,6.628533,1,Svenskegrensen til Jæren,
32,2016,12081,Straumneset,medikamentell,badebehandling,Annet virkestoff,,,,hele lokaliteten,1227,JONDAL,12,Hordaland,60.220966,6.139567,3,Karmøy til Sotra,
32,2016,12074,Svåsandneset,rensefisk,,,1694,Grøngylt,9173,deler av lokaliteten,1227,JONDAL,12,Hordaland,60.32422,6.318983,3,Karmøy til Sotra,
32,2016,12074,Svåsandneset,rensefisk,,,1693,Bergnebb,300,deler av lokaliteten,1227,JONDAL,12,Hordaland,60.32422,6.318983,3,Karmøy til Sotra,
32,2016,12074,Svåsandneset,rensefisk,,,1691,Berggylt,1305,deler av lokaliteten,1227,JONDAL,12,Hordaland,60.32422,6.318983,3,Karmøy til Sotra,
32,2016,11776,Sveholmane,ikke-medikamentell,,,,,,hele lokaliteten,1401,FLORA,14,Sogn og Fjordane,61.557716,5.215333,4,Nordhordaland til Stadt,
32,2016,12449,Tennøya,ikke-medikamentell,,,,,,deler av lokaliteten,1620,FRØYA,16,Sør-Trøndelag,63.805035,8.4444,6,Nordmøre og Sør-Trøndelag,
32,2016,25815,Tittelsnes,medikamentell,badebehandling,Annet virkestoff,,,,hele lokaliteten,1216,SVEIO,12,Hordaland,59.723484,5.533483,3,Karmøy til Sotra,
32,2016,30717,Tveitnes,rensefisk,,,1694,Grøngylt,900,deler av lokaliteten,1238,KVAM,12,Hordaland,60.414185,6.402,3,Karmøy til Sotra,
32,2016,10968,Vardskjær Ø,rensefisk,,,1693,Bergnebb,552,hele lokaliteten,1834,LURØY,18,Nordland,66.35845,12.485017,8,Helgeland til Bodø,
32,2016,27315,Vikane 1,rensefisk,,,1694,Grøngylt,785,deler av lokaliteten,1227,JONDAL,12,Hordaland,60.26125,6.225083,3,Karmøy til Sotra,
32,2016,27315,Vikane 1,rensefisk,,,1693,Bergnebb,347,deler av lokaliteten,1227,JONDAL,12,Hordaland,60.26125,6.225083,3,Karmøy til Sotra,
32,2016,27315,Vikane 1,rensefisk,,,1691,Berggylt,37,deler av lokaliteten,1227,JONDAL,12,Hordaland,60.26125,6.225083,3,Karmøy til Sotra,
32,2016,13246,Voldnes,rensefisk,,,1694,Grøngylt,11855,deler av lokaliteten,1515,HERØY I MØRE OG ROMSDAL,15,Møre og Romsdal,62.2097,5.7849,5,Stadt til Hustadvika,
32,2016,13246,Voldnes,rensefisk,,,1693,Bergnebb,1854,deler av lokaliteten,1515,HERØY I MØRE OG ROMSDAL,15,Møre og Romsdal,62.2097,5.7849,5,Stadt til Hustadvika,
32,2016,13246,Voldnes,rensefisk,,,1691,Berggylt,643,deler av lokaliteten,1515,HERØY I MØRE OG ROMSDAL,15,Møre og Romsdal,62.2097,5.7849,5,Stadt til Hustadvika,
31,2016,10331,Åkre,rensefisk,,,1694,Grøngylt,5942,hele lokaliteten,1224,KVINNHERAD,12,Hordaland,60.112434,6.042483,3,Karmøy til Sotra,
31,2016,10331,Åkre,rensefisk,,,1693,Bergnebb,11058,hele lokaliteten,1224,KVINNHERAD,12,Hordaland,60.112434,6.042483,3,Karmøy til Sotra,
31,2016,10298,Ålforo,medikamentell,badebehandling,Azamethiphos,,,,deler av lokaliteten,1222,FITJAR,12,Hordaland,59.8665,5.244133,3,Karmøy til Sotra,
31,2016,10298,Ålforo,ikke-medikamentell,,,,,,deler av lokaliteten,1222,FITJAR,12,Hordaland,59.8665,5.244133,3,Karmøy til Sotra,
31,2016,10298,Ålforo,rensefisk,,,1692,Annen leppefisk,9046,deler av lokaliteten,1222,FITJAR,12,Hordaland,59.8665,5.244133,3,Karmøy til Sotra,
31,2016,32277,Andholmen 1,rensefisk,,,1694,Grøngylt,7640,hele lokaliteten,1573,SMØLA,15,Møre og Romsdal,63.469784,7.8556,6,Nordmøre og Sør-Trøndelag,
31,2016,32277,Andholmen 1,rensefisk,,,1691,Berggylt,1883,hele lokaliteten,1573,SMØLA,15,Møre og Romsdal,63.469784,7.8556,6,Nordmøre og Sør-Trøndelag,
31,2016,32277,Andholmen 1,rensefisk,,,1693,Bergnebb,9577,hele lokaliteten,1573,SMØLA,15,Møre og Romsdal,63.469784,7.8556,6,Nordmøre og Sør-Trøndelag,
31,2016,32297,Andholmen 2,rensefisk,,,1694,Grøngylt,8948,hele lokaliteten,1573,SMØLA,15,Møre og Romsdal,63.46745,7.847167,6,Nordmøre og Sør-Trøndelag,
31,2016,32297,Andholmen 2,rensefisk,,,1693,Bergnebb,7424,hele lokaliteten,1573,SMØLA,15,Møre og Romsdal,63.46745,7.847167,6,Nordmøre og Sør-Trøndelag,
31,2016,35797,Årsetfjorden,medikamentell,fôrbehandling,Emamectin benzoat,,,,hele lokaliteten,1751,NÆRØY,17,Nord-Trøndelag,65.00819,11.746417,7,Nord-Trøndelag med Bindal,
31,2016,35797,Årsetfjorden,rensefisk,,,1693,Bergnebb,13107,deler av lokaliteten,1751,NÆRØY,17,Nord-Trøndelag,65.00819,11.746417,7,Nord-Trøndelag med Bindal,
31,2016,13254,Aukan,ikke-medikamentell,,,,,,deler av lokaliteten,1554,AVERØY,15,Møre og Romsdal,63.0603,7.594283,6,Nordmøre og Sør-Trøndelag,
31,2016,12988,Aukrasanden,medikamentell,fôrbehandling,Emamectin benzoat,,,,hele lokaliteten,1547,AUKRA,15,Møre og Romsdal,62.783417,6.92605,5,Stadt til Hustadvika,
31,2016,12988,Aukrasanden,rensefisk,,,1694,Grøngylt,12343,hele lokaliteten,1547,AUKRA,15,Møre og Romsdal,62.783417,6.92605,5,Stadt til Hustadvika,
31,2016,12988,Aukrasanden,rensefisk,,,1693,Bergnebb,3660,hele lokaliteten,1547,AUKRA,15,Møre og Romsdal,62.783417,6.92605,5,Stadt til Hustadvika,
31,2016,11800,Austneståa,medikamentell,fôrbehandling,Emamectin benzoat,,,,deler av lokaliteten,1401,FLORA,14,Sogn og Fjordane,61.490818,5.171167,4,Nordhordaland til Stadt,
31,2016,13845,Beitveit,rensefisk,,,1694,Grøngylt,8790,hele lokaliteten,1441,SELJE,14,Sogn og Fjordane,62.141216,5.32675,5,Stadt til Hustadvika,
31,2016,13845,Beitveit,rensefisk,,,1693,Bergnebb,1860,hele lokaliteten,1441,SELJE,14,Sogn og Fjordane,62.141216,5.32675,5,Stadt til Hustadvika,
31,2016,13845,Beitveit,rensefisk,,,1692,Annen leppefisk,4175,hele lokaliteten,1441,SELJE,14,Sogn og Fjordane,62.141216,5.32675,5,Stadt til Hustadvika,
31,2016,13845,Beitveit,rensefisk,,,1691,Berggylt,714,hele lokaliteten,1441,SELJE,14,Sogn og Fjordane,62.141216,5.32675,5,Stadt til Hustadvika,
31,2016,12095,Bergadalen,ikke-medikamentell,,,,,,deler av lokaliteten,1238,KVAM,12,Hordaland,60.1216,5.908883,3,Karmøy til Sotra,
31,2016,12178,Bjønnspjotneset,ikke-medikamentell,,,,,,deler av lokaliteten,1416,HØYANGER,14,Sogn og Fjordane,61.098083,5.82545,4,Nordhordaland til Stadt,
31,2016,12308,Bjørndal,ikke-medikamentell,,,,,,hele lokaliteten,1520,ØRSTA,15,Møre og Romsdal,62.274883,6.00285,5,Stadt til Hustadvika,
31,2016,23436,Bjørnholmen,medikamentell,badebehandling,Annet virkestoff,,,,deler av lokaliteten,1412,SOLUND,14,Sogn og Fjordane,61.20635,4.938083,4,Nordhordaland til Stadt,
31,2016,15796,Borgarliflot,rensefisk,,,1691,Berggylt,8413,hele lokaliteten,1134,SULDAL,11,Rogaland,59.3892,5.924733,2,Ryfylke,
31,2016,15796,Borgarliflot,rensefisk,,,1693,Bergnebb,6860,hele lokaliteten,1134,SULDAL,11,Rogaland,59.3892,5.924733,2,Ryfylke,
31,2016,15796,Borgarliflot,rensefisk,,,1694,Grøngylt,8254,hele lokaliteten,1134,SULDAL,11,Rogaland,59.3892,5.924733,2,Ryfylke,
31,2016,34897,Brandsfjorden,ikke-medikamentell,,,,,,deler av lokaliteten,1632,ROAN,16,Sør-Trøndelag,64.22307,10.279933,6,Nordmøre og Sør-Trøndelag,
31,2016,11488,Brattavika,rensefisk,,,1694,Grøngylt,10000,hele lokaliteten,1244,AUSTEVOLL,12,Hordaland,60.044117,5.303317,3,Karmøy til Sotra,
31,2016,11488,Brattavika,rensefisk,,,1691,Berggylt,10000,hele lokaliteten,1244,AUSTEVOLL,12,Hordaland,60.044117,5.303317,3,Karmøy til Sotra,
31,2016,10223,Bremnessvaet,rensefisk,,,1694,Grøngylt,458,deler av lokaliteten,1573,SMØLA,15,Møre og Romsdal,63.39795,8.214317,6,Nordmøre og Sør-Trøndelag,
31,2016,10223,Bremnessvaet,rensefisk,,,1693,Bergnebb,1963,deler av lokaliteten,1573,SMØLA,15,Møre og Romsdal,63.39795,8.214317,6,Nordmøre og Sør-Trøndelag,
31,2016,10223,Bremnessvaet,rensefisk,,,1691,Berggylt,173,deler av lokaliteten,1573,SMØLA,15,Møre og Romsdal,63.39795,8.214317,6,Nordmøre og Sør-Trøndelag,
31,2016,34197,Brennholmen,rensefisk,,,1693,Bergnebb,38000,hele lokaliteten,1818,HERØY I NORDLAND,18,Nordland,65.978714,12.16355,8,Helgeland til Bodø,
31,2016,12237,Brudevika,medikamentell,fôrbehandling,Emamectin benzoat,,,,deler av lokaliteten,1511,VANYLVEN,15,Møre og Romsdal,62.116566,5.420717,5,Stadt til Hustadvika,
31,2016,12237,Brudevika,rensefisk,,,1694,Grøngylt,5110,deler av lokaliteten,1511,VANYLVEN,15,Møre og Romsdal,62.116566,5.420717,5,Stadt til Hustadvika,
31,2016,12237,Brudevika,rensefisk,,,1693,Bergnebb,5490,deler av lokaliteten,1511,VANYLVEN,15,Møre og Romsdal,62.116566,5.420717,5,Stadt til Hustadvika,
31,2016,12237,Brudevika,rensefisk,,,1691,Berggylt,1720,deler av lokaliteten,1511,VANYLVEN,15,Møre og Romsdal,62.116566,5.420717,5,Stadt til Hustadvika,
31,2016,33537,Buholmen,ikke-medikamentell,,,,,,deler av lokaliteten,1632,ROAN,16,Sør-Trøndelag,64.1569,10.008917,6,Nordmøre og Sør-Trøndelag,
31,2016,33537,Buholmen,rensefisk,,,1693,Bergnebb,1201,deler av lokaliteten,1632,ROAN,16,Sør-Trøndelag,64.1569,10.008917,6,Nordmøre og Sør-Trøndelag,
31,2016,33537,Buholmen,rensefisk,,,222120,Rognkjeks (hun),34893,deler av lokaliteten,1632,ROAN,16,Sør-Trøndelag,64.1569,10.008917,6,Nordmøre og Sør-Trøndelag,
31,2016,27976,Bukkholmen,medikamentell,badebehandling,Annet virkestoff,,,,hele lokaliteten,1820,ALSTAHAUG,18,Nordland,65.9184,12.244683,8,Helgeland til Bodø,
31,2016,12361,Bukkholmen S,rensefisk,,,1693,Bergnebb,626,deler av lokaliteten,1620,FRØYA,16,Sør-Trøndelag,63.72368,8.8631,6,Nordmøre og Sør-Trøndelag,
31,2016,32457,Dalsvåg Nv,rensefisk,,,1692,Annen leppefisk,210,deler av lokaliteten,1149,KARMØY,11,Rogaland,59.410816,5.21725,3,Karmøy til Sotra,
31,2016,32457,Dalsvåg Nv,rensefisk,,,1694,Grøngylt,6632,deler av lokaliteten,1149,KARMØY,11,Rogaland,59.410816,5.21725,3,Karmøy til Sotra,
31,2016,32457,Dalsvåg Nv,rensefisk,,,1691,Berggylt,587,deler av lokaliteten,1149,KARMØY,11,Rogaland,59.410816,5.21725,3,Karmøy til Sotra,
31,2016,12659,Digerneset,medikamentell,fôrbehandling,Emamectin benzoat,,,,hele lokaliteten,1751,NÆRØY,17,Nord-Trøndelag,64.78657,11.727917,7,Nord-Trøndelag med Bindal,
31,2016,14799,Djupestallen,rensefisk,,,1692,Annen leppefisk,2380,deler av lokaliteten,1223,TYSNES,12,Hordaland,60.058735,5.453,3,Karmøy til Sotra,
31,2016,10110,Djupevik,rensefisk,,,1694,Grøngylt,3077,deler av lokaliteten,1141,FINNØY,11,Rogaland,59.1474,5.863783,2,Ryfylke,
31,2016,10110,Djupevik,rensefisk,,,1691,Berggylt,965,deler av lokaliteten,1141,FINNØY,11,Rogaland,59.1474,5.863783,2,Ryfylke,
31,2016,26595,Djupevika,rensefisk,,,1692,Annen leppefisk,13987,deler av lokaliteten,1223,TYSNES,12,Hordaland,60.035816,5.342217,3,Karmøy til Sotra,
31,2016,32197,Dryna,ikke-medikamentell,,,,,,deler av lokaliteten,1545,MIDSUND,15,Møre og Romsdal,62.6444,6.5568,5,Stadt til Hustadvika,
31,2016,21415,Dyrholmen,rensefisk,,,1691,Berggylt,10021,deler av lokaliteten,1141,FINNØY,11,Rogaland,59.285484,5.8583,2,Ryfylke,
31,2016,32117,Dyrholmen Øst,rensefisk,,,1693,Bergnebb,15400,hele lokaliteten,1222,FITJAR,12,Hordaland,59.9332,5.239467,3,Karmøy til Sotra,
31,2016,12033,Dysvik,rensefisk,,,1694,Grøngylt,3300,deler av lokaliteten,1238,KVAM,12,Hordaland,60.191017,5.967617,3,Karmøy til Sotra,
31,2016,12033,Dysvik,rensefisk,,,1693,Bergnebb,600,deler av lokaliteten,1238,KVAM,12,Hordaland,60.191017,5.967617,3,Karmøy til Sotra,
31,2016,12033,Dysvik,rensefisk,,,1692,Annen leppefisk,100,deler av lokaliteten,1238,KVAM,12,Hordaland,60.191017,5.967617,3,Karmøy til Sotra,
31,2016,12033,Dysvik,rensefisk,,,1691,Berggylt,900,deler av lokaliteten,1238,KVAM,12,Hordaland,60.191017,5.967617,3,Karmøy til Sotra,
31,2016,30137,Edøya II,ikke-medikamentell,,,,,,hele lokaliteten,1617,HITRA,16,Sør-Trøndelag,63.65805,8.683667,6,Nordmøre og Sør-Trøndelag,
31,2016,30137,Edøya II,rensefisk,,,222120,Rognkjeks (hun),8329,hele lokaliteten,1617,HITRA,16,Sør-Trøndelag,63.65805,8.683667,6,Nordmøre og Sør-Trøndelag,
31,2016,15456,Eidesberget,ikke-medikamentell,,,,,,deler av lokaliteten,1416,HØYANGER,14,Sogn og Fjordane,61.105118,5.853883,4,Nordhordaland til Stadt,
31,2016,35877,Eiterfjorden,rensefisk,,,1693,Bergnebb,31166,deler av lokaliteten,1751,NÆRØY,17,Nord-Trøndelag,64.971634,11.723933,7,Nord-Trøndelag med Bindal,
31,2016,32597,Fjordprakken,rensefisk,,,1694,Grøngylt,1580,deler av lokaliteten,1573,SMØLA,15,Møre og Romsdal,63.256516,7.928067,6,Nordmøre og Sør-Trøndelag,
31,2016,32597,Fjordprakken,rensefisk,,,1691,Berggylt,1629,deler av lokaliteten,1573,SMØLA,15,Møre og Romsdal,63.256516,7.928067,6,Nordmøre og Sør-Trøndelag,
31,2016,32597,Fjordprakken,rensefisk,,,1693,Bergnebb,4883,deler av lokaliteten,1573,SMØLA,15,Møre og Romsdal,63.256516,7.928067,6,Nordmøre og Sør-Trøndelag,
31,2016,11833,Flåtegrunnen,rensefisk,,,1694,Grøngylt,6998,deler av lokaliteten,1401,FLORA,14,Sogn og Fjordane,61.57615,4.807333,4,Nordhordaland til Stadt,
31,2016,11833,Flåtegrunnen,rensefisk,,,1693,Bergnebb,6018,deler av lokaliteten,1401,FLORA,14,Sogn og Fjordane,61.57615,4.807333,4,Nordhordaland til Stadt,
31,2016,11833,Flåtegrunnen,rensefisk,,,1691,Berggylt,1214,deler av lokaliteten,1401,FLORA,14,Sogn og Fjordane,61.57615,4.807333,4,Nordhordaland til Stadt,
31,2016,19336,Flatholmen,rensefisk,,,1694,Grøngylt,14077,deler av lokaliteten,1106,HAUGESUND,11,Rogaland,59.4293,5.114483,3,Karmøy til Sotra,
31,2016,25895,Flornes,rensefisk,,,1692,Annen leppefisk,205,deler av lokaliteten,1223,TYSNES,12,Hordaland,59.890984,5.665983,3,Karmøy til Sotra,
31,2016,25895,Flornes,rensefisk,,,1694,Grøngylt,122,deler av lokaliteten,1223,TYSNES,12,Hordaland,59.890984,5.665983,3,Karmøy til Sotra,
31,2016,21335,Floteneset,rensefisk,,,1691,Berggylt,820,deler av lokaliteten,1416,HØYANGER,14,Sogn og Fjordane,61.1936,5.801617,4,Nordhordaland til Stadt,
31,2016,21335,Floteneset,rensefisk,,,1694,Grøngylt,4250,deler av lokaliteten,1416,HØYANGER,14,Sogn og Fjordane,61.1936,5.801617,4,Nordhordaland til Stadt,
31,2016,33697,Forrahammaren,ikke-medikamentell,,,,,,deler av lokaliteten,1613,SNILLFJORD,16,Sør-Trøndelag,63.350433,9.23325,6,Nordmøre og Sør-Trøndelag,
31,2016,11893,Fosså,rensefisk,,,1694,Grøngylt,2582,deler av lokaliteten,1133,HJELMELAND,11,Rogaland,59.2699,6.14295,2,Ryfylke,
31,2016,11893,Fosså,rensefisk,,,1691,Berggylt,1061,deler av lokaliteten,1133,HJELMELAND,11,Rogaland,59.2699,6.14295,2,Ryfylke,
31,2016,26935,Frovågneset,medikamentell,badebehandling,Annet virkestoff,,,,hele lokaliteten,1927,TRANØY,19,Troms,69.06865,17.061447,10,Andøya til Senja,
31,2016,31437,Fuglåsen,medikamentell,fôrbehandling,Annet virkestoff,,,,hele lokaliteten,1573,SMØLA,15,Møre og Romsdal,63.44715,8.167767,6,Nordmøre og Sør-Trøndelag,
31,2016,31437,Fuglåsen,rensefisk,,,222120,Rognkjeks (hun),14820,hele lokaliteten,1573,SMØLA,15,Møre og Romsdal,63.44715,8.167767,6,Nordmøre og Sør-Trøndelag,
31,2016,12078,Gangdal,medikamentell,badebehandling,Annet virkestoff,,,,deler av lokaliteten,1227,JONDAL,12,Hordaland,60.215935,6.156667,3,Karmøy til Sotra,
31,2016,24315,Gjæsingen,ikke-medikamentell,,,,,,deler av lokaliteten,1630,ÅFJORD,16,Sør-Trøndelag,64.117615,9.981417,6,Nordmøre og Sør-Trøndelag,
31,2016,24315,Gjæsingen,rensefisk,,,1694,Grøngylt,32932,deler av lokaliteten,1630,ÅFJORD,16,Sør-Trøndelag,64.117615,9.981417,6,Nordmøre og Sør-Trøndelag,
31,2016,24315,Gjæsingen,rensefisk,,,1691,Berggylt,3672,deler av lokaliteten,1630,ÅFJORD,16,Sør-Trøndelag,64.117615,9.981417,6,Nordmøre og Sør-Trøndelag,
31,2016,13036,Gjengane,rensefisk,,,1692,Annen leppefisk,1293,deler av lokaliteten,1244,AUSTEVOLL,12,Hordaland,60.071518,5.306383,3,Karmøy til Sotra,
31,2016,33617,Gjerde,rensefisk,,,1694,Grøngylt,744,deler av lokaliteten,1576,AURE,15,Møre og Romsdal,63.299618,8.4183,6,Nordmøre og Sør-Trøndelag,
31,2016,33617,Gjerde,rensefisk,,,1691,Berggylt,5030,deler av lokaliteten,1576,AURE,15,Møre og Romsdal,63.299618,8.4183,6,Nordmøre og Sør-Trøndelag,
31,2016,33617,Gjerde,rensefisk,,,1693,Bergnebb,4064,deler av lokaliteten,1576,AURE,15,Møre og Romsdal,63.299618,8.4183,6,Nordmøre og Sør-Trøndelag,
31,2016,13852,Gjermundnes,rensefisk,,,222120,Rognkjeks (hun),10364,deler av lokaliteten,1535,VESTNES,15,Møre og Romsdal,62.6275,7.192817,5,Stadt til Hustadvika,
31,2016,31717,Gjerset Vest,rensefisk,,,1693,Bergnebb,5921,hele lokaliteten,1534,HARAM,15,Møre og Romsdal,62.5305,6.428583,5,Stadt til Hustadvika,
31,2016,31717,Gjerset Vest,rensefisk,,,1694,Grøngylt,11769,hele lokaliteten,1534,HARAM,15,Møre og Romsdal,62.5305,6.428583,5,Stadt til Hustadvika,
31,2016,31717,Gjerset Vest,rensefisk,,,1691,Berggylt,1531,hele lokaliteten,1534,HARAM,15,Møre og Romsdal,62.5305,6.428583,5,Stadt til Hustadvika,
31,2016,11365,Gjervika,medikamentell,badebehandling,Annet virkestoff,,,,deler av lokaliteten,1927,TRANØY,19,Troms,69.050316,16.887266,10,Andøya til Senja,
31,2016,11771,Grisholmsundet,rensefisk,,,1694,Grøngylt,102,deler av lokaliteten,1265,FEDJE,12,Hordaland,60.7927,4.693717,4,Nordhordaland til Stadt,
31,2016,11771,Grisholmsundet,rensefisk,,,1693,Bergnebb,350,deler av lokaliteten,1265,FEDJE,12,Hordaland,60.7927,4.693717,4,Nordhordaland til Stadt,
31,2016,11771,Grisholmsundet,rensefisk,,,1691,Berggylt,336,deler av lokaliteten,1265,FEDJE,12,Hordaland,60.7927,4.693717,4,Nordhordaland til Stadt,
31,2016,12435,Grøttingsøy,medikamentell,badebehandling,Annet virkestoff,,,,deler av lokaliteten,1620,FRØYA,16,Sør-Trøndelag,63.879684,8.543767,6,Nordmøre og Sør-Trøndelag,
31,2016,12435,Grøttingsøy,medikamentell,badebehandling,Annet virkestoff,,,,deler av lokaliteten,1620,FRØYA,16,Sør-Trøndelag,63.879684,8.543767,6,Nordmøre og Sør-Trøndelag,
31,2016,12435,Grøttingsøy,ikke-medikamentell,,,,,,deler av lokaliteten,1620,FRØYA,16,Sør-Trøndelag,63.879684,8.543767,6,Nordmøre og Sør-Trøndelag,
31,2016,10318,Gulestø,rensefisk,,,1694,Grøngylt,9701,deler av lokaliteten,1438,BREMANGER,14,Sogn og Fjordane,61.75802,5.069883,4,Nordhordaland til Stadt,
31,2016,10318,Gulestø,rensefisk,,,1693,Bergnebb,3030,deler av lokaliteten,1438,BREMANGER,14,Sogn og Fjordane,61.75802,5.069883,4,Nordhordaland til Stadt,
31,2016,10318,Gulestø,rensefisk,,,1691,Berggylt,820,deler av lokaliteten,1438,BREMANGER,14,Sogn og Fjordane,61.75802,5.069883,4,Nordhordaland til Stadt,
31,2016,24735,Gulholmen,rensefisk,,,1692,Annen leppefisk,10440,deler av lokaliteten,1243,OS I HORDALAND,12,Hordaland,60.1282,5.400467,3,Karmøy til Sotra,
31,2016,12789,Gunnarøya,ikke-medikamentell,,,,,,hele lokaliteten,1613,SNILLFJORD,16,Sør-Trøndelag,63.569485,9.467983,6,Nordmøre og Sør-Trøndelag,
31,2016,12789,Gunnarøya,rensefisk,,,1693,Bergnebb,6246,hele lokaliteten,1613,SNILLFJORD,16,Sør-Trøndelag,63.569485,9.467983,6,Nordmøre og Sør-Trøndelag,
31,2016,12789,Gunnarøya,rensefisk,,,1691,Berggylt,7373,hele lokaliteten,1613,SNILLFJORD,16,Sør-Trøndelag,63.569485,9.467983,6,Nordmøre og Sør-Trøndelag,
31,2016,12789,Gunnarøya,rensefisk,,,1694,Grøngylt,28137,hele lokaliteten,1613,SNILLFJORD,16,Sør-Trøndelag,63.569485,9.467983,6,Nordmøre og Sør-Trøndelag,
31,2016,22095,Hågardsneset,rensefisk,,,1694,Grøngylt,8074,hele lokaliteten,1224,KVINNHERAD,12,Hordaland,59.9844,5.929967,3,Karmøy til Sotra,
31,2016,16755,Hageberg,rensefisk,,,1694,Grøngylt,10000,hele lokaliteten,1222,FITJAR,12,Hordaland,59.944218,5.434733,3,Karmøy til Sotra,
31,2016,16755,Hageberg,rensefisk,,,1693,Bergnebb,7000,hele lokaliteten,1222,FITJAR,12,Hordaland,59.944218,5.434733,3,Karmøy til Sotra,
31,2016,16755,Hageberg,rensefisk,,,1691,Berggylt,15000,hele lokaliteten,1222,FITJAR,12,Hordaland,59.944218,5.434733,3,Karmøy til Sotra,
31,2016,13886,Hallarøy V,rensefisk,,,1694,Grøngylt,4693,deler av lokaliteten,1620,FRØYA,16,Sør-Trøndelag,63.998116,9.129283,6,Nordmøre og Sør-Trøndelag,
31,2016,13886,Hallarøy V,rensefisk,,,1693,Bergnebb,1089,deler av lokaliteten,1620,FRØYA,16,Sør-Trøndelag,63.998116,9.129283,6,Nordmøre og Sør-Trøndelag,
31,2016,13886,Hallarøy V,rensefisk,,,1691,Berggylt,660,deler av lokaliteten,1620,FRØYA,16,Sør-Trøndelag,63.998116,9.129283,6,Nordmøre og Sør-Trøndelag,
31,2016,11740,Haverøy,medikamentell,badebehandling,Annet virkestoff,,,,deler av lokaliteten,1246,FJELL,12,Hordaland,60.404766,4.93995,3,Karmøy til Sotra,
31,2016,13235,Hessvik,rensefisk,,,1694,Grøngylt,361,deler av lokaliteten,1224,KVINNHERAD,12,Hordaland,60.127934,6.149933,3,Karmøy til Sotra,
31,2016,13235,Hessvik,rensefisk,,,1693,Bergnebb,919,deler av lokaliteten,1224,KVINNHERAD,12,Hordaland,60.127934,6.149933,3,Karmøy til Sotra,
31,2016,13235,Hessvik,rensefisk,,,1692,Annen leppefisk,317,deler av lokaliteten,1224,KVINNHERAD,12,Hordaland,60.127934,6.149933,3,Karmøy til Sotra,
31,2016,13235,Hessvik,rensefisk,,,1691,Berggylt,125,deler av lokaliteten,1224,KVINNHERAD,12,Hordaland,60.127934,6.149933,3,Karmøy til Sotra,
31,2016,18015,Hestabyneset,rensefisk,,,1692,Annen leppefisk,6074,deler av lokaliteten,1223,TYSNES,12,Hordaland,59.954018,5.451667,3,Karmøy til Sotra,
31,2016,14136,Hestholmen Ø,rensefisk,,,1693,Bergnebb,1980,deler av lokaliteten,1144,KVITSØY,11,Rogaland,59.061516,5.445683,2,Ryfylke,
31,2016,10300,Hillersvik,ikke-medikamentell,,,,,,hele lokaliteten,1216,SVEIO,12,Hordaland,59.6084,5.311917,3,Karmøy til Sotra,
31,2016,13643,Hjartholm,medikamentell,badebehandling,Azamethiphos,,,,hele lokaliteten,1411,GULEN,14,Sogn og Fjordane,61.03512,5.33105,4,Nordhordaland til Stadt,
31,2016,13643,Hjartholm,medikamentell,badebehandling,Deltamethrin,,,,hele lokaliteten,1411,GULEN,14,Sogn og Fjordane,61.03512,5.33105,4,Nordhordaland til Stadt,
31,2016,13931,Hjartøy Ø,rensefisk,,,2221,Rognkjeks (felles),21773,deler av lokaliteten,1848,STEIGEN,18,Nordland,67.6562,15.118567,9,Vestfjorden og Vesterålen,
31,2016,33218,Hosenøyan,rensefisk,,,222120,Rognkjeks (hun),33741,deler av lokaliteten,1630,ÅFJORD,16,Sør-Trøndelag,64.08518,9.884683,6,Nordmøre og Sør-Trøndelag,
31,2016,13231,Høylandssund,rensefisk,,,1691,Berggylt,269,deler av lokaliteten,1224,KVINNHERAD,12,Hordaland,59.77755,5.8298,3,Karmøy til Sotra,
31,2016,13231,Høylandssund,rensefisk,,,1694,Grøngylt,3395,deler av lokaliteten,1224,KVINNHERAD,12,Hordaland,59.77755,5.8298,3,Karmøy til Sotra,
31,2016,18936,Igerøy Ø,ikke-medikamentell,,,,,,deler av lokaliteten,1815,VEGA,18,Nordland,65.68622,12.138533,8,Helgeland til Bodø,
31,2016,12599,Indre Skjervøy,medikamentell,fôrbehandling,Emamectin benzoat,,,,deler av lokaliteten,1633,OSEN,16,Sør-Trøndelag,64.2858,10.30905,6,Nordmøre og Sør-Trøndelag,
31,2016,30036,Jørstadskjera,rensefisk,,,1694,Grøngylt,912,deler av lokaliteten,1141,FINNØY,11,Rogaland,59.296318,5.936933,2,Ryfylke,
31,2016,30036,Jørstadskjera,rensefisk,,,1693,Bergnebb,106,deler av lokaliteten,1141,FINNØY,11,Rogaland,59.296318,5.936933,2,Ryfylke,
31,2016,13220,Kalhag,rensefisk,,,1694,Grøngylt,7819,deler av lokaliteten,1130,STRAND,11,Rogaland,58.974716,5.93595,2,Ryfylke,
31,2016,13220,Kalhag,rensefisk,,,1691,Berggylt,838,deler av lokaliteten,1130,STRAND,11,Rogaland,58.974716,5.93595,2,Ryfylke,
31,2016,31517,Kamholmen,rensefisk,,,1693,Bergnebb,12548,hele lokaliteten,1620,FRØYA,16,Sør-Trøndelag,63.762417,8.882933,6,Nordmøre og Sør-Trøndelag,
31,2016,14042,Kattholmen,ikke-medikamentell,,,,,,deler av lokaliteten,1620,FRØYA,16,Sør-Trøndelag,63.870968,8.679017,6,Nordmøre og Sør-Trøndelag,
31,2016,14042,Kattholmen,rensefisk,,,222120,Rognkjeks (hun),15785,deler av lokaliteten,1620,FRØYA,16,Sør-Trøndelag,63.870968,8.679017,6,Nordmøre og Sør-Trøndelag,
31,2016,28976,Kelvesteinen,rensefisk,,,1691,Berggylt,1420,deler av lokaliteten,1246,FJELL,12,Hordaland,60.4029,5.063717,3,Karmøy til Sotra,
31,2016,28976,Kelvesteinen,rensefisk,,,1692,Annen leppefisk,14231,deler av lokaliteten,1246,FJELL,12,Hordaland,60.4029,5.063717,3,Karmøy til Sotra,
31,2016,13225,Kilaneset,rensefisk,,,1693,Bergnebb,4463,hele lokaliteten,1134,SULDAL,11,Rogaland,59.31335,6.2672,2,Ryfylke,
31,2016,13225,Kilaneset,rensefisk,,,1694,Grøngylt,4755,hele lokaliteten,1134,SULDAL,11,Rogaland,59.31335,6.2672,2,Ryfylke,
31,2016,12660,Kipholmen,medikamentell,fôrbehandling,Emamectin benzoat,,,,hele lokaliteten,1751,NÆRØY,17,Nord-Trøndelag,64.79387,11.689533,7,Nord-Trøndelag med Bindal,
31,2016,33577,Kjeholmen II,rensefisk,,,1694,Grøngylt,10000,hele lokaliteten,1003,FARSUND,10,Vest-Agder,58.06008,6.885683,1,Svenskegrensen til Jæren,
31,2016,33577,Kjeholmen II,rensefisk,,,1694,Grøngylt,7000,hele lokaliteten,1003,FARSUND,10,Vest-Agder,58.06008,6.885683,1,Svenskegrensen til Jæren,
31,2016,26135,Kjørsvikgrunn,ikke-medikamentell,,,,,,deler av lokaliteten,1612,HEMNE,16,Sør-Trøndelag,63.457565,9.076,6,Nordmøre og Sør-Trøndelag,
31,2016,26135,Kjørsvikgrunn,rensefisk,,,1693,Bergnebb,3363,deler av lokaliteten,1612,HEMNE,16,Sør-Trøndelag,63.457565,9.076,6,Nordmøre og Sør-Trøndelag,
31,2016,26135,Kjørsvikgrunn,rensefisk,,,1691,Berggylt,3498,deler av lokaliteten,1612,HEMNE,16,Sør-Trøndelag,63.457565,9.076,6,Nordmøre og Sør-Trøndelag,
31,2016,26135,Kjørsvikgrunn,rensefisk,,,1694,Grøngylt,11142,deler av lokaliteten,1612,HEMNE,16,Sør-Trøndelag,63.457565,9.076,6,Nordmøre og Sør-Trøndelag,
31,2016,10206,Kleven,medikamentell,badebehandling,Annet virkestoff,,,,hele lokaliteten,1554,AVERØY,15,Møre og Romsdal,63.0693,7.60185,6,Nordmøre og Sør-Trøndelag,
31,2016,11763,Knappen,medikamentell,badebehandling,Annet virkestoff,,,,deler av lokaliteten,1259,ØYGARDEN,12,Hordaland,60.5735,4.818517,4,Nordhordaland til Stadt,
31,2016,10113,Kobbavika,rensefisk,,,1694,Grøngylt,2832,deler av lokaliteten,1141,FINNØY,11,Rogaland,59.12232,5.934433,2,Ryfylke,
31,2016,10113,Kobbavika,rensefisk,,,1691,Berggylt,562,deler av lokaliteten,1141,FINNØY,11,Rogaland,59.12232,5.934433,2,Ryfylke,
31,2016,13764,Kokvika,medikamentell,fôrbehandling,Annet virkestoff,,,,deler av lokaliteten,1834,LURØY,18,Nordland,66.41282,12.956867,8,Helgeland til Bodø,
31,2016,13764,Kokvika,rensefisk,,,1693,Bergnebb,4105,deler av lokaliteten,1834,LURØY,18,Nordland,66.41282,12.956867,8,Helgeland til Bodø,
31,2016,12855,Kornstad,rensefisk,,,1694,Grøngylt,2013,deler av lokaliteten,1554,AVERØY,15,Møre og Romsdal,62.960384,7.45015,6,Nordmøre og Sør-Trøndelag,
31,2016,12855,Kornstad,rensefisk,,,1693,Bergnebb,354,deler av lokaliteten,1554,AVERØY,15,Møre og Romsdal,62.960384,7.45015,6,Nordmøre og Sør-Trøndelag,
31,2016,12855,Kornstad,rensefisk,,,1691,Berggylt,122,deler av lokaliteten,1554,AVERØY,15,Møre og Romsdal,62.960384,7.45015,6,Nordmøre og Sør-Trøndelag,
31,2016,10224,Korsneset,rensefisk,,,1691,Berggylt,509,deler av lokaliteten,1571,HALSA,15,Møre og Romsdal,63.14268,8.225383,6,Nordmøre og Sør-Trøndelag,
31,2016,10224,Korsneset,rensefisk,,,1693,Bergnebb,9427,deler av lokaliteten,1571,HALSA,15,Møre og Romsdal,63.14268,8.225383,6,Nordmøre og Sør-Trøndelag,
31,2016,10224,Korsneset,rensefisk,,,1694,Grøngylt,2048,deler av lokaliteten,1571,HALSA,15,Møre og Romsdal,63.14268,8.225383,6,Nordmøre og Sør-Trøndelag,
31,2016,32097,Korsneset 2,rensefisk,,,1694,Grøngylt,2528,deler av lokaliteten,1571,HALSA,15,Møre og Romsdal,63.14123,8.21375,6,Nordmøre og Sør-Trøndelag,
31,2016,32097,Korsneset 2,rensefisk,,,1693,Bergnebb,4865,deler av lokaliteten,1571,HALSA,15,Møre og Romsdal,63.14123,8.21375,6,Nordmøre og Sør-Trøndelag,
31,2016,32097,Korsneset 2,rensefisk,,,1691,Berggylt,1144,deler av lokaliteten,1571,HALSA,15,Møre og Romsdal,63.14123,8.21375,6,Nordmøre og Sør-Trøndelag,
31,2016,30297,Krabbholmen,rensefisk,,,1691,Berggylt,153,deler av lokaliteten,1630,ÅFJORD,16,Sør-Trøndelag,63.94438,9.880667,6,Nordmøre og Sør-Trøndelag,
31,2016,30297,Krabbholmen,rensefisk,,,1693,Bergnebb,7216,deler av lokaliteten,1630,ÅFJORD,16,Sør-Trøndelag,63.94438,9.880667,6,Nordmøre og Sør-Trøndelag,
31,2016,30297,Krabbholmen,rensefisk,,,1694,Grøngylt,33,deler av lokaliteten,1630,ÅFJORD,16,Sør-Trøndelag,63.94438,9.880667,6,Nordmøre og Sør-Trøndelag,
31,2016,33177,Krabbholmen II,rensefisk,,,1694,Grøngylt,37,deler av lokaliteten,1630,ÅFJORD,16,Sør-Trøndelag,63.9399,9.88575,6,Nordmøre og Sør-Trøndelag,
31,2016,33177,Krabbholmen II,rensefisk,,,1691,Berggylt,173,deler av lokaliteten,1630,ÅFJORD,16,Sør-Trøndelag,63.9399,9.88575,6,Nordmøre og Sør-Trøndelag,
31,2016,33177,Krabbholmen II,rensefisk,,,1693,Bergnebb,8387,deler av lokaliteten,1630,ÅFJORD,16,Sør-Trøndelag,63.9399,9.88575,6,Nordmøre og Sør-Trøndelag,
31,2016,12239,Kråknes,medikamentell,fôrbehandling,Emamectin benzoat,,,,hele lokaliteten,1547,AUKRA,15,Møre og Romsdal,62.83145,6.962733,5,Stadt til Hustadvika,
31,2016,12652,Kråkøya,rensefisk,,,2221,Rognkjeks (felles),29265,deler av lokaliteten,1750,VIKNA,17,Nord-Trøndelag,65.00383,11.041483,7,Nord-Trøndelag med Bindal,
31,2016,18217,Kvaløy Øst,rensefisk,,,1693,Bergnebb,1655,deler av lokaliteten,1149,KARMØY,11,Rogaland,59.396633,5.171083,3,Karmøy til Sotra,
31,2016,18217,Kvaløy Øst,rensefisk,,,1694,Grøngylt,1599,deler av lokaliteten,1149,KARMØY,11,Rogaland,59.396633,5.171083,3,Karmøy til Sotra,
31,2016,18217,Kvaløy Øst,rensefisk,,,1691,Berggylt,38,deler av lokaliteten,1149,KARMØY,11,Rogaland,59.396633,5.171083,3,Karmøy til Sotra,
31,2016,11074,Kvalvika,medikamentell,badebehandling,Annet virkestoff,,,,hele lokaliteten,1836,RØDØY,18,Nordland,66.66908,13.391633,8,Helgeland til Bodø,
31,2016,11714,Kvernhusvika,rensefisk,,,1693,Bergnebb,47,deler av lokaliteten,1412,SOLUND,14,Sogn og Fjordane,61.0678,4.94225,4,Nordhordaland til Stadt,
31,2016,11714,Kvernhusvika,rensefisk,,,1691,Berggylt,36,deler av lokaliteten,1412,SOLUND,14,Sogn og Fjordane,61.0678,4.94225,4,Nordhordaland til Stadt,
31,2016,11714,Kvernhusvika,rensefisk,,,1694,Grøngylt,600,deler av lokaliteten,1412,SOLUND,14,Sogn og Fjordane,61.0678,4.94225,4,Nordhordaland til Stadt,
31,2016,10041,Kviksholmen,rensefisk,,,1694,Grøngylt,34000,hele lokaliteten,1244,AUSTEVOLL,12,Hordaland,60.054317,5.090733,3,Karmøy til Sotra,
31,2016,10041,Kviksholmen,rensefisk,,,1691,Berggylt,2200,hele lokaliteten,1244,AUSTEVOLL,12,Hordaland,60.054317,5.090733,3,Karmøy til Sotra,
31,2016,13234,Kysnes,medikamentell,badebehandling,Annet virkestoff,,,,deler av lokaliteten,1227,JONDAL,12,Hordaland,60.19877,6.09685,3,Karmøy til Sotra,
31,2016,13234,Kysnes,rensefisk,,,1694,Grøngylt,2482,deler av lokaliteten,1227,JONDAL,12,Hordaland,60.19877,6.09685,3,Karmøy til Sotra,
31,2016,13234,Kysnes,rensefisk,,,1693,Bergnebb,103,deler av lokaliteten,1227,JONDAL,12,Hordaland,60.19877,6.09685,3,Karmøy til Sotra,
31,2016,13234,Kysnes,rensefisk,,,1691,Berggylt,18,deler av lokaliteten,1227,JONDAL,12,Hordaland,60.19877,6.09685,3,Karmøy til Sotra,
31,2016,24715,Langholmen,rensefisk,,,1694,Grøngylt,4763,deler av lokaliteten,1141,FINNØY,11,Rogaland,59.097282,5.835917,2,Ryfylke,
31,2016,24715,Langholmen,rensefisk,,,1691,Berggylt,196,deler av lokaliteten,1141,FINNØY,11,Rogaland,59.097282,5.835917,2,Ryfylke,
31,2016,13055,Langøyna Ø,rensefisk,,,1691,Berggylt,515,deler av lokaliteten,1146,TYSVÆR,11,Rogaland,59.2983,5.713333,2,Ryfylke,
31,2016,13055,Langøyna Ø,rensefisk,,,1694,Grøngylt,3855,deler av lokaliteten,1146,TYSVÆR,11,Rogaland,59.2983,5.713333,2,Ryfylke,
31,2016,20559,Langskjæra,ikke-medikamentell,,,,,,deler av lokaliteten,1620,FRØYA,16,Sør-Trøndelag,63.8225,8.75505,6,Nordmøre og Sør-Trøndelag,
31,2016,33557,Langskjæra II,rensefisk,,,1691,Berggylt,398,deler av lokaliteten,1620,FRØYA,16,Sør-Trøndelag,63.82245,8.74075,6,Nordmøre og Sør-Trøndelag,
31,2016,33557,Langskjæra II,rensefisk,,,1693,Bergnebb,5354,deler av lokaliteten,1620,FRØYA,16,Sør-Trøndelag,63.82245,8.74075,6,Nordmøre og Sør-Trøndelag,
31,2016,11438,Lauplandsholmen,rensefisk,,,1693,Bergnebb,4533,deler av lokaliteten,1145,BOKN,11,Rogaland,59.179733,5.472633,2,Ryfylke,
31,2016,19355,Låva,rensefisk,,,1694,Grøngylt,2912,deler av lokaliteten,1141,FINNØY,11,Rogaland,59.29677,5.9888,2,Ryfylke,
31,2016,19355,Låva,rensefisk,,,1693,Bergnebb,200,deler av lokaliteten,1141,FINNØY,11,Rogaland,59.29677,5.9888,2,Ryfylke,
31,2016,12870,Leite,rensefisk,,,1694,Grøngylt,384,deler av lokaliteten,1554,AVERØY,15,Møre og Romsdal,63.035984,7.678117,6,Nordmøre og Sør-Trøndelag,
31,2016,12870,Leite,rensefisk,,,1693,Bergnebb,13826,deler av lokaliteten,1554,AVERØY,15,Møre og Romsdal,63.035984,7.678117,6,Nordmøre og Sør-Trøndelag,
31,2016,12870,Leite,rensefisk,,,1691,Berggylt,233,deler av lokaliteten,1554,AVERØY,15,Møre og Romsdal,63.035984,7.678117,6,Nordmøre og Sør-Trøndelag,
31,2016,10990,Lille Åsvær,rensefisk,,,2221,Rognkjeks (felles),29294,deler av lokaliteten,1827,DØNNA,18,Nordland,66.22988,12.317533,8,Helgeland til Bodø,
31,2016,10840,Lille Kufjord,rensefisk,,,222120,Rognkjeks (hun),23218,deler av lokaliteten,2012,ALTA,20,Finnmark,70.34652,22.974916,12,Vest-Finnmark,
31,2016,28396,Lindarholmen,rensefisk,,,1694,Grøngylt,1447,deler av lokaliteten,1223,TYSNES,12,Hordaland,60.084034,5.638667,3,Karmøy til Sotra,
31,2016,14435,Ljøsøy N,ikke-medikamentell,,,,,,hele lokaliteten,1259,ØYGARDEN,12,Hordaland,60.565216,4.878433,4,Nordhordaland til Stadt,
31,2016,13549,Løypingneset,ikke-medikamentell,,,,,,hele lokaliteten,1438,BREMANGER,14,Sogn og Fjordane,61.819534,5.247667,4,Nordhordaland til Stadt,
31,2016,14043,Lybergsvika,rensefisk,,,1694,Grøngylt,3137,deler av lokaliteten,1539,RAUMA,15,Møre og Romsdal,62.641582,7.448583,5,Stadt til Hustadvika,
31,2016,14043,Lybergsvika,rensefisk,,,1691,Berggylt,3659,deler av lokaliteten,1539,RAUMA,15,Møre og Romsdal,62.641582,7.448583,5,Stadt til Hustadvika,
31,2016,10858,Mulingen,rensefisk,,,1693,Bergnebb,12522,hele lokaliteten,1811,BINDAL,18,Nordland,65.10865,12.442233,7,Nord-Trøndelag med Bindal,
31,2016,13629,Munkholmen,rensefisk,,,1694,Grøngylt,6304,deler av lokaliteten,1146,TYSVÆR,11,Rogaland,59.285484,5.631317,2,Ryfylke,
31,2016,13629,Munkholmen,rensefisk,,,1691,Berggylt,1250,deler av lokaliteten,1146,TYSVÆR,11,Rogaland,59.285484,5.631317,2,Ryfylke,
31,2016,29957,Nakkestad,rensefisk,,,1694,Grøngylt,2500,hele lokaliteten,1032,LYNGDAL,10,Vest-Agder,58.055832,7.06875,1,Svenskegrensen til Jæren,
31,2016,29957,Nakkestad,rensefisk,,,1693,Bergnebb,11000,hele lokaliteten,1032,LYNGDAL,10,Vest-Agder,58.055832,7.06875,1,Svenskegrensen til Jæren,
31,2016,11864,Napp,rensefisk,,,1694,Grøngylt,416,deler av lokaliteten,1004,FLEKKEFJORD,10,Vest-Agder,58.24867,6.53675,1,Svenskegrensen til Jæren,
31,2016,11864,Napp,rensefisk,,,1691,Berggylt,98,deler av lokaliteten,1004,FLEKKEFJORD,10,Vest-Agder,58.24867,6.53675,1,Svenskegrensen til Jæren,
31,2016,10375,Nord Leksa,rensefisk,,,1693,Bergnebb,3666,deler av lokaliteten,1622,AGDENES,16,Sør-Trøndelag,63.589466,9.409383,6,Nordmøre og Sør-Trøndelag,
31,2016,11041,Nord-Gåsvær,medikamentell,fôrbehandling,Emamectin benzoat,,,,hele lokaliteten,1818,HERØY I NORDLAND,18,Nordland,66.07035,12.065617,8,Helgeland til Bodø,
31,2016,11041,Nord-Gåsvær,rensefisk,,,1693,Bergnebb,25662,hele lokaliteten,1818,HERØY I NORDLAND,18,Nordland,66.07035,12.065617,8,Helgeland til Bodø,
31,2016,14495,Nordeimsøyna,rensefisk,,,1691,Berggylt,2515,deler av lokaliteten,1141,FINNØY,11,Rogaland,59.28695,5.812483,2,Ryfylke,
31,2016,11129,Nordfugløy,medikamentell,badebehandling,Hydrogenperoksid,,,,hele lokaliteten,1838,GILDESKÅL,18,Nordland,67.083916,13.85685,8,Helgeland til Bodø,
31,2016,33937,Nørholmen,medikamentell,fôrbehandling,Emamectin benzoat,,,,deler av lokaliteten,1573,SMØLA,15,Møre og Romsdal,63.338917,8.2718,6,Nordmøre og Sør-Trøndelag,
31,2016,33937,Nørholmen,rensefisk,,,1694,Grøngylt,1232,deler av lokaliteten,1573,SMØLA,15,Møre og Romsdal,63.338917,8.2718,6,Nordmøre og Sør-Trøndelag,
31,2016,33937,Nørholmen,rensefisk,,,1693,Bergnebb,2184,deler av lokaliteten,1573,SMØLA,15,Møre og Romsdal,63.338917,8.2718,6,Nordmøre og Sør-Trøndelag,
31,2016,33937,Nørholmen,rensefisk,,,1691,Berggylt,346,deler av lokaliteten,1573,SMØLA,15,Møre og Romsdal,63.338917,8.2718,6,Nordmøre og Sør-Trøndelag,
31,2016,13020,Nygård,rensefisk,,,1694,Grøngylt,2628,deler av lokaliteten,1242,SAMNANGER,12,Hordaland,60.358067,5.683283,3,Karmøy til Sotra,
31,2016,13020,Nygård,rensefisk,,,1691,Berggylt,260,deler av lokaliteten,1242,SAMNANGER,12,Hordaland,60.358067,5.683283,3,Karmøy til Sotra,
31,2016,10181,Oksebåsen V,rensefisk,,,1694,Grøngylt,596,deler av lokaliteten,1532,GISKE,15,Møre og Romsdal,62.5174,6.15805,5,Stadt til Hustadvika,
31,2016,10181,Oksebåsen V,rensefisk,,,1691,Berggylt,554,deler av lokaliteten,1532,GISKE,15,Møre og Romsdal,62.5174,6.15805,5,Stadt til Hustadvika,
31,2016,10136,Onarøy,rensefisk,,,1694,Grøngylt,1108,deler av lokaliteten,1223,TYSNES,12,Hordaland,59.95335,5.669683,3,Karmøy til Sotra,
31,2016,19875,Or,rensefisk,,,1693,Bergnebb,3000,hele lokaliteten,1505,KRISTIANSUND,15,Møre og Romsdal,63.040718,7.8497,6,Nordmøre og Sør-Trøndelag,
31,2016,19875,Or,rensefisk,,,1694,Grøngylt,4000,hele lokaliteten,1505,KRISTIANSUND,15,Møre og Romsdal,63.040718,7.8497,6,Nordmøre og Sør-Trøndelag,
31,2016,17235,Ørnes,rensefisk,,,2221,Rognkjeks (felles),51000,hele lokaliteten,1834,LURØY,18,Nordland,66.42008,13.018033,8,Helgeland til Bodø,
31,2016,19655,Ospeneset,rensefisk,,,1694,Grøngylt,2660,hele lokaliteten,1263,LINDÅS,12,Hordaland,60.74618,5.2701,4,Nordhordaland til Stadt,
31,2016,19655,Ospeneset,rensefisk,,,1691,Berggylt,62,hele lokaliteten,1263,LINDÅS,12,Hordaland,60.74618,5.2701,4,Nordhordaland til Stadt,
31,2016,11205,Oterholmen I,medikamentell,fôrbehandling,Emamectin benzoat,,,,hele lokaliteten,1860,VESTVÅGØY,18,Nordland,68.092636,13.634483,9,Vestfjorden og Vesterålen,
31,2016,33417,Persflua,rensefisk,,,1693,Bergnebb,42698,deler av lokaliteten,1627,BJUGN,16,Sør-Trøndelag,63.91345,9.826433,6,Nordmøre og Sør-Trøndelag,
31,2016,33417,Persflua,rensefisk,,,1691,Berggylt,33118,deler av lokaliteten,1627,BJUGN,16,Sør-Trøndelag,63.91345,9.826433,6,Nordmøre og Sør-Trøndelag,
31,2016,30817,Raudøya,ikke-medikamentell,,,,,,hele lokaliteten,1633,OSEN,16,Sør-Trøndelag,64.3646,10.439133,6,Nordmøre og Sør-Trøndelag,
31,2016,29116,Reiråklakken,medikamentell,fôrbehandling,Annet virkestoff,,,,hele lokaliteten,1573,SMØLA,15,Møre og Romsdal,63.450333,8.167717,6,Nordmøre og Sør-Trøndelag,
31,2016,29116,Reiråklakken,rensefisk,,,222120,Rognkjeks (hun),24888,hele lokaliteten,1573,SMØLA,15,Møre og Romsdal,63.450333,8.167717,6,Nordmøre og Sør-Trøndelag,
31,2016,29116,Reiråklakken,rensefisk,,,1691,Berggylt,1014,hele lokaliteten,1573,SMØLA,15,Møre og Romsdal,63.450333,8.167717,6,Nordmøre og Sør-Trøndelag,
31,2016,29116,Reiråklakken,rensefisk,,,1693,Bergnebb,1819,hele lokaliteten,1573,SMØLA,15,Møre og Romsdal,63.450333,8.167717,6,Nordmøre og Sør-Trøndelag,
31,2016,17357,Rennaren,rensefisk,,,1693,Bergnebb,3352,deler av lokaliteten,1142,RENNESØY,11,Rogaland,59.131584,5.72165,2,Ryfylke,
31,2016,17357,Rennaren,rensefisk,,,1694,Grøngylt,2994,deler av lokaliteten,1142,RENNESØY,11,Rogaland,59.131584,5.72165,2,Ryfylke,
31,2016,10893,Rensøya N,ikke-medikamentell,,,,,,deler av lokaliteten,1835,TRÆNA,18,Nordland,66.502815,12.070967,8,Helgeland til Bodø,
31,2016,30657,Revøy,rensefisk,,,1693,Bergnebb,16000,hele lokaliteten,1032,LYNGDAL,10,Vest-Agder,58.0243,7.0268,1,Svenskegrensen til Jæren,
31,2016,12281,Rogne,medikamentell,badebehandling,Annet virkestoff,,,,hele lokaliteten,1534,HARAM,15,Møre og Romsdal,62.6695,6.356833,5,Stadt til Hustadvika,
31,2016,12003,Rossholmen N,rensefisk,,,1694,Grøngylt,1130,deler av lokaliteten,1142,RENNESØY,11,Rogaland,59.06428,5.722617,2,Ryfylke,
31,2016,12003,Rossholmen N,rensefisk,,,1691,Berggylt,173,deler av lokaliteten,1142,RENNESØY,11,Rogaland,59.06428,5.722617,2,Ryfylke,
31,2016,11770,Rotøy,medikamentell,badebehandling,Annet virkestoff,,,,deler av lokaliteten,1259,ØYGARDEN,12,Hordaland,60.682533,4.760017,4,Nordhordaland til Stadt,
31,2016,12298,Røysa,rensefisk,,,1694,Grøngylt,189,deler av lokaliteten,1532,GISKE,15,Møre og Romsdal,62.54865,6.1417,5,Stadt til Hustadvika,
31,2016,12298,Røysa,rensefisk,,,1691,Berggylt,448,deler av lokaliteten,1532,GISKE,15,Møre og Romsdal,62.54865,6.1417,5,Stadt til Hustadvika,
31,2016,12794,Rundklumpen,rensefisk,,,1693,Bergnebb,5520,deler av lokaliteten,1627,BJUGN,16,Sør-Trøndelag,63.8012,9.607983,6,Nordmøre og Sør-Trøndelag,
31,2016,10328,Sagvik,rensefisk,,,1694,Grøngylt,4918,deler av lokaliteten,1238,KVAM,12,Hordaland,60.141033,5.906933,3,Karmøy til Sotra,
31,2016,10328,Sagvik,rensefisk,,,1691,Berggylt,129,deler av lokaliteten,1238,KVAM,12,Hordaland,60.141033,5.906933,3,Karmøy til Sotra,
31,2016,30957,Salaluokta,ikke-medikamentell,,,,,,deler av lokaliteten,1850,TYSFJORD,18,Nordland,68.033585,16.25385,9,Vestfjorden og Vesterålen,
31,2016,34857,Salatskjæra,ikke-medikamentell,,,,,,deler av lokaliteten,1620,FRØYA,16,Sør-Trøndelag,63.90485,8.589133,6,Nordmøre og Sør-Trøndelag,
31,2016,34857,Salatskjæra,rensefisk,,,1691,Berggylt,1323,deler av lokaliteten,1620,FRØYA,16,Sør-Trøndelag,63.90485,8.589133,6,Nordmøre og Sør-Trøndelag,
31,2016,34857,Salatskjæra,rensefisk,,,1694,Grøngylt,10290,deler av lokaliteten,1620,FRØYA,16,Sør-Trøndelag,63.90485,8.589133,6,Nordmøre og Sør-Trøndelag,
31,2016,34857,Salatskjæra,rensefisk,,,222120,Rognkjeks (hun),5010,deler av lokaliteten,1620,FRØYA,16,Sør-Trøndelag,63.90485,8.589133,6,Nordmøre og Sør-Trøndelag,
31,2016,12019,Saltkjelen II,rensefisk,,,1694,Grøngylt,3199,deler av lokaliteten,1227,JONDAL,12,Hordaland,60.248016,6.2014,3,Karmøy til Sotra,
31,2016,12019,Saltkjelen II,rensefisk,,,1693,Bergnebb,2981,deler av lokaliteten,1227,JONDAL,12,Hordaland,60.248016,6.2014,3,Karmøy til Sotra,
31,2016,12019,Saltkjelen II,rensefisk,,,1691,Berggylt,124,deler av lokaliteten,1227,JONDAL,12,Hordaland,60.248016,6.2014,3,Karmøy til Sotra,
31,2016,19135,Sandøya III,ikke-medikamentell,,,,,,deler av lokaliteten,1632,ROAN,16,Sør-Trøndelag,64.243385,10.26445,6,Nordmøre og Sør-Trøndelag,
31,2016,13706,Seljeset,rensefisk,,,1694,Grøngylt,8475,hele lokaliteten,1401,FLORA,14,Sogn og Fjordane,61.580868,5.243233,4,Nordhordaland til Stadt,
31,2016,13706,Seljeset,rensefisk,,,1691,Berggylt,340,hele lokaliteten,1401,FLORA,14,Sogn og Fjordane,61.580868,5.243233,4,Nordhordaland til Stadt,
31,2016,12244,Setevika,rensefisk,,,1693,Bergnebb,51008,hele lokaliteten,1545,MIDSUND,15,Møre og Romsdal,62.728065,6.939283,5,Stadt til Hustadvika,
31,2016,12244,Setevika,rensefisk,,,1694,Grøngylt,9997,hele lokaliteten,1545,MIDSUND,15,Møre og Romsdal,62.728065,6.939283,5,Stadt til Hustadvika,
31,2016,12244,Setevika,rensefisk,,,1691,Berggylt,2599,hele lokaliteten,1545,MIDSUND,15,Møre og Romsdal,62.728065,6.939283,5,Stadt til Hustadvika,
31,2016,24115,Singsholmen,ikke-medikamentell,,,,,,deler av lokaliteten,1617,HITRA,16,Sør-Trøndelag,63.41975,8.411617,6,Nordmøre og Sør-Trøndelag,
31,2016,20796,Skarbukta,rensefisk,,,222120,Rognkjeks (hun),42806,deler av lokaliteten,1539,RAUMA,15,Møre og Romsdal,62.59785,7.367717,5,Stadt til Hustadvika,
31,2016,20796,Skarbukta,rensefisk,,,1694,Grøngylt,4947,deler av lokaliteten,1539,RAUMA,15,Møre og Romsdal,62.59785,7.367717,5,Stadt til Hustadvika,
31,2016,20796,Skarbukta,rensefisk,,,1691,Berggylt,2412,deler av lokaliteten,1539,RAUMA,15,Møre og Romsdal,62.59785,7.367717,5,Stadt til Hustadvika,
31,2016,11861,Skipningsdalen,rensefisk,,,1694,Grøngylt,2641,deler av lokaliteten,1004,FLEKKEFJORD,10,Vest-Agder,58.24148,6.5958,1,Svenskegrensen til Jæren,
31,2016,11861,Skipningsdalen,rensefisk,,,1691,Berggylt,758,deler av lokaliteten,1004,FLEKKEFJORD,10,Vest-Agder,58.24148,6.5958,1,Svenskegrensen til Jæren,
31,2016,33157,Skogsholmen,ikke-medikamentell,,,,,,deler av lokaliteten,1815,VEGA,18,Nordland,65.83141,12.070533,8,Helgeland til Bodø,
31,2016,10961,Skonseng,ikke-medikamentell,,,,,,deler av lokaliteten,1824,VEFSN,18,Nordland,65.80648,12.619767,8,Helgeland til Bodø,
31,2016,11640,Skorpeosen,medikamentell,badebehandling,Annet virkestoff,,,,deler av lokaliteten,1246,FJELL,12,Hordaland,60.332535,4.942783,3,Karmøy til Sotra,
31,2016,12108,Skorpo Nv,rensefisk,,,1692,Annen leppefisk,3390,deler av lokaliteten,1224,KVINNHERAD,12,Hordaland,59.95323,5.827133,3,Karmøy til Sotra,
31,2016,28096,Slåttenes,medikamentell,badebehandling,Annet virkestoff,,,,deler av lokaliteten,1224,KVINNHERAD,12,Hordaland,59.83222,5.984267,3,Karmøy til Sotra,
31,2016,28096,Slåttenes,medikamentell,badebehandling,Azamethiphos,,,,deler av lokaliteten,1224,KVINNHERAD,12,Hordaland,59.83222,5.984267,3,Karmøy til Sotra,
31,2016,27436,Solværet,medikamentell,fôrbehandling,Annet virkestoff,,,,hele lokaliteten,1573,SMØLA,15,Møre og Romsdal,63.255,7.856933,6,Nordmøre og Sør-Trøndelag,
31,2016,27436,Solværet,rensefisk,,,1691,Berggylt,218,deler av lokaliteten,1573,SMØLA,15,Møre og Romsdal,63.255,7.856933,6,Nordmøre og Sør-Trøndelag,
31,2016,27436,Solværet,rensefisk,,,1693,Bergnebb,1124,deler av lokaliteten,1573,SMØLA,15,Møre og Romsdal,63.255,7.856933,6,Nordmøre og Sør-Trøndelag,
31,2016,15375,Sørøyflesa,rensefisk,,,1694,Grøngylt,14725,hele lokaliteten,1620,FRØYA,16,Sør-Trøndelag,63.98405,9.057067,6,Nordmøre og Sør-Trøndelag,
31,2016,13708,Steinvik,medikamentell,badebehandling,Deltamethrin,,,,deler av lokaliteten,1401,FLORA,14,Sogn og Fjordane,61.565266,5.31025,4,Nordhordaland til Stadt,
31,2016,10839,Store Kufjord,rensefisk,,,222120,Rognkjeks (hun),1158,deler av lokaliteten,2012,ALTA,20,Finnmark,70.35332,23.079117,12,Vest-Finnmark,
31,2016,11971,Store Teistholmen Ø,rensefisk,,,1693,Bergnebb,1381,deler av lokaliteten,1102,SANDNES,11,Rogaland,58.97685,5.867383,2,Ryfylke,
31,2016,11971,Store Teistholmen Ø,rensefisk,,,1694,Grøngylt,1193,deler av lokaliteten,1102,SANDNES,11,Rogaland,58.97685,5.867383,2,Ryfylke,
31,2016,35817,Storevika,medikamentell,fôrbehandling,Emamectin benzoat,,,,hele lokaliteten,1804,BODØ,18,Nordland,67.18557,14.388433,8,Helgeland til Bodø,
31,2016,11492,Storevikholmen,rensefisk,,,1692,Annen leppefisk,2599,deler av lokaliteten,1222,FITJAR,12,Hordaland,59.83808,5.30565,3,Karmøy til Sotra,
31,2016,31338,Storskjeret,rensefisk,,,1693,Bergnebb,11995,deler av lokaliteten,1576,AURE,15,Møre og Romsdal,63.26985,8.228283,6,Nordmøre og Sør-Trøndelag,
31,2016,13125,Storvika,rensefisk,,,1691,Berggylt,268,hele lokaliteten,1837,MELØY,18,Nordland,66.80855,13.242333,8,Helgeland til Bodø,
31,2016,13125,Storvika,rensefisk,,,1693,Bergnebb,52264,hele lokaliteten,1837,MELØY,18,Nordland,66.80855,13.242333,8,Helgeland til Bodø,
31,2016,12081,Straumneset,medikamentell,badebehandling,Annet virkestoff,,,,deler av lokaliteten,1227,JONDAL,12,Hordaland,60.220966,6.139567,3,Karmøy til Sotra,
31,2016,29376,Sundsøy,rensefisk,,,2221,Rognkjeks (felles),20757,deler av lokaliteten,1827,DØNNA,18,Nordland,66.17145,12.77065,8,Helgeland til Bodø,
31,2016,22955,Svollandsneset,medikamentell,badebehandling,Annet virkestoff,,,,hele lokaliteten,1160,VINDAFJORD,11,Rogaland,59.684235,5.589717,3,Karmøy til Sotra,
31,2016,21755,Tendalsvik,rensefisk,,,1694,Grøngylt,16594,deler av lokaliteten,1211,ETNE,12,Hordaland,59.73605,5.884,3,Karmøy til Sotra,
31,2016,21755,Tendalsvik,rensefisk,,,1691,Berggylt,305,deler av lokaliteten,1211,ETNE,12,Hordaland,59.73605,5.884,3,Karmøy til Sotra,
31,2016,12449,Tennøya,ikke-medikamentell,,,,,,deler av lokaliteten,1620,FRØYA,16,Sør-Trøndelag,63.805035,8.4444,6,Nordmøre og Sør-Trøndelag,
31,2016,13644,Tepstad,rensefisk,,,1692,Annen leppefisk,7899,deler av lokaliteten,1253,OSTERØY,12,Hordaland,60.5526,5.3853,4,Nordhordaland til Stadt,
31,2016,12268,Terningen,ikke-medikamentell,,,,,,deler av lokaliteten,1545,MIDSUND,15,Møre og Romsdal,62.6431,6.54805,5,Stadt til Hustadvika,
31,2016,25815,Tittelsnes,rensefisk,,,1694,Grøngylt,5219,deler av lokaliteten,1216,SVEIO,12,Hordaland,59.723484,5.533483,3,Karmøy til Sotra,
31,2016,25815,Tittelsnes,rensefisk,,,1693,Bergnebb,71,deler av lokaliteten,1216,SVEIO,12,Hordaland,59.723484,5.533483,3,Karmøy til Sotra,
31,2016,25815,Tittelsnes,rensefisk,,,1691,Berggylt,1280,deler av lokaliteten,1216,SVEIO,12,Hordaland,59.723484,5.533483,3,Karmøy til Sotra,
31,2016,10054,Tobbeholmane,rensefisk,,,1692,Annen leppefisk,1732,deler av lokaliteten,1244,AUSTEVOLL,12,Hordaland,60.02432,5.30815,3,Karmøy til Sotra,
31,2016,30837,Torangskjeret,rensefisk,,,1694,Grøngylt,8610,deler av lokaliteten,1244,AUSTEVOLL,12,Hordaland,60.130184,5.176033,3,Karmøy til Sotra,
31,2016,30837,Torangskjeret,rensefisk,,,1693,Bergnebb,1540,deler av lokaliteten,1244,AUSTEVOLL,12,Hordaland,60.130184,5.176033,3,Karmøy til Sotra,
31,2016,30837,Torangskjeret,rensefisk,,,1691,Berggylt,615,deler av lokaliteten,1244,AUSTEVOLL,12,Hordaland,60.130184,5.176033,3,Karmøy til Sotra,
31,2016,10090,Trellevika,ikke-medikamentell,,,,,,hele lokaliteten,1428,ASKVOLL,14,Sogn og Fjordane,61.370384,5.0185,4,Nordhordaland til Stadt,
31,2016,30717,Tveitnes,rensefisk,,,1694,Grøngylt,3881,deler av lokaliteten,1238,KVAM,12,Hordaland,60.414185,6.402,3,Karmøy til Sotra,
31,2016,31557,Valøyan,medikamentell,badebehandling,Annet virkestoff,,,,deler av lokaliteten,1620,FRØYA,16,Sør-Trøndelag,63.81735,8.462483,6,Nordmøre og Sør-Trøndelag,
31,2016,13704,Vikane,ikke-medikamentell,,,,,,hele lokaliteten,1266,MASFJORDEN,12,Hordaland,60.7125,5.403633,4,Nordhordaland til Stadt,
31,2016,13246,Voldnes,rensefisk,,,1694,Grøngylt,22339,deler av lokaliteten,1515,HERØY I MØRE OG ROMSDAL,15,Møre og Romsdal,62.2097,5.7849,5,Stadt til Hustadvika,
31,2016,13246,Voldnes,rensefisk,,,1693,Bergnebb,2688,deler av lokaliteten,1515,HERØY I MØRE OG ROMSDAL,15,Møre og Romsdal,62.2097,5.7849,5,Stadt til Hustadvika,
31,2016,13246,Voldnes,rensefisk,,,1691,Berggylt,619,deler av lokaliteten,1515,HERØY I MØRE OG ROMSDAL,15,Møre og Romsdal,62.2097,5.7849,5,Stadt til Hustadvika,
30,2016,10331,Åkre,rensefisk,,,1694,Grøngylt,1324,deler av lokaliteten,1224,KVINNHERAD,12,Hordaland,60.112434,6.042483,3,Karmøy til Sotra,
30,2016,10331,Åkre,rensefisk,,,1693,Bergnebb,3556,deler av lokaliteten,1224,KVINNHERAD,12,Hordaland,60.112434,6.042483,3,Karmøy til Sotra,
30,2016,10319,Ålvora,rensefisk,,,1694,Grøngylt,10884,deler av lokaliteten,1401,FLORA,14,Sogn og Fjordane,61.584034,5.133633,4,Nordhordaland til Stadt,
30,2016,10319,Ålvora,rensefisk,,,1691,Berggylt,186,deler av lokaliteten,1401,FLORA,14,Sogn og Fjordane,61.584034,5.133633,4,Nordhordaland til Stadt,
30,2016,35797,Årsetfjorden,medikamentell,fôrbehandling,Emamectin benzoat,,,,hele lokaliteten,1751,NÆRØY,17,Nord-Trøndelag,65.00819,11.746417,7,Nord-Trøndelag med Bindal,
30,2016,35797,Årsetfjorden,rensefisk,,,1693,Bergnebb,5657,deler av lokaliteten,1751,NÆRØY,17,Nord-Trøndelag,65.00819,11.746417,7,Nord-Trøndelag med Bindal,
30,2016,12988,Aukrasanden,rensefisk,,,1694,Grøngylt,8979,deler av lokaliteten,1547,AUKRA,15,Møre og Romsdal,62.783417,6.92605,5,Stadt til Hustadvika,
30,2016,12988,Aukrasanden,rensefisk,,,1693,Bergnebb,9874,deler av lokaliteten,1547,AUKRA,15,Møre og Romsdal,62.783417,6.92605,5,Stadt til Hustadvika,
30,2016,12357,Aursøysva,medikamentell,fôrbehandling,Emamectin benzoat,,,,hele lokaliteten,1620,FRØYA,16,Sør-Trøndelag,63.801968,8.910767,6,Nordmøre og Sør-Trøndelag,
30,2016,12357,Aursøysva,ikke-medikamentell,,,,,,hele lokaliteten,1620,FRØYA,16,Sør-Trøndelag,63.801968,8.910767,6,Nordmøre og Sør-Trøndelag,
30,2016,11800,Austneståa,medikamentell,fôrbehandling,Emamectin benzoat,,,,deler av lokaliteten,1401,FLORA,14,Sogn og Fjordane,61.490818,5.171167,4,Nordhordaland til Stadt,
30,2016,11800,Austneståa,ikke-medikamentell,,,,,,deler av lokaliteten,1401,FLORA,14,Sogn og Fjordane,61.490818,5.171167,4,Nordhordaland til Stadt,
30,2016,13572,Badstuvika,rensefisk,,,1691,Berggylt,898,deler av lokaliteten,1617,HITRA,16,Sør-Trøndelag,63.53398,9.1469,6,Nordmøre og Sør-Trøndelag,
30,2016,13845,Beitveit,rensefisk,,,1694,Grøngylt,9550,hele lokaliteten,1441,SELJE,14,Sogn og Fjordane,62.141216,5.32675,5,Stadt til Hustadvika,
30,2016,13845,Beitveit,rensefisk,,,1693,Bergnebb,958,hele lokaliteten,1441,SELJE,14,Sogn og Fjordane,62.141216,5.32675,5,Stadt til Hustadvika,
30,2016,13845,Beitveit,rensefisk,,,1691,Berggylt,430,hele lokaliteten,1441,SELJE,14,Sogn og Fjordane,62.141216,5.32675,5,Stadt til Hustadvika,
30,2016,12178,Bjønnspjotneset,ikke-medikamentell,,,,,,deler av lokaliteten,1416,HØYANGER,14,Sogn og Fjordane,61.098083,5.82545,4,Nordhordaland til Stadt,
30,2016,22455,Bjørlykkestranda,medikamentell,badebehandling,Azamethiphos,,,,hele lokaliteten,1511,VANYLVEN,15,Møre og Romsdal,62.16655,5.5954,5,Stadt til Hustadvika,
30,2016,22455,Bjørlykkestranda,medikamentell,badebehandling,Deltamethrin,,,,hele lokaliteten,1511,VANYLVEN,15,Møre og Romsdal,62.16655,5.5954,5,Stadt til Hustadvika,
30,2016,23436,Bjørnholmen,medikamentell,badebehandling,Annet virkestoff,,,,deler av lokaliteten,1412,SOLUND,14,Sogn og Fjordane,61.20635,4.938083,4,Nordhordaland til Stadt,
30,2016,12040,Brandaskuta,rensefisk,,,1694,Grøngylt,3449,hele lokaliteten,1224,KVINNHERAD,12,Hordaland,59.975735,5.909183,3,Karmøy til Sotra,
30,2016,11488,Brattavika,ikke-medikamentell,,,,,,hele lokaliteten,1244,AUSTEVOLL,12,Hordaland,60.044117,5.303317,3,Karmøy til Sotra,
30,2016,11488,Brattavika,rensefisk,,,1694,Grøngylt,15000,hele lokaliteten,1244,AUSTEVOLL,12,Hordaland,60.044117,5.303317,3,Karmøy til Sotra,
30,2016,11488,Brattavika,rensefisk,,,1693,Bergnebb,10000,hele lokaliteten,1244,AUSTEVOLL,12,Hordaland,60.044117,5.303317,3,Karmøy til Sotra,
30,2016,11488,Brattavika,rensefisk,,,1691,Berggylt,10000,hele lokaliteten,1244,AUSTEVOLL,12,Hordaland,60.044117,5.303317,3,Karmøy til Sotra,
30,2016,12594,Breidvika,medikamentell,badebehandling,Annet virkestoff,,,,hele lokaliteten,1633,OSEN,16,Sør-Trøndelag,64.295364,10.397483,6,Nordmøre og Sør-Trøndelag,
30,2016,12594,Breidvika,medikamentell,badebehandling,Annet virkestoff,,,,hele lokaliteten,1633,OSEN,16,Sør-Trøndelag,64.295364,10.397483,6,Nordmøre og Sør-Trøndelag,
30,2016,10223,Bremnessvaet,rensefisk,,,1694,Grøngylt,529,deler av lokaliteten,1573,SMØLA,15,Møre og Romsdal,63.39795,8.214317,6,Nordmøre og Sør-Trøndelag,
30,2016,10223,Bremnessvaet,rensefisk,,,1693,Bergnebb,3585,deler av lokaliteten,1573,SMØLA,15,Møre og Romsdal,63.39795,8.214317,6,Nordmøre og Sør-Trøndelag,
30,2016,10223,Bremnessvaet,rensefisk,,,1691,Berggylt,308,deler av lokaliteten,1573,SMØLA,15,Møre og Romsdal,63.39795,8.214317,6,Nordmøre og Sør-Trøndelag,
30,2016,34197,Brennholmen,medikamentell,fôrbehandling,Emamectin benzoat,,,,deler av lokaliteten,1818,HERØY I NORDLAND,18,Nordland,65.978714,12.16355,8,Helgeland til Bodø,
30,2016,12466,Brettingen,rensefisk,,,1693,Bergnebb,33968,deler av lokaliteten,1573,SMØLA,15,Møre og Romsdal,63.3582,8.237267,6,Nordmøre og Sør-Trøndelag,
30,2016,12237,Brudevika,medikamentell,fôrbehandling,Emamectin benzoat,,,,deler av lokaliteten,1511,VANYLVEN,15,Møre og Romsdal,62.116566,5.420717,5,Stadt til Hustadvika,
30,2016,32457,Dalsvåg Nv,rensefisk,,,1692,Annen leppefisk,137,deler av lokaliteten,1149,KARMØY,11,Rogaland,59.410816,5.21725,3,Karmøy til Sotra,
30,2016,32457,Dalsvåg Nv,rensefisk,,,1691,Berggylt,400,deler av lokaliteten,1149,KARMØY,11,Rogaland,59.410816,5.21725,3,Karmøy til Sotra,
30,2016,32457,Dalsvåg Nv,rensefisk,,,1694,Grøngylt,10263,deler av lokaliteten,1149,KARMØY,11,Rogaland,59.410816,5.21725,3,Karmøy til Sotra,
30,2016,12659,Digerneset,medikamentell,fôrbehandling,Emamectin benzoat,,,,hele lokaliteten,1751,NÆRØY,17,Nord-Trøndelag,64.78657,11.727917,7,Nord-Trøndelag med Bindal,
30,2016,13229,Djupedalen,medikamentell,badebehandling,Annet virkestoff,,,,hele lokaliteten,1241,FUSA,12,Hordaland,60.230865,5.6733,3,Karmøy til Sotra,
30,2016,14799,Djupestallen,rensefisk,,,1692,Annen leppefisk,9967,deler av lokaliteten,1223,TYSNES,12,Hordaland,60.058735,5.453,3,Karmøy til Sotra,
30,2016,10110,Djupevik,rensefisk,,,1694,Grøngylt,7557,deler av lokaliteten,1141,FINNØY,11,Rogaland,59.1474,5.863783,2,Ryfylke,
30,2016,10110,Djupevik,rensefisk,,,1691,Berggylt,1125,deler av lokaliteten,1141,FINNØY,11,Rogaland,59.1474,5.863783,2,Ryfylke,
30,2016,26595,Djupevika,rensefisk,,,1692,Annen leppefisk,2871,deler av lokaliteten,1223,TYSNES,12,Hordaland,60.035816,5.342217,3,Karmøy til Sotra,
30,2016,21415,Dyrholmen,rensefisk,,,1693,Bergnebb,3013,deler av lokaliteten,1141,FINNØY,11,Rogaland,59.285484,5.8583,2,Ryfylke,
30,2016,21415,Dyrholmen,rensefisk,,,1691,Berggylt,23212,deler av lokaliteten,1141,FINNØY,11,Rogaland,59.285484,5.8583,2,Ryfylke,
30,2016,32117,Dyrholmen Øst,ikke-medikamentell,,,,,,hele lokaliteten,1222,FITJAR,12,Hordaland,59.9332,5.239467,3,Karmøy til Sotra,
30,2016,12128,Dyrnes,ikke-medikamentell,,,,,,hele lokaliteten,1224,KVINNHERAD,12,Hordaland,59.71765,5.72205,3,Karmøy til Sotra,
30,2016,12033,Dysvik,rensefisk,,,1694,Grøngylt,4992,deler av lokaliteten,1238,KVAM,12,Hordaland,60.191017,5.967617,3,Karmøy til Sotra,
30,2016,14041,Edøya,ikke-medikamentell,,,,,,hele lokaliteten,1617,HITRA,16,Sør-Trøndelag,63.65835,8.694417,6,Nordmøre og Sør-Trøndelag,
30,2016,14041,Edøya,rensefisk,,,222120,Rognkjeks (hun),15290,hele lokaliteten,1617,HITRA,16,Sør-Trøndelag,63.65835,8.694417,6,Nordmøre og Sør-Trøndelag,
30,2016,15456,Eidesberget,ikke-medikamentell,,,,,,deler av lokaliteten,1416,HØYANGER,14,Sogn og Fjordane,61.105118,5.853883,4,Nordhordaland til Stadt,
30,2016,33077,Elveneset,ikke-medikamentell,,,,,,hele lokaliteten,1413,HYLLESTAD,14,Sogn og Fjordane,61.206,5.131733,4,Nordhordaland til Stadt,
30,2016,26775,Fjølværet Ø,ikke-medikamentell,,,,,,deler av lokaliteten,1620,FRØYA,16,Sør-Trøndelag,63.819233,8.636133,6,Nordmøre og Sør-Trøndelag,
30,2016,32597,Fjordprakken,medikamentell,fôrbehandling,Annet virkestoff,,,,hele lokaliteten,1573,SMØLA,15,Møre og Romsdal,63.256516,7.928067,6,Nordmøre og Sør-Trøndelag,
30,2016,32597,Fjordprakken,rensefisk,,,1691,Berggylt,894,deler av lokaliteten,1573,SMØLA,15,Møre og Romsdal,63.256516,7.928067,6,Nordmøre og Sør-Trøndelag,
30,2016,32597,Fjordprakken,rensefisk,,,1693,Bergnebb,2455,deler av lokaliteten,1573,SMØLA,15,Møre og Romsdal,63.256516,7.928067,6,Nordmøre og Sør-Trøndelag,
30,2016,19336,Flatholmen,rensefisk,,,1694,Grøngylt,8710,deler av lokaliteten,1106,HAUGESUND,11,Rogaland,59.4293,5.114483,3,Karmøy til Sotra,
30,2016,25895,Flornes,rensefisk,,,1692,Annen leppefisk,990,deler av lokaliteten,1223,TYSNES,12,Hordaland,59.890984,5.665983,3,Karmøy til Sotra,
30,2016,25895,Flornes,rensefisk,,,1693,Bergnebb,10417,deler av lokaliteten,1223,TYSNES,12,Hordaland,59.890984,5.665983,3,Karmøy til Sotra,
30,2016,11893,Fosså,rensefisk,,,1694,Grøngylt,4730,deler av lokaliteten,1133,HJELMELAND,11,Rogaland,59.2699,6.14295,2,Ryfylke,
30,2016,11893,Fosså,rensefisk,,,1691,Berggylt,1292,deler av lokaliteten,1133,HJELMELAND,11,Rogaland,59.2699,6.14295,2,Ryfylke,
30,2016,31437,Fuglåsen,medikamentell,fôrbehandling,Annet virkestoff,,,,hele lokaliteten,1573,SMØLA,15,Møre og Romsdal,63.44715,8.167767,6,Nordmøre og Sør-Trøndelag,
30,2016,31437,Fuglåsen,rensefisk,,,1694,Grøngylt,7,deler av lokaliteten,1573,SMØLA,15,Møre og Romsdal,63.44715,8.167767,6,Nordmøre og Sør-Trøndelag,
30,2016,31437,Fuglåsen,rensefisk,,,1691,Berggylt,90,deler av lokaliteten,1573,SMØLA,15,Møre og Romsdal,63.44715,8.167767,6,Nordmøre og Sør-Trøndelag,
30,2016,12078,Gangdal,medikamentell,badebehandling,Annet virkestoff,,,,hele lokaliteten,1227,JONDAL,12,Hordaland,60.215935,6.156667,3,Karmøy til Sotra,
30,2016,13036,Gjengane,rensefisk,,,1692,Annen leppefisk,11275,deler av lokaliteten,1244,AUSTEVOLL,12,Hordaland,60.071518,5.306383,3,Karmøy til Sotra,
30,2016,13852,Gjermundnes,rensefisk,,,1694,Grøngylt,1096,deler av lokaliteten,1535,VESTNES,15,Møre og Romsdal,62.6275,7.192817,5,Stadt til Hustadvika,
30,2016,13852,Gjermundnes,rensefisk,,,1691,Berggylt,15,deler av lokaliteten,1535,VESTNES,15,Møre og Romsdal,62.6275,7.192817,5,Stadt til Hustadvika,
30,2016,31717,Gjerset Vest,rensefisk,,,1694,Grøngylt,8981,hele lokaliteten,1534,HARAM,15,Møre og Romsdal,62.5305,6.428583,5,Stadt til Hustadvika,
30,2016,31717,Gjerset Vest,rensefisk,,,1691,Berggylt,101,hele lokaliteten,1534,HARAM,15,Møre og Romsdal,62.5305,6.428583,5,Stadt til Hustadvika,
30,2016,31717,Gjerset Vest,rensefisk,,,1693,Bergnebb,5059,hele lokaliteten,1534,HARAM,15,Møre og Romsdal,62.5305,6.428583,5,Stadt til Hustadvika,
30,2016,11690,Grasholmen,rensefisk,,,1692,Annen leppefisk,4684,deler av lokaliteten,1260,RADØY,12,Hordaland,60.595768,5.159717,4,Nordhordaland til Stadt,
30,2016,10318,Gulestø,rensefisk,,,1694,Grøngylt,13211,deler av lokaliteten,1438,BREMANGER,14,Sogn og Fjordane,61.75802,5.069883,4,Nordhordaland til Stadt,
30,2016,10318,Gulestø,rensefisk,,,1693,Bergnebb,5295,deler av lokaliteten,1438,BREMANGER,14,Sogn og Fjordane,61.75802,5.069883,4,Nordhordaland til Stadt,
30,2016,10318,Gulestø,rensefisk,,,1691,Berggylt,2059,deler av lokaliteten,1438,BREMANGER,14,Sogn og Fjordane,61.75802,5.069883,4,Nordhordaland til Stadt,
30,2016,24735,Gulholmen,rensefisk,,,1692,Annen leppefisk,19686,deler av lokaliteten,1243,OS I HORDALAND,12,Hordaland,60.1282,5.400467,3,Karmøy til Sotra,
30,2016,22095,Hågardsneset,rensefisk,,,1694,Grøngylt,2366,hele lokaliteten,1224,KVINNHERAD,12,Hordaland,59.9844,5.929967,3,Karmøy til Sotra,
30,2016,16755,Hageberg,rensefisk,,,1694,Grøngylt,2500,hele lokaliteten,1222,FITJAR,12,Hordaland,59.944218,5.434733,3,Karmøy til Sotra,
30,2016,16755,Hageberg,rensefisk,,,1693,Bergnebb,3000,hele lokaliteten,1222,FITJAR,12,Hordaland,59.944218,5.434733,3,Karmøy til Sotra,
30,2016,16755,Hageberg,rensefisk,,,1691,Berggylt,5000,hele lokaliteten,1222,FITJAR,12,Hordaland,59.944218,5.434733,3,Karmøy til Sotra,
30,2016,13886,Hallarøy V,ikke-medikamentell,,,,,,deler av lokaliteten,1620,FRØYA,16,Sør-Trøndelag,63.998116,9.129283,6,Nordmøre og Sør-Trøndelag,
30,2016,13886,Hallarøy V,rensefisk,,,222120,Rognkjeks (hun),91726,deler av lokaliteten,1620,FRØYA,16,Sør-Trøndelag,63.998116,9.129283,6,Nordmøre og Sør-Trøndelag,
30,2016,13886,Hallarøy V,rensefisk,,,1694,Grøngylt,1190,deler av lokaliteten,1620,FRØYA,16,Sør-Trøndelag,63.998116,9.129283,6,Nordmøre og Sør-Trøndelag,
30,2016,13886,Hallarøy V,rensefisk,,,1691,Berggylt,1846,deler av lokaliteten,1620,FRØYA,16,Sør-Trøndelag,63.998116,9.129283,6,Nordmøre og Sør-Trøndelag,
30,2016,11511,Hattasteinen,rensefisk,,,1691,Berggylt,1394,hele lokaliteten,1219,BØMLO,12,Hordaland,59.626266,5.250717,3,Karmøy til Sotra,
30,2016,11511,Hattasteinen,rensefisk,,,1694,Grøngylt,7840,hele lokaliteten,1219,BØMLO,12,Hordaland,59.626266,5.250717,3,Karmøy til Sotra,
30,2016,24035,Håvikvågen S,rensefisk,,,1694,Grøngylt,1112,deler av lokaliteten,1241,FUSA,12,Hordaland,60.169834,5.69645,3,Karmøy til Sotra,
30,2016,24035,Håvikvågen S,rensefisk,,,1693,Bergnebb,18,deler av lokaliteten,1241,FUSA,12,Hordaland,60.169834,5.69645,3,Karmøy til Sotra,
30,2016,24035,Håvikvågen S,rensefisk,,,1692,Annen leppefisk,289,deler av lokaliteten,1241,FUSA,12,Hordaland,60.169834,5.69645,3,Karmøy til Sotra,
30,2016,24035,Håvikvågen S,rensefisk,,,1691,Berggylt,53,deler av lokaliteten,1241,FUSA,12,Hordaland,60.169834,5.69645,3,Karmøy til Sotra,
30,2016,22596,Hesbygrunnen,rensefisk,,,1694,Grøngylt,5321,deler av lokaliteten,1141,FINNØY,11,Rogaland,59.194416,5.800183,2,Ryfylke,
30,2016,22596,Hesbygrunnen,rensefisk,,,1691,Berggylt,481,deler av lokaliteten,1141,FINNØY,11,Rogaland,59.194416,5.800183,2,Ryfylke,
30,2016,13235,Hessvik,rensefisk,,,1694,Grøngylt,3624,deler av lokaliteten,1224,KVINNHERAD,12,Hordaland,60.127934,6.149933,3,Karmøy til Sotra,
30,2016,13235,Hessvik,rensefisk,,,1693,Bergnebb,4907,deler av lokaliteten,1224,KVINNHERAD,12,Hordaland,60.127934,6.149933,3,Karmøy til Sotra,
30,2016,13235,Hessvik,rensefisk,,,1691,Berggylt,227,deler av lokaliteten,1224,KVINNHERAD,12,Hordaland,60.127934,6.149933,3,Karmøy til Sotra,
30,2016,18015,Hestabyneset,rensefisk,,,1692,Annen leppefisk,37659,hele lokaliteten,1223,TYSNES,12,Hordaland,59.954018,5.451667,3,Karmøy til Sotra,
30,2016,14136,Hestholmen Ø,rensefisk,,,1693,Bergnebb,12630,deler av lokaliteten,1144,KVITSØY,11,Rogaland,59.061516,5.445683,2,Ryfylke,
30,2016,34677,Hestøya,ikke-medikamentell,,,,,,deler av lokaliteten,1573,SMØLA,15,Møre og Romsdal,63.3095,8.115567,6,Nordmøre og Sør-Trøndelag,
30,2016,34677,Hestøya,rensefisk,,,1694,Grøngylt,10000,deler av lokaliteten,1573,SMØLA,15,Møre og Romsdal,63.3095,8.115567,6,Nordmøre og Sør-Trøndelag,
30,2016,33797,Hidlekjerringa,rensefisk,,,1694,Grøngylt,4734,deler av lokaliteten,1130,STRAND,11,Rogaland,59.067284,5.839383,2,Ryfylke,
30,2016,33797,Hidlekjerringa,rensefisk,,,1691,Berggylt,509,deler av lokaliteten,1130,STRAND,11,Rogaland,59.067284,5.839383,2,Ryfylke,
30,2016,34017,Hilbåan,rensefisk,,,1694,Grøngylt,2600,deler av lokaliteten,1617,HITRA,16,Sør-Trøndelag,63.6686,8.844717,6,Nordmøre og Sør-Trøndelag,
30,2016,12036,Hisdalen,rensefisk,,,1694,Grøngylt,3663,deler av lokaliteten,1224,KVINNHERAD,12,Hordaland,60.126118,5.9305,3,Karmøy til Sotra,
30,2016,13643,Hjartholm,medikamentell,badebehandling,Azamethiphos,,,,hele lokaliteten,1411,GULEN,14,Sogn og Fjordane,61.03512,5.33105,4,Nordhordaland til Stadt,
30,2016,13643,Hjartholm,medikamentell,badebehandling,Deltamethrin,,,,hele lokaliteten,1411,GULEN,14,Sogn og Fjordane,61.03512,5.33105,4,Nordhordaland til Stadt,
30,2016,13643,Hjartholm,rensefisk,,,1694,Grøngylt,16289,deler av lokaliteten,1411,GULEN,14,Sogn og Fjordane,61.03512,5.33105,4,Nordhordaland til Stadt,
30,2016,33957,Hofsøya,rensefisk,,,222120,Rognkjeks (hun),33359,deler av lokaliteten,1620,FRØYA,16,Sør-Trøndelag,63.722168,8.913317,6,Nordmøre og Sør-Trøndelag,
30,2016,33218,Hosenøyan,ikke-medikamentell,,,,,,deler av lokaliteten,1630,ÅFJORD,16,Sør-Trøndelag,64.08518,9.884683,6,Nordmøre og Sør-Trøndelag,
30,2016,33218,Hosenøyan,rensefisk,,,1693,Bergnebb,299,deler av lokaliteten,1630,ÅFJORD,16,Sør-Trøndelag,64.08518,9.884683,6,Nordmøre og Sør-Trøndelag,
30,2016,33218,Hosenøyan,rensefisk,,,222120,Rognkjeks (hun),12360,deler av lokaliteten,1630,ÅFJORD,16,Sør-Trøndelag,64.08518,9.884683,6,Nordmøre og Sør-Trøndelag,
30,2016,12599,Indre Skjervøy,medikamentell,badebehandling,Annet virkestoff,,,,deler av lokaliteten,1633,OSEN,16,Sør-Trøndelag,64.2858,10.30905,6,Nordmøre og Sør-Trøndelag,
30,2016,12599,Indre Skjervøy,medikamentell,fôrbehandling,Emamectin benzoat,,,,deler av lokaliteten,1633,OSEN,16,Sør-Trøndelag,64.2858,10.30905,6,Nordmøre og Sør-Trøndelag,
30,2016,12599,Indre Skjervøy,ikke-medikamentell,,,,,,deler av lokaliteten,1633,OSEN,16,Sør-Trøndelag,64.2858,10.30905,6,Nordmøre og Sør-Trøndelag,
30,2016,30036,Jørstadskjera,rensefisk,,,1694,Grøngylt,7635,deler av lokaliteten,1141,FINNØY,11,Rogaland,59.296318,5.936933,2,Ryfylke,
30,2016,30036,Jørstadskjera,rensefisk,,,1693,Bergnebb,2109,deler av lokaliteten,1141,FINNØY,11,Rogaland,59.296318,5.936933,2,Ryfylke,
30,2016,13220,Kalhag,medikamentell,badebehandling,Annet virkestoff,,,,hele lokaliteten,1130,STRAND,11,Rogaland,58.974716,5.93595,2,Ryfylke,
30,2016,13220,Kalhag,medikamentell,badebehandling,Annet virkestoff,,,,hele lokaliteten,1130,STRAND,11,Rogaland,58.974716,5.93595,2,Ryfylke,
30,2016,13220,Kalhag,rensefisk,,,1694,Grøngylt,5629,deler av lokaliteten,1130,STRAND,11,Rogaland,58.974716,5.93595,2,Ryfylke,
30,2016,13220,Kalhag,rensefisk,,,1691,Berggylt,352,deler av lokaliteten,1130,STRAND,11,Rogaland,58.974716,5.93595,2,Ryfylke,
30,2016,15118,Kalvøya,rensefisk,,,1693,Bergnebb,19048,deler av lokaliteten,1834,LURØY,18,Nordland,66.39365,12.79975,8,Helgeland til Bodø,
30,2016,13225,Kilaneset,rensefisk,,,1693,Bergnebb,1821,hele lokaliteten,1134,SULDAL,11,Rogaland,59.31335,6.2672,2,Ryfylke,
30,2016,13225,Kilaneset,rensefisk,,,1694,Grøngylt,1980,hele lokaliteten,1134,SULDAL,11,Rogaland,59.31335,6.2672,2,Ryfylke,
30,2016,12660,Kipholmen,medikamentell,fôrbehandling,Emamectin benzoat,,,,hele lokaliteten,1751,NÆRØY,17,Nord-Trøndelag,64.79387,11.689533,7,Nord-Trøndelag med Bindal,
30,2016,11913,Kjeahola,rensefisk,,,1694,Grøngylt,17235,hele lokaliteten,1141,FINNØY,11,Rogaland,59.2933,6.0729,2,Ryfylke,
30,2016,11913,Kjeahola,rensefisk,,,1693,Bergnebb,3599,hele lokaliteten,1141,FINNØY,11,Rogaland,59.2933,6.0729,2,Ryfylke,
30,2016,11913,Kjeahola,rensefisk,,,1692,Annen leppefisk,2736,hele lokaliteten,1141,FINNØY,11,Rogaland,59.2933,6.0729,2,Ryfylke,
30,2016,11913,Kjeahola,rensefisk,,,1691,Berggylt,4820,hele lokaliteten,1141,FINNØY,11,Rogaland,59.2933,6.0729,2,Ryfylke,
30,2016,33577,Kjeholmen II,rensefisk,,,1694,Grøngylt,10000,hele lokaliteten,1003,FARSUND,10,Vest-Agder,58.06008,6.885683,1,Svenskegrensen til Jæren,
30,2016,33577,Kjeholmen II,rensefisk,,,1694,Grøngylt,7000,hele lokaliteten,1003,FARSUND,10,Vest-Agder,58.06008,6.885683,1,Svenskegrensen til Jæren,
30,2016,10409,Kjelneset,rensefisk,,,2221,Rognkjeks (felles),9722,deler av lokaliteten,1748,FOSNES,17,Nord-Trøndelag,64.64391,11.388517,7,Nord-Trøndelag med Bindal,
30,2016,13339,Klungervikneset,rensefisk,,,1694,Grøngylt,4000,deler av lokaliteten,1219,BØMLO,12,Hordaland,59.74668,5.3424,3,Karmøy til Sotra,
30,2016,11763,Knappen,medikamentell,badebehandling,Annet virkestoff,,,,deler av lokaliteten,1259,ØYGARDEN,12,Hordaland,60.5735,4.818517,4,Nordhordaland til Stadt,
30,2016,10113,Kobbavika,rensefisk,,,1694,Grøngylt,3843,deler av lokaliteten,1141,FINNØY,11,Rogaland,59.12232,5.934433,2,Ryfylke,
30,2016,10113,Kobbavika,rensefisk,,,1691,Berggylt,503,deler av lokaliteten,1141,FINNØY,11,Rogaland,59.12232,5.934433,2,Ryfylke,
30,2016,13764,Kokvika,medikamentell,fôrbehandling,Annet virkestoff,,,,deler av lokaliteten,1834,LURØY,18,Nordland,66.41282,12.956867,8,Helgeland til Bodø,
30,2016,12855,Kornstad,rensefisk,,,1694,Grøngylt,2126,deler av lokaliteten,1554,AVERØY,15,Møre og Romsdal,62.960384,7.45015,6,Nordmøre og Sør-Trøndelag,
30,2016,12855,Kornstad,rensefisk,,,1693,Bergnebb,186,deler av lokaliteten,1554,AVERØY,15,Møre og Romsdal,62.960384,7.45015,6,Nordmøre og Sør-Trøndelag,
30,2016,12855,Kornstad,rensefisk,,,1691,Berggylt,124,deler av lokaliteten,1554,AVERØY,15,Møre og Romsdal,62.960384,7.45015,6,Nordmøre og Sør-Trøndelag,
30,2016,10224,Korsneset,rensefisk,,,1694,Grøngylt,3417,deler av lokaliteten,1571,HALSA,15,Møre og Romsdal,63.14268,8.225383,6,Nordmøre og Sør-Trøndelag,
30,2016,10224,Korsneset,rensefisk,,,1691,Berggylt,1540,deler av lokaliteten,1571,HALSA,15,Møre og Romsdal,63.14268,8.225383,6,Nordmøre og Sør-Trøndelag,
30,2016,10224,Korsneset,rensefisk,,,1693,Bergnebb,2321,deler av lokaliteten,1571,HALSA,15,Møre og Romsdal,63.14268,8.225383,6,Nordmøre og Sør-Trøndelag,
30,2016,32097,Korsneset 2,rensefisk,,,1691,Berggylt,580,deler av lokaliteten,1571,HALSA,15,Møre og Romsdal,63.14123,8.21375,6,Nordmøre og Sør-Trøndelag,
30,2016,32097,Korsneset 2,rensefisk,,,1693,Bergnebb,1087,deler av lokaliteten,1571,HALSA,15,Møre og Romsdal,63.14123,8.21375,6,Nordmøre og Sør-Trøndelag,
30,2016,32097,Korsneset 2,rensefisk,,,1694,Grøngylt,1216,deler av lokaliteten,1571,HALSA,15,Møre og Romsdal,63.14123,8.21375,6,Nordmøre og Sør-Trøndelag,
30,2016,18217,Kvaløy Øst,rensefisk,,,1693,Bergnebb,3106,deler av lokaliteten,1149,KARMØY,11,Rogaland,59.396633,5.171083,3,Karmøy til Sotra,
30,2016,18217,Kvaløy Øst,rensefisk,,,1694,Grøngylt,2963,deler av lokaliteten,1149,KARMØY,11,Rogaland,59.396633,5.171083,3,Karmøy til Sotra,
30,2016,18217,Kvaløy Øst,rensefisk,,,1691,Berggylt,174,deler av lokaliteten,1149,KARMØY,11,Rogaland,59.396633,5.171083,3,Karmøy til Sotra,
30,2016,18217,Kvaløy Øst,rensefisk,,,1692,Annen leppefisk,106,deler av lokaliteten,1149,KARMØY,11,Rogaland,59.396633,5.171083,3,Karmøy til Sotra,
30,2016,11074,Kvalvika,medikamentell,badebehandling,Annet virkestoff,,,,hele lokaliteten,1836,RØDØY,18,Nordland,66.66908,13.391633,8,Helgeland til Bodø,
30,2016,32217,Kvernaneset,medikamentell,badebehandling,Annet virkestoff,,,,deler av lokaliteten,1216,SVEIO,12,Hordaland,59.685318,5.4311,3,Karmøy til Sotra,
30,2016,24975,Kvernavika,rensefisk,,,1692,Annen leppefisk,6776,deler av lokaliteten,1223,TYSNES,12,Hordaland,60.069283,5.351183,3,Karmøy til Sotra,
30,2016,11714,Kvernhusvika,rensefisk,,,1693,Bergnebb,894,deler av lokaliteten,1412,SOLUND,14,Sogn og Fjordane,61.0678,4.94225,4,Nordhordaland til Stadt,
30,2016,11714,Kvernhusvika,rensefisk,,,1694,Grøngylt,4272,deler av lokaliteten,1412,SOLUND,14,Sogn og Fjordane,61.0678,4.94225,4,Nordhordaland til Stadt,
30,2016,11714,Kvernhusvika,rensefisk,,,1691,Berggylt,160,deler av lokaliteten,1412,SOLUND,14,Sogn og Fjordane,61.0678,4.94225,4,Nordhordaland til Stadt,
30,2016,10041,Kviksholmen,rensefisk,,,1694,Grøngylt,30500,hele lokaliteten,1244,AUSTEVOLL,12,Hordaland,60.054317,5.090733,3,Karmøy til Sotra,
30,2016,10041,Kviksholmen,rensefisk,,,1691,Berggylt,2300,hele lokaliteten,1244,AUSTEVOLL,12,Hordaland,60.054317,5.090733,3,Karmøy til Sotra,
30,2016,11775,Kviteskjeret,medikamentell,badebehandling,Azamethiphos,,,,hele lokaliteten,1428,ASKVOLL,14,Sogn og Fjordane,61.467815,5.2203,4,Nordhordaland til Stadt,
30,2016,11775,Kviteskjeret,medikamentell,badebehandling,Deltamethrin,,,,hele lokaliteten,1428,ASKVOLL,14,Sogn og Fjordane,61.467815,5.2203,4,Nordhordaland til Stadt,
30,2016,30076,Kyrøyene,ikke-medikamentell,,,,,,deler av lokaliteten,1750,VIKNA,17,Nord-Trøndelag,64.764015,10.806633,7,Nord-Trøndelag med Bindal,
30,2016,13234,Kysnes,medikamentell,badebehandling,Annet virkestoff,,,,hele lokaliteten,1227,JONDAL,12,Hordaland,60.19877,6.09685,3,Karmøy til Sotra,
30,2016,24715,Langholmen,rensefisk,,,1694,Grøngylt,3113,deler av lokaliteten,1141,FINNØY,11,Rogaland,59.097282,5.835917,2,Ryfylke,
30,2016,24715,Langholmen,rensefisk,,,1691,Berggylt,922,deler av lokaliteten,1141,FINNØY,11,Rogaland,59.097282,5.835917,2,Ryfylke,
30,2016,13055,Langøyna Ø,rensefisk,,,1693,Bergnebb,3414,deler av lokaliteten,1146,TYSVÆR,11,Rogaland,59.2983,5.713333,2,Ryfylke,
30,2016,13055,Langøyna Ø,rensefisk,,,1691,Berggylt,490,deler av lokaliteten,1146,TYSVÆR,11,Rogaland,59.2983,5.713333,2,Ryfylke,
30,2016,13055,Langøyna Ø,rensefisk,,,1694,Grøngylt,5731,deler av lokaliteten,1146,TYSVÆR,11,Rogaland,59.2983,5.713333,2,Ryfylke,
30,2016,33557,Langskjæra II,rensefisk,,,1691,Berggylt,362,deler av lokaliteten,1620,FRØYA,16,Sør-Trøndelag,63.82245,8.74075,6,Nordmøre og Sør-Trøndelag,
30,2016,33557,Langskjæra II,rensefisk,,,1693,Bergnebb,4685,deler av lokaliteten,1620,FRØYA,16,Sør-Trøndelag,63.82245,8.74075,6,Nordmøre og Sør-Trøndelag,
30,2016,11438,Lauplandsholmen,rensefisk,,,1693,Bergnebb,24018,hele lokaliteten,1145,BOKN,11,Rogaland,59.179733,5.472633,2,Ryfylke,
30,2016,19355,Låva,rensefisk,,,1694,Grøngylt,2352,deler av lokaliteten,1141,FINNØY,11,Rogaland,59.29677,5.9888,2,Ryfylke,
30,2016,19355,Låva,rensefisk,,,1693,Bergnebb,576,deler av lokaliteten,1141,FINNØY,11,Rogaland,59.29677,5.9888,2,Ryfylke,
30,2016,12870,Leite,rensefisk,,,1694,Grøngylt,65,deler av lokaliteten,1554,AVERØY,15,Møre og Romsdal,63.035984,7.678117,6,Nordmøre og Sør-Trøndelag,
30,2016,12870,Leite,rensefisk,,,1693,Bergnebb,6524,deler av lokaliteten,1554,AVERØY,15,Møre og Romsdal,63.035984,7.678117,6,Nordmøre og Sør-Trøndelag,
30,2016,12870,Leite,rensefisk,,,1691,Berggylt,88,deler av lokaliteten,1554,AVERØY,15,Møre og Romsdal,63.035984,7.678117,6,Nordmøre og Sør-Trøndelag,
30,2016,28396,Lindarholmen,rensefisk,,,1694,Grøngylt,3338,deler av lokaliteten,1223,TYSNES,12,Hordaland,60.084034,5.638667,3,Karmøy til Sotra,
30,2016,28996,Loddetå,rensefisk,,,1694,Grøngylt,6911,deler av lokaliteten,1216,SVEIO,12,Hordaland,59.691643,5.54298,3,Karmøy til Sotra,
30,2016,28996,Loddetå,rensefisk,,,1693,Bergnebb,150,deler av lokaliteten,1216,SVEIO,12,Hordaland,59.691643,5.54298,3,Karmøy til Sotra,
30,2016,28996,Loddetå,rensefisk,,,1691,Berggylt,1373,deler av lokaliteten,1216,SVEIO,12,Hordaland,59.691643,5.54298,3,Karmøy til Sotra,
30,2016,14043,Lybergsvika,rensefisk,,,1694,Grøngylt,1545,deler av lokaliteten,1539,RAUMA,15,Møre og Romsdal,62.641582,7.448583,5,Stadt til Hustadvika,
30,2016,14043,Lybergsvika,rensefisk,,,1691,Berggylt,3178,deler av lokaliteten,1539,RAUMA,15,Møre og Romsdal,62.641582,7.448583,5,Stadt til Hustadvika,
30,2016,32057,Lyngøy,ikke-medikamentell,,,,,,deler av lokaliteten,1750,VIKNA,17,Nord-Trøndelag,64.81865,10.935217,7,Nord-Trøndelag med Bindal,
30,2016,12127,Mælen,rensefisk,,,1691,Berggylt,170,deler av lokaliteten,1224,KVINNHERAD,12,Hordaland,59.69998,5.722917,3,Karmøy til Sotra,
30,2016,12127,Mælen,rensefisk,,,1694,Grøngylt,6195,deler av lokaliteten,1224,KVINNHERAD,12,Hordaland,59.69998,5.722917,3,Karmøy til Sotra,
30,2016,12134,Maradalen,ikke-medikamentell,,,,,,hele lokaliteten,1224,KVINNHERAD,12,Hordaland,59.76077,5.686767,3,Karmøy til Sotra,
30,2016,10137,Matland,medikamentell,badebehandling,Annet virkestoff,,,,hele lokaliteten,1241,FUSA,12,Hordaland,60.264084,5.6591,3,Karmøy til Sotra,
30,2016,31637,Melkøya,ikke-medikamentell,,,,,,deler av lokaliteten,1818,HERØY I NORDLAND,18,Nordland,66.08231,12.201167,8,Helgeland til Bodø,
30,2016,31637,Melkøya,rensefisk,,,1694,Grøngylt,16000,hele lokaliteten,1818,HERØY I NORDLAND,18,Nordland,66.08231,12.201167,8,Helgeland til Bodø,
30,2016,10078,Mjånes,rensefisk,,,1694,Grøngylt,5000,hele lokaliteten,1411,GULEN,14,Sogn og Fjordane,60.997734,5.0304,4,Nordhordaland til Stadt,
30,2016,10078,Mjånes,rensefisk,,,1691,Berggylt,12000,hele lokaliteten,1411,GULEN,14,Sogn og Fjordane,60.997734,5.0304,4,Nordhordaland til Stadt,
30,2016,13629,Munkholmen,rensefisk,,,1694,Grøngylt,3615,deler av lokaliteten,1146,TYSVÆR,11,Rogaland,59.285484,5.631317,2,Ryfylke,
30,2016,13629,Munkholmen,rensefisk,,,1691,Berggylt,220,deler av lokaliteten,1146,TYSVÆR,11,Rogaland,59.285484,5.631317,2,Ryfylke,
30,2016,29957,Nakkestad,rensefisk,,,1694,Grøngylt,2500,hele lokaliteten,1032,LYNGDAL,10,Vest-Agder,58.055832,7.06875,1,Svenskegrensen til Jæren,
30,2016,29957,Nakkestad,rensefisk,,,1693,Bergnebb,11000,hele lokaliteten,1032,LYNGDAL,10,Vest-Agder,58.055832,7.06875,1,Svenskegrensen til Jæren,
30,2016,24937,Nebbo,rensefisk,,,1691,Berggylt,1000,hele lokaliteten,1224,KVINNHERAD,12,Hordaland,59.87075,5.725017,3,Karmøy til Sotra,
30,2016,24937,Nebbo,rensefisk,,,1694,Grøngylt,35000,hele lokaliteten,1224,KVINNHERAD,12,Hordaland,59.87075,5.725017,3,Karmøy til Sotra,
30,2016,24937,Nebbo,rensefisk,,,1693,Bergnebb,5000,hele lokaliteten,1224,KVINNHERAD,12,Hordaland,59.87075,5.725017,3,Karmøy til Sotra,
30,2016,11041,Nord-Gåsvær,medikamentell,fôrbehandling,Emamectin benzoat,,,,hele lokaliteten,1818,HERØY I NORDLAND,18,Nordland,66.07035,12.065617,8,Helgeland til Bodø,
30,2016,11041,Nord-Gåsvær,rensefisk,,,1691,Berggylt,3141,deler av lokaliteten,1818,HERØY I NORDLAND,18,Nordland,66.07035,12.065617,8,Helgeland til Bodø,
30,2016,11041,Nord-Gåsvær,rensefisk,,,1693,Bergnebb,18992,deler av lokaliteten,1818,HERØY I NORDLAND,18,Nordland,66.07035,12.065617,8,Helgeland til Bodø,
30,2016,23816,Nordbotnet,rensefisk,,,1693,Bergnebb,23161,hele lokaliteten,1828,NESNA,18,Nordland,66.25645,12.89285,8,Helgeland til Bodø,
30,2016,14495,Nordeimsøyna,rensefisk,,,1693,Bergnebb,4201,deler av lokaliteten,1141,FINNØY,11,Rogaland,59.28695,5.812483,2,Ryfylke,
30,2016,33937,Nørholmen,medikamentell,fôrbehandling,Emamectin benzoat,,,,deler av lokaliteten,1573,SMØLA,15,Møre og Romsdal,63.338917,8.2718,6,Nordmøre og Sør-Trøndelag,
30,2016,33937,Nørholmen,rensefisk,,,1694,Grøngylt,349,deler av lokaliteten,1573,SMØLA,15,Møre og Romsdal,63.338917,8.2718,6,Nordmøre og Sør-Trøndelag,
30,2016,33937,Nørholmen,rensefisk,,,1693,Bergnebb,555,deler av lokaliteten,1573,SMØLA,15,Møre og Romsdal,63.338917,8.2718,6,Nordmøre og Sør-Trøndelag,
30,2016,33937,Nørholmen,rensefisk,,,1691,Berggylt,82,deler av lokaliteten,1573,SMØLA,15,Møre og Romsdal,63.338917,8.2718,6,Nordmøre og Sør-Trøndelag,
30,2016,33297,Nye Skorpa,rensefisk,,,1694,Grøngylt,16483,hele lokaliteten,1827,DØNNA,18,Nordland,66.03093,12.481483,8,Helgeland til Bodø,
30,2016,13020,Nygård,rensefisk,,,1694,Grøngylt,304,deler av lokaliteten,1242,SAMNANGER,12,Hordaland,60.358067,5.683283,3,Karmøy til Sotra,
30,2016,13020,Nygård,rensefisk,,,1693,Bergnebb,100,deler av lokaliteten,1242,SAMNANGER,12,Hordaland,60.358067,5.683283,3,Karmøy til Sotra,
30,2016,13020,Nygård,rensefisk,,,1691,Berggylt,80,deler av lokaliteten,1242,SAMNANGER,12,Hordaland,60.358067,5.683283,3,Karmøy til Sotra,
30,2016,31697,Oksen,ikke-medikamentell,,,,,,hele lokaliteten,1246,FJELL,12,Hordaland,60.43382,4.9411,3,Karmøy til Sotra,
30,2016,19655,Ospeneset,rensefisk,,,1694,Grøngylt,1830,hele lokaliteten,1263,LINDÅS,12,Hordaland,60.74618,5.2701,4,Nordhordaland til Stadt,
30,2016,19655,Ospeneset,rensefisk,,,1691,Berggylt,135,hele lokaliteten,1263,LINDÅS,12,Hordaland,60.74618,5.2701,4,Nordhordaland til Stadt,
30,2016,11205,Oterholmen I,medikamentell,fôrbehandling,Emamectin benzoat,,,,hele lokaliteten,1860,VESTVÅGØY,18,Nordland,68.092636,13.634483,9,Vestfjorden og Vesterålen,
30,2016,33417,Persflua,rensefisk,,,1693,Bergnebb,43055,deler av lokaliteten,1627,BJUGN,16,Sør-Trøndelag,63.91345,9.826433,6,Nordmøre og Sør-Trøndelag,
30,2016,11688,Portevika,medikamentell,badebehandling,Annet virkestoff,,,,hele lokaliteten,1413,HYLLESTAD,14,Sogn og Fjordane,61.18885,5.090017,4,Nordhordaland til Stadt,
30,2016,11972,Prestholmane,rensefisk,,,1694,Grøngylt,9524,deler av lokaliteten,1141,FINNØY,11,Rogaland,59.116768,5.8545,2,Ryfylke,
30,2016,11972,Prestholmane,rensefisk,,,1691,Berggylt,454,deler av lokaliteten,1141,FINNØY,11,Rogaland,59.116768,5.8545,2,Ryfylke,
30,2016,11651,Ramsøy S,ikke-medikamentell,,,,,,deler av lokaliteten,1247,ASKØY,12,Hordaland,60.434082,5.062733,3,Karmøy til Sotra,
30,2016,11651,Ramsøy S,rensefisk,,,1692,Annen leppefisk,8194,deler av lokaliteten,1247,ASKØY,12,Hordaland,60.434082,5.062733,3,Karmøy til Sotra,
30,2016,12366,Raskjæret,ikke-medikamentell,,,,,,deler av lokaliteten,1620,FRØYA,16,Sør-Trøndelag,63.793617,8.854567,6,Nordmøre og Sør-Trøndelag,
30,2016,33477,Reinsnesøya,medikamentell,fôrbehandling,Emamectin benzoat,,,,hele lokaliteten,1870,SORTLAND,18,Nordland,68.772835,15.446583,9,Vestfjorden og Vesterålen,
30,2016,29116,Reiråklakken,medikamentell,fôrbehandling,Annet virkestoff,,,,hele lokaliteten,1573,SMØLA,15,Møre og Romsdal,63.450333,8.167717,6,Nordmøre og Sør-Trøndelag,
30,2016,29116,Reiråklakken,rensefisk,,,1691,Berggylt,259,deler av lokaliteten,1573,SMØLA,15,Møre og Romsdal,63.450333,8.167717,6,Nordmøre og Sør-Trøndelag,
30,2016,29116,Reiråklakken,rensefisk,,,1693,Bergnebb,960,deler av lokaliteten,1573,SMØLA,15,Møre og Romsdal,63.450333,8.167717,6,Nordmøre og Sør-Trøndelag,
30,2016,17357,Rennaren,rensefisk,,,1693,Bergnebb,6487,deler av lokaliteten,1142,RENNESØY,11,Rogaland,59.131584,5.72165,2,Ryfylke,
30,2016,17357,Rennaren,rensefisk,,,1694,Grøngylt,928,deler av lokaliteten,1142,RENNESØY,11,Rogaland,59.131584,5.72165,2,Ryfylke,
30,2016,30657,Revøy,rensefisk,,,1693,Bergnebb,16000,hele lokaliteten,1032,LYNGDAL,10,Vest-Agder,58.0243,7.0268,1,Svenskegrensen til Jæren,
30,2016,11770,Rotøy,medikamentell,badebehandling,Annet virkestoff,,,,deler av lokaliteten,1259,ØYGARDEN,12,Hordaland,60.682533,4.760017,4,Nordhordaland til Stadt,
30,2016,12298,Røysa,rensefisk,,,1694,Grøngylt,19394,deler av lokaliteten,1532,GISKE,15,Møre og Romsdal,62.54865,6.1417,5,Stadt til Hustadvika,
30,2016,12298,Røysa,rensefisk,,,1691,Berggylt,2564,deler av lokaliteten,1532,GISKE,15,Møre og Romsdal,62.54865,6.1417,5,Stadt til Hustadvika,
30,2016,34857,Salatskjæra,ikke-medikamentell,,,,,,deler av lokaliteten,1620,FRØYA,16,Sør-Trøndelag,63.90485,8.589133,6,Nordmøre og Sør-Trøndelag,
30,2016,34857,Salatskjæra,rensefisk,,,222120,Rognkjeks (hun),4177,deler av lokaliteten,1620,FRØYA,16,Sør-Trøndelag,63.90485,8.589133,6,Nordmøre og Sør-Trøndelag,
30,2016,34857,Salatskjæra,rensefisk,,,1691,Berggylt,2810,deler av lokaliteten,1620,FRØYA,16,Sør-Trøndelag,63.90485,8.589133,6,Nordmøre og Sør-Trøndelag,
30,2016,12973,Saltkjelen I,rensefisk,,,1694,Grøngylt,1533,deler av lokaliteten,1238,KVAM,12,Hordaland,60.31815,6.183183,3,Karmøy til Sotra,
30,2016,11856,Salvågvika,rensefisk,,,169520,Rødnebb,75,deler av lokaliteten,1004,FLEKKEFJORD,10,Vest-Agder,58.223434,6.63615,1,Svenskegrensen til Jæren,
30,2016,11856,Salvågvika,rensefisk,,,1694,Grøngylt,4211,deler av lokaliteten,1004,FLEKKEFJORD,10,Vest-Agder,58.223434,6.63615,1,Svenskegrensen til Jæren,
30,2016,11856,Salvågvika,rensefisk,,,1691,Berggylt,676,deler av lokaliteten,1004,FLEKKEFJORD,10,Vest-Agder,58.223434,6.63615,1,Svenskegrensen til Jæren,
30,2016,19135,Sandøya III,ikke-medikamentell,,,,,,hele lokaliteten,1632,ROAN,16,Sør-Trøndelag,64.243385,10.26445,6,Nordmøre og Sør-Trøndelag,
30,2016,13035,Sauaneset I,rensefisk,,,1692,Annen leppefisk,1000,hele lokaliteten,1244,AUSTEVOLL,12,Hordaland,60.089085,5.267967,3,Karmøy til Sotra,
30,2016,12244,Setevika,rensefisk,,,1691,Berggylt,1394,hele lokaliteten,1545,MIDSUND,15,Møre og Romsdal,62.728065,6.939283,5,Stadt til Hustadvika,
30,2016,12244,Setevika,rensefisk,,,1694,Grøngylt,5186,hele lokaliteten,1545,MIDSUND,15,Møre og Romsdal,62.728065,6.939283,5,Stadt til Hustadvika,
30,2016,12244,Setevika,rensefisk,,,1693,Bergnebb,4493,hele lokaliteten,1545,MIDSUND,15,Møre og Romsdal,62.728065,6.939283,5,Stadt til Hustadvika,
30,2016,24115,Singsholmen,ikke-medikamentell,,,,,,deler av lokaliteten,1617,HITRA,16,Sør-Trøndelag,63.41975,8.411617,6,Nordmøre og Sør-Trøndelag,
30,2016,24115,Singsholmen,rensefisk,,,222120,Rognkjeks (hun),3585,deler av lokaliteten,1617,HITRA,16,Sør-Trøndelag,63.41975,8.411617,6,Nordmøre og Sør-Trøndelag,
30,2016,24115,Singsholmen,rensefisk,,,1693,Bergnebb,132,deler av lokaliteten,1617,HITRA,16,Sør-Trøndelag,63.41975,8.411617,6,Nordmøre og Sør-Trøndelag,
30,2016,20796,Skarbukta,ikke-medikamentell,,,,,,deler av lokaliteten,1539,RAUMA,15,Møre og Romsdal,62.59785,7.367717,5,Stadt til Hustadvika,
30,2016,20796,Skarbukta,rensefisk,,,1691,Berggylt,498,deler av lokaliteten,1539,RAUMA,15,Møre og Romsdal,62.59785,7.367717,5,Stadt til Hustadvika,
30,2016,20796,Skarbukta,rensefisk,,,1694,Grøngylt,1585,deler av lokaliteten,1539,RAUMA,15,Møre og Romsdal,62.59785,7.367717,5,Stadt til Hustadvika,
30,2016,34117,Skåtholmen,rensefisk,,,1694,Grøngylt,14647,hele lokaliteten,1241,FUSA,12,Hordaland,60.17177,5.563633,3,Karmøy til Sotra,
30,2016,34117,Skåtholmen,rensefisk,,,1693,Bergnebb,1409,hele lokaliteten,1241,FUSA,12,Hordaland,60.17177,5.563633,3,Karmøy til Sotra,
30,2016,34117,Skåtholmen,rensefisk,,,1692,Annen leppefisk,1134,hele lokaliteten,1241,FUSA,12,Hordaland,60.17177,5.563633,3,Karmøy til Sotra,
30,2016,34117,Skåtholmen,rensefisk,,,1691,Berggylt,399,hele lokaliteten,1241,FUSA,12,Hordaland,60.17177,5.563633,3,Karmøy til Sotra,
30,2016,11861,Skipningsdalen,rensefisk,,,1694,Grøngylt,429,deler av lokaliteten,1004,FLEKKEFJORD,10,Vest-Agder,58.24148,6.5958,1,Svenskegrensen til Jæren,
30,2016,11861,Skipningsdalen,rensefisk,,,1691,Berggylt,240,deler av lokaliteten,1004,FLEKKEFJORD,10,Vest-Agder,58.24148,6.5958,1,Svenskegrensen til Jæren,
30,2016,33157,Skogsholmen,ikke-medikamentell,,,,,,deler av lokaliteten,1815,VEGA,18,Nordland,65.83141,12.070533,8,Helgeland til Bodø,
30,2016,10961,Skonseng,ikke-medikamentell,,,,,,deler av lokaliteten,1824,VEFSN,18,Nordland,65.80648,12.619767,8,Helgeland til Bodø,
30,2016,12108,Skorpo Nv,rensefisk,,,1692,Annen leppefisk,25862,deler av lokaliteten,1224,KVINNHERAD,12,Hordaland,59.95323,5.827133,3,Karmøy til Sotra,
30,2016,12192,Skorva,ikke-medikamentell,,,,,,hele lokaliteten,1428,ASKVOLL,14,Sogn og Fjordane,61.467117,5.3136,4,Nordhordaland til Stadt,
30,2016,30997,Skrubbholmen,ikke-medikamentell,,,,,,deler av lokaliteten,1751,NÆRØY,17,Nord-Trøndelag,64.801735,11.162183,7,Nord-Trøndelag med Bindal,
30,2016,28096,Slåttenes,medikamentell,badebehandling,Annet virkestoff,,,,deler av lokaliteten,1224,KVINNHERAD,12,Hordaland,59.83222,5.984267,3,Karmøy til Sotra,
30,2016,28096,Slåttenes,medikamentell,badebehandling,Azamethiphos,,,,deler av lokaliteten,1224,KVINNHERAD,12,Hordaland,59.83222,5.984267,3,Karmøy til Sotra,
30,2016,11605,Soløy Ø,rensefisk,,,1694,Grøngylt,12000,hele lokaliteten,1222,FITJAR,12,Hordaland,59.90708,5.159833,3,Karmøy til Sotra,
30,2016,11605,Soløy Ø,rensefisk,,,1691,Berggylt,2000,hele lokaliteten,1222,FITJAR,12,Hordaland,59.90708,5.159833,3,Karmøy til Sotra,
30,2016,27436,Solværet,medikamentell,fôrbehandling,Annet virkestoff,,,,hele lokaliteten,1573,SMØLA,15,Møre og Romsdal,63.255,7.856933,6,Nordmøre og Sør-Trøndelag,
30,2016,27436,Solværet,rensefisk,,,1694,Grøngylt,26746,hele lokaliteten,1573,SMØLA,15,Møre og Romsdal,63.255,7.856933,6,Nordmøre og Sør-Trøndelag,
30,2016,27436,Solværet,rensefisk,,,1691,Berggylt,2960,hele lokaliteten,1573,SMØLA,15,Møre og Romsdal,63.255,7.856933,6,Nordmøre og Sør-Trøndelag,
30,2016,27436,Solværet,rensefisk,,,1693,Bergnebb,34678,hele lokaliteten,1573,SMØLA,15,Møre og Romsdal,63.255,7.856933,6,Nordmøre og Sør-Trøndelag,
30,2016,15375,Sørøyflesa,ikke-medikamentell,,,,,,deler av lokaliteten,1620,FRØYA,16,Sør-Trøndelag,63.98405,9.057067,6,Nordmøre og Sør-Trøndelag,
30,2016,15375,Sørøyflesa,rensefisk,,,1691,Berggylt,1397,deler av lokaliteten,1620,FRØYA,16,Sør-Trøndelag,63.98405,9.057067,6,Nordmøre og Sør-Trøndelag,
30,2016,15375,Sørøyflesa,rensefisk,,,1694,Grøngylt,1825,deler av lokaliteten,1620,FRØYA,16,Sør-Trøndelag,63.98405,9.057067,6,Nordmøre og Sør-Trøndelag,
30,2016,15375,Sørøyflesa,rensefisk,,,222120,Rognkjeks (hun),35399,deler av lokaliteten,1620,FRØYA,16,Sør-Trøndelag,63.98405,9.057067,6,Nordmøre og Sør-Trøndelag,
30,2016,34297,Stabben,medikamentell,fôrbehandling,Emamectin benzoat,,,,hele lokaliteten,1852,TJELDSUND,18,Nordland,68.40086,16.2171,9,Vestfjorden og Vesterålen,
30,2016,11486,Stokkavik,rensefisk,,,1694,Grøngylt,5620,deler av lokaliteten,1219,BØMLO,12,Hordaland,59.7604,5.341183,3,Karmøy til Sotra,
30,2016,11971,Store Teistholmen Ø,rensefisk,,,1693,Bergnebb,3596,deler av lokaliteten,1102,SANDNES,11,Rogaland,58.97685,5.867383,2,Ryfylke,
30,2016,11971,Store Teistholmen Ø,rensefisk,,,1694,Grøngylt,3558,deler av lokaliteten,1102,SANDNES,11,Rogaland,58.97685,5.867383,2,Ryfylke,
30,2016,10311,Storlia,ikke-medikamentell,,,,,,hele lokaliteten,1413,HYLLESTAD,14,Sogn og Fjordane,61.201717,5.170933,4,Nordhordaland til Stadt,
30,2016,10552,Storvika III,medikamentell,badebehandling,Azamethiphos,,,,hele lokaliteten,1923,SALANGEN,19,Troms,68.89622,17.487316,10,Andøya til Senja,
30,2016,10552,Storvika III,medikamentell,badebehandling,Deltamethrin,,,,hele lokaliteten,1923,SALANGEN,19,Troms,68.89622,17.487316,10,Andøya til Senja,
30,2016,11858,Støytland,rensefisk,,,169520,Rødnebb,128,deler av lokaliteten,1004,FLEKKEFJORD,10,Vest-Agder,58.2316,6.628533,1,Svenskegrensen til Jæren,
30,2016,11858,Støytland,rensefisk,,,1694,Grøngylt,2827,deler av lokaliteten,1004,FLEKKEFJORD,10,Vest-Agder,58.2316,6.628533,1,Svenskegrensen til Jæren,
30,2016,11858,Støytland,rensefisk,,,1691,Berggylt,1119,deler av lokaliteten,1004,FLEKKEFJORD,10,Vest-Agder,58.2316,6.628533,1,Svenskegrensen til Jæren,
30,2016,12081,Straumneset,medikamentell,badebehandling,Annet virkestoff,,,,hele lokaliteten,1227,JONDAL,12,Hordaland,60.220966,6.139567,3,Karmøy til Sotra,
30,2016,11552,Stuholmen,rensefisk,,,1693,Bergnebb,60,hele lokaliteten,1245,SUND,12,Hordaland,60.249683,4.978117,3,Karmøy til Sotra,
30,2016,11552,Stuholmen,rensefisk,,,1692,Annen leppefisk,239,hele lokaliteten,1245,SUND,12,Hordaland,60.249683,4.978117,3,Karmøy til Sotra,
30,2016,11552,Stuholmen,rensefisk,,,1694,Grøngylt,5259,hele lokaliteten,1245,SUND,12,Hordaland,60.249683,4.978117,3,Karmøy til Sotra,
30,2016,11552,Stuholmen,rensefisk,,,1693,Bergnebb,426,hele lokaliteten,1245,SUND,12,Hordaland,60.249683,4.978117,3,Karmøy til Sotra,
30,2016,22955,Svollandsneset,medikamentell,badebehandling,Annet virkestoff,,,,hele lokaliteten,1160,VINDAFJORD,11,Rogaland,59.684235,5.589717,3,Karmøy til Sotra,
30,2016,21755,Tendalsvik,medikamentell,badebehandling,Annet virkestoff,,,,hele lokaliteten,1211,ETNE,12,Hordaland,59.73605,5.884,3,Karmøy til Sotra,
30,2016,12449,Tennøya,ikke-medikamentell,,,,,,deler av lokaliteten,1620,FRØYA,16,Sør-Trøndelag,63.805035,8.4444,6,Nordmøre og Sør-Trøndelag,
30,2016,25815,Tittelsnes,medikamentell,badebehandling,Annet virkestoff,,,,hele lokaliteten,1216,SVEIO,12,Hordaland,59.723484,5.533483,3,Karmøy til Sotra,
30,2016,10054,Tobbeholmane,rensefisk,,,1692,Annen leppefisk,1265,deler av lokaliteten,1244,AUSTEVOLL,12,Hordaland,60.02432,5.30815,3,Karmøy til Sotra,
30,2016,26055,Toppsund Øst,medikamentell,fôrbehandling,Emamectin benzoat,,,,hele lokaliteten,1903,HARSTAD,19,Troms,68.863716,16.403032,10,Andøya til Senja,
30,2016,30236,Toppsund Vest,medikamentell,fôrbehandling,Emamectin benzoat,,,,hele lokaliteten,1903,HARSTAD,19,Troms,68.9112,16.289333,10,Andøya til Senja,
30,2016,30236,Toppsund Vest,medikamentell,fôrbehandling,Emamectin benzoat,,,,hele lokaliteten,1903,HARSTAD,19,Troms,68.9112,16.289333,10,Andøya til Senja,
30,2016,30837,Torangskjeret,rensefisk,,,1694,Grøngylt,8650,deler av lokaliteten,1244,AUSTEVOLL,12,Hordaland,60.130184,5.176033,3,Karmøy til Sotra,
30,2016,30837,Torangskjeret,rensefisk,,,1693,Bergnebb,1095,deler av lokaliteten,1244,AUSTEVOLL,12,Hordaland,60.130184,5.176033,3,Karmøy til Sotra,
30,2016,30837,Torangskjeret,rensefisk,,,1692,Annen leppefisk,223,deler av lokaliteten,1244,AUSTEVOLL,12,Hordaland,60.130184,5.176033,3,Karmøy til Sotra,
30,2016,30837,Torangskjeret,rensefisk,,,1691,Berggylt,161,deler av lokaliteten,1244,AUSTEVOLL,12,Hordaland,60.130184,5.176033,3,Karmøy til Sotra,
30,2016,10332,Trommo,rensefisk,,,1694,Grøngylt,2408,deler av lokaliteten,1224,KVINNHERAD,12,Hordaland,60.08243,6.080067,3,Karmøy til Sotra,
30,2016,10332,Trommo,rensefisk,,,1693,Bergnebb,5618,deler av lokaliteten,1224,KVINNHERAD,12,Hordaland,60.08243,6.080067,3,Karmøy til Sotra,
30,2016,10091,Vågsøya,medikamentell,badebehandling,Deltamethrin,,,,deler av lokaliteten,1401,FLORA,14,Sogn og Fjordane,61.489735,5.023517,4,Nordhordaland til Stadt,
30,2016,10091,Vågsøya,ikke-medikamentell,,,,,,deler av lokaliteten,1401,FLORA,14,Sogn og Fjordane,61.489735,5.023517,4,Nordhordaland til Stadt,
30,2016,31557,Valøyan,medikamentell,badebehandling,Annet virkestoff,,,,deler av lokaliteten,1620,FRØYA,16,Sør-Trøndelag,63.81735,8.462483,6,Nordmøre og Sør-Trøndelag,
30,2016,13704,Vikane,ikke-medikamentell,,,,,,hele lokaliteten,1266,MASFJORDEN,12,Hordaland,60.7125,5.403633,4,Nordhordaland til Stadt,
30,2016,13246,Voldnes,rensefisk,,,1694,Grøngylt,7643,deler av lokaliteten,1515,HERØY I MØRE OG ROMSDAL,15,Møre og Romsdal,62.2097,5.7849,5,Stadt til Hustadvika,
30,2016,13246,Voldnes,rensefisk,,,1693,Bergnebb,418,deler av lokaliteten,1515,HERØY I MØRE OG ROMSDAL,15,Møre og Romsdal,62.2097,5.7849,5,Stadt til Hustadvika,
30,2016,13246,Voldnes,rensefisk,,,1691,Berggylt,200,deler av lokaliteten,1515,HERØY I MØRE OG ROMSDAL,15,Møre og Romsdal,62.2097,5.7849,5,Stadt til Hustadvika,
29,2016,10298,Ålforo,rensefisk,,,1692,Annen leppefisk,16030,hele lokaliteten,1222,FITJAR,12,Hordaland,59.8665,5.244133,3,Karmøy til Sotra,
29,2016,29816,Apalvikneset,rensefisk,,,1694,Grøngylt,13220,deler av lokaliteten,1227,JONDAL,12,Hordaland,60.146217,6.121133,3,Karmøy til Sotra,
29,2016,29816,Apalvikneset,rensefisk,,,1693,Bergnebb,13330,deler av lokaliteten,1227,JONDAL,12,Hordaland,60.146217,6.121133,3,Karmøy til Sotra,
29,2016,35797,Årsetfjorden,medikamentell,fôrbehandling,Emamectin benzoat,,,,hele lokaliteten,1751,NÆRØY,17,Nord-Trøndelag,65.00819,11.746417,7,Nord-Trøndelag med Bindal,
29,2016,12357,Aursøysva,rensefisk,,,1691,Berggylt,3225,hele lokaliteten,1620,FRØYA,16,Sør-Trøndelag,63.801968,8.910767,6,Nordmøre og Sør-Trøndelag,
29,2016,25055,Bekksneset,medikamentell,badebehandling,Hydrogenperoksid,,,,hele lokaliteten,1413,HYLLESTAD,14,Sogn og Fjordane,61.07662,5.38595,4,Nordhordaland til Stadt,
29,2016,23436,Bjørnholmen,medikamentell,badebehandling,Annet virkestoff,,,,hele lokaliteten,1412,SOLUND,14,Sogn og Fjordane,61.20635,4.938083,4,Nordhordaland til Stadt,
29,2016,12040,Brandaskuta,rensefisk,,,1694,Grøngylt,4693,hele lokaliteten,1224,KVINNHERAD,12,Hordaland,59.975735,5.909183,3,Karmøy til Sotra,
29,2016,12594,Breidvika,ikke-medikamentell,,,,,,deler av lokaliteten,1633,OSEN,16,Sør-Trøndelag,64.295364,10.397483,6,Nordmøre og Sør-Trøndelag,
29,2016,34197,Brennholmen,medikamentell,fôrbehandling,Emamectin benzoat,,,,deler av lokaliteten,1818,HERØY I NORDLAND,18,Nordland,65.978714,12.16355,8,Helgeland til Bodø,
29,2016,33537,Buholmen,rensefisk,,,1691,Berggylt,5054,deler av lokaliteten,1632,ROAN,16,Sør-Trøndelag,64.1569,10.008917,6,Nordmøre og Sør-Trøndelag,
29,2016,12007,Dale II,rensefisk,,,222120,Rognkjeks (hun),25806,deler av lokaliteten,1142,RENNESØY,11,Rogaland,59.08215,5.71055,2,Ryfylke,
29,2016,32457,Dalsvåg Nv,rensefisk,,,1692,Annen leppefisk,320,deler av lokaliteten,1149,KARMØY,11,Rogaland,59.410816,5.21725,3,Karmøy til Sotra,
29,2016,32457,Dalsvåg Nv,rensefisk,,,1694,Grøngylt,9938,deler av lokaliteten,1149,KARMØY,11,Rogaland,59.410816,5.21725,3,Karmøy til Sotra,
29,2016,32457,Dalsvåg Nv,rensefisk,,,1691,Berggylt,582,deler av lokaliteten,1149,KARMØY,11,Rogaland,59.410816,5.21725,3,Karmøy til Sotra,
29,2016,10338,Djupevik,rensefisk,,,1694,Grøngylt,5500,hele lokaliteten,1238,KVAM,12,Hordaland,60.4075,6.356717,3,Karmøy til Sotra,
29,2016,10110,Djupevik,rensefisk,,,1694,Grøngylt,8536,deler av lokaliteten,1141,FINNØY,11,Rogaland,59.1474,5.863783,2,Ryfylke,
29,2016,10110,Djupevik,rensefisk,,,1691,Berggylt,1091,deler av lokaliteten,1141,FINNØY,11,Rogaland,59.1474,5.863783,2,Ryfylke,
29,2016,21415,Dyrholmen,rensefisk,,,1691,Berggylt,5910,deler av lokaliteten,1141,FINNØY,11,Rogaland,59.285484,5.8583,2,Ryfylke,
29,2016,12033,Dysvik,rensefisk,,,1694,Grøngylt,4967,deler av lokaliteten,1238,KVAM,12,Hordaland,60.191017,5.967617,3,Karmøy til Sotra,
29,2016,12033,Dysvik,rensefisk,,,1691,Berggylt,30,deler av lokaliteten,1238,KVAM,12,Hordaland,60.191017,5.967617,3,Karmøy til Sotra,
29,2016,12109,Ebne,ikke-medikamentell,,,,,,deler av lokaliteten,1211,ETNE,12,Hordaland,59.71443,5.8238,3,Karmøy til Sotra,
29,2016,32597,Fjordprakken,medikamentell,fôrbehandling,Annet virkestoff,,,,hele lokaliteten,1573,SMØLA,15,Møre og Romsdal,63.256516,7.928067,6,Nordmøre og Sør-Trøndelag,
29,2016,32597,Fjordprakken,rensefisk,,,1693,Bergnebb,9611,deler av lokaliteten,1573,SMØLA,15,Møre og Romsdal,63.256516,7.928067,6,Nordmøre og Sør-Trøndelag,
29,2016,32597,Fjordprakken,rensefisk,,,1691,Berggylt,683,deler av lokaliteten,1573,SMØLA,15,Møre og Romsdal,63.256516,7.928067,6,Nordmøre og Sør-Trøndelag,
29,2016,32597,Fjordprakken,rensefisk,,,1694,Grøngylt,21191,deler av lokaliteten,1573,SMØLA,15,Møre og Romsdal,63.256516,7.928067,6,Nordmøre og Sør-Trøndelag,
29,2016,19336,Flatholmen,rensefisk,,,1694,Grøngylt,44856,hele lokaliteten,1106,HAUGESUND,11,Rogaland,59.4293,5.114483,3,Karmøy til Sotra,
29,2016,25895,Flornes,rensefisk,,,1693,Bergnebb,5745,deler av lokaliteten,1223,TYSNES,12,Hordaland,59.890984,5.665983,3,Karmøy til Sotra,
29,2016,25895,Flornes,rensefisk,,,1692,Annen leppefisk,2482,deler av lokaliteten,1223,TYSNES,12,Hordaland,59.890984,5.665983,3,Karmøy til Sotra,
29,2016,25895,Flornes,rensefisk,,,1694,Grøngylt,2721,deler av lokaliteten,1223,TYSNES,12,Hordaland,59.890984,5.665983,3,Karmøy til Sotra,
29,2016,11893,Fosså,rensefisk,,,1694,Grøngylt,16907,hele lokaliteten,1133,HJELMELAND,11,Rogaland,59.2699,6.14295,2,Ryfylke,
29,2016,11893,Fosså,rensefisk,,,1693,Bergnebb,2521,hele lokaliteten,1133,HJELMELAND,11,Rogaland,59.2699,6.14295,2,Ryfylke,
29,2016,11893,Fosså,rensefisk,,,1691,Berggylt,1081,hele lokaliteten,1133,HJELMELAND,11,Rogaland,59.2699,6.14295,2,Ryfylke,
29,2016,31437,Fuglåsen,rensefisk,,,1693,Bergnebb,6627,deler av lokaliteten,1573,SMØLA,15,Møre og Romsdal,63.44715,8.167767,6,Nordmøre og Sør-Trøndelag,
29,2016,13058,Fusavika,medikamentell,badebehandling,Annet virkestoff,,,,deler av lokaliteten,1241,FUSA,12,Hordaland,60.207634,5.613817,3,Karmøy til Sotra,
29,2016,12078,Gangdal,medikamentell,badebehandling,Annet virkestoff,,,,deler av lokaliteten,1227,JONDAL,12,Hordaland,60.215935,6.156667,3,Karmøy til Sotra,
29,2016,24315,Gjæsingen,rensefisk,,,1694,Grøngylt,9986,hele lokaliteten,1630,ÅFJORD,16,Sør-Trøndelag,64.117615,9.981417,6,Nordmøre og Sør-Trøndelag,
29,2016,13036,Gjengane,rensefisk,,,1692,Annen leppefisk,4092,deler av lokaliteten,1244,AUSTEVOLL,12,Hordaland,60.071518,5.306383,3,Karmøy til Sotra,
29,2016,10324,Gjerdeviksflua,medikamentell,badebehandling,Annet virkestoff,,,,deler av lokaliteten,1241,FUSA,12,Hordaland,60.223083,5.641167,3,Karmøy til Sotra,
29,2016,13852,Gjermundnes,rensefisk,,,222120,Rognkjeks (hun),8474,deler av lokaliteten,1535,VESTNES,15,Møre og Romsdal,62.6275,7.192817,5,Stadt til Hustadvika,
29,2016,11365,Gjervika,medikamentell,fôrbehandling,Annet virkestoff,,,,deler av lokaliteten,1927,TRANØY,19,Troms,69.050316,16.887266,10,Andøya til Senja,
29,2016,11690,Grasholmen,rensefisk,,,1692,Annen leppefisk,4424,deler av lokaliteten,1260,RADØY,12,Hordaland,60.595768,5.159717,4,Nordhordaland til Stadt,
29,2016,10318,Gulestø,rensefisk,,,1694,Grøngylt,13708,deler av lokaliteten,1438,BREMANGER,14,Sogn og Fjordane,61.75802,5.069883,4,Nordhordaland til Stadt,
29,2016,10318,Gulestø,rensefisk,,,1693,Bergnebb,8695,deler av lokaliteten,1438,BREMANGER,14,Sogn og Fjordane,61.75802,5.069883,4,Nordhordaland til Stadt,
29,2016,10318,Gulestø,rensefisk,,,1691,Berggylt,2104,deler av lokaliteten,1438,BREMANGER,14,Sogn og Fjordane,61.75802,5.069883,4,Nordhordaland til Stadt,
29,2016,24735,Gulholmen,rensefisk,,,1692,Annen leppefisk,2441,deler av lokaliteten,1243,OS I HORDALAND,12,Hordaland,60.1282,5.400467,3,Karmøy til Sotra,
29,2016,22095,Hågardsneset,rensefisk,,,1694,Grøngylt,13061,hele lokaliteten,1224,KVINNHERAD,12,Hordaland,59.9844,5.929967,3,Karmøy til Sotra,
29,2016,11511,Hattasteinen,ikke-medikamentell,,,,,,hele lokaliteten,1219,BØMLO,12,Hordaland,59.626266,5.250717,3,Karmøy til Sotra,
29,2016,11740,Haverøy,ikke-medikamentell,,,,,,deler av lokaliteten,1246,FJELL,12,Hordaland,60.404766,4.93995,3,Karmøy til Sotra,
29,2016,11740,Haverøy,rensefisk,,,1694,Grøngylt,8576,deler av lokaliteten,1246,FJELL,12,Hordaland,60.404766,4.93995,3,Karmøy til Sotra,
29,2016,11740,Haverøy,rensefisk,,,1691,Berggylt,2235,deler av lokaliteten,1246,FJELL,12,Hordaland,60.404766,4.93995,3,Karmøy til Sotra,
29,2016,13235,Hessvik,rensefisk,,,1694,Grøngylt,2259,deler av lokaliteten,1224,KVINNHERAD,12,Hordaland,60.127934,6.149933,3,Karmøy til Sotra,
29,2016,13235,Hessvik,rensefisk,,,1693,Bergnebb,175,deler av lokaliteten,1224,KVINNHERAD,12,Hordaland,60.127934,6.149933,3,Karmøy til Sotra,
29,2016,13235,Hessvik,rensefisk,,,1691,Berggylt,24,deler av lokaliteten,1224,KVINNHERAD,12,Hordaland,60.127934,6.149933,3,Karmøy til Sotra,
29,2016,18015,Hestabyneset,rensefisk,,,1692,Annen leppefisk,30759,hele lokaliteten,1223,TYSNES,12,Hordaland,59.954018,5.451667,3,Karmøy til Sotra,
29,2016,33797,Hidlekjerringa,medikamentell,badebehandling,Annet virkestoff,,,,deler av lokaliteten,1130,STRAND,11,Rogaland,59.067284,5.839383,2,Ryfylke,
29,2016,33797,Hidlekjerringa,rensefisk,,,1694,Grøngylt,3236,deler av lokaliteten,1130,STRAND,11,Rogaland,59.067284,5.839383,2,Ryfylke,
29,2016,33797,Hidlekjerringa,rensefisk,,,1691,Berggylt,260,deler av lokaliteten,1130,STRAND,11,Rogaland,59.067284,5.839383,2,Ryfylke,
29,2016,34017,Hilbåan,medikamentell,fôrbehandling,Emamectin benzoat,,,,hele lokaliteten,1617,HITRA,16,Sør-Trøndelag,63.6686,8.844717,6,Nordmøre og Sør-Trøndelag,
29,2016,10410,Hindholmen,ikke-medikamentell,,,,,,deler av lokaliteten,1751,NÆRØY,17,Nord-Trøndelag,64.77393,11.44087,7,Nord-Trøndelag med Bindal,
29,2016,12036,Hisdalen,rensefisk,,,1694,Grøngylt,506,deler av lokaliteten,1224,KVINNHERAD,12,Hordaland,60.126118,5.9305,3,Karmøy til Sotra,
29,2016,33218,Hosenøyan,ikke-medikamentell,,,,,,deler av lokaliteten,1630,ÅFJORD,16,Sør-Trøndelag,64.08518,9.884683,6,Nordmøre og Sør-Trøndelag,
29,2016,13231,Høylandssund,ikke-medikamentell,,,,,,hele lokaliteten,1224,KVINNHERAD,12,Hordaland,59.77755,5.8298,3,Karmøy til Sotra,
29,2016,27095,Ihlholmen,ikke-medikamentell,,,,,,hele lokaliteten,1160,VINDAFJORD,11,Rogaland,59.7215,5.586633,3,Karmøy til Sotra,
29,2016,14245,Jakobsteinsvika,rensefisk,,,1691,Berggylt,41931,hele lokaliteten,1755,LEKA,17,Nord-Trøndelag,65.11265,11.792867,7,Nord-Trøndelag med Bindal,
29,2016,30036,Jørstadskjera,rensefisk,,,1694,Grøngylt,1550,deler av lokaliteten,1141,FINNØY,11,Rogaland,59.296318,5.936933,2,Ryfylke,
29,2016,30036,Jørstadskjera,rensefisk,,,1693,Bergnebb,1381,deler av lokaliteten,1141,FINNØY,11,Rogaland,59.296318,5.936933,2,Ryfylke,
29,2016,12260,Juvika,ikke-medikamentell,,,,,,hele lokaliteten,1545,MIDSUND,15,Møre og Romsdal,62.66477,6.696767,5,Stadt til Hustadvika,
29,2016,13220,Kalhag,medikamentell,badebehandling,Annet virkestoff,,,,hele lokaliteten,1130,STRAND,11,Rogaland,58.974716,5.93595,2,Ryfylke,
29,2016,15118,Kalvøya,rensefisk,,,1693,Bergnebb,16139,deler av lokaliteten,1834,LURØY,18,Nordland,66.39365,12.79975,8,Helgeland til Bodø,
29,2016,31517,Kamholmen,rensefisk,,,1693,Bergnebb,13134,hele lokaliteten,1620,FRØYA,16,Sør-Trøndelag,63.762417,8.882933,6,Nordmøre og Sør-Trøndelag,
29,2016,14042,Kattholmen,ikke-medikamentell,,,,,,deler av lokaliteten,1620,FRØYA,16,Sør-Trøndelag,63.870968,8.679017,6,Nordmøre og Sør-Trøndelag,
29,2016,14042,Kattholmen,rensefisk,,,222120,Rognkjeks (hun),19754,deler av lokaliteten,1620,FRØYA,16,Sør-Trøndelag,63.870968,8.679017,6,Nordmøre og Sør-Trøndelag,
29,2016,11913,Kjeahola,rensefisk,,,1694,Grøngylt,13558,hele lokaliteten,1141,FINNØY,11,Rogaland,59.2933,6.0729,2,Ryfylke,
29,2016,11913,Kjeahola,rensefisk,,,1693,Bergnebb,2298,hele lokaliteten,1141,FINNØY,11,Rogaland,59.2933,6.0729,2,Ryfylke,
29,2016,11913,Kjeahola,rensefisk,,,1692,Annen leppefisk,1532,hele lokaliteten,1141,FINNØY,11,Rogaland,59.2933,6.0729,2,Ryfylke,
29,2016,11913,Kjeahola,rensefisk,,,1691,Berggylt,1992,hele lokaliteten,1141,FINNØY,11,Rogaland,59.2933,6.0729,2,Ryfylke,
29,2016,33577,Kjeholmen II,rensefisk,,,1693,Bergnebb,30685,hele lokaliteten,1003,FARSUND,10,Vest-Agder,58.06008,6.885683,1,Svenskegrensen til Jæren,
29,2016,32577,Klammerholmen,ikke-medikamentell,,,,,,hele lokaliteten,1244,AUSTEVOLL,12,Hordaland,60.08165,5.168567,3,Karmøy til Sotra,
29,2016,13339,Klungervikneset,ikke-medikamentell,,,,,,hele lokaliteten,1219,BØMLO,12,Hordaland,59.74668,5.3424,3,Karmøy til Sotra,
29,2016,10113,Kobbavika,rensefisk,,,1694,Grøngylt,2023,deler av lokaliteten,1141,FINNØY,11,Rogaland,59.12232,5.934433,2,Ryfylke,
29,2016,10113,Kobbavika,rensefisk,,,1691,Berggylt,516,deler av lokaliteten,1141,FINNØY,11,Rogaland,59.12232,5.934433,2,Ryfylke,
29,2016,13764,Kokvika,rensefisk,,,1693,Bergnebb,18241,deler av lokaliteten,1834,LURØY,18,Nordland,66.41282,12.956867,8,Helgeland til Bodø,
29,2016,19195,Korsholman,medikamentell,fôrbehandling,Emamectin benzoat,,,,hele lokaliteten,1617,HITRA,16,Sør-Trøndelag,63.597218,8.51575,6,Nordmøre og Sør-Trøndelag,
29,2016,19195,Korsholman,ikke-medikamentell,,,,,,deler av lokaliteten,1617,HITRA,16,Sør-Trøndelag,63.597218,8.51575,6,Nordmøre og Sør-Trøndelag,
29,2016,12652,Kråkøya,ikke-medikamentell,,,,,,deler av lokaliteten,1750,VIKNA,17,Nord-Trøndelag,65.00383,11.041483,7,Nord-Trøndelag med Bindal,
29,2016,18217,Kvaløy Øst,rensefisk,,,1692,Annen leppefisk,241,deler av lokaliteten,1149,KARMØY,11,Rogaland,59.396633,5.171083,3,Karmøy til Sotra,
29,2016,18217,Kvaløy Øst,rensefisk,,,1694,Grøngylt,2507,deler av lokaliteten,1149,KARMØY,11,Rogaland,59.396633,5.171083,3,Karmøy til Sotra,
29,2016,18217,Kvaløy Øst,rensefisk,,,1693,Bergnebb,2883,deler av lokaliteten,1149,KARMØY,11,Rogaland,59.396633,5.171083,3,Karmøy til Sotra,
29,2016,18217,Kvaløy Øst,rensefisk,,,1691,Berggylt,127,deler av lokaliteten,1149,KARMØY,11,Rogaland,59.396633,5.171083,3,Karmøy til Sotra,
29,2016,22775,Kvaløya,ikke-medikamentell,,,,,,deler av lokaliteten,1750,VIKNA,17,Nord-Trøndelag,65.001915,11.058617,7,Nord-Trøndelag med Bindal,
29,2016,21337,Kveitholmen,ikke-medikamentell,,,,,,deler av lokaliteten,1834,LURØY,18,Nordland,66.3242,12.647583,8,Helgeland til Bodø,
29,2016,10041,Kviksholmen,rensefisk,,,1694,Grøngylt,30000,hele lokaliteten,1244,AUSTEVOLL,12,Hordaland,60.054317,5.090733,3,Karmøy til Sotra,
29,2016,10041,Kviksholmen,rensefisk,,,1691,Berggylt,2000,hele lokaliteten,1244,AUSTEVOLL,12,Hordaland,60.054317,5.090733,3,Karmøy til Sotra,
29,2016,30076,Kyrøyene,ikke-medikamentell,,,,,,hele lokaliteten,1750,VIKNA,17,Nord-Trøndelag,64.764015,10.806633,7,Nord-Trøndelag med Bindal,
29,2016,11116,Langholmen,medikamentell,fôrbehandling,Emamectin benzoat,,,,deler av lokaliteten,1838,GILDESKÅL,18,Nordland,67.05783,14.025333,8,Helgeland til Bodø,
29,2016,11116,Langholmen,rensefisk,,,2221,Rognkjeks (felles),81,deler av lokaliteten,1838,GILDESKÅL,18,Nordland,67.05783,14.025333,8,Helgeland til Bodø,
29,2016,13055,Langøyna Ø,rensefisk,,,1691,Berggylt,1476,deler av lokaliteten,1146,TYSVÆR,11,Rogaland,59.2983,5.713333,2,Ryfylke,
29,2016,13055,Langøyna Ø,rensefisk,,,1694,Grøngylt,16626,deler av lokaliteten,1146,TYSVÆR,11,Rogaland,59.2983,5.713333,2,Ryfylke,
29,2016,13055,Langøyna Ø,rensefisk,,,1693,Bergnebb,20076,deler av lokaliteten,1146,TYSVÆR,11,Rogaland,59.2983,5.713333,2,Ryfylke,
29,2016,11438,Lauplandsholmen,rensefisk,,,1693,Bergnebb,19941,deler av lokaliteten,1145,BOKN,11,Rogaland,59.179733,5.472633,2,Ryfylke,
29,2016,10840,Lille Kufjord,rensefisk,,,222120,Rognkjeks (hun),17384,deler av lokaliteten,2012,ALTA,20,Finnmark,70.34652,22.974916,12,Vest-Finnmark,
29,2016,12392,Lille Torsøy,ikke-medikamentell,,,,,,deler av lokaliteten,1617,HITRA,16,Sør-Trøndelag,63.605633,8.48855,6,Nordmøre og Sør-Trøndelag,
29,2016,29056,Lille Torsøy II,ikke-medikamentell,,,,,,deler av lokaliteten,1617,HITRA,16,Sør-Trøndelag,63.60803,8.494633,6,Nordmøre og Sør-Trøndelag,
29,2016,12022,Ljonesbjørgene,ikke-medikamentell,,,,,,deler av lokaliteten,1238,KVAM,12,Hordaland,60.2564,6.16585,3,Karmøy til Sotra,
29,2016,12022,Ljonesbjørgene,rensefisk,,,1694,Grøngylt,1000,deler av lokaliteten,1238,KVAM,12,Hordaland,60.2564,6.16585,3,Karmøy til Sotra,
29,2016,28996,Loddetå,medikamentell,badebehandling,Annet virkestoff,,,,deler av lokaliteten,1216,SVEIO,12,Hordaland,59.691643,5.54298,3,Karmøy til Sotra,
29,2016,14043,Lybergsvika,medikamentell,badebehandling,Azamethiphos,,,,deler av lokaliteten,1539,RAUMA,15,Møre og Romsdal,62.641582,7.448583,5,Stadt til Hustadvika,
29,2016,14043,Lybergsvika,ikke-medikamentell,,,,,,deler av lokaliteten,1539,RAUMA,15,Møre og Romsdal,62.641582,7.448583,5,Stadt til Hustadvika,
29,2016,14043,Lybergsvika,rensefisk,,,1694,Grøngylt,6542,deler av lokaliteten,1539,RAUMA,15,Møre og Romsdal,62.641582,7.448583,5,Stadt til Hustadvika,
29,2016,14043,Lybergsvika,rensefisk,,,1691,Berggylt,129,deler av lokaliteten,1539,RAUMA,15,Møre og Romsdal,62.641582,7.448583,5,Stadt til Hustadvika,
29,2016,32057,Lyngøy,ikke-medikamentell,,,,,,deler av lokaliteten,1750,VIKNA,17,Nord-Trøndelag,64.81865,10.935217,7,Nord-Trøndelag med Bindal,
29,2016,12127,Mælen,medikamentell,badebehandling,Azamethiphos,,,,deler av lokaliteten,1224,KVINNHERAD,12,Hordaland,59.69998,5.722917,3,Karmøy til Sotra,
29,2016,10232,Mannbruholmen,medikamentell,badebehandling,Annet virkestoff,,,,deler av lokaliteten,1620,FRØYA,16,Sør-Trøndelag,63.8473,8.53675,6,Nordmøre og Sør-Trøndelag,
29,2016,10232,Mannbruholmen,ikke-medikamentell,,,,,,deler av lokaliteten,1620,FRØYA,16,Sør-Trøndelag,63.8473,8.53675,6,Nordmøre og Sør-Trøndelag,
29,2016,10447,Mefaldskjæret,medikamentell,badebehandling,Annet virkestoff,,,,hele lokaliteten,1820,ALSTAHAUG,18,Nordland,65.85145,12.2872,8,Helgeland til Bodø,
29,2016,13629,Munkholmen,rensefisk,,,1694,Grøngylt,28849,hele lokaliteten,1146,TYSVÆR,11,Rogaland,59.285484,5.631317,2,Ryfylke,
29,2016,13629,Munkholmen,rensefisk,,,1691,Berggylt,2574,hele lokaliteten,1146,TYSVÆR,11,Rogaland,59.285484,5.631317,2,Ryfylke,
29,2016,29957,Nakkestad,rensefisk,,,1691,Berggylt,1180,hele lokaliteten,1032,LYNGDAL,10,Vest-Agder,58.055832,7.06875,1,Svenskegrensen til Jæren,
29,2016,11864,Napp,rensefisk,,,1694,Grøngylt,2991,hele lokaliteten,1004,FLEKKEFJORD,10,Vest-Agder,58.24867,6.53675,1,Svenskegrensen til Jæren,
29,2016,11864,Napp,rensefisk,,,1692,Annen leppefisk,2129,hele lokaliteten,1004,FLEKKEFJORD,10,Vest-Agder,58.24867,6.53675,1,Svenskegrensen til Jæren,
29,2016,11864,Napp,rensefisk,,,1691,Berggylt,741,hele lokaliteten,1004,FLEKKEFJORD,10,Vest-Agder,58.24867,6.53675,1,Svenskegrensen til Jæren,
29,2016,11041,Nord-Gåsvær,rensefisk,,,1693,Bergnebb,22890,deler av lokaliteten,1818,HERØY I NORDLAND,18,Nordland,66.07035,12.065617,8,Helgeland til Bodø,
29,2016,14495,Nordeimsøyna,rensefisk,,,1693,Bergnebb,8264,deler av lokaliteten,1141,FINNØY,11,Rogaland,59.28695,5.812483,2,Ryfylke,
29,2016,14495,Nordeimsøyna,rensefisk,,,1691,Berggylt,7560,deler av lokaliteten,1141,FINNØY,11,Rogaland,59.28695,5.812483,2,Ryfylke,
29,2016,33297,Nye Skorpa,rensefisk,,,1694,Grøngylt,21645,hele lokaliteten,1827,DØNNA,18,Nordland,66.03093,12.481483,8,Helgeland til Bodø,
29,2016,31697,Oksen,ikke-medikamentell,,,,,,deler av lokaliteten,1246,FJELL,12,Hordaland,60.43382,4.9411,3,Karmøy til Sotra,
29,2016,12383,Omsøyholman,rensefisk,,,1691,Berggylt,3850,deler av lokaliteten,1617,HITRA,16,Sør-Trøndelag,63.63162,8.574817,6,Nordmøre og Sør-Trøndelag,
29,2016,12383,Omsøyholman,rensefisk,,,1694,Grøngylt,13239,deler av lokaliteten,1617,HITRA,16,Sør-Trøndelag,63.63162,8.574817,6,Nordmøre og Sør-Trøndelag,
29,2016,11972,Prestholmane,rensefisk,,,1694,Grøngylt,8155,deler av lokaliteten,1141,FINNØY,11,Rogaland,59.116768,5.8545,2,Ryfylke,
29,2016,11972,Prestholmane,rensefisk,,,1691,Berggylt,471,deler av lokaliteten,1141,FINNØY,11,Rogaland,59.116768,5.8545,2,Ryfylke,
29,2016,10149,Rafdal,medikamentell,fôrbehandling,Emamectin benzoat,,,,deler av lokaliteten,1211,ETNE,12,Hordaland,59.790916,6.176567,3,Karmøy til Sotra,
29,2016,28636,Rataren,ikke-medikamentell,,,,,,deler av lokaliteten,1620,FRØYA,16,Sør-Trøndelag,63.780884,8.517383,6,Nordmøre og Sør-Trøndelag,
29,2016,28636,Rataren,rensefisk,,,1694,Grøngylt,748,deler av lokaliteten,1620,FRØYA,16,Sør-Trøndelag,63.780884,8.517383,6,Nordmøre og Sør-Trøndelag,
29,2016,28636,Rataren,rensefisk,,,1693,Bergnebb,1939,deler av lokaliteten,1620,FRØYA,16,Sør-Trøndelag,63.780884,8.517383,6,Nordmøre og Sør-Trøndelag,
29,2016,28636,Rataren,rensefisk,,,1691,Berggylt,1081,deler av lokaliteten,1620,FRØYA,16,Sør-Trøndelag,63.780884,8.517383,6,Nordmøre og Sør-Trøndelag,
29,2016,33477,Reinsnesøya,medikamentell,fôrbehandling,Emamectin benzoat,,,,hele lokaliteten,1870,SORTLAND,18,Nordland,68.772835,15.446583,9,Vestfjorden og Vesterålen,
29,2016,29116,Reiråklakken,rensefisk,,,1691,Berggylt,926,deler av lokaliteten,1573,SMØLA,15,Møre og Romsdal,63.450333,8.167717,6,Nordmøre og Sør-Trøndelag,
29,2016,29116,Reiråklakken,rensefisk,,,1693,Bergnebb,5451,deler av lokaliteten,1573,SMØLA,15,Møre og Romsdal,63.450333,8.167717,6,Nordmøre og Sør-Trøndelag,
29,2016,29116,Reiråklakken,rensefisk,,,1694,Grøngylt,18318,deler av lokaliteten,1573,SMØLA,15,Møre og Romsdal,63.450333,8.167717,6,Nordmøre og Sør-Trøndelag,
29,2016,17357,Rennaren,rensefisk,,,1694,Grøngylt,11280,deler av lokaliteten,1142,RENNESØY,11,Rogaland,59.131584,5.72165,2,Ryfylke,
29,2016,17357,Rennaren,rensefisk,,,1693,Bergnebb,10525,deler av lokaliteten,1142,RENNESØY,11,Rogaland,59.131584,5.72165,2,Ryfylke,
29,2016,30657,Revøy,rensefisk,,,1691,Berggylt,1314,hele lokaliteten,1032,LYNGDAL,10,Vest-Agder,58.0243,7.0268,1,Svenskegrensen til Jæren,
29,2016,12281,Rogne,medikamentell,badebehandling,Hydrogenperoksid,,,,deler av lokaliteten,1534,HARAM,15,Møre og Romsdal,62.6695,6.356833,5,Stadt til Hustadvika,
29,2016,34857,Salatskjæra,ikke-medikamentell,,,,,,deler av lokaliteten,1620,FRØYA,16,Sør-Trøndelag,63.90485,8.589133,6,Nordmøre og Sør-Trøndelag,
29,2016,34857,Salatskjæra,rensefisk,,,1691,Berggylt,4193,deler av lokaliteten,1620,FRØYA,16,Sør-Trøndelag,63.90485,8.589133,6,Nordmøre og Sør-Trøndelag,
29,2016,34857,Salatskjæra,rensefisk,,,1694,Grøngylt,5110,deler av lokaliteten,1620,FRØYA,16,Sør-Trøndelag,63.90485,8.589133,6,Nordmøre og Sør-Trøndelag,
29,2016,34857,Salatskjæra,rensefisk,,,222120,Rognkjeks (hun),7847,deler av lokaliteten,1620,FRØYA,16,Sør-Trøndelag,63.90485,8.589133,6,Nordmøre og Sør-Trøndelag,
29,2016,12973,Saltkjelen I,rensefisk,,,1694,Grøngylt,1515,deler av lokaliteten,1238,KVAM,12,Hordaland,60.31815,6.183183,3,Karmøy til Sotra,
29,2016,11856,Salvågvika,rensefisk,,,169520,Rødnebb,132,deler av lokaliteten,1004,FLEKKEFJORD,10,Vest-Agder,58.223434,6.63615,1,Svenskegrensen til Jæren,
29,2016,11856,Salvågvika,rensefisk,,,1694,Grøngylt,1476,deler av lokaliteten,1004,FLEKKEFJORD,10,Vest-Agder,58.223434,6.63615,1,Svenskegrensen til Jæren,
29,2016,11856,Salvågvika,rensefisk,,,1691,Berggylt,486,deler av lokaliteten,1004,FLEKKEFJORD,10,Vest-Agder,58.223434,6.63615,1,Svenskegrensen til Jæren,
29,2016,19135,Sandøya III,ikke-medikamentell,,,,,,deler av lokaliteten,1632,ROAN,16,Sør-Trøndelag,64.243385,10.26445,6,Nordmøre og Sør-Trøndelag,
29,2016,13035,Sauaneset I,ikke-medikamentell,,,,,,deler av lokaliteten,1244,AUSTEVOLL,12,Hordaland,60.089085,5.267967,3,Karmøy til Sotra,
29,2016,12844,Seterneset,ikke-medikamentell,,,,,,hele lokaliteten,1502,MOLDE,15,Møre og Romsdal,62.67393,7.31415,5,Stadt til Hustadvika,
29,2016,12244,Setevika,rensefisk,,,1693,Bergnebb,15409,hele lokaliteten,1545,MIDSUND,15,Møre og Romsdal,62.728065,6.939283,5,Stadt til Hustadvika,
29,2016,20796,Skarbukta,ikke-medikamentell,,,,,,deler av lokaliteten,1539,RAUMA,15,Møre og Romsdal,62.59785,7.367717,5,Stadt til Hustadvika,
29,2016,10216,Skåren,rensefisk,,,1693,Bergnebb,3009,deler av lokaliteten,1571,HALSA,15,Møre og Romsdal,63.076733,8.19315,6,Nordmøre og Sør-Trøndelag,
29,2016,34117,Skåtholmen,rensefisk,,,1694,Grøngylt,12825,deler av lokaliteten,1241,FUSA,12,Hordaland,60.17177,5.563633,3,Karmøy til Sotra,
29,2016,34117,Skåtholmen,rensefisk,,,1693,Bergnebb,3624,deler av lokaliteten,1241,FUSA,12,Hordaland,60.17177,5.563633,3,Karmøy til Sotra,
29,2016,34117,Skåtholmen,rensefisk,,,1692,Annen leppefisk,1954,deler av lokaliteten,1241,FUSA,12,Hordaland,60.17177,5.563633,3,Karmøy til Sotra,
29,2016,34117,Skåtholmen,rensefisk,,,1691,Berggylt,156,deler av lokaliteten,1241,FUSA,12,Hordaland,60.17177,5.563633,3,Karmøy til Sotra,
29,2016,11861,Skipningsdalen,rensefisk,,,1694,Grøngylt,3241,deler av lokaliteten,1004,FLEKKEFJORD,10,Vest-Agder,58.24148,6.5958,1,Svenskegrensen til Jæren,
29,2016,11861,Skipningsdalen,rensefisk,,,1692,Annen leppefisk,8049,deler av lokaliteten,1004,FLEKKEFJORD,10,Vest-Agder,58.24148,6.5958,1,Svenskegrensen til Jæren,
29,2016,11861,Skipningsdalen,rensefisk,,,1691,Berggylt,428,deler av lokaliteten,1004,FLEKKEFJORD,10,Vest-Agder,58.24148,6.5958,1,Svenskegrensen til Jæren,
29,2016,33157,Skogsholmen,ikke-medikamentell,,,,,,deler av lokaliteten,1815,VEGA,18,Nordland,65.83141,12.070533,8,Helgeland til Bodø,
29,2016,12108,Skorpo Nv,rensefisk,,,1692,Annen leppefisk,16595,deler av lokaliteten,1224,KVINNHERAD,12,Hordaland,59.95323,5.827133,3,Karmøy til Sotra,
29,2016,12108,Skorpo Nv,rensefisk,,,222120,Rognkjeks (hun),32123,deler av lokaliteten,1224,KVINNHERAD,12,Hordaland,59.95323,5.827133,3,Karmøy til Sotra,
29,2016,28096,Slåttenes,rensefisk,,,1694,Grøngylt,4000,hele lokaliteten,1224,KVINNHERAD,12,Hordaland,59.83222,5.984267,3,Karmøy til Sotra,
29,2016,11605,Soløy Ø,medikamentell,badebehandling,Deltamethrin,,,,deler av lokaliteten,1222,FITJAR,12,Hordaland,59.90708,5.159833,3,Karmøy til Sotra,
29,2016,27436,Solværet,ikke-medikamentell,,,,,,deler av lokaliteten,1573,SMØLA,15,Møre og Romsdal,63.255,7.856933,6,Nordmøre og Sør-Trøndelag,
29,2016,27436,Solværet,rensefisk,,,1691,Berggylt,509,deler av lokaliteten,1573,SMØLA,15,Møre og Romsdal,63.255,7.856933,6,Nordmøre og Sør-Trøndelag,
29,2016,27436,Solværet,rensefisk,,,1694,Grøngylt,14865,deler av lokaliteten,1573,SMØLA,15,Møre og Romsdal,63.255,7.856933,6,Nordmøre og Sør-Trøndelag,
29,2016,27436,Solværet,rensefisk,,,1693,Bergnebb,9670,deler av lokaliteten,1573,SMØLA,15,Møre og Romsdal,63.255,7.856933,6,Nordmøre og Sør-Trøndelag,
29,2016,36017,Sørværet,ikke-medikamentell,,,,,,hele lokaliteten,1818,HERØY I NORDLAND,18,Nordland,65.88035,11.93045,8,Helgeland til Bodø,
29,2016,34297,Stabben,medikamentell,fôrbehandling,Emamectin benzoat,,,,hele lokaliteten,1852,TJELDSUND,18,Nordland,68.40086,16.2171,9,Vestfjorden og Vesterålen,
29,2016,31217,Stokkasjøen,medikamentell,badebehandling,Azamethiphos,,,,deler av lokaliteten,1816,VEVELSTAD,18,Nordland,65.782715,12.592317,8,Helgeland til Bodø,
29,2016,31217,Stokkasjøen,medikamentell,badebehandling,Azamethiphos,,,,deler av lokaliteten,1816,VEVELSTAD,18,Nordland,65.782715,12.592317,8,Helgeland til Bodø,
29,2016,31217,Stokkasjøen,medikamentell,badebehandling,Deltamethrin,,,,deler av lokaliteten,1816,VEVELSTAD,18,Nordland,65.782715,12.592317,8,Helgeland til Bodø,
29,2016,11486,Stokkavik,ikke-medikamentell,,,,,,hele lokaliteten,1219,BØMLO,12,Hordaland,59.7604,5.341183,3,Karmøy til Sotra,
29,2016,11649,Stolane,rensefisk,,,1691,Berggylt,105,deler av lokaliteten,1260,RADØY,12,Hordaland,60.605118,5.1257,4,Nordhordaland til Stadt,
29,2016,11971,Store Teistholmen Ø,rensefisk,,,1693,Bergnebb,2550,deler av lokaliteten,1102,SANDNES,11,Rogaland,58.97685,5.867383,2,Ryfylke,
29,2016,11971,Store Teistholmen Ø,rensefisk,,,1691,Berggylt,4510,deler av lokaliteten,1102,SANDNES,11,Rogaland,58.97685,5.867383,2,Ryfylke,
29,2016,23055,Storvika V,medikamentell,badebehandling,Cypermethrin,,,,deler av lokaliteten,1926,DYRØY,19,Troms,69.0433,17.363234,10,Andøya til Senja,
29,2016,11858,Støytland,rensefisk,,,169520,Rødnebb,60,deler av lokaliteten,1004,FLEKKEFJORD,10,Vest-Agder,58.2316,6.628533,1,Svenskegrensen til Jæren,
29,2016,11858,Støytland,rensefisk,,,1694,Grøngylt,1336,deler av lokaliteten,1004,FLEKKEFJORD,10,Vest-Agder,58.2316,6.628533,1,Svenskegrensen til Jæren,
29,2016,11858,Støytland,rensefisk,,,1691,Berggylt,356,deler av lokaliteten,1004,FLEKKEFJORD,10,Vest-Agder,58.2316,6.628533,1,Svenskegrensen til Jæren,
29,2016,12081,Straumneset,medikamentell,badebehandling,Annet virkestoff,,,,deler av lokaliteten,1227,JONDAL,12,Hordaland,60.220966,6.139567,3,Karmøy til Sotra,
29,2016,11552,Stuholmen,medikamentell,fôrbehandling,Emamectin benzoat,,,,hele lokaliteten,1245,SUND,12,Hordaland,60.249683,4.978117,3,Karmøy til Sotra,
29,2016,11552,Stuholmen,medikamentell,fôrbehandling,Emamectin benzoat,,,,hele lokaliteten,1245,SUND,12,Hordaland,60.249683,4.978117,3,Karmøy til Sotra,
29,2016,11552,Stuholmen,rensefisk,,,1693,Bergnebb,75,hele lokaliteten,1245,SUND,12,Hordaland,60.249683,4.978117,3,Karmøy til Sotra,
29,2016,11552,Stuholmen,rensefisk,,,1692,Annen leppefisk,294,hele lokaliteten,1245,SUND,12,Hordaland,60.249683,4.978117,3,Karmøy til Sotra,
29,2016,11552,Stuholmen,rensefisk,,,1694,Grøngylt,4103,hele lokaliteten,1245,SUND,12,Hordaland,60.249683,4.978117,3,Karmøy til Sotra,
29,2016,11552,Stuholmen,rensefisk,,,1693,Bergnebb,480,hele lokaliteten,1245,SUND,12,Hordaland,60.249683,4.978117,3,Karmøy til Sotra,
29,2016,22955,Svollandsneset,rensefisk,,,1694,Grøngylt,1080,deler av lokaliteten,1160,VINDAFJORD,11,Rogaland,59.684235,5.589717,3,Karmøy til Sotra,
29,2016,21755,Tendalsvik,medikamentell,badebehandling,Annet virkestoff,,,,hele lokaliteten,1211,ETNE,12,Hordaland,59.73605,5.884,3,Karmøy til Sotra,
29,2016,25815,Tittelsnes,medikamentell,badebehandling,Annet virkestoff,,,,hele lokaliteten,1216,SVEIO,12,Hordaland,59.723484,5.533483,3,Karmøy til Sotra,
29,2016,25815,Tittelsnes,rensefisk,,,1694,Grøngylt,5873,deler av lokaliteten,1216,SVEIO,12,Hordaland,59.723484,5.533483,3,Karmøy til Sotra,
29,2016,25815,Tittelsnes,rensefisk,,,1691,Berggylt,235,deler av lokaliteten,1216,SVEIO,12,Hordaland,59.723484,5.533483,3,Karmøy til Sotra,
29,2016,10054,Tobbeholmane,rensefisk,,,1692,Annen leppefisk,756,deler av lokaliteten,1244,AUSTEVOLL,12,Hordaland,60.02432,5.30815,3,Karmøy til Sotra,
29,2016,26055,Toppsund Øst,medikamentell,fôrbehandling,Emamectin benzoat,,,,hele lokaliteten,1903,HARSTAD,19,Troms,68.863716,16.403032,10,Andøya til Senja,
29,2016,30236,Toppsund Vest,medikamentell,fôrbehandling,Emamectin benzoat,,,,hele lokaliteten,1903,HARSTAD,19,Troms,68.9112,16.289333,10,Andøya til Senja,
29,2016,30236,Toppsund Vest,medikamentell,fôrbehandling,Emamectin benzoat,,,,hele lokaliteten,1903,HARSTAD,19,Troms,68.9112,16.289333,10,Andøya til Senja,
29,2016,30837,Torangskjeret,rensefisk,,,1694,Grøngylt,13369,deler av lokaliteten,1244,AUSTEVOLL,12,Hordaland,60.130184,5.176033,3,Karmøy til Sotra,
29,2016,30837,Torangskjeret,rensefisk,,,1693,Bergnebb,4370,deler av lokaliteten,1244,AUSTEVOLL,12,Hordaland,60.130184,5.176033,3,Karmøy til Sotra,
29,2016,30837,Torangskjeret,rensefisk,,,1692,Annen leppefisk,200,deler av lokaliteten,1244,AUSTEVOLL,12,Hordaland,60.130184,5.176033,3,Karmøy til Sotra,
29,2016,30837,Torangskjeret,rensefisk,,,1691,Berggylt,3268,deler av lokaliteten,1244,AUSTEVOLL,12,Hordaland,60.130184,5.176033,3,Karmøy til Sotra,
29,2016,10091,Vågsøya,medikamentell,badebehandling,Deltamethrin,,,,deler av lokaliteten,1401,FLORA,14,Sogn og Fjordane,61.489735,5.023517,4,Nordhordaland til Stadt,
29,2016,10091,Vågsøya,rensefisk,,,1692,Annen leppefisk,11763,hele lokaliteten,1401,FLORA,14,Sogn og Fjordane,61.489735,5.023517,4,Nordhordaland til Stadt,
29,2016,27315,Vikane 1,rensefisk,,,1694,Grøngylt,2147,deler av lokaliteten,1227,JONDAL,12,Hordaland,60.26125,6.225083,3,Karmøy til Sotra,
29,2016,27315,Vikane 1,rensefisk,,,1693,Bergnebb,43,deler av lokaliteten,1227,JONDAL,12,Hordaland,60.26125,6.225083,3,Karmøy til Sotra,
29,2016,27315,Vikane 1,rensefisk,,,1691,Berggylt,9,deler av lokaliteten,1227,JONDAL,12,Hordaland,60.26125,6.225083,3,Karmøy til Sotra,
29,2016,13246,Voldnes,rensefisk,,,1694,Grøngylt,6715,deler av lokaliteten,1515,HERØY I MØRE OG ROMSDAL,15,Møre og Romsdal,62.2097,5.7849,5,Stadt til Hustadvika,
29,2016,13246,Voldnes,rensefisk,,,1693,Bergnebb,19708,deler av lokaliteten,1515,HERØY I MØRE OG ROMSDAL,15,Møre og Romsdal,62.2097,5.7849,5,Stadt til Hustadvika,
29,2016,13246,Voldnes,rensefisk,,,1691,Berggylt,441,deler av lokaliteten,1515,HERØY I MØRE OG ROMSDAL,15,Møre og Romsdal,62.2097,5.7849,5,Stadt til Hustadvika,
29,2016,29936,Ystadneset,rensefisk,,,1692,Annen leppefisk,6495,deler av lokaliteten,1224,KVINNHERAD,12,Hordaland,59.977932,5.77565,3,Karmøy til Sotra,
29,2016,29936,Ystadneset,rensefisk,,,1691,Berggylt,180,deler av lokaliteten,1224,KVINNHERAD,12,Hordaland,59.977932,5.77565,3,Karmøy til Sotra,
28,2016,15196,Aga Ø,ikke-medikamentell,,,,,,deler av lokaliteten,1219,BØMLO,12,Hordaland,59.8451,5.261367,3,Karmøy til Sotra,
28,2016,10298,Ålforo,rensefisk,,,1692,Annen leppefisk,11210,deler av lokaliteten,1222,FITJAR,12,Hordaland,59.8665,5.244133,3,Karmøy til Sotra,
28,2016,11513,Andal,rensefisk,,,1694,Grøngylt,2812,hele lokaliteten,1219,BØMLO,12,Hordaland,59.6365,5.247133,3,Karmøy til Sotra,
28,2016,13845,Beitveit,rensefisk,,,1694,Grøngylt,9149,hele lokaliteten,1441,SELJE,14,Sogn og Fjordane,62.141216,5.32675,5,Stadt til Hustadvika,
28,2016,13845,Beitveit,rensefisk,,,1693,Bergnebb,17433,hele lokaliteten,1441,SELJE,14,Sogn og Fjordane,62.141216,5.32675,5,Stadt til Hustadvika,
28,2016,13845,Beitveit,rensefisk,,,1691,Berggylt,3950,hele lokaliteten,1441,SELJE,14,Sogn og Fjordane,62.141216,5.32675,5,Stadt til Hustadvika,
28,2016,11930,Bjelkavik,medikamentell,badebehandling,Deltamethrin,,,,deler av lokaliteten,1134,SULDAL,11,Rogaland,59.45165,5.991917,2,Ryfylke,
28,2016,23436,Bjørnholmen,medikamentell,badebehandling,Annet virkestoff,,,,deler av lokaliteten,1412,SOLUND,14,Sogn og Fjordane,61.20635,4.938083,4,Nordhordaland til Stadt,
28,2016,12040,Brandaskuta,rensefisk,,,1694,Grøngylt,6125,hele lokaliteten,1224,KVINNHERAD,12,Hordaland,59.975735,5.909183,3,Karmøy til Sotra,
28,2016,11015,Brattholmen,medikamentell,badebehandling,Annet virkestoff,,,,hele lokaliteten,1818,HERØY I NORDLAND,18,Nordland,65.90735,12.220967,8,Helgeland til Bodø,
28,2016,11015,Brattholmen,ikke-medikamentell,,,,,,hele lokaliteten,1818,HERØY I NORDLAND,18,Nordland,65.90735,12.220967,8,Helgeland til Bodø,
28,2016,12237,Brudevika,rensefisk,,,1691,Berggylt,16100,deler av lokaliteten,1511,VANYLVEN,15,Møre og Romsdal,62.116566,5.420717,5,Stadt til Hustadvika,
28,2016,33537,Buholmen,rensefisk,,,1691,Berggylt,5076,deler av lokaliteten,1632,ROAN,16,Sør-Trøndelag,64.1569,10.008917,6,Nordmøre og Sør-Trøndelag,
28,2016,27976,Bukkholmen,medikamentell,badebehandling,Annet virkestoff,,,,hele lokaliteten,1820,ALSTAHAUG,18,Nordland,65.9184,12.244683,8,Helgeland til Bodø,
28,2016,27976,Bukkholmen,ikke-medikamentell,,,,,,hele lokaliteten,1820,ALSTAHAUG,18,Nordland,65.9184,12.244683,8,Helgeland til Bodø,
28,2016,12007,Dale II,rensefisk,,,222120,Rognkjeks (hun),25822,deler av lokaliteten,1142,RENNESØY,11,Rogaland,59.08215,5.71055,2,Ryfylke,
28,2016,32457,Dalsvåg Nv,rensefisk,,,1691,Berggylt,2214,deler av lokaliteten,1149,KARMØY,11,Rogaland,59.410816,5.21725,3,Karmøy til Sotra,
28,2016,32457,Dalsvåg Nv,rensefisk,,,1694,Grøngylt,6338,deler av lokaliteten,1149,KARMØY,11,Rogaland,59.410816,5.21725,3,Karmøy til Sotra,
28,2016,14799,Djupestallen,rensefisk,,,1692,Annen leppefisk,15530,hele lokaliteten,1223,TYSNES,12,Hordaland,60.058735,5.453,3,Karmøy til Sotra,
28,2016,10110,Djupevik,rensefisk,,,1694,Grøngylt,20769,hele lokaliteten,1141,FINNØY,11,Rogaland,59.1474,5.863783,2,Ryfylke,
28,2016,10110,Djupevik,rensefisk,,,1693,Bergnebb,332,hele lokaliteten,1141,FINNØY,11,Rogaland,59.1474,5.863783,2,Ryfylke,
28,2016,10110,Djupevik,rensefisk,,,1691,Berggylt,5015,hele lokaliteten,1141,FINNØY,11,Rogaland,59.1474,5.863783,2,Ryfylke,
28,2016,20455,Djupevika,rensefisk,,,222120,Rognkjeks (hun),14173,deler av lokaliteten,1224,KVINNHERAD,12,Hordaland,60.0406,6.010917,3,Karmøy til Sotra,
28,2016,26595,Djupevika,rensefisk,,,1692,Annen leppefisk,22499,deler av lokaliteten,1223,TYSNES,12,Hordaland,60.035816,5.342217,3,Karmøy til Sotra,
28,2016,32197,Dryna,ikke-medikamentell,,,,,,deler av lokaliteten,1545,MIDSUND,15,Møre og Romsdal,62.6444,6.5568,5,Stadt til Hustadvika,
28,2016,21415,Dyrholmen,rensefisk,,,1693,Bergnebb,10108,deler av lokaliteten,1141,FINNØY,11,Rogaland,59.285484,5.8583,2,Ryfylke,
28,2016,12033,Dysvik,rensefisk,,,1694,Grøngylt,7035,deler av lokaliteten,1238,KVAM,12,Hordaland,60.191017,5.967617,3,Karmøy til Sotra,
28,2016,12033,Dysvik,rensefisk,,,1691,Berggylt,68,deler av lokaliteten,1238,KVAM,12,Hordaland,60.191017,5.967617,3,Karmøy til Sotra,
28,2016,14041,Edøya,medikamentell,badebehandling,Annet virkestoff,,,,deler av lokaliteten,1617,HITRA,16,Sør-Trøndelag,63.65835,8.694417,6,Nordmøre og Sør-Trøndelag,
28,2016,14041,Edøya,ikke-medikamentell,,,,,,deler av lokaliteten,1617,HITRA,16,Sør-Trøndelag,63.65835,8.694417,6,Nordmøre og Sør-Trøndelag,
28,2016,32677,Espnestaren,ikke-medikamentell,,,,,,deler av lokaliteten,1620,FRØYA,16,Sør-Trøndelag,63.678017,8.66685,6,Nordmøre og Sør-Trøndelag,
28,2016,32677,Espnestaren,rensefisk,,,1691,Berggylt,2000,deler av lokaliteten,1620,FRØYA,16,Sør-Trøndelag,63.678017,8.66685,6,Nordmøre og Sør-Trøndelag,
28,2016,32677,Espnestaren,rensefisk,,,1694,Grøngylt,18198,deler av lokaliteten,1620,FRØYA,16,Sør-Trøndelag,63.678017,8.66685,6,Nordmøre og Sør-Trøndelag,
28,2016,24575,Farmannsøya,rensefisk,,,222120,Rognkjeks (hun),28261,hele lokaliteten,1632,ROAN,16,Sør-Trøndelag,64.18452,10.1222,6,Nordmøre og Sør-Trøndelag,
28,2016,26775,Fjølværet Ø,rensefisk,,,1691,Berggylt,500,deler av lokaliteten,1620,FRØYA,16,Sør-Trøndelag,63.819233,8.636133,6,Nordmøre og Sør-Trøndelag,
28,2016,26775,Fjølværet Ø,rensefisk,,,1694,Grøngylt,9600,deler av lokaliteten,1620,FRØYA,16,Sør-Trøndelag,63.819233,8.636133,6,Nordmøre og Sør-Trøndelag,
28,2016,19336,Flatholmen,rensefisk,,,1694,Grøngylt,4069,deler av lokaliteten,1106,HAUGESUND,11,Rogaland,59.4293,5.114483,3,Karmøy til Sotra,
28,2016,11893,Fosså,rensefisk,,,1694,Grøngylt,5443,deler av lokaliteten,1133,HJELMELAND,11,Rogaland,59.2699,6.14295,2,Ryfylke,
28,2016,11893,Fosså,rensefisk,,,1693,Bergnebb,2586,deler av lokaliteten,1133,HJELMELAND,11,Rogaland,59.2699,6.14295,2,Ryfylke,
28,2016,13058,Fusavika,medikamentell,badebehandling,Annet virkestoff,,,,deler av lokaliteten,1241,FUSA,12,Hordaland,60.207634,5.613817,3,Karmøy til Sotra,
28,2016,12078,Gangdal,medikamentell,badebehandling,Annet virkestoff,,,,hele lokaliteten,1227,JONDAL,12,Hordaland,60.215935,6.156667,3,Karmøy til Sotra,
28,2016,24315,Gjæsingen,rensefisk,,,1694,Grøngylt,12380,hele lokaliteten,1630,ÅFJORD,16,Sør-Trøndelag,64.117615,9.981417,6,Nordmøre og Sør-Trøndelag,
28,2016,13036,Gjengane,rensefisk,,,1692,Annen leppefisk,7662,deler av lokaliteten,1244,AUSTEVOLL,12,Hordaland,60.071518,5.306383,3,Karmøy til Sotra,
28,2016,13852,Gjermundnes,rensefisk,,,222120,Rognkjeks (hun),8496,hele lokaliteten,1535,VESTNES,15,Møre og Romsdal,62.6275,7.192817,5,Stadt til Hustadvika,
28,2016,13852,Gjermundnes,rensefisk,,,1693,Bergnebb,4670,hele lokaliteten,1535,VESTNES,15,Møre og Romsdal,62.6275,7.192817,5,Stadt til Hustadvika,
28,2016,31717,Gjerset Vest,rensefisk,,,222120,Rognkjeks (hun),7317,hele lokaliteten,1534,HARAM,15,Møre og Romsdal,62.5305,6.428583,5,Stadt til Hustadvika,
28,2016,11365,Gjervika,medikamentell,fôrbehandling,Annet virkestoff,,,,deler av lokaliteten,1927,TRANØY,19,Troms,69.050316,16.887266,10,Andøya til Senja,
28,2016,11690,Grasholmen,rensefisk,,,1692,Annen leppefisk,4112,deler av lokaliteten,1260,RADØY,12,Hordaland,60.595768,5.159717,4,Nordhordaland til Stadt,
28,2016,11771,Grisholmsundet,rensefisk,,,1694,Grøngylt,704,deler av lokaliteten,1265,FEDJE,12,Hordaland,60.7927,4.693717,4,Nordhordaland til Stadt,
28,2016,11771,Grisholmsundet,rensefisk,,,1693,Bergnebb,1145,deler av lokaliteten,1265,FEDJE,12,Hordaland,60.7927,4.693717,4,Nordhordaland til Stadt,
28,2016,11771,Grisholmsundet,rensefisk,,,1691,Berggylt,155,deler av lokaliteten,1265,FEDJE,12,Hordaland,60.7927,4.693717,4,Nordhordaland til Stadt,
28,2016,17177,Grunneneset,ikke-medikamentell,,,,,,hele lokaliteten,1438,BREMANGER,14,Sogn og Fjordane,61.89385,5.34825,4,Nordhordaland til Stadt,
28,2016,12265,Gudmundset,rensefisk,,,222120,Rognkjeks (hun),4924,hele lokaliteten,1529,SKODJE,15,Møre og Romsdal,62.4527,6.602483,5,Stadt til Hustadvika,
28,2016,24735,Gulholmen,rensefisk,,,1692,Annen leppefisk,4712,hele lokaliteten,1243,OS I HORDALAND,12,Hordaland,60.1282,5.400467,3,Karmøy til Sotra,
28,2016,22095,Hågardsneset,rensefisk,,,1694,Grøngylt,7768,hele lokaliteten,1224,KVINNHERAD,12,Hordaland,59.9844,5.929967,3,Karmøy til Sotra,
28,2016,24035,Håvikvågen S,rensefisk,,,1694,Grøngylt,822,deler av lokaliteten,1241,FUSA,12,Hordaland,60.169834,5.69645,3,Karmøy til Sotra,
28,2016,24035,Håvikvågen S,rensefisk,,,1693,Bergnebb,92,deler av lokaliteten,1241,FUSA,12,Hordaland,60.169834,5.69645,3,Karmøy til Sotra,
28,2016,24035,Håvikvågen S,rensefisk,,,1691,Berggylt,33,deler av lokaliteten,1241,FUSA,12,Hordaland,60.169834,5.69645,3,Karmøy til Sotra,
28,2016,22596,Hesbygrunnen,rensefisk,,,1694,Grøngylt,6411,deler av lokaliteten,1141,FINNØY,11,Rogaland,59.194416,5.800183,2,Ryfylke,
28,2016,22596,Hesbygrunnen,rensefisk,,,1691,Berggylt,636,deler av lokaliteten,1141,FINNØY,11,Rogaland,59.194416,5.800183,2,Ryfylke,
28,2016,13119,Hesten,rensefisk,,,222120,Rognkjeks (hun),23057,deler av lokaliteten,2012,ALTA,20,Finnmark,70.23785,23.4112,12,Vest-Finnmark,
28,2016,34017,Hilbåan,medikamentell,fôrbehandling,Emamectin benzoat,,,,hele lokaliteten,1617,HITRA,16,Sør-Trøndelag,63.6686,8.844717,6,Nordmøre og Sør-Trøndelag,
28,2016,34017,Hilbåan,rensefisk,,,1693,Bergnebb,7330,deler av lokaliteten,1617,HITRA,16,Sør-Trøndelag,63.6686,8.844717,6,Nordmøre og Sør-Trøndelag,
28,2016,12036,Hisdalen,medikamentell,badebehandling,Annet virkestoff,,,,deler av lokaliteten,1224,KVINNHERAD,12,Hordaland,60.126118,5.9305,3,Karmøy til Sotra,
28,2016,12036,Hisdalen,rensefisk,,,1694,Grøngylt,546,deler av lokaliteten,1224,KVINNHERAD,12,Hordaland,60.126118,5.9305,3,Karmøy til Sotra,
28,2016,33218,Hosenøyan,ikke-medikamentell,,,,,,deler av lokaliteten,1630,ÅFJORD,16,Sør-Trøndelag,64.08518,9.884683,6,Nordmøre og Sør-Trøndelag,
28,2016,19939,Høysteinen,rensefisk,,,1694,Grøngylt,2281,deler av lokaliteten,1224,KVINNHERAD,12,Hordaland,60.157417,6.050117,3,Karmøy til Sotra,
28,2016,21016,Husfjord,rensefisk,,,2221,Rognkjeks (felles),24780,deler av lokaliteten,2004,HAMMERFEST,20,Finnmark,70.549515,22.955883,12,Vest-Finnmark,
28,2016,18936,Igerøy Ø,medikamentell,badebehandling,Azamethiphos,,,,deler av lokaliteten,1815,VEGA,18,Nordland,65.68622,12.138533,8,Helgeland til Bodø,
28,2016,18936,Igerøy Ø,medikamentell,badebehandling,Deltamethrin,,,,deler av lokaliteten,1815,VEGA,18,Nordland,65.68622,12.138533,8,Helgeland til Bodø,
28,2016,30036,Jørstadskjera,rensefisk,,,1694,Grøngylt,1798,deler av lokaliteten,1141,FINNØY,11,Rogaland,59.296318,5.936933,2,Ryfylke,
28,2016,30036,Jørstadskjera,rensefisk,,,1693,Bergnebb,757,deler av lokaliteten,1141,FINNØY,11,Rogaland,59.296318,5.936933,2,Ryfylke,
28,2016,29436,Juvika,ikke-medikamentell,,,,,,deler av lokaliteten,1822,LEIRFJORD,18,Nordland,66.1185,12.814183,8,Helgeland til Bodø,
28,2016,13220,Kalhag,ikke-medikamentell,,,,,,deler av lokaliteten,1130,STRAND,11,Rogaland,58.974716,5.93595,2,Ryfylke,
28,2016,13220,Kalhag,rensefisk,,,1694,Grøngylt,5629,deler av lokaliteten,1130,STRAND,11,Rogaland,58.974716,5.93595,2,Ryfylke,
28,2016,13220,Kalhag,rensefisk,,,1691,Berggylt,352,deler av lokaliteten,1130,STRAND,11,Rogaland,58.974716,5.93595,2,Ryfylke,
28,2016,10087,Kalvøya N,medikamentell,fôrbehandling,Emamectin benzoat,,,,hele lokaliteten,1428,ASKVOLL,14,Sogn og Fjordane,61.319366,4.707167,4,Nordhordaland til Stadt,
28,2016,31517,Kamholmen,rensefisk,,,1694,Grøngylt,9572,hele lokaliteten,1620,FRØYA,16,Sør-Trøndelag,63.762417,8.882933,6,Nordmøre og Sør-Trøndelag,
28,2016,14042,Kattholmen,ikke-medikamentell,,,,,,deler av lokaliteten,1620,FRØYA,16,Sør-Trøndelag,63.870968,8.679017,6,Nordmøre og Sør-Trøndelag,
28,2016,14042,Kattholmen,rensefisk,,,222120,Rognkjeks (hun),7682,deler av lokaliteten,1620,FRØYA,16,Sør-Trøndelag,63.870968,8.679017,6,Nordmøre og Sør-Trøndelag,
28,2016,30437,Kattholmen II,ikke-medikamentell,,,,,,deler av lokaliteten,1620,FRØYA,16,Sør-Trøndelag,63.8661,8.675683,6,Nordmøre og Sør-Trøndelag,
28,2016,28976,Kelvesteinen,ikke-medikamentell,,,,,,hele lokaliteten,1246,FJELL,12,Hordaland,60.4029,5.063717,3,Karmøy til Sotra,
28,2016,12660,Kipholmen,rensefisk,,,1691,Berggylt,16900,hele lokaliteten,1751,NÆRØY,17,Nord-Trøndelag,64.79387,11.689533,7,Nord-Trøndelag med Bindal,
28,2016,33577,Kjeholmen II,rensefisk,,,1693,Bergnebb,30685,hele lokaliteten,1003,FARSUND,10,Vest-Agder,58.06008,6.885683,1,Svenskegrensen til Jæren,
28,2016,10409,Kjelneset,rensefisk,,,1694,Grøngylt,8861,hele lokaliteten,1748,FOSNES,17,Nord-Trøndelag,64.64391,11.388517,7,Nord-Trøndelag med Bindal,
28,2016,10409,Kjelneset,rensefisk,,,1693,Bergnebb,10269,hele lokaliteten,1748,FOSNES,17,Nord-Trøndelag,64.64391,11.388517,7,Nord-Trøndelag med Bindal,
28,2016,10409,Kjelneset,rensefisk,,,1691,Berggylt,2899,hele lokaliteten,1748,FOSNES,17,Nord-Trøndelag,64.64391,11.388517,7,Nord-Trøndelag med Bindal,
28,2016,12294,Kjerstad,ikke-medikamentell,,,,,,hele lokaliteten,1534,HARAM,15,Møre og Romsdal,62.622368,6.224883,5,Stadt til Hustadvika,
28,2016,10113,Kobbavika,rensefisk,,,1694,Grøngylt,12841,deler av lokaliteten,1141,FINNØY,11,Rogaland,59.12232,5.934433,2,Ryfylke,
28,2016,10113,Kobbavika,rensefisk,,,1691,Berggylt,1694,deler av lokaliteten,1141,FINNØY,11,Rogaland,59.12232,5.934433,2,Ryfylke,
28,2016,19195,Korsholman,medikamentell,fôrbehandling,Emamectin benzoat,,,,hele lokaliteten,1617,HITRA,16,Sør-Trøndelag,63.597218,8.51575,6,Nordmøre og Sør-Trøndelag,
28,2016,18217,Kvaløy Øst,rensefisk,,,1692,Annen leppefisk,300,deler av lokaliteten,1149,KARMØY,11,Rogaland,59.396633,5.171083,3,Karmøy til Sotra,
28,2016,18217,Kvaløy Øst,rensefisk,,,1694,Grøngylt,6516,deler av lokaliteten,1149,KARMØY,11,Rogaland,59.396633,5.171083,3,Karmøy til Sotra,
28,2016,18217,Kvaløy Øst,rensefisk,,,1693,Bergnebb,2883,deler av lokaliteten,1149,KARMØY,11,Rogaland,59.396633,5.171083,3,Karmøy til Sotra,
28,2016,18217,Kvaløy Øst,rensefisk,,,1691,Berggylt,2647,deler av lokaliteten,1149,KARMØY,11,Rogaland,59.396633,5.171083,3,Karmøy til Sotra,
28,2016,22775,Kvaløya,ikke-medikamentell,,,,,,deler av lokaliteten,1750,VIKNA,17,Nord-Trøndelag,65.001915,11.058617,7,Nord-Trøndelag med Bindal,
28,2016,24975,Kvernavika,rensefisk,,,1692,Annen leppefisk,5198,deler av lokaliteten,1223,TYSNES,12,Hordaland,60.069283,5.351183,3,Karmøy til Sotra,
28,2016,10041,Kviksholmen,medikamentell,fôrbehandling,Emamectin benzoat,,,,hele lokaliteten,1244,AUSTEVOLL,12,Hordaland,60.054317,5.090733,3,Karmøy til Sotra,
28,2016,10041,Kviksholmen,rensefisk,,,1694,Grøngylt,20000,hele lokaliteten,1244,AUSTEVOLL,12,Hordaland,60.054317,5.090733,3,Karmøy til Sotra,
28,2016,10041,Kviksholmen,rensefisk,,,1691,Berggylt,1600,hele lokaliteten,1244,AUSTEVOLL,12,Hordaland,60.054317,5.090733,3,Karmøy til Sotra,
28,2016,30216,Kvitfloget,medikamentell,badebehandling,Azamethiphos,,,,deler av lokaliteten,1927,TRANØY,19,Troms,69.14633,17.646017,10,Andøya til Senja,
28,2016,30216,Kvitfloget,medikamentell,badebehandling,Cypermethrin,,,,deler av lokaliteten,1927,TRANØY,19,Troms,69.14633,17.646017,10,Andøya til Senja,
28,2016,30076,Kyrøyene,ikke-medikamentell,,,,,,deler av lokaliteten,1750,VIKNA,17,Nord-Trøndelag,64.764015,10.806633,7,Nord-Trøndelag med Bindal,
28,2016,13234,Kysnes,medikamentell,badebehandling,Annet virkestoff,,,,hele lokaliteten,1227,JONDAL,12,Hordaland,60.19877,6.09685,3,Karmøy til Sotra,
28,2016,10898,Lamholmen,medikamentell,badebehandling,Azamethiphos,,,,deler av lokaliteten,1813,BRØNNØY,18,Nordland,65.47093,12.1338,8,Helgeland til Bodø,
28,2016,10898,Lamholmen,medikamentell,badebehandling,Deltamethrin,,,,deler av lokaliteten,1813,BRØNNØY,18,Nordland,65.47093,12.1338,8,Helgeland til Bodø,
28,2016,12993,Lamøya,rensefisk,,,1693,Bergnebb,28300,hele lokaliteten,1620,FRØYA,16,Sør-Trøndelag,63.732586,8.856378,6,Nordmøre og Sør-Trøndelag,
28,2016,24715,Langholmen,ikke-medikamentell,,,,,,hele lokaliteten,1141,FINNØY,11,Rogaland,59.097282,5.835917,2,Ryfylke,
28,2016,13055,Langøyna Ø,rensefisk,,,1692,Annen leppefisk,14300,hele lokaliteten,1146,TYSVÆR,11,Rogaland,59.2983,5.713333,2,Ryfylke,
28,2016,11438,Lauplandsholmen,medikamentell,badebehandling,Deltamethrin,,,,deler av lokaliteten,1145,BOKN,11,Rogaland,59.179733,5.472633,2,Ryfylke,
28,2016,11438,Lauplandsholmen,rensefisk,,,1693,Bergnebb,5195,deler av lokaliteten,1145,BOKN,11,Rogaland,59.179733,5.472633,2,Ryfylke,
28,2016,13549,Løypingneset,rensefisk,,,1691,Berggylt,16000,deler av lokaliteten,1438,BREMANGER,14,Sogn og Fjordane,61.819534,5.247667,4,Nordhordaland til Stadt,
28,2016,12978,Lyngholmen,medikamentell,fôrbehandling,Emamectin benzoat,,,,hele lokaliteten,1411,GULEN,14,Sogn og Fjordane,61.01525,5.004667,4,Nordhordaland til Stadt,
28,2016,12127,Mælen,rensefisk,,,1691,Berggylt,12,deler av lokaliteten,1224,KVINNHERAD,12,Hordaland,59.69998,5.722917,3,Karmøy til Sotra,
28,2016,12127,Mælen,rensefisk,,,1694,Grøngylt,181,deler av lokaliteten,1224,KVINNHERAD,12,Hordaland,59.69998,5.722917,3,Karmøy til Sotra,
28,2016,12134,Maradalen,ikke-medikamentell,,,,,,hele lokaliteten,1224,KVINNHERAD,12,Hordaland,59.76077,5.686767,3,Karmøy til Sotra,
28,2016,31637,Melkøya,medikamentell,fôrbehandling,Emamectin benzoat,,,,hele lokaliteten,1818,HERØY I NORDLAND,18,Nordland,66.08231,12.201167,8,Helgeland til Bodø,
28,2016,10078,Mjånes,medikamentell,fôrbehandling,Emamectin benzoat,,,,hele lokaliteten,1411,GULEN,14,Sogn og Fjordane,60.997734,5.0304,4,Nordhordaland til Stadt,
28,2016,12047,Mjåneset,rensefisk,,,1694,Grøngylt,2442,deler av lokaliteten,1241,FUSA,12,Hordaland,60.176,5.7244,3,Karmøy til Sotra,
28,2016,29957,Nakkestad,rensefisk,,,1691,Berggylt,1180,hele lokaliteten,1032,LYNGDAL,10,Vest-Agder,58.055832,7.06875,1,Svenskegrensen til Jæren,
28,2016,11864,Napp,rensefisk,,,1694,Grøngylt,4597,hele lokaliteten,1004,FLEKKEFJORD,10,Vest-Agder,58.24867,6.53675,1,Svenskegrensen til Jæren,
28,2016,11864,Napp,rensefisk,,,1692,Annen leppefisk,606,hele lokaliteten,1004,FLEKKEFJORD,10,Vest-Agder,58.24867,6.53675,1,Svenskegrensen til Jæren,
28,2016,11864,Napp,rensefisk,,,1691,Berggylt,2408,hele lokaliteten,1004,FLEKKEFJORD,10,Vest-Agder,58.24867,6.53675,1,Svenskegrensen til Jæren,
28,2016,10303,Nappeholmane,ikke-medikamentell,,,,,,hele lokaliteten,1219,BØMLO,12,Hordaland,59.743034,5.363783,3,Karmøy til Sotra,
28,2016,14495,Nordeimsøyna,rensefisk,,,1693,Bergnebb,4930,deler av lokaliteten,1141,FINNØY,11,Rogaland,59.28695,5.812483,2,Ryfylke,
28,2016,13020,Nygård,rensefisk,,,1694,Grøngylt,720,deler av lokaliteten,1242,SAMNANGER,12,Hordaland,60.358067,5.683283,3,Karmøy til Sotra,
28,2016,13020,Nygård,rensefisk,,,1693,Bergnebb,101,deler av lokaliteten,1242,SAMNANGER,12,Hordaland,60.358067,5.683283,3,Karmøy til Sotra,
28,2016,13020,Nygård,rensefisk,,,1691,Berggylt,115,deler av lokaliteten,1242,SAMNANGER,12,Hordaland,60.358067,5.683283,3,Karmøy til Sotra,
28,2016,12383,Omsøyholman,ikke-medikamentell,,,,,,deler av lokaliteten,1617,HITRA,16,Sør-Trøndelag,63.63162,8.574817,6,Nordmøre og Sør-Trøndelag,
28,2016,12383,Omsøyholman,rensefisk,,,1691,Berggylt,7447,hele lokaliteten,1617,HITRA,16,Sør-Trøndelag,63.63162,8.574817,6,Nordmøre og Sør-Trøndelag,
28,2016,12383,Omsøyholman,rensefisk,,,1694,Grøngylt,33314,hele lokaliteten,1617,HITRA,16,Sør-Trøndelag,63.63162,8.574817,6,Nordmøre og Sør-Trøndelag,
28,2016,10136,Onarøy,rensefisk,,,1694,Grøngylt,1342,deler av lokaliteten,1223,TYSNES,12,Hordaland,59.95335,5.669683,3,Karmøy til Sotra,
28,2016,33417,Persflua,rensefisk,,,2221,Rognkjeks (felles),54030,hele lokaliteten,1627,BJUGN,16,Sør-Trøndelag,63.91345,9.826433,6,Nordmøre og Sør-Trøndelag,
28,2016,11972,Prestholmane,medikamentell,badebehandling,Annet virkestoff,,,,deler av lokaliteten,1141,FINNØY,11,Rogaland,59.116768,5.8545,2,Ryfylke,
28,2016,11972,Prestholmane,ikke-medikamentell,,,,,,hele lokaliteten,1141,FINNØY,11,Rogaland,59.116768,5.8545,2,Ryfylke,
28,2016,11972,Prestholmane,rensefisk,,,1694,Grøngylt,3340,deler av lokaliteten,1141,FINNØY,11,Rogaland,59.116768,5.8545,2,Ryfylke,
28,2016,11972,Prestholmane,rensefisk,,,1691,Berggylt,513,deler av lokaliteten,1141,FINNØY,11,Rogaland,59.116768,5.8545,2,Ryfylke,
28,2016,12366,Raskjæret,rensefisk,,,1694,Grøngylt,5999,hele lokaliteten,1620,FRØYA,16,Sør-Trøndelag,63.793617,8.854567,6,Nordmøre og Sør-Trøndelag,
28,2016,33477,Reinsnesøya,medikamentell,fôrbehandling,Emamectin benzoat,,,,hele lokaliteten,1870,SORTLAND,18,Nordland,68.772835,15.446583,9,Vestfjorden og Vesterålen,
28,2016,17357,Rennaren,rensefisk,,,1691,Berggylt,1200,deler av lokaliteten,1142,RENNESØY,11,Rogaland,59.131584,5.72165,2,Ryfylke,
28,2016,17357,Rennaren,rensefisk,,,1693,Bergnebb,12329,deler av lokaliteten,1142,RENNESØY,11,Rogaland,59.131584,5.72165,2,Ryfylke,
28,2016,17357,Rennaren,rensefisk,,,1694,Grøngylt,5295,deler av lokaliteten,1142,RENNESØY,11,Rogaland,59.131584,5.72165,2,Ryfylke,
28,2016,17357,Rennaren,rensefisk,,,1692,Annen leppefisk,1700,deler av lokaliteten,1142,RENNESØY,11,Rogaland,59.131584,5.72165,2,Ryfylke,
28,2016,30657,Revøy,rensefisk,,,1691,Berggylt,1314,hele lokaliteten,1032,LYNGDAL,10,Vest-Agder,58.0243,7.0268,1,Svenskegrensen til Jæren,
28,2016,12003,Rossholmen N,rensefisk,,,1692,Annen leppefisk,3000,hele lokaliteten,1142,RENNESØY,11,Rogaland,59.06428,5.722617,2,Ryfylke,
28,2016,12126,Rossnes,medikamentell,badebehandling,Azamethiphos,,,,hele lokaliteten,1224,KVINNHERAD,12,Hordaland,59.759167,5.721467,3,Karmøy til Sotra,
28,2016,10328,Sagvik,ikke-medikamentell,,,,,,hele lokaliteten,1238,KVAM,12,Hordaland,60.141033,5.906933,3,Karmøy til Sotra,
28,2016,30957,Salaluokta,medikamentell,badebehandling,Azamethiphos,,,,hele lokaliteten,1850,TYSFJORD,18,Nordland,68.033585,16.25385,9,Vestfjorden og Vesterålen,
28,2016,30957,Salaluokta,medikamentell,badebehandling,Deltamethrin,,,,hele lokaliteten,1850,TYSFJORD,18,Nordland,68.033585,16.25385,9,Vestfjorden og Vesterålen,
28,2016,34857,Salatskjæra,ikke-medikamentell,,,,,,deler av lokaliteten,1620,FRØYA,16,Sør-Trøndelag,63.90485,8.589133,6,Nordmøre og Sør-Trøndelag,
28,2016,34857,Salatskjæra,rensefisk,,,222120,Rognkjeks (hun),2725,deler av lokaliteten,1620,FRØYA,16,Sør-Trøndelag,63.90485,8.589133,6,Nordmøre og Sør-Trøndelag,
28,2016,34857,Salatskjæra,rensefisk,,,1694,Grøngylt,5073,deler av lokaliteten,1620,FRØYA,16,Sør-Trøndelag,63.90485,8.589133,6,Nordmøre og Sør-Trøndelag,
28,2016,12973,Saltkjelen I,rensefisk,,,1694,Grøngylt,3098,deler av lokaliteten,1238,KVAM,12,Hordaland,60.31815,6.183183,3,Karmøy til Sotra,
28,2016,11856,Salvågvika,rensefisk,,,169520,Rødnebb,3,deler av lokaliteten,1004,FLEKKEFJORD,10,Vest-Agder,58.223434,6.63615,1,Svenskegrensen til Jæren,
28,2016,11856,Salvågvika,rensefisk,,,1694,Grøngylt,3254,deler av lokaliteten,1004,FLEKKEFJORD,10,Vest-Agder,58.223434,6.63615,1,Svenskegrensen til Jæren,
28,2016,11856,Salvågvika,rensefisk,,,1692,Annen leppefisk,7,deler av lokaliteten,1004,FLEKKEFJORD,10,Vest-Agder,58.223434,6.63615,1,Svenskegrensen til Jæren,
28,2016,11856,Salvågvika,rensefisk,,,1691,Berggylt,940,deler av lokaliteten,1004,FLEKKEFJORD,10,Vest-Agder,58.223434,6.63615,1,Svenskegrensen til Jæren,
28,2016,11758,Sauøy Ø,ikke-medikamentell,,,,,,hele lokaliteten,1259,ØYGARDEN,12,Hordaland,60.592335,4.857833,4,Nordhordaland til Stadt,
28,2016,12244,Setevika,rensefisk,,,222120,Rognkjeks (hun),27794,deler av lokaliteten,1545,MIDSUND,15,Møre og Romsdal,62.728065,6.939283,5,Stadt til Hustadvika,
28,2016,34117,Skåtholmen,rensefisk,,,1694,Grøngylt,21768,deler av lokaliteten,1241,FUSA,12,Hordaland,60.17177,5.563633,3,Karmøy til Sotra,
28,2016,34117,Skåtholmen,rensefisk,,,1693,Bergnebb,5803,deler av lokaliteten,1241,FUSA,12,Hordaland,60.17177,5.563633,3,Karmøy til Sotra,
28,2016,34117,Skåtholmen,rensefisk,,,1692,Annen leppefisk,2865,deler av lokaliteten,1241,FUSA,12,Hordaland,60.17177,5.563633,3,Karmøy til Sotra,
28,2016,34117,Skåtholmen,rensefisk,,,1691,Berggylt,1525,deler av lokaliteten,1241,FUSA,12,Hordaland,60.17177,5.563633,3,Karmøy til Sotra,
28,2016,11861,Skipningsdalen,rensefisk,,,1694,Grøngylt,11440,hele lokaliteten,1004,FLEKKEFJORD,10,Vest-Agder,58.24148,6.5958,1,Svenskegrensen til Jæren,
28,2016,11861,Skipningsdalen,rensefisk,,,1692,Annen leppefisk,8787,hele lokaliteten,1004,FLEKKEFJORD,10,Vest-Agder,58.24148,6.5958,1,Svenskegrensen til Jæren,
28,2016,11861,Skipningsdalen,rensefisk,,,1691,Berggylt,5523,hele lokaliteten,1004,FLEKKEFJORD,10,Vest-Agder,58.24148,6.5958,1,Svenskegrensen til Jæren,
28,2016,12108,Skorpo Nv,rensefisk,,,1692,Annen leppefisk,18576,deler av lokaliteten,1224,KVINNHERAD,12,Hordaland,59.95323,5.827133,3,Karmøy til Sotra,
28,2016,31117,Skrubbo,rensefisk,,,1692,Annen leppefisk,2804,deler av lokaliteten,1241,FUSA,12,Hordaland,60.15632,5.713217,3,Karmøy til Sotra,
28,2016,28096,Slåttenes,medikamentell,badebehandling,Azamethiphos,,,,hele lokaliteten,1224,KVINNHERAD,12,Hordaland,59.83222,5.984267,3,Karmøy til Sotra,
28,2016,28096,Slåttenes,medikamentell,badebehandling,Deltamethrin,,,,hele lokaliteten,1224,KVINNHERAD,12,Hordaland,59.83222,5.984267,3,Karmøy til Sotra,
28,2016,28096,Slåttenes,rensefisk,,,1691,Berggylt,8000,hele lokaliteten,1224,KVINNHERAD,12,Hordaland,59.83222,5.984267,3,Karmøy til Sotra,
28,2016,11605,Soløy Ø,medikamentell,badebehandling,Deltamethrin,,,,deler av lokaliteten,1222,FITJAR,12,Hordaland,59.90708,5.159833,3,Karmøy til Sotra,
28,2016,27436,Solværet,ikke-medikamentell,,,,,,deler av lokaliteten,1573,SMØLA,15,Møre og Romsdal,63.255,7.856933,6,Nordmøre og Sør-Trøndelag,
28,2016,36017,Sørværet,medikamentell,fôrbehandling,Emamectin benzoat,,,,hele lokaliteten,1818,HERØY I NORDLAND,18,Nordland,65.88035,11.93045,8,Helgeland til Bodø,
28,2016,31217,Stokkasjøen,ikke-medikamentell,,,,,,deler av lokaliteten,1816,VEVELSTAD,18,Nordland,65.782715,12.592317,8,Helgeland til Bodø,
28,2016,10839,Store Kufjord,rensefisk,,,222120,Rognkjeks (hun),20800,hele lokaliteten,2012,ALTA,20,Finnmark,70.35332,23.079117,12,Vest-Finnmark,
28,2016,11492,Storevikholmen,rensefisk,,,1692,Annen leppefisk,11290,deler av lokaliteten,1222,FITJAR,12,Hordaland,59.83808,5.30565,3,Karmøy til Sotra,
28,2016,31338,Storskjeret,rensefisk,,,1694,Grøngylt,18867,hele lokaliteten,1576,AURE,15,Møre og Romsdal,63.26985,8.228283,6,Nordmøre og Sør-Trøndelag,
28,2016,31338,Storskjeret,rensefisk,,,222120,Rognkjeks (hun),27011,hele lokaliteten,1576,AURE,15,Møre og Romsdal,63.26985,8.228283,6,Nordmøre og Sør-Trøndelag,
28,2016,31338,Storskjeret,rensefisk,,,1691,Berggylt,1738,hele lokaliteten,1576,AURE,15,Møre og Romsdal,63.26985,8.228283,6,Nordmøre og Sør-Trøndelag,
28,2016,31338,Storskjeret,rensefisk,,,1693,Bergnebb,11213,hele lokaliteten,1576,AURE,15,Møre og Romsdal,63.26985,8.228283,6,Nordmøre og Sør-Trøndelag,
28,2016,11858,Støytland,rensefisk,,,1694,Grøngylt,3188,hele lokaliteten,1004,FLEKKEFJORD,10,Vest-Agder,58.2316,6.628533,1,Svenskegrensen til Jæren,
28,2016,11858,Støytland,rensefisk,,,1691,Berggylt,825,hele lokaliteten,1004,FLEKKEFJORD,10,Vest-Agder,58.2316,6.628533,1,Svenskegrensen til Jæren,
28,2016,10753,Strandmo,rensefisk,,,222120,Rognkjeks (hun),34324,deler av lokaliteten,1936,KARLSØY,19,Troms,69.8813,19.434532,11,Kvaløya til Loppa,
28,2016,12081,Straumneset,medikamentell,badebehandling,Annet virkestoff,,,,hele lokaliteten,1227,JONDAL,12,Hordaland,60.220966,6.139567,3,Karmøy til Sotra,
28,2016,11552,Stuholmen,medikamentell,fôrbehandling,Emamectin benzoat,,,,hele lokaliteten,1245,SUND,12,Hordaland,60.249683,4.978117,3,Karmøy til Sotra,
28,2016,11552,Stuholmen,medikamentell,fôrbehandling,Emamectin benzoat,,,,hele lokaliteten,1245,SUND,12,Hordaland,60.249683,4.978117,3,Karmøy til Sotra,
28,2016,11552,Stuholmen,rensefisk,,,1693,Bergnebb,85,hele lokaliteten,1245,SUND,12,Hordaland,60.249683,4.978117,3,Karmøy til Sotra,
28,2016,11552,Stuholmen,rensefisk,,,1692,Annen leppefisk,150,hele lokaliteten,1245,SUND,12,Hordaland,60.249683,4.978117,3,Karmøy til Sotra,
28,2016,11552,Stuholmen,rensefisk,,,1694,Grøngylt,2303,hele lokaliteten,1245,SUND,12,Hordaland,60.249683,4.978117,3,Karmøy til Sotra,
28,2016,11552,Stuholmen,rensefisk,,,1693,Bergnebb,201,hele lokaliteten,1245,SUND,12,Hordaland,60.249683,4.978117,3,Karmøy til Sotra,
28,2016,22955,Svollandsneset,medikamentell,badebehandling,Annet virkestoff,,,,hele lokaliteten,1160,VINDAFJORD,11,Rogaland,59.684235,5.589717,3,Karmøy til Sotra,
28,2016,22955,Svollandsneset,rensefisk,,,1694,Grøngylt,18181,deler av lokaliteten,1160,VINDAFJORD,11,Rogaland,59.684235,5.589717,3,Karmøy til Sotra,
28,2016,22955,Svollandsneset,rensefisk,,,1691,Berggylt,949,deler av lokaliteten,1160,VINDAFJORD,11,Rogaland,59.684235,5.589717,3,Karmøy til Sotra,
28,2016,21755,Tendalsvik,medikamentell,badebehandling,Hydrogenperoksid,,,,hele lokaliteten,1211,ETNE,12,Hordaland,59.73605,5.884,3,Karmøy til Sotra,
28,2016,12662,Ternskjæret II,rensefisk,,,222120,Rognkjeks (hun),1655,deler av lokaliteten,1751,NÆRØY,17,Nord-Trøndelag,64.77713,11.639767,7,Nord-Trøndelag med Bindal,
28,2016,10054,Tobbeholmane,rensefisk,,,1692,Annen leppefisk,13399,deler av lokaliteten,1244,AUSTEVOLL,12,Hordaland,60.02432,5.30815,3,Karmøy til Sotra,
28,2016,30837,Torangskjeret,rensefisk,,,1694,Grøngylt,6960,deler av lokaliteten,1244,AUSTEVOLL,12,Hordaland,60.130184,5.176033,3,Karmøy til Sotra,
28,2016,30837,Torangskjeret,rensefisk,,,1693,Bergnebb,3634,deler av lokaliteten,1244,AUSTEVOLL,12,Hordaland,60.130184,5.176033,3,Karmøy til Sotra,
28,2016,30837,Torangskjeret,rensefisk,,,1691,Berggylt,2420,deler av lokaliteten,1244,AUSTEVOLL,12,Hordaland,60.130184,5.176033,3,Karmøy til Sotra,
28,2016,14081,Tveit,medikamentell,badebehandling,Azamethiphos,,,,hele lokaliteten,1413,HYLLESTAD,14,Sogn og Fjordane,61.110085,5.340483,4,Nordhordaland til Stadt,
28,2016,14081,Tveit,medikamentell,badebehandling,Deltamethrin,,,,hele lokaliteten,1413,HYLLESTAD,14,Sogn og Fjordane,61.110085,5.340483,4,Nordhordaland til Stadt,
28,2016,13837,Verpeide,medikamentell,badebehandling,Annet virkestoff,,,,hele lokaliteten,1439,VÅGSØY,14,Sogn og Fjordane,61.902954,5.207967,4,Nordhordaland til Stadt,
28,2016,13837,Verpeide,ikke-medikamentell,,,,,,deler av lokaliteten,1439,VÅGSØY,14,Sogn og Fjordane,61.902954,5.207967,4,Nordhordaland til Stadt,
28,2016,29936,Ystadneset,rensefisk,,,1691,Berggylt,36,deler av lokaliteten,1224,KVINNHERAD,12,Hordaland,59.977932,5.77565,3,Karmøy til Sotra,
28,2016,29936,Ystadneset,rensefisk,,,1692,Annen leppefisk,1719,deler av lokaliteten,1224,KVINNHERAD,12,Hordaland,59.977932,5.77565,3,Karmøy til Sotra,
28,2016,32617,Ytre Koven,rensefisk,,,2221,Rognkjeks (felles),15175,hele lokaliteten,2012,ALTA,20,Finnmark,70.14235,22.893534,12,Vest-Finnmark,
27,2016,10298,Ålforo,ikke-medikamentell,,,,,,hele lokaliteten,1222,FITJAR,12,Hordaland,59.8665,5.244133,3,Karmøy til Sotra,
27,2016,12988,Aukrasanden,rensefisk,,,1691,Berggylt,36474,hele lokaliteten,1547,AUKRA,15,Møre og Romsdal,62.783417,6.92605,5,Stadt til Hustadvika,
27,2016,12357,Aursøysva,rensefisk,,,1691,Berggylt,556,hele lokaliteten,1620,FRØYA,16,Sør-Trøndelag,63.801968,8.910767,6,Nordmøre og Sør-Trøndelag,
27,2016,13305,Barbogen,rensefisk,,,2221,Rognkjeks (felles),35700,deler av lokaliteten,1928,TORSKEN,19,Troms,69.36843,17.0281,10,Andøya til Senja,
27,2016,12095,Bergadalen,ikke-medikamentell,,,,,,deler av lokaliteten,1238,KVAM,12,Hordaland,60.1216,5.908883,3,Karmøy til Sotra,
27,2016,12308,Bjørndal,medikamentell,fôrbehandling,Emamectin benzoat,,,,hele lokaliteten,1520,ØRSTA,15,Møre og Romsdal,62.274883,6.00285,5,Stadt til Hustadvika,
27,2016,23436,Bjørnholmen,medikamentell,badebehandling,Annet virkestoff,,,,deler av lokaliteten,1412,SOLUND,14,Sogn og Fjordane,61.20635,4.938083,4,Nordhordaland til Stadt,
27,2016,34897,Brandsfjorden,ikke-medikamentell,,,,,,deler av lokaliteten,1632,ROAN,16,Sør-Trøndelag,64.22307,10.279933,6,Nordmøre og Sør-Trøndelag,
27,2016,13205,Brattholmen,medikamentell,badebehandling,Annet virkestoff,,,,hele lokaliteten,1412,SOLUND,14,Sogn og Fjordane,61.068382,4.713817,4,Nordhordaland til Stadt,
27,2016,34197,Brennholmen,medikamentell,fôrbehandling,Emamectin benzoat,,,,deler av lokaliteten,1818,HERØY I NORDLAND,18,Nordland,65.978714,12.16355,8,Helgeland til Bodø,
27,2016,20455,Djupevika,rensefisk,,,222120,Rognkjeks (hun),30511,deler av lokaliteten,1224,KVINNHERAD,12,Hordaland,60.0406,6.010917,3,Karmøy til Sotra,
27,2016,32197,Dryna,ikke-medikamentell,,,,,,deler av lokaliteten,1545,MIDSUND,15,Møre og Romsdal,62.6444,6.5568,5,Stadt til Hustadvika,
27,2016,35237,Durmålsvika,rensefisk,,,2221,Rognkjeks (felles),10100,deler av lokaliteten,1931,LENVIK,19,Troms,69.4334,18.153482,10,Andøya til Senja,
27,2016,21415,Dyrholmen,medikamentell,badebehandling,Deltamethrin,,,,deler av lokaliteten,1141,FINNØY,11,Rogaland,59.285484,5.8583,2,Ryfylke,
27,2016,21415,Dyrholmen,ikke-medikamentell,,,,,,deler av lokaliteten,1141,FINNØY,11,Rogaland,59.285484,5.8583,2,Ryfylke,
27,2016,12128,Dyrnes,ikke-medikamentell,,,,,,hele lokaliteten,1224,KVINNHERAD,12,Hordaland,59.71765,5.72205,3,Karmøy til Sotra,
27,2016,12033,Dysvik,ikke-medikamentell,,,,,,hele lokaliteten,1238,KVAM,12,Hordaland,60.191017,5.967617,3,Karmøy til Sotra,
27,2016,32597,Fjordprakken,rensefisk,,,222120,Rognkjeks (hun),21607,deler av lokaliteten,1573,SMØLA,15,Møre og Romsdal,63.256516,7.928067,6,Nordmøre og Sør-Trøndelag,
27,2016,19336,Flatholmen,rensefisk,,,1694,Grøngylt,9811,deler av lokaliteten,1106,HAUGESUND,11,Rogaland,59.4293,5.114483,3,Karmøy til Sotra,
27,2016,29296,Fleina,medikamentell,badebehandling,Annet virkestoff,,,,deler av lokaliteten,1838,GILDESKÅL,18,Nordland,67.0951,13.875217,8,Helgeland til Bodø,
27,2016,29296,Fleina,ikke-medikamentell,,,,,,deler av lokaliteten,1838,GILDESKÅL,18,Nordland,67.0951,13.875217,8,Helgeland til Bodø,
27,2016,25895,Flornes,rensefisk,,,1693,Bergnebb,892,deler av lokaliteten,1223,TYSNES,12,Hordaland,59.890984,5.665983,3,Karmøy til Sotra,
27,2016,25895,Flornes,rensefisk,,,1694,Grøngylt,228,deler av lokaliteten,1223,TYSNES,12,Hordaland,59.890984,5.665983,3,Karmøy til Sotra,
27,2016,25895,Flornes,rensefisk,,,1692,Annen leppefisk,78,deler av lokaliteten,1223,TYSNES,12,Hordaland,59.890984,5.665983,3,Karmøy til Sotra,
27,2016,31437,Fuglåsen,rensefisk,,,222120,Rognkjeks (hun),36898,hele lokaliteten,1573,SMØLA,15,Møre og Romsdal,63.44715,8.167767,6,Nordmøre og Sør-Trøndelag,
27,2016,12078,Gangdal,medikamentell,badebehandling,Annet virkestoff,,,,deler av lokaliteten,1227,JONDAL,12,Hordaland,60.215935,6.156667,3,Karmøy til Sotra,
27,2016,26335,Geitholmen,ikke-medikamentell,,,,,,hele lokaliteten,1750,VIKNA,17,Nord-Trøndelag,64.79955,11.025933,7,Nord-Trøndelag med Bindal,
27,2016,13036,Gjengane,ikke-medikamentell,,,,,,deler av lokaliteten,1244,AUSTEVOLL,12,Hordaland,60.071518,5.306383,3,Karmøy til Sotra,
27,2016,10324,Gjerdeviksflua,medikamentell,badebehandling,Annet virkestoff,,,,deler av lokaliteten,1241,FUSA,12,Hordaland,60.223083,5.641167,3,Karmøy til Sotra,
27,2016,32037,Grasholman,medikamentell,badebehandling,Annet virkestoff,,,,deler av lokaliteten,1834,LURØY,18,Nordland,66.34873,12.779417,8,Helgeland til Bodø,
27,2016,32037,Grasholman,medikamentell,badebehandling,Deltamethrin,,,,deler av lokaliteten,1834,LURØY,18,Nordland,66.34873,12.779417,8,Helgeland til Bodø,
27,2016,30897,Havsundet,rensefisk,,,1691,Berggylt,9101,hele lokaliteten,1627,BJUGN,16,Sør-Trøndelag,63.799534,9.440667,6,Nordmøre og Sør-Trøndelag,
27,2016,22596,Hesbygrunnen,medikamentell,badebehandling,Annet virkestoff,,,,hele lokaliteten,1141,FINNØY,11,Rogaland,59.194416,5.800183,2,Ryfylke,
27,2016,22596,Hesbygrunnen,ikke-medikamentell,,,,,,hele lokaliteten,1141,FINNØY,11,Rogaland,59.194416,5.800183,2,Ryfylke,
27,2016,13235,Hessvik,rensefisk,,,1694,Grøngylt,2000,deler av lokaliteten,1224,KVINNHERAD,12,Hordaland,60.127934,6.149933,3,Karmøy til Sotra,
27,2016,13235,Hessvik,rensefisk,,,1693,Bergnebb,9,deler av lokaliteten,1224,KVINNHERAD,12,Hordaland,60.127934,6.149933,3,Karmøy til Sotra,
27,2016,13235,Hessvik,rensefisk,,,1691,Berggylt,3,deler av lokaliteten,1224,KVINNHERAD,12,Hordaland,60.127934,6.149933,3,Karmøy til Sotra,
27,2016,18015,Hestabyneset,rensefisk,,,222120,Rognkjeks (hun),4531,deler av lokaliteten,1223,TYSNES,12,Hordaland,59.954018,5.451667,3,Karmøy til Sotra,
27,2016,34017,Hilbåan,ikke-medikamentell,,,,,,hele lokaliteten,1617,HITRA,16,Sør-Trøndelag,63.6686,8.844717,6,Nordmøre og Sør-Trøndelag,
27,2016,12036,Hisdalen,medikamentell,badebehandling,Annet virkestoff,,,,deler av lokaliteten,1224,KVINNHERAD,12,Hordaland,60.126118,5.9305,3,Karmøy til Sotra,
27,2016,33218,Hosenøyan,rensefisk,,,222120,Rognkjeks (hun),14504,deler av lokaliteten,1630,ÅFJORD,16,Sør-Trøndelag,64.08518,9.884683,6,Nordmøre og Sør-Trøndelag,
27,2016,18936,Igerøy Ø,medikamentell,badebehandling,Azamethiphos,,,,deler av lokaliteten,1815,VEGA,18,Nordland,65.68622,12.138533,8,Helgeland til Bodø,
27,2016,18936,Igerøy Ø,medikamentell,badebehandling,Deltamethrin,,,,deler av lokaliteten,1815,VEGA,18,Nordland,65.68622,12.138533,8,Helgeland til Bodø,
27,2016,18936,Igerøy Ø,ikke-medikamentell,,,,,,deler av lokaliteten,1815,VEGA,18,Nordland,65.68622,12.138533,8,Helgeland til Bodø,
27,2016,27095,Ihlholmen,ikke-medikamentell,,,,,,hele lokaliteten,1160,VINDAFJORD,11,Rogaland,59.7215,5.586633,3,Karmøy til Sotra,
27,2016,14245,Jakobsteinsvika,rensefisk,,,2221,Rognkjeks (felles),16214,deler av lokaliteten,1755,LEKA,17,Nord-Trøndelag,65.11265,11.792867,7,Nord-Trøndelag med Bindal,
27,2016,13220,Kalhag,rensefisk,,,1694,Grøngylt,3936,deler av lokaliteten,1130,STRAND,11,Rogaland,58.974716,5.93595,2,Ryfylke,
27,2016,13220,Kalhag,rensefisk,,,1691,Berggylt,409,deler av lokaliteten,1130,STRAND,11,Rogaland,58.974716,5.93595,2,Ryfylke,
27,2016,10087,Kalvøya N,medikamentell,fôrbehandling,Emamectin benzoat,,,,hele lokaliteten,1428,ASKVOLL,14,Sogn og Fjordane,61.319366,4.707167,4,Nordhordaland til Stadt,
27,2016,10087,Kalvøya N,medikamentell,fôrbehandling,Emamectin benzoat,,,,hele lokaliteten,1428,ASKVOLL,14,Sogn og Fjordane,61.319366,4.707167,4,Nordhordaland til Stadt,
27,2016,31517,Kamholmen,rensefisk,,,1694,Grøngylt,2550,hele lokaliteten,1620,FRØYA,16,Sør-Trøndelag,63.762417,8.882933,6,Nordmøre og Sør-Trøndelag,
27,2016,33577,Kjeholmen II,rensefisk,,,1693,Bergnebb,30685,hele lokaliteten,1003,FARSUND,10,Vest-Agder,58.06008,6.885683,1,Svenskegrensen til Jæren,
27,2016,10206,Kleven,ikke-medikamentell,,,,,,hele lokaliteten,1554,AVERØY,15,Møre og Romsdal,63.0693,7.60185,6,Nordmøre og Sør-Trøndelag,
27,2016,11763,Knappen,medikamentell,badebehandling,Annet virkestoff,,,,deler av lokaliteten,1259,ØYGARDEN,12,Hordaland,60.5735,4.818517,4,Nordhordaland til Stadt,
27,2016,10113,Kobbavika,rensefisk,,,1694,Grøngylt,18198,deler av lokaliteten,1141,FINNØY,11,Rogaland,59.12232,5.934433,2,Ryfylke,
27,2016,10113,Kobbavika,rensefisk,,,1691,Berggylt,3599,deler av lokaliteten,1141,FINNØY,11,Rogaland,59.12232,5.934433,2,Ryfylke,
27,2016,19195,Korsholman,medikamentell,fôrbehandling,Emamectin benzoat,,,,deler av lokaliteten,1617,HITRA,16,Sør-Trøndelag,63.597218,8.51575,6,Nordmøre og Sør-Trøndelag,
27,2016,12652,Kråkøya,rensefisk,,,2221,Rognkjeks (felles),7687,deler av lokaliteten,1750,VIKNA,17,Nord-Trøndelag,65.00383,11.041483,7,Nord-Trøndelag med Bindal,
27,2016,12213,Kvangardsnes,ikke-medikamentell,,,,,,hele lokaliteten,1519,VOLDA,15,Møre og Romsdal,62.145317,5.94545,5,Stadt til Hustadvika,
27,2016,24975,Kvernavika,ikke-medikamentell,,,,,,deler av lokaliteten,1223,TYSNES,12,Hordaland,60.069283,5.351183,3,Karmøy til Sotra,
27,2016,24975,Kvernavika,rensefisk,,,1691,Berggylt,170,deler av lokaliteten,1223,TYSNES,12,Hordaland,60.069283,5.351183,3,Karmøy til Sotra,
27,2016,24975,Kvernavika,rensefisk,,,1694,Grøngylt,2850,deler av lokaliteten,1223,TYSNES,12,Hordaland,60.069283,5.351183,3,Karmøy til Sotra,
27,2016,10041,Kviksholmen,medikamentell,fôrbehandling,Emamectin benzoat,,,,hele lokaliteten,1244,AUSTEVOLL,12,Hordaland,60.054317,5.090733,3,Karmøy til Sotra,
27,2016,30076,Kyrøyene,ikke-medikamentell,,,,,,deler av lokaliteten,1750,VIKNA,17,Nord-Trøndelag,64.764015,10.806633,7,Nord-Trøndelag med Bindal,
27,2016,13234,Kysnes,medikamentell,badebehandling,Annet virkestoff,,,,deler av lokaliteten,1227,JONDAL,12,Hordaland,60.19877,6.09685,3,Karmøy til Sotra,
27,2016,13055,Langøyna Ø,rensefisk,,,1691,Berggylt,644,deler av lokaliteten,1146,TYSVÆR,11,Rogaland,59.2983,5.713333,2,Ryfylke,
27,2016,13055,Langøyna Ø,rensefisk,,,1694,Grøngylt,3004,deler av lokaliteten,1146,TYSVÆR,11,Rogaland,59.2983,5.713333,2,Ryfylke,
27,2016,28996,Loddetå,medikamentell,badebehandling,Annet virkestoff,,,,hele lokaliteten,1216,SVEIO,12,Hordaland,59.691643,5.54298,3,Karmøy til Sotra,
27,2016,13549,Løypingneset,rensefisk,,,1691,Berggylt,16000,deler av lokaliteten,1438,BREMANGER,14,Sogn og Fjordane,61.819534,5.247667,4,Nordhordaland til Stadt,
27,2016,12978,Lyngholmen,medikamentell,fôrbehandling,Emamectin benzoat,,,,hele lokaliteten,1411,GULEN,14,Sogn og Fjordane,61.01525,5.004667,4,Nordhordaland til Stadt,
27,2016,32057,Lyngøy,ikke-medikamentell,,,,,,deler av lokaliteten,1750,VIKNA,17,Nord-Trøndelag,64.81865,10.935217,7,Nord-Trøndelag med Bindal,
27,2016,12127,Mælen,medikamentell,badebehandling,Hydrogenperoksid,,,,deler av lokaliteten,1224,KVINNHERAD,12,Hordaland,59.69998,5.722917,3,Karmøy til Sotra,
27,2016,12127,Mælen,ikke-medikamentell,,,,,,deler av lokaliteten,1224,KVINNHERAD,12,Hordaland,59.69998,5.722917,3,Karmøy til Sotra,
27,2016,12127,Mælen,rensefisk,,,1692,Annen leppefisk,2000,deler av lokaliteten,1224,KVINNHERAD,12,Hordaland,59.69998,5.722917,3,Karmøy til Sotra,
27,2016,13550,Marøy Nø,rensefisk,,,222120,Rognkjeks (hun),85000,deler av lokaliteten,1438,BREMANGER,14,Sogn og Fjordane,61.847935,5.295383,4,Nordhordaland til Stadt,
27,2016,10137,Matland,medikamentell,badebehandling,Annet virkestoff,,,,hele lokaliteten,1241,FUSA,12,Hordaland,60.264084,5.6591,3,Karmøy til Sotra,
27,2016,31637,Melkøya,medikamentell,fôrbehandling,Emamectin benzoat,,,,hele lokaliteten,1818,HERØY I NORDLAND,18,Nordland,66.08231,12.201167,8,Helgeland til Bodø,
27,2016,10078,Mjånes,medikamentell,fôrbehandling,Emamectin benzoat,,,,hele lokaliteten,1411,GULEN,14,Sogn og Fjordane,60.997734,5.0304,4,Nordhordaland til Stadt,
27,2016,29957,Nakkestad,rensefisk,,,1691,Berggylt,1180,hele lokaliteten,1032,LYNGDAL,10,Vest-Agder,58.055832,7.06875,1,Svenskegrensen til Jæren,
27,2016,23816,Nordbotnet,rensefisk,,,2221,Rognkjeks (felles),8399,deler av lokaliteten,1828,NESNA,18,Nordland,66.25645,12.89285,8,Helgeland til Bodø,
27,2016,14495,Nordeimsøyna,medikamentell,badebehandling,Deltamethrin,,,,deler av lokaliteten,1141,FINNØY,11,Rogaland,59.28695,5.812483,2,Ryfylke,
27,2016,15403,Olderøy,medikamentell,badebehandling,Annet virkestoff,,,,hele lokaliteten,1412,SOLUND,14,Sogn og Fjordane,61.103283,4.712233,4,Nordhordaland til Stadt,
27,2016,28676,Olvika,rensefisk,,,2221,Rognkjeks (felles),40000,hele lokaliteten,1834,LURØY,18,Nordland,66.43864,13.1274,8,Helgeland til Bodø,
27,2016,10136,Onarøy,rensefisk,,,1694,Grøngylt,880,deler av lokaliteten,1223,TYSNES,12,Hordaland,59.95335,5.669683,3,Karmøy til Sotra,
27,2016,11688,Portevika,medikamentell,badebehandling,Annet virkestoff,,,,deler av lokaliteten,1413,HYLLESTAD,14,Sogn og Fjordane,61.18885,5.090017,4,Nordhordaland til Stadt,
27,2016,11972,Prestholmane,rensefisk,,,1694,Grøngylt,689,deler av lokaliteten,1141,FINNØY,11,Rogaland,59.116768,5.8545,2,Ryfylke,
27,2016,11972,Prestholmane,rensefisk,,,1691,Berggylt,83,deler av lokaliteten,1141,FINNØY,11,Rogaland,59.116768,5.8545,2,Ryfylke,
27,2016,10149,Rafdal,medikamentell,badebehandling,Azamethiphos,,,,hele lokaliteten,1211,ETNE,12,Hordaland,59.790916,6.176567,3,Karmøy til Sotra,
27,2016,10149,Rafdal,medikamentell,badebehandling,Deltamethrin,,,,hele lokaliteten,1211,ETNE,12,Hordaland,59.790916,6.176567,3,Karmøy til Sotra,
27,2016,32997,Raven,medikamentell,fôrbehandling,Emamectin benzoat,,,,hele lokaliteten,1865,VÅGAN,18,Nordland,68.28667,15.122683,9,Vestfjorden og Vesterålen,
27,2016,29116,Reiråklakken,rensefisk,,,222120,Rognkjeks (hun),36641,hele lokaliteten,1573,SMØLA,15,Møre og Romsdal,63.450333,8.167717,6,Nordmøre og Sør-Trøndelag,
27,2016,17357,Rennaren,medikamentell,badebehandling,Deltamethrin,,,,hele lokaliteten,1142,RENNESØY,11,Rogaland,59.131584,5.72165,2,Ryfylke,
27,2016,30657,Revøy,rensefisk,,,1691,Berggylt,1314,hele lokaliteten,1032,LYNGDAL,10,Vest-Agder,58.0243,7.0268,1,Svenskegrensen til Jæren,
27,2016,12003,Rossholmen N,rensefisk,,,1692,Annen leppefisk,6000,deler av lokaliteten,1142,RENNESØY,11,Rogaland,59.06428,5.722617,2,Ryfylke,
27,2016,11770,Rotøy,medikamentell,badebehandling,Annet virkestoff,,,,deler av lokaliteten,1259,ØYGARDEN,12,Hordaland,60.682533,4.760017,4,Nordhordaland til Stadt,
27,2016,12794,Rundklumpen,rensefisk,,,1691,Berggylt,6415,hele lokaliteten,1627,BJUGN,16,Sør-Trøndelag,63.8012,9.607983,6,Nordmøre og Sør-Trøndelag,
27,2016,12973,Saltkjelen I,rensefisk,,,1694,Grøngylt,3284,deler av lokaliteten,1238,KVAM,12,Hordaland,60.31815,6.183183,3,Karmøy til Sotra,
27,2016,12244,Setevika,medikamentell,fôrbehandling,Emamectin benzoat,,,,deler av lokaliteten,1545,MIDSUND,15,Møre og Romsdal,62.728065,6.939283,5,Stadt til Hustadvika,
27,2016,24115,Singsholmen,ikke-medikamentell,,,,,,deler av lokaliteten,1617,HITRA,16,Sør-Trøndelag,63.41975,8.411617,6,Nordmøre og Sør-Trøndelag,
27,2016,24115,Singsholmen,rensefisk,,,1693,Bergnebb,128,deler av lokaliteten,1617,HITRA,16,Sør-Trøndelag,63.41975,8.411617,6,Nordmøre og Sør-Trøndelag,
27,2016,24115,Singsholmen,rensefisk,,,222120,Rognkjeks (hun),3280,deler av lokaliteten,1617,HITRA,16,Sør-Trøndelag,63.41975,8.411617,6,Nordmøre og Sør-Trøndelag,
27,2016,13531,Skogshavn,medikamentell,badebehandling,Annet virkestoff,,,,hele lokaliteten,1926,DYRØY,19,Troms,69.09098,17.514784,10,Andøya til Senja,
27,2016,13531,Skogshavn,medikamentell,badebehandling,Azamethiphos,,,,hele lokaliteten,1926,DYRØY,19,Troms,69.09098,17.514784,10,Andøya til Senja,
27,2016,13531,Skogshavn,medikamentell,badebehandling,Deltamethrin,,,,hele lokaliteten,1926,DYRØY,19,Troms,69.09098,17.514784,10,Andøya til Senja,
27,2016,33157,Skogsholmen,ikke-medikamentell,,,,,,deler av lokaliteten,1815,VEGA,18,Nordland,65.83141,12.070533,8,Helgeland til Bodø,
27,2016,30997,Skrubbholmen,ikke-medikamentell,,,,,,hele lokaliteten,1751,NÆRØY,17,Nord-Trøndelag,64.801735,11.162183,7,Nord-Trøndelag med Bindal,
27,2016,11605,Soløy Ø,medikamentell,badebehandling,Hydrogenperoksid,,,,deler av lokaliteten,1222,FITJAR,12,Hordaland,59.90708,5.159833,3,Karmøy til Sotra,
27,2016,36017,Sørværet,medikamentell,fôrbehandling,Emamectin benzoat,,,,hele lokaliteten,1818,HERØY I NORDLAND,18,Nordland,65.88035,11.93045,8,Helgeland til Bodø,
27,2016,13708,Steinvik,ikke-medikamentell,,,,,,hele lokaliteten,1401,FLORA,14,Sogn og Fjordane,61.565266,5.31025,4,Nordhordaland til Stadt,
27,2016,10839,Store Kufjord,rensefisk,,,222120,Rognkjeks (hun),19610,hele lokaliteten,2012,ALTA,20,Finnmark,70.35332,23.079117,12,Vest-Finnmark,
27,2016,11492,Storevikholmen,ikke-medikamentell,,,,,,deler av lokaliteten,1222,FITJAR,12,Hordaland,59.83808,5.30565,3,Karmøy til Sotra,
27,2016,31338,Storskjeret,rensefisk,,,222120,Rognkjeks (hun),28020,deler av lokaliteten,1576,AURE,15,Møre og Romsdal,63.26985,8.228283,6,Nordmøre og Sør-Trøndelag,
27,2016,12081,Straumneset,medikamentell,badebehandling,Annet virkestoff,,,,deler av lokaliteten,1227,JONDAL,12,Hordaland,60.220966,6.139567,3,Karmøy til Sotra,
27,2016,11776,Sveholmane,ikke-medikamentell,,,,,,hele lokaliteten,1401,FLORA,14,Sogn og Fjordane,61.557716,5.215333,4,Nordhordaland til Stadt,
27,2016,22955,Svollandsneset,medikamentell,badebehandling,Annet virkestoff,,,,hele lokaliteten,1160,VINDAFJORD,11,Rogaland,59.684235,5.589717,3,Karmøy til Sotra,
27,2016,22955,Svollandsneset,ikke-medikamentell,,,,,,deler av lokaliteten,1160,VINDAFJORD,11,Rogaland,59.684235,5.589717,3,Karmøy til Sotra,
27,2016,12268,Terningen,ikke-medikamentell,,,,,,deler av lokaliteten,1545,MIDSUND,15,Møre og Romsdal,62.6431,6.54805,5,Stadt til Hustadvika,
27,2016,12662,Ternskjæret II,rensefisk,,,222120,Rognkjeks (hun),1655,deler av lokaliteten,1751,NÆRØY,17,Nord-Trøndelag,64.77713,11.639767,7,Nord-Trøndelag med Bindal,
27,2016,25815,Tittelsnes,medikamentell,badebehandling,Annet virkestoff,,,,hele lokaliteten,1216,SVEIO,12,Hordaland,59.723484,5.533483,3,Karmøy til Sotra,
27,2016,25815,Tittelsnes,medikamentell,badebehandling,Annet virkestoff,,,,hele lokaliteten,1216,SVEIO,12,Hordaland,59.723484,5.533483,3,Karmøy til Sotra,
27,2016,30837,Torangskjeret,rensefisk,,,1694,Grøngylt,4080,deler av lokaliteten,1244,AUSTEVOLL,12,Hordaland,60.130184,5.176033,3,Karmøy til Sotra,
27,2016,30837,Torangskjeret,rensefisk,,,1693,Bergnebb,1950,deler av lokaliteten,1244,AUSTEVOLL,12,Hordaland,60.130184,5.176033,3,Karmøy til Sotra,
27,2016,30837,Torangskjeret,rensefisk,,,1691,Berggylt,1100,deler av lokaliteten,1244,AUSTEVOLL,12,Hordaland,60.130184,5.176033,3,Karmøy til Sotra,
27,2016,14081,Tveit,medikamentell,badebehandling,Azamethiphos,,,,hele lokaliteten,1413,HYLLESTAD,14,Sogn og Fjordane,61.110085,5.340483,4,Nordhordaland til Stadt,
27,2016,14081,Tveit,medikamentell,badebehandling,Deltamethrin,,,,hele lokaliteten,1413,HYLLESTAD,14,Sogn og Fjordane,61.110085,5.340483,4,Nordhordaland til Stadt,
27,2016,29936,Ystadneset,rensefisk,,,1691,Berggylt,101,deler av lokaliteten,1224,KVINNHERAD,12,Hordaland,59.977932,5.77565,3,Karmøy til Sotra,
27,2016,29936,Ystadneset,rensefisk,,,1692,Annen leppefisk,3969,deler av lokaliteten,1224,KVINNHERAD,12,Hordaland,59.977932,5.77565,3,Karmøy til Sotra,
26,2016,13227,Altaneset,medikamentell,badebehandling,Annet virkestoff,,,,deler av lokaliteten,1241,FUSA,12,Hordaland,60.247116,5.63475,3,Karmøy til Sotra,
26,2016,32017,Ånholmen,medikamentell,badebehandling,Deltamethrin,,,,hele lokaliteten,1748,FOSNES,17,Nord-Trøndelag,64.7198,11.461683,7,Nord-Trøndelag med Bindal,
26,2016,11800,Austneståa,ikke-medikamentell,,,,,,deler av lokaliteten,1401,FLORA,14,Sogn og Fjordane,61.490818,5.171167,4,Nordhordaland til Stadt,
26,2016,23436,Bjørnholmen,medikamentell,badebehandling,Annet virkestoff,,,,deler av lokaliteten,1412,SOLUND,14,Sogn og Fjordane,61.20635,4.938083,4,Nordhordaland til Stadt,
26,2016,13284,Bollhaugen,medikamentell,badebehandling,Azamethiphos,,,,hele lokaliteten,1827,DØNNA,18,Nordland,66.11311,12.487683,8,Helgeland til Bodø,
26,2016,13284,Bollhaugen,medikamentell,badebehandling,Deltamethrin,,,,hele lokaliteten,1827,DØNNA,18,Nordland,66.11311,12.487683,8,Helgeland til Bodø,
26,2016,34897,Brandsfjorden,ikke-medikamentell,,,,,,deler av lokaliteten,1632,ROAN,16,Sør-Trøndelag,64.22307,10.279933,6,Nordmøre og Sør-Trøndelag,
26,2016,11015,Brattholmen,medikamentell,badebehandling,Annet virkestoff,,,,hele lokaliteten,1818,HERØY I NORDLAND,18,Nordland,65.90735,12.220967,8,Helgeland til Bodø,
26,2016,11015,Brattholmen,ikke-medikamentell,,,,,,deler av lokaliteten,1818,HERØY I NORDLAND,18,Nordland,65.90735,12.220967,8,Helgeland til Bodø,
26,2016,34197,Brennholmen,medikamentell,fôrbehandling,Emamectin benzoat,,,,deler av lokaliteten,1818,HERØY I NORDLAND,18,Nordland,65.978714,12.16355,8,Helgeland til Bodø,
26,2016,32457,Dalsvåg Nv,medikamentell,badebehandling,Deltamethrin,,,,deler av lokaliteten,1149,KARMØY,11,Rogaland,59.410816,5.21725,3,Karmøy til Sotra,
26,2016,12109,Ebne,rensefisk,,,2221,Rognkjeks (felles),30000,deler av lokaliteten,1211,ETNE,12,Hordaland,59.71443,5.8238,3,Karmøy til Sotra,
26,2016,11893,Fosså,medikamentell,fôrbehandling,Emamectin benzoat,,,,hele lokaliteten,1133,HJELMELAND,11,Rogaland,59.2699,6.14295,2,Ryfylke,
26,2016,12078,Gangdal,medikamentell,badebehandling,Annet virkestoff,,,,hele lokaliteten,1227,JONDAL,12,Hordaland,60.215935,6.156667,3,Karmøy til Sotra,
26,2016,31357,Geitryggen,medikamentell,badebehandling,Annet virkestoff,,,,deler av lokaliteten,1751,NÆRØY,17,Nord-Trøndelag,64.75085,11.189033,7,Nord-Trøndelag med Bindal,
26,2016,31357,Geitryggen,ikke-medikamentell,,,,,,hele lokaliteten,1751,NÆRØY,17,Nord-Trøndelag,64.75085,11.189033,7,Nord-Trøndelag med Bindal,
26,2016,11365,Gjervika,medikamentell,badebehandling,Annet virkestoff,,,,deler av lokaliteten,1927,TRANØY,19,Troms,69.050316,16.887266,10,Andøya til Senja,
26,2016,13886,Hallarøy V,rensefisk,,,1694,Grøngylt,921,deler av lokaliteten,1620,FRØYA,16,Sør-Trøndelag,63.998116,9.129283,6,Nordmøre og Sør-Trøndelag,
26,2016,13886,Hallarøy V,rensefisk,,,1691,Berggylt,3379,deler av lokaliteten,1620,FRØYA,16,Sør-Trøndelag,63.998116,9.129283,6,Nordmøre og Sør-Trøndelag,
26,2016,11318,Hallvardøy,medikamentell,fôrbehandling,Emamectin benzoat,,,,hele lokaliteten,1851,LØDINGEN,18,Nordland,68.37497,15.317333,9,Vestfjorden og Vesterålen,
26,2016,11740,Haverøy,medikamentell,badebehandling,Hydrogenperoksid,,,,deler av lokaliteten,1246,FJELL,12,Hordaland,60.404766,4.93995,3,Karmøy til Sotra,
26,2016,12590,Helligholmen,ikke-medikamentell,,,,,,hele lokaliteten,1750,VIKNA,17,Nord-Trøndelag,64.83839,10.665517,7,Nord-Trøndelag med Bindal,
26,2016,18015,Hestabyneset,rensefisk,,,222120,Rognkjeks (hun),4187,deler av lokaliteten,1223,TYSNES,12,Hordaland,59.954018,5.451667,3,Karmøy til Sotra,
26,2016,33797,Hidlekjerringa,medikamentell,badebehandling,Deltamethrin,,,,hele lokaliteten,1130,STRAND,11,Rogaland,59.067284,5.839383,2,Ryfylke,
26,2016,10300,Hillersvik,ikke-medikamentell,,,,,,deler av lokaliteten,1216,SVEIO,12,Hordaland,59.6084,5.311917,3,Karmøy til Sotra,
26,2016,13643,Hjartholm,medikamentell,badebehandling,Hydrogenperoksid,,,,hele lokaliteten,1411,GULEN,14,Sogn og Fjordane,61.03512,5.33105,4,Nordhordaland til Stadt,
26,2016,12035,Hondskår,medikamentell,badebehandling,Annet virkestoff,,,,hele lokaliteten,1224,KVINNHERAD,12,Hordaland,60.10687,5.939133,3,Karmøy til Sotra,
26,2016,33218,Hosenøyan,ikke-medikamentell,,,,,,deler av lokaliteten,1630,ÅFJORD,16,Sør-Trøndelag,64.08518,9.884683,6,Nordmøre og Sør-Trøndelag,
26,2016,33218,Hosenøyan,rensefisk,,,222120,Rognkjeks (hun),2993,deler av lokaliteten,1630,ÅFJORD,16,Sør-Trøndelag,64.08518,9.884683,6,Nordmøre og Sør-Trøndelag,
26,2016,13231,Høylandssund,ikke-medikamentell,,,,,,hele lokaliteten,1224,KVINNHERAD,12,Hordaland,59.77755,5.8298,3,Karmøy til Sotra,
26,2016,19939,Høysteinen,medikamentell,fôrbehandling,Emamectin benzoat,,,,hele lokaliteten,1224,KVINNHERAD,12,Hordaland,60.157417,6.050117,3,Karmøy til Sotra,
26,2016,13236,Indre Oppedal,medikamentell,badebehandling,Azamethiphos,,,,hele lokaliteten,1411,GULEN,14,Sogn og Fjordane,61.067883,5.563833,4,Nordhordaland til Stadt,
26,2016,13236,Indre Oppedal,medikamentell,badebehandling,Deltamethrin,,,,hele lokaliteten,1411,GULEN,14,Sogn og Fjordane,61.067883,5.563833,4,Nordhordaland til Stadt,
26,2016,13236,Indre Oppedal,ikke-medikamentell,,,,,,hele lokaliteten,1411,GULEN,14,Sogn og Fjordane,61.067883,5.563833,4,Nordhordaland til Stadt,
26,2016,14245,Jakobsteinsvika,medikamentell,fôrbehandling,Emamectin benzoat,,,,hele lokaliteten,1755,LEKA,17,Nord-Trøndelag,65.11265,11.792867,7,Nord-Trøndelag med Bindal,
26,2016,28976,Kelvesteinen,rensefisk,,,222120,Rognkjeks (hun),6676,deler av lokaliteten,1246,FJELL,12,Hordaland,60.4029,5.063717,3,Karmøy til Sotra,
26,2016,11913,Kjeahola,medikamentell,fôrbehandling,Emamectin benzoat,,,,hele lokaliteten,1141,FINNØY,11,Rogaland,59.2933,6.0729,2,Ryfylke,
26,2016,33577,Kjeholmen II,rensefisk,,,1693,Bergnebb,30685,hele lokaliteten,1003,FARSUND,10,Vest-Agder,58.06008,6.885683,1,Svenskegrensen til Jæren,
26,2016,26135,Kjørsvikgrunn,ikke-medikamentell,,,,,,deler av lokaliteten,1612,HEMNE,16,Sør-Trøndelag,63.457565,9.076,6,Nordmøre og Sør-Trøndelag,
26,2016,11763,Knappen,medikamentell,badebehandling,Annet virkestoff,,,,hele lokaliteten,1259,ØYGARDEN,12,Hordaland,60.5735,4.818517,4,Nordhordaland til Stadt,
26,2016,10113,Kobbavika,ikke-medikamentell,,,,,,hele lokaliteten,1141,FINNØY,11,Rogaland,59.12232,5.934433,2,Ryfylke,
26,2016,19195,Korsholman,medikamentell,badebehandling,Annet virkestoff,,,,hele lokaliteten,1617,HITRA,16,Sør-Trøndelag,63.597218,8.51575,6,Nordmøre og Sør-Trøndelag,
26,2016,12652,Kråkøya,medikamentell,fôrbehandling,Emamectin benzoat,,,,hele lokaliteten,1750,VIKNA,17,Nord-Trøndelag,65.00383,11.041483,7,Nord-Trøndelag med Bindal,
26,2016,18217,Kvaløy Øst,medikamentell,badebehandling,Deltamethrin,,,,deler av lokaliteten,1149,KARMØY,11,Rogaland,59.396633,5.171083,3,Karmøy til Sotra,
26,2016,22775,Kvaløya,ikke-medikamentell,,,,,,hele lokaliteten,1750,VIKNA,17,Nord-Trøndelag,65.001915,11.058617,7,Nord-Trøndelag med Bindal,
26,2016,32217,Kvernaneset,medikamentell,badebehandling,Annet virkestoff,,,,hele lokaliteten,1216,SVEIO,12,Hordaland,59.685318,5.4311,3,Karmøy til Sotra,
26,2016,11775,Kviteskjeret,ikke-medikamentell,,,,,,hele lokaliteten,1428,ASKVOLL,14,Sogn og Fjordane,61.467815,5.2203,4,Nordhordaland til Stadt,
26,2016,13234,Kysnes,medikamentell,badebehandling,Annet virkestoff,,,,hele lokaliteten,1227,JONDAL,12,Hordaland,60.19877,6.09685,3,Karmøy til Sotra,
26,2016,10898,Lamholmen,medikamentell,fôrbehandling,Emamectin benzoat,,,,deler av lokaliteten,1813,BRØNNØY,18,Nordland,65.47093,12.1338,8,Helgeland til Bodø,
26,2016,24715,Langholmen,medikamentell,badebehandling,Deltamethrin,,,,hele lokaliteten,1141,FINNØY,11,Rogaland,59.097282,5.835917,2,Ryfylke,
26,2016,24715,Langholmen,ikke-medikamentell,,,,,,hele lokaliteten,1141,FINNØY,11,Rogaland,59.097282,5.835917,2,Ryfylke,
26,2016,20559,Langskjæra,ikke-medikamentell,,,,,,hele lokaliteten,1620,FRØYA,16,Sør-Trøndelag,63.8225,8.75505,6,Nordmøre og Sør-Trøndelag,
26,2016,33557,Langskjæra II,ikke-medikamentell,,,,,,deler av lokaliteten,1620,FRØYA,16,Sør-Trøndelag,63.82245,8.74075,6,Nordmøre og Sør-Trøndelag,
26,2016,26675,Leirholmen,medikamentell,fôrbehandling,Emamectin benzoat,,,,hele lokaliteten,1834,LURØY,18,Nordland,66.3565,12.530117,8,Helgeland til Bodø,
26,2016,12392,Lille Torsøy,medikamentell,fôrbehandling,Emamectin benzoat,,,,deler av lokaliteten,1617,HITRA,16,Sør-Trøndelag,63.605633,8.48855,6,Nordmøre og Sør-Trøndelag,
26,2016,13549,Løypingneset,rensefisk,,,1691,Berggylt,16000,deler av lokaliteten,1438,BREMANGER,14,Sogn og Fjordane,61.819534,5.247667,4,Nordhordaland til Stadt,
26,2016,32057,Lyngøy,ikke-medikamentell,,,,,,deler av lokaliteten,1750,VIKNA,17,Nord-Trøndelag,64.81865,10.935217,7,Nord-Trøndelag med Bindal,
26,2016,13550,Marøy Nø,rensefisk,,,222120,Rognkjeks (hun),85000,deler av lokaliteten,1438,BREMANGER,14,Sogn og Fjordane,61.847935,5.295383,4,Nordhordaland til Stadt,
26,2016,11807,Marøytåa,ikke-medikamentell,,,,,,hele lokaliteten,1401,FLORA,14,Sogn og Fjordane,61.505882,5.1143,4,Nordhordaland til Stadt,
26,2016,26435,Mjølsvik,medikamentell,fôrbehandling,Emamectin benzoat,,,,deler av lokaliteten,1416,HØYANGER,14,Sogn og Fjordane,61.111584,6.0423,4,Nordhordaland til Stadt,
26,2016,34057,Mohamn,medikamentell,badebehandling,Azamethiphos,,,,hele lokaliteten,1926,DYRØY,19,Troms,69.12883,17.79755,10,Andøya til Senja,
26,2016,34057,Mohamn,medikamentell,badebehandling,Deltamethrin,,,,hele lokaliteten,1926,DYRØY,19,Troms,69.12883,17.79755,10,Andøya til Senja,
26,2016,29957,Nakkestad,rensefisk,,,1691,Berggylt,1180,hele lokaliteten,1032,LYNGDAL,10,Vest-Agder,58.055832,7.06875,1,Svenskegrensen til Jæren,
26,2016,10303,Nappeholmane,rensefisk,,,2221,Rognkjeks (felles),20000,hele lokaliteten,1219,BØMLO,12,Hordaland,59.743034,5.363783,3,Karmøy til Sotra,
26,2016,14495,Nordeimsøyna,medikamentell,badebehandling,Azamethiphos,,,,deler av lokaliteten,1141,FINNØY,11,Rogaland,59.28695,5.812483,2,Ryfylke,
26,2016,11129,Nordfugløy,medikamentell,badebehandling,Azamethiphos,,,,deler av lokaliteten,1838,GILDESKÅL,18,Nordland,67.083916,13.85685,8,Helgeland til Bodø,
26,2016,11129,Nordfugløy,medikamentell,badebehandling,Deltamethrin,,,,deler av lokaliteten,1838,GILDESKÅL,18,Nordland,67.083916,13.85685,8,Helgeland til Bodø,
26,2016,26315,Nordgjæslingan,ikke-medikamentell,,,,,,hele lokaliteten,1750,VIKNA,17,Nord-Trøndelag,64.7659,10.9128,7,Nord-Trøndelag med Bindal,
26,2016,31697,Oksen,ikke-medikamentell,,,,,,deler av lokaliteten,1246,FJELL,12,Hordaland,60.43382,4.9411,3,Karmøy til Sotra,
26,2016,28676,Olvika,rensefisk,,,2221,Rognkjeks (felles),12000,hele lokaliteten,1834,LURØY,18,Nordland,66.43864,13.1274,8,Helgeland til Bodø,
26,2016,17235,Ørnes,rensefisk,,,2221,Rognkjeks (felles),45290,hele lokaliteten,1834,LURØY,18,Nordland,66.42008,13.018033,8,Helgeland til Bodø,
26,2016,33417,Persflua,rensefisk,,,2221,Rognkjeks (felles),23149,hele lokaliteten,1627,BJUGN,16,Sør-Trøndelag,63.91345,9.826433,6,Nordmøre og Sør-Trøndelag,
26,2016,11688,Portevika,medikamentell,badebehandling,Annet virkestoff,,,,deler av lokaliteten,1413,HYLLESTAD,14,Sogn og Fjordane,61.18885,5.090017,4,Nordhordaland til Stadt,
26,2016,11651,Ramsøy S,ikke-medikamentell,,,,,,deler av lokaliteten,1247,ASKØY,12,Hordaland,60.434082,5.062733,3,Karmøy til Sotra,
26,2016,11651,Ramsøy S,rensefisk,,,222120,Rognkjeks (hun),20522,hele lokaliteten,1247,ASKØY,12,Hordaland,60.434082,5.062733,3,Karmøy til Sotra,
26,2016,32997,Raven,medikamentell,fôrbehandling,Emamectin benzoat,,,,hele lokaliteten,1865,VÅGAN,18,Nordland,68.28667,15.122683,9,Vestfjorden og Vesterålen,
26,2016,12209,Rønstad,medikamentell,badebehandling,Hydrogenperoksid,,,,deler av lokaliteten,1519,VOLDA,15,Møre og Romsdal,62.135117,6.021433,5,Stadt til Hustadvika,
26,2016,11856,Salvågvika,rensefisk,,,1691,Berggylt,1542,deler av lokaliteten,1004,FLEKKEFJORD,10,Vest-Agder,58.223434,6.63615,1,Svenskegrensen til Jæren,
26,2016,12244,Setevika,medikamentell,fôrbehandling,Emamectin benzoat,,,,deler av lokaliteten,1545,MIDSUND,15,Møre og Romsdal,62.728065,6.939283,5,Stadt til Hustadvika,
26,2016,24115,Singsholmen,ikke-medikamentell,,,,,,deler av lokaliteten,1617,HITRA,16,Sør-Trøndelag,63.41975,8.411617,6,Nordmøre og Sør-Trøndelag,
26,2016,24115,Singsholmen,rensefisk,,,1693,Bergnebb,68,deler av lokaliteten,1617,HITRA,16,Sør-Trøndelag,63.41975,8.411617,6,Nordmøre og Sør-Trøndelag,
26,2016,24115,Singsholmen,rensefisk,,,222120,Rognkjeks (hun),1996,deler av lokaliteten,1617,HITRA,16,Sør-Trøndelag,63.41975,8.411617,6,Nordmøre og Sør-Trøndelag,
26,2016,33157,Skogsholmen,ikke-medikamentell,,,,,,deler av lokaliteten,1815,VEGA,18,Nordland,65.83141,12.070533,8,Helgeland til Bodø,
26,2016,11737,Skorpa,ikke-medikamentell,,,,,,hele lokaliteten,1411,GULEN,14,Sogn og Fjordane,60.944233,4.882817,4,Nordhordaland til Stadt,
26,2016,28096,Slåttenes,medikamentell,badebehandling,Hydrogenperoksid,,,,deler av lokaliteten,1224,KVINNHERAD,12,Hordaland,59.83222,5.984267,3,Karmøy til Sotra,
26,2016,15375,Sørøyflesa,rensefisk,,,1694,Grøngylt,724,deler av lokaliteten,1620,FRØYA,16,Sør-Trøndelag,63.98405,9.057067,6,Nordmøre og Sør-Trøndelag,
26,2016,11486,Stokkavik,rensefisk,,,2221,Rognkjeks (felles),30000,hele lokaliteten,1219,BØMLO,12,Hordaland,59.7604,5.341183,3,Karmøy til Sotra,
26,2016,11649,Stolane,rensefisk,,,1691,Berggylt,118,deler av lokaliteten,1260,RADØY,12,Hordaland,60.605118,5.1257,4,Nordhordaland til Stadt,
26,2016,11492,Storevikholmen,ikke-medikamentell,,,,,,deler av lokaliteten,1222,FITJAR,12,Hordaland,59.83808,5.30565,3,Karmøy til Sotra,
26,2016,13593,Storfjell,medikamentell,fôrbehandling,Emamectin benzoat,,,,hele lokaliteten,1865,VÅGAN,18,Nordland,68.325264,15.2023,9,Vestfjorden og Vesterålen,
26,2016,11858,Støytland,rensefisk,,,1691,Berggylt,3380,hele lokaliteten,1004,FLEKKEFJORD,10,Vest-Agder,58.2316,6.628533,1,Svenskegrensen til Jæren,
26,2016,12081,Straumneset,medikamentell,badebehandling,Annet virkestoff,,,,hele lokaliteten,1227,JONDAL,12,Hordaland,60.220966,6.139567,3,Karmøy til Sotra,
26,2016,25815,Tittelsnes,medikamentell,badebehandling,Annet virkestoff,,,,hele lokaliteten,1216,SVEIO,12,Hordaland,59.723484,5.533483,3,Karmøy til Sotra,
26,2016,30837,Torangskjeret,rensefisk,,,1694,Grøngylt,760,deler av lokaliteten,1244,AUSTEVOLL,12,Hordaland,60.130184,5.176033,3,Karmøy til Sotra,
26,2016,30837,Torangskjeret,rensefisk,,,1693,Bergnebb,100,deler av lokaliteten,1244,AUSTEVOLL,12,Hordaland,60.130184,5.176033,3,Karmøy til Sotra,
26,2016,30837,Torangskjeret,rensefisk,,,1691,Berggylt,50,deler av lokaliteten,1244,AUSTEVOLL,12,Hordaland,60.130184,5.176033,3,Karmøy til Sotra,
26,2016,10090,Trellevika,ikke-medikamentell,,,,,,hele lokaliteten,1428,ASKVOLL,14,Sogn og Fjordane,61.370384,5.0185,4,Nordhordaland til Stadt,
26,2016,13837,Verpeide,medikamentell,badebehandling,Annet virkestoff,,,,hele lokaliteten,1439,VÅGSØY,14,Sogn og Fjordane,61.902954,5.207967,4,Nordhordaland til Stadt,
26,2016,13837,Verpeide,ikke-medikamentell,,,,,,hele lokaliteten,1439,VÅGSØY,14,Sogn og Fjordane,61.902954,5.207967,4,Nordhordaland til Stadt,
25,2016,32017,Ånholmen,medikamentell,badebehandling,Deltamethrin,,,,hele lokaliteten,1748,FOSNES,17,Nord-Trøndelag,64.7198,11.461683,7,Nord-Trøndelag med Bindal,
25,2016,20396,Bergsnes V,medikamentell,badebehandling,Annet virkestoff,,,,hele lokaliteten,2012,ALTA,20,Finnmark,70.22971,23.336117,12,Vest-Finnmark,
25,2016,11930,Bjelkavik,medikamentell,badebehandling,Deltamethrin,,,,hele lokaliteten,1134,SULDAL,11,Rogaland,59.45165,5.991917,2,Ryfylke,
25,2016,23436,Bjørnholmen,medikamentell,badebehandling,Annet virkestoff,,,,deler av lokaliteten,1412,SOLUND,14,Sogn og Fjordane,61.20635,4.938083,4,Nordhordaland til Stadt,
25,2016,11015,Brattholmen,medikamentell,badebehandling,Annet virkestoff,,,,deler av lokaliteten,1818,HERØY I NORDLAND,18,Nordland,65.90735,12.220967,8,Helgeland til Bodø,
25,2016,11015,Brattholmen,medikamentell,badebehandling,Azamethiphos,,,,deler av lokaliteten,1818,HERØY I NORDLAND,18,Nordland,65.90735,12.220967,8,Helgeland til Bodø,
25,2016,11015,Brattholmen,medikamentell,badebehandling,Deltamethrin,,,,deler av lokaliteten,1818,HERØY I NORDLAND,18,Nordland,65.90735,12.220967,8,Helgeland til Bodø,
25,2016,11015,Brattholmen,ikke-medikamentell,,,,,,deler av lokaliteten,1818,HERØY I NORDLAND,18,Nordland,65.90735,12.220967,8,Helgeland til Bodø,
25,2016,34197,Brennholmen,medikamentell,fôrbehandling,Emamectin benzoat,,,,deler av lokaliteten,1818,HERØY I NORDLAND,18,Nordland,65.978714,12.16355,8,Helgeland til Bodø,
25,2016,27976,Bukkholmen,medikamentell,badebehandling,Azamethiphos,,,,hele lokaliteten,1820,ALSTAHAUG,18,Nordland,65.9184,12.244683,8,Helgeland til Bodø,
25,2016,27976,Bukkholmen,medikamentell,badebehandling,Deltamethrin,,,,hele lokaliteten,1820,ALSTAHAUG,18,Nordland,65.9184,12.244683,8,Helgeland til Bodø,
25,2016,33077,Elveneset,ikke-medikamentell,,,,,,hele lokaliteten,1413,HYLLESTAD,14,Sogn og Fjordane,61.206,5.131733,4,Nordhordaland til Stadt,
25,2016,24575,Farmannsøya,ikke-medikamentell,,,,,,deler av lokaliteten,1632,ROAN,16,Sør-Trøndelag,64.18452,10.1222,6,Nordmøre og Sør-Trøndelag,
25,2016,11893,Fosså,medikamentell,fôrbehandling,Emamectin benzoat,,,,hele lokaliteten,1133,HJELMELAND,11,Rogaland,59.2699,6.14295,2,Ryfylke,
25,2016,12078,Gangdal,medikamentell,badebehandling,Annet virkestoff,,,,hele lokaliteten,1227,JONDAL,12,Hordaland,60.215935,6.156667,3,Karmøy til Sotra,
25,2016,32037,Grasholman,medikamentell,fôrbehandling,Emamectin benzoat,,,,deler av lokaliteten,1834,LURØY,18,Nordland,66.34873,12.779417,8,Helgeland til Bodø,
25,2016,12435,Grøttingsøy,medikamentell,badebehandling,Annet virkestoff,,,,deler av lokaliteten,1620,FRØYA,16,Sør-Trøndelag,63.879684,8.543767,6,Nordmøre og Sør-Trøndelag,
25,2016,12265,Gudmundset,ikke-medikamentell,,,,,,deler av lokaliteten,1529,SKODJE,15,Møre og Romsdal,62.4527,6.602483,5,Stadt til Hustadvika,
25,2016,10318,Gulestø,medikamentell,fôrbehandling,Emamectin benzoat,,,,deler av lokaliteten,1438,BREMANGER,14,Sogn og Fjordane,61.75802,5.069883,4,Nordhordaland til Stadt,
25,2016,11318,Hallvardøy,medikamentell,fôrbehandling,Emamectin benzoat,,,,hele lokaliteten,1851,LØDINGEN,18,Nordland,68.37497,15.317333,9,Vestfjorden og Vesterålen,
25,2016,11511,Hattasteinen,ikke-medikamentell,,,,,,hele lokaliteten,1219,BØMLO,12,Hordaland,59.626266,5.250717,3,Karmøy til Sotra,
25,2016,10194,Hellaren,medikamentell,fôrbehandling,Emamectin benzoat,,,,hele lokaliteten,1545,MIDSUND,15,Møre og Romsdal,62.735832,6.74745,5,Stadt til Hustadvika,
25,2016,13119,Hesten,rensefisk,,,2221,Rognkjeks (felles),19553,deler av lokaliteten,2012,ALTA,20,Finnmark,70.23785,23.4112,12,Vest-Finnmark,
25,2016,10291,Hiskholmen,rensefisk,,,1694,Grøngylt,15000,hele lokaliteten,1219,BØMLO,12,Hordaland,59.72663,5.145617,3,Karmøy til Sotra,
25,2016,10291,Hiskholmen,rensefisk,,,1693,Bergnebb,10000,hele lokaliteten,1219,BØMLO,12,Hordaland,59.72663,5.145617,3,Karmøy til Sotra,
25,2016,13643,Hjartholm,medikamentell,badebehandling,Hydrogenperoksid,,,,deler av lokaliteten,1411,GULEN,14,Sogn og Fjordane,61.03512,5.33105,4,Nordhordaland til Stadt,
25,2016,33218,Hosenøyan,ikke-medikamentell,,,,,,deler av lokaliteten,1630,ÅFJORD,16,Sør-Trøndelag,64.08518,9.884683,6,Nordmøre og Sør-Trøndelag,
25,2016,19939,Høysteinen,medikamentell,fôrbehandling,Emamectin benzoat,,,,hele lokaliteten,1224,KVINNHERAD,12,Hordaland,60.157417,6.050117,3,Karmøy til Sotra,
25,2016,14245,Jakobsteinsvika,medikamentell,fôrbehandling,Emamectin benzoat,,,,hele lokaliteten,1755,LEKA,17,Nord-Trøndelag,65.11265,11.792867,7,Nord-Trøndelag med Bindal,
25,2016,15118,Kalvøya,medikamentell,fôrbehandling,Annet virkestoff,,,,hele lokaliteten,1834,LURØY,18,Nordland,66.39365,12.79975,8,Helgeland til Bodø,
25,2016,28976,Kelvesteinen,ikke-medikamentell,,,,,,deler av lokaliteten,1246,FJELL,12,Hordaland,60.4029,5.063717,3,Karmøy til Sotra,
25,2016,11913,Kjeahola,medikamentell,fôrbehandling,Emamectin benzoat,,,,hele lokaliteten,1141,FINNØY,11,Rogaland,59.2933,6.0729,2,Ryfylke,
25,2016,33577,Kjeholmen II,rensefisk,,,1693,Bergnebb,30685,hele lokaliteten,1003,FARSUND,10,Vest-Agder,58.06008,6.885683,1,Svenskegrensen til Jæren,
25,2016,12652,Kråkøya,medikamentell,fôrbehandling,Emamectin benzoat,,,,hele lokaliteten,1750,VIKNA,17,Nord-Trøndelag,65.00383,11.041483,7,Nord-Trøndelag med Bindal,
25,2016,18217,Kvaløy Øst,rensefisk,,,1693,Bergnebb,1027,deler av lokaliteten,1149,KARMØY,11,Rogaland,59.396633,5.171083,3,Karmøy til Sotra,
25,2016,18217,Kvaløy Øst,rensefisk,,,1694,Grøngylt,6380,deler av lokaliteten,1149,KARMØY,11,Rogaland,59.396633,5.171083,3,Karmøy til Sotra,
25,2016,22775,Kvaløya,ikke-medikamentell,,,,,,hele lokaliteten,1750,VIKNA,17,Nord-Trøndelag,65.001915,11.058617,7,Nord-Trøndelag med Bindal,
25,2016,30076,Kyrøyene,ikke-medikamentell,,,,,,deler av lokaliteten,1750,VIKNA,17,Nord-Trøndelag,64.764015,10.806633,7,Nord-Trøndelag med Bindal,
25,2016,13234,Kysnes,medikamentell,badebehandling,Annet virkestoff,,,,hele lokaliteten,1227,JONDAL,12,Hordaland,60.19877,6.09685,3,Karmøy til Sotra,
25,2016,10898,Lamholmen,medikamentell,fôrbehandling,Emamectin benzoat,,,,deler av lokaliteten,1813,BRØNNØY,18,Nordland,65.47093,12.1338,8,Helgeland til Bodø,
25,2016,10898,Lamholmen,medikamentell,fôrbehandling,Emamectin benzoat,,,,deler av lokaliteten,1813,BRØNNØY,18,Nordland,65.47093,12.1338,8,Helgeland til Bodø,
25,2016,24715,Langholmen,medikamentell,badebehandling,Annet virkestoff,,,,hele lokaliteten,1141,FINNØY,11,Rogaland,59.097282,5.835917,2,Ryfylke,
25,2016,11116,Langholmen,medikamentell,fôrbehandling,Emamectin benzoat,,,,deler av lokaliteten,1838,GILDESKÅL,18,Nordland,67.05783,14.025333,8,Helgeland til Bodø,
25,2016,12380,Langøya/Kvaløya,ikke-medikamentell,,,,,,hele lokaliteten,1620,FRØYA,16,Sør-Trøndelag,63.791096,8.60728,6,Nordmøre og Sør-Trøndelag,
25,2016,33557,Langskjæra II,ikke-medikamentell,,,,,,deler av lokaliteten,1620,FRØYA,16,Sør-Trøndelag,63.82245,8.74075,6,Nordmøre og Sør-Trøndelag,
25,2016,11350,Lavika,medikamentell,fôrbehandling,Emamectin benzoat,,,,hele lokaliteten,1928,TORSKEN,19,Troms,69.25753,17.0887,10,Andøya til Senja,
25,2016,12392,Lille Torsøy,medikamentell,fôrbehandling,Emamectin benzoat,,,,hele lokaliteten,1617,HITRA,16,Sør-Trøndelag,63.605633,8.48855,6,Nordmøre og Sør-Trøndelag,
25,2016,32057,Lyngøy,ikke-medikamentell,,,,,,deler av lokaliteten,1750,VIKNA,17,Nord-Trøndelag,64.81865,10.935217,7,Nord-Trøndelag med Bindal,
25,2016,12134,Maradalen,ikke-medikamentell,,,,,,hele lokaliteten,1224,KVINNHERAD,12,Hordaland,59.76077,5.686767,3,Karmøy til Sotra,
25,2016,10447,Mefaldskjæret,medikamentell,badebehandling,Azamethiphos,,,,hele lokaliteten,1820,ALSTAHAUG,18,Nordland,65.85145,12.2872,8,Helgeland til Bodø,
25,2016,10447,Mefaldskjæret,medikamentell,badebehandling,Deltamethrin,,,,hele lokaliteten,1820,ALSTAHAUG,18,Nordland,65.85145,12.2872,8,Helgeland til Bodø,
25,2016,21397,Midt- Femris,medikamentell,fôrbehandling,Emamectin benzoat,,,,hele lokaliteten,1838,GILDESKÅL,18,Nordland,67.033165,13.96735,8,Helgeland til Bodø,
25,2016,26435,Mjølsvik,medikamentell,fôrbehandling,Emamectin benzoat,,,,hele lokaliteten,1416,HØYANGER,14,Sogn og Fjordane,61.111584,6.0423,4,Nordhordaland til Stadt,
25,2016,26435,Mjølsvik,medikamentell,fôrbehandling,Emamectin benzoat,,,,deler av lokaliteten,1416,HØYANGER,14,Sogn og Fjordane,61.111584,6.0423,4,Nordhordaland til Stadt,
25,2016,29957,Nakkestad,rensefisk,,,1691,Berggylt,1180,hele lokaliteten,1032,LYNGDAL,10,Vest-Agder,58.055832,7.06875,1,Svenskegrensen til Jæren,
25,2016,34477,Nausttaren,medikamentell,fôrbehandling,Emamectin benzoat,,,,hele lokaliteten,1633,OSEN,16,Sør-Trøndelag,64.389565,10.512533,6,Nordmøre og Sør-Trøndelag,
25,2016,26315,Nordgjæslingan,medikamentell,badebehandling,Hydrogenperoksid,,,,deler av lokaliteten,1750,VIKNA,17,Nord-Trøndelag,64.7659,10.9128,7,Nord-Trøndelag med Bindal,
25,2016,10841,Pollen,medikamentell,badebehandling,Hydrogenperoksid,,,,deler av lokaliteten,2012,ALTA,20,Finnmark,70.34088,22.804867,12,Vest-Finnmark,
25,2016,11688,Portevika,medikamentell,badebehandling,Annet virkestoff,,,,deler av lokaliteten,1413,HYLLESTAD,14,Sogn og Fjordane,61.18885,5.090017,4,Nordhordaland til Stadt,
25,2016,11972,Prestholmane,medikamentell,badebehandling,Annet virkestoff,,,,hele lokaliteten,1141,FINNØY,11,Rogaland,59.116768,5.8545,2,Ryfylke,
25,2016,11651,Ramsøy S,ikke-medikamentell,,,,,,deler av lokaliteten,1247,ASKØY,12,Hordaland,60.434082,5.062733,3,Karmøy til Sotra,
25,2016,11770,Rotøy,medikamentell,fôrbehandling,Emamectin benzoat,,,,hele lokaliteten,1259,ØYGARDEN,12,Hordaland,60.682533,4.760017,4,Nordhordaland til Stadt,
25,2016,34857,Salatskjæra,ikke-medikamentell,,,,,,deler av lokaliteten,1620,FRØYA,16,Sør-Trøndelag,63.90485,8.589133,6,Nordmøre og Sør-Trøndelag,
25,2016,11856,Salvågvika,rensefisk,,,1691,Berggylt,1200,deler av lokaliteten,1004,FLEKKEFJORD,10,Vest-Agder,58.223434,6.63615,1,Svenskegrensen til Jæren,
25,2016,11758,Sauøy Ø,ikke-medikamentell,,,,,,deler av lokaliteten,1259,ØYGARDEN,12,Hordaland,60.592335,4.857833,4,Nordhordaland til Stadt,
25,2016,13706,Seljeset,medikamentell,fôrbehandling,Emamectin benzoat,,,,hele lokaliteten,1401,FLORA,14,Sogn og Fjordane,61.580868,5.243233,4,Nordhordaland til Stadt,
25,2016,19635,Skatleia,medikamentell,fôrbehandling,Emamectin benzoat,,,,hele lokaliteten,1867,BØ I NORDLAND,18,Nordland,68.8001,14.593767,9,Vestfjorden og Vesterålen,
25,2016,13531,Skogshavn,medikamentell,badebehandling,Hydrogenperoksid,,,,deler av lokaliteten,1926,DYRØY,19,Troms,69.09098,17.514784,10,Andøya til Senja,
25,2016,11737,Skorpa,ikke-medikamentell,,,,,,hele lokaliteten,1411,GULEN,14,Sogn og Fjordane,60.944233,4.882817,4,Nordhordaland til Stadt,
25,2016,12108,Skorpo Nv,rensefisk,,,222120,Rognkjeks (hun),29409,deler av lokaliteten,1224,KVINNHERAD,12,Hordaland,59.95323,5.827133,3,Karmøy til Sotra,
25,2016,12192,Skorva,rensefisk,,,1691,Berggylt,10021,hele lokaliteten,1428,ASKVOLL,14,Sogn og Fjordane,61.467117,5.3136,4,Nordhordaland til Stadt,
25,2016,13593,Storfjell,medikamentell,fôrbehandling,Emamectin benzoat,,,,hele lokaliteten,1865,VÅGAN,18,Nordland,68.325264,15.2023,9,Vestfjorden og Vesterålen,
25,2016,24535,Storholmen,medikamentell,badebehandling,Annet virkestoff,,,,deler av lokaliteten,2012,ALTA,20,Finnmark,70.34161,23.392467,12,Vest-Finnmark,
25,2016,10311,Storlia,ikke-medikamentell,,,,,,hele lokaliteten,1413,HYLLESTAD,14,Sogn og Fjordane,61.201717,5.170933,4,Nordhordaland til Stadt,
25,2016,12081,Straumneset,medikamentell,badebehandling,Annet virkestoff,,,,hele lokaliteten,1227,JONDAL,12,Hordaland,60.220966,6.139567,3,Karmøy til Sotra,
25,2016,11312,Svartfjell,rensefisk,,,2221,Rognkjeks (felles),4281,deler av lokaliteten,1848,STEIGEN,18,Nordland,67.93948,15.503168,9,Vestfjorden og Vesterålen,
25,2016,10091,Vågsøya,rensefisk,,,1691,Berggylt,29800,hele lokaliteten,1401,FLORA,14,Sogn og Fjordane,61.489735,5.023517,4,Nordhordaland til Stadt,
25,2016,13837,Verpeide,medikamentell,badebehandling,Annet virkestoff,,,,hele lokaliteten,1439,VÅGSØY,14,Sogn og Fjordane,61.902954,5.207967,4,Nordhordaland til Stadt,
25,2016,13837,Verpeide,ikke-medikamentell,,,,,,deler av lokaliteten,1439,VÅGSØY,14,Sogn og Fjordane,61.902954,5.207967,4,Nordhordaland til Stadt,
25,2016,19235,Vindvika,medikamentell,fôrbehandling,Emamectin benzoat,,,,deler av lokaliteten,1804,BODØ,18,Nordland,67.533165,15.165583,9,Vestfjorden og Vesterålen,
24,2016,15196,Aga Ø,ikke-medikamentell,,,,,,deler av lokaliteten,1219,BØMLO,12,Hordaland,59.8451,5.261367,3,Karmøy til Sotra,
24,2016,10319,Ålvora,medikamentell,fôrbehandling,Emamectin benzoat,,,,hele lokaliteten,1401,FLORA,14,Sogn og Fjordane,61.584034,5.133633,4,Nordhordaland til Stadt,
24,2016,29816,Apalvikneset,medikamentell,fôrbehandling,Emamectin benzoat,,,,deler av lokaliteten,1227,JONDAL,12,Hordaland,60.146217,6.121133,3,Karmøy til Sotra,
24,2016,24695,Årnes,medikamentell,fôrbehandling,Emamectin benzoat,,,,hele lokaliteten,1703,NAMSOS,17,Nord-Trøndelag,64.5961,11.273417,7,Nord-Trøndelag med Bindal,
24,2016,12357,Aursøysva,rensefisk,,,1691,Berggylt,1540,hele lokaliteten,1620,FRØYA,16,Sør-Trøndelag,63.801968,8.910767,6,Nordmøre og Sør-Trøndelag,
24,2016,31877,Barøya,medikamentell,fôrbehandling,Emamectin benzoat,,,,hele lokaliteten,1703,NAMSOS,17,Nord-Trøndelag,64.6206,11.233183,7,Nord-Trøndelag med Bindal,
24,2016,23436,Bjørnholmen,medikamentell,badebehandling,Annet virkestoff,,,,deler av lokaliteten,1412,SOLUND,14,Sogn og Fjordane,61.20635,4.938083,4,Nordhordaland til Stadt,
24,2016,23436,Bjørnholmen,medikamentell,fôrbehandling,Diflubenzuron,,,,hele lokaliteten,1412,SOLUND,14,Sogn og Fjordane,61.20635,4.938083,4,Nordhordaland til Stadt,
24,2016,10256,Bondøya,medikamentell,badebehandling,Azamethiphos,,,,deler av lokaliteten,1750,VIKNA,17,Nord-Trøndelag,64.81715,10.7425,7,Nord-Trøndelag med Bindal,
24,2016,10256,Bondøya,medikamentell,badebehandling,Deltamethrin,,,,deler av lokaliteten,1750,VIKNA,17,Nord-Trøndelag,64.81715,10.7425,7,Nord-Trøndelag med Bindal,
24,2016,12237,Brudevika,rensefisk,,,1691,Berggylt,28130,hele lokaliteten,1511,VANYLVEN,15,Møre og Romsdal,62.116566,5.420717,5,Stadt til Hustadvika,
24,2016,33537,Buholmen,rensefisk,,,222120,Rognkjeks (hun),22733,hele lokaliteten,1632,ROAN,16,Sør-Trøndelag,64.1569,10.008917,6,Nordmøre og Sør-Trøndelag,
24,2016,13229,Djupedalen,medikamentell,badebehandling,Annet virkestoff,,,,hele lokaliteten,1241,FUSA,12,Hordaland,60.230865,5.6733,3,Karmøy til Sotra,
24,2016,26595,Djupevika,ikke-medikamentell,,,,,,deler av lokaliteten,1223,TYSNES,12,Hordaland,60.035816,5.342217,3,Karmøy til Sotra,
24,2016,12128,Dyrnes,ikke-medikamentell,,,,,,hele lokaliteten,1224,KVINNHERAD,12,Hordaland,59.71765,5.72205,3,Karmøy til Sotra,
24,2016,13870,Eikebærånæ,medikamentell,fôrbehandling,Emamectin benzoat,,,,hele lokaliteten,1263,LINDÅS,12,Hordaland,60.563435,5.353017,4,Nordhordaland til Stadt,
24,2016,24575,Farmannsøya,ikke-medikamentell,,,,,,deler av lokaliteten,1632,ROAN,16,Sør-Trøndelag,64.18452,10.1222,6,Nordmøre og Sør-Trøndelag,
24,2016,26775,Fjølværet Ø,ikke-medikamentell,,,,,,hele lokaliteten,1620,FRØYA,16,Sør-Trøndelag,63.819233,8.636133,6,Nordmøre og Sør-Trøndelag,
24,2016,13058,Fusavika,medikamentell,badebehandling,Annet virkestoff,,,,hele lokaliteten,1241,FUSA,12,Hordaland,60.207634,5.613817,3,Karmøy til Sotra,
24,2016,12078,Gangdal,medikamentell,badebehandling,Annet virkestoff,,,,hele lokaliteten,1227,JONDAL,12,Hordaland,60.215935,6.156667,3,Karmøy til Sotra,
24,2016,11667,Gardskråneset,ikke-medikamentell,,,,,,hele lokaliteten,1259,ØYGARDEN,12,Hordaland,60.53972,4.903867,4,Nordhordaland til Stadt,
24,2016,31357,Geitryggen,medikamentell,badebehandling,Annet virkestoff,,,,deler av lokaliteten,1751,NÆRØY,17,Nord-Trøndelag,64.75085,11.189033,7,Nord-Trøndelag med Bindal,
24,2016,33617,Gjerde,rensefisk,,,222120,Rognkjeks (hun),22503,hele lokaliteten,1576,AURE,15,Møre og Romsdal,63.299618,8.4183,6,Nordmøre og Sør-Trøndelag,
24,2016,11365,Gjervika,medikamentell,badebehandling,Hydrogenperoksid,,,,deler av lokaliteten,1927,TRANØY,19,Troms,69.050316,16.887266,10,Andøya til Senja,
24,2016,12435,Grøttingsøy,medikamentell,badebehandling,Annet virkestoff,,,,deler av lokaliteten,1620,FRØYA,16,Sør-Trøndelag,63.879684,8.543767,6,Nordmøre og Sør-Trøndelag,
24,2016,17177,Grunneneset,ikke-medikamentell,,,,,,hele lokaliteten,1438,BREMANGER,14,Sogn og Fjordane,61.89385,5.34825,4,Nordhordaland til Stadt,
24,2016,10318,Gulestø,medikamentell,fôrbehandling,Emamectin benzoat,,,,hele lokaliteten,1438,BREMANGER,14,Sogn og Fjordane,61.75802,5.069883,4,Nordhordaland til Stadt,
24,2016,32317,Guriøyna,medikamentell,fôrbehandling,Emamectin benzoat,,,,hele lokaliteten,1428,ASKVOLL,14,Sogn og Fjordane,61.297916,4.66045,4,Nordhordaland til Stadt,
24,2016,32317,Guriøyna,medikamentell,fôrbehandling,Emamectin benzoat,,,,hele lokaliteten,1428,ASKVOLL,14,Sogn og Fjordane,61.297916,4.66045,4,Nordhordaland til Stadt,
24,2016,32317,Guriøyna,medikamentell,fôrbehandling,Emamectin benzoat,,,,hele lokaliteten,1428,ASKVOLL,14,Sogn og Fjordane,61.297916,4.66045,4,Nordhordaland til Stadt,
24,2016,11783,Hella,ikke-medikamentell,,,,,,deler av lokaliteten,1428,ASKVOLL,14,Sogn og Fjordane,61.40663,5.080817,4,Nordhordaland til Stadt,
24,2016,12590,Helligholmen,ikke-medikamentell,,,,,,hele lokaliteten,1750,VIKNA,17,Nord-Trøndelag,64.83839,10.665517,7,Nord-Trøndelag med Bindal,
24,2016,13235,Hessvik,medikamentell,fôrbehandling,Emamectin benzoat,,,,hele lokaliteten,1224,KVINNHERAD,12,Hordaland,60.127934,6.149933,3,Karmøy til Sotra,
24,2016,13643,Hjartholm,medikamentell,badebehandling,Hydrogenperoksid,,,,deler av lokaliteten,1411,GULEN,14,Sogn og Fjordane,61.03512,5.33105,4,Nordhordaland til Stadt,
24,2016,33957,Hofsøya,medikamentell,fôrbehandling,Emamectin benzoat,,,,hele lokaliteten,1620,FRØYA,16,Sør-Trøndelag,63.722168,8.913317,6,Nordmøre og Sør-Trøndelag,
24,2016,33218,Hosenøyan,rensefisk,,,222120,Rognkjeks (hun),15397,deler av lokaliteten,1630,ÅFJORD,16,Sør-Trøndelag,64.08518,9.884683,6,Nordmøre og Sør-Trøndelag,
24,2016,31517,Kamholmen,rensefisk,,,1691,Berggylt,1900,hele lokaliteten,1620,FRØYA,16,Sør-Trøndelag,63.762417,8.882933,6,Nordmøre og Sør-Trøndelag,
24,2016,28976,Kelvesteinen,ikke-medikamentell,,,,,,deler av lokaliteten,1246,FJELL,12,Hordaland,60.4029,5.063717,3,Karmøy til Sotra,
24,2016,11913,Kjeahola,rensefisk,,,1691,Berggylt,20141,deler av lokaliteten,1141,FINNØY,11,Rogaland,59.2933,6.0729,2,Ryfylke,
24,2016,33577,Kjeholmen II,rensefisk,,,1693,Bergnebb,30685,hele lokaliteten,1003,FARSUND,10,Vest-Agder,58.06008,6.885683,1,Svenskegrensen til Jæren,
24,2016,12294,Kjerstad,ikke-medikamentell,,,,,,deler av lokaliteten,1534,HARAM,15,Møre og Romsdal,62.622368,6.224883,5,Stadt til Hustadvika,
24,2016,11763,Knappen,medikamentell,badebehandling,Annet virkestoff,,,,deler av lokaliteten,1259,ØYGARDEN,12,Hordaland,60.5735,4.818517,4,Nordhordaland til Stadt,
24,2016,30297,Krabbholmen,rensefisk,,,222120,Rognkjeks (hun),8851,hele lokaliteten,1630,ÅFJORD,16,Sør-Trøndelag,63.94438,9.880667,6,Nordmøre og Sør-Trøndelag,
24,2016,33177,Krabbholmen II,rensefisk,,,222120,Rognkjeks (hun),7240,hele lokaliteten,1630,ÅFJORD,16,Sør-Trøndelag,63.9399,9.88575,6,Nordmøre og Sør-Trøndelag,
24,2016,22775,Kvaløya,medikamentell,fôrbehandling,Emamectin benzoat,,,,hele lokaliteten,1750,VIKNA,17,Nord-Trøndelag,65.001915,11.058617,7,Nord-Trøndelag med Bindal,
24,2016,20576,Kvanntoneset,medikamentell,badebehandling,Azamethiphos,,,,hele lokaliteten,1920,LAVANGEN,19,Troms,68.81237,17.52025,10,Andøya til Senja,
24,2016,20576,Kvanntoneset,medikamentell,badebehandling,Deltamethrin,,,,hele lokaliteten,1920,LAVANGEN,19,Troms,68.81237,17.52025,10,Andøya til Senja,
24,2016,32217,Kvernaneset,medikamentell,badebehandling,Annet virkestoff,,,,deler av lokaliteten,1216,SVEIO,12,Hordaland,59.685318,5.4311,3,Karmøy til Sotra,
24,2016,30076,Kyrøyene,ikke-medikamentell,,,,,,deler av lokaliteten,1750,VIKNA,17,Nord-Trøndelag,64.764015,10.806633,7,Nord-Trøndelag med Bindal,
24,2016,13234,Kysnes,medikamentell,badebehandling,Annet virkestoff,,,,hele lokaliteten,1227,JONDAL,12,Hordaland,60.19877,6.09685,3,Karmøy til Sotra,
24,2016,10898,Lamholmen,medikamentell,fôrbehandling,Emamectin benzoat,,,,deler av lokaliteten,1813,BRØNNØY,18,Nordland,65.47093,12.1338,8,Helgeland til Bodø,
24,2016,10898,Lamholmen,medikamentell,fôrbehandling,Emamectin benzoat,,,,deler av lokaliteten,1813,BRØNNØY,18,Nordland,65.47093,12.1338,8,Helgeland til Bodø,
24,2016,24715,Langholmen,medikamentell,badebehandling,Annet virkestoff,,,,hele lokaliteten,1141,FINNØY,11,Rogaland,59.097282,5.835917,2,Ryfylke,
24,2016,11116,Langholmen,ikke-medikamentell,,,,,,deler av lokaliteten,1838,GILDESKÅL,18,Nordland,67.05783,14.025333,8,Helgeland til Bodø,
24,2016,11438,Lauplandsholmen,medikamentell,badebehandling,Hydrogenperoksid,,,,deler av lokaliteten,1145,BOKN,11,Rogaland,59.179733,5.472633,2,Ryfylke,
24,2016,11438,Lauplandsholmen,medikamentell,badebehandling,Hydrogenperoksid,,,,deler av lokaliteten,1145,BOKN,11,Rogaland,59.179733,5.472633,2,Ryfylke,
24,2016,11350,Lavika,medikamentell,fôrbehandling,Emamectin benzoat,,,,hele lokaliteten,1928,TORSKEN,19,Troms,69.25753,17.0887,10,Andøya til Senja,
24,2016,12392,Lille Torsøy,medikamentell,fôrbehandling,Emamectin benzoat,,,,hele lokaliteten,1617,HITRA,16,Sør-Trøndelag,63.605633,8.48855,6,Nordmøre og Sør-Trøndelag,
24,2016,29056,Lille Torsøy II,medikamentell,fôrbehandling,Emamectin benzoat,,,,hele lokaliteten,1617,HITRA,16,Sør-Trøndelag,63.60803,8.494633,6,Nordmøre og Sør-Trøndelag,
24,2016,32057,Lyngøy,ikke-medikamentell,,,,,,deler av lokaliteten,1750,VIKNA,17,Nord-Trøndelag,64.81865,10.935217,7,Nord-Trøndelag med Bindal,
24,2016,10814,Mårsanjarga,medikamentell,badebehandling,Annet virkestoff,,,,hele lokaliteten,2012,ALTA,20,Finnmark,70.24095,23.28445,12,Vest-Finnmark,
24,2016,10447,Mefaldskjæret,medikamentell,badebehandling,Azamethiphos,,,,hele lokaliteten,1820,ALSTAHAUG,18,Nordland,65.85145,12.2872,8,Helgeland til Bodø,
24,2016,10447,Mefaldskjæret,medikamentell,badebehandling,Deltamethrin,,,,hele lokaliteten,1820,ALSTAHAUG,18,Nordland,65.85145,12.2872,8,Helgeland til Bodø,
24,2016,21397,Midt- Femris,medikamentell,fôrbehandling,Emamectin benzoat,,,,hele lokaliteten,1838,GILDESKÅL,18,Nordland,67.033165,13.96735,8,Helgeland til Bodø,
24,2016,26435,Mjølsvik,medikamentell,fôrbehandling,Emamectin benzoat,,,,hele lokaliteten,1416,HØYANGER,14,Sogn og Fjordane,61.111584,6.0423,4,Nordhordaland til Stadt,
24,2016,29957,Nakkestad,rensefisk,,,1691,Berggylt,1180,hele lokaliteten,1032,LYNGDAL,10,Vest-Agder,58.055832,7.06875,1,Svenskegrensen til Jæren,
24,2016,34477,Nausttaren,medikamentell,fôrbehandling,Emamectin benzoat,,,,hele lokaliteten,1633,OSEN,16,Sør-Trøndelag,64.389565,10.512533,6,Nordmøre og Sør-Trøndelag,
24,2016,10791,Nordnes,medikamentell,badebehandling,Annet virkestoff,,,,hele lokaliteten,2012,ALTA,20,Finnmark,70.2831,23.400017,12,Vest-Finnmark,
24,2016,11688,Portevika,medikamentell,badebehandling,Annet virkestoff,,,,deler av lokaliteten,1413,HYLLESTAD,14,Sogn og Fjordane,61.18885,5.090017,4,Nordhordaland til Stadt,
24,2016,11972,Prestholmane,medikamentell,badebehandling,Annet virkestoff,,,,hele lokaliteten,1141,FINNØY,11,Rogaland,59.116768,5.8545,2,Ryfylke,
24,2016,12366,Raskjæret,rensefisk,,,1691,Berggylt,1540,hele lokaliteten,1620,FRØYA,16,Sør-Trøndelag,63.793617,8.854567,6,Nordmøre og Sør-Trøndelag,
24,2016,29116,Reiråklakken,rensefisk,,,222120,Rognkjeks (hun),12876,deler av lokaliteten,1573,SMØLA,15,Møre og Romsdal,63.450333,8.167717,6,Nordmøre og Sør-Trøndelag,
24,2016,29276,Rongøy,ikke-medikamentell,,,,,,deler av lokaliteten,1259,ØYGARDEN,12,Hordaland,60.509335,4.9317,4,Nordhordaland til Stadt,
24,2016,12298,Røysa,rensefisk,,,1694,Grøngylt,3280,deler av lokaliteten,1532,GISKE,15,Møre og Romsdal,62.54865,6.1417,5,Stadt til Hustadvika,
24,2016,12298,Røysa,rensefisk,,,1691,Berggylt,4650,deler av lokaliteten,1532,GISKE,15,Møre og Romsdal,62.54865,6.1417,5,Stadt til Hustadvika,
24,2016,34857,Salatskjæra,ikke-medikamentell,,,,,,deler av lokaliteten,1620,FRØYA,16,Sør-Trøndelag,63.90485,8.589133,6,Nordmøre og Sør-Trøndelag,
24,2016,12019,Saltkjelen II,medikamentell,fôrbehandling,Emamectin benzoat,,,,hele lokaliteten,1227,JONDAL,12,Hordaland,60.248016,6.2014,3,Karmøy til Sotra,
24,2016,13748,Saltkjelvika,medikamentell,fôrbehandling,Emamectin benzoat,,,,hele lokaliteten,1703,NAMSOS,17,Nord-Trøndelag,64.59852,11.266067,7,Nord-Trøndelag med Bindal,
24,2016,13706,Seljeset,medikamentell,fôrbehandling,Emamectin benzoat,,,,hele lokaliteten,1401,FLORA,14,Sogn og Fjordane,61.580868,5.243233,4,Nordhordaland til Stadt,
24,2016,24115,Singsholmen,ikke-medikamentell,,,,,,deler av lokaliteten,1617,HITRA,16,Sør-Trøndelag,63.41975,8.411617,6,Nordmøre og Sør-Trøndelag,
24,2016,18657,Skredstivik,medikamentell,fôrbehandling,Emamectin benzoat,,,,deler av lokaliteten,1413,HYLLESTAD,14,Sogn og Fjordane,61.1567,5.133983,4,Nordhordaland til Stadt,
24,2016,30997,Skrubbholmen,ikke-medikamentell,,,,,,hele lokaliteten,1751,NÆRØY,17,Nord-Trøndelag,64.801735,11.162183,7,Nord-Trøndelag med Bindal,
24,2016,28096,Slåttenes,medikamentell,badebehandling,Annet virkestoff,,,,hele lokaliteten,1224,KVINNHERAD,12,Hordaland,59.83222,5.984267,3,Karmøy til Sotra,
24,2016,34297,Stabben,rensefisk,,,2221,Rognkjeks (felles),37466,hele lokaliteten,1852,TJELDSUND,18,Nordland,68.40086,16.2171,9,Vestfjorden og Vesterålen,
24,2016,10789,Store Lerresfjord,medikamentell,badebehandling,Annet virkestoff,,,,deler av lokaliteten,2012,ALTA,20,Finnmark,70.28717,23.466833,12,Vest-Finnmark,
24,2016,11700,Storeneset,ikke-medikamentell,,,,,,deler av lokaliteten,1411,GULEN,14,Sogn og Fjordane,60.8763,5.02805,4,Nordhordaland til Stadt,
24,2016,12081,Straumneset,medikamentell,badebehandling,Annet virkestoff,,,,hele lokaliteten,1227,JONDAL,12,Hordaland,60.220966,6.139567,3,Karmøy til Sotra,
24,2016,10309,Syrtangen,ikke-medikamentell,,,,,,hele lokaliteten,1259,ØYGARDEN,12,Hordaland,60.468468,4.965967,4,Nordhordaland til Stadt,
24,2016,10054,Tobbeholmane,rensefisk,,,222120,Rognkjeks (hun),13467,hele lokaliteten,1244,AUSTEVOLL,12,Hordaland,60.02432,5.30815,3,Karmøy til Sotra,
24,2016,30837,Torangskjeret,medikamentell,fôrbehandling,Emamectin benzoat,,,,hele lokaliteten,1244,AUSTEVOLL,12,Hordaland,60.130184,5.176033,3,Karmøy til Sotra,
24,2016,30837,Torangskjeret,medikamentell,fôrbehandling,Emamectin benzoat,,,,hele lokaliteten,1244,AUSTEVOLL,12,Hordaland,60.130184,5.176033,3,Karmøy til Sotra,
24,2016,12114,Torsneset,medikamentell,badebehandling,Annet virkestoff,,,,hele lokaliteten,1160,VINDAFJORD,11,Rogaland,59.5182,5.819867,2,Ryfylke,
24,2016,24135,Utåker,medikamentell,badebehandling,Annet virkestoff,,,,hele lokaliteten,1224,KVINNHERAD,12,Hordaland,59.776333,5.9001,3,Karmøy til Sotra,
24,2016,19235,Vindvika,medikamentell,fôrbehandling,Emamectin benzoat,,,,hele lokaliteten,1804,BODØ,18,Nordland,67.533165,15.165583,9,Vestfjorden og Vesterålen,
23,2016,10319,Ålvora,medikamentell,fôrbehandling,Emamectin benzoat,,,,hele lokaliteten,1401,FLORA,14,Sogn og Fjordane,61.584034,5.133633,4,Nordhordaland til Stadt,
23,2016,10319,Ålvora,rensefisk,,,2221,Rognkjeks (felles),23000,hele lokaliteten,1401,FLORA,14,Sogn og Fjordane,61.584034,5.133633,4,Nordhordaland til Stadt,
23,2016,11513,Andal,rensefisk,,,1691,Berggylt,3350,deler av lokaliteten,1219,BØMLO,12,Hordaland,59.6365,5.247133,3,Karmøy til Sotra,
23,2016,29816,Apalvikneset,medikamentell,fôrbehandling,Emamectin benzoat,,,,hele lokaliteten,1227,JONDAL,12,Hordaland,60.146217,6.121133,3,Karmøy til Sotra,
23,2016,24695,Årnes,medikamentell,fôrbehandling,Emamectin benzoat,,,,hele lokaliteten,1703,NAMSOS,17,Nord-Trøndelag,64.5961,11.273417,7,Nord-Trøndelag med Bindal,
23,2016,24695,Årnes,rensefisk,,,1694,Grøngylt,2944,deler av lokaliteten,1703,NAMSOS,17,Nord-Trøndelag,64.5961,11.273417,7,Nord-Trøndelag med Bindal,
23,2016,24695,Årnes,rensefisk,,,1691,Berggylt,921,deler av lokaliteten,1703,NAMSOS,17,Nord-Trøndelag,64.5961,11.273417,7,Nord-Trøndelag med Bindal,
23,2016,35797,Årsetfjorden,rensefisk,,,2221,Rognkjeks (felles),20000,deler av lokaliteten,1751,NÆRØY,17,Nord-Trøndelag,65.00819,11.746417,7,Nord-Trøndelag med Bindal,
23,2016,12988,Aukrasanden,medikamentell,fôrbehandling,Teflubenzuron,,,,deler av lokaliteten,1547,AUKRA,15,Møre og Romsdal,62.783417,6.92605,5,Stadt til Hustadvika,
23,2016,31877,Barøya,medikamentell,fôrbehandling,Emamectin benzoat,,,,hele lokaliteten,1703,NAMSOS,17,Nord-Trøndelag,64.6206,11.233183,7,Nord-Trøndelag med Bindal,
23,2016,31877,Barøya,rensefisk,,,1694,Grøngylt,11780,hele lokaliteten,1703,NAMSOS,17,Nord-Trøndelag,64.6206,11.233183,7,Nord-Trøndelag med Bindal,
23,2016,31877,Barøya,rensefisk,,,1691,Berggylt,2667,hele lokaliteten,1703,NAMSOS,17,Nord-Trøndelag,64.6206,11.233183,7,Nord-Trøndelag med Bindal,
23,2016,11930,Bjelkavik,medikamentell,badebehandling,Azamethiphos,,,,deler av lokaliteten,1134,SULDAL,11,Rogaland,59.45165,5.991917,2,Ryfylke,
23,2016,23436,Bjørnholmen,medikamentell,badebehandling,Annet virkestoff,,,,deler av lokaliteten,1412,SOLUND,14,Sogn og Fjordane,61.20635,4.938083,4,Nordhordaland til Stadt,
23,2016,13284,Bollhaugen,rensefisk,,,2221,Rognkjeks (felles),5000,deler av lokaliteten,1827,DØNNA,18,Nordland,66.11311,12.487683,8,Helgeland til Bodø,
23,2016,12040,Brandaskuta,medikamentell,fôrbehandling,Emamectin benzoat,,,,hele lokaliteten,1224,KVINNHERAD,12,Hordaland,59.975735,5.909183,3,Karmøy til Sotra,
23,2016,32457,Dalsvåg Nv,rensefisk,,,1694,Grøngylt,5840,deler av lokaliteten,1149,KARMØY,11,Rogaland,59.410816,5.21725,3,Karmøy til Sotra,
23,2016,10110,Djupevik,medikamentell,badebehandling,Deltamethrin,,,,hele lokaliteten,1141,FINNØY,11,Rogaland,59.1474,5.863783,2,Ryfylke,
23,2016,12109,Ebne,ikke-medikamentell,,,,,,deler av lokaliteten,1211,ETNE,12,Hordaland,59.71443,5.8238,3,Karmøy til Sotra,
23,2016,13870,Eikebærånæ,medikamentell,fôrbehandling,Emamectin benzoat,,,,hele lokaliteten,1263,LINDÅS,12,Hordaland,60.563435,5.353017,4,Nordhordaland til Stadt,
23,2016,26775,Fjølværet Ø,rensefisk,,,222120,Rognkjeks (hun),5850,deler av lokaliteten,1620,FRØYA,16,Sør-Trøndelag,63.819233,8.636133,6,Nordmøre og Sør-Trøndelag,
23,2016,25895,Flornes,medikamentell,fôrbehandling,Emamectin benzoat,,,,hele lokaliteten,1223,TYSNES,12,Hordaland,59.890984,5.665983,3,Karmøy til Sotra,
23,2016,26935,Frovågneset,medikamentell,badebehandling,Annet virkestoff,,,,deler av lokaliteten,1927,TRANØY,19,Troms,69.06995,17.061447,10,Andøya til Senja,
23,2016,12078,Gangdal,medikamentell,badebehandling,Annet virkestoff,,,,hele lokaliteten,1227,JONDAL,12,Hordaland,60.215935,6.156667,3,Karmøy til Sotra,
23,2016,12435,Grøttingsøy,medikamentell,badebehandling,Annet virkestoff,,,,deler av lokaliteten,1620,FRØYA,16,Sør-Trøndelag,63.879684,8.543767,6,Nordmøre og Sør-Trøndelag,
23,2016,10318,Gulestø,medikamentell,fôrbehandling,Emamectin benzoat,,,,deler av lokaliteten,1438,BREMANGER,14,Sogn og Fjordane,61.75802,5.069883,4,Nordhordaland til Stadt,
23,2016,22095,Hågardsneset,medikamentell,fôrbehandling,Annet virkestoff,,,,hele lokaliteten,1224,KVINNHERAD,12,Hordaland,59.9844,5.929967,3,Karmøy til Sotra,
23,2016,22095,Hågardsneset,medikamentell,fôrbehandling,Annet virkestoff,,,,hele lokaliteten,1224,KVINNHERAD,12,Hordaland,59.9844,5.929967,3,Karmøy til Sotra,
23,2016,13886,Hallarøy V,rensefisk,,,1691,Berggylt,2373,deler av lokaliteten,1620,FRØYA,16,Sør-Trøndelag,63.998116,9.129283,6,Nordmøre og Sør-Trøndelag,
23,2016,13886,Hallarøy V,rensefisk,,,1694,Grøngylt,2975,deler av lokaliteten,1620,FRØYA,16,Sør-Trøndelag,63.998116,9.129283,6,Nordmøre og Sør-Trøndelag,
23,2016,13235,Hessvik,medikamentell,fôrbehandling,Emamectin benzoat,,,,hele lokaliteten,1224,KVINNHERAD,12,Hordaland,60.127934,6.149933,3,Karmøy til Sotra,
23,2016,13931,Hjartøy Ø,rensefisk,,,2221,Rognkjeks (felles),28308,deler av lokaliteten,1848,STEIGEN,18,Nordland,67.6562,15.118567,9,Vestfjorden og Vesterålen,
23,2016,13236,Indre Oppedal,medikamentell,fôrbehandling,Emamectin benzoat,,,,hele lokaliteten,1411,GULEN,14,Sogn og Fjordane,61.067883,5.563833,4,Nordhordaland til Stadt,
23,2016,24295,Isbergan,rensefisk,,,1691,Berggylt,369,deler av lokaliteten,1837,MELØY,18,Nordland,66.81468,13.678183,8,Helgeland til Bodø,
23,2016,33577,Kjeholmen II,rensefisk,,,1693,Bergnebb,30685,hele lokaliteten,1003,FARSUND,10,Vest-Agder,58.06008,6.885683,1,Svenskegrensen til Jæren,
23,2016,10409,Kjelneset,medikamentell,fôrbehandling,Emamectin benzoat,,,,hele lokaliteten,1748,FOSNES,17,Nord-Trøndelag,64.64391,11.388517,7,Nord-Trøndelag med Bindal,
23,2016,11689,Kjerringneset,medikamentell,fôrbehandling,Emamectin benzoat,,,,hele lokaliteten,1411,GULEN,14,Sogn og Fjordane,60.960182,5.106783,4,Nordhordaland til Stadt,
23,2016,12294,Kjerstad,ikke-medikamentell,,,,,,deler av lokaliteten,1534,HARAM,15,Møre og Romsdal,62.622368,6.224883,5,Stadt til Hustadvika,
23,2016,26135,Kjørsvikgrunn,ikke-medikamentell,,,,,,deler av lokaliteten,1612,HEMNE,16,Sør-Trøndelag,63.457565,9.076,6,Nordmøre og Sør-Trøndelag,
23,2016,26135,Kjørsvikgrunn,rensefisk,,,1691,Berggylt,4242,deler av lokaliteten,1612,HEMNE,16,Sør-Trøndelag,63.457565,9.076,6,Nordmøre og Sør-Trøndelag,
23,2016,26135,Kjørsvikgrunn,rensefisk,,,1694,Grøngylt,10264,deler av lokaliteten,1612,HEMNE,16,Sør-Trøndelag,63.457565,9.076,6,Nordmøre og Sør-Trøndelag,
23,2016,11763,Knappen,medikamentell,badebehandling,Annet virkestoff,,,,deler av lokaliteten,1259,ØYGARDEN,12,Hordaland,60.5735,4.818517,4,Nordhordaland til Stadt,
23,2016,13764,Kokvika,medikamentell,fôrbehandling,Annet virkestoff,,,,deler av lokaliteten,1834,LURØY,18,Nordland,66.41282,12.956867,8,Helgeland til Bodø,
23,2016,12652,Kråkøya,rensefisk,,,2221,Rognkjeks (felles),8250,deler av lokaliteten,1750,VIKNA,17,Nord-Trøndelag,65.00383,11.041483,7,Nord-Trøndelag med Bindal,
23,2016,32518,Kuøyna,ikke-medikamentell,,,,,,hele lokaliteten,1411,GULEN,14,Sogn og Fjordane,60.996983,4.897467,4,Nordhordaland til Stadt,
23,2016,22775,Kvaløya,medikamentell,fôrbehandling,Emamectin benzoat,,,,hele lokaliteten,1750,VIKNA,17,Nord-Trøndelag,65.001915,11.058617,7,Nord-Trøndelag med Bindal,
23,2016,13234,Kysnes,medikamentell,badebehandling,Annet virkestoff,,,,hele lokaliteten,1227,JONDAL,12,Hordaland,60.19877,6.09685,3,Karmøy til Sotra,
23,2016,24715,Langholmen,medikamentell,badebehandling,Annet virkestoff,,,,hele lokaliteten,1141,FINNØY,11,Rogaland,59.097282,5.835917,2,Ryfylke,
23,2016,11116,Langholmen,ikke-medikamentell,,,,,,deler av lokaliteten,1838,GILDESKÅL,18,Nordland,67.05783,14.025333,8,Helgeland til Bodø,
23,2016,12380,Langøya/Kvaløya,rensefisk,,,222120,Rognkjeks (hun),5850,deler av lokaliteten,1620,FRØYA,16,Sør-Trøndelag,63.791096,8.60728,6,Nordmøre og Sør-Trøndelag,
23,2016,11438,Lauplandsholmen,medikamentell,badebehandling,Deltamethrin,,,,deler av lokaliteten,1145,BOKN,11,Rogaland,59.179733,5.472633,2,Ryfylke,
23,2016,11438,Lauplandsholmen,medikamentell,badebehandling,Hydrogenperoksid,,,,deler av lokaliteten,1145,BOKN,11,Rogaland,59.179733,5.472633,2,Ryfylke,
23,2016,11438,Lauplandsholmen,medikamentell,badebehandling,Hydrogenperoksid,,,,deler av lokaliteten,1145,BOKN,11,Rogaland,59.179733,5.472633,2,Ryfylke,
23,2016,12392,Lille Torsøy,medikamentell,fôrbehandling,Emamectin benzoat,,,,hele lokaliteten,1617,HITRA,16,Sør-Trøndelag,63.605633,8.48855,6,Nordmøre og Sør-Trøndelag,
23,2016,29056,Lille Torsøy II,medikamentell,fôrbehandling,Emamectin benzoat,,,,hele lokaliteten,1617,HITRA,16,Sør-Trøndelag,63.60803,8.494633,6,Nordmøre og Sør-Trøndelag,
23,2016,28956,Meløysjøen,rensefisk,,,2221,Rognkjeks (felles),7408,deler av lokaliteten,1837,MELØY,18,Nordland,66.819984,13.461467,8,Helgeland til Bodø,
23,2016,26435,Mjølsvik,medikamentell,fôrbehandling,Emamectin benzoat,,,,hele lokaliteten,1416,HØYANGER,14,Sogn og Fjordane,61.111584,6.0423,4,Nordhordaland til Stadt,
23,2016,24937,Nebbo,medikamentell,fôrbehandling,Emamectin benzoat,,,,hele lokaliteten,1224,KVINNHERAD,12,Hordaland,59.87075,5.725017,3,Karmøy til Sotra,
23,2016,33297,Nye Skorpa,rensefisk,,,2221,Rognkjeks (felles),9000,deler av lokaliteten,1827,DØNNA,18,Nordland,66.03093,12.481483,8,Helgeland til Bodø,
23,2016,15403,Olderøy,medikamentell,badebehandling,Annet virkestoff,,,,hele lokaliteten,1412,SOLUND,14,Sogn og Fjordane,61.103283,4.712233,4,Nordhordaland til Stadt,
23,2016,19655,Ospeneset,medikamentell,fôrbehandling,Emamectin benzoat,,,,hele lokaliteten,1263,LINDÅS,12,Hordaland,60.74618,5.2701,4,Nordhordaland til Stadt,
23,2016,20315,Overåneset V,ikke-medikamentell,,,,,,hele lokaliteten,1525,STRANDA,15,Møre og Romsdal,62.30065,7.085433,5,Stadt til Hustadvika,
23,2016,33417,Persflua,medikamentell,fôrbehandling,Emamectin benzoat,,,,deler av lokaliteten,1627,BJUGN,16,Sør-Trøndelag,63.91345,9.826433,6,Nordmøre og Sør-Trøndelag,
23,2016,11688,Portevika,medikamentell,badebehandling,Annet virkestoff,,,,deler av lokaliteten,1413,HYLLESTAD,14,Sogn og Fjordane,61.18885,5.090017,4,Nordhordaland til Stadt,
23,2016,11972,Prestholmane,medikamentell,badebehandling,Annet virkestoff,,,,deler av lokaliteten,1141,FINNØY,11,Rogaland,59.116768,5.8545,2,Ryfylke,
23,2016,30817,Raudøya,medikamentell,fôrbehandling,Emamectin benzoat,,,,hele lokaliteten,1633,OSEN,16,Sør-Trøndelag,64.3646,10.439133,6,Nordmøre og Sør-Trøndelag,
23,2016,17357,Rennaren,medikamentell,badebehandling,Annet virkestoff,,,,deler av lokaliteten,1142,RENNESØY,11,Rogaland,59.131584,5.72165,2,Ryfylke,
23,2016,17357,Rennaren,medikamentell,badebehandling,Annet virkestoff,,,,deler av lokaliteten,1142,RENNESØY,11,Rogaland,59.131584,5.72165,2,Ryfylke,
23,2016,12784,Ringholmen,medikamentell,fôrbehandling,Emamectin benzoat,,,,hele lokaliteten,1613,SNILLFJORD,16,Sør-Trøndelag,63.56,9.41005,6,Nordmøre og Sør-Trøndelag,
23,2016,12019,Saltkjelen II,medikamentell,fôrbehandling,Emamectin benzoat,,,,hele lokaliteten,1227,JONDAL,12,Hordaland,60.248016,6.2014,3,Karmøy til Sotra,
23,2016,13748,Saltkjelvika,medikamentell,fôrbehandling,Emamectin benzoat,,,,hele lokaliteten,1703,NAMSOS,17,Nord-Trøndelag,64.59852,11.266067,7,Nord-Trøndelag med Bindal,
23,2016,12884,Sandnesbukta,rensefisk,,,222120,Rognkjeks (hun),3994,hele lokaliteten,1543,NESSET,15,Møre og Romsdal,62.7369,7.8775,5,Stadt til Hustadvika,
23,2016,24115,Singsholmen,ikke-medikamentell,,,,,,deler av lokaliteten,1617,HITRA,16,Sør-Trøndelag,63.41975,8.411617,6,Nordmøre og Sør-Trøndelag,
23,2016,18657,Skredstivik,medikamentell,fôrbehandling,Emamectin benzoat,,,,deler av lokaliteten,1413,HYLLESTAD,14,Sogn og Fjordane,61.1567,5.133983,4,Nordhordaland til Stadt,
23,2016,30997,Skrubbholmen,ikke-medikamentell,,,,,,deler av lokaliteten,1751,NÆRØY,17,Nord-Trøndelag,64.801735,11.162183,7,Nord-Trøndelag med Bindal,
23,2016,31117,Skrubbo,medikamentell,fôrbehandling,Emamectin benzoat,,,,hele lokaliteten,1241,FUSA,12,Hordaland,60.15632,5.713217,3,Karmøy til Sotra,
23,2016,23375,Sørevik,medikamentell,badebehandling,Annet virkestoff,,,,hele lokaliteten,1416,HØYANGER,14,Sogn og Fjordane,61.099983,5.729967,4,Nordhordaland til Stadt,
23,2016,15375,Sørøyflesa,rensefisk,,,1691,Berggylt,2379,hele lokaliteten,1620,FRØYA,16,Sør-Trøndelag,63.98405,9.057067,6,Nordmøre og Sør-Trøndelag,
23,2016,15375,Sørøyflesa,rensefisk,,,1694,Grøngylt,2895,hele lokaliteten,1620,FRØYA,16,Sør-Trøndelag,63.98405,9.057067,6,Nordmøre og Sør-Trøndelag,
23,2016,10789,Store Lerresfjord,medikamentell,badebehandling,Annet virkestoff,,,,hele lokaliteten,2012,ALTA,20,Finnmark,70.28717,23.466833,12,Vest-Finnmark,
23,2016,11492,Storevikholmen,ikke-medikamentell,,,,,,deler av lokaliteten,1222,FITJAR,12,Hordaland,59.83808,5.30565,3,Karmøy til Sotra,
23,2016,24535,Storholmen,medikamentell,badebehandling,Azamethiphos,,,,deler av lokaliteten,2012,ALTA,20,Finnmark,70.34161,23.392467,12,Vest-Finnmark,
23,2016,20776,Storoksen,ikke-medikamentell,,,,,,deler av lokaliteten,1247,ASKØY,12,Hordaland,60.530884,4.97325,4,Nordhordaland til Stadt,
23,2016,31338,Storskjeret,rensefisk,,,222120,Rognkjeks (hun),22916,deler av lokaliteten,1576,AURE,15,Møre og Romsdal,63.26985,8.228283,6,Nordmøre og Sør-Trøndelag,
23,2016,10635,Toknebuktneset,medikamentell,badebehandling,Annet virkestoff,,,,deler av lokaliteten,2017,KVALSUND,20,Finnmark,70.5734,24.074734,12,Vest-Finnmark,
23,2016,30837,Torangskjeret,medikamentell,fôrbehandling,Emamectin benzoat,,,,hele lokaliteten,1244,AUSTEVOLL,12,Hordaland,60.130184,5.176033,3,Karmøy til Sotra,
23,2016,30837,Torangskjeret,medikamentell,fôrbehandling,Emamectin benzoat,,,,hele lokaliteten,1244,AUSTEVOLL,12,Hordaland,60.130184,5.176033,3,Karmøy til Sotra,
23,2016,13562,Uføro,ikke-medikamentell,,,,,,hele lokaliteten,1221,STORD,12,Hordaland,59.87835,5.526917,3,Karmøy til Sotra,
23,2016,27315,Vikane 1,medikamentell,fôrbehandling,Emamectin benzoat,,,,hele lokaliteten,1227,JONDAL,12,Hordaland,60.26125,6.225083,3,Karmøy til Sotra,
23,2016,19235,Vindvika,medikamentell,fôrbehandling,Emamectin benzoat,,,,hele lokaliteten,1804,BODØ,18,Nordland,67.533165,15.165583,9,Vestfjorden og Vesterålen,
23,2016,29417,Ytre Vassholmen,rensefisk,,,2221,Rognkjeks (felles),12000,deler av lokaliteten,1818,HERØY I NORDLAND,18,Nordland,65.93497,12.139133,8,Helgeland til Bodø,
22,2016,10331,Åkre,medikamentell,fôrbehandling,Diflubenzuron,,,,deler av lokaliteten,1224,KVINNHERAD,12,Hordaland,60.112434,6.042483,3,Karmøy til Sotra,
22,2016,10298,Ålforo,ikke-medikamentell,,,,,,hele lokaliteten,1222,FITJAR,12,Hordaland,59.8665,5.244133,3,Karmøy til Sotra,
22,2016,11513,Andal,medikamentell,badebehandling,Hydrogenperoksid,,,,deler av lokaliteten,1219,BØMLO,12,Hordaland,59.6365,5.247133,3,Karmøy til Sotra,
22,2016,24695,Årnes,medikamentell,fôrbehandling,Emamectin benzoat,,,,hele lokaliteten,1703,NAMSOS,17,Nord-Trøndelag,64.5961,11.273417,7,Nord-Trøndelag med Bindal,
22,2016,12988,Aukrasanden,medikamentell,fôrbehandling,Teflubenzuron,,,,deler av lokaliteten,1547,AUKRA,15,Møre og Romsdal,62.783417,6.92605,5,Stadt til Hustadvika,
22,2016,26795,Austvika,medikamentell,fôrbehandling,Emamectin benzoat,,,,hele lokaliteten,1749,FLATANGER,17,Nord-Trøndelag,64.41853,10.696033,7,Nord-Trøndelag med Bindal,
22,2016,13305,Barbogen,medikamentell,badebehandling,Azamethiphos,,,,deler av lokaliteten,1928,TORSKEN,19,Troms,69.36843,17.0281,10,Andøya til Senja,
22,2016,31877,Barøya,medikamentell,fôrbehandling,Emamectin benzoat,,,,hele lokaliteten,1703,NAMSOS,17,Nord-Trøndelag,64.6206,11.233183,7,Nord-Trøndelag med Bindal,
22,2016,13845,Beitveit,medikamentell,fôrbehandling,Emamectin benzoat,,,,hele lokaliteten,1441,SELJE,14,Sogn og Fjordane,62.141216,5.32675,5,Stadt til Hustadvika,
22,2016,25055,Bekksneset,medikamentell,fôrbehandling,Emamectin benzoat,,,,hele lokaliteten,1413,HYLLESTAD,14,Sogn og Fjordane,61.07662,5.38595,4,Nordhordaland til Stadt,
22,2016,22455,Bjørlykkestranda,medikamentell,badebehandling,Hydrogenperoksid,,,,hele lokaliteten,1511,VANYLVEN,15,Møre og Romsdal,62.16655,5.5954,5,Stadt til Hustadvika,
22,2016,23436,Bjørnholmen,medikamentell,badebehandling,Annet virkestoff,,,,deler av lokaliteten,1412,SOLUND,14,Sogn og Fjordane,61.20635,4.938083,4,Nordhordaland til Stadt,
22,2016,12040,Brandaskuta,medikamentell,badebehandling,Annet virkestoff,,,,hele lokaliteten,1224,KVINNHERAD,12,Hordaland,59.975735,5.909183,3,Karmøy til Sotra,
22,2016,13205,Brattholmen,medikamentell,badebehandling,Annet virkestoff,,,,hele lokaliteten,1412,SOLUND,14,Sogn og Fjordane,61.068382,4.713817,4,Nordhordaland til Stadt,
22,2016,13841,Brunsvik,medikamentell,badebehandling,Azamethiphos,,,,deler av lokaliteten,1439,VÅGSØY,14,Sogn og Fjordane,61.910183,5.29085,4,Nordhordaland til Stadt,
22,2016,13841,Brunsvik,medikamentell,badebehandling,Deltamethrin,,,,deler av lokaliteten,1439,VÅGSØY,14,Sogn og Fjordane,61.910183,5.29085,4,Nordhordaland til Stadt,
22,2016,33537,Buholmen,ikke-medikamentell,,,,,,deler av lokaliteten,1632,ROAN,16,Sør-Trøndelag,64.1569,10.008917,6,Nordmøre og Sør-Trøndelag,
22,2016,20455,Djupevika,rensefisk,,,222120,Rognkjeks (hun),3026,deler av lokaliteten,1224,KVINNHERAD,12,Hordaland,60.0406,6.010917,3,Karmøy til Sotra,
22,2016,35237,Durmålsvika,medikamentell,badebehandling,Azamethiphos,,,,deler av lokaliteten,1931,LENVIK,19,Troms,69.4334,18.153482,10,Andøya til Senja,
22,2016,35237,Durmålsvika,medikamentell,badebehandling,Azamethiphos,,,,deler av lokaliteten,1931,LENVIK,19,Troms,69.4334,18.153482,10,Andøya til Senja,
22,2016,35237,Durmålsvika,medikamentell,badebehandling,Azamethiphos,,,,deler av lokaliteten,1931,LENVIK,19,Troms,69.4334,18.153482,10,Andøya til Senja,
22,2016,12109,Ebne,ikke-medikamentell,,,,,,hele lokaliteten,1211,ETNE,12,Hordaland,59.71443,5.8238,3,Karmøy til Sotra,
22,2016,25895,Flornes,medikamentell,fôrbehandling,Emamectin benzoat,,,,hele lokaliteten,1223,TYSNES,12,Hordaland,59.890984,5.665983,3,Karmøy til Sotra,
22,2016,21335,Floteneset,medikamentell,badebehandling,Azamethiphos,,,,deler av lokaliteten,1416,HØYANGER,14,Sogn og Fjordane,61.1936,5.801617,4,Nordhordaland til Stadt,
22,2016,21335,Floteneset,medikamentell,badebehandling,Deltamethrin,,,,deler av lokaliteten,1416,HØYANGER,14,Sogn og Fjordane,61.1936,5.801617,4,Nordhordaland til Stadt,
22,2016,11814,Furevika,medikamentell,fôrbehandling,Emamectin benzoat,,,,hele lokaliteten,1429,FJALER,14,Sogn og Fjordane,61.30595,5.072183,4,Nordhordaland til Stadt,
22,2016,26335,Geitholmen,ikke-medikamentell,,,,,,deler av lokaliteten,1750,VIKNA,17,Nord-Trøndelag,64.79955,11.025933,7,Nord-Trøndelag med Bindal,
22,2016,13036,Gjengane,rensefisk,,,222120,Rognkjeks (hun),26444,hele lokaliteten,1244,AUSTEVOLL,12,Hordaland,60.071518,5.306383,3,Karmøy til Sotra,
22,2016,32037,Grasholman,rensefisk,,,222120,Rognkjeks (hun),20200,deler av lokaliteten,1834,LURØY,18,Nordland,66.34873,12.779417,8,Helgeland til Bodø,
22,2016,12435,Grøttingsøy,medikamentell,badebehandling,Annet virkestoff,,,,deler av lokaliteten,1620,FRØYA,16,Sør-Trøndelag,63.879684,8.543767,6,Nordmøre og Sør-Trøndelag,
22,2016,22095,Hågardsneset,medikamentell,badebehandling,Annet virkestoff,,,,deler av lokaliteten,1224,KVINNHERAD,12,Hordaland,59.9844,5.929967,3,Karmøy til Sotra,
22,2016,11511,Hattasteinen,ikke-medikamentell,,,,,,deler av lokaliteten,1219,BØMLO,12,Hordaland,59.626266,5.250717,3,Karmøy til Sotra,
22,2016,30897,Havsundet,medikamentell,fôrbehandling,Emamectin benzoat,,,,hele lokaliteten,1627,BJUGN,16,Sør-Trøndelag,63.799534,9.440667,6,Nordmøre og Sør-Trøndelag,
22,2016,14136,Hestholmen Ø,medikamentell,fôrbehandling,Emamectin benzoat,,,,hele lokaliteten,1144,KVITSØY,11,Rogaland,59.061565,5.445683,2,Ryfylke,
22,2016,10300,Hillersvik,medikamentell,badebehandling,Annet virkestoff,,,,deler av lokaliteten,1216,SVEIO,12,Hordaland,59.6084,5.311917,3,Karmøy til Sotra,
22,2016,10300,Hillersvik,medikamentell,badebehandling,Annet virkestoff,,,,deler av lokaliteten,1216,SVEIO,12,Hordaland,59.6084,5.311917,3,Karmøy til Sotra,
22,2016,12036,Hisdalen,medikamentell,badebehandling,Annet virkestoff,,,,deler av lokaliteten,1224,KVINNHERAD,12,Hordaland,60.126118,5.9305,3,Karmøy til Sotra,
22,2016,12035,Hondskår,medikamentell,badebehandling,Annet virkestoff,,,,hele lokaliteten,1224,KVINNHERAD,12,Hordaland,60.10687,5.939133,3,Karmøy til Sotra,
22,2016,12035,Hondskår,medikamentell,badebehandling,Annet virkestoff,,,,hele lokaliteten,1224,KVINNHERAD,12,Hordaland,60.10687,5.939133,3,Karmøy til Sotra,
22,2016,21016,Husfjord,rensefisk,,,2221,Rognkjeks (felles),30000,hele lokaliteten,2004,HAMMERFEST,20,Finnmark,70.549515,22.955883,12,Vest-Finnmark,
22,2016,27095,Ihlholmen,ikke-medikamentell,,,,,,hele lokaliteten,1160,VINDAFJORD,11,Rogaland,59.7215,5.586633,3,Karmøy til Sotra,
22,2016,13236,Indre Oppedal,medikamentell,fôrbehandling,Emamectin benzoat,,,,hele lokaliteten,1411,GULEN,14,Sogn og Fjordane,61.067883,5.563833,4,Nordhordaland til Stadt,
22,2016,14042,Kattholmen,rensefisk,,,222120,Rognkjeks (hun),9015,deler av lokaliteten,1620,FRØYA,16,Sør-Trøndelag,63.870968,8.679017,6,Nordmøre og Sør-Trøndelag,
22,2016,11913,Kjeahola,rensefisk,,,1691,Berggylt,24000,deler av lokaliteten,1141,FINNØY,11,Rogaland,59.2933,6.0729,2,Ryfylke,
22,2016,33577,Kjeholmen II,rensefisk,,,1693,Bergnebb,30685,hele lokaliteten,1003,FARSUND,10,Vest-Agder,58.06008,6.885683,1,Svenskegrensen til Jæren,
22,2016,11689,Kjerringneset,medikamentell,fôrbehandling,Emamectin benzoat,,,,hele lokaliteten,1411,GULEN,14,Sogn og Fjordane,60.960182,5.106783,4,Nordhordaland til Stadt,
22,2016,12294,Kjerstad,ikke-medikamentell,,,,,,deler av lokaliteten,1534,HARAM,15,Møre og Romsdal,62.622368,6.224883,5,Stadt til Hustadvika,
22,2016,13764,Kokvika,medikamentell,fôrbehandling,Annet virkestoff,,,,deler av lokaliteten,1834,LURØY,18,Nordland,66.41282,12.956867,8,Helgeland til Bodø,
22,2016,11575,Koløy N,medikamentell,fôrbehandling,Teflubenzuron,,,,hele lokaliteten,1222,FITJAR,12,Hordaland,59.8616,5.288267,3,Karmøy til Sotra,
22,2016,30076,Kyrøyene,ikke-medikamentell,,,,,,deler av lokaliteten,1750,VIKNA,17,Nord-Trøndelag,64.764015,10.806633,7,Nord-Trøndelag med Bindal,
22,2016,13234,Kysnes,medikamentell,badebehandling,Annet virkestoff,,,,deler av lokaliteten,1227,JONDAL,12,Hordaland,60.19877,6.09685,3,Karmøy til Sotra,
22,2016,24715,Langholmen,medikamentell,badebehandling,Annet virkestoff,,,,hele lokaliteten,1141,FINNØY,11,Rogaland,59.097282,5.835917,2,Ryfylke,
22,2016,26295,Langøy,medikamentell,badebehandling,Annet virkestoff,,,,hele lokaliteten,1263,LINDÅS,12,Hordaland,60.779133,5.1608,4,Nordhordaland til Stadt,
22,2016,26295,Langøy,medikamentell,badebehandling,Annet virkestoff,,,,hele lokaliteten,1263,LINDÅS,12,Hordaland,60.779133,5.1608,4,Nordhordaland til Stadt,
22,2016,11438,Lauplandsholmen,medikamentell,badebehandling,Hydrogenperoksid,,,,deler av lokaliteten,1145,BOKN,11,Rogaland,59.179733,5.472633,2,Ryfylke,
22,2016,26675,Leirholmen,rensefisk,,,222120,Rognkjeks (hun),2456,deler av lokaliteten,1834,LURØY,18,Nordland,66.3565,12.530117,8,Helgeland til Bodø,
22,2016,28996,Loddetå,medikamentell,badebehandling,Annet virkestoff,,,,hele lokaliteten,1216,SVEIO,12,Hordaland,59.691643,5.54298,3,Karmøy til Sotra,
22,2016,14043,Lybergsvika,ikke-medikamentell,,,,,,deler av lokaliteten,1539,RAUMA,15,Møre og Romsdal,62.641582,7.448583,5,Stadt til Hustadvika,
22,2016,32057,Lyngøy,ikke-medikamentell,,,,,,deler av lokaliteten,1750,VIKNA,17,Nord-Trøndelag,64.81865,10.935217,7,Nord-Trøndelag med Bindal,
22,2016,31637,Melkøya,medikamentell,fôrbehandling,Diflubenzuron,,,,deler av lokaliteten,1818,HERØY I NORDLAND,18,Nordland,66.08231,12.201167,8,Helgeland til Bodø,
22,2016,12047,Mjåneset,medikamentell,fôrbehandling,Emamectin benzoat,,,,deler av lokaliteten,1241,FUSA,12,Hordaland,60.176,5.7244,3,Karmøy til Sotra,
22,2016,26435,Mjølsvik,medikamentell,fôrbehandling,Emamectin benzoat,,,,hele lokaliteten,1416,HØYANGER,14,Sogn og Fjordane,61.111584,6.0423,4,Nordhordaland til Stadt,
22,2016,26435,Mjølsvik,medikamentell,fôrbehandling,Emamectin benzoat,,,,hele lokaliteten,1416,HØYANGER,14,Sogn og Fjordane,61.111584,6.0423,4,Nordhordaland til Stadt,
22,2016,24937,Nebbo,medikamentell,fôrbehandling,Emamectin benzoat,,,,hele lokaliteten,1224,KVINNHERAD,12,Hordaland,59.87075,5.725017,3,Karmøy til Sotra,
22,2016,10181,Oksebåsen V,rensefisk,,,1694,Grøngylt,10000,deler av lokaliteten,1532,GISKE,15,Møre og Romsdal,62.5174,6.15805,5,Stadt til Hustadvika,
22,2016,10181,Oksebåsen V,rensefisk,,,1691,Berggylt,5670,deler av lokaliteten,1532,GISKE,15,Møre og Romsdal,62.5174,6.15805,5,Stadt til Hustadvika,
22,2016,10136,Onarøy,medikamentell,fôrbehandling,Emamectin benzoat,,,,hele lokaliteten,1223,TYSNES,12,Hordaland,59.95335,5.669683,3,Karmøy til Sotra,
22,2016,19655,Ospeneset,medikamentell,badebehandling,Annet virkestoff,,,,hele lokaliteten,1263,LINDÅS,12,Hordaland,60.74618,5.2701,4,Nordhordaland til Stadt,
22,2016,20315,Overåneset V,ikke-medikamentell,,,,,,hele lokaliteten,1525,STRANDA,15,Møre og Romsdal,62.30065,7.085433,5,Stadt til Hustadvika,
22,2016,33417,Persflua,medikamentell,fôrbehandling,Emamectin benzoat,,,,deler av lokaliteten,1627,BJUGN,16,Sør-Trøndelag,63.91345,9.826433,6,Nordmøre og Sør-Trøndelag,
22,2016,11972,Prestholmane,medikamentell,badebehandling,Annet virkestoff,,,,hele lokaliteten,1141,FINNØY,11,Rogaland,59.116768,5.8545,2,Ryfylke,
22,2016,30817,Raudøya,medikamentell,fôrbehandling,Emamectin benzoat,,,,hele lokaliteten,1633,OSEN,16,Sør-Trøndelag,64.3646,10.439133,6,Nordmøre og Sør-Trøndelag,
22,2016,17357,Rennaren,medikamentell,badebehandling,Hydrogenperoksid,,,,deler av lokaliteten,1142,RENNESØY,11,Rogaland,59.131584,5.72165,2,Ryfylke,
22,2016,12784,Ringholmen,medikamentell,fôrbehandling,Emamectin benzoat,,,,hele lokaliteten,1613,SNILLFJORD,16,Sør-Trøndelag,63.56,9.41005,6,Nordmøre og Sør-Trøndelag,
22,2016,11770,Rotøy,medikamentell,badebehandling,Annet virkestoff,,,,deler av lokaliteten,1259,ØYGARDEN,12,Hordaland,60.682533,4.760017,4,Nordhordaland til Stadt,
22,2016,12019,Saltkjelen II,medikamentell,fôrbehandling,Emamectin benzoat,,,,hele lokaliteten,1227,JONDAL,12,Hordaland,60.248016,6.2014,3,Karmøy til Sotra,
22,2016,13748,Saltkjelvika,medikamentell,fôrbehandling,Emamectin benzoat,,,,hele lokaliteten,1703,NAMSOS,17,Nord-Trøndelag,64.59852,11.266067,7,Nord-Trøndelag med Bindal,
22,2016,13035,Sauaneset I,rensefisk,,,1691,Berggylt,600,hele lokaliteten,1244,AUSTEVOLL,12,Hordaland,60.089085,5.267967,3,Karmøy til Sotra,
22,2016,20796,Skarbukta,ikke-medikamentell,,,,,,deler av lokaliteten,1539,RAUMA,15,Møre og Romsdal,62.59785,7.367717,5,Stadt til Hustadvika,
22,2016,34117,Skåtholmen,medikamentell,fôrbehandling,Diflubenzuron,,,,hele lokaliteten,1241,FUSA,12,Hordaland,60.17177,5.563633,3,Karmøy til Sotra,
22,2016,18657,Skredstivik,medikamentell,fôrbehandling,Emamectin benzoat,,,,deler av lokaliteten,1413,HYLLESTAD,14,Sogn og Fjordane,61.1567,5.133983,4,Nordhordaland til Stadt,
22,2016,11605,Soløy Ø,ikke-medikamentell,,,,,,deler av lokaliteten,1222,FITJAR,12,Hordaland,59.90708,5.159833,3,Karmøy til Sotra,
22,2016,13290,Stigvika,ikke-medikamentell,,,,,,hele lokaliteten,1838,GILDESKÅL,18,Nordland,67.06885,14.076133,8,Helgeland til Bodø,
22,2016,10974,Store Bukkøy N,rensefisk,,,222120,Rognkjeks (hun),2500,deler av lokaliteten,1834,LURØY,18,Nordland,66.40135,12.420717,8,Helgeland til Bodø,
22,2016,11492,Storevikholmen,ikke-medikamentell,,,,,,deler av lokaliteten,1222,FITJAR,12,Hordaland,59.83808,5.30565,3,Karmøy til Sotra,
22,2016,20776,Storoksen,ikke-medikamentell,,,,,,deler av lokaliteten,1247,ASKØY,12,Hordaland,60.530884,4.97325,4,Nordhordaland til Stadt,
22,2016,12081,Straumneset,medikamentell,badebehandling,Annet virkestoff,,,,deler av lokaliteten,1227,JONDAL,12,Hordaland,60.220966,6.139567,3,Karmøy til Sotra,
22,2016,12081,Straumneset,rensefisk,,,2221,Rognkjeks (felles),14967,deler av lokaliteten,1227,JONDAL,12,Hordaland,60.220966,6.139567,3,Karmøy til Sotra,
22,2016,12268,Terningen,ikke-medikamentell,,,,,,hele lokaliteten,1545,MIDSUND,15,Møre og Romsdal,62.6431,6.54805,5,Stadt til Hustadvika,
22,2016,15517,Tinnlandet,medikamentell,badebehandling,Annet virkestoff,,,,deler av lokaliteten,2004,HAMMERFEST,20,Finnmark,70.5295,23.2287,12,Vest-Finnmark,
22,2016,30837,Torangskjeret,medikamentell,fôrbehandling,Emamectin benzoat,,,,hele lokaliteten,1244,AUSTEVOLL,12,Hordaland,60.130184,5.176033,3,Karmøy til Sotra,
22,2016,30837,Torangskjeret,medikamentell,fôrbehandling,Emamectin benzoat,,,,hele lokaliteten,1244,AUSTEVOLL,12,Hordaland,60.130184,5.176033,3,Karmøy til Sotra,
22,2016,10821,Tuvan,rensefisk,,,2221,Rognkjeks (felles),32166,hele lokaliteten,2012,ALTA,20,Finnmark,70.09161,22.708982,12,Vest-Finnmark,
22,2016,14081,Tveit,medikamentell,fôrbehandling,Emamectin benzoat,,,,hele lokaliteten,1413,HYLLESTAD,14,Sogn og Fjordane,61.110085,5.340483,4,Nordhordaland til Stadt,
22,2016,29936,Ystadneset,medikamentell,fôrbehandling,Emamectin benzoat,,,,deler av lokaliteten,1224,KVINNHERAD,12,Hordaland,59.977932,5.77565,3,Karmøy til Sotra,
22,2016,24175,Ytre Lavollsfjord,rensefisk,,,222120,Rognkjeks (hun),1,hele lokaliteten,1929,BERG,19,Troms,69.419464,17.287567,10,Andøya til Senja,
21,2016,26795,Austvika,medikamentell,fôrbehandling,Emamectin benzoat,,,,hele lokaliteten,1749,FLATANGER,17,Nord-Trøndelag,64.41853,10.696033,7,Nord-Trøndelag med Bindal,
21,2016,13305,Barbogen,medikamentell,badebehandling,Azamethiphos,,,,deler av lokaliteten,1928,TORSKEN,19,Troms,69.36843,17.0281,10,Andøya til Senja,
21,2016,11749,Bårøy,medikamentell,fôrbehandling,Emamectin benzoat,,,,hele lokaliteten,1411,GULEN,14,Sogn og Fjordane,60.9452,4.84605,4,Nordhordaland til Stadt,
21,2016,13845,Beitveit,medikamentell,fôrbehandling,Emamectin benzoat,,,,hele lokaliteten,1441,SELJE,14,Sogn og Fjordane,62.141216,5.32675,5,Stadt til Hustadvika,
21,2016,23436,Bjørnholmen,medikamentell,badebehandling,Annet virkestoff,,,,deler av lokaliteten,1412,SOLUND,14,Sogn og Fjordane,61.20635,4.938083,4,Nordhordaland til Stadt,
21,2016,12040,Brandaskuta,medikamentell,badebehandling,Annet virkestoff,,,,hele lokaliteten,1224,KVINNHERAD,12,Hordaland,59.975735,5.909183,3,Karmøy til Sotra,
21,2016,33537,Buholmen,medikamentell,fôrbehandling,Annet virkestoff,,,,hele lokaliteten,1632,ROAN,16,Sør-Trøndelag,64.1569,10.008917,6,Nordmøre og Sør-Trøndelag,
21,2016,20455,Djupevika,rensefisk,,,2221,Rognkjeks (felles),7014,deler av lokaliteten,1224,KVINNHERAD,12,Hordaland,60.0406,6.010917,3,Karmøy til Sotra,
21,2016,20455,Djupevika,rensefisk,,,222120,Rognkjeks (hun),14090,deler av lokaliteten,1224,KVINNHERAD,12,Hordaland,60.0406,6.010917,3,Karmøy til Sotra,
21,2016,32197,Dryna,ikke-medikamentell,,,,,,deler av lokaliteten,1545,MIDSUND,15,Møre og Romsdal,62.6444,6.5568,5,Stadt til Hustadvika,
21,2016,35237,Durmålsvika,medikamentell,badebehandling,Azamethiphos,,,,deler av lokaliteten,1931,LENVIK,19,Troms,69.4334,18.153482,10,Andøya til Senja,
21,2016,35237,Durmålsvika,medikamentell,badebehandling,Azamethiphos,,,,deler av lokaliteten,1931,LENVIK,19,Troms,69.4334,18.153482,10,Andøya til Senja,
21,2016,35237,Durmålsvika,medikamentell,badebehandling,Azamethiphos,,,,deler av lokaliteten,1931,LENVIK,19,Troms,69.4334,18.153482,10,Andøya til Senja,
21,2016,12128,Dyrnes,ikke-medikamentell,,,,,,hele lokaliteten,1224,KVINNHERAD,12,Hordaland,59.71765,5.72205,3,Karmøy til Sotra,
21,2016,13870,Eikebærånæ,medikamentell,badebehandling,Annet virkestoff,,,,deler av lokaliteten,1263,LINDÅS,12,Hordaland,60.563435,5.353017,4,Nordhordaland til Stadt,
21,2016,24575,Farmannsøya,medikamentell,fôrbehandling,Annet virkestoff,,,,hele lokaliteten,1632,ROAN,16,Sør-Trøndelag,64.18452,10.1222,6,Nordmøre og Sør-Trøndelag,
21,2016,11353,Finnstein,medikamentell,badebehandling,Hydrogenperoksid,,,,hele lokaliteten,1928,TORSKEN,19,Troms,69.32917,17.060183,10,Andøya til Senja,
21,2016,11353,Finnstein,medikamentell,badebehandling,Hydrogenperoksid,,,,hele lokaliteten,1928,TORSKEN,19,Troms,69.32917,17.060183,10,Andøya til Senja,
21,2016,26775,Fjølværet Ø,ikke-medikamentell,,,,,,deler av lokaliteten,1620,FRØYA,16,Sør-Trøndelag,63.819233,8.636133,6,Nordmøre og Sør-Trøndelag,
21,2016,21335,Floteneset,medikamentell,badebehandling,Azamethiphos,,,,deler av lokaliteten,1416,HØYANGER,14,Sogn og Fjordane,61.1936,5.801617,4,Nordhordaland til Stadt,
21,2016,21335,Floteneset,medikamentell,badebehandling,Deltamethrin,,,,deler av lokaliteten,1416,HØYANGER,14,Sogn og Fjordane,61.1936,5.801617,4,Nordhordaland til Stadt,
21,2016,16939,Fornes,medikamentell,badebehandling,Azamethiphos,,,,hele lokaliteten,1851,LØDINGEN,18,Nordland,68.410484,15.435433,9,Vestfjorden og Vesterålen,
21,2016,11814,Furevika,medikamentell,fôrbehandling,Emamectin benzoat,,,,hele lokaliteten,1429,FJALER,14,Sogn og Fjordane,61.30595,5.072183,4,Nordhordaland til Stadt,
21,2016,12078,Gangdal,rensefisk,,,2221,Rognkjeks (felles),15500,hele lokaliteten,1227,JONDAL,12,Hordaland,60.215935,6.156667,3,Karmøy til Sotra,
21,2016,10324,Gjerdeviksflua,medikamentell,badebehandling,Annet virkestoff,,,,hele lokaliteten,1241,FUSA,12,Hordaland,60.223083,5.641167,3,Karmøy til Sotra,
21,2016,32037,Grasholman,medikamentell,badebehandling,Annet virkestoff,,,,deler av lokaliteten,1834,LURØY,18,Nordland,66.34873,12.779417,8,Helgeland til Bodø,
21,2016,32037,Grasholman,medikamentell,badebehandling,Deltamethrin,,,,deler av lokaliteten,1834,LURØY,18,Nordland,66.34873,12.779417,8,Helgeland til Bodø,
21,2016,32917,Gregusvika,medikamentell,badebehandling,Azamethiphos,,,,deler av lokaliteten,1917,IBESTAD,19,Troms,68.81875,17.34635,10,Andøya til Senja,
21,2016,32917,Gregusvika,medikamentell,badebehandling,Deltamethrin,,,,deler av lokaliteten,1917,IBESTAD,19,Troms,68.81875,17.34635,10,Andøya til Senja,
21,2016,22095,Hågardsneset,medikamentell,badebehandling,Annet virkestoff,,,,hele lokaliteten,1224,KVINNHERAD,12,Hordaland,59.9844,5.929967,3,Karmøy til Sotra,
21,2016,16755,Hageberg,medikamentell,fôrbehandling,Teflubenzuron,,,,hele lokaliteten,1222,FITJAR,12,Hordaland,59.944218,5.434733,3,Karmøy til Sotra,
21,2016,13886,Hallarøy V,ikke-medikamentell,,,,,,hele lokaliteten,1620,FRØYA,16,Sør-Trøndelag,63.998116,9.129283,6,Nordmøre og Sør-Trøndelag,
21,2016,24035,Håvikvågen S,medikamentell,fôrbehandling,Diflubenzuron,,,,deler av lokaliteten,1241,FUSA,12,Hordaland,60.169834,5.69645,3,Karmøy til Sotra,
21,2016,12896,Hegerbergtrøa,medikamentell,badebehandling,Annet virkestoff,,,,deler av lokaliteten,1560,TINGVOLL,15,Møre og Romsdal,62.883934,8.149917,6,Nordmøre og Sør-Trøndelag,
21,2016,12590,Helligholmen,medikamentell,badebehandling,Azamethiphos,,,,deler av lokaliteten,1750,VIKNA,17,Nord-Trøndelag,64.83839,10.665517,7,Nord-Trøndelag med Bindal,
21,2016,12590,Helligholmen,medikamentell,badebehandling,Deltamethrin,,,,deler av lokaliteten,1750,VIKNA,17,Nord-Trøndelag,64.83839,10.665517,7,Nord-Trøndelag med Bindal,
21,2016,14136,Hestholmen Ø,medikamentell,fôrbehandling,Emamectin benzoat,,,,hele lokaliteten,1144,KVITSØY,11,Rogaland,59.061565,5.445683,2,Ryfylke,
21,2016,10300,Hillersvik,medikamentell,badebehandling,Hydrogenperoksid,,,,deler av lokaliteten,1216,SVEIO,12,Hordaland,59.6084,5.311917,3,Karmøy til Sotra,
21,2016,12036,Hisdalen,medikamentell,badebehandling,Annet virkestoff,,,,hele lokaliteten,1224,KVINNHERAD,12,Hordaland,60.126118,5.9305,3,Karmøy til Sotra,
21,2016,12036,Hisdalen,medikamentell,badebehandling,Annet virkestoff,,,,hele lokaliteten,1224,KVINNHERAD,12,Hordaland,60.126118,5.9305,3,Karmøy til Sotra,
21,2016,10536,Høgholmen,medikamentell,badebehandling,Azamethiphos,,,,deler av lokaliteten,1903,HARSTAD,19,Troms,69.03105,16.481916,10,Andøya til Senja,
21,2016,12035,Hondskår,medikamentell,badebehandling,Annet virkestoff,,,,deler av lokaliteten,1224,KVINNHERAD,12,Hordaland,60.10687,5.939133,3,Karmøy til Sotra,
21,2016,19939,Høysteinen,medikamentell,fôrbehandling,Teflubenzuron,,,,deler av lokaliteten,1224,KVINNHERAD,12,Hordaland,60.157417,6.050117,3,Karmøy til Sotra,
21,2016,33577,Kjeholmen II,rensefisk,,,1693,Bergnebb,30685,hele lokaliteten,1003,FARSUND,10,Vest-Agder,58.06008,6.885683,1,Svenskegrensen til Jæren,
21,2016,12294,Kjerstad,ikke-medikamentell,,,,,,deler av lokaliteten,1534,HARAM,15,Møre og Romsdal,62.622368,6.224883,5,Stadt til Hustadvika,
21,2016,26135,Kjørsvikgrunn,medikamentell,fôrbehandling,Emamectin benzoat,,,,hele lokaliteten,1612,HEMNE,16,Sør-Trøndelag,63.457565,9.076,6,Nordmøre og Sør-Trøndelag,
21,2016,13339,Klungervikneset,medikamentell,badebehandling,Hydrogenperoksid,,,,hele lokaliteten,1219,BØMLO,12,Hordaland,59.74668,5.3424,3,Karmøy til Sotra,
21,2016,11763,Knappen,medikamentell,badebehandling,Annet virkestoff,,,,deler av lokaliteten,1259,ØYGARDEN,12,Hordaland,60.5735,4.818517,4,Nordhordaland til Stadt,
21,2016,11575,Koløy N,medikamentell,fôrbehandling,Teflubenzuron,,,,hele lokaliteten,1222,FITJAR,12,Hordaland,59.8616,5.288267,3,Karmøy til Sotra,
21,2016,32518,Kuøyna,medikamentell,fôrbehandling,Emamectin benzoat,,,,hele lokaliteten,1411,GULEN,14,Sogn og Fjordane,60.996983,4.897467,4,Nordhordaland til Stadt,
21,2016,15860,Kvenbukta Vest,medikamentell,badebehandling,Azamethiphos,,,,deler av lokaliteten,1928,TORSKEN,19,Troms,69.23299,17.089382,10,Andøya til Senja,
21,2016,13234,Kysnes,medikamentell,badebehandling,Annet virkestoff,,,,hele lokaliteten,1227,JONDAL,12,Hordaland,60.19877,6.09685,3,Karmøy til Sotra,
21,2016,13234,Kysnes,rensefisk,,,2221,Rognkjeks (felles),11002,hele lokaliteten,1227,JONDAL,12,Hordaland,60.19877,6.09685,3,Karmøy til Sotra,
21,2016,24715,Langholmen,medikamentell,badebehandling,Annet virkestoff,,,,hele lokaliteten,1141,FINNØY,11,Rogaland,59.097282,5.835917,2,Ryfylke,
21,2016,24715,Langholmen,medikamentell,badebehandling,Annet virkestoff,,,,hele lokaliteten,1141,FINNØY,11,Rogaland,59.097282,5.835917,2,Ryfylke,
21,2016,24715,Langholmen,ikke-medikamentell,,,,,,hele lokaliteten,1141,FINNØY,11,Rogaland,59.097282,5.835917,2,Ryfylke,
21,2016,13340,Leiholmane,medikamentell,fôrbehandling,Emamectin benzoat,,,,hele lokaliteten,1411,GULEN,14,Sogn og Fjordane,60.982216,4.875017,4,Nordhordaland til Stadt,
21,2016,29056,Lille Torsøy II,ikke-medikamentell,,,,,,deler av lokaliteten,1617,HITRA,16,Sør-Trøndelag,63.60803,8.494633,6,Nordmøre og Sør-Trøndelag,
21,2016,12134,Maradalen,ikke-medikamentell,,,,,,hele lokaliteten,1224,KVINNHERAD,12,Hordaland,59.76077,5.686767,3,Karmøy til Sotra,
21,2016,31637,Melkøya,medikamentell,fôrbehandling,Diflubenzuron,,,,deler av lokaliteten,1818,HERØY I NORDLAND,18,Nordland,66.08231,12.201167,8,Helgeland til Bodø,
21,2016,12047,Mjåneset,medikamentell,fôrbehandling,Diflubenzuron,,,,deler av lokaliteten,1241,FUSA,12,Hordaland,60.176,5.7244,3,Karmøy til Sotra,
21,2016,10303,Nappeholmane,medikamentell,badebehandling,Hydrogenperoksid,,,,hele lokaliteten,1219,BØMLO,12,Hordaland,59.743034,5.363783,3,Karmøy til Sotra,
21,2016,10375,Nord Leksa,rensefisk,,,222120,Rognkjeks (hun),488,deler av lokaliteten,1622,AGDENES,16,Sør-Trøndelag,63.589466,9.409383,6,Nordmøre og Sør-Trøndelag,
21,2016,26315,Nordgjæslingan,ikke-medikamentell,,,,,,hele lokaliteten,1750,VIKNA,17,Nord-Trøndelag,64.7659,10.9128,7,Nord-Trøndelag med Bindal,
21,2016,13020,Nygård,medikamentell,fôrbehandling,Diflubenzuron,,,,hele lokaliteten,1242,SAMNANGER,12,Hordaland,60.358067,5.683283,3,Karmøy til Sotra,
21,2016,10181,Oksebåsen V,medikamentell,fôrbehandling,Emamectin benzoat,,,,hele lokaliteten,1532,GISKE,15,Møre og Romsdal,62.5174,6.15805,5,Stadt til Hustadvika,
21,2016,12383,Omsøyholman,ikke-medikamentell,,,,,,deler av lokaliteten,1617,HITRA,16,Sør-Trøndelag,63.63162,8.574817,6,Nordmøre og Sør-Trøndelag,
21,2016,19655,Ospeneset,medikamentell,badebehandling,Annet virkestoff,,,,hele lokaliteten,1263,LINDÅS,12,Hordaland,60.74618,5.2701,4,Nordhordaland til Stadt,
21,2016,11688,Portevika,medikamentell,badebehandling,Annet virkestoff,,,,hele lokaliteten,1413,HYLLESTAD,14,Sogn og Fjordane,61.18885,5.090017,4,Nordhordaland til Stadt,
21,2016,30817,Raudøya,medikamentell,fôrbehandling,Emamectin benzoat,,,,hele lokaliteten,1633,OSEN,16,Sør-Trøndelag,64.3646,10.439133,6,Nordmøre og Sør-Trøndelag,
21,2016,29896,Renndalen,rensefisk,,,222120,Rognkjeks (hun),26480,deler av lokaliteten,1571,HALSA,15,Møre og Romsdal,63.176167,8.616817,6,Nordmøre og Sør-Trøndelag,
21,2016,12281,Rogne,medikamentell,badebehandling,Hydrogenperoksid,,,,deler av lokaliteten,1534,HARAM,15,Møre og Romsdal,62.6695,6.356833,5,Stadt til Hustadvika,
21,2016,29276,Rongøy,ikke-medikamentell,,,,,,deler av lokaliteten,1259,ØYGARDEN,12,Hordaland,60.509335,4.9317,4,Nordhordaland til Stadt,
21,2016,12003,Rossholmen N,medikamentell,fôrbehandling,Emamectin benzoat,,,,hele lokaliteten,1142,RENNESØY,11,Rogaland,59.06428,5.722617,2,Ryfylke,
21,2016,11770,Rotøy,medikamentell,badebehandling,Annet virkestoff,,,,deler av lokaliteten,1259,ØYGARDEN,12,Hordaland,60.682533,4.760017,4,Nordhordaland til Stadt,
21,2016,12298,Røysa,medikamentell,fôrbehandling,Emamectin benzoat,,,,hele lokaliteten,1532,GISKE,15,Møre og Romsdal,62.54865,6.1417,5,Stadt til Hustadvika,
21,2016,34857,Salatskjæra,rensefisk,,,1694,Grøngylt,13474,deler av lokaliteten,1620,FRØYA,16,Sør-Trøndelag,63.90485,8.589133,6,Nordmøre og Sør-Trøndelag,
21,2016,34857,Salatskjæra,rensefisk,,,1691,Berggylt,2824,deler av lokaliteten,1620,FRØYA,16,Sør-Trøndelag,63.90485,8.589133,6,Nordmøre og Sør-Trøndelag,
21,2016,10550,Skardbergvika,medikamentell,badebehandling,Azamethiphos,,,,hele lokaliteten,1919,GRATANGEN,19,Troms,68.72922,17.307068,10,Andøya til Senja,
21,2016,10550,Skardbergvika,medikamentell,badebehandling,Deltamethrin,,,,hele lokaliteten,1919,GRATANGEN,19,Troms,68.72922,17.307068,10,Andøya til Senja,
21,2016,11737,Skorpa,medikamentell,fôrbehandling,Emamectin benzoat,,,,hele lokaliteten,1411,GULEN,14,Sogn og Fjordane,60.944233,4.882817,4,Nordhordaland til Stadt,
21,2016,11640,Skorpeosen,medikamentell,fôrbehandling,Diflubenzuron,,,,deler av lokaliteten,1246,FJELL,12,Hordaland,60.332535,4.942783,3,Karmøy til Sotra,
21,2016,18657,Skredstivik,medikamentell,fôrbehandling,Teflubenzuron,,,,deler av lokaliteten,1413,HYLLESTAD,14,Sogn og Fjordane,61.1567,5.133983,4,Nordhordaland til Stadt,
21,2016,30997,Skrubbholmen,medikamentell,badebehandling,Azamethiphos,,,,hele lokaliteten,1751,NÆRØY,17,Nord-Trøndelag,64.801735,11.162183,7,Nord-Trøndelag med Bindal,
21,2016,30997,Skrubbholmen,medikamentell,badebehandling,Deltamethrin,,,,hele lokaliteten,1751,NÆRØY,17,Nord-Trøndelag,64.801735,11.162183,7,Nord-Trøndelag med Bindal,
21,2016,15375,Sørøyflesa,ikke-medikamentell,,,,,,hele lokaliteten,1620,FRØYA,16,Sør-Trøndelag,63.98405,9.057067,6,Nordmøre og Sør-Trøndelag,
21,2016,13290,Stigvika,ikke-medikamentell,,,,,,hele lokaliteten,1838,GILDESKÅL,18,Nordland,67.06885,14.076133,8,Helgeland til Bodø,
21,2016,11486,Stokkavik,medikamentell,badebehandling,Hydrogenperoksid,,,,hele lokaliteten,1219,BØMLO,12,Hordaland,59.7604,5.341183,3,Karmøy til Sotra,
21,2016,12081,Straumneset,medikamentell,badebehandling,Annet virkestoff,,,,hele lokaliteten,1227,JONDAL,12,Hordaland,60.220966,6.139567,3,Karmøy til Sotra,
21,2016,12081,Straumneset,rensefisk,,,2221,Rognkjeks (felles),11780,hele lokaliteten,1227,JONDAL,12,Hordaland,60.220966,6.139567,3,Karmøy til Sotra,
21,2016,10054,Tobbeholmane,medikamentell,badebehandling,Annet virkestoff,,,,hele lokaliteten,1244,AUSTEVOLL,12,Hordaland,60.02432,5.30815,3,Karmøy til Sotra,
21,2016,10726,Uløybukt,medikamentell,badebehandling,Azamethiphos,,,,hele lokaliteten,1941,SKJERVØY,19,Troms,69.860085,20.713966,11,Kvaløya til Loppa,
21,2016,13837,Verpeide,medikamentell,badebehandling,Azamethiphos,,,,hele lokaliteten,1439,VÅGSØY,14,Sogn og Fjordane,61.902954,5.207967,4,Nordhordaland til Stadt,
21,2016,13837,Verpeide,medikamentell,badebehandling,Deltamethrin,,,,hele lokaliteten,1439,VÅGSØY,14,Sogn og Fjordane,61.902954,5.207967,4,Nordhordaland til Stadt,
21,2016,10616,Vinnalandet,medikamentell,badebehandling,Hydrogenperoksid,,,,hele lokaliteten,2004,HAMMERFEST,20,Finnmark,70.57315,23.397882,12,Vest-Finnmark,
21,2016,17495,Vullum,rensefisk,,,222120,Rognkjeks (hun),32015,hele lokaliteten,1571,HALSA,15,Møre og Romsdal,63.04895,8.21635,6,Nordmøre og Sør-Trøndelag,
21,2016,24175,Ytre Lavollsfjord,rensefisk,,,222120,Rognkjeks (hun),1,hele lokaliteten,1929,BERG,19,Troms,69.419464,17.287567,10,Andøya til Senja,
20,2016,13254,Aukan,ikke-medikamentell,,,,,,deler av lokaliteten,1554,AVERØY,15,Møre og Romsdal,63.0603,7.594283,6,Nordmøre og Sør-Trøndelag,
20,2016,23436,Bjørnholmen,medikamentell,badebehandling,Annet virkestoff,,,,deler av lokaliteten,1412,SOLUND,14,Sogn og Fjordane,61.20635,4.938083,4,Nordhordaland til Stadt,
20,2016,12040,Brandaskuta,medikamentell,badebehandling,Annet virkestoff,,,,hele lokaliteten,1224,KVINNHERAD,12,Hordaland,59.975735,5.909183,3,Karmøy til Sotra,
20,2016,12040,Brandaskuta,medikamentell,fôrbehandling,Diflubenzuron,,,,deler av lokaliteten,1224,KVINNHERAD,12,Hordaland,59.975735,5.909183,3,Karmøy til Sotra,
20,2016,11488,Brattavika,medikamentell,fôrbehandling,Teflubenzuron,,,,hele lokaliteten,1244,AUSTEVOLL,12,Hordaland,60.044117,5.303317,3,Karmøy til Sotra,
20,2016,13205,Brattholmen,medikamentell,badebehandling,Hydrogenperoksid,,,,hele lokaliteten,1412,SOLUND,14,Sogn og Fjordane,61.068382,4.713817,4,Nordhordaland til Stadt,
20,2016,33537,Buholmen,medikamentell,fôrbehandling,Annet virkestoff,,,,hele lokaliteten,1632,ROAN,16,Sør-Trøndelag,64.1569,10.008917,6,Nordmøre og Sør-Trøndelag,
20,2016,26595,Djupevika,ikke-medikamentell,,,,,,deler av lokaliteten,1223,TYSNES,12,Hordaland,60.035816,5.342217,3,Karmøy til Sotra,
20,2016,20455,Djupevika,rensefisk,,,222120,Rognkjeks (hun),9155,deler av lokaliteten,1224,KVINNHERAD,12,Hordaland,60.0406,6.010917,3,Karmøy til Sotra,
20,2016,13870,Eikebærånæ,medikamentell,badebehandling,Annet virkestoff,,,,deler av lokaliteten,1263,LINDÅS,12,Hordaland,60.563435,5.353017,4,Nordhordaland til Stadt,
20,2016,13870,Eikebærånæ,medikamentell,fôrbehandling,Diflubenzuron,,,,hele lokaliteten,1263,LINDÅS,12,Hordaland,60.563435,5.353017,4,Nordhordaland til Stadt,
20,2016,24575,Farmannsøya,medikamentell,fôrbehandling,Annet virkestoff,,,,hele lokaliteten,1632,ROAN,16,Sør-Trøndelag,64.18452,10.1222,6,Nordmøre og Sør-Trøndelag,
20,2016,25895,Flornes,medikamentell,fôrbehandling,Diflubenzuron,,,,hele lokaliteten,1223,TYSNES,12,Hordaland,59.890984,5.665983,3,Karmøy til Sotra,
20,2016,19278,Forsåstorvika,medikamentell,badebehandling,Hydrogenperoksid,,,,hele lokaliteten,1850,TYSFJORD,18,Nordland,68.170715,16.153233,9,Vestfjorden og Vesterålen,
20,2016,22015,Fureneset,medikamentell,badebehandling,Annet virkestoff,,,,deler av lokaliteten,1412,SOLUND,14,Sogn og Fjordane,61.16562,5.052417,4,Nordhordaland til Stadt,
20,2016,12078,Gangdal,medikamentell,badebehandling,Annet virkestoff,,,,hele lokaliteten,1227,JONDAL,12,Hordaland,60.215935,6.156667,3,Karmøy til Sotra,
20,2016,11771,Grisholmsundet,medikamentell,fôrbehandling,Emamectin benzoat,,,,hele lokaliteten,1265,FEDJE,12,Hordaland,60.7927,4.693717,4,Nordhordaland til Stadt,
20,2016,12265,Gudmundset,ikke-medikamentell,,,,,,deler av lokaliteten,1529,SKODJE,15,Møre og Romsdal,62.4527,6.602483,5,Stadt til Hustadvika,
20,2016,22095,Hågardsneset,medikamentell,badebehandling,Annet virkestoff,,,,deler av lokaliteten,1224,KVINNHERAD,12,Hordaland,59.9844,5.929967,3,Karmøy til Sotra,
20,2016,22095,Hågardsneset,medikamentell,fôrbehandling,Diflubenzuron,,,,deler av lokaliteten,1224,KVINNHERAD,12,Hordaland,59.9844,5.929967,3,Karmøy til Sotra,
20,2016,16755,Hageberg,medikamentell,fôrbehandling,Teflubenzuron,,,,hele lokaliteten,1222,FITJAR,12,Hordaland,59.944218,5.434733,3,Karmøy til Sotra,
20,2016,13592,Hammer,rensefisk,,,2221,Rognkjeks (felles),68327,hele lokaliteten,1848,STEIGEN,18,Nordland,67.95877,15.171667,9,Vestfjorden og Vesterålen,
20,2016,11511,Hattasteinen,medikamentell,fôrbehandling,Teflubenzuron,,,,deler av lokaliteten,1219,BØMLO,12,Hordaland,59.626266,5.250717,3,Karmøy til Sotra,
20,2016,11511,Hattasteinen,ikke-medikamentell,,,,,,deler av lokaliteten,1219,BØMLO,12,Hordaland,59.626266,5.250717,3,Karmøy til Sotra,
20,2016,24035,Håvikvågen S,medikamentell,fôrbehandling,Diflubenzuron,,,,hele lokaliteten,1241,FUSA,12,Hordaland,60.169834,5.69645,3,Karmøy til Sotra,
20,2016,30897,Havsundet,medikamentell,fôrbehandling,Emamectin benzoat,,,,hele lokaliteten,1627,BJUGN,16,Sør-Trøndelag,63.799534,9.440667,6,Nordmøre og Sør-Trøndelag,
20,2016,34017,Hilbåan,ikke-medikamentell,,,,,,deler av lokaliteten,1617,HITRA,16,Sør-Trøndelag,63.6686,8.844717,6,Nordmøre og Sør-Trøndelag,
20,2016,10300,Hillersvik,medikamentell,badebehandling,Annet virkestoff,,,,deler av lokaliteten,1216,SVEIO,12,Hordaland,59.6084,5.311917,3,Karmøy til Sotra,
20,2016,12036,Hisdalen,medikamentell,badebehandling,Annet virkestoff,,,,deler av lokaliteten,1224,KVINNHERAD,12,Hordaland,60.126118,5.9305,3,Karmøy til Sotra,
20,2016,12035,Hondskår,medikamentell,badebehandling,Annet virkestoff,,,,deler av lokaliteten,1224,KVINNHERAD,12,Hordaland,60.10687,5.939133,3,Karmøy til Sotra,
20,2016,13231,Høylandssund,ikke-medikamentell,,,,,,hele lokaliteten,1224,KVINNHERAD,12,Hordaland,59.77755,5.8298,3,Karmøy til Sotra,
20,2016,28976,Kelvesteinen,ikke-medikamentell,,,,,,deler av lokaliteten,1246,FJELL,12,Hordaland,60.4029,5.063717,3,Karmøy til Sotra,
20,2016,33577,Kjeholmen II,rensefisk,,,1693,Bergnebb,30685,hele lokaliteten,1003,FARSUND,10,Vest-Agder,58.06008,6.885683,1,Svenskegrensen til Jæren,
20,2016,26135,Kjørsvikgrunn,medikamentell,fôrbehandling,Emamectin benzoat,,,,hele lokaliteten,1612,HEMNE,16,Sør-Trøndelag,63.457565,9.076,6,Nordmøre og Sør-Trøndelag,
20,2016,11575,Koløy N,medikamentell,fôrbehandling,Teflubenzuron,,,,hele lokaliteten,1222,FITJAR,12,Hordaland,59.8616,5.288267,3,Karmøy til Sotra,
20,2016,12239,Kråknes,medikamentell,fôrbehandling,Teflubenzuron,,,,deler av lokaliteten,1547,AUKRA,15,Møre og Romsdal,62.83145,6.962733,5,Stadt til Hustadvika,
20,2016,13234,Kysnes,medikamentell,badebehandling,Annet virkestoff,,,,hele lokaliteten,1227,JONDAL,12,Hordaland,60.19877,6.09685,3,Karmøy til Sotra,
20,2016,12392,Lille Torsøy,medikamentell,badebehandling,Annet virkestoff,,,,hele lokaliteten,1617,HITRA,16,Sør-Trøndelag,63.605633,8.48855,6,Nordmøre og Sør-Trøndelag,
20,2016,32057,Lyngøy,ikke-medikamentell,,,,,,deler av lokaliteten,1750,VIKNA,17,Nord-Trøndelag,64.81865,10.935217,7,Nord-Trøndelag med Bindal,
20,2016,31637,Melkøya,medikamentell,fôrbehandling,Diflubenzuron,,,,deler av lokaliteten,1818,HERØY I NORDLAND,18,Nordland,66.08231,12.201167,8,Helgeland til Bodø,
20,2016,12047,Mjåneset,medikamentell,fôrbehandling,Diflubenzuron,,,,deler av lokaliteten,1241,FUSA,12,Hordaland,60.176,5.7244,3,Karmøy til Sotra,
20,2016,13020,Nygård,medikamentell,fôrbehandling,Diflubenzuron,,,,hele lokaliteten,1242,SAMNANGER,12,Hordaland,60.358067,5.683283,3,Karmøy til Sotra,
20,2016,10181,Oksebåsen V,medikamentell,fôrbehandling,Emamectin benzoat,,,,hele lokaliteten,1532,GISKE,15,Møre og Romsdal,62.5174,6.15805,5,Stadt til Hustadvika,
20,2016,15403,Olderøy,medikamentell,badebehandling,Azamethiphos,,,,hele lokaliteten,1412,SOLUND,14,Sogn og Fjordane,61.103283,4.712233,4,Nordhordaland til Stadt,
20,2016,15403,Olderøy,medikamentell,badebehandling,Deltamethrin,,,,hele lokaliteten,1412,SOLUND,14,Sogn og Fjordane,61.103283,4.712233,4,Nordhordaland til Stadt,
20,2016,10136,Onarøy,medikamentell,fôrbehandling,Emamectin benzoat,,,,hele lokaliteten,1223,TYSNES,12,Hordaland,59.95335,5.669683,3,Karmøy til Sotra,
20,2016,19655,Ospeneset,medikamentell,badebehandling,Annet virkestoff,,,,hele lokaliteten,1263,LINDÅS,12,Hordaland,60.74618,5.2701,4,Nordhordaland til Stadt,
20,2016,11688,Portevika,medikamentell,badebehandling,Annet virkestoff,,,,deler av lokaliteten,1413,HYLLESTAD,14,Sogn og Fjordane,61.18885,5.090017,4,Nordhordaland til Stadt,
20,2016,11688,Portevika,medikamentell,fôrbehandling,Emamectin benzoat,,,,hele lokaliteten,1413,HYLLESTAD,14,Sogn og Fjordane,61.18885,5.090017,4,Nordhordaland til Stadt,
20,2016,13867,Raunevågen,ikke-medikamentell,,,,,,deler av lokaliteten,1216,SVEIO,12,Hordaland,59.65798,5.533667,3,Karmøy til Sotra,
20,2016,12281,Rogne,medikamentell,badebehandling,Hydrogenperoksid,,,,deler av lokaliteten,1534,HARAM,15,Møre og Romsdal,62.6695,6.356833,5,Stadt til Hustadvika,
20,2016,12003,Rossholmen N,medikamentell,fôrbehandling,Emamectin benzoat,,,,hele lokaliteten,1142,RENNESØY,11,Rogaland,59.06428,5.722617,2,Ryfylke,
20,2016,11770,Rotøy,medikamentell,badebehandling,Annet virkestoff,,,,deler av lokaliteten,1259,ØYGARDEN,12,Hordaland,60.682533,4.760017,4,Nordhordaland til Stadt,
20,2016,12298,Røysa,medikamentell,fôrbehandling,Emamectin benzoat,,,,hele lokaliteten,1532,GISKE,15,Møre og Romsdal,62.54865,6.1417,5,Stadt til Hustadvika,
20,2016,31677,Sandholmane,rensefisk,,,222120,Rognkjeks (hun),55824,hele lokaliteten,1546,SANDØY,15,Møre og Romsdal,62.796284,6.669933,5,Stadt til Hustadvika,
20,2016,22315,Skavhella,medikamentell,badebehandling,Annet virkestoff,,,,deler av lokaliteten,1243,OS I HORDALAND,12,Hordaland,60.22175,5.557367,3,Karmøy til Sotra,
20,2016,11737,Skorpa,medikamentell,fôrbehandling,Emamectin benzoat,,,,hele lokaliteten,1411,GULEN,14,Sogn og Fjordane,60.944233,4.882817,4,Nordhordaland til Stadt,
20,2016,11640,Skorpeosen,medikamentell,fôrbehandling,Diflubenzuron,,,,hele lokaliteten,1246,FJELL,12,Hordaland,60.332535,4.942783,3,Karmøy til Sotra,
20,2016,18657,Skredstivik,medikamentell,fôrbehandling,Teflubenzuron,,,,deler av lokaliteten,1413,HYLLESTAD,14,Sogn og Fjordane,61.1567,5.133983,4,Nordhordaland til Stadt,
20,2016,31117,Skrubbo,medikamentell,fôrbehandling,Diflubenzuron,,,,hele lokaliteten,1241,FUSA,12,Hordaland,60.15632,5.713217,3,Karmøy til Sotra,
20,2016,12081,Straumneset,medikamentell,badebehandling,Annet virkestoff,,,,hele lokaliteten,1227,JONDAL,12,Hordaland,60.220966,6.139567,3,Karmøy til Sotra,
20,2016,22955,Svollandsneset,medikamentell,badebehandling,Annet virkestoff,,,,hele lokaliteten,1160,VINDAFJORD,11,Rogaland,59.684235,5.589717,3,Karmøy til Sotra,
20,2016,22955,Svollandsneset,rensefisk,,,2221,Rognkjeks (felles),14500,hele lokaliteten,1160,VINDAFJORD,11,Rogaland,59.684235,5.589717,3,Karmøy til Sotra,
20,2016,21755,Tendalsvik,medikamentell,fôrbehandling,Diflubenzuron,,,,hele lokaliteten,1211,ETNE,12,Hordaland,59.73605,5.884,3,Karmøy til Sotra,
20,2016,25815,Tittelsnes,rensefisk,,,2221,Rognkjeks (felles),9000,deler av lokaliteten,1216,SVEIO,12,Hordaland,59.723484,5.533483,3,Karmøy til Sotra,
20,2016,29936,Ystadneset,medikamentell,fôrbehandling,Diflubenzuron,,,,deler av lokaliteten,1224,KVINNHERAD,12,Hordaland,59.977932,5.77565,3,Karmøy til Sotra,
20,2016,24175,Ytre Lavollsfjord,rensefisk,,,222120,Rognkjeks (hun),1,hele lokaliteten,1929,BERG,19,Troms,69.419464,17.287567,10,Andøya til Senja,
19,2016,33457,Ånderbakk,medikamentell,badebehandling,Annet virkestoff,,,,deler av lokaliteten,1848,STEIGEN,18,Nordland,67.754684,15.704383,9,Vestfjorden og Vesterålen,
19,2016,13254,Aukan,ikke-medikamentell,,,,,,deler av lokaliteten,1554,AVERØY,15,Møre og Romsdal,63.0603,7.594283,6,Nordmøre og Sør-Trøndelag,
19,2016,31317,Bjørkvik,medikamentell,badebehandling,Hydrogenperoksid,,,,hele lokaliteten,1850,TYSFJORD,18,Nordland,68.02925,16.131416,9,Vestfjorden og Vesterålen,
19,2016,23436,Bjørnholmen,medikamentell,badebehandling,Annet virkestoff,,,,deler av lokaliteten,1412,SOLUND,14,Sogn og Fjordane,61.20635,4.938083,4,Nordhordaland til Stadt,
19,2016,12040,Brandaskuta,medikamentell,badebehandling,Annet virkestoff,,,,hele lokaliteten,1224,KVINNHERAD,12,Hordaland,59.975735,5.909183,3,Karmøy til Sotra,
19,2016,11488,Brattavika,medikamentell,fôrbehandling,Teflubenzuron,,,,hele lokaliteten,1244,AUSTEVOLL,12,Hordaland,60.044117,5.303317,3,Karmøy til Sotra,
19,2016,13205,Brattholmen,medikamentell,badebehandling,Hydrogenperoksid,,,,hele lokaliteten,1412,SOLUND,14,Sogn og Fjordane,61.068382,4.713817,4,Nordhordaland til Stadt,
19,2016,33537,Buholmen,medikamentell,fôrbehandling,Annet virkestoff,,,,hele lokaliteten,1632,ROAN,16,Sør-Trøndelag,64.1569,10.008917,6,Nordmøre og Sør-Trøndelag,
19,2016,10505,Dragnes,medikamentell,badebehandling,Hydrogenperoksid,,,,hele lokaliteten,1866,HADSEL,18,Nordland,68.58348,14.706217,9,Vestfjorden og Vesterålen,
19,2016,32117,Dyrholmen Øst,ikke-medikamentell,,,,,,hele lokaliteten,1222,FITJAR,12,Hordaland,59.9332,5.239467,3,Karmøy til Sotra,
19,2016,25895,Flornes,medikamentell,fôrbehandling,Diflubenzuron,,,,hele lokaliteten,1223,TYSNES,12,Hordaland,59.890984,5.665983,3,Karmøy til Sotra,
19,2016,21335,Floteneset,rensefisk,,,222120,Rognkjeks (hun),17000,deler av lokaliteten,1416,HØYANGER,14,Sogn og Fjordane,61.1936,5.801617,4,Nordhordaland til Stadt,
19,2016,19278,Forsåstorvika,medikamentell,badebehandling,Hydrogenperoksid,,,,hele lokaliteten,1850,TYSFJORD,18,Nordland,68.170715,16.153233,9,Vestfjorden og Vesterålen,
19,2016,11530,Gissøysundet S,medikamentell,badebehandling,Annet virkestoff,,,,hele lokaliteten,1219,BØMLO,12,Hordaland,59.62327,5.159667,3,Karmøy til Sotra,
19,2016,24315,Gjæsingen,medikamentell,fôrbehandling,Annet virkestoff,,,,deler av lokaliteten,1630,ÅFJORD,16,Sør-Trøndelag,64.117615,9.981417,6,Nordmøre og Sør-Trøndelag,
19,2016,11365,Gjervika,medikamentell,badebehandling,Annet virkestoff,,,,deler av lokaliteten,1927,TRANØY,19,Troms,69.050316,16.887266,10,Andøya til Senja,
19,2016,12435,Grøttingsøy,medikamentell,badebehandling,Annet virkestoff,,,,deler av lokaliteten,1620,FRØYA,16,Sør-Trøndelag,63.879684,8.543767,6,Nordmøre og Sør-Trøndelag,
19,2016,12265,Gudmundset,ikke-medikamentell,,,,,,deler av lokaliteten,1529,SKODJE,15,Møre og Romsdal,62.4527,6.602483,5,Stadt til Hustadvika,
19,2016,22095,Hågardsneset,medikamentell,badebehandling,Annet virkestoff,,,,deler av lokaliteten,1224,KVINNHERAD,12,Hordaland,59.9844,5.929967,3,Karmøy til Sotra,
19,2016,11511,Hattasteinen,medikamentell,fôrbehandling,Teflubenzuron,,,,deler av lokaliteten,1219,BØMLO,12,Hordaland,59.626266,5.250717,3,Karmøy til Sotra,
19,2016,11740,Haverøy,ikke-medikamentell,,,,,,deler av lokaliteten,1246,FJELL,12,Hordaland,60.404766,4.93995,3,Karmøy til Sotra,
19,2016,24035,Håvikvågen S,medikamentell,fôrbehandling,Diflubenzuron,,,,deler av lokaliteten,1241,FUSA,12,Hordaland,60.169834,5.69645,3,Karmøy til Sotra,
19,2016,30897,Havsundet,medikamentell,badebehandling,Annet virkestoff,,,,deler av lokaliteten,1627,BJUGN,16,Sør-Trøndelag,63.799534,9.440667,6,Nordmøre og Sør-Trøndelag,
19,2016,30897,Havsundet,ikke-medikamentell,,,,,,deler av lokaliteten,1627,BJUGN,16,Sør-Trøndelag,63.799534,9.440667,6,Nordmøre og Sør-Trøndelag,
19,2016,14679,Hellfjorden,medikamentell,badebehandling,Deltamethrin,,,,deler av lokaliteten,1867,BØ I NORDLAND,18,Nordland,68.66825,14.80025,9,Vestfjorden og Vesterålen,
19,2016,13006,Hestholmen N,rensefisk,,,2221,Rognkjeks (felles),222,deler av lokaliteten,1838,GILDESKÅL,18,Nordland,67.14678,14.016533,8,Helgeland til Bodø,
19,2016,10300,Hillersvik,medikamentell,badebehandling,Annet virkestoff,,,,deler av lokaliteten,1216,SVEIO,12,Hordaland,59.6084,5.311917,3,Karmøy til Sotra,
19,2016,12036,Hisdalen,medikamentell,badebehandling,Annet virkestoff,,,,deler av lokaliteten,1224,KVINNHERAD,12,Hordaland,60.126118,5.9305,3,Karmøy til Sotra,
19,2016,12035,Hondskår,medikamentell,badebehandling,Annet virkestoff,,,,deler av lokaliteten,1224,KVINNHERAD,12,Hordaland,60.10687,5.939133,3,Karmøy til Sotra,
19,2016,27095,Ihlholmen,ikke-medikamentell,,,,,,hele lokaliteten,1160,VINDAFJORD,11,Rogaland,59.7215,5.586633,3,Karmøy til Sotra,
19,2016,14042,Kattholmen,ikke-medikamentell,,,,,,deler av lokaliteten,1620,FRØYA,16,Sør-Trøndelag,63.870968,8.679017,6,Nordmøre og Sør-Trøndelag,
19,2016,33577,Kjeholmen II,rensefisk,,,1693,Bergnebb,30685,hele lokaliteten,1003,FARSUND,10,Vest-Agder,58.06008,6.885683,1,Svenskegrensen til Jæren,
19,2016,32577,Klammerholmen,medikamentell,fôrbehandling,Teflubenzuron,,,,hele lokaliteten,1244,AUSTEVOLL,12,Hordaland,60.08165,5.168567,3,Karmøy til Sotra,
19,2016,19195,Korsholman,ikke-medikamentell,,,,,,deler av lokaliteten,1617,HITRA,16,Sør-Trøndelag,63.597218,8.51575,6,Nordmøre og Sør-Trøndelag,
19,2016,12239,Kråknes,medikamentell,fôrbehandling,Teflubenzuron,,,,deler av lokaliteten,1547,AUKRA,15,Møre og Romsdal,62.83145,6.962733,5,Stadt til Hustadvika,
19,2016,11775,Kviteskjeret,rensefisk,,,2221,Rognkjeks (felles),13200,hele lokaliteten,1428,ASKVOLL,14,Sogn og Fjordane,61.467815,5.2203,4,Nordhordaland til Stadt,
19,2016,30216,Kvitfloget,medikamentell,badebehandling,Azamethiphos,,,,deler av lokaliteten,1927,TRANØY,19,Troms,69.14633,17.646017,10,Andøya til Senja,
19,2016,30076,Kyrøyene,ikke-medikamentell,,,,,,deler av lokaliteten,1750,VIKNA,17,Nord-Trøndelag,64.764015,10.806633,7,Nord-Trøndelag med Bindal,
19,2016,13234,Kysnes,medikamentell,badebehandling,Annet virkestoff,,,,hele lokaliteten,1227,JONDAL,12,Hordaland,60.19877,6.09685,3,Karmøy til Sotra,
19,2016,24715,Langholmen,medikamentell,badebehandling,Annet virkestoff,,,,hele lokaliteten,1141,FINNØY,11,Rogaland,59.097282,5.835917,2,Ryfylke,
19,2016,11116,Langholmen,ikke-medikamentell,,,,,,deler av lokaliteten,1838,GILDESKÅL,18,Nordland,67.05783,14.025333,8,Helgeland til Bodø,
19,2016,34637,Langholmen N,medikamentell,badebehandling,Hydrogenperoksid,,,,hele lokaliteten,1866,HADSEL,18,Nordland,68.66638,14.914717,9,Vestfjorden og Vesterålen,
19,2016,20559,Langskjæra,medikamentell,badebehandling,Annet virkestoff,,,,deler av lokaliteten,1620,FRØYA,16,Sør-Trøndelag,63.8225,8.75505,6,Nordmøre og Sør-Trøndelag,
19,2016,32057,Lyngøy,ikke-medikamentell,,,,,,deler av lokaliteten,1750,VIKNA,17,Nord-Trøndelag,64.81865,10.935217,7,Nord-Trøndelag med Bindal,
19,2016,12127,Mælen,ikke-medikamentell,,,,,,hele lokaliteten,1224,KVINNHERAD,12,Hordaland,59.69998,5.722917,3,Karmøy til Sotra,
19,2016,34277,Mikkelsøya,medikamentell,fôrbehandling,Emamectin benzoat,,,,hele lokaliteten,1867,BØ I NORDLAND,18,Nordland,68.65585,14.729617,9,Vestfjorden og Vesterålen,
19,2016,26435,Mjølsvik,medikamentell,fôrbehandling,Diflubenzuron,,,,deler av lokaliteten,1416,HØYANGER,14,Sogn og Fjordane,61.111584,6.0423,4,Nordhordaland til Stadt,
19,2016,26435,Mjølsvik,medikamentell,fôrbehandling,Diflubenzuron,,,,deler av lokaliteten,1416,HØYANGER,14,Sogn og Fjordane,61.111584,6.0423,4,Nordhordaland til Stadt,
19,2016,26435,Mjølsvik,medikamentell,fôrbehandling,Diflubenzuron,,,,deler av lokaliteten,1416,HØYANGER,14,Sogn og Fjordane,61.111584,6.0423,4,Nordhordaland til Stadt,
19,2016,26435,Mjølsvik,medikamentell,fôrbehandling,Diflubenzuron,,,,deler av lokaliteten,1416,HØYANGER,14,Sogn og Fjordane,61.111584,6.0423,4,Nordhordaland til Stadt,
19,2016,26435,Mjølsvik,medikamentell,fôrbehandling,Emamectin benzoat,,,,deler av lokaliteten,1416,HØYANGER,14,Sogn og Fjordane,61.111584,6.0423,4,Nordhordaland til Stadt,
19,2016,30157,Movik,medikamentell,badebehandling,Hydrogenperoksid,,,,deler av lokaliteten,1845,SØRFOLD,18,Nordland,67.63177,15.26225,9,Vestfjorden og Vesterålen,
19,2016,30157,Movik,ikke-medikamentell,,,,,,deler av lokaliteten,1845,SØRFOLD,18,Nordland,67.63177,15.26225,9,Vestfjorden og Vesterålen,
19,2016,15403,Olderøy,medikamentell,badebehandling,Azamethiphos,,,,deler av lokaliteten,1412,SOLUND,14,Sogn og Fjordane,61.103283,4.712233,4,Nordhordaland til Stadt,
19,2016,15403,Olderøy,medikamentell,badebehandling,Deltamethrin,,,,deler av lokaliteten,1412,SOLUND,14,Sogn og Fjordane,61.103283,4.712233,4,Nordhordaland til Stadt,
19,2016,10136,Onarøy,medikamentell,fôrbehandling,Emamectin benzoat,,,,hele lokaliteten,1223,TYSNES,12,Hordaland,59.95335,5.669683,3,Karmøy til Sotra,
19,2016,19655,Ospeneset,medikamentell,badebehandling,Annet virkestoff,,,,hele lokaliteten,1263,LINDÅS,12,Hordaland,60.74618,5.2701,4,Nordhordaland til Stadt,
19,2016,13345,Oterstegdalen,medikamentell,badebehandling,Annet virkestoff,,,,deler av lokaliteten,1241,FUSA,12,Hordaland,60.23545,5.638267,3,Karmøy til Sotra,
19,2016,13786,Pollneset,medikamentell,fôrbehandling,Emamectin benzoat,,,,hele lokaliteten,1870,SORTLAND,18,Nordland,68.71255,15.11255,9,Vestfjorden og Vesterålen,
19,2016,11651,Ramsøy S,ikke-medikamentell,,,,,,deler av lokaliteten,1247,ASKØY,12,Hordaland,60.434082,5.062733,3,Karmøy til Sotra,
19,2016,28636,Rataren,ikke-medikamentell,,,,,,deler av lokaliteten,1620,FRØYA,16,Sør-Trøndelag,63.780884,8.517383,6,Nordmøre og Sør-Trøndelag,
19,2016,12209,Rønstad,medikamentell,badebehandling,Hydrogenperoksid,,,,hele lokaliteten,1519,VOLDA,15,Møre og Romsdal,62.135117,6.021433,5,Stadt til Hustadvika,
19,2016,11770,Rotøy,medikamentell,badebehandling,Annet virkestoff,,,,deler av lokaliteten,1259,ØYGARDEN,12,Hordaland,60.682533,4.760017,4,Nordhordaland til Stadt,
19,2016,13531,Skogshavn,medikamentell,badebehandling,Azamethiphos,,,,deler av lokaliteten,1926,DYRØY,19,Troms,69.09098,17.514784,10,Andøya til Senja,
19,2016,11640,Skorpeosen,medikamentell,fôrbehandling,Diflubenzuron,,,,hele lokaliteten,1246,FJELL,12,Hordaland,60.332535,4.942783,3,Karmøy til Sotra,
19,2016,12192,Skorva,medikamentell,fôrbehandling,Emamectin benzoat,,,,hele lokaliteten,1428,ASKVOLL,14,Sogn og Fjordane,61.467117,5.3136,4,Nordhordaland til Stadt,
19,2016,31117,Skrubbo,medikamentell,fôrbehandling,Diflubenzuron,,,,deler av lokaliteten,1241,FUSA,12,Hordaland,60.15632,5.713217,3,Karmøy til Sotra,
19,2016,27476,Solheim,medikamentell,badebehandling,Azamethiphos,,,,deler av lokaliteten,1936,KARLSØY,19,Troms,69.83117,19.520384,11,Kvaløya til Loppa,
19,2016,31338,Storskjeret,rensefisk,,,222120,Rognkjeks (hun),26357,deler av lokaliteten,1576,AURE,15,Møre og Romsdal,63.26985,8.228283,6,Nordmøre og Sør-Trøndelag,
19,2016,31817,Svartskjær,medikamentell,badebehandling,Hydrogenperoksid,,,,deler av lokaliteten,1917,IBESTAD,19,Troms,68.71893,16.7745,10,Andøya til Senja,
19,2016,22955,Svollandsneset,medikamentell,badebehandling,Annet virkestoff,,,,deler av lokaliteten,1160,VINDAFJORD,11,Rogaland,59.684235,5.589717,3,Karmøy til Sotra,
19,2016,22955,Svollandsneset,rensefisk,,,2221,Rognkjeks (felles),20100,deler av lokaliteten,1160,VINDAFJORD,11,Rogaland,59.684235,5.589717,3,Karmøy til Sotra,
19,2016,12449,Tennøya,ikke-medikamentell,,,,,,deler av lokaliteten,1620,FRØYA,16,Sør-Trøndelag,63.805035,8.4444,6,Nordmøre og Sør-Trøndelag,
19,2016,31557,Valøyan,medikamentell,fôrbehandling,Emamectin benzoat,,,,deler av lokaliteten,1620,FRØYA,16,Sør-Trøndelag,63.81735,8.462483,6,Nordmøre og Sør-Trøndelag,
19,2016,19235,Vindvika,medikamentell,badebehandling,Hydrogenperoksid,,,,hele lokaliteten,1804,BODØ,18,Nordland,67.533165,15.165583,9,Vestfjorden og Vesterålen,
19,2016,19235,Vindvika,ikke-medikamentell,,,,,,hele lokaliteten,1804,BODØ,18,Nordland,67.533165,15.165583,9,Vestfjorden og Vesterålen,
19,2016,29936,Ystadneset,medikamentell,fôrbehandling,Diflubenzuron,,,,deler av lokaliteten,1224,KVINNHERAD,12,Hordaland,59.977932,5.77565,3,Karmøy til Sotra,
19,2016,24175,Ytre Lavollsfjord,rensefisk,,,222120,Rognkjeks (hun),1,hele lokaliteten,1929,BERG,19,Troms,69.419464,17.287567,10,Andøya til Senja,
18,2016,15196,Aga Ø,medikamentell,fôrbehandling,Teflubenzuron,,,,hele lokaliteten,1219,BØMLO,12,Hordaland,59.8451,5.261367,3,Karmøy til Sotra,
18,2016,12357,Aursøysva,medikamentell,badebehandling,Hydrogenperoksid,,,,deler av lokaliteten,1620,FRØYA,16,Sør-Trøndelag,63.801968,8.910767,6,Nordmøre og Sør-Trøndelag,
18,2016,11749,Bårøy,medikamentell,fôrbehandling,Diflubenzuron,,,,hele lokaliteten,1411,GULEN,14,Sogn og Fjordane,60.9452,4.84605,4,Nordhordaland til Stadt,
18,2016,31317,Bjørkvik,medikamentell,badebehandling,Hydrogenperoksid,,,,deler av lokaliteten,1850,TYSFJORD,18,Nordland,68.02925,16.131416,9,Vestfjorden og Vesterålen,
18,2016,12040,Brandaskuta,medikamentell,badebehandling,Annet virkestoff,,,,deler av lokaliteten,1224,KVINNHERAD,12,Hordaland,59.975735,5.909183,3,Karmøy til Sotra,
18,2016,12594,Breidvika,medikamentell,fôrbehandling,Emamectin benzoat,,,,hele lokaliteten,1633,OSEN,16,Sør-Trøndelag,64.295364,10.397483,6,Nordmøre og Sør-Trøndelag,
18,2016,10505,Dragnes,medikamentell,badebehandling,Hydrogenperoksid,,,,deler av lokaliteten,1866,HADSEL,18,Nordland,68.58348,14.706217,9,Vestfjorden og Vesterålen,
18,2016,25895,Flornes,medikamentell,fôrbehandling,Diflubenzuron,,,,hele lokaliteten,1223,TYSNES,12,Hordaland,59.890984,5.665983,3,Karmøy til Sotra,
18,2016,26335,Geitholmen,ikke-medikamentell,,,,,,hele lokaliteten,1750,VIKNA,17,Nord-Trøndelag,64.79955,11.025933,7,Nord-Trøndelag med Bindal,
18,2016,11365,Gjervika,medikamentell,badebehandling,Annet virkestoff,,,,deler av lokaliteten,1927,TRANØY,19,Troms,69.050316,16.887266,10,Andøya til Senja,
18,2016,22095,Hågardsneset,medikamentell,badebehandling,Annet virkestoff,,,,deler av lokaliteten,1224,KVINNHERAD,12,Hordaland,59.9844,5.929967,3,Karmøy til Sotra,
18,2016,11740,Haverøy,ikke-medikamentell,,,,,,deler av lokaliteten,1246,FJELL,12,Hordaland,60.404766,4.93995,3,Karmøy til Sotra,
18,2016,30897,Havsundet,medikamentell,badebehandling,Annet virkestoff,,,,deler av lokaliteten,1627,BJUGN,16,Sør-Trøndelag,63.799534,9.440667,6,Nordmøre og Sør-Trøndelag,
18,2016,10300,Hillersvik,medikamentell,badebehandling,Annet virkestoff,,,,deler av lokaliteten,1216,SVEIO,12,Hordaland,59.6084,5.311917,3,Karmøy til Sotra,
18,2016,12036,Hisdalen,medikamentell,badebehandling,Annet virkestoff,,,,deler av lokaliteten,1224,KVINNHERAD,12,Hordaland,60.126118,5.9305,3,Karmøy til Sotra,
18,2016,12035,Hondskår,medikamentell,badebehandling,Annet virkestoff,,,,deler av lokaliteten,1224,KVINNHERAD,12,Hordaland,60.10687,5.939133,3,Karmøy til Sotra,
18,2016,19939,Høysteinen,rensefisk,,,2221,Rognkjeks (felles),11795,deler av lokaliteten,1224,KVINNHERAD,12,Hordaland,60.157417,6.050117,3,Karmøy til Sotra,
18,2016,13220,Kalhag,rensefisk,,,2221,Rognkjeks (felles),6000,hele lokaliteten,1130,STRAND,11,Rogaland,58.974716,5.93595,2,Ryfylke,
18,2016,14042,Kattholmen,ikke-medikamentell,,,,,,deler av lokaliteten,1620,FRØYA,16,Sør-Trøndelag,63.870968,8.679017,6,Nordmøre og Sør-Trøndelag,
18,2016,30437,Kattholmen II,ikke-medikamentell,,,,,,hele lokaliteten,1620,FRØYA,16,Sør-Trøndelag,63.8661,8.675683,6,Nordmøre og Sør-Trøndelag,
18,2016,33577,Kjeholmen II,rensefisk,,,1693,Bergnebb,30685,hele lokaliteten,1003,FARSUND,10,Vest-Agder,58.06008,6.885683,1,Svenskegrensen til Jæren,
18,2016,10041,Kviksholmen,medikamentell,fôrbehandling,Teflubenzuron,,,,hele lokaliteten,1244,AUSTEVOLL,12,Hordaland,60.054317,5.090733,3,Karmøy til Sotra,
18,2016,30076,Kyrøyene,ikke-medikamentell,,,,,,hele lokaliteten,1750,VIKNA,17,Nord-Trøndelag,64.764015,10.806633,7,Nord-Trøndelag med Bindal,
18,2016,24715,Langholmen,medikamentell,badebehandling,Annet virkestoff,,,,hele lokaliteten,1141,FINNØY,11,Rogaland,59.097282,5.835917,2,Ryfylke,
18,2016,11116,Langholmen,ikke-medikamentell,,,,,,deler av lokaliteten,1838,GILDESKÅL,18,Nordland,67.05783,14.025333,8,Helgeland til Bodø,
18,2016,34637,Langholmen N,medikamentell,badebehandling,Hydrogenperoksid,,,,hele lokaliteten,1866,HADSEL,18,Nordland,68.66638,14.914717,9,Vestfjorden og Vesterålen,
18,2016,13340,Leiholmane,medikamentell,fôrbehandling,Diflubenzuron,,,,hele lokaliteten,1411,GULEN,14,Sogn og Fjordane,60.982216,4.875017,4,Nordhordaland til Stadt,
18,2016,23056,Lekangsund II,medikamentell,badebehandling,Azamethiphos,,,,hele lokaliteten,1927,TRANØY,19,Troms,69.03788,17.264183,10,Andøya til Senja,
18,2016,28996,Loddetå,medikamentell,badebehandling,Annet virkestoff,,,,hele lokaliteten,1216,SVEIO,12,Hordaland,59.691643,5.54298,3,Karmøy til Sotra,
18,2016,10447,Mefaldskjæret,medikamentell,badebehandling,Azamethiphos,,,,hele lokaliteten,1820,ALSTAHAUG,18,Nordland,65.85145,12.2872,8,Helgeland til Bodø,
18,2016,10447,Mefaldskjæret,medikamentell,badebehandling,Deltamethrin,,,,hele lokaliteten,1820,ALSTAHAUG,18,Nordland,65.85145,12.2872,8,Helgeland til Bodø,
18,2016,34277,Mikkelsøya,medikamentell,badebehandling,Deltamethrin,,,,hele lokaliteten,1867,BØ I NORDLAND,18,Nordland,68.65585,14.729617,9,Vestfjorden og Vesterålen,
18,2016,34277,Mikkelsøya,medikamentell,fôrbehandling,Emamectin benzoat,,,,hele lokaliteten,1867,BØ I NORDLAND,18,Nordland,68.65585,14.729617,9,Vestfjorden og Vesterålen,
18,2016,12047,Mjåneset,medikamentell,fôrbehandling,Diflubenzuron,,,,deler av lokaliteten,1241,FUSA,12,Hordaland,60.176,5.7244,3,Karmøy til Sotra,
18,2016,34477,Nausttaren,medikamentell,fôrbehandling,Teflubenzuron,,,,hele lokaliteten,1633,OSEN,16,Sør-Trøndelag,64.389565,10.512533,6,Nordmøre og Sør-Trøndelag,
18,2016,24937,Nebbo,medikamentell,fôrbehandling,Diflubenzuron,,,,deler av lokaliteten,1224,KVINNHERAD,12,Hordaland,59.87075,5.725017,3,Karmøy til Sotra,
18,2016,26315,Nordgjæslingan,ikke-medikamentell,,,,,,hele lokaliteten,1750,VIKNA,17,Nord-Trøndelag,64.7659,10.9128,7,Nord-Trøndelag med Bindal,
18,2016,33297,Nye Skorpa,medikamentell,badebehandling,Hydrogenperoksid,,,,deler av lokaliteten,1827,DØNNA,18,Nordland,66.03093,12.481483,8,Helgeland til Bodø,
18,2016,31697,Oksen,medikamentell,badebehandling,Hydrogenperoksid,,,,hele lokaliteten,1246,FJELL,12,Hordaland,60.43382,4.9411,3,Karmøy til Sotra,
18,2016,31697,Oksen,ikke-medikamentell,,,,,,hele lokaliteten,1246,FJELL,12,Hordaland,60.43382,4.9411,3,Karmøy til Sotra,
18,2016,15403,Olderøy,medikamentell,badebehandling,Hydrogenperoksid,,,,deler av lokaliteten,1412,SOLUND,14,Sogn og Fjordane,61.103283,4.712233,4,Nordhordaland til Stadt,
18,2016,10136,Onarøy,medikamentell,fôrbehandling,Emamectin benzoat,,,,hele lokaliteten,1223,TYSNES,12,Hordaland,59.95335,5.669683,3,Karmøy til Sotra,
18,2016,13786,Pollneset,medikamentell,fôrbehandling,Emamectin benzoat,,,,hele lokaliteten,1870,SORTLAND,18,Nordland,68.71255,15.11255,9,Vestfjorden og Vesterålen,
18,2016,28636,Rataren,ikke-medikamentell,,,,,,deler av lokaliteten,1620,FRØYA,16,Sør-Trøndelag,63.780884,8.517383,6,Nordmøre og Sør-Trøndelag,
18,2016,31959,Rataren II,ikke-medikamentell,,,,,,deler av lokaliteten,1620,FRØYA,16,Sør-Trøndelag,63.782383,8.526367,6,Nordmøre og Sør-Trøndelag,
18,2016,22796,Renga S,medikamentell,badebehandling,Azamethiphos,,,,hele lokaliteten,1836,RØDØY,18,Nordland,66.58763,13.096633,8,Helgeland til Bodø,
18,2016,22796,Renga S,medikamentell,badebehandling,Azamethiphos,,,,hele lokaliteten,1836,RØDØY,18,Nordland,66.58763,13.096633,8,Helgeland til Bodø,
18,2016,22796,Renga S,medikamentell,badebehandling,Deltamethrin,,,,hele lokaliteten,1836,RØDØY,18,Nordland,66.58763,13.096633,8,Helgeland til Bodø,
18,2016,11737,Skorpa,medikamentell,fôrbehandling,Diflubenzuron,,,,hele lokaliteten,1411,GULEN,14,Sogn og Fjordane,60.944233,4.882817,4,Nordhordaland til Stadt,
18,2016,11737,Skorpa,medikamentell,fôrbehandling,Diflubenzuron,,,,hele lokaliteten,1411,GULEN,14,Sogn og Fjordane,60.944233,4.882817,4,Nordhordaland til Stadt,
18,2016,12192,Skorva,medikamentell,fôrbehandling,Emamectin benzoat,,,,hele lokaliteten,1428,ASKVOLL,14,Sogn og Fjordane,61.467117,5.3136,4,Nordhordaland til Stadt,
18,2016,30997,Skrubbholmen,ikke-medikamentell,,,,,,hele lokaliteten,1751,NÆRØY,17,Nord-Trøndelag,64.801735,11.162183,7,Nord-Trøndelag med Bindal,
18,2016,11605,Soløy Ø,medikamentell,fôrbehandling,Diflubenzuron,,,,hele lokaliteten,1222,FITJAR,12,Hordaland,59.90708,5.159833,3,Karmøy til Sotra,
18,2016,13708,Steinvik,rensefisk,,,2221,Rognkjeks (felles),15500,hele lokaliteten,1401,FLORA,14,Sogn og Fjordane,61.565266,5.31025,4,Nordhordaland til Stadt,
18,2016,20776,Storoksen,medikamentell,badebehandling,Annet virkestoff,,,,deler av lokaliteten,1247,ASKØY,12,Hordaland,60.530884,4.97325,4,Nordhordaland til Stadt,
18,2016,23055,Storvika V,rensefisk,,,222120,Rognkjeks (hun),23612,deler av lokaliteten,1926,DYRØY,19,Troms,69.0433,17.363234,10,Andøya til Senja,
18,2016,22435,Stretarneset,medikamentell,badebehandling,Hydrogenperoksid,,,,hele lokaliteten,1866,HADSEL,18,Nordland,68.67398,14.982483,9,Vestfjorden og Vesterålen,
18,2016,11776,Sveholmane,rensefisk,,,2221,Rognkjeks (felles),12000,hele lokaliteten,1401,FLORA,14,Sogn og Fjordane,61.557716,5.215333,4,Nordhordaland til Stadt,
18,2016,13196,Syltøy,medikamentell,fôrbehandling,Teflubenzuron,,,,hele lokaliteten,1245,SUND,12,Hordaland,60.3046,4.96645,3,Karmøy til Sotra,
18,2016,10309,Syrtangen,medikamentell,fôrbehandling,Diflubenzuron,,,,hele lokaliteten,1259,ØYGARDEN,12,Hordaland,60.468468,4.965967,4,Nordhordaland til Stadt,
18,2016,21755,Tendalsvik,medikamentell,fôrbehandling,Diflubenzuron,,,,hele lokaliteten,1211,ETNE,12,Hordaland,59.73605,5.884,3,Karmøy til Sotra,
18,2016,21755,Tendalsvik,ikke-medikamentell,,,,,,hele lokaliteten,1211,ETNE,12,Hordaland,59.73605,5.884,3,Karmøy til Sotra,
18,2016,25815,Tittelsnes,medikamentell,badebehandling,Annet virkestoff,,,,hele lokaliteten,1216,SVEIO,12,Hordaland,59.723484,5.533483,3,Karmøy til Sotra,
18,2016,17575,Tollaksholmen,medikamentell,badebehandling,Deltamethrin,,,,deler av lokaliteten,1145,BOKN,11,Rogaland,59.2522,5.390517,2,Ryfylke,
18,2016,24135,Utåker,medikamentell,badebehandling,Annet virkestoff,,,,deler av lokaliteten,1224,KVINNHERAD,12,Hordaland,59.776333,5.9001,3,Karmøy til Sotra,
18,2016,31557,Valøyan,medikamentell,fôrbehandling,Emamectin benzoat,,,,deler av lokaliteten,1620,FRØYA,16,Sør-Trøndelag,63.81735,8.462483,6,Nordmøre og Sør-Trøndelag,
18,2016,29936,Ystadneset,medikamentell,fôrbehandling,Diflubenzuron,,,,deler av lokaliteten,1224,KVINNHERAD,12,Hordaland,59.977932,5.77565,3,Karmøy til Sotra,
18,2016,24175,Ytre Lavollsfjord,rensefisk,,,222120,Rognkjeks (hun),1,hele lokaliteten,1929,BERG,19,Troms,69.419464,17.287567,10,Andøya til Senja,
18,2016,29417,Ytre Vassholmen,medikamentell,badebehandling,Azamethiphos,,,,deler av lokaliteten,1818,HERØY I NORDLAND,18,Nordland,65.93497,12.139133,8,Helgeland til Bodø,
18,2016,29417,Ytre Vassholmen,medikamentell,badebehandling,Deltamethrin,,,,deler av lokaliteten,1818,HERØY I NORDLAND,18,Nordland,65.93497,12.139133,8,Helgeland til Bodø,
17,2016,15196,Aga Ø,medikamentell,fôrbehandling,Teflubenzuron,,,,hele lokaliteten,1219,BØMLO,12,Hordaland,59.8451,5.261367,3,Karmøy til Sotra,
17,2016,11749,Bårøy,medikamentell,fôrbehandling,Diflubenzuron,,,,hele lokaliteten,1411,GULEN,14,Sogn og Fjordane,60.9452,4.84605,4,Nordhordaland til Stadt,
17,2016,23436,Bjørnholmen,medikamentell,badebehandling,Annet virkestoff,,,,deler av lokaliteten,1412,SOLUND,14,Sogn og Fjordane,61.20635,4.938083,4,Nordhordaland til Stadt,
17,2016,10256,Bondøya,medikamentell,badebehandling,Hydrogenperoksid,,,,deler av lokaliteten,1750,VIKNA,17,Nord-Trøndelag,64.81715,10.7425,7,Nord-Trøndelag med Bindal,
17,2016,12040,Brandaskuta,medikamentell,badebehandling,Annet virkestoff,,,,deler av lokaliteten,1224,KVINNHERAD,12,Hordaland,59.975735,5.909183,3,Karmøy til Sotra,
17,2016,33537,Buholmen,rensefisk,,,222120,Rognkjeks (hun),19510,hele lokaliteten,1632,ROAN,16,Sør-Trøndelag,64.1569,10.008917,6,Nordmøre og Sør-Trøndelag,
17,2016,30137,Edøya II,ikke-medikamentell,,,,,,deler av lokaliteten,1617,HITRA,16,Sør-Trøndelag,63.65805,8.683667,6,Nordmøre og Sør-Trøndelag,
17,2016,13870,Eikebærånæ,medikamentell,badebehandling,Annet virkestoff,,,,deler av lokaliteten,1263,LINDÅS,12,Hordaland,60.563435,5.353017,4,Nordhordaland til Stadt,
17,2016,31357,Geitryggen,medikamentell,badebehandling,Annet virkestoff,,,,deler av lokaliteten,1751,NÆRØY,17,Nord-Trøndelag,64.75085,11.189033,7,Nord-Trøndelag med Bindal,
17,2016,31357,Geitryggen,medikamentell,badebehandling,Azamethiphos,,,,deler av lokaliteten,1751,NÆRØY,17,Nord-Trøndelag,64.75085,11.189033,7,Nord-Trøndelag med Bindal,
17,2016,31357,Geitryggen,medikamentell,badebehandling,Deltamethrin,,,,deler av lokaliteten,1751,NÆRØY,17,Nord-Trøndelag,64.75085,11.189033,7,Nord-Trøndelag med Bindal,
17,2016,11365,Gjervika,medikamentell,fôrbehandling,Emamectin benzoat,,,,deler av lokaliteten,1927,TRANØY,19,Troms,69.050316,16.887266,10,Andøya til Senja,
17,2016,12435,Grøttingsøy,medikamentell,fôrbehandling,Emamectin benzoat,,,,deler av lokaliteten,1620,FRØYA,16,Sør-Trøndelag,63.879684,8.543767,6,Nordmøre og Sør-Trøndelag,
17,2016,22095,Hågardsneset,medikamentell,badebehandling,Annet virkestoff,,,,deler av lokaliteten,1224,KVINNHERAD,12,Hordaland,59.9844,5.929967,3,Karmøy til Sotra,
17,2016,18639,Halsavika,medikamentell,badebehandling,Hydrogenperoksid,,,,hele lokaliteten,1146,TYSVÆR,11,Rogaland,59.39232,5.883333,2,Ryfylke,
17,2016,12590,Helligholmen,ikke-medikamentell,,,,,,deler av lokaliteten,1750,VIKNA,17,Nord-Trøndelag,64.83839,10.665517,7,Nord-Trøndelag med Bindal,
17,2016,11920,Herøy,medikamentell,badebehandling,Hydrogenperoksid,,,,hele lokaliteten,1160,VINDAFJORD,11,Rogaland,59.4664,6.0262,2,Ryfylke,
17,2016,11920,Herøy,ikke-medikamentell,,,,,,hele lokaliteten,1160,VINDAFJORD,11,Rogaland,59.4664,6.0262,2,Ryfylke,
17,2016,33797,Hidlekjerringa,rensefisk,,,2221,Rognkjeks (felles),4500,deler av lokaliteten,1130,STRAND,11,Rogaland,59.067284,5.839383,2,Ryfylke,
17,2016,10300,Hillersvik,medikamentell,badebehandling,Annet virkestoff,,,,deler av lokaliteten,1216,SVEIO,12,Hordaland,59.6084,5.311917,3,Karmøy til Sotra,
17,2016,12036,Hisdalen,medikamentell,badebehandling,Annet virkestoff,,,,hele lokaliteten,1224,KVINNHERAD,12,Hordaland,60.126118,5.9305,3,Karmøy til Sotra,
17,2016,12035,Hondskår,medikamentell,badebehandling,Annet virkestoff,,,,hele lokaliteten,1224,KVINNHERAD,12,Hordaland,60.10687,5.939133,3,Karmøy til Sotra,
17,2016,33218,Hosenøyan,rensefisk,,,222120,Rognkjeks (hun),6114,deler av lokaliteten,1630,ÅFJORD,16,Sør-Trøndelag,64.08518,9.884683,6,Nordmøre og Sør-Trøndelag,
17,2016,18936,Igerøy Ø,medikamentell,badebehandling,Hydrogenperoksid,,,,deler av lokaliteten,1815,VEGA,18,Nordland,65.68622,12.138533,8,Helgeland til Bodø,
17,2016,25736,Josommarset,medikamentell,badebehandling,Hydrogenperoksid,,,,hele lokaliteten,1850,TYSFJORD,18,Nordland,67.92367,16.211782,9,Vestfjorden og Vesterålen,
17,2016,33577,Kjeholmen II,rensefisk,,,1693,Bergnebb,30685,hele lokaliteten,1003,FARSUND,10,Vest-Agder,58.06008,6.885683,1,Svenskegrensen til Jæren,
17,2016,11652,Kjeppevikholmen,medikamentell,fôrbehandling,Emamectin benzoat,,,,deler av lokaliteten,1256,MELAND,12,Hordaland,60.54283,5.0378,4,Nordhordaland til Stadt,
17,2016,19195,Korsholman,medikamentell,badebehandling,Annet virkestoff,,,,hele lokaliteten,1617,HITRA,16,Sør-Trøndelag,63.597218,8.51575,6,Nordmøre og Sør-Trøndelag,
17,2016,10041,Kviksholmen,medikamentell,fôrbehandling,Teflubenzuron,,,,hele lokaliteten,1244,AUSTEVOLL,12,Hordaland,60.054317,5.090733,3,Karmøy til Sotra,
17,2016,30076,Kyrøyene,ikke-medikamentell,,,,,,deler av lokaliteten,1750,VIKNA,17,Nord-Trøndelag,64.764015,10.806633,7,Nord-Trøndelag med Bindal,
17,2016,24715,Langholmen,medikamentell,badebehandling,Annet virkestoff,,,,hele lokaliteten,1141,FINNØY,11,Rogaland,59.097282,5.835917,2,Ryfylke,
17,2016,24715,Langholmen,rensefisk,,,2221,Rognkjeks (felles),9000,hele lokaliteten,1141,FINNØY,11,Rogaland,59.097282,5.835917,2,Ryfylke,
17,2016,12380,Langøya/Kvaløya,ikke-medikamentell,,,,,,deler av lokaliteten,1620,FRØYA,16,Sør-Trøndelag,63.791096,8.60728,6,Nordmøre og Sør-Trøndelag,
17,2016,20559,Langskjæra,medikamentell,badebehandling,Annet virkestoff,,,,deler av lokaliteten,1620,FRØYA,16,Sør-Trøndelag,63.8225,8.75505,6,Nordmøre og Sør-Trøndelag,
17,2016,33557,Langskjæra II,medikamentell,badebehandling,Annet virkestoff,,,,deler av lokaliteten,1620,FRØYA,16,Sør-Trøndelag,63.82245,8.74075,6,Nordmøre og Sør-Trøndelag,
17,2016,13340,Leiholmane,medikamentell,fôrbehandling,Diflubenzuron,,,,hele lokaliteten,1411,GULEN,14,Sogn og Fjordane,60.982216,4.875017,4,Nordhordaland til Stadt,
17,2016,10232,Mannbruholmen,medikamentell,fôrbehandling,Emamectin benzoat,,,,deler av lokaliteten,1620,FRØYA,16,Sør-Trøndelag,63.8473,8.53675,6,Nordmøre og Sør-Trøndelag,
17,2016,32977,Måren,medikamentell,badebehandling,Azamethiphos,,,,hele lokaliteten,1416,HØYANGER,14,Sogn og Fjordane,61.152668,6.1167,4,Nordhordaland til Stadt,
17,2016,32977,Måren,medikamentell,badebehandling,Cypermethrin,,,,hele lokaliteten,1416,HØYANGER,14,Sogn og Fjordane,61.152668,6.1167,4,Nordhordaland til Stadt,
17,2016,31637,Melkøya,medikamentell,badebehandling,Azamethiphos,,,,deler av lokaliteten,1818,HERØY I NORDLAND,18,Nordland,66.08231,12.201167,8,Helgeland til Bodø,
17,2016,31637,Melkøya,medikamentell,badebehandling,Deltamethrin,,,,deler av lokaliteten,1818,HERØY I NORDLAND,18,Nordland,66.08231,12.201167,8,Helgeland til Bodø,
17,2016,12047,Mjåneset,medikamentell,fôrbehandling,Diflubenzuron,,,,hele lokaliteten,1241,FUSA,12,Hordaland,60.176,5.7244,3,Karmøy til Sotra,
17,2016,34477,Nausttaren,medikamentell,fôrbehandling,Teflubenzuron,,,,hele lokaliteten,1633,OSEN,16,Sør-Trøndelag,64.389565,10.512533,6,Nordmøre og Sør-Trøndelag,
17,2016,24937,Nebbo,medikamentell,fôrbehandling,Diflubenzuron,,,,deler av lokaliteten,1224,KVINNHERAD,12,Hordaland,59.87075,5.725017,3,Karmøy til Sotra,
17,2016,19655,Ospeneset,medikamentell,badebehandling,Annet virkestoff,,,,hele lokaliteten,1263,LINDÅS,12,Hordaland,60.74618,5.2701,4,Nordhordaland til Stadt,
17,2016,11972,Prestholmane,rensefisk,,,2221,Rognkjeks (felles),7369,deler av lokaliteten,1141,FINNØY,11,Rogaland,59.116768,5.8545,2,Ryfylke,
17,2016,11651,Ramsøy S,ikke-medikamentell,,,,,,deler av lokaliteten,1247,ASKØY,12,Hordaland,60.434082,5.062733,3,Karmøy til Sotra,
17,2016,13581,Ramstadholmen,medikamentell,badebehandling,Azamethiphos,,,,hele lokaliteten,1751,NÆRØY,17,Nord-Trøndelag,64.754814,11.246033,7,Nord-Trøndelag med Bindal,
17,2016,13581,Ramstadholmen,medikamentell,badebehandling,Deltamethrin,,,,hele lokaliteten,1751,NÆRØY,17,Nord-Trøndelag,64.754814,11.246033,7,Nord-Trøndelag med Bindal,
17,2016,28636,Rataren,ikke-medikamentell,,,,,,deler av lokaliteten,1620,FRØYA,16,Sør-Trøndelag,63.780884,8.517383,6,Nordmøre og Sør-Trøndelag,
17,2016,24115,Singsholmen,ikke-medikamentell,,,,,,deler av lokaliteten,1617,HITRA,16,Sør-Trøndelag,63.41975,8.411617,6,Nordmøre og Sør-Trøndelag,
17,2016,11737,Skorpa,medikamentell,fôrbehandling,Diflubenzuron,,,,hele lokaliteten,1411,GULEN,14,Sogn og Fjordane,60.944233,4.882817,4,Nordhordaland til Stadt,
17,2016,11737,Skorpa,medikamentell,fôrbehandling,Diflubenzuron,,,,hele lokaliteten,1411,GULEN,14,Sogn og Fjordane,60.944233,4.882817,4,Nordhordaland til Stadt,
17,2016,12192,Skorva,medikamentell,fôrbehandling,Diflubenzuron,,,,hele lokaliteten,1428,ASKVOLL,14,Sogn og Fjordane,61.467117,5.3136,4,Nordhordaland til Stadt,
17,2016,30997,Skrubbholmen,ikke-medikamentell,,,,,,deler av lokaliteten,1751,NÆRØY,17,Nord-Trøndelag,64.801735,11.162183,7,Nord-Trøndelag med Bindal,
17,2016,11605,Soløy Ø,medikamentell,fôrbehandling,Diflubenzuron,,,,hele lokaliteten,1222,FITJAR,12,Hordaland,59.90708,5.159833,3,Karmøy til Sotra,
17,2016,13708,Steinvik,rensefisk,,,2221,Rognkjeks (felles),30000,hele lokaliteten,1401,FLORA,14,Sogn og Fjordane,61.565266,5.31025,4,Nordhordaland til Stadt,
17,2016,20776,Storoksen,medikamentell,badebehandling,Annet virkestoff,,,,deler av lokaliteten,1247,ASKØY,12,Hordaland,60.530884,4.97325,4,Nordhordaland til Stadt,
17,2016,20776,Storoksen,ikke-medikamentell,,,,,,deler av lokaliteten,1247,ASKØY,12,Hordaland,60.530884,4.97325,4,Nordhordaland til Stadt,
17,2016,13196,Syltøy,medikamentell,fôrbehandling,Teflubenzuron,,,,hele lokaliteten,1245,SUND,12,Hordaland,60.3046,4.96645,3,Karmøy til Sotra,
17,2016,10309,Syrtangen,medikamentell,fôrbehandling,Diflubenzuron,,,,hele lokaliteten,1259,ØYGARDEN,12,Hordaland,60.468468,4.965967,4,Nordhordaland til Stadt,
17,2016,12449,Tennøya,medikamentell,fôrbehandling,Emamectin benzoat,,,,deler av lokaliteten,1620,FRØYA,16,Sør-Trøndelag,63.805035,8.4444,6,Nordmøre og Sør-Trøndelag,
17,2016,20075,Tjajneluokta,medikamentell,badebehandling,Hydrogenperoksid,,,,hele lokaliteten,1850,TYSFJORD,18,Nordland,67.89243,16.236717,9,Vestfjorden og Vesterålen,
17,2016,30560,Tristeinen,medikamentell,badebehandling,Hydrogenperoksid,,,,deler av lokaliteten,1627,BJUGN,16,Sør-Trøndelag,63.86895,9.6204,6,Nordmøre og Sør-Trøndelag,
17,2016,31557,Valøyan,medikamentell,fôrbehandling,Emamectin benzoat,,,,deler av lokaliteten,1620,FRØYA,16,Sør-Trøndelag,63.81735,8.462483,6,Nordmøre og Sør-Trøndelag,
17,2016,24175,Ytre Lavollsfjord,rensefisk,,,222120,Rognkjeks (hun),1,hele lokaliteten,1929,BERG,19,Troms,69.419464,17.287567,10,Andøya til Senja,
16,2016,15196,Aga Ø,medikamentell,badebehandling,Hydrogenperoksid,,,,deler av lokaliteten,1219,BØMLO,12,Hordaland,59.8451,5.261367,3,Karmøy til Sotra,
16,2016,11756,Allersholmen,ikke-medikamentell,,,,,,hele lokaliteten,1264,AUSTRHEIM,12,Hordaland,60.77465,4.8536,4,Nordhordaland til Stadt,
16,2016,29816,Apalvikneset,rensefisk,,,2221,Rognkjeks (felles),12500,hele lokaliteten,1227,JONDAL,12,Hordaland,60.146217,6.121133,3,Karmøy til Sotra,
16,2016,13572,Badstuvika,ikke-medikamentell,,,,,,deler av lokaliteten,1617,HITRA,16,Sør-Trøndelag,63.53398,9.1469,6,Nordmøre og Sør-Trøndelag,
16,2016,11488,Brattavika,medikamentell,badebehandling,Annet virkestoff,,,,deler av lokaliteten,1244,AUSTEVOLL,12,Hordaland,60.044117,5.303317,3,Karmøy til Sotra,
16,2016,12594,Breidvika,medikamentell,badebehandling,Annet virkestoff,,,,hele lokaliteten,1633,OSEN,16,Sør-Trøndelag,64.295364,10.397483,6,Nordmøre og Sør-Trøndelag,
16,2016,12594,Breidvika,medikamentell,fôrbehandling,Emamectin benzoat,,,,hele lokaliteten,1633,OSEN,16,Sør-Trøndelag,64.295364,10.397483,6,Nordmøre og Sør-Trøndelag,
16,2016,12594,Breidvika,ikke-medikamentell,,,,,,deler av lokaliteten,1633,OSEN,16,Sør-Trøndelag,64.295364,10.397483,6,Nordmøre og Sør-Trøndelag,
16,2016,32197,Dryna,ikke-medikamentell,,,,,,deler av lokaliteten,1545,MIDSUND,15,Møre og Romsdal,62.6444,6.5568,5,Stadt til Hustadvika,
16,2016,30137,Edøya II,ikke-medikamentell,,,,,,deler av lokaliteten,1617,HITRA,16,Sør-Trøndelag,63.65805,8.683667,6,Nordmøre og Sør-Trøndelag,
16,2016,32677,Espnestaren,ikke-medikamentell,,,,,,deler av lokaliteten,1620,FRØYA,16,Sør-Trøndelag,63.678017,8.66685,6,Nordmøre og Sør-Trøndelag,
16,2016,26775,Fjølværet Ø,ikke-medikamentell,,,,,,deler av lokaliteten,1620,FRØYA,16,Sør-Trøndelag,63.819233,8.636133,6,Nordmøre og Sør-Trøndelag,
16,2016,32597,Fjordprakken,rensefisk,,,222120,Rognkjeks (hun),11700,deler av lokaliteten,1573,SMØLA,15,Møre og Romsdal,63.256516,7.928067,6,Nordmøre og Sør-Trøndelag,
16,2016,10880,Forvik,medikamentell,badebehandling,Azamethiphos,,,,hele lokaliteten,1816,VEVELSTAD,18,Nordland,65.723236,12.475317,8,Helgeland til Bodø,
16,2016,10880,Forvik,medikamentell,badebehandling,Deltamethrin,,,,hele lokaliteten,1816,VEVELSTAD,18,Nordland,65.723236,12.475317,8,Helgeland til Bodø,
16,2016,31357,Geitryggen,medikamentell,badebehandling,Annet virkestoff,,,,deler av lokaliteten,1751,NÆRØY,17,Nord-Trøndelag,64.75085,11.189033,7,Nord-Trøndelag med Bindal,
16,2016,31717,Gjerset Vest,rensefisk,,,222120,Rognkjeks (hun),8508,hele lokaliteten,1534,HARAM,15,Møre og Romsdal,62.5305,6.428583,5,Stadt til Hustadvika,
16,2016,11365,Gjervika,medikamentell,fôrbehandling,Emamectin benzoat,,,,deler av lokaliteten,1927,TRANØY,19,Troms,69.050316,16.887266,10,Andøya til Senja,
16,2016,12435,Grøttingsøy,medikamentell,fôrbehandling,Emamectin benzoat,,,,deler av lokaliteten,1620,FRØYA,16,Sør-Trøndelag,63.879684,8.543767,6,Nordmøre og Sør-Trøndelag,
16,2016,12789,Gunnarøya,ikke-medikamentell,,,,,,deler av lokaliteten,1613,SNILLFJORD,16,Sør-Trøndelag,63.569485,9.467983,6,Nordmøre og Sør-Trøndelag,
16,2016,13235,Hessvik,rensefisk,,,2221,Rognkjeks (felles),12641,deler av lokaliteten,1224,KVINNHERAD,12,Hordaland,60.127934,6.149933,3,Karmøy til Sotra,
16,2016,10410,Hindholmen,rensefisk,,,2221,Rognkjeks (felles),8627,hele lokaliteten,1751,NÆRØY,17,Nord-Trøndelag,64.77393,11.44087,7,Nord-Trøndelag med Bindal,
16,2016,12599,Indre Skjervøy,medikamentell,badebehandling,Annet virkestoff,,,,hele lokaliteten,1633,OSEN,16,Sør-Trøndelag,64.2858,10.30905,6,Nordmøre og Sør-Trøndelag,
16,2016,12599,Indre Skjervøy,medikamentell,fôrbehandling,Emamectin benzoat,,,,deler av lokaliteten,1633,OSEN,16,Sør-Trøndelag,64.2858,10.30905,6,Nordmøre og Sør-Trøndelag,
16,2016,12599,Indre Skjervøy,ikke-medikamentell,,,,,,deler av lokaliteten,1633,OSEN,16,Sør-Trøndelag,64.2858,10.30905,6,Nordmøre og Sør-Trøndelag,
16,2016,14042,Kattholmen,medikamentell,fôrbehandling,Emamectin benzoat,,,,deler av lokaliteten,1620,FRØYA,16,Sør-Trøndelag,63.870968,8.679017,6,Nordmøre og Sør-Trøndelag,
16,2016,14042,Kattholmen,ikke-medikamentell,,,,,,deler av lokaliteten,1620,FRØYA,16,Sør-Trøndelag,63.870968,8.679017,6,Nordmøre og Sør-Trøndelag,
16,2016,33577,Kjeholmen II,rensefisk,,,1693,Bergnebb,30685,hele lokaliteten,1003,FARSUND,10,Vest-Agder,58.06008,6.885683,1,Svenskegrensen til Jæren,
16,2016,11652,Kjeppevikholmen,medikamentell,fôrbehandling,Emamectin benzoat,,,,deler av lokaliteten,1256,MELAND,12,Hordaland,60.54283,5.0378,4,Nordhordaland til Stadt,
16,2016,26135,Kjørsvikgrunn,ikke-medikamentell,,,,,,deler av lokaliteten,1612,HEMNE,16,Sør-Trøndelag,63.457565,9.076,6,Nordmøre og Sør-Trøndelag,
16,2016,10224,Korsneset,rensefisk,,,222120,Rognkjeks (hun),23988,hele lokaliteten,1571,HALSA,15,Møre og Romsdal,63.14268,8.225383,6,Nordmøre og Sør-Trøndelag,
16,2016,32097,Korsneset 2,rensefisk,,,222120,Rognkjeks (hun),23724,hele lokaliteten,1571,HALSA,15,Møre og Romsdal,63.14123,8.21375,6,Nordmøre og Sør-Trøndelag,
16,2016,20576,Kvanntoneset,medikamentell,badebehandling,Azamethiphos,,,,hele lokaliteten,1920,LAVANGEN,19,Troms,68.81237,17.52025,10,Andøya til Senja,
16,2016,30076,Kyrøyene,ikke-medikamentell,,,,,,hele lokaliteten,1750,VIKNA,17,Nord-Trøndelag,64.764015,10.806633,7,Nord-Trøndelag med Bindal,
16,2016,24715,Langholmen,medikamentell,badebehandling,Annet virkestoff,,,,hele lokaliteten,1141,FINNØY,11,Rogaland,59.097282,5.835917,2,Ryfylke,
16,2016,33557,Langskjæra II,medikamentell,badebehandling,Annet virkestoff,,,,deler av lokaliteten,1620,FRØYA,16,Sør-Trøndelag,63.82245,8.74075,6,Nordmøre og Sør-Trøndelag,
16,2016,33557,Langskjæra II,rensefisk,,,222120,Rognkjeks (hun),13055,deler av lokaliteten,1620,FRØYA,16,Sør-Trøndelag,63.82245,8.74075,6,Nordmøre og Sør-Trøndelag,
16,2016,29056,Lille Torsøy II,medikamentell,badebehandling,Annet virkestoff,,,,hele lokaliteten,1617,HITRA,16,Sør-Trøndelag,63.60803,8.494633,6,Nordmøre og Sør-Trøndelag,
16,2016,29056,Lille Torsøy II,ikke-medikamentell,,,,,,hele lokaliteten,1617,HITRA,16,Sør-Trøndelag,63.60803,8.494633,6,Nordmøre og Sør-Trøndelag,
16,2016,32057,Lyngøy,ikke-medikamentell,,,,,,deler av lokaliteten,1750,VIKNA,17,Nord-Trøndelag,64.81865,10.935217,7,Nord-Trøndelag med Bindal,
16,2016,10232,Mannbruholmen,medikamentell,fôrbehandling,Emamectin benzoat,,,,deler av lokaliteten,1620,FRØYA,16,Sør-Trøndelag,63.8473,8.53675,6,Nordmøre og Sør-Trøndelag,
16,2016,34477,Nausttaren,medikamentell,fôrbehandling,Teflubenzuron,,,,hele lokaliteten,1633,OSEN,16,Sør-Trøndelag,64.389565,10.512533,6,Nordmøre og Sør-Trøndelag,
16,2016,24937,Nebbo,medikamentell,fôrbehandling,Diflubenzuron,,,,deler av lokaliteten,1224,KVINNHERAD,12,Hordaland,59.87075,5.725017,3,Karmøy til Sotra,
16,2016,13965,Nesbø/Gjeldsvik,medikamentell,fôrbehandling,Diflubenzuron,,,,hele lokaliteten,1263,LINDÅS,12,Hordaland,60.68835,5.4232,4,Nordhordaland til Stadt,
16,2016,12383,Omsøyholman,medikamentell,badebehandling,Azamethiphos,,,,hele lokaliteten,1617,HITRA,16,Sør-Trøndelag,63.63162,8.574817,6,Nordmøre og Sør-Trøndelag,
16,2016,12383,Omsøyholman,medikamentell,badebehandling,Deltamethrin,,,,hele lokaliteten,1617,HITRA,16,Sør-Trøndelag,63.63162,8.574817,6,Nordmøre og Sør-Trøndelag,
16,2016,11688,Portevika,ikke-medikamentell,,,,,,hele lokaliteten,1413,HYLLESTAD,14,Sogn og Fjordane,61.18885,5.090017,4,Nordhordaland til Stadt,
16,2016,34857,Salatskjæra,ikke-medikamentell,,,,,,deler av lokaliteten,1620,FRØYA,16,Sør-Trøndelag,63.90485,8.589133,6,Nordmøre og Sør-Trøndelag,
16,2016,12244,Setevika,rensefisk,,,222120,Rognkjeks (hun),11533,hele lokaliteten,1545,MIDSUND,15,Møre og Romsdal,62.728065,6.939283,5,Stadt til Hustadvika,
16,2016,10961,Skonseng,rensefisk,,,2221,Rognkjeks (felles),14993,deler av lokaliteten,1824,VEFSN,18,Nordland,65.80648,12.619767,8,Helgeland til Bodø,
16,2016,11737,Skorpa,medikamentell,fôrbehandling,Diflubenzuron,,,,hele lokaliteten,1411,GULEN,14,Sogn og Fjordane,60.944233,4.882817,4,Nordhordaland til Stadt,
16,2016,12192,Skorva,medikamentell,fôrbehandling,Diflubenzuron,,,,hele lokaliteten,1428,ASKVOLL,14,Sogn og Fjordane,61.467117,5.3136,4,Nordhordaland til Stadt,
16,2016,11605,Soløy Ø,medikamentell,fôrbehandling,Diflubenzuron,,,,hele lokaliteten,1222,FITJAR,12,Hordaland,59.90708,5.159833,3,Karmøy til Sotra,
16,2016,27436,Solværet,rensefisk,,,222120,Rognkjeks (hun),12650,deler av lokaliteten,1573,SMØLA,15,Møre og Romsdal,63.255,7.856933,6,Nordmøre og Sør-Trøndelag,
16,2016,31217,Stokkasjøen,medikamentell,badebehandling,Azamethiphos,,,,hele lokaliteten,1816,VEVELSTAD,18,Nordland,65.782715,12.592317,8,Helgeland til Bodø,
16,2016,31217,Stokkasjøen,medikamentell,badebehandling,Deltamethrin,,,,hele lokaliteten,1816,VEVELSTAD,18,Nordland,65.782715,12.592317,8,Helgeland til Bodø,
16,2016,11492,Storevikholmen,medikamentell,badebehandling,Annet virkestoff,,,,hele lokaliteten,1222,FITJAR,12,Hordaland,59.83808,5.30565,3,Karmøy til Sotra,
16,2016,11492,Storevikholmen,medikamentell,badebehandling,Annet virkestoff,,,,hele lokaliteten,1222,FITJAR,12,Hordaland,59.83808,5.30565,3,Karmøy til Sotra,
16,2016,12449,Tennøya,medikamentell,fôrbehandling,Emamectin benzoat,,,,deler av lokaliteten,1620,FRØYA,16,Sør-Trøndelag,63.805035,8.4444,6,Nordmøre og Sør-Trøndelag,
16,2016,12662,Ternskjæret II,rensefisk,,,222120,Rognkjeks (hun),16940,deler av lokaliteten,1751,NÆRØY,17,Nord-Trøndelag,64.77713,11.639767,7,Nord-Trøndelag med Bindal,
16,2016,31557,Valøyan,medikamentell,fôrbehandling,Emamectin benzoat,,,,deler av lokaliteten,1620,FRØYA,16,Sør-Trøndelag,63.81735,8.462483,6,Nordmøre og Sør-Trøndelag,
16,2016,24175,Ytre Lavollsfjord,rensefisk,,,222120,Rognkjeks (hun),1,hele lokaliteten,1929,BERG,19,Troms,69.419464,17.287567,10,Andøya til Senja,
15,2016,15196,Aga Ø,ikke-medikamentell,,,,,,deler av lokaliteten,1219,BØMLO,12,Hordaland,59.8451,5.261367,3,Karmøy til Sotra,
15,2016,10298,Ålforo,medikamentell,badebehandling,Annet virkestoff,,,,hele lokaliteten,1222,FITJAR,12,Hordaland,59.8665,5.244133,3,Karmøy til Sotra,
15,2016,10298,Ålforo,medikamentell,badebehandling,Annet virkestoff,,,,hele lokaliteten,1222,FITJAR,12,Hordaland,59.8665,5.244133,3,Karmøy til Sotra,
15,2016,12156,Blom,medikamentell,badebehandling,Hydrogenperoksid,,,,deler av lokaliteten,1253,OSTERØY,12,Hordaland,60.436584,5.564833,4,Nordhordaland til Stadt,
15,2016,34897,Brandsfjorden,medikamentell,badebehandling,Hydrogenperoksid,,,,deler av lokaliteten,1632,ROAN,16,Sør-Trøndelag,64.22307,10.279933,6,Nordmøre og Sør-Trøndelag,
15,2016,11488,Brattavika,medikamentell,badebehandling,Annet virkestoff,,,,deler av lokaliteten,1244,AUSTEVOLL,12,Hordaland,60.044117,5.303317,3,Karmøy til Sotra,
15,2016,32457,Dalsvåg Nv,rensefisk,,,222120,Rognkjeks (hun),6807,hele lokaliteten,1149,KARMØY,11,Rogaland,59.410816,5.21725,3,Karmøy til Sotra,
15,2016,26595,Djupevika,medikamentell,badebehandling,Hydrogenperoksid,,,,deler av lokaliteten,1223,TYSNES,12,Hordaland,60.035816,5.342217,3,Karmøy til Sotra,
15,2016,32197,Dryna,ikke-medikamentell,,,,,,deler av lokaliteten,1545,MIDSUND,15,Møre og Romsdal,62.6444,6.5568,5,Stadt til Hustadvika,
15,2016,12033,Dysvik,ikke-medikamentell,,,,,,deler av lokaliteten,1238,KVAM,12,Hordaland,60.191017,5.967617,3,Karmøy til Sotra,
15,2016,21335,Floteneset,medikamentell,badebehandling,Deltamethrin,,,,deler av lokaliteten,1416,HØYANGER,14,Sogn og Fjordane,61.1936,5.801617,4,Nordhordaland til Stadt,
15,2016,11667,Gardskråneset,ikke-medikamentell,,,,,,hele lokaliteten,1259,ØYGARDEN,12,Hordaland,60.53972,4.903867,4,Nordhordaland til Stadt,
15,2016,12789,Gunnarøya,medikamentell,fôrbehandling,Emamectin benzoat,,,,hele lokaliteten,1613,SNILLFJORD,16,Sør-Trøndelag,63.569485,9.467983,6,Nordmøre og Sør-Trøndelag,
15,2016,11511,Hattasteinen,ikke-medikamentell,,,,,,hele lokaliteten,1219,BØMLO,12,Hordaland,59.626266,5.250717,3,Karmøy til Sotra,
15,2016,11783,Hella,medikamentell,badebehandling,Azamethiphos,,,,hele lokaliteten,1428,ASKVOLL,14,Sogn og Fjordane,61.40663,5.080817,4,Nordhordaland til Stadt,
15,2016,11783,Hella,medikamentell,badebehandling,Deltamethrin,,,,hele lokaliteten,1428,ASKVOLL,14,Sogn og Fjordane,61.40663,5.080817,4,Nordhordaland til Stadt,
15,2016,22596,Hesbygrunnen,rensefisk,,,2221,Rognkjeks (felles),18568,hele lokaliteten,1141,FINNØY,11,Rogaland,59.194416,5.800183,2,Ryfylke,
15,2016,10410,Hindholmen,medikamentell,fôrbehandling,Emamectin benzoat,,,,hele lokaliteten,1751,NÆRØY,17,Nord-Trøndelag,64.77393,11.44087,7,Nord-Trøndelag med Bindal,
15,2016,13643,Hjartholm,medikamentell,badebehandling,Hydrogenperoksid,,,,hele lokaliteten,1411,GULEN,14,Sogn og Fjordane,61.03512,5.33105,4,Nordhordaland til Stadt,
15,2016,12035,Hondskår,medikamentell,badebehandling,Annet virkestoff,,,,deler av lokaliteten,1224,KVINNHERAD,12,Hordaland,60.10687,5.939133,3,Karmøy til Sotra,
15,2016,13236,Indre Oppedal,medikamentell,badebehandling,Hydrogenperoksid,,,,hele lokaliteten,1411,GULEN,14,Sogn og Fjordane,61.067883,5.563833,4,Nordhordaland til Stadt,
15,2016,13236,Indre Oppedal,ikke-medikamentell,,,,,,deler av lokaliteten,1411,GULEN,14,Sogn og Fjordane,61.067883,5.563833,4,Nordhordaland til Stadt,
15,2016,30036,Jørstadskjera,ikke-medikamentell,,,,,,deler av lokaliteten,1141,FINNØY,11,Rogaland,59.293083,5.937017,2,Ryfylke,
15,2016,12260,Juvika,medikamentell,badebehandling,Hydrogenperoksid,,,,hele lokaliteten,1545,MIDSUND,15,Møre og Romsdal,62.66477,6.696767,5,Stadt til Hustadvika,
15,2016,14042,Kattholmen,medikamentell,fôrbehandling,Emamectin benzoat,,,,deler av lokaliteten,1620,FRØYA,16,Sør-Trøndelag,63.870968,8.679017,6,Nordmøre og Sør-Trøndelag,
15,2016,30437,Kattholmen II,medikamentell,fôrbehandling,Emamectin benzoat,,,,hele lokaliteten,1620,FRØYA,16,Sør-Trøndelag,63.8661,8.675683,6,Nordmøre og Sør-Trøndelag,
15,2016,12294,Kjerstad,medikamentell,badebehandling,Annet virkestoff,,,,deler av lokaliteten,1534,HARAM,15,Møre og Romsdal,62.622368,6.224883,5,Stadt til Hustadvika,
15,2016,12294,Kjerstad,ikke-medikamentell,,,,,,deler av lokaliteten,1534,HARAM,15,Møre og Romsdal,62.622368,6.224883,5,Stadt til Hustadvika,
15,2016,24975,Kvernavika,medikamentell,badebehandling,Hydrogenperoksid,,,,hele lokaliteten,1223,TYSNES,12,Hordaland,60.069283,5.351183,3,Karmøy til Sotra,
15,2016,24715,Langholmen,medikamentell,badebehandling,Annet virkestoff,,,,hele lokaliteten,1141,FINNØY,11,Rogaland,59.097282,5.835917,2,Ryfylke,
15,2016,26295,Langøy,medikamentell,badebehandling,Hydrogenperoksid,,,,deler av lokaliteten,1263,LINDÅS,12,Hordaland,60.779133,5.1608,4,Nordhordaland til Stadt,
15,2016,20559,Langskjæra,ikke-medikamentell,,,,,,deler av lokaliteten,1620,FRØYA,16,Sør-Trøndelag,63.8225,8.75505,6,Nordmøre og Sør-Trøndelag,
15,2016,33557,Langskjæra II,ikke-medikamentell,,,,,,deler av lokaliteten,1620,FRØYA,16,Sør-Trøndelag,63.82245,8.74075,6,Nordmøre og Sør-Trøndelag,
15,2016,33557,Langskjæra II,rensefisk,,,222120,Rognkjeks (hun),13009,deler av lokaliteten,1620,FRØYA,16,Sør-Trøndelag,63.82245,8.74075,6,Nordmøre og Sør-Trøndelag,
15,2016,10232,Mannbruholmen,ikke-medikamentell,,,,,,deler av lokaliteten,1620,FRØYA,16,Sør-Trøndelag,63.8473,8.53675,6,Nordmøre og Sør-Trøndelag,
15,2016,12134,Maradalen,medikamentell,badebehandling,Hydrogenperoksid,,,,hele lokaliteten,1224,KVINNHERAD,12,Hordaland,59.76077,5.686767,3,Karmøy til Sotra,
15,2016,13965,Nesbø/Gjeldsvik,medikamentell,fôrbehandling,Diflubenzuron,,,,hele lokaliteten,1263,LINDÅS,12,Hordaland,60.68835,5.4232,4,Nordhordaland til Stadt,
15,2016,10375,Nord Leksa,medikamentell,fôrbehandling,Emamectin benzoat,,,,hele lokaliteten,1622,AGDENES,16,Sør-Trøndelag,63.589466,9.409383,6,Nordmøre og Sør-Trøndelag,
15,2016,12366,Raskjæret,medikamentell,badebehandling,Azamethiphos,,,,deler av lokaliteten,1620,FRØYA,16,Sør-Trøndelag,63.793617,8.854567,6,Nordmøre og Sør-Trøndelag,
15,2016,12366,Raskjæret,medikamentell,badebehandling,Deltamethrin,,,,deler av lokaliteten,1620,FRØYA,16,Sør-Trøndelag,63.793617,8.854567,6,Nordmøre og Sør-Trøndelag,
15,2016,10086,Rekeviki,medikamentell,fôrbehandling,Diflubenzuron,,,,hele lokaliteten,1263,LINDÅS,12,Hordaland,60.723415,5.328583,4,Nordhordaland til Stadt,
15,2016,12281,Rogne,medikamentell,badebehandling,Azamethiphos,,,,hele lokaliteten,1534,HARAM,15,Møre og Romsdal,62.6695,6.356833,5,Stadt til Hustadvika,
15,2016,12281,Rogne,medikamentell,badebehandling,Deltamethrin,,,,hele lokaliteten,1534,HARAM,15,Møre og Romsdal,62.6695,6.356833,5,Stadt til Hustadvika,
15,2016,29276,Rongøy,medikamentell,badebehandling,Annet virkestoff,,,,deler av lokaliteten,1259,ØYGARDEN,12,Hordaland,60.509335,4.9317,4,Nordhordaland til Stadt,
15,2016,29276,Rongøy,medikamentell,badebehandling,Annet virkestoff,,,,deler av lokaliteten,1259,ØYGARDEN,12,Hordaland,60.509335,4.9317,4,Nordhordaland til Stadt,
15,2016,29276,Rongøy,medikamentell,badebehandling,Azamethiphos,,,,deler av lokaliteten,1259,ØYGARDEN,12,Hordaland,60.509335,4.9317,4,Nordhordaland til Stadt,
15,2016,12126,Rossnes,medikamentell,badebehandling,Hydrogenperoksid,,,,deler av lokaliteten,1224,KVINNHERAD,12,Hordaland,59.759167,5.721467,3,Karmøy til Sotra,
15,2016,12126,Rossnes,ikke-medikamentell,,,,,,deler av lokaliteten,1224,KVINNHERAD,12,Hordaland,59.759167,5.721467,3,Karmøy til Sotra,
15,2016,13249,Sagelva,medikamentell,badebehandling,Hydrogenperoksid,,,,hele lokaliteten,1520,ØRSTA,15,Møre og Romsdal,62.33795,6.38165,5,Stadt til Hustadvika,
15,2016,34857,Salatskjæra,ikke-medikamentell,,,,,,deler av lokaliteten,1620,FRØYA,16,Sør-Trøndelag,63.90485,8.589133,6,Nordmøre og Sør-Trøndelag,
15,2016,11758,Sauøy Ø,medikamentell,badebehandling,Hydrogenperoksid,,,,deler av lokaliteten,1259,ØYGARDEN,12,Hordaland,60.592335,4.857833,4,Nordhordaland til Stadt,
15,2016,12244,Setevika,rensefisk,,,222120,Rognkjeks (hun),11541,hele lokaliteten,1545,MIDSUND,15,Møre og Romsdal,62.728065,6.939283,5,Stadt til Hustadvika,
15,2016,10961,Skonseng,medikamentell,badebehandling,Azamethiphos,,,,hele lokaliteten,1824,VEFSN,18,Nordland,65.80648,12.619767,8,Helgeland til Bodø,
15,2016,10961,Skonseng,medikamentell,badebehandling,Deltamethrin,,,,hele lokaliteten,1824,VEFSN,18,Nordland,65.80648,12.619767,8,Helgeland til Bodø,
15,2016,12192,Skorva,medikamentell,fôrbehandling,Diflubenzuron,,,,hele lokaliteten,1428,ASKVOLL,14,Sogn og Fjordane,61.467117,5.3136,4,Nordhordaland til Stadt,
15,2016,28096,Slåttenes,medikamentell,badebehandling,Annet virkestoff,,,,deler av lokaliteten,1224,KVINNHERAD,12,Hordaland,59.83222,5.984267,3,Karmøy til Sotra,
15,2016,28096,Slåttenes,ikke-medikamentell,,,,,,deler av lokaliteten,1224,KVINNHERAD,12,Hordaland,59.83222,5.984267,3,Karmøy til Sotra,
15,2016,23375,Sørevik,medikamentell,badebehandling,Azamethiphos,,,,hele lokaliteten,1416,HØYANGER,14,Sogn og Fjordane,61.099983,5.729967,4,Nordhordaland til Stadt,
15,2016,23375,Sørevik,medikamentell,badebehandling,Cypermethrin,,,,hele lokaliteten,1416,HØYANGER,14,Sogn og Fjordane,61.099983,5.729967,4,Nordhordaland til Stadt,
15,2016,11649,Stolane,rensefisk,,,222120,Rognkjeks (hun),558,deler av lokaliteten,1260,RADØY,12,Hordaland,60.605118,5.1257,4,Nordhordaland til Stadt,
15,2016,11649,Stolane,rensefisk,,,1692,Annen leppefisk,4853,deler av lokaliteten,1260,RADØY,12,Hordaland,60.605118,5.1257,4,Nordhordaland til Stadt,
15,2016,21755,Tendalsvik,medikamentell,badebehandling,Annet virkestoff,,,,hele lokaliteten,1211,ETNE,12,Hordaland,59.73605,5.884,3,Karmøy til Sotra,
15,2016,12268,Terningen,ikke-medikamentell,,,,,,deler av lokaliteten,1545,MIDSUND,15,Møre og Romsdal,62.6431,6.54805,5,Stadt til Hustadvika,
15,2016,12662,Ternskjæret II,medikamentell,badebehandling,Azamethiphos,,,,deler av lokaliteten,1751,NÆRØY,17,Nord-Trøndelag,64.77713,11.639767,7,Nord-Trøndelag med Bindal,
15,2016,12662,Ternskjæret II,medikamentell,badebehandling,Deltamethrin,,,,deler av lokaliteten,1751,NÆRØY,17,Nord-Trøndelag,64.77713,11.639767,7,Nord-Trøndelag med Bindal,
15,2016,10054,Tobbeholmane,medikamentell,badebehandling,Hydrogenperoksid,,,,hele lokaliteten,1244,AUSTEVOLL,12,Hordaland,60.02432,5.30815,3,Karmøy til Sotra,
15,2016,10054,Tobbeholmane,medikamentell,badebehandling,Hydrogenperoksid,,,,hele lokaliteten,1244,AUSTEVOLL,12,Hordaland,60.02432,5.30815,3,Karmøy til Sotra,
15,2016,10054,Tobbeholmane,medikamentell,badebehandling,Hydrogenperoksid,,,,hele lokaliteten,1244,AUSTEVOLL,12,Hordaland,60.02432,5.30815,3,Karmøy til Sotra,
15,2016,10054,Tobbeholmane,medikamentell,badebehandling,Hydrogenperoksid,,,,hele lokaliteten,1244,AUSTEVOLL,12,Hordaland,60.02432,5.30815,3,Karmøy til Sotra,
15,2016,10054,Tobbeholmane,medikamentell,badebehandling,Hydrogenperoksid,,,,hele lokaliteten,1244,AUSTEVOLL,12,Hordaland,60.02432,5.30815,3,Karmøy til Sotra,
15,2016,32857,Trettholmosen,medikamentell,badebehandling,Annet virkestoff,,,,hele lokaliteten,1219,BØMLO,12,Hordaland,59.831932,5.0801,3,Karmøy til Sotra,
15,2016,31557,Valøyan,medikamentell,fôrbehandling,Emamectin benzoat,,,,deler av lokaliteten,1620,FRØYA,16,Sør-Trøndelag,63.81735,8.462483,6,Nordmøre og Sør-Trøndelag,
15,2016,13837,Verpeide,medikamentell,badebehandling,Hydrogenperoksid,,,,hele lokaliteten,1439,VÅGSØY,14,Sogn og Fjordane,61.902954,5.207967,4,Nordhordaland til Stadt,
15,2016,13704,Vikane,medikamentell,fôrbehandling,Diflubenzuron,,,,hele lokaliteten,1266,MASFJORDEN,12,Hordaland,60.7125,5.403633,4,Nordhordaland til Stadt,
15,2016,24175,Ytre Lavollsfjord,rensefisk,,,222120,Rognkjeks (hun),1,hele lokaliteten,1929,BERG,19,Troms,69.419464,17.287567,10,Andøya til Senja,
14,2016,15196,Aga Ø,ikke-medikamentell,,,,,,deler av lokaliteten,1219,BØMLO,12,Hordaland,59.8451,5.261367,3,Karmøy til Sotra,
14,2016,12982,Aldeøyna,medikamentell,badebehandling,Azamethiphos,,,,hele lokaliteten,1428,ASKVOLL,14,Sogn og Fjordane,61.31025,4.76905,4,Nordhordaland til Stadt,
14,2016,12982,Aldeøyna,medikamentell,badebehandling,Deltamethrin,,,,hele lokaliteten,1428,ASKVOLL,14,Sogn og Fjordane,61.31025,4.76905,4,Nordhordaland til Stadt,
14,2016,29816,Apalvikneset,rensefisk,,,2221,Rognkjeks (felles),10000,deler av lokaliteten,1227,JONDAL,12,Hordaland,60.146217,6.121133,3,Karmøy til Sotra,
14,2016,11749,Bårøy,ikke-medikamentell,,,,,,hele lokaliteten,1411,GULEN,14,Sogn og Fjordane,60.9452,4.84605,4,Nordhordaland til Stadt,
14,2016,12178,Bjønnspjotneset,medikamentell,badebehandling,Azamethiphos,,,,deler av lokaliteten,1416,HØYANGER,14,Sogn og Fjordane,61.0985,5.825533,4,Nordhordaland til Stadt,
14,2016,12178,Bjønnspjotneset,medikamentell,badebehandling,Cypermethrin,,,,deler av lokaliteten,1416,HØYANGER,14,Sogn og Fjordane,61.0985,5.825533,4,Nordhordaland til Stadt,
14,2016,22455,Bjørlykkestranda,medikamentell,badebehandling,Hydrogenperoksid,,,,hele lokaliteten,1511,VANYLVEN,15,Møre og Romsdal,62.16655,5.5954,5,Stadt til Hustadvika,
14,2016,10256,Bondøya,medikamentell,badebehandling,Hydrogenperoksid,,,,deler av lokaliteten,1750,VIKNA,17,Nord-Trøndelag,64.81715,10.7425,7,Nord-Trøndelag med Bindal,
14,2016,13841,Brunsvik,ikke-medikamentell,,,,,,hele lokaliteten,1439,VÅGSØY,14,Sogn og Fjordane,61.910183,5.29085,4,Nordhordaland til Stadt,
14,2016,31038,Buarøy,medikamentell,badebehandling,Hydrogenperoksid,,,,deler av lokaliteten,1245,SUND,12,Hordaland,60.220066,5.21455,3,Karmøy til Sotra,
14,2016,10110,Djupevik,medikamentell,badebehandling,Hydrogenperoksid,,,,hele lokaliteten,1141,FINNØY,11,Rogaland,59.1474,5.863783,2,Ryfylke,
14,2016,26595,Djupevika,medikamentell,badebehandling,Hydrogenperoksid,,,,deler av lokaliteten,1223,TYSNES,12,Hordaland,60.035816,5.342217,3,Karmøy til Sotra,
14,2016,32197,Dryna,ikke-medikamentell,,,,,,deler av lokaliteten,1545,MIDSUND,15,Møre og Romsdal,62.6444,6.5568,5,Stadt til Hustadvika,
14,2016,21415,Dyrholmen,medikamentell,badebehandling,Annet virkestoff,,,,hele lokaliteten,1141,FINNØY,11,Rogaland,59.285484,5.8583,2,Ryfylke,
14,2016,21415,Dyrholmen,medikamentell,badebehandling,Annet virkestoff,,,,hele lokaliteten,1141,FINNØY,11,Rogaland,59.285484,5.8583,2,Ryfylke,
14,2016,21415,Dyrholmen,medikamentell,badebehandling,Annet virkestoff,,,,hele lokaliteten,1141,FINNØY,11,Rogaland,59.285484,5.8583,2,Ryfylke,
14,2016,21415,Dyrholmen,medikamentell,badebehandling,Annet virkestoff,,,,hele lokaliteten,1141,FINNØY,11,Rogaland,59.285484,5.8583,2,Ryfylke,
14,2016,21415,Dyrholmen,medikamentell,badebehandling,Annet virkestoff,,,,hele lokaliteten,1141,FINNØY,11,Rogaland,59.285484,5.8583,2,Ryfylke,
14,2016,12128,Dyrnes,medikamentell,badebehandling,Hydrogenperoksid,,,,hele lokaliteten,1224,KVINNHERAD,12,Hordaland,59.71765,5.72205,3,Karmøy til Sotra,
14,2016,11814,Furevika,medikamentell,badebehandling,Azamethiphos,,,,hele lokaliteten,1429,FJALER,14,Sogn og Fjordane,61.30595,5.072183,4,Nordhordaland til Stadt,
14,2016,11814,Furevika,medikamentell,badebehandling,Deltamethrin,,,,hele lokaliteten,1429,FJALER,14,Sogn og Fjordane,61.30595,5.072183,4,Nordhordaland til Stadt,
14,2016,11667,Gardskråneset,ikke-medikamentell,,,,,,hele lokaliteten,1259,ØYGARDEN,12,Hordaland,60.53972,4.903867,4,Nordhordaland til Stadt,
14,2016,11530,Gissøysundet S,medikamentell,badebehandling,Annet virkestoff,,,,deler av lokaliteten,1219,BØMLO,12,Hordaland,59.62327,5.159667,3,Karmøy til Sotra,
14,2016,11530,Gissøysundet S,medikamentell,badebehandling,Annet virkestoff,,,,deler av lokaliteten,1219,BØMLO,12,Hordaland,59.62327,5.159667,3,Karmøy til Sotra,
14,2016,12789,Gunnarøya,medikamentell,fôrbehandling,Emamectin benzoat,,,,hele lokaliteten,1613,SNILLFJORD,16,Sør-Trøndelag,63.569485,9.467983,6,Nordmøre og Sør-Trøndelag,
14,2016,12789,Gunnarøya,rensefisk,,,222120,Rognkjeks (hun),10504,deler av lokaliteten,1613,SNILLFJORD,16,Sør-Trøndelag,63.569485,9.467983,6,Nordmøre og Sør-Trøndelag,
14,2016,13886,Hallarøy V,medikamentell,fôrbehandling,Emamectin benzoat,,,,hele lokaliteten,1620,FRØYA,16,Sør-Trøndelag,63.998116,9.129283,6,Nordmøre og Sør-Trøndelag,
14,2016,18639,Halsavika,medikamentell,badebehandling,Deltamethrin,,,,hele lokaliteten,1146,TYSVÆR,11,Rogaland,59.39232,5.883333,2,Ryfylke,
14,2016,22596,Hesbygrunnen,medikamentell,badebehandling,Azamethiphos,,,,hele lokaliteten,1141,FINNØY,11,Rogaland,59.194416,5.800183,2,Ryfylke,
14,2016,13235,Hessvik,rensefisk,,,2221,Rognkjeks (felles),7500,hele lokaliteten,1224,KVINNHERAD,12,Hordaland,60.127934,6.149933,3,Karmøy til Sotra,
14,2016,10410,Hindholmen,medikamentell,fôrbehandling,Emamectin benzoat,,,,hele lokaliteten,1751,NÆRØY,17,Nord-Trøndelag,64.77393,11.44087,7,Nord-Trøndelag med Bindal,
14,2016,10410,Hindholmen,medikamentell,badebehandling,Hydrogenperoksid,,,,hele lokaliteten,1751,NÆRØY,17,Nord-Trøndelag,64.77393,11.44087,7,Nord-Trøndelag med Bindal,
14,2016,13231,Høylandssund,medikamentell,badebehandling,Hydrogenperoksid,,,,hele lokaliteten,1224,KVINNHERAD,12,Hordaland,59.77755,5.8298,3,Karmøy til Sotra,
14,2016,14042,Kattholmen,medikamentell,fôrbehandling,Emamectin benzoat,,,,deler av lokaliteten,1620,FRØYA,16,Sør-Trøndelag,63.870968,8.679017,6,Nordmøre og Sør-Trøndelag,
14,2016,14042,Kattholmen,medikamentell,fôrbehandling,Emamectin benzoat,,,,deler av lokaliteten,1620,FRØYA,16,Sør-Trøndelag,63.870968,8.679017,6,Nordmøre og Sør-Trøndelag,
14,2016,14042,Kattholmen,ikke-medikamentell,,,,,,deler av lokaliteten,1620,FRØYA,16,Sør-Trøndelag,63.870968,8.679017,6,Nordmøre og Sør-Trøndelag,
14,2016,14042,Kattholmen,rensefisk,,,222120,Rognkjeks (hun),7480,deler av lokaliteten,1620,FRØYA,16,Sør-Trøndelag,63.870968,8.679017,6,Nordmøre og Sør-Trøndelag,
14,2016,30437,Kattholmen II,medikamentell,fôrbehandling,Emamectin benzoat,,,,hele lokaliteten,1620,FRØYA,16,Sør-Trøndelag,63.8661,8.675683,6,Nordmøre og Sør-Trøndelag,
14,2016,33577,Kjeholmen II,rensefisk,,,1693,Bergnebb,30685,hele lokaliteten,1003,FARSUND,10,Vest-Agder,58.06008,6.885683,1,Svenskegrensen til Jæren,
14,2016,12294,Kjerstad,medikamentell,badebehandling,Annet virkestoff,,,,deler av lokaliteten,1534,HARAM,15,Møre og Romsdal,62.622368,6.224883,5,Stadt til Hustadvika,
14,2016,13339,Klungervikneset,medikamentell,fôrbehandling,Diflubenzuron,,,,hele lokaliteten,1219,BØMLO,12,Hordaland,59.74668,5.3424,3,Karmøy til Sotra,
14,2016,11575,Koløy N,medikamentell,badebehandling,Hydrogenperoksid,,,,hele lokaliteten,1222,FITJAR,12,Hordaland,59.8616,5.288267,3,Karmøy til Sotra,
14,2016,11575,Koløy N,ikke-medikamentell,,,,,,hele lokaliteten,1222,FITJAR,12,Hordaland,59.8616,5.288267,3,Karmøy til Sotra,
14,2016,11633,Krossholmen,medikamentell,badebehandling,Annet virkestoff,,,,hele lokaliteten,1219,BØMLO,12,Hordaland,59.7879,5.100533,3,Karmøy til Sotra,
14,2016,11775,Kviteskjeret,rensefisk,,,2221,Rognkjeks (felles),28690,hele lokaliteten,1428,ASKVOLL,14,Sogn og Fjordane,61.467815,5.2203,4,Nordhordaland til Stadt,
14,2016,13234,Kysnes,ikke-medikamentell,,,,,,deler av lokaliteten,1227,JONDAL,12,Hordaland,60.19877,6.09685,3,Karmøy til Sotra,
14,2016,24715,Langholmen,medikamentell,badebehandling,Annet virkestoff,,,,hele lokaliteten,1141,FINNØY,11,Rogaland,59.097282,5.835917,2,Ryfylke,
14,2016,13055,Langøyna Ø,medikamentell,badebehandling,Azamethiphos,,,,deler av lokaliteten,1146,TYSVÆR,11,Rogaland,59.2983,5.713333,2,Ryfylke,
14,2016,33557,Langskjæra II,ikke-medikamentell,,,,,,deler av lokaliteten,1620,FRØYA,16,Sør-Trøndelag,63.82245,8.74075,6,Nordmøre og Sør-Trøndelag,
14,2016,11438,Lauplandsholmen,medikamentell,badebehandling,Deltamethrin,,,,hele lokaliteten,1145,BOKN,11,Rogaland,59.179733,5.472633,2,Ryfylke,
14,2016,13340,Leiholmane,ikke-medikamentell,,,,,,hele lokaliteten,1411,GULEN,14,Sogn og Fjordane,60.982216,4.875017,4,Nordhordaland til Stadt,
14,2016,12022,Ljonesbjørgene,rensefisk,,,222120,Rognkjeks (hun),19785,deler av lokaliteten,1238,KVAM,12,Hordaland,60.2564,6.16585,3,Karmøy til Sotra,
14,2016,14435,Ljøsøy N,ikke-medikamentell,,,,,,hele lokaliteten,1259,ØYGARDEN,12,Hordaland,60.565216,4.878433,4,Nordhordaland til Stadt,
14,2016,12904,Merraberget,medikamentell,badebehandling,Annet virkestoff,,,,hele lokaliteten,1543,NESSET,15,Møre og Romsdal,62.7838,8.27825,6,Nordmøre og Sør-Trøndelag,
14,2016,12904,Merraberget,medikamentell,badebehandling,Annet virkestoff,,,,hele lokaliteten,1543,NESSET,15,Møre og Romsdal,62.7838,8.27825,6,Nordmøre og Sør-Trøndelag,
14,2016,13629,Munkholmen,medikamentell,badebehandling,Deltamethrin,,,,hele lokaliteten,1146,TYSVÆR,11,Rogaland,59.285484,5.631317,2,Ryfylke,
14,2016,10303,Nappeholmane,medikamentell,fôrbehandling,Diflubenzuron,,,,hele lokaliteten,1219,BØMLO,12,Hordaland,59.743034,5.363783,3,Karmøy til Sotra,
14,2016,13965,Nesbø/Gjeldsvik,medikamentell,fôrbehandling,Diflubenzuron,,,,hele lokaliteten,1263,LINDÅS,12,Hordaland,60.68835,5.4232,4,Nordhordaland til Stadt,
14,2016,10375,Nord Leksa,medikamentell,fôrbehandling,Emamectin benzoat,,,,hele lokaliteten,1622,AGDENES,16,Sør-Trøndelag,63.589466,9.409383,6,Nordmøre og Sør-Trøndelag,
14,2016,14495,Nordeimsøyna,medikamentell,badebehandling,Hydrogenperoksid,,,,deler av lokaliteten,1141,FINNØY,11,Rogaland,59.28695,5.812483,2,Ryfylke,
14,2016,31697,Oksen,ikke-medikamentell,,,,,,deler av lokaliteten,1246,FJELL,12,Hordaland,60.43382,4.9411,3,Karmøy til Sotra,
14,2016,13867,Raunevågen,medikamentell,badebehandling,Annet virkestoff,,,,deler av lokaliteten,1216,SVEIO,12,Hordaland,59.65798,5.533667,3,Karmøy til Sotra,
14,2016,13867,Raunevågen,medikamentell,badebehandling,Azamethiphos,,,,deler av lokaliteten,1216,SVEIO,12,Hordaland,59.65798,5.533667,3,Karmøy til Sotra,
14,2016,10086,Rekeviki,medikamentell,fôrbehandling,Diflubenzuron,,,,hele lokaliteten,1263,LINDÅS,12,Hordaland,60.723415,5.328583,4,Nordhordaland til Stadt,
14,2016,29276,Rongøy,medikamentell,badebehandling,Annet virkestoff,,,,deler av lokaliteten,1259,ØYGARDEN,12,Hordaland,60.509335,4.9317,4,Nordhordaland til Stadt,
14,2016,29276,Rongøy,medikamentell,badebehandling,Azamethiphos,,,,deler av lokaliteten,1259,ØYGARDEN,12,Hordaland,60.509335,4.9317,4,Nordhordaland til Stadt,
14,2016,12298,Røysa,medikamentell,badebehandling,Hydrogenperoksid,,,,hele lokaliteten,1532,GISKE,15,Møre og Romsdal,62.54865,6.1417,5,Stadt til Hustadvika,
14,2016,10328,Sagvik,ikke-medikamentell,,,,,,deler av lokaliteten,1238,KVAM,12,Hordaland,60.141033,5.906933,3,Karmøy til Sotra,
14,2016,11888,Sandvik,medikamentell,badebehandling,Deltamethrin,,,,hele lokaliteten,1134,SULDAL,11,Rogaland,59.31445,6.170917,2,Ryfylke,
14,2016,13243,Sandvika,medikamentell,badebehandling,Hydrogenperoksid,,,,deler av lokaliteten,1519,VOLDA,15,Møre og Romsdal,62.195667,5.904417,5,Stadt til Hustadvika,
14,2016,20796,Skarbukta,medikamentell,badebehandling,Annet virkestoff,,,,deler av lokaliteten,1539,RAUMA,15,Møre og Romsdal,62.59785,7.367717,5,Stadt til Hustadvika,
14,2016,11737,Skorpa,ikke-medikamentell,,,,,,hele lokaliteten,1411,GULEN,14,Sogn og Fjordane,60.944233,4.882817,4,Nordhordaland til Stadt,
14,2016,28096,Slåttenes,medikamentell,badebehandling,Annet virkestoff,,,,deler av lokaliteten,1224,KVINNHERAD,12,Hordaland,59.83222,5.984267,3,Karmøy til Sotra,
14,2016,28096,Slåttenes,ikke-medikamentell,,,,,,deler av lokaliteten,1224,KVINNHERAD,12,Hordaland,59.83222,5.984267,3,Karmøy til Sotra,
14,2016,26155,Slåttholmen,medikamentell,badebehandling,Annet virkestoff,,,,deler av lokaliteten,1612,HEMNE,16,Sør-Trøndelag,63.44779,8.958173,6,Nordmøre og Sør-Trøndelag,
14,2016,26155,Slåttholmen,ikke-medikamentell,,,,,,deler av lokaliteten,1612,HEMNE,16,Sør-Trøndelag,63.44779,8.958173,6,Nordmøre og Sør-Trøndelag,
14,2016,15375,Sørøyflesa,medikamentell,fôrbehandling,Emamectin benzoat,,,,hele lokaliteten,1620,FRØYA,16,Sør-Trøndelag,63.98405,9.057067,6,Nordmøre og Sør-Trøndelag,
14,2016,11486,Stokkavik,medikamentell,fôrbehandling,Diflubenzuron,,,,hele lokaliteten,1219,BØMLO,12,Hordaland,59.7604,5.341183,3,Karmøy til Sotra,
14,2016,24535,Storholmen,medikamentell,badebehandling,Annet virkestoff,,,,deler av lokaliteten,2012,ALTA,20,Finnmark,70.34161,23.392467,12,Vest-Finnmark,
14,2016,20776,Storoksen,medikamentell,badebehandling,Annet virkestoff,,,,deler av lokaliteten,1247,ASKØY,12,Hordaland,60.530884,4.97325,4,Nordhordaland til Stadt,
14,2016,20776,Storoksen,medikamentell,badebehandling,Annet virkestoff,,,,deler av lokaliteten,1247,ASKØY,12,Hordaland,60.530884,4.97325,4,Nordhordaland til Stadt,
14,2016,26235,Stualand,medikamentell,badebehandling,Azamethiphos,,,,deler av lokaliteten,1216,SVEIO,12,Hordaland,59.6088,5.5269,3,Karmøy til Sotra,
14,2016,26235,Stualand,medikamentell,badebehandling,Hydrogenperoksid,,,,deler av lokaliteten,1216,SVEIO,12,Hordaland,59.6088,5.5269,3,Karmøy til Sotra,
14,2016,22955,Svollandsneset,medikamentell,badebehandling,Annet virkestoff,,,,deler av lokaliteten,1160,VINDAFJORD,11,Rogaland,59.684235,5.589717,3,Karmøy til Sotra,
14,2016,10309,Syrtangen,ikke-medikamentell,,,,,,hele lokaliteten,1259,ØYGARDEN,12,Hordaland,60.468468,4.965967,4,Nordhordaland til Stadt,
14,2016,12268,Terningen,medikamentell,badebehandling,Annet virkestoff,,,,deler av lokaliteten,1545,MIDSUND,15,Møre og Romsdal,62.6431,6.54805,5,Stadt til Hustadvika,
14,2016,12114,Torsneset,medikamentell,badebehandling,Annet virkestoff,,,,hele lokaliteten,1160,VINDAFJORD,11,Rogaland,59.5182,5.819867,2,Ryfylke,
14,2016,13704,Vikane,medikamentell,fôrbehandling,Diflubenzuron,,,,hele lokaliteten,1266,MASFJORDEN,12,Hordaland,60.7125,5.403633,4,Nordhordaland til Stadt,
14,2016,24175,Ytre Lavollsfjord,rensefisk,,,222120,Rognkjeks (hun),1,hele lokaliteten,1929,BERG,19,Troms,69.419464,17.287567,10,Andøya til Senja,
13,2016,12086,Alsåkervik,medikamentell,badebehandling,Azamethiphos,,,,deler av lokaliteten,1224,KVINNHERAD,12,Hordaland,59.7601,6.074183,3,Karmøy til Sotra,
13,2016,12086,Alsåkervik,medikamentell,badebehandling,Deltamethrin,,,,deler av lokaliteten,1224,KVINNHERAD,12,Hordaland,59.7601,6.074183,3,Karmøy til Sotra,
13,2016,29816,Apalvikneset,rensefisk,,,2221,Rognkjeks (felles),18000,deler av lokaliteten,1227,JONDAL,12,Hordaland,60.146217,6.121133,3,Karmøy til Sotra,
13,2016,11930,Bjelkavik,medikamentell,badebehandling,Deltamethrin,,,,hele lokaliteten,1134,SULDAL,11,Rogaland,59.45165,5.991917,2,Ryfylke,
13,2016,22455,Bjørlykkestranda,medikamentell,badebehandling,Hydrogenperoksid,,,,hele lokaliteten,1511,VANYLVEN,15,Møre og Romsdal,62.16655,5.5954,5,Stadt til Hustadvika,
13,2016,34997,Bjørnøya,medikamentell,fôrbehandling,Emamectin benzoat,,,,hele lokaliteten,1804,BODØ,18,Nordland,67.4164,14.428667,9,Vestfjorden og Vesterålen,
13,2016,13205,Brattholmen,medikamentell,badebehandling,Hydrogenperoksid,,,,hele lokaliteten,1412,SOLUND,14,Sogn og Fjordane,61.068382,4.713817,4,Nordhordaland til Stadt,
13,2016,32457,Dalsvåg Nv,rensefisk,,,222120,Rognkjeks (hun),6416,deler av lokaliteten,1149,KARMØY,11,Rogaland,59.410816,5.21725,3,Karmøy til Sotra,
13,2016,12109,Ebne,medikamentell,badebehandling,Hydrogenperoksid,,,,hele lokaliteten,1211,ETNE,12,Hordaland,59.71443,5.8238,3,Karmøy til Sotra,
13,2016,14041,Edøya,medikamentell,fôrbehandling,Emamectin benzoat,,,,hele lokaliteten,1617,HITRA,16,Sør-Trøndelag,63.65835,8.694417,6,Nordmøre og Sør-Trøndelag,
13,2016,30137,Edøya II,medikamentell,fôrbehandling,Emamectin benzoat,,,,hele lokaliteten,1617,HITRA,16,Sør-Trøndelag,63.65805,8.683667,6,Nordmøre og Sør-Trøndelag,
13,2016,15456,Eidesberget,medikamentell,badebehandling,Azamethiphos,,,,hele lokaliteten,1416,HØYANGER,14,Sogn og Fjordane,61.105118,5.853883,4,Nordhordaland til Stadt,
13,2016,15456,Eidesberget,medikamentell,badebehandling,Cypermethrin,,,,hele lokaliteten,1416,HØYANGER,14,Sogn og Fjordane,61.105118,5.853883,4,Nordhordaland til Stadt,
13,2016,11814,Furevika,medikamentell,badebehandling,Azamethiphos,,,,hele lokaliteten,1429,FJALER,14,Sogn og Fjordane,61.30595,5.072183,4,Nordhordaland til Stadt,
13,2016,11814,Furevika,medikamentell,badebehandling,Deltamethrin,,,,hele lokaliteten,1429,FJALER,14,Sogn og Fjordane,61.30595,5.072183,4,Nordhordaland til Stadt,
13,2016,13886,Hallarøy V,medikamentell,fôrbehandling,Emamectin benzoat,,,,hele lokaliteten,1620,FRØYA,16,Sør-Trøndelag,63.998116,9.129283,6,Nordmøre og Sør-Trøndelag,
13,2016,31577,Haneholmen,medikamentell,fôrbehandling,Diflubenzuron,,,,hele lokaliteten,1445,GLOPPEN,14,Sogn og Fjordane,61.84045,6.10055,4,Nordhordaland til Stadt,
13,2016,11511,Hattasteinen,ikke-medikamentell,,,,,,deler av lokaliteten,1219,BØMLO,12,Hordaland,59.626266,5.250717,3,Karmøy til Sotra,
13,2016,30257,Hausan,medikamentell,badebehandling,Annet virkestoff,,,,deler av lokaliteten,1612,HEMNE,16,Sør-Trøndelag,63.45838,8.955683,6,Nordmøre og Sør-Trøndelag,
13,2016,12590,Helligholmen,medikamentell,badebehandling,Azamethiphos,,,,deler av lokaliteten,1750,VIKNA,17,Nord-Trøndelag,64.83839,10.665517,7,Nord-Trøndelag med Bindal,
13,2016,12590,Helligholmen,medikamentell,badebehandling,Deltamethrin,,,,deler av lokaliteten,1750,VIKNA,17,Nord-Trøndelag,64.83839,10.665517,7,Nord-Trøndelag med Bindal,
13,2016,33218,Hosenøyan,medikamentell,fôrbehandling,Annet virkestoff,,,,hele lokaliteten,1630,ÅFJORD,16,Sør-Trøndelag,64.08518,9.884683,6,Nordmøre og Sør-Trøndelag,
13,2016,27095,Ihlholmen,medikamentell,badebehandling,Hydrogenperoksid,,,,hele lokaliteten,1160,VINDAFJORD,11,Rogaland,59.7215,5.586633,3,Karmøy til Sotra,
13,2016,30036,Jørstadskjera,medikamentell,badebehandling,Azamethiphos,,,,hele lokaliteten,1141,FINNØY,11,Rogaland,59.293083,5.937017,2,Ryfylke,
13,2016,14042,Kattholmen,medikamentell,fôrbehandling,Emamectin benzoat,,,,deler av lokaliteten,1620,FRØYA,16,Sør-Trøndelag,63.870968,8.679017,6,Nordmøre og Sør-Trøndelag,
13,2016,14042,Kattholmen,ikke-medikamentell,,,,,,deler av lokaliteten,1620,FRØYA,16,Sør-Trøndelag,63.870968,8.679017,6,Nordmøre og Sør-Trøndelag,
13,2016,30437,Kattholmen II,medikamentell,fôrbehandling,Emamectin benzoat,,,,hele lokaliteten,1620,FRØYA,16,Sør-Trøndelag,63.8661,8.675683,6,Nordmøre og Sør-Trøndelag,
13,2016,30437,Kattholmen II,ikke-medikamentell,,,,,,hele lokaliteten,1620,FRØYA,16,Sør-Trøndelag,63.8661,8.675683,6,Nordmøre og Sør-Trøndelag,
13,2016,28976,Kelvesteinen,medikamentell,badebehandling,Annet virkestoff,,,,hele lokaliteten,1246,FJELL,12,Hordaland,60.4029,5.063717,3,Karmøy til Sotra,
13,2016,28976,Kelvesteinen,medikamentell,badebehandling,Annet virkestoff,,,,hele lokaliteten,1246,FJELL,12,Hordaland,60.4029,5.063717,3,Karmøy til Sotra,
13,2016,28976,Kelvesteinen,medikamentell,badebehandling,Annet virkestoff,,,,hele lokaliteten,1246,FJELL,12,Hordaland,60.4029,5.063717,3,Karmøy til Sotra,
13,2016,28976,Kelvesteinen,medikamentell,badebehandling,Annet virkestoff,,,,hele lokaliteten,1246,FJELL,12,Hordaland,60.4029,5.063717,3,Karmøy til Sotra,
13,2016,28976,Kelvesteinen,medikamentell,badebehandling,Annet virkestoff,,,,hele lokaliteten,1246,FJELL,12,Hordaland,60.4029,5.063717,3,Karmøy til Sotra,
13,2016,28976,Kelvesteinen,medikamentell,badebehandling,Annet virkestoff,,,,hele lokaliteten,1246,FJELL,12,Hordaland,60.4029,5.063717,3,Karmøy til Sotra,
13,2016,28976,Kelvesteinen,medikamentell,badebehandling,Annet virkestoff,,,,hele lokaliteten,1246,FJELL,12,Hordaland,60.4029,5.063717,3,Karmøy til Sotra,
13,2016,28976,Kelvesteinen,medikamentell,badebehandling,Annet virkestoff,,,,hele lokaliteten,1246,FJELL,12,Hordaland,60.4029,5.063717,3,Karmøy til Sotra,
13,2016,28976,Kelvesteinen,medikamentell,badebehandling,Azamethiphos,,,,hele lokaliteten,1246,FJELL,12,Hordaland,60.4029,5.063717,3,Karmøy til Sotra,
13,2016,33577,Kjeholmen II,rensefisk,,,1693,Bergnebb,30685,hele lokaliteten,1003,FARSUND,10,Vest-Agder,58.06008,6.885683,1,Svenskegrensen til Jæren,
13,2016,13339,Klungervikneset,medikamentell,fôrbehandling,Diflubenzuron,,,,hele lokaliteten,1219,BØMLO,12,Hordaland,59.74668,5.3424,3,Karmøy til Sotra,
13,2016,13567,"Knappen,Solheim",ikke-medikamentell,,,,,,hele lokaliteten,1266,MASFJORDEN,12,Hordaland,60.885334,5.4616,4,Nordhordaland til Stadt,
13,2016,13831,Kvamme,medikamentell,fôrbehandling,Emamectin benzoat,,,,hele lokaliteten,1253,OSTERØY,12,Hordaland,60.518333,5.3811,4,Nordhordaland til Stadt,
13,2016,11775,Kviteskjeret,medikamentell,badebehandling,Hydrogenperoksid,,,,hele lokaliteten,1428,ASKVOLL,14,Sogn og Fjordane,61.467815,5.2203,4,Nordhordaland til Stadt,
13,2016,24715,Langholmen,medikamentell,badebehandling,Annet virkestoff,,,,hele lokaliteten,1141,FINNØY,11,Rogaland,59.097282,5.835917,2,Ryfylke,
13,2016,14086,Lelandsholmen,medikamentell,badebehandling,Hydrogenperoksid,,,,hele lokaliteten,1219,BØMLO,12,Hordaland,59.728535,5.153067,3,Karmøy til Sotra,
13,2016,14086,Lelandsholmen,medikamentell,badebehandling,Hydrogenperoksid,,,,hele lokaliteten,1219,BØMLO,12,Hordaland,59.728535,5.153067,3,Karmøy til Sotra,
13,2016,28996,Loddetå,medikamentell,badebehandling,Annet virkestoff,,,,hele lokaliteten,1216,SVEIO,12,Hordaland,59.691643,5.54298,3,Karmøy til Sotra,
13,2016,14043,Lybergsvika,medikamentell,badebehandling,Annet virkestoff,,,,deler av lokaliteten,1539,RAUMA,15,Møre og Romsdal,62.641582,7.448583,5,Stadt til Hustadvika,
13,2016,12127,Mælen,medikamentell,badebehandling,Hydrogenperoksid,,,,hele lokaliteten,1224,KVINNHERAD,12,Hordaland,59.69998,5.722917,3,Karmøy til Sotra,
13,2016,10303,Nappeholmane,medikamentell,fôrbehandling,Diflubenzuron,,,,hele lokaliteten,1219,BØMLO,12,Hordaland,59.743034,5.363783,3,Karmøy til Sotra,
13,2016,13965,Nesbø/Gjeldsvik,medikamentell,fôrbehandling,Diflubenzuron,,,,hele lokaliteten,1263,LINDÅS,12,Hordaland,60.68835,5.4232,4,Nordhordaland til Stadt,
13,2016,10375,Nord Leksa,medikamentell,fôrbehandling,Emamectin benzoat,,,,hele lokaliteten,1622,AGDENES,16,Sør-Trøndelag,63.589466,9.409383,6,Nordmøre og Sør-Trøndelag,
13,2016,14495,Nordeimsøyna,medikamentell,badebehandling,Annet virkestoff,,,,deler av lokaliteten,1141,FINNØY,11,Rogaland,59.28695,5.812483,2,Ryfylke,
13,2016,14495,Nordeimsøyna,medikamentell,badebehandling,Annet virkestoff,,,,deler av lokaliteten,1141,FINNØY,11,Rogaland,59.28695,5.812483,2,Ryfylke,
13,2016,14495,Nordeimsøyna,medikamentell,badebehandling,Annet virkestoff,,,,deler av lokaliteten,1141,FINNØY,11,Rogaland,59.28695,5.812483,2,Ryfylke,
13,2016,31697,Oksen,ikke-medikamentell,,,,,,deler av lokaliteten,1246,FJELL,12,Hordaland,60.43382,4.9411,3,Karmøy til Sotra,
13,2016,15403,Olderøy,medikamentell,badebehandling,Hydrogenperoksid,,,,deler av lokaliteten,1412,SOLUND,14,Sogn og Fjordane,61.103283,4.712233,4,Nordhordaland til Stadt,
13,2016,12071,Ommundsteigen,medikamentell,badebehandling,Deltamethrin,,,,hele lokaliteten,1134,SULDAL,11,Rogaland,59.55078,6.5131,2,Ryfylke,
13,2016,12394,Ørnøya,medikamentell,fôrbehandling,Emamectin benzoat,,,,deler av lokaliteten,1620,FRØYA,16,Sør-Trøndelag,63.761868,8.445183,6,Nordmøre og Sør-Trøndelag,
13,2016,24696,Ørnøya II,medikamentell,fôrbehandling,Emamectin benzoat,,,,deler av lokaliteten,1620,FRØYA,16,Sør-Trøndelag,63.759167,8.449133,6,Nordmøre og Sør-Trøndelag,
13,2016,13345,Oterstegdalen,medikamentell,badebehandling,Annet virkestoff,,,,hele lokaliteten,1241,FUSA,12,Hordaland,60.23545,5.638267,3,Karmøy til Sotra,
13,2016,13345,Oterstegdalen,medikamentell,badebehandling,Annet virkestoff,,,,hele lokaliteten,1241,FUSA,12,Hordaland,60.23545,5.638267,3,Karmøy til Sotra,
13,2016,11677,Øyjordsvika,medikamentell,fôrbehandling,Emamectin benzoat,,,,hele lokaliteten,1253,OSTERØY,12,Hordaland,60.537384,5.3434,4,Nordhordaland til Stadt,
13,2016,28636,Rataren,medikamentell,fôrbehandling,Emamectin benzoat,,,,deler av lokaliteten,1620,FRØYA,16,Sør-Trøndelag,63.780884,8.517383,6,Nordmøre og Sør-Trøndelag,
13,2016,31959,Rataren II,medikamentell,fôrbehandling,Emamectin benzoat,,,,deler av lokaliteten,1620,FRØYA,16,Sør-Trøndelag,63.782383,8.526367,6,Nordmøre og Sør-Trøndelag,
13,2016,13867,Raunevågen,medikamentell,badebehandling,Annet virkestoff,,,,deler av lokaliteten,1216,SVEIO,12,Hordaland,59.65798,5.533667,3,Karmøy til Sotra,
13,2016,13867,Raunevågen,medikamentell,badebehandling,Azamethiphos,,,,deler av lokaliteten,1216,SVEIO,12,Hordaland,59.65798,5.533667,3,Karmøy til Sotra,
13,2016,10086,Rekeviki,medikamentell,fôrbehandling,Diflubenzuron,,,,hele lokaliteten,1263,LINDÅS,12,Hordaland,60.723415,5.328583,4,Nordhordaland til Stadt,
13,2016,17357,Rennaren,medikamentell,badebehandling,Deltamethrin,,,,hele lokaliteten,1142,RENNESØY,11,Rogaland,59.131584,5.72165,2,Ryfylke,
13,2016,11964,Ringja,medikamentell,badebehandling,Deltamethrin,,,,hele lokaliteten,1146,TYSVÆR,11,Rogaland,59.405468,5.8631,2,Ryfylke,
13,2016,12209,Rønstad,medikamentell,badebehandling,Hydrogenperoksid,,,,hele lokaliteten,1519,VOLDA,15,Møre og Romsdal,62.135117,6.021433,5,Stadt til Hustadvika,
13,2016,12973,Saltkjelen I,ikke-medikamentell,,,,,,deler av lokaliteten,1238,KVAM,12,Hordaland,60.31815,6.183183,3,Karmøy til Sotra,
13,2016,13035,Sauaneset I,rensefisk,,,2221,Rognkjeks (felles),500,deler av lokaliteten,1244,AUSTEVOLL,12,Hordaland,60.089085,5.267967,3,Karmøy til Sotra,
13,2016,20796,Skarbukta,medikamentell,badebehandling,Annet virkestoff,,,,deler av lokaliteten,1539,RAUMA,15,Møre og Romsdal,62.59785,7.367717,5,Stadt til Hustadvika,
13,2016,12192,Skorva,medikamentell,badebehandling,Hydrogenperoksid,,,,hele lokaliteten,1428,ASKVOLL,14,Sogn og Fjordane,61.467117,5.3136,4,Nordhordaland til Stadt,
13,2016,12154,Smørdalen,ikke-medikamentell,,,,,,hele lokaliteten,1266,MASFJORDEN,12,Hordaland,60.8675,5.55215,4,Nordhordaland til Stadt,
13,2016,15375,Sørøyflesa,medikamentell,fôrbehandling,Emamectin benzoat,,,,hele lokaliteten,1620,FRØYA,16,Sør-Trøndelag,63.98405,9.057067,6,Nordmøre og Sør-Trøndelag,
13,2016,13708,Steinvik,medikamentell,badebehandling,Hydrogenperoksid,,,,hele lokaliteten,1401,FLORA,14,Sogn og Fjordane,61.565266,5.31025,4,Nordhordaland til Stadt,
13,2016,11486,Stokkavik,medikamentell,fôrbehandling,Diflubenzuron,,,,hele lokaliteten,1219,BØMLO,12,Hordaland,59.7604,5.341183,3,Karmøy til Sotra,
13,2016,20776,Storoksen,medikamentell,badebehandling,Hydrogenperoksid,,,,deler av lokaliteten,1247,ASKØY,12,Hordaland,60.530884,4.97325,4,Nordhordaland til Stadt,
13,2016,26235,Stualand,medikamentell,badebehandling,Azamethiphos,,,,deler av lokaliteten,1216,SVEIO,12,Hordaland,59.6088,5.5269,3,Karmøy til Sotra,
13,2016,26235,Stualand,medikamentell,badebehandling,Hydrogenperoksid,,,,deler av lokaliteten,1216,SVEIO,12,Hordaland,59.6088,5.5269,3,Karmøy til Sotra,
13,2016,22955,Svollandsneset,medikamentell,badebehandling,Annet virkestoff,,,,hele lokaliteten,1160,VINDAFJORD,11,Rogaland,59.684235,5.589717,3,Karmøy til Sotra,
13,2016,25815,Tittelsnes,medikamentell,badebehandling,Hydrogenperoksid,,,,hele lokaliteten,1216,SVEIO,12,Hordaland,59.723484,5.533483,3,Karmøy til Sotra,
13,2016,25815,Tittelsnes,medikamentell,badebehandling,Hydrogenperoksid,,,,hele lokaliteten,1216,SVEIO,12,Hordaland,59.723484,5.533483,3,Karmøy til Sotra,
13,2016,13704,Vikane,medikamentell,fôrbehandling,Diflubenzuron,,,,hele lokaliteten,1266,MASFJORDEN,12,Hordaland,60.7125,5.403633,4,Nordhordaland til Stadt,
13,2016,13704,Vikane,ikke-medikamentell,,,,,,hele lokaliteten,1266,MASFJORDEN,12,Hordaland,60.7125,5.403633,4,Nordhordaland til Stadt,
13,2016,24175,Ytre Lavollsfjord,rensefisk,,,222120,Rognkjeks (hun),1,hele lokaliteten,1929,BERG,19,Troms,69.419464,17.287567,10,Andøya til Senja,
13,2016,29417,Ytre Vassholmen,medikamentell,fôrbehandling,Emamectin benzoat,,,,deler av lokaliteten,1818,HERØY I NORDLAND,18,Nordland,65.93497,12.139133,8,Helgeland til Bodø,
12,2016,34997,Bjørnøya,medikamentell,fôrbehandling,Emamectin benzoat,,,,hele lokaliteten,1804,BODØ,18,Nordland,67.4164,14.428667,9,Vestfjorden og Vesterålen,
12,2016,15796,Borgarliflot,medikamentell,badebehandling,Deltamethrin,,,,hele lokaliteten,1134,SULDAL,11,Rogaland,59.3892,5.924733,2,Ryfylke,
12,2016,14041,Edøya,medikamentell,fôrbehandling,Emamectin benzoat,,,,hele lokaliteten,1617,HITRA,16,Sør-Trøndelag,63.65835,8.694417,6,Nordmøre og Sør-Trøndelag,
12,2016,30137,Edøya II,medikamentell,fôrbehandling,Emamectin benzoat,,,,hele lokaliteten,1617,HITRA,16,Sør-Trøndelag,63.65805,8.683667,6,Nordmøre og Sør-Trøndelag,
12,2016,15456,Eidesberget,medikamentell,badebehandling,Azamethiphos,,,,hele lokaliteten,1416,HØYANGER,14,Sogn og Fjordane,61.105118,5.853883,4,Nordhordaland til Stadt,
12,2016,15456,Eidesberget,medikamentell,badebehandling,Cypermethrin,,,,hele lokaliteten,1416,HØYANGER,14,Sogn og Fjordane,61.105118,5.853883,4,Nordhordaland til Stadt,
12,2016,26335,Geitholmen,ikke-medikamentell,,,,,,deler av lokaliteten,1750,VIKNA,17,Nord-Trøndelag,64.79955,11.025933,7,Nord-Trøndelag med Bindal,
12,2016,12265,Gudmundset,medikamentell,badebehandling,Hydrogenperoksid,,,,deler av lokaliteten,1529,SKODJE,15,Møre og Romsdal,62.4527,6.602483,5,Stadt til Hustadvika,
12,2016,13886,Hallarøy V,medikamentell,fôrbehandling,Emamectin benzoat,,,,hele lokaliteten,1620,FRØYA,16,Sør-Trøndelag,63.998116,9.129283,6,Nordmøre og Sør-Trøndelag,
12,2016,31577,Haneholmen,medikamentell,fôrbehandling,Diflubenzuron,,,,hele lokaliteten,1445,GLOPPEN,14,Sogn og Fjordane,61.84045,6.10055,4,Nordhordaland til Stadt,
12,2016,11920,Herøy,medikamentell,badebehandling,Deltamethrin,,,,hele lokaliteten,1160,VINDAFJORD,11,Rogaland,59.4664,6.0262,2,Ryfylke,
12,2016,32757,Horgefjorden,medikamentell,badebehandling,Hydrogenperoksid,,,,deler av lokaliteten,1244,AUSTEVOLL,12,Hordaland,60.09942,5.117883,3,Karmøy til Sotra,
12,2016,33218,Hosenøyan,medikamentell,fôrbehandling,Annet virkestoff,,,,hele lokaliteten,1630,ÅFJORD,16,Sør-Trøndelag,64.08518,9.884683,6,Nordmøre og Sør-Trøndelag,
12,2016,33577,Kjeholmen II,rensefisk,,,1693,Bergnebb,30685,hele lokaliteten,1003,FARSUND,10,Vest-Agder,58.06008,6.885683,1,Svenskegrensen til Jæren,
12,2016,13339,Klungervikneset,medikamentell,fôrbehandling,Diflubenzuron,,,,hele lokaliteten,1219,BØMLO,12,Hordaland,59.74668,5.3424,3,Karmøy til Sotra,
12,2016,11809,Krabbestig,medikamentell,badebehandling,Annet virkestoff,,,,hele lokaliteten,1439,VÅGSØY,14,Sogn og Fjordane,61.894566,5.0616,4,Nordhordaland til Stadt,
12,2016,13831,Kvamme,medikamentell,fôrbehandling,Emamectin benzoat,,,,hele lokaliteten,1253,OSTERØY,12,Hordaland,60.518333,5.3811,4,Nordhordaland til Stadt,
12,2016,24715,Langholmen,medikamentell,badebehandling,Annet virkestoff,,,,hele lokaliteten,1141,FINNØY,11,Rogaland,59.097282,5.835917,2,Ryfylke,
12,2016,10303,Nappeholmane,medikamentell,fôrbehandling,Diflubenzuron,,,,hele lokaliteten,1219,BØMLO,12,Hordaland,59.743034,5.363783,3,Karmøy til Sotra,
12,2016,13965,Nesbø/Gjeldsvik,medikamentell,fôrbehandling,Diflubenzuron,,,,hele lokaliteten,1263,LINDÅS,12,Hordaland,60.68835,5.4232,4,Nordhordaland til Stadt,
12,2016,26315,Nordgjæslingan,ikke-medikamentell,,,,,,hele lokaliteten,1750,VIKNA,17,Nord-Trøndelag,64.7659,10.9128,7,Nord-Trøndelag med Bindal,
12,2016,12383,Omsøyholman,medikamentell,fôrbehandling,Emamectin benzoat,,,,hele lokaliteten,1617,HITRA,16,Sør-Trøndelag,63.63162,8.574817,6,Nordmøre og Sør-Trøndelag,
12,2016,12394,Ørnøya,medikamentell,fôrbehandling,Emamectin benzoat,,,,deler av lokaliteten,1620,FRØYA,16,Sør-Trøndelag,63.761868,8.445183,6,Nordmøre og Sør-Trøndelag,
12,2016,24696,Ørnøya II,medikamentell,fôrbehandling,Emamectin benzoat,,,,deler av lokaliteten,1620,FRØYA,16,Sør-Trøndelag,63.759167,8.449133,6,Nordmøre og Sør-Trøndelag,
12,2016,11677,Øyjordsvika,medikamentell,fôrbehandling,Emamectin benzoat,,,,hele lokaliteten,1253,OSTERØY,12,Hordaland,60.537384,5.3434,4,Nordhordaland til Stadt,
12,2016,28636,Rataren,medikamentell,fôrbehandling,Emamectin benzoat,,,,deler av lokaliteten,1620,FRØYA,16,Sør-Trøndelag,63.780884,8.517383,6,Nordmøre og Sør-Trøndelag,
12,2016,31959,Rataren II,medikamentell,fôrbehandling,Emamectin benzoat,,,,deler av lokaliteten,1620,FRØYA,16,Sør-Trøndelag,63.782383,8.526367,6,Nordmøre og Sør-Trøndelag,
12,2016,13035,Sauaneset I,ikke-medikamentell,,,,,,hele lokaliteten,1244,AUSTEVOLL,12,Hordaland,60.089085,5.267967,3,Karmøy til Sotra,
12,2016,28096,Slåttenes,medikamentell,badebehandling,Annet virkestoff,,,,deler av lokaliteten,1224,KVINNHERAD,12,Hordaland,59.83222,5.984267,3,Karmøy til Sotra,
12,2016,28096,Slåttenes,medikamentell,badebehandling,Hydrogenperoksid,,,,deler av lokaliteten,1224,KVINNHERAD,12,Hordaland,59.83222,5.984267,3,Karmøy til Sotra,
12,2016,13291,Soløya,medikamentell,fôrbehandling,Emamectin benzoat,,,,hele lokaliteten,1859,FLAKSTAD,18,Nordland,68.00382,13.182267,9,Vestfjorden og Vesterålen,
12,2016,15375,Sørøyflesa,medikamentell,fôrbehandling,Emamectin benzoat,,,,hele lokaliteten,1620,FRØYA,16,Sør-Trøndelag,63.98405,9.057067,6,Nordmøre og Sør-Trøndelag,
12,2016,11649,Stolane,rensefisk,,,1693,Bergnebb,337,deler av lokaliteten,1260,RADØY,12,Hordaland,60.605118,5.1257,4,Nordhordaland til Stadt,
12,2016,11649,Stolane,rensefisk,,,1692,Annen leppefisk,5057,deler av lokaliteten,1260,RADØY,12,Hordaland,60.605118,5.1257,4,Nordhordaland til Stadt,
12,2016,11776,Sveholmane,medikamentell,fôrbehandling,Diflubenzuron,,,,hele lokaliteten,1401,FLORA,14,Sogn og Fjordane,61.557716,5.215333,4,Nordhordaland til Stadt,
12,2016,11776,Sveholmane,rensefisk,,,2221,Rognkjeks (felles),30000,hele lokaliteten,1401,FLORA,14,Sogn og Fjordane,61.557716,5.215333,4,Nordhordaland til Stadt,
12,2016,21755,Tendalsvik,medikamentell,badebehandling,Annet virkestoff,,,,deler av lokaliteten,1211,ETNE,12,Hordaland,59.73605,5.884,3,Karmøy til Sotra,
12,2016,17575,Tollaksholmen,medikamentell,badebehandling,Deltamethrin,,,,deler av lokaliteten,1145,BOKN,11,Rogaland,59.2522,5.390517,2,Ryfylke,
12,2016,13704,Vikane,ikke-medikamentell,,,,,,hele lokaliteten,1266,MASFJORDEN,12,Hordaland,60.7125,5.403633,4,Nordhordaland til Stadt,
12,2016,11925,Vintraviki,medikamentell,badebehandling,Azamethiphos,,,,hele lokaliteten,1134,SULDAL,11,Rogaland,59.399384,6.020533,2,Ryfylke,
12,2016,24175,Ytre Lavollsfjord,rensefisk,,,222120,Rognkjeks (hun),1,hele lokaliteten,1929,BERG,19,Troms,69.419464,17.287567,10,Andøya til Senja,
12,2016,29417,Ytre Vassholmen,medikamentell,fôrbehandling,Emamectin benzoat,,,,deler av lokaliteten,1818,HERØY I NORDLAND,18,Nordland,65.93497,12.139133,8,Helgeland til Bodø,
11,2016,34997,Bjørnøya,medikamentell,fôrbehandling,Emamectin benzoat,,,,hele lokaliteten,1804,BODØ,18,Nordland,67.4164,14.428667,9,Vestfjorden og Vesterålen,
11,2016,12156,Blom,medikamentell,badebehandling,Annet virkestoff,,,,deler av lokaliteten,1253,OSTERØY,12,Hordaland,60.436584,5.564833,4,Nordhordaland til Stadt,
11,2016,12156,Blom,medikamentell,badebehandling,Annet virkestoff,,,,deler av lokaliteten,1253,OSTERØY,12,Hordaland,60.436584,5.564833,4,Nordhordaland til Stadt,
11,2016,34897,Brandsfjorden,medikamentell,badebehandling,Annet virkestoff,,,,hele lokaliteten,1632,ROAN,16,Sør-Trøndelag,64.22307,10.279933,6,Nordmøre og Sør-Trøndelag,
11,2016,14041,Edøya,medikamentell,fôrbehandling,Emamectin benzoat,,,,hele lokaliteten,1617,HITRA,16,Sør-Trøndelag,63.65835,8.694417,6,Nordmøre og Sør-Trøndelag,
11,2016,30137,Edøya II,medikamentell,fôrbehandling,Emamectin benzoat,,,,hele lokaliteten,1617,HITRA,16,Sør-Trøndelag,63.65805,8.683667,6,Nordmøre og Sør-Trøndelag,
11,2016,32597,Fjordprakken,rensefisk,,,222120,Rognkjeks (hun),22307,hele lokaliteten,1573,SMØLA,15,Møre og Romsdal,63.256516,7.928067,6,Nordmøre og Sør-Trøndelag,
11,2016,12078,Gangdal,rensefisk,,,2221,Rognkjeks (felles),6000,hele lokaliteten,1227,JONDAL,12,Hordaland,60.215935,6.156667,3,Karmøy til Sotra,
11,2016,32317,Guriøyna,medikamentell,fôrbehandling,Diflubenzuron,,,,hele lokaliteten,1428,ASKVOLL,14,Sogn og Fjordane,61.297916,4.66045,4,Nordhordaland til Stadt,
11,2016,31577,Haneholmen,medikamentell,fôrbehandling,Diflubenzuron,,,,hele lokaliteten,1445,GLOPPEN,14,Sogn og Fjordane,61.84045,6.10055,4,Nordhordaland til Stadt,
11,2016,22596,Hesbygrunnen,medikamentell,fôrbehandling,Emamectin benzoat,,,,deler av lokaliteten,1141,FINNØY,11,Rogaland,59.194416,5.800183,2,Ryfylke,
11,2016,33797,Hidlekjerringa,medikamentell,fôrbehandling,Emamectin benzoat,,,,deler av lokaliteten,1130,STRAND,11,Rogaland,59.067284,5.839383,2,Ryfylke,
11,2016,32757,Horgefjorden,medikamentell,badebehandling,Hydrogenperoksid,,,,deler av lokaliteten,1244,AUSTEVOLL,12,Hordaland,60.09942,5.117883,3,Karmøy til Sotra,
11,2016,28976,Kelvesteinen,medikamentell,badebehandling,Azamethiphos,,,,deler av lokaliteten,1246,FJELL,12,Hordaland,60.4029,5.063717,3,Karmøy til Sotra,
11,2016,28976,Kelvesteinen,medikamentell,badebehandling,Hydrogenperoksid,,,,deler av lokaliteten,1246,FJELL,12,Hordaland,60.4029,5.063717,3,Karmøy til Sotra,
11,2016,33577,Kjeholmen II,rensefisk,,,1693,Bergnebb,30685,hele lokaliteten,1003,FARSUND,10,Vest-Agder,58.06008,6.885683,1,Svenskegrensen til Jæren,
11,2016,32577,Klammerholmen,medikamentell,fôrbehandling,Emamectin benzoat,,,,hele lokaliteten,1244,AUSTEVOLL,12,Hordaland,60.08165,5.168567,3,Karmøy til Sotra,
11,2016,13339,Klungervikneset,medikamentell,badebehandling,Hydrogenperoksid,,,,hele lokaliteten,1219,BØMLO,12,Hordaland,59.74668,5.3424,3,Karmøy til Sotra,
11,2016,13234,Kysnes,rensefisk,,,2221,Rognkjeks (felles),9000,hele lokaliteten,1227,JONDAL,12,Hordaland,60.19877,6.09685,3,Karmøy til Sotra,
11,2016,24715,Langholmen,medikamentell,badebehandling,Annet virkestoff,,,,hele lokaliteten,1141,FINNØY,11,Rogaland,59.097282,5.835917,2,Ryfylke,
11,2016,12380,Langøya/Kvaløya,ikke-medikamentell,,,,,,hele lokaliteten,1620,FRØYA,16,Sør-Trøndelag,63.791096,8.60728,6,Nordmøre og Sør-Trøndelag,
11,2016,33557,Langskjæra II,ikke-medikamentell,,,,,,deler av lokaliteten,1620,FRØYA,16,Sør-Trøndelag,63.82245,8.74075,6,Nordmøre og Sør-Trøndelag,
11,2016,13876,Litletveitholane,ikke-medikamentell,,,,,,hele lokaliteten,1253,OSTERØY,12,Hordaland,60.479782,5.443633,4,Nordhordaland til Stadt,
11,2016,10303,Nappeholmane,medikamentell,badebehandling,Hydrogenperoksid,,,,hele lokaliteten,1219,BØMLO,12,Hordaland,59.743034,5.363783,3,Karmøy til Sotra,
11,2016,13965,Nesbø/Gjeldsvik,medikamentell,fôrbehandling,Emamectin benzoat,,,,hele lokaliteten,1263,LINDÅS,12,Hordaland,60.68835,5.4232,4,Nordhordaland til Stadt,
11,2016,12383,Omsøyholman,medikamentell,fôrbehandling,Emamectin benzoat,,,,hele lokaliteten,1617,HITRA,16,Sør-Trøndelag,63.63162,8.574817,6,Nordmøre og Sør-Trøndelag,
11,2016,19655,Ospeneset,rensefisk,,,2221,Rognkjeks (felles),20000,hele lokaliteten,1263,LINDÅS,12,Hordaland,60.74618,5.2701,4,Nordhordaland til Stadt,
11,2016,11738,Otterholmen,ikke-medikamentell,,,,,,hele lokaliteten,1260,RADØY,12,Hordaland,60.68693,4.907933,4,Nordhordaland til Stadt,
11,2016,11972,Prestholmane,medikamentell,fôrbehandling,Emamectin benzoat,,,,deler av lokaliteten,1141,FINNØY,11,Rogaland,59.116768,5.8545,2,Ryfylke,
11,2016,12784,Ringholmen,rensefisk,,,222120,Rognkjeks (hun),29658,deler av lokaliteten,1613,SNILLFJORD,16,Sør-Trøndelag,63.56,9.41005,6,Nordmøre og Sør-Trøndelag,
11,2016,29276,Rongøy,medikamentell,badebehandling,Annet virkestoff,,,,deler av lokaliteten,1259,ØYGARDEN,12,Hordaland,60.509335,4.9317,4,Nordhordaland til Stadt,
11,2016,29276,Rongøy,medikamentell,badebehandling,Annet virkestoff,,,,deler av lokaliteten,1259,ØYGARDEN,12,Hordaland,60.509335,4.9317,4,Nordhordaland til Stadt,
11,2016,12019,Saltkjelen II,rensefisk,,,2221,Rognkjeks (felles),16867,hele lokaliteten,1227,JONDAL,12,Hordaland,60.248016,6.2014,3,Karmøy til Sotra,
11,2016,12884,Sandnesbukta,rensefisk,,,222120,Rognkjeks (hun),2021,hele lokaliteten,1543,NESSET,15,Møre og Romsdal,62.7369,7.8775,5,Stadt til Hustadvika,
11,2016,13291,Soløya,medikamentell,fôrbehandling,Emamectin benzoat,,,,hele lokaliteten,1859,FLAKSTAD,18,Nordland,68.00382,13.182267,9,Vestfjorden og Vesterålen,
11,2016,27436,Solværet,rensefisk,,,222120,Rognkjeks (hun),45250,hele lokaliteten,1573,SMØLA,15,Møre og Romsdal,63.255,7.856933,6,Nordmøre og Sør-Trøndelag,
11,2016,11486,Stokkavik,medikamentell,badebehandling,Hydrogenperoksid,,,,hele lokaliteten,1219,BØMLO,12,Hordaland,59.7604,5.341183,3,Karmøy til Sotra,
11,2016,11700,Storeneset,ikke-medikamentell,,,,,,deler av lokaliteten,1411,GULEN,14,Sogn og Fjordane,60.8763,5.02805,4,Nordhordaland til Stadt,
11,2016,11776,Sveholmane,medikamentell,fôrbehandling,Diflubenzuron,,,,hele lokaliteten,1401,FLORA,14,Sogn og Fjordane,61.557716,5.215333,4,Nordhordaland til Stadt,
11,2016,21755,Tendalsvik,medikamentell,badebehandling,Annet virkestoff,,,,deler av lokaliteten,1211,ETNE,12,Hordaland,59.73605,5.884,3,Karmøy til Sotra,
11,2016,21755,Tendalsvik,medikamentell,badebehandling,Annet virkestoff,,,,deler av lokaliteten,1211,ETNE,12,Hordaland,59.73605,5.884,3,Karmøy til Sotra,
11,2016,25815,Tittelsnes,medikamentell,badebehandling,Annet virkestoff,,,,hele lokaliteten,1216,SVEIO,12,Hordaland,59.723484,5.533483,3,Karmøy til Sotra,
11,2016,13837,Verpeide,medikamentell,badebehandling,Annet virkestoff,,,,hele lokaliteten,1439,VÅGSØY,14,Sogn og Fjordane,61.902954,5.207967,4,Nordhordaland til Stadt,
11,2016,13837,Verpeide,ikke-medikamentell,,,,,,hele lokaliteten,1439,VÅGSØY,14,Sogn og Fjordane,61.902954,5.207967,4,Nordhordaland til Stadt,
11,2016,24175,Ytre Lavollsfjord,rensefisk,,,222120,Rognkjeks (hun),1,hele lokaliteten,1929,BERG,19,Troms,69.419464,17.287567,10,Andøya til Senja,
10,2016,25055,Bekksneset,rensefisk,,,2221,Rognkjeks (felles),25250,hele lokaliteten,1413,HYLLESTAD,14,Sogn og Fjordane,61.07662,5.38595,4,Nordhordaland til Stadt,
10,2016,12178,Bjønnspjotneset,medikamentell,fôrbehandling,Diflubenzuron,,,,hele lokaliteten,1416,HØYANGER,14,Sogn og Fjordane,61.0985,5.825533,4,Nordhordaland til Stadt,
10,2016,32457,Dalsvåg Nv,rensefisk,,,222120,Rognkjeks (hun),12551,deler av lokaliteten,1149,KARMØY,11,Rogaland,59.410816,5.21725,3,Karmøy til Sotra,
10,2016,13036,Gjengane,rensefisk,,,222120,Rognkjeks (hun),13940,deler av lokaliteten,1244,AUSTEVOLL,12,Hordaland,60.071518,5.306383,3,Karmøy til Sotra,
10,2016,32317,Guriøyna,medikamentell,fôrbehandling,Diflubenzuron,,,,hele lokaliteten,1428,ASKVOLL,14,Sogn og Fjordane,61.297916,4.66045,4,Nordhordaland til Stadt,
10,2016,31577,Haneholmen,medikamentell,fôrbehandling,Diflubenzuron,,,,hele lokaliteten,1445,GLOPPEN,14,Sogn og Fjordane,61.84045,6.10055,4,Nordhordaland til Stadt,
10,2016,22596,Hesbygrunnen,medikamentell,fôrbehandling,Emamectin benzoat,,,,deler av lokaliteten,1141,FINNØY,11,Rogaland,59.194416,5.800183,2,Ryfylke,
10,2016,33797,Hidlekjerringa,medikamentell,fôrbehandling,Emamectin benzoat,,,,deler av lokaliteten,1130,STRAND,11,Rogaland,59.067284,5.839383,2,Ryfylke,
10,2016,12115,Ilsvåg,medikamentell,badebehandling,Annet virkestoff,,,,hele lokaliteten,1160,VINDAFJORD,11,Rogaland,59.517033,5.81015,2,Ryfylke,
10,2016,12115,Ilsvåg,medikamentell,badebehandling,Annet virkestoff,,,,hele lokaliteten,1160,VINDAFJORD,11,Rogaland,59.517033,5.81015,2,Ryfylke,
10,2016,33577,Kjeholmen II,rensefisk,,,1693,Bergnebb,30685,hele lokaliteten,1003,FARSUND,10,Vest-Agder,58.06008,6.885683,1,Svenskegrensen til Jæren,
10,2016,10113,Kobbavika,medikamentell,badebehandling,Hydrogenperoksid,,,,hele lokaliteten,1141,FINNØY,11,Rogaland,59.12232,5.934433,2,Ryfylke,
10,2016,19195,Korsholman,medikamentell,badebehandling,Annet virkestoff,,,,hele lokaliteten,1617,HITRA,16,Sør-Trøndelag,63.597218,8.51575,6,Nordmøre og Sør-Trøndelag,
10,2016,19195,Korsholman,ikke-medikamentell,,,,,,hele lokaliteten,1617,HITRA,16,Sør-Trøndelag,63.597218,8.51575,6,Nordmøre og Sør-Trøndelag,
10,2016,11809,Krabbestig,rensefisk,,,2221,Rognkjeks (felles),28494,hele lokaliteten,1439,VÅGSØY,14,Sogn og Fjordane,61.894566,5.0616,4,Nordhordaland til Stadt,
10,2016,11633,Krossholmen,medikamentell,badebehandling,Annet virkestoff,,,,deler av lokaliteten,1219,BØMLO,12,Hordaland,59.7879,5.100533,3,Karmøy til Sotra,
10,2016,11775,Kviteskjeret,rensefisk,,,2221,Rognkjeks (felles),25000,hele lokaliteten,1428,ASKVOLL,14,Sogn og Fjordane,61.467815,5.2203,4,Nordhordaland til Stadt,
10,2016,24715,Langholmen,medikamentell,badebehandling,Annet virkestoff,,,,hele lokaliteten,1141,FINNØY,11,Rogaland,59.097282,5.835917,2,Ryfylke,
10,2016,33557,Langskjæra II,ikke-medikamentell,,,,,,deler av lokaliteten,1620,FRØYA,16,Sør-Trøndelag,63.82245,8.74075,6,Nordmøre og Sør-Trøndelag,
10,2016,12392,Lille Torsøy,medikamentell,badebehandling,Annet virkestoff,,,,hele lokaliteten,1617,HITRA,16,Sør-Trøndelag,63.605633,8.48855,6,Nordmøre og Sør-Trøndelag,
10,2016,12392,Lille Torsøy,ikke-medikamentell,,,,,,hele lokaliteten,1617,HITRA,16,Sør-Trøndelag,63.605633,8.48855,6,Nordmøre og Sør-Trøndelag,
10,2016,28996,Loddetå,medikamentell,badebehandling,Annet virkestoff,,,,deler av lokaliteten,1216,SVEIO,12,Hordaland,59.691643,5.54298,3,Karmøy til Sotra,
10,2016,12134,Maradalen,medikamentell,badebehandling,Hydrogenperoksid,,,,hele lokaliteten,1224,KVINNHERAD,12,Hordaland,59.76077,5.686767,3,Karmøy til Sotra,
10,2016,13965,Nesbø/Gjeldsvik,medikamentell,fôrbehandling,Emamectin benzoat,,,,hele lokaliteten,1263,LINDÅS,12,Hordaland,60.68835,5.4232,4,Nordhordaland til Stadt,
10,2016,11908,Oltesvik,medikamentell,badebehandling,Azamethiphos,,,,hele lokaliteten,1122,GJESDAL,11,Rogaland,58.854916,6.124417,2,Ryfylke,
10,2016,20315,Overåneset V,medikamentell,badebehandling,Azamethiphos,,,,hele lokaliteten,1525,STRANDA,15,Møre og Romsdal,62.30065,7.085433,5,Stadt til Hustadvika,
10,2016,20315,Overåneset V,medikamentell,badebehandling,Deltamethrin,,,,hele lokaliteten,1525,STRANDA,15,Møre og Romsdal,62.30065,7.085433,5,Stadt til Hustadvika,
10,2016,20315,Overåneset V,medikamentell,badebehandling,Hydrogenperoksid,,,,hele lokaliteten,1525,STRANDA,15,Møre og Romsdal,62.30065,7.085433,5,Stadt til Hustadvika,
10,2016,11972,Prestholmane,medikamentell,fôrbehandling,Emamectin benzoat,,,,deler av lokaliteten,1141,FINNØY,11,Rogaland,59.116768,5.8545,2,Ryfylke,
10,2016,13867,Raunevågen,medikamentell,badebehandling,Hydrogenperoksid,,,,deler av lokaliteten,1216,SVEIO,12,Hordaland,59.65798,5.533667,3,Karmøy til Sotra,
10,2016,29276,Rongøy,medikamentell,badebehandling,Annet virkestoff,,,,deler av lokaliteten,1259,ØYGARDEN,12,Hordaland,60.509335,4.9317,4,Nordhordaland til Stadt,
10,2016,29276,Rongøy,medikamentell,badebehandling,Annet virkestoff,,,,deler av lokaliteten,1259,ØYGARDEN,12,Hordaland,60.509335,4.9317,4,Nordhordaland til Stadt,
10,2016,12126,Rossnes,medikamentell,badebehandling,Hydrogenperoksid,,,,hele lokaliteten,1224,KVINNHERAD,12,Hordaland,59.759167,5.721467,3,Karmøy til Sotra,
10,2016,13612,Rundereimstranda,medikamentell,badebehandling,Hydrogenperoksid,,,,deler av lokaliteten,1441,SELJE,14,Sogn og Fjordane,62.009968,5.331917,4,Nordhordaland til Stadt,
10,2016,10328,Sagvik,ikke-medikamentell,,,,,,deler av lokaliteten,1238,KVAM,12,Hordaland,60.141033,5.906933,3,Karmøy til Sotra,
10,2016,34857,Salatskjæra,medikamentell,fôrbehandling,Emamectin benzoat,,,,hele lokaliteten,1620,FRØYA,16,Sør-Trøndelag,63.90485,8.589133,6,Nordmøre og Sør-Trøndelag,
10,2016,11776,Sveholmane,medikamentell,fôrbehandling,Diflubenzuron,,,,hele lokaliteten,1401,FLORA,14,Sogn og Fjordane,61.557716,5.215333,4,Nordhordaland til Stadt,
10,2016,22955,Svollandsneset,medikamentell,badebehandling,Annet virkestoff,,,,hele lokaliteten,1160,VINDAFJORD,11,Rogaland,59.684235,5.589717,3,Karmøy til Sotra,
10,2016,25815,Tittelsnes,medikamentell,badebehandling,Annet virkestoff,,,,deler av lokaliteten,1216,SVEIO,12,Hordaland,59.723484,5.533483,3,Karmøy til Sotra,
10,2016,30837,Torangskjeret,rensefisk,,,2221,Rognkjeks (felles),12299,deler av lokaliteten,1244,AUSTEVOLL,12,Hordaland,60.130184,5.176033,3,Karmøy til Sotra,
10,2016,12839,Vindsnes,medikamentell,badebehandling,Hydrogenperoksid,,,,hele lokaliteten,1524,NORDDAL,15,Møre og Romsdal,62.28505,7.279633,5,Stadt til Hustadvika,
10,2016,24175,Ytre Lavollsfjord,rensefisk,,,222120,Rognkjeks (hun),1,hele lokaliteten,1929,BERG,19,Troms,69.419464,17.287567,10,Andøya til Senja,
9,2016,11800,Austneståa,medikamentell,fôrbehandling,Emamectin benzoat,,,,deler av lokaliteten,1401,FLORA,14,Sogn og Fjordane,61.49072,5.169133,4,Nordhordaland til Stadt,
9,2016,12178,Bjønnspjotneset,medikamentell,fôrbehandling,Diflubenzuron,,,,hele lokaliteten,1416,HØYANGER,14,Sogn og Fjordane,61.0985,5.825533,4,Nordhordaland til Stadt,
9,2016,31038,Buarøy,medikamentell,badebehandling,Hydrogenperoksid,,,,deler av lokaliteten,1245,SUND,12,Hordaland,60.220066,5.21455,3,Karmøy til Sotra,
9,2016,11559,Grimsholmen,rensefisk,,,222120,Rognkjeks (hun),19966,hele lokaliteten,1216,SVEIO,12,Hordaland,59.65735,5.404167,3,Karmøy til Sotra,
9,2016,32317,Guriøyna,medikamentell,fôrbehandling,Diflubenzuron,,,,hele lokaliteten,1428,ASKVOLL,14,Sogn og Fjordane,61.297916,4.66045,4,Nordhordaland til Stadt,
9,2016,32317,Guriøyna,medikamentell,fôrbehandling,Diflubenzuron,,,,hele lokaliteten,1428,ASKVOLL,14,Sogn og Fjordane,61.297916,4.66045,4,Nordhordaland til Stadt,
9,2016,32317,Guriøyna,medikamentell,fôrbehandling,Diflubenzuron,,,,hele lokaliteten,1428,ASKVOLL,14,Sogn og Fjordane,61.297916,4.66045,4,Nordhordaland til Stadt,
9,2016,11740,Haverøy,medikamentell,badebehandling,Annet virkestoff,,,,deler av lokaliteten,1246,FJELL,12,Hordaland,60.404766,4.93995,3,Karmøy til Sotra,
9,2016,14042,Kattholmen,rensefisk,,,222120,Rognkjeks (hun),27491,hele lokaliteten,1620,FRØYA,16,Sør-Trøndelag,63.870968,8.679017,6,Nordmøre og Sør-Trøndelag,
9,2016,33577,Kjeholmen II,rensefisk,,,1693,Bergnebb,30685,hele lokaliteten,1003,FARSUND,10,Vest-Agder,58.06008,6.885683,1,Svenskegrensen til Jæren,
9,2016,11763,Knappen,ikke-medikamentell,,,,,,hele lokaliteten,1259,ØYGARDEN,12,Hordaland,60.5735,4.818517,4,Nordhordaland til Stadt,
9,2016,11633,Krossholmen,medikamentell,badebehandling,Annet virkestoff,,,,deler av lokaliteten,1219,BØMLO,12,Hordaland,59.7879,5.100533,3,Karmøy til Sotra,
9,2016,24715,Langholmen,medikamentell,badebehandling,Annet virkestoff,,,,hele lokaliteten,1141,FINNØY,11,Rogaland,59.097282,5.835917,2,Ryfylke,
9,2016,20559,Langskjæra,ikke-medikamentell,,,,,,deler av lokaliteten,1620,FRØYA,16,Sør-Trøndelag,63.8225,8.75505,6,Nordmøre og Sør-Trøndelag,
9,2016,14086,Lelandsholmen,ikke-medikamentell,,,,,,deler av lokaliteten,1219,BØMLO,12,Hordaland,59.728535,5.153067,3,Karmøy til Sotra,
9,2016,13629,Munkholmen,medikamentell,badebehandling,Hydrogenperoksid,,,,hele lokaliteten,1146,TYSVÆR,11,Rogaland,59.285484,5.631317,2,Ryfylke,
9,2016,13020,Nygård,rensefisk,,,2221,Rognkjeks (felles),37017,hele lokaliteten,1242,SAMNANGER,12,Hordaland,60.358067,5.683283,3,Karmøy til Sotra,
9,2016,31697,Oksen,ikke-medikamentell,,,,,,deler av lokaliteten,1246,FJELL,12,Hordaland,60.43382,4.9411,3,Karmøy til Sotra,
9,2016,12383,Omsøyholman,rensefisk,,,222120,Rognkjeks (hun),14682,hele lokaliteten,1617,HITRA,16,Sør-Trøndelag,63.63162,8.574817,6,Nordmøre og Sør-Trøndelag,
9,2016,13867,Raunevågen,medikamentell,badebehandling,Hydrogenperoksid,,,,deler av lokaliteten,1216,SVEIO,12,Hordaland,59.65798,5.533667,3,Karmøy til Sotra,
9,2016,12281,Rogne,medikamentell,badebehandling,Hydrogenperoksid,,,,hele lokaliteten,1534,HARAM,15,Møre og Romsdal,62.6695,6.356833,5,Stadt til Hustadvika,
9,2016,29276,Rongøy,medikamentell,badebehandling,Hydrogenperoksid,,,,deler av lokaliteten,1259,ØYGARDEN,12,Hordaland,60.509335,4.9317,4,Nordhordaland til Stadt,
9,2016,29276,Rongøy,medikamentell,badebehandling,Hydrogenperoksid,,,,deler av lokaliteten,1259,ØYGARDEN,12,Hordaland,60.509335,4.9317,4,Nordhordaland til Stadt,
9,2016,34857,Salatskjæra,medikamentell,fôrbehandling,Emamectin benzoat,,,,hele lokaliteten,1620,FRØYA,16,Sør-Trøndelag,63.90485,8.589133,6,Nordmøre og Sør-Trøndelag,
9,2016,20796,Skarbukta,medikamentell,fôrbehandling,Emamectin benzoat,,,,hele lokaliteten,1539,RAUMA,15,Møre og Romsdal,62.59785,7.367717,5,Stadt til Hustadvika,
9,2016,20796,Skarbukta,medikamentell,fôrbehandling,Emamectin benzoat,,,,hele lokaliteten,1539,RAUMA,15,Møre og Romsdal,62.59785,7.367717,5,Stadt til Hustadvika,
9,2016,20115,Skjerholmen N.,medikamentell,badebehandling,Hydrogenperoksid,,,,deler av lokaliteten,1245,SUND,12,Hordaland,60.2496,5.174017,3,Karmøy til Sotra,
9,2016,20815,Slettvika,medikamentell,badebehandling,Hydrogenperoksid,,,,hele lokaliteten,1520,ØRSTA,15,Møre og Romsdal,62.334,6.157667,5,Stadt til Hustadvika,
9,2016,20815,Slettvika,medikamentell,badebehandling,Hydrogenperoksid,,,,hele lokaliteten,1520,ØRSTA,15,Møre og Romsdal,62.334,6.157667,5,Stadt til Hustadvika,
9,2016,20815,Slettvika,medikamentell,badebehandling,Hydrogenperoksid,,,,hele lokaliteten,1520,ØRSTA,15,Møre og Romsdal,62.334,6.157667,5,Stadt til Hustadvika,
9,2016,20815,Slettvika,medikamentell,badebehandling,Hydrogenperoksid,,,,hele lokaliteten,1520,ØRSTA,15,Møre og Romsdal,62.334,6.157667,5,Stadt til Hustadvika,
9,2016,20815,Slettvika,medikamentell,badebehandling,Hydrogenperoksid,,,,hele lokaliteten,1520,ØRSTA,15,Møre og Romsdal,62.334,6.157667,5,Stadt til Hustadvika,
9,2016,20815,Slettvika,medikamentell,badebehandling,Hydrogenperoksid,,,,hele lokaliteten,1520,ØRSTA,15,Møre og Romsdal,62.334,6.157667,5,Stadt til Hustadvika,
9,2016,11649,Stolane,rensefisk,,,1692,Annen leppefisk,5107,deler av lokaliteten,1260,RADØY,12,Hordaland,60.605118,5.1257,4,Nordhordaland til Stadt,
9,2016,11649,Stolane,rensefisk,,,222120,Rognkjeks (hun),2440,deler av lokaliteten,1260,RADØY,12,Hordaland,60.605118,5.1257,4,Nordhordaland til Stadt,
9,2016,25815,Tittelsnes,medikamentell,badebehandling,Annet virkestoff,,,,deler av lokaliteten,1216,SVEIO,12,Hordaland,59.723484,5.533483,3,Karmøy til Sotra,
9,2016,12839,Vindsnes,medikamentell,badebehandling,Hydrogenperoksid,,,,hele lokaliteten,1524,NORDDAL,15,Møre og Romsdal,62.28505,7.279633,5,Stadt til Hustadvika,
9,2016,24175,Ytre Lavollsfjord,rensefisk,,,222120,Rognkjeks (hun),1,hele lokaliteten,1929,BERG,19,Troms,69.419464,17.287567,10,Andøya til Senja,
8,2016,11800,Austneståa,medikamentell,fôrbehandling,Emamectin benzoat,,,,deler av lokaliteten,1401,FLORA,14,Sogn og Fjordane,61.49072,5.169133,4,Nordhordaland til Stadt,
8,2016,12178,Bjønnspjotneset,medikamentell,fôrbehandling,Diflubenzuron,,,,hele lokaliteten,1416,HØYANGER,14,Sogn og Fjordane,61.0985,5.825533,4,Nordhordaland til Stadt,
8,2016,31317,Bjørkvik,medikamentell,badebehandling,Azamethiphos,,,,deler av lokaliteten,1850,TYSFJORD,18,Nordland,68.02925,16.131416,9,Vestfjorden og Vesterålen,
8,2016,31317,Bjørkvik,medikamentell,badebehandling,Deltamethrin,,,,deler av lokaliteten,1850,TYSFJORD,18,Nordland,68.02925,16.131416,9,Vestfjorden og Vesterålen,
8,2016,23436,Bjørnholmen,medikamentell,fôrbehandling,Emamectin benzoat,,,,deler av lokaliteten,1412,SOLUND,14,Sogn og Fjordane,61.20635,4.938083,4,Nordhordaland til Stadt,
8,2016,11087,Bukkøya Ø,medikamentell,badebehandling,Azamethiphos,,,,hele lokaliteten,1836,RØDØY,18,Nordland,66.64097,12.994583,8,Helgeland til Bodø,
8,2016,11087,Bukkøya Ø,medikamentell,badebehandling,Deltamethrin,,,,hele lokaliteten,1836,RØDØY,18,Nordland,66.64097,12.994583,8,Helgeland til Bodø,
8,2016,15456,Eidesberget,ikke-medikamentell,,,,,,deler av lokaliteten,1416,HØYANGER,14,Sogn og Fjordane,61.105118,5.853883,4,Nordhordaland til Stadt,
8,2016,26775,Fjølværet Ø,medikamentell,fôrbehandling,Annet virkestoff,,,,hele lokaliteten,1620,FRØYA,16,Sør-Trøndelag,63.819233,8.636133,6,Nordmøre og Sør-Trøndelag,
8,2016,11833,Flåtegrunnen,medikamentell,badebehandling,Hydrogenperoksid,,,,deler av lokaliteten,1401,FLORA,14,Sogn og Fjordane,61.57615,4.807333,4,Nordhordaland til Stadt,
8,2016,10880,Forvik,medikamentell,badebehandling,Hydrogenperoksid,,,,deler av lokaliteten,1816,VEVELSTAD,18,Nordland,65.723236,12.475317,8,Helgeland til Bodø,
8,2016,11530,Gissøysundet S,medikamentell,badebehandling,Annet virkestoff,,,,hele lokaliteten,1219,BØMLO,12,Hordaland,59.62327,5.159667,3,Karmøy til Sotra,
8,2016,11559,Grimsholmen,medikamentell,badebehandling,Hydrogenperoksid,,,,hele lokaliteten,1216,SVEIO,12,Hordaland,59.65735,5.404167,3,Karmøy til Sotra,
8,2016,11511,Hattasteinen,ikke-medikamentell,,,,,,deler av lokaliteten,1219,BØMLO,12,Hordaland,59.626266,5.250717,3,Karmøy til Sotra,
8,2016,11740,Haverøy,medikamentell,badebehandling,Annet virkestoff,,,,deler av lokaliteten,1246,FJELL,12,Hordaland,60.404766,4.93995,3,Karmøy til Sotra,
8,2016,11783,Hella,ikke-medikamentell,,,,,,hele lokaliteten,1428,ASKVOLL,14,Sogn og Fjordane,61.40663,5.080817,4,Nordhordaland til Stadt,
8,2016,33797,Hidlekjerringa,medikamentell,badebehandling,Annet virkestoff,,,,hele lokaliteten,1130,STRAND,11,Rogaland,59.067284,5.839383,2,Ryfylke,
8,2016,33577,Kjeholmen II,rensefisk,,,1693,Bergnebb,30685,hele lokaliteten,1003,FARSUND,10,Vest-Agder,58.06008,6.885683,1,Svenskegrensen til Jæren,
8,2016,12294,Kjerstad,medikamentell,fôrbehandling,Emamectin benzoat,,,,hele lokaliteten,1534,HARAM,15,Møre og Romsdal,62.622368,6.224883,5,Stadt til Hustadvika,
8,2016,11809,Krabbestig,rensefisk,,,2221,Rognkjeks (felles),17000,hele lokaliteten,1439,VÅGSØY,14,Sogn og Fjordane,61.894566,5.0616,4,Nordhordaland til Stadt,
8,2016,24715,Langholmen,medikamentell,badebehandling,Annet virkestoff,,,,hele lokaliteten,1141,FINNØY,11,Rogaland,59.097282,5.835917,2,Ryfylke,
8,2016,11438,Lauplandsholmen,medikamentell,badebehandling,Deltamethrin,,,,hele lokaliteten,1145,BOKN,11,Rogaland,59.179733,5.472633,2,Ryfylke,
8,2016,11438,Lauplandsholmen,medikamentell,badebehandling,Hydrogenperoksid,,,,hele lokaliteten,1145,BOKN,11,Rogaland,59.179733,5.472633,2,Ryfylke,
8,2016,11438,Lauplandsholmen,medikamentell,badebehandling,Hydrogenperoksid,,,,hele lokaliteten,1145,BOKN,11,Rogaland,59.179733,5.472633,2,Ryfylke,
8,2016,13629,Munkholmen,medikamentell,badebehandling,Hydrogenperoksid,,,,deler av lokaliteten,1146,TYSVÆR,11,Rogaland,59.285484,5.631317,2,Ryfylke,
8,2016,10181,Oksebåsen V,rensefisk,,,2221,Rognkjeks (felles),23000,deler av lokaliteten,1532,GISKE,15,Møre og Romsdal,62.5174,6.15805,5,Stadt til Hustadvika,
8,2016,11651,Ramsøy S,rensefisk,,,222120,Rognkjeks (hun),22380,hele lokaliteten,1247,ASKØY,12,Hordaland,60.434082,5.062733,3,Karmøy til Sotra,
8,2016,30657,Revøy,rensefisk,,,1691,Berggylt,1314,hele lokaliteten,1032,LYNGDAL,10,Vest-Agder,58.0243,7.0268,1,Svenskegrensen til Jæren,
8,2016,12298,Røysa,rensefisk,,,2221,Rognkjeks (felles),18000,deler av lokaliteten,1532,GISKE,15,Møre og Romsdal,62.55078,6.141583,5,Stadt til Hustadvika,
8,2016,11758,Sauøy Ø,rensefisk,,,222120,Rognkjeks (hun),20050,hele lokaliteten,1259,ØYGARDEN,12,Hordaland,60.592335,4.857833,4,Nordhordaland til Stadt,
8,2016,24115,Singsholmen,medikamentell,badebehandling,Annet virkestoff,,,,deler av lokaliteten,1617,HITRA,16,Sør-Trøndelag,63.41975,8.411617,6,Nordmøre og Sør-Trøndelag,
8,2016,24115,Singsholmen,medikamentell,badebehandling,Annet virkestoff,,,,deler av lokaliteten,1617,HITRA,16,Sør-Trøndelag,63.41975,8.411617,6,Nordmøre og Sør-Trøndelag,
8,2016,24115,Singsholmen,rensefisk,,,222120,Rognkjeks (hun),679,deler av lokaliteten,1617,HITRA,16,Sør-Trøndelag,63.41975,8.411617,6,Nordmøre og Sør-Trøndelag,
8,2016,20796,Skarbukta,medikamentell,fôrbehandling,Emamectin benzoat,,,,hele lokaliteten,1539,RAUMA,15,Møre og Romsdal,62.59785,7.367717,5,Stadt til Hustadvika,
8,2016,20796,Skarbukta,medikamentell,fôrbehandling,Emamectin benzoat,,,,hele lokaliteten,1539,RAUMA,15,Møre og Romsdal,62.59785,7.367717,5,Stadt til Hustadvika,
8,2016,20115,Skjerholmen N.,medikamentell,badebehandling,Azamethiphos,,,,deler av lokaliteten,1245,SUND,12,Hordaland,60.2496,5.174017,3,Karmøy til Sotra,
8,2016,20115,Skjerholmen N.,medikamentell,badebehandling,Hydrogenperoksid,,,,deler av lokaliteten,1245,SUND,12,Hordaland,60.2496,5.174017,3,Karmøy til Sotra,
8,2016,11737,Skorpa,ikke-medikamentell,,,,,,hele lokaliteten,1411,GULEN,14,Sogn og Fjordane,60.944233,4.882817,4,Nordhordaland til Stadt,
8,2016,11640,Skorpeosen,medikamentell,badebehandling,Annet virkestoff,,,,hele lokaliteten,1246,FJELL,12,Hordaland,60.332535,4.942783,3,Karmøy til Sotra,
8,2016,30997,Skrubbholmen,medikamentell,badebehandling,Azamethiphos,,,,hele lokaliteten,1751,NÆRØY,17,Nord-Trøndelag,64.801735,11.162183,7,Nord-Trøndelag med Bindal,
8,2016,30997,Skrubbholmen,medikamentell,badebehandling,Deltamethrin,,,,hele lokaliteten,1751,NÆRØY,17,Nord-Trøndelag,64.801735,11.162183,7,Nord-Trøndelag med Bindal,
8,2016,13708,Steinvik,ikke-medikamentell,,,,,,hele lokaliteten,1401,FLORA,14,Sogn og Fjordane,61.565266,5.31025,4,Nordhordaland til Stadt,
8,2016,13290,Stigvika,medikamentell,fôrbehandling,Diflubenzuron,,,,hele lokaliteten,1838,GILDESKÅL,18,Nordland,67.06885,14.076133,8,Helgeland til Bodø,
8,2016,26235,Stualand,medikamentell,badebehandling,Annet virkestoff,,,,hele lokaliteten,1216,SVEIO,12,Hordaland,59.6088,5.5269,3,Karmøy til Sotra,
8,2016,26235,Stualand,medikamentell,badebehandling,Azamethiphos,,,,hele lokaliteten,1216,SVEIO,12,Hordaland,59.6088,5.5269,3,Karmøy til Sotra,
8,2016,11776,Sveholmane,ikke-medikamentell,,,,,,hele lokaliteten,1401,FLORA,14,Sogn og Fjordane,61.557716,5.215333,4,Nordhordaland til Stadt,
8,2016,10309,Syrtangen,ikke-medikamentell,,,,,,hele lokaliteten,1259,ØYGARDEN,12,Hordaland,60.468468,4.965967,4,Nordhordaland til Stadt,
8,2016,25815,Tittelsnes,medikamentell,badebehandling,Annet virkestoff,,,,hele lokaliteten,1216,SVEIO,12,Hordaland,59.723484,5.533483,3,Karmøy til Sotra,
8,2016,25815,Tittelsnes,medikamentell,badebehandling,Annet virkestoff,,,,hele lokaliteten,1216,SVEIO,12,Hordaland,59.723484,5.533483,3,Karmøy til Sotra,
8,2016,25815,Tittelsnes,medikamentell,badebehandling,Hydrogenperoksid,,,,hele lokaliteten,1216,SVEIO,12,Hordaland,59.723484,5.533483,3,Karmøy til Sotra,
8,2016,12114,Torsneset,medikamentell,badebehandling,Annet virkestoff,,,,hele lokaliteten,1160,VINDAFJORD,11,Rogaland,59.5182,5.819867,2,Ryfylke,
8,2016,32717,Tranøya N,medikamentell,badebehandling,Annet virkestoff,,,,deler av lokaliteten,1627,BJUGN,16,Sør-Trøndelag,63.872032,9.769783,6,Nordmøre og Sør-Trøndelag,
8,2016,24175,Ytre Lavollsfjord,rensefisk,,,222120,Rognkjeks (hun),1,hele lokaliteten,1929,BERG,19,Troms,69.419464,17.287567,10,Andøya til Senja,
7,2016,11800,Austneståa,medikamentell,fôrbehandling,Emamectin benzoat,,,,deler av lokaliteten,1401,FLORA,14,Sogn og Fjordane,61.49072,5.169133,4,Nordhordaland til Stadt,
7,2016,12178,Bjønnspjotneset,medikamentell,fôrbehandling,Diflubenzuron,,,,hele lokaliteten,1416,HØYANGER,14,Sogn og Fjordane,61.0985,5.825533,4,Nordhordaland til Stadt,
7,2016,12178,Bjønnspjotneset,medikamentell,fôrbehandling,Diflubenzuron,,,,hele lokaliteten,1416,HØYANGER,14,Sogn og Fjordane,61.0985,5.825533,4,Nordhordaland til Stadt,
7,2016,12178,Bjønnspjotneset,medikamentell,fôrbehandling,Diflubenzuron,,,,hele lokaliteten,1416,HØYANGER,14,Sogn og Fjordane,61.0985,5.825533,4,Nordhordaland til Stadt,
7,2016,12178,Bjønnspjotneset,medikamentell,fôrbehandling,Diflubenzuron,,,,hele lokaliteten,1416,HØYANGER,14,Sogn og Fjordane,61.0985,5.825533,4,Nordhordaland til Stadt,
7,2016,12156,Blom,rensefisk,,,222120,Rognkjeks (hun),12993,deler av lokaliteten,1253,OSTERØY,12,Hordaland,60.436584,5.564833,4,Nordhordaland til Stadt,
7,2016,10256,Bondøya,medikamentell,badebehandling,Azamethiphos,,,,deler av lokaliteten,1750,VIKNA,17,Nord-Trøndelag,64.81715,10.7425,7,Nord-Trøndelag med Bindal,
7,2016,10256,Bondøya,medikamentell,badebehandling,Deltamethrin,,,,deler av lokaliteten,1750,VIKNA,17,Nord-Trøndelag,64.81715,10.7425,7,Nord-Trøndelag med Bindal,
7,2016,11435,Bryggelandsholmane,medikamentell,fôrbehandling,Emamectin benzoat,,,,hele lokaliteten,1106,HAUGESUND,11,Rogaland,59.429016,5.096417,3,Karmøy til Sotra,
7,2016,32197,Dryna,medikamentell,badebehandling,Hydrogenperoksid,,,,deler av lokaliteten,1545,MIDSUND,15,Møre og Romsdal,62.6444,6.5568,5,Stadt til Hustadvika,
7,2016,26775,Fjølværet Ø,medikamentell,fôrbehandling,Annet virkestoff,,,,hele lokaliteten,1620,FRØYA,16,Sør-Trøndelag,63.819233,8.636133,6,Nordmøre og Sør-Trøndelag,
7,2016,11833,Flåtegrunnen,medikamentell,badebehandling,Hydrogenperoksid,,,,deler av lokaliteten,1401,FLORA,14,Sogn og Fjordane,61.57615,4.807333,4,Nordhordaland til Stadt,
7,2016,11667,Gardskråneset,ikke-medikamentell,,,,,,hele lokaliteten,1259,ØYGARDEN,12,Hordaland,60.53972,4.903867,4,Nordhordaland til Stadt,
7,2016,11740,Haverøy,medikamentell,badebehandling,Hydrogenperoksid,,,,deler av lokaliteten,1246,FJELL,12,Hordaland,60.404766,4.93995,3,Karmøy til Sotra,
7,2016,13006,Hestholmen N,medikamentell,badebehandling,Hydrogenperoksid,,,,deler av lokaliteten,1838,GILDESKÅL,18,Nordland,67.14678,14.016533,8,Helgeland til Bodø,
7,2016,33797,Hidlekjerringa,medikamentell,badebehandling,Annet virkestoff,,,,hele lokaliteten,1130,STRAND,11,Rogaland,59.067284,5.839383,2,Ryfylke,
7,2016,10291,Hiskholmen,ikke-medikamentell,,,,,,deler av lokaliteten,1219,BØMLO,12,Hordaland,59.72663,5.145617,3,Karmøy til Sotra,
7,2016,32757,Horgefjorden,ikke-medikamentell,,,,,,deler av lokaliteten,1244,AUSTEVOLL,12,Hordaland,60.09942,5.117883,3,Karmøy til Sotra,
7,2016,33577,Kjeholmen II,rensefisk,,,1693,Bergnebb,30685,hele lokaliteten,1003,FARSUND,10,Vest-Agder,58.06008,6.885683,1,Svenskegrensen til Jæren,
7,2016,12294,Kjerstad,medikamentell,fôrbehandling,Emamectin benzoat,,,,hele lokaliteten,1534,HARAM,15,Møre og Romsdal,62.622368,6.224883,5,Stadt til Hustadvika,
7,2016,24455,Klavelandet,medikamentell,badebehandling,Hydrogenperoksid,,,,hele lokaliteten,1401,FLORA,14,Sogn og Fjordane,61.60395,5.186533,4,Nordhordaland til Stadt,
7,2016,11074,Kvalvika,medikamentell,badebehandling,Azamethiphos,,,,hele lokaliteten,1836,RØDØY,18,Nordland,66.66908,13.391633,8,Helgeland til Bodø,
7,2016,11074,Kvalvika,medikamentell,badebehandling,Deltamethrin,,,,hele lokaliteten,1836,RØDØY,18,Nordland,66.66908,13.391633,8,Helgeland til Bodø,
7,2016,32217,Kvernaneset,medikamentell,badebehandling,Annet virkestoff,,,,deler av lokaliteten,1216,SVEIO,12,Hordaland,59.685318,5.4311,3,Karmøy til Sotra,
7,2016,24715,Langholmen,medikamentell,badebehandling,Annet virkestoff,,,,hele lokaliteten,1141,FINNØY,11,Rogaland,59.097282,5.835917,2,Ryfylke,
7,2016,11116,Langholmen,medikamentell,fôrbehandling,Emamectin benzoat,,,,deler av lokaliteten,1838,GILDESKÅL,18,Nordland,67.05783,14.025333,8,Helgeland til Bodø,
7,2016,11116,Langholmen,ikke-medikamentell,,,,,,deler av lokaliteten,1838,GILDESKÅL,18,Nordland,67.05783,14.025333,8,Helgeland til Bodø,
7,2016,29056,Lille Torsøy II,medikamentell,badebehandling,Annet virkestoff,,,,deler av lokaliteten,1617,HITRA,16,Sør-Trøndelag,63.60803,8.494633,6,Nordmøre og Sør-Trøndelag,
7,2016,29056,Lille Torsøy II,ikke-medikamentell,,,,,,hele lokaliteten,1617,HITRA,16,Sør-Trøndelag,63.60803,8.494633,6,Nordmøre og Sør-Trøndelag,
7,2016,14076,Lismåsøy,medikamentell,badebehandling,Azamethiphos,,,,hele lokaliteten,1813,BRØNNØY,18,Nordland,65.4933,12.169217,8,Helgeland til Bodø,
7,2016,14076,Lismåsøy,medikamentell,badebehandling,Deltamethrin,,,,hele lokaliteten,1813,BRØNNØY,18,Nordland,65.4933,12.169217,8,Helgeland til Bodø,
7,2016,14435,Ljøsøy N,ikke-medikamentell,,,,,,deler av lokaliteten,1259,ØYGARDEN,12,Hordaland,60.565216,4.878433,4,Nordhordaland til Stadt,
7,2016,28996,Loddetå,medikamentell,badebehandling,Annet virkestoff,,,,hele lokaliteten,1216,SVEIO,12,Hordaland,59.691643,5.54298,3,Karmøy til Sotra,
7,2016,28996,Loddetå,medikamentell,badebehandling,Annet virkestoff,,,,hele lokaliteten,1216,SVEIO,12,Hordaland,59.691643,5.54298,3,Karmøy til Sotra,
7,2016,14043,Lybergsvika,medikamentell,fôrbehandling,Emamectin benzoat,,,,hele lokaliteten,1539,RAUMA,15,Møre og Romsdal,62.641582,7.448583,5,Stadt til Hustadvika,
7,2016,32977,Måren,medikamentell,fôrbehandling,Emamectin benzoat,,,,hele lokaliteten,1416,HØYANGER,14,Sogn og Fjordane,61.152668,6.1167,4,Nordhordaland til Stadt,
7,2016,29957,Nakkestad,rensefisk,,,1691,Berggylt,1180,hele lokaliteten,1032,LYNGDAL,10,Vest-Agder,58.055832,7.06875,1,Svenskegrensen til Jæren,
7,2016,11611,Naveide,medikamentell,badebehandling,Azamethiphos,,,,deler av lokaliteten,1244,AUSTEVOLL,12,Hordaland,60.13907,5.112783,3,Karmøy til Sotra,
7,2016,11611,Naveide,medikamentell,badebehandling,Hydrogenperoksid,,,,deler av lokaliteten,1244,AUSTEVOLL,12,Hordaland,60.13907,5.112783,3,Karmøy til Sotra,
7,2016,31697,Oksen,ikke-medikamentell,,,,,,deler av lokaliteten,1246,FJELL,12,Hordaland,60.43382,4.9411,3,Karmøy til Sotra,
7,2016,12071,Ommundsteigen,medikamentell,badebehandling,Azamethiphos,,,,deler av lokaliteten,1134,SULDAL,11,Rogaland,59.55078,6.5131,2,Ryfylke,
7,2016,12394,Ørnøya,medikamentell,badebehandling,Annet virkestoff,,,,deler av lokaliteten,1620,FRØYA,16,Sør-Trøndelag,63.761868,8.445183,6,Nordmøre og Sør-Trøndelag,
7,2016,30657,Revøy,rensefisk,,,1691,Berggylt,1314,hele lokaliteten,1032,LYNGDAL,10,Vest-Agder,58.0243,7.0268,1,Svenskegrensen til Jæren,
7,2016,34857,Salatskjæra,medikamentell,badebehandling,Annet virkestoff,,,,deler av lokaliteten,1620,FRØYA,16,Sør-Trøndelag,63.90485,8.589133,6,Nordmøre og Sør-Trøndelag,
7,2016,11888,Sandvik,medikamentell,badebehandling,Hydrogenperoksid,,,,hele lokaliteten,1134,SULDAL,11,Rogaland,59.31445,6.170917,2,Ryfylke,
7,2016,24115,Singsholmen,medikamentell,badebehandling,Annet virkestoff,,,,deler av lokaliteten,1617,HITRA,16,Sør-Trøndelag,63.41975,8.411617,6,Nordmøre og Sør-Trøndelag,
7,2016,18898,Skaftå,rensefisk,,,222120,Rognkjeks (hun),14498,deler av lokaliteten,1253,OSTERØY,12,Hordaland,60.455517,5.627417,4,Nordhordaland til Stadt,
7,2016,20796,Skarbukta,medikamentell,fôrbehandling,Emamectin benzoat,,,,hele lokaliteten,1539,RAUMA,15,Møre og Romsdal,62.59785,7.367717,5,Stadt til Hustadvika,
7,2016,20796,Skarbukta,medikamentell,fôrbehandling,Emamectin benzoat,,,,hele lokaliteten,1539,RAUMA,15,Møre og Romsdal,62.59785,7.367717,5,Stadt til Hustadvika,
7,2016,13290,Stigvika,medikamentell,fôrbehandling,Diflubenzuron,,,,hele lokaliteten,1838,GILDESKÅL,18,Nordland,67.06885,14.076133,8,Helgeland til Bodø,
7,2016,11971,Store Teistholmen Ø,medikamentell,badebehandling,Annet virkestoff,,,,hele lokaliteten,1102,SANDNES,11,Rogaland,58.97685,5.867383,2,Ryfylke,
7,2016,12268,Terningen,medikamentell,badebehandling,Hydrogenperoksid,,,,deler av lokaliteten,1545,MIDSUND,15,Møre og Romsdal,62.6431,6.54805,5,Stadt til Hustadvika,
7,2016,32717,Tranøya N,medikamentell,badebehandling,Annet virkestoff,,,,deler av lokaliteten,1627,BJUGN,16,Sør-Trøndelag,63.872032,9.769783,6,Nordmøre og Sør-Trøndelag,
7,2016,32857,Trettholmosen,medikamentell,badebehandling,Annet virkestoff,,,,deler av lokaliteten,1219,BØMLO,12,Hordaland,59.831932,5.0801,3,Karmøy til Sotra,
7,2016,30560,Tristeinen,medikamentell,badebehandling,Hydrogenperoksid,,,,deler av lokaliteten,1627,BJUGN,16,Sør-Trøndelag,63.86895,9.6204,6,Nordmøre og Sør-Trøndelag,
7,2016,25855,Tussøya,rensefisk,,,2221,Rognkjeks (felles),17340,deler av lokaliteten,1902,TROMSØ,19,Troms,69.66272,18.17765,11,Kvaløya til Loppa,
7,2016,11533,Usholmsvika,rensefisk,,,2221,Rognkjeks (felles),9091,deler av lokaliteten,1245,SUND,12,Hordaland,60.1749,5.0917,3,Karmøy til Sotra,
7,2016,24175,Ytre Lavollsfjord,rensefisk,,,222120,Rognkjeks (hun),1,hele lokaliteten,1929,BERG,19,Troms,69.419464,17.287567,10,Andøya til Senja,
7,2016,25575,,medikamentell,fôrbehandling,Emamectin benzoat,,,,hele lokaliteten,,,,,,,,,
6,2016,12982,Aldeøyna,medikamentell,badebehandling,Annet virkestoff,,,,hele lokaliteten,1428,ASKVOLL,14,Sogn og Fjordane,61.31025,4.76905,4,Nordhordaland til Stadt,
6,2016,12982,Aldeøyna,medikamentell,badebehandling,Annet virkestoff,,,,hele lokaliteten,1428,ASKVOLL,14,Sogn og Fjordane,61.31025,4.76905,4,Nordhordaland til Stadt,
6,2016,10256,Bondøya,medikamentell,badebehandling,Azamethiphos,,,,deler av lokaliteten,1750,VIKNA,17,Nord-Trøndelag,64.81715,10.7425,7,Nord-Trøndelag med Bindal,
6,2016,10256,Bondøya,medikamentell,badebehandling,Deltamethrin,,,,deler av lokaliteten,1750,VIKNA,17,Nord-Trøndelag,64.81715,10.7425,7,Nord-Trøndelag med Bindal,
6,2016,11435,Bryggelandsholmane,medikamentell,fôrbehandling,Emamectin benzoat,,,,hele lokaliteten,1106,HAUGESUND,11,Rogaland,59.429016,5.096417,3,Karmøy til Sotra,
6,2016,32457,Dalsvåg Nv,rensefisk,,,222120,Rognkjeks (hun),3395,deler av lokaliteten,1149,KARMØY,11,Rogaland,59.410816,5.21725,3,Karmøy til Sotra,
6,2016,11076,Digermulen,medikamentell,badebehandling,Azamethiphos,,,,hele lokaliteten,1836,RØDØY,18,Nordland,66.67648,13.316867,8,Helgeland til Bodø,
6,2016,11076,Digermulen,medikamentell,badebehandling,Deltamethrin,,,,hele lokaliteten,1836,RØDØY,18,Nordland,66.67648,13.316867,8,Helgeland til Bodø,
6,2016,30097,Djupvik,medikamentell,badebehandling,Hydrogenperoksid,,,,deler av lokaliteten,1836,RØDØY,18,Nordland,66.73305,13.331833,8,Helgeland til Bodø,
6,2016,32197,Dryna,medikamentell,badebehandling,Hydrogenperoksid,,,,deler av lokaliteten,1545,MIDSUND,15,Møre og Romsdal,62.6444,6.5568,5,Stadt til Hustadvika,
6,2016,12624,Feøyvika,medikamentell,badebehandling,Annet virkestoff,,,,deler av lokaliteten,1749,FLATANGER,17,Nord-Trøndelag,64.56073,10.91895,7,Nord-Trøndelag med Bindal,
6,2016,12624,Feøyvika,medikamentell,badebehandling,Annet virkestoff,,,,hele lokaliteten,1749,FLATANGER,17,Nord-Trøndelag,64.56073,10.91895,7,Nord-Trøndelag med Bindal,
6,2016,12624,Feøyvika,ikke-medikamentell,,,,,,hele lokaliteten,1749,FLATANGER,17,Nord-Trøndelag,64.56073,10.91895,7,Nord-Trøndelag med Bindal,
6,2016,19278,Forsåstorvika,medikamentell,badebehandling,Hydrogenperoksid,,,,hele lokaliteten,1850,TYSFJORD,18,Nordland,68.17091,16.1532,9,Vestfjorden og Vesterålen,
6,2016,11530,Gissøysundet S,medikamentell,badebehandling,Annet virkestoff,,,,deler av lokaliteten,1219,BØMLO,12,Hordaland,59.62327,5.159667,3,Karmøy til Sotra,
6,2016,11511,Hattasteinen,ikke-medikamentell,,,,,,deler av lokaliteten,1219,BØMLO,12,Hordaland,59.626266,5.250717,3,Karmøy til Sotra,
6,2016,12896,Hegerbergtrøa,medikamentell,badebehandling,Annet virkestoff,,,,deler av lokaliteten,1560,TINGVOLL,15,Møre og Romsdal,62.883934,8.149917,6,Nordmøre og Sør-Trøndelag,
6,2016,13006,Hestholmen N,medikamentell,badebehandling,Hydrogenperoksid,,,,deler av lokaliteten,1838,GILDESKÅL,18,Nordland,67.14678,14.016533,8,Helgeland til Bodø,
6,2016,33797,Hidlekjerringa,medikamentell,badebehandling,Annet virkestoff,,,,hele lokaliteten,1130,STRAND,11,Rogaland,59.067284,5.839383,2,Ryfylke,
6,2016,33797,Hidlekjerringa,rensefisk,,,2221,Rognkjeks (felles),18500,hele lokaliteten,1130,STRAND,11,Rogaland,59.067284,5.839383,2,Ryfylke,
6,2016,10410,Hindholmen,rensefisk,,,2221,Rognkjeks (felles),2915,hele lokaliteten,1751,NÆRØY,17,Nord-Trøndelag,64.77393,11.44087,7,Nord-Trøndelag med Bindal,
6,2016,27095,Ihlholmen,medikamentell,badebehandling,Hydrogenperoksid,,,,hele lokaliteten,1160,VINDAFJORD,11,Rogaland,59.7215,5.586633,3,Karmøy til Sotra,
6,2016,33577,Kjeholmen II,rensefisk,,,1693,Bergnebb,30685,hele lokaliteten,1003,FARSUND,10,Vest-Agder,58.06008,6.885683,1,Svenskegrensen til Jæren,
6,2016,24455,Klavelandet,medikamentell,badebehandling,Hydrogenperoksid,,,,hele lokaliteten,1401,FLORA,14,Sogn og Fjordane,61.60395,5.186533,4,Nordhordaland til Stadt,
6,2016,10113,Kobbavika,medikamentell,badebehandling,Hydrogenperoksid,,,,hele lokaliteten,1141,FINNØY,11,Rogaland,59.12232,5.934433,2,Ryfylke,
6,2016,10113,Kobbavika,ikke-medikamentell,,,,,,deler av lokaliteten,1141,FINNØY,11,Rogaland,59.12232,5.934433,2,Ryfylke,
6,2016,19195,Korsholman,medikamentell,fôrbehandling,Emamectin benzoat,,,,hele lokaliteten,1617,HITRA,16,Sør-Trøndelag,63.597218,8.51575,6,Nordmøre og Sør-Trøndelag,
6,2016,14040,Krigsholmen,ikke-medikamentell,,,,,,hele lokaliteten,1244,AUSTEVOLL,12,Hordaland,60.081383,5.124117,3,Karmøy til Sotra,
6,2016,11633,Krossholmen,medikamentell,badebehandling,Annet virkestoff,,,,deler av lokaliteten,1219,BØMLO,12,Hordaland,59.7879,5.100533,3,Karmøy til Sotra,
6,2016,11775,Kviteskjeret,rensefisk,,,2221,Rognkjeks (felles),22000,hele lokaliteten,1428,ASKVOLL,14,Sogn og Fjordane,61.467815,5.2203,4,Nordhordaland til Stadt,
6,2016,20595,Kyrholmen S,medikamentell,badebehandling,Hydrogenperoksid,,,,deler av lokaliteten,1244,AUSTEVOLL,12,Hordaland,60.162018,5.205567,3,Karmøy til Sotra,
6,2016,24715,Langholmen,medikamentell,badebehandling,Annet virkestoff,,,,hele lokaliteten,1141,FINNØY,11,Rogaland,59.097282,5.835917,2,Ryfylke,
6,2016,11116,Langholmen,medikamentell,fôrbehandling,Emamectin benzoat,,,,deler av lokaliteten,1838,GILDESKÅL,18,Nordland,67.05783,14.025333,8,Helgeland til Bodø,
6,2016,26675,Leirhholmen,medikamentell,fôrbehandling,Emamectin benzoat,,,,hele lokaliteten,1834,LURØY,18,Nordland,66.3565,12.530117,8,Helgeland til Bodø,
6,2016,12392,Lille Torsøy,medikamentell,fôrbehandling,Emamectin benzoat,,,,hele lokaliteten,1617,HITRA,16,Sør-Trøndelag,63.605633,8.48855,6,Nordmøre og Sør-Trøndelag,
6,2016,14043,Lybergsvika,medikamentell,fôrbehandling,Emamectin benzoat,,,,hele lokaliteten,1539,RAUMA,15,Møre og Romsdal,62.641582,7.448583,5,Stadt til Hustadvika,
6,2016,10232,Mannbruholmen,medikamentell,badebehandling,Annet virkestoff,,,,deler av lokaliteten,1620,FRØYA,16,Sør-Trøndelag,63.8473,8.53675,6,Nordmøre og Sør-Trøndelag,
6,2016,32977,Måren,medikamentell,fôrbehandling,Emamectin benzoat,,,,hele lokaliteten,1416,HØYANGER,14,Sogn og Fjordane,61.152668,6.1167,4,Nordhordaland til Stadt,
6,2016,32977,Måren,medikamentell,fôrbehandling,Emamectin benzoat,,,,hele lokaliteten,1416,HØYANGER,14,Sogn og Fjordane,61.152668,6.1167,4,Nordhordaland til Stadt,
6,2016,29957,Nakkestad,rensefisk,,,1691,Berggylt,1180,hele lokaliteten,1032,LYNGDAL,10,Vest-Agder,58.055832,7.06875,1,Svenskegrensen til Jæren,
6,2016,14019,Øksningen,rensefisk,,,2221,Rognkjeks (felles),21742,hele lokaliteten,1811,BINDAL,18,Nordland,65.13924,12.31975,7,Nord-Trøndelag med Bindal,
6,2016,13581,Ramstadholmen,medikamentell,badebehandling,Annet virkestoff,,,,deler av lokaliteten,1751,NÆRØY,17,Nord-Trøndelag,64.754814,11.246033,7,Nord-Trøndelag med Bindal,
6,2016,31959,Rataren II,medikamentell,badebehandling,Annet virkestoff,,,,deler av lokaliteten,1620,FRØYA,16,Sør-Trøndelag,63.782383,8.526367,6,Nordmøre og Sør-Trøndelag,
6,2016,30657,Revøy,rensefisk,,,1691,Berggylt,1314,hele lokaliteten,1032,LYNGDAL,10,Vest-Agder,58.0243,7.0268,1,Svenskegrensen til Jæren,
6,2016,11122,Røssøya N,medikamentell,badebehandling,Hydrogenperoksid,,,,deler av lokaliteten,1838,GILDESKÅL,18,Nordland,67.073,13.947583,8,Helgeland til Bodø,
6,2016,13249,Sagelva,medikamentell,badebehandling,Hydrogenperoksid,,,,deler av lokaliteten,1520,ØRSTA,15,Møre og Romsdal,62.33795,6.38165,5,Stadt til Hustadvika,
6,2016,10328,Sagvik,ikke-medikamentell,,,,,,deler av lokaliteten,1238,KVAM,12,Hordaland,60.141033,5.906933,3,Karmøy til Sotra,
6,2016,34857,Salatskjæra,medikamentell,badebehandling,Annet virkestoff,,,,deler av lokaliteten,1620,FRØYA,16,Sør-Trøndelag,63.90485,8.589133,6,Nordmøre og Sør-Trøndelag,
6,2016,24115,Singsholmen,medikamentell,badebehandling,Annet virkestoff,,,,deler av lokaliteten,1617,HITRA,16,Sør-Trøndelag,63.41975,8.411617,6,Nordmøre og Sør-Trøndelag,
6,2016,12154,Smørdalen,medikamentell,badebehandling,Hydrogenperoksid,,,,deler av lokaliteten,1266,MASFJORDEN,12,Hordaland,60.8675,5.55215,4,Nordhordaland til Stadt,
6,2016,30537,Steinflesa,medikamentell,badebehandling,Hydrogenperoksid,,,,deler av lokaliteten,1755,LEKA,17,Nord-Trøndelag,65.1345,11.51565,7,Nord-Trøndelag med Bindal,
6,2016,13708,Steinvik,rensefisk,,,2221,Rognkjeks (felles),7000,hele lokaliteten,1401,FLORA,14,Sogn og Fjordane,61.565266,5.31025,4,Nordhordaland til Stadt,
6,2016,13290,Stigvika,medikamentell,badebehandling,Hydrogenperoksid,,,,hele lokaliteten,1838,GILDESKÅL,18,Nordland,67.06885,14.076133,8,Helgeland til Bodø,
6,2016,11776,Sveholmane,rensefisk,,,2221,Rognkjeks (felles),21000,hele lokaliteten,1401,FLORA,14,Sogn og Fjordane,61.557716,5.215333,4,Nordhordaland til Stadt,
6,2016,10309,Syrtangen,ikke-medikamentell,,,,,,hele lokaliteten,1259,ØYGARDEN,12,Hordaland,60.468468,4.965967,4,Nordhordaland til Stadt,
6,2016,26575,Teigane,medikamentell,fôrbehandling,Emamectin benzoat,,,,hele lokaliteten,1134,SULDAL,11,Rogaland,59.520332,6.337233,2,Ryfylke,
6,2016,12449,Tennøya,ikke-medikamentell,,,,,,deler av lokaliteten,1620,FRØYA,16,Sør-Trøndelag,63.805035,8.4444,6,Nordmøre og Sør-Trøndelag,
6,2016,12268,Terningen,medikamentell,badebehandling,Hydrogenperoksid,,,,deler av lokaliteten,1545,MIDSUND,15,Møre og Romsdal,62.6431,6.54805,5,Stadt til Hustadvika,
6,2016,17575,Tollaksholmen,medikamentell,badebehandling,Azamethiphos,,,,deler av lokaliteten,1145,BOKN,11,Rogaland,59.2522,5.390517,2,Ryfylke,
6,2016,32857,Trettholmosen,medikamentell,badebehandling,Annet virkestoff,,,,deler av lokaliteten,1219,BØMLO,12,Hordaland,59.831932,5.0801,3,Karmøy til Sotra,
6,2016,13837,Verpeide,medikamentell,badebehandling,Hydrogenperoksid,,,,hele lokaliteten,1439,VÅGSØY,14,Sogn og Fjordane,61.902954,5.207967,4,Nordhordaland til Stadt,
6,2016,13837,Verpeide,ikke-medikamentell,,,,,,hele lokaliteten,1439,VÅGSØY,14,Sogn og Fjordane,61.902954,5.207967,4,Nordhordaland til Stadt,
6,2016,12839,Vindsnes,medikamentell,badebehandling,Hydrogenperoksid,,,,hele lokaliteten,1524,NORDDAL,15,Møre og Romsdal,62.28505,7.279633,5,Stadt til Hustadvika,
6,2016,13246,Voldnes,medikamentell,badebehandling,Annet virkestoff,,,,deler av lokaliteten,1515,HERØY I MØRE OG ROMSDAL,15,Møre og Romsdal,62.2097,5.7849,5,Stadt til Hustadvika,
6,2016,24175,Ytre Lavollsfjord,rensefisk,,,222120,Rognkjeks (hun),1,hele lokaliteten,1929,BERG,19,Troms,69.419464,17.287567,10,Andøya til Senja,
5,2016,12067,Aldalen,medikamentell,badebehandling,Annet virkestoff,,,,hele lokaliteten,1243,OS I HORDALAND,12,Hordaland,60.24995,5.571917,3,Karmøy til Sotra,
5,2016,11756,Allersholmen,ikke-medikamentell,,,,,,hele lokaliteten,1264,AUSTRHEIM,12,Hordaland,60.77465,4.8536,4,Nordhordaland til Stadt,
5,2016,31317,Bjørkvik,medikamentell,fôrbehandling,Emamectin benzoat,,,,hele lokaliteten,1850,TYSFJORD,18,Nordland,68.02925,16.131416,9,Vestfjorden og Vesterålen,
5,2016,31317,Bjørkvik,medikamentell,badebehandling,Hydrogenperoksid,,,,deler av lokaliteten,1850,TYSFJORD,18,Nordland,68.02925,16.131416,9,Vestfjorden og Vesterålen,
5,2016,31857,Blomsøråsa,rensefisk,,,2221,Rognkjeks (felles),21200,deler av lokaliteten,1820,ALSTAHAUG,18,Nordland,65.85637,12.311833,8,Helgeland til Bodø,
5,2016,11435,Bryggelandsholmane,medikamentell,fôrbehandling,Emamectin benzoat,,,,hele lokaliteten,1106,HAUGESUND,11,Rogaland,59.429016,5.096417,3,Karmøy til Sotra,
5,2016,22035,Buktodden Nø,medikamentell,badebehandling,Hydrogenperoksid,,,,deler av lokaliteten,1833,RANA,18,Nordland,66.30838,13.4324,8,Helgeland til Bodø,
5,2016,19336,Flatholmen,medikamentell,badebehandling,Hydrogenperoksid,,,,deler av lokaliteten,1106,HAUGESUND,11,Rogaland,59.4293,5.114483,3,Karmøy til Sotra,
5,2016,25835,Flatøyflu,medikamentell,badebehandling,Annet virkestoff,,,,deler av lokaliteten,1244,AUSTEVOLL,12,Hordaland,60.155632,5.231417,3,Karmøy til Sotra,
5,2016,25835,Flatøyflu,medikamentell,badebehandling,Annet virkestoff,,,,deler av lokaliteten,1244,AUSTEVOLL,12,Hordaland,60.155632,5.231417,3,Karmøy til Sotra,
5,2016,26335,Geitholmen,medikamentell,badebehandling,Hydrogenperoksid,,,,deler av lokaliteten,1750,VIKNA,17,Nord-Trøndelag,64.79955,11.025933,7,Nord-Trøndelag med Bindal,
5,2016,11530,Gissøysundet S,medikamentell,badebehandling,Annet virkestoff,,,,hele lokaliteten,1219,BØMLO,12,Hordaland,59.62327,5.159667,3,Karmøy til Sotra,
5,2016,11530,Gissøysundet S,ikke-medikamentell,,,,,,deler av lokaliteten,1219,BØMLO,12,Hordaland,59.62327,5.159667,3,Karmøy til Sotra,
5,2016,11511,Hattasteinen,medikamentell,badebehandling,Hydrogenperoksid,,,,deler av lokaliteten,1219,BØMLO,12,Hordaland,59.626266,5.250717,3,Karmøy til Sotra,
5,2016,14679,Hellfjorden,medikamentell,badebehandling,Hydrogenperoksid,,,,hele lokaliteten,1867,BØ I NORDLAND,18,Nordland,68.66825,14.80025,9,Vestfjorden og Vesterålen,
5,2016,22596,Hesbygrunnen,medikamentell,badebehandling,Hydrogenperoksid,,,,deler av lokaliteten,1141,FINNØY,11,Rogaland,59.194416,5.800183,2,Ryfylke,
5,2016,18936,Igerøy Ø,rensefisk,,,2221,Rognkjeks (felles),12600,deler av lokaliteten,1815,VEGA,18,Nordland,65.68622,12.138533,8,Helgeland til Bodø,
5,2016,33577,Kjeholmen II,rensefisk,,,1693,Bergnebb,30685,hele lokaliteten,1003,FARSUND,10,Vest-Agder,58.06008,6.885683,1,Svenskegrensen til Jæren,
5,2016,30076,Kyrøyene,medikamentell,badebehandling,Azamethiphos,,,,deler av lokaliteten,1750,VIKNA,17,Nord-Trøndelag,64.764015,10.806633,7,Nord-Trøndelag med Bindal,
5,2016,30076,Kyrøyene,medikamentell,badebehandling,Deltamethrin,,,,deler av lokaliteten,1750,VIKNA,17,Nord-Trøndelag,64.764015,10.806633,7,Nord-Trøndelag med Bindal,
5,2016,24715,Langholmen,medikamentell,badebehandling,Annet virkestoff,,,,hele lokaliteten,1141,FINNØY,11,Rogaland,59.097282,5.835917,2,Ryfylke,
5,2016,24715,Langholmen,medikamentell,badebehandling,Annet virkestoff,,,,hele lokaliteten,1141,FINNØY,11,Rogaland,59.097282,5.835917,2,Ryfylke,
5,2016,11116,Langholmen,medikamentell,fôrbehandling,Emamectin benzoat,,,,deler av lokaliteten,1838,GILDESKÅL,18,Nordland,67.05783,14.025333,8,Helgeland til Bodø,
5,2016,11116,Langholmen,medikamentell,fôrbehandling,Emamectin benzoat,,,,deler av lokaliteten,1838,GILDESKÅL,18,Nordland,67.05783,14.025333,8,Helgeland til Bodø,
5,2016,11116,Langholmen,medikamentell,fôrbehandling,Emamectin benzoat,,,,deler av lokaliteten,1838,GILDESKÅL,18,Nordland,67.05783,14.025333,8,Helgeland til Bodø,
5,2016,24715,Langholmen,medikamentell,badebehandling,Hydrogenperoksid,,,,hele lokaliteten,1141,FINNØY,11,Rogaland,59.097282,5.835917,2,Ryfylke,
5,2016,24715,Langholmen,rensefisk,,,2221,Rognkjeks (felles),20000,hele lokaliteten,1141,FINNØY,11,Rogaland,59.097282,5.835917,2,Ryfylke,
5,2016,20559,Langskjæra,medikamentell,badebehandling,Annet virkestoff,,,,deler av lokaliteten,1620,FRØYA,16,Sør-Trøndelag,63.8225,8.75505,6,Nordmøre og Sør-Trøndelag,
5,2016,26675,Leirhholmen,medikamentell,fôrbehandling,Emamectin benzoat,,,,hele lokaliteten,1834,LURØY,18,Nordland,66.3565,12.530117,8,Helgeland til Bodø,
5,2016,13876,Litletveitholane,ikke-medikamentell,,,,,,hele lokaliteten,1253,OSTERØY,12,Hordaland,60.479782,5.443633,4,Nordhordaland til Stadt,
5,2016,28996,Loddetå,medikamentell,badebehandling,Annet virkestoff,,,,hele lokaliteten,1216,SVEIO,12,Hordaland,59.691643,5.54298,3,Karmøy til Sotra,
5,2016,14043,Lybergsvika,medikamentell,fôrbehandling,Emamectin benzoat,,,,hele lokaliteten,1539,RAUMA,15,Møre og Romsdal,62.641582,7.448583,5,Stadt til Hustadvika,
5,2016,10232,Mannbruholmen,medikamentell,badebehandling,Annet virkestoff,,,,deler av lokaliteten,1620,FRØYA,16,Sør-Trøndelag,63.8473,8.53675,6,Nordmøre og Sør-Trøndelag,
5,2016,32977,Måren,medikamentell,badebehandling,Deltamethrin,,,,hele lokaliteten,1416,HØYANGER,14,Sogn og Fjordane,61.152668,6.1167,4,Nordhordaland til Stadt,
5,2016,29957,Nakkestad,rensefisk,,,1691,Berggylt,1180,hele lokaliteten,1032,LYNGDAL,10,Vest-Agder,58.055832,7.06875,1,Svenskegrensen til Jæren,
5,2016,13345,Oterstegdalen,medikamentell,badebehandling,Annet virkestoff,,,,deler av lokaliteten,1241,FUSA,12,Hordaland,60.23545,5.638267,3,Karmøy til Sotra,
5,2016,11738,Otterholmen,ikke-medikamentell,,,,,,hele lokaliteten,1260,RADØY,12,Hordaland,60.68693,4.907933,4,Nordhordaland til Stadt,
5,2016,13554,Overåneset,medikamentell,badebehandling,Hydrogenperoksid,,,,hele lokaliteten,1525,STRANDA,15,Møre og Romsdal,62.296516,7.123917,5,Stadt til Hustadvika,
5,2016,13581,Ramstadholmen,medikamentell,badebehandling,Annet virkestoff,,,,deler av lokaliteten,1751,NÆRØY,17,Nord-Trøndelag,64.754814,11.246033,7,Nord-Trøndelag med Bindal,
5,2016,30817,Raudøya,rensefisk,,,2221,Rognkjeks (felles),27168,hele lokaliteten,1633,OSEN,16,Sør-Trøndelag,64.3646,10.439133,6,Nordmøre og Sør-Trøndelag,
5,2016,30657,Revøy,rensefisk,,,1691,Berggylt,1314,hele lokaliteten,1032,LYNGDAL,10,Vest-Agder,58.0243,7.0268,1,Svenskegrensen til Jæren,
5,2016,11122,Røssøya N,medikamentell,badebehandling,Hydrogenperoksid,,,,deler av lokaliteten,1838,GILDESKÅL,18,Nordland,67.073,13.947583,8,Helgeland til Bodø,
5,2016,34857,Salatskjæra,medikamentell,badebehandling,Annet virkestoff,,,,deler av lokaliteten,1620,FRØYA,16,Sør-Trøndelag,63.90485,8.589133,6,Nordmøre og Sør-Trøndelag,
5,2016,24115,Singsholmen,medikamentell,badebehandling,Annet virkestoff,,,,deler av lokaliteten,1617,HITRA,16,Sør-Trøndelag,63.41975,8.411617,6,Nordmøre og Sør-Trøndelag,
5,2016,32877,Skorpo,medikamentell,badebehandling,Hydrogenperoksid,,,,deler av lokaliteten,1243,OS I HORDALAND,12,Hordaland,60.173317,5.293683,3,Karmøy til Sotra,
5,2016,23375,Sørevik,medikamentell,badebehandling,Hydrogenperoksid,,,,deler av lokaliteten,1416,HØYANGER,14,Sogn og Fjordane,61.099983,5.729967,4,Nordhordaland til Stadt,
5,2016,30537,Steinflesa,medikamentell,badebehandling,Hydrogenperoksid,,,,deler av lokaliteten,1755,LEKA,17,Nord-Trøndelag,65.1345,11.51565,7,Nord-Trøndelag med Bindal,
5,2016,31217,Stokkasjøen,rensefisk,,,2221,Rognkjeks (felles),8538,deler av lokaliteten,1816,VEVELSTAD,18,Nordland,65.782715,12.592317,8,Helgeland til Bodø,
5,2016,26235,Stualand,medikamentell,badebehandling,Azamethiphos,,,,deler av lokaliteten,1216,SVEIO,12,Hordaland,59.6088,5.5269,3,Karmøy til Sotra,
5,2016,26235,Stualand,medikamentell,badebehandling,Hydrogenperoksid,,,,deler av lokaliteten,1216,SVEIO,12,Hordaland,59.6088,5.5269,3,Karmøy til Sotra,
5,2016,11533,Usholmsvika,rensefisk,,,2221,Rognkjeks (felles),23196,deler av lokaliteten,1245,SUND,12,Hordaland,60.1749,5.0917,3,Karmøy til Sotra,
5,2016,10091,Vågsøya,medikamentell,fôrbehandling,Emamectin benzoat,,,,deler av lokaliteten,1401,FLORA,14,Sogn og Fjordane,61.489735,5.023517,4,Nordhordaland til Stadt,
5,2016,13837,Verpeide,medikamentell,badebehandling,Hydrogenperoksid,,,,hele lokaliteten,1439,VÅGSØY,14,Sogn og Fjordane,61.902954,5.207967,4,Nordhordaland til Stadt,
5,2016,13837,Verpeide,ikke-medikamentell,,,,,,deler av lokaliteten,1439,VÅGSØY,14,Sogn og Fjordane,61.902954,5.207967,4,Nordhordaland til Stadt,
5,2016,12839,Vindsnes,medikamentell,badebehandling,Hydrogenperoksid,,,,hele lokaliteten,1524,NORDDAL,15,Møre og Romsdal,62.28505,7.279633,5,Stadt til Hustadvika,
5,2016,13246,Voldnes,ikke-medikamentell,,,,,,deler av lokaliteten,1515,HERØY I MØRE OG ROMSDAL,15,Møre og Romsdal,62.2097,5.7849,5,Stadt til Hustadvika,
5,2016,24155,Ytre Jøvik,medikamentell,badebehandling,Deltamethrin,,,,hele lokaliteten,1929,BERG,19,Troms,69.4194,17.337067,10,Andøya til Senja,
5,2016,24175,Ytre Lavollsfjord,rensefisk,,,222120,Rognkjeks (hun),1,hele lokaliteten,1929,BERG,19,Troms,69.419464,17.287567,10,Andøya til Senja,
4,2016,11756,Allersholmen,ikke-medikamentell,,,,,,hele lokaliteten,1264,AUSTRHEIM,12,Hordaland,60.77465,4.8536,4,Nordhordaland til Stadt,
4,2016,12086,Alsåkervik,medikamentell,fôrbehandling,Emamectin benzoat,,,,hele lokaliteten,1224,KVINNHERAD,12,Hordaland,59.7601,6.074183,3,Karmøy til Sotra,
4,2016,13572,Badstuvika,medikamentell,fôrbehandling,Emamectin benzoat,,,,hele lokaliteten,1617,HITRA,16,Sør-Trøndelag,63.53398,9.1469,6,Nordmøre og Sør-Trøndelag,
4,2016,31317,Bjørkvik,medikamentell,fôrbehandling,Emamectin benzoat,,,,hele lokaliteten,1850,TYSFJORD,18,Nordland,68.02925,16.131416,9,Vestfjorden og Vesterålen,
4,2016,13284,Bollhaugen,medikamentell,badebehandling,Deltamethrin,,,,deler av lokaliteten,1827,DØNNA,18,Nordland,66.11311,12.487683,8,Helgeland til Bodø,
4,2016,32457,Dalsvåg Nv,rensefisk,,,222120,Rognkjeks (hun),15781,deler av lokaliteten,1149,KARMØY,11,Rogaland,59.410816,5.21725,3,Karmøy til Sotra,
4,2016,12624,Feøyvika,medikamentell,badebehandling,Annet virkestoff,,,,deler av lokaliteten,1749,FLATANGER,17,Nord-Trøndelag,64.56073,10.91895,7,Nord-Trøndelag med Bindal,
4,2016,32037,Grasholman,medikamentell,fôrbehandling,Diflubenzuron,,,,hele lokaliteten,1834,LURØY,18,Nordland,66.34873,12.779417,8,Helgeland til Bodø,
4,2016,31577,Haneholmen,rensefisk,,,2221,Rognkjeks (felles),20000,deler av lokaliteten,1445,GLOPPEN,14,Sogn og Fjordane,61.84045,6.10055,4,Nordhordaland til Stadt,
4,2016,14679,Hellfjorden,medikamentell,badebehandling,Hydrogenperoksid,,,,hele lokaliteten,1867,BØ I NORDLAND,18,Nordland,68.66825,14.80025,9,Vestfjorden og Vesterålen,
4,2016,22596,Hesbygrunnen,medikamentell,badebehandling,Annet virkestoff,,,,deler av lokaliteten,1141,FINNØY,11,Rogaland,59.194416,5.800183,2,Ryfylke,
4,2016,22596,Hesbygrunnen,ikke-medikamentell,,,,,,deler av lokaliteten,1141,FINNØY,11,Rogaland,59.194416,5.800183,2,Ryfylke,
4,2016,33797,Hidlekjerringa,medikamentell,badebehandling,Hydrogenperoksid,,,,hele lokaliteten,1130,STRAND,11,Rogaland,59.067284,5.839383,2,Ryfylke,
4,2016,33797,Hidlekjerringa,ikke-medikamentell,,,,,,hele lokaliteten,1130,STRAND,11,Rogaland,59.067284,5.839383,2,Ryfylke,
4,2016,12036,Hisdalen,rensefisk,,,2221,Rognkjeks (felles),15500,deler av lokaliteten,1224,KVINNHERAD,12,Hordaland,60.126118,5.9305,3,Karmøy til Sotra,
4,2016,13643,Hjartholm,rensefisk,,,2221,Rognkjeks (felles),36000,hele lokaliteten,1411,GULEN,14,Sogn og Fjordane,61.03512,5.33105,4,Nordhordaland til Stadt,
4,2016,13231,Høylandssund,medikamentell,badebehandling,Hydrogenperoksid,,,,hele lokaliteten,1224,KVINNHERAD,12,Hordaland,59.77755,5.8298,3,Karmøy til Sotra,
4,2016,12224,Isane,medikamentell,badebehandling,Hydrogenperoksid,,,,deler av lokaliteten,1438,BREMANGER,14,Sogn og Fjordane,61.876534,5.722767,4,Nordhordaland til Stadt,
4,2016,11913,Kjeahola,medikamentell,badebehandling,Deltamethrin,,,,hele lokaliteten,1141,FINNØY,11,Rogaland,59.2933,6.0729,2,Ryfylke,
4,2016,11913,Kjeahola,ikke-medikamentell,,,,,,hele lokaliteten,1141,FINNØY,11,Rogaland,59.2933,6.0729,2,Ryfylke,
4,2016,33577,Kjeholmen II,rensefisk,,,1693,Bergnebb,30685,hele lokaliteten,1003,FARSUND,10,Vest-Agder,58.06008,6.885683,1,Svenskegrensen til Jæren,
4,2016,11809,Krabbestig,rensefisk,,,2221,Rognkjeks (felles),30000,hele lokaliteten,1439,VÅGSØY,14,Sogn og Fjordane,61.894566,5.0616,4,Nordhordaland til Stadt,
4,2016,24715,Langholmen,medikamentell,badebehandling,Annet virkestoff,,,,hele lokaliteten,1141,FINNØY,11,Rogaland,59.097282,5.835917,2,Ryfylke,
4,2016,24715,Langholmen,medikamentell,badebehandling,Annet virkestoff,,,,hele lokaliteten,1141,FINNØY,11,Rogaland,59.097282,5.835917,2,Ryfylke,
4,2016,24715,Langholmen,medikamentell,badebehandling,Hydrogenperoksid,,,,hele lokaliteten,1141,FINNØY,11,Rogaland,59.097282,5.835917,2,Ryfylke,
4,2016,24715,Langholmen,ikke-medikamentell,,,,,,deler av lokaliteten,1141,FINNØY,11,Rogaland,59.097282,5.835917,2,Ryfylke,
4,2016,11116,Langholmen,ikke-medikamentell,,,,,,deler av lokaliteten,1838,GILDESKÅL,18,Nordland,67.05783,14.025333,8,Helgeland til Bodø,
4,2016,13055,Langøyna Ø,medikamentell,fôrbehandling,Emamectin benzoat,,,,hele lokaliteten,1146,TYSVÆR,11,Rogaland,59.2983,5.713333,2,Ryfylke,
4,2016,26675,Leirhholmen,medikamentell,fôrbehandling,Emamectin benzoat,,,,hele lokaliteten,1834,LURØY,18,Nordland,66.3565,12.530117,8,Helgeland til Bodø,
4,2016,13876,Litletveitholane,ikke-medikamentell,,,,,,deler av lokaliteten,1253,OSTERØY,12,Hordaland,60.479782,5.443633,4,Nordhordaland til Stadt,
4,2016,28996,Loddetå,medikamentell,badebehandling,Annet virkestoff,,,,hele lokaliteten,1216,SVEIO,12,Hordaland,59.691643,5.54298,3,Karmøy til Sotra,
4,2016,32057,Lyngøy,ikke-medikamentell,,,,,,hele lokaliteten,1750,VIKNA,17,Nord-Trøndelag,64.81865,10.935217,7,Nord-Trøndelag med Bindal,
4,2016,29957,Nakkestad,rensefisk,,,1691,Berggylt,1180,hele lokaliteten,1032,LYNGDAL,10,Vest-Agder,58.055832,7.06875,1,Svenskegrensen til Jæren,
4,2016,33297,Nye Skorpa,medikamentell,fôrbehandling,Emamectin benzoat,,,,hele lokaliteten,1827,DØNNA,18,Nordland,66.03093,12.481483,8,Helgeland til Bodø,
4,2016,11738,Otterholmen,ikke-medikamentell,,,,,,hele lokaliteten,1260,RADØY,12,Hordaland,60.68693,4.907933,4,Nordhordaland til Stadt,
4,2016,11972,Prestholmane,rensefisk,,,2221,Rognkjeks (felles),10093,hele lokaliteten,1141,FINNØY,11,Rogaland,59.116768,5.8545,2,Ryfylke,
4,2016,13867,Raunevågen,medikamentell,badebehandling,Azamethiphos,,,,deler av lokaliteten,1216,SVEIO,12,Hordaland,59.65798,5.533667,3,Karmøy til Sotra,
4,2016,13867,Raunevågen,medikamentell,badebehandling,Hydrogenperoksid,,,,deler av lokaliteten,1216,SVEIO,12,Hordaland,59.65798,5.533667,3,Karmøy til Sotra,
4,2016,30657,Revøy,rensefisk,,,1691,Berggylt,1314,hele lokaliteten,1032,LYNGDAL,10,Vest-Agder,58.0243,7.0268,1,Svenskegrensen til Jæren,
4,2016,29276,Rongøy,medikamentell,badebehandling,Annet virkestoff,,,,deler av lokaliteten,1259,ØYGARDEN,12,Hordaland,60.509335,4.9317,4,Nordhordaland til Stadt,
4,2016,29276,Rongøy,medikamentell,badebehandling,Azamethiphos,,,,deler av lokaliteten,1259,ØYGARDEN,12,Hordaland,60.509335,4.9317,4,Nordhordaland til Stadt,
4,2016,29276,Rongøy,medikamentell,badebehandling,Azamethiphos,,,,deler av lokaliteten,1259,ØYGARDEN,12,Hordaland,60.509335,4.9317,4,Nordhordaland til Stadt,
4,2016,11888,Sandvik,medikamentell,badebehandling,Azamethiphos,,,,hele lokaliteten,1134,SULDAL,11,Rogaland,59.31445,6.170917,2,Ryfylke,
4,2016,11758,Sauøy Ø,medikamentell,badebehandling,Hydrogenperoksid,,,,deler av lokaliteten,1259,ØYGARDEN,12,Hordaland,60.592335,4.857833,4,Nordhordaland til Stadt,
4,2016,30757,Skog,medikamentell,badebehandling,Hydrogenperoksid,,,,hele lokaliteten,1931,LENVIK,19,Troms,69.474335,17.878683,10,Andøya til Senja,
4,2016,28096,Slåttenes,medikamentell,fôrbehandling,Emamectin benzoat,,,,deler av lokaliteten,1224,KVINNHERAD,12,Hordaland,59.83222,5.984267,3,Karmøy til Sotra,
4,2016,32717,Tranøya N,ikke-medikamentell,,,,,,deler av lokaliteten,1627,BJUGN,16,Sør-Trøndelag,63.872032,9.769783,6,Nordmøre og Sør-Trøndelag,
4,2016,10091,Vågsøya,medikamentell,fôrbehandling,Emamectin benzoat,,,,hele lokaliteten,1401,FLORA,14,Sogn og Fjordane,61.489735,5.023517,4,Nordhordaland til Stadt,
4,2016,10616,Vinnalandet,medikamentell,badebehandling,Hydrogenperoksid,,,,deler av lokaliteten,2004,HAMMERFEST,20,Finnmark,70.57315,23.397882,12,Vest-Finnmark,
4,2016,24175,Ytre Lavollsfjord,rensefisk,,,222120,Rognkjeks (hun),1,hele lokaliteten,1929,BERG,19,Troms,69.419464,17.287567,10,Andøya til Senja,
3,2016,12086,Alsåkervik,medikamentell,fôrbehandling,Emamectin benzoat,,,,hele lokaliteten,1224,KVINNHERAD,12,Hordaland,59.7601,6.074183,3,Karmøy til Sotra,
3,2016,12086,Alsåkervik,medikamentell,badebehandling,Hydrogenperoksid,,,,deler av lokaliteten,1224,KVINNHERAD,12,Hordaland,59.7601,6.074183,3,Karmøy til Sotra,
3,2016,13227,Altaneset,medikamentell,badebehandling,Annet virkestoff,,,,deler av lokaliteten,1241,FUSA,12,Hordaland,60.247116,5.63475,3,Karmøy til Sotra,
3,2016,11800,Austneståa,medikamentell,fôrbehandling,Emamectin benzoat,,,,deler av lokaliteten,1401,FLORA,14,Sogn og Fjordane,61.49072,5.169133,4,Nordhordaland til Stadt,
3,2016,13572,Badstuvika,medikamentell,fôrbehandling,Emamectin benzoat,,,,hele lokaliteten,1617,HITRA,16,Sør-Trøndelag,63.53398,9.1469,6,Nordmøre og Sør-Trøndelag,
3,2016,20396,Bergsnes V,medikamentell,badebehandling,Hydrogenperoksid,,,,deler av lokaliteten,2012,ALTA,20,Finnmark,70.22971,23.336117,12,Vest-Finnmark,
3,2016,12625,Bjørgan,ikke-medikamentell,,,,,,hele lokaliteten,1749,FLATANGER,17,Nord-Trøndelag,64.59268,10.908333,7,Nord-Trøndelag med Bindal,
3,2016,13284,Bollhaugen,medikamentell,badebehandling,Deltamethrin,,,,deler av lokaliteten,1827,DØNNA,18,Nordland,66.11311,12.487683,8,Helgeland til Bodø,
3,2016,10256,Bondøya,medikamentell,badebehandling,Azamethiphos,,,,deler av lokaliteten,1750,VIKNA,17,Nord-Trøndelag,64.81715,10.7425,7,Nord-Trøndelag med Bindal,
3,2016,10256,Bondøya,medikamentell,badebehandling,Deltamethrin,,,,deler av lokaliteten,1750,VIKNA,17,Nord-Trøndelag,64.81715,10.7425,7,Nord-Trøndelag med Bindal,
3,2016,34897,Brandsfjorden,medikamentell,badebehandling,Azamethiphos,,,,hele lokaliteten,1632,ROAN,16,Sør-Trøndelag,64.22307,10.279933,6,Nordmøre og Sør-Trøndelag,
3,2016,34897,Brandsfjorden,medikamentell,badebehandling,Deltamethrin,,,,hele lokaliteten,1632,ROAN,16,Sør-Trøndelag,64.22307,10.279933,6,Nordmøre og Sør-Trøndelag,
3,2016,11087,Bukkøya Ø,medikamentell,badebehandling,Azamethiphos,,,,deler av lokaliteten,1836,RØDØY,18,Nordland,66.64097,12.994583,8,Helgeland til Bodø,
3,2016,11087,Bukkøya Ø,medikamentell,badebehandling,Deltamethrin,,,,deler av lokaliteten,1836,RØDØY,18,Nordland,66.64097,12.994583,8,Helgeland til Bodø,
3,2016,22035,Buktodden Nø,medikamentell,fôrbehandling,Diflubenzuron,,,,deler av lokaliteten,1833,RANA,18,Nordland,66.30838,13.4324,8,Helgeland til Bodø,
3,2016,32457,Dalsvåg Nv,rensefisk,,,222120,Rognkjeks (hun),15892,deler av lokaliteten,1149,KARMØY,11,Rogaland,59.410816,5.21725,3,Karmøy til Sotra,
3,2016,32197,Dryna,medikamentell,badebehandling,Hydrogenperoksid,,,,deler av lokaliteten,1545,MIDSUND,15,Møre og Romsdal,62.6444,6.5568,5,Stadt til Hustadvika,
3,2016,30137,Edøya II,medikamentell,badebehandling,Annet virkestoff,,,,deler av lokaliteten,1617,HITRA,16,Sør-Trøndelag,63.65805,8.683667,6,Nordmøre og Sør-Trøndelag,
3,2016,30137,Edøya II,medikamentell,badebehandling,Annet virkestoff,,,,deler av lokaliteten,1617,HITRA,16,Sør-Trøndelag,63.65805,8.683667,6,Nordmøre og Sør-Trøndelag,
3,2016,12624,Feøyvika,ikke-medikamentell,,,,,,deler av lokaliteten,1749,FLATANGER,17,Nord-Trøndelag,64.56073,10.91895,7,Nord-Trøndelag med Bindal,
3,2016,19336,Flatholmen,medikamentell,badebehandling,Hydrogenperoksid,,,,deler av lokaliteten,1106,HAUGESUND,11,Rogaland,59.4293,5.114483,3,Karmøy til Sotra,
3,2016,31357,Geitryggen,medikamentell,badebehandling,Annet virkestoff,,,,hele lokaliteten,1751,NÆRØY,17,Nord-Trøndelag,64.75085,11.189033,7,Nord-Trøndelag med Bindal,
3,2016,11530,Gissøysundet S,medikamentell,badebehandling,Annet virkestoff,,,,deler av lokaliteten,1219,BØMLO,12,Hordaland,59.62327,5.159667,3,Karmøy til Sotra,
3,2016,32037,Grasholman,medikamentell,fôrbehandling,Diflubenzuron,,,,hele lokaliteten,1834,LURØY,18,Nordland,66.34873,12.779417,8,Helgeland til Bodø,
3,2016,12265,Gudmundset,medikamentell,badebehandling,Hydrogenperoksid,,,,hele lokaliteten,1529,SKODJE,15,Møre og Romsdal,62.4527,6.602483,5,Stadt til Hustadvika,
3,2016,30897,Havsundet,ikke-medikamentell,,,,,,deler av lokaliteten,1627,BJUGN,16,Sør-Trøndelag,63.799534,9.440667,6,Nordmøre og Sør-Trøndelag,
3,2016,11783,Hella,rensefisk,,,2221,Rognkjeks (felles),18000,hele lokaliteten,1428,ASKVOLL,14,Sogn og Fjordane,61.40663,5.080817,4,Nordhordaland til Stadt,
3,2016,13006,Hestholmen N,rensefisk,,,2221,Rognkjeks (felles),7,deler av lokaliteten,1838,GILDESKÅL,18,Nordland,67.14678,14.016533,8,Helgeland til Bodø,
3,2016,33797,Hidlekjerringa,medikamentell,badebehandling,Annet virkestoff,,,,hele lokaliteten,1130,STRAND,11,Rogaland,59.067284,5.839383,2,Ryfylke,
3,2016,10410,Hindholmen,medikamentell,badebehandling,Azamethiphos,,,,deler av lokaliteten,1751,NÆRØY,17,Nord-Trøndelag,64.77393,11.44087,7,Nord-Trøndelag med Bindal,
3,2016,10410,Hindholmen,medikamentell,badebehandling,Deltamethrin,,,,deler av lokaliteten,1751,NÆRØY,17,Nord-Trøndelag,64.77393,11.44087,7,Nord-Trøndelag med Bindal,
3,2016,12036,Hisdalen,medikamentell,fôrbehandling,Annet virkestoff,,,,deler av lokaliteten,1224,KVINNHERAD,12,Hordaland,60.12602,5.931333,3,Karmøy til Sotra,
3,2016,29656,Juvika,rensefisk,,,222120,Rognkjeks (hun),11971,hele lokaliteten,1412,SOLUND,14,Sogn og Fjordane,61.104767,5.018483,4,Nordhordaland til Stadt,
3,2016,13220,Kalhag,rensefisk,,,2221,Rognkjeks (felles),15492,hele lokaliteten,1130,STRAND,11,Rogaland,58.974716,5.93595,2,Ryfylke,
3,2016,33577,Kjeholmen II,rensefisk,,,1693,Bergnebb,30685,hele lokaliteten,1003,FARSUND,10,Vest-Agder,58.06008,6.885683,1,Svenskegrensen til Jæren,
3,2016,13339,Klungervikneset,medikamentell,fôrbehandling,Emamectin benzoat,,,,hele lokaliteten,1219,BØMLO,12,Hordaland,59.74668,5.3424,3,Karmøy til Sotra,
3,2016,11534,Klungsholmen,medikamentell,badebehandling,Hydrogenperoksid,,,,deler av lokaliteten,1219,BØMLO,12,Hordaland,59.596783,5.161567,3,Karmøy til Sotra,
3,2016,30076,Kyrøyene,ikke-medikamentell,,,,,,deler av lokaliteten,1750,VIKNA,17,Nord-Trøndelag,64.764015,10.806633,7,Nord-Trøndelag med Bindal,
3,2016,26295,Langøy,medikamentell,badebehandling,Annet virkestoff,,,,deler av lokaliteten,1263,LINDÅS,12,Hordaland,60.779133,5.1608,4,Nordhordaland til Stadt,
3,2016,13055,Langøyna Ø,medikamentell,fôrbehandling,Emamectin benzoat,,,,hele lokaliteten,1146,TYSVÆR,11,Rogaland,59.2983,5.713333,2,Ryfylke,
3,2016,11438,Lauplandsholmen,medikamentell,badebehandling,Azamethiphos,,,,hele lokaliteten,1145,BOKN,11,Rogaland,59.179733,5.472633,2,Ryfylke,
3,2016,26675,Leirhholmen,medikamentell,fôrbehandling,Emamectin benzoat,,,,hele lokaliteten,1834,LURØY,18,Nordland,66.3565,12.530117,8,Helgeland til Bodø,
3,2016,14435,Ljøsøy N,ikke-medikamentell,,,,,,hele lokaliteten,1259,ØYGARDEN,12,Hordaland,60.565216,4.878433,4,Nordhordaland til Stadt,
3,2016,12134,Maradalen,medikamentell,badebehandling,Hydrogenperoksid,,,,hele lokaliteten,1224,KVINNHERAD,12,Hordaland,59.76077,5.686767,3,Karmøy til Sotra,
3,2016,10814,Mårsanjarga,medikamentell,badebehandling,Hydrogenperoksid,,,,hele lokaliteten,2012,ALTA,20,Finnmark,70.24095,23.28445,12,Vest-Finnmark,
3,2016,12904,Merraberget,medikamentell,badebehandling,Annet virkestoff,,,,deler av lokaliteten,1543,NESSET,15,Møre og Romsdal,62.7838,8.27825,6,Nordmøre og Sør-Trøndelag,
3,2016,29957,Nakkestad,rensefisk,,,1691,Berggylt,1180,hele lokaliteten,1032,LYNGDAL,10,Vest-Agder,58.055832,7.06875,1,Svenskegrensen til Jæren,
3,2016,13965,Nesbø/Gjeldsvik,medikamentell,fôrbehandling,Diflubenzuron,,,,hele lokaliteten,1263,LINDÅS,12,Hordaland,60.68835,5.4232,4,Nordhordaland til Stadt,
3,2016,26315,Nordgjæslingan,medikamentell,badebehandling,Hydrogenperoksid,,,,hele lokaliteten,1750,VIKNA,17,Nord-Trøndelag,64.7659,10.9128,7,Nord-Trøndelag med Bindal,
3,2016,33297,Nye Skorpa,medikamentell,fôrbehandling,Emamectin benzoat,,,,hele lokaliteten,1827,DØNNA,18,Nordland,66.03093,12.481483,8,Helgeland til Bodø,
3,2016,33297,Nye Skorpa,medikamentell,fôrbehandling,Emamectin benzoat,,,,hele lokaliteten,1827,DØNNA,18,Nordland,66.03093,12.481483,8,Helgeland til Bodø,
3,2016,10181,Oksebåsen V,rensefisk,,,2221,Rognkjeks (felles),9000,deler av lokaliteten,1532,GISKE,15,Møre og Romsdal,62.5174,6.15805,5,Stadt til Hustadvika,
3,2016,19655,Ospeneset,medikamentell,fôrbehandling,Annet virkestoff,,,,hele lokaliteten,1263,LINDÅS,12,Hordaland,60.74618,5.2701,4,Nordhordaland til Stadt,
3,2016,13867,Raunevågen,medikamentell,badebehandling,Annet virkestoff,,,,deler av lokaliteten,1216,SVEIO,12,Hordaland,59.65798,5.533667,3,Karmøy til Sotra,
3,2016,13867,Raunevågen,medikamentell,badebehandling,Azamethiphos,,,,deler av lokaliteten,1216,SVEIO,12,Hordaland,59.65798,5.533667,3,Karmøy til Sotra,
3,2016,30657,Revøy,rensefisk,,,1691,Berggylt,1314,hele lokaliteten,1032,LYNGDAL,10,Vest-Agder,58.0243,7.0268,1,Svenskegrensen til Jæren,
3,2016,11964,Ringja,medikamentell,badebehandling,Deltamethrin,,,,deler av lokaliteten,1146,TYSVÆR,11,Rogaland,59.405468,5.8631,2,Ryfylke,
3,2016,12281,Rogne,rensefisk,,,2221,Rognkjeks (felles),15000,hele lokaliteten,1534,HARAM,15,Møre og Romsdal,62.6695,6.356833,5,Stadt til Hustadvika,
3,2016,29276,Rongøy,medikamentell,badebehandling,Azamethiphos,,,,deler av lokaliteten,1259,ØYGARDEN,12,Hordaland,60.509335,4.9317,4,Nordhordaland til Stadt,
3,2016,29276,Rongøy,medikamentell,badebehandling,Azamethiphos,,,,deler av lokaliteten,1259,ØYGARDEN,12,Hordaland,60.509335,4.9317,4,Nordhordaland til Stadt,
3,2016,29276,Rongøy,medikamentell,badebehandling,Hydrogenperoksid,,,,deler av lokaliteten,1259,ØYGARDEN,12,Hordaland,60.509335,4.9317,4,Nordhordaland til Stadt,
3,2016,29276,Rongøy,medikamentell,badebehandling,Hydrogenperoksid,,,,deler av lokaliteten,1259,ØYGARDEN,12,Hordaland,60.509335,4.9317,4,Nordhordaland til Stadt,
3,2016,29276,Rongøy,medikamentell,badebehandling,Hydrogenperoksid,,,,deler av lokaliteten,1259,ØYGARDEN,12,Hordaland,60.509335,4.9317,4,Nordhordaland til Stadt,
3,2016,29276,Rongøy,medikamentell,badebehandling,Hydrogenperoksid,,,,deler av lokaliteten,1259,ØYGARDEN,12,Hordaland,60.509335,4.9317,4,Nordhordaland til Stadt,
3,2016,12298,Røysa,rensefisk,,,2221,Rognkjeks (felles),9000,hele lokaliteten,1532,GISKE,15,Møre og Romsdal,62.55078,6.141583,5,Stadt til Hustadvika,
3,2016,24115,Singsholmen,medikamentell,badebehandling,Annet virkestoff,,,,deler av lokaliteten,1617,HITRA,16,Sør-Trøndelag,63.41975,8.411617,6,Nordmøre og Sør-Trøndelag,
3,2016,30757,Skog,medikamentell,badebehandling,Hydrogenperoksid,,,,hele lokaliteten,1931,LENVIK,19,Troms,69.474335,17.878683,10,Andøya til Senja,
3,2016,23375,Sørevik,medikamentell,badebehandling,Hydrogenperoksid,,,,deler av lokaliteten,1416,HØYANGER,14,Sogn og Fjordane,61.099983,5.729967,4,Nordhordaland til Stadt,
3,2016,30537,Steinflesa,medikamentell,badebehandling,Azamethiphos,,,,deler av lokaliteten,1755,LEKA,17,Nord-Trøndelag,65.1345,11.51565,7,Nord-Trøndelag med Bindal,
3,2016,30537,Steinflesa,medikamentell,badebehandling,Deltamethrin,,,,deler av lokaliteten,1755,LEKA,17,Nord-Trøndelag,65.1345,11.51565,7,Nord-Trøndelag med Bindal,
3,2016,31217,Stokkasjøen,medikamentell,badebehandling,Hydrogenperoksid,,,,deler av lokaliteten,1816,VEVELSTAD,18,Nordland,65.782715,12.592317,8,Helgeland til Bodø,
3,2016,31217,Stokkasjøen,medikamentell,badebehandling,Hydrogenperoksid,,,,deler av lokaliteten,1816,VEVELSTAD,18,Nordland,65.782715,12.592317,8,Helgeland til Bodø,
3,2016,31217,Stokkasjøen,medikamentell,badebehandling,Hydrogenperoksid,,,,deler av lokaliteten,1816,VEVELSTAD,18,Nordland,65.782715,12.592317,8,Helgeland til Bodø,
3,2016,19016,Storskogøya,medikamentell,badebehandling,Annet virkestoff,,,,deler av lokaliteten,1613,SNILLFJORD,16,Sør-Trøndelag,63.506065,9.19075,6,Nordmøre og Sør-Trøndelag,
3,2016,11776,Sveholmane,rensefisk,,,2221,Rognkjeks (felles),37000,hele lokaliteten,1401,FLORA,14,Sogn og Fjordane,61.557716,5.215333,4,Nordhordaland til Stadt,
3,2016,10054,Tobbeholmane,medikamentell,badebehandling,Hydrogenperoksid,,,,deler av lokaliteten,1244,AUSTEVOLL,12,Hordaland,60.02432,5.30815,3,Karmøy til Sotra,
3,2016,10054,Tobbeholmane,medikamentell,badebehandling,Hydrogenperoksid,,,,deler av lokaliteten,1244,AUSTEVOLL,12,Hordaland,60.02432,5.30815,3,Karmøy til Sotra,
3,2016,10091,Vågsøya,medikamentell,fôrbehandling,Emamectin benzoat,,,,hele lokaliteten,1401,FLORA,14,Sogn og Fjordane,61.489735,5.023517,4,Nordhordaland til Stadt,
3,2016,13226,Vindsvik,medikamentell,badebehandling,Deltamethrin,,,,hele lokaliteten,1133,HJELMELAND,11,Rogaland,59.299816,6.322467,2,Ryfylke,
3,2016,10616,Vinnalandet,medikamentell,badebehandling,Hydrogenperoksid,,,,deler av lokaliteten,2004,HAMMERFEST,20,Finnmark,70.57315,23.397882,12,Vest-Finnmark,
3,2016,24175,Ytre Lavollsfjord,rensefisk,,,222120,Rognkjeks (hun),1,hele lokaliteten,1929,BERG,19,Troms,69.419464,17.287567,10,Andøya til Senja,
2,2016,12086,Alsåkervik,medikamentell,badebehandling,Hydrogenperoksid,,,,deler av lokaliteten,1224,KVINNHERAD,12,Hordaland,59.7601,6.074183,3,Karmøy til Sotra,
2,2016,32277,Andholmen 1,medikamentell,badebehandling,Azamethiphos,,,,deler av lokaliteten,1573,SMØLA,15,Møre og Romsdal,63.469784,7.8556,6,Nordmøre og Sør-Trøndelag,
2,2016,32277,Andholmen 1,medikamentell,badebehandling,Hydrogenperoksid,,,,deler av lokaliteten,1573,SMØLA,15,Møre og Romsdal,63.469784,7.8556,6,Nordmøre og Sør-Trøndelag,
2,2016,32277,Andholmen 1,medikamentell,badebehandling,Hydrogenperoksid,,,,deler av lokaliteten,1573,SMØLA,15,Møre og Romsdal,63.469784,7.8556,6,Nordmøre og Sør-Trøndelag,
2,2016,32297,Andholmen 2,medikamentell,badebehandling,Annet virkestoff,,,,hele lokaliteten,1573,SMØLA,15,Møre og Romsdal,63.46745,7.847167,6,Nordmøre og Sør-Trøndelag,
2,2016,32297,Andholmen 2,medikamentell,badebehandling,Annet virkestoff,,,,hele lokaliteten,1573,SMØLA,15,Møre og Romsdal,63.46745,7.847167,6,Nordmøre og Sør-Trøndelag,
2,2016,32297,Andholmen 2,medikamentell,badebehandling,Azamethiphos,,,,hele lokaliteten,1573,SMØLA,15,Møre og Romsdal,63.46745,7.847167,6,Nordmøre og Sør-Trøndelag,
2,2016,11800,Austneståa,medikamentell,fôrbehandling,Emamectin benzoat,,,,deler av lokaliteten,1401,FLORA,14,Sogn og Fjordane,61.49072,5.169133,4,Nordhordaland til Stadt,
2,2016,25055,Bekksneset,rensefisk,,,2221,Rognkjeks (felles),28032,hele lokaliteten,1413,HYLLESTAD,14,Sogn og Fjordane,61.07662,5.38595,4,Nordhordaland til Stadt,
2,2016,11930,Bjelkavik,medikamentell,badebehandling,Deltamethrin,,,,hele lokaliteten,1134,SULDAL,11,Rogaland,59.45165,5.991917,2,Ryfylke,
2,2016,10212,Bogen,medikamentell,badebehandling,Annet virkestoff,,,,deler av lokaliteten,1505,KRISTIANSUND,15,Møre og Romsdal,63.077667,7.90345,6,Nordmøre og Sør-Trøndelag,
2,2016,31038,Buarøy,medikamentell,badebehandling,Annet virkestoff,,,,deler av lokaliteten,1245,SUND,12,Hordaland,60.220066,5.21455,3,Karmøy til Sotra,
2,2016,31038,Buarøy,medikamentell,badebehandling,Annet virkestoff,,,,deler av lokaliteten,1245,SUND,12,Hordaland,60.220066,5.21455,3,Karmøy til Sotra,
2,2016,22035,Buktodden Nø,medikamentell,fôrbehandling,Diflubenzuron,,,,deler av lokaliteten,1833,RANA,18,Nordland,66.30838,13.4324,8,Helgeland til Bodø,
2,2016,32457,Dalsvåg Nv,medikamentell,fôrbehandling,Emamectin benzoat,,,,hele lokaliteten,1149,KARMØY,11,Rogaland,59.410816,5.21725,3,Karmøy til Sotra,
2,2016,13229,Djupedalen,medikamentell,badebehandling,Annet virkestoff,,,,hele lokaliteten,1241,FUSA,12,Hordaland,60.230865,5.6733,3,Karmøy til Sotra,
2,2016,13229,Djupedalen,ikke-medikamentell,,,,,,deler av lokaliteten,1241,FUSA,12,Hordaland,60.230865,5.6733,3,Karmøy til Sotra,
2,2016,12128,Dyrnes,medikamentell,badebehandling,Hydrogenperoksid,,,,hele lokaliteten,1224,KVINNHERAD,12,Hordaland,59.71765,5.72205,3,Karmøy til Sotra,
2,2016,30137,Edøya II,medikamentell,badebehandling,Annet virkestoff,,,,deler av lokaliteten,1617,HITRA,16,Sør-Trøndelag,63.65805,8.683667,6,Nordmøre og Sør-Trøndelag,
2,2016,12624,Feøyvika,medikamentell,badebehandling,Annet virkestoff,,,,deler av lokaliteten,1749,FLATANGER,17,Nord-Trøndelag,64.56073,10.91895,7,Nord-Trøndelag med Bindal,
2,2016,11833,Flåtegrunnen,medikamentell,badebehandling,Hydrogenperoksid,,,,deler av lokaliteten,1401,FLORA,14,Sogn og Fjordane,61.57615,4.807333,4,Nordhordaland til Stadt,
2,2016,25835,Flatøyflu,medikamentell,badebehandling,Hydrogenperoksid,,,,deler av lokaliteten,1244,AUSTEVOLL,12,Hordaland,60.155632,5.231417,3,Karmøy til Sotra,
2,2016,25835,Flatøyflu,medikamentell,badebehandling,Hydrogenperoksid,,,,deler av lokaliteten,1244,AUSTEVOLL,12,Hordaland,60.155632,5.231417,3,Karmøy til Sotra,
2,2016,11530,Gissøysundet S,medikamentell,badebehandling,Annet virkestoff,,,,hele lokaliteten,1219,BØMLO,12,Hordaland,59.62327,5.159667,3,Karmøy til Sotra,
2,2016,10324,Gjerdeviksflua,medikamentell,badebehandling,Annet virkestoff,,,,deler av lokaliteten,1241,FUSA,12,Hordaland,60.223083,5.641167,3,Karmøy til Sotra,
2,2016,10324,Gjerdeviksflua,ikke-medikamentell,,,,,,deler av lokaliteten,1241,FUSA,12,Hordaland,60.223083,5.641167,3,Karmøy til Sotra,
2,2016,32037,Grasholman,medikamentell,fôrbehandling,Diflubenzuron,,,,hele lokaliteten,1834,LURØY,18,Nordland,66.34873,12.779417,8,Helgeland til Bodø,
2,2016,11511,Hattasteinen,ikke-medikamentell,,,,,,deler av lokaliteten,1219,BØMLO,12,Hordaland,59.626266,5.250717,3,Karmøy til Sotra,
2,2016,30897,Havsundet,ikke-medikamentell,,,,,,deler av lokaliteten,1627,BJUGN,16,Sør-Trøndelag,63.799534,9.440667,6,Nordmøre og Sør-Trøndelag,
2,2016,10425,Heggvika,medikamentell,badebehandling,Azamethiphos,,,,hele lokaliteten,1811,BINDAL,18,Nordland,65.12658,12.071983,7,Nord-Trøndelag med Bindal,
2,2016,10425,Heggvika,medikamentell,badebehandling,Deltamethrin,,,,hele lokaliteten,1811,BINDAL,18,Nordland,65.12658,12.071983,7,Nord-Trøndelag med Bindal,
2,2016,11920,Herøy,medikamentell,badebehandling,Deltamethrin,,,,hele lokaliteten,1160,VINDAFJORD,11,Rogaland,59.4664,6.0262,2,Ryfylke,
2,2016,11920,Herøy,ikke-medikamentell,,,,,,hele lokaliteten,1160,VINDAFJORD,11,Rogaland,59.4664,6.0262,2,Ryfylke,
2,2016,12036,Hisdalen,medikamentell,fôrbehandling,Annet virkestoff,,,,deler av lokaliteten,1224,KVINNHERAD,12,Hordaland,60.12602,5.931333,3,Karmøy til Sotra,
2,2016,18936,Igerøy Ø,medikamentell,badebehandling,Hydrogenperoksid,,,,deler av lokaliteten,1815,VEGA,18,Nordland,65.68622,12.138533,8,Helgeland til Bodø,
2,2016,13236,Indre Oppedal,rensefisk,,,2221,Rognkjeks (felles),15028,deler av lokaliteten,1411,GULEN,14,Sogn og Fjordane,61.067883,5.563833,4,Nordhordaland til Stadt,
2,2016,22915,Kalsøyflu,rensefisk,,,2221,Rognkjeks (felles),8000,deler av lokaliteten,1244,AUSTEVOLL,12,Hordaland,60.03818,5.114417,3,Karmøy til Sotra,
2,2016,33577,Kjeholmen II,rensefisk,,,1693,Bergnebb,30685,hele lokaliteten,1003,FARSUND,10,Vest-Agder,58.06008,6.885683,1,Svenskegrensen til Jæren,
2,2016,24455,Klavelandet,medikamentell,badebehandling,Hydrogenperoksid,,,,hele lokaliteten,1401,FLORA,14,Sogn og Fjordane,61.60395,5.186533,4,Nordhordaland til Stadt,
2,2016,13339,Klungervikneset,medikamentell,fôrbehandling,Emamectin benzoat,,,,hele lokaliteten,1219,BØMLO,12,Hordaland,59.74668,5.3424,3,Karmøy til Sotra,
2,2016,14040,Krigsholmen,medikamentell,badebehandling,Hydrogenperoksid,,,,hele lokaliteten,1244,AUSTEVOLL,12,Hordaland,60.081383,5.124117,3,Karmøy til Sotra,
2,2016,32217,Kvernaneset,medikamentell,badebehandling,Annet virkestoff,,,,hele lokaliteten,1216,SVEIO,12,Hordaland,59.685318,5.4311,3,Karmøy til Sotra,
2,2016,10041,Kviksholmen,rensefisk,,,2221,Rognkjeks (felles),7000,hele lokaliteten,1244,AUSTEVOLL,12,Hordaland,60.054317,5.090733,3,Karmøy til Sotra,
2,2016,30076,Kyrøyene,medikamentell,badebehandling,Azamethiphos,,,,deler av lokaliteten,1750,VIKNA,17,Nord-Trøndelag,64.764015,10.806633,7,Nord-Trøndelag med Bindal,
2,2016,30076,Kyrøyene,medikamentell,badebehandling,Hydrogenperoksid,,,,deler av lokaliteten,1750,VIKNA,17,Nord-Trøndelag,64.764015,10.806633,7,Nord-Trøndelag med Bindal,
2,2016,24715,Langholmen,medikamentell,badebehandling,Annet virkestoff,,,,hele lokaliteten,1141,FINNØY,11,Rogaland,59.097282,5.835917,2,Ryfylke,
2,2016,11116,Langholmen,ikke-medikamentell,,,,,,deler av lokaliteten,1838,GILDESKÅL,18,Nordland,67.05783,14.025333,8,Helgeland til Bodø,
2,2016,34637,Langholmen N,medikamentell,badebehandling,Hydrogenperoksid,,,,hele lokaliteten,1866,HADSEL,18,Nordland,68.66638,14.914717,9,Vestfjorden og Vesterålen,
2,2016,14039,Litle Lunnøy,medikamentell,badebehandling,Hydrogenperoksid,,,,hele lokaliteten,1244,AUSTEVOLL,12,Hordaland,60.02005,5.169533,3,Karmøy til Sotra,
2,2016,28996,Loddetå,medikamentell,badebehandling,Annet virkestoff,,,,hele lokaliteten,1216,SVEIO,12,Hordaland,59.691643,5.54298,3,Karmøy til Sotra,
2,2016,28996,Loddetå,medikamentell,badebehandling,Annet virkestoff,,,,hele lokaliteten,1216,SVEIO,12,Hordaland,59.691643,5.54298,3,Karmøy til Sotra,
2,2016,10292,Lyklingholmen N,ikke-medikamentell,,,,,,hele lokaliteten,1219,BØMLO,12,Hordaland,59.714535,5.15405,3,Karmøy til Sotra,
2,2016,10137,Matland,medikamentell,badebehandling,Annet virkestoff,,,,hele lokaliteten,1241,FUSA,12,Hordaland,60.264084,5.6591,3,Karmøy til Sotra,
2,2016,10137,Matland,medikamentell,badebehandling,Annet virkestoff,,,,hele lokaliteten,1241,FUSA,12,Hordaland,60.264084,5.6591,3,Karmøy til Sotra,
2,2016,29957,Nakkestad,rensefisk,,,1691,Berggylt,1180,hele lokaliteten,1032,LYNGDAL,10,Vest-Agder,58.055832,7.06875,1,Svenskegrensen til Jæren,
2,2016,13965,Nesbø/Gjeldsvik,medikamentell,fôrbehandling,Diflubenzuron,,,,hele lokaliteten,1263,LINDÅS,12,Hordaland,60.68835,5.4232,4,Nordhordaland til Stadt,
2,2016,10181,Oksebåsen V,rensefisk,,,2221,Rognkjeks (felles),15096,deler av lokaliteten,1532,GISKE,15,Møre og Romsdal,62.5174,6.15805,5,Stadt til Hustadvika,
2,2016,10790,Olderfjord,medikamentell,badebehandling,Annet virkestoff,,,,deler av lokaliteten,2017,KVALSUND,20,Finnmark,70.38598,23.472271,12,Vest-Finnmark,
2,2016,19655,Ospeneset,medikamentell,fôrbehandling,Annet virkestoff,,,,hele lokaliteten,1263,LINDÅS,12,Hordaland,60.74618,5.2701,4,Nordhordaland til Stadt,
2,2016,13554,Overåneset,medikamentell,badebehandling,Hydrogenperoksid,,,,hele lokaliteten,1525,STRANDA,15,Møre og Romsdal,62.296516,7.123917,5,Stadt til Hustadvika,
2,2016,20315,Overåneset V,medikamentell,fôrbehandling,Diflubenzuron,,,,hele lokaliteten,1525,STRANDA,15,Møre og Romsdal,62.30065,7.085433,5,Stadt til Hustadvika,
2,2016,10086,Rekeviki,medikamentell,fôrbehandling,Emamectin benzoat,,,,hele lokaliteten,1263,LINDÅS,12,Hordaland,60.723415,5.328583,4,Nordhordaland til Stadt,
2,2016,30657,Revøy,rensefisk,,,1691,Berggylt,1314,hele lokaliteten,1032,LYNGDAL,10,Vest-Agder,58.0243,7.0268,1,Svenskegrensen til Jæren,
2,2016,10822,Rivarbukt,medikamentell,badebehandling,Annet virkestoff,,,,deler av lokaliteten,2012,ALTA,20,Finnmark,70.08587,22.6618,12,Vest-Finnmark,
2,2016,12298,Røysa,rensefisk,,,2221,Rognkjeks (felles),15096,deler av lokaliteten,1532,GISKE,15,Møre og Romsdal,62.55078,6.141583,5,Stadt til Hustadvika,
2,2016,34857,Salatskjæra,medikamentell,badebehandling,Azamethiphos,,,,hele lokaliteten,1620,FRØYA,16,Sør-Trøndelag,63.90485,8.589133,6,Nordmøre og Sør-Trøndelag,
2,2016,34857,Salatskjæra,medikamentell,badebehandling,Cypermethrin,,,,hele lokaliteten,1620,FRØYA,16,Sør-Trøndelag,63.90485,8.589133,6,Nordmøre og Sør-Trøndelag,
2,2016,34857,Salatskjæra,medikamentell,badebehandling,Deltamethrin,,,,hele lokaliteten,1620,FRØYA,16,Sør-Trøndelag,63.90485,8.589133,6,Nordmøre og Sør-Trøndelag,
2,2016,20115,Skjerholmen N.,medikamentell,badebehandling,Hydrogenperoksid,,,,deler av lokaliteten,1245,SUND,12,Hordaland,60.2496,5.174017,3,Karmøy til Sotra,
2,2016,11640,Skorpeosen,medikamentell,fôrbehandling,Emamectin benzoat,,,,deler av lokaliteten,1246,FJELL,12,Hordaland,60.332535,4.942783,3,Karmøy til Sotra,
2,2016,23695,Skotungneset,medikamentell,fôrbehandling,Diflubenzuron,,,,hele lokaliteten,1525,STRANDA,15,Møre og Romsdal,62.34895,6.910767,5,Stadt til Hustadvika,
2,2016,11605,Soløy Ø,medikamentell,fôrbehandling,Emamectin benzoat,,,,hele lokaliteten,1222,FITJAR,12,Hordaland,59.90708,5.159833,3,Karmøy til Sotra,
2,2016,13124,Storstrompan,rensefisk,,,2221,Rognkjeks (felles),11433,deler av lokaliteten,1836,RØDØY,18,Nordland,66.54477,13.4184,8,Helgeland til Bodø,
2,2016,13057,Teigland I,ikke-medikamentell,,,,,,hele lokaliteten,1238,KVAM,12,Hordaland,60.17935,5.959917,3,Karmøy til Sotra,
2,2016,25815,Tittelsnes,medikamentell,badebehandling,Annet virkestoff,,,,hele lokaliteten,1216,SVEIO,12,Hordaland,59.723484,5.533483,3,Karmøy til Sotra,
2,2016,32717,Tranøya N,medikamentell,badebehandling,Hydrogenperoksid,,,,deler av lokaliteten,1627,BJUGN,16,Sør-Trøndelag,63.872032,9.769783,6,Nordmøre og Sør-Trøndelag,
2,2016,30560,Tristeinen,rensefisk,,,222120,Rognkjeks (hun),3822,deler av lokaliteten,1627,BJUGN,16,Sør-Trøndelag,63.86895,9.6204,6,Nordmøre og Sør-Trøndelag,
2,2016,14081,Tveit,rensefisk,,,2221,Rognkjeks (felles),30600,hele lokaliteten,1413,HYLLESTAD,14,Sogn og Fjordane,61.110085,5.340483,4,Nordhordaland til Stadt,
2,2016,10091,Vågsøya,medikamentell,fôrbehandling,Emamectin benzoat,,,,hele lokaliteten,1401,FLORA,14,Sogn og Fjordane,61.489735,5.023517,4,Nordhordaland til Stadt,
2,2016,11303,Veggfjell,rensefisk,,,2221,Rognkjeks (felles),18869,deler av lokaliteten,1849,HAMARØY,18,Nordland,67.962,15.8058,9,Vestfjorden og Vesterålen,
2,2016,12885,Vikageilen,medikamentell,badebehandling,Annet virkestoff,,,,deler av lokaliteten,1505,KRISTIANSUND,15,Møre og Romsdal,63.075783,7.906067,6,Nordmøre og Sør-Trøndelag,
2,2016,13226,Vindsvik,medikamentell,badebehandling,Azamethiphos,,,,deler av lokaliteten,1133,HJELMELAND,11,Rogaland,59.299816,6.322467,2,Ryfylke,
2,2016,24175,Ytre Lavollsfjord,rensefisk,,,222120,Rognkjeks (hun),1,hele lokaliteten,1929,BERG,19,Troms,69.419464,17.287567,10,Andøya til Senja,
1,2016,11800,Austneståa,medikamentell,fôrbehandling,Emamectin benzoat,,,,deler av lokaliteten,1401,FLORA,14,Sogn og Fjordane,61.49072,5.169133,4,Nordhordaland til Stadt,
1,2016,12625,Bjørgan,medikamentell,badebehandling,Annet virkestoff,,,,deler av lokaliteten,1749,FLATANGER,17,Nord-Trøndelag,64.59268,10.908333,7,Nord-Trøndelag med Bindal,
1,2016,15796,Borgarliflot,medikamentell,badebehandling,Deltamethrin,,,,hele lokaliteten,1134,SULDAL,11,Rogaland,59.388035,5.929283,2,Ryfylke,
1,2016,31038,Buarøy,medikamentell,badebehandling,Hydrogenperoksid,,,,deler av lokaliteten,1245,SUND,12,Hordaland,60.220066,5.21455,3,Karmøy til Sotra,
1,2016,12128,Dyrnes,medikamentell,badebehandling,Hydrogenperoksid,,,,hele lokaliteten,1224,KVINNHERAD,12,Hordaland,59.71765,5.72205,3,Karmøy til Sotra,
1,2016,30137,Edøya II,medikamentell,badebehandling,Annet virkestoff,,,,deler av lokaliteten,1617,HITRA,16,Sør-Trøndelag,63.65805,8.683667,6,Nordmøre og Sør-Trøndelag,
1,2016,10544,Flakstadvåg,medikamentell,badebehandling,Annet virkestoff,,,,hele lokaliteten,1928,TORSKEN,19,Troms,69.18692,17.013733,10,Andøya til Senja,
1,2016,11833,Flåtegrunnen,medikamentell,badebehandling,Hydrogenperoksid,,,,deler av lokaliteten,1401,FLORA,14,Sogn og Fjordane,61.57615,4.807333,4,Nordhordaland til Stadt,
1,2016,25835,Flatøyflu,medikamentell,badebehandling,Hydrogenperoksid,,,,deler av lokaliteten,1244,AUSTEVOLL,12,Hordaland,60.155632,5.231417,3,Karmøy til Sotra,
1,2016,18639,Halsavika,medikamentell,badebehandling,Deltamethrin,,,,hele lokaliteten,1146,TYSVÆR,11,Rogaland,59.39232,5.883333,2,Ryfylke,
1,2016,18639,Halsavika,ikke-medikamentell,,,,,,deler av lokaliteten,1146,TYSVÆR,11,Rogaland,59.39232,5.883333,2,Ryfylke,
1,2016,11740,Haverøy,medikamentell,badebehandling,Annet virkestoff,,,,deler av lokaliteten,1246,FJELL,12,Hordaland,60.404766,4.93995,3,Karmøy til Sotra,
1,2016,11783,Hella,rensefisk,,,2221,Rognkjeks (felles),15000,deler av lokaliteten,1428,ASKVOLL,14,Sogn og Fjordane,61.40663,5.080817,4,Nordhordaland til Stadt,
1,2016,22596,Hesbygrunnen,medikamentell,badebehandling,Deltamethrin,,,,hele lokaliteten,1141,FINNØY,11,Rogaland,59.194416,5.800183,2,Ryfylke,
1,2016,10300,Hillersvik,medikamentell,badebehandling,Hydrogenperoksid,,,,hele lokaliteten,1216,SVEIO,12,Hordaland,59.6084,5.311917,3,Karmøy til Sotra,
1,2016,27095,Ihlholmen,medikamentell,badebehandling,Hydrogenperoksid,,,,hele lokaliteten,1160,VINDAFJORD,11,Rogaland,59.7215,5.586633,3,Karmøy til Sotra,
1,2016,30036,Jørstadskjera,medikamentell,badebehandling,Annet virkestoff,,,,hele lokaliteten,1141,FINNØY,11,Rogaland,59.293083,5.937017,2,Ryfylke,
1,2016,33577,Kjeholmen II,rensefisk,,,1693,Bergnebb,30685,hele lokaliteten,1003,FARSUND,10,Vest-Agder,58.06008,6.885683,1,Svenskegrensen til Jæren,
1,2016,24455,Klavelandet,medikamentell,badebehandling,Hydrogenperoksid,,,,hele lokaliteten,1401,FLORA,14,Sogn og Fjordane,61.60395,5.186533,4,Nordhordaland til Stadt,
1,2016,11633,Krossholmen,medikamentell,badebehandling,Annet virkestoff,,,,hele lokaliteten,1219,BØMLO,12,Hordaland,59.7879,5.100533,3,Karmøy til Sotra,
1,2016,11775,Kviteskjeret,rensefisk,,,2221,Rognkjeks (felles),50000,hele lokaliteten,1428,ASKVOLL,14,Sogn og Fjordane,61.467815,5.2203,4,Nordhordaland til Stadt,
1,2016,20595,Kyrholmen S,medikamentell,badebehandling,Hydrogenperoksid,,,,deler av lokaliteten,1244,AUSTEVOLL,12,Hordaland,60.162018,5.205567,3,Karmøy til Sotra,
1,2016,20595,Kyrholmen S,medikamentell,badebehandling,Hydrogenperoksid,,,,deler av lokaliteten,1244,AUSTEVOLL,12,Hordaland,60.162018,5.205567,3,Karmøy til Sotra,
1,2016,24715,Langholmen,medikamentell,badebehandling,Annet virkestoff,,,,deler av lokaliteten,1141,FINNØY,11,Rogaland,59.097282,5.835917,2,Ryfylke,
1,2016,28036,Langskjæran,medikamentell,badebehandling,Annet virkestoff,,,,deler av lokaliteten,1838,GILDESKÅL,18,Nordland,67.118385,13.898417,8,Helgeland til Bodø,
1,2016,14086,Lelandsholmen,medikamentell,badebehandling,Hydrogenperoksid,,,,hele lokaliteten,1219,BØMLO,12,Hordaland,59.728535,5.153067,3,Karmøy til Sotra,
1,2016,14086,Lelandsholmen,medikamentell,badebehandling,Hydrogenperoksid,,,,hele lokaliteten,1219,BØMLO,12,Hordaland,59.728535,5.153067,3,Karmøy til Sotra,
1,2016,28996,Loddetå,medikamentell,badebehandling,Annet virkestoff,,,,hele lokaliteten,1216,SVEIO,12,Hordaland,59.691643,5.54298,3,Karmøy til Sotra,
1,2016,30157,Movik,medikamentell,badebehandling,Azamethiphos,,,,hele lokaliteten,1845,SØRFOLD,18,Nordland,67.63177,15.26225,9,Vestfjorden og Vesterålen,
1,2016,30157,Movik,medikamentell,badebehandling,Deltamethrin,,,,hele lokaliteten,1845,SØRFOLD,18,Nordland,67.63177,15.26225,9,Vestfjorden og Vesterålen,
1,2016,30157,Movik,ikke-medikamentell,,,,,,hele lokaliteten,1845,SØRFOLD,18,Nordland,67.63177,15.26225,9,Vestfjorden og Vesterålen,
1,2016,29957,Nakkestad,rensefisk,,,1691,Berggylt,1180,hele lokaliteten,1032,LYNGDAL,10,Vest-Agder,58.055832,7.06875,1,Svenskegrensen til Jæren,
1,2016,13965,Nesbø/Gjeldsvik,medikamentell,fôrbehandling,Diflubenzuron,,,,hele lokaliteten,1263,LINDÅS,12,Hordaland,60.68835,5.4232,4,Nordhordaland til Stadt,
1,2016,10791,Nordnes,medikamentell,badebehandling,Azamethiphos,,,,deler av lokaliteten,2012,ALTA,20,Finnmark,70.2831,23.400017,12,Vest-Finnmark,
1,2016,10791,Nordnes,medikamentell,badebehandling,Deltamethrin,,,,deler av lokaliteten,2012,ALTA,20,Finnmark,70.2831,23.400017,12,Vest-Finnmark,
1,2016,31697,Oksen,ikke-medikamentell,,,,,,hele lokaliteten,1246,FJELL,12,Hordaland,60.43382,4.9411,3,Karmøy til Sotra,
1,2016,12394,Ørnøya,ikke-medikamentell,,,,,,deler av lokaliteten,1620,FRØYA,16,Sør-Trøndelag,63.761868,8.445183,6,Nordmøre og Sør-Trøndelag,
1,2016,19655,Ospeneset,medikamentell,fôrbehandling,Annet virkestoff,,,,hele lokaliteten,1263,LINDÅS,12,Hordaland,60.74618,5.2701,4,Nordhordaland til Stadt,
1,2016,13554,Overåneset,medikamentell,badebehandling,Hydrogenperoksid,,,,hele lokaliteten,1525,STRANDA,15,Møre og Romsdal,62.296516,7.123917,5,Stadt til Hustadvika,
1,2016,20315,Overåneset V,medikamentell,fôrbehandling,Diflubenzuron,,,,hele lokaliteten,1525,STRANDA,15,Møre og Romsdal,62.30065,7.085433,5,Stadt til Hustadvika,
1,2016,10086,Rekeviki,medikamentell,fôrbehandling,Emamectin benzoat,,,,hele lokaliteten,1263,LINDÅS,12,Hordaland,60.723415,5.328583,4,Nordhordaland til Stadt,
1,2016,30657,Revøy,rensefisk,,,1691,Berggylt,1314,hele lokaliteten,1032,LYNGDAL,10,Vest-Agder,58.0243,7.0268,1,Svenskegrensen til Jæren,
1,2016,12126,Rossnes,medikamentell,badebehandling,Hydrogenperoksid,,,,hele lokaliteten,1224,KVINNHERAD,12,Hordaland,59.759167,5.721467,3,Karmøy til Sotra,
1,2016,20115,Skjerholmen N.,medikamentell,badebehandling,Annet virkestoff,,,,deler av lokaliteten,1245,SUND,12,Hordaland,60.2496,5.174017,3,Karmøy til Sotra,
1,2016,23695,Skotungneset,medikamentell,fôrbehandling,Diflubenzuron,,,,hele lokaliteten,1525,STRANDA,15,Møre og Romsdal,62.34895,6.910767,5,Stadt til Hustadvika,
1,2016,11605,Soløy Ø,medikamentell,fôrbehandling,Emamectin benzoat,,,,hele lokaliteten,1222,FITJAR,12,Hordaland,59.90708,5.159833,3,Karmøy til Sotra,
1,2016,13290,Stigvika,medikamentell,badebehandling,Hydrogenperoksid,,,,hele lokaliteten,1838,GILDESKÅL,18,Nordland,67.06885,14.076133,8,Helgeland til Bodø,
1,2016,11700,Storeneset,ikke-medikamentell,,,,,,hele lokaliteten,1411,GULEN,14,Sogn og Fjordane,60.8763,5.02805,4,Nordhordaland til Stadt,
1,2016,20776,Storoksen,rensefisk,,,222120,Rognkjeks (hun),32870,hele lokaliteten,1247,ASKØY,12,Hordaland,60.530884,4.97325,4,Nordhordaland til Stadt,
1,2016,12074,Svåsandneset,medikamentell,fôrbehandling,Emamectin benzoat,,,,hele lokaliteten,1227,JONDAL,12,Hordaland,60.32422,6.318983,3,Karmøy til Sotra,
1,2016,22955,Svollandsneset,medikamentell,badebehandling,Annet virkestoff,,,,hele lokaliteten,1160,VINDAFJORD,11,Rogaland,59.684235,5.589717,3,Karmøy til Sotra,
1,2016,32857,Trettholmosen,medikamentell,badebehandling,Annet virkestoff,,,,deler av lokaliteten,1219,BØMLO,12,Hordaland,59.831932,5.0801,3,Karmøy til Sotra,
1,2016,11303,Veggfjell,rensefisk,,,2221,Rognkjeks (felles),81405,deler av lokaliteten,1849,HAMARØY,18,Nordland,67.962,15.8058,9,Vestfjorden og Vesterålen,
1,2016,13837,Verpeide,medikamentell,badebehandling,Azamethiphos,,,,hele lokaliteten,1439,VÅGSØY,14,Sogn og Fjordane,61.902954,5.207967,4,Nordhordaland til Stadt,
1,2016,13837,Verpeide,medikamentell,badebehandling,Deltamethrin,,,,hele lokaliteten,1439,VÅGSØY,14,Sogn og Fjordane,61.902954,5.207967,4,Nordhordaland til Stadt,
1,2016,13704,Vikane,medikamentell,fôrbehandling,Diflubenzuron,,,,hele lokaliteten,1266,MASFJORDEN,12,Hordaland,60.7125,5.403633,4,Nordhordaland til Stadt,
1,2016,12839,Vindsnes,medikamentell,badebehandling,Hydrogenperoksid,,,,hele lokaliteten,1524,NORDDAL,15,Møre og Romsdal,62.28505,7.279633,5,Stadt til Hustadvika,
1,2016,24175,Ytre Lavollsfjord,rensefisk,,,222120,Rognkjeks (hun),1,hele lokaliteten,1929,BERG,19,Troms,69.419464,17.287567,10,Andøya til Senja,
