Uke,År,Lokalitetsnummer,Lokalitetsnavn,Tiltak,Type behandling,Virkestoff,ArtsId,Rensefisk,Antall,Omfang,Kommunenummer,Kommune,Fylkesnummer,Fylke,Lat,Lon,ProduksjonsområdeId,Produksjonsområde,Antall merder
33,2013,32277,Andholmen 1,rensefisk,,,1691,Berggylt,1642,deler av lokaliteten,1573,SMØLA,15,Møre og Romsdal,63.469784,7.8556,6,Nordmøre og Sør-Trøndelag,
33,2013,30156,Anevik,medikamentell,fôrbehandling,Emamectin benzoat,,,,hele lokaliteten,1848,STEIGEN,18,Nordland,68.00592,15.264333,9,Vestfjorden og Vesterålen,
33,2013,29816,Apalvikneset,medikamentell,badebehandling,Deltamethrin,,,,deler av lokaliteten,1224,KVINNHERAD,12,Hordaland,60.145584,6.120467,3,Karmøy til Sotra,
33,2013,29816,Apalvikneset,ikke-medikamentell,,,,,,hele lokaliteten,1224,KVINNHERAD,12,Hordaland,60.145584,6.120467,3,Karmøy til Sotra,
33,2013,26795,Austvika,rensefisk,,,1694,Grøngylt,20,hele lokaliteten,1749,FLATANGER,17,Nord-Trøndelag,64.41853,10.696033,7,Nord-Trøndelag med Bindal,
33,2013,26795,Austvika,rensefisk,,,1693,Bergnebb,12483,hele lokaliteten,1749,FLATANGER,17,Nord-Trøndelag,64.41853,10.696033,7,Nord-Trøndelag med Bindal,
33,2013,22455,Bjørlykkestranda,rensefisk,,,1694,Grøngylt,2810,hele lokaliteten,1511,VANYLVEN,15,Møre og Romsdal,62.16655,5.5954,5,Stadt til Hustadvika,
33,2013,11754,Bøøy,medikamentell,badebehandling,Azamethiphos,,,,hele lokaliteten,1260,RADØY,12,Hordaland,60.72798,4.863417,4,Nordhordaland til Stadt,
33,2013,11754,Bøøy,medikamentell,badebehandling,Azamethiphos,,,,hele lokaliteten,1260,RADØY,12,Hordaland,60.72798,4.863417,4,Nordhordaland til Stadt,
33,2013,12040,Brandaskuta,rensefisk,,,1694,Grøngylt,16641,deler av lokaliteten,1224,KVINNHERAD,12,Hordaland,59.977615,5.912417,3,Karmøy til Sotra,
33,2013,15621,Breivika,medikamentell,badebehandling,Hydrogenperoksid,,,,hele lokaliteten,1836,RØDØY,18,Nordland,66.58036,13.015637,8,Helgeland til Bodø,
33,2013,10223,Bremnessvaet,medikamentell,badebehandling,Azamethiphos,,,,hele lokaliteten,1573,SMØLA,15,Møre og Romsdal,63.39795,8.214317,6,Nordmøre og Sør-Trøndelag,
33,2013,10223,Bremnessvaet,medikamentell,badebehandling,Deltamethrin,,,,hele lokaliteten,1573,SMØLA,15,Møre og Romsdal,63.39795,8.214317,6,Nordmøre og Sør-Trøndelag,
33,2013,12237,Brudevika,rensefisk,,,1691,Berggylt,1000,deler av lokaliteten,1511,VANYLVEN,15,Møre og Romsdal,62.116566,5.420717,5,Stadt til Hustadvika,
33,2013,13841,Brunsvik,rensefisk,,,1693,Bergnebb,5586,deler av lokaliteten,1439,VÅGSØY,14,Sogn og Fjordane,61.910183,5.29085,4,Nordhordaland til Stadt,
33,2013,11543,Buholmen Ø,rensefisk,,,1692,Annen leppefisk,386,deler av lokaliteten,1244,AUSTEVOLL,12,Hordaland,60.0216,5.07985,3,Karmøy til Sotra,
33,2013,11543,Buholmen Ø,rensefisk,,,1693,Bergnebb,190,deler av lokaliteten,1244,AUSTEVOLL,12,Hordaland,60.0216,5.07985,3,Karmøy til Sotra,
33,2013,11543,Buholmen Ø,rensefisk,,,1694,Grøngylt,5075,deler av lokaliteten,1244,AUSTEVOLL,12,Hordaland,60.0216,5.07985,3,Karmøy til Sotra,
33,2013,11543,Buholmen Ø,rensefisk,,,1691,Berggylt,486,deler av lokaliteten,1244,AUSTEVOLL,12,Hordaland,60.0216,5.07985,3,Karmøy til Sotra,
33,2013,11857,Buksevika,rensefisk,,,1694,Grøngylt,1698,deler av lokaliteten,1004,FLEKKEFJORD,10,Vest-Agder,58.2074,6.63505,1,Svenskegrensen til Jæren,
33,2013,11857,Buksevika,rensefisk,,,1691,Berggylt,617,deler av lokaliteten,1004,FLEKKEFJORD,10,Vest-Agder,58.2074,6.63505,1,Svenskegrensen til Jæren,
33,2013,11076,Digermulen,rensefisk,,,1693,Bergnebb,43400,hele lokaliteten,1836,RØDØY,18,Nordland,66.67667,13.31555,8,Helgeland til Bodø,
33,2013,32197,Dryna,rensefisk,,,1691,Berggylt,179,deler av lokaliteten,1545,MIDSUND,15,Møre og Romsdal,62.6444,6.5568,5,Stadt til Hustadvika,
33,2013,13412,Dypeidet,medikamentell,badebehandling,Deltamethrin,,,,hele lokaliteten,1868,ØKSNES,18,Nordland,68.828964,14.7734,9,Vestfjorden og Vesterålen,
33,2013,13711,Dyvika,rensefisk,,,1691,Berggylt,260,deler av lokaliteten,1428,ASKVOLL,14,Sogn og Fjordane,61.478584,5.375967,4,Nordhordaland til Stadt,
33,2013,14041,Edøya,rensefisk,,,1693,Bergnebb,36346,deler av lokaliteten,1617,HITRA,16,Sør-Trøndelag,63.65835,8.694417,6,Nordmøre og Sør-Trøndelag,
33,2013,24575,Farmannsøya,rensefisk,,,1693,Bergnebb,7822,deler av lokaliteten,1632,ROAN,16,Sør-Trøndelag,64.18636,10.1201,6,Nordmøre og Sør-Trøndelag,
33,2013,11833,Flåtegrunnen,rensefisk,,,1694,Grøngylt,6067,deler av lokaliteten,1401,FLORA,14,Sogn og Fjordane,61.57615,4.807333,4,Nordhordaland til Stadt,
33,2013,11833,Flåtegrunnen,rensefisk,,,1691,Berggylt,924,deler av lokaliteten,1401,FLORA,14,Sogn og Fjordane,61.57615,4.807333,4,Nordhordaland til Stadt,
33,2013,19115,Fugløya S,medikamentell,badebehandling,Azamethiphos,,,,hele lokaliteten,1613,SNILLFJORD,16,Sør-Trøndelag,63.460682,9.1444,6,Nordmøre og Sør-Trøndelag,
33,2013,19115,Fugløya S,medikamentell,badebehandling,Deltamethrin,,,,hele lokaliteten,1613,SNILLFJORD,16,Sør-Trøndelag,63.460682,9.1444,6,Nordmøre og Sør-Trøndelag,
33,2013,13669,Furneset,rensefisk,,,1691,Berggylt,27,deler av lokaliteten,1535,VESTNES,15,Møre og Romsdal,62.6461,7.101183,5,Stadt til Hustadvika,
33,2013,13058,Fusavika,rensefisk,,,1694,Grøngylt,1506,hele lokaliteten,1241,FUSA,12,Hordaland,60.207634,5.613817,3,Karmøy til Sotra,
33,2013,11667,Gardskråneset,rensefisk,,,1694,Grøngylt,4250,hele lokaliteten,1259,ØYGARDEN,12,Hordaland,60.53972,4.903867,4,Nordhordaland til Stadt,
33,2013,11667,Gardskråneset,rensefisk,,,1693,Bergnebb,2000,hele lokaliteten,1259,ØYGARDEN,12,Hordaland,60.53972,4.903867,4,Nordhordaland til Stadt,
33,2013,10324,Gjerdeviksflua,rensefisk,,,1694,Grøngylt,3036,deler av lokaliteten,1241,FUSA,12,Hordaland,60.223083,5.641167,3,Karmøy til Sotra,
33,2013,13852,Gjermundnes,rensefisk,,,1691,Berggylt,206,hele lokaliteten,1535,VESTNES,15,Møre og Romsdal,62.6275,7.192817,5,Stadt til Hustadvika,
33,2013,13852,Gjermundnes,rensefisk,,,1694,Grøngylt,692,hele lokaliteten,1535,VESTNES,15,Møre og Romsdal,62.6275,7.192817,5,Stadt til Hustadvika,
33,2013,32037,Grasholman,rensefisk,,,1693,Bergnebb,724,deler av lokaliteten,1834,LURØY,18,Nordland,66.34873,12.779417,8,Helgeland til Bodø,
33,2013,18639,Halsavika,rensefisk,,,1694,Grøngylt,3559,hele lokaliteten,1146,TYSVÆR,11,Rogaland,59.39232,5.883333,2,Ryfylke,
33,2013,18639,Halsavika,rensefisk,,,1691,Berggylt,892,hele lokaliteten,1146,TYSVÆR,11,Rogaland,59.39232,5.883333,2,Ryfylke,
33,2013,30897,Havsundet,rensefisk,,,1694,Grøngylt,723,hele lokaliteten,1627,BJUGN,16,Sør-Trøndelag,63.799534,9.440667,6,Nordmøre og Sør-Trøndelag,
33,2013,30897,Havsundet,rensefisk,,,1693,Bergnebb,8190,hele lokaliteten,1627,BJUGN,16,Sør-Trøndelag,63.799534,9.440667,6,Nordmøre og Sør-Trøndelag,
33,2013,30897,Havsundet,rensefisk,,,1691,Berggylt,62,hele lokaliteten,1627,BJUGN,16,Sør-Trøndelag,63.799534,9.440667,6,Nordmøre og Sør-Trøndelag,
33,2013,10425,Heggvika,medikamentell,badebehandling,Azamethiphos,,,,hele lokaliteten,1811,BINDAL,18,Nordland,65.12658,12.071983,7,Nord-Trøndelag med Bindal,
33,2013,10425,Heggvika,medikamentell,badebehandling,Deltamethrin,,,,hele lokaliteten,1811,BINDAL,18,Nordland,65.12658,12.071983,7,Nord-Trøndelag med Bindal,
33,2013,10425,Heggvika,medikamentell,fôrbehandling,Emamectin benzoat,,,,deler av lokaliteten,1811,BINDAL,18,Nordland,65.12658,12.071983,7,Nord-Trøndelag med Bindal,
33,2013,10194,Hellaren,medikamentell,badebehandling,Deltamethrin,,,,hele lokaliteten,1545,MIDSUND,15,Møre og Romsdal,62.73575,6.744933,5,Stadt til Hustadvika,
33,2013,12590,Helligholmen,ikke-medikamentell,,,,,,deler av lokaliteten,1750,VIKNA,17,Nord-Trøndelag,64.83839,10.665517,7,Nord-Trøndelag med Bindal,
33,2013,14136,Hestholmen Ø,rensefisk,,,1691,Berggylt,850,deler av lokaliteten,1144,KVITSØY,11,Rogaland,59.061565,5.445683,2,Ryfylke,
33,2013,10300,Hillersvik,rensefisk,,,1691,Berggylt,50000,hele lokaliteten,1216,SVEIO,12,Hordaland,59.6084,5.311917,3,Karmøy til Sotra,
33,2013,10410,Hindholmen,medikamentell,badebehandling,Azamethiphos,,,,hele lokaliteten,1751,NÆRØY,17,Nord-Trøndelag,64.77393,11.44087,7,Nord-Trøndelag med Bindal,
33,2013,10410,Hindholmen,medikamentell,badebehandling,Deltamethrin,,,,hele lokaliteten,1751,NÆRØY,17,Nord-Trøndelag,64.77393,11.44087,7,Nord-Trøndelag med Bindal,
33,2013,17176,Holandselv,medikamentell,badebehandling,Cypermethrin,,,,hele lokaliteten,1911,KVÆFJORD,19,Troms,68.69912,15.978933,10,Andøya til Senja,
33,2013,12224,Isane,rensefisk,,,1694,Grøngylt,700,hele lokaliteten,1438,BREMANGER,14,Sogn og Fjordane,61.876534,5.722767,4,Nordhordaland til Stadt,
33,2013,12224,Isane,rensefisk,,,1691,Berggylt,600,hele lokaliteten,1438,BREMANGER,14,Sogn og Fjordane,61.876534,5.722767,4,Nordhordaland til Stadt,
33,2013,19977,Jektholmen,rensefisk,,,1693,Bergnebb,8707,hele lokaliteten,1630,ÅFJORD,16,Sør-Trøndelag,63.99495,9.928317,6,Nordmøre og Sør-Trøndelag,
33,2013,13242,Juvika B,rensefisk,,,1694,Grøngylt,656,deler av lokaliteten,1438,BREMANGER,14,Sogn og Fjordane,61.895683,5.6331,4,Nordhordaland til Stadt,
33,2013,13242,Juvika B,rensefisk,,,1691,Berggylt,950,deler av lokaliteten,1438,BREMANGER,14,Sogn og Fjordane,61.895683,5.6331,4,Nordhordaland til Stadt,
33,2013,31517,Kamholmen,rensefisk,,,1694,Grøngylt,2300,hele lokaliteten,1620,FRØYA,16,Sør-Trøndelag,63.762417,8.882933,6,Nordmøre og Sør-Trøndelag,
33,2013,31517,Kamholmen,rensefisk,,,1691,Berggylt,985,hele lokaliteten,1620,FRØYA,16,Sør-Trøndelag,63.762417,8.882933,6,Nordmøre og Sør-Trøndelag,
33,2013,14042,Kattholmen,rensefisk,,,1691,Berggylt,12,deler av lokaliteten,1620,FRØYA,16,Sør-Trøndelag,63.870968,8.679017,6,Nordmøre og Sør-Trøndelag,
33,2013,14042,Kattholmen,rensefisk,,,1693,Bergnebb,470,deler av lokaliteten,1620,FRØYA,16,Sør-Trøndelag,63.870968,8.679017,6,Nordmøre og Sør-Trøndelag,
33,2013,31477,Kilavågen Sjø,medikamentell,badebehandling,Deltamethrin,,,,deler av lokaliteten,1134,SULDAL,11,Rogaland,59.318,6.287483,2,Ryfylke,
33,2013,10409,Kjelneset,medikamentell,badebehandling,Azamethiphos,,,,deler av lokaliteten,1748,FOSNES,17,Nord-Trøndelag,64.64395,11.388328,7,Nord-Trøndelag med Bindal,
33,2013,10409,Kjelneset,medikamentell,badebehandling,Deltamethrin,,,,deler av lokaliteten,1748,FOSNES,17,Nord-Trøndelag,64.64395,11.388328,7,Nord-Trøndelag med Bindal,
33,2013,24455,Klavelandet,medikamentell,badebehandling,Deltamethrin,,,,hele lokaliteten,1401,FLORA,14,Sogn og Fjordane,61.60395,5.186533,4,Nordhordaland til Stadt,
33,2013,18755,Klungset,rensefisk,,,2221,Rognkjeks (felles),24582,deler av lokaliteten,1751,NÆRØY,17,Nord-Trøndelag,64.74997,11.394183,7,Nord-Trøndelag med Bindal,
33,2013,18755,Klungset,rensefisk,,,1693,Bergnebb,26269,deler av lokaliteten,1751,NÆRØY,17,Nord-Trøndelag,64.74997,11.394183,7,Nord-Trøndelag med Bindal,
33,2013,11763,Knappen,rensefisk,,,1691,Berggylt,8000,deler av lokaliteten,1259,ØYGARDEN,12,Hordaland,60.5735,4.818517,4,Nordhordaland til Stadt,
33,2013,12239,Kråknes,rensefisk,,,1694,Grøngylt,5253,deler av lokaliteten,1547,AUKRA,15,Møre og Romsdal,62.8316,6.962767,5,Stadt til Hustadvika,
33,2013,12239,Kråknes,rensefisk,,,1691,Berggylt,2211,deler av lokaliteten,1547,AUKRA,15,Møre og Romsdal,62.8316,6.962767,5,Stadt til Hustadvika,
33,2013,14040,Krigsholmen,rensefisk,,,1694,Grøngylt,1000,hele lokaliteten,1244,AUSTEVOLL,12,Hordaland,60.081383,5.124117,3,Karmøy til Sotra,
33,2013,14040,Krigsholmen,rensefisk,,,1691,Berggylt,500,hele lokaliteten,1244,AUSTEVOLL,12,Hordaland,60.081383,5.124117,3,Karmøy til Sotra,
33,2013,11633,Krossholmen,rensefisk,,,1694,Grøngylt,10842,deler av lokaliteten,1219,BØMLO,12,Hordaland,59.7879,5.100533,3,Karmøy til Sotra,
33,2013,11633,Krossholmen,rensefisk,,,1691,Berggylt,1538,deler av lokaliteten,1219,BØMLO,12,Hordaland,59.7879,5.100533,3,Karmøy til Sotra,
33,2013,11074,Kvalvika,rensefisk,,,1693,Bergnebb,3500,deler av lokaliteten,1836,RØDØY,18,Nordland,66.66865,13.38875,8,Helgeland til Bodø,
33,2013,20595,Kyrholmen S,rensefisk,,,1693,Bergnebb,1014,deler av lokaliteten,1244,AUSTEVOLL,12,Hordaland,60.162018,5.205567,3,Karmøy til Sotra,
33,2013,20595,Kyrholmen S,rensefisk,,,1694,Grøngylt,621,deler av lokaliteten,1244,AUSTEVOLL,12,Hordaland,60.162018,5.205567,3,Karmøy til Sotra,
33,2013,30076,Kyrøyene,rensefisk,,,1693,Bergnebb,5875,deler av lokaliteten,1750,VIKNA,17,Nord-Trøndelag,64.7635,10.807333,7,Nord-Trøndelag med Bindal,
33,2013,11928,Langavika,rensefisk,,,1694,Grøngylt,3132,deler av lokaliteten,1133,HJELMELAND,11,Rogaland,59.232067,6.008317,2,Ryfylke,
33,2013,11928,Langavika,rensefisk,,,1691,Berggylt,1097,deler av lokaliteten,1133,HJELMELAND,11,Rogaland,59.232067,6.008317,2,Ryfylke,
33,2013,26295,Langøy,rensefisk,,,1694,Grøngylt,2300,deler av lokaliteten,1263,LINDÅS,12,Hordaland,60.77775,5.1589,4,Nordhordaland til Stadt,
33,2013,13055,Langøyna Ø,medikamentell,badebehandling,Deltamethrin,,,,hele lokaliteten,1146,TYSVÆR,11,Rogaland,59.2983,5.713333,2,Ryfylke,
33,2013,20559,Langskjæra,rensefisk,,,1693,Bergnebb,17769,deler av lokaliteten,1620,FRØYA,16,Sør-Trøndelag,63.8225,8.75505,6,Nordmøre og Sør-Trøndelag,
33,2013,11438,Lauplandsholmen,rensefisk,,,1694,Grøngylt,3170,deler av lokaliteten,1145,BOKN,11,Rogaland,59.179733,5.472633,2,Ryfylke,
33,2013,12392,Lille Torsøy,rensefisk,,,1693,Bergnebb,12051,deler av lokaliteten,1617,HITRA,16,Sør-Trøndelag,63.605633,8.48855,6,Nordmøre og Sør-Trøndelag,
33,2013,14039,Litle Lunnøy,rensefisk,,,1694,Grøngylt,1000,hele lokaliteten,1244,AUSTEVOLL,12,Hordaland,60.0199,5.16775,3,Karmøy til Sotra,
33,2013,14039,Litle Lunnøy,rensefisk,,,1691,Berggylt,500,hele lokaliteten,1244,AUSTEVOLL,12,Hordaland,60.0199,5.16775,3,Karmøy til Sotra,
33,2013,14435,Ljøsøy N,medikamentell,fôrbehandling,Diflubenzuron,,,,deler av lokaliteten,1259,ØYGARDEN,12,Hordaland,60.565216,4.878433,4,Nordhordaland til Stadt,
33,2013,14435,Ljøsøy N,rensefisk,,,1694,Grøngylt,5180,hele lokaliteten,1259,ØYGARDEN,12,Hordaland,60.565216,4.878433,4,Nordhordaland til Stadt,
33,2013,14435,Ljøsøy N,rensefisk,,,1693,Bergnebb,3000,hele lokaliteten,1259,ØYGARDEN,12,Hordaland,60.565216,4.878433,4,Nordhordaland til Stadt,
33,2013,10232,Mannbruholmen,rensefisk,,,2221,Rognkjeks (felles),20630,deler av lokaliteten,1620,FRØYA,16,Sør-Trøndelag,63.847267,8.536083,6,Nordmøre og Sør-Trøndelag,
33,2013,10232,Mannbruholmen,rensefisk,,,1693,Bergnebb,703,deler av lokaliteten,1620,FRØYA,16,Sør-Trøndelag,63.847267,8.536083,6,Nordmøre og Sør-Trøndelag,
33,2013,13541,Midtflua,rensefisk,,,1694,Grøngylt,3425,deler av lokaliteten,1223,TYSNES,12,Hordaland,60.076267,5.466533,3,Karmøy til Sotra,
33,2013,13541,Midtflua,rensefisk,,,1691,Berggylt,200,deler av lokaliteten,1223,TYSNES,12,Hordaland,60.076267,5.466533,3,Karmøy til Sotra,
33,2013,12047,Mjåneset,medikamentell,badebehandling,Azamethiphos,,,,hele lokaliteten,1241,FUSA,12,Hordaland,60.176,5.7244,3,Karmøy til Sotra,
33,2013,12047,Mjåneset,medikamentell,badebehandling,Deltamethrin,,,,hele lokaliteten,1241,FUSA,12,Hordaland,60.176,5.7244,3,Karmøy til Sotra,
33,2013,12047,Mjåneset,medikamentell,fôrbehandling,Emamectin benzoat,,,,hele lokaliteten,1241,FUSA,12,Hordaland,60.176,5.7244,3,Karmøy til Sotra,
33,2013,11772,Moldøyosen,rensefisk,,,1694,Grøngylt,1975,deler av lokaliteten,1265,FEDJE,12,Hordaland,60.789734,4.700983,4,Nordhordaland til Stadt,
33,2013,11772,Moldøyosen,rensefisk,,,1693,Bergnebb,404,deler av lokaliteten,1265,FEDJE,12,Hordaland,60.789734,4.700983,4,Nordhordaland til Stadt,
33,2013,11772,Moldøyosen,rensefisk,,,1691,Berggylt,173,deler av lokaliteten,1265,FEDJE,12,Hordaland,60.789734,4.700983,4,Nordhordaland til Stadt,
33,2013,11611,Naveide,rensefisk,,,1691,Berggylt,91,deler av lokaliteten,1244,AUSTEVOLL,12,Hordaland,60.13907,5.112783,3,Karmøy til Sotra,
33,2013,11611,Naveide,rensefisk,,,1694,Grøngylt,2001,deler av lokaliteten,1244,AUSTEVOLL,12,Hordaland,60.13907,5.112783,3,Karmøy til Sotra,
33,2013,26315,Nordgjæslingan,rensefisk,,,1693,Bergnebb,15623,deler av lokaliteten,1750,VIKNA,17,Nord-Trøndelag,64.7659,10.9128,7,Nord-Trøndelag med Bindal,
33,2013,15403,Olderøy,rensefisk,,,1694,Grøngylt,8900,deler av lokaliteten,1412,SOLUND,14,Sogn og Fjordane,61.103283,4.712233,4,Nordhordaland til Stadt,
33,2013,15403,Olderøy,rensefisk,,,1693,Bergnebb,4300,deler av lokaliteten,1412,SOLUND,14,Sogn og Fjordane,61.103283,4.712233,4,Nordhordaland til Stadt,
33,2013,11088,Ørnstolen,medikamentell,badebehandling,Hydrogenperoksid,,,,hele lokaliteten,1836,RØDØY,18,Nordland,66.584,13.003933,8,Helgeland til Bodø,
33,2013,13345,Oterstegdalen,rensefisk,,,1694,Grøngylt,4799,hele lokaliteten,1241,FUSA,12,Hordaland,60.23545,5.638267,3,Karmøy til Sotra,
33,2013,13345,Oterstegdalen,rensefisk,,,1691,Berggylt,42,hele lokaliteten,1241,FUSA,12,Hordaland,60.23545,5.638267,3,Karmøy til Sotra,
33,2013,11738,Otterholmen,medikamentell,badebehandling,Azamethiphos,,,,hele lokaliteten,1260,RADØY,12,Hordaland,60.68693,4.907933,4,Nordhordaland til Stadt,
33,2013,11738,Otterholmen,medikamentell,badebehandling,Azamethiphos,,,,hele lokaliteten,1260,RADØY,12,Hordaland,60.68693,4.907933,4,Nordhordaland til Stadt,
33,2013,11854,Pinnen,rensefisk,,,169520,Rødnebb,178,deler av lokaliteten,1004,FLEKKEFJORD,10,Vest-Agder,58.225533,6.682717,1,Svenskegrensen til Jæren,
33,2013,11854,Pinnen,rensefisk,,,1694,Grøngylt,2438,deler av lokaliteten,1004,FLEKKEFJORD,10,Vest-Agder,58.225533,6.682717,1,Svenskegrensen til Jæren,
33,2013,11854,Pinnen,rensefisk,,,1691,Berggylt,1298,deler av lokaliteten,1004,FLEKKEFJORD,10,Vest-Agder,58.225533,6.682717,1,Svenskegrensen til Jæren,
33,2013,10149,Rafdal,rensefisk,,,1694,Grøngylt,2163,hele lokaliteten,1211,ETNE,12,Hordaland,59.790916,6.176567,3,Karmøy til Sotra,
33,2013,10149,Rafdal,rensefisk,,,1693,Bergnebb,4887,hele lokaliteten,1211,ETNE,12,Hordaland,59.790916,6.176567,3,Karmøy til Sotra,
33,2013,10149,Rafdal,rensefisk,,,1692,Annen leppefisk,2680,hele lokaliteten,1211,ETNE,12,Hordaland,59.790916,6.176567,3,Karmøy til Sotra,
33,2013,12366,Raskjæret,rensefisk,,,1693,Bergnebb,9757,hele lokaliteten,1620,FRØYA,16,Sør-Trøndelag,63.7934,8.851846,6,Nordmøre og Sør-Trøndelag,
33,2013,31959,Rataren II,rensefisk,,,1693,Bergnebb,1790,deler av lokaliteten,1620,FRØYA,16,Sør-Trøndelag,63.782383,8.526367,6,Nordmøre og Sør-Trøndelag,
33,2013,30817,Raudøya,rensefisk,,,1693,Bergnebb,7764,hele lokaliteten,1633,OSEN,16,Sør-Trøndelag,64.3646,10.439133,6,Nordmøre og Sør-Trøndelag,
33,2013,31777,Reinvika,medikamentell,badebehandling,Deltamethrin,,,,hele lokaliteten,1845,SØRFOLD,18,Nordland,67.60568,15.368483,9,Vestfjorden og Vesterålen,
33,2013,31777,Reinvika,ikke-medikamentell,,,,,,hele lokaliteten,1845,SØRFOLD,18,Nordland,67.60568,15.368483,9,Vestfjorden og Vesterålen,
33,2013,29896,Renndalen,rensefisk,,,1694,Grøngylt,463,deler av lokaliteten,1571,HALSA,15,Møre og Romsdal,63.176167,8.616817,6,Nordmøre og Sør-Trøndelag,
33,2013,29896,Renndalen,rensefisk,,,1693,Bergnebb,25247,deler av lokaliteten,1571,HALSA,15,Møre og Romsdal,63.176167,8.616817,6,Nordmøre og Sør-Trøndelag,
33,2013,12281,Rogne,rensefisk,,,1694,Grøngylt,6349,hele lokaliteten,1534,HARAM,15,Møre og Romsdal,62.667816,6.357217,5,Stadt til Hustadvika,
33,2013,12281,Rogne,rensefisk,,,1693,Bergnebb,3500,hele lokaliteten,1534,HARAM,15,Møre og Romsdal,62.667816,6.357217,5,Stadt til Hustadvika,
33,2013,29276,Rongøy,rensefisk,,,1693,Bergnebb,6118,deler av lokaliteten,1259,ØYGARDEN,12,Hordaland,60.509468,4.9314,4,Nordhordaland til Stadt,
33,2013,12209,Rønstad,rensefisk,,,1693,Bergnebb,5330,deler av lokaliteten,1519,VOLDA,15,Møre og Romsdal,62.135117,6.021433,5,Stadt til Hustadvika,
33,2013,11770,Rotøy,rensefisk,,,1691,Berggylt,4000,hele lokaliteten,1259,ØYGARDEN,12,Hordaland,60.6826,4.759533,4,Nordhordaland til Stadt,
33,2013,13887,Røytholmen Ø,rensefisk,,,1694,Grøngylt,5751,deler av lokaliteten,1617,HITRA,16,Sør-Trøndelag,63.6177,9.130033,6,Nordmøre og Sør-Trøndelag,
33,2013,13887,Røytholmen Ø,rensefisk,,,1691,Berggylt,82,deler av lokaliteten,1617,HITRA,16,Sør-Trøndelag,63.6177,9.130033,6,Nordmøre og Sør-Trøndelag,
33,2013,13612,Rundereimstranda,rensefisk,,,1694,Grøngylt,1802,hele lokaliteten,1441,SELJE,14,Sogn og Fjordane,62.009968,5.331917,4,Nordhordaland til Stadt,
33,2013,13612,Rundereimstranda,rensefisk,,,1692,Annen leppefisk,87,hele lokaliteten,1441,SELJE,14,Sogn og Fjordane,62.009968,5.331917,4,Nordhordaland til Stadt,
33,2013,13612,Rundereimstranda,rensefisk,,,1691,Berggylt,1002,hele lokaliteten,1441,SELJE,14,Sogn og Fjordane,62.009968,5.331917,4,Nordhordaland til Stadt,
33,2013,13249,Sagelva,rensefisk,,,1694,Grøngylt,1207,deler av lokaliteten,1520,ØRSTA,15,Møre og Romsdal,62.33795,6.38165,5,Stadt til Hustadvika,
33,2013,13249,Sagelva,rensefisk,,,1693,Bergnebb,4225,deler av lokaliteten,1520,ØRSTA,15,Møre og Romsdal,62.33795,6.38165,5,Stadt til Hustadvika,
33,2013,11758,Sauøy Ø,rensefisk,,,1693,Bergnebb,1501,deler av lokaliteten,1259,ØYGARDEN,12,Hordaland,60.592335,4.857833,4,Nordhordaland til Stadt,
33,2013,11758,Sauøy Ø,rensefisk,,,1691,Berggylt,190,deler av lokaliteten,1259,ØYGARDEN,12,Hordaland,60.592335,4.857833,4,Nordhordaland til Stadt,
33,2013,12244,Setevika,rensefisk,,,1694,Grøngylt,9169,deler av lokaliteten,1545,MIDSUND,15,Møre og Romsdal,62.728065,6.939283,5,Stadt til Hustadvika,
33,2013,33017,Setevika Nord,rensefisk,,,1691,Berggylt,228,deler av lokaliteten,1545,MIDSUND,15,Møre og Romsdal,62.73835,6.937667,5,Stadt til Hustadvika,
33,2013,28256,Skår,rensefisk,,,1692,Annen leppefisk,417,deler av lokaliteten,1223,TYSNES,12,Hordaland,59.8994,5.532767,3,Karmøy til Sotra,
33,2013,28256,Skår,rensefisk,,,1691,Berggylt,92,deler av lokaliteten,1223,TYSNES,12,Hordaland,59.8994,5.532767,3,Karmøy til Sotra,
33,2013,28256,Skår,rensefisk,,,1694,Grøngylt,1339,deler av lokaliteten,1223,TYSNES,12,Hordaland,59.8994,5.532767,3,Karmøy til Sotra,
33,2013,10327,Skiftesneset S,rensefisk,,,1694,Grøngylt,5300,deler av lokaliteten,1241,FUSA,12,Hordaland,60.066666,5.7434,3,Karmøy til Sotra,
33,2013,10327,Skiftesneset S,rensefisk,,,1692,Annen leppefisk,2300,deler av lokaliteten,1241,FUSA,12,Hordaland,60.066666,5.7434,3,Karmøy til Sotra,
33,2013,20115,Skjerholmen N.,rensefisk,,,1692,Annen leppefisk,1290,deler av lokaliteten,1245,SUND,12,Hordaland,60.2496,5.174017,3,Karmøy til Sotra,
33,2013,20115,Skjerholmen N.,rensefisk,,,1694,Grøngylt,2850,deler av lokaliteten,1245,SUND,12,Hordaland,60.2496,5.174017,3,Karmøy til Sotra,
33,2013,20115,Skjerholmen N.,rensefisk,,,1691,Berggylt,479,deler av lokaliteten,1245,SUND,12,Hordaland,60.2496,5.174017,3,Karmøy til Sotra,
33,2013,11640,Skorpeosen,rensefisk,,,1691,Berggylt,940,deler av lokaliteten,1246,FJELL,12,Hordaland,60.332535,4.942783,3,Karmøy til Sotra,
33,2013,25896,Skorpo,rensefisk,,,1694,Grøngylt,8221,deler av lokaliteten,1223,TYSNES,12,Hordaland,59.8771,5.637667,3,Karmøy til Sotra,
33,2013,25896,Skorpo,rensefisk,,,1691,Berggylt,1384,deler av lokaliteten,1223,TYSNES,12,Hordaland,59.8771,5.637667,3,Karmøy til Sotra,
33,2013,12108,Skorpo Nv,rensefisk,,,1691,Berggylt,191,deler av lokaliteten,1224,KVINNHERAD,12,Hordaland,59.950382,5.820483,3,Karmøy til Sotra,
33,2013,12108,Skorpo Nv,rensefisk,,,1694,Grøngylt,7894,deler av lokaliteten,1224,KVINNHERAD,12,Hordaland,59.950382,5.820483,3,Karmøy til Sotra,
33,2013,30997,Skrubbholmen,rensefisk,,,1693,Bergnebb,27709,deler av lokaliteten,1751,NÆRØY,17,Nord-Trøndelag,64.801735,11.162183,7,Nord-Trøndelag med Bindal,
33,2013,28096,Slåttenes,rensefisk,,,1694,Grøngylt,1840,deler av lokaliteten,1224,KVINNHERAD,12,Hordaland,59.83222,5.984267,3,Karmøy til Sotra,
33,2013,22335,Storvika,medikamentell,badebehandling,Deltamethrin,,,,deler av lokaliteten,1548,FRÆNA,15,Møre og Romsdal,62.802166,6.981267,5,Stadt til Hustadvika,
33,2013,10545,Sylsnes,medikamentell,badebehandling,Deltamethrin,,,,hele lokaliteten,1928,TORSKEN,19,Troms,69.335266,17.076218,10,Andøya til Senja,
33,2013,13196,Syltøy,rensefisk,,,1694,Grøngylt,1871,deler av lokaliteten,1245,SUND,12,Hordaland,60.304,4.966767,3,Karmøy til Sotra,
33,2013,25815,Tittelsnes,rensefisk,,,1694,Grøngylt,2000,deler av lokaliteten,1216,SVEIO,12,Hordaland,59.723484,5.533483,3,Karmøy til Sotra,
33,2013,29336,Trælsøyosen,rensefisk,,,1694,Grøngylt,2091,deler av lokaliteten,1244,AUSTEVOLL,12,Hordaland,60.1178,5.2702,3,Karmøy til Sotra,
33,2013,29336,Trælsøyosen,rensefisk,,,1692,Annen leppefisk,5017,deler av lokaliteten,1244,AUSTEVOLL,12,Hordaland,60.1178,5.2702,3,Karmøy til Sotra,
33,2013,29336,Trælsøyosen,rensefisk,,,1691,Berggylt,924,deler av lokaliteten,1244,AUSTEVOLL,12,Hordaland,60.1178,5.2702,3,Karmøy til Sotra,
33,2013,32857,Trettholmosen,rensefisk,,,1694,Grøngylt,3400,deler av lokaliteten,1219,BØMLO,12,Hordaland,59.832535,5.07925,3,Karmøy til Sotra,
33,2013,32857,Trettholmosen,rensefisk,,,1691,Berggylt,200,deler av lokaliteten,1219,BØMLO,12,Hordaland,59.832535,5.07925,3,Karmøy til Sotra,
33,2013,30560,Tristeinen,rensefisk,,,1693,Bergnebb,130,deler av lokaliteten,1627,BJUGN,16,Sør-Trøndelag,63.86895,9.6204,6,Nordmøre og Sør-Trøndelag,
33,2013,13562,Uføro,rensefisk,,,1692,Annen leppefisk,9000,hele lokaliteten,1221,STORD,12,Hordaland,59.877434,5.52725,3,Karmøy til Sotra,
33,2013,13570,Ulværholmen,rensefisk,,,1691,Berggylt,1028,deler av lokaliteten,1617,HITRA,16,Sør-Trøndelag,63.598217,9.116583,6,Nordmøre og Sør-Trøndelag,
33,2013,13570,Ulværholmen,rensefisk,,,1694,Grøngylt,2854,deler av lokaliteten,1617,HITRA,16,Sør-Trøndelag,63.598217,9.116583,6,Nordmøre og Sør-Trøndelag,
33,2013,24197,Værøya Ø,rensefisk,,,1693,Bergnebb,49250,hele lokaliteten,1617,HITRA,16,Sør-Trøndelag,63.415833,8.479333,6,Nordmøre og Sør-Trøndelag,
33,2013,11315,Vinkfjorden,medikamentell,fôrbehandling,Emamectin benzoat,,,,deler av lokaliteten,1848,STEIGEN,18,Nordland,67.72638,15.37989,9,Vestfjorden og Vesterålen,
32,2013,11756,Allersholmen,medikamentell,badebehandling,Azamethiphos,,,,hele lokaliteten,1264,AUSTRHEIM,12,Hordaland,60.77465,4.8536,4,Nordhordaland til Stadt,
32,2013,11756,Allersholmen,medikamentell,badebehandling,Azamethiphos,,,,hele lokaliteten,1264,AUSTRHEIM,12,Hordaland,60.77465,4.8536,4,Nordhordaland til Stadt,
32,2013,10319,Ålvora,medikamentell,badebehandling,Deltamethrin,,,,hele lokaliteten,1401,FLORA,14,Sogn og Fjordane,61.584034,5.133633,4,Nordhordaland til Stadt,
32,2013,30156,Anevik,medikamentell,fôrbehandling,Emamectin benzoat,,,,hele lokaliteten,1848,STEIGEN,18,Nordland,68.00592,15.264333,9,Vestfjorden og Vesterålen,
32,2013,26795,Austvika,rensefisk,,,1694,Grøngylt,13,hele lokaliteten,1749,FLATANGER,17,Nord-Trøndelag,64.41853,10.696033,7,Nord-Trøndelag med Bindal,
32,2013,26795,Austvika,rensefisk,,,1693,Bergnebb,1602,hele lokaliteten,1749,FLATANGER,17,Nord-Trøndelag,64.41853,10.696033,7,Nord-Trøndelag med Bindal,
32,2013,13341,Bakjestranda,rensefisk,,,1692,Annen leppefisk,500,deler av lokaliteten,1438,BREMANGER,14,Sogn og Fjordane,61.81885,4.940267,4,Nordhordaland til Stadt,
32,2013,31877,Barøya,medikamentell,badebehandling,Azamethiphos,,,,deler av lokaliteten,1703,NAMSOS,17,Nord-Trøndelag,64.6206,11.233183,7,Nord-Trøndelag med Bindal,
32,2013,31877,Barøya,medikamentell,badebehandling,Deltamethrin,,,,deler av lokaliteten,1703,NAMSOS,17,Nord-Trøndelag,64.6206,11.233183,7,Nord-Trøndelag med Bindal,
32,2013,13845,Beitveit,rensefisk,,,1691,Berggylt,6100,deler av lokaliteten,1441,SELJE,14,Sogn og Fjordane,62.141216,5.32675,5,Stadt til Hustadvika,
32,2013,15796,Borgarliflot,rensefisk,,,1692,Annen leppefisk,3000,hele lokaliteten,1134,SULDAL,11,Rogaland,59.388035,5.929283,2,Ryfylke,
32,2013,15621,Breivika,medikamentell,badebehandling,Hydrogenperoksid,,,,hele lokaliteten,1836,RØDØY,18,Nordland,66.58036,13.015637,8,Helgeland til Bodø,
32,2013,12466,Brettingen,medikamentell,badebehandling,Azamethiphos,,,,hele lokaliteten,1573,SMØLA,15,Møre og Romsdal,63.3582,8.237267,6,Nordmøre og Sør-Trøndelag,
32,2013,12466,Brettingen,medikamentell,badebehandling,Deltamethrin,,,,hele lokaliteten,1573,SMØLA,15,Møre og Romsdal,63.3582,8.237267,6,Nordmøre og Sør-Trøndelag,
32,2013,12237,Brudevika,rensefisk,,,1694,Grøngylt,1171,hele lokaliteten,1511,VANYLVEN,15,Møre og Romsdal,62.116566,5.420717,5,Stadt til Hustadvika,
32,2013,12237,Brudevika,rensefisk,,,1691,Berggylt,1265,hele lokaliteten,1511,VANYLVEN,15,Møre og Romsdal,62.116566,5.420717,5,Stadt til Hustadvika,
32,2013,13841,Brunsvik,rensefisk,,,1693,Bergnebb,8456,deler av lokaliteten,1439,VÅGSØY,14,Sogn og Fjordane,61.910183,5.29085,4,Nordhordaland til Stadt,
32,2013,13841,Brunsvik,rensefisk,,,1691,Berggylt,89,deler av lokaliteten,1439,VÅGSØY,14,Sogn og Fjordane,61.910183,5.29085,4,Nordhordaland til Stadt,
32,2013,11543,Buholmen Ø,rensefisk,,,1691,Berggylt,76,deler av lokaliteten,1244,AUSTEVOLL,12,Hordaland,60.0216,5.07985,3,Karmøy til Sotra,
32,2013,11543,Buholmen Ø,rensefisk,,,1692,Annen leppefisk,219,deler av lokaliteten,1244,AUSTEVOLL,12,Hordaland,60.0216,5.07985,3,Karmøy til Sotra,
32,2013,11543,Buholmen Ø,rensefisk,,,1693,Bergnebb,261,deler av lokaliteten,1244,AUSTEVOLL,12,Hordaland,60.0216,5.07985,3,Karmøy til Sotra,
32,2013,11857,Buksevika,rensefisk,,,1694,Grøngylt,977,deler av lokaliteten,1004,FLEKKEFJORD,10,Vest-Agder,58.2074,6.63505,1,Svenskegrensen til Jæren,
32,2013,11857,Buksevika,rensefisk,,,1691,Berggylt,257,deler av lokaliteten,1004,FLEKKEFJORD,10,Vest-Agder,58.2074,6.63505,1,Svenskegrensen til Jæren,
32,2013,11076,Digermulen,rensefisk,,,1693,Bergnebb,8000,deler av lokaliteten,1836,RØDØY,18,Nordland,66.67667,13.31555,8,Helgeland til Bodø,
32,2013,32197,Dryna,rensefisk,,,1691,Berggylt,1505,deler av lokaliteten,1545,MIDSUND,15,Møre og Romsdal,62.6444,6.5568,5,Stadt til Hustadvika,
32,2013,32197,Dryna,rensefisk,,,1693,Bergnebb,3726,deler av lokaliteten,1545,MIDSUND,15,Møre og Romsdal,62.6444,6.5568,5,Stadt til Hustadvika,
32,2013,11644,Duesund,rensefisk,,,1692,Annen leppefisk,10000,hele lokaliteten,1266,MASFJORDEN,12,Hordaland,60.809,5.295667,4,Nordhordaland til Stadt,
32,2013,14041,Edøya,rensefisk,,,1693,Bergnebb,1940,deler av lokaliteten,1617,HITRA,16,Sør-Trøndelag,63.65835,8.694417,6,Nordmøre og Sør-Trøndelag,
32,2013,24575,Farmannsøya,rensefisk,,,1693,Bergnebb,8039,deler av lokaliteten,1632,ROAN,16,Sør-Trøndelag,64.18636,10.1201,6,Nordmøre og Sør-Trøndelag,
32,2013,19336,Flatholmen,rensefisk,,,1692,Annen leppefisk,3000,hele lokaliteten,1106,HAUGESUND,11,Rogaland,59.4293,5.114483,3,Karmøy til Sotra,
32,2013,25835,Flatøyflu,rensefisk,,,1691,Berggylt,847,deler av lokaliteten,1244,AUSTEVOLL,12,Hordaland,60.156433,5.232,3,Karmøy til Sotra,
32,2013,25835,Flatøyflu,rensefisk,,,1694,Grøngylt,1893,deler av lokaliteten,1244,AUSTEVOLL,12,Hordaland,60.156433,5.232,3,Karmøy til Sotra,
32,2013,27536,Flatskjæret,medikamentell,badebehandling,Annet virkestoff,,,,hele lokaliteten,1751,NÆRØY,17,Nord-Trøndelag,64.933876,11.409243,7,Nord-Trøndelag med Bindal,
32,2013,27536,Flatskjæret,medikamentell,badebehandling,Azamethiphos,,,,hele lokaliteten,1751,NÆRØY,17,Nord-Trøndelag,64.933876,11.409243,7,Nord-Trøndelag med Bindal,
32,2013,29876,Flotaren,medikamentell,badebehandling,Deltamethrin,,,,hele lokaliteten,1749,FLATANGER,17,Nord-Trøndelag,64.52398,10.761667,7,Nord-Trøndelag med Bindal,
32,2013,13669,Furneset,rensefisk,,,1691,Berggylt,5,deler av lokaliteten,1535,VESTNES,15,Møre og Romsdal,62.6461,7.101183,5,Stadt til Hustadvika,
32,2013,13058,Fusavika,rensefisk,,,1694,Grøngylt,1000,deler av lokaliteten,1241,FUSA,12,Hordaland,60.207634,5.613817,3,Karmøy til Sotra,
32,2013,11667,Gardskråneset,medikamentell,fôrbehandling,Diflubenzuron,,,,hele lokaliteten,1259,ØYGARDEN,12,Hordaland,60.53972,4.903867,4,Nordhordaland til Stadt,
32,2013,11667,Gardskråneset,rensefisk,,,1693,Bergnebb,4450,hele lokaliteten,1259,ØYGARDEN,12,Hordaland,60.53972,4.903867,4,Nordhordaland til Stadt,
32,2013,11667,Gardskråneset,rensefisk,,,1694,Grøngylt,5000,hele lokaliteten,1259,ØYGARDEN,12,Hordaland,60.53972,4.903867,4,Nordhordaland til Stadt,
32,2013,10324,Gjerdeviksflua,rensefisk,,,1694,Grøngylt,1450,deler av lokaliteten,1241,FUSA,12,Hordaland,60.223083,5.641167,3,Karmøy til Sotra,
32,2013,10324,Gjerdeviksflua,rensefisk,,,1693,Bergnebb,1050,deler av lokaliteten,1241,FUSA,12,Hordaland,60.223083,5.641167,3,Karmøy til Sotra,
32,2013,10324,Gjerdeviksflua,rensefisk,,,1692,Annen leppefisk,350,deler av lokaliteten,1241,FUSA,12,Hordaland,60.223083,5.641167,3,Karmøy til Sotra,
32,2013,10324,Gjerdeviksflua,rensefisk,,,1691,Berggylt,35,deler av lokaliteten,1241,FUSA,12,Hordaland,60.223083,5.641167,3,Karmøy til Sotra,
32,2013,13852,Gjermundnes,rensefisk,,,1694,Grøngylt,877,deler av lokaliteten,1535,VESTNES,15,Møre og Romsdal,62.6275,7.192817,5,Stadt til Hustadvika,
32,2013,32037,Grasholman,rensefisk,,,1693,Bergnebb,11022,hele lokaliteten,1834,LURØY,18,Nordland,66.34873,12.779417,8,Helgeland til Bodø,
32,2013,12265,Gudmundset,rensefisk,,,1691,Berggylt,396,deler av lokaliteten,1529,SKODJE,15,Møre og Romsdal,62.4527,6.602483,5,Stadt til Hustadvika,
32,2013,12723,Gullholmen,medikamentell,badebehandling,Annet virkestoff,,,,deler av lokaliteten,1751,NÆRØY,17,Nord-Trøndelag,65.01716,11.724247,7,Nord-Trøndelag med Bindal,
32,2013,12723,Gullholmen,medikamentell,badebehandling,Annet virkestoff,,,,deler av lokaliteten,1751,NÆRØY,17,Nord-Trøndelag,65.01716,11.724247,7,Nord-Trøndelag med Bindal,
32,2013,12723,Gullholmen,medikamentell,badebehandling,Annet virkestoff,,,,deler av lokaliteten,1751,NÆRØY,17,Nord-Trøndelag,65.01716,11.724247,7,Nord-Trøndelag med Bindal,
32,2013,12723,Gullholmen,medikamentell,badebehandling,Annet virkestoff,,,,deler av lokaliteten,1751,NÆRØY,17,Nord-Trøndelag,65.01716,11.724247,7,Nord-Trøndelag med Bindal,
32,2013,16755,Hageberg,rensefisk,,,1691,Berggylt,500,deler av lokaliteten,1222,FITJAR,12,Hordaland,59.945415,5.431867,3,Karmøy til Sotra,
32,2013,18639,Halsavika,rensefisk,,,1694,Grøngylt,889,deler av lokaliteten,1146,TYSVÆR,11,Rogaland,59.39232,5.883333,2,Ryfylke,
32,2013,30257,Hausan,rensefisk,,,1693,Bergnebb,37415,deler av lokaliteten,1612,HEMNE,16,Sør-Trøndelag,63.45855,8.95495,6,Nordmøre og Sør-Trøndelag,
32,2013,10425,Heggvika,medikamentell,badebehandling,Azamethiphos,,,,hele lokaliteten,1811,BINDAL,18,Nordland,65.12658,12.071983,7,Nord-Trøndelag med Bindal,
32,2013,10425,Heggvika,medikamentell,badebehandling,Deltamethrin,,,,hele lokaliteten,1811,BINDAL,18,Nordland,65.12658,12.071983,7,Nord-Trøndelag med Bindal,
32,2013,10425,Heggvika,medikamentell,fôrbehandling,Emamectin benzoat,,,,hele lokaliteten,1811,BINDAL,18,Nordland,65.12658,12.071983,7,Nord-Trøndelag med Bindal,
32,2013,12590,Helligholmen,ikke-medikamentell,,,,,,hele lokaliteten,1750,VIKNA,17,Nord-Trøndelag,64.83839,10.665517,7,Nord-Trøndelag med Bindal,
32,2013,10300,Hillersvik,rensefisk,,,1691,Berggylt,50000,hele lokaliteten,1216,SVEIO,12,Hordaland,59.6084,5.311917,3,Karmøy til Sotra,
32,2013,32757,Horgefjorden,rensefisk,,,1691,Berggylt,1,hele lokaliteten,1244,AUSTEVOLL,12,Hordaland,60.09942,5.117883,3,Karmøy til Sotra,
32,2013,32757,Horgefjorden,rensefisk,,,1694,Grøngylt,4000,hele lokaliteten,1244,AUSTEVOLL,12,Hordaland,60.09942,5.117883,3,Karmøy til Sotra,
32,2013,27095,Ihlholmen,rensefisk,,,1693,Bergnebb,5000,hele lokaliteten,1160,VINDAFJORD,11,Rogaland,59.7215,5.586633,3,Karmøy til Sotra,
32,2013,12224,Isane,rensefisk,,,1694,Grøngylt,600,hele lokaliteten,1438,BREMANGER,14,Sogn og Fjordane,61.876534,5.722767,4,Nordhordaland til Stadt,
32,2013,12224,Isane,rensefisk,,,1691,Berggylt,600,hele lokaliteten,1438,BREMANGER,14,Sogn og Fjordane,61.876534,5.722767,4,Nordhordaland til Stadt,
32,2013,19977,Jektholmen,rensefisk,,,1693,Bergnebb,10271,hele lokaliteten,1630,ÅFJORD,16,Sør-Trøndelag,63.99495,9.928317,6,Nordmøre og Sør-Trøndelag,
32,2013,13242,Juvika B,rensefisk,,,1694,Grøngylt,453,deler av lokaliteten,1438,BREMANGER,14,Sogn og Fjordane,61.895683,5.6331,4,Nordhordaland til Stadt,
32,2013,13242,Juvika B,rensefisk,,,1691,Berggylt,800,deler av lokaliteten,1438,BREMANGER,14,Sogn og Fjordane,61.895683,5.6331,4,Nordhordaland til Stadt,
32,2013,14042,Kattholmen,rensefisk,,,1691,Berggylt,14,deler av lokaliteten,1620,FRØYA,16,Sør-Trøndelag,63.870968,8.679017,6,Nordmøre og Sør-Trøndelag,
32,2013,14042,Kattholmen,rensefisk,,,1693,Bergnebb,1092,deler av lokaliteten,1620,FRØYA,16,Sør-Trøndelag,63.870968,8.679017,6,Nordmøre og Sør-Trøndelag,
32,2013,26135,Kjørsvikgrunn,rensefisk,,,1693,Bergnebb,48135,hele lokaliteten,1612,HEMNE,16,Sør-Trøndelag,63.457565,9.076,6,Nordmøre og Sør-Trøndelag,
32,2013,18755,Klungset,rensefisk,,,1693,Bergnebb,2927,deler av lokaliteten,1751,NÆRØY,17,Nord-Trøndelag,64.74997,11.394183,7,Nord-Trøndelag med Bindal,
32,2013,11763,Knappen,rensefisk,,,1691,Berggylt,9000,deler av lokaliteten,1259,ØYGARDEN,12,Hordaland,60.5735,4.818517,4,Nordhordaland til Stadt,
32,2013,10224,Korsneset,medikamentell,badebehandling,Deltamethrin,,,,deler av lokaliteten,1571,HALSA,15,Møre og Romsdal,63.142735,8.224933,6,Nordmøre og Sør-Trøndelag,
32,2013,10224,Korsneset,rensefisk,,,1694,Grøngylt,1331,deler av lokaliteten,1571,HALSA,15,Møre og Romsdal,63.142735,8.224933,6,Nordmøre og Sør-Trøndelag,
32,2013,10224,Korsneset,rensefisk,,,1691,Berggylt,1169,deler av lokaliteten,1571,HALSA,15,Møre og Romsdal,63.142735,8.224933,6,Nordmøre og Sør-Trøndelag,
32,2013,32097,Korsneset 2,rensefisk,,,1694,Grøngylt,1282,deler av lokaliteten,1571,HALSA,15,Møre og Romsdal,63.1413,8.21335,6,Nordmøre og Sør-Trøndelag,
32,2013,32097,Korsneset 2,rensefisk,,,1691,Berggylt,1019,deler av lokaliteten,1571,HALSA,15,Møre og Romsdal,63.1413,8.21335,6,Nordmøre og Sør-Trøndelag,
32,2013,12239,Kråknes,medikamentell,badebehandling,Deltamethrin,,,,hele lokaliteten,1547,AUKRA,15,Møre og Romsdal,62.8316,6.962767,5,Stadt til Hustadvika,
32,2013,14040,Krigsholmen,rensefisk,,,1693,Bergnebb,300,hele lokaliteten,1244,AUSTEVOLL,12,Hordaland,60.081383,5.124117,3,Karmøy til Sotra,
32,2013,14040,Krigsholmen,rensefisk,,,1694,Grøngylt,900,hele lokaliteten,1244,AUSTEVOLL,12,Hordaland,60.081383,5.124117,3,Karmøy til Sotra,
32,2013,14040,Krigsholmen,rensefisk,,,1691,Berggylt,400,hele lokaliteten,1244,AUSTEVOLL,12,Hordaland,60.081383,5.124117,3,Karmøy til Sotra,
32,2013,11074,Kvalvika,rensefisk,,,1693,Bergnebb,40200,hele lokaliteten,1836,RØDØY,18,Nordland,66.66865,13.38875,8,Helgeland til Bodø,
32,2013,20595,Kyrholmen S,rensefisk,,,1693,Bergnebb,495,deler av lokaliteten,1244,AUSTEVOLL,12,Hordaland,60.162018,5.205567,3,Karmøy til Sotra,
32,2013,20595,Kyrholmen S,rensefisk,,,1694,Grøngylt,1051,deler av lokaliteten,1244,AUSTEVOLL,12,Hordaland,60.162018,5.205567,3,Karmøy til Sotra,
32,2013,20595,Kyrholmen S,rensefisk,,,1691,Berggylt,214,deler av lokaliteten,1244,AUSTEVOLL,12,Hordaland,60.162018,5.205567,3,Karmøy til Sotra,
32,2013,20595,Kyrholmen S,rensefisk,,,1692,Annen leppefisk,6235,deler av lokaliteten,1244,AUSTEVOLL,12,Hordaland,60.162018,5.205567,3,Karmøy til Sotra,
32,2013,30076,Kyrøyene,rensefisk,,,2221,Rognkjeks (felles),14995,deler av lokaliteten,1750,VIKNA,17,Nord-Trøndelag,64.7635,10.807333,7,Nord-Trøndelag med Bindal,
32,2013,30076,Kyrøyene,rensefisk,,,1693,Bergnebb,6875,deler av lokaliteten,1750,VIKNA,17,Nord-Trøndelag,64.7635,10.807333,7,Nord-Trøndelag med Bindal,
32,2013,11928,Langavika,rensefisk,,,1694,Grøngylt,2939,deler av lokaliteten,1133,HJELMELAND,11,Rogaland,59.232067,6.008317,2,Ryfylke,
32,2013,11928,Langavika,rensefisk,,,1691,Berggylt,516,deler av lokaliteten,1133,HJELMELAND,11,Rogaland,59.232067,6.008317,2,Ryfylke,
32,2013,26295,Langøy,rensefisk,,,1694,Grøngylt,2000,deler av lokaliteten,1263,LINDÅS,12,Hordaland,60.77775,5.1589,4,Nordhordaland til Stadt,
32,2013,20559,Langskjæra,rensefisk,,,1693,Bergnebb,19642,deler av lokaliteten,1620,FRØYA,16,Sør-Trøndelag,63.8225,8.75505,6,Nordmøre og Sør-Trøndelag,
32,2013,11438,Lauplandsholmen,rensefisk,,,1694,Grøngylt,10444,deler av lokaliteten,1145,BOKN,11,Rogaland,59.179733,5.472633,2,Ryfylke,
32,2013,26675,Leirhholmen,rensefisk,,,1693,Bergnebb,15500,hele lokaliteten,1834,LURØY,18,Nordland,66.3565,12.530117,8,Helgeland til Bodø,
32,2013,14039,Litle Lunnøy,rensefisk,,,1693,Bergnebb,200,hele lokaliteten,1244,AUSTEVOLL,12,Hordaland,60.0199,5.16775,3,Karmøy til Sotra,
32,2013,14039,Litle Lunnøy,rensefisk,,,1694,Grøngylt,800,hele lokaliteten,1244,AUSTEVOLL,12,Hordaland,60.0199,5.16775,3,Karmøy til Sotra,
32,2013,14039,Litle Lunnøy,rensefisk,,,1691,Berggylt,400,hele lokaliteten,1244,AUSTEVOLL,12,Hordaland,60.0199,5.16775,3,Karmøy til Sotra,
32,2013,14435,Ljøsøy N,medikamentell,fôrbehandling,Diflubenzuron,,,,deler av lokaliteten,1259,ØYGARDEN,12,Hordaland,60.565216,4.878433,4,Nordhordaland til Stadt,
32,2013,12633,Lyrnesset,medikamentell,badebehandling,Deltamethrin,,,,hele lokaliteten,1749,FLATANGER,17,Nord-Trøndelag,64.5256,10.748133,7,Nord-Trøndelag med Bindal,
32,2013,10232,Mannbruholmen,rensefisk,,,1693,Bergnebb,50608,deler av lokaliteten,1620,FRØYA,16,Sør-Trøndelag,63.847267,8.536083,6,Nordmøre og Sør-Trøndelag,
32,2013,12134,Maradalen,rensefisk,,,1692,Annen leppefisk,5000,hele lokaliteten,1224,KVINNHERAD,12,Hordaland,59.76077,5.686767,3,Karmøy til Sotra,
32,2013,13541,Midtflua,rensefisk,,,1692,Annen leppefisk,1315,deler av lokaliteten,1223,TYSNES,12,Hordaland,60.076267,5.466533,3,Karmøy til Sotra,
32,2013,13541,Midtflua,rensefisk,,,1691,Berggylt,559,deler av lokaliteten,1223,TYSNES,12,Hordaland,60.076267,5.466533,3,Karmøy til Sotra,
32,2013,13541,Midtflua,rensefisk,,,1694,Grøngylt,1850,deler av lokaliteten,1223,TYSNES,12,Hordaland,60.076267,5.466533,3,Karmøy til Sotra,
32,2013,11611,Naveide,rensefisk,,,1694,Grøngylt,2256,deler av lokaliteten,1244,AUSTEVOLL,12,Hordaland,60.13907,5.112783,3,Karmøy til Sotra,
32,2013,11611,Naveide,rensefisk,,,1691,Berggylt,80,deler av lokaliteten,1244,AUSTEVOLL,12,Hordaland,60.13907,5.112783,3,Karmøy til Sotra,
32,2013,26315,Nordgjæslingan,rensefisk,,,1693,Bergnebb,37991,hele lokaliteten,1750,VIKNA,17,Nord-Trøndelag,64.7659,10.9128,7,Nord-Trøndelag med Bindal,
32,2013,30559,Øksneset,rensefisk,,,1691,Berggylt,500,hele lokaliteten,1264,AUSTRHEIM,12,Hordaland,60.811882,4.8644,4,Nordhordaland til Stadt,
32,2013,27876,Olderbakken,rensefisk,,,2221,Rognkjeks (felles),9000,deler av lokaliteten,1812,SØMNA,18,Nordland,65.31118,12.368633,7,Nord-Trøndelag med Bindal,
32,2013,15403,Olderøy,rensefisk,,,1694,Grøngylt,4875,deler av lokaliteten,1412,SOLUND,14,Sogn og Fjordane,61.103283,4.712233,4,Nordhordaland til Stadt,
32,2013,15403,Olderøy,rensefisk,,,1693,Bergnebb,13915,deler av lokaliteten,1412,SOLUND,14,Sogn og Fjordane,61.103283,4.712233,4,Nordhordaland til Stadt,
32,2013,13345,Oterstegdalen,rensefisk,,,1694,Grøngylt,4449,hele lokaliteten,1241,FUSA,12,Hordaland,60.23545,5.638267,3,Karmøy til Sotra,
32,2013,11854,Pinnen,rensefisk,,,2221,Rognkjeks (felles),500,deler av lokaliteten,1004,FLEKKEFJORD,10,Vest-Agder,58.225533,6.682717,1,Svenskegrensen til Jæren,
32,2013,28636,Rataren,rensefisk,,,1691,Berggylt,15,deler av lokaliteten,1620,FRØYA,16,Sør-Trøndelag,63.780884,8.517383,6,Nordmøre og Sør-Trøndelag,
32,2013,28636,Rataren,rensefisk,,,1693,Bergnebb,17082,deler av lokaliteten,1620,FRØYA,16,Sør-Trøndelag,63.780884,8.517383,6,Nordmøre og Sør-Trøndelag,
32,2013,31959,Rataren II,rensefisk,,,1693,Bergnebb,30847,deler av lokaliteten,1620,FRØYA,16,Sør-Trøndelag,63.782383,8.526367,6,Nordmøre og Sør-Trøndelag,
32,2013,29116,Reiråklakken,medikamentell,badebehandling,Cypermethrin,,,,deler av lokaliteten,1573,SMØLA,15,Møre og Romsdal,63.450333,8.167717,6,Nordmøre og Sør-Trøndelag,
32,2013,29896,Renndalen,rensefisk,,,1694,Grøngylt,1537,deler av lokaliteten,1571,HALSA,15,Møre og Romsdal,63.176167,8.616817,6,Nordmøre og Sør-Trøndelag,
32,2013,29896,Renndalen,rensefisk,,,1693,Bergnebb,4191,deler av lokaliteten,1571,HALSA,15,Møre og Romsdal,63.176167,8.616817,6,Nordmøre og Sør-Trøndelag,
32,2013,29276,Rongøy,rensefisk,,,1693,Bergnebb,2542,deler av lokaliteten,1259,ØYGARDEN,12,Hordaland,60.509468,4.9314,4,Nordhordaland til Stadt,
32,2013,11770,Rotøy,rensefisk,,,1691,Berggylt,2500,deler av lokaliteten,1259,ØYGARDEN,12,Hordaland,60.6826,4.759533,4,Nordhordaland til Stadt,
32,2013,13887,Røytholmen Ø,medikamentell,badebehandling,Deltamethrin,,,,hele lokaliteten,1617,HITRA,16,Sør-Trøndelag,63.6177,9.130033,6,Nordmøre og Sør-Trøndelag,
32,2013,13887,Røytholmen Ø,rensefisk,,,1691,Berggylt,253,deler av lokaliteten,1617,HITRA,16,Sør-Trøndelag,63.6177,9.130033,6,Nordmøre og Sør-Trøndelag,
32,2013,13887,Røytholmen Ø,rensefisk,,,1694,Grøngylt,15622,deler av lokaliteten,1617,HITRA,16,Sør-Trøndelag,63.6177,9.130033,6,Nordmøre og Sør-Trøndelag,
32,2013,13612,Rundereimstranda,rensefisk,,,1694,Grøngylt,1826,deler av lokaliteten,1441,SELJE,14,Sogn og Fjordane,62.009968,5.331917,4,Nordhordaland til Stadt,
32,2013,13612,Rundereimstranda,rensefisk,,,1691,Berggylt,1210,deler av lokaliteten,1441,SELJE,14,Sogn og Fjordane,62.009968,5.331917,4,Nordhordaland til Stadt,
32,2013,13249,Sagelva,rensefisk,,,1694,Grøngylt,1644,deler av lokaliteten,1520,ØRSTA,15,Møre og Romsdal,62.33795,6.38165,5,Stadt til Hustadvika,
32,2013,13249,Sagelva,rensefisk,,,1693,Bergnebb,4416,deler av lokaliteten,1520,ØRSTA,15,Møre og Romsdal,62.33795,6.38165,5,Stadt til Hustadvika,
32,2013,11758,Sauøy Ø,rensefisk,,,1691,Berggylt,1419,deler av lokaliteten,1259,ØYGARDEN,12,Hordaland,60.592335,4.857833,4,Nordhordaland til Stadt,
32,2013,11758,Sauøy Ø,rensefisk,,,1693,Bergnebb,25027,deler av lokaliteten,1259,ØYGARDEN,12,Hordaland,60.592335,4.857833,4,Nordhordaland til Stadt,
32,2013,12244,Setevika,medikamentell,badebehandling,Deltamethrin,,,,deler av lokaliteten,1545,MIDSUND,15,Møre og Romsdal,62.728065,6.939283,5,Stadt til Hustadvika,
32,2013,28256,Skår,rensefisk,,,1691,Berggylt,413,deler av lokaliteten,1223,TYSNES,12,Hordaland,59.8994,5.532767,3,Karmøy til Sotra,
32,2013,28256,Skår,rensefisk,,,1694,Grøngylt,12064,deler av lokaliteten,1223,TYSNES,12,Hordaland,59.8994,5.532767,3,Karmøy til Sotra,
32,2013,12048,Skiftesneset N,medikamentell,badebehandling,Azamethiphos,,,,deler av lokaliteten,1241,FUSA,12,Hordaland,60.07175,5.736433,3,Karmøy til Sotra,
32,2013,12048,Skiftesneset N,medikamentell,badebehandling,Deltamethrin,,,,deler av lokaliteten,1241,FUSA,12,Hordaland,60.07175,5.736433,3,Karmøy til Sotra,
32,2013,10327,Skiftesneset S,rensefisk,,,1694,Grøngylt,4157,deler av lokaliteten,1241,FUSA,12,Hordaland,60.066666,5.7434,3,Karmøy til Sotra,
32,2013,10327,Skiftesneset S,rensefisk,,,1691,Berggylt,418,deler av lokaliteten,1241,FUSA,12,Hordaland,60.066666,5.7434,3,Karmøy til Sotra,
32,2013,32877,Skorpo,rensefisk,,,1694,Grøngylt,2186,deler av lokaliteten,1243,OS I HORDALAND,12,Hordaland,60.173317,5.293683,3,Karmøy til Sotra,
32,2013,32877,Skorpo,rensefisk,,,1693,Bergnebb,2114,deler av lokaliteten,1243,OS I HORDALAND,12,Hordaland,60.173317,5.293683,3,Karmøy til Sotra,
32,2013,32877,Skorpo,rensefisk,,,1692,Annen leppefisk,2506,deler av lokaliteten,1243,OS I HORDALAND,12,Hordaland,60.173317,5.293683,3,Karmøy til Sotra,
32,2013,32877,Skorpo,rensefisk,,,1691,Berggylt,489,deler av lokaliteten,1243,OS I HORDALAND,12,Hordaland,60.173317,5.293683,3,Karmøy til Sotra,
32,2013,18657,Skredstivik,rensefisk,,,1694,Grøngylt,12721,hele lokaliteten,1413,HYLLESTAD,14,Sogn og Fjordane,61.1567,5.133983,4,Nordhordaland til Stadt,
32,2013,18657,Skredstivik,rensefisk,,,1691,Berggylt,2815,hele lokaliteten,1413,HYLLESTAD,14,Sogn og Fjordane,61.1567,5.133983,4,Nordhordaland til Stadt,
32,2013,30997,Skrubbholmen,rensefisk,,,1693,Bergnebb,3540,deler av lokaliteten,1751,NÆRØY,17,Nord-Trøndelag,64.801735,11.162183,7,Nord-Trøndelag med Bindal,
32,2013,12965,Stølsvik,rensefisk,,,1693,Bergnebb,1055,deler av lokaliteten,1146,TYSVÆR,11,Rogaland,59.405434,5.710833,2,Ryfylke,
32,2013,11971,Store Teistholmen Ø,rensefisk,,,1693,Bergnebb,12950,deler av lokaliteten,1102,SANDNES,11,Rogaland,58.976368,5.863067,2,Ryfylke,
32,2013,22335,Storvika,medikamentell,badebehandling,Deltamethrin,,,,deler av lokaliteten,1548,FRÆNA,15,Møre og Romsdal,62.802166,6.981267,5,Stadt til Hustadvika,
32,2013,11776,Sveholmane,medikamentell,badebehandling,Deltamethrin,,,,hele lokaliteten,1401,FLORA,14,Sogn og Fjordane,61.557716,5.215333,4,Nordhordaland til Stadt,
32,2013,11813,Svinøy V,rensefisk,,,1694,Grøngylt,753,hele lokaliteten,1429,FJALER,14,Sogn og Fjordane,61.3034,5.101717,4,Nordhordaland til Stadt,
32,2013,11813,Svinøy V,rensefisk,,,1693,Bergnebb,213,hele lokaliteten,1429,FJALER,14,Sogn og Fjordane,61.3034,5.101717,4,Nordhordaland til Stadt,
32,2013,11813,Svinøy V,rensefisk,,,1691,Berggylt,3560,hele lokaliteten,1429,FJALER,14,Sogn og Fjordane,61.3034,5.101717,4,Nordhordaland til Stadt,
32,2013,13196,Syltøy,rensefisk,,,1694,Grøngylt,250,deler av lokaliteten,1245,SUND,12,Hordaland,60.304,4.966767,3,Karmøy til Sotra,
32,2013,10309,Syrtangen,medikamentell,fôrbehandling,Diflubenzuron,,,,hele lokaliteten,1259,ØYGARDEN,12,Hordaland,60.468468,4.965967,4,Nordhordaland til Stadt,
32,2013,10582,Tarmevikodden,rensefisk,,,169520,Rødnebb,279,hele lokaliteten,1004,FLEKKEFJORD,10,Vest-Agder,58.21977,6.685633,1,Svenskegrensen til Jæren,
32,2013,10582,Tarmevikodden,rensefisk,,,1694,Grøngylt,6620,hele lokaliteten,1004,FLEKKEFJORD,10,Vest-Agder,58.21977,6.685633,1,Svenskegrensen til Jæren,
32,2013,10582,Tarmevikodden,rensefisk,,,1691,Berggylt,1064,hele lokaliteten,1004,FLEKKEFJORD,10,Vest-Agder,58.21977,6.685633,1,Svenskegrensen til Jæren,
32,2013,29336,Trælsøyosen,rensefisk,,,1692,Annen leppefisk,1355,deler av lokaliteten,1244,AUSTEVOLL,12,Hordaland,60.1178,5.2702,3,Karmøy til Sotra,
32,2013,29336,Trælsøyosen,rensefisk,,,1693,Bergnebb,703,deler av lokaliteten,1244,AUSTEVOLL,12,Hordaland,60.1178,5.2702,3,Karmøy til Sotra,
32,2013,29336,Trælsøyosen,rensefisk,,,1694,Grøngylt,2091,deler av lokaliteten,1244,AUSTEVOLL,12,Hordaland,60.1178,5.2702,3,Karmøy til Sotra,
32,2013,29336,Trælsøyosen,rensefisk,,,1691,Berggylt,415,deler av lokaliteten,1244,AUSTEVOLL,12,Hordaland,60.1178,5.2702,3,Karmøy til Sotra,
32,2013,30560,Tristeinen,rensefisk,,,1691,Berggylt,3,deler av lokaliteten,1627,BJUGN,16,Sør-Trøndelag,63.86895,9.6204,6,Nordmøre og Sør-Trøndelag,
32,2013,30560,Tristeinen,rensefisk,,,1693,Bergnebb,334,deler av lokaliteten,1627,BJUGN,16,Sør-Trøndelag,63.86895,9.6204,6,Nordmøre og Sør-Trøndelag,
32,2013,13562,Uføro,rensefisk,,,1692,Annen leppefisk,1000,hele lokaliteten,1221,STORD,12,Hordaland,59.877434,5.52725,3,Karmøy til Sotra,
32,2013,31557,Valøyan,rensefisk,,,1693,Bergnebb,19736,hele lokaliteten,1620,FRØYA,16,Sør-Trøndelag,63.81735,8.462483,6,Nordmøre og Sør-Trøndelag,
32,2013,13837,Verpeide,rensefisk,,,1694,Grøngylt,2063,deler av lokaliteten,1439,VÅGSØY,14,Sogn og Fjordane,61.902954,5.207967,4,Nordhordaland til Stadt,
32,2013,13837,Verpeide,rensefisk,,,1693,Bergnebb,1100,deler av lokaliteten,1439,VÅGSØY,14,Sogn og Fjordane,61.902954,5.207967,4,Nordhordaland til Stadt,
32,2013,13837,Verpeide,rensefisk,,,1691,Berggylt,454,deler av lokaliteten,1439,VÅGSØY,14,Sogn og Fjordane,61.902954,5.207967,4,Nordhordaland til Stadt,
32,2013,11315,Vinkfjorden,medikamentell,fôrbehandling,Emamectin benzoat,,,,deler av lokaliteten,1848,STEIGEN,18,Nordland,67.72638,15.37989,9,Vestfjorden og Vesterålen,
32,2013,29936,Ystadneset,rensefisk,,,1692,Annen leppefisk,836,deler av lokaliteten,1224,KVINNHERAD,12,Hordaland,59.977932,5.775083,3,Karmøy til Sotra,
31,2013,10331,Åkre,medikamentell,badebehandling,Azamethiphos,,,,deler av lokaliteten,1224,KVINNHERAD,12,Hordaland,60.112434,6.042483,3,Karmøy til Sotra,
31,2013,10331,Åkre,medikamentell,badebehandling,Deltamethrin,,,,deler av lokaliteten,1224,KVINNHERAD,12,Hordaland,60.112434,6.042483,3,Karmøy til Sotra,
31,2013,12988,Aukrasanden,medikamentell,badebehandling,Deltamethrin,,,,hele lokaliteten,1547,AUKRA,15,Møre og Romsdal,62.783417,6.92605,5,Stadt til Hustadvika,
31,2013,26795,Austvika,rensefisk,,,1694,Grøngylt,3,hele lokaliteten,1749,FLATANGER,17,Nord-Trøndelag,64.41853,10.696033,7,Nord-Trøndelag med Bindal,
31,2013,26795,Austvika,rensefisk,,,1693,Bergnebb,2211,hele lokaliteten,1749,FLATANGER,17,Nord-Trøndelag,64.41853,10.696033,7,Nord-Trøndelag med Bindal,
31,2013,26795,Austvika,rensefisk,,,1691,Berggylt,13,hele lokaliteten,1749,FLATANGER,17,Nord-Trøndelag,64.41853,10.696033,7,Nord-Trøndelag med Bindal,
31,2013,13341,Bakjestranda,rensefisk,,,1692,Annen leppefisk,850,deler av lokaliteten,1438,BREMANGER,14,Sogn og Fjordane,61.81885,4.940267,4,Nordhordaland til Stadt,
31,2013,13305,Barbogen,medikamentell,badebehandling,Deltamethrin,,,,hele lokaliteten,1928,TORSKEN,19,Troms,69.36843,17.0281,10,Andøya til Senja,
31,2013,22455,Bjørlykkestranda,rensefisk,,,1694,Grøngylt,4150,hele lokaliteten,1511,VANYLVEN,15,Møre og Romsdal,62.16655,5.5954,5,Stadt til Hustadvika,
31,2013,13284,Bollhaugen,rensefisk,,,1693,Bergnebb,168,deler av lokaliteten,1827,DØNNA,18,Nordland,66.1125,12.4868,8,Helgeland til Bodø,
31,2013,15796,Borgarliflot,medikamentell,badebehandling,Deltamethrin,,,,hele lokaliteten,1134,SULDAL,11,Rogaland,59.388035,5.929283,2,Ryfylke,
31,2013,12237,Brudevika,rensefisk,,,1694,Grøngylt,847,deler av lokaliteten,1511,VANYLVEN,15,Møre og Romsdal,62.116566,5.420717,5,Stadt til Hustadvika,
31,2013,12237,Brudevika,rensefisk,,,1691,Berggylt,730,deler av lokaliteten,1511,VANYLVEN,15,Møre og Romsdal,62.116566,5.420717,5,Stadt til Hustadvika,
31,2013,13841,Brunsvik,rensefisk,,,1693,Bergnebb,6445,deler av lokaliteten,1439,VÅGSØY,14,Sogn og Fjordane,61.910183,5.29085,4,Nordhordaland til Stadt,
31,2013,11543,Buholmen Ø,rensefisk,,,1694,Grøngylt,835,deler av lokaliteten,1244,AUSTEVOLL,12,Hordaland,60.0216,5.07985,3,Karmøy til Sotra,
31,2013,11543,Buholmen Ø,rensefisk,,,1691,Berggylt,281,deler av lokaliteten,1244,AUSTEVOLL,12,Hordaland,60.0216,5.07985,3,Karmøy til Sotra,
31,2013,11543,Buholmen Ø,rensefisk,,,1693,Bergnebb,917,deler av lokaliteten,1244,AUSTEVOLL,12,Hordaland,60.0216,5.07985,3,Karmøy til Sotra,
31,2013,12361,Bukkholmen S,medikamentell,badebehandling,Annet virkestoff,,,,hele lokaliteten,1620,FRØYA,16,Sør-Trøndelag,63.72368,8.8631,6,Nordmøre og Sør-Trøndelag,
31,2013,12361,Bukkholmen S,medikamentell,badebehandling,Annet virkestoff,,,,hele lokaliteten,1620,FRØYA,16,Sør-Trøndelag,63.72368,8.8631,6,Nordmøre og Sør-Trøndelag,
31,2013,11857,Buksevika,rensefisk,,,1694,Grøngylt,4220,hele lokaliteten,1004,FLEKKEFJORD,10,Vest-Agder,58.2074,6.63505,1,Svenskegrensen til Jæren,
31,2013,11857,Buksevika,rensefisk,,,1691,Berggylt,2276,hele lokaliteten,1004,FLEKKEFJORD,10,Vest-Agder,58.2074,6.63505,1,Svenskegrensen til Jæren,
31,2013,14799,Djupestallen,rensefisk,,,1694,Grøngylt,2162,deler av lokaliteten,1223,TYSNES,12,Hordaland,60.058735,5.453,3,Karmøy til Sotra,
31,2013,14799,Djupestallen,rensefisk,,,1691,Berggylt,290,deler av lokaliteten,1223,TYSNES,12,Hordaland,60.058735,5.453,3,Karmøy til Sotra,
31,2013,14799,Djupestallen,rensefisk,,,1693,Bergnebb,4427,deler av lokaliteten,1223,TYSNES,12,Hordaland,60.058735,5.453,3,Karmøy til Sotra,
31,2013,32197,Dryna,rensefisk,,,1691,Berggylt,26,deler av lokaliteten,1545,MIDSUND,15,Møre og Romsdal,62.6444,6.5568,5,Stadt til Hustadvika,
31,2013,11644,Duesund,rensefisk,,,1693,Bergnebb,8000,hele lokaliteten,1266,MASFJORDEN,12,Hordaland,60.809,5.295667,4,Nordhordaland til Stadt,
31,2013,12128,Dyrnes,rensefisk,,,1692,Annen leppefisk,4000,hele lokaliteten,1224,KVINNHERAD,12,Hordaland,59.71765,5.72205,3,Karmøy til Sotra,
31,2013,12624,Feøyvika,rensefisk,,,1691,Berggylt,3281,hele lokaliteten,1749,FLATANGER,17,Nord-Trøndelag,64.56073,10.91895,7,Nord-Trøndelag med Bindal,
31,2013,19336,Flatholmen,rensefisk,,,1693,Bergnebb,9200,hele lokaliteten,1106,HAUGESUND,11,Rogaland,59.4293,5.114483,3,Karmøy til Sotra,
31,2013,25835,Flatøyflu,rensefisk,,,1691,Berggylt,2750,deler av lokaliteten,1244,AUSTEVOLL,12,Hordaland,60.156433,5.232,3,Karmøy til Sotra,
31,2013,25835,Flatøyflu,rensefisk,,,1694,Grøngylt,9501,deler av lokaliteten,1244,AUSTEVOLL,12,Hordaland,60.156433,5.232,3,Karmøy til Sotra,
31,2013,13669,Furneset,rensefisk,,,1694,Grøngylt,6983,deler av lokaliteten,1535,VESTNES,15,Møre og Romsdal,62.6461,7.101183,5,Stadt til Hustadvika,
31,2013,13669,Furneset,rensefisk,,,1691,Berggylt,446,deler av lokaliteten,1535,VESTNES,15,Møre og Romsdal,62.6461,7.101183,5,Stadt til Hustadvika,
31,2013,11667,Gardskråneset,rensefisk,,,1691,Berggylt,1800,hele lokaliteten,1259,ØYGARDEN,12,Hordaland,60.53972,4.903867,4,Nordhordaland til Stadt,
31,2013,11667,Gardskråneset,rensefisk,,,1693,Bergnebb,2000,hele lokaliteten,1259,ØYGARDEN,12,Hordaland,60.53972,4.903867,4,Nordhordaland til Stadt,
31,2013,13852,Gjermundnes,rensefisk,,,1691,Berggylt,44,deler av lokaliteten,1535,VESTNES,15,Møre og Romsdal,62.6275,7.192817,5,Stadt til Hustadvika,
31,2013,13852,Gjermundnes,rensefisk,,,1694,Grøngylt,2959,deler av lokaliteten,1535,VESTNES,15,Møre og Romsdal,62.6275,7.192817,5,Stadt til Hustadvika,
31,2013,11559,Grimsholmen,rensefisk,,,1694,Grøngylt,4952,hele lokaliteten,1216,SVEIO,12,Hordaland,59.6554,5.403517,3,Karmøy til Sotra,
31,2013,12435,Grøttingsøy,rensefisk,,,1693,Bergnebb,12400,deler av lokaliteten,1620,FRØYA,16,Sør-Trøndelag,63.879684,8.543767,6,Nordmøre og Sør-Trøndelag,
31,2013,12435,Grøttingsøy,rensefisk,,,1691,Berggylt,400,deler av lokaliteten,1620,FRØYA,16,Sør-Trøndelag,63.879684,8.543767,6,Nordmøre og Sør-Trøndelag,
31,2013,10318,Gulestø,rensefisk,,,1694,Grøngylt,3355,deler av lokaliteten,1438,BREMANGER,14,Sogn og Fjordane,61.75802,5.069883,4,Nordhordaland til Stadt,
31,2013,10318,Gulestø,rensefisk,,,1691,Berggylt,1177,deler av lokaliteten,1438,BREMANGER,14,Sogn og Fjordane,61.75802,5.069883,4,Nordhordaland til Stadt,
31,2013,24735,Gulholmen,rensefisk,,,1691,Berggylt,236,deler av lokaliteten,1243,OS I HORDALAND,12,Hordaland,60.1282,5.400467,3,Karmøy til Sotra,
31,2013,24735,Gulholmen,rensefisk,,,1694,Grøngylt,6180,deler av lokaliteten,1243,OS I HORDALAND,12,Hordaland,60.1282,5.400467,3,Karmøy til Sotra,
31,2013,16755,Hageberg,rensefisk,,,1692,Annen leppefisk,7500,deler av lokaliteten,1222,FITJAR,12,Hordaland,59.945415,5.431867,3,Karmøy til Sotra,
31,2013,16755,Hageberg,rensefisk,,,1691,Berggylt,1500,deler av lokaliteten,1222,FITJAR,12,Hordaland,59.945415,5.431867,3,Karmøy til Sotra,
31,2013,18639,Halsavika,rensefisk,,,1694,Grøngylt,1401,deler av lokaliteten,1146,TYSVÆR,11,Rogaland,59.39232,5.883333,2,Ryfylke,
31,2013,30257,Hausan,rensefisk,,,1693,Bergnebb,16753,deler av lokaliteten,1612,HEMNE,16,Sør-Trøndelag,63.45855,8.95495,6,Nordmøre og Sør-Trøndelag,
31,2013,32737,Heldalen,medikamentell,badebehandling,Azamethiphos,,,,deler av lokaliteten,1860,VESTVÅGØY,18,Nordland,68.10022,13.620333,9,Vestfjorden og Vesterålen,
31,2013,32737,Heldalen,medikamentell,badebehandling,Deltamethrin,,,,deler av lokaliteten,1860,VESTVÅGØY,18,Nordland,68.10022,13.620333,9,Vestfjorden og Vesterålen,
31,2013,11783,Hella,rensefisk,,,1694,Grøngylt,6073,hele lokaliteten,1428,ASKVOLL,14,Sogn og Fjordane,61.405834,5.0795,4,Nordhordaland til Stadt,
31,2013,11783,Hella,rensefisk,,,1691,Berggylt,750,hele lokaliteten,1428,ASKVOLL,14,Sogn og Fjordane,61.405834,5.0795,4,Nordhordaland til Stadt,
31,2013,11783,Hella,rensefisk,,,1693,Bergnebb,769,hele lokaliteten,1428,ASKVOLL,14,Sogn og Fjordane,61.405834,5.0795,4,Nordhordaland til Stadt,
31,2013,14136,Hestholmen Ø,rensefisk,,,1691,Berggylt,3170,deler av lokaliteten,1144,KVITSØY,11,Rogaland,59.061565,5.445683,2,Ryfylke,
31,2013,10300,Hillersvik,rensefisk,,,1691,Berggylt,50000,hele lokaliteten,1216,SVEIO,12,Hordaland,59.6084,5.311917,3,Karmøy til Sotra,
31,2013,12035,Hondskår,rensefisk,,,1693,Bergnebb,2877,hele lokaliteten,1224,KVINNHERAD,12,Hordaland,60.107418,5.939833,3,Karmøy til Sotra,
31,2013,13231,Høylandssund,rensefisk,,,2221,Rognkjeks (felles),23000,hele lokaliteten,1224,KVINNHERAD,12,Hordaland,59.77755,5.8298,3,Karmøy til Sotra,
31,2013,11356,Husvika,medikamentell,badebehandling,Deltamethrin,,,,hele lokaliteten,1928,TORSKEN,19,Troms,69.33725,17.02415,10,Andøya til Senja,
31,2013,11356,Husvika,medikamentell,badebehandling,Deltamethrin,,,,hele lokaliteten,1928,TORSKEN,19,Troms,69.33725,17.02415,10,Andøya til Senja,
31,2013,11356,Husvika,medikamentell,badebehandling,Deltamethrin,,,,hele lokaliteten,1928,TORSKEN,19,Troms,69.33725,17.02415,10,Andøya til Senja,
31,2013,12224,Isane,rensefisk,,,1694,Grøngylt,800,hele lokaliteten,1438,BREMANGER,14,Sogn og Fjordane,61.876534,5.722767,4,Nordhordaland til Stadt,
31,2013,12224,Isane,rensefisk,,,1691,Berggylt,1000,hele lokaliteten,1438,BREMANGER,14,Sogn og Fjordane,61.876534,5.722767,4,Nordhordaland til Stadt,
31,2013,19977,Jektholmen,rensefisk,,,1691,Berggylt,10761,hele lokaliteten,1630,ÅFJORD,16,Sør-Trøndelag,63.99495,9.928317,6,Nordmøre og Sør-Trøndelag,
31,2013,13242,Juvika B,rensefisk,,,1694,Grøngylt,690,deler av lokaliteten,1438,BREMANGER,14,Sogn og Fjordane,61.895683,5.6331,4,Nordhordaland til Stadt,
31,2013,13242,Juvika B,rensefisk,,,1691,Berggylt,970,deler av lokaliteten,1438,BREMANGER,14,Sogn og Fjordane,61.895683,5.6331,4,Nordhordaland til Stadt,
31,2013,14042,Kattholmen,rensefisk,,,1691,Berggylt,18,deler av lokaliteten,1620,FRØYA,16,Sør-Trøndelag,63.870968,8.679017,6,Nordmøre og Sør-Trøndelag,
31,2013,14042,Kattholmen,rensefisk,,,1693,Bergnebb,2303,deler av lokaliteten,1620,FRØYA,16,Sør-Trøndelag,63.870968,8.679017,6,Nordmøre og Sør-Trøndelag,
31,2013,24455,Klavelandet,rensefisk,,,1693,Bergnebb,800,deler av lokaliteten,1401,FLORA,14,Sogn og Fjordane,61.60425,5.184067,4,Nordhordaland til Stadt,
31,2013,24455,Klavelandet,rensefisk,,,1694,Grøngylt,6400,deler av lokaliteten,1401,FLORA,14,Sogn og Fjordane,61.60425,5.184067,4,Nordhordaland til Stadt,
31,2013,24455,Klavelandet,rensefisk,,,1691,Berggylt,800,deler av lokaliteten,1401,FLORA,14,Sogn og Fjordane,61.60425,5.184067,4,Nordhordaland til Stadt,
31,2013,18755,Klungset,rensefisk,,,1693,Bergnebb,55000,deler av lokaliteten,1751,NÆRØY,17,Nord-Trøndelag,64.74997,11.394183,7,Nord-Trøndelag med Bindal,
31,2013,12841,Kormeset,rensefisk,,,1691,Berggylt,141,hele lokaliteten,1539,RAUMA,15,Møre og Romsdal,62.615616,7.2765,5,Stadt til Hustadvika,
31,2013,10224,Korsneset,medikamentell,badebehandling,Cypermethrin,,,,deler av lokaliteten,1571,HALSA,15,Møre og Romsdal,63.142735,8.224933,6,Nordmøre og Sør-Trøndelag,
31,2013,10224,Korsneset,rensefisk,,,1691,Berggylt,27,deler av lokaliteten,1571,HALSA,15,Møre og Romsdal,63.142735,8.224933,6,Nordmøre og Sør-Trøndelag,
31,2013,10224,Korsneset,rensefisk,,,1694,Grøngylt,660,deler av lokaliteten,1571,HALSA,15,Møre og Romsdal,63.142735,8.224933,6,Nordmøre og Sør-Trøndelag,
31,2013,32097,Korsneset 2,medikamentell,badebehandling,Cypermethrin,,,,deler av lokaliteten,1571,HALSA,15,Møre og Romsdal,63.1413,8.21335,6,Nordmøre og Sør-Trøndelag,
31,2013,32097,Korsneset 2,rensefisk,,,1691,Berggylt,1673,deler av lokaliteten,1571,HALSA,15,Møre og Romsdal,63.1413,8.21335,6,Nordmøre og Sør-Trøndelag,
31,2013,32097,Korsneset 2,rensefisk,,,1694,Grøngylt,3013,deler av lokaliteten,1571,HALSA,15,Møre og Romsdal,63.1413,8.21335,6,Nordmøre og Sør-Trøndelag,
31,2013,14040,Krigsholmen,rensefisk,,,1691,Berggylt,610,hele lokaliteten,1244,AUSTEVOLL,12,Hordaland,60.081383,5.124117,3,Karmøy til Sotra,
31,2013,14040,Krigsholmen,rensefisk,,,1692,Annen leppefisk,331,hele lokaliteten,1244,AUSTEVOLL,12,Hordaland,60.081383,5.124117,3,Karmøy til Sotra,
31,2013,14040,Krigsholmen,rensefisk,,,1694,Grøngylt,412,hele lokaliteten,1244,AUSTEVOLL,12,Hordaland,60.081383,5.124117,3,Karmøy til Sotra,
31,2013,20595,Kyrholmen S,rensefisk,,,1692,Annen leppefisk,2722,deler av lokaliteten,1244,AUSTEVOLL,12,Hordaland,60.162018,5.205567,3,Karmøy til Sotra,
31,2013,20595,Kyrholmen S,rensefisk,,,1693,Bergnebb,584,deler av lokaliteten,1244,AUSTEVOLL,12,Hordaland,60.162018,5.205567,3,Karmøy til Sotra,
31,2013,20595,Kyrholmen S,rensefisk,,,1694,Grøngylt,1169,deler av lokaliteten,1244,AUSTEVOLL,12,Hordaland,60.162018,5.205567,3,Karmøy til Sotra,
31,2013,20595,Kyrholmen S,rensefisk,,,1691,Berggylt,710,deler av lokaliteten,1244,AUSTEVOLL,12,Hordaland,60.162018,5.205567,3,Karmøy til Sotra,
31,2013,30076,Kyrøyene,rensefisk,,,1693,Bergnebb,26300,deler av lokaliteten,1750,VIKNA,17,Nord-Trøndelag,64.7635,10.807333,7,Nord-Trøndelag med Bindal,
31,2013,12993,Lamøya,medikamentell,badebehandling,Annet virkestoff,,,,hele lokaliteten,1620,FRØYA,16,Sør-Trøndelag,63.732586,8.856378,6,Nordmøre og Sør-Trøndelag,
31,2013,12993,Lamøya,medikamentell,badebehandling,Annet virkestoff,,,,hele lokaliteten,1620,FRØYA,16,Sør-Trøndelag,63.732586,8.856378,6,Nordmøre og Sør-Trøndelag,
31,2013,11928,Langavika,rensefisk,,,1694,Grøngylt,2377,hele lokaliteten,1133,HJELMELAND,11,Rogaland,59.232067,6.008317,2,Ryfylke,
31,2013,11928,Langavika,rensefisk,,,1691,Berggylt,3915,hele lokaliteten,1133,HJELMELAND,11,Rogaland,59.232067,6.008317,2,Ryfylke,
31,2013,26295,Langøy,rensefisk,,,1694,Grøngylt,4400,deler av lokaliteten,1263,LINDÅS,12,Hordaland,60.77775,5.1589,4,Nordhordaland til Stadt,
31,2013,13055,Langøyna Ø,rensefisk,,,1693,Bergnebb,4000,hele lokaliteten,1146,TYSVÆR,11,Rogaland,59.2983,5.713333,2,Ryfylke,
31,2013,20559,Langskjæra,rensefisk,,,1694,Grøngylt,500,deler av lokaliteten,1620,FRØYA,16,Sør-Trøndelag,63.8225,8.75505,6,Nordmøre og Sør-Trøndelag,
31,2013,20559,Langskjæra,rensefisk,,,1693,Bergnebb,38348,deler av lokaliteten,1620,FRØYA,16,Sør-Trøndelag,63.8225,8.75505,6,Nordmøre og Sør-Trøndelag,
31,2013,11438,Lauplandsholmen,rensefisk,,,1694,Grøngylt,10858,deler av lokaliteten,1145,BOKN,11,Rogaland,59.179733,5.472633,2,Ryfylke,
31,2013,14039,Litle Lunnøy,rensefisk,,,1694,Grøngylt,184,hele lokaliteten,1244,AUSTEVOLL,12,Hordaland,60.0199,5.16775,3,Karmøy til Sotra,
31,2013,12134,Maradalen,rensefisk,,,1692,Annen leppefisk,20000,hele lokaliteten,1224,KVINNHERAD,12,Hordaland,59.76077,5.686767,3,Karmøy til Sotra,
31,2013,13541,Midtflua,rensefisk,,,1694,Grøngylt,3712,deler av lokaliteten,1223,TYSNES,12,Hordaland,60.076267,5.466533,3,Karmøy til Sotra,
31,2013,13541,Midtflua,rensefisk,,,1692,Annen leppefisk,1169,deler av lokaliteten,1223,TYSNES,12,Hordaland,60.076267,5.466533,3,Karmøy til Sotra,
31,2013,13541,Midtflua,rensefisk,,,1691,Berggylt,245,deler av lokaliteten,1223,TYSNES,12,Hordaland,60.076267,5.466533,3,Karmøy til Sotra,
31,2013,11772,Moldøyosen,rensefisk,,,1694,Grøngylt,288,deler av lokaliteten,1265,FEDJE,12,Hordaland,60.789734,4.700983,4,Nordhordaland til Stadt,
31,2013,11772,Moldøyosen,rensefisk,,,1693,Bergnebb,330,deler av lokaliteten,1265,FEDJE,12,Hordaland,60.789734,4.700983,4,Nordhordaland til Stadt,
31,2013,11772,Moldøyosen,rensefisk,,,1691,Berggylt,153,deler av lokaliteten,1265,FEDJE,12,Hordaland,60.789734,4.700983,4,Nordhordaland til Stadt,
31,2013,13629,Munkholmen,rensefisk,,,1694,Grøngylt,420,hele lokaliteten,1146,TYSVÆR,11,Rogaland,59.285484,5.631317,2,Ryfylke,
31,2013,13629,Munkholmen,rensefisk,,,1693,Bergnebb,1000,hele lokaliteten,1146,TYSVÆR,11,Rogaland,59.285484,5.631317,2,Ryfylke,
31,2013,11611,Naveide,rensefisk,,,1694,Grøngylt,413,deler av lokaliteten,1244,AUSTEVOLL,12,Hordaland,60.13907,5.112783,3,Karmøy til Sotra,
31,2013,11611,Naveide,rensefisk,,,1692,Annen leppefisk,1149,deler av lokaliteten,1244,AUSTEVOLL,12,Hordaland,60.13907,5.112783,3,Karmøy til Sotra,
31,2013,11611,Naveide,rensefisk,,,1691,Berggylt,330,deler av lokaliteten,1244,AUSTEVOLL,12,Hordaland,60.13907,5.112783,3,Karmøy til Sotra,
31,2013,26315,Nordgjæslingan,rensefisk,,,1693,Bergnebb,4000,deler av lokaliteten,1750,VIKNA,17,Nord-Trøndelag,64.7659,10.9128,7,Nord-Trøndelag med Bindal,
31,2013,31697,Oksen,rensefisk,,,169510,Blåstål,900,deler av lokaliteten,1246,FJELL,12,Hordaland,60.43382,4.9411,3,Karmøy til Sotra,
31,2013,31697,Oksen,rensefisk,,,1694,Grøngylt,700,deler av lokaliteten,1246,FJELL,12,Hordaland,60.43382,4.9411,3,Karmøy til Sotra,
31,2013,31697,Oksen,rensefisk,,,1693,Bergnebb,700,deler av lokaliteten,1246,FJELL,12,Hordaland,60.43382,4.9411,3,Karmøy til Sotra,
31,2013,31697,Oksen,rensefisk,,,1692,Annen leppefisk,700,deler av lokaliteten,1246,FJELL,12,Hordaland,60.43382,4.9411,3,Karmøy til Sotra,
31,2013,31697,Oksen,rensefisk,,,1691,Berggylt,700,deler av lokaliteten,1246,FJELL,12,Hordaland,60.43382,4.9411,3,Karmøy til Sotra,
31,2013,30559,Øksneset,rensefisk,,,1692,Annen leppefisk,800,hele lokaliteten,1264,AUSTRHEIM,12,Hordaland,60.811882,4.8644,4,Nordhordaland til Stadt,
31,2013,30518,Ørnfjordbotn,medikamentell,badebehandling,Azamethiphos,,,,hele lokaliteten,1931,LENVIK,19,Troms,69.49147,17.673067,10,Andøya til Senja,
31,2013,24696,Ørnøya II,rensefisk,,,1693,Bergnebb,7577,deler av lokaliteten,1620,FRØYA,16,Sør-Trøndelag,63.759167,8.449133,6,Nordmøre og Sør-Trøndelag,
31,2013,11854,Pinnen,rensefisk,,,1694,Grøngylt,3210,deler av lokaliteten,1004,FLEKKEFJORD,10,Vest-Agder,58.225533,6.682717,1,Svenskegrensen til Jæren,
31,2013,11854,Pinnen,rensefisk,,,1691,Berggylt,79,deler av lokaliteten,1004,FLEKKEFJORD,10,Vest-Agder,58.225533,6.682717,1,Svenskegrensen til Jæren,
31,2013,28636,Rataren,rensefisk,,,1693,Bergnebb,17060,deler av lokaliteten,1620,FRØYA,16,Sør-Trøndelag,63.780884,8.517383,6,Nordmøre og Sør-Trøndelag,
31,2013,31959,Rataren II,rensefisk,,,1693,Bergnebb,15611,deler av lokaliteten,1620,FRØYA,16,Sør-Trøndelag,63.782383,8.526367,6,Nordmøre og Sør-Trøndelag,
31,2013,31958,Ratvika,medikamentell,badebehandling,Deltamethrin,,,,hele lokaliteten,1630,ÅFJORD,16,Sør-Trøndelag,63.97185,9.954783,6,Nordmøre og Sør-Trøndelag,
31,2013,22796,Renga S,rensefisk,,,1693,Bergnebb,5600,deler av lokaliteten,1836,RØDØY,18,Nordland,66.58685,13.09985,8,Helgeland til Bodø,
31,2013,29896,Renndalen,rensefisk,,,1694,Grøngylt,481,deler av lokaliteten,1571,HALSA,15,Møre og Romsdal,63.176167,8.616817,6,Nordmøre og Sør-Trøndelag,
31,2013,29896,Renndalen,rensefisk,,,1693,Bergnebb,2037,deler av lokaliteten,1571,HALSA,15,Møre og Romsdal,63.176167,8.616817,6,Nordmøre og Sør-Trøndelag,
31,2013,12281,Rogne,rensefisk,,,1693,Bergnebb,5960,deler av lokaliteten,1534,HARAM,15,Møre og Romsdal,62.667816,6.357217,5,Stadt til Hustadvika,
31,2013,29276,Rongøy,rensefisk,,,1693,Bergnebb,2805,deler av lokaliteten,1259,ØYGARDEN,12,Hordaland,60.509468,4.9314,4,Nordhordaland til Stadt,
31,2013,12126,Rossnes,rensefisk,,,1692,Annen leppefisk,2000,hele lokaliteten,1224,KVINNHERAD,12,Hordaland,59.759167,5.721467,3,Karmøy til Sotra,
31,2013,11770,Rotøy,rensefisk,,,1691,Berggylt,2500,hele lokaliteten,1259,ØYGARDEN,12,Hordaland,60.6826,4.759533,4,Nordhordaland til Stadt,
31,2013,13612,Rundereimstranda,rensefisk,,,1694,Grøngylt,811,deler av lokaliteten,1441,SELJE,14,Sogn og Fjordane,62.009968,5.331917,4,Nordhordaland til Stadt,
31,2013,13612,Rundereimstranda,rensefisk,,,1691,Berggylt,841,deler av lokaliteten,1441,SELJE,14,Sogn og Fjordane,62.009968,5.331917,4,Nordhordaland til Stadt,
31,2013,11758,Sauøy Ø,rensefisk,,,1693,Bergnebb,7531,deler av lokaliteten,1259,ØYGARDEN,12,Hordaland,60.592335,4.857833,4,Nordhordaland til Stadt,
31,2013,11758,Sauøy Ø,rensefisk,,,1691,Berggylt,378,deler av lokaliteten,1259,ØYGARDEN,12,Hordaland,60.592335,4.857833,4,Nordhordaland til Stadt,
31,2013,12244,Setevika,medikamentell,badebehandling,Deltamethrin,,,,deler av lokaliteten,1545,MIDSUND,15,Møre og Romsdal,62.728065,6.939283,5,Stadt til Hustadvika,
31,2013,12244,Setevika,rensefisk,,,1691,Berggylt,19,deler av lokaliteten,1545,MIDSUND,15,Møre og Romsdal,62.728065,6.939283,5,Stadt til Hustadvika,
31,2013,12244,Setevika,rensefisk,,,1694,Grøngylt,289,deler av lokaliteten,1545,MIDSUND,15,Møre og Romsdal,62.728065,6.939283,5,Stadt til Hustadvika,
31,2013,33017,Setevika Nord,medikamentell,badebehandling,Deltamethrin,,,,deler av lokaliteten,1545,MIDSUND,15,Møre og Romsdal,62.73835,6.937667,5,Stadt til Hustadvika,
31,2013,28256,Skår,rensefisk,,,1694,Grøngylt,246,deler av lokaliteten,1223,TYSNES,12,Hordaland,59.8994,5.532767,3,Karmøy til Sotra,
31,2013,28256,Skår,rensefisk,,,1691,Berggylt,168,deler av lokaliteten,1223,TYSNES,12,Hordaland,59.8994,5.532767,3,Karmøy til Sotra,
31,2013,12066,Skåtavågen,ikke-medikamentell,,,,,,hele lokaliteten,1241,FUSA,12,Hordaland,60.175117,5.589067,3,Karmøy til Sotra,
31,2013,11640,Skorpeosen,rensefisk,,,1694,Grøngylt,7687,deler av lokaliteten,1246,FJELL,12,Hordaland,60.332535,4.942783,3,Karmøy til Sotra,
31,2013,32877,Skorpo,rensefisk,,,1693,Bergnebb,2112,deler av lokaliteten,1243,OS I HORDALAND,12,Hordaland,60.173317,5.293683,3,Karmøy til Sotra,
31,2013,32877,Skorpo,rensefisk,,,1694,Grøngylt,8812,deler av lokaliteten,1243,OS I HORDALAND,12,Hordaland,60.173317,5.293683,3,Karmøy til Sotra,
31,2013,32877,Skorpo,rensefisk,,,1691,Berggylt,1165,deler av lokaliteten,1243,OS I HORDALAND,12,Hordaland,60.173317,5.293683,3,Karmøy til Sotra,
31,2013,25896,Skorpo,rensefisk,,,1694,Grøngylt,6000,hele lokaliteten,1223,TYSNES,12,Hordaland,59.8771,5.637667,3,Karmøy til Sotra,
31,2013,12108,Skorpo Nv,rensefisk,,,1694,Grøngylt,1621,deler av lokaliteten,1224,KVINNHERAD,12,Hordaland,59.950382,5.820483,3,Karmøy til Sotra,
31,2013,12108,Skorpo Nv,rensefisk,,,1691,Berggylt,634,deler av lokaliteten,1224,KVINNHERAD,12,Hordaland,59.950382,5.820483,3,Karmøy til Sotra,
31,2013,30997,Skrubbholmen,rensefisk,,,1693,Bergnebb,10722,deler av lokaliteten,1751,NÆRØY,17,Nord-Trøndelag,64.801735,11.162183,7,Nord-Trøndelag med Bindal,
31,2013,12965,Stølsvik,rensefisk,,,1693,Bergnebb,7000,hele lokaliteten,1146,TYSVÆR,11,Rogaland,59.405434,5.710833,2,Ryfylke,
31,2013,11971,Store Teistholmen Ø,rensefisk,,,1693,Bergnebb,1830,deler av lokaliteten,1102,SANDNES,11,Rogaland,58.976368,5.863067,2,Ryfylke,
31,2013,20776,Storoksen,rensefisk,,,1693,Bergnebb,9618,deler av lokaliteten,1247,ASKØY,12,Hordaland,60.530884,4.97325,4,Nordhordaland til Stadt,
31,2013,20776,Storoksen,rensefisk,,,1691,Berggylt,89,deler av lokaliteten,1247,ASKØY,12,Hordaland,60.530884,4.97325,4,Nordhordaland til Stadt,
31,2013,31338,Storskjeret,rensefisk,,,1694,Grøngylt,5788,deler av lokaliteten,1576,AURE,15,Møre og Romsdal,63.26985,8.228283,6,Nordmøre og Sør-Trøndelag,
31,2013,31338,Storskjeret,rensefisk,,,1691,Berggylt,1414,deler av lokaliteten,1576,AURE,15,Møre og Romsdal,63.26985,8.228283,6,Nordmøre og Sør-Trøndelag,
31,2013,11776,Sveholmane,medikamentell,badebehandling,Deltamethrin,,,,hele lokaliteten,1401,FLORA,14,Sogn og Fjordane,61.557716,5.215333,4,Nordhordaland til Stadt,
31,2013,11813,Svinøy V,rensefisk,,,1694,Grøngylt,560,hele lokaliteten,1429,FJALER,14,Sogn og Fjordane,61.3034,5.101717,4,Nordhordaland til Stadt,
31,2013,11813,Svinøy V,rensefisk,,,1693,Bergnebb,750,hele lokaliteten,1429,FJALER,14,Sogn og Fjordane,61.3034,5.101717,4,Nordhordaland til Stadt,
31,2013,11813,Svinøy V,rensefisk,,,1691,Berggylt,3110,hele lokaliteten,1429,FJALER,14,Sogn og Fjordane,61.3034,5.101717,4,Nordhordaland til Stadt,
31,2013,13196,Syltøy,rensefisk,,,1694,Grøngylt,1700,deler av lokaliteten,1245,SUND,12,Hordaland,60.304,4.966767,3,Karmøy til Sotra,
31,2013,10309,Syrtangen,rensefisk,,,1691,Berggylt,1460,hele lokaliteten,1259,ØYGARDEN,12,Hordaland,60.468468,4.965967,4,Nordhordaland til Stadt,
31,2013,10309,Syrtangen,rensefisk,,,1693,Bergnebb,3000,hele lokaliteten,1259,ØYGARDEN,12,Hordaland,60.468468,4.965967,4,Nordhordaland til Stadt,
31,2013,10582,Tarmevikodden,rensefisk,,,169520,Rødnebb,50,deler av lokaliteten,1004,FLEKKEFJORD,10,Vest-Agder,58.21977,6.685633,1,Svenskegrensen til Jæren,
31,2013,10582,Tarmevikodden,rensefisk,,,1694,Grøngylt,115,deler av lokaliteten,1004,FLEKKEFJORD,10,Vest-Agder,58.21977,6.685633,1,Svenskegrensen til Jæren,
31,2013,10582,Tarmevikodden,rensefisk,,,1692,Annen leppefisk,32,deler av lokaliteten,1004,FLEKKEFJORD,10,Vest-Agder,58.21977,6.685633,1,Svenskegrensen til Jæren,
31,2013,10582,Tarmevikodden,rensefisk,,,1691,Berggylt,168,deler av lokaliteten,1004,FLEKKEFJORD,10,Vest-Agder,58.21977,6.685633,1,Svenskegrensen til Jæren,
31,2013,12449,Tennøya,rensefisk,,,1693,Bergnebb,27463,hele lokaliteten,1620,FRØYA,16,Sør-Trøndelag,63.802567,8.433583,6,Nordmøre og Sør-Trøndelag,
31,2013,25815,Tittelsnes,rensefisk,,,1694,Grøngylt,3250,deler av lokaliteten,1216,SVEIO,12,Hordaland,59.723484,5.533483,3,Karmøy til Sotra,
31,2013,29336,Trælsøyosen,rensefisk,,,1691,Berggylt,537,deler av lokaliteten,1244,AUSTEVOLL,12,Hordaland,60.1178,5.2702,3,Karmøy til Sotra,
31,2013,29336,Trælsøyosen,rensefisk,,,1693,Bergnebb,7573,deler av lokaliteten,1244,AUSTEVOLL,12,Hordaland,60.1178,5.2702,3,Karmøy til Sotra,
31,2013,13562,Uføro,rensefisk,,,1692,Annen leppefisk,2500,hele lokaliteten,1221,STORD,12,Hordaland,59.877434,5.52725,3,Karmøy til Sotra,
31,2013,13837,Verpeide,rensefisk,,,1694,Grøngylt,983,deler av lokaliteten,1439,VÅGSØY,14,Sogn og Fjordane,61.902954,5.207967,4,Nordhordaland til Stadt,
31,2013,13837,Verpeide,rensefisk,,,1693,Bergnebb,1646,deler av lokaliteten,1439,VÅGSØY,14,Sogn og Fjordane,61.902954,5.207967,4,Nordhordaland til Stadt,
31,2013,13837,Verpeide,rensefisk,,,1692,Annen leppefisk,50,deler av lokaliteten,1439,VÅGSØY,14,Sogn og Fjordane,61.902954,5.207967,4,Nordhordaland til Stadt,
31,2013,12885,Vikageilen,rensefisk,,,1691,Berggylt,901,deler av lokaliteten,1505,KRISTIANSUND,15,Møre og Romsdal,63.075783,7.906067,6,Nordmøre og Sør-Trøndelag,
31,2013,29936,Ystadneset,rensefisk,,,1694,Grøngylt,15000,hele lokaliteten,1224,KVINNHERAD,12,Hordaland,59.977932,5.775083,3,Karmøy til Sotra,
30,2013,10331,Åkre,medikamentell,badebehandling,Azamethiphos,,,,deler av lokaliteten,1224,KVINNHERAD,12,Hordaland,60.112434,6.042483,3,Karmøy til Sotra,
30,2013,10331,Åkre,medikamentell,badebehandling,Deltamethrin,,,,deler av lokaliteten,1224,KVINNHERAD,12,Hordaland,60.112434,6.042483,3,Karmøy til Sotra,
30,2013,11756,Allersholmen,rensefisk,,,1691,Berggylt,430,hele lokaliteten,1264,AUSTRHEIM,12,Hordaland,60.77465,4.8536,4,Nordhordaland til Stadt,
30,2013,11756,Allersholmen,rensefisk,,,1691,Berggylt,300,hele lokaliteten,1264,AUSTRHEIM,12,Hordaland,60.77465,4.8536,4,Nordhordaland til Stadt,
30,2013,11513,Andal,rensefisk,,,1694,Grøngylt,2156,deler av lokaliteten,1219,BØMLO,12,Hordaland,59.63655,5.2466,3,Karmøy til Sotra,
30,2013,11513,Andal,rensefisk,,,1693,Bergnebb,1325,deler av lokaliteten,1219,BØMLO,12,Hordaland,59.63655,5.2466,3,Karmøy til Sotra,
30,2013,32277,Andholmen 1,rensefisk,,,1691,Berggylt,425,deler av lokaliteten,1573,SMØLA,15,Møre og Romsdal,63.469784,7.8556,6,Nordmøre og Sør-Trøndelag,
30,2013,32277,Andholmen 1,rensefisk,,,1694,Grøngylt,4710,deler av lokaliteten,1573,SMØLA,15,Møre og Romsdal,63.469784,7.8556,6,Nordmøre og Sør-Trøndelag,
30,2013,26795,Austvika,rensefisk,,,1693,Bergnebb,2177,hele lokaliteten,1749,FLATANGER,17,Nord-Trøndelag,64.41853,10.696033,7,Nord-Trøndelag med Bindal,
30,2013,12095,Bergadalen,rensefisk,,,1694,Grøngylt,6475,deler av lokaliteten,1238,KVAM,12,Hordaland,60.1216,5.908883,3,Karmøy til Sotra,
30,2013,12308,Bjørndal,rensefisk,,,1694,Grøngylt,1508,hele lokaliteten,1520,ØRSTA,15,Møre og Romsdal,62.274883,6.00285,5,Stadt til Hustadvika,
30,2013,12308,Bjørndal,rensefisk,,,1691,Berggylt,3858,hele lokaliteten,1520,ØRSTA,15,Møre og Romsdal,62.274883,6.00285,5,Stadt til Hustadvika,
30,2013,10256,Bondøya,medikamentell,badebehandling,Azamethiphos,,,,deler av lokaliteten,1750,VIKNA,17,Nord-Trøndelag,64.81715,10.7425,7,Nord-Trøndelag med Bindal,
30,2013,10256,Bondøya,medikamentell,badebehandling,Azamethiphos,,,,deler av lokaliteten,1750,VIKNA,17,Nord-Trøndelag,64.81715,10.7425,7,Nord-Trøndelag med Bindal,
30,2013,10256,Bondøya,medikamentell,badebehandling,Azamethiphos,,,,deler av lokaliteten,1750,VIKNA,17,Nord-Trøndelag,64.81715,10.7425,7,Nord-Trøndelag med Bindal,
30,2013,10256,Bondøya,medikamentell,badebehandling,Azamethiphos,,,,deler av lokaliteten,1750,VIKNA,17,Nord-Trøndelag,64.81715,10.7425,7,Nord-Trøndelag med Bindal,
30,2013,10256,Bondøya,medikamentell,badebehandling,Deltamethrin,,,,deler av lokaliteten,1750,VIKNA,17,Nord-Trøndelag,64.81715,10.7425,7,Nord-Trøndelag med Bindal,
30,2013,10256,Bondøya,medikamentell,badebehandling,Deltamethrin,,,,deler av lokaliteten,1750,VIKNA,17,Nord-Trøndelag,64.81715,10.7425,7,Nord-Trøndelag med Bindal,
30,2013,10256,Bondøya,medikamentell,badebehandling,Deltamethrin,,,,deler av lokaliteten,1750,VIKNA,17,Nord-Trøndelag,64.81715,10.7425,7,Nord-Trøndelag med Bindal,
30,2013,10256,Bondøya,medikamentell,badebehandling,Deltamethrin,,,,deler av lokaliteten,1750,VIKNA,17,Nord-Trøndelag,64.81715,10.7425,7,Nord-Trøndelag med Bindal,
30,2013,12040,Brandaskuta,rensefisk,,,1694,Grøngylt,13126,deler av lokaliteten,1224,KVINNHERAD,12,Hordaland,59.977615,5.912417,3,Karmøy til Sotra,
30,2013,12237,Brudevika,medikamentell,badebehandling,Cypermethrin,,,,hele lokaliteten,1511,VANYLVEN,15,Møre og Romsdal,62.116566,5.420717,5,Stadt til Hustadvika,
30,2013,12237,Brudevika,rensefisk,,,1691,Berggylt,870,deler av lokaliteten,1511,VANYLVEN,15,Møre og Romsdal,62.116566,5.420717,5,Stadt til Hustadvika,
30,2013,13841,Brunsvik,rensefisk,,,1693,Bergnebb,3200,deler av lokaliteten,1439,VÅGSØY,14,Sogn og Fjordane,61.910183,5.29085,4,Nordhordaland til Stadt,
30,2013,31038,Buarøy,rensefisk,,,1691,Berggylt,2474,deler av lokaliteten,1245,SUND,12,Hordaland,60.220066,5.21455,3,Karmøy til Sotra,
30,2013,31038,Buarøy,rensefisk,,,1693,Bergnebb,506,deler av lokaliteten,1245,SUND,12,Hordaland,60.220066,5.21455,3,Karmøy til Sotra,
30,2013,31038,Buarøy,rensefisk,,,1692,Annen leppefisk,6132,deler av lokaliteten,1245,SUND,12,Hordaland,60.220066,5.21455,3,Karmøy til Sotra,
30,2013,31038,Buarøy,rensefisk,,,1694,Grøngylt,7757,deler av lokaliteten,1245,SUND,12,Hordaland,60.220066,5.21455,3,Karmøy til Sotra,
30,2013,11543,Buholmen Ø,rensefisk,,,1693,Bergnebb,351,deler av lokaliteten,1244,AUSTEVOLL,12,Hordaland,60.0216,5.07985,3,Karmøy til Sotra,
30,2013,11543,Buholmen Ø,rensefisk,,,1692,Annen leppefisk,2000,deler av lokaliteten,1244,AUSTEVOLL,12,Hordaland,60.0216,5.07985,3,Karmøy til Sotra,
30,2013,11543,Buholmen Ø,rensefisk,,,1694,Grøngylt,2590,deler av lokaliteten,1244,AUSTEVOLL,12,Hordaland,60.0216,5.07985,3,Karmøy til Sotra,
30,2013,11543,Buholmen Ø,rensefisk,,,1691,Berggylt,667,deler av lokaliteten,1244,AUSTEVOLL,12,Hordaland,60.0216,5.07985,3,Karmøy til Sotra,
30,2013,14799,Djupestallen,rensefisk,,,1692,Annen leppefisk,4000,deler av lokaliteten,1223,TYSNES,12,Hordaland,60.058735,5.453,3,Karmøy til Sotra,
30,2013,14799,Djupestallen,rensefisk,,,1694,Grøngylt,1627,deler av lokaliteten,1223,TYSNES,12,Hordaland,60.058735,5.453,3,Karmøy til Sotra,
30,2013,14799,Djupestallen,rensefisk,,,1691,Berggylt,66,deler av lokaliteten,1223,TYSNES,12,Hordaland,60.058735,5.453,3,Karmøy til Sotra,
30,2013,32197,Dryna,rensefisk,,,1691,Berggylt,527,deler av lokaliteten,1545,MIDSUND,15,Møre og Romsdal,62.6444,6.5568,5,Stadt til Hustadvika,
30,2013,32197,Dryna,rensefisk,,,222120,Rognkjeks (hun),28600,deler av lokaliteten,1545,MIDSUND,15,Møre og Romsdal,62.6444,6.5568,5,Stadt til Hustadvika,
30,2013,32197,Dryna,rensefisk,,,1694,Grøngylt,4788,deler av lokaliteten,1545,MIDSUND,15,Møre og Romsdal,62.6444,6.5568,5,Stadt til Hustadvika,
30,2013,10045,Eidholmen,rensefisk,,,1691,Berggylt,2000,hele lokaliteten,1244,AUSTEVOLL,12,Hordaland,60.08808,5.120633,3,Karmøy til Sotra,
30,2013,10045,Eidholmen,rensefisk,,,1694,Grøngylt,6000,hele lokaliteten,1244,AUSTEVOLL,12,Hordaland,60.08808,5.120633,3,Karmøy til Sotra,
30,2013,25835,Flatøyflu,rensefisk,,,1694,Grøngylt,18382,deler av lokaliteten,1244,AUSTEVOLL,12,Hordaland,60.156433,5.232,3,Karmøy til Sotra,
30,2013,25835,Flatøyflu,rensefisk,,,1691,Berggylt,2750,deler av lokaliteten,1244,AUSTEVOLL,12,Hordaland,60.156433,5.232,3,Karmøy til Sotra,
30,2013,13669,Furneset,rensefisk,,,1694,Grøngylt,621,deler av lokaliteten,1535,VESTNES,15,Møre og Romsdal,62.6461,7.101183,5,Stadt til Hustadvika,
30,2013,11667,Gardskråneset,medikamentell,fôrbehandling,Diflubenzuron,,,,hele lokaliteten,1259,ØYGARDEN,12,Hordaland,60.53972,4.903867,4,Nordhordaland til Stadt,
30,2013,13852,Gjermundnes,rensefisk,,,1691,Berggylt,555,hele lokaliteten,1535,VESTNES,15,Møre og Romsdal,62.6275,7.192817,5,Stadt til Hustadvika,
30,2013,13852,Gjermundnes,rensefisk,,,1694,Grøngylt,7844,hele lokaliteten,1535,VESTNES,15,Møre og Romsdal,62.6275,7.192817,5,Stadt til Hustadvika,
30,2013,12265,Gudmundset,medikamentell,badebehandling,Azamethiphos,,,,deler av lokaliteten,1529,SKODJE,15,Møre og Romsdal,62.4527,6.602483,5,Stadt til Hustadvika,
30,2013,24735,Gulholmen,medikamentell,badebehandling,Annet virkestoff,,,,deler av lokaliteten,1243,OS I HORDALAND,12,Hordaland,60.1282,5.400467,3,Karmøy til Sotra,
30,2013,24735,Gulholmen,rensefisk,,,1691,Berggylt,245,deler av lokaliteten,1243,OS I HORDALAND,12,Hordaland,60.1282,5.400467,3,Karmøy til Sotra,
30,2013,24735,Gulholmen,rensefisk,,,1692,Annen leppefisk,1305,deler av lokaliteten,1243,OS I HORDALAND,12,Hordaland,60.1282,5.400467,3,Karmøy til Sotra,
30,2013,24735,Gulholmen,rensefisk,,,1693,Bergnebb,1600,deler av lokaliteten,1243,OS I HORDALAND,12,Hordaland,60.1282,5.400467,3,Karmøy til Sotra,
30,2013,12708,Haugsflesa,medikamentell,badebehandling,Annet virkestoff,,,,deler av lokaliteten,1755,LEKA,17,Nord-Trøndelag,65.04608,11.633522,7,Nord-Trøndelag med Bindal,
30,2013,12708,Haugsflesa,medikamentell,badebehandling,Deltamethrin,,,,deler av lokaliteten,1755,LEKA,17,Nord-Trøndelag,65.04608,11.633522,7,Nord-Trøndelag med Bindal,
30,2013,11783,Hella,rensefisk,,,1694,Grøngylt,5741,deler av lokaliteten,1428,ASKVOLL,14,Sogn og Fjordane,61.405834,5.0795,4,Nordhordaland til Stadt,
30,2013,11783,Hella,rensefisk,,,1691,Berggylt,718,deler av lokaliteten,1428,ASKVOLL,14,Sogn og Fjordane,61.405834,5.0795,4,Nordhordaland til Stadt,
30,2013,11783,Hella,rensefisk,,,1693,Bergnebb,717,deler av lokaliteten,1428,ASKVOLL,14,Sogn og Fjordane,61.405834,5.0795,4,Nordhordaland til Stadt,
30,2013,12590,Helligholmen,medikamentell,badebehandling,Azamethiphos,,,,deler av lokaliteten,1750,VIKNA,17,Nord-Trøndelag,64.83839,10.665517,7,Nord-Trøndelag med Bindal,
30,2013,12590,Helligholmen,medikamentell,badebehandling,Deltamethrin,,,,deler av lokaliteten,1750,VIKNA,17,Nord-Trøndelag,64.83839,10.665517,7,Nord-Trøndelag med Bindal,
30,2013,13235,Hessvik,medikamentell,badebehandling,Deltamethrin,,,,hele lokaliteten,1224,KVINNHERAD,12,Hordaland,60.127934,6.149933,3,Karmøy til Sotra,
30,2013,14136,Hestholmen Ø,rensefisk,,,1691,Berggylt,5230,deler av lokaliteten,1144,KVITSØY,11,Rogaland,59.061565,5.445683,2,Ryfylke,
30,2013,32757,Horgefjorden,rensefisk,,,1694,Grøngylt,3000,deler av lokaliteten,1244,AUSTEVOLL,12,Hordaland,60.09942,5.117883,3,Karmøy til Sotra,
30,2013,32757,Horgefjorden,rensefisk,,,1691,Berggylt,3000,deler av lokaliteten,1244,AUSTEVOLL,12,Hordaland,60.09942,5.117883,3,Karmøy til Sotra,
30,2013,19939,Høysteinen,medikamentell,badebehandling,Deltamethrin,,,,deler av lokaliteten,1224,KVINNHERAD,12,Hordaland,60.15665,6.048633,3,Karmøy til Sotra,
30,2013,25235,Humulen,medikamentell,badebehandling,Annet virkestoff,,,,hele lokaliteten,1750,VIKNA,17,Nord-Trøndelag,64.94607,11.370513,7,Nord-Trøndelag med Bindal,
30,2013,25235,Humulen,medikamentell,badebehandling,Annet virkestoff,,,,hele lokaliteten,1750,VIKNA,17,Nord-Trøndelag,64.94607,11.370513,7,Nord-Trøndelag med Bindal,
30,2013,18936,Igerøy Ø,rensefisk,,,1693,Bergnebb,14356,hele lokaliteten,1815,VEGA,18,Nordland,65.68622,12.138533,8,Helgeland til Bodø,
30,2013,10240,Ilsøya Ø,rensefisk,,,1693,Bergnebb,19000,hele lokaliteten,1617,HITRA,16,Sør-Trøndelag,63.651974,8.88687,6,Nordmøre og Sør-Trøndelag,
30,2013,12599,Indre Skjervøy,rensefisk,,,1693,Bergnebb,15000,hele lokaliteten,1633,OSEN,16,Sør-Trøndelag,64.2858,10.30905,6,Nordmøre og Sør-Trøndelag,
30,2013,14245,Jakobsteinsvika,medikamentell,badebehandling,Hydrogenperoksid,,,,deler av lokaliteten,1755,LEKA,17,Nord-Trøndelag,65.11352,11.7929,7,Nord-Trøndelag med Bindal,
30,2013,11665,Jibbersholmane,rensefisk,,,1691,Berggylt,6000,deler av lokaliteten,1260,RADØY,12,Hordaland,60.751484,4.885283,4,Nordhordaland til Stadt,
30,2013,13242,Juvika B,rensefisk,,,1694,Grøngylt,721,deler av lokaliteten,1438,BREMANGER,14,Sogn og Fjordane,61.895683,5.6331,4,Nordhordaland til Stadt,
30,2013,13242,Juvika B,rensefisk,,,1691,Berggylt,1382,deler av lokaliteten,1438,BREMANGER,14,Sogn og Fjordane,61.895683,5.6331,4,Nordhordaland til Stadt,
30,2013,22915,Kalsøyflu,rensefisk,,,1694,Grøngylt,25000,hele lokaliteten,1244,AUSTEVOLL,12,Hordaland,60.0398,5.117883,3,Karmøy til Sotra,
30,2013,22915,Kalsøyflu,rensefisk,,,1691,Berggylt,5000,hele lokaliteten,1244,AUSTEVOLL,12,Hordaland,60.0398,5.117883,3,Karmøy til Sotra,
30,2013,31517,Kamholmen,medikamentell,badebehandling,Azamethiphos,,,,hele lokaliteten,1620,FRØYA,16,Sør-Trøndelag,63.762417,8.882933,6,Nordmøre og Sør-Trøndelag,
30,2013,31517,Kamholmen,medikamentell,badebehandling,Deltamethrin,,,,hele lokaliteten,1620,FRØYA,16,Sør-Trøndelag,63.762417,8.882933,6,Nordmøre og Sør-Trøndelag,
30,2013,31517,Kamholmen,rensefisk,,,1694,Grøngylt,1791,hele lokaliteten,1620,FRØYA,16,Sør-Trøndelag,63.762417,8.882933,6,Nordmøre og Sør-Trøndelag,
30,2013,31517,Kamholmen,rensefisk,,,1691,Berggylt,2198,hele lokaliteten,1620,FRØYA,16,Sør-Trøndelag,63.762417,8.882933,6,Nordmøre og Sør-Trøndelag,
30,2013,14042,Kattholmen,rensefisk,,,1693,Bergnebb,7310,deler av lokaliteten,1620,FRØYA,16,Sør-Trøndelag,63.870968,8.679017,6,Nordmøre og Sør-Trøndelag,
30,2013,30437,Kattholmen II,rensefisk,,,1693,Bergnebb,19699,deler av lokaliteten,1620,FRØYA,16,Sør-Trøndelag,63.8661,8.675683,6,Nordmøre og Sør-Trøndelag,
30,2013,28976,Kelvesteinen,rensefisk,,,1692,Annen leppefisk,16371,deler av lokaliteten,1246,FJELL,12,Hordaland,60.4029,5.063717,3,Karmøy til Sotra,
30,2013,26135,Kjørsvikgrunn,rensefisk,,,1693,Bergnebb,51531,deler av lokaliteten,1612,HEMNE,16,Sør-Trøndelag,63.457565,9.076,6,Nordmøre og Sør-Trøndelag,
30,2013,24455,Klavelandet,rensefisk,,,1693,Bergnebb,787,deler av lokaliteten,1401,FLORA,14,Sogn og Fjordane,61.60425,5.184067,4,Nordhordaland til Stadt,
30,2013,24455,Klavelandet,rensefisk,,,1694,Grøngylt,6292,deler av lokaliteten,1401,FLORA,14,Sogn og Fjordane,61.60425,5.184067,4,Nordhordaland til Stadt,
30,2013,24455,Klavelandet,rensefisk,,,1691,Berggylt,786,deler av lokaliteten,1401,FLORA,14,Sogn og Fjordane,61.60425,5.184067,4,Nordhordaland til Stadt,
30,2013,11534,Klungsholmen,rensefisk,,,1691,Berggylt,1130,deler av lokaliteten,1219,BØMLO,12,Hordaland,59.596783,5.161567,3,Karmøy til Sotra,
30,2013,11534,Klungsholmen,rensefisk,,,1694,Grøngylt,4360,deler av lokaliteten,1219,BØMLO,12,Hordaland,59.596783,5.161567,3,Karmøy til Sotra,
30,2013,10224,Korsneset,rensefisk,,,1691,Berggylt,653,deler av lokaliteten,1571,HALSA,15,Møre og Romsdal,63.142735,8.224933,6,Nordmøre og Sør-Trøndelag,
30,2013,10224,Korsneset,rensefisk,,,1694,Grøngylt,135,deler av lokaliteten,1571,HALSA,15,Møre og Romsdal,63.142735,8.224933,6,Nordmøre og Sør-Trøndelag,
30,2013,32097,Korsneset 2,rensefisk,,,1691,Berggylt,679,deler av lokaliteten,1571,HALSA,15,Møre og Romsdal,63.1413,8.21335,6,Nordmøre og Sør-Trøndelag,
30,2013,32097,Korsneset 2,rensefisk,,,1694,Grøngylt,110,deler av lokaliteten,1571,HALSA,15,Møre og Romsdal,63.1413,8.21335,6,Nordmøre og Sør-Trøndelag,
30,2013,30297,Krabbholmen,medikamentell,badebehandling,Deltamethrin,,,,deler av lokaliteten,1630,ÅFJORD,16,Sør-Trøndelag,63.94438,9.880667,6,Nordmøre og Sør-Trøndelag,
30,2013,33177,Krabbholmen II,medikamentell,badebehandling,Deltamethrin,,,,deler av lokaliteten,1630,ÅFJORD,16,Sør-Trøndelag,63.9399,9.88575,6,Nordmøre og Sør-Trøndelag,
30,2013,12652,Kråkøya,medikamentell,fôrbehandling,Emamectin benzoat,,,,hele lokaliteten,1750,VIKNA,17,Nord-Trøndelag,65.00383,11.041483,7,Nord-Trøndelag med Bindal,
30,2013,14040,Krigsholmen,rensefisk,,,1694,Grøngylt,1200,hele lokaliteten,1244,AUSTEVOLL,12,Hordaland,60.081383,5.124117,3,Karmøy til Sotra,
30,2013,14040,Krigsholmen,rensefisk,,,1691,Berggylt,500,hele lokaliteten,1244,AUSTEVOLL,12,Hordaland,60.081383,5.124117,3,Karmøy til Sotra,
30,2013,18217,Kvaløy Øst,rensefisk,,,1691,Berggylt,434,hele lokaliteten,1149,KARMØY,11,Rogaland,59.396633,5.171083,3,Karmøy til Sotra,
30,2013,18217,Kvaløy Øst,rensefisk,,,1694,Grøngylt,6936,hele lokaliteten,1149,KARMØY,11,Rogaland,59.396633,5.171083,3,Karmøy til Sotra,
30,2013,18217,Kvaløy Øst,rensefisk,,,1693,Bergnebb,9681,hele lokaliteten,1149,KARMØY,11,Rogaland,59.396633,5.171083,3,Karmøy til Sotra,
30,2013,22775,Kvaløya,medikamentell,fôrbehandling,Emamectin benzoat,,,,hele lokaliteten,1750,VIKNA,17,Nord-Trøndelag,65.001915,11.058617,7,Nord-Trøndelag med Bindal,
30,2013,12213,Kvangardsnes,rensefisk,,,1691,Berggylt,2361,hele lokaliteten,1519,VOLDA,15,Møre og Romsdal,62.145317,5.94545,5,Stadt til Hustadvika,
30,2013,12213,Kvangardsnes,rensefisk,,,1693,Bergnebb,15071,hele lokaliteten,1519,VOLDA,15,Møre og Romsdal,62.145317,5.94545,5,Stadt til Hustadvika,
30,2013,20595,Kyrholmen S,rensefisk,,,1694,Grøngylt,3915,deler av lokaliteten,1244,AUSTEVOLL,12,Hordaland,60.162018,5.205567,3,Karmøy til Sotra,
30,2013,20595,Kyrholmen S,rensefisk,,,1693,Bergnebb,642,deler av lokaliteten,1244,AUSTEVOLL,12,Hordaland,60.162018,5.205567,3,Karmøy til Sotra,
30,2013,30076,Kyrøyene,rensefisk,,,1693,Bergnebb,13138,deler av lokaliteten,1750,VIKNA,17,Nord-Trøndelag,64.7635,10.807333,7,Nord-Trøndelag med Bindal,
30,2013,10898,Lamholmen,medikamentell,badebehandling,Hydrogenperoksid,,,,deler av lokaliteten,1813,BRØNNØY,18,Nordland,65.47093,12.1338,8,Helgeland til Bodø,
30,2013,11928,Langavika,medikamentell,badebehandling,Deltamethrin,,,,hele lokaliteten,1133,HJELMELAND,11,Rogaland,59.232067,6.008317,2,Ryfylke,
30,2013,11928,Langavika,ikke-medikamentell,,,,,,hele lokaliteten,1133,HJELMELAND,11,Rogaland,59.232067,6.008317,2,Ryfylke,
30,2013,11116,Langholmen,medikamentell,badebehandling,Azamethiphos,,,,hele lokaliteten,1838,GILDESKÅL,18,Nordland,67.05762,14.025033,8,Helgeland til Bodø,
30,2013,11116,Langholmen,medikamentell,badebehandling,Deltamethrin,,,,hele lokaliteten,1838,GILDESKÅL,18,Nordland,67.05762,14.025033,8,Helgeland til Bodø,
30,2013,26295,Langøy,rensefisk,,,1694,Grøngylt,10346,hele lokaliteten,1263,LINDÅS,12,Hordaland,60.77775,5.1589,4,Nordhordaland til Stadt,
30,2013,13055,Langøyna Ø,rensefisk,,,1693,Bergnebb,1500,hele lokaliteten,1146,TYSVÆR,11,Rogaland,59.2983,5.713333,2,Ryfylke,
30,2013,20559,Langskjæra,rensefisk,,,1692,Annen leppefisk,42,deler av lokaliteten,1620,FRØYA,16,Sør-Trøndelag,63.8225,8.75505,6,Nordmøre og Sør-Trøndelag,
30,2013,20559,Langskjæra,rensefisk,,,1693,Bergnebb,6665,deler av lokaliteten,1620,FRØYA,16,Sør-Trøndelag,63.8225,8.75505,6,Nordmøre og Sør-Trøndelag,
30,2013,11438,Lauplandsholmen,rensefisk,,,1694,Grøngylt,6829,deler av lokaliteten,1145,BOKN,11,Rogaland,59.179733,5.472633,2,Ryfylke,
30,2013,12701,Lekafjorden,ikke-medikamentell,,,,,,deler av lokaliteten,1755,LEKA,17,Nord-Trøndelag,65.07068,11.724255,7,Nord-Trøndelag med Bindal,
30,2013,14039,Litle Lunnøy,rensefisk,,,1694,Grøngylt,1000,hele lokaliteten,1244,AUSTEVOLL,12,Hordaland,60.0199,5.16775,3,Karmøy til Sotra,
30,2013,14039,Litle Lunnøy,rensefisk,,,1691,Berggylt,500,hele lokaliteten,1244,AUSTEVOLL,12,Hordaland,60.0199,5.16775,3,Karmøy til Sotra,
30,2013,10232,Mannbruholmen,rensefisk,,,1693,Bergnebb,195,deler av lokaliteten,1620,FRØYA,16,Sør-Trøndelag,63.847267,8.536083,6,Nordmøre og Sør-Trøndelag,
30,2013,13541,Midtflua,medikamentell,badebehandling,Deltamethrin,,,,deler av lokaliteten,1223,TYSNES,12,Hordaland,60.076267,5.466533,3,Karmøy til Sotra,
30,2013,13541,Midtflua,medikamentell,badebehandling,Deltamethrin,,,,deler av lokaliteten,1223,TYSNES,12,Hordaland,60.076267,5.466533,3,Karmøy til Sotra,
30,2013,13541,Midtflua,rensefisk,,,1692,Annen leppefisk,5540,deler av lokaliteten,1223,TYSNES,12,Hordaland,60.076267,5.466533,3,Karmøy til Sotra,
30,2013,13541,Midtflua,rensefisk,,,1691,Berggylt,323,deler av lokaliteten,1223,TYSNES,12,Hordaland,60.076267,5.466533,3,Karmøy til Sotra,
30,2013,13629,Munkholmen,rensefisk,,,1694,Grøngylt,2135,hele lokaliteten,1146,TYSVÆR,11,Rogaland,59.285484,5.631317,2,Ryfylke,
30,2013,13629,Munkholmen,rensefisk,,,1693,Bergnebb,3345,hele lokaliteten,1146,TYSVÆR,11,Rogaland,59.285484,5.631317,2,Ryfylke,
30,2013,11611,Naveide,rensefisk,,,1692,Annen leppefisk,310,deler av lokaliteten,1244,AUSTEVOLL,12,Hordaland,60.13907,5.112783,3,Karmøy til Sotra,
30,2013,11611,Naveide,rensefisk,,,1694,Grøngylt,1262,deler av lokaliteten,1244,AUSTEVOLL,12,Hordaland,60.13907,5.112783,3,Karmøy til Sotra,
30,2013,11611,Naveide,rensefisk,,,1691,Berggylt,1817,deler av lokaliteten,1244,AUSTEVOLL,12,Hordaland,60.13907,5.112783,3,Karmøy til Sotra,
30,2013,31697,Oksen,rensefisk,,,169510,Blåstål,1089,deler av lokaliteten,1246,FJELL,12,Hordaland,60.43382,4.9411,3,Karmøy til Sotra,
30,2013,31697,Oksen,rensefisk,,,1694,Grøngylt,1088,deler av lokaliteten,1246,FJELL,12,Hordaland,60.43382,4.9411,3,Karmøy til Sotra,
30,2013,31697,Oksen,rensefisk,,,1693,Bergnebb,1090,deler av lokaliteten,1246,FJELL,12,Hordaland,60.43382,4.9411,3,Karmøy til Sotra,
30,2013,31697,Oksen,rensefisk,,,1692,Annen leppefisk,1088,deler av lokaliteten,1246,FJELL,12,Hordaland,60.43382,4.9411,3,Karmøy til Sotra,
30,2013,31697,Oksen,rensefisk,,,1691,Berggylt,1090,deler av lokaliteten,1246,FJELL,12,Hordaland,60.43382,4.9411,3,Karmøy til Sotra,
30,2013,30559,Øksneset,rensefisk,,,1693,Bergnebb,1200,hele lokaliteten,1264,AUSTRHEIM,12,Hordaland,60.811882,4.8644,4,Nordhordaland til Stadt,
30,2013,30559,Øksneset,rensefisk,,,1691,Berggylt,5000,hele lokaliteten,1264,AUSTRHEIM,12,Hordaland,60.811882,4.8644,4,Nordhordaland til Stadt,
30,2013,13345,Oterstegdalen,rensefisk,,,1694,Grøngylt,1263,hele lokaliteten,1241,FUSA,12,Hordaland,60.23545,5.638267,3,Karmøy til Sotra,
30,2013,11854,Pinnen,rensefisk,,,1694,Grøngylt,33,deler av lokaliteten,1004,FLEKKEFJORD,10,Vest-Agder,58.225533,6.682717,1,Svenskegrensen til Jæren,
30,2013,11854,Pinnen,rensefisk,,,1691,Berggylt,145,deler av lokaliteten,1004,FLEKKEFJORD,10,Vest-Agder,58.225533,6.682717,1,Svenskegrensen til Jæren,
30,2013,10149,Rafdal,rensefisk,,,1694,Grøngylt,674,hele lokaliteten,1211,ETNE,12,Hordaland,59.790916,6.176567,3,Karmøy til Sotra,
30,2013,10149,Rafdal,rensefisk,,,1693,Bergnebb,1324,hele lokaliteten,1211,ETNE,12,Hordaland,59.790916,6.176567,3,Karmøy til Sotra,
30,2013,10149,Rafdal,rensefisk,,,1692,Annen leppefisk,300,hele lokaliteten,1211,ETNE,12,Hordaland,59.790916,6.176567,3,Karmøy til Sotra,
30,2013,10149,Rafdal,rensefisk,,,1691,Berggylt,350,hele lokaliteten,1211,ETNE,12,Hordaland,59.790916,6.176567,3,Karmøy til Sotra,
30,2013,12366,Raskjæret,rensefisk,,,1693,Bergnebb,7660,hele lokaliteten,1620,FRØYA,16,Sør-Trøndelag,63.7934,8.851846,6,Nordmøre og Sør-Trøndelag,
30,2013,28636,Rataren,rensefisk,,,1691,Berggylt,6143,deler av lokaliteten,1620,FRØYA,16,Sør-Trøndelag,63.780884,8.517383,6,Nordmøre og Sør-Trøndelag,
30,2013,28636,Rataren,rensefisk,,,1693,Bergnebb,19699,deler av lokaliteten,1620,FRØYA,16,Sør-Trøndelag,63.780884,8.517383,6,Nordmøre og Sør-Trøndelag,
30,2013,31959,Rataren II,rensefisk,,,1693,Bergnebb,8076,deler av lokaliteten,1620,FRØYA,16,Sør-Trøndelag,63.782383,8.526367,6,Nordmøre og Sør-Trøndelag,
30,2013,13867,Raunevågen,rensefisk,,,1693,Bergnebb,5893,deler av lokaliteten,1216,SVEIO,12,Hordaland,59.65798,5.533667,3,Karmøy til Sotra,
30,2013,12406,Rauodden,rensefisk,,,1694,Grøngylt,1100,deler av lokaliteten,1617,HITRA,16,Sør-Trøndelag,63.66516,8.879338,6,Nordmøre og Sør-Trøndelag,
30,2013,12406,Rauodden,rensefisk,,,1691,Berggylt,1100,deler av lokaliteten,1617,HITRA,16,Sør-Trøndelag,63.66516,8.879338,6,Nordmøre og Sør-Trøndelag,
30,2013,29896,Renndalen,rensefisk,,,1694,Grøngylt,445,deler av lokaliteten,1571,HALSA,15,Møre og Romsdal,63.176167,8.616817,6,Nordmøre og Sør-Trøndelag,
30,2013,29896,Renndalen,rensefisk,,,1693,Bergnebb,686,deler av lokaliteten,1571,HALSA,15,Møre og Romsdal,63.176167,8.616817,6,Nordmøre og Sør-Trøndelag,
30,2013,29276,Rongøy,rensefisk,,,1693,Bergnebb,13072,deler av lokaliteten,1259,ØYGARDEN,12,Hordaland,60.509468,4.9314,4,Nordhordaland til Stadt,
30,2013,12794,Rundklumpen,medikamentell,badebehandling,Azamethiphos,,,,hele lokaliteten,1627,BJUGN,16,Sør-Trøndelag,63.8012,9.607983,6,Nordmøre og Sør-Trøndelag,
30,2013,12794,Rundklumpen,medikamentell,badebehandling,Deltamethrin,,,,hele lokaliteten,1627,BJUGN,16,Sør-Trøndelag,63.8012,9.607983,6,Nordmøre og Sør-Trøndelag,
30,2013,10328,Sagvik,rensefisk,,,1694,Grøngylt,3100,deler av lokaliteten,1238,KVAM,12,Hordaland,60.141033,5.906933,3,Karmøy til Sotra,
30,2013,10328,Sagvik,rensefisk,,,1693,Bergnebb,50,deler av lokaliteten,1238,KVAM,12,Hordaland,60.141033,5.906933,3,Karmøy til Sotra,
30,2013,10328,Sagvik,rensefisk,,,1692,Annen leppefisk,250,deler av lokaliteten,1238,KVAM,12,Hordaland,60.141033,5.906933,3,Karmøy til Sotra,
30,2013,10328,Sagvik,rensefisk,,,1691,Berggylt,33,deler av lokaliteten,1238,KVAM,12,Hordaland,60.141033,5.906933,3,Karmøy til Sotra,
30,2013,11888,Sandvik,rensefisk,,,1691,Berggylt,201,deler av lokaliteten,1134,SULDAL,11,Rogaland,59.31445,6.170917,2,Ryfylke,
30,2013,11888,Sandvik,rensefisk,,,1694,Grøngylt,797,deler av lokaliteten,1134,SULDAL,11,Rogaland,59.31445,6.170917,2,Ryfylke,
30,2013,11758,Sauøy Ø,rensefisk,,,1691,Berggylt,151,deler av lokaliteten,1259,ØYGARDEN,12,Hordaland,60.592335,4.857833,4,Nordhordaland til Stadt,
30,2013,11758,Sauøy Ø,rensefisk,,,1693,Bergnebb,1346,deler av lokaliteten,1259,ØYGARDEN,12,Hordaland,60.592335,4.857833,4,Nordhordaland til Stadt,
30,2013,19855,Segelråa,medikamentell,badebehandling,Deltamethrin,,,,hele lokaliteten,1576,AURE,15,Møre og Romsdal,63.149746,8.12855,6,Nordmøre og Sør-Trøndelag,
30,2013,19855,Segelråa,medikamentell,badebehandling,Deltamethrin,,,,hele lokaliteten,1576,AURE,15,Møre og Romsdal,63.149746,8.12855,6,Nordmøre og Sør-Trøndelag,
30,2013,19855,Segelråa,medikamentell,badebehandling,Deltamethrin,,,,hele lokaliteten,1576,AURE,15,Møre og Romsdal,63.149746,8.12855,6,Nordmøre og Sør-Trøndelag,
30,2013,19855,Segelråa,medikamentell,badebehandling,Deltamethrin,,,,hele lokaliteten,1576,AURE,15,Møre og Romsdal,63.149746,8.12855,6,Nordmøre og Sør-Trøndelag,
30,2013,19855,Segelråa,medikamentell,badebehandling,Deltamethrin,,,,hele lokaliteten,1576,AURE,15,Møre og Romsdal,63.149746,8.12855,6,Nordmøre og Sør-Trøndelag,
30,2013,19855,Segelråa,medikamentell,badebehandling,Deltamethrin,,,,hele lokaliteten,1576,AURE,15,Møre og Romsdal,63.149746,8.12855,6,Nordmøre og Sør-Trøndelag,
30,2013,19855,Segelråa,medikamentell,badebehandling,Deltamethrin,,,,hele lokaliteten,1576,AURE,15,Møre og Romsdal,63.149746,8.12855,6,Nordmøre og Sør-Trøndelag,
30,2013,19855,Segelråa,medikamentell,badebehandling,Deltamethrin,,,,hele lokaliteten,1576,AURE,15,Møre og Romsdal,63.149746,8.12855,6,Nordmøre og Sør-Trøndelag,
30,2013,24115,Singsholmen,rensefisk,,,222120,Rognkjeks (hun),29513,deler av lokaliteten,1617,HITRA,16,Sør-Trøndelag,63.41975,8.411617,6,Nordmøre og Sør-Trøndelag,
30,2013,28256,Skår,rensefisk,,,1694,Grøngylt,1415,deler av lokaliteten,1223,TYSNES,12,Hordaland,59.8994,5.532767,3,Karmøy til Sotra,
30,2013,28256,Skår,rensefisk,,,1691,Berggylt,15,deler av lokaliteten,1223,TYSNES,12,Hordaland,59.8994,5.532767,3,Karmøy til Sotra,
30,2013,12066,Skåtavågen,ikke-medikamentell,,,,,,hele lokaliteten,1241,FUSA,12,Hordaland,60.175117,5.589067,3,Karmøy til Sotra,
30,2013,12066,Skåtavågen,rensefisk,,,1694,Grøngylt,2842,deler av lokaliteten,1241,FUSA,12,Hordaland,60.175117,5.589067,3,Karmøy til Sotra,
30,2013,12066,Skåtavågen,rensefisk,,,1693,Bergnebb,90,deler av lokaliteten,1241,FUSA,12,Hordaland,60.175117,5.589067,3,Karmøy til Sotra,
30,2013,12066,Skåtavågen,rensefisk,,,1692,Annen leppefisk,90,deler av lokaliteten,1241,FUSA,12,Hordaland,60.175117,5.589067,3,Karmøy til Sotra,
30,2013,12066,Skåtavågen,rensefisk,,,1691,Berggylt,430,deler av lokaliteten,1241,FUSA,12,Hordaland,60.175117,5.589067,3,Karmøy til Sotra,
30,2013,10327,Skiftesneset S,medikamentell,badebehandling,Azamethiphos,,,,hele lokaliteten,1241,FUSA,12,Hordaland,60.066666,5.7434,3,Karmøy til Sotra,
30,2013,10327,Skiftesneset S,medikamentell,badebehandling,Deltamethrin,,,,hele lokaliteten,1241,FUSA,12,Hordaland,60.066666,5.7434,3,Karmøy til Sotra,
30,2013,11640,Skorpeosen,rensefisk,,,1694,Grøngylt,12141,deler av lokaliteten,1246,FJELL,12,Hordaland,60.332535,4.942783,3,Karmøy til Sotra,
30,2013,32877,Skorpo,rensefisk,,,1691,Berggylt,1185,deler av lokaliteten,1243,OS I HORDALAND,12,Hordaland,60.173317,5.293683,3,Karmøy til Sotra,
30,2013,32877,Skorpo,rensefisk,,,1694,Grøngylt,8241,deler av lokaliteten,1243,OS I HORDALAND,12,Hordaland,60.173317,5.293683,3,Karmøy til Sotra,
30,2013,12108,Skorpo Nv,rensefisk,,,1694,Grøngylt,2809,deler av lokaliteten,1224,KVINNHERAD,12,Hordaland,59.950382,5.820483,3,Karmøy til Sotra,
30,2013,12108,Skorpo Nv,rensefisk,,,1691,Berggylt,1263,deler av lokaliteten,1224,KVINNHERAD,12,Hordaland,59.950382,5.820483,3,Karmøy til Sotra,
30,2013,28096,Slåttenes,rensefisk,,,1691,Berggylt,2651,deler av lokaliteten,1224,KVINNHERAD,12,Hordaland,59.83222,5.984267,3,Karmøy til Sotra,
30,2013,12712,Slokkholmen Ø,medikamentell,badebehandling,Hydrogenperoksid,,,,hele lokaliteten,1755,LEKA,17,Nord-Trøndelag,65.04093,11.484783,7,Nord-Trøndelag med Bindal,
30,2013,27436,Solværet,medikamentell,badebehandling,Deltamethrin,,,,deler av lokaliteten,1573,SMØLA,15,Møre og Romsdal,63.255,7.856933,6,Nordmøre og Sør-Trøndelag,
30,2013,12965,Stølsvik,rensefisk,,,1693,Bergnebb,7000,hele lokaliteten,1146,TYSVÆR,11,Rogaland,59.405434,5.710833,2,Ryfylke,
30,2013,31338,Storskjeret,rensefisk,,,1691,Berggylt,4916,deler av lokaliteten,1576,AURE,15,Møre og Romsdal,63.26985,8.228283,6,Nordmøre og Sør-Trøndelag,
30,2013,31338,Storskjeret,rensefisk,,,1694,Grøngylt,7333,deler av lokaliteten,1576,AURE,15,Møre og Romsdal,63.26985,8.228283,6,Nordmøre og Sør-Trøndelag,
30,2013,26235,Stualand,rensefisk,,,1691,Berggylt,6109,deler av lokaliteten,1216,SVEIO,12,Hordaland,59.6088,5.5269,3,Karmøy til Sotra,
30,2013,11813,Svinøy V,rensefisk,,,1693,Bergnebb,100,deler av lokaliteten,1429,FJALER,14,Sogn og Fjordane,61.3034,5.101717,4,Nordhordaland til Stadt,
30,2013,11813,Svinøy V,rensefisk,,,1694,Grøngylt,3930,deler av lokaliteten,1429,FJALER,14,Sogn og Fjordane,61.3034,5.101717,4,Nordhordaland til Stadt,
30,2013,11813,Svinøy V,rensefisk,,,1691,Berggylt,436,deler av lokaliteten,1429,FJALER,14,Sogn og Fjordane,61.3034,5.101717,4,Nordhordaland til Stadt,
30,2013,10545,Sylsnes,medikamentell,badebehandling,Deltamethrin,,,,hele lokaliteten,1928,TORSKEN,19,Troms,69.335266,17.076218,10,Andøya til Senja,
30,2013,13196,Syltøy,rensefisk,,,1694,Grøngylt,1000,deler av lokaliteten,1245,SUND,12,Hordaland,60.304,4.966767,3,Karmøy til Sotra,
30,2013,13196,Syltøy,rensefisk,,,1693,Bergnebb,2500,deler av lokaliteten,1245,SUND,12,Hordaland,60.304,4.966767,3,Karmøy til Sotra,
30,2013,10309,Syrtangen,medikamentell,fôrbehandling,Diflubenzuron,,,,hele lokaliteten,1259,ØYGARDEN,12,Hordaland,60.468468,4.965967,4,Nordhordaland til Stadt,
30,2013,10309,Syrtangen,rensefisk,,,1694,Grøngylt,5760,hele lokaliteten,1259,ØYGARDEN,12,Hordaland,60.468468,4.965967,4,Nordhordaland til Stadt,
30,2013,10309,Syrtangen,rensefisk,,,1693,Bergnebb,5000,hele lokaliteten,1259,ØYGARDEN,12,Hordaland,60.468468,4.965967,4,Nordhordaland til Stadt,
30,2013,13057,Teigland I,rensefisk,,,1694,Grøngylt,2800,deler av lokaliteten,1238,KVAM,12,Hordaland,60.17935,5.959917,3,Karmøy til Sotra,
30,2013,13057,Teigland I,rensefisk,,,1693,Bergnebb,826,deler av lokaliteten,1238,KVAM,12,Hordaland,60.17935,5.959917,3,Karmøy til Sotra,
30,2013,13057,Teigland I,rensefisk,,,1692,Annen leppefisk,187,deler av lokaliteten,1238,KVAM,12,Hordaland,60.17935,5.959917,3,Karmøy til Sotra,
30,2013,13057,Teigland I,rensefisk,,,1691,Berggylt,28,deler av lokaliteten,1238,KVAM,12,Hordaland,60.17935,5.959917,3,Karmøy til Sotra,
30,2013,21755,Tendalsvik,rensefisk,,,1694,Grøngylt,8158,deler av lokaliteten,1211,ETNE,12,Hordaland,59.73605,5.884,3,Karmøy til Sotra,
30,2013,21755,Tendalsvik,rensefisk,,,1693,Bergnebb,595,deler av lokaliteten,1211,ETNE,12,Hordaland,59.73605,5.884,3,Karmøy til Sotra,
30,2013,21755,Tendalsvik,rensefisk,,,1692,Annen leppefisk,300,deler av lokaliteten,1211,ETNE,12,Hordaland,59.73605,5.884,3,Karmøy til Sotra,
30,2013,21755,Tendalsvik,rensefisk,,,1691,Berggylt,231,deler av lokaliteten,1211,ETNE,12,Hordaland,59.73605,5.884,3,Karmøy til Sotra,
30,2013,25815,Tittelsnes,rensefisk,,,2221,Rognkjeks (felles),37800,hele lokaliteten,1216,SVEIO,12,Hordaland,59.723484,5.533483,3,Karmøy til Sotra,
30,2013,25815,Tittelsnes,rensefisk,,,1694,Grøngylt,3000,hele lokaliteten,1216,SVEIO,12,Hordaland,59.723484,5.533483,3,Karmøy til Sotra,
30,2013,29336,Trælsøyosen,rensefisk,,,1693,Bergnebb,18604,deler av lokaliteten,1244,AUSTEVOLL,12,Hordaland,60.1178,5.2702,3,Karmøy til Sotra,
30,2013,29336,Trælsøyosen,rensefisk,,,1691,Berggylt,1776,deler av lokaliteten,1244,AUSTEVOLL,12,Hordaland,60.1178,5.2702,3,Karmøy til Sotra,
30,2013,13562,Uføro,rensefisk,,,1692,Annen leppefisk,6000,hele lokaliteten,1221,STORD,12,Hordaland,59.877434,5.52725,3,Karmøy til Sotra,
30,2013,13570,Ulværholmen,rensefisk,,,1691,Berggylt,2859,deler av lokaliteten,1617,HITRA,16,Sør-Trøndelag,63.598217,9.116583,6,Nordmøre og Sør-Trøndelag,
30,2013,13570,Ulværholmen,rensefisk,,,1694,Grøngylt,1167,deler av lokaliteten,1617,HITRA,16,Sør-Trøndelag,63.598217,9.116583,6,Nordmøre og Sør-Trøndelag,
30,2013,24135,Utåker,rensefisk,,,1694,Grøngylt,150,deler av lokaliteten,1224,KVINNHERAD,12,Hordaland,59.776333,5.9001,3,Karmøy til Sotra,
30,2013,24135,Utåker,rensefisk,,,1691,Berggylt,50,deler av lokaliteten,1224,KVINNHERAD,12,Hordaland,59.776333,5.9001,3,Karmøy til Sotra,
30,2013,13837,Verpeide,rensefisk,,,1694,Grøngylt,120,deler av lokaliteten,1439,VÅGSØY,14,Sogn og Fjordane,61.902954,5.207967,4,Nordhordaland til Stadt,
30,2013,13837,Verpeide,rensefisk,,,1693,Bergnebb,1080,deler av lokaliteten,1439,VÅGSØY,14,Sogn og Fjordane,61.902954,5.207967,4,Nordhordaland til Stadt,
30,2013,29936,Ystadneset,medikamentell,badebehandling,Deltamethrin,,,,hele lokaliteten,1224,KVINNHERAD,12,Hordaland,59.977932,5.775083,3,Karmøy til Sotra,
29,2013,11179,Alterosen,medikamentell,badebehandling,Annet virkestoff,,,,hele lokaliteten,1865,VÅGAN,18,Nordland,68.20734,14.446733,9,Vestfjorden og Vesterålen,
29,2013,32277,Andholmen 1,rensefisk,,,1694,Grøngylt,3328,deler av lokaliteten,1573,SMØLA,15,Møre og Romsdal,63.469784,7.8556,6,Nordmøre og Sør-Trøndelag,
29,2013,32277,Andholmen 1,rensefisk,,,1691,Berggylt,386,deler av lokaliteten,1573,SMØLA,15,Møre og Romsdal,63.469784,7.8556,6,Nordmøre og Sør-Trøndelag,
29,2013,32297,Andholmen 2,rensefisk,,,1694,Grøngylt,2274,deler av lokaliteten,1573,SMØLA,15,Møre og Romsdal,63.46745,7.847167,6,Nordmøre og Sør-Trøndelag,
29,2013,11119,Arnøysundet,rensefisk,,,1691,Berggylt,2413,deler av lokaliteten,1838,GILDESKÅL,18,Nordland,67.14978,13.991,8,Helgeland til Bodø,
29,2013,26795,Austvika,rensefisk,,,1694,Grøngylt,2,hele lokaliteten,1749,FLATANGER,17,Nord-Trøndelag,64.41853,10.696033,7,Nord-Trøndelag med Bindal,
29,2013,26795,Austvika,rensefisk,,,1693,Bergnebb,1221,hele lokaliteten,1749,FLATANGER,17,Nord-Trøndelag,64.41853,10.696033,7,Nord-Trøndelag med Bindal,
29,2013,13572,Badstuvika,medikamentell,badebehandling,Deltamethrin,,,,hele lokaliteten,1617,HITRA,16,Sør-Trøndelag,63.53398,9.1469,6,Nordmøre og Sør-Trøndelag,
29,2013,13572,Badstuvika,medikamentell,badebehandling,Deltamethrin,,,,hele lokaliteten,1617,HITRA,16,Sør-Trøndelag,63.53398,9.1469,6,Nordmøre og Sør-Trøndelag,
29,2013,13572,Badstuvika,medikamentell,badebehandling,Deltamethrin,,,,hele lokaliteten,1617,HITRA,16,Sør-Trøndelag,63.53398,9.1469,6,Nordmøre og Sør-Trøndelag,
29,2013,18235,Bastli,medikamentell,badebehandling,Cypermethrin,,,,hele lokaliteten,1133,HJELMELAND,11,Rogaland,59.2694,6.193083,2,Ryfylke,
29,2013,12095,Bergadalen,rensefisk,,,1694,Grøngylt,10773,deler av lokaliteten,1238,KVAM,12,Hordaland,60.1216,5.908883,3,Karmøy til Sotra,
29,2013,10256,Bondøya,medikamentell,badebehandling,Azamethiphos,,,,deler av lokaliteten,1750,VIKNA,17,Nord-Trøndelag,64.81715,10.7425,7,Nord-Trøndelag med Bindal,
29,2013,10256,Bondøya,medikamentell,badebehandling,Deltamethrin,,,,deler av lokaliteten,1750,VIKNA,17,Nord-Trøndelag,64.81715,10.7425,7,Nord-Trøndelag med Bindal,
29,2013,12040,Brandaskuta,rensefisk,,,1694,Grøngylt,14726,deler av lokaliteten,1224,KVINNHERAD,12,Hordaland,59.977615,5.912417,3,Karmøy til Sotra,
29,2013,11574,Breivik S,rensefisk,,,1693,Bergnebb,11200,deler av lokaliteten,1219,BØMLO,12,Hordaland,59.671185,5.31215,3,Karmøy til Sotra,
29,2013,31038,Buarøy,rensefisk,,,1691,Berggylt,419,deler av lokaliteten,1245,SUND,12,Hordaland,60.220066,5.21455,3,Karmøy til Sotra,
29,2013,31038,Buarøy,rensefisk,,,1693,Bergnebb,498,deler av lokaliteten,1245,SUND,12,Hordaland,60.220066,5.21455,3,Karmøy til Sotra,
29,2013,31038,Buarøy,rensefisk,,,1692,Annen leppefisk,134,deler av lokaliteten,1245,SUND,12,Hordaland,60.220066,5.21455,3,Karmøy til Sotra,
29,2013,31038,Buarøy,rensefisk,,,1694,Grøngylt,3713,deler av lokaliteten,1245,SUND,12,Hordaland,60.220066,5.21455,3,Karmøy til Sotra,
29,2013,14799,Djupestallen,rensefisk,,,1693,Bergnebb,5523,deler av lokaliteten,1223,TYSNES,12,Hordaland,60.058735,5.453,3,Karmøy til Sotra,
29,2013,14799,Djupestallen,rensefisk,,,1692,Annen leppefisk,4735,deler av lokaliteten,1223,TYSNES,12,Hordaland,60.058735,5.453,3,Karmøy til Sotra,
29,2013,14799,Djupestallen,rensefisk,,,1691,Berggylt,359,deler av lokaliteten,1223,TYSNES,12,Hordaland,60.058735,5.453,3,Karmøy til Sotra,
29,2013,14799,Djupestallen,rensefisk,,,1694,Grøngylt,4251,deler av lokaliteten,1223,TYSNES,12,Hordaland,60.058735,5.453,3,Karmøy til Sotra,
29,2013,20455,Djupevika,medikamentell,badebehandling,Deltamethrin,,,,deler av lokaliteten,1224,KVINNHERAD,12,Hordaland,60.0406,6.010917,3,Karmøy til Sotra,
29,2013,32197,Dryna,rensefisk,,,1691,Berggylt,110,deler av lokaliteten,1545,MIDSUND,15,Møre og Romsdal,62.6444,6.5568,5,Stadt til Hustadvika,
29,2013,32197,Dryna,rensefisk,,,1694,Grøngylt,9835,deler av lokaliteten,1545,MIDSUND,15,Møre og Romsdal,62.6444,6.5568,5,Stadt til Hustadvika,
29,2013,32197,Dryna,rensefisk,,,1693,Bergnebb,12128,deler av lokaliteten,1545,MIDSUND,15,Møre og Romsdal,62.6444,6.5568,5,Stadt til Hustadvika,
29,2013,12624,Feøyvika,rensefisk,,,1694,Grøngylt,922,deler av lokaliteten,1749,FLATANGER,17,Nord-Trøndelag,64.56073,10.91895,7,Nord-Trøndelag med Bindal,
29,2013,12624,Feøyvika,rensefisk,,,1691,Berggylt,4901,deler av lokaliteten,1749,FLATANGER,17,Nord-Trøndelag,64.56073,10.91895,7,Nord-Trøndelag med Bindal,
29,2013,26775,Fjølværet Ø,rensefisk,,,1693,Bergnebb,10400,deler av lokaliteten,1620,FRØYA,16,Sør-Trøndelag,63.81915,8.63585,6,Nordmøre og Sør-Trøndelag,
29,2013,25835,Flatøyflu,rensefisk,,,1694,Grøngylt,18213,deler av lokaliteten,1244,AUSTEVOLL,12,Hordaland,60.156433,5.232,3,Karmøy til Sotra,
29,2013,25835,Flatøyflu,rensefisk,,,1691,Berggylt,2777,deler av lokaliteten,1244,AUSTEVOLL,12,Hordaland,60.156433,5.232,3,Karmøy til Sotra,
29,2013,27536,Flatskjæret,medikamentell,badebehandling,Hydrogenperoksid,,,,hele lokaliteten,1751,NÆRØY,17,Nord-Trøndelag,64.933876,11.409243,7,Nord-Trøndelag med Bindal,
29,2013,11893,Fosså,medikamentell,badebehandling,Deltamethrin,,,,hele lokaliteten,1133,HJELMELAND,11,Rogaland,59.269882,6.142867,2,Ryfylke,
29,2013,11893,Fosså,ikke-medikamentell,,,,,,hele lokaliteten,1133,HJELMELAND,11,Rogaland,59.269882,6.142867,2,Ryfylke,
29,2013,11893,Fosså,rensefisk,,,1691,Berggylt,3749,hele lokaliteten,1133,HJELMELAND,11,Rogaland,59.269882,6.142867,2,Ryfylke,
29,2013,13669,Furneset,rensefisk,,,1694,Grøngylt,971,deler av lokaliteten,1535,VESTNES,15,Møre og Romsdal,62.6461,7.101183,5,Stadt til Hustadvika,
29,2013,13852,Gjermundnes,rensefisk,,,1691,Berggylt,179,hele lokaliteten,1535,VESTNES,15,Møre og Romsdal,62.6275,7.192817,5,Stadt til Hustadvika,
29,2013,13852,Gjermundnes,rensefisk,,,1694,Grøngylt,1132,hele lokaliteten,1535,VESTNES,15,Møre og Romsdal,62.6275,7.192817,5,Stadt til Hustadvika,
29,2013,24735,Gulholmen,rensefisk,,,1694,Grøngylt,360,deler av lokaliteten,1243,OS I HORDALAND,12,Hordaland,60.1282,5.400467,3,Karmøy til Sotra,
29,2013,24735,Gulholmen,rensefisk,,,1693,Bergnebb,1235,deler av lokaliteten,1243,OS I HORDALAND,12,Hordaland,60.1282,5.400467,3,Karmøy til Sotra,
29,2013,24735,Gulholmen,rensefisk,,,1691,Berggylt,744,deler av lokaliteten,1243,OS I HORDALAND,12,Hordaland,60.1282,5.400467,3,Karmøy til Sotra,
29,2013,24735,Gulholmen,rensefisk,,,1692,Annen leppefisk,1720,deler av lokaliteten,1243,OS I HORDALAND,12,Hordaland,60.1282,5.400467,3,Karmøy til Sotra,
29,2013,30257,Hausan,rensefisk,,,1693,Bergnebb,21074,deler av lokaliteten,1612,HEMNE,16,Sør-Trøndelag,63.45855,8.95495,6,Nordmøre og Sør-Trøndelag,
29,2013,11783,Hella,rensefisk,,,1694,Grøngylt,4575,deler av lokaliteten,1428,ASKVOLL,14,Sogn og Fjordane,61.405834,5.0795,4,Nordhordaland til Stadt,
29,2013,11783,Hella,rensefisk,,,1691,Berggylt,571,deler av lokaliteten,1428,ASKVOLL,14,Sogn og Fjordane,61.405834,5.0795,4,Nordhordaland til Stadt,
29,2013,11783,Hella,rensefisk,,,1693,Bergnebb,572,deler av lokaliteten,1428,ASKVOLL,14,Sogn og Fjordane,61.405834,5.0795,4,Nordhordaland til Stadt,
29,2013,12590,Helligholmen,medikamentell,badebehandling,Azamethiphos,,,,deler av lokaliteten,1750,VIKNA,17,Nord-Trøndelag,64.83839,10.665517,7,Nord-Trøndelag med Bindal,
29,2013,12590,Helligholmen,medikamentell,badebehandling,Deltamethrin,,,,deler av lokaliteten,1750,VIKNA,17,Nord-Trøndelag,64.83839,10.665517,7,Nord-Trøndelag med Bindal,
29,2013,14136,Hestholmen Ø,rensefisk,,,1691,Berggylt,1420,deler av lokaliteten,1144,KVITSØY,11,Rogaland,59.061565,5.445683,2,Ryfylke,
29,2013,32757,Horgefjorden,rensefisk,,,1694,Grøngylt,210,deler av lokaliteten,1244,AUSTEVOLL,12,Hordaland,60.09942,5.117883,3,Karmøy til Sotra,
29,2013,32757,Horgefjorden,rensefisk,,,1691,Berggylt,150,deler av lokaliteten,1244,AUSTEVOLL,12,Hordaland,60.09942,5.117883,3,Karmøy til Sotra,
29,2013,19939,Høysteinen,medikamentell,badebehandling,Deltamethrin,,,,deler av lokaliteten,1224,KVINNHERAD,12,Hordaland,60.15665,6.048633,3,Karmøy til Sotra,
29,2013,14245,Jakobsteinsvika,medikamentell,badebehandling,Hydrogenperoksid,,,,deler av lokaliteten,1755,LEKA,17,Nord-Trøndelag,65.11352,11.7929,7,Nord-Trøndelag med Bindal,
29,2013,11665,Jibbersholmane,rensefisk,,,1691,Berggylt,6000,deler av lokaliteten,1260,RADØY,12,Hordaland,60.751484,4.885283,4,Nordhordaland til Stadt,
29,2013,12260,Juvika,rensefisk,,,1694,Grøngylt,8000,hele lokaliteten,1545,MIDSUND,15,Møre og Romsdal,62.66345,6.696519,5,Stadt til Hustadvika,
29,2013,12260,Juvika,rensefisk,,,1693,Bergnebb,4500,hele lokaliteten,1545,MIDSUND,15,Møre og Romsdal,62.66345,6.696519,5,Stadt til Hustadvika,
29,2013,28976,Kelvesteinen,rensefisk,,,1692,Annen leppefisk,17022,deler av lokaliteten,1246,FJELL,12,Hordaland,60.4029,5.063717,3,Karmøy til Sotra,
29,2013,24455,Klavelandet,rensefisk,,,1693,Bergnebb,230,deler av lokaliteten,1401,FLORA,14,Sogn og Fjordane,61.60425,5.184067,4,Nordhordaland til Stadt,
29,2013,24455,Klavelandet,rensefisk,,,1694,Grøngylt,1840,deler av lokaliteten,1401,FLORA,14,Sogn og Fjordane,61.60425,5.184067,4,Nordhordaland til Stadt,
29,2013,24455,Klavelandet,rensefisk,,,1691,Berggylt,230,deler av lokaliteten,1401,FLORA,14,Sogn og Fjordane,61.60425,5.184067,4,Nordhordaland til Stadt,
29,2013,13764,Kokvika,rensefisk,,,1691,Berggylt,361,deler av lokaliteten,1834,LURØY,18,Nordland,66.413216,12.956833,8,Helgeland til Bodø,
29,2013,10224,Korsneset,rensefisk,,,1694,Grøngylt,304,deler av lokaliteten,1571,HALSA,15,Møre og Romsdal,63.142735,8.224933,6,Nordmøre og Sør-Trøndelag,
29,2013,10224,Korsneset,rensefisk,,,1691,Berggylt,855,deler av lokaliteten,1571,HALSA,15,Møre og Romsdal,63.142735,8.224933,6,Nordmøre og Sør-Trøndelag,
29,2013,32097,Korsneset 2,rensefisk,,,1691,Berggylt,192,deler av lokaliteten,1571,HALSA,15,Møre og Romsdal,63.1413,8.21335,6,Nordmøre og Sør-Trøndelag,
29,2013,32097,Korsneset 2,rensefisk,,,1694,Grøngylt,25,deler av lokaliteten,1571,HALSA,15,Møre og Romsdal,63.1413,8.21335,6,Nordmøre og Sør-Trøndelag,
29,2013,14040,Krigsholmen,rensefisk,,,1694,Grøngylt,1500,hele lokaliteten,1244,AUSTEVOLL,12,Hordaland,60.081383,5.124117,3,Karmøy til Sotra,
29,2013,14040,Krigsholmen,rensefisk,,,1691,Berggylt,500,hele lokaliteten,1244,AUSTEVOLL,12,Hordaland,60.081383,5.124117,3,Karmøy til Sotra,
29,2013,22775,Kvaløya,medikamentell,fôrbehandling,Emamectin benzoat,,,,hele lokaliteten,1750,VIKNA,17,Nord-Trøndelag,65.001915,11.058617,7,Nord-Trøndelag med Bindal,
29,2013,20595,Kyrholmen S,rensefisk,,,1691,Berggylt,324,deler av lokaliteten,1244,AUSTEVOLL,12,Hordaland,60.162018,5.205567,3,Karmøy til Sotra,
29,2013,20595,Kyrholmen S,rensefisk,,,1693,Bergnebb,2266,deler av lokaliteten,1244,AUSTEVOLL,12,Hordaland,60.162018,5.205567,3,Karmøy til Sotra,
29,2013,20595,Kyrholmen S,rensefisk,,,1694,Grøngylt,369,deler av lokaliteten,1244,AUSTEVOLL,12,Hordaland,60.162018,5.205567,3,Karmøy til Sotra,
29,2013,20559,Langskjæra,rensefisk,,,1693,Bergnebb,1631,deler av lokaliteten,1620,FRØYA,16,Sør-Trøndelag,63.8225,8.75505,6,Nordmøre og Sør-Trøndelag,
29,2013,11438,Lauplandsholmen,rensefisk,,,1694,Grøngylt,6269,deler av lokaliteten,1145,BOKN,11,Rogaland,59.179733,5.472633,2,Ryfylke,
29,2013,12701,Lekafjorden,ikke-medikamentell,,,,,,deler av lokaliteten,1755,LEKA,17,Nord-Trøndelag,65.07068,11.724255,7,Nord-Trøndelag med Bindal,
29,2013,14039,Litle Lunnøy,rensefisk,,,1694,Grøngylt,1000,hele lokaliteten,1244,AUSTEVOLL,12,Hordaland,60.0199,5.16775,3,Karmøy til Sotra,
29,2013,14039,Litle Lunnøy,rensefisk,,,1691,Berggylt,500,hele lokaliteten,1244,AUSTEVOLL,12,Hordaland,60.0199,5.16775,3,Karmøy til Sotra,
29,2013,10292,Lyklingholmen N,rensefisk,,,1693,Bergnebb,373,deler av lokaliteten,1219,BØMLO,12,Hordaland,59.714535,5.15405,3,Karmøy til Sotra,
29,2013,10232,Mannbruholmen,rensefisk,,,1693,Bergnebb,25694,deler av lokaliteten,1620,FRØYA,16,Sør-Trøndelag,63.847267,8.536083,6,Nordmøre og Sør-Trøndelag,
29,2013,13541,Midtflua,rensefisk,,,1693,Bergnebb,2500,deler av lokaliteten,1223,TYSNES,12,Hordaland,60.076267,5.466533,3,Karmøy til Sotra,
29,2013,13541,Midtflua,rensefisk,,,1691,Berggylt,579,deler av lokaliteten,1223,TYSNES,12,Hordaland,60.076267,5.466533,3,Karmøy til Sotra,
29,2013,13541,Midtflua,rensefisk,,,1692,Annen leppefisk,2725,deler av lokaliteten,1223,TYSNES,12,Hordaland,60.076267,5.466533,3,Karmøy til Sotra,
29,2013,13541,Midtflua,rensefisk,,,1694,Grøngylt,1195,deler av lokaliteten,1223,TYSNES,12,Hordaland,60.076267,5.466533,3,Karmøy til Sotra,
29,2013,11772,Moldøyosen,rensefisk,,,1694,Grøngylt,126,deler av lokaliteten,1265,FEDJE,12,Hordaland,60.789734,4.700983,4,Nordhordaland til Stadt,
29,2013,11772,Moldøyosen,rensefisk,,,1693,Bergnebb,470,deler av lokaliteten,1265,FEDJE,12,Hordaland,60.789734,4.700983,4,Nordhordaland til Stadt,
29,2013,11772,Moldøyosen,rensefisk,,,1691,Berggylt,107,deler av lokaliteten,1265,FEDJE,12,Hordaland,60.789734,4.700983,4,Nordhordaland til Stadt,
29,2013,29957,Nakkestad,rensefisk,,,1694,Grøngylt,1963,hele lokaliteten,1032,LYNGDAL,10,Vest-Agder,58.056683,7.071583,1,Svenskegrensen til Jæren,
29,2013,29957,Nakkestad,rensefisk,,,1691,Berggylt,585,hele lokaliteten,1032,LYNGDAL,10,Vest-Agder,58.056683,7.071583,1,Svenskegrensen til Jæren,
29,2013,11611,Naveide,rensefisk,,,1694,Grøngylt,829,deler av lokaliteten,1244,AUSTEVOLL,12,Hordaland,60.13907,5.112783,3,Karmøy til Sotra,
29,2013,11611,Naveide,rensefisk,,,1691,Berggylt,734,deler av lokaliteten,1244,AUSTEVOLL,12,Hordaland,60.13907,5.112783,3,Karmøy til Sotra,
29,2013,11611,Naveide,rensefisk,,,1692,Annen leppefisk,1314,deler av lokaliteten,1244,AUSTEVOLL,12,Hordaland,60.13907,5.112783,3,Karmøy til Sotra,
29,2013,31697,Oksen,rensefisk,,,169510,Blåstål,2559,deler av lokaliteten,1246,FJELL,12,Hordaland,60.43382,4.9411,3,Karmøy til Sotra,
29,2013,31697,Oksen,rensefisk,,,1694,Grøngylt,2557,deler av lokaliteten,1246,FJELL,12,Hordaland,60.43382,4.9411,3,Karmøy til Sotra,
29,2013,31697,Oksen,rensefisk,,,1693,Bergnebb,2560,deler av lokaliteten,1246,FJELL,12,Hordaland,60.43382,4.9411,3,Karmøy til Sotra,
29,2013,31697,Oksen,rensefisk,,,1692,Annen leppefisk,2557,deler av lokaliteten,1246,FJELL,12,Hordaland,60.43382,4.9411,3,Karmøy til Sotra,
29,2013,31697,Oksen,rensefisk,,,1691,Berggylt,2551,deler av lokaliteten,1246,FJELL,12,Hordaland,60.43382,4.9411,3,Karmøy til Sotra,
29,2013,13345,Oterstegdalen,rensefisk,,,1694,Grøngylt,5874,hele lokaliteten,1241,FUSA,12,Hordaland,60.23545,5.638267,3,Karmøy til Sotra,
29,2013,13345,Oterstegdalen,rensefisk,,,1693,Bergnebb,470,hele lokaliteten,1241,FUSA,12,Hordaland,60.23545,5.638267,3,Karmøy til Sotra,
29,2013,13345,Oterstegdalen,rensefisk,,,1692,Annen leppefisk,775,hele lokaliteten,1241,FUSA,12,Hordaland,60.23545,5.638267,3,Karmøy til Sotra,
29,2013,13345,Oterstegdalen,rensefisk,,,1691,Berggylt,46,hele lokaliteten,1241,FUSA,12,Hordaland,60.23545,5.638267,3,Karmøy til Sotra,
29,2013,11854,Pinnen,rensefisk,,,1694,Grøngylt,866,deler av lokaliteten,1004,FLEKKEFJORD,10,Vest-Agder,58.225533,6.682717,1,Svenskegrensen til Jæren,
29,2013,11854,Pinnen,rensefisk,,,1691,Berggylt,716,deler av lokaliteten,1004,FLEKKEFJORD,10,Vest-Agder,58.225533,6.682717,1,Svenskegrensen til Jæren,
29,2013,29896,Renndalen,rensefisk,,,1694,Grøngylt,937,deler av lokaliteten,1571,HALSA,15,Møre og Romsdal,63.176167,8.616817,6,Nordmøre og Sør-Trøndelag,
29,2013,30657,Revøy,rensefisk,,,1694,Grøngylt,1702,hele lokaliteten,1032,LYNGDAL,10,Vest-Agder,58.0243,7.0268,1,Svenskegrensen til Jæren,
29,2013,30657,Revøy,rensefisk,,,1691,Berggylt,995,hele lokaliteten,1032,LYNGDAL,10,Vest-Agder,58.0243,7.0268,1,Svenskegrensen til Jæren,
29,2013,29276,Rongøy,rensefisk,,,1691,Berggylt,310,deler av lokaliteten,1259,ØYGARDEN,12,Hordaland,60.509468,4.9314,4,Nordhordaland til Stadt,
29,2013,29276,Rongøy,rensefisk,,,1693,Bergnebb,4524,deler av lokaliteten,1259,ØYGARDEN,12,Hordaland,60.509468,4.9314,4,Nordhordaland til Stadt,
29,2013,13612,Rundereimstranda,rensefisk,,,1692,Annen leppefisk,70,deler av lokaliteten,1441,SELJE,14,Sogn og Fjordane,62.009968,5.331917,4,Nordhordaland til Stadt,
29,2013,13612,Rundereimstranda,rensefisk,,,1691,Berggylt,317,deler av lokaliteten,1441,SELJE,14,Sogn og Fjordane,62.009968,5.331917,4,Nordhordaland til Stadt,
29,2013,10328,Sagvik,rensefisk,,,1694,Grøngylt,3615,deler av lokaliteten,1238,KVAM,12,Hordaland,60.141033,5.906933,3,Karmøy til Sotra,
29,2013,10328,Sagvik,rensefisk,,,1693,Bergnebb,760,deler av lokaliteten,1238,KVAM,12,Hordaland,60.141033,5.906933,3,Karmøy til Sotra,
29,2013,10328,Sagvik,rensefisk,,,1692,Annen leppefisk,960,deler av lokaliteten,1238,KVAM,12,Hordaland,60.141033,5.906933,3,Karmøy til Sotra,
29,2013,10328,Sagvik,rensefisk,,,1691,Berggylt,212,deler av lokaliteten,1238,KVAM,12,Hordaland,60.141033,5.906933,3,Karmøy til Sotra,
29,2013,11758,Sauøy Ø,rensefisk,,,1693,Bergnebb,3693,hele lokaliteten,1259,ØYGARDEN,12,Hordaland,60.592335,4.857833,4,Nordhordaland til Stadt,
29,2013,11758,Sauøy Ø,rensefisk,,,1691,Berggylt,374,hele lokaliteten,1259,ØYGARDEN,12,Hordaland,60.592335,4.857833,4,Nordhordaland til Stadt,
29,2013,12244,Setevika,rensefisk,,,1694,Grøngylt,3389,hele lokaliteten,1545,MIDSUND,15,Møre og Romsdal,62.728065,6.939283,5,Stadt til Hustadvika,
29,2013,12244,Setevika,rensefisk,,,1691,Berggylt,2711,hele lokaliteten,1545,MIDSUND,15,Møre og Romsdal,62.728065,6.939283,5,Stadt til Hustadvika,
29,2013,33017,Setevika Nord,rensefisk,,,1691,Berggylt,1399,deler av lokaliteten,1545,MIDSUND,15,Møre og Romsdal,62.73835,6.937667,5,Stadt til Hustadvika,
29,2013,33017,Setevika Nord,rensefisk,,,1694,Grøngylt,1434,deler av lokaliteten,1545,MIDSUND,15,Møre og Romsdal,62.73835,6.937667,5,Stadt til Hustadvika,
29,2013,28256,Skår,rensefisk,,,1694,Grøngylt,2388,deler av lokaliteten,1223,TYSNES,12,Hordaland,59.8994,5.532767,3,Karmøy til Sotra,
29,2013,11640,Skorpeosen,rensefisk,,,1694,Grøngylt,4296,deler av lokaliteten,1246,FJELL,12,Hordaland,60.332535,4.942783,3,Karmøy til Sotra,
29,2013,11640,Skorpeosen,rensefisk,,,1692,Annen leppefisk,2741,deler av lokaliteten,1246,FJELL,12,Hordaland,60.332535,4.942783,3,Karmøy til Sotra,
29,2013,25896,Skorpo,rensefisk,,,1694,Grøngylt,8639,deler av lokaliteten,1223,TYSNES,12,Hordaland,59.8771,5.637667,3,Karmøy til Sotra,
29,2013,32877,Skorpo,rensefisk,,,1694,Grøngylt,3496,deler av lokaliteten,1243,OS I HORDALAND,12,Hordaland,60.173317,5.293683,3,Karmøy til Sotra,
29,2013,32877,Skorpo,rensefisk,,,1691,Berggylt,2448,deler av lokaliteten,1243,OS I HORDALAND,12,Hordaland,60.173317,5.293683,3,Karmøy til Sotra,
29,2013,32877,Skorpo,rensefisk,,,1693,Bergnebb,16629,deler av lokaliteten,1243,OS I HORDALAND,12,Hordaland,60.173317,5.293683,3,Karmøy til Sotra,
29,2013,13708,Steinvik,rensefisk,,,1694,Grøngylt,1952,hele lokaliteten,1401,FLORA,14,Sogn og Fjordane,61.565266,5.31025,4,Nordhordaland til Stadt,
29,2013,13708,Steinvik,rensefisk,,,1693,Bergnebb,244,hele lokaliteten,1401,FLORA,14,Sogn og Fjordane,61.565266,5.31025,4,Nordhordaland til Stadt,
29,2013,13708,Steinvik,rensefisk,,,1691,Berggylt,244,hele lokaliteten,1401,FLORA,14,Sogn og Fjordane,61.565266,5.31025,4,Nordhordaland til Stadt,
29,2013,11971,Store Teistholmen Ø,rensefisk,,,1693,Bergnebb,3570,deler av lokaliteten,1102,SANDNES,11,Rogaland,58.976368,5.863067,2,Ryfylke,
29,2013,20776,Storoksen,rensefisk,,,1691,Berggylt,355,deler av lokaliteten,1247,ASKØY,12,Hordaland,60.530884,4.97325,4,Nordhordaland til Stadt,
29,2013,20776,Storoksen,rensefisk,,,1693,Bergnebb,4261,deler av lokaliteten,1247,ASKØY,12,Hordaland,60.530884,4.97325,4,Nordhordaland til Stadt,
29,2013,19016,Storskogøya,medikamentell,badebehandling,Deltamethrin,,,,hele lokaliteten,1613,SNILLFJORD,16,Sør-Trøndelag,63.506065,9.19075,6,Nordmøre og Sør-Trøndelag,
29,2013,19016,Storskogøya,medikamentell,badebehandling,Deltamethrin,,,,hele lokaliteten,1613,SNILLFJORD,16,Sør-Trøndelag,63.506065,9.19075,6,Nordmøre og Sør-Trøndelag,
29,2013,19016,Storskogøya,medikamentell,badebehandling,Deltamethrin,,,,hele lokaliteten,1613,SNILLFJORD,16,Sør-Trøndelag,63.506065,9.19075,6,Nordmøre og Sør-Trøndelag,
29,2013,13892,Strandabukta,medikamentell,badebehandling,Deltamethrin,,,,hele lokaliteten,1617,HITRA,16,Sør-Trøndelag,63.54346,9.162297,6,Nordmøre og Sør-Trøndelag,
29,2013,26235,Stualand,rensefisk,,,1691,Berggylt,23394,deler av lokaliteten,1216,SVEIO,12,Hordaland,59.6088,5.5269,3,Karmøy til Sotra,
29,2013,13196,Syltøy,rensefisk,,,1693,Bergnebb,7100,deler av lokaliteten,1245,SUND,12,Hordaland,60.304,4.966767,3,Karmøy til Sotra,
29,2013,13196,Syltøy,rensefisk,,,1691,Berggylt,436,deler av lokaliteten,1245,SUND,12,Hordaland,60.304,4.966767,3,Karmøy til Sotra,
29,2013,10582,Tarmevikodden,rensefisk,,,169520,Rødnebb,95,deler av lokaliteten,1004,FLEKKEFJORD,10,Vest-Agder,58.21977,6.685633,1,Svenskegrensen til Jæren,
29,2013,10582,Tarmevikodden,rensefisk,,,1694,Grøngylt,201,deler av lokaliteten,1004,FLEKKEFJORD,10,Vest-Agder,58.21977,6.685633,1,Svenskegrensen til Jæren,
29,2013,10582,Tarmevikodden,rensefisk,,,1692,Annen leppefisk,20,deler av lokaliteten,1004,FLEKKEFJORD,10,Vest-Agder,58.21977,6.685633,1,Svenskegrensen til Jæren,
29,2013,10582,Tarmevikodden,rensefisk,,,1691,Berggylt,488,deler av lokaliteten,1004,FLEKKEFJORD,10,Vest-Agder,58.21977,6.685633,1,Svenskegrensen til Jæren,
29,2013,29336,Trælsøyosen,rensefisk,,,1694,Grøngylt,824,deler av lokaliteten,1244,AUSTEVOLL,12,Hordaland,60.1178,5.2702,3,Karmøy til Sotra,
29,2013,29336,Trælsøyosen,rensefisk,,,1691,Berggylt,287,deler av lokaliteten,1244,AUSTEVOLL,12,Hordaland,60.1178,5.2702,3,Karmøy til Sotra,
29,2013,29336,Trælsøyosen,rensefisk,,,1692,Annen leppefisk,1087,deler av lokaliteten,1244,AUSTEVOLL,12,Hordaland,60.1178,5.2702,3,Karmøy til Sotra,
29,2013,29336,Trælsøyosen,rensefisk,,,1693,Bergnebb,952,deler av lokaliteten,1244,AUSTEVOLL,12,Hordaland,60.1178,5.2702,3,Karmøy til Sotra,
29,2013,24135,Utåker,rensefisk,,,1694,Grøngylt,6440,deler av lokaliteten,1224,KVINNHERAD,12,Hordaland,59.776333,5.9001,3,Karmøy til Sotra,
29,2013,24135,Utåker,rensefisk,,,1693,Bergnebb,2663,deler av lokaliteten,1224,KVINNHERAD,12,Hordaland,59.776333,5.9001,3,Karmøy til Sotra,
29,2013,24135,Utåker,rensefisk,,,1692,Annen leppefisk,200,deler av lokaliteten,1224,KVINNHERAD,12,Hordaland,59.776333,5.9001,3,Karmøy til Sotra,
29,2013,24135,Utåker,rensefisk,,,1691,Berggylt,673,deler av lokaliteten,1224,KVINNHERAD,12,Hordaland,59.776333,5.9001,3,Karmøy til Sotra,
29,2013,31557,Valøyan,rensefisk,,,1693,Bergnebb,1527,hele lokaliteten,1620,FRØYA,16,Sør-Trøndelag,63.81735,8.462483,6,Nordmøre og Sør-Trøndelag,
29,2013,12885,Vikageilen,rensefisk,,,1694,Grøngylt,221,deler av lokaliteten,1505,KRISTIANSUND,15,Møre og Romsdal,63.075783,7.906067,6,Nordmøre og Sør-Trøndelag,
29,2013,12885,Vikageilen,rensefisk,,,1691,Berggylt,585,deler av lokaliteten,1505,KRISTIANSUND,15,Møre og Romsdal,63.075783,7.906067,6,Nordmøre og Sør-Trøndelag,
29,2013,29936,Ystadneset,rensefisk,,,1692,Annen leppefisk,69,deler av lokaliteten,1224,KVINNHERAD,12,Hordaland,59.977932,5.775083,3,Karmøy til Sotra,
29,2013,29936,Ystadneset,rensefisk,,,1691,Berggylt,341,deler av lokaliteten,1224,KVINNHERAD,12,Hordaland,59.977932,5.775083,3,Karmøy til Sotra,
29,2013,29936,Ystadneset,rensefisk,,,1694,Grøngylt,3739,deler av lokaliteten,1224,KVINNHERAD,12,Hordaland,59.977932,5.775083,3,Karmøy til Sotra,
28,2013,10331,Åkre,rensefisk,,,1694,Grøngylt,6800,deler av lokaliteten,1224,KVINNHERAD,12,Hordaland,60.112434,6.042483,3,Karmøy til Sotra,
28,2013,11179,Alterosen,medikamentell,badebehandling,Annet virkestoff,,,,hele lokaliteten,1865,VÅGAN,18,Nordland,68.20734,14.446733,9,Vestfjorden og Vesterålen,
28,2013,12095,Bergadalen,rensefisk,,,1694,Grøngylt,8512,hele lokaliteten,1238,KVAM,12,Hordaland,60.1216,5.908883,3,Karmøy til Sotra,
28,2013,13284,Bollhaugen,medikamentell,fôrbehandling,Emamectin benzoat,,,,hele lokaliteten,1827,DØNNA,18,Nordland,66.1125,12.4868,8,Helgeland til Bodø,
28,2013,10256,Bondøya,medikamentell,badebehandling,Azamethiphos,,,,deler av lokaliteten,1750,VIKNA,17,Nord-Trøndelag,64.81715,10.7425,7,Nord-Trøndelag med Bindal,
28,2013,10256,Bondøya,medikamentell,badebehandling,Deltamethrin,,,,deler av lokaliteten,1750,VIKNA,17,Nord-Trøndelag,64.81715,10.7425,7,Nord-Trøndelag med Bindal,
28,2013,12040,Brandaskuta,medikamentell,badebehandling,Annet virkestoff,,,,hele lokaliteten,1224,KVINNHERAD,12,Hordaland,59.977615,5.912417,3,Karmøy til Sotra,
28,2013,12040,Brandaskuta,rensefisk,,,1694,Grøngylt,1364,deler av lokaliteten,1224,KVINNHERAD,12,Hordaland,59.977615,5.912417,3,Karmøy til Sotra,
28,2013,11574,Breivik S,rensefisk,,,1693,Bergnebb,8737,hele lokaliteten,1219,BØMLO,12,Hordaland,59.671185,5.31215,3,Karmøy til Sotra,
28,2013,31038,Buarøy,rensefisk,,,1694,Grøngylt,6975,deler av lokaliteten,1245,SUND,12,Hordaland,60.220066,5.21455,3,Karmøy til Sotra,
28,2013,31038,Buarøy,rensefisk,,,1693,Bergnebb,1336,deler av lokaliteten,1245,SUND,12,Hordaland,60.220066,5.21455,3,Karmøy til Sotra,
28,2013,31038,Buarøy,rensefisk,,,1692,Annen leppefisk,3267,deler av lokaliteten,1245,SUND,12,Hordaland,60.220066,5.21455,3,Karmøy til Sotra,
28,2013,31038,Buarøy,rensefisk,,,1691,Berggylt,1048,deler av lokaliteten,1245,SUND,12,Hordaland,60.220066,5.21455,3,Karmøy til Sotra,
28,2013,11543,Buholmen Ø,rensefisk,,,1694,Grøngylt,577,deler av lokaliteten,1244,AUSTEVOLL,12,Hordaland,60.0216,5.07985,3,Karmøy til Sotra,
28,2013,11543,Buholmen Ø,rensefisk,,,1693,Bergnebb,460,deler av lokaliteten,1244,AUSTEVOLL,12,Hordaland,60.0216,5.07985,3,Karmøy til Sotra,
28,2013,11543,Buholmen Ø,rensefisk,,,1691,Berggylt,141,deler av lokaliteten,1244,AUSTEVOLL,12,Hordaland,60.0216,5.07985,3,Karmøy til Sotra,
28,2013,11204,Buviknakken,medikamentell,badebehandling,Azamethiphos,,,,hele lokaliteten,1860,VESTVÅGØY,18,Nordland,68.08428,13.659167,9,Vestfjorden og Vesterålen,
28,2013,14799,Djupestallen,rensefisk,,,1693,Bergnebb,3345,deler av lokaliteten,1223,TYSNES,12,Hordaland,60.058735,5.453,3,Karmøy til Sotra,
28,2013,14799,Djupestallen,rensefisk,,,1692,Annen leppefisk,858,deler av lokaliteten,1223,TYSNES,12,Hordaland,60.058735,5.453,3,Karmøy til Sotra,
28,2013,14799,Djupestallen,rensefisk,,,1694,Grøngylt,630,deler av lokaliteten,1223,TYSNES,12,Hordaland,60.058735,5.453,3,Karmøy til Sotra,
28,2013,14799,Djupestallen,rensefisk,,,1691,Berggylt,92,deler av lokaliteten,1223,TYSNES,12,Hordaland,60.058735,5.453,3,Karmøy til Sotra,
28,2013,32197,Dryna,rensefisk,,,1694,Grøngylt,8238,deler av lokaliteten,1545,MIDSUND,15,Møre og Romsdal,62.6444,6.5568,5,Stadt til Hustadvika,
28,2013,32197,Dryna,rensefisk,,,1691,Berggylt,434,deler av lokaliteten,1545,MIDSUND,15,Møre og Romsdal,62.6444,6.5568,5,Stadt til Hustadvika,
28,2013,32197,Dryna,rensefisk,,,1693,Bergnebb,307,deler av lokaliteten,1545,MIDSUND,15,Møre og Romsdal,62.6444,6.5568,5,Stadt til Hustadvika,
28,2013,25835,Flatøyflu,rensefisk,,,1694,Grøngylt,1737,deler av lokaliteten,1244,AUSTEVOLL,12,Hordaland,60.156433,5.232,3,Karmøy til Sotra,
28,2013,25835,Flatøyflu,rensefisk,,,1691,Berggylt,226,deler av lokaliteten,1244,AUSTEVOLL,12,Hordaland,60.156433,5.232,3,Karmøy til Sotra,
28,2013,25895,Flornes,medikamentell,badebehandling,Deltamethrin,,,,hele lokaliteten,1223,TYSNES,12,Hordaland,59.892982,5.665817,3,Karmøy til Sotra,
28,2013,11893,Fosså,medikamentell,badebehandling,Deltamethrin,,,,hele lokaliteten,1133,HJELMELAND,11,Rogaland,59.269882,6.142867,2,Ryfylke,
28,2013,11893,Fosså,ikke-medikamentell,,,,,,deler av lokaliteten,1133,HJELMELAND,11,Rogaland,59.269882,6.142867,2,Ryfylke,
28,2013,13669,Furneset,rensefisk,,,1694,Grøngylt,2590,deler av lokaliteten,1535,VESTNES,15,Møre og Romsdal,62.6461,7.101183,5,Stadt til Hustadvika,
28,2013,13669,Furneset,rensefisk,,,1691,Berggylt,464,deler av lokaliteten,1535,VESTNES,15,Møre og Romsdal,62.6461,7.101183,5,Stadt til Hustadvika,
28,2013,13058,Fusavika,rensefisk,,,1694,Grøngylt,4160,hele lokaliteten,1241,FUSA,12,Hordaland,60.207634,5.613817,3,Karmøy til Sotra,
28,2013,24735,Gulholmen,rensefisk,,,1691,Berggylt,851,deler av lokaliteten,1243,OS I HORDALAND,12,Hordaland,60.1282,5.400467,3,Karmøy til Sotra,
28,2013,24735,Gulholmen,rensefisk,,,1694,Grøngylt,2797,deler av lokaliteten,1243,OS I HORDALAND,12,Hordaland,60.1282,5.400467,3,Karmøy til Sotra,
28,2013,22095,Hågardsneset,medikamentell,badebehandling,Annet virkestoff,,,,deler av lokaliteten,1224,KVINNHERAD,12,Hordaland,59.983932,5.932317,3,Karmøy til Sotra,
28,2013,30257,Hausan,rensefisk,,,1693,Bergnebb,11113,deler av lokaliteten,1612,HEMNE,16,Sør-Trøndelag,63.45855,8.95495,6,Nordmøre og Sør-Trøndelag,
28,2013,11783,Hella,rensefisk,,,1694,Grøngylt,9235,deler av lokaliteten,1428,ASKVOLL,14,Sogn og Fjordane,61.405834,5.0795,4,Nordhordaland til Stadt,
28,2013,11783,Hella,rensefisk,,,1691,Berggylt,1208,deler av lokaliteten,1428,ASKVOLL,14,Sogn og Fjordane,61.405834,5.0795,4,Nordhordaland til Stadt,
28,2013,11783,Hella,rensefisk,,,1693,Bergnebb,1100,deler av lokaliteten,1428,ASKVOLL,14,Sogn og Fjordane,61.405834,5.0795,4,Nordhordaland til Stadt,
28,2013,13235,Hessvik,rensefisk,,,1694,Grøngylt,4825,deler av lokaliteten,1224,KVINNHERAD,12,Hordaland,60.127934,6.149933,3,Karmøy til Sotra,
28,2013,12035,Hondskår,rensefisk,,,1693,Bergnebb,2888,deler av lokaliteten,1224,KVINNHERAD,12,Hordaland,60.107418,5.939833,3,Karmøy til Sotra,
28,2013,19939,Høysteinen,rensefisk,,,1694,Grøngylt,3770,deler av lokaliteten,1224,KVINNHERAD,12,Hordaland,60.15665,6.048633,3,Karmøy til Sotra,
28,2013,25235,Humulen,medikamentell,badebehandling,Hydrogenperoksid,,,,hele lokaliteten,1750,VIKNA,17,Nord-Trøndelag,64.94607,11.370513,7,Nord-Trøndelag med Bindal,
28,2013,18936,Igerøy Ø,rensefisk,,,1693,Bergnebb,18281,deler av lokaliteten,1815,VEGA,18,Nordland,65.68622,12.138533,8,Helgeland til Bodø,
28,2013,30036,Jørstadskjera,ikke-medikamentell,,,,,,hele lokaliteten,1141,FINNØY,11,Rogaland,59.29365,5.937267,2,Ryfylke,
28,2013,14042,Kattholmen,rensefisk,,,1693,Bergnebb,23822,deler av lokaliteten,1620,FRØYA,16,Sør-Trøndelag,63.870968,8.679017,6,Nordmøre og Sør-Trøndelag,
28,2013,28976,Kelvesteinen,rensefisk,,,1691,Berggylt,79,deler av lokaliteten,1246,FJELL,12,Hordaland,60.4029,5.063717,3,Karmøy til Sotra,
28,2013,28976,Kelvesteinen,rensefisk,,,1692,Annen leppefisk,18000,deler av lokaliteten,1246,FJELL,12,Hordaland,60.4029,5.063717,3,Karmøy til Sotra,
28,2013,11913,Kjeahola,medikamentell,badebehandling,Deltamethrin,,,,hele lokaliteten,1141,FINNØY,11,Rogaland,59.2933,6.0729,2,Ryfylke,
28,2013,11913,Kjeahola,ikke-medikamentell,,,,,,hele lokaliteten,1141,FINNØY,11,Rogaland,59.2933,6.0729,2,Ryfylke,
28,2013,13764,Kokvika,rensefisk,,,1691,Berggylt,5957,deler av lokaliteten,1834,LURØY,18,Nordland,66.413216,12.956833,8,Helgeland til Bodø,
28,2013,12652,Kråkøya,medikamentell,fôrbehandling,Emamectin benzoat,,,,hele lokaliteten,1750,VIKNA,17,Nord-Trøndelag,65.00383,11.041483,7,Nord-Trøndelag med Bindal,
28,2013,11633,Krossholmen,rensefisk,,,1694,Grøngylt,2520,deler av lokaliteten,1219,BØMLO,12,Hordaland,59.7879,5.100533,3,Karmøy til Sotra,
28,2013,11633,Krossholmen,rensefisk,,,1691,Berggylt,190,deler av lokaliteten,1219,BØMLO,12,Hordaland,59.7879,5.100533,3,Karmøy til Sotra,
28,2013,20595,Kyrholmen S,rensefisk,,,1691,Berggylt,654,deler av lokaliteten,1244,AUSTEVOLL,12,Hordaland,60.162018,5.205567,3,Karmøy til Sotra,
28,2013,20595,Kyrholmen S,rensefisk,,,1693,Bergnebb,10580,deler av lokaliteten,1244,AUSTEVOLL,12,Hordaland,60.162018,5.205567,3,Karmøy til Sotra,
28,2013,26295,Langøy,rensefisk,,,1694,Grøngylt,4900,deler av lokaliteten,1263,LINDÅS,12,Hordaland,60.77775,5.1589,4,Nordhordaland til Stadt,
28,2013,20559,Langskjæra,rensefisk,,,1692,Annen leppefisk,424,deler av lokaliteten,1620,FRØYA,16,Sør-Trøndelag,63.8225,8.75505,6,Nordmøre og Sør-Trøndelag,
28,2013,20559,Langskjæra,rensefisk,,,1693,Bergnebb,6138,deler av lokaliteten,1620,FRØYA,16,Sør-Trøndelag,63.8225,8.75505,6,Nordmøre og Sør-Trøndelag,
28,2013,11438,Lauplandsholmen,rensefisk,,,1694,Grøngylt,7979,deler av lokaliteten,1145,BOKN,11,Rogaland,59.179733,5.472633,2,Ryfylke,
28,2013,19355,Låva,ikke-medikamentell,,,,,,hele lokaliteten,1141,FINNØY,11,Rogaland,59.29475,5.97915,2,Ryfylke,
28,2013,10262,Lille Kvitholmen,medikamentell,badebehandling,Annet virkestoff,,,,deler av lokaliteten,1751,NÆRØY,17,Nord-Trøndelag,65.01318,11.616833,7,Nord-Trøndelag med Bindal,
28,2013,10262,Lille Kvitholmen,medikamentell,badebehandling,Annet virkestoff,,,,deler av lokaliteten,1751,NÆRØY,17,Nord-Trøndelag,65.01318,11.616833,7,Nord-Trøndelag med Bindal,
28,2013,10232,Mannbruholmen,rensefisk,,,1693,Bergnebb,4112,deler av lokaliteten,1620,FRØYA,16,Sør-Trøndelag,63.847267,8.536083,6,Nordmøre og Sør-Trøndelag,
28,2013,13541,Midtflua,rensefisk,,,1692,Annen leppefisk,3900,deler av lokaliteten,1223,TYSNES,12,Hordaland,60.076267,5.466533,3,Karmøy til Sotra,
28,2013,13541,Midtflua,rensefisk,,,1694,Grøngylt,4756,deler av lokaliteten,1223,TYSNES,12,Hordaland,60.076267,5.466533,3,Karmøy til Sotra,
28,2013,13541,Midtflua,rensefisk,,,1691,Berggylt,824,deler av lokaliteten,1223,TYSNES,12,Hordaland,60.076267,5.466533,3,Karmøy til Sotra,
28,2013,29957,Nakkestad,rensefisk,,,1691,Berggylt,650,hele lokaliteten,1032,LYNGDAL,10,Vest-Agder,58.056683,7.071583,1,Svenskegrensen til Jæren,
28,2013,11611,Naveide,rensefisk,,,1692,Annen leppefisk,374,deler av lokaliteten,1244,AUSTEVOLL,12,Hordaland,60.13907,5.112783,3,Karmøy til Sotra,
28,2013,11611,Naveide,rensefisk,,,1691,Berggylt,102,deler av lokaliteten,1244,AUSTEVOLL,12,Hordaland,60.13907,5.112783,3,Karmøy til Sotra,
28,2013,11611,Naveide,rensefisk,,,1694,Grøngylt,1552,deler av lokaliteten,1244,AUSTEVOLL,12,Hordaland,60.13907,5.112783,3,Karmøy til Sotra,
28,2013,24495,Nystølvågen,medikamentell,badebehandling,Deltamethrin,,,,hele lokaliteten,1241,FUSA,12,Hordaland,60.05237,5.793417,3,Karmøy til Sotra,
28,2013,31697,Oksen,rensefisk,,,169510,Blåstål,771,deler av lokaliteten,1246,FJELL,12,Hordaland,60.43382,4.9411,3,Karmøy til Sotra,
28,2013,31697,Oksen,rensefisk,,,1694,Grøngylt,475,deler av lokaliteten,1246,FJELL,12,Hordaland,60.43382,4.9411,3,Karmøy til Sotra,
28,2013,31697,Oksen,rensefisk,,,1693,Bergnebb,2297,deler av lokaliteten,1246,FJELL,12,Hordaland,60.43382,4.9411,3,Karmøy til Sotra,
28,2013,31697,Oksen,rensefisk,,,1692,Annen leppefisk,1690,deler av lokaliteten,1246,FJELL,12,Hordaland,60.43382,4.9411,3,Karmøy til Sotra,
28,2013,31697,Oksen,rensefisk,,,1691,Berggylt,2756,deler av lokaliteten,1246,FJELL,12,Hordaland,60.43382,4.9411,3,Karmøy til Sotra,
28,2013,30559,Øksneset,rensefisk,,,1692,Annen leppefisk,4127,deler av lokaliteten,1264,AUSTRHEIM,12,Hordaland,60.811882,4.8644,4,Nordhordaland til Stadt,
28,2013,30559,Øksneset,rensefisk,,,1691,Berggylt,2751,deler av lokaliteten,1264,AUSTRHEIM,12,Hordaland,60.811882,4.8644,4,Nordhordaland til Stadt,
28,2013,11854,Pinnen,rensefisk,,,169520,Rødnebb,60,deler av lokaliteten,1004,FLEKKEFJORD,10,Vest-Agder,58.225533,6.682717,1,Svenskegrensen til Jæren,
28,2013,11854,Pinnen,rensefisk,,,1692,Annen leppefisk,20,deler av lokaliteten,1004,FLEKKEFJORD,10,Vest-Agder,58.225533,6.682717,1,Svenskegrensen til Jæren,
28,2013,11854,Pinnen,rensefisk,,,1691,Berggylt,888,deler av lokaliteten,1004,FLEKKEFJORD,10,Vest-Agder,58.225533,6.682717,1,Svenskegrensen til Jæren,
28,2013,13867,Raunevågen,rensefisk,,,1693,Bergnebb,6359,deler av lokaliteten,1216,SVEIO,12,Hordaland,59.65798,5.533667,3,Karmøy til Sotra,
28,2013,30657,Revøy,rensefisk,,,1691,Berggylt,800,hele lokaliteten,1032,LYNGDAL,10,Vest-Agder,58.0243,7.0268,1,Svenskegrensen til Jæren,
28,2013,29276,Rongøy,rensefisk,,,1693,Bergnebb,22560,deler av lokaliteten,1259,ØYGARDEN,12,Hordaland,60.509468,4.9314,4,Nordhordaland til Stadt,
28,2013,10328,Sagvik,rensefisk,,,1694,Grøngylt,5283,deler av lokaliteten,1238,KVAM,12,Hordaland,60.141033,5.906933,3,Karmøy til Sotra,
28,2013,10328,Sagvik,rensefisk,,,1693,Bergnebb,262,deler av lokaliteten,1238,KVAM,12,Hordaland,60.141033,5.906933,3,Karmøy til Sotra,
28,2013,10328,Sagvik,rensefisk,,,1692,Annen leppefisk,1400,deler av lokaliteten,1238,KVAM,12,Hordaland,60.141033,5.906933,3,Karmøy til Sotra,
28,2013,10328,Sagvik,rensefisk,,,1691,Berggylt,262,deler av lokaliteten,1238,KVAM,12,Hordaland,60.141033,5.906933,3,Karmøy til Sotra,
28,2013,12244,Setevika,rensefisk,,,1694,Grøngylt,459,deler av lokaliteten,1545,MIDSUND,15,Møre og Romsdal,62.728065,6.939283,5,Stadt til Hustadvika,
28,2013,28256,Skår,rensefisk,,,1692,Annen leppefisk,3403,deler av lokaliteten,1223,TYSNES,12,Hordaland,59.8994,5.532767,3,Karmøy til Sotra,
28,2013,28256,Skår,rensefisk,,,1691,Berggylt,223,deler av lokaliteten,1223,TYSNES,12,Hordaland,59.8994,5.532767,3,Karmøy til Sotra,
28,2013,11640,Skorpeosen,rensefisk,,,1694,Grøngylt,9432,deler av lokaliteten,1246,FJELL,12,Hordaland,60.332535,4.942783,3,Karmøy til Sotra,
28,2013,32877,Skorpo,rensefisk,,,1694,Grøngylt,2295,deler av lokaliteten,1243,OS I HORDALAND,12,Hordaland,60.173317,5.293683,3,Karmøy til Sotra,
28,2013,32877,Skorpo,rensefisk,,,1691,Berggylt,420,deler av lokaliteten,1243,OS I HORDALAND,12,Hordaland,60.173317,5.293683,3,Karmøy til Sotra,
28,2013,13708,Steinvik,rensefisk,,,1694,Grøngylt,1798,deler av lokaliteten,1401,FLORA,14,Sogn og Fjordane,61.565266,5.31025,4,Nordhordaland til Stadt,
28,2013,13708,Steinvik,rensefisk,,,1693,Bergnebb,225,deler av lokaliteten,1401,FLORA,14,Sogn og Fjordane,61.565266,5.31025,4,Nordhordaland til Stadt,
28,2013,13708,Steinvik,rensefisk,,,1691,Berggylt,224,deler av lokaliteten,1401,FLORA,14,Sogn og Fjordane,61.565266,5.31025,4,Nordhordaland til Stadt,
28,2013,11971,Store Teistholmen Ø,rensefisk,,,1693,Bergnebb,3510,deler av lokaliteten,1102,SANDNES,11,Rogaland,58.976368,5.863067,2,Ryfylke,
28,2013,20776,Storoksen,rensefisk,,,1693,Bergnebb,9230,deler av lokaliteten,1247,ASKØY,12,Hordaland,60.530884,4.97325,4,Nordhordaland til Stadt,
28,2013,20776,Storoksen,rensefisk,,,1691,Berggylt,425,deler av lokaliteten,1247,ASKØY,12,Hordaland,60.530884,4.97325,4,Nordhordaland til Stadt,
28,2013,26235,Stualand,rensefisk,,,1691,Berggylt,7375,deler av lokaliteten,1216,SVEIO,12,Hordaland,59.6088,5.5269,3,Karmøy til Sotra,
28,2013,13196,Syltøy,rensefisk,,,1694,Grøngylt,1550,deler av lokaliteten,1245,SUND,12,Hordaland,60.304,4.966767,3,Karmøy til Sotra,
28,2013,13196,Syltøy,rensefisk,,,1693,Bergnebb,3398,deler av lokaliteten,1245,SUND,12,Hordaland,60.304,4.966767,3,Karmøy til Sotra,
28,2013,13196,Syltøy,rensefisk,,,1691,Berggylt,250,deler av lokaliteten,1245,SUND,12,Hordaland,60.304,4.966767,3,Karmøy til Sotra,
28,2013,10582,Tarmevikodden,rensefisk,,,169520,Rødnebb,14,deler av lokaliteten,1004,FLEKKEFJORD,10,Vest-Agder,58.21977,6.685633,1,Svenskegrensen til Jæren,
28,2013,10582,Tarmevikodden,rensefisk,,,1694,Grøngylt,14,deler av lokaliteten,1004,FLEKKEFJORD,10,Vest-Agder,58.21977,6.685633,1,Svenskegrensen til Jæren,
28,2013,10582,Tarmevikodden,rensefisk,,,1691,Berggylt,130,deler av lokaliteten,1004,FLEKKEFJORD,10,Vest-Agder,58.21977,6.685633,1,Svenskegrensen til Jæren,
28,2013,25815,Tittelsnes,rensefisk,,,1694,Grøngylt,700,deler av lokaliteten,1216,SVEIO,12,Hordaland,59.723484,5.533483,3,Karmøy til Sotra,
28,2013,29336,Trælsøyosen,rensefisk,,,1691,Berggylt,298,deler av lokaliteten,1244,AUSTEVOLL,12,Hordaland,60.1178,5.2702,3,Karmøy til Sotra,
28,2013,29336,Trælsøyosen,rensefisk,,,1692,Annen leppefisk,3423,deler av lokaliteten,1244,AUSTEVOLL,12,Hordaland,60.1178,5.2702,3,Karmøy til Sotra,
28,2013,13562,Uføro,rensefisk,,,1692,Annen leppefisk,2787,deler av lokaliteten,1221,STORD,12,Hordaland,59.877434,5.52725,3,Karmøy til Sotra,
28,2013,13562,Uføro,rensefisk,,,1691,Berggylt,309,deler av lokaliteten,1221,STORD,12,Hordaland,59.877434,5.52725,3,Karmøy til Sotra,
28,2013,24135,Utåker,rensefisk,,,1694,Grøngylt,4192,deler av lokaliteten,1224,KVINNHERAD,12,Hordaland,59.776333,5.9001,3,Karmøy til Sotra,
28,2013,24135,Utåker,rensefisk,,,1693,Bergnebb,2806,deler av lokaliteten,1224,KVINNHERAD,12,Hordaland,59.776333,5.9001,3,Karmøy til Sotra,
28,2013,24135,Utåker,rensefisk,,,1692,Annen leppefisk,2504,deler av lokaliteten,1224,KVINNHERAD,12,Hordaland,59.776333,5.9001,3,Karmøy til Sotra,
28,2013,24135,Utåker,rensefisk,,,1691,Berggylt,360,deler av lokaliteten,1224,KVINNHERAD,12,Hordaland,59.776333,5.9001,3,Karmøy til Sotra,
28,2013,31557,Valøyan,rensefisk,,,1693,Bergnebb,18215,deler av lokaliteten,1620,FRØYA,16,Sør-Trøndelag,63.81735,8.462483,6,Nordmøre og Sør-Trøndelag,
28,2013,13837,Verpeide,rensefisk,,,1694,Grøngylt,638,deler av lokaliteten,1439,VÅGSØY,14,Sogn og Fjordane,61.902954,5.207967,4,Nordhordaland til Stadt,
28,2013,13837,Verpeide,rensefisk,,,1693,Bergnebb,4050,deler av lokaliteten,1439,VÅGSØY,14,Sogn og Fjordane,61.902954,5.207967,4,Nordhordaland til Stadt,
28,2013,29936,Ystadneset,rensefisk,,,1694,Grøngylt,130,deler av lokaliteten,1224,KVINNHERAD,12,Hordaland,59.977932,5.775083,3,Karmøy til Sotra,
27,2013,30977,Æsøya,medikamentell,fôrbehandling,Emamectin benzoat,,,,hele lokaliteten,1860,VESTVÅGØY,18,Nordland,68.104866,13.790067,9,Vestfjorden og Vesterålen,
27,2013,18235,Bastli,rensefisk,,,1694,Grøngylt,507,deler av lokaliteten,1133,HJELMELAND,11,Rogaland,59.2694,6.193083,2,Ryfylke,
27,2013,18235,Bastli,rensefisk,,,1691,Berggylt,399,deler av lokaliteten,1133,HJELMELAND,11,Rogaland,59.2694,6.193083,2,Ryfylke,
27,2013,13284,Bollhaugen,medikamentell,fôrbehandling,Emamectin benzoat,,,,hele lokaliteten,1827,DØNNA,18,Nordland,66.1125,12.4868,8,Helgeland til Bodø,
27,2013,10256,Bondøya,medikamentell,badebehandling,Azamethiphos,,,,deler av lokaliteten,1750,VIKNA,17,Nord-Trøndelag,64.81715,10.7425,7,Nord-Trøndelag med Bindal,
27,2013,10256,Bondøya,medikamentell,badebehandling,Azamethiphos,,,,deler av lokaliteten,1750,VIKNA,17,Nord-Trøndelag,64.81715,10.7425,7,Nord-Trøndelag med Bindal,
27,2013,10256,Bondøya,medikamentell,badebehandling,Azamethiphos,,,,deler av lokaliteten,1750,VIKNA,17,Nord-Trøndelag,64.81715,10.7425,7,Nord-Trøndelag med Bindal,
27,2013,10256,Bondøya,medikamentell,badebehandling,Azamethiphos,,,,deler av lokaliteten,1750,VIKNA,17,Nord-Trøndelag,64.81715,10.7425,7,Nord-Trøndelag med Bindal,
27,2013,10256,Bondøya,medikamentell,badebehandling,Deltamethrin,,,,deler av lokaliteten,1750,VIKNA,17,Nord-Trøndelag,64.81715,10.7425,7,Nord-Trøndelag med Bindal,
27,2013,10256,Bondøya,medikamentell,badebehandling,Deltamethrin,,,,deler av lokaliteten,1750,VIKNA,17,Nord-Trøndelag,64.81715,10.7425,7,Nord-Trøndelag med Bindal,
27,2013,10256,Bondøya,medikamentell,badebehandling,Deltamethrin,,,,deler av lokaliteten,1750,VIKNA,17,Nord-Trøndelag,64.81715,10.7425,7,Nord-Trøndelag med Bindal,
27,2013,10256,Bondøya,medikamentell,badebehandling,Deltamethrin,,,,deler av lokaliteten,1750,VIKNA,17,Nord-Trøndelag,64.81715,10.7425,7,Nord-Trøndelag med Bindal,
27,2013,12040,Brandaskuta,rensefisk,,,1694,Grøngylt,874,deler av lokaliteten,1224,KVINNHERAD,12,Hordaland,59.977615,5.912417,3,Karmøy til Sotra,
27,2013,11857,Buksevika,rensefisk,,,1694,Grøngylt,189,deler av lokaliteten,1004,FLEKKEFJORD,10,Vest-Agder,58.2074,6.63505,1,Svenskegrensen til Jæren,
27,2013,11857,Buksevika,rensefisk,,,1691,Berggylt,621,deler av lokaliteten,1004,FLEKKEFJORD,10,Vest-Agder,58.2074,6.63505,1,Svenskegrensen til Jæren,
27,2013,10264,Digermulen,medikamentell,badebehandling,Azamethiphos,,,,deler av lokaliteten,1751,NÆRØY,17,Nord-Trøndelag,64.9774,11.728117,7,Nord-Trøndelag med Bindal,
27,2013,10264,Digermulen,medikamentell,badebehandling,Deltamethrin,,,,deler av lokaliteten,1751,NÆRØY,17,Nord-Trøndelag,64.9774,11.728117,7,Nord-Trøndelag med Bindal,
27,2013,10264,Digermulen,medikamentell,badebehandling,Hydrogenperoksid,,,,deler av lokaliteten,1751,NÆRØY,17,Nord-Trøndelag,64.9774,11.728117,7,Nord-Trøndelag med Bindal,
27,2013,32197,Dryna,rensefisk,,,1694,Grøngylt,1494,deler av lokaliteten,1545,MIDSUND,15,Møre og Romsdal,62.6444,6.5568,5,Stadt til Hustadvika,
27,2013,32197,Dryna,rensefisk,,,1691,Berggylt,305,deler av lokaliteten,1545,MIDSUND,15,Møre og Romsdal,62.6444,6.5568,5,Stadt til Hustadvika,
27,2013,32197,Dryna,rensefisk,,,1693,Bergnebb,213,deler av lokaliteten,1545,MIDSUND,15,Møre og Romsdal,62.6444,6.5568,5,Stadt til Hustadvika,
27,2013,13669,Furneset,rensefisk,,,1694,Grøngylt,3724,hele lokaliteten,1535,VESTNES,15,Møre og Romsdal,62.6461,7.101183,5,Stadt til Hustadvika,
27,2013,13669,Furneset,rensefisk,,,1691,Berggylt,2414,hele lokaliteten,1535,VESTNES,15,Møre og Romsdal,62.6461,7.101183,5,Stadt til Hustadvika,
27,2013,13058,Fusavika,rensefisk,,,1694,Grøngylt,6450,hele lokaliteten,1241,FUSA,12,Hordaland,60.207634,5.613817,3,Karmøy til Sotra,
27,2013,11198,Geiterøya I,medikamentell,fôrbehandling,Emamectin benzoat,,,,hele lokaliteten,1860,VESTVÅGØY,18,Nordland,68.09026,13.735617,9,Vestfjorden og Vesterålen,
27,2013,12435,Grøttingsøy,rensefisk,,,2221,Rognkjeks (felles),15600,deler av lokaliteten,1620,FRØYA,16,Sør-Trøndelag,63.879684,8.543767,6,Nordmøre og Sør-Trøndelag,
27,2013,30257,Hausan,rensefisk,,,1693,Bergnebb,20500,deler av lokaliteten,1612,HEMNE,16,Sør-Trøndelag,63.45855,8.95495,6,Nordmøre og Sør-Trøndelag,
27,2013,30897,Havsundet,rensefisk,,,1693,Bergnebb,17992,hele lokaliteten,1627,BJUGN,16,Sør-Trøndelag,63.799534,9.440667,6,Nordmøre og Sør-Trøndelag,
27,2013,13235,Hessvik,rensefisk,,,1694,Grøngylt,5094,deler av lokaliteten,1224,KVINNHERAD,12,Hordaland,60.127934,6.149933,3,Karmøy til Sotra,
27,2013,14136,Hestholmen Ø,rensefisk,,,1691,Berggylt,1080,deler av lokaliteten,1144,KVITSØY,11,Rogaland,59.061565,5.445683,2,Ryfylke,
27,2013,12035,Hondskår,rensefisk,,,1693,Bergnebb,18645,hele lokaliteten,1224,KVINNHERAD,12,Hordaland,60.107418,5.939833,3,Karmøy til Sotra,
27,2013,19939,Høysteinen,rensefisk,,,1694,Grøngylt,3800,deler av lokaliteten,1224,KVINNHERAD,12,Hordaland,60.15665,6.048633,3,Karmøy til Sotra,
27,2013,18936,Igerøy Ø,rensefisk,,,1693,Bergnebb,18698,deler av lokaliteten,1815,VEGA,18,Nordland,65.68622,12.138533,8,Helgeland til Bodø,
27,2013,31517,Kamholmen,rensefisk,,,1694,Grøngylt,3135,hele lokaliteten,1620,FRØYA,16,Sør-Trøndelag,63.762417,8.882933,6,Nordmøre og Sør-Trøndelag,
27,2013,13567,"Knappen,Solheim",medikamentell,fôrbehandling,Teflubenzuron,,,,hele lokaliteten,1266,MASFJORDEN,12,Hordaland,60.885334,5.4616,4,Nordhordaland til Stadt,
27,2013,13764,Kokvika,rensefisk,,,1691,Berggylt,6089,deler av lokaliteten,1834,LURØY,18,Nordland,66.413216,12.956833,8,Helgeland til Bodø,
27,2013,12652,Kråkøya,medikamentell,badebehandling,Hydrogenperoksid,,,,deler av lokaliteten,1750,VIKNA,17,Nord-Trøndelag,65.004295,11.039782,7,Nord-Trøndelag med Bindal,
27,2013,12652,Kråkøya,medikamentell,badebehandling,Hydrogenperoksid,,,,deler av lokaliteten,1750,VIKNA,17,Nord-Trøndelag,65.004295,11.039782,7,Nord-Trøndelag med Bindal,
27,2013,11633,Krossholmen,rensefisk,,,1694,Grøngylt,2458,deler av lokaliteten,1219,BØMLO,12,Hordaland,59.7879,5.100533,3,Karmøy til Sotra,
27,2013,11633,Krossholmen,rensefisk,,,1691,Berggylt,267,deler av lokaliteten,1219,BØMLO,12,Hordaland,59.7879,5.100533,3,Karmøy til Sotra,
27,2013,26295,Langøy,rensefisk,,,1694,Grøngylt,14325,hele lokaliteten,1263,LINDÅS,12,Hordaland,60.77775,5.1589,4,Nordhordaland til Stadt,
27,2013,11438,Lauplandsholmen,rensefisk,,,1694,Grøngylt,8154,deler av lokaliteten,1145,BOKN,11,Rogaland,59.179733,5.472633,2,Ryfylke,
27,2013,13541,Midtflua,rensefisk,,,1691,Berggylt,210,deler av lokaliteten,1223,TYSNES,12,Hordaland,60.076267,5.466533,3,Karmøy til Sotra,
27,2013,13541,Midtflua,rensefisk,,,1694,Grøngylt,1290,deler av lokaliteten,1223,TYSNES,12,Hordaland,60.076267,5.466533,3,Karmøy til Sotra,
27,2013,11611,Naveide,rensefisk,,,1694,Grøngylt,380,deler av lokaliteten,1244,AUSTEVOLL,12,Hordaland,60.13907,5.112783,3,Karmøy til Sotra,
27,2013,11611,Naveide,rensefisk,,,1691,Berggylt,15,deler av lokaliteten,1244,AUSTEVOLL,12,Hordaland,60.13907,5.112783,3,Karmøy til Sotra,
27,2013,14495,Nordeimsøyna,rensefisk,,,1691,Berggylt,460,deler av lokaliteten,1141,FINNØY,11,Rogaland,59.28695,5.812483,2,Ryfylke,
27,2013,14495,Nordeimsøyna,rensefisk,,,1692,Annen leppefisk,300,deler av lokaliteten,1141,FINNØY,11,Rogaland,59.28695,5.812483,2,Ryfylke,
27,2013,31697,Oksen,rensefisk,,,169510,Blåstål,341,deler av lokaliteten,1246,FJELL,12,Hordaland,60.43382,4.9411,3,Karmøy til Sotra,
27,2013,31697,Oksen,rensefisk,,,1694,Grøngylt,25600,deler av lokaliteten,1246,FJELL,12,Hordaland,60.43382,4.9411,3,Karmøy til Sotra,
27,2013,31697,Oksen,rensefisk,,,1693,Bergnebb,2160,deler av lokaliteten,1246,FJELL,12,Hordaland,60.43382,4.9411,3,Karmøy til Sotra,
27,2013,31697,Oksen,rensefisk,,,1692,Annen leppefisk,2140,deler av lokaliteten,1246,FJELL,12,Hordaland,60.43382,4.9411,3,Karmøy til Sotra,
27,2013,31697,Oksen,rensefisk,,,1691,Berggylt,1308,deler av lokaliteten,1246,FJELL,12,Hordaland,60.43382,4.9411,3,Karmøy til Sotra,
27,2013,17235,Ørnes,rensefisk,,,2221,Rognkjeks (felles),44734,hele lokaliteten,1834,LURØY,18,Nordland,66.42008,13.018033,8,Helgeland til Bodø,
27,2013,13867,Raunevågen,rensefisk,,,1693,Bergnebb,1783,deler av lokaliteten,1216,SVEIO,12,Hordaland,59.65798,5.533667,3,Karmøy til Sotra,
27,2013,12406,Rauodden,medikamentell,fôrbehandling,Emamectin benzoat,,,,hele lokaliteten,1617,HITRA,16,Sør-Trøndelag,63.66516,8.879338,6,Nordmøre og Sør-Trøndelag,
27,2013,10328,Sagvik,rensefisk,,,1694,Grøngylt,2001,deler av lokaliteten,1238,KVAM,12,Hordaland,60.141033,5.906933,3,Karmøy til Sotra,
27,2013,12244,Setevika,rensefisk,,,1691,Berggylt,598,deler av lokaliteten,1545,MIDSUND,15,Møre og Romsdal,62.728065,6.939283,5,Stadt til Hustadvika,
27,2013,12244,Setevika,rensefisk,,,1694,Grøngylt,1480,deler av lokaliteten,1545,MIDSUND,15,Møre og Romsdal,62.728065,6.939283,5,Stadt til Hustadvika,
27,2013,28256,Skår,rensefisk,,,1692,Annen leppefisk,1271,deler av lokaliteten,1223,TYSNES,12,Hordaland,59.8994,5.532767,3,Karmøy til Sotra,
27,2013,28256,Skår,rensefisk,,,1691,Berggylt,122,deler av lokaliteten,1223,TYSNES,12,Hordaland,59.8994,5.532767,3,Karmøy til Sotra,
27,2013,10327,Skiftesneset S,medikamentell,badebehandling,Deltamethrin,,,,hele lokaliteten,1241,FUSA,12,Hordaland,60.066666,5.7434,3,Karmøy til Sotra,
27,2013,11640,Skorpeosen,rensefisk,,,1694,Grøngylt,10640,deler av lokaliteten,1246,FJELL,12,Hordaland,60.332535,4.942783,3,Karmøy til Sotra,
27,2013,32877,Skorpo,rensefisk,,,1692,Annen leppefisk,2172,deler av lokaliteten,1243,OS I HORDALAND,12,Hordaland,60.173317,5.293683,3,Karmøy til Sotra,
27,2013,32877,Skorpo,rensefisk,,,1691,Berggylt,434,deler av lokaliteten,1243,OS I HORDALAND,12,Hordaland,60.173317,5.293683,3,Karmøy til Sotra,
27,2013,18657,Skredstivik,medikamentell,badebehandling,Cypermethrin,,,,deler av lokaliteten,1413,HYLLESTAD,14,Sogn og Fjordane,61.1567,5.133983,4,Nordhordaland til Stadt,
27,2013,18657,Skredstivik,ikke-medikamentell,,,,,,hele lokaliteten,1413,HYLLESTAD,14,Sogn og Fjordane,61.1567,5.133983,4,Nordhordaland til Stadt,
27,2013,11971,Store Teistholmen Ø,rensefisk,,,1693,Bergnebb,3670,deler av lokaliteten,1102,SANDNES,11,Rogaland,58.976368,5.863067,2,Ryfylke,
27,2013,13196,Syltøy,rensefisk,,,1694,Grøngylt,2632,deler av lokaliteten,1245,SUND,12,Hordaland,60.304,4.966767,3,Karmøy til Sotra,
27,2013,13196,Syltøy,rensefisk,,,1693,Bergnebb,2408,deler av lokaliteten,1245,SUND,12,Hordaland,60.304,4.966767,3,Karmøy til Sotra,
27,2013,13196,Syltøy,rensefisk,,,1691,Berggylt,682,deler av lokaliteten,1245,SUND,12,Hordaland,60.304,4.966767,3,Karmøy til Sotra,
27,2013,10582,Tarmevikodden,rensefisk,,,169520,Rødnebb,60,deler av lokaliteten,1004,FLEKKEFJORD,10,Vest-Agder,58.21977,6.685633,1,Svenskegrensen til Jæren,
27,2013,10582,Tarmevikodden,rensefisk,,,1694,Grøngylt,63,deler av lokaliteten,1004,FLEKKEFJORD,10,Vest-Agder,58.21977,6.685633,1,Svenskegrensen til Jæren,
27,2013,10582,Tarmevikodden,rensefisk,,,1692,Annen leppefisk,12,deler av lokaliteten,1004,FLEKKEFJORD,10,Vest-Agder,58.21977,6.685633,1,Svenskegrensen til Jæren,
27,2013,10582,Tarmevikodden,rensefisk,,,1691,Berggylt,726,deler av lokaliteten,1004,FLEKKEFJORD,10,Vest-Agder,58.21977,6.685633,1,Svenskegrensen til Jæren,
27,2013,25815,Tittelsnes,rensefisk,,,1694,Grøngylt,13097,hele lokaliteten,1216,SVEIO,12,Hordaland,59.723484,5.533483,3,Karmøy til Sotra,
27,2013,24135,Utåker,rensefisk,,,1694,Grøngylt,5161,deler av lokaliteten,1224,KVINNHERAD,12,Hordaland,59.776333,5.9001,3,Karmøy til Sotra,
27,2013,24135,Utåker,rensefisk,,,1693,Bergnebb,2841,deler av lokaliteten,1224,KVINNHERAD,12,Hordaland,59.776333,5.9001,3,Karmøy til Sotra,
27,2013,24135,Utåker,rensefisk,,,1692,Annen leppefisk,1104,deler av lokaliteten,1224,KVINNHERAD,12,Hordaland,59.776333,5.9001,3,Karmøy til Sotra,
27,2013,24135,Utåker,rensefisk,,,1691,Berggylt,401,deler av lokaliteten,1224,KVINNHERAD,12,Hordaland,59.776333,5.9001,3,Karmøy til Sotra,
26,2013,24695,Årnes,medikamentell,badebehandling,Annet virkestoff,,,,deler av lokaliteten,1703,NAMSOS,17,Nord-Trøndelag,64.5961,11.273417,7,Nord-Trøndelag med Bindal,
26,2013,12095,Bergadalen,rensefisk,,,1694,Grøngylt,6100,deler av lokaliteten,1238,KVAM,12,Hordaland,60.1216,5.908883,3,Karmøy til Sotra,
26,2013,12040,Brandaskuta,rensefisk,,,1694,Grøngylt,1991,deler av lokaliteten,1224,KVINNHERAD,12,Hordaland,59.977615,5.912417,3,Karmøy til Sotra,
26,2013,12624,Feøyvika,rensefisk,,,1694,Grøngylt,1982,deler av lokaliteten,1749,FLATANGER,17,Nord-Trøndelag,64.56073,10.91895,7,Nord-Trøndelag med Bindal,
26,2013,12624,Feøyvika,rensefisk,,,1691,Berggylt,2019,deler av lokaliteten,1749,FLATANGER,17,Nord-Trøndelag,64.56073,10.91895,7,Nord-Trøndelag med Bindal,
26,2013,24035,Håvikvågen S,medikamentell,badebehandling,Deltamethrin,,,,deler av lokaliteten,1241,FUSA,12,Hordaland,60.169834,5.69645,3,Karmøy til Sotra,
26,2013,10425,Heggvika,rensefisk,,,2221,Rognkjeks (felles),16749,deler av lokaliteten,1811,BINDAL,18,Nordland,65.12658,12.071983,7,Nord-Trøndelag med Bindal,
26,2013,32737,Heldalen,medikamentell,fôrbehandling,Emamectin benzoat,,,,hele lokaliteten,1860,VESTVÅGØY,18,Nordland,68.10022,13.620333,9,Vestfjorden og Vesterålen,
26,2013,32737,Heldalen,medikamentell,fôrbehandling,Emamectin benzoat,,,,hele lokaliteten,1860,VESTVÅGØY,18,Nordland,68.10022,13.620333,9,Vestfjorden og Vesterålen,
26,2013,12590,Helligholmen,medikamentell,badebehandling,Hydrogenperoksid,,,,deler av lokaliteten,1750,VIKNA,17,Nord-Trøndelag,64.83839,10.665517,7,Nord-Trøndelag med Bindal,
26,2013,12590,Helligholmen,medikamentell,badebehandling,Hydrogenperoksid,,,,deler av lokaliteten,1750,VIKNA,17,Nord-Trøndelag,64.83839,10.665517,7,Nord-Trøndelag med Bindal,
26,2013,12590,Helligholmen,medikamentell,badebehandling,Hydrogenperoksid,,,,deler av lokaliteten,1750,VIKNA,17,Nord-Trøndelag,64.83839,10.665517,7,Nord-Trøndelag med Bindal,
26,2013,12590,Helligholmen,medikamentell,badebehandling,Hydrogenperoksid,,,,deler av lokaliteten,1750,VIKNA,17,Nord-Trøndelag,64.83839,10.665517,7,Nord-Trøndelag med Bindal,
26,2013,12590,Helligholmen,medikamentell,badebehandling,Hydrogenperoksid,,,,deler av lokaliteten,1750,VIKNA,17,Nord-Trøndelag,64.83839,10.665517,7,Nord-Trøndelag med Bindal,
26,2013,12035,Hondskår,rensefisk,,,1693,Bergnebb,3193,deler av lokaliteten,1224,KVINNHERAD,12,Hordaland,60.107418,5.939833,3,Karmøy til Sotra,
26,2013,13567,"Knappen,Solheim",medikamentell,fôrbehandling,Teflubenzuron,,,,hele lokaliteten,1266,MASFJORDEN,12,Hordaland,60.885334,5.4616,4,Nordhordaland til Stadt,
26,2013,10224,Korsneset,medikamentell,badebehandling,Deltamethrin,,,,deler av lokaliteten,1571,HALSA,15,Møre og Romsdal,63.142735,8.224933,6,Nordmøre og Sør-Trøndelag,
26,2013,12476,Kråka Nø,rensefisk,,,222120,Rognkjeks (hun),6027,deler av lokaliteten,1573,SMØLA,15,Møre og Romsdal,63.476818,8.060967,6,Nordmøre og Sør-Trøndelag,
26,2013,12239,Kråknes,ikke-medikamentell,,,,,,hele lokaliteten,1547,AUKRA,15,Møre og Romsdal,62.8316,6.962767,5,Stadt til Hustadvika,
26,2013,12652,Kråkøya,medikamentell,badebehandling,Hydrogenperoksid,,,,deler av lokaliteten,1750,VIKNA,17,Nord-Trøndelag,65.004295,11.039782,7,Nord-Trøndelag med Bindal,
26,2013,12652,Kråkøya,medikamentell,badebehandling,Hydrogenperoksid,,,,deler av lokaliteten,1750,VIKNA,17,Nord-Trøndelag,65.004295,11.039782,7,Nord-Trøndelag med Bindal,
26,2013,12652,Kråkøya,medikamentell,badebehandling,Hydrogenperoksid,,,,deler av lokaliteten,1750,VIKNA,17,Nord-Trøndelag,65.004295,11.039782,7,Nord-Trøndelag med Bindal,
26,2013,11928,Langavika,rensefisk,,,1694,Grøngylt,137,deler av lokaliteten,1133,HJELMELAND,11,Rogaland,59.232067,6.008317,2,Ryfylke,
26,2013,11928,Langavika,rensefisk,,,1691,Berggylt,243,deler av lokaliteten,1133,HJELMELAND,11,Rogaland,59.232067,6.008317,2,Ryfylke,
26,2013,26295,Langøy,rensefisk,,,1694,Grøngylt,2000,deler av lokaliteten,1263,LINDÅS,12,Hordaland,60.77775,5.1589,4,Nordhordaland til Stadt,
26,2013,11772,Moldøyosen,rensefisk,,,1694,Grøngylt,79,deler av lokaliteten,1265,FEDJE,12,Hordaland,60.789734,4.700983,4,Nordhordaland til Stadt,
26,2013,11772,Moldøyosen,rensefisk,,,1691,Berggylt,290,deler av lokaliteten,1265,FEDJE,12,Hordaland,60.789734,4.700983,4,Nordhordaland til Stadt,
26,2013,29957,Nakkestad,rensefisk,,,1691,Berggylt,76,hele lokaliteten,1032,LYNGDAL,10,Vest-Agder,58.056683,7.071583,1,Svenskegrensen til Jæren,
26,2013,31697,Oksen,rensefisk,,,1691,Berggylt,62,hele lokaliteten,1246,FJELL,12,Hordaland,60.43382,4.9411,3,Karmøy til Sotra,
26,2013,17235,Ørnes,rensefisk,,,2221,Rognkjeks (felles),44734,hele lokaliteten,1834,LURØY,18,Nordland,66.42008,13.018033,8,Helgeland til Bodø,
26,2013,12394,Ørnøya,rensefisk,,,1693,Bergnebb,11451,deler av lokaliteten,1620,FRØYA,16,Sør-Trøndelag,63.761868,8.445183,6,Nordmøre og Sør-Trøndelag,
26,2013,12366,Raskjæret,rensefisk,,,1693,Bergnebb,5265,hele lokaliteten,1620,FRØYA,16,Sør-Trøndelag,63.7934,8.851846,6,Nordmøre og Sør-Trøndelag,
26,2013,13867,Raunevågen,rensefisk,,,1693,Bergnebb,23646,deler av lokaliteten,1216,SVEIO,12,Hordaland,59.65798,5.533667,3,Karmøy til Sotra,
26,2013,12406,Rauodden,medikamentell,fôrbehandling,Emamectin benzoat,,,,hele lokaliteten,1617,HITRA,16,Sør-Trøndelag,63.66516,8.879338,6,Nordmøre og Sør-Trøndelag,
26,2013,30657,Revøy,rensefisk,,,1694,Grøngylt,421,hele lokaliteten,1032,LYNGDAL,10,Vest-Agder,58.0243,7.0268,1,Svenskegrensen til Jæren,
26,2013,30657,Revøy,rensefisk,,,1691,Berggylt,166,hele lokaliteten,1032,LYNGDAL,10,Vest-Agder,58.0243,7.0268,1,Svenskegrensen til Jæren,
26,2013,10328,Sagvik,rensefisk,,,1694,Grøngylt,910,deler av lokaliteten,1238,KVAM,12,Hordaland,60.141033,5.906933,3,Karmøy til Sotra,
26,2013,12244,Setevika,medikamentell,badebehandling,Deltamethrin,,,,deler av lokaliteten,1545,MIDSUND,15,Møre og Romsdal,62.728065,6.939283,5,Stadt til Hustadvika,
26,2013,33017,Setevika Nord,medikamentell,badebehandling,Deltamethrin,,,,deler av lokaliteten,1545,MIDSUND,15,Møre og Romsdal,62.73835,6.937667,5,Stadt til Hustadvika,
26,2013,28256,Skår,rensefisk,,,1692,Annen leppefisk,1375,deler av lokaliteten,1223,TYSNES,12,Hordaland,59.8994,5.532767,3,Karmøy til Sotra,
26,2013,28256,Skår,rensefisk,,,1691,Berggylt,125,deler av lokaliteten,1223,TYSNES,12,Hordaland,59.8994,5.532767,3,Karmøy til Sotra,
26,2013,25896,Skorpo,medikamentell,badebehandling,Deltamethrin,,,,hele lokaliteten,1223,TYSNES,12,Hordaland,59.8771,5.637667,3,Karmøy til Sotra,
26,2013,12108,Skorpo Nv,rensefisk,,,1691,Berggylt,1077,deler av lokaliteten,1224,KVINNHERAD,12,Hordaland,59.950382,5.820483,3,Karmøy til Sotra,
26,2013,12108,Skorpo Nv,rensefisk,,,1694,Grøngylt,3743,deler av lokaliteten,1224,KVINNHERAD,12,Hordaland,59.950382,5.820483,3,Karmøy til Sotra,
26,2013,18657,Skredstivik,medikamentell,badebehandling,Cypermethrin,,,,deler av lokaliteten,1413,HYLLESTAD,14,Sogn og Fjordane,61.1567,5.133983,4,Nordhordaland til Stadt,
26,2013,12712,Slokkholmen Ø,medikamentell,badebehandling,Annet virkestoff,,,,hele lokaliteten,1755,LEKA,17,Nord-Trøndelag,65.04093,11.484783,7,Nord-Trøndelag med Bindal,
26,2013,29356,Smineset Nord,rensefisk,,,222120,Rognkjeks (hun),15000,deler av lokaliteten,1751,NÆRØY,17,Nord-Trøndelag,64.75597,11.54245,7,Nord-Trøndelag med Bindal,
26,2013,13566,Storskrebukti,medikamentell,badebehandling,Deltamethrin,,,,hele lokaliteten,1263,LINDÅS,12,Hordaland,60.6535,5.419183,4,Nordhordaland til Stadt,
26,2013,26235,Stualand,rensefisk,,,1691,Berggylt,7500,deler av lokaliteten,1216,SVEIO,12,Hordaland,59.6088,5.5269,3,Karmøy til Sotra,
26,2013,10582,Tarmevikodden,rensefisk,,,169520,Rødnebb,91,deler av lokaliteten,1004,FLEKKEFJORD,10,Vest-Agder,58.21977,6.685633,1,Svenskegrensen til Jæren,
26,2013,10582,Tarmevikodden,rensefisk,,,1694,Grøngylt,220,deler av lokaliteten,1004,FLEKKEFJORD,10,Vest-Agder,58.21977,6.685633,1,Svenskegrensen til Jæren,
26,2013,10582,Tarmevikodden,rensefisk,,,1692,Annen leppefisk,27,deler av lokaliteten,1004,FLEKKEFJORD,10,Vest-Agder,58.21977,6.685633,1,Svenskegrensen til Jæren,
26,2013,10582,Tarmevikodden,rensefisk,,,1691,Berggylt,369,deler av lokaliteten,1004,FLEKKEFJORD,10,Vest-Agder,58.21977,6.685633,1,Svenskegrensen til Jæren,
26,2013,12662,Ternskjæret II,rensefisk,,,1691,Berggylt,4100,deler av lokaliteten,1751,NÆRØY,17,Nord-Trøndelag,64.77713,11.639767,7,Nord-Trøndelag med Bindal,
26,2013,25815,Tittelsnes,rensefisk,,,1694,Grøngylt,8110,hele lokaliteten,1216,SVEIO,12,Hordaland,59.723484,5.533483,3,Karmøy til Sotra,
26,2013,32733,,medikamentell,fôrbehandling,Emamectin benzoat,,,,hele lokaliteten,,,,,,,,,
26,2013,32733,,medikamentell,fôrbehandling,Emamectin benzoat,,,,hele lokaliteten,,,,,,,,,
25,2013,10331,Åkre,medikamentell,badebehandling,Deltamethrin,,,,hele lokaliteten,1224,KVINNHERAD,12,Hordaland,60.112434,6.042483,3,Karmøy til Sotra,
25,2013,12988,Aukrasanden,medikamentell,badebehandling,Azamethiphos,,,,hele lokaliteten,1547,AUKRA,15,Møre og Romsdal,62.783417,6.92605,5,Stadt til Hustadvika,
25,2013,12988,Aukrasanden,medikamentell,badebehandling,Deltamethrin,,,,hele lokaliteten,1547,AUKRA,15,Møre og Romsdal,62.783417,6.92605,5,Stadt til Hustadvika,
25,2013,12988,Aukrasanden,ikke-medikamentell,,,,,,hele lokaliteten,1547,AUKRA,15,Møre og Romsdal,62.783417,6.92605,5,Stadt til Hustadvika,
25,2013,31877,Barøya,medikamentell,badebehandling,Annet virkestoff,,,,deler av lokaliteten,1703,NAMSOS,17,Nord-Trøndelag,64.6206,11.233183,7,Nord-Trøndelag med Bindal,
25,2013,31877,Barøya,medikamentell,badebehandling,Annet virkestoff,,,,deler av lokaliteten,1703,NAMSOS,17,Nord-Trøndelag,64.6206,11.233183,7,Nord-Trøndelag med Bindal,
25,2013,18235,Bastli,medikamentell,badebehandling,Azamethiphos,,,,hele lokaliteten,1133,HJELMELAND,11,Rogaland,59.2694,6.193083,2,Ryfylke,
25,2013,12095,Bergadalen,rensefisk,,,1694,Grøngylt,12900,deler av lokaliteten,1238,KVAM,12,Hordaland,60.1216,5.908883,3,Karmøy til Sotra,
25,2013,11857,Buksevika,rensefisk,,,1694,Grøngylt,210,deler av lokaliteten,1004,FLEKKEFJORD,10,Vest-Agder,58.2074,6.63505,1,Svenskegrensen til Jæren,
25,2013,11857,Buksevika,rensefisk,,,1691,Berggylt,508,deler av lokaliteten,1004,FLEKKEFJORD,10,Vest-Agder,58.2074,6.63505,1,Svenskegrensen til Jæren,
25,2013,12624,Feøyvika,rensefisk,,,1694,Grøngylt,4020,deler av lokaliteten,1749,FLATANGER,17,Nord-Trøndelag,64.56073,10.91895,7,Nord-Trøndelag med Bindal,
25,2013,12624,Feøyvika,rensefisk,,,1691,Berggylt,3791,deler av lokaliteten,1749,FLATANGER,17,Nord-Trøndelag,64.56073,10.91895,7,Nord-Trøndelag med Bindal,
25,2013,13503,Heggvika,medikamentell,fôrbehandling,Emamectin benzoat,,,,deler av lokaliteten,1617,HITRA,16,Sør-Trøndelag,63.6106,9.050733,6,Nordmøre og Sør-Trøndelag,
25,2013,32737,Heldalen,medikamentell,fôrbehandling,Emamectin benzoat,,,,hele lokaliteten,1860,VESTVÅGØY,18,Nordland,68.10022,13.620333,9,Vestfjorden og Vesterålen,
25,2013,32737,Heldalen,medikamentell,fôrbehandling,Emamectin benzoat,,,,hele lokaliteten,1860,VESTVÅGØY,18,Nordland,68.10022,13.620333,9,Vestfjorden og Vesterålen,
25,2013,12239,Kråknes,medikamentell,badebehandling,Azamethiphos,,,,hele lokaliteten,1547,AUKRA,15,Møre og Romsdal,62.8316,6.962767,5,Stadt til Hustadvika,
25,2013,12239,Kråknes,medikamentell,badebehandling,Deltamethrin,,,,hele lokaliteten,1547,AUKRA,15,Møre og Romsdal,62.8316,6.962767,5,Stadt til Hustadvika,
25,2013,12652,Kråkøya,medikamentell,badebehandling,Hydrogenperoksid,,,,deler av lokaliteten,1750,VIKNA,17,Nord-Trøndelag,65.004295,11.039782,7,Nord-Trøndelag med Bindal,
25,2013,12652,Kråkøya,medikamentell,badebehandling,Hydrogenperoksid,,,,deler av lokaliteten,1750,VIKNA,17,Nord-Trøndelag,65.004295,11.039782,7,Nord-Trøndelag med Bindal,
25,2013,12652,Kråkøya,medikamentell,badebehandling,Hydrogenperoksid,,,,deler av lokaliteten,1750,VIKNA,17,Nord-Trøndelag,65.004295,11.039782,7,Nord-Trøndelag med Bindal,
25,2013,12652,Kråkøya,medikamentell,badebehandling,Hydrogenperoksid,,,,deler av lokaliteten,1750,VIKNA,17,Nord-Trøndelag,65.004295,11.039782,7,Nord-Trøndelag med Bindal,
25,2013,26295,Langøy,rensefisk,,,1694,Grøngylt,3600,deler av lokaliteten,1263,LINDÅS,12,Hordaland,60.77775,5.1589,4,Nordhordaland til Stadt,
25,2013,29957,Nakkestad,rensefisk,,,1691,Berggylt,76,hele lokaliteten,1032,LYNGDAL,10,Vest-Agder,58.056683,7.071583,1,Svenskegrensen til Jæren,
25,2013,17235,Ørnes,rensefisk,,,2221,Rognkjeks (felles),44734,hele lokaliteten,1834,LURØY,18,Nordland,66.42008,13.018033,8,Helgeland til Bodø,
25,2013,13888,Osholmen,medikamentell,fôrbehandling,Emamectin benzoat,,,,hele lokaliteten,1617,HITRA,16,Sør-Trøndelag,63.6617,9.136383,6,Nordmøre og Sør-Trøndelag,
25,2013,11738,Otterholmen,medikamentell,badebehandling,Azamethiphos,,,,hele lokaliteten,1260,RADØY,12,Hordaland,60.68693,4.907933,4,Nordhordaland til Stadt,
25,2013,11738,Otterholmen,medikamentell,badebehandling,Azamethiphos,,,,hele lokaliteten,1260,RADØY,12,Hordaland,60.68693,4.907933,4,Nordhordaland til Stadt,
25,2013,13867,Raunevågen,rensefisk,,,1693,Bergnebb,29730,deler av lokaliteten,1216,SVEIO,12,Hordaland,59.65798,5.533667,3,Karmøy til Sotra,
25,2013,30657,Revøy,rensefisk,,,1694,Grøngylt,421,hele lokaliteten,1032,LYNGDAL,10,Vest-Agder,58.0243,7.0268,1,Svenskegrensen til Jæren,
25,2013,30657,Revøy,rensefisk,,,1691,Berggylt,166,hele lokaliteten,1032,LYNGDAL,10,Vest-Agder,58.0243,7.0268,1,Svenskegrensen til Jæren,
25,2013,12281,Rogne,rensefisk,,,2221,Rognkjeks (felles),23152,deler av lokaliteten,1534,HARAM,15,Møre og Romsdal,62.667816,6.357217,5,Stadt til Hustadvika,
25,2013,10328,Sagvik,rensefisk,,,1694,Grøngylt,1881,deler av lokaliteten,1238,KVAM,12,Hordaland,60.141033,5.906933,3,Karmøy til Sotra,
25,2013,19855,Segelråa,medikamentell,badebehandling,Deltamethrin,,,,hele lokaliteten,1576,AURE,15,Møre og Romsdal,63.149746,8.12855,6,Nordmøre og Sør-Trøndelag,
25,2013,19855,Segelråa,medikamentell,badebehandling,Deltamethrin,,,,hele lokaliteten,1576,AURE,15,Møre og Romsdal,63.149746,8.12855,6,Nordmøre og Sør-Trøndelag,
25,2013,19855,Segelråa,medikamentell,badebehandling,Deltamethrin,,,,hele lokaliteten,1576,AURE,15,Møre og Romsdal,63.149746,8.12855,6,Nordmøre og Sør-Trøndelag,
25,2013,19855,Segelråa,medikamentell,badebehandling,Deltamethrin,,,,hele lokaliteten,1576,AURE,15,Møre og Romsdal,63.149746,8.12855,6,Nordmøre og Sør-Trøndelag,
25,2013,19855,Segelråa,medikamentell,badebehandling,Deltamethrin,,,,hele lokaliteten,1576,AURE,15,Møre og Romsdal,63.149746,8.12855,6,Nordmøre og Sør-Trøndelag,
25,2013,24115,Singsholmen,rensefisk,,,222120,Rognkjeks (hun),42376,deler av lokaliteten,1617,HITRA,16,Sør-Trøndelag,63.41975,8.411617,6,Nordmøre og Sør-Trøndelag,
25,2013,11971,Store Teistholmen Ø,rensefisk,,,1693,Bergnebb,4670,deler av lokaliteten,1102,SANDNES,11,Rogaland,58.976368,5.863067,2,Ryfylke,
25,2013,22335,Storvika,medikamentell,badebehandling,Azamethiphos,,,,hele lokaliteten,1548,FRÆNA,15,Møre og Romsdal,62.802166,6.981267,5,Stadt til Hustadvika,
25,2013,22335,Storvika,medikamentell,badebehandling,Deltamethrin,,,,hele lokaliteten,1548,FRÆNA,15,Møre og Romsdal,62.802166,6.981267,5,Stadt til Hustadvika,
25,2013,26235,Stualand,rensefisk,,,1691,Berggylt,7280,deler av lokaliteten,1216,SVEIO,12,Hordaland,59.6088,5.5269,3,Karmøy til Sotra,
25,2013,13727,Svellungen,medikamentell,fôrbehandling,Emamectin benzoat,,,,deler av lokaliteten,1617,HITRA,16,Sør-Trøndelag,63.655285,9.156795,6,Nordmøre og Sør-Trøndelag,
25,2013,13057,Teigland I,rensefisk,,,1694,Grøngylt,5816,deler av lokaliteten,1238,KVAM,12,Hordaland,60.17935,5.959917,3,Karmøy til Sotra,
25,2013,25815,Tittelsnes,rensefisk,,,1694,Grøngylt,3802,deler av lokaliteten,1216,SVEIO,12,Hordaland,59.723484,5.533483,3,Karmøy til Sotra,
25,2013,32717,Tranøya N,medikamentell,badebehandling,Deltamethrin,,,,hele lokaliteten,1627,BJUGN,16,Sør-Trøndelag,63.872032,9.769783,6,Nordmøre og Sør-Trøndelag,
25,2013,32717,Tranøya N,medikamentell,fôrbehandling,Emamectin benzoat,,,,hele lokaliteten,1627,BJUGN,16,Sør-Trøndelag,63.872032,9.769783,6,Nordmøre og Sør-Trøndelag,
25,2013,32717,Tranøya N,rensefisk,,,1691,Berggylt,4759,hele lokaliteten,1627,BJUGN,16,Sør-Trøndelag,63.872032,9.769783,6,Nordmøre og Sør-Trøndelag,
24,2013,11756,Allersholmen,medikamentell,badebehandling,Azamethiphos,,,,hele lokaliteten,1264,AUSTRHEIM,12,Hordaland,60.77465,4.8536,4,Nordhordaland til Stadt,
24,2013,11756,Allersholmen,medikamentell,badebehandling,Azamethiphos,,,,hele lokaliteten,1264,AUSTRHEIM,12,Hordaland,60.77465,4.8536,4,Nordhordaland til Stadt,
24,2013,29816,Apalvikneset,medikamentell,badebehandling,Deltamethrin,,,,hele lokaliteten,1224,KVINNHERAD,12,Hordaland,60.145584,6.120467,3,Karmøy til Sotra,
24,2013,12625,Bjørgan,rensefisk,,,1694,Grøngylt,17951,deler av lokaliteten,1749,FLATANGER,17,Nord-Trøndelag,64.59268,10.908333,7,Nord-Trøndelag med Bindal,
24,2013,12625,Bjørgan,rensefisk,,,1691,Berggylt,9692,deler av lokaliteten,1749,FLATANGER,17,Nord-Trøndelag,64.59268,10.908333,7,Nord-Trøndelag med Bindal,
24,2013,24915,Bøbukta,rensefisk,,,2221,Rognkjeks (felles),8549,deler av lokaliteten,1815,VEGA,18,Nordland,65.66164,12.083917,8,Helgeland til Bodø,
24,2013,12624,Feøyvika,rensefisk,,,1694,Grøngylt,2303,deler av lokaliteten,1749,FLATANGER,17,Nord-Trøndelag,64.56073,10.91895,7,Nord-Trøndelag med Bindal,
24,2013,12624,Feøyvika,rensefisk,,,1691,Berggylt,6469,deler av lokaliteten,1749,FLATANGER,17,Nord-Trøndelag,64.56073,10.91895,7,Nord-Trøndelag med Bindal,
24,2013,12035,Hondskår,medikamentell,fôrbehandling,Annet virkestoff,,,,deler av lokaliteten,1224,KVINNHERAD,12,Hordaland,60.107418,5.939833,3,Karmøy til Sotra,
24,2013,18936,Igerøy Ø,rensefisk,,,1693,Bergnebb,2393,deler av lokaliteten,1815,VEGA,18,Nordland,65.68622,12.138533,8,Helgeland til Bodø,
24,2013,17235,Ørnes,rensefisk,,,2221,Rognkjeks (felles),44734,hele lokaliteten,1834,LURØY,18,Nordland,66.42008,13.018033,8,Helgeland til Bodø,
24,2013,13888,Osholmen,medikamentell,fôrbehandling,Emamectin benzoat,,,,hele lokaliteten,1617,HITRA,16,Sør-Trøndelag,63.6617,9.136383,6,Nordmøre og Sør-Trøndelag,
24,2013,12048,Skiftesneset N,medikamentell,badebehandling,Annet virkestoff,,,,hele lokaliteten,1241,FUSA,12,Hordaland,60.07175,5.736433,3,Karmøy til Sotra,
24,2013,13727,Svellungen,medikamentell,fôrbehandling,Emamectin benzoat,,,,hele lokaliteten,1617,HITRA,16,Sør-Trøndelag,63.655285,9.156795,6,Nordmøre og Sør-Trøndelag,
24,2013,13057,Teigland I,medikamentell,fôrbehandling,Diflubenzuron,,,,hele lokaliteten,1238,KVAM,12,Hordaland,60.17935,5.959917,3,Karmøy til Sotra,
23,2013,12040,Brandaskuta,medikamentell,fôrbehandling,Annet virkestoff,,,,hele lokaliteten,1224,KVINNHERAD,12,Hordaland,59.977615,5.912417,3,Karmøy til Sotra,
23,2013,12800,Flatøya,medikamentell,fôrbehandling,Emamectin benzoat,,,,hele lokaliteten,1627,BJUGN,16,Sør-Trøndelag,63.901875,9.843085,6,Nordmøre og Sør-Trøndelag,
23,2013,29876,Flotaren,rensefisk,,,1691,Berggylt,4367,deler av lokaliteten,1749,FLATANGER,17,Nord-Trøndelag,64.52398,10.761667,7,Nord-Trøndelag med Bindal,
23,2013,13503,Heggvika,medikamentell,fôrbehandling,Emamectin benzoat,,,,hele lokaliteten,1617,HITRA,16,Sør-Trøndelag,63.6106,9.050733,6,Nordmøre og Sør-Trøndelag,
23,2013,13235,Hessvik,medikamentell,badebehandling,Deltamethrin,,,,hele lokaliteten,1224,KVINNHERAD,12,Hordaland,60.127934,6.149933,3,Karmøy til Sotra,
23,2013,12035,Hondskår,medikamentell,fôrbehandling,Annet virkestoff,,,,hele lokaliteten,1224,KVINNHERAD,12,Hordaland,60.107418,5.939833,3,Karmøy til Sotra,
23,2013,19939,Høysteinen,medikamentell,badebehandling,Deltamethrin,,,,deler av lokaliteten,1224,KVINNHERAD,12,Hordaland,60.15665,6.048633,3,Karmøy til Sotra,
23,2013,12348,Kåholmen,medikamentell,fôrbehandling,Emamectin benzoat,,,,hele lokaliteten,1617,HITRA,16,Sør-Trøndelag,63.617184,8.994133,6,Nordmøre og Sør-Trøndelag,
23,2013,14042,Kattholmen,rensefisk,,,1693,Bergnebb,7516,deler av lokaliteten,1620,FRØYA,16,Sør-Trøndelag,63.870968,8.679017,6,Nordmøre og Sør-Trøndelag,
23,2013,30437,Kattholmen II,rensefisk,,,1691,Berggylt,3950,hele lokaliteten,1620,FRØYA,16,Sør-Trøndelag,63.8661,8.675683,6,Nordmøre og Sør-Trøndelag,
23,2013,10828,Kleppenes N,medikamentell,badebehandling,Cypermethrin,,,,deler av lokaliteten,2004,HAMMERFEST,20,Finnmark,70.53805,23.558533,12,Vest-Finnmark,
23,2013,10828,Kleppenes N,medikamentell,badebehandling,Cypermethrin,,,,deler av lokaliteten,2004,HAMMERFEST,20,Finnmark,70.53805,23.558533,12,Vest-Finnmark,
23,2013,26295,Langøy,medikamentell,fôrbehandling,Annet virkestoff,,,,deler av lokaliteten,1263,LINDÅS,12,Hordaland,60.77775,5.1589,4,Nordhordaland til Stadt,
23,2013,12633,Lyrnesset,rensefisk,,,1694,Grøngylt,1781,deler av lokaliteten,1749,FLATANGER,17,Nord-Trøndelag,64.5256,10.748133,7,Nord-Trøndelag med Bindal,
23,2013,12633,Lyrnesset,rensefisk,,,1691,Berggylt,4062,deler av lokaliteten,1749,FLATANGER,17,Nord-Trøndelag,64.5256,10.748133,7,Nord-Trøndelag med Bindal,
23,2013,17235,Ørnes,rensefisk,,,2221,Rognkjeks (felles),44734,hele lokaliteten,1834,LURØY,18,Nordland,66.42008,13.018033,8,Helgeland til Bodø,
23,2013,30518,Ørnfjordbotn,medikamentell,badebehandling,Deltamethrin,,,,hele lokaliteten,1931,LENVIK,19,Troms,69.49147,17.673067,10,Andøya til Senja,
23,2013,10328,Sagvik,medikamentell,fôrbehandling,Diflubenzuron,,,,hele lokaliteten,1238,KVAM,12,Hordaland,60.141033,5.906933,3,Karmøy til Sotra,
23,2013,12965,Stølsvik,medikamentell,fôrbehandling,Diflubenzuron,,,,hele lokaliteten,1146,TYSVÆR,11,Rogaland,59.405434,5.710833,2,Ryfylke,
23,2013,30217,Storelva,medikamentell,badebehandling,Deltamethrin,,,,hele lokaliteten,1941,SKJERVØY,19,Troms,70.13225,20.789433,11,Kvaløya til Loppa,
23,2013,13057,Teigland I,medikamentell,fôrbehandling,Diflubenzuron,,,,hele lokaliteten,1238,KVAM,12,Hordaland,60.17935,5.959917,3,Karmøy til Sotra,
23,2013,13677,Trøan/Bjørklibukta,rensefisk,,,1693,Bergnebb,5943,deler av lokaliteten,1612,HEMNE,16,Sør-Trøndelag,63.33155,9.1231,6,Nordmøre og Sør-Trøndelag,
23,2013,12802,Veddersholmen,medikamentell,fôrbehandling,Emamectin benzoat,,,,hele lokaliteten,1627,BJUGN,16,Sør-Trøndelag,63.899067,9.870933,6,Nordmøre og Sør-Trøndelag,
22,2013,13305,Barbogen,medikamentell,badebehandling,Deltamethrin,,,,hele lokaliteten,1928,TORSKEN,19,Troms,69.36843,17.0281,10,Andøya til Senja,
22,2013,12625,Bjørgan,rensefisk,,,1694,Grøngylt,16340,deler av lokaliteten,1749,FLATANGER,17,Nord-Trøndelag,64.59268,10.908333,7,Nord-Trøndelag med Bindal,
22,2013,12625,Bjørgan,rensefisk,,,1691,Berggylt,1761,deler av lokaliteten,1749,FLATANGER,17,Nord-Trøndelag,64.59268,10.908333,7,Nord-Trøndelag med Bindal,
22,2013,12040,Brandaskuta,medikamentell,fôrbehandling,Annet virkestoff,,,,hele lokaliteten,1224,KVINNHERAD,12,Hordaland,59.977615,5.912417,3,Karmøy til Sotra,
22,2013,20455,Djupevika,medikamentell,badebehandling,Deltamethrin,,,,deler av lokaliteten,1224,KVINNHERAD,12,Hordaland,60.0406,6.010917,3,Karmøy til Sotra,
22,2013,20455,Djupevika,medikamentell,badebehandling,Deltamethrin,,,,deler av lokaliteten,1224,KVINNHERAD,12,Hordaland,60.0406,6.010917,3,Karmøy til Sotra,
22,2013,20455,Djupevika,medikamentell,badebehandling,Deltamethrin,,,,deler av lokaliteten,1224,KVINNHERAD,12,Hordaland,60.0406,6.010917,3,Karmøy til Sotra,
22,2013,20455,Djupevika,medikamentell,badebehandling,Deltamethrin,,,,deler av lokaliteten,1224,KVINNHERAD,12,Hordaland,60.0406,6.010917,3,Karmøy til Sotra,
22,2013,20455,Djupevika,medikamentell,badebehandling,Deltamethrin,,,,deler av lokaliteten,1224,KVINNHERAD,12,Hordaland,60.0406,6.010917,3,Karmøy til Sotra,
22,2013,20455,Djupevika,medikamentell,badebehandling,Deltamethrin,,,,deler av lokaliteten,1224,KVINNHERAD,12,Hordaland,60.0406,6.010917,3,Karmøy til Sotra,
22,2013,12800,Flatøya,medikamentell,fôrbehandling,Emamectin benzoat,,,,hele lokaliteten,1627,BJUGN,16,Sør-Trøndelag,63.901875,9.843085,6,Nordmøre og Sør-Trøndelag,
22,2013,13119,Hesten,medikamentell,badebehandling,Cypermethrin,,,,deler av lokaliteten,2012,ALTA,20,Finnmark,70.23785,23.4112,12,Vest-Finnmark,
22,2013,12035,Hondskår,medikamentell,fôrbehandling,Annet virkestoff,,,,hele lokaliteten,1224,KVINNHERAD,12,Hordaland,60.107418,5.939833,3,Karmøy til Sotra,
22,2013,19939,Høysteinen,medikamentell,badebehandling,Deltamethrin,,,,deler av lokaliteten,1224,KVINNHERAD,12,Hordaland,60.15665,6.048633,3,Karmøy til Sotra,
22,2013,11356,Husvika,medikamentell,badebehandling,Deltamethrin,,,,hele lokaliteten,1928,TORSKEN,19,Troms,69.33725,17.02415,10,Andøya til Senja,
22,2013,26295,Langøy,medikamentell,fôrbehandling,Annet virkestoff,,,,deler av lokaliteten,1263,LINDÅS,12,Hordaland,60.77775,5.1589,4,Nordhordaland til Stadt,
22,2013,12047,Mjåneset,medikamentell,badebehandling,Deltamethrin,,,,hele lokaliteten,1241,FUSA,12,Hordaland,60.176,5.7244,3,Karmøy til Sotra,
22,2013,16015,Russelva,medikamentell,badebehandling,Deltamethrin,,,,hele lokaliteten,1942,NORDREISA,19,Troms,69.88975,20.769016,11,Kvaløya til Loppa,
22,2013,10328,Sagvik,medikamentell,fôrbehandling,Diflubenzuron,,,,hele lokaliteten,1238,KVAM,12,Hordaland,60.141033,5.906933,3,Karmøy til Sotra,
22,2013,12965,Stølsvik,medikamentell,fôrbehandling,Diflubenzuron,,,,hele lokaliteten,1146,TYSVÆR,11,Rogaland,59.405434,5.710833,2,Ryfylke,
22,2013,12802,Veddersholmen,medikamentell,fôrbehandling,Emamectin benzoat,,,,hele lokaliteten,1627,BJUGN,16,Sør-Trøndelag,63.899067,9.870933,6,Nordmøre og Sør-Trøndelag,
22,2013,10616,Vinnalandet,medikamentell,badebehandling,Cypermethrin,,,,deler av lokaliteten,2004,HAMMERFEST,20,Finnmark,70.57598,23.41295,12,Vest-Finnmark,
22,2013,10616,Vinnalandet,medikamentell,badebehandling,Cypermethrin,,,,deler av lokaliteten,2004,HAMMERFEST,20,Finnmark,70.57598,23.41295,12,Vest-Finnmark,
22,2013,10616,Vinnalandet,medikamentell,badebehandling,Cypermethrin,,,,deler av lokaliteten,2004,HAMMERFEST,20,Finnmark,70.57598,23.41295,12,Vest-Finnmark,
21,2013,10275,Auskarnes Ø,medikamentell,badebehandling,Cypermethrin,,,,hele lokaliteten,2014,LOPPA,20,Finnmark,70.14145,22.3542,12,Vest-Finnmark,
21,2013,13503,Heggvika,rensefisk,,,2221,Rognkjeks (felles),7686,deler av lokaliteten,1617,HITRA,16,Sør-Trøndelag,63.6106,9.050733,6,Nordmøre og Sør-Trøndelag,
21,2013,12590,Helligholmen,medikamentell,badebehandling,Hydrogenperoksid,,,,deler av lokaliteten,1750,VIKNA,17,Nord-Trøndelag,64.83839,10.665517,7,Nord-Trøndelag med Bindal,
21,2013,12035,Hondskår,medikamentell,fôrbehandling,Annet virkestoff,,,,hele lokaliteten,1224,KVINNHERAD,12,Hordaland,60.107418,5.939833,3,Karmøy til Sotra,
21,2013,14245,Jakobsteinsvika,medikamentell,badebehandling,Hydrogenperoksid,,,,deler av lokaliteten,1755,LEKA,17,Nord-Trøndelag,65.11352,11.7929,7,Nord-Trøndelag med Bindal,
21,2013,26295,Langøy,medikamentell,fôrbehandling,Annet virkestoff,,,,deler av lokaliteten,1263,LINDÅS,12,Hordaland,60.77775,5.1589,4,Nordhordaland til Stadt,
21,2013,10795,Olaneset,medikamentell,badebehandling,Cypermethrin,,,,deler av lokaliteten,2014,LOPPA,20,Finnmark,70.2122,22.2785,12,Vest-Finnmark,
21,2013,10795,Olaneset,medikamentell,badebehandling,Cypermethrin,,,,deler av lokaliteten,2014,LOPPA,20,Finnmark,70.2122,22.2785,12,Vest-Finnmark,
21,2013,11122,Røssøya N,medikamentell,badebehandling,Azamethiphos,,,,hele lokaliteten,1838,GILDESKÅL,18,Nordland,67.073,13.947583,8,Helgeland til Bodø,
21,2013,11122,Røssøya N,medikamentell,badebehandling,Deltamethrin,,,,hele lokaliteten,1838,GILDESKÅL,18,Nordland,67.073,13.947583,8,Helgeland til Bodø,
21,2013,12965,Stølsvik,medikamentell,fôrbehandling,Diflubenzuron,,,,hele lokaliteten,1146,TYSVÆR,11,Rogaland,59.405434,5.710833,2,Ryfylke,
21,2013,10839,Store Kufjord,medikamentell,badebehandling,Cypermethrin,,,,hele lokaliteten,2012,ALTA,20,Finnmark,70.35332,23.079117,12,Vest-Finnmark,
21,2013,13316,Storvik,medikamentell,badebehandling,Cypermethrin,,,,deler av lokaliteten,2014,LOPPA,20,Finnmark,70.14951,22.416567,12,Vest-Finnmark,
21,2013,17077,Trettevik,medikamentell,badebehandling,Deltamethrin,,,,deler av lokaliteten,1931,LENVIK,19,Troms,69.51037,18.0218,10,Andøya til Senja,
20,2013,12625,Bjørgan,medikamentell,fôrbehandling,Emamectin benzoat,,,,hele lokaliteten,1749,FLATANGER,17,Nord-Trøndelag,64.59268,10.908333,7,Nord-Trøndelag med Bindal,
20,2013,12624,Feøyvika,medikamentell,fôrbehandling,Emamectin benzoat,,,,hele lokaliteten,1749,FLATANGER,17,Nord-Trøndelag,64.56073,10.91895,7,Nord-Trøndelag med Bindal,
20,2013,11433,Finnvika Sør,medikamentell,badebehandling,Deltamethrin,,,,hele lokaliteten,1931,LENVIK,19,Troms,69.500565,17.919018,10,Andøya til Senja,
20,2013,11122,Røssøya N,medikamentell,badebehandling,Azamethiphos,,,,deler av lokaliteten,1838,GILDESKÅL,18,Nordland,67.073,13.947583,8,Helgeland til Bodø,
20,2013,11122,Røssøya N,medikamentell,badebehandling,Deltamethrin,,,,deler av lokaliteten,1838,GILDESKÅL,18,Nordland,67.073,13.947583,8,Helgeland til Bodø,
20,2013,13125,Storvika,rensefisk,,,2221,Rognkjeks (felles),3325,deler av lokaliteten,1837,MELØY,18,Nordland,66.80855,13.242333,8,Helgeland til Bodø,
20,2013,11144,Svinvær,medikamentell,badebehandling,Annet virkestoff,,,,deler av lokaliteten,1836,RØDØY,18,Nordland,66.76923,13.170633,8,Helgeland til Bodø,
20,2013,11144,Svinvær,medikamentell,badebehandling,Annet virkestoff,,,,deler av lokaliteten,1836,RØDØY,18,Nordland,66.76923,13.170633,8,Helgeland til Bodø,
20,2013,11144,Svinvær,medikamentell,badebehandling,Annet virkestoff,,,,deler av lokaliteten,1836,RØDØY,18,Nordland,66.76923,13.170633,8,Helgeland til Bodø,
20,2013,11144,Svinvær,medikamentell,badebehandling,Annet virkestoff,,,,deler av lokaliteten,1836,RØDØY,18,Nordland,66.76923,13.170633,8,Helgeland til Bodø,
20,2013,10545,Sylsnes,medikamentell,badebehandling,Deltamethrin,,,,hele lokaliteten,1928,TORSKEN,19,Troms,69.335266,17.076218,10,Andøya til Senja,
20,2013,10545,Sylsnes,medikamentell,badebehandling,Deltamethrin,,,,hele lokaliteten,1928,TORSKEN,19,Troms,69.335266,17.076218,10,Andøya til Senja,
20,2013,10545,Sylsnes,medikamentell,badebehandling,Deltamethrin,,,,hele lokaliteten,1928,TORSKEN,19,Troms,69.335266,17.076218,10,Andøya til Senja,
19,2013,13341,Bakjestranda,medikamentell,fôrbehandling,Diflubenzuron,,,,hele lokaliteten,1438,BREMANGER,14,Sogn og Fjordane,61.81885,4.940267,4,Nordhordaland til Stadt,
19,2013,12625,Bjørgan,medikamentell,fôrbehandling,Emamectin benzoat,,,,hele lokaliteten,1749,FLATANGER,17,Nord-Trøndelag,64.59268,10.908333,7,Nord-Trøndelag med Bindal,
19,2013,11274,Bjørnsvik,medikamentell,badebehandling,Deltamethrin,,,,hele lokaliteten,1845,SØRFOLD,18,Nordland,67.533035,15.386383,9,Vestfjorden og Vesterålen,
19,2013,13284,Bollhaugen,medikamentell,badebehandling,Azamethiphos,,,,hele lokaliteten,1827,DØNNA,18,Nordland,66.1125,12.4868,8,Helgeland til Bodø,
19,2013,13284,Bollhaugen,medikamentell,badebehandling,Deltamethrin,,,,hele lokaliteten,1827,DØNNA,18,Nordland,66.1125,12.4868,8,Helgeland til Bodø,
19,2013,12040,Brandaskuta,medikamentell,fôrbehandling,Annet virkestoff,,,,hele lokaliteten,1224,KVINNHERAD,12,Hordaland,59.977615,5.912417,3,Karmøy til Sotra,
19,2013,10223,Bremnessvaet,medikamentell,fôrbehandling,Emamectin benzoat,,,,deler av lokaliteten,1573,SMØLA,15,Møre og Romsdal,63.39795,8.214317,6,Nordmøre og Sør-Trøndelag,
19,2013,12466,Brettingen,medikamentell,fôrbehandling,Emamectin benzoat,,,,deler av lokaliteten,1573,SMØLA,15,Møre og Romsdal,63.3582,8.237267,6,Nordmøre og Sør-Trøndelag,
19,2013,30097,Djupvik,medikamentell,badebehandling,Annet virkestoff,,,,deler av lokaliteten,1836,RØDØY,18,Nordland,66.73305,13.331833,8,Helgeland til Bodø,
19,2013,30097,Djupvik,medikamentell,badebehandling,Annet virkestoff,,,,deler av lokaliteten,1836,RØDØY,18,Nordland,66.73305,13.331833,8,Helgeland til Bodø,
19,2013,32117,Dyrholmen Øst,medikamentell,badebehandling,Cypermethrin,,,,hele lokaliteten,1222,FITJAR,12,Hordaland,59.9332,5.239467,3,Karmøy til Sotra,
19,2013,30737,Finnkjerka S,medikamentell,badebehandling,Azamethiphos,,,,hele lokaliteten,1866,HADSEL,18,Nordland,68.33945,15.0358,9,Vestfjorden og Vesterålen,
19,2013,30737,Finnkjerka S,medikamentell,badebehandling,Azamethiphos,,,,hele lokaliteten,1866,HADSEL,18,Nordland,68.33945,15.0358,9,Vestfjorden og Vesterålen,
19,2013,29296,Fleina,medikamentell,badebehandling,Azamethiphos,,,,deler av lokaliteten,1838,GILDESKÅL,18,Nordland,67.0951,13.875217,8,Helgeland til Bodø,
19,2013,29296,Fleina,medikamentell,badebehandling,Deltamethrin,,,,deler av lokaliteten,1838,GILDESKÅL,18,Nordland,67.0951,13.875217,8,Helgeland til Bodø,
19,2013,12714,Gjerdinga,medikamentell,badebehandling,Azamethiphos,,,,hele lokaliteten,1751,NÆRØY,17,Nord-Trøndelag,64.9464,11.4623,7,Nord-Trøndelag med Bindal,
19,2013,12714,Gjerdinga,medikamentell,badebehandling,Deltamethrin,,,,hele lokaliteten,1751,NÆRØY,17,Nord-Trøndelag,64.9464,11.4623,7,Nord-Trøndelag med Bindal,
19,2013,10410,Hindholmen,medikamentell,badebehandling,Azamethiphos,,,,hele lokaliteten,1751,NÆRØY,17,Nord-Trøndelag,64.77393,11.44087,7,Nord-Trøndelag med Bindal,
19,2013,10410,Hindholmen,medikamentell,badebehandling,Deltamethrin,,,,hele lokaliteten,1751,NÆRØY,17,Nord-Trøndelag,64.77393,11.44087,7,Nord-Trøndelag med Bindal,
19,2013,13784,Høydalsvika,medikamentell,badebehandling,Azamethiphos,,,,hele lokaliteten,1868,ØKSNES,18,Nordland,68.93615,15.022367,9,Vestfjorden og Vesterålen,
19,2013,15118,Kalvøya,medikamentell,badebehandling,Annet virkestoff,,,,deler av lokaliteten,1834,LURØY,18,Nordland,66.39397,12.799817,8,Helgeland til Bodø,
19,2013,15118,Kalvøya,medikamentell,badebehandling,Annet virkestoff,,,,deler av lokaliteten,1834,LURØY,18,Nordland,66.39397,12.799817,8,Helgeland til Bodø,
19,2013,15118,Kalvøya,medikamentell,badebehandling,Annet virkestoff,,,,deler av lokaliteten,1834,LURØY,18,Nordland,66.39397,12.799817,8,Helgeland til Bodø,
19,2013,15118,Kalvøya,medikamentell,badebehandling,Annet virkestoff,,,,deler av lokaliteten,1834,LURØY,18,Nordland,66.39397,12.799817,8,Helgeland til Bodø,
19,2013,15118,Kalvøya,medikamentell,badebehandling,Annet virkestoff,,,,deler av lokaliteten,1834,LURØY,18,Nordland,66.39397,12.799817,8,Helgeland til Bodø,
19,2013,15118,Kalvøya,medikamentell,badebehandling,Annet virkestoff,,,,deler av lokaliteten,1834,LURØY,18,Nordland,66.39397,12.799817,8,Helgeland til Bodø,
19,2013,30857,Leirvik,medikamentell,badebehandling,Azamethiphos,,,,hele lokaliteten,1838,GILDESKÅL,18,Nordland,67.0231,14.127967,8,Helgeland til Bodø,
19,2013,30857,Leirvik,medikamentell,badebehandling,Deltamethrin,,,,hele lokaliteten,1838,GILDESKÅL,18,Nordland,67.0231,14.127967,8,Helgeland til Bodø,
19,2013,14019,Øksningen,medikamentell,badebehandling,Azamethiphos,,,,deler av lokaliteten,1811,BINDAL,18,Nordland,65.13924,12.31975,7,Nord-Trøndelag med Bindal,
19,2013,14019,Øksningen,medikamentell,badebehandling,Deltamethrin,,,,deler av lokaliteten,1811,BINDAL,18,Nordland,65.13924,12.31975,7,Nord-Trøndelag med Bindal,
19,2013,17235,Ørnes,medikamentell,badebehandling,Hydrogenperoksid,,,,deler av lokaliteten,1834,LURØY,18,Nordland,66.42008,13.018033,8,Helgeland til Bodø,
19,2013,17235,Ørnes,medikamentell,badebehandling,Hydrogenperoksid,,,,deler av lokaliteten,1834,LURØY,18,Nordland,66.42008,13.018033,8,Helgeland til Bodø,
19,2013,32997,Raven,medikamentell,badebehandling,Azamethiphos,,,,hele lokaliteten,1865,VÅGAN,18,Nordland,68.28667,15.122683,9,Vestfjorden og Vesterålen,
19,2013,32997,Raven,medikamentell,badebehandling,Azamethiphos,,,,hele lokaliteten,1865,VÅGAN,18,Nordland,68.28667,15.122683,9,Vestfjorden og Vesterålen,
19,2013,10216,Skåren,medikamentell,badebehandling,Azamethiphos,,,,hele lokaliteten,1571,HALSA,15,Møre og Romsdal,63.076733,8.19315,6,Nordmøre og Sør-Trøndelag,
19,2013,10216,Skåren,medikamentell,badebehandling,Azamethiphos,,,,hele lokaliteten,1571,HALSA,15,Møre og Romsdal,63.076733,8.19315,6,Nordmøre og Sør-Trøndelag,
19,2013,10216,Skåren,medikamentell,badebehandling,Azamethiphos,,,,hele lokaliteten,1571,HALSA,15,Møre og Romsdal,63.076733,8.19315,6,Nordmøre og Sør-Trøndelag,
19,2013,10216,Skåren,medikamentell,badebehandling,Deltamethrin,,,,hele lokaliteten,1571,HALSA,15,Møre og Romsdal,63.076733,8.19315,6,Nordmøre og Sør-Trøndelag,
19,2013,10216,Skåren,medikamentell,badebehandling,Deltamethrin,,,,hele lokaliteten,1571,HALSA,15,Møre og Romsdal,63.076733,8.19315,6,Nordmøre og Sør-Trøndelag,
19,2013,10216,Skåren,medikamentell,badebehandling,Deltamethrin,,,,hele lokaliteten,1571,HALSA,15,Møre og Romsdal,63.076733,8.19315,6,Nordmøre og Sør-Trøndelag,
19,2013,11144,Svinvær,medikamentell,badebehandling,Annet virkestoff,,,,deler av lokaliteten,1836,RØDØY,18,Nordland,66.76923,13.170633,8,Helgeland til Bodø,
19,2013,11144,Svinvær,medikamentell,badebehandling,Annet virkestoff,,,,deler av lokaliteten,1836,RØDØY,18,Nordland,66.76923,13.170633,8,Helgeland til Bodø,
19,2013,11144,Svinvær,medikamentell,badebehandling,Annet virkestoff,,,,deler av lokaliteten,1836,RØDØY,18,Nordland,66.76923,13.170633,8,Helgeland til Bodø,
19,2013,11144,Svinvær,medikamentell,badebehandling,Annet virkestoff,,,,deler av lokaliteten,1836,RØDØY,18,Nordland,66.76923,13.170633,8,Helgeland til Bodø,
18,2013,13341,Bakjestranda,medikamentell,fôrbehandling,Diflubenzuron,,,,hele lokaliteten,1438,BREMANGER,14,Sogn og Fjordane,61.81885,4.940267,4,Nordhordaland til Stadt,
18,2013,13341,Bakjestranda,medikamentell,fôrbehandling,Diflubenzuron,,,,hele lokaliteten,1438,BREMANGER,14,Sogn og Fjordane,61.81885,4.940267,4,Nordhordaland til Stadt,
18,2013,13341,Bakjestranda,medikamentell,fôrbehandling,Diflubenzuron,,,,hele lokaliteten,1438,BREMANGER,14,Sogn og Fjordane,61.81885,4.940267,4,Nordhordaland til Stadt,
18,2013,11248,Bonhammaren,medikamentell,badebehandling,Azamethiphos,,,,hele lokaliteten,1867,BØ I NORDLAND,18,Nordland,68.81738,14.7101,9,Vestfjorden og Vesterålen,
18,2013,15621,Breivika,medikamentell,badebehandling,Hydrogenperoksid,,,,deler av lokaliteten,1836,RØDØY,18,Nordland,66.58036,13.015637,8,Helgeland til Bodø,
18,2013,10223,Bremnessvaet,medikamentell,fôrbehandling,Emamectin benzoat,,,,hele lokaliteten,1573,SMØLA,15,Møre og Romsdal,63.39795,8.214317,6,Nordmøre og Sør-Trøndelag,
18,2013,12466,Brettingen,medikamentell,fôrbehandling,Emamectin benzoat,,,,deler av lokaliteten,1573,SMØLA,15,Møre og Romsdal,63.3582,8.237267,6,Nordmøre og Sør-Trøndelag,
18,2013,30097,Djupvik,medikamentell,badebehandling,Annet virkestoff,,,,deler av lokaliteten,1836,RØDØY,18,Nordland,66.73305,13.331833,8,Helgeland til Bodø,
18,2013,30097,Djupvik,medikamentell,badebehandling,Annet virkestoff,,,,deler av lokaliteten,1836,RØDØY,18,Nordland,66.73305,13.331833,8,Helgeland til Bodø,
18,2013,30097,Djupvik,medikamentell,badebehandling,Annet virkestoff,,,,deler av lokaliteten,1836,RØDØY,18,Nordland,66.73305,13.331833,8,Helgeland til Bodø,
18,2013,30097,Djupvik,medikamentell,badebehandling,Annet virkestoff,,,,deler av lokaliteten,1836,RØDØY,18,Nordland,66.73305,13.331833,8,Helgeland til Bodø,
18,2013,30097,Djupvik,medikamentell,badebehandling,Annet virkestoff,,,,deler av lokaliteten,1836,RØDØY,18,Nordland,66.73305,13.331833,8,Helgeland til Bodø,
18,2013,30097,Djupvik,medikamentell,badebehandling,Annet virkestoff,,,,deler av lokaliteten,1836,RØDØY,18,Nordland,66.73305,13.331833,8,Helgeland til Bodø,
18,2013,30097,Djupvik,medikamentell,badebehandling,Annet virkestoff,,,,deler av lokaliteten,1836,RØDØY,18,Nordland,66.73305,13.331833,8,Helgeland til Bodø,
18,2013,30097,Djupvik,medikamentell,badebehandling,Annet virkestoff,,,,deler av lokaliteten,1836,RØDØY,18,Nordland,66.73305,13.331833,8,Helgeland til Bodø,
18,2013,30737,Finnkjerka S,medikamentell,badebehandling,Azamethiphos,,,,hele lokaliteten,1866,HADSEL,18,Nordland,68.33945,15.0358,9,Vestfjorden og Vesterålen,
18,2013,30737,Finnkjerka S,medikamentell,badebehandling,Azamethiphos,,,,hele lokaliteten,1866,HADSEL,18,Nordland,68.33945,15.0358,9,Vestfjorden og Vesterålen,
18,2013,27536,Flatskjæret,medikamentell,badebehandling,Annet virkestoff,,,,hele lokaliteten,1751,NÆRØY,17,Nord-Trøndelag,64.933876,11.409243,7,Nord-Trøndelag med Bindal,
18,2013,27536,Flatskjæret,medikamentell,badebehandling,Azamethiphos,,,,hele lokaliteten,1751,NÆRØY,17,Nord-Trøndelag,64.933876,11.409243,7,Nord-Trøndelag med Bindal,
18,2013,25235,Humulen,medikamentell,badebehandling,Azamethiphos,,,,hele lokaliteten,1750,VIKNA,17,Nord-Trøndelag,64.94607,11.370513,7,Nord-Trøndelag med Bindal,
18,2013,25235,Humulen,medikamentell,badebehandling,Azamethiphos,,,,hele lokaliteten,1750,VIKNA,17,Nord-Trøndelag,64.94607,11.370513,7,Nord-Trøndelag med Bindal,
18,2013,25235,Humulen,medikamentell,badebehandling,Deltamethrin,,,,hele lokaliteten,1750,VIKNA,17,Nord-Trøndelag,64.94607,11.370513,7,Nord-Trøndelag med Bindal,
18,2013,25235,Humulen,medikamentell,badebehandling,Deltamethrin,,,,hele lokaliteten,1750,VIKNA,17,Nord-Trøndelag,64.94607,11.370513,7,Nord-Trøndelag med Bindal,
18,2013,13567,"Knappen,Solheim",medikamentell,fôrbehandling,Emamectin benzoat,,,,hele lokaliteten,1266,MASFJORDEN,12,Hordaland,60.885334,5.4616,4,Nordhordaland til Stadt,
18,2013,13567,"Knappen,Solheim",medikamentell,fôrbehandling,Emamectin benzoat,,,,hele lokaliteten,1266,MASFJORDEN,12,Hordaland,60.885334,5.4616,4,Nordhordaland til Stadt,
18,2013,10898,Lamholmen,medikamentell,badebehandling,Azamethiphos,,,,deler av lokaliteten,1813,BRØNNØY,18,Nordland,65.47093,12.1338,8,Helgeland til Bodø,
18,2013,10898,Lamholmen,medikamentell,badebehandling,Deltamethrin,,,,deler av lokaliteten,1813,BRØNNØY,18,Nordland,65.47093,12.1338,8,Helgeland til Bodø,
18,2013,30857,Leirvik,medikamentell,badebehandling,Azamethiphos,,,,hele lokaliteten,1838,GILDESKÅL,18,Nordland,67.0231,14.127967,8,Helgeland til Bodø,
18,2013,30857,Leirvik,medikamentell,badebehandling,Deltamethrin,,,,hele lokaliteten,1838,GILDESKÅL,18,Nordland,67.0231,14.127967,8,Helgeland til Bodø,
18,2013,17235,Ørnes,medikamentell,badebehandling,Hydrogenperoksid,,,,deler av lokaliteten,1834,LURØY,18,Nordland,66.42008,13.018033,8,Helgeland til Bodø,
18,2013,17235,Ørnes,medikamentell,badebehandling,Hydrogenperoksid,,,,deler av lokaliteten,1834,LURØY,18,Nordland,66.42008,13.018033,8,Helgeland til Bodø,
18,2013,32997,Raven,medikamentell,badebehandling,Azamethiphos,,,,hele lokaliteten,1865,VÅGAN,18,Nordland,68.28667,15.122683,9,Vestfjorden og Vesterålen,
18,2013,32997,Raven,medikamentell,badebehandling,Azamethiphos,,,,hele lokaliteten,1865,VÅGAN,18,Nordland,68.28667,15.122683,9,Vestfjorden og Vesterålen,
18,2013,31777,Reinvika,medikamentell,badebehandling,Cypermethrin,,,,hele lokaliteten,1845,SØRFOLD,18,Nordland,67.60568,15.368483,9,Vestfjorden og Vesterålen,
18,2013,21495,Risværgalten,medikamentell,badebehandling,Annet virkestoff,,,,hele lokaliteten,1751,NÆRØY,17,Nord-Trøndelag,64.96537,11.532783,7,Nord-Trøndelag med Bindal,
18,2013,13125,Storvika,medikamentell,badebehandling,Annet virkestoff,,,,deler av lokaliteten,1837,MELØY,18,Nordland,66.80855,13.242333,8,Helgeland til Bodø,
18,2013,13125,Storvika,medikamentell,badebehandling,Annet virkestoff,,,,deler av lokaliteten,1837,MELØY,18,Nordland,66.80855,13.242333,8,Helgeland til Bodø,
18,2013,13125,Storvika,medikamentell,badebehandling,Annet virkestoff,,,,deler av lokaliteten,1837,MELØY,18,Nordland,66.80855,13.242333,8,Helgeland til Bodø,
18,2013,13125,Storvika,medikamentell,badebehandling,Annet virkestoff,,,,deler av lokaliteten,1837,MELØY,18,Nordland,66.80855,13.242333,8,Helgeland til Bodø,
18,2013,13125,Storvika,medikamentell,badebehandling,Annet virkestoff,,,,deler av lokaliteten,1837,MELØY,18,Nordland,66.80855,13.242333,8,Helgeland til Bodø,
18,2013,13125,Storvika,medikamentell,badebehandling,Annet virkestoff,,,,deler av lokaliteten,1837,MELØY,18,Nordland,66.80855,13.242333,8,Helgeland til Bodø,
18,2013,13125,Storvika,medikamentell,badebehandling,Annet virkestoff,,,,deler av lokaliteten,1837,MELØY,18,Nordland,66.80855,13.242333,8,Helgeland til Bodø,
18,2013,13125,Storvika,medikamentell,badebehandling,Annet virkestoff,,,,deler av lokaliteten,1837,MELØY,18,Nordland,66.80855,13.242333,8,Helgeland til Bodø,
18,2013,12678,Vedøya,medikamentell,fôrbehandling,Emamectin benzoat,,,,hele lokaliteten,1748,FOSNES,17,Nord-Trøndelag,64.60697,11.355178,7,Nord-Trøndelag med Bindal,
18,2013,10504,Vedvika,medikamentell,badebehandling,Azamethiphos,,,,hele lokaliteten,1867,BØ I NORDLAND,18,Nordland,68.77659,14.613858,9,Vestfjorden og Vesterålen,
18,2013,11522,,rensefisk,,,2221,Rognkjeks (felles),3448,deler av lokaliteten,,,,,,,,,
17,2013,11793,Ånnaholmane,medikamentell,badebehandling,Cypermethrin,,,,hele lokaliteten,1428,ASKVOLL,14,Sogn og Fjordane,61.28417,4.727567,4,Nordhordaland til Stadt,
17,2013,13341,Bakjestranda,medikamentell,fôrbehandling,Diflubenzuron,,,,hele lokaliteten,1438,BREMANGER,14,Sogn og Fjordane,61.81885,4.940267,4,Nordhordaland til Stadt,
17,2013,13341,Bakjestranda,medikamentell,fôrbehandling,Diflubenzuron,,,,hele lokaliteten,1438,BREMANGER,14,Sogn og Fjordane,61.81885,4.940267,4,Nordhordaland til Stadt,
17,2013,13341,Bakjestranda,medikamentell,fôrbehandling,Diflubenzuron,,,,hele lokaliteten,1438,BREMANGER,14,Sogn og Fjordane,61.81885,4.940267,4,Nordhordaland til Stadt,
17,2013,11248,Bonhammaren,medikamentell,badebehandling,Azamethiphos,,,,hele lokaliteten,1867,BØ I NORDLAND,18,Nordland,68.81738,14.7101,9,Vestfjorden og Vesterålen,
17,2013,10264,Digermulen,medikamentell,badebehandling,Azamethiphos,,,,hele lokaliteten,1751,NÆRØY,17,Nord-Trøndelag,64.9774,11.728117,7,Nord-Trøndelag med Bindal,
17,2013,10264,Digermulen,medikamentell,badebehandling,Deltamethrin,,,,hele lokaliteten,1751,NÆRØY,17,Nord-Trøndelag,64.9774,11.728117,7,Nord-Trøndelag med Bindal,
17,2013,13711,Dyvika,medikamentell,badebehandling,Deltamethrin,,,,deler av lokaliteten,1428,ASKVOLL,14,Sogn og Fjordane,61.478584,5.375967,4,Nordhordaland til Stadt,
17,2013,12723,Gullholmen,medikamentell,badebehandling,Azamethiphos,,,,hele lokaliteten,1751,NÆRØY,17,Nord-Trøndelag,65.01716,11.724247,7,Nord-Trøndelag med Bindal,
17,2013,12723,Gullholmen,medikamentell,badebehandling,Deltamethrin,,,,hele lokaliteten,1751,NÆRØY,17,Nord-Trøndelag,65.01716,11.724247,7,Nord-Trøndelag med Bindal,
17,2013,12348,Kåholmen,medikamentell,badebehandling,Annet virkestoff,,,,deler av lokaliteten,1617,HITRA,16,Sør-Trøndelag,63.617184,8.994133,6,Nordmøre og Sør-Trøndelag,
17,2013,12348,Kåholmen,ikke-medikamentell,,,,,,deler av lokaliteten,1617,HITRA,16,Sør-Trøndelag,63.617184,8.994133,6,Nordmøre og Sør-Trøndelag,
17,2013,13567,"Knappen,Solheim",medikamentell,fôrbehandling,Emamectin benzoat,,,,hele lokaliteten,1266,MASFJORDEN,12,Hordaland,60.885334,5.4616,4,Nordhordaland til Stadt,
17,2013,13567,"Knappen,Solheim",medikamentell,fôrbehandling,Emamectin benzoat,,,,hele lokaliteten,1266,MASFJORDEN,12,Hordaland,60.885334,5.4616,4,Nordhordaland til Stadt,
17,2013,13764,Kokvika,medikamentell,badebehandling,Annet virkestoff,,,,deler av lokaliteten,1834,LURØY,18,Nordland,66.413216,12.956833,8,Helgeland til Bodø,
17,2013,13764,Kokvika,medikamentell,badebehandling,Annet virkestoff,,,,deler av lokaliteten,1834,LURØY,18,Nordland,66.413216,12.956833,8,Helgeland til Bodø,
17,2013,11201,Kolvikodden Ø,medikamentell,badebehandling,Azamethiphos,,,,deler av lokaliteten,1860,VESTVÅGØY,18,Nordland,68.088165,13.68965,9,Vestfjorden og Vesterålen,
17,2013,11201,Kolvikodden Ø,medikamentell,badebehandling,Deltamethrin,,,,deler av lokaliteten,1860,VESTVÅGØY,18,Nordland,68.088165,13.68965,9,Vestfjorden og Vesterålen,
17,2013,20316,Korsnes,medikamentell,badebehandling,Azamethiphos,,,,hele lokaliteten,1866,HADSEL,18,Nordland,68.33148,14.948217,9,Vestfjorden og Vesterålen,
17,2013,11116,Langholmen,medikamentell,badebehandling,Azamethiphos,,,,hele lokaliteten,1838,GILDESKÅL,18,Nordland,67.05762,14.025033,8,Helgeland til Bodø,
17,2013,11116,Langholmen,medikamentell,badebehandling,Deltamethrin,,,,hele lokaliteten,1838,GILDESKÅL,18,Nordland,67.05762,14.025033,8,Helgeland til Bodø,
17,2013,12066,Skåtavågen,medikamentell,badebehandling,Annet virkestoff,,,,deler av lokaliteten,1241,FUSA,12,Hordaland,60.175117,5.589067,3,Karmøy til Sotra,
17,2013,12678,Vedøya,medikamentell,fôrbehandling,Emamectin benzoat,,,,hele lokaliteten,1748,FOSNES,17,Nord-Trøndelag,64.60697,11.355178,7,Nord-Trøndelag med Bindal,
16,2013,11793,Ånnaholmane,medikamentell,badebehandling,Cypermethrin,,,,hele lokaliteten,1428,ASKVOLL,14,Sogn og Fjordane,61.28417,4.727567,4,Nordhordaland til Stadt,
16,2013,24695,Årnes,medikamentell,badebehandling,Azamethiphos,,,,deler av lokaliteten,1703,NAMSOS,17,Nord-Trøndelag,64.5961,11.273417,7,Nord-Trøndelag med Bindal,
16,2013,24695,Årnes,medikamentell,badebehandling,Deltamethrin,,,,deler av lokaliteten,1703,NAMSOS,17,Nord-Trøndelag,64.5961,11.273417,7,Nord-Trøndelag med Bindal,
16,2013,12178,Bjønnspjotneset,medikamentell,badebehandling,Deltamethrin,,,,hele lokaliteten,1416,HØYANGER,14,Sogn og Fjordane,61.0985,5.825533,4,Nordhordaland til Stadt,
16,2013,10256,Bondøya,ikke-medikamentell,,,,,,hele lokaliteten,1750,VIKNA,17,Nord-Trøndelag,64.81715,10.7425,7,Nord-Trøndelag med Bindal,
16,2013,29876,Flotaren,medikamentell,badebehandling,Deltamethrin,,,,deler av lokaliteten,1749,FLATANGER,17,Nord-Trøndelag,64.52398,10.761667,7,Nord-Trøndelag med Bindal,
16,2013,14245,Jakobsteinsvika,medikamentell,badebehandling,Azamethiphos,,,,hele lokaliteten,1755,LEKA,17,Nord-Trøndelag,65.11352,11.7929,7,Nord-Trøndelag med Bindal,
16,2013,14245,Jakobsteinsvika,medikamentell,badebehandling,Deltamethrin,,,,hele lokaliteten,1755,LEKA,17,Nord-Trøndelag,65.11352,11.7929,7,Nord-Trøndelag med Bindal,
16,2013,10087,Kalvøya N,medikamentell,badebehandling,Cypermethrin,,,,hele lokaliteten,1428,ASKVOLL,14,Sogn og Fjordane,61.319366,4.707167,4,Nordhordaland til Stadt,
16,2013,12239,Kråknes,ikke-medikamentell,,,,,,hele lokaliteten,1547,AUKRA,15,Møre og Romsdal,62.8316,6.962767,5,Stadt til Hustadvika,
16,2013,11791,Langeråa,medikamentell,badebehandling,Cypermethrin,,,,hele lokaliteten,1401,FLORA,14,Sogn og Fjordane,61.6319,4.863433,4,Nordhordaland til Stadt,
16,2013,10262,Lille Kvitholmen,medikamentell,badebehandling,Azamethiphos,,,,hele lokaliteten,1751,NÆRØY,17,Nord-Trøndelag,65.01318,11.616833,7,Nord-Trøndelag med Bindal,
16,2013,10262,Lille Kvitholmen,medikamentell,badebehandling,Deltamethrin,,,,hele lokaliteten,1751,NÆRØY,17,Nord-Trøndelag,65.01318,11.616833,7,Nord-Trøndelag med Bindal,
16,2013,13550,Marøy Nø,medikamentell,badebehandling,Deltamethrin,,,,hele lokaliteten,1438,BREMANGER,14,Sogn og Fjordane,61.84595,5.294217,4,Nordhordaland til Stadt,
16,2013,30637,Rahkasluokta,rensefisk,,,2221,Rognkjeks (felles),18820,deler av lokaliteten,1850,TYSFJORD,18,Nordland,68.02507,16.21425,9,Vestfjorden og Vesterålen,
16,2013,11971,Store Teistholmen Ø,rensefisk,,,1693,Bergnebb,649,deler av lokaliteten,1102,SANDNES,11,Rogaland,58.976368,5.863067,2,Ryfylke,
15,2013,12308,Bjørndal,medikamentell,badebehandling,Deltamethrin,,,,hele lokaliteten,1520,ØRSTA,15,Møre og Romsdal,62.274834,6.002983,5,Stadt til Hustadvika,
15,2013,10110,Djupevik,medikamentell,badebehandling,Deltamethrin,,,,hele lokaliteten,1141,FINNØY,11,Rogaland,59.14955,5.863017,2,Ryfylke,
15,2013,13838,Hegnes,medikamentell,badebehandling,Deltamethrin,,,,hele lokaliteten,1429,FJALER,14,Sogn og Fjordane,61.356483,5.287933,4,Nordhordaland til Stadt,
15,2013,13838,Hegnes,ikke-medikamentell,,,,,,hele lokaliteten,1429,FJALER,14,Sogn og Fjordane,61.356483,5.287933,4,Nordhordaland til Stadt,
15,2013,10194,Hellaren,medikamentell,badebehandling,Deltamethrin,,,,hele lokaliteten,1545,MIDSUND,15,Møre og Romsdal,62.73575,6.744933,5,Stadt til Hustadvika,
15,2013,12590,Helligholmen,medikamentell,badebehandling,Azamethiphos,,,,hele lokaliteten,1750,VIKNA,17,Nord-Trøndelag,64.83839,10.665517,7,Nord-Trøndelag med Bindal,
15,2013,12590,Helligholmen,medikamentell,badebehandling,Azamethiphos,,,,hele lokaliteten,1750,VIKNA,17,Nord-Trøndelag,64.83839,10.665517,7,Nord-Trøndelag med Bindal,
15,2013,12590,Helligholmen,medikamentell,badebehandling,Azamethiphos,,,,hele lokaliteten,1750,VIKNA,17,Nord-Trøndelag,64.83839,10.665517,7,Nord-Trøndelag med Bindal,
15,2013,12590,Helligholmen,medikamentell,badebehandling,Azamethiphos,,,,hele lokaliteten,1750,VIKNA,17,Nord-Trøndelag,64.83839,10.665517,7,Nord-Trøndelag med Bindal,
15,2013,12590,Helligholmen,medikamentell,badebehandling,Deltamethrin,,,,hele lokaliteten,1750,VIKNA,17,Nord-Trøndelag,64.83839,10.665517,7,Nord-Trøndelag med Bindal,
15,2013,12590,Helligholmen,medikamentell,badebehandling,Deltamethrin,,,,hele lokaliteten,1750,VIKNA,17,Nord-Trøndelag,64.83839,10.665517,7,Nord-Trøndelag med Bindal,
15,2013,12590,Helligholmen,medikamentell,badebehandling,Deltamethrin,,,,hele lokaliteten,1750,VIKNA,17,Nord-Trøndelag,64.83839,10.665517,7,Nord-Trøndelag med Bindal,
15,2013,12590,Helligholmen,medikamentell,badebehandling,Deltamethrin,,,,hele lokaliteten,1750,VIKNA,17,Nord-Trøndelag,64.83839,10.665517,7,Nord-Trøndelag med Bindal,
15,2013,32417,Hjartholmosen,medikamentell,badebehandling,Deltamethrin,,,,hele lokaliteten,1244,AUSTEVOLL,12,Hordaland,60.00458,5.227917,3,Karmøy til Sotra,
15,2013,10087,Kalvøya N,medikamentell,badebehandling,Cypermethrin,,,,hele lokaliteten,1428,ASKVOLL,14,Sogn og Fjordane,61.319366,4.707167,4,Nordhordaland til Stadt,
15,2013,11913,Kjeahola,medikamentell,badebehandling,Deltamethrin,,,,hele lokaliteten,1141,FINNØY,11,Rogaland,59.2933,6.0729,2,Ryfylke,
15,2013,11913,Kjeahola,ikke-medikamentell,,,,,,hele lokaliteten,1141,FINNØY,11,Rogaland,59.2933,6.0729,2,Ryfylke,
15,2013,12239,Kråknes,medikamentell,badebehandling,Deltamethrin,,,,hele lokaliteten,1547,AUKRA,15,Møre og Romsdal,62.8316,6.962767,5,Stadt til Hustadvika,
15,2013,14040,Krigsholmen,medikamentell,badebehandling,Deltamethrin,,,,hele lokaliteten,1244,AUSTEVOLL,12,Hordaland,60.081383,5.124117,3,Karmøy til Sotra,
15,2013,18217,Kvaløy Øst,medikamentell,badebehandling,Deltamethrin,,,,hele lokaliteten,1149,KARMØY,11,Rogaland,59.396633,5.171083,3,Karmøy til Sotra,
15,2013,12213,Kvangardsnes,medikamentell,badebehandling,Deltamethrin,,,,hele lokaliteten,1519,VOLDA,15,Møre og Romsdal,62.145317,5.94545,5,Stadt til Hustadvika,
15,2013,12701,Lekafjorden,medikamentell,badebehandling,Azamethiphos,,,,hele lokaliteten,1755,LEKA,17,Nord-Trøndelag,65.07068,11.724255,7,Nord-Trøndelag med Bindal,
15,2013,12701,Lekafjorden,medikamentell,badebehandling,Deltamethrin,,,,hele lokaliteten,1755,LEKA,17,Nord-Trøndelag,65.07068,11.724255,7,Nord-Trøndelag med Bindal,
15,2013,26435,Mjølsvik,medikamentell,badebehandling,Deltamethrin,,,,hele lokaliteten,1416,HØYANGER,14,Sogn og Fjordane,61.111584,6.0423,4,Nordhordaland til Stadt,
15,2013,27055,Oddane,medikamentell,badebehandling,Deltamethrin,,,,hele lokaliteten,1401,FLORA,14,Sogn og Fjordane,61.541485,4.96955,4,Nordhordaland til Stadt,
15,2013,27055,Oddane,ikke-medikamentell,,,,,,hele lokaliteten,1401,FLORA,14,Sogn og Fjordane,61.541485,4.96955,4,Nordhordaland til Stadt,
15,2013,12071,Ommundsteigen,medikamentell,badebehandling,Deltamethrin,,,,hele lokaliteten,1134,SULDAL,11,Rogaland,59.55078,6.5131,2,Ryfylke,
15,2013,11972,Prestholmane,medikamentell,badebehandling,Deltamethrin,,,,hele lokaliteten,1141,FINNØY,11,Rogaland,59.11717,5.844433,2,Ryfylke,
15,2013,11972,Prestholmane,ikke-medikamentell,,,,,,hele lokaliteten,1141,FINNØY,11,Rogaland,59.11717,5.844433,2,Ryfylke,
15,2013,13804,Rogndalen,medikamentell,fôrbehandling,Emamectin benzoat,,,,hele lokaliteten,1902,TROMSØ,19,Troms,69.78657,18.650667,11,Kvaløya til Loppa,
15,2013,19135,Sandøya III,medikamentell,badebehandling,Azamethiphos,,,,hele lokaliteten,1632,ROAN,16,Sør-Trøndelag,64.243385,10.26445,6,Nordmøre og Sør-Trøndelag,
15,2013,19135,Sandøya III,medikamentell,badebehandling,Deltamethrin,,,,hele lokaliteten,1632,ROAN,16,Sør-Trøndelag,64.243385,10.26445,6,Nordmøre og Sør-Trøndelag,
15,2013,12844,Seterneset,medikamentell,badebehandling,Deltamethrin,,,,hele lokaliteten,1502,MOLDE,15,Møre og Romsdal,62.67375,7.313967,5,Stadt til Hustadvika,
15,2013,12192,Skorva,medikamentell,badebehandling,Deltamethrin,,,,deler av lokaliteten,1428,ASKVOLL,14,Sogn og Fjordane,61.467117,5.3136,4,Nordhordaland til Stadt,
15,2013,31117,Skrubbo,medikamentell,badebehandling,Deltamethrin,,,,deler av lokaliteten,1241,FUSA,12,Hordaland,60.15632,5.713217,3,Karmøy til Sotra,
15,2013,20815,Slettvika,medikamentell,badebehandling,Deltamethrin,,,,hele lokaliteten,1520,ØRSTA,15,Møre og Romsdal,62.334,6.157667,5,Stadt til Hustadvika,
15,2013,11971,Store Teistholmen Ø,medikamentell,badebehandling,Deltamethrin,,,,deler av lokaliteten,1102,SANDNES,11,Rogaland,58.976368,5.863067,2,Ryfylke,
15,2013,11971,Store Teistholmen Ø,medikamentell,badebehandling,Deltamethrin,,,,deler av lokaliteten,1102,SANDNES,11,Rogaland,58.976368,5.863067,2,Ryfylke,
15,2013,11971,Store Teistholmen Ø,medikamentell,badebehandling,Deltamethrin,,,,deler av lokaliteten,1102,SANDNES,11,Rogaland,58.976368,5.863067,2,Ryfylke,
15,2013,22335,Storvika,ikke-medikamentell,,,,,,hele lokaliteten,1548,FRÆNA,15,Møre og Romsdal,62.802166,6.981267,5,Stadt til Hustadvika,
15,2013,10421,Storvikbukta,rensefisk,,,1693,Bergnebb,500,deler av lokaliteten,1751,NÆRØY,17,Nord-Trøndelag,64.92893,11.912917,7,Nord-Trøndelag med Bindal,
15,2013,11813,Svinøy V,medikamentell,badebehandling,Cypermethrin,,,,hele lokaliteten,1429,FJALER,14,Sogn og Fjordane,61.3034,5.101717,4,Nordhordaland til Stadt,
15,2013,10091,Vågsøya,medikamentell,badebehandling,Deltamethrin,,,,deler av lokaliteten,1401,FLORA,14,Sogn og Fjordane,61.489735,5.023517,4,Nordhordaland til Stadt,
15,2013,12678,Vedøya,medikamentell,badebehandling,Annet virkestoff,,,,deler av lokaliteten,1748,FOSNES,17,Nord-Trøndelag,64.60697,11.355178,7,Nord-Trøndelag med Bindal,
15,2013,12678,Vedøya,ikke-medikamentell,,,,,,hele lokaliteten,1748,FOSNES,17,Nord-Trøndelag,64.60697,11.355178,7,Nord-Trøndelag med Bindal,
14,2013,13572,Badstuvika,medikamentell,badebehandling,Deltamethrin,,,,hele lokaliteten,1617,HITRA,16,Sør-Trøndelag,63.53398,9.1469,6,Nordmøre og Sør-Trøndelag,
14,2013,13572,Badstuvika,medikamentell,badebehandling,Deltamethrin,,,,hele lokaliteten,1617,HITRA,16,Sør-Trøndelag,63.53398,9.1469,6,Nordmøre og Sør-Trøndelag,
14,2013,13572,Badstuvika,medikamentell,badebehandling,Deltamethrin,,,,hele lokaliteten,1617,HITRA,16,Sør-Trøndelag,63.53398,9.1469,6,Nordmøre og Sør-Trøndelag,
14,2013,12308,Bjørndal,medikamentell,badebehandling,Deltamethrin,,,,hele lokaliteten,1520,ØRSTA,15,Møre og Romsdal,62.274834,6.002983,5,Stadt til Hustadvika,
14,2013,12237,Brudevika,medikamentell,badebehandling,Deltamethrin,,,,hele lokaliteten,1511,VANYLVEN,15,Møre og Romsdal,62.116566,5.420717,5,Stadt til Hustadvika,
14,2013,12237,Brudevika,ikke-medikamentell,,,,,,hele lokaliteten,1511,VANYLVEN,15,Møre og Romsdal,62.116566,5.420717,5,Stadt til Hustadvika,
14,2013,15456,Eidesberget,medikamentell,badebehandling,Cypermethrin,,,,hele lokaliteten,1416,HØYANGER,14,Sogn og Fjordane,61.105118,5.853883,4,Nordhordaland til Stadt,
14,2013,12236,Endal Aust,medikamentell,badebehandling,Deltamethrin,,,,hele lokaliteten,1438,BREMANGER,14,Sogn og Fjordane,61.9071,5.49425,4,Nordhordaland til Stadt,
14,2013,11833,Flåtegrunnen,medikamentell,badebehandling,Deltamethrin,,,,hele lokaliteten,1401,FLORA,14,Sogn og Fjordane,61.57615,4.807333,4,Nordhordaland til Stadt,
14,2013,12407,Flesa,medikamentell,badebehandling,Azamethiphos,,,,hele lokaliteten,1617,HITRA,16,Sør-Trøndelag,63.645,8.879483,6,Nordmøre og Sør-Trøndelag,
14,2013,12407,Flesa,medikamentell,badebehandling,Deltamethrin,,,,hele lokaliteten,1617,HITRA,16,Sør-Trøndelag,63.645,8.879483,6,Nordmøre og Sør-Trøndelag,
14,2013,11893,Fosså,medikamentell,badebehandling,Deltamethrin,,,,hele lokaliteten,1133,HJELMELAND,11,Rogaland,59.269882,6.142867,2,Ryfylke,
14,2013,11893,Fosså,ikke-medikamentell,,,,,,hele lokaliteten,1133,HJELMELAND,11,Rogaland,59.269882,6.142867,2,Ryfylke,
14,2013,24196,Gjelsøya,medikamentell,badebehandling,Azamethiphos,,,,deler av lokaliteten,1617,HITRA,16,Sør-Trøndelag,63.482616,8.280283,6,Nordmøre og Sør-Trøndelag,
14,2013,24196,Gjelsøya,medikamentell,badebehandling,Azamethiphos,,,,deler av lokaliteten,1617,HITRA,16,Sør-Trøndelag,63.482616,8.280283,6,Nordmøre og Sør-Trøndelag,
14,2013,24196,Gjelsøya,medikamentell,badebehandling,Deltamethrin,,,,deler av lokaliteten,1617,HITRA,16,Sør-Trøndelag,63.482616,8.280283,6,Nordmøre og Sør-Trøndelag,
14,2013,13886,Hallarøy V,medikamentell,badebehandling,Azamethiphos,,,,hele lokaliteten,1620,FRØYA,16,Sør-Trøndelag,63.99533,9.123163,6,Nordmøre og Sør-Trøndelag,
14,2013,12011,Håøya Nø,medikamentell,badebehandling,Deltamethrin,,,,hele lokaliteten,1146,TYSVÆR,11,Rogaland,59.290417,5.6765,2,Ryfylke,
14,2013,22596,Hesbygrunnen,ikke-medikamentell,,,,,,hele lokaliteten,1141,FINNØY,11,Rogaland,59.195816,5.807883,2,Ryfylke,
14,2013,32757,Horgefjorden,medikamentell,badebehandling,Deltamethrin,,,,deler av lokaliteten,1244,AUSTEVOLL,12,Hordaland,60.09942,5.117883,3,Karmøy til Sotra,
14,2013,32757,Horgefjorden,ikke-medikamentell,,,,,,deler av lokaliteten,1244,AUSTEVOLL,12,Hordaland,60.09942,5.117883,3,Karmøy til Sotra,
14,2013,30036,Jørstadskjera,medikamentell,badebehandling,Deltamethrin,,,,hele lokaliteten,1141,FINNØY,11,Rogaland,59.29365,5.937267,2,Ryfylke,
14,2013,31517,Kamholmen,medikamentell,badebehandling,Azamethiphos,,,,hele lokaliteten,1620,FRØYA,16,Sør-Trøndelag,63.762417,8.882933,6,Nordmøre og Sør-Trøndelag,
14,2013,31517,Kamholmen,medikamentell,badebehandling,Deltamethrin,,,,hele lokaliteten,1620,FRØYA,16,Sør-Trøndelag,63.762417,8.882933,6,Nordmøre og Sør-Trøndelag,
14,2013,11913,Kjeahola,medikamentell,badebehandling,Deltamethrin,,,,hele lokaliteten,1141,FINNØY,11,Rogaland,59.2933,6.0729,2,Ryfylke,
14,2013,11633,Krossholmen,medikamentell,badebehandling,Deltamethrin,,,,hele lokaliteten,1219,BØMLO,12,Hordaland,59.7879,5.100533,3,Karmøy til Sotra,
14,2013,11633,Krossholmen,ikke-medikamentell,,,,,,hele lokaliteten,1219,BØMLO,12,Hordaland,59.7879,5.100533,3,Karmøy til Sotra,
14,2013,11803,Kyravika,medikamentell,badebehandling,Deltamethrin,,,,hele lokaliteten,1429,FJALER,14,Sogn og Fjordane,61.316433,5.1563,4,Nordhordaland til Stadt,
14,2013,13234,Kysnes,rensefisk,,,1691,Berggylt,4000,hele lokaliteten,1227,JONDAL,12,Hordaland,60.19877,6.09685,3,Karmøy til Sotra,
14,2013,12993,Lamøya,medikamentell,badebehandling,Annet virkestoff,,,,hele lokaliteten,1620,FRØYA,16,Sør-Trøndelag,63.732586,8.856378,6,Nordmøre og Sør-Trøndelag,
14,2013,12993,Lamøya,medikamentell,badebehandling,Annet virkestoff,,,,hele lokaliteten,1620,FRØYA,16,Sør-Trøndelag,63.732586,8.856378,6,Nordmøre og Sør-Trøndelag,
14,2013,24715,Langholmen,medikamentell,badebehandling,Deltamethrin,,,,hele lokaliteten,1141,FINNØY,11,Rogaland,59.097282,5.835917,2,Ryfylke,
14,2013,24715,Langholmen,ikke-medikamentell,,,,,,hele lokaliteten,1141,FINNØY,11,Rogaland,59.097282,5.835917,2,Ryfylke,
14,2013,13055,Langøyna Ø,medikamentell,badebehandling,Deltamethrin,,,,hele lokaliteten,1146,TYSVÆR,11,Rogaland,59.2983,5.713333,2,Ryfylke,
14,2013,19355,Låva,medikamentell,badebehandling,Deltamethrin,,,,hele lokaliteten,1141,FINNØY,11,Rogaland,59.29475,5.97915,2,Ryfylke,
14,2013,14039,Litle Lunnøy,medikamentell,badebehandling,Deltamethrin,,,,hele lokaliteten,1244,AUSTEVOLL,12,Hordaland,60.0199,5.16775,3,Karmøy til Sotra,
14,2013,11738,Otterholmen,medikamentell,fôrbehandling,Diflubenzuron,,,,hele lokaliteten,1260,RADØY,12,Hordaland,60.68693,4.907933,4,Nordhordaland til Stadt,
14,2013,30817,Raudøya,medikamentell,badebehandling,Azamethiphos,,,,hele lokaliteten,1633,OSEN,16,Sør-Trøndelag,64.3646,10.439133,6,Nordmøre og Sør-Trøndelag,
14,2013,30817,Raudøya,medikamentell,badebehandling,Azamethiphos,,,,hele lokaliteten,1633,OSEN,16,Sør-Trøndelag,64.3646,10.439133,6,Nordmøre og Sør-Trøndelag,
14,2013,30817,Raudøya,medikamentell,badebehandling,Azamethiphos,,,,hele lokaliteten,1633,OSEN,16,Sør-Trøndelag,64.3646,10.439133,6,Nordmøre og Sør-Trøndelag,
14,2013,30817,Raudøya,medikamentell,badebehandling,Azamethiphos,,,,hele lokaliteten,1633,OSEN,16,Sør-Trøndelag,64.3646,10.439133,6,Nordmøre og Sør-Trøndelag,
14,2013,30817,Raudøya,medikamentell,badebehandling,Deltamethrin,,,,hele lokaliteten,1633,OSEN,16,Sør-Trøndelag,64.3646,10.439133,6,Nordmøre og Sør-Trøndelag,
14,2013,30817,Raudøya,medikamentell,badebehandling,Deltamethrin,,,,hele lokaliteten,1633,OSEN,16,Sør-Trøndelag,64.3646,10.439133,6,Nordmøre og Sør-Trøndelag,
14,2013,30817,Raudøya,medikamentell,badebehandling,Deltamethrin,,,,hele lokaliteten,1633,OSEN,16,Sør-Trøndelag,64.3646,10.439133,6,Nordmøre og Sør-Trøndelag,
14,2013,30817,Raudøya,medikamentell,badebehandling,Deltamethrin,,,,hele lokaliteten,1633,OSEN,16,Sør-Trøndelag,64.3646,10.439133,6,Nordmøre og Sør-Trøndelag,
14,2013,13804,Rogndalen,medikamentell,fôrbehandling,Emamectin benzoat,,,,hele lokaliteten,1902,TROMSØ,19,Troms,69.78657,18.650667,11,Kvaløya til Loppa,
14,2013,12244,Setevika,medikamentell,badebehandling,Deltamethrin,,,,deler av lokaliteten,1545,MIDSUND,15,Møre og Romsdal,62.728065,6.939283,5,Stadt til Hustadvika,
14,2013,33017,Setevika Nord,medikamentell,badebehandling,Deltamethrin,,,,deler av lokaliteten,1545,MIDSUND,15,Møre og Romsdal,62.73835,6.937667,5,Stadt til Hustadvika,
14,2013,10327,Skiftesneset S,medikamentell,badebehandling,Deltamethrin,,,,hele lokaliteten,1241,FUSA,12,Hordaland,60.066666,5.7434,3,Karmøy til Sotra,
14,2013,12192,Skorva,medikamentell,badebehandling,Deltamethrin,,,,deler av lokaliteten,1428,ASKVOLL,14,Sogn og Fjordane,61.467117,5.3136,4,Nordhordaland til Stadt,
14,2013,11959,Solbakk,medikamentell,badebehandling,Deltamethrin,,,,deler av lokaliteten,1130,STRAND,11,Rogaland,59.03735,5.92875,2,Ryfylke,
14,2013,11959,Solbakk,ikke-medikamentell,,,,,,hele lokaliteten,1130,STRAND,11,Rogaland,59.03735,5.92875,2,Ryfylke,
14,2013,15375,Sørøyflesa,medikamentell,badebehandling,Azamethiphos,,,,hele lokaliteten,1620,FRØYA,16,Sør-Trøndelag,63.98405,9.057067,6,Nordmøre og Sør-Trøndelag,
14,2013,11596,Ståløy,medikamentell,badebehandling,Deltamethrin,,,,hele lokaliteten,1244,AUSTEVOLL,12,Hordaland,60.088615,5.1734,3,Karmøy til Sotra,
14,2013,19016,Storskogøya,medikamentell,badebehandling,Deltamethrin,,,,hele lokaliteten,1613,SNILLFJORD,16,Sør-Trøndelag,63.506065,9.19075,6,Nordmøre og Sør-Trøndelag,
14,2013,19016,Storskogøya,medikamentell,badebehandling,Deltamethrin,,,,hele lokaliteten,1613,SNILLFJORD,16,Sør-Trøndelag,63.506065,9.19075,6,Nordmøre og Sør-Trøndelag,
14,2013,19016,Storskogøya,medikamentell,badebehandling,Deltamethrin,,,,hele lokaliteten,1613,SNILLFJORD,16,Sør-Trøndelag,63.506065,9.19075,6,Nordmøre og Sør-Trøndelag,
14,2013,19016,Storskogøya,medikamentell,badebehandling,Deltamethrin,,,,hele lokaliteten,1613,SNILLFJORD,16,Sør-Trøndelag,63.506065,9.19075,6,Nordmøre og Sør-Trøndelag,
14,2013,22335,Storvika,medikamentell,badebehandling,Deltamethrin,,,,hele lokaliteten,1548,FRÆNA,15,Møre og Romsdal,62.802166,6.981267,5,Stadt til Hustadvika,
14,2013,10421,Storvikbukta,rensefisk,,,1693,Bergnebb,1000,deler av lokaliteten,1751,NÆRØY,17,Nord-Trøndelag,64.92893,11.912917,7,Nord-Trøndelag med Bindal,
14,2013,13892,Strandabukta,medikamentell,badebehandling,Deltamethrin,,,,hele lokaliteten,1617,HITRA,16,Sør-Trøndelag,63.54346,9.162297,6,Nordmøre og Sør-Trøndelag,
14,2013,11813,Svinøy V,medikamentell,badebehandling,Cypermethrin,,,,hele lokaliteten,1429,FJALER,14,Sogn og Fjordane,61.3034,5.101717,4,Nordhordaland til Stadt,
14,2013,32857,Trettholmosen,medikamentell,badebehandling,Deltamethrin,,,,hele lokaliteten,1219,BØMLO,12,Hordaland,59.832535,5.07925,3,Karmøy til Sotra,
14,2013,32857,Trettholmosen,ikke-medikamentell,,,,,,hele lokaliteten,1219,BØMLO,12,Hordaland,59.832535,5.07925,3,Karmøy til Sotra,
14,2013,10029,Tuholmane Ø,medikamentell,badebehandling,Deltamethrin,,,,hele lokaliteten,1149,KARMØY,11,Rogaland,59.372032,5.20965,3,Karmøy til Sotra,
14,2013,32337,Veiesund,medikamentell,badebehandling,Deltamethrin,,,,hele lokaliteten,1401,FLORA,14,Sogn og Fjordane,61.572067,5.0466,4,Nordhordaland til Stadt,
13,2013,11756,Allersholmen,medikamentell,fôrbehandling,Diflubenzuron,,,,hele lokaliteten,1264,AUSTRHEIM,12,Hordaland,60.77465,4.8536,4,Nordhordaland til Stadt,
13,2013,13563,Angelskår,medikamentell,badebehandling,Deltamethrin,,,,deler av lokaliteten,1253,OSTERØY,12,Hordaland,60.525784,5.357133,4,Nordhordaland til Stadt,
13,2013,13563,Angelskår,medikamentell,badebehandling,Deltamethrin,,,,deler av lokaliteten,1253,OSTERØY,12,Hordaland,60.525784,5.357133,4,Nordhordaland til Stadt,
13,2013,13563,Angelskår,medikamentell,badebehandling,Deltamethrin,,,,deler av lokaliteten,1253,OSTERØY,12,Hordaland,60.525784,5.357133,4,Nordhordaland til Stadt,
13,2013,11754,Bøøy,medikamentell,fôrbehandling,Diflubenzuron,,,,hele lokaliteten,1260,RADØY,12,Hordaland,60.72798,4.863417,4,Nordhordaland til Stadt,
13,2013,10338,Djupevik,medikamentell,badebehandling,Annet virkestoff,,,,deler av lokaliteten,1238,KVAM,12,Hordaland,60.4075,6.356717,3,Karmøy til Sotra,
13,2013,13874,Fyllingsnes S,medikamentell,badebehandling,Azamethiphos,,,,hele lokaliteten,1263,LINDÅS,12,Hordaland,60.5821,5.4001,4,Nordhordaland til Stadt,
13,2013,13874,Fyllingsnes S,medikamentell,badebehandling,Deltamethrin,,,,hele lokaliteten,1263,LINDÅS,12,Hordaland,60.5821,5.4001,4,Nordhordaland til Stadt,
13,2013,12265,Gudmundset,medikamentell,badebehandling,Deltamethrin,,,,hele lokaliteten,1529,SKODJE,15,Møre og Romsdal,62.4527,6.602483,5,Stadt til Hustadvika,
13,2013,10291,Hiskholmen,medikamentell,badebehandling,Deltamethrin,,,,deler av lokaliteten,1219,BØMLO,12,Hordaland,59.72663,5.145617,3,Karmøy til Sotra,
13,2013,30297,Krabbholmen,medikamentell,badebehandling,Azamethiphos,,,,deler av lokaliteten,1630,ÅFJORD,16,Sør-Trøndelag,63.94438,9.880667,6,Nordmøre og Sør-Trøndelag,
13,2013,30297,Krabbholmen,medikamentell,badebehandling,Azamethiphos,,,,deler av lokaliteten,1630,ÅFJORD,16,Sør-Trøndelag,63.94438,9.880667,6,Nordmøre og Sør-Trøndelag,
13,2013,22995,Oldervik,medikamentell,fôrbehandling,Emamectin benzoat,,,,hele lokaliteten,1838,GILDESKÅL,18,Nordland,67.07322,14.112733,8,Helgeland til Bodø,
13,2013,20796,Skarbukta,medikamentell,badebehandling,Deltamethrin,,,,deler av lokaliteten,1539,RAUMA,15,Møre og Romsdal,62.59785,7.367717,5,Stadt til Hustadvika,
13,2013,20796,Skarbukta,medikamentell,badebehandling,Deltamethrin,,,,deler av lokaliteten,1539,RAUMA,15,Møre og Romsdal,62.59785,7.367717,5,Stadt til Hustadvika,
13,2013,12074,Svåsandneset,medikamentell,badebehandling,Deltamethrin,,,,deler av lokaliteten,1227,JONDAL,12,Hordaland,60.32422,6.318983,3,Karmøy til Sotra,
13,2013,12074,Svåsandneset,ikke-medikamentell,,,,,,hele lokaliteten,1227,JONDAL,12,Hordaland,60.32422,6.318983,3,Karmøy til Sotra,
13,2013,30717,Tveitnes,medikamentell,badebehandling,Annet virkestoff,,,,deler av lokaliteten,1238,KVAM,12,Hordaland,60.414185,6.402,3,Karmøy til Sotra,
12,2013,10319,Ålvora,medikamentell,badebehandling,Deltamethrin,,,,hele lokaliteten,1401,FLORA,14,Sogn og Fjordane,61.584034,5.133633,4,Nordhordaland til Stadt,
12,2013,13563,Angelskår,medikamentell,badebehandling,Deltamethrin,,,,deler av lokaliteten,1253,OSTERØY,12,Hordaland,60.525784,5.357133,4,Nordhordaland til Stadt,
12,2013,12988,Aukrasanden,medikamentell,badebehandling,Deltamethrin,,,,hele lokaliteten,1547,AUKRA,15,Møre og Romsdal,62.783417,6.92605,5,Stadt til Hustadvika,
12,2013,12988,Aukrasanden,ikke-medikamentell,,,,,,hele lokaliteten,1547,AUKRA,15,Møre og Romsdal,62.783417,6.92605,5,Stadt til Hustadvika,
12,2013,12095,Bergadalen,medikamentell,badebehandling,Annet virkestoff,,,,deler av lokaliteten,1238,KVAM,12,Hordaland,60.1216,5.908883,3,Karmøy til Sotra,
12,2013,11930,Bjelkavik,medikamentell,badebehandling,Deltamethrin,,,,hele lokaliteten,1134,SULDAL,11,Rogaland,59.45165,5.991917,2,Ryfylke,
12,2013,12040,Brandaskuta,medikamentell,badebehandling,Deltamethrin,,,,hele lokaliteten,1224,KVINNHERAD,12,Hordaland,59.977615,5.912417,3,Karmøy til Sotra,
12,2013,11488,Brattavika,medikamentell,badebehandling,Deltamethrin,,,,deler av lokaliteten,1244,AUSTEVOLL,12,Hordaland,60.045433,5.301117,3,Karmøy til Sotra,
12,2013,12466,Brettingen,medikamentell,badebehandling,Deltamethrin,,,,hele lokaliteten,1573,SMØLA,15,Møre og Romsdal,63.3582,8.237267,6,Nordmøre og Sør-Trøndelag,
12,2013,12466,Brettingen,ikke-medikamentell,,,,,,hele lokaliteten,1573,SMØLA,15,Møre og Romsdal,63.3582,8.237267,6,Nordmøre og Sør-Trøndelag,
12,2013,11857,Buksevika,rensefisk,,,1693,Bergnebb,5150,deler av lokaliteten,1004,FLEKKEFJORD,10,Vest-Agder,58.2074,6.63505,1,Svenskegrensen til Jæren,
12,2013,14799,Djupestallen,medikamentell,badebehandling,Deltamethrin,,,,deler av lokaliteten,1223,TYSNES,12,Hordaland,60.058735,5.453,3,Karmøy til Sotra,
12,2013,31157,Fiksneset,medikamentell,badebehandling,Azamethiphos,,,,hele lokaliteten,1245,SUND,12,Hordaland,60.176884,5.124833,3,Karmøy til Sotra,
12,2013,31157,Fiksneset,medikamentell,badebehandling,Deltamethrin,,,,hele lokaliteten,1245,SUND,12,Hordaland,60.176884,5.124833,3,Karmøy til Sotra,
12,2013,19115,Fugløya S,medikamentell,badebehandling,Deltamethrin,,,,hele lokaliteten,1613,SNILLFJORD,16,Sør-Trøndelag,63.460682,9.1444,6,Nordmøre og Sør-Trøndelag,
12,2013,19115,Fugløya S,medikamentell,badebehandling,Deltamethrin,,,,hele lokaliteten,1613,SNILLFJORD,16,Sør-Trøndelag,63.460682,9.1444,6,Nordmøre og Sør-Trøndelag,
12,2013,11530,Gissøysundet S,medikamentell,badebehandling,Deltamethrin,,,,hele lokaliteten,1219,BØMLO,12,Hordaland,59.62327,5.159667,3,Karmøy til Sotra,
12,2013,11530,Gissøysundet S,ikke-medikamentell,,,,,,hele lokaliteten,1219,BØMLO,12,Hordaland,59.62327,5.159667,3,Karmøy til Sotra,
12,2013,16755,Hageberg,medikamentell,badebehandling,Deltamethrin,,,,hele lokaliteten,1222,FITJAR,12,Hordaland,59.945415,5.431867,3,Karmøy til Sotra,
12,2013,18639,Halsavika,medikamentell,fôrbehandling,Emamectin benzoat,,,,hele lokaliteten,1146,TYSVÆR,11,Rogaland,59.39232,5.883333,2,Ryfylke,
12,2013,14882,Horjona,medikamentell,badebehandling,Annet virkestoff,,,,deler av lokaliteten,1238,KVAM,12,Hordaland,60.270782,6.187033,3,Karmøy til Sotra,
12,2013,12224,Isane,medikamentell,fôrbehandling,Diflubenzuron,,,,hele lokaliteten,1438,BREMANGER,14,Sogn og Fjordane,61.876534,5.722767,4,Nordhordaland til Stadt,
12,2013,12224,Isane,medikamentell,fôrbehandling,Diflubenzuron,,,,hele lokaliteten,1438,BREMANGER,14,Sogn og Fjordane,61.876534,5.722767,4,Nordhordaland til Stadt,
12,2013,12224,Isane,medikamentell,fôrbehandling,Diflubenzuron,,,,hele lokaliteten,1438,BREMANGER,14,Sogn og Fjordane,61.876534,5.722767,4,Nordhordaland til Stadt,
12,2013,10206,Kleven,medikamentell,badebehandling,Azamethiphos,,,,hele lokaliteten,1554,AVERØY,15,Møre og Romsdal,63.06938,7.601917,6,Nordmøre og Sør-Trøndelag,
12,2013,11534,Klungsholmen,medikamentell,badebehandling,Cypermethrin,,,,hele lokaliteten,1219,BØMLO,12,Hordaland,59.59615,5.16035,3,Karmøy til Sotra,
12,2013,11534,Klungsholmen,medikamentell,badebehandling,Cypermethrin,,,,hele lokaliteten,1219,BØMLO,12,Hordaland,59.59615,5.16035,3,Karmøy til Sotra,
12,2013,13567,"Knappen,Solheim",medikamentell,badebehandling,Deltamethrin,,,,hele lokaliteten,1266,MASFJORDEN,12,Hordaland,60.885334,5.4616,4,Nordhordaland til Stadt,
12,2013,10224,Korsneset,medikamentell,badebehandling,Azamethiphos,,,,deler av lokaliteten,1571,HALSA,15,Møre og Romsdal,63.142735,8.224933,6,Nordmøre og Sør-Trøndelag,
12,2013,10224,Korsneset,medikamentell,badebehandling,Azamethiphos,,,,deler av lokaliteten,1571,HALSA,15,Møre og Romsdal,63.142735,8.224933,6,Nordmøre og Sør-Trøndelag,
12,2013,10224,Korsneset,medikamentell,badebehandling,Azamethiphos,,,,deler av lokaliteten,1571,HALSA,15,Møre og Romsdal,63.142735,8.224933,6,Nordmøre og Sør-Trøndelag,
12,2013,10224,Korsneset,medikamentell,badebehandling,Azamethiphos,,,,deler av lokaliteten,1571,HALSA,15,Møre og Romsdal,63.142735,8.224933,6,Nordmøre og Sør-Trøndelag,
12,2013,10224,Korsneset,medikamentell,badebehandling,Azamethiphos,,,,deler av lokaliteten,1571,HALSA,15,Møre og Romsdal,63.142735,8.224933,6,Nordmøre og Sør-Trøndelag,
12,2013,10224,Korsneset,medikamentell,badebehandling,Azamethiphos,,,,deler av lokaliteten,1571,HALSA,15,Møre og Romsdal,63.142735,8.224933,6,Nordmøre og Sør-Trøndelag,
12,2013,10224,Korsneset,medikamentell,badebehandling,Azamethiphos,,,,deler av lokaliteten,1571,HALSA,15,Møre og Romsdal,63.142735,8.224933,6,Nordmøre og Sør-Trøndelag,
12,2013,10224,Korsneset,medikamentell,badebehandling,Azamethiphos,,,,deler av lokaliteten,1571,HALSA,15,Møre og Romsdal,63.142735,8.224933,6,Nordmøre og Sør-Trøndelag,
12,2013,32097,Korsneset 2,medikamentell,badebehandling,Azamethiphos,,,,deler av lokaliteten,1571,HALSA,15,Møre og Romsdal,63.1413,8.21335,6,Nordmøre og Sør-Trøndelag,
12,2013,32097,Korsneset 2,medikamentell,badebehandling,Azamethiphos,,,,deler av lokaliteten,1571,HALSA,15,Møre og Romsdal,63.1413,8.21335,6,Nordmøre og Sør-Trøndelag,
12,2013,32097,Korsneset 2,medikamentell,badebehandling,Azamethiphos,,,,deler av lokaliteten,1571,HALSA,15,Møre og Romsdal,63.1413,8.21335,6,Nordmøre og Sør-Trøndelag,
12,2013,32097,Korsneset 2,medikamentell,badebehandling,Azamethiphos,,,,deler av lokaliteten,1571,HALSA,15,Møre og Romsdal,63.1413,8.21335,6,Nordmøre og Sør-Trøndelag,
12,2013,10041,Kviksholmen,medikamentell,badebehandling,Cypermethrin,,,,hele lokaliteten,1244,AUSTEVOLL,12,Hordaland,60.054317,5.090733,3,Karmøy til Sotra,
12,2013,10041,Kviksholmen,medikamentell,badebehandling,Cypermethrin,,,,hele lokaliteten,1244,AUSTEVOLL,12,Hordaland,60.054317,5.090733,3,Karmøy til Sotra,
12,2013,10041,Kviksholmen,medikamentell,badebehandling,Cypermethrin,,,,hele lokaliteten,1244,AUSTEVOLL,12,Hordaland,60.054317,5.090733,3,Karmøy til Sotra,
12,2013,10041,Kviksholmen,medikamentell,badebehandling,Cypermethrin,,,,hele lokaliteten,1244,AUSTEVOLL,12,Hordaland,60.054317,5.090733,3,Karmøy til Sotra,
12,2013,10041,Kviksholmen,medikamentell,badebehandling,Cypermethrin,,,,hele lokaliteten,1244,AUSTEVOLL,12,Hordaland,60.054317,5.090733,3,Karmøy til Sotra,
12,2013,10041,Kviksholmen,medikamentell,badebehandling,Cypermethrin,,,,hele lokaliteten,1244,AUSTEVOLL,12,Hordaland,60.054317,5.090733,3,Karmøy til Sotra,
12,2013,10041,Kviksholmen,medikamentell,badebehandling,Cypermethrin,,,,hele lokaliteten,1244,AUSTEVOLL,12,Hordaland,60.054317,5.090733,3,Karmøy til Sotra,
12,2013,10041,Kviksholmen,medikamentell,badebehandling,Cypermethrin,,,,hele lokaliteten,1244,AUSTEVOLL,12,Hordaland,60.054317,5.090733,3,Karmøy til Sotra,
12,2013,10041,Kviksholmen,medikamentell,badebehandling,Cypermethrin,,,,hele lokaliteten,1244,AUSTEVOLL,12,Hordaland,60.054317,5.090733,3,Karmøy til Sotra,
12,2013,10041,Kviksholmen,medikamentell,badebehandling,Cypermethrin,,,,hele lokaliteten,1244,AUSTEVOLL,12,Hordaland,60.054317,5.090733,3,Karmøy til Sotra,
12,2013,12022,Ljonesbjørgene,medikamentell,badebehandling,Annet virkestoff,,,,deler av lokaliteten,1238,KVAM,12,Hordaland,60.2564,6.16585,3,Karmøy til Sotra,
12,2013,12022,Ljonesbjørgene,medikamentell,badebehandling,Annet virkestoff,,,,deler av lokaliteten,1238,KVAM,12,Hordaland,60.2564,6.16585,3,Karmøy til Sotra,
12,2013,13549,Løypingneset,medikamentell,badebehandling,Deltamethrin,,,,hele lokaliteten,1438,BREMANGER,14,Sogn og Fjordane,61.819485,5.247933,4,Nordhordaland til Stadt,
12,2013,24937,Nebbo,medikamentell,badebehandling,Deltamethrin,,,,hele lokaliteten,1224,KVINNHERAD,12,Hordaland,59.87075,5.725017,3,Karmøy til Sotra,
12,2013,24937,Nebbo,medikamentell,badebehandling,Deltamethrin,,,,hele lokaliteten,1224,KVINNHERAD,12,Hordaland,59.87075,5.725017,3,Karmøy til Sotra,
12,2013,13965,Nesbø/Gjeldsvik,medikamentell,badebehandling,Azamethiphos,,,,hele lokaliteten,1263,LINDÅS,12,Hordaland,60.68835,5.4232,4,Nordhordaland til Stadt,
12,2013,13965,Nesbø/Gjeldsvik,medikamentell,badebehandling,Deltamethrin,,,,hele lokaliteten,1263,LINDÅS,12,Hordaland,60.68835,5.4232,4,Nordhordaland til Stadt,
12,2013,30559,Øksneset,medikamentell,badebehandling,Deltamethrin,,,,hele lokaliteten,1264,AUSTRHEIM,12,Hordaland,60.811882,4.8644,4,Nordhordaland til Stadt,
12,2013,22995,Oldervik,medikamentell,fôrbehandling,Emamectin benzoat,,,,hele lokaliteten,1838,GILDESKÅL,18,Nordland,67.07322,14.112733,8,Helgeland til Bodø,
12,2013,29116,Reiråklakken,medikamentell,badebehandling,Azamethiphos,,,,deler av lokaliteten,1573,SMØLA,15,Møre og Romsdal,63.45025,8.168853,6,Nordmøre og Sør-Trøndelag,
12,2013,29116,Reiråklakken,medikamentell,badebehandling,Azamethiphos,,,,deler av lokaliteten,1573,SMØLA,15,Møre og Romsdal,63.45025,8.168853,6,Nordmøre og Sør-Trøndelag,
12,2013,11964,Ringja,medikamentell,fôrbehandling,Emamectin benzoat,,,,hele lokaliteten,1146,TYSVÆR,11,Rogaland,59.40537,5.862617,2,Ryfylke,
12,2013,12794,Rundklumpen,medikamentell,badebehandling,Azamethiphos,,,,hele lokaliteten,1627,BJUGN,16,Sør-Trøndelag,63.8012,9.607983,6,Nordmøre og Sør-Trøndelag,
12,2013,12794,Rundklumpen,medikamentell,badebehandling,Deltamethrin,,,,hele lokaliteten,1627,BJUGN,16,Sør-Trøndelag,63.8012,9.607983,6,Nordmøre og Sør-Trøndelag,
12,2013,11888,Sandvik,medikamentell,fôrbehandling,Annet virkestoff,,,,hele lokaliteten,1134,SULDAL,11,Rogaland,59.31445,6.170917,2,Ryfylke,
12,2013,12048,Skiftesneset N,medikamentell,badebehandling,Deltamethrin,,,,deler av lokaliteten,1241,FUSA,12,Hordaland,60.07175,5.736433,3,Karmøy til Sotra,
12,2013,11486,Stokkavik,medikamentell,badebehandling,Deltamethrin,,,,hele lokaliteten,1219,BØMLO,12,Hordaland,59.7604,5.341183,3,Karmøy til Sotra,
12,2013,12081,Straumneset,medikamentell,badebehandling,Azamethiphos,,,,hele lokaliteten,1227,JONDAL,12,Hordaland,60.220966,6.139567,3,Karmøy til Sotra,
12,2013,12074,Svåsandneset,ikke-medikamentell,,,,,,deler av lokaliteten,1227,JONDAL,12,Hordaland,60.32422,6.318983,3,Karmøy til Sotra,
12,2013,13032,Sylvøyane,medikamentell,badebehandling,Deltamethrin,,,,hele lokaliteten,1219,BØMLO,12,Hordaland,59.609932,5.133867,3,Karmøy til Sotra,
12,2013,13032,Sylvøyane,ikke-medikamentell,,,,,,hele lokaliteten,1219,BØMLO,12,Hordaland,59.609932,5.133867,3,Karmøy til Sotra,
12,2013,32437,Urda,medikamentell,badebehandling,Azamethiphos,,,,hele lokaliteten,1566,SURNADAL,15,Møre og Romsdal,63.000534,8.325633,6,Nordmøre og Sør-Trøndelag,
12,2013,32437,Urda,medikamentell,badebehandling,Azamethiphos,,,,hele lokaliteten,1566,SURNADAL,15,Møre og Romsdal,63.000534,8.325633,6,Nordmøre og Sør-Trøndelag,
12,2013,32437,Urda,medikamentell,badebehandling,Azamethiphos,,,,hele lokaliteten,1566,SURNADAL,15,Møre og Romsdal,63.000534,8.325633,6,Nordmøre og Sør-Trøndelag,
12,2013,32437,Urda,medikamentell,badebehandling,Deltamethrin,,,,hele lokaliteten,1566,SURNADAL,15,Møre og Romsdal,63.000534,8.325633,6,Nordmøre og Sør-Trøndelag,
12,2013,32437,Urda,medikamentell,badebehandling,Deltamethrin,,,,hele lokaliteten,1566,SURNADAL,15,Møre og Romsdal,63.000534,8.325633,6,Nordmøre og Sør-Trøndelag,
12,2013,32437,Urda,medikamentell,badebehandling,Deltamethrin,,,,hele lokaliteten,1566,SURNADAL,15,Møre og Romsdal,63.000534,8.325633,6,Nordmøre og Sør-Trøndelag,
12,2013,11533,Usholmsvika,medikamentell,badebehandling,Azamethiphos,,,,hele lokaliteten,1245,SUND,12,Hordaland,60.1749,5.0917,3,Karmøy til Sotra,
12,2013,11533,Usholmsvika,medikamentell,badebehandling,Deltamethrin,,,,hele lokaliteten,1245,SUND,12,Hordaland,60.1749,5.0917,3,Karmøy til Sotra,
11,2013,13254,Aukan,medikamentell,badebehandling,Azamethiphos,,,,hele lokaliteten,1554,AVERØY,15,Møre og Romsdal,63.0603,7.594283,6,Nordmøre og Sør-Trøndelag,
11,2013,15796,Borgarliflot,medikamentell,fôrbehandling,Emamectin benzoat,,,,hele lokaliteten,1134,SULDAL,11,Rogaland,59.388035,5.929283,2,Ryfylke,
11,2013,10223,Bremnessvaet,medikamentell,badebehandling,Deltamethrin,,,,deler av lokaliteten,1573,SMØLA,15,Møre og Romsdal,63.39795,8.214317,6,Nordmøre og Sør-Trøndelag,
11,2013,10223,Bremnessvaet,ikke-medikamentell,,,,,,hele lokaliteten,1573,SMØLA,15,Møre og Romsdal,63.39795,8.214317,6,Nordmøre og Sør-Trøndelag,
11,2013,11435,Bryggelandsholmane,medikamentell,fôrbehandling,Emamectin benzoat,,,,hele lokaliteten,1106,HAUGESUND,11,Rogaland,59.429016,5.096417,3,Karmøy til Sotra,
11,2013,14799,Djupestallen,medikamentell,badebehandling,Deltamethrin,,,,deler av lokaliteten,1223,TYSNES,12,Hordaland,60.058735,5.453,3,Karmøy til Sotra,
11,2013,14799,Djupestallen,medikamentell,badebehandling,Deltamethrin,,,,deler av lokaliteten,1223,TYSNES,12,Hordaland,60.058735,5.453,3,Karmøy til Sotra,
11,2013,14799,Djupestallen,medikamentell,badebehandling,Deltamethrin,,,,deler av lokaliteten,1223,TYSNES,12,Hordaland,60.058735,5.453,3,Karmøy til Sotra,
11,2013,26595,Djupevika,medikamentell,badebehandling,Deltamethrin,,,,deler av lokaliteten,1223,TYSNES,12,Hordaland,60.03628,5.344117,3,Karmøy til Sotra,
11,2013,26595,Djupevika,medikamentell,badebehandling,Deltamethrin,,,,deler av lokaliteten,1223,TYSNES,12,Hordaland,60.03628,5.344117,3,Karmøy til Sotra,
11,2013,26595,Djupevika,medikamentell,badebehandling,Deltamethrin,,,,deler av lokaliteten,1223,TYSNES,12,Hordaland,60.03628,5.344117,3,Karmøy til Sotra,
11,2013,26595,Djupevika,medikamentell,badebehandling,Deltamethrin,,,,deler av lokaliteten,1223,TYSNES,12,Hordaland,60.03628,5.344117,3,Karmøy til Sotra,
11,2013,26595,Djupevika,medikamentell,badebehandling,Deltamethrin,,,,deler av lokaliteten,1223,TYSNES,12,Hordaland,60.03628,5.344117,3,Karmøy til Sotra,
11,2013,13711,Dyvika,medikamentell,fôrbehandling,Emamectin benzoat,,,,hele lokaliteten,1428,ASKVOLL,14,Sogn og Fjordane,61.478584,5.375967,4,Nordhordaland til Stadt,
11,2013,10045,Eidholmen,medikamentell,badebehandling,Cypermethrin,,,,hele lokaliteten,1244,AUSTEVOLL,12,Hordaland,60.08808,5.120633,3,Karmøy til Sotra,
11,2013,10045,Eidholmen,medikamentell,badebehandling,Cypermethrin,,,,hele lokaliteten,1244,AUSTEVOLL,12,Hordaland,60.08808,5.120633,3,Karmøy til Sotra,
11,2013,10045,Eidholmen,medikamentell,badebehandling,Cypermethrin,,,,hele lokaliteten,1244,AUSTEVOLL,12,Hordaland,60.08808,5.120633,3,Karmøy til Sotra,
11,2013,10045,Eidholmen,medikamentell,badebehandling,Cypermethrin,,,,hele lokaliteten,1244,AUSTEVOLL,12,Hordaland,60.08808,5.120633,3,Karmøy til Sotra,
11,2013,10045,Eidholmen,medikamentell,badebehandling,Cypermethrin,,,,hele lokaliteten,1244,AUSTEVOLL,12,Hordaland,60.08808,5.120633,3,Karmøy til Sotra,
11,2013,10045,Eidholmen,medikamentell,badebehandling,Cypermethrin,,,,hele lokaliteten,1244,AUSTEVOLL,12,Hordaland,60.08808,5.120633,3,Karmøy til Sotra,
11,2013,10045,Eidholmen,medikamentell,badebehandling,Cypermethrin,,,,hele lokaliteten,1244,AUSTEVOLL,12,Hordaland,60.08808,5.120633,3,Karmøy til Sotra,
11,2013,10045,Eidholmen,medikamentell,badebehandling,Cypermethrin,,,,hele lokaliteten,1244,AUSTEVOLL,12,Hordaland,60.08808,5.120633,3,Karmøy til Sotra,
11,2013,10045,Eidholmen,medikamentell,badebehandling,Cypermethrin,,,,hele lokaliteten,1244,AUSTEVOLL,12,Hordaland,60.08808,5.120633,3,Karmøy til Sotra,
11,2013,10045,Eidholmen,medikamentell,badebehandling,Cypermethrin,,,,hele lokaliteten,1244,AUSTEVOLL,12,Hordaland,60.08808,5.120633,3,Karmøy til Sotra,
11,2013,10045,Eidholmen,medikamentell,badebehandling,Cypermethrin,,,,hele lokaliteten,1244,AUSTEVOLL,12,Hordaland,60.08808,5.120633,3,Karmøy til Sotra,
11,2013,11556,Engevik,medikamentell,badebehandling,Azamethiphos,,,,deler av lokaliteten,1222,FITJAR,12,Hordaland,59.96425,5.379817,3,Karmøy til Sotra,
11,2013,11556,Engevik,medikamentell,badebehandling,Deltamethrin,,,,deler av lokaliteten,1222,FITJAR,12,Hordaland,59.96425,5.379817,3,Karmøy til Sotra,
11,2013,25835,Flatøyflu,medikamentell,badebehandling,Deltamethrin,,,,deler av lokaliteten,1244,AUSTEVOLL,12,Hordaland,60.156433,5.232,3,Karmøy til Sotra,
11,2013,11771,Grisholmsundet,medikamentell,badebehandling,Annet virkestoff,,,,hele lokaliteten,1265,FEDJE,12,Hordaland,60.7927,4.693717,4,Nordhordaland til Stadt,
11,2013,24735,Gulholmen,medikamentell,badebehandling,Azamethiphos,,,,deler av lokaliteten,1243,OS I HORDALAND,12,Hordaland,60.1282,5.400467,3,Karmøy til Sotra,
11,2013,24735,Gulholmen,medikamentell,badebehandling,Deltamethrin,,,,deler av lokaliteten,1243,OS I HORDALAND,12,Hordaland,60.1282,5.400467,3,Karmøy til Sotra,
11,2013,18639,Halsavika,medikamentell,fôrbehandling,Emamectin benzoat,,,,hele lokaliteten,1146,TYSVÆR,11,Rogaland,59.39232,5.883333,2,Ryfylke,
11,2013,13503,Heggvika,rensefisk,,,2221,Rognkjeks (felles),6700,deler av lokaliteten,1617,HITRA,16,Sør-Trøndelag,63.6106,9.050733,6,Nordmøre og Sør-Trøndelag,
11,2013,12871,Hogsnes,medikamentell,badebehandling,Azamethiphos,,,,hele lokaliteten,1554,AVERØY,15,Møre og Romsdal,63.093033,7.675883,6,Nordmøre og Sør-Trøndelag,
11,2013,30377,Hogsneset Nord,medikamentell,badebehandling,Azamethiphos,,,,deler av lokaliteten,1554,AVERØY,15,Møre og Romsdal,63.099518,7.670333,6,Nordmøre og Sør-Trøndelag,
11,2013,30377,Hogsneset Nord,medikamentell,badebehandling,Azamethiphos,,,,deler av lokaliteten,1554,AVERØY,15,Møre og Romsdal,63.099518,7.670333,6,Nordmøre og Sør-Trøndelag,
11,2013,30377,Hogsneset Nord,medikamentell,badebehandling,Azamethiphos,,,,deler av lokaliteten,1554,AVERØY,15,Møre og Romsdal,63.099518,7.670333,6,Nordmøre og Sør-Trøndelag,
11,2013,30377,Hogsneset Nord,medikamentell,badebehandling,Azamethiphos,,,,deler av lokaliteten,1554,AVERØY,15,Møre og Romsdal,63.099518,7.670333,6,Nordmøre og Sør-Trøndelag,
11,2013,14882,Horjona,medikamentell,badebehandling,Annet virkestoff,,,,deler av lokaliteten,1238,KVAM,12,Hordaland,60.270782,6.187033,3,Karmøy til Sotra,
11,2013,12224,Isane,medikamentell,fôrbehandling,Diflubenzuron,,,,hele lokaliteten,1438,BREMANGER,14,Sogn og Fjordane,61.876534,5.722767,4,Nordhordaland til Stadt,
11,2013,12224,Isane,medikamentell,fôrbehandling,Diflubenzuron,,,,hele lokaliteten,1438,BREMANGER,14,Sogn og Fjordane,61.876534,5.722767,4,Nordhordaland til Stadt,
11,2013,12224,Isane,medikamentell,fôrbehandling,Diflubenzuron,,,,hele lokaliteten,1438,BREMANGER,14,Sogn og Fjordane,61.876534,5.722767,4,Nordhordaland til Stadt,
11,2013,12224,Isane,medikamentell,fôrbehandling,Diflubenzuron,,,,hele lokaliteten,1438,BREMANGER,14,Sogn og Fjordane,61.876534,5.722767,4,Nordhordaland til Stadt,
11,2013,22915,Kalsøyflu,medikamentell,badebehandling,Cypermethrin,,,,hele lokaliteten,1244,AUSTEVOLL,12,Hordaland,60.0398,5.117883,3,Karmøy til Sotra,
11,2013,22915,Kalsøyflu,medikamentell,badebehandling,Cypermethrin,,,,hele lokaliteten,1244,AUSTEVOLL,12,Hordaland,60.0398,5.117883,3,Karmøy til Sotra,
11,2013,22915,Kalsøyflu,medikamentell,badebehandling,Cypermethrin,,,,hele lokaliteten,1244,AUSTEVOLL,12,Hordaland,60.0398,5.117883,3,Karmøy til Sotra,
11,2013,22915,Kalsøyflu,medikamentell,badebehandling,Cypermethrin,,,,hele lokaliteten,1244,AUSTEVOLL,12,Hordaland,60.0398,5.117883,3,Karmøy til Sotra,
11,2013,22915,Kalsøyflu,medikamentell,badebehandling,Cypermethrin,,,,hele lokaliteten,1244,AUSTEVOLL,12,Hordaland,60.0398,5.117883,3,Karmøy til Sotra,
11,2013,22915,Kalsøyflu,medikamentell,badebehandling,Cypermethrin,,,,hele lokaliteten,1244,AUSTEVOLL,12,Hordaland,60.0398,5.117883,3,Karmøy til Sotra,
11,2013,22915,Kalsøyflu,medikamentell,badebehandling,Cypermethrin,,,,hele lokaliteten,1244,AUSTEVOLL,12,Hordaland,60.0398,5.117883,3,Karmøy til Sotra,
11,2013,22915,Kalsøyflu,medikamentell,badebehandling,Cypermethrin,,,,hele lokaliteten,1244,AUSTEVOLL,12,Hordaland,60.0398,5.117883,3,Karmøy til Sotra,
11,2013,22915,Kalsøyflu,medikamentell,badebehandling,Cypermethrin,,,,hele lokaliteten,1244,AUSTEVOLL,12,Hordaland,60.0398,5.117883,3,Karmøy til Sotra,
11,2013,22915,Kalsøyflu,medikamentell,badebehandling,Cypermethrin,,,,hele lokaliteten,1244,AUSTEVOLL,12,Hordaland,60.0398,5.117883,3,Karmøy til Sotra,
11,2013,22915,Kalsøyflu,medikamentell,badebehandling,Cypermethrin,,,,hele lokaliteten,1244,AUSTEVOLL,12,Hordaland,60.0398,5.117883,3,Karmøy til Sotra,
11,2013,12872,Kattholmen,medikamentell,badebehandling,Annet virkestoff,,,,hele lokaliteten,1505,KRISTIANSUND,15,Møre og Romsdal,63.05538,7.695833,6,Nordmøre og Sør-Trøndelag,
11,2013,11652,Kjeppevikholmen,medikamentell,badebehandling,Azamethiphos,,,,hele lokaliteten,1256,MELAND,12,Hordaland,60.5428,5.035883,4,Nordhordaland til Stadt,
11,2013,11652,Kjeppevikholmen,medikamentell,badebehandling,Deltamethrin,,,,hele lokaliteten,1256,MELAND,12,Hordaland,60.5428,5.035883,4,Nordhordaland til Stadt,
11,2013,11575,Koløy N,medikamentell,badebehandling,Deltamethrin,,,,deler av lokaliteten,1222,FITJAR,12,Hordaland,59.861168,5.2887,3,Karmøy til Sotra,
11,2013,13222,Kunes,medikamentell,fôrbehandling,Annet virkestoff,,,,hele lokaliteten,1141,FINNØY,11,Rogaland,59.21137,5.9532,2,Ryfylke,
11,2013,20595,Kyrholmen S,medikamentell,badebehandling,Deltamethrin,,,,deler av lokaliteten,1244,AUSTEVOLL,12,Hordaland,60.162018,5.205567,3,Karmøy til Sotra,
11,2013,13541,Midtflua,medikamentell,badebehandling,Deltamethrin,,,,deler av lokaliteten,1223,TYSNES,12,Hordaland,60.076267,5.466533,3,Karmøy til Sotra,
11,2013,13541,Midtflua,medikamentell,badebehandling,Deltamethrin,,,,deler av lokaliteten,1223,TYSNES,12,Hordaland,60.076267,5.466533,3,Karmøy til Sotra,
11,2013,11772,Moldøyosen,medikamentell,badebehandling,Annet virkestoff,,,,hele lokaliteten,1265,FEDJE,12,Hordaland,60.789734,4.700983,4,Nordhordaland til Stadt,
11,2013,11611,Naveide,medikamentell,badebehandling,Cypermethrin,,,,deler av lokaliteten,1244,AUSTEVOLL,12,Hordaland,60.13907,5.112783,3,Karmøy til Sotra,
11,2013,11611,Naveide,medikamentell,badebehandling,Cypermethrin,,,,deler av lokaliteten,1244,AUSTEVOLL,12,Hordaland,60.13907,5.112783,3,Karmøy til Sotra,
11,2013,11611,Naveide,medikamentell,badebehandling,Cypermethrin,,,,deler av lokaliteten,1244,AUSTEVOLL,12,Hordaland,60.13907,5.112783,3,Karmøy til Sotra,
11,2013,24495,Nystølvågen,medikamentell,fôrbehandling,Teflubenzuron,,,,deler av lokaliteten,1241,FUSA,12,Hordaland,60.05237,5.793417,3,Karmøy til Sotra,
11,2013,29116,Reiråklakken,medikamentell,badebehandling,Azamethiphos,,,,deler av lokaliteten,1573,SMØLA,15,Møre og Romsdal,63.45025,8.168853,6,Nordmøre og Sør-Trøndelag,
11,2013,29116,Reiråklakken,medikamentell,badebehandling,Azamethiphos,,,,deler av lokaliteten,1573,SMØLA,15,Møre og Romsdal,63.45025,8.168853,6,Nordmøre og Sør-Trøndelag,
11,2013,29116,Reiråklakken,medikamentell,badebehandling,Azamethiphos,,,,deler av lokaliteten,1573,SMØLA,15,Møre og Romsdal,63.45025,8.168853,6,Nordmøre og Sør-Trøndelag,
11,2013,11964,Ringja,medikamentell,fôrbehandling,Emamectin benzoat,,,,hele lokaliteten,1146,TYSVÆR,11,Rogaland,59.40537,5.862617,2,Ryfylke,
11,2013,12003,Rossholmen N,medikamentell,fôrbehandling,Emamectin benzoat,,,,hele lokaliteten,1142,RENNESØY,11,Rogaland,59.0638,5.72245,2,Ryfylke,
11,2013,12973,Saltkjelen I,medikamentell,badebehandling,Annet virkestoff,,,,deler av lokaliteten,1238,KVAM,12,Hordaland,60.317932,6.183033,3,Karmøy til Sotra,
11,2013,12973,Saltkjelen I,medikamentell,badebehandling,Annet virkestoff,,,,deler av lokaliteten,1238,KVAM,12,Hordaland,60.317932,6.183033,3,Karmøy til Sotra,
11,2013,12019,Saltkjelen II,medikamentell,badebehandling,Deltamethrin,,,,hele lokaliteten,1227,JONDAL,12,Hordaland,60.248016,6.2014,3,Karmøy til Sotra,
11,2013,12019,Saltkjelen II,ikke-medikamentell,,,,,,hele lokaliteten,1227,JONDAL,12,Hordaland,60.248016,6.2014,3,Karmøy til Sotra,
11,2013,11888,Sandvik,medikamentell,fôrbehandling,Annet virkestoff,,,,hele lokaliteten,1134,SULDAL,11,Rogaland,59.31445,6.170917,2,Ryfylke,
11,2013,19855,Segelråa,medikamentell,badebehandling,Azamethiphos,,,,hele lokaliteten,1576,AURE,15,Møre og Romsdal,63.149746,8.12855,6,Nordmøre og Sør-Trøndelag,
11,2013,19855,Segelråa,medikamentell,badebehandling,Azamethiphos,,,,hele lokaliteten,1576,AURE,15,Møre og Romsdal,63.149746,8.12855,6,Nordmøre og Sør-Trøndelag,
11,2013,19855,Segelråa,medikamentell,badebehandling,Azamethiphos,,,,hele lokaliteten,1576,AURE,15,Møre og Romsdal,63.149746,8.12855,6,Nordmøre og Sør-Trøndelag,
11,2013,19855,Segelråa,medikamentell,badebehandling,Azamethiphos,,,,hele lokaliteten,1576,AURE,15,Møre og Romsdal,63.149746,8.12855,6,Nordmøre og Sør-Trøndelag,
11,2013,24115,Singsholmen,rensefisk,,,222120,Rognkjeks (hun),13820,deler av lokaliteten,1617,HITRA,16,Sør-Trøndelag,63.41975,8.411617,6,Nordmøre og Sør-Trøndelag,
11,2013,10216,Skåren,medikamentell,badebehandling,Azamethiphos,,,,hele lokaliteten,1571,HALSA,15,Møre og Romsdal,63.076733,8.19315,6,Nordmøre og Sør-Trøndelag,
11,2013,10216,Skåren,medikamentell,badebehandling,Azamethiphos,,,,hele lokaliteten,1571,HALSA,15,Møre og Romsdal,63.076733,8.19315,6,Nordmøre og Sør-Trøndelag,
11,2013,12066,Skåtavågen,medikamentell,badebehandling,Annet virkestoff,,,,hele lokaliteten,1241,FUSA,12,Hordaland,60.175117,5.589067,3,Karmøy til Sotra,
11,2013,20815,Slettvika,medikamentell,badebehandling,Azamethiphos,,,,hele lokaliteten,1520,ØRSTA,15,Møre og Romsdal,62.334,6.157667,5,Stadt til Hustadvika,
11,2013,11605,Soløy Ø,medikamentell,badebehandling,Deltamethrin,,,,hele lokaliteten,1222,FITJAR,12,Hordaland,59.90708,5.159833,3,Karmøy til Sotra,
11,2013,12074,Svåsandneset,medikamentell,badebehandling,Deltamethrin,,,,deler av lokaliteten,1227,JONDAL,12,Hordaland,60.32422,6.318983,3,Karmøy til Sotra,
11,2013,10332,Trommo,medikamentell,badebehandling,Deltamethrin,,,,hele lokaliteten,1224,KVINNHERAD,12,Hordaland,60.08243,6.080067,3,Karmøy til Sotra,
11,2013,10332,Trommo,ikke-medikamentell,,,,,,hele lokaliteten,1224,KVINNHERAD,12,Hordaland,60.08243,6.080067,3,Karmøy til Sotra,
11,2013,27315,Vikane 1,medikamentell,badebehandling,Deltamethrin,,,,hele lokaliteten,1227,JONDAL,12,Hordaland,60.26125,6.225083,3,Karmøy til Sotra,
11,2013,27315,Vikane 1,ikke-medikamentell,,,,,,hele lokaliteten,1227,JONDAL,12,Hordaland,60.26125,6.225083,3,Karmøy til Sotra,
11,2013,29936,Ystadneset,medikamentell,badebehandling,Deltamethrin,,,,hele lokaliteten,1224,KVINNHERAD,12,Hordaland,59.977932,5.775083,3,Karmøy til Sotra,
10,2013,10331,Åkre,medikamentell,badebehandling,Deltamethrin,,,,hele lokaliteten,1224,KVINNHERAD,12,Hordaland,60.112434,6.042483,3,Karmøy til Sotra,
10,2013,11756,Allersholmen,medikamentell,fôrbehandling,Diflubenzuron,,,,hele lokaliteten,1264,AUSTRHEIM,12,Hordaland,60.77465,4.8536,4,Nordhordaland til Stadt,
10,2013,29816,Apalvikneset,medikamentell,badebehandling,Deltamethrin,,,,hele lokaliteten,1224,KVINNHERAD,12,Hordaland,60.145584,6.120467,3,Karmøy til Sotra,
10,2013,29816,Apalvikneset,medikamentell,badebehandling,Deltamethrin,,,,hele lokaliteten,1224,KVINNHERAD,12,Hordaland,60.145584,6.120467,3,Karmøy til Sotra,
10,2013,13254,Aukan,medikamentell,badebehandling,Azamethiphos,,,,hele lokaliteten,1554,AVERØY,15,Møre og Romsdal,63.0603,7.594283,6,Nordmøre og Sør-Trøndelag,
10,2013,11754,Bøøy,medikamentell,fôrbehandling,Diflubenzuron,,,,hele lokaliteten,1260,RADØY,12,Hordaland,60.72798,4.863417,4,Nordhordaland til Stadt,
10,2013,15796,Borgarliflot,medikamentell,fôrbehandling,Emamectin benzoat,,,,hele lokaliteten,1134,SULDAL,11,Rogaland,59.388035,5.929283,2,Ryfylke,
10,2013,11435,Bryggelandsholmane,medikamentell,fôrbehandling,Emamectin benzoat,,,,hele lokaliteten,1106,HAUGESUND,11,Rogaland,59.429016,5.096417,3,Karmøy til Sotra,
10,2013,11543,Buholmen Ø,medikamentell,badebehandling,Deltamethrin,,,,deler av lokaliteten,1244,AUSTEVOLL,12,Hordaland,60.0216,5.07985,3,Karmøy til Sotra,
10,2013,11543,Buholmen Ø,medikamentell,badebehandling,Deltamethrin,,,,deler av lokaliteten,1244,AUSTEVOLL,12,Hordaland,60.0216,5.07985,3,Karmøy til Sotra,
10,2013,12361,Bukkholmen S,medikamentell,badebehandling,Annet virkestoff,,,,hele lokaliteten,1620,FRØYA,16,Sør-Trøndelag,63.72368,8.8631,6,Nordmøre og Sør-Trøndelag,
10,2013,12361,Bukkholmen S,medikamentell,badebehandling,Annet virkestoff,,,,hele lokaliteten,1620,FRØYA,16,Sør-Trøndelag,63.72368,8.8631,6,Nordmøre og Sør-Trøndelag,
10,2013,13711,Dyvika,medikamentell,fôrbehandling,Emamectin benzoat,,,,hele lokaliteten,1428,ASKVOLL,14,Sogn og Fjordane,61.478584,5.375967,4,Nordhordaland til Stadt,
10,2013,10045,Eidholmen,rensefisk,,,2221,Rognkjeks (felles),7500,hele lokaliteten,1244,AUSTEVOLL,12,Hordaland,60.08808,5.120633,3,Karmøy til Sotra,
10,2013,13870,Eikebærånæ,medikamentell,badebehandling,Deltamethrin,,,,hele lokaliteten,1263,LINDÅS,12,Hordaland,60.563435,5.353017,4,Nordhordaland til Stadt,
10,2013,12879,Endresetbukta,medikamentell,badebehandling,Azamethiphos,,,,hele lokaliteten,1505,KRISTIANSUND,15,Møre og Romsdal,63.03018,7.71615,6,Nordmøre og Sør-Trøndelag,
10,2013,12879,Endresetbukta,medikamentell,badebehandling,Azamethiphos,,,,hele lokaliteten,1505,KRISTIANSUND,15,Møre og Romsdal,63.03018,7.71615,6,Nordmøre og Sør-Trøndelag,
10,2013,12879,Endresetbukta,medikamentell,badebehandling,Azamethiphos,,,,hele lokaliteten,1505,KRISTIANSUND,15,Møre og Romsdal,63.03018,7.71615,6,Nordmøre og Sør-Trøndelag,
10,2013,12879,Endresetbukta,medikamentell,badebehandling,Azamethiphos,,,,hele lokaliteten,1505,KRISTIANSUND,15,Møre og Romsdal,63.03018,7.71615,6,Nordmøre og Sør-Trøndelag,
10,2013,12879,Endresetbukta,medikamentell,badebehandling,Azamethiphos,,,,hele lokaliteten,1505,KRISTIANSUND,15,Møre og Romsdal,63.03018,7.71615,6,Nordmøre og Sør-Trøndelag,
10,2013,12879,Endresetbukta,medikamentell,badebehandling,Azamethiphos,,,,hele lokaliteten,1505,KRISTIANSUND,15,Møre og Romsdal,63.03018,7.71615,6,Nordmøre og Sør-Trøndelag,
10,2013,12879,Endresetbukta,medikamentell,badebehandling,Azamethiphos,,,,hele lokaliteten,1505,KRISTIANSUND,15,Møre og Romsdal,63.03018,7.71615,6,Nordmøre og Sør-Trøndelag,
10,2013,11556,Engevik,medikamentell,badebehandling,Azamethiphos,,,,deler av lokaliteten,1222,FITJAR,12,Hordaland,59.96425,5.379817,3,Karmøy til Sotra,
10,2013,11556,Engevik,medikamentell,badebehandling,Azamethiphos,,,,deler av lokaliteten,1222,FITJAR,12,Hordaland,59.96425,5.379817,3,Karmøy til Sotra,
10,2013,11556,Engevik,medikamentell,badebehandling,Deltamethrin,,,,deler av lokaliteten,1222,FITJAR,12,Hordaland,59.96425,5.379817,3,Karmøy til Sotra,
10,2013,11556,Engevik,medikamentell,badebehandling,Deltamethrin,,,,deler av lokaliteten,1222,FITJAR,12,Hordaland,59.96425,5.379817,3,Karmøy til Sotra,
10,2013,25835,Flatøyflu,medikamentell,badebehandling,Deltamethrin,,,,deler av lokaliteten,1244,AUSTEVOLL,12,Hordaland,60.156433,5.232,3,Karmøy til Sotra,
10,2013,12895,Halsbukta,medikamentell,badebehandling,Azamethiphos,,,,hele lokaliteten,1560,TINGVOLL,15,Møre og Romsdal,63.077686,8.143622,6,Nordmøre og Sør-Trøndelag,
10,2013,12895,Halsbukta,medikamentell,badebehandling,Azamethiphos,,,,hele lokaliteten,1560,TINGVOLL,15,Møre og Romsdal,63.077686,8.143622,6,Nordmøre og Sør-Trøndelag,
10,2013,12895,Halsbukta,medikamentell,badebehandling,Azamethiphos,,,,hele lokaliteten,1560,TINGVOLL,15,Møre og Romsdal,63.077686,8.143622,6,Nordmøre og Sør-Trøndelag,
10,2013,12895,Halsbukta,medikamentell,badebehandling,Azamethiphos,,,,hele lokaliteten,1560,TINGVOLL,15,Møre og Romsdal,63.077686,8.143622,6,Nordmøre og Sør-Trøndelag,
10,2013,31577,Haneholmen,medikamentell,fôrbehandling,Diflubenzuron,,,,deler av lokaliteten,1445,GLOPPEN,14,Sogn og Fjordane,61.84045,6.10055,4,Nordhordaland til Stadt,
10,2013,13235,Hessvik,medikamentell,badebehandling,Deltamethrin,,,,hele lokaliteten,1224,KVINNHERAD,12,Hordaland,60.127934,6.149933,3,Karmøy til Sotra,
10,2013,10410,Hindholmen,medikamentell,badebehandling,Azamethiphos,,,,hele lokaliteten,1751,NÆRØY,17,Nord-Trøndelag,64.77393,11.44087,7,Nord-Trøndelag med Bindal,
10,2013,10410,Hindholmen,medikamentell,badebehandling,Deltamethrin,,,,hele lokaliteten,1751,NÆRØY,17,Nord-Trøndelag,64.77393,11.44087,7,Nord-Trøndelag med Bindal,
10,2013,13643,Hjartholm,medikamentell,badebehandling,Deltamethrin,,,,deler av lokaliteten,1411,GULEN,14,Sogn og Fjordane,61.034733,5.329633,4,Nordhordaland til Stadt,
10,2013,12224,Isane,medikamentell,fôrbehandling,Diflubenzuron,,,,hele lokaliteten,1438,BREMANGER,14,Sogn og Fjordane,61.876534,5.722767,4,Nordhordaland til Stadt,
10,2013,12224,Isane,medikamentell,fôrbehandling,Diflubenzuron,,,,hele lokaliteten,1438,BREMANGER,14,Sogn og Fjordane,61.876534,5.722767,4,Nordhordaland til Stadt,
10,2013,12224,Isane,medikamentell,fôrbehandling,Diflubenzuron,,,,hele lokaliteten,1438,BREMANGER,14,Sogn og Fjordane,61.876534,5.722767,4,Nordhordaland til Stadt,
10,2013,12224,Isane,medikamentell,fôrbehandling,Diflubenzuron,,,,hele lokaliteten,1438,BREMANGER,14,Sogn og Fjordane,61.876534,5.722767,4,Nordhordaland til Stadt,
10,2013,11652,Kjeppevikholmen,medikamentell,badebehandling,Azamethiphos,,,,hele lokaliteten,1256,MELAND,12,Hordaland,60.5428,5.035883,4,Nordhordaland til Stadt,
10,2013,11652,Kjeppevikholmen,medikamentell,badebehandling,Deltamethrin,,,,hele lokaliteten,1256,MELAND,12,Hordaland,60.5428,5.035883,4,Nordhordaland til Stadt,
10,2013,24455,Klavelandet,medikamentell,fôrbehandling,Emamectin benzoat,,,,hele lokaliteten,1401,FLORA,14,Sogn og Fjordane,61.60425,5.184067,4,Nordhordaland til Stadt,
10,2013,24455,Klavelandet,medikamentell,fôrbehandling,Emamectin benzoat,,,,hele lokaliteten,1401,FLORA,14,Sogn og Fjordane,61.60425,5.184067,4,Nordhordaland til Stadt,
10,2013,13222,Kunes,medikamentell,fôrbehandling,Annet virkestoff,,,,hele lokaliteten,1141,FINNØY,11,Rogaland,59.21137,5.9532,2,Ryfylke,
10,2013,10080,Laksevika,medikamentell,badebehandling,Azamethiphos,,,,hele lokaliteten,1256,MELAND,12,Hordaland,60.53015,5.11575,4,Nordhordaland til Stadt,
10,2013,10080,Laksevika,medikamentell,badebehandling,Deltamethrin,,,,hele lokaliteten,1256,MELAND,12,Hordaland,60.53015,5.11575,4,Nordhordaland til Stadt,
10,2013,24495,Nystølvågen,medikamentell,fôrbehandling,Teflubenzuron,,,,hele lokaliteten,1241,FUSA,12,Hordaland,60.05237,5.793417,3,Karmøy til Sotra,
10,2013,10136,Onarøy,medikamentell,badebehandling,Deltamethrin,,,,hele lokaliteten,1223,TYSNES,12,Hordaland,59.95335,5.669683,3,Karmøy til Sotra,
10,2013,11738,Otterholmen,medikamentell,fôrbehandling,Diflubenzuron,,,,hele lokaliteten,1260,RADØY,12,Hordaland,60.68693,4.907933,4,Nordhordaland til Stadt,
10,2013,12003,Rossholmen N,medikamentell,fôrbehandling,Emamectin benzoat,,,,hele lokaliteten,1142,RENNESØY,11,Rogaland,59.0638,5.72245,2,Ryfylke,
10,2013,10328,Sagvik,medikamentell,badebehandling,Annet virkestoff,,,,hele lokaliteten,1238,KVAM,12,Hordaland,60.141033,5.906933,3,Karmøy til Sotra,
10,2013,12892,Sjølsvik,medikamentell,badebehandling,Azamethiphos,,,,hele lokaliteten,1557,GJEMNES,15,Møre og Romsdal,62.9066,8.11095,6,Nordmøre og Sør-Trøndelag,
10,2013,25896,Skorpo,medikamentell,badebehandling,Deltamethrin,,,,hele lokaliteten,1223,TYSNES,12,Hordaland,59.8771,5.637667,3,Karmøy til Sotra,
10,2013,27436,Solværet,medikamentell,badebehandling,Deltamethrin,,,,deler av lokaliteten,1573,SMØLA,15,Møre og Romsdal,63.255,7.856933,6,Nordmøre og Sør-Trøndelag,
10,2013,27436,Solværet,medikamentell,badebehandling,Deltamethrin,,,,deler av lokaliteten,1573,SMØLA,15,Møre og Romsdal,63.255,7.856933,6,Nordmøre og Sør-Trøndelag,
10,2013,27436,Solværet,medikamentell,badebehandling,Deltamethrin,,,,deler av lokaliteten,1573,SMØLA,15,Møre og Romsdal,63.255,7.856933,6,Nordmøre og Sør-Trøndelag,
10,2013,27436,Solværet,medikamentell,badebehandling,Deltamethrin,,,,deler av lokaliteten,1573,SMØLA,15,Møre og Romsdal,63.255,7.856933,6,Nordmøre og Sør-Trøndelag,
10,2013,27436,Solværet,medikamentell,badebehandling,Deltamethrin,,,,deler av lokaliteten,1573,SMØLA,15,Møre og Romsdal,63.255,7.856933,6,Nordmøre og Sør-Trøndelag,
10,2013,29336,Trælsøyosen,medikamentell,badebehandling,Deltamethrin,,,,deler av lokaliteten,1244,AUSTEVOLL,12,Hordaland,60.1178,5.2702,3,Karmøy til Sotra,
10,2013,29336,Trælsøyosen,medikamentell,badebehandling,Deltamethrin,,,,deler av lokaliteten,1244,AUSTEVOLL,12,Hordaland,60.1178,5.2702,3,Karmøy til Sotra,
10,2013,29336,Trælsøyosen,medikamentell,badebehandling,Deltamethrin,,,,deler av lokaliteten,1244,AUSTEVOLL,12,Hordaland,60.1178,5.2702,3,Karmøy til Sotra,
10,2013,29336,Trælsøyosen,medikamentell,badebehandling,Deltamethrin,,,,deler av lokaliteten,1244,AUSTEVOLL,12,Hordaland,60.1178,5.2702,3,Karmøy til Sotra,
10,2013,13594,Trolløya Sv,medikamentell,badebehandling,Cypermethrin,,,,hele lokaliteten,1870,SORTLAND,18,Nordland,68.704384,15.014804,9,Vestfjorden og Vesterålen,
9,2013,10045,Eidholmen,rensefisk,,,2221,Rognkjeks (felles),7500,hele lokaliteten,1244,AUSTEVOLL,12,Hordaland,60.08808,5.120633,3,Karmøy til Sotra,
9,2013,13874,Fyllingsnes S,medikamentell,badebehandling,Deltamethrin,,,,hele lokaliteten,1263,LINDÅS,12,Hordaland,60.5821,5.4001,4,Nordhordaland til Stadt,
9,2013,12265,Gudmundset,medikamentell,badebehandling,Azamethiphos,,,,deler av lokaliteten,1529,SKODJE,15,Møre og Romsdal,62.4527,6.602483,5,Stadt til Hustadvika,
9,2013,12265,Gudmundset,medikamentell,badebehandling,Azamethiphos,,,,deler av lokaliteten,1529,SKODJE,15,Møre og Romsdal,62.4527,6.602483,5,Stadt til Hustadvika,
9,2013,31577,Haneholmen,medikamentell,fôrbehandling,Diflubenzuron,,,,deler av lokaliteten,1445,GLOPPEN,14,Sogn og Fjordane,61.84045,6.10055,4,Nordhordaland til Stadt,
9,2013,13643,Hjartholm,medikamentell,badebehandling,Deltamethrin,,,,deler av lokaliteten,1411,GULEN,14,Sogn og Fjordane,61.034733,5.329633,4,Nordhordaland til Stadt,
9,2013,24455,Klavelandet,medikamentell,fôrbehandling,Emamectin benzoat,,,,hele lokaliteten,1401,FLORA,14,Sogn og Fjordane,61.60425,5.184067,4,Nordhordaland til Stadt,
9,2013,24455,Klavelandet,medikamentell,fôrbehandling,Emamectin benzoat,,,,hele lokaliteten,1401,FLORA,14,Sogn og Fjordane,61.60425,5.184067,4,Nordhordaland til Stadt,
9,2013,11714,Kvernhusvika,medikamentell,badebehandling,Annet virkestoff,,,,deler av lokaliteten,1412,SOLUND,14,Sogn og Fjordane,61.0678,4.94225,4,Nordhordaland til Stadt,
9,2013,24495,Nystølvågen,medikamentell,fôrbehandling,Teflubenzuron,,,,hele lokaliteten,1241,FUSA,12,Hordaland,60.05237,5.793417,3,Karmøy til Sotra,
8,2013,12086,Alsåkervik,medikamentell,badebehandling,Azamethiphos,,,,hele lokaliteten,1224,KVINNHERAD,12,Hordaland,59.7601,6.074183,3,Karmøy til Sotra,
8,2013,12086,Alsåkervik,medikamentell,badebehandling,Deltamethrin,,,,hele lokaliteten,1224,KVINNHERAD,12,Hordaland,59.7601,6.074183,3,Karmøy til Sotra,
8,2013,10045,Eidholmen,rensefisk,,,2221,Rognkjeks (felles),7500,hele lokaliteten,1244,AUSTEVOLL,12,Hordaland,60.08808,5.120633,3,Karmøy til Sotra,
8,2013,22095,Hågardsneset,medikamentell,badebehandling,Deltamethrin,,,,hele lokaliteten,1224,KVINNHERAD,12,Hordaland,59.983932,5.932317,3,Karmøy til Sotra,
8,2013,13876,Litletveitholane,medikamentell,badebehandling,Annet virkestoff,,,,hele lokaliteten,1253,OSTERØY,12,Hordaland,60.4792,5.44575,4,Nordhordaland til Stadt,
8,2013,24495,Nystølvågen,medikamentell,fôrbehandling,Teflubenzuron,,,,hele lokaliteten,1241,FUSA,12,Hordaland,60.05237,5.793417,3,Karmøy til Sotra,
8,2013,11677,Øyjordsvika,medikamentell,badebehandling,Azamethiphos,,,,deler av lokaliteten,1253,OSTERØY,12,Hordaland,60.537384,5.3434,4,Nordhordaland til Stadt,
8,2013,11677,Øyjordsvika,medikamentell,badebehandling,Deltamethrin,,,,deler av lokaliteten,1253,OSTERØY,12,Hordaland,60.537384,5.3434,4,Nordhordaland til Stadt,
8,2013,26575,Teigane,medikamentell,badebehandling,Deltamethrin,,,,hele lokaliteten,1134,SULDAL,11,Rogaland,59.520332,6.337233,2,Ryfylke,
8,2013,13644,Tepstad,medikamentell,badebehandling,Azamethiphos,,,,deler av lokaliteten,1253,OSTERØY,12,Hordaland,60.5526,5.3853,4,Nordhordaland til Stadt,
8,2013,13644,Tepstad,medikamentell,badebehandling,Azamethiphos,,,,deler av lokaliteten,1253,OSTERØY,12,Hordaland,60.5526,5.3853,4,Nordhordaland til Stadt,
8,2013,13644,Tepstad,medikamentell,badebehandling,Azamethiphos,,,,deler av lokaliteten,1253,OSTERØY,12,Hordaland,60.5526,5.3853,4,Nordhordaland til Stadt,
8,2013,13644,Tepstad,medikamentell,badebehandling,Azamethiphos,,,,deler av lokaliteten,1253,OSTERØY,12,Hordaland,60.5526,5.3853,4,Nordhordaland til Stadt,
8,2013,13644,Tepstad,medikamentell,badebehandling,Azamethiphos,,,,deler av lokaliteten,1253,OSTERØY,12,Hordaland,60.5526,5.3853,4,Nordhordaland til Stadt,
8,2013,13644,Tepstad,medikamentell,badebehandling,Deltamethrin,,,,deler av lokaliteten,1253,OSTERØY,12,Hordaland,60.5526,5.3853,4,Nordhordaland til Stadt,
8,2013,13644,Tepstad,medikamentell,badebehandling,Deltamethrin,,,,deler av lokaliteten,1253,OSTERØY,12,Hordaland,60.5526,5.3853,4,Nordhordaland til Stadt,
8,2013,13644,Tepstad,medikamentell,badebehandling,Deltamethrin,,,,deler av lokaliteten,1253,OSTERØY,12,Hordaland,60.5526,5.3853,4,Nordhordaland til Stadt,
8,2013,13644,Tepstad,medikamentell,badebehandling,Deltamethrin,,,,deler av lokaliteten,1253,OSTERØY,12,Hordaland,60.5526,5.3853,4,Nordhordaland til Stadt,
8,2013,13644,Tepstad,medikamentell,badebehandling,Deltamethrin,,,,deler av lokaliteten,1253,OSTERØY,12,Hordaland,60.5526,5.3853,4,Nordhordaland til Stadt,
7,2013,13563,Angelskår,medikamentell,badebehandling,Azamethiphos,,,,deler av lokaliteten,1253,OSTERØY,12,Hordaland,60.525784,5.357133,4,Nordhordaland til Stadt,
7,2013,13563,Angelskår,medikamentell,badebehandling,Azamethiphos,,,,deler av lokaliteten,1253,OSTERØY,12,Hordaland,60.525784,5.357133,4,Nordhordaland til Stadt,
7,2013,13563,Angelskår,medikamentell,badebehandling,Azamethiphos,,,,deler av lokaliteten,1253,OSTERØY,12,Hordaland,60.525784,5.357133,4,Nordhordaland til Stadt,
7,2013,13563,Angelskår,medikamentell,badebehandling,Azamethiphos,,,,deler av lokaliteten,1253,OSTERØY,12,Hordaland,60.525784,5.357133,4,Nordhordaland til Stadt,
7,2013,13563,Angelskår,medikamentell,badebehandling,Deltamethrin,,,,deler av lokaliteten,1253,OSTERØY,12,Hordaland,60.525784,5.357133,4,Nordhordaland til Stadt,
7,2013,13563,Angelskår,medikamentell,badebehandling,Deltamethrin,,,,deler av lokaliteten,1253,OSTERØY,12,Hordaland,60.525784,5.357133,4,Nordhordaland til Stadt,
7,2013,13563,Angelskår,medikamentell,badebehandling,Deltamethrin,,,,deler av lokaliteten,1253,OSTERØY,12,Hordaland,60.525784,5.357133,4,Nordhordaland til Stadt,
7,2013,13563,Angelskår,medikamentell,badebehandling,Deltamethrin,,,,deler av lokaliteten,1253,OSTERØY,12,Hordaland,60.525784,5.357133,4,Nordhordaland til Stadt,
7,2013,25055,Bekksneset,medikamentell,badebehandling,Deltamethrin,,,,deler av lokaliteten,1413,HYLLESTAD,14,Sogn og Fjordane,61.07662,5.38595,4,Nordhordaland til Stadt,
7,2013,25055,Bekksneset,ikke-medikamentell,,,,,,deler av lokaliteten,1413,HYLLESTAD,14,Sogn og Fjordane,61.07662,5.38595,4,Nordhordaland til Stadt,
7,2013,10045,Eidholmen,rensefisk,,,2221,Rognkjeks (felles),7500,hele lokaliteten,1244,AUSTEVOLL,12,Hordaland,60.08808,5.120633,3,Karmøy til Sotra,
7,2013,19336,Flatholmen,medikamentell,badebehandling,Deltamethrin,,,,hele lokaliteten,1106,HAUGESUND,11,Rogaland,59.4293,5.114483,3,Karmøy til Sotra,
7,2013,25895,Flornes,medikamentell,badebehandling,Deltamethrin,,,,hele lokaliteten,1223,TYSNES,12,Hordaland,59.892982,5.665817,3,Karmøy til Sotra,
7,2013,11365,Gjervika,medikamentell,badebehandling,Deltamethrin,,,,deler av lokaliteten,1927,TRANØY,19,Troms,69.050316,16.887266,10,Andøya til Senja,
7,2013,10318,Gulestø,medikamentell,badebehandling,Deltamethrin,,,,deler av lokaliteten,1438,BREMANGER,14,Sogn og Fjordane,61.75802,5.069883,4,Nordhordaland til Stadt,
7,2013,12011,Håøya Nø,medikamentell,badebehandling,Deltamethrin,,,,hele lokaliteten,1146,TYSVÆR,11,Rogaland,59.290417,5.6765,2,Ryfylke,
7,2013,13567,"Knappen,Solheim",medikamentell,badebehandling,Cypermethrin,,,,hele lokaliteten,1266,MASFJORDEN,12,Hordaland,60.885334,5.4616,4,Nordhordaland til Stadt,
7,2013,11677,Øyjordsvika,medikamentell,badebehandling,Azamethiphos,,,,deler av lokaliteten,1253,OSTERØY,12,Hordaland,60.537384,5.3434,4,Nordhordaland til Stadt,
7,2013,11677,Øyjordsvika,medikamentell,badebehandling,Azamethiphos,,,,deler av lokaliteten,1253,OSTERØY,12,Hordaland,60.537384,5.3434,4,Nordhordaland til Stadt,
7,2013,11677,Øyjordsvika,medikamentell,badebehandling,Deltamethrin,,,,deler av lokaliteten,1253,OSTERØY,12,Hordaland,60.537384,5.3434,4,Nordhordaland til Stadt,
7,2013,11677,Øyjordsvika,medikamentell,badebehandling,Deltamethrin,,,,deler av lokaliteten,1253,OSTERØY,12,Hordaland,60.537384,5.3434,4,Nordhordaland til Stadt,
7,2013,18657,Skredstivik,ikke-medikamentell,,,,,,hele lokaliteten,1413,HYLLESTAD,14,Sogn og Fjordane,61.1567,5.133983,4,Nordhordaland til Stadt,
7,2013,12154,Smørdalen,medikamentell,badebehandling,Deltamethrin,,,,hele lokaliteten,1266,MASFJORDEN,12,Hordaland,60.8675,5.55215,4,Nordhordaland til Stadt,
7,2013,12154,Smørdalen,medikamentell,badebehandling,Deltamethrin,,,,hele lokaliteten,1266,MASFJORDEN,12,Hordaland,60.8675,5.55215,4,Nordhordaland til Stadt,
6,2013,13563,Angelskår,medikamentell,badebehandling,Azamethiphos,,,,deler av lokaliteten,1253,OSTERØY,12,Hordaland,60.525784,5.357133,4,Nordhordaland til Stadt,
6,2013,13563,Angelskår,medikamentell,badebehandling,Deltamethrin,,,,deler av lokaliteten,1253,OSTERØY,12,Hordaland,60.525784,5.357133,4,Nordhordaland til Stadt,
6,2013,11930,Bjelkavik,medikamentell,badebehandling,Azamethiphos,,,,hele lokaliteten,1134,SULDAL,11,Rogaland,59.44718,5.986017,2,Ryfylke,
6,2013,10045,Eidholmen,rensefisk,,,2221,Rognkjeks (felles),7500,hele lokaliteten,1244,AUSTEVOLL,12,Hordaland,60.08808,5.120633,3,Karmøy til Sotra,
6,2013,31157,Fiksneset,medikamentell,fôrbehandling,Teflubenzuron,,,,hele lokaliteten,1245,SUND,12,Hordaland,60.176884,5.124833,3,Karmøy til Sotra,
6,2013,11198,Geiterøya I,medikamentell,badebehandling,Deltamethrin,,,,hele lokaliteten,1860,VESTVÅGØY,18,Nordland,68.09026,13.735617,9,Vestfjorden og Vesterålen,
6,2013,31717,Gjerset Vest,medikamentell,badebehandling,Deltamethrin,,,,deler av lokaliteten,1534,HARAM,15,Møre og Romsdal,62.5305,6.428583,5,Stadt til Hustadvika,
6,2013,31717,Gjerset Vest,medikamentell,badebehandling,Deltamethrin,,,,deler av lokaliteten,1534,HARAM,15,Møre og Romsdal,62.5305,6.428583,5,Stadt til Hustadvika,
6,2013,12896,Hegerbergtrøa,medikamentell,badebehandling,Annet virkestoff,,,,deler av lokaliteten,1560,TINGVOLL,15,Møre og Romsdal,62.883934,8.149917,6,Nordmøre og Sør-Trøndelag,
6,2013,12896,Hegerbergtrøa,medikamentell,badebehandling,Annet virkestoff,,,,deler av lokaliteten,1560,TINGVOLL,15,Møre og Romsdal,62.883934,8.149917,6,Nordmøre og Sør-Trøndelag,
6,2013,12896,Hegerbergtrøa,medikamentell,badebehandling,Annet virkestoff,,,,deler av lokaliteten,1560,TINGVOLL,15,Møre og Romsdal,62.883934,8.149917,6,Nordmøre og Sør-Trøndelag,
6,2013,12896,Hegerbergtrøa,medikamentell,badebehandling,Annet virkestoff,,,,deler av lokaliteten,1560,TINGVOLL,15,Møre og Romsdal,62.883934,8.149917,6,Nordmøre og Sør-Trøndelag,
6,2013,12896,Hegerbergtrøa,medikamentell,badebehandling,Annet virkestoff,,,,deler av lokaliteten,1560,TINGVOLL,15,Møre og Romsdal,62.883934,8.149917,6,Nordmøre og Sør-Trøndelag,
6,2013,12896,Hegerbergtrøa,medikamentell,badebehandling,Annet virkestoff,,,,deler av lokaliteten,1560,TINGVOLL,15,Møre og Romsdal,62.883934,8.149917,6,Nordmøre og Sør-Trøndelag,
6,2013,12036,Hisdalen,medikamentell,badebehandling,Azamethiphos,,,,hele lokaliteten,1224,KVINNHERAD,12,Hordaland,60.12602,5.931333,3,Karmøy til Sotra,
6,2013,32417,Hjartholmosen,medikamentell,fôrbehandling,Teflubenzuron,,,,deler av lokaliteten,1244,AUSTEVOLL,12,Hordaland,60.00458,5.227917,3,Karmøy til Sotra,
6,2013,12890,Høybuvika,medikamentell,badebehandling,Deltamethrin,,,,hele lokaliteten,1557,GJEMNES,15,Møre og Romsdal,62.9563,8.049217,6,Nordmøre og Sør-Trøndelag,
6,2013,12260,Juvika,medikamentell,badebehandling,Azamethiphos,,,,hele lokaliteten,1545,MIDSUND,15,Møre og Romsdal,62.66345,6.696519,5,Stadt til Hustadvika,
6,2013,13242,Juvika B,ikke-medikamentell,,,,,,hele lokaliteten,1438,BREMANGER,14,Sogn og Fjordane,61.895683,5.6331,4,Nordhordaland til Stadt,
6,2013,10409,Kjelneset,medikamentell,badebehandling,Hydrogenperoksid,,,,deler av lokaliteten,1748,FOSNES,17,Nord-Trøndelag,64.64395,11.388328,7,Nord-Trøndelag med Bindal,
6,2013,11652,Kjeppevikholmen,medikamentell,badebehandling,Azamethiphos,,,,hele lokaliteten,1256,MELAND,12,Hordaland,60.5428,5.035883,4,Nordhordaland til Stadt,
6,2013,11652,Kjeppevikholmen,medikamentell,badebehandling,Azamethiphos,,,,hele lokaliteten,1256,MELAND,12,Hordaland,60.5428,5.035883,4,Nordhordaland til Stadt,
6,2013,19195,Korsholman,medikamentell,badebehandling,Azamethiphos,,,,hele lokaliteten,1617,HITRA,16,Sør-Trøndelag,63.597218,8.51575,6,Nordmøre og Sør-Trøndelag,
6,2013,19195,Korsholman,medikamentell,badebehandling,Deltamethrin,,,,hele lokaliteten,1617,HITRA,16,Sør-Trøndelag,63.597218,8.51575,6,Nordmøre og Sør-Trøndelag,
6,2013,13831,Kvamme,medikamentell,badebehandling,Azamethiphos,,,,deler av lokaliteten,1253,OSTERØY,12,Hordaland,60.518333,5.3811,4,Nordhordaland til Stadt,
6,2013,13831,Kvamme,medikamentell,badebehandling,Azamethiphos,,,,deler av lokaliteten,1253,OSTERØY,12,Hordaland,60.518333,5.3811,4,Nordhordaland til Stadt,
6,2013,13831,Kvamme,medikamentell,badebehandling,Azamethiphos,,,,deler av lokaliteten,1253,OSTERØY,12,Hordaland,60.518333,5.3811,4,Nordhordaland til Stadt,
6,2013,13831,Kvamme,medikamentell,badebehandling,Deltamethrin,,,,deler av lokaliteten,1253,OSTERØY,12,Hordaland,60.518333,5.3811,4,Nordhordaland til Stadt,
6,2013,13831,Kvamme,medikamentell,badebehandling,Deltamethrin,,,,deler av lokaliteten,1253,OSTERØY,12,Hordaland,60.518333,5.3811,4,Nordhordaland til Stadt,
6,2013,13831,Kvamme,medikamentell,badebehandling,Deltamethrin,,,,deler av lokaliteten,1253,OSTERØY,12,Hordaland,60.518333,5.3811,4,Nordhordaland til Stadt,
6,2013,11714,Kvernhusvika,medikamentell,badebehandling,Annet virkestoff,,,,hele lokaliteten,1412,SOLUND,14,Sogn og Fjordane,61.0678,4.94225,4,Nordhordaland til Stadt,
6,2013,10080,Laksevika,medikamentell,badebehandling,Azamethiphos,,,,hele lokaliteten,1256,MELAND,12,Hordaland,60.53015,5.11575,4,Nordhordaland til Stadt,
6,2013,10080,Laksevika,medikamentell,badebehandling,Azamethiphos,,,,hele lokaliteten,1256,MELAND,12,Hordaland,60.53015,5.11575,4,Nordhordaland til Stadt,
6,2013,11928,Langavika,medikamentell,fôrbehandling,Teflubenzuron,,,,deler av lokaliteten,1133,HJELMELAND,11,Rogaland,59.232067,6.008317,2,Ryfylke,
6,2013,14076,Lismåsøy,medikamentell,badebehandling,Azamethiphos,,,,hele lokaliteten,1813,BRØNNØY,18,Nordland,65.49343,12.168867,8,Helgeland til Bodø,
6,2013,14076,Lismåsøy,medikamentell,badebehandling,Azamethiphos,,,,hele lokaliteten,1813,BRØNNØY,18,Nordland,65.49343,12.168867,8,Helgeland til Bodø,
6,2013,14076,Lismåsøy,medikamentell,badebehandling,Azamethiphos,,,,hele lokaliteten,1813,BRØNNØY,18,Nordland,65.49343,12.168867,8,Helgeland til Bodø,
6,2013,14076,Lismåsøy,medikamentell,badebehandling,Azamethiphos,,,,hele lokaliteten,1813,BRØNNØY,18,Nordland,65.49343,12.168867,8,Helgeland til Bodø,
6,2013,14076,Lismåsøy,medikamentell,badebehandling,Azamethiphos,,,,hele lokaliteten,1813,BRØNNØY,18,Nordland,65.49343,12.168867,8,Helgeland til Bodø,
6,2013,14076,Lismåsøy,medikamentell,badebehandling,Azamethiphos,,,,hele lokaliteten,1813,BRØNNØY,18,Nordland,65.49343,12.168867,8,Helgeland til Bodø,
6,2013,14076,Lismåsøy,medikamentell,badebehandling,Azamethiphos,,,,hele lokaliteten,1813,BRØNNØY,18,Nordland,65.49343,12.168867,8,Helgeland til Bodø,
6,2013,14076,Lismåsøy,medikamentell,badebehandling,Deltamethrin,,,,hele lokaliteten,1813,BRØNNØY,18,Nordland,65.49343,12.168867,8,Helgeland til Bodø,
6,2013,14076,Lismåsøy,medikamentell,badebehandling,Deltamethrin,,,,hele lokaliteten,1813,BRØNNØY,18,Nordland,65.49343,12.168867,8,Helgeland til Bodø,
6,2013,14076,Lismåsøy,medikamentell,badebehandling,Deltamethrin,,,,hele lokaliteten,1813,BRØNNØY,18,Nordland,65.49343,12.168867,8,Helgeland til Bodø,
6,2013,14076,Lismåsøy,medikamentell,badebehandling,Deltamethrin,,,,hele lokaliteten,1813,BRØNNØY,18,Nordland,65.49343,12.168867,8,Helgeland til Bodø,
6,2013,14076,Lismåsøy,medikamentell,badebehandling,Deltamethrin,,,,hele lokaliteten,1813,BRØNNØY,18,Nordland,65.49343,12.168867,8,Helgeland til Bodø,
6,2013,14076,Lismåsøy,medikamentell,badebehandling,Deltamethrin,,,,hele lokaliteten,1813,BRØNNØY,18,Nordland,65.49343,12.168867,8,Helgeland til Bodø,
6,2013,14076,Lismåsøy,medikamentell,badebehandling,Deltamethrin,,,,hele lokaliteten,1813,BRØNNØY,18,Nordland,65.49343,12.168867,8,Helgeland til Bodø,
6,2013,10213,Naustneset,medikamentell,badebehandling,Deltamethrin,,,,hele lokaliteten,1557,GJEMNES,15,Møre og Romsdal,62.943184,8.069945,6,Nordmøre og Sør-Trøndelag,
6,2013,24937,Nebbo,medikamentell,badebehandling,Azamethiphos,,,,deler av lokaliteten,1224,KVINNHERAD,12,Hordaland,59.87075,5.725017,3,Karmøy til Sotra,
6,2013,19655,Ospeneset,medikamentell,badebehandling,Azamethiphos,,,,hele lokaliteten,1263,LINDÅS,12,Hordaland,60.74523,5.270067,4,Nordhordaland til Stadt,
6,2013,13296,Sandnes Ø,medikamentell,badebehandling,Azamethiphos,,,,hele lokaliteten,1866,HADSEL,18,Nordland,68.582535,14.941883,9,Vestfjorden og Vesterålen,
6,2013,13296,Sandnes Ø,medikamentell,badebehandling,Cypermethrin,,,,hele lokaliteten,1866,HADSEL,18,Nordland,68.582535,14.941883,9,Vestfjorden og Vesterålen,
6,2013,30757,Skog,medikamentell,badebehandling,Deltamethrin,,,,hele lokaliteten,1931,LENVIK,19,Troms,69.474335,17.878683,10,Andøya til Senja,
6,2013,28096,Slåttenes,medikamentell,badebehandling,Azamethiphos,,,,hele lokaliteten,1224,KVINNHERAD,12,Hordaland,59.83222,5.984267,3,Karmøy til Sotra,
6,2013,28096,Slåttenes,medikamentell,badebehandling,Deltamethrin,,,,hele lokaliteten,1224,KVINNHERAD,12,Hordaland,59.83222,5.984267,3,Karmøy til Sotra,
6,2013,12154,Smørdalen,medikamentell,badebehandling,Deltamethrin,,,,hele lokaliteten,1266,MASFJORDEN,12,Hordaland,60.8675,5.55215,4,Nordhordaland til Stadt,
6,2013,12154,Smørdalen,medikamentell,badebehandling,Deltamethrin,,,,hele lokaliteten,1266,MASFJORDEN,12,Hordaland,60.8675,5.55215,4,Nordhordaland til Stadt,
6,2013,10545,Sylsnes,medikamentell,badebehandling,Azamethiphos,,,,deler av lokaliteten,1928,TORSKEN,19,Troms,69.335266,17.076218,10,Andøya til Senja,
6,2013,10091,Vågsøya,medikamentell,badebehandling,Cypermethrin,,,,deler av lokaliteten,1401,FLORA,14,Sogn og Fjordane,61.489735,5.023517,4,Nordhordaland til Stadt,
5,2013,15796,Borgarliflot,medikamentell,badebehandling,Azamethiphos,,,,hele lokaliteten,1134,SULDAL,11,Rogaland,59.388035,5.929283,2,Ryfylke,
5,2013,12040,Brandaskuta,medikamentell,fôrbehandling,Diflubenzuron,,,,hele lokaliteten,1224,KVINNHERAD,12,Hordaland,59.977615,5.912417,3,Karmøy til Sotra,
5,2013,11488,Brattavika,medikamentell,badebehandling,Deltamethrin,,,,deler av lokaliteten,1244,AUSTEVOLL,12,Hordaland,60.045433,5.301117,3,Karmøy til Sotra,
5,2013,10045,Eidholmen,rensefisk,,,2221,Rognkjeks (felles),7500,hele lokaliteten,1244,AUSTEVOLL,12,Hordaland,60.08808,5.120633,3,Karmøy til Sotra,
5,2013,13870,Eikebærånæ,medikamentell,fôrbehandling,Diflubenzuron,,,,hele lokaliteten,1263,LINDÅS,12,Hordaland,60.563435,5.353017,4,Nordhordaland til Stadt,
5,2013,31157,Fiksneset,medikamentell,fôrbehandling,Teflubenzuron,,,,hele lokaliteten,1245,SUND,12,Hordaland,60.176884,5.124833,3,Karmøy til Sotra,
5,2013,11433,Finnvika Sør,medikamentell,badebehandling,Deltamethrin,,,,hele lokaliteten,1931,LENVIK,19,Troms,69.500565,17.919018,10,Andøya til Senja,
5,2013,13503,Heggvika,rensefisk,,,2221,Rognkjeks (felles),10400,deler av lokaliteten,1617,HITRA,16,Sør-Trøndelag,63.6106,9.050733,6,Nordmøre og Sør-Trøndelag,
5,2013,11920,Herøy,medikamentell,badebehandling,Azamethiphos,,,,hele lokaliteten,1160,VINDAFJORD,11,Rogaland,59.4664,6.0262,2,Ryfylke,
5,2013,11920,Herøy,ikke-medikamentell,,,,,,hele lokaliteten,1160,VINDAFJORD,11,Rogaland,59.4664,6.0262,2,Ryfylke,
5,2013,32417,Hjartholmosen,medikamentell,fôrbehandling,Teflubenzuron,,,,hele lokaliteten,1244,AUSTEVOLL,12,Hordaland,60.00458,5.227917,3,Karmøy til Sotra,
5,2013,11652,Kjeppevikholmen,medikamentell,badebehandling,Azamethiphos,,,,hele lokaliteten,1256,MELAND,12,Hordaland,60.5428,5.035883,4,Nordhordaland til Stadt,
5,2013,12652,Kråkøya,medikamentell,fôrbehandling,Diflubenzuron,,,,hele lokaliteten,1750,VIKNA,17,Nord-Trøndelag,65.004295,11.039782,7,Nord-Trøndelag med Bindal,
5,2013,10080,Laksevika,medikamentell,badebehandling,Azamethiphos,,,,hele lokaliteten,1256,MELAND,12,Hordaland,60.53015,5.11575,4,Nordhordaland til Stadt,
5,2013,11928,Langavika,medikamentell,fôrbehandling,Teflubenzuron,,,,hele lokaliteten,1133,HJELMELAND,11,Rogaland,59.232067,6.008317,2,Ryfylke,
5,2013,14076,Lismåsøy,medikamentell,badebehandling,Azamethiphos,,,,deler av lokaliteten,1813,BRØNNØY,18,Nordland,65.49343,12.168867,8,Helgeland til Bodø,
5,2013,14076,Lismåsøy,medikamentell,badebehandling,Azamethiphos,,,,deler av lokaliteten,1813,BRØNNØY,18,Nordland,65.49343,12.168867,8,Helgeland til Bodø,
5,2013,14076,Lismåsøy,medikamentell,badebehandling,Deltamethrin,,,,deler av lokaliteten,1813,BRØNNØY,18,Nordland,65.49343,12.168867,8,Helgeland til Bodø,
5,2013,14076,Lismåsøy,medikamentell,badebehandling,Deltamethrin,,,,deler av lokaliteten,1813,BRØNNØY,18,Nordland,65.49343,12.168867,8,Helgeland til Bodø,
5,2013,24937,Nebbo,medikamentell,badebehandling,Annet virkestoff,,,,deler av lokaliteten,1224,KVINNHERAD,12,Hordaland,59.87075,5.725017,3,Karmøy til Sotra,
5,2013,24937,Nebbo,medikamentell,badebehandling,Annet virkestoff,,,,deler av lokaliteten,1224,KVINNHERAD,12,Hordaland,59.87075,5.725017,3,Karmøy til Sotra,
5,2013,27055,Oddane,medikamentell,fôrbehandling,Diflubenzuron,,,,deler av lokaliteten,1401,FLORA,14,Sogn og Fjordane,61.541485,4.96955,4,Nordhordaland til Stadt,
5,2013,30518,Ørnfjordbotn,medikamentell,badebehandling,Deltamethrin,,,,hele lokaliteten,1931,LENVIK,19,Troms,69.49147,17.673067,10,Andøya til Senja,
5,2013,13296,Sandnes Ø,medikamentell,badebehandling,Azamethiphos,,,,hele lokaliteten,1866,HADSEL,18,Nordland,68.582535,14.941883,9,Vestfjorden og Vesterålen,
5,2013,13296,Sandnes Ø,medikamentell,badebehandling,Cypermethrin,,,,hele lokaliteten,1866,HADSEL,18,Nordland,68.582535,14.941883,9,Vestfjorden og Vesterålen,
5,2013,12892,Sjølsvik,medikamentell,badebehandling,Deltamethrin,,,,hele lokaliteten,1557,GJEMNES,15,Møre og Romsdal,62.9066,8.11095,6,Nordmøre og Sør-Trøndelag,
5,2013,30757,Skog,medikamentell,badebehandling,Deltamethrin,,,,hele lokaliteten,1931,LENVIK,19,Troms,69.474335,17.878683,10,Andøya til Senja,
5,2013,11776,Sveholmane,medikamentell,badebehandling,Deltamethrin,,,,hele lokaliteten,1401,FLORA,14,Sogn og Fjordane,61.557716,5.215333,4,Nordhordaland til Stadt,
5,2013,10545,Sylsnes,medikamentell,badebehandling,Azamethiphos,,,,deler av lokaliteten,1928,TORSKEN,19,Troms,69.335266,17.076218,10,Andøya til Senja,
5,2013,14081,Tveit,medikamentell,badebehandling,Deltamethrin,,,,deler av lokaliteten,1413,HYLLESTAD,14,Sogn og Fjordane,61.110085,5.340483,4,Nordhordaland til Stadt,
5,2013,10504,Vedvika,medikamentell,badebehandling,Azamethiphos,,,,hele lokaliteten,1867,BØ I NORDLAND,18,Nordland,68.77659,14.613858,9,Vestfjorden og Vesterålen,
5,2013,10504,Vedvika,medikamentell,badebehandling,Cypermethrin,,,,hele lokaliteten,1867,BØ I NORDLAND,18,Nordland,68.77659,14.613858,9,Vestfjorden og Vesterålen,
4,2013,15196,Aga Ø,medikamentell,badebehandling,Deltamethrin,,,,hele lokaliteten,1219,BØMLO,12,Hordaland,59.8451,5.261367,3,Karmøy til Sotra,
4,2013,12086,Alsåkervik,medikamentell,badebehandling,Azamethiphos,,,,deler av lokaliteten,1224,KVINNHERAD,12,Hordaland,59.7601,6.074183,3,Karmøy til Sotra,
4,2013,10319,Ålvora,medikamentell,badebehandling,Azamethiphos,,,,hele lokaliteten,1401,FLORA,14,Sogn og Fjordane,61.584034,5.133633,4,Nordhordaland til Stadt,
4,2013,29816,Apalvikneset,medikamentell,badebehandling,Azamethiphos,,,,hele lokaliteten,1224,KVINNHERAD,12,Hordaland,60.145584,6.120467,3,Karmøy til Sotra,
4,2013,11800,Austneståa,medikamentell,badebehandling,Cypermethrin,,,,deler av lokaliteten,1401,FLORA,14,Sogn og Fjordane,61.49072,5.169133,4,Nordhordaland til Stadt,
4,2013,11800,Austneståa,ikke-medikamentell,,,,,,deler av lokaliteten,1401,FLORA,14,Sogn og Fjordane,61.49072,5.169133,4,Nordhordaland til Stadt,
4,2013,27556,Beøya,medikamentell,badebehandling,Azamethiphos,,,,hele lokaliteten,1617,HITRA,16,Sør-Trøndelag,63.663666,8.847783,6,Nordmøre og Sør-Trøndelag,
4,2013,27556,Beøya,medikamentell,badebehandling,Deltamethrin,,,,hele lokaliteten,1617,HITRA,16,Sør-Trøndelag,63.663666,8.847783,6,Nordmøre og Sør-Trøndelag,
4,2013,11241,Bergvikodden,medikamentell,badebehandling,Azamethiphos,,,,hele lokaliteten,1866,HADSEL,18,Nordland,68.57475,14.850883,9,Vestfjorden og Vesterålen,
4,2013,11241,Bergvikodden,medikamentell,badebehandling,Cypermethrin,,,,hele lokaliteten,1866,HADSEL,18,Nordland,68.57475,14.850883,9,Vestfjorden og Vesterålen,
4,2013,10964,Blokkholmen,medikamentell,badebehandling,Annet virkestoff,,,,hele lokaliteten,1834,LURØY,18,Nordland,66.37265,12.553267,8,Helgeland til Bodø,
4,2013,10964,Blokkholmen,medikamentell,badebehandling,Deltamethrin,,,,hele lokaliteten,1834,LURØY,18,Nordland,66.37265,12.553267,8,Helgeland til Bodø,
4,2013,12040,Brandaskuta,medikamentell,fôrbehandling,Diflubenzuron,,,,hele lokaliteten,1224,KVINNHERAD,12,Hordaland,59.977615,5.912417,3,Karmøy til Sotra,
4,2013,11488,Brattavika,medikamentell,badebehandling,Deltamethrin,,,,deler av lokaliteten,1244,AUSTEVOLL,12,Hordaland,60.045433,5.301117,3,Karmøy til Sotra,
4,2013,11574,Breivik S,medikamentell,badebehandling,Deltamethrin,,,,hele lokaliteten,1219,BØMLO,12,Hordaland,59.671185,5.31215,3,Karmøy til Sotra,
4,2013,10045,Eidholmen,rensefisk,,,2221,Rognkjeks (felles),7500,hele lokaliteten,1244,AUSTEVOLL,12,Hordaland,60.08808,5.120633,3,Karmøy til Sotra,
4,2013,13870,Eikebærånæ,medikamentell,fôrbehandling,Diflubenzuron,,,,hele lokaliteten,1263,LINDÅS,12,Hordaland,60.563435,5.353017,4,Nordhordaland til Stadt,
4,2013,13870,Eikebærånæ,medikamentell,fôrbehandling,Diflubenzuron,,,,hele lokaliteten,1263,LINDÅS,12,Hordaland,60.563435,5.353017,4,Nordhordaland til Stadt,
4,2013,13870,Eikebærånæ,medikamentell,fôrbehandling,Diflubenzuron,,,,hele lokaliteten,1263,LINDÅS,12,Hordaland,60.563435,5.353017,4,Nordhordaland til Stadt,
4,2013,24575,Farmannsøya,medikamentell,badebehandling,Deltamethrin,,,,deler av lokaliteten,1632,ROAN,16,Sør-Trøndelag,64.1862,10.12517,6,Nordmøre og Sør-Trøndelag,
4,2013,24575,Farmannsøya,medikamentell,badebehandling,Deltamethrin,,,,deler av lokaliteten,1632,ROAN,16,Sør-Trøndelag,64.1862,10.12517,6,Nordmøre og Sør-Trøndelag,
4,2013,24575,Farmannsøya,medikamentell,badebehandling,Deltamethrin,,,,deler av lokaliteten,1632,ROAN,16,Sør-Trøndelag,64.1862,10.12517,6,Nordmøre og Sør-Trøndelag,
4,2013,31157,Fiksneset,medikamentell,fôrbehandling,Teflubenzuron,,,,hele lokaliteten,1245,SUND,12,Hordaland,60.176884,5.124833,3,Karmøy til Sotra,
4,2013,31157,Fiksneset,medikamentell,fôrbehandling,Teflubenzuron,,,,hele lokaliteten,1245,SUND,12,Hordaland,60.176884,5.124833,3,Karmøy til Sotra,
4,2013,31157,Fiksneset,medikamentell,fôrbehandling,Teflubenzuron,,,,hele lokaliteten,1245,SUND,12,Hordaland,60.176884,5.124833,3,Karmøy til Sotra,
4,2013,12723,Gullholmen,medikamentell,badebehandling,Azamethiphos,,,,hele lokaliteten,1751,NÆRØY,17,Nord-Trøndelag,65.01716,11.724247,7,Nord-Trøndelag med Bindal,
4,2013,12723,Gullholmen,medikamentell,badebehandling,Deltamethrin,,,,hele lokaliteten,1751,NÆRØY,17,Nord-Trøndelag,65.01716,11.724247,7,Nord-Trøndelag med Bindal,
4,2013,12590,Helligholmen,medikamentell,badebehandling,Azamethiphos,,,,deler av lokaliteten,1750,VIKNA,17,Nord-Trøndelag,64.83839,10.665517,7,Nord-Trøndelag med Bindal,
4,2013,12590,Helligholmen,medikamentell,badebehandling,Azamethiphos,,,,deler av lokaliteten,1750,VIKNA,17,Nord-Trøndelag,64.83839,10.665517,7,Nord-Trøndelag med Bindal,
4,2013,12590,Helligholmen,medikamentell,badebehandling,Deltamethrin,,,,deler av lokaliteten,1750,VIKNA,17,Nord-Trøndelag,64.83839,10.665517,7,Nord-Trøndelag med Bindal,
4,2013,12590,Helligholmen,medikamentell,badebehandling,Deltamethrin,,,,deler av lokaliteten,1750,VIKNA,17,Nord-Trøndelag,64.83839,10.665517,7,Nord-Trøndelag med Bindal,
4,2013,10291,Hiskholmen,medikamentell,fôrbehandling,Annet virkestoff,,,,hele lokaliteten,1219,BØMLO,12,Hordaland,59.72663,5.145617,3,Karmøy til Sotra,
4,2013,32417,Hjartholmosen,medikamentell,fôrbehandling,Teflubenzuron,,,,hele lokaliteten,1244,AUSTEVOLL,12,Hordaland,60.00458,5.227917,3,Karmøy til Sotra,
4,2013,11571,Holevik,medikamentell,badebehandling,Deltamethrin,,,,deler av lokaliteten,1219,BØMLO,12,Hordaland,59.776585,5.321817,3,Karmøy til Sotra,
4,2013,19939,Høysteinen,medikamentell,badebehandling,Deltamethrin,,,,deler av lokaliteten,1224,KVINNHERAD,12,Hordaland,60.15665,6.048633,3,Karmøy til Sotra,
4,2013,14245,Jakobsteinsvika,medikamentell,fôrbehandling,Teflubenzuron,,,,hele lokaliteten,1755,LEKA,17,Nord-Trøndelag,65.11352,11.7929,7,Nord-Trøndelag med Bindal,
4,2013,13567,"Knappen,Solheim",medikamentell,fôrbehandling,Teflubenzuron,,,,hele lokaliteten,1266,MASFJORDEN,12,Hordaland,60.885334,5.4616,4,Nordhordaland til Stadt,
4,2013,13567,"Knappen,Solheim",medikamentell,fôrbehandling,Teflubenzuron,,,,hele lokaliteten,1266,MASFJORDEN,12,Hordaland,60.885334,5.4616,4,Nordhordaland til Stadt,
4,2013,13567,"Knappen,Solheim",medikamentell,fôrbehandling,Teflubenzuron,,,,hele lokaliteten,1266,MASFJORDEN,12,Hordaland,60.885334,5.4616,4,Nordhordaland til Stadt,
4,2013,13567,"Knappen,Solheim",medikamentell,fôrbehandling,Teflubenzuron,,,,hele lokaliteten,1266,MASFJORDEN,12,Hordaland,60.885334,5.4616,4,Nordhordaland til Stadt,
4,2013,12652,Kråkøya,medikamentell,fôrbehandling,Diflubenzuron,,,,hele lokaliteten,1750,VIKNA,17,Nord-Trøndelag,65.004295,11.039782,7,Nord-Trøndelag med Bindal,
4,2013,10898,Lamholmen,medikamentell,badebehandling,Hydrogenperoksid,,,,deler av lokaliteten,1813,BRØNNØY,18,Nordland,65.47093,12.1338,8,Helgeland til Bodø,
4,2013,11928,Langavika,medikamentell,fôrbehandling,Teflubenzuron,,,,hele lokaliteten,1133,HJELMELAND,11,Rogaland,59.232067,6.008317,2,Ryfylke,
4,2013,11116,Langholmen,medikamentell,badebehandling,Azamethiphos,,,,deler av lokaliteten,1838,GILDESKÅL,18,Nordland,67.05762,14.025033,8,Helgeland til Bodø,
4,2013,11116,Langholmen,medikamentell,badebehandling,Deltamethrin,,,,deler av lokaliteten,1838,GILDESKÅL,18,Nordland,67.05762,14.025033,8,Helgeland til Bodø,
4,2013,10137,Matland,medikamentell,badebehandling,Annet virkestoff,,,,hele lokaliteten,1241,FUSA,12,Hordaland,60.264084,5.6591,3,Karmøy til Sotra,
4,2013,10513,Nedre Kvarv,medikamentell,badebehandling,Deltamethrin,,,,hele lokaliteten,1845,SØRFOLD,18,Nordland,67.45849,15.511583,9,Vestfjorden og Vesterålen,
4,2013,12383,Omsøyholman,medikamentell,badebehandling,Azamethiphos,,,,hele lokaliteten,1617,HITRA,16,Sør-Trøndelag,63.63162,8.574817,6,Nordmøre og Sør-Trøndelag,
4,2013,12383,Omsøyholman,medikamentell,badebehandling,Azamethiphos,,,,hele lokaliteten,1617,HITRA,16,Sør-Trøndelag,63.63162,8.574817,6,Nordmøre og Sør-Trøndelag,
4,2013,12383,Omsøyholman,medikamentell,badebehandling,Azamethiphos,,,,hele lokaliteten,1617,HITRA,16,Sør-Trøndelag,63.63162,8.574817,6,Nordmøre og Sør-Trøndelag,
4,2013,12383,Omsøyholman,medikamentell,badebehandling,Azamethiphos,,,,hele lokaliteten,1617,HITRA,16,Sør-Trøndelag,63.63162,8.574817,6,Nordmøre og Sør-Trøndelag,
4,2013,12383,Omsøyholman,medikamentell,badebehandling,Azamethiphos,,,,hele lokaliteten,1617,HITRA,16,Sør-Trøndelag,63.63162,8.574817,6,Nordmøre og Sør-Trøndelag,
4,2013,12383,Omsøyholman,medikamentell,badebehandling,Deltamethrin,,,,hele lokaliteten,1617,HITRA,16,Sør-Trøndelag,63.63162,8.574817,6,Nordmøre og Sør-Trøndelag,
4,2013,12383,Omsøyholman,medikamentell,badebehandling,Deltamethrin,,,,hele lokaliteten,1617,HITRA,16,Sør-Trøndelag,63.63162,8.574817,6,Nordmøre og Sør-Trøndelag,
4,2013,12383,Omsøyholman,medikamentell,badebehandling,Deltamethrin,,,,hele lokaliteten,1617,HITRA,16,Sør-Trøndelag,63.63162,8.574817,6,Nordmøre og Sør-Trøndelag,
4,2013,12383,Omsøyholman,medikamentell,badebehandling,Deltamethrin,,,,hele lokaliteten,1617,HITRA,16,Sør-Trøndelag,63.63162,8.574817,6,Nordmøre og Sør-Trøndelag,
4,2013,12383,Omsøyholman,medikamentell,badebehandling,Deltamethrin,,,,hele lokaliteten,1617,HITRA,16,Sør-Trøndelag,63.63162,8.574817,6,Nordmøre og Sør-Trøndelag,
4,2013,10327,Skiftesneset S,medikamentell,badebehandling,Deltamethrin,,,,hele lokaliteten,1241,FUSA,12,Hordaland,60.066666,5.7434,3,Karmøy til Sotra,
4,2013,20115,Skjerholmen N.,medikamentell,badebehandling,Cypermethrin,,,,deler av lokaliteten,1245,SUND,12,Hordaland,60.2496,5.174017,3,Karmøy til Sotra,
4,2013,20115,Skjerholmen N.,medikamentell,badebehandling,Cypermethrin,,,,deler av lokaliteten,1245,SUND,12,Hordaland,60.2496,5.174017,3,Karmøy til Sotra,
4,2013,20115,Skjerholmen N.,medikamentell,badebehandling,Cypermethrin,,,,deler av lokaliteten,1245,SUND,12,Hordaland,60.2496,5.174017,3,Karmøy til Sotra,
4,2013,11486,Stokkavik,medikamentell,badebehandling,Deltamethrin,,,,hele lokaliteten,1219,BØMLO,12,Hordaland,59.7604,5.341183,3,Karmøy til Sotra,
4,2013,11649,Stolane,medikamentell,badebehandling,Deltamethrin,,,,deler av lokaliteten,1260,RADØY,12,Hordaland,60.605118,5.1257,4,Nordhordaland til Stadt,
4,2013,32717,Tranøya N,medikamentell,badebehandling,Azamethiphos,,,,hele lokaliteten,1627,BJUGN,16,Sør-Trøndelag,63.872032,9.769783,6,Nordmøre og Sør-Trøndelag,
4,2013,32717,Tranøya N,medikamentell,badebehandling,Deltamethrin,,,,hele lokaliteten,1627,BJUGN,16,Sør-Trøndelag,63.872032,9.769783,6,Nordmøre og Sør-Trøndelag,
4,2013,10091,Vågsøya,medikamentell,badebehandling,Azamethiphos,,,,deler av lokaliteten,1401,FLORA,14,Sogn og Fjordane,61.489735,5.023517,4,Nordhordaland til Stadt,
4,2013,10091,Vågsøya,medikamentell,badebehandling,Azamethiphos,,,,deler av lokaliteten,1401,FLORA,14,Sogn og Fjordane,61.489735,5.023517,4,Nordhordaland til Stadt,
4,2013,13522,Valvika,medikamentell,badebehandling,Annet virkestoff,,,,deler av lokaliteten,1828,NESNA,18,Nordland,66.29887,12.813833,8,Helgeland til Bodø,
4,2013,13522,Valvika,medikamentell,badebehandling,Annet virkestoff,,,,deler av lokaliteten,1828,NESNA,18,Nordland,66.29887,12.813833,8,Helgeland til Bodø,
4,2013,13522,Valvika,medikamentell,badebehandling,Annet virkestoff,,,,deler av lokaliteten,1828,NESNA,18,Nordland,66.29887,12.813833,8,Helgeland til Bodø,
4,2013,13522,Valvika,medikamentell,badebehandling,Annet virkestoff,,,,deler av lokaliteten,1828,NESNA,18,Nordland,66.29887,12.813833,8,Helgeland til Bodø,
4,2013,13522,Valvika,medikamentell,badebehandling,Annet virkestoff,,,,deler av lokaliteten,1828,NESNA,18,Nordland,66.29887,12.813833,8,Helgeland til Bodø,
4,2013,10504,Vedvika,medikamentell,badebehandling,Azamethiphos,,,,hele lokaliteten,1867,BØ I NORDLAND,18,Nordland,68.77659,14.613858,9,Vestfjorden og Vesterålen,
4,2013,10504,Vedvika,medikamentell,badebehandling,Cypermethrin,,,,hele lokaliteten,1867,BØ I NORDLAND,18,Nordland,68.77659,14.613858,9,Vestfjorden og Vesterålen,
3,2013,12086,Alsåkervik,medikamentell,badebehandling,Azamethiphos,,,,deler av lokaliteten,1224,KVINNHERAD,12,Hordaland,59.7601,6.074183,3,Karmøy til Sotra,
3,2013,11793,Ånnaholmane,medikamentell,fôrbehandling,Annet virkestoff,,,,hele lokaliteten,1428,ASKVOLL,14,Sogn og Fjordane,61.28417,4.727567,4,Nordhordaland til Stadt,
3,2013,13341,Bakjestranda,medikamentell,badebehandling,Cypermethrin,,,,hele lokaliteten,1438,BREMANGER,14,Sogn og Fjordane,61.81885,4.940267,4,Nordhordaland til Stadt,
3,2013,25055,Bekksneset,medikamentell,badebehandling,Azamethiphos,,,,hele lokaliteten,1413,HYLLESTAD,14,Sogn og Fjordane,61.07662,5.38595,4,Nordhordaland til Stadt,
3,2013,13209,Bognøy,medikamentell,badebehandling,Deltamethrin,,,,deler av lokaliteten,1260,RADØY,12,Hordaland,60.60407,5.076983,4,Nordhordaland til Stadt,
3,2013,13209,Bognøy,medikamentell,badebehandling,Deltamethrin,,,,deler av lokaliteten,1260,RADØY,12,Hordaland,60.60407,5.076983,4,Nordhordaland til Stadt,
3,2013,11754,Bøøy,medikamentell,fôrbehandling,Diflubenzuron,,,,hele lokaliteten,1260,RADØY,12,Hordaland,60.72798,4.863417,4,Nordhordaland til Stadt,
3,2013,12040,Brandaskuta,medikamentell,fôrbehandling,Diflubenzuron,,,,hele lokaliteten,1224,KVINNHERAD,12,Hordaland,59.977615,5.912417,3,Karmøy til Sotra,
3,2013,31038,Buarøy,medikamentell,badebehandling,Cypermethrin,,,,deler av lokaliteten,1245,SUND,12,Hordaland,60.220066,5.21455,3,Karmøy til Sotra,
3,2013,31038,Buarøy,medikamentell,badebehandling,Cypermethrin,,,,deler av lokaliteten,1245,SUND,12,Hordaland,60.220066,5.21455,3,Karmøy til Sotra,
3,2013,31038,Buarøy,medikamentell,badebehandling,Cypermethrin,,,,deler av lokaliteten,1245,SUND,12,Hordaland,60.220066,5.21455,3,Karmøy til Sotra,
3,2013,31038,Buarøy,medikamentell,badebehandling,Cypermethrin,,,,deler av lokaliteten,1245,SUND,12,Hordaland,60.220066,5.21455,3,Karmøy til Sotra,
3,2013,13412,Dypeidet,medikamentell,badebehandling,Deltamethrin,,,,deler av lokaliteten,1868,ØKSNES,18,Nordland,68.828964,14.7734,9,Vestfjorden og Vesterålen,
3,2013,13412,Dypeidet,medikamentell,badebehandling,Deltamethrin,,,,deler av lokaliteten,1868,ØKSNES,18,Nordland,68.828964,14.7734,9,Vestfjorden og Vesterålen,
3,2013,13412,Dypeidet,medikamentell,badebehandling,Deltamethrin,,,,deler av lokaliteten,1868,ØKSNES,18,Nordland,68.828964,14.7734,9,Vestfjorden og Vesterålen,
3,2013,13412,Dypeidet,medikamentell,badebehandling,Deltamethrin,,,,deler av lokaliteten,1868,ØKSNES,18,Nordland,68.828964,14.7734,9,Vestfjorden og Vesterålen,
3,2013,13412,Dypeidet,medikamentell,badebehandling,Deltamethrin,,,,deler av lokaliteten,1868,ØKSNES,18,Nordland,68.828964,14.7734,9,Vestfjorden og Vesterålen,
3,2013,13412,Dypeidet,medikamentell,badebehandling,Deltamethrin,,,,deler av lokaliteten,1868,ØKSNES,18,Nordland,68.828964,14.7734,9,Vestfjorden og Vesterålen,
3,2013,10045,Eidholmen,rensefisk,,,2221,Rognkjeks (felles),7500,hele lokaliteten,1244,AUSTEVOLL,12,Hordaland,60.08808,5.120633,3,Karmøy til Sotra,
3,2013,32677,Espnestaren,medikamentell,badebehandling,Annet virkestoff,,,,hele lokaliteten,1620,FRØYA,16,Sør-Trøndelag,63.67782,8.666233,6,Nordmøre og Sør-Trøndelag,
3,2013,32677,Espnestaren,medikamentell,badebehandling,Annet virkestoff,,,,hele lokaliteten,1620,FRØYA,16,Sør-Trøndelag,63.67782,8.666233,6,Nordmøre og Sør-Trøndelag,
3,2013,19336,Flatholmen,medikamentell,badebehandling,Azamethiphos,,,,hele lokaliteten,1106,HAUGESUND,11,Rogaland,59.4293,5.114483,3,Karmøy til Sotra,
3,2013,24735,Gulholmen,medikamentell,badebehandling,Azamethiphos,,,,deler av lokaliteten,1243,OS I HORDALAND,12,Hordaland,60.1282,5.400467,3,Karmøy til Sotra,
3,2013,24735,Gulholmen,medikamentell,badebehandling,Azamethiphos,,,,deler av lokaliteten,1243,OS I HORDALAND,12,Hordaland,60.1282,5.400467,3,Karmøy til Sotra,
3,2013,24735,Gulholmen,medikamentell,badebehandling,Deltamethrin,,,,deler av lokaliteten,1243,OS I HORDALAND,12,Hordaland,60.1282,5.400467,3,Karmøy til Sotra,
3,2013,24735,Gulholmen,medikamentell,badebehandling,Deltamethrin,,,,deler av lokaliteten,1243,OS I HORDALAND,12,Hordaland,60.1282,5.400467,3,Karmøy til Sotra,
3,2013,32317,Guriøyna,medikamentell,badebehandling,Cypermethrin,,,,hele lokaliteten,1428,ASKVOLL,14,Sogn og Fjordane,61.297916,4.66045,4,Nordhordaland til Stadt,
3,2013,13235,Hessvik,medikamentell,badebehandling,Azamethiphos,,,,hele lokaliteten,1224,KVINNHERAD,12,Hordaland,60.127934,6.149933,3,Karmøy til Sotra,
3,2013,10291,Hiskholmen,medikamentell,fôrbehandling,Annet virkestoff,,,,hele lokaliteten,1219,BØMLO,12,Hordaland,59.72663,5.145617,3,Karmøy til Sotra,
3,2013,10291,Hiskholmen,medikamentell,fôrbehandling,Annet virkestoff,,,,hele lokaliteten,1219,BØMLO,12,Hordaland,59.72663,5.145617,3,Karmøy til Sotra,
3,2013,10291,Hiskholmen,medikamentell,fôrbehandling,Annet virkestoff,,,,hele lokaliteten,1219,BØMLO,12,Hordaland,59.72663,5.145617,3,Karmøy til Sotra,
3,2013,15655,Hjartøy N,medikamentell,badebehandling,Annet virkestoff,,,,deler av lokaliteten,1828,NESNA,18,Nordland,66.23579,12.709967,8,Helgeland til Bodø,
3,2013,19939,Høysteinen,medikamentell,badebehandling,Deltamethrin,,,,deler av lokaliteten,1224,KVINNHERAD,12,Hordaland,60.15665,6.048633,3,Karmøy til Sotra,
3,2013,14245,Jakobsteinsvika,medikamentell,fôrbehandling,Teflubenzuron,,,,hele lokaliteten,1755,LEKA,17,Nord-Trøndelag,65.11352,11.7929,7,Nord-Trøndelag med Bindal,
3,2013,10409,Kjelneset,medikamentell,fôrbehandling,Emamectin benzoat,,,,hele lokaliteten,1748,FOSNES,17,Nord-Trøndelag,64.64395,11.388328,7,Nord-Trøndelag med Bindal,
3,2013,13567,"Knappen,Solheim",medikamentell,fôrbehandling,Teflubenzuron,,,,hele lokaliteten,1266,MASFJORDEN,12,Hordaland,60.885334,5.4616,4,Nordhordaland til Stadt,
3,2013,13567,"Knappen,Solheim",medikamentell,fôrbehandling,Teflubenzuron,,,,hele lokaliteten,1266,MASFJORDEN,12,Hordaland,60.885334,5.4616,4,Nordhordaland til Stadt,
3,2013,13567,"Knappen,Solheim",medikamentell,fôrbehandling,Teflubenzuron,,,,hele lokaliteten,1266,MASFJORDEN,12,Hordaland,60.885334,5.4616,4,Nordhordaland til Stadt,
3,2013,13567,"Knappen,Solheim",medikamentell,fôrbehandling,Teflubenzuron,,,,hele lokaliteten,1266,MASFJORDEN,12,Hordaland,60.885334,5.4616,4,Nordhordaland til Stadt,
3,2013,12476,Kråka Nø,rensefisk,,,222120,Rognkjeks (hun),54117,hele lokaliteten,1573,SMØLA,15,Møre og Romsdal,63.4764,8.0597,6,Nordmøre og Sør-Trøndelag,
3,2013,12652,Kråkøya,medikamentell,fôrbehandling,Diflubenzuron,,,,hele lokaliteten,1750,VIKNA,17,Nord-Trøndelag,65.004295,11.039782,7,Nord-Trøndelag med Bindal,
3,2013,10041,Kviksholmen,medikamentell,badebehandling,Azamethiphos,,,,hele lokaliteten,1244,AUSTEVOLL,12,Hordaland,60.054317,5.090733,3,Karmøy til Sotra,
3,2013,10041,Kviksholmen,medikamentell,badebehandling,Azamethiphos,,,,hele lokaliteten,1244,AUSTEVOLL,12,Hordaland,60.054317,5.090733,3,Karmøy til Sotra,
3,2013,10041,Kviksholmen,medikamentell,badebehandling,Azamethiphos,,,,hele lokaliteten,1244,AUSTEVOLL,12,Hordaland,60.054317,5.090733,3,Karmøy til Sotra,
3,2013,10041,Kviksholmen,medikamentell,badebehandling,Azamethiphos,,,,hele lokaliteten,1244,AUSTEVOLL,12,Hordaland,60.054317,5.090733,3,Karmøy til Sotra,
3,2013,10041,Kviksholmen,medikamentell,badebehandling,Azamethiphos,,,,hele lokaliteten,1244,AUSTEVOLL,12,Hordaland,60.054317,5.090733,3,Karmøy til Sotra,
3,2013,10041,Kviksholmen,medikamentell,badebehandling,Azamethiphos,,,,hele lokaliteten,1244,AUSTEVOLL,12,Hordaland,60.054317,5.090733,3,Karmøy til Sotra,
3,2013,10041,Kviksholmen,medikamentell,badebehandling,Azamethiphos,,,,hele lokaliteten,1244,AUSTEVOLL,12,Hordaland,60.054317,5.090733,3,Karmøy til Sotra,
3,2013,10041,Kviksholmen,medikamentell,badebehandling,Azamethiphos,,,,hele lokaliteten,1244,AUSTEVOLL,12,Hordaland,60.054317,5.090733,3,Karmøy til Sotra,
3,2013,20595,Kyrholmen S,medikamentell,badebehandling,Cypermethrin,,,,deler av lokaliteten,1244,AUSTEVOLL,12,Hordaland,60.162018,5.205567,3,Karmøy til Sotra,
3,2013,11928,Langavika,medikamentell,fôrbehandling,Teflubenzuron,,,,hele lokaliteten,1133,HJELMELAND,11,Rogaland,59.232067,6.008317,2,Ryfylke,
3,2013,24715,Langholmen,medikamentell,badebehandling,Azamethiphos,,,,hele lokaliteten,1141,FINNØY,11,Rogaland,59.097282,5.835917,2,Ryfylke,
3,2013,24715,Langholmen,ikke-medikamentell,,,,,,hele lokaliteten,1141,FINNØY,11,Rogaland,59.097282,5.835917,2,Ryfylke,
3,2013,12392,Lille Torsøy,medikamentell,badebehandling,Azamethiphos,,,,deler av lokaliteten,1617,HITRA,16,Sør-Trøndelag,63.605633,8.48855,6,Nordmøre og Sør-Trøndelag,
3,2013,12392,Lille Torsøy,medikamentell,badebehandling,Deltamethrin,,,,deler av lokaliteten,1617,HITRA,16,Sør-Trøndelag,63.605633,8.48855,6,Nordmøre og Sør-Trøndelag,
3,2013,29056,Lille Torsøy II,medikamentell,badebehandling,Azamethiphos,,,,hele lokaliteten,1617,HITRA,16,Sør-Trøndelag,63.60803,8.494633,6,Nordmøre og Sør-Trøndelag,
3,2013,29056,Lille Torsøy II,medikamentell,badebehandling,Deltamethrin,,,,hele lokaliteten,1617,HITRA,16,Sør-Trøndelag,63.60803,8.494633,6,Nordmøre og Sør-Trøndelag,
3,2013,14039,Litle Lunnøy,medikamentell,badebehandling,Azamethiphos,,,,hele lokaliteten,1244,AUSTEVOLL,12,Hordaland,60.0199,5.16775,3,Karmøy til Sotra,
3,2013,10292,Lyklingholmen N,medikamentell,badebehandling,Azamethiphos,,,,hele lokaliteten,1219,BØMLO,12,Hordaland,59.714535,5.15405,3,Karmøy til Sotra,
3,2013,13550,Marøy Nø,medikamentell,badebehandling,Deltamethrin,,,,hele lokaliteten,1438,BREMANGER,14,Sogn og Fjordane,61.84595,5.294217,4,Nordhordaland til Stadt,
3,2013,10137,Matland,medikamentell,badebehandling,Annet virkestoff,,,,hele lokaliteten,1241,FUSA,12,Hordaland,60.264084,5.6591,3,Karmøy til Sotra,
3,2013,21915,Matløyso,medikamentell,badebehandling,Deltamethrin,,,,deler av lokaliteten,1222,FITJAR,12,Hordaland,59.95238,5.283167,3,Karmøy til Sotra,
3,2013,13965,Nesbø/Gjeldsvik,medikamentell,badebehandling,Azamethiphos,,,,hele lokaliteten,1263,LINDÅS,12,Hordaland,60.68835,5.4232,4,Nordhordaland til Stadt,
3,2013,13965,Nesbø/Gjeldsvik,medikamentell,badebehandling,Azamethiphos,,,,hele lokaliteten,1263,LINDÅS,12,Hordaland,60.68835,5.4232,4,Nordhordaland til Stadt,
3,2013,10181,Oksebåsen V,medikamentell,badebehandling,Azamethiphos,,,,hele lokaliteten,1532,GISKE,15,Møre og Romsdal,62.5174,6.15805,5,Stadt til Hustadvika,
3,2013,13786,Pollneset,medikamentell,badebehandling,Cypermethrin,,,,hele lokaliteten,1870,SORTLAND,18,Nordland,68.71255,15.11255,9,Vestfjorden og Vesterålen,
3,2013,11687,Ramsvik,medikamentell,badebehandling,Deltamethrin,,,,deler av lokaliteten,1263,LINDÅS,12,Hordaland,60.578167,5.1907,4,Nordhordaland til Stadt,
3,2013,11687,Ramsvik,medikamentell,badebehandling,Deltamethrin,,,,deler av lokaliteten,1263,LINDÅS,12,Hordaland,60.578167,5.1907,4,Nordhordaland til Stadt,
3,2013,11687,Ramsvik,medikamentell,badebehandling,Deltamethrin,,,,deler av lokaliteten,1263,LINDÅS,12,Hordaland,60.578167,5.1907,4,Nordhordaland til Stadt,
3,2013,11687,Ramsvik,medikamentell,badebehandling,Deltamethrin,,,,deler av lokaliteten,1263,LINDÅS,12,Hordaland,60.578167,5.1907,4,Nordhordaland til Stadt,
3,2013,11687,Ramsvik,medikamentell,badebehandling,Deltamethrin,,,,deler av lokaliteten,1263,LINDÅS,12,Hordaland,60.578167,5.1907,4,Nordhordaland til Stadt,
3,2013,11687,Ramsvik,medikamentell,badebehandling,Deltamethrin,,,,deler av lokaliteten,1263,LINDÅS,12,Hordaland,60.578167,5.1907,4,Nordhordaland til Stadt,
3,2013,11687,Ramsvik,medikamentell,badebehandling,Deltamethrin,,,,deler av lokaliteten,1263,LINDÅS,12,Hordaland,60.578167,5.1907,4,Nordhordaland til Stadt,
3,2013,11687,Ramsvik,medikamentell,badebehandling,Deltamethrin,,,,deler av lokaliteten,1263,LINDÅS,12,Hordaland,60.578167,5.1907,4,Nordhordaland til Stadt,
3,2013,17357,Rennaren,medikamentell,badebehandling,Azamethiphos,,,,deler av lokaliteten,1142,RENNESØY,11,Rogaland,59.131584,5.72165,2,Ryfylke,
3,2013,21495,Risværgalten,medikamentell,badebehandling,Annet virkestoff,,,,deler av lokaliteten,1751,NÆRØY,17,Nord-Trøndelag,64.96537,11.532783,7,Nord-Trøndelag med Bindal,
3,2013,21495,Risværgalten,ikke-medikamentell,,,,,,deler av lokaliteten,1751,NÆRØY,17,Nord-Trøndelag,64.96537,11.532783,7,Nord-Trøndelag med Bindal,
3,2013,12298,Røysa,medikamentell,badebehandling,Azamethiphos,,,,deler av lokaliteten,1532,GISKE,15,Møre og Romsdal,62.550632,6.1408,5,Stadt til Hustadvika,
3,2013,11888,Sandvik,medikamentell,badebehandling,Azamethiphos,,,,hele lokaliteten,1134,SULDAL,11,Rogaland,59.31445,6.170917,2,Ryfylke,
3,2013,12844,Seterneset,medikamentell,badebehandling,Azamethiphos,,,,deler av lokaliteten,1502,MOLDE,15,Møre og Romsdal,62.67375,7.313967,5,Stadt til Hustadvika,
3,2013,12844,Seterneset,medikamentell,badebehandling,Azamethiphos,,,,deler av lokaliteten,1502,MOLDE,15,Møre og Romsdal,62.67375,7.313967,5,Stadt til Hustadvika,
3,2013,25896,Skorpo,medikamentell,badebehandling,Azamethiphos,,,,hele lokaliteten,1223,TYSNES,12,Hordaland,59.8771,5.637667,3,Karmøy til Sotra,
3,2013,12108,Skorpo Nv,medikamentell,badebehandling,Deltamethrin,,,,deler av lokaliteten,1224,KVINNHERAD,12,Hordaland,59.950382,5.820483,3,Karmøy til Sotra,
3,2013,12108,Skorpo Nv,medikamentell,badebehandling,Deltamethrin,,,,deler av lokaliteten,1224,KVINNHERAD,12,Hordaland,59.950382,5.820483,3,Karmøy til Sotra,
3,2013,12108,Skorpo Nv,medikamentell,badebehandling,Deltamethrin,,,,deler av lokaliteten,1224,KVINNHERAD,12,Hordaland,59.950382,5.820483,3,Karmøy til Sotra,
3,2013,12108,Skorpo Nv,medikamentell,badebehandling,Deltamethrin,,,,deler av lokaliteten,1224,KVINNHERAD,12,Hordaland,59.950382,5.820483,3,Karmøy til Sotra,
3,2013,30837,Torangskjeret,medikamentell,badebehandling,Cypermethrin,,,,hele lokaliteten,1244,AUSTEVOLL,12,Hordaland,60.130184,5.176033,3,Karmøy til Sotra,
3,2013,30837,Torangskjeret,medikamentell,badebehandling,Cypermethrin,,,,hele lokaliteten,1244,AUSTEVOLL,12,Hordaland,60.130184,5.176033,3,Karmøy til Sotra,
3,2013,30837,Torangskjeret,medikamentell,badebehandling,Cypermethrin,,,,hele lokaliteten,1244,AUSTEVOLL,12,Hordaland,60.130184,5.176033,3,Karmøy til Sotra,
3,2013,30837,Torangskjeret,medikamentell,badebehandling,Cypermethrin,,,,hele lokaliteten,1244,AUSTEVOLL,12,Hordaland,60.130184,5.176033,3,Karmøy til Sotra,
3,2013,10091,Vågsøya,medikamentell,badebehandling,Azamethiphos,,,,deler av lokaliteten,1401,FLORA,14,Sogn og Fjordane,61.489735,5.023517,4,Nordhordaland til Stadt,
3,2013,10968,Vardskjær Ø,medikamentell,badebehandling,Annet virkestoff,,,,hele lokaliteten,1834,LURØY,18,Nordland,66.36,12.485253,8,Helgeland til Bodø,
3,2013,10968,Vardskjær Ø,medikamentell,badebehandling,Annet virkestoff,,,,hele lokaliteten,1834,LURØY,18,Nordland,66.36,12.485253,8,Helgeland til Bodø,
3,2013,13704,Vikane,medikamentell,badebehandling,Azamethiphos,,,,hele lokaliteten,1266,MASFJORDEN,12,Hordaland,60.7125,5.403633,4,Nordhordaland til Stadt,
3,2013,13704,Vikane,medikamentell,badebehandling,Azamethiphos,,,,hele lokaliteten,1266,MASFJORDEN,12,Hordaland,60.7125,5.403633,4,Nordhordaland til Stadt,
3,2013,29936,Ystadneset,medikamentell,badebehandling,Azamethiphos,,,,hele lokaliteten,1224,KVINNHERAD,12,Hordaland,59.977932,5.775083,3,Karmøy til Sotra,
2,2013,10331,Åkre,medikamentell,badebehandling,Azamethiphos,,,,hele lokaliteten,1224,KVINNHERAD,12,Hordaland,60.112434,6.042483,3,Karmøy til Sotra,
2,2013,13254,Aukan,medikamentell,badebehandling,Deltamethrin,,,,hele lokaliteten,1554,AVERØY,15,Møre og Romsdal,63.0603,7.594283,6,Nordmøre og Sør-Trøndelag,
2,2013,11800,Austneståa,medikamentell,badebehandling,Azamethiphos,,,,hele lokaliteten,1401,FLORA,14,Sogn og Fjordane,61.49072,5.169133,4,Nordhordaland til Stadt,
2,2013,11800,Austneståa,ikke-medikamentell,,,,,,hele lokaliteten,1401,FLORA,14,Sogn og Fjordane,61.49072,5.169133,4,Nordhordaland til Stadt,
2,2013,29016,Båfjordstranda,medikamentell,badebehandling,Hydrogenperoksid,,,,deler av lokaliteten,1751,NÆRØY,17,Nord-Trøndelag,64.96465,11.592733,7,Nord-Trøndelag med Bindal,
2,2013,12308,Bjørndal,medikamentell,badebehandling,Azamethiphos,,,,hele lokaliteten,1520,ØRSTA,15,Møre og Romsdal,62.274834,6.002983,5,Stadt til Hustadvika,
2,2013,12040,Brandaskuta,medikamentell,fôrbehandling,Diflubenzuron,,,,hele lokaliteten,1224,KVINNHERAD,12,Hordaland,59.977615,5.912417,3,Karmøy til Sotra,
2,2013,12040,Brandaskuta,medikamentell,fôrbehandling,Diflubenzuron,,,,hele lokaliteten,1224,KVINNHERAD,12,Hordaland,59.977615,5.912417,3,Karmøy til Sotra,
2,2013,12040,Brandaskuta,medikamentell,fôrbehandling,Diflubenzuron,,,,hele lokaliteten,1224,KVINNHERAD,12,Hordaland,59.977615,5.912417,3,Karmøy til Sotra,
2,2013,12040,Brandaskuta,medikamentell,fôrbehandling,Diflubenzuron,,,,hele lokaliteten,1224,KVINNHERAD,12,Hordaland,59.977615,5.912417,3,Karmøy til Sotra,
2,2013,10264,Digermulen,medikamentell,badebehandling,Hydrogenperoksid,,,,deler av lokaliteten,1751,NÆRØY,17,Nord-Trøndelag,64.9774,11.728117,7,Nord-Trøndelag med Bindal,
2,2013,10264,Digermulen,medikamentell,badebehandling,Hydrogenperoksid,,,,deler av lokaliteten,1751,NÆRØY,17,Nord-Trøndelag,64.9774,11.728117,7,Nord-Trøndelag med Bindal,
2,2013,10264,Digermulen,medikamentell,badebehandling,Hydrogenperoksid,,,,deler av lokaliteten,1751,NÆRØY,17,Nord-Trøndelag,64.9774,11.728117,7,Nord-Trøndelag med Bindal,
2,2013,10110,Djupevik,medikamentell,badebehandling,Azamethiphos,,,,hele lokaliteten,1141,FINNØY,11,Rogaland,59.14955,5.863017,2,Ryfylke,
2,2013,10110,Djupevik,ikke-medikamentell,,,,,,hele lokaliteten,1141,FINNØY,11,Rogaland,59.14955,5.863017,2,Ryfylke,
2,2013,20455,Djupevika,medikamentell,badebehandling,Deltamethrin,,,,deler av lokaliteten,1224,KVINNHERAD,12,Hordaland,60.0406,6.010917,3,Karmøy til Sotra,
2,2013,20455,Djupevika,medikamentell,badebehandling,Deltamethrin,,,,deler av lokaliteten,1224,KVINNHERAD,12,Hordaland,60.0406,6.010917,3,Karmøy til Sotra,
2,2013,20455,Djupevika,medikamentell,badebehandling,Deltamethrin,,,,deler av lokaliteten,1224,KVINNHERAD,12,Hordaland,60.0406,6.010917,3,Karmøy til Sotra,
2,2013,20455,Djupevika,medikamentell,badebehandling,Deltamethrin,,,,deler av lokaliteten,1224,KVINNHERAD,12,Hordaland,60.0406,6.010917,3,Karmøy til Sotra,
2,2013,20455,Djupevika,medikamentell,badebehandling,Deltamethrin,,,,deler av lokaliteten,1224,KVINNHERAD,12,Hordaland,60.0406,6.010917,3,Karmøy til Sotra,
2,2013,20455,Djupevika,medikamentell,badebehandling,Deltamethrin,,,,deler av lokaliteten,1224,KVINNHERAD,12,Hordaland,60.0406,6.010917,3,Karmøy til Sotra,
2,2013,14041,Edøya,medikamentell,badebehandling,Azamethiphos,,,,hele lokaliteten,1617,HITRA,16,Sør-Trøndelag,63.65835,8.694417,6,Nordmøre og Sør-Trøndelag,
2,2013,14041,Edøya,medikamentell,badebehandling,Deltamethrin,,,,hele lokaliteten,1617,HITRA,16,Sør-Trøndelag,63.65835,8.694417,6,Nordmøre og Sør-Trøndelag,
2,2013,30137,Edøya II,medikamentell,badebehandling,Azamethiphos,,,,hele lokaliteten,1617,HITRA,16,Sør-Trøndelag,63.65805,8.683667,6,Nordmøre og Sør-Trøndelag,
2,2013,30137,Edøya II,medikamentell,badebehandling,Deltamethrin,,,,hele lokaliteten,1617,HITRA,16,Sør-Trøndelag,63.65805,8.683667,6,Nordmøre og Sør-Trøndelag,
2,2013,10045,Eidholmen,rensefisk,,,2221,Rognkjeks (felles),7500,hele lokaliteten,1244,AUSTEVOLL,12,Hordaland,60.08808,5.120633,3,Karmøy til Sotra,
2,2013,11556,Engevik,medikamentell,badebehandling,Deltamethrin,,,,deler av lokaliteten,1222,FITJAR,12,Hordaland,59.96425,5.379817,3,Karmøy til Sotra,
2,2013,11556,Engevik,medikamentell,badebehandling,Deltamethrin,,,,deler av lokaliteten,1222,FITJAR,12,Hordaland,59.96425,5.379817,3,Karmøy til Sotra,
2,2013,25835,Flatøyflu,medikamentell,badebehandling,Cypermethrin,,,,deler av lokaliteten,1244,AUSTEVOLL,12,Hordaland,60.156433,5.232,3,Karmøy til Sotra,
2,2013,25835,Flatøyflu,medikamentell,badebehandling,Cypermethrin,,,,deler av lokaliteten,1244,AUSTEVOLL,12,Hordaland,60.156433,5.232,3,Karmøy til Sotra,
2,2013,25835,Flatøyflu,medikamentell,badebehandling,Cypermethrin,,,,deler av lokaliteten,1244,AUSTEVOLL,12,Hordaland,60.156433,5.232,3,Karmøy til Sotra,
2,2013,25895,Flornes,medikamentell,badebehandling,Azamethiphos,,,,hele lokaliteten,1223,TYSNES,12,Hordaland,59.892982,5.665817,3,Karmøy til Sotra,
2,2013,11530,Gissøysundet S,medikamentell,badebehandling,Azamethiphos,,,,hele lokaliteten,1219,BØMLO,12,Hordaland,59.62327,5.159667,3,Karmøy til Sotra,
2,2013,11530,Gissøysundet S,ikke-medikamentell,,,,,,hele lokaliteten,1219,BØMLO,12,Hordaland,59.62327,5.159667,3,Karmøy til Sotra,
2,2013,32317,Guriøyna,medikamentell,badebehandling,Cypermethrin,,,,hele lokaliteten,1428,ASKVOLL,14,Sogn og Fjordane,61.297916,4.66045,4,Nordhordaland til Stadt,
2,2013,12011,Håøya Nø,medikamentell,badebehandling,Azamethiphos,,,,hele lokaliteten,1146,TYSVÆR,11,Rogaland,59.290417,5.6765,2,Ryfylke,
2,2013,24035,Håvikvågen S,medikamentell,badebehandling,Azamethiphos,,,,hele lokaliteten,1241,FUSA,12,Hordaland,60.169834,5.69645,3,Karmøy til Sotra,
2,2013,10291,Hiskholmen,medikamentell,fôrbehandling,Annet virkestoff,,,,hele lokaliteten,1219,BØMLO,12,Hordaland,59.72663,5.145617,3,Karmøy til Sotra,
2,2013,10291,Hiskholmen,medikamentell,fôrbehandling,Annet virkestoff,,,,hele lokaliteten,1219,BØMLO,12,Hordaland,59.72663,5.145617,3,Karmøy til Sotra,
2,2013,14882,Horjona,medikamentell,badebehandling,Annet virkestoff,,,,deler av lokaliteten,1238,KVAM,12,Hordaland,60.270782,6.187033,3,Karmøy til Sotra,
2,2013,24295,Isbergan,medikamentell,badebehandling,Annet virkestoff,,,,deler av lokaliteten,1837,MELØY,18,Nordland,66.81468,13.678183,8,Helgeland til Bodø,
2,2013,24295,Isbergan,medikamentell,badebehandling,Annet virkestoff,,,,deler av lokaliteten,1837,MELØY,18,Nordland,66.81468,13.678183,8,Helgeland til Bodø,
2,2013,13225,Kilaneset,medikamentell,badebehandling,Azamethiphos,,,,hele lokaliteten,1134,SULDAL,11,Rogaland,59.31335,6.2672,2,Ryfylke,
2,2013,10409,Kjelneset,medikamentell,fôrbehandling,Emamectin benzoat,,,,hele lokaliteten,1748,FOSNES,17,Nord-Trøndelag,64.64395,11.388328,7,Nord-Trøndelag med Bindal,
2,2013,11714,Kvernhusvika,rensefisk,,,1694,Grøngylt,15400,hele lokaliteten,1412,SOLUND,14,Sogn og Fjordane,61.0678,4.94225,4,Nordhordaland til Stadt,
2,2013,11714,Kvernhusvika,rensefisk,,,1691,Berggylt,2800,hele lokaliteten,1412,SOLUND,14,Sogn og Fjordane,61.0678,4.94225,4,Nordhordaland til Stadt,
2,2013,20595,Kyrholmen S,medikamentell,badebehandling,Cypermethrin,,,,deler av lokaliteten,1244,AUSTEVOLL,12,Hordaland,60.162018,5.205567,3,Karmøy til Sotra,
2,2013,13055,Langøyna Ø,medikamentell,badebehandling,Azamethiphos,,,,hele lokaliteten,1146,TYSVÆR,11,Rogaland,59.2983,5.713333,2,Ryfylke,
2,2013,14086,Lelandsholmen,medikamentell,badebehandling,Deltamethrin,,,,hele lokaliteten,1219,BØMLO,12,Hordaland,59.728535,5.153067,3,Karmøy til Sotra,
2,2013,10262,Lille Kvitholmen,medikamentell,badebehandling,Azamethiphos,,,,deler av lokaliteten,1751,NÆRØY,17,Nord-Trøndelag,65.01318,11.616833,7,Nord-Trøndelag med Bindal,
2,2013,10262,Lille Kvitholmen,medikamentell,badebehandling,Deltamethrin,,,,deler av lokaliteten,1751,NÆRØY,17,Nord-Trøndelag,65.01318,11.616833,7,Nord-Trøndelag med Bindal,
2,2013,12392,Lille Torsøy,medikamentell,badebehandling,Azamethiphos,,,,deler av lokaliteten,1617,HITRA,16,Sør-Trøndelag,63.605633,8.48855,6,Nordmøre og Sør-Trøndelag,
2,2013,12392,Lille Torsøy,medikamentell,badebehandling,Deltamethrin,,,,deler av lokaliteten,1617,HITRA,16,Sør-Trøndelag,63.605633,8.48855,6,Nordmøre og Sør-Trøndelag,
2,2013,12022,Ljonesbjørgene,medikamentell,badebehandling,Annet virkestoff,,,,deler av lokaliteten,1238,KVAM,12,Hordaland,60.2564,6.16585,3,Karmøy til Sotra,
2,2013,12022,Ljonesbjørgene,medikamentell,badebehandling,Annet virkestoff,,,,deler av lokaliteten,1238,KVAM,12,Hordaland,60.2564,6.16585,3,Karmøy til Sotra,
2,2013,12022,Ljonesbjørgene,medikamentell,badebehandling,Annet virkestoff,,,,deler av lokaliteten,1238,KVAM,12,Hordaland,60.2564,6.16585,3,Karmøy til Sotra,
2,2013,12022,Ljonesbjørgene,medikamentell,badebehandling,Annet virkestoff,,,,deler av lokaliteten,1238,KVAM,12,Hordaland,60.2564,6.16585,3,Karmøy til Sotra,
2,2013,13550,Marøy Nø,medikamentell,badebehandling,Deltamethrin,,,,hele lokaliteten,1438,BREMANGER,14,Sogn og Fjordane,61.84595,5.294217,4,Nordhordaland til Stadt,
2,2013,21915,Matløyso,medikamentell,badebehandling,Deltamethrin,,,,deler av lokaliteten,1222,FITJAR,12,Hordaland,59.95238,5.283167,3,Karmøy til Sotra,
2,2013,21915,Matløyso,medikamentell,badebehandling,Deltamethrin,,,,deler av lokaliteten,1222,FITJAR,12,Hordaland,59.95238,5.283167,3,Karmøy til Sotra,
2,2013,12047,Mjåneset,medikamentell,badebehandling,Azamethiphos,,,,hele lokaliteten,1241,FUSA,12,Hordaland,60.176,5.7244,3,Karmøy til Sotra,
2,2013,10513,Nedre Kvarv,medikamentell,badebehandling,Deltamethrin,,,,deler av lokaliteten,1845,SØRFOLD,18,Nordland,67.45849,15.511583,9,Vestfjorden og Vesterålen,
2,2013,13965,Nesbø/Gjeldsvik,medikamentell,badebehandling,Azamethiphos,,,,hele lokaliteten,1263,LINDÅS,12,Hordaland,60.68835,5.4232,4,Nordhordaland til Stadt,
2,2013,13965,Nesbø/Gjeldsvik,medikamentell,badebehandling,Azamethiphos,,,,hele lokaliteten,1263,LINDÅS,12,Hordaland,60.68835,5.4232,4,Nordhordaland til Stadt,
2,2013,13965,Nesbø/Gjeldsvik,medikamentell,badebehandling,Azamethiphos,,,,hele lokaliteten,1263,LINDÅS,12,Hordaland,60.68835,5.4232,4,Nordhordaland til Stadt,
2,2013,13965,Nesbø/Gjeldsvik,medikamentell,badebehandling,Azamethiphos,,,,hele lokaliteten,1263,LINDÅS,12,Hordaland,60.68835,5.4232,4,Nordhordaland til Stadt,
2,2013,21495,Risværgalten,medikamentell,badebehandling,Annet virkestoff,,,,deler av lokaliteten,1751,NÆRØY,17,Nord-Trøndelag,64.96537,11.532783,7,Nord-Trøndelag med Bindal,
2,2013,21495,Risværgalten,medikamentell,badebehandling,Annet virkestoff,,,,deler av lokaliteten,1751,NÆRØY,17,Nord-Trøndelag,64.96537,11.532783,7,Nord-Trøndelag med Bindal,
2,2013,21495,Risværgalten,ikke-medikamentell,,,,,,hele lokaliteten,1751,NÆRØY,17,Nord-Trøndelag,64.96537,11.532783,7,Nord-Trøndelag med Bindal,
2,2013,12298,Røysa,medikamentell,badebehandling,Azamethiphos,,,,deler av lokaliteten,1532,GISKE,15,Møre og Romsdal,62.550632,6.1408,5,Stadt til Hustadvika,
2,2013,12019,Saltkjelen II,medikamentell,badebehandling,Azamethiphos,,,,hele lokaliteten,1227,JONDAL,12,Hordaland,60.248016,6.2014,3,Karmøy til Sotra,
2,2013,12019,Saltkjelen II,ikke-medikamentell,,,,,,hele lokaliteten,1227,JONDAL,12,Hordaland,60.248016,6.2014,3,Karmøy til Sotra,
2,2013,28256,Skår,medikamentell,badebehandling,Deltamethrin,,,,deler av lokaliteten,1223,TYSNES,12,Hordaland,59.8994,5.532767,3,Karmøy til Sotra,
2,2013,28256,Skår,medikamentell,badebehandling,Deltamethrin,,,,deler av lokaliteten,1223,TYSNES,12,Hordaland,59.8994,5.532767,3,Karmøy til Sotra,
2,2013,28256,Skår,medikamentell,badebehandling,Deltamethrin,,,,deler av lokaliteten,1223,TYSNES,12,Hordaland,59.8994,5.532767,3,Karmøy til Sotra,
2,2013,28256,Skår,medikamentell,badebehandling,Deltamethrin,,,,deler av lokaliteten,1223,TYSNES,12,Hordaland,59.8994,5.532767,3,Karmøy til Sotra,
2,2013,12066,Skåtavågen,medikamentell,badebehandling,Annet virkestoff,,,,hele lokaliteten,1241,FUSA,12,Hordaland,60.175117,5.589067,3,Karmøy til Sotra,
2,2013,26738,Skiftesvika,medikamentell,badebehandling,Azamethiphos,,,,deler av lokaliteten,1141,FINNØY,11,Rogaland,59.167885,5.920667,2,Ryfylke,
2,2013,26738,Skiftesvika,ikke-medikamentell,,,,,,deler av lokaliteten,1141,FINNØY,11,Rogaland,59.167885,5.920667,2,Ryfylke,
2,2013,25896,Skorpo,medikamentell,badebehandling,Azamethiphos,,,,hele lokaliteten,1223,TYSNES,12,Hordaland,59.8771,5.637667,3,Karmøy til Sotra,
2,2013,32877,Skorpo,medikamentell,badebehandling,Deltamethrin,,,,deler av lokaliteten,1243,OS I HORDALAND,12,Hordaland,60.173317,5.293683,3,Karmøy til Sotra,
2,2013,32877,Skorpo,medikamentell,badebehandling,Deltamethrin,,,,deler av lokaliteten,1243,OS I HORDALAND,12,Hordaland,60.173317,5.293683,3,Karmøy til Sotra,
2,2013,32877,Skorpo,medikamentell,badebehandling,Deltamethrin,,,,deler av lokaliteten,1243,OS I HORDALAND,12,Hordaland,60.173317,5.293683,3,Karmøy til Sotra,
2,2013,12108,Skorpo Nv,medikamentell,badebehandling,Deltamethrin,,,,deler av lokaliteten,1224,KVINNHERAD,12,Hordaland,59.950382,5.820483,3,Karmøy til Sotra,
2,2013,12108,Skorpo Nv,medikamentell,badebehandling,Deltamethrin,,,,deler av lokaliteten,1224,KVINNHERAD,12,Hordaland,59.950382,5.820483,3,Karmøy til Sotra,
2,2013,11605,Soløy Ø,medikamentell,badebehandling,Deltamethrin,,,,hele lokaliteten,1222,FITJAR,12,Hordaland,59.90708,5.159833,3,Karmøy til Sotra,
2,2013,13032,Sylvøyane,medikamentell,badebehandling,Azamethiphos,,,,hele lokaliteten,1219,BØMLO,12,Hordaland,59.609932,5.133867,3,Karmøy til Sotra,
2,2013,13032,Sylvøyane,ikke-medikamentell,,,,,,hele lokaliteten,1219,BØMLO,12,Hordaland,59.609932,5.133867,3,Karmøy til Sotra,
2,2013,10309,Syrtangen,medikamentell,badebehandling,Azamethiphos,,,,hele lokaliteten,1259,ØYGARDEN,12,Hordaland,60.468468,4.965967,4,Nordhordaland til Stadt,
2,2013,10309,Syrtangen,medikamentell,badebehandling,Azamethiphos,,,,hele lokaliteten,1259,ØYGARDEN,12,Hordaland,60.468468,4.965967,4,Nordhordaland til Stadt,
2,2013,10309,Syrtangen,medikamentell,badebehandling,Azamethiphos,,,,hele lokaliteten,1259,ØYGARDEN,12,Hordaland,60.468468,4.965967,4,Nordhordaland til Stadt,
2,2013,10309,Syrtangen,medikamentell,badebehandling,Azamethiphos,,,,hele lokaliteten,1259,ØYGARDEN,12,Hordaland,60.468468,4.965967,4,Nordhordaland til Stadt,
2,2013,29336,Trælsøyosen,medikamentell,badebehandling,Cypermethrin,,,,deler av lokaliteten,1244,AUSTEVOLL,12,Hordaland,60.1178,5.2702,3,Karmøy til Sotra,
2,2013,29336,Trælsøyosen,medikamentell,badebehandling,Cypermethrin,,,,deler av lokaliteten,1244,AUSTEVOLL,12,Hordaland,60.1178,5.2702,3,Karmøy til Sotra,
2,2013,29336,Trælsøyosen,medikamentell,badebehandling,Cypermethrin,,,,deler av lokaliteten,1244,AUSTEVOLL,12,Hordaland,60.1178,5.2702,3,Karmøy til Sotra,
2,2013,29336,Trælsøyosen,medikamentell,badebehandling,Cypermethrin,,,,deler av lokaliteten,1244,AUSTEVOLL,12,Hordaland,60.1178,5.2702,3,Karmøy til Sotra,
2,2013,10029,Tuholmane Ø,medikamentell,badebehandling,Azamethiphos,,,,hele lokaliteten,1149,KARMØY,11,Rogaland,59.372032,5.20965,3,Karmøy til Sotra,
2,2013,14081,Tveit,medikamentell,badebehandling,Azamethiphos,,,,hele lokaliteten,1413,HYLLESTAD,14,Sogn og Fjordane,61.110085,5.340483,4,Nordhordaland til Stadt,
2,2013,12678,Vedøya,medikamentell,badebehandling,Azamethiphos,,,,hele lokaliteten,1748,FOSNES,17,Nord-Trøndelag,64.60697,11.355178,7,Nord-Trøndelag med Bindal,
2,2013,12678,Vedøya,medikamentell,badebehandling,Deltamethrin,,,,hele lokaliteten,1748,FOSNES,17,Nord-Trøndelag,64.60697,11.355178,7,Nord-Trøndelag med Bindal,
2,2013,27315,Vikane 1,medikamentell,badebehandling,Azamethiphos,,,,hele lokaliteten,1227,JONDAL,12,Hordaland,60.26125,6.225083,3,Karmøy til Sotra,
2,2013,27315,Vikane 1,ikke-medikamentell,,,,,,hele lokaliteten,1227,JONDAL,12,Hordaland,60.26125,6.225083,3,Karmøy til Sotra,
1,2013,11756,Allersholmen,medikamentell,fôrbehandling,Diflubenzuron,,,,hele lokaliteten,1264,AUSTRHEIM,12,Hordaland,60.77465,4.8536,4,Nordhordaland til Stadt,
1,2013,13254,Aukan,medikamentell,badebehandling,Deltamethrin,,,,deler av lokaliteten,1554,AVERØY,15,Møre og Romsdal,63.0603,7.594283,6,Nordmøre og Sør-Trøndelag,
1,2013,11754,Bøøy,medikamentell,fôrbehandling,Diflubenzuron,,,,hele lokaliteten,1260,RADØY,12,Hordaland,60.72798,4.863417,4,Nordhordaland til Stadt,
1,2013,10264,Digermulen,medikamentell,badebehandling,Hydrogenperoksid,,,,deler av lokaliteten,1751,NÆRØY,17,Nord-Trøndelag,64.9774,11.728117,7,Nord-Trøndelag med Bindal,
1,2013,26595,Djupevika,medikamentell,badebehandling,Deltamethrin,,,,deler av lokaliteten,1223,TYSNES,12,Hordaland,60.03628,5.344117,3,Karmøy til Sotra,
1,2013,26595,Djupevika,medikamentell,badebehandling,Deltamethrin,,,,deler av lokaliteten,1223,TYSNES,12,Hordaland,60.03628,5.344117,3,Karmøy til Sotra,
1,2013,26595,Djupevika,medikamentell,badebehandling,Deltamethrin,,,,deler av lokaliteten,1223,TYSNES,12,Hordaland,60.03628,5.344117,3,Karmøy til Sotra,
1,2013,26595,Djupevika,medikamentell,badebehandling,Deltamethrin,,,,deler av lokaliteten,1223,TYSNES,12,Hordaland,60.03628,5.344117,3,Karmøy til Sotra,
1,2013,26595,Djupevika,medikamentell,badebehandling,Deltamethrin,,,,deler av lokaliteten,1223,TYSNES,12,Hordaland,60.03628,5.344117,3,Karmøy til Sotra,
1,2013,26595,Djupevika,medikamentell,badebehandling,Deltamethrin,,,,deler av lokaliteten,1223,TYSNES,12,Hordaland,60.03628,5.344117,3,Karmøy til Sotra,
1,2013,10045,Eidholmen,rensefisk,,,1693,Bergnebb,5000,hele lokaliteten,1244,AUSTEVOLL,12,Hordaland,60.08808,5.120633,3,Karmøy til Sotra,
1,2013,11556,Engevik,medikamentell,badebehandling,Deltamethrin,,,,deler av lokaliteten,1222,FITJAR,12,Hordaland,59.96425,5.379817,3,Karmøy til Sotra,
1,2013,11556,Engevik,medikamentell,badebehandling,Deltamethrin,,,,deler av lokaliteten,1222,FITJAR,12,Hordaland,59.96425,5.379817,3,Karmøy til Sotra,
1,2013,11736,Fureholmen S,medikamentell,fôrbehandling,Teflubenzuron,,,,hele lokaliteten,1412,SOLUND,14,Sogn og Fjordane,61.05705,4.866133,4,Nordhordaland til Stadt,
1,2013,12714,Gjerdinga,medikamentell,badebehandling,Azamethiphos,,,,deler av lokaliteten,1751,NÆRØY,17,Nord-Trøndelag,64.94638,11.462217,7,Nord-Trøndelag med Bindal,
1,2013,12714,Gjerdinga,medikamentell,badebehandling,Azamethiphos,,,,deler av lokaliteten,1751,NÆRØY,17,Nord-Trøndelag,64.94638,11.462217,7,Nord-Trøndelag med Bindal,
1,2013,12714,Gjerdinga,medikamentell,badebehandling,Deltamethrin,,,,deler av lokaliteten,1751,NÆRØY,17,Nord-Trøndelag,64.94638,11.462217,7,Nord-Trøndelag med Bindal,
1,2013,12714,Gjerdinga,medikamentell,badebehandling,Deltamethrin,,,,deler av lokaliteten,1751,NÆRØY,17,Nord-Trøndelag,64.94638,11.462217,7,Nord-Trøndelag med Bindal,
1,2013,32317,Guriøyna,medikamentell,badebehandling,Cypermethrin,,,,hele lokaliteten,1428,ASKVOLL,14,Sogn og Fjordane,61.297916,4.66045,4,Nordhordaland til Stadt,
1,2013,10291,Hiskholmen,medikamentell,fôrbehandling,Annet virkestoff,,,,hele lokaliteten,1219,BØMLO,12,Hordaland,59.72663,5.145617,3,Karmøy til Sotra,
1,2013,12652,Kråkøya,medikamentell,fôrbehandling,Diflubenzuron,,,,hele lokaliteten,1750,VIKNA,17,Nord-Trøndelag,65.004295,11.039782,7,Nord-Trøndelag med Bindal,
1,2013,14040,Krigsholmen,medikamentell,fôrbehandling,Teflubenzuron,,,,hele lokaliteten,1244,AUSTEVOLL,12,Hordaland,60.081383,5.124117,3,Karmøy til Sotra,
1,2013,14040,Krigsholmen,medikamentell,fôrbehandling,Teflubenzuron,,,,hele lokaliteten,1244,AUSTEVOLL,12,Hordaland,60.081383,5.124117,3,Karmøy til Sotra,
1,2013,11714,Kvernhusvika,rensefisk,,,1694,Grøngylt,15400,hele lokaliteten,1412,SOLUND,14,Sogn og Fjordane,61.0678,4.94225,4,Nordhordaland til Stadt,
1,2013,11714,Kvernhusvika,rensefisk,,,1691,Berggylt,2800,hele lokaliteten,1412,SOLUND,14,Sogn og Fjordane,61.0678,4.94225,4,Nordhordaland til Stadt,
1,2013,13541,Midtflua,medikamentell,badebehandling,Annet virkestoff,,,,deler av lokaliteten,1223,TYSNES,12,Hordaland,60.076267,5.466533,3,Karmøy til Sotra,
1,2013,13541,Midtflua,medikamentell,badebehandling,Deltamethrin,,,,deler av lokaliteten,1223,TYSNES,12,Hordaland,60.076267,5.466533,3,Karmøy til Sotra,
1,2013,13541,Midtflua,medikamentell,badebehandling,Deltamethrin,,,,deler av lokaliteten,1223,TYSNES,12,Hordaland,60.076267,5.466533,3,Karmøy til Sotra,
1,2013,10309,Syrtangen,medikamentell,badebehandling,Azamethiphos,,,,hele lokaliteten,1259,ØYGARDEN,12,Hordaland,60.468468,4.965967,4,Nordhordaland til Stadt,
1,2013,10309,Syrtangen,medikamentell,badebehandling,Azamethiphos,,,,hele lokaliteten,1259,ØYGARDEN,12,Hordaland,60.468468,4.965967,4,Nordhordaland til Stadt,
1,2013,10309,Syrtangen,medikamentell,badebehandling,Azamethiphos,,,,hele lokaliteten,1259,ØYGARDEN,12,Hordaland,60.468468,4.965967,4,Nordhordaland til Stadt,
1,2013,10309,Syrtangen,medikamentell,badebehandling,Azamethiphos,,,,hele lokaliteten,1259,ØYGARDEN,12,Hordaland,60.468468,4.965967,4,Nordhordaland til Stadt,
1,2013,10029,Tuholmane Ø,medikamentell,badebehandling,Azamethiphos,,,,hele lokaliteten,1149,KARMØY,11,Rogaland,59.372032,5.20965,3,Karmøy til Sotra,
1,2013,12885,Vikageilen,medikamentell,badebehandling,Azamethiphos,,,,hele lokaliteten,1505,KRISTIANSUND,15,Møre og Romsdal,63.075783,7.906067,6,Nordmøre og Sør-Trøndelag,
1,2013,12885,Vikageilen,medikamentell,badebehandling,Azamethiphos,,,,hele lokaliteten,1505,KRISTIANSUND,15,Møre og Romsdal,63.075783,7.906067,6,Nordmøre og Sør-Trøndelag,
1,2013,12885,Vikageilen,medikamentell,badebehandling,Deltamethrin,,,,hele lokaliteten,1505,KRISTIANSUND,15,Møre og Romsdal,63.075783,7.906067,6,Nordmøre og Sør-Trøndelag,
1,2013,12885,Vikageilen,medikamentell,badebehandling,Deltamethrin,,,,hele lokaliteten,1505,KRISTIANSUND,15,Møre og Romsdal,63.075783,7.906067,6,Nordmøre og Sør-Trøndelag,
