Uke,År,Lokalitetsnummer,Lokalitetsnavn,Tiltak,Type behandling,Virkestoff,ArtsId,Rensefisk,Antall,Omfang,Kommunenummer,Kommune,Fylkesnummer,Fylke,Lat,Lon,ProduksjonsområdeId,Produksjonsområde,Antall merder
33,2012,12982,Aldeøyna,medikamentell,badebehandling,Cypermethrin,,,,hele lokaliteten,1428,ASKVOLL,14,Sogn og Fjordane,61.31025,4.76905,4,Nordhordaland til Stadt,
33,2012,11513,Andal,rensefisk,,,1693,Bergnebb,3200,hele lokaliteten,1219,BØMLO,12,Hordaland,59.63655,5.2466,3,Karmøy til Sotra,
33,2012,24695,Årnes,rensefisk,,,1693,Bergnebb,55075,hele lokaliteten,1703,NAMSOS,17,Nord-Trøndelag,64.5961,11.273417,7,Nord-Trøndelag med Bindal,
33,2012,12988,Aukrasanden,rensefisk,,,1693,Bergnebb,5340,deler av lokaliteten,1547,AUKRA,15,Møre og Romsdal,62.783417,6.92605,5,Stadt til Hustadvika,
33,2012,12357,Aursøysva,rensefisk,,,1691,Berggylt,929,hele lokaliteten,1620,FRØYA,16,Sør-Trøndelag,63.80015,8.906083,6,Nordmøre og Sør-Trøndelag,
33,2012,13572,Badstuvika,rensefisk,,,1693,Bergnebb,51041,deler av lokaliteten,1617,HITRA,16,Sør-Trøndelag,63.53398,9.1469,6,Nordmøre og Sør-Trøndelag,
33,2012,29016,Båfjordstranda,medikamentell,badebehandling,Annet virkestoff,,,,hele lokaliteten,1751,NÆRØY,17,Nord-Trøndelag,64.96465,11.592733,7,Nord-Trøndelag med Bindal,
33,2012,29016,Båfjordstranda,medikamentell,badebehandling,Azamethiphos,,,,hele lokaliteten,1751,NÆRØY,17,Nord-Trøndelag,64.96465,11.592733,7,Nord-Trøndelag med Bindal,
33,2012,13341,Bakjestranda,rensefisk,,,1691,Berggylt,2,deler av lokaliteten,1438,BREMANGER,14,Sogn og Fjordane,61.820415,4.937017,4,Nordhordaland til Stadt,
33,2012,13341,Bakjestranda,rensefisk,,,1691,Berggylt,1,deler av lokaliteten,1438,BREMANGER,14,Sogn og Fjordane,61.820415,4.937017,4,Nordhordaland til Stadt,
33,2012,13341,Bakjestranda,rensefisk,,,1692,Annen leppefisk,4,deler av lokaliteten,1438,BREMANGER,14,Sogn og Fjordane,61.820415,4.937017,4,Nordhordaland til Stadt,
33,2012,13845,Beitveit,rensefisk,,,1694,Grøngylt,1311,deler av lokaliteten,1441,SELJE,14,Sogn og Fjordane,62.141216,5.32675,5,Stadt til Hustadvika,
33,2012,13845,Beitveit,rensefisk,,,1693,Bergnebb,2537,deler av lokaliteten,1441,SELJE,14,Sogn og Fjordane,62.141216,5.32675,5,Stadt til Hustadvika,
33,2012,13845,Beitveit,rensefisk,,,1692,Annen leppefisk,1180,deler av lokaliteten,1441,SELJE,14,Sogn og Fjordane,62.141216,5.32675,5,Stadt til Hustadvika,
33,2012,13845,Beitveit,rensefisk,,,1691,Berggylt,440,deler av lokaliteten,1441,SELJE,14,Sogn og Fjordane,62.141216,5.32675,5,Stadt til Hustadvika,
33,2012,11930,Bjelkavik,rensefisk,,,1691,Berggylt,336,deler av lokaliteten,1134,SULDAL,11,Rogaland,59.44718,5.986017,2,Ryfylke,
33,2012,11930,Bjelkavik,rensefisk,,,1694,Grøngylt,1754,deler av lokaliteten,1134,SULDAL,11,Rogaland,59.44718,5.986017,2,Ryfylke,
33,2012,12178,Bjønnspjotneset,medikamentell,badebehandling,Cypermethrin,,,,hele lokaliteten,1416,HØYANGER,14,Sogn og Fjordane,61.0985,5.825533,4,Nordhordaland til Stadt,
33,2012,12252,Bogen Md,rensefisk,,,1694,Grøngylt,178,deler av lokaliteten,1545,MIDSUND,15,Møre og Romsdal,62.69082,6.868767,5,Stadt til Hustadvika,
33,2012,10256,Bondøya,rensefisk,,,1693,Bergnebb,17505,hele lokaliteten,1750,VIKNA,17,Nord-Trøndelag,64.81715,10.7425,7,Nord-Trøndelag med Bindal,
33,2012,13205,Brattholmen,rensefisk,,,1694,Grøngylt,130,deler av lokaliteten,1412,SOLUND,14,Sogn og Fjordane,61.068382,4.713817,4,Nordhordaland til Stadt,
33,2012,13205,Brattholmen,rensefisk,,,1691,Berggylt,955,deler av lokaliteten,1412,SOLUND,14,Sogn og Fjordane,61.068382,4.713817,4,Nordhordaland til Stadt,
33,2012,11574,Breivik S,rensefisk,,,1694,Grøngylt,4376,deler av lokaliteten,1219,BØMLO,12,Hordaland,59.671185,5.31215,3,Karmøy til Sotra,
33,2012,11574,Breivik S,rensefisk,,,1691,Berggylt,475,deler av lokaliteten,1219,BØMLO,12,Hordaland,59.671185,5.31215,3,Karmøy til Sotra,
33,2012,10223,Bremnessvaet,rensefisk,,,1694,Grøngylt,50,deler av lokaliteten,1573,SMØLA,15,Møre og Romsdal,63.39795,8.214317,6,Nordmøre og Sør-Trøndelag,
33,2012,10223,Bremnessvaet,rensefisk,,,1693,Bergnebb,1994,deler av lokaliteten,1573,SMØLA,15,Møre og Romsdal,63.39795,8.214317,6,Nordmøre og Sør-Trøndelag,
33,2012,10223,Bremnessvaet,rensefisk,,,1691,Berggylt,63,deler av lokaliteten,1573,SMØLA,15,Møre og Romsdal,63.39795,8.214317,6,Nordmøre og Sør-Trøndelag,
33,2012,32457,Dalsvåg Nv,rensefisk,,,1691,Berggylt,2050,hele lokaliteten,1149,KARMØY,11,Rogaland,59.410416,5.218033,3,Karmøy til Sotra,
33,2012,32457,Dalsvåg Nv,rensefisk,,,1694,Grøngylt,1780,hele lokaliteten,1149,KARMØY,11,Rogaland,59.410416,5.218033,3,Karmøy til Sotra,
33,2012,32457,Dalsvåg Nv,rensefisk,,,1693,Bergnebb,4900,hele lokaliteten,1149,KARMØY,11,Rogaland,59.410416,5.218033,3,Karmøy til Sotra,
33,2012,13229,Djupedalen,medikamentell,badebehandling,Deltamethrin,,,,hele lokaliteten,1241,FUSA,12,Hordaland,60.230865,5.6733,3,Karmøy til Sotra,
33,2012,21415,Dyrholmen,rensefisk,,,1691,Berggylt,566,deler av lokaliteten,1141,FINNØY,11,Rogaland,59.285484,5.8583,2,Ryfylke,
33,2012,21415,Dyrholmen,rensefisk,,,1693,Bergnebb,1890,deler av lokaliteten,1141,FINNØY,11,Rogaland,59.285484,5.8583,2,Ryfylke,
33,2012,32117,Dyrholmen Øst,rensefisk,,,1693,Bergnebb,5200,hele lokaliteten,1222,FITJAR,12,Hordaland,59.9332,5.239467,3,Karmøy til Sotra,
33,2012,32157,Dyrholmen Vest,rensefisk,,,1693,Bergnebb,5000,deler av lokaliteten,1222,FITJAR,12,Hordaland,59.928516,5.2307,3,Karmøy til Sotra,
33,2012,12128,Dyrnes,rensefisk,,,1691,Berggylt,136,deler av lokaliteten,1224,KVINNHERAD,12,Hordaland,59.71765,5.72205,3,Karmøy til Sotra,
33,2012,12128,Dyrnes,rensefisk,,,1692,Annen leppefisk,815,deler av lokaliteten,1224,KVINNHERAD,12,Hordaland,59.71765,5.72205,3,Karmøy til Sotra,
33,2012,12128,Dyrnes,rensefisk,,,1694,Grøngylt,896,deler av lokaliteten,1224,KVINNHERAD,12,Hordaland,59.71765,5.72205,3,Karmøy til Sotra,
33,2012,12800,Flatøya,rensefisk,,,1693,Bergnebb,28287,hele lokaliteten,1627,BJUGN,16,Sør-Trøndelag,63.901875,9.843085,6,Nordmøre og Sør-Trøndelag,
33,2012,11736,Fureholmen S,rensefisk,,,1694,Grøngylt,4322,hele lokaliteten,1412,SOLUND,14,Sogn og Fjordane,61.05705,4.866133,4,Nordhordaland til Stadt,
33,2012,11736,Fureholmen S,rensefisk,,,1691,Berggylt,1855,hele lokaliteten,1412,SOLUND,14,Sogn og Fjordane,61.05705,4.866133,4,Nordhordaland til Stadt,
33,2012,22015,Fureneset,rensefisk,,,1691,Berggylt,20000,hele lokaliteten,1412,SOLUND,14,Sogn og Fjordane,61.165516,5.052567,4,Nordhordaland til Stadt,
33,2012,12078,Gangdal,rensefisk,,,1691,Berggylt,10000,hele lokaliteten,1227,JONDAL,12,Hordaland,60.215935,6.156667,3,Karmøy til Sotra,
33,2012,24315,Gjæsingen,rensefisk,,,1691,Berggylt,43556,hele lokaliteten,1630,ÅFJORD,16,Sør-Trøndelag,64.117615,9.981417,6,Nordmøre og Sør-Trøndelag,
33,2012,11559,Grimsholmen,medikamentell,badebehandling,Annet virkestoff,,,,deler av lokaliteten,1216,SVEIO,12,Hordaland,59.6554,5.403517,3,Karmøy til Sotra,
33,2012,11559,Grimsholmen,ikke-medikamentell,,,,,,hele lokaliteten,1216,SVEIO,12,Hordaland,59.6554,5.403517,3,Karmøy til Sotra,
33,2012,11771,Grisholmsundet,rensefisk,,,1692,Annen leppefisk,1500,hele lokaliteten,1265,FEDJE,12,Hordaland,60.7927,4.693717,4,Nordhordaland til Stadt,
33,2012,12435,Grøttingsøy,medikamentell,badebehandling,Azamethiphos,,,,hele lokaliteten,1620,FRØYA,16,Sør-Trøndelag,63.879684,8.543767,6,Nordmøre og Sør-Trøndelag,
33,2012,12435,Grøttingsøy,medikamentell,badebehandling,Deltamethrin,,,,hele lokaliteten,1620,FRØYA,16,Sør-Trøndelag,63.879684,8.543767,6,Nordmøre og Sør-Trøndelag,
33,2012,17177,Grunneneset,medikamentell,badebehandling,Deltamethrin,,,,hele lokaliteten,1438,BREMANGER,14,Sogn og Fjordane,61.893116,5.35185,4,Nordhordaland til Stadt,
33,2012,24735,Gulholmen,rensefisk,,,1692,Annen leppefisk,4000,deler av lokaliteten,1243,OS I HORDALAND,12,Hordaland,60.1282,5.400467,3,Karmøy til Sotra,
33,2012,12723,Gullholmen,rensefisk,,,1693,Bergnebb,5254,deler av lokaliteten,1751,NÆRØY,17,Nord-Trøndelag,65.01716,11.724247,7,Nord-Trøndelag med Bindal,
33,2012,32317,Guriøyna,rensefisk,,,1694,Grøngylt,2467,hele lokaliteten,1428,ASKVOLL,14,Sogn og Fjordane,61.297916,4.66045,4,Nordhordaland til Stadt,
33,2012,32317,Guriøyna,rensefisk,,,1693,Bergnebb,1876,hele lokaliteten,1428,ASKVOLL,14,Sogn og Fjordane,61.297916,4.66045,4,Nordhordaland til Stadt,
33,2012,32317,Guriøyna,rensefisk,,,1691,Berggylt,673,hele lokaliteten,1428,ASKVOLL,14,Sogn og Fjordane,61.297916,4.66045,4,Nordhordaland til Stadt,
33,2012,13886,Hallarøy V,rensefisk,,,1691,Berggylt,175,hele lokaliteten,1620,FRØYA,16,Sør-Trøndelag,63.99533,9.123163,6,Nordmøre og Sør-Trøndelag,
33,2012,13886,Hallarøy V,rensefisk,,,1694,Grøngylt,2459,hele lokaliteten,1620,FRØYA,16,Sør-Trøndelag,63.99533,9.123163,6,Nordmøre og Sør-Trøndelag,
33,2012,12895,Halsbukta,rensefisk,,,1691,Berggylt,225,deler av lokaliteten,1560,TINGVOLL,15,Møre og Romsdal,63.077686,8.143622,6,Nordmøre og Sør-Trøndelag,
33,2012,12895,Halsbukta,rensefisk,,,1694,Grøngylt,163,deler av lokaliteten,1560,TINGVOLL,15,Møre og Romsdal,63.077686,8.143622,6,Nordmøre og Sør-Trøndelag,
33,2012,12895,Halsbukta,rensefisk,,,1693,Bergnebb,7204,deler av lokaliteten,1560,TINGVOLL,15,Møre og Romsdal,63.077686,8.143622,6,Nordmøre og Sør-Trøndelag,
33,2012,26615,Haug,medikamentell,badebehandling,Cypermethrin,,,,deler av lokaliteten,1911,KVÆFJORD,19,Troms,68.76693,16.06485,10,Andøya til Senja,
33,2012,11740,Haverøy,rensefisk,,,1694,Grøngylt,12186,deler av lokaliteten,1246,FJELL,12,Hordaland,60.404034,4.939267,3,Karmøy til Sotra,
33,2012,13503,Heggvika,rensefisk,,,1693,Bergnebb,11954,deler av lokaliteten,1617,HITRA,16,Sør-Trøndelag,63.6106,9.050733,6,Nordmøre og Sør-Trøndelag,
33,2012,12590,Helligholmen,rensefisk,,,1693,Bergnebb,10980,deler av lokaliteten,1750,VIKNA,17,Nord-Trøndelag,64.83839,10.665517,7,Nord-Trøndelag med Bindal,
33,2012,14136,Hestholmen Ø,rensefisk,,,1693,Bergnebb,6330,deler av lokaliteten,1144,KVITSØY,11,Rogaland,59.061565,5.445683,2,Ryfylke,
33,2012,10300,Hillersvik,rensefisk,,,1691,Berggylt,15000,hele lokaliteten,1216,SVEIO,12,Hordaland,59.6084,5.311917,3,Karmøy til Sotra,
33,2012,12036,Hisdalen,rensefisk,,,1694,Grøngylt,17500,hele lokaliteten,1224,KVINNHERAD,12,Hordaland,60.12602,5.931333,3,Karmøy til Sotra,
33,2012,13643,Hjartholm,rensefisk,,,1694,Grøngylt,1316,deler av lokaliteten,1411,GULEN,14,Sogn og Fjordane,61.034733,5.329633,4,Nordhordaland til Stadt,
33,2012,13643,Hjartholm,rensefisk,,,1691,Berggylt,153,deler av lokaliteten,1411,GULEN,14,Sogn og Fjordane,61.034733,5.329633,4,Nordhordaland til Stadt,
33,2012,17176,Holandselv,medikamentell,badebehandling,Cypermethrin,,,,deler av lokaliteten,1911,KVÆFJORD,19,Troms,68.69912,15.978933,10,Andøya til Senja,
33,2012,14882,Horjona,rensefisk,,,1691,Berggylt,3151,deler av lokaliteten,1238,KVAM,12,Hordaland,60.270782,6.187033,3,Karmøy til Sotra,
33,2012,13231,Høylandssund,medikamentell,badebehandling,Cypermethrin,,,,deler av lokaliteten,1224,KVINNHERAD,12,Hordaland,59.776268,5.8309,3,Karmøy til Sotra,
33,2012,19939,Høysteinen,rensefisk,,,1692,Annen leppefisk,1920,deler av lokaliteten,1224,KVINNHERAD,12,Hordaland,60.15665,6.048633,3,Karmøy til Sotra,
33,2012,18936,Igerøy Ø,rensefisk,,,1694,Grøngylt,9092,deler av lokaliteten,1815,VEGA,18,Nordland,65.68625,12.138783,8,Helgeland til Bodø,
33,2012,18936,Igerøy Ø,rensefisk,,,1691,Berggylt,2657,deler av lokaliteten,1815,VEGA,18,Nordland,65.68625,12.138783,8,Helgeland til Bodø,
33,2012,13236,Indre Oppedal,rensefisk,,,1694,Grøngylt,1515,deler av lokaliteten,1411,GULEN,14,Sogn og Fjordane,61.067,5.564817,4,Nordhordaland til Stadt,
33,2012,31517,Kamholmen,medikamentell,badebehandling,Deltamethrin,,,,hele lokaliteten,1620,FRØYA,16,Sør-Trøndelag,63.762417,8.882933,6,Nordmøre og Sør-Trøndelag,
33,2012,31517,Kamholmen,rensefisk,,,1693,Bergnebb,4000,hele lokaliteten,1620,FRØYA,16,Sør-Trøndelag,63.762417,8.882933,6,Nordmøre og Sør-Trøndelag,
33,2012,14042,Kattholmen,medikamentell,badebehandling,Annet virkestoff,,,,hele lokaliteten,1620,FRØYA,16,Sør-Trøndelag,63.871017,8.678283,6,Nordmøre og Sør-Trøndelag,
33,2012,14042,Kattholmen,medikamentell,badebehandling,Azamethiphos,,,,hele lokaliteten,1620,FRØYA,16,Sør-Trøndelag,63.871017,8.678283,6,Nordmøre og Sør-Trøndelag,
33,2012,30437,Kattholmen II,medikamentell,badebehandling,Annet virkestoff,,,,hele lokaliteten,1620,FRØYA,16,Sør-Trøndelag,63.8661,8.675683,6,Nordmøre og Sør-Trøndelag,
33,2012,30437,Kattholmen II,medikamentell,badebehandling,Azamethiphos,,,,hele lokaliteten,1620,FRØYA,16,Sør-Trøndelag,63.8661,8.675683,6,Nordmøre og Sør-Trøndelag,
33,2012,30437,Kattholmen II,rensefisk,,,1694,Grøngylt,3229,deler av lokaliteten,1620,FRØYA,16,Sør-Trøndelag,63.8661,8.675683,6,Nordmøre og Sør-Trøndelag,
33,2012,28976,Kelvesteinen,rensefisk,,,1691,Berggylt,9027,deler av lokaliteten,1246,FJELL,12,Hordaland,60.4029,5.063717,3,Karmøy til Sotra,
33,2012,13225,Kilaneset,medikamentell,badebehandling,Deltamethrin,,,,deler av lokaliteten,1134,SULDAL,11,Rogaland,59.31335,6.2672,2,Ryfylke,
33,2012,13225,Kilaneset,rensefisk,,,1691,Berggylt,1000,deler av lokaliteten,1134,SULDAL,11,Rogaland,59.31335,6.2672,2,Ryfylke,
33,2012,13225,Kilaneset,rensefisk,,,1694,Grøngylt,2500,deler av lokaliteten,1134,SULDAL,11,Rogaland,59.31335,6.2672,2,Ryfylke,
33,2012,13339,Klungervikneset,rensefisk,,,1692,Annen leppefisk,1993,deler av lokaliteten,1219,BØMLO,12,Hordaland,59.74668,5.3424,3,Karmøy til Sotra,
33,2012,11763,Knappen,rensefisk,,,1691,Berggylt,23000,hele lokaliteten,1259,ØYGARDEN,12,Hordaland,60.573566,4.8185,4,Nordhordaland til Stadt,
33,2012,10224,Korsneset,rensefisk,,,1693,Bergnebb,3363,hele lokaliteten,1571,HALSA,15,Møre og Romsdal,63.142735,8.224933,6,Nordmøre og Sør-Trøndelag,
33,2012,10224,Korsneset,rensefisk,,,1694,Grøngylt,429,hele lokaliteten,1571,HALSA,15,Møre og Romsdal,63.142735,8.224933,6,Nordmøre og Sør-Trøndelag,
33,2012,10224,Korsneset,rensefisk,,,1691,Berggylt,1684,hele lokaliteten,1571,HALSA,15,Møre og Romsdal,63.142735,8.224933,6,Nordmøre og Sør-Trøndelag,
33,2012,32097,Korsneset 2,rensefisk,,,1693,Bergnebb,412,hele lokaliteten,1571,HALSA,15,Møre og Romsdal,63.1413,8.21335,6,Nordmøre og Sør-Trøndelag,
33,2012,11809,Krabbestig,rensefisk,,,1694,Grøngylt,11893,hele lokaliteten,1439,VÅGSØY,14,Sogn og Fjordane,61.894566,5.0616,4,Nordhordaland til Stadt,
33,2012,11809,Krabbestig,rensefisk,,,1691,Berggylt,8199,hele lokaliteten,1439,VÅGSØY,14,Sogn og Fjordane,61.894566,5.0616,4,Nordhordaland til Stadt,
33,2012,11719,Kråkenes,rensefisk,,,1694,Grøngylt,6210,hele lokaliteten,1412,SOLUND,14,Sogn og Fjordane,61.05835,4.921317,4,Nordhordaland til Stadt,
33,2012,11719,Kråkenes,rensefisk,,,1691,Berggylt,2700,hele lokaliteten,1412,SOLUND,14,Sogn og Fjordane,61.05835,4.921317,4,Nordhordaland til Stadt,
33,2012,12239,Kråknes,rensefisk,,,1694,Grøngylt,907,deler av lokaliteten,1547,AUKRA,15,Møre og Romsdal,62.8316,6.962767,5,Stadt til Hustadvika,
33,2012,12239,Kråknes,rensefisk,,,1693,Bergnebb,2955,deler av lokaliteten,1547,AUKRA,15,Møre og Romsdal,62.8316,6.962767,5,Stadt til Hustadvika,
33,2012,12239,Kråknes,rensefisk,,,1691,Berggylt,208,deler av lokaliteten,1547,AUKRA,15,Møre og Romsdal,62.8316,6.962767,5,Stadt til Hustadvika,
33,2012,11714,Kvernhusvika,rensefisk,,,1694,Grøngylt,15400,hele lokaliteten,1412,SOLUND,14,Sogn og Fjordane,61.0678,4.94225,4,Nordhordaland til Stadt,
33,2012,11714,Kvernhusvika,rensefisk,,,1691,Berggylt,2800,hele lokaliteten,1412,SOLUND,14,Sogn og Fjordane,61.0678,4.94225,4,Nordhordaland til Stadt,
33,2012,11775,Kviteskjeret,rensefisk,,,1692,Annen leppefisk,1444,deler av lokaliteten,1428,ASKVOLL,14,Sogn og Fjordane,61.467815,5.2203,4,Nordhordaland til Stadt,
33,2012,11775,Kviteskjeret,rensefisk,,,1691,Berggylt,1142,deler av lokaliteten,1428,ASKVOLL,14,Sogn og Fjordane,61.467815,5.2203,4,Nordhordaland til Stadt,
33,2012,11775,Kviteskjeret,rensefisk,,,1693,Bergnebb,2163,deler av lokaliteten,1428,ASKVOLL,14,Sogn og Fjordane,61.467815,5.2203,4,Nordhordaland til Stadt,
33,2012,11775,Kviteskjeret,rensefisk,,,1694,Grøngylt,9373,deler av lokaliteten,1428,ASKVOLL,14,Sogn og Fjordane,61.467815,5.2203,4,Nordhordaland til Stadt,
33,2012,30216,Kvitfloget,ikke-medikamentell,,,,,,hele lokaliteten,1927,TRANØY,19,Troms,69.14633,17.646017,10,Andøya til Senja,
33,2012,13234,Kysnes,rensefisk,,,1691,Berggylt,10000,hele lokaliteten,1227,JONDAL,12,Hordaland,60.19877,6.09685,3,Karmøy til Sotra,
33,2012,11116,Langholmen,medikamentell,badebehandling,Azamethiphos,,,,hele lokaliteten,1838,GILDESKÅL,18,Nordland,67.05639,14.022987,8,Helgeland til Bodø,
33,2012,10990,Lille Åsvær,rensefisk,,,1694,Grøngylt,900,deler av lokaliteten,1827,DØNNA,18,Nordland,66.22992,12.317917,8,Helgeland til Bodø,
33,2012,10990,Lille Åsvær,rensefisk,,,1693,Bergnebb,30000,deler av lokaliteten,1827,DØNNA,18,Nordland,66.22992,12.317917,8,Helgeland til Bodø,
33,2012,10262,Lille Kvitholmen,rensefisk,,,1693,Bergnebb,7995,deler av lokaliteten,1751,NÆRØY,17,Nord-Trøndelag,65.01318,11.616833,7,Nord-Trøndelag med Bindal,
33,2012,12392,Lille Torsøy,medikamentell,badebehandling,Azamethiphos,,,,hele lokaliteten,1617,HITRA,16,Sør-Trøndelag,63.605633,8.48855,6,Nordmøre og Sør-Trøndelag,
33,2012,12392,Lille Torsøy,medikamentell,badebehandling,Deltamethrin,,,,hele lokaliteten,1617,HITRA,16,Sør-Trøndelag,63.605633,8.48855,6,Nordmøre og Sør-Trøndelag,
33,2012,29056,Lille Torsøy II,medikamentell,badebehandling,Azamethiphos,,,,hele lokaliteten,1617,HITRA,16,Sør-Trøndelag,63.60803,8.494633,6,Nordmøre og Sør-Trøndelag,
33,2012,29056,Lille Torsøy II,medikamentell,badebehandling,Deltamethrin,,,,hele lokaliteten,1617,HITRA,16,Sør-Trøndelag,63.60803,8.494633,6,Nordmøre og Sør-Trøndelag,
33,2012,14076,Lismåsøy,rensefisk,,,1693,Bergnebb,9100,deler av lokaliteten,1813,BRØNNØY,18,Nordland,65.49343,12.168867,8,Helgeland til Bodø,
33,2012,12022,Ljonesbjørgene,rensefisk,,,1691,Berggylt,2064,deler av lokaliteten,1238,KVAM,12,Hordaland,60.2564,6.16585,3,Karmøy til Sotra,
33,2012,26275,Lunderøy,medikamentell,badebehandling,Annet virkestoff,,,,hele lokaliteten,1834,LURØY,18,Nordland,66.36833,12.554367,8,Helgeland til Bodø,
33,2012,26275,Lunderøy,medikamentell,badebehandling,Annet virkestoff,,,,hele lokaliteten,1834,LURØY,18,Nordland,66.36833,12.554367,8,Helgeland til Bodø,
33,2012,12127,Mælen,rensefisk,,,1691,Berggylt,316,deler av lokaliteten,1224,KVINNHERAD,12,Hordaland,59.69998,5.722917,3,Karmøy til Sotra,
33,2012,12127,Mælen,rensefisk,,,1694,Grøngylt,13196,deler av lokaliteten,1224,KVINNHERAD,12,Hordaland,59.69998,5.722917,3,Karmøy til Sotra,
33,2012,12127,Mælen,rensefisk,,,1692,Annen leppefisk,3340,deler av lokaliteten,1224,KVINNHERAD,12,Hordaland,59.69998,5.722917,3,Karmøy til Sotra,
33,2012,31037,Masterholman II,rensefisk,,,1691,Berggylt,2800,hele lokaliteten,1632,ROAN,16,Sør-Trøndelag,64.161964,10.036433,6,Nordmøre og Sør-Trøndelag,
33,2012,10137,Matland,medikamentell,badebehandling,Deltamethrin,,,,hele lokaliteten,1241,FUSA,12,Hordaland,60.264084,5.6591,3,Karmøy til Sotra,
33,2012,10447,Mefaldskjæret,rensefisk,,,1694,Grøngylt,5600,deler av lokaliteten,1820,ALSTAHAUG,18,Nordland,65.85145,12.2872,8,Helgeland til Bodø,
33,2012,31637,Melkøya,rensefisk,,,1694,Grøngylt,4000,hele lokaliteten,1818,HERØY I NORDLAND,18,Nordland,66.081314,12.201183,8,Helgeland til Bodø,
33,2012,13541,Midtflua,rensefisk,,,1693,Bergnebb,11805,deler av lokaliteten,1223,TYSNES,12,Hordaland,60.076267,5.466533,3,Karmøy til Sotra,
33,2012,13629,Munkholmen,rensefisk,,,1694,Grøngylt,4732,deler av lokaliteten,1146,TYSVÆR,11,Rogaland,59.285484,5.631317,2,Ryfylke,
33,2012,13629,Munkholmen,rensefisk,,,1691,Berggylt,627,deler av lokaliteten,1146,TYSVÆR,11,Rogaland,59.285484,5.631317,2,Ryfylke,
33,2012,10303,Nappeholmane,rensefisk,,,1692,Annen leppefisk,8978,deler av lokaliteten,1219,BØMLO,12,Hordaland,59.74275,5.363817,3,Karmøy til Sotra,
33,2012,26315,Nordgjæslingan,medikamentell,badebehandling,Azamethiphos,,,,deler av lokaliteten,1750,VIKNA,17,Nord-Trøndelag,64.7659,10.9128,7,Nord-Trøndelag med Bindal,
33,2012,26315,Nordgjæslingan,medikamentell,badebehandling,Azamethiphos,,,,deler av lokaliteten,1750,VIKNA,17,Nord-Trøndelag,64.7659,10.9128,7,Nord-Trøndelag med Bindal,
33,2012,26315,Nordgjæslingan,medikamentell,badebehandling,Azamethiphos,,,,deler av lokaliteten,1750,VIKNA,17,Nord-Trøndelag,64.7659,10.9128,7,Nord-Trøndelag med Bindal,
33,2012,26315,Nordgjæslingan,medikamentell,badebehandling,Azamethiphos,,,,deler av lokaliteten,1750,VIKNA,17,Nord-Trøndelag,64.7659,10.9128,7,Nord-Trøndelag med Bindal,
33,2012,26315,Nordgjæslingan,medikamentell,badebehandling,Deltamethrin,,,,deler av lokaliteten,1750,VIKNA,17,Nord-Trøndelag,64.7659,10.9128,7,Nord-Trøndelag med Bindal,
33,2012,26315,Nordgjæslingan,medikamentell,badebehandling,Deltamethrin,,,,deler av lokaliteten,1750,VIKNA,17,Nord-Trøndelag,64.7659,10.9128,7,Nord-Trøndelag med Bindal,
33,2012,26315,Nordgjæslingan,medikamentell,badebehandling,Deltamethrin,,,,deler av lokaliteten,1750,VIKNA,17,Nord-Trøndelag,64.7659,10.9128,7,Nord-Trøndelag med Bindal,
33,2012,26315,Nordgjæslingan,medikamentell,badebehandling,Deltamethrin,,,,deler av lokaliteten,1750,VIKNA,17,Nord-Trøndelag,64.7659,10.9128,7,Nord-Trøndelag med Bindal,
33,2012,13020,Nygård,rensefisk,,,1692,Annen leppefisk,6000,hele lokaliteten,1242,SAMNANGER,12,Hordaland,60.357666,5.684917,3,Karmøy til Sotra,
33,2012,10181,Oksebåsen V,medikamentell,badebehandling,Deltamethrin,,,,hele lokaliteten,1532,GISKE,15,Møre og Romsdal,62.5174,6.15805,5,Stadt til Hustadvika,
33,2012,10181,Oksebåsen V,rensefisk,,,1694,Grøngylt,3321,deler av lokaliteten,1532,GISKE,15,Møre og Romsdal,62.5174,6.15805,5,Stadt til Hustadvika,
33,2012,10181,Oksebåsen V,rensefisk,,,1691,Berggylt,1679,deler av lokaliteten,1532,GISKE,15,Møre og Romsdal,62.5174,6.15805,5,Stadt til Hustadvika,
33,2012,31697,Oksen,medikamentell,badebehandling,Cypermethrin,,,,hele lokaliteten,1246,FJELL,12,Hordaland,60.43382,4.9411,3,Karmøy til Sotra,
33,2012,31697,Oksen,ikke-medikamentell,,,,,,hele lokaliteten,1246,FJELL,12,Hordaland,60.43382,4.9411,3,Karmøy til Sotra,
33,2012,31697,Oksen,rensefisk,,,1694,Grøngylt,7216,hele lokaliteten,1246,FJELL,12,Hordaland,60.43382,4.9411,3,Karmøy til Sotra,
33,2012,12383,Omsøyholman,rensefisk,,,1694,Grøngylt,4961,deler av lokaliteten,1617,HITRA,16,Sør-Trøndelag,63.63162,8.574817,6,Nordmøre og Sør-Trøndelag,
33,2012,12383,Omsøyholman,rensefisk,,,1691,Berggylt,7933,deler av lokaliteten,1617,HITRA,16,Sør-Trøndelag,63.63162,8.574817,6,Nordmøre og Sør-Trøndelag,
33,2012,30518,Ørnfjordbotn,medikamentell,fôrbehandling,Emamectin benzoat,,,,hele lokaliteten,1931,LENVIK,19,Troms,69.49147,17.673067,10,Andøya til Senja,
33,2012,30518,Ørnfjordbotn,medikamentell,fôrbehandling,Emamectin benzoat,,,,hele lokaliteten,1931,LENVIK,19,Troms,69.49147,17.673067,10,Andøya til Senja,
33,2012,12394,Ørnøya,rensefisk,,,1691,Berggylt,296,deler av lokaliteten,1620,FRØYA,16,Sør-Trøndelag,63.761868,8.445183,6,Nordmøre og Sør-Trøndelag,
33,2012,12394,Ørnøya,rensefisk,,,1694,Grøngylt,2617,deler av lokaliteten,1620,FRØYA,16,Sør-Trøndelag,63.761868,8.445183,6,Nordmøre og Sør-Trøndelag,
33,2012,12394,Ørnøya,rensefisk,,,1693,Bergnebb,3344,deler av lokaliteten,1620,FRØYA,16,Sør-Trøndelag,63.761868,8.445183,6,Nordmøre og Sør-Trøndelag,
33,2012,12179,Oslandsurda,medikamentell,badebehandling,Cypermethrin,,,,hele lokaliteten,1416,HØYANGER,14,Sogn og Fjordane,61.0795,5.8099,4,Nordhordaland til Stadt,
33,2012,19655,Ospeneset,rensefisk,,,1694,Grøngylt,7000,hele lokaliteten,1263,LINDÅS,12,Hordaland,60.74523,5.270067,4,Nordhordaland til Stadt,
33,2012,13565,Øvreås,rensefisk,,,1694,Grøngylt,3160,hele lokaliteten,1263,LINDÅS,12,Hordaland,60.67298,5.397417,4,Nordhordaland til Stadt,
33,2012,13565,Øvreås,rensefisk,,,1693,Bergnebb,3160,hele lokaliteten,1263,LINDÅS,12,Hordaland,60.67298,5.397417,4,Nordhordaland til Stadt,
33,2012,13565,Øvreås,rensefisk,,,1691,Berggylt,1800,hele lokaliteten,1263,LINDÅS,12,Hordaland,60.67298,5.397417,4,Nordhordaland til Stadt,
33,2012,11688,Portevika,rensefisk,,,1691,Berggylt,3000,hele lokaliteten,1413,HYLLESTAD,14,Sogn og Fjordane,61.18885,5.090017,4,Nordhordaland til Stadt,
33,2012,11651,Ramsøy S,rensefisk,,,1691,Berggylt,2821,hele lokaliteten,1247,ASKØY,12,Hordaland,60.434082,5.062733,3,Karmøy til Sotra,
33,2012,11651,Ramsøy S,rensefisk,,,1694,Grøngylt,14663,hele lokaliteten,1247,ASKØY,12,Hordaland,60.434082,5.062733,3,Karmøy til Sotra,
33,2012,11687,Ramsvik,rensefisk,,,1692,Annen leppefisk,94,deler av lokaliteten,1263,LINDÅS,12,Hordaland,60.57878,5.190617,4,Nordhordaland til Stadt,
33,2012,11687,Ramsvik,rensefisk,,,1694,Grøngylt,3573,deler av lokaliteten,1263,LINDÅS,12,Hordaland,60.57878,5.190617,4,Nordhordaland til Stadt,
33,2012,11687,Ramsvik,rensefisk,,,1693,Bergnebb,3526,deler av lokaliteten,1263,LINDÅS,12,Hordaland,60.57878,5.190617,4,Nordhordaland til Stadt,
33,2012,12366,Raskjæret,medikamentell,badebehandling,Azamethiphos,,,,hele lokaliteten,1620,FRØYA,16,Sør-Trøndelag,63.7934,8.851846,6,Nordmøre og Sør-Trøndelag,
33,2012,12366,Raskjæret,medikamentell,badebehandling,Deltamethrin,,,,hele lokaliteten,1620,FRØYA,16,Sør-Trøndelag,63.7934,8.851846,6,Nordmøre og Sør-Trøndelag,
33,2012,12366,Raskjæret,rensefisk,,,1691,Berggylt,500,hele lokaliteten,1620,FRØYA,16,Sør-Trøndelag,63.7934,8.851846,6,Nordmøre og Sør-Trøndelag,
33,2012,13867,Raunevågen,medikamentell,badebehandling,Annet virkestoff,,,,deler av lokaliteten,1216,SVEIO,12,Hordaland,59.65798,5.533667,3,Karmøy til Sotra,
33,2012,13867,Raunevågen,ikke-medikamentell,,,,,,deler av lokaliteten,1216,SVEIO,12,Hordaland,59.65798,5.533667,3,Karmøy til Sotra,
33,2012,12406,Rauodden,medikamentell,fôrbehandling,Emamectin benzoat,,,,hele lokaliteten,1617,HITRA,16,Sør-Trøndelag,63.66516,8.879338,6,Nordmøre og Sør-Trøndelag,
33,2012,12406,Rauodden,medikamentell,fôrbehandling,Emamectin benzoat,,,,hele lokaliteten,1617,HITRA,16,Sør-Trøndelag,63.66516,8.879338,6,Nordmøre og Sør-Trøndelag,
33,2012,17357,Rennaren,rensefisk,,,1691,Berggylt,4323,deler av lokaliteten,1142,RENNESØY,11,Rogaland,59.131584,5.72165,2,Ryfylke,
33,2012,11770,Rotøy,rensefisk,,,1691,Berggylt,10000,hele lokaliteten,1259,ØYGARDEN,12,Hordaland,60.6826,4.759533,4,Nordhordaland til Stadt,
33,2012,11758,Sauøy Ø,rensefisk,,,1694,Grøngylt,1756,deler av lokaliteten,1259,ØYGARDEN,12,Hordaland,60.592335,4.857833,4,Nordhordaland til Stadt,
33,2012,11758,Sauøy Ø,rensefisk,,,1691,Berggylt,294,deler av lokaliteten,1259,ØYGARDEN,12,Hordaland,60.592335,4.857833,4,Nordhordaland til Stadt,
33,2012,19855,Segelråa,rensefisk,,,1691,Berggylt,700,deler av lokaliteten,1576,AURE,15,Møre og Romsdal,63.149746,8.12855,6,Nordmøre og Sør-Trøndelag,
33,2012,19855,Segelråa,rensefisk,,,1693,Bergnebb,4874,deler av lokaliteten,1576,AURE,15,Møre og Romsdal,63.149746,8.12855,6,Nordmøre og Sør-Trøndelag,
33,2012,19855,Segelråa,rensefisk,,,1694,Grøngylt,1483,deler av lokaliteten,1576,AURE,15,Møre og Romsdal,63.149746,8.12855,6,Nordmøre og Sør-Trøndelag,
33,2012,12844,Seterneset,rensefisk,,,1694,Grøngylt,1647,deler av lokaliteten,1502,MOLDE,15,Møre og Romsdal,62.67375,7.313967,5,Stadt til Hustadvika,
33,2012,12844,Seterneset,rensefisk,,,1691,Berggylt,701,deler av lokaliteten,1502,MOLDE,15,Møre og Romsdal,62.67375,7.313967,5,Stadt til Hustadvika,
33,2012,12244,Setevika,rensefisk,,,1691,Berggylt,4,deler av lokaliteten,1545,MIDSUND,15,Møre og Romsdal,62.728065,6.939283,5,Stadt til Hustadvika,
33,2012,12244,Setevika,rensefisk,,,1693,Bergnebb,224,deler av lokaliteten,1545,MIDSUND,15,Møre og Romsdal,62.728065,6.939283,5,Stadt til Hustadvika,
33,2012,12244,Setevika,rensefisk,,,1694,Grøngylt,9673,deler av lokaliteten,1545,MIDSUND,15,Møre og Romsdal,62.728065,6.939283,5,Stadt til Hustadvika,
33,2012,28256,Skår,rensefisk,,,1693,Bergnebb,18561,deler av lokaliteten,1223,TYSNES,12,Hordaland,59.8994,5.532767,3,Karmøy til Sotra,
33,2012,20796,Skarbukta,rensefisk,,,1691,Berggylt,286,deler av lokaliteten,1539,RAUMA,15,Møre og Romsdal,62.59785,7.367717,5,Stadt til Hustadvika,
33,2012,20796,Skarbukta,rensefisk,,,1694,Grøngylt,5000,deler av lokaliteten,1539,RAUMA,15,Møre og Romsdal,62.59785,7.367717,5,Stadt til Hustadvika,
33,2012,10216,Skåren,rensefisk,,,1693,Bergnebb,3206,deler av lokaliteten,1571,HALSA,15,Møre og Romsdal,63.076733,8.19315,6,Nordmøre og Sør-Trøndelag,
33,2012,10216,Skåren,rensefisk,,,1691,Berggylt,67,deler av lokaliteten,1571,HALSA,15,Møre og Romsdal,63.076733,8.19315,6,Nordmøre og Sør-Trøndelag,
33,2012,10216,Skåren,rensefisk,,,1694,Grøngylt,435,deler av lokaliteten,1571,HALSA,15,Møre og Romsdal,63.076733,8.19315,6,Nordmøre og Sør-Trøndelag,
33,2012,26738,Skiftesvika,rensefisk,,,1694,Grøngylt,3440,deler av lokaliteten,1141,FINNØY,11,Rogaland,59.167885,5.920667,2,Ryfylke,
33,2012,26738,Skiftesvika,rensefisk,,,1691,Berggylt,335,deler av lokaliteten,1141,FINNØY,11,Rogaland,59.167885,5.920667,2,Ryfylke,
33,2012,11861,Skipningsdalen,rensefisk,,,169520,Rødnebb,183,hele lokaliteten,1004,FLEKKEFJORD,10,Vest-Agder,58.2422,6.589683,1,Svenskegrensen til Jæren,
33,2012,11861,Skipningsdalen,rensefisk,,,1694,Grøngylt,1006,hele lokaliteten,1004,FLEKKEFJORD,10,Vest-Agder,58.2422,6.589683,1,Svenskegrensen til Jæren,
33,2012,11861,Skipningsdalen,rensefisk,,,1692,Annen leppefisk,83,hele lokaliteten,1004,FLEKKEFJORD,10,Vest-Agder,58.2422,6.589683,1,Svenskegrensen til Jæren,
33,2012,11861,Skipningsdalen,rensefisk,,,1691,Berggylt,816,hele lokaliteten,1004,FLEKKEFJORD,10,Vest-Agder,58.2422,6.589683,1,Svenskegrensen til Jæren,
33,2012,13531,Skogshavn,ikke-medikamentell,,,,,,hele lokaliteten,1926,DYRØY,19,Troms,69.09098,17.514784,10,Andøya til Senja,
33,2012,28296,Skommesvik,medikamentell,badebehandling,Cypermethrin,,,,deler av lokaliteten,1911,KVÆFJORD,19,Troms,68.71632,16.040033,10,Andøya til Senja,
33,2012,11640,Skorpeosen,medikamentell,badebehandling,Cypermethrin,,,,hele lokaliteten,1246,FJELL,12,Hordaland,60.332535,4.942783,3,Karmøy til Sotra,
33,2012,18657,Skredstivik,rensefisk,,,1694,Grøngylt,7000,hele lokaliteten,1413,HYLLESTAD,14,Sogn og Fjordane,61.1567,5.133983,4,Nordhordaland til Stadt,
33,2012,30997,Skrubbholmen,medikamentell,badebehandling,Annet virkestoff,,,,hele lokaliteten,1751,NÆRØY,17,Nord-Trøndelag,64.801735,11.162183,7,Nord-Trøndelag med Bindal,
33,2012,28316,Slåttøya,rensefisk,,,1694,Grøngylt,2418,deler av lokaliteten,1630,ÅFJORD,16,Sør-Trøndelag,63.995033,9.871283,6,Nordmøre og Sør-Trøndelag,
33,2012,11959,Solbakk,rensefisk,,,1694,Grøngylt,9782,hele lokaliteten,1130,STRAND,11,Rogaland,59.03735,5.92875,2,Ryfylke,
33,2012,11959,Solbakk,rensefisk,,,1692,Annen leppefisk,2655,hele lokaliteten,1130,STRAND,11,Rogaland,59.03735,5.92875,2,Ryfylke,
33,2012,11959,Solbakk,rensefisk,,,1691,Berggylt,2915,hele lokaliteten,1130,STRAND,11,Rogaland,59.03735,5.92875,2,Ryfylke,
33,2012,23375,Sørevik,medikamentell,badebehandling,Cypermethrin,,,,hele lokaliteten,1416,HØYANGER,14,Sogn og Fjordane,61.099983,5.729967,4,Nordhordaland til Stadt,
33,2012,15375,Sørøyflesa,rensefisk,,,1694,Grøngylt,3965,deler av lokaliteten,1620,FRØYA,16,Sør-Trøndelag,63.98405,9.057067,6,Nordmøre og Sør-Trøndelag,
33,2012,15375,Sørøyflesa,rensefisk,,,1691,Berggylt,557,deler av lokaliteten,1620,FRØYA,16,Sør-Trøndelag,63.98405,9.057067,6,Nordmøre og Sør-Trøndelag,
33,2012,28896,Stangholmen,rensefisk,,,1691,Berggylt,7211,deler av lokaliteten,1836,RØDØY,18,Nordland,66.61818,12.955187,8,Helgeland til Bodø,
33,2012,11649,Stolane,rensefisk,,,1694,Grøngylt,118,deler av lokaliteten,1260,RADØY,12,Hordaland,60.605118,5.1257,4,Nordhordaland til Stadt,
33,2012,11649,Stolane,rensefisk,,,1693,Bergnebb,282,deler av lokaliteten,1260,RADØY,12,Hordaland,60.605118,5.1257,4,Nordhordaland til Stadt,
33,2012,22335,Storvika,rensefisk,,,1693,Bergnebb,25479,hele lokaliteten,1548,FRÆNA,15,Møre og Romsdal,62.802166,6.981267,5,Stadt til Hustadvika,
33,2012,12081,Straumneset,rensefisk,,,1691,Berggylt,10000,hele lokaliteten,1227,JONDAL,12,Hordaland,60.220966,6.139567,3,Karmøy til Sotra,
33,2012,12074,Svåsandneset,rensefisk,,,1694,Grøngylt,8663,deler av lokaliteten,1227,JONDAL,12,Hordaland,60.32422,6.318983,3,Karmøy til Sotra,
33,2012,12074,Svåsandneset,rensefisk,,,1691,Berggylt,163,deler av lokaliteten,1227,JONDAL,12,Hordaland,60.32422,6.318983,3,Karmøy til Sotra,
33,2012,13196,Syltøy,rensefisk,,,1694,Grøngylt,1,deler av lokaliteten,1245,SUND,12,Hordaland,60.304,4.966767,3,Karmøy til Sotra,
33,2012,30236,Toppsund V,medikamentell,badebehandling,Cypermethrin,,,,deler av lokaliteten,1901,HARSTAD,19,Troms,68.911766,16.289034,10,Andøya til Senja,
33,2012,30236,Toppsund V,medikamentell,fôrbehandling,Emamectin benzoat,,,,hele lokaliteten,1901,HARSTAD,19,Troms,68.911766,16.289034,10,Andøya til Senja,
33,2012,30837,Torangskjeret,rensefisk,,,1691,Berggylt,600,deler av lokaliteten,1244,AUSTEVOLL,12,Hordaland,60.130184,5.176033,3,Karmøy til Sotra,
33,2012,30837,Torangskjeret,rensefisk,,,1694,Grøngylt,1000,deler av lokaliteten,1244,AUSTEVOLL,12,Hordaland,60.130184,5.176033,3,Karmøy til Sotra,
33,2012,30560,Tristeinen,rensefisk,,,1693,Bergnebb,19961,hele lokaliteten,1627,BJUGN,16,Sør-Trøndelag,63.86895,9.6204,6,Nordmøre og Sør-Trøndelag,
33,2012,10029,Tuholmane Ø,rensefisk,,,1691,Berggylt,500,hele lokaliteten,1149,KARMØY,11,Rogaland,59.372032,5.20965,3,Karmøy til Sotra,
33,2012,10029,Tuholmane Ø,rensefisk,,,1693,Bergnebb,2500,hele lokaliteten,1149,KARMØY,11,Rogaland,59.372032,5.20965,3,Karmøy til Sotra,
33,2012,14081,Tveit,rensefisk,,,1694,Grøngylt,6085,deler av lokaliteten,1413,HYLLESTAD,14,Sogn og Fjordane,61.110085,5.340483,4,Nordhordaland til Stadt,
33,2012,14081,Tveit,rensefisk,,,1691,Berggylt,32,deler av lokaliteten,1413,HYLLESTAD,14,Sogn og Fjordane,61.110085,5.340483,4,Nordhordaland til Stadt,
33,2012,24135,Utåker,rensefisk,,,1694,Grøngylt,1947,deler av lokaliteten,1224,KVINNHERAD,12,Hordaland,59.777916,5.900683,3,Karmøy til Sotra,
33,2012,24135,Utåker,rensefisk,,,1692,Annen leppefisk,297,deler av lokaliteten,1224,KVINNHERAD,12,Hordaland,59.777916,5.900683,3,Karmøy til Sotra,
33,2012,24135,Utåker,rensefisk,,,1691,Berggylt,676,deler av lokaliteten,1224,KVINNHERAD,12,Hordaland,59.777916,5.900683,3,Karmøy til Sotra,
33,2012,31557,Valøyan,medikamentell,badebehandling,Azamethiphos,,,,deler av lokaliteten,1620,FRØYA,16,Sør-Trøndelag,63.81735,8.462483,6,Nordmøre og Sør-Trøndelag,
33,2012,31557,Valøyan,medikamentell,badebehandling,Cypermethrin,,,,deler av lokaliteten,1620,FRØYA,16,Sør-Trøndelag,63.81735,8.462483,6,Nordmøre og Sør-Trøndelag,
33,2012,31557,Valøyan,ikke-medikamentell,,,,,,hele lokaliteten,1620,FRØYA,16,Sør-Trøndelag,63.81735,8.462483,6,Nordmøre og Sør-Trøndelag,
33,2012,12678,Vedøya,rensefisk,,,1693,Bergnebb,6339,deler av lokaliteten,1748,FOSNES,17,Nord-Trøndelag,64.60697,11.355178,7,Nord-Trøndelag med Bindal,
33,2012,32337,Veiesund,rensefisk,,,1692,Annen leppefisk,350,hele lokaliteten,1401,FLORA,14,Sogn og Fjordane,61.572067,5.0466,4,Nordhordaland til Stadt,
33,2012,32337,Veiesund,rensefisk,,,1693,Bergnebb,525,hele lokaliteten,1401,FLORA,14,Sogn og Fjordane,61.572067,5.0466,4,Nordhordaland til Stadt,
33,2012,32337,Veiesund,rensefisk,,,1691,Berggylt,350,hele lokaliteten,1401,FLORA,14,Sogn og Fjordane,61.572067,5.0466,4,Nordhordaland til Stadt,
33,2012,32337,Veiesund,rensefisk,,,1694,Grøngylt,2275,hele lokaliteten,1401,FLORA,14,Sogn og Fjordane,61.572067,5.0466,4,Nordhordaland til Stadt,
33,2012,13704,Vikane,medikamentell,badebehandling,Azamethiphos,,,,hele lokaliteten,1266,MASFJORDEN,12,Hordaland,60.7125,5.403633,4,Nordhordaland til Stadt,
33,2012,13704,Vikane,medikamentell,badebehandling,Deltamethrin,,,,hele lokaliteten,1266,MASFJORDEN,12,Hordaland,60.7125,5.403633,4,Nordhordaland til Stadt,
32,2012,15196,Aga Ø,rensefisk,,,1694,Grøngylt,5843,hele lokaliteten,1219,BØMLO,12,Hordaland,59.8451,5.261367,3,Karmøy til Sotra,
32,2012,15196,Aga Ø,rensefisk,,,1691,Berggylt,362,hele lokaliteten,1219,BØMLO,12,Hordaland,59.8451,5.261367,3,Karmøy til Sotra,
32,2012,10331,Åkre,rensefisk,,,1691,Berggylt,15000,hele lokaliteten,1224,KVINNHERAD,12,Hordaland,60.112434,6.042483,3,Karmøy til Sotra,
32,2012,12982,Aldeøyna,medikamentell,badebehandling,Cypermethrin,,,,hele lokaliteten,1428,ASKVOLL,14,Sogn og Fjordane,61.31025,4.76905,4,Nordhordaland til Stadt,
32,2012,12086,Alsåkervik,rensefisk,,,1691,Berggylt,600,deler av lokaliteten,1224,KVINNHERAD,12,Hordaland,59.7601,6.074183,3,Karmøy til Sotra,
32,2012,11513,Andal,medikamentell,badebehandling,Cypermethrin,,,,hele lokaliteten,1219,BØMLO,12,Hordaland,59.63655,5.2466,3,Karmøy til Sotra,
32,2012,32017,Ånholmen,medikamentell,badebehandling,Annet virkestoff,,,,deler av lokaliteten,1748,FOSNES,17,Nord-Trøndelag,64.7198,11.461683,7,Nord-Trøndelag med Bindal,
32,2012,32017,Ånholmen,medikamentell,badebehandling,Deltamethrin,,,,deler av lokaliteten,1748,FOSNES,17,Nord-Trøndelag,64.7198,11.461683,7,Nord-Trøndelag med Bindal,
32,2012,12988,Aukrasanden,rensefisk,,,1694,Grøngylt,1673,deler av lokaliteten,1547,AUKRA,15,Møre og Romsdal,62.783417,6.92605,5,Stadt til Hustadvika,
32,2012,12357,Aursøysva,medikamentell,badebehandling,Azamethiphos,,,,hele lokaliteten,1620,FRØYA,16,Sør-Trøndelag,63.80015,8.906083,6,Nordmøre og Sør-Trøndelag,
32,2012,12357,Aursøysva,medikamentell,badebehandling,Cypermethrin,,,,hele lokaliteten,1620,FRØYA,16,Sør-Trøndelag,63.80015,8.906083,6,Nordmøre og Sør-Trøndelag,
32,2012,13572,Badstuvika,rensefisk,,,1693,Bergnebb,27268,deler av lokaliteten,1617,HITRA,16,Sør-Trøndelag,63.53398,9.1469,6,Nordmøre og Sør-Trøndelag,
32,2012,13845,Beitveit,rensefisk,,,1694,Grøngylt,1683,hele lokaliteten,1441,SELJE,14,Sogn og Fjordane,62.141216,5.32675,5,Stadt til Hustadvika,
32,2012,13845,Beitveit,rensefisk,,,1693,Bergnebb,1739,hele lokaliteten,1441,SELJE,14,Sogn og Fjordane,62.141216,5.32675,5,Stadt til Hustadvika,
32,2012,13845,Beitveit,rensefisk,,,1691,Berggylt,6000,hele lokaliteten,1441,SELJE,14,Sogn og Fjordane,62.141216,5.32675,5,Stadt til Hustadvika,
32,2012,11930,Bjelkavik,rensefisk,,,1691,Berggylt,820,deler av lokaliteten,1134,SULDAL,11,Rogaland,59.44718,5.986017,2,Ryfylke,
32,2012,11930,Bjelkavik,rensefisk,,,1694,Grøngylt,3245,deler av lokaliteten,1134,SULDAL,11,Rogaland,59.44718,5.986017,2,Ryfylke,
32,2012,12178,Bjønnspjotneset,medikamentell,badebehandling,Cypermethrin,,,,hele lokaliteten,1416,HØYANGER,14,Sogn og Fjordane,61.0985,5.825533,4,Nordhordaland til Stadt,
32,2012,22455,Bjørlykkestranda,rensefisk,,,1691,Berggylt,1540,deler av lokaliteten,1511,VANYLVEN,15,Møre og Romsdal,62.16655,5.5954,5,Stadt til Hustadvika,
32,2012,12308,Bjørndal,medikamentell,badebehandling,Azamethiphos,,,,hele lokaliteten,1520,ØRSTA,15,Møre og Romsdal,62.274834,6.002983,5,Stadt til Hustadvika,
32,2012,12252,Bogen Md,rensefisk,,,1694,Grøngylt,218,deler av lokaliteten,1545,MIDSUND,15,Møre og Romsdal,62.69082,6.868767,5,Stadt til Hustadvika,
32,2012,10256,Bondøya,rensefisk,,,1693,Bergnebb,8749,hele lokaliteten,1750,VIKNA,17,Nord-Trøndelag,64.81715,10.7425,7,Nord-Trøndelag med Bindal,
32,2012,11488,Brattavika,rensefisk,,,1694,Grøngylt,700,hele lokaliteten,1244,AUSTEVOLL,12,Hordaland,60.045433,5.301117,3,Karmøy til Sotra,
32,2012,11488,Brattavika,rensefisk,,,1693,Bergnebb,600,hele lokaliteten,1244,AUSTEVOLL,12,Hordaland,60.045433,5.301117,3,Karmøy til Sotra,
32,2012,11488,Brattavika,rensefisk,,,1691,Berggylt,500,hele lokaliteten,1244,AUSTEVOLL,12,Hordaland,60.045433,5.301117,3,Karmøy til Sotra,
32,2012,12594,Breidvika,rensefisk,,,1694,Grøngylt,4761,deler av lokaliteten,1633,OSEN,16,Sør-Trøndelag,64.295364,10.397483,6,Nordmøre og Sør-Trøndelag,
32,2012,12594,Breidvika,rensefisk,,,1691,Berggylt,4199,deler av lokaliteten,1633,OSEN,16,Sør-Trøndelag,64.295364,10.397483,6,Nordmøre og Sør-Trøndelag,
32,2012,11574,Breivik S,rensefisk,,,1694,Grøngylt,8949,hele lokaliteten,1219,BØMLO,12,Hordaland,59.671185,5.31215,3,Karmøy til Sotra,
32,2012,11574,Breivik S,rensefisk,,,1691,Berggylt,1141,hele lokaliteten,1219,BØMLO,12,Hordaland,59.671185,5.31215,3,Karmøy til Sotra,
32,2012,10223,Bremnessvaet,rensefisk,,,1694,Grøngylt,54,deler av lokaliteten,1573,SMØLA,15,Møre og Romsdal,63.39795,8.214317,6,Nordmøre og Sør-Trøndelag,
32,2012,10223,Bremnessvaet,rensefisk,,,1693,Bergnebb,3386,deler av lokaliteten,1573,SMØLA,15,Møre og Romsdal,63.39795,8.214317,6,Nordmøre og Sør-Trøndelag,
32,2012,10223,Bremnessvaet,rensefisk,,,1691,Berggylt,332,deler av lokaliteten,1573,SMØLA,15,Møre og Romsdal,63.39795,8.214317,6,Nordmøre og Sør-Trøndelag,
32,2012,13491,Bringberget,medikamentell,badebehandling,Annet virkestoff,,,,hele lokaliteten,1612,HEMNE,16,Sør-Trøndelag,63.355484,9.133583,6,Nordmøre og Sør-Trøndelag,
32,2012,13491,Bringberget,medikamentell,badebehandling,Annet virkestoff,,,,hele lokaliteten,1612,HEMNE,16,Sør-Trøndelag,63.355484,9.133583,6,Nordmøre og Sør-Trøndelag,
32,2012,12237,Brudevika,rensefisk,,,1691,Berggylt,24000,deler av lokaliteten,1511,VANYLVEN,15,Møre og Romsdal,62.116566,5.420717,5,Stadt til Hustadvika,
32,2012,25655,Buholmen,rensefisk,,,1693,Bergnebb,22450,hele lokaliteten,1160,VINDAFJORD,11,Rogaland,59.562416,5.55465,3,Karmøy til Sotra,
32,2012,32457,Dalsvåg Nv,rensefisk,,,1693,Bergnebb,4850,hele lokaliteten,1149,KARMØY,11,Rogaland,59.410416,5.218033,3,Karmøy til Sotra,
32,2012,30097,Djupvik,rensefisk,,,1693,Bergnebb,3709,deler av lokaliteten,1836,RØDØY,18,Nordland,66.73305,13.331833,8,Helgeland til Bodø,
32,2012,12128,Dyrnes,rensefisk,,,1691,Berggylt,116,deler av lokaliteten,1224,KVINNHERAD,12,Hordaland,59.71765,5.72205,3,Karmøy til Sotra,
32,2012,12128,Dyrnes,rensefisk,,,1694,Grøngylt,2985,deler av lokaliteten,1224,KVINNHERAD,12,Hordaland,59.71765,5.72205,3,Karmøy til Sotra,
32,2012,24575,Farmannsøya,rensefisk,,,1691,Berggylt,25100,hele lokaliteten,1632,ROAN,16,Sør-Trøndelag,64.1862,10.12517,6,Nordmøre og Sør-Trøndelag,
32,2012,30737,Finnkjerka S,medikamentell,fôrbehandling,Emamectin benzoat,,,,hele lokaliteten,1866,HADSEL,18,Nordland,68.33945,15.0358,9,Vestfjorden og Vesterålen,
32,2012,26775,Fjølværet Ø,medikamentell,badebehandling,Annet virkestoff,,,,hele lokaliteten,1620,FRØYA,16,Sør-Trøndelag,63.81915,8.63585,6,Nordmøre og Sør-Trøndelag,
32,2012,26775,Fjølværet Ø,medikamentell,badebehandling,Annet virkestoff,,,,hele lokaliteten,1620,FRØYA,16,Sør-Trøndelag,63.81915,8.63585,6,Nordmøre og Sør-Trøndelag,
32,2012,19336,Flatholmen,medikamentell,badebehandling,Cypermethrin,,,,hele lokaliteten,1106,HAUGESUND,11,Rogaland,59.4293,5.114483,3,Karmøy til Sotra,
32,2012,12800,Flatøya,rensefisk,,,1693,Bergnebb,17767,hele lokaliteten,1627,BJUGN,16,Sør-Trøndelag,63.901875,9.843085,6,Nordmøre og Sør-Trøndelag,
32,2012,11736,Fureholmen S,rensefisk,,,1694,Grøngylt,4322,hele lokaliteten,1412,SOLUND,14,Sogn og Fjordane,61.05705,4.866133,4,Nordhordaland til Stadt,
32,2012,11736,Fureholmen S,rensefisk,,,1691,Berggylt,1855,hele lokaliteten,1412,SOLUND,14,Sogn og Fjordane,61.05705,4.866133,4,Nordhordaland til Stadt,
32,2012,22015,Fureneset,rensefisk,,,1691,Berggylt,15000,hele lokaliteten,1412,SOLUND,14,Sogn og Fjordane,61.165516,5.052567,4,Nordhordaland til Stadt,
32,2012,13058,Fusavika,medikamentell,badebehandling,Deltamethrin,,,,hele lokaliteten,1241,FUSA,12,Hordaland,60.207634,5.613817,3,Karmøy til Sotra,
32,2012,12078,Gangdal,rensefisk,,,1691,Berggylt,3000,hele lokaliteten,1227,JONDAL,12,Hordaland,60.215935,6.156667,3,Karmøy til Sotra,
32,2012,11667,Gardskråneset,medikamentell,badebehandling,Azamethiphos,,,,hele lokaliteten,1259,ØYGARDEN,12,Hordaland,60.53972,4.903867,4,Nordhordaland til Stadt,
32,2012,11667,Gardskråneset,medikamentell,badebehandling,Deltamethrin,,,,hele lokaliteten,1259,ØYGARDEN,12,Hordaland,60.53972,4.903867,4,Nordhordaland til Stadt,
32,2012,13036,Gjengane,rensefisk,,,1691,Berggylt,271,deler av lokaliteten,1244,AUSTEVOLL,12,Hordaland,60.071518,5.306383,3,Karmøy til Sotra,
32,2012,13036,Gjengane,rensefisk,,,1694,Grøngylt,1230,deler av lokaliteten,1244,AUSTEVOLL,12,Hordaland,60.071518,5.306383,3,Karmøy til Sotra,
32,2012,12714,Gjerdinga,medikamentell,badebehandling,Azamethiphos,,,,hele lokaliteten,1751,NÆRØY,17,Nord-Trøndelag,64.94638,11.462217,7,Nord-Trøndelag med Bindal,
32,2012,12714,Gjerdinga,medikamentell,badebehandling,Azamethiphos,,,,hele lokaliteten,1751,NÆRØY,17,Nord-Trøndelag,64.94638,11.462217,7,Nord-Trøndelag med Bindal,
32,2012,12714,Gjerdinga,medikamentell,badebehandling,Azamethiphos,,,,hele lokaliteten,1751,NÆRØY,17,Nord-Trøndelag,64.94638,11.462217,7,Nord-Trøndelag med Bindal,
32,2012,12714,Gjerdinga,medikamentell,badebehandling,Deltamethrin,,,,hele lokaliteten,1751,NÆRØY,17,Nord-Trøndelag,64.94638,11.462217,7,Nord-Trøndelag med Bindal,
32,2012,12714,Gjerdinga,medikamentell,badebehandling,Deltamethrin,,,,hele lokaliteten,1751,NÆRØY,17,Nord-Trøndelag,64.94638,11.462217,7,Nord-Trøndelag med Bindal,
32,2012,12714,Gjerdinga,medikamentell,badebehandling,Deltamethrin,,,,hele lokaliteten,1751,NÆRØY,17,Nord-Trøndelag,64.94638,11.462217,7,Nord-Trøndelag med Bindal,
32,2012,11365,Gjervika,medikamentell,fôrbehandling,Emamectin benzoat,,,,deler av lokaliteten,1927,TRANØY,19,Troms,69.050316,16.887266,10,Andøya til Senja,
32,2012,11771,Grisholmsundet,rensefisk,,,1692,Annen leppefisk,2000,hele lokaliteten,1265,FEDJE,12,Hordaland,60.7927,4.693717,4,Nordhordaland til Stadt,
32,2012,32317,Guriøyna,rensefisk,,,1694,Grøngylt,918,hele lokaliteten,1428,ASKVOLL,14,Sogn og Fjordane,61.297916,4.66045,4,Nordhordaland til Stadt,
32,2012,32317,Guriøyna,rensefisk,,,1693,Bergnebb,984,hele lokaliteten,1428,ASKVOLL,14,Sogn og Fjordane,61.297916,4.66045,4,Nordhordaland til Stadt,
32,2012,32317,Guriøyna,rensefisk,,,1691,Berggylt,403,hele lokaliteten,1428,ASKVOLL,14,Sogn og Fjordane,61.297916,4.66045,4,Nordhordaland til Stadt,
32,2012,12895,Halsbukta,rensefisk,,,1694,Grøngylt,480,deler av lokaliteten,1560,TINGVOLL,15,Møre og Romsdal,63.077686,8.143622,6,Nordmøre og Sør-Trøndelag,
32,2012,12895,Halsbukta,rensefisk,,,1691,Berggylt,143,deler av lokaliteten,1560,TINGVOLL,15,Møre og Romsdal,63.077686,8.143622,6,Nordmøre og Sør-Trøndelag,
32,2012,12895,Halsbukta,rensefisk,,,1693,Bergnebb,3651,deler av lokaliteten,1560,TINGVOLL,15,Møre og Romsdal,63.077686,8.143622,6,Nordmøre og Sør-Trøndelag,
32,2012,12590,Helligholmen,rensefisk,,,1693,Bergnebb,9738,deler av lokaliteten,1750,VIKNA,17,Nord-Trøndelag,64.83839,10.665517,7,Nord-Trøndelag med Bindal,
32,2012,10300,Hillersvik,rensefisk,,,1691,Berggylt,15000,hele lokaliteten,1216,SVEIO,12,Hordaland,59.6084,5.311917,3,Karmøy til Sotra,
32,2012,11571,Holevik,rensefisk,,,1694,Grøngylt,23084,hele lokaliteten,1219,BØMLO,12,Hordaland,59.776585,5.321817,3,Karmøy til Sotra,
32,2012,11571,Holevik,rensefisk,,,1691,Berggylt,3492,hele lokaliteten,1219,BØMLO,12,Hordaland,59.776585,5.321817,3,Karmøy til Sotra,
32,2012,13236,Indre Oppedal,rensefisk,,,1694,Grøngylt,1664,deler av lokaliteten,1411,GULEN,14,Sogn og Fjordane,61.067,5.564817,4,Nordhordaland til Stadt,
32,2012,13236,Indre Oppedal,rensefisk,,,1691,Berggylt,59,deler av lokaliteten,1411,GULEN,14,Sogn og Fjordane,61.067,5.564817,4,Nordhordaland til Stadt,
32,2012,12599,Indre Skjervøy,rensefisk,,,1694,Grøngylt,4900,deler av lokaliteten,1633,OSEN,16,Sør-Trøndelag,64.2858,10.30905,6,Nordmøre og Sør-Trøndelag,
32,2012,14245,Jakobsteinsvika,rensefisk,,,2221,Rognkjeks (felles),4900,deler av lokaliteten,1755,LEKA,17,Nord-Trøndelag,65.11352,11.7929,7,Nord-Trøndelag med Bindal,
32,2012,15118,Kalvøya,rensefisk,,,1693,Bergnebb,7781,hele lokaliteten,1834,LURØY,18,Nordland,66.39397,12.799817,8,Helgeland til Bodø,
32,2012,23136,Karlhovden,medikamentell,badebehandling,Deltamethrin,,,,hele lokaliteten,1241,FUSA,12,Hordaland,60.257618,5.5877,3,Karmøy til Sotra,
32,2012,13225,Kilaneset,rensefisk,,,1694,Grøngylt,3431,hele lokaliteten,1134,SULDAL,11,Rogaland,59.31335,6.2672,2,Ryfylke,
32,2012,13225,Kilaneset,rensefisk,,,1691,Berggylt,3439,hele lokaliteten,1134,SULDAL,11,Rogaland,59.31335,6.2672,2,Ryfylke,
32,2012,11652,Kjeppevikholmen,rensefisk,,,1694,Grøngylt,3690,hele lokaliteten,1256,MELAND,12,Hordaland,60.5428,5.035883,4,Nordhordaland til Stadt,
32,2012,11652,Kjeppevikholmen,rensefisk,,,1693,Bergnebb,10000,hele lokaliteten,1256,MELAND,12,Hordaland,60.5428,5.035883,4,Nordhordaland til Stadt,
32,2012,13339,Klungervikneset,rensefisk,,,1692,Annen leppefisk,5877,hele lokaliteten,1219,BØMLO,12,Hordaland,59.74668,5.3424,3,Karmøy til Sotra,
32,2012,11763,Knappen,rensefisk,,,1691,Berggylt,24000,hele lokaliteten,1259,ØYGARDEN,12,Hordaland,60.573566,4.8185,4,Nordhordaland til Stadt,
32,2012,11575,Koløy N,rensefisk,,,1694,Grøngylt,950,hele lokaliteten,1222,FITJAR,12,Hordaland,59.861168,5.2887,3,Karmøy til Sotra,
32,2012,11575,Koløy N,rensefisk,,,1693,Bergnebb,1300,hele lokaliteten,1222,FITJAR,12,Hordaland,59.861168,5.2887,3,Karmøy til Sotra,
32,2012,11575,Koløy N,rensefisk,,,1691,Berggylt,1200,hele lokaliteten,1222,FITJAR,12,Hordaland,59.861168,5.2887,3,Karmøy til Sotra,
32,2012,10224,Korsneset,rensefisk,,,1693,Bergnebb,6155,hele lokaliteten,1571,HALSA,15,Møre og Romsdal,63.142735,8.224933,6,Nordmøre og Sør-Trøndelag,
32,2012,10224,Korsneset,rensefisk,,,1694,Grøngylt,637,hele lokaliteten,1571,HALSA,15,Møre og Romsdal,63.142735,8.224933,6,Nordmøre og Sør-Trøndelag,
32,2012,10224,Korsneset,rensefisk,,,1691,Berggylt,1419,hele lokaliteten,1571,HALSA,15,Møre og Romsdal,63.142735,8.224933,6,Nordmøre og Sør-Trøndelag,
32,2012,32097,Korsneset 2,rensefisk,,,1693,Bergnebb,3350,hele lokaliteten,1571,HALSA,15,Møre og Romsdal,63.1413,8.21335,6,Nordmøre og Sør-Trøndelag,
32,2012,32097,Korsneset 2,rensefisk,,,1694,Grøngylt,120,hele lokaliteten,1571,HALSA,15,Møre og Romsdal,63.1413,8.21335,6,Nordmøre og Sør-Trøndelag,
32,2012,32097,Korsneset 2,rensefisk,,,1691,Berggylt,520,hele lokaliteten,1571,HALSA,15,Møre og Romsdal,63.1413,8.21335,6,Nordmøre og Sør-Trøndelag,
32,2012,11809,Krabbestig,medikamentell,badebehandling,Deltamethrin,,,,hele lokaliteten,1439,VÅGSØY,14,Sogn og Fjordane,61.894566,5.0616,4,Nordhordaland til Stadt,
32,2012,30297,Krabbholmen,rensefisk,,,1693,Bergnebb,15281,hele lokaliteten,1630,ÅFJORD,16,Sør-Trøndelag,63.94438,9.880667,6,Nordmøre og Sør-Trøndelag,
32,2012,12476,Kråka Nø,rensefisk,,,1693,Bergnebb,13684,hele lokaliteten,1573,SMØLA,15,Møre og Romsdal,63.4764,8.0597,6,Nordmøre og Sør-Trøndelag,
32,2012,11719,Kråkenes,rensefisk,,,1694,Grøngylt,1600,hele lokaliteten,1412,SOLUND,14,Sogn og Fjordane,61.05835,4.921317,4,Nordhordaland til Stadt,
32,2012,11719,Kråkenes,rensefisk,,,1691,Berggylt,1500,hele lokaliteten,1412,SOLUND,14,Sogn og Fjordane,61.05835,4.921317,4,Nordhordaland til Stadt,
32,2012,12239,Kråknes,rensefisk,,,1694,Grøngylt,2129,deler av lokaliteten,1547,AUKRA,15,Møre og Romsdal,62.8316,6.962767,5,Stadt til Hustadvika,
32,2012,12239,Kråknes,rensefisk,,,1693,Bergnebb,6573,deler av lokaliteten,1547,AUKRA,15,Møre og Romsdal,62.8316,6.962767,5,Stadt til Hustadvika,
32,2012,12239,Kråknes,rensefisk,,,1691,Berggylt,687,deler av lokaliteten,1547,AUKRA,15,Møre og Romsdal,62.8316,6.962767,5,Stadt til Hustadvika,
32,2012,24975,Kvernavika,rensefisk,,,1691,Berggylt,246,deler av lokaliteten,1223,TYSNES,12,Hordaland,60.069283,5.351183,3,Karmøy til Sotra,
32,2012,24975,Kvernavika,rensefisk,,,1694,Grøngylt,2920,deler av lokaliteten,1223,TYSNES,12,Hordaland,60.069283,5.351183,3,Karmøy til Sotra,
32,2012,30076,Kyrøyene,medikamentell,badebehandling,Annet virkestoff,,,,deler av lokaliteten,1750,VIKNA,17,Nord-Trøndelag,64.7635,10.807333,7,Nord-Trøndelag med Bindal,
32,2012,13234,Kysnes,rensefisk,,,1691,Berggylt,3000,hele lokaliteten,1227,JONDAL,12,Hordaland,60.19877,6.09685,3,Karmøy til Sotra,
32,2012,25455,Landrøypynten,rensefisk,,,1694,Grøngylt,480,hele lokaliteten,1223,TYSNES,12,Hordaland,59.976967,5.388767,3,Karmøy til Sotra,
32,2012,25455,Landrøypynten,rensefisk,,,1693,Bergnebb,500,hele lokaliteten,1223,TYSNES,12,Hordaland,59.976967,5.388767,3,Karmøy til Sotra,
32,2012,25455,Landrøypynten,rensefisk,,,1691,Berggylt,600,hele lokaliteten,1223,TYSNES,12,Hordaland,59.976967,5.388767,3,Karmøy til Sotra,
32,2012,12380,Langøya/Kvaløya,medikamentell,badebehandling,Annet virkestoff,,,,deler av lokaliteten,1620,FRØYA,16,Sør-Trøndelag,63.791096,8.60728,6,Nordmøre og Sør-Trøndelag,
32,2012,12380,Langøya/Kvaløya,medikamentell,badebehandling,Annet virkestoff,,,,deler av lokaliteten,1620,FRØYA,16,Sør-Trøndelag,63.791096,8.60728,6,Nordmøre og Sør-Trøndelag,
32,2012,10262,Lille Kvitholmen,rensefisk,,,1693,Bergnebb,16037,deler av lokaliteten,1751,NÆRØY,17,Nord-Trøndelag,65.01318,11.616833,7,Nord-Trøndelag med Bindal,
32,2012,14076,Lismåsøy,rensefisk,,,1693,Bergnebb,36191,hele lokaliteten,1813,BRØNNØY,18,Nordland,65.49343,12.168867,8,Helgeland til Bodø,
32,2012,12022,Ljonesbjørgene,rensefisk,,,1691,Berggylt,6076,deler av lokaliteten,1238,KVAM,12,Hordaland,60.2564,6.16585,3,Karmøy til Sotra,
32,2012,14435,Ljøsøy N,medikamentell,badebehandling,Azamethiphos,,,,hele lokaliteten,1259,ØYGARDEN,12,Hordaland,60.565216,4.878433,4,Nordhordaland til Stadt,
32,2012,14435,Ljøsøy N,medikamentell,badebehandling,Deltamethrin,,,,hele lokaliteten,1259,ØYGARDEN,12,Hordaland,60.565216,4.878433,4,Nordhordaland til Stadt,
32,2012,13549,Løypingneset,medikamentell,badebehandling,Deltamethrin,,,,hele lokaliteten,1438,BREMANGER,14,Sogn og Fjordane,61.819485,5.247933,4,Nordhordaland til Stadt,
32,2012,12127,Mælen,rensefisk,,,1694,Grøngylt,7414,deler av lokaliteten,1224,KVINNHERAD,12,Hordaland,59.69998,5.722917,3,Karmøy til Sotra,
32,2012,12127,Mælen,rensefisk,,,1691,Berggylt,445,deler av lokaliteten,1224,KVINNHERAD,12,Hordaland,59.69998,5.722917,3,Karmøy til Sotra,
32,2012,10232,Mannbruholmen,medikamentell,badebehandling,Azamethiphos,,,,hele lokaliteten,1620,FRØYA,16,Sør-Trøndelag,63.847267,8.536083,6,Nordmøre og Sør-Trøndelag,
32,2012,10232,Mannbruholmen,medikamentell,badebehandling,Deltamethrin,,,,hele lokaliteten,1620,FRØYA,16,Sør-Trøndelag,63.847267,8.536083,6,Nordmøre og Sør-Trøndelag,
32,2012,12134,Maradalen,medikamentell,badebehandling,Deltamethrin,,,,hele lokaliteten,1224,KVINNHERAD,12,Hordaland,59.76077,5.686767,3,Karmøy til Sotra,
32,2012,12134,Maradalen,rensefisk,,,1694,Grøngylt,156,deler av lokaliteten,1224,KVINNHERAD,12,Hordaland,59.76077,5.686767,3,Karmøy til Sotra,
32,2012,12134,Maradalen,rensefisk,,,1691,Berggylt,160,deler av lokaliteten,1224,KVINNHERAD,12,Hordaland,59.76077,5.686767,3,Karmøy til Sotra,
32,2012,22555,Masterholman,rensefisk,,,1691,Berggylt,1617,hele lokaliteten,1632,ROAN,16,Sør-Trøndelag,64.16123,10.0496,6,Nordmøre og Sør-Trøndelag,
32,2012,31037,Masterholman II,rensefisk,,,1691,Berggylt,7617,hele lokaliteten,1632,ROAN,16,Sør-Trøndelag,64.161964,10.036433,6,Nordmøre og Sør-Trøndelag,
32,2012,30157,Movik,medikamentell,badebehandling,Cypermethrin,,,,hele lokaliteten,1845,SØRFOLD,18,Nordland,67.63177,15.26225,9,Vestfjorden og Vesterålen,
32,2012,30157,Movik,ikke-medikamentell,,,,,,hele lokaliteten,1845,SØRFOLD,18,Nordland,67.63177,15.26225,9,Vestfjorden og Vesterålen,
32,2012,13629,Munkholmen,rensefisk,,,1694,Grøngylt,5995,hele lokaliteten,1146,TYSVÆR,11,Rogaland,59.285484,5.631317,2,Ryfylke,
32,2012,13629,Munkholmen,rensefisk,,,1691,Berggylt,906,hele lokaliteten,1146,TYSVÆR,11,Rogaland,59.285484,5.631317,2,Ryfylke,
32,2012,29957,Nakkestad,rensefisk,,,1691,Berggylt,6,hele lokaliteten,1032,LYNGDAL,10,Vest-Agder,58.056683,7.071583,1,Svenskegrensen til Jæren,
32,2012,29957,Nakkestad,rensefisk,,,1694,Grøngylt,180,hele lokaliteten,1032,LYNGDAL,10,Vest-Agder,58.056683,7.071583,1,Svenskegrensen til Jæren,
32,2012,29957,Nakkestad,rensefisk,,,1693,Bergnebb,964,hele lokaliteten,1032,LYNGDAL,10,Vest-Agder,58.056683,7.071583,1,Svenskegrensen til Jæren,
32,2012,12612,Naustholman,rensefisk,,,1691,Berggylt,485,hele lokaliteten,1632,ROAN,16,Sør-Trøndelag,64.15945,10.080533,6,Nordmøre og Sør-Trøndelag,
32,2012,13020,Nygård,rensefisk,,,1692,Annen leppefisk,4000,hele lokaliteten,1242,SAMNANGER,12,Hordaland,60.357666,5.684917,3,Karmøy til Sotra,
32,2012,10181,Oksebåsen V,rensefisk,,,1694,Grøngylt,4760,deler av lokaliteten,1532,GISKE,15,Møre og Romsdal,62.5174,6.15805,5,Stadt til Hustadvika,
32,2012,10181,Oksebåsen V,rensefisk,,,1691,Berggylt,1460,deler av lokaliteten,1532,GISKE,15,Møre og Romsdal,62.5174,6.15805,5,Stadt til Hustadvika,
32,2012,11908,Oltesvik,rensefisk,,,1692,Annen leppefisk,5132,hele lokaliteten,1122,GJESDAL,11,Rogaland,58.854916,6.124417,2,Ryfylke,
32,2012,12383,Omsøyholman,rensefisk,,,1691,Berggylt,871,deler av lokaliteten,1617,HITRA,16,Sør-Trøndelag,63.63162,8.574817,6,Nordmøre og Sør-Trøndelag,
32,2012,12394,Ørnøya,medikamentell,badebehandling,Annet virkestoff,,,,hele lokaliteten,1620,FRØYA,16,Sør-Trøndelag,63.761868,8.445183,6,Nordmøre og Sør-Trøndelag,
32,2012,12394,Ørnøya,medikamentell,badebehandling,Azamethiphos,,,,hele lokaliteten,1620,FRØYA,16,Sør-Trøndelag,63.761868,8.445183,6,Nordmøre og Sør-Trøndelag,
32,2012,12394,Ørnøya,rensefisk,,,1691,Berggylt,771,deler av lokaliteten,1620,FRØYA,16,Sør-Trøndelag,63.761868,8.445183,6,Nordmøre og Sør-Trøndelag,
32,2012,12394,Ørnøya,rensefisk,,,1694,Grøngylt,9525,deler av lokaliteten,1620,FRØYA,16,Sør-Trøndelag,63.761868,8.445183,6,Nordmøre og Sør-Trøndelag,
32,2012,12394,Ørnøya,rensefisk,,,1693,Bergnebb,2804,deler av lokaliteten,1620,FRØYA,16,Sør-Trøndelag,63.761868,8.445183,6,Nordmøre og Sør-Trøndelag,
32,2012,24696,Ørnøya II,medikamentell,badebehandling,Annet virkestoff,,,,hele lokaliteten,1620,FRØYA,16,Sør-Trøndelag,63.759167,8.449133,6,Nordmøre og Sør-Trøndelag,
32,2012,24696,Ørnøya II,medikamentell,badebehandling,Azamethiphos,,,,hele lokaliteten,1620,FRØYA,16,Sør-Trøndelag,63.759167,8.449133,6,Nordmøre og Sør-Trøndelag,
32,2012,11205,Oterholmen I,medikamentell,fôrbehandling,Emamectin benzoat,,,,hele lokaliteten,1860,VESTVÅGØY,18,Nordland,68.092636,13.634483,9,Vestfjorden og Vesterålen,
32,2012,11688,Portevika,rensefisk,,,1691,Berggylt,3000,hele lokaliteten,1413,HYLLESTAD,14,Sogn og Fjordane,61.18885,5.090017,4,Nordhordaland til Stadt,
32,2012,11687,Ramsvik,rensefisk,,,1692,Annen leppefisk,54,deler av lokaliteten,1263,LINDÅS,12,Hordaland,60.57878,5.190617,4,Nordhordaland til Stadt,
32,2012,11687,Ramsvik,rensefisk,,,1694,Grøngylt,6713,deler av lokaliteten,1263,LINDÅS,12,Hordaland,60.57878,5.190617,4,Nordhordaland til Stadt,
32,2012,11687,Ramsvik,rensefisk,,,1691,Berggylt,34,deler av lokaliteten,1263,LINDÅS,12,Hordaland,60.57878,5.190617,4,Nordhordaland til Stadt,
32,2012,11687,Ramsvik,rensefisk,,,1693,Bergnebb,6552,deler av lokaliteten,1263,LINDÅS,12,Hordaland,60.57878,5.190617,4,Nordhordaland til Stadt,
32,2012,29116,Reiråklakken,rensefisk,,,1693,Bergnebb,1217,hele lokaliteten,1573,SMØLA,15,Møre og Romsdal,63.45025,8.168853,6,Nordmøre og Sør-Trøndelag,
32,2012,12281,Rogne,medikamentell,badebehandling,Deltamethrin,,,,hele lokaliteten,1534,HARAM,15,Møre og Romsdal,62.667816,6.357217,5,Stadt til Hustadvika,
32,2012,10475,Rotholmen,rensefisk,,,1691,Berggylt,2638,hele lokaliteten,1837,MELØY,18,Nordland,66.80905,13.115467,8,Helgeland til Bodø,
32,2012,10475,Rotholmen,rensefisk,,,1693,Bergnebb,11903,hele lokaliteten,1837,MELØY,18,Nordland,66.80905,13.115467,8,Helgeland til Bodø,
32,2012,11770,Rotøy,rensefisk,,,1691,Berggylt,15000,hele lokaliteten,1259,ØYGARDEN,12,Hordaland,60.6826,4.759533,4,Nordhordaland til Stadt,
32,2012,12794,Rundklumpen,rensefisk,,,1691,Berggylt,210,deler av lokaliteten,1627,BJUGN,16,Sør-Trøndelag,63.80125,9.607933,6,Nordmøre og Sør-Trøndelag,
32,2012,12019,Saltkjelen II,rensefisk,,,1694,Grøngylt,6176,hele lokaliteten,1227,JONDAL,12,Hordaland,60.248016,6.2014,3,Karmøy til Sotra,
32,2012,11856,Salvågvika,rensefisk,,,169520,Rødnebb,383,deler av lokaliteten,1004,FLEKKEFJORD,10,Vest-Agder,58.223083,6.635417,1,Svenskegrensen til Jæren,
32,2012,11856,Salvågvika,rensefisk,,,1694,Grøngylt,1048,deler av lokaliteten,1004,FLEKKEFJORD,10,Vest-Agder,58.223083,6.635417,1,Svenskegrensen til Jæren,
32,2012,11856,Salvågvika,rensefisk,,,1692,Annen leppefisk,775,deler av lokaliteten,1004,FLEKKEFJORD,10,Vest-Agder,58.223083,6.635417,1,Svenskegrensen til Jæren,
32,2012,11856,Salvågvika,rensefisk,,,1691,Berggylt,254,deler av lokaliteten,1004,FLEKKEFJORD,10,Vest-Agder,58.223083,6.635417,1,Svenskegrensen til Jæren,
32,2012,20096,Sandholman,medikamentell,fôrbehandling,Emamectin benzoat,,,,hele lokaliteten,1860,VESTVÅGØY,18,Nordland,68.05756,13.541885,9,Vestfjorden og Vesterålen,
32,2012,20096,Sandholman,medikamentell,fôrbehandling,Emamectin benzoat,,,,hele lokaliteten,1860,VESTVÅGØY,18,Nordland,68.05756,13.541885,9,Vestfjorden og Vesterålen,
32,2012,11758,Sauøy Ø,rensefisk,,,1691,Berggylt,2623,deler av lokaliteten,1259,ØYGARDEN,12,Hordaland,60.592335,4.857833,4,Nordhordaland til Stadt,
32,2012,11758,Sauøy Ø,rensefisk,,,1694,Grøngylt,6318,deler av lokaliteten,1259,ØYGARDEN,12,Hordaland,60.592335,4.857833,4,Nordhordaland til Stadt,
32,2012,11758,Sauøy Ø,rensefisk,,,1692,Annen leppefisk,4937,deler av lokaliteten,1259,ØYGARDEN,12,Hordaland,60.592335,4.857833,4,Nordhordaland til Stadt,
32,2012,19855,Segelråa,rensefisk,,,1694,Grøngylt,2097,deler av lokaliteten,1576,AURE,15,Møre og Romsdal,63.149746,8.12855,6,Nordmøre og Sør-Trøndelag,
32,2012,19855,Segelråa,rensefisk,,,1693,Bergnebb,2566,deler av lokaliteten,1576,AURE,15,Møre og Romsdal,63.149746,8.12855,6,Nordmøre og Sør-Trøndelag,
32,2012,19855,Segelråa,rensefisk,,,1691,Berggylt,787,deler av lokaliteten,1576,AURE,15,Møre og Romsdal,63.149746,8.12855,6,Nordmøre og Sør-Trøndelag,
32,2012,12844,Seterneset,rensefisk,,,1691,Berggylt,324,deler av lokaliteten,1502,MOLDE,15,Møre og Romsdal,62.67375,7.313967,5,Stadt til Hustadvika,
32,2012,12844,Seterneset,rensefisk,,,1694,Grøngylt,1063,deler av lokaliteten,1502,MOLDE,15,Møre og Romsdal,62.67375,7.313967,5,Stadt til Hustadvika,
32,2012,12244,Setevika,rensefisk,,,1691,Berggylt,360,deler av lokaliteten,1545,MIDSUND,15,Møre og Romsdal,62.728065,6.939283,5,Stadt til Hustadvika,
32,2012,12244,Setevika,rensefisk,,,1693,Bergnebb,278,deler av lokaliteten,1545,MIDSUND,15,Møre og Romsdal,62.728065,6.939283,5,Stadt til Hustadvika,
32,2012,12244,Setevika,rensefisk,,,1694,Grøngylt,4822,deler av lokaliteten,1545,MIDSUND,15,Møre og Romsdal,62.728065,6.939283,5,Stadt til Hustadvika,
32,2012,28256,Skår,rensefisk,,,1693,Bergnebb,11168,deler av lokaliteten,1223,TYSNES,12,Hordaland,59.8994,5.532767,3,Karmøy til Sotra,
32,2012,10216,Skåren,rensefisk,,,1693,Bergnebb,1838,deler av lokaliteten,1571,HALSA,15,Møre og Romsdal,63.076733,8.19315,6,Nordmøre og Sør-Trøndelag,
32,2012,10216,Skåren,rensefisk,,,1691,Berggylt,37,deler av lokaliteten,1571,HALSA,15,Møre og Romsdal,63.076733,8.19315,6,Nordmøre og Sør-Trøndelag,
32,2012,10216,Skåren,rensefisk,,,1694,Grøngylt,314,deler av lokaliteten,1571,HALSA,15,Møre og Romsdal,63.076733,8.19315,6,Nordmøre og Sør-Trøndelag,
32,2012,12066,Skåtavågen,rensefisk,,,1692,Annen leppefisk,2000,hele lokaliteten,1241,FUSA,12,Hordaland,60.175117,5.589067,3,Karmøy til Sotra,
32,2012,26738,Skiftesvika,rensefisk,,,1694,Grøngylt,920,deler av lokaliteten,1141,FINNØY,11,Rogaland,59.167885,5.920667,2,Ryfylke,
32,2012,26738,Skiftesvika,rensefisk,,,1691,Berggylt,220,deler av lokaliteten,1141,FINNØY,11,Rogaland,59.167885,5.920667,2,Ryfylke,
32,2012,11861,Skipningsdalen,rensefisk,,,1694,Grøngylt,1225,deler av lokaliteten,1004,FLEKKEFJORD,10,Vest-Agder,58.2422,6.589683,1,Svenskegrensen til Jæren,
32,2012,11640,Skorpeosen,rensefisk,,,1694,Grøngylt,7500,deler av lokaliteten,1246,FJELL,12,Hordaland,60.332535,4.942783,3,Karmøy til Sotra,
32,2012,12108,Skorpo Nv,rensefisk,,,1694,Grøngylt,6500,hele lokaliteten,1224,KVINNHERAD,12,Hordaland,59.950382,5.820483,3,Karmøy til Sotra,
32,2012,31117,Skrubbo,rensefisk,,,1694,Grøngylt,6000,hele lokaliteten,1241,FUSA,12,Hordaland,60.15632,5.713217,3,Karmøy til Sotra,
32,2012,31117,Skrubbo,rensefisk,,,1693,Bergnebb,10000,hele lokaliteten,1241,FUSA,12,Hordaland,60.15632,5.713217,3,Karmøy til Sotra,
32,2012,28316,Slåttøya,rensefisk,,,1694,Grøngylt,14228,hele lokaliteten,1630,ÅFJORD,16,Sør-Trøndelag,63.995033,9.871283,6,Nordmøre og Sør-Trøndelag,
32,2012,27436,Solværet,rensefisk,,,1693,Bergnebb,3956,hele lokaliteten,1573,SMØLA,15,Møre og Romsdal,63.255,7.856933,6,Nordmøre og Sør-Trøndelag,
32,2012,11596,Ståløy,rensefisk,,,1693,Bergnebb,500,hele lokaliteten,1244,AUSTEVOLL,12,Hordaland,60.088615,5.1734,3,Karmøy til Sotra,
32,2012,11596,Ståløy,rensefisk,,,1694,Grøngylt,500,hele lokaliteten,1244,AUSTEVOLL,12,Hordaland,60.088615,5.1734,3,Karmøy til Sotra,
32,2012,11596,Ståløy,rensefisk,,,1691,Berggylt,500,hele lokaliteten,1244,AUSTEVOLL,12,Hordaland,60.088615,5.1734,3,Karmøy til Sotra,
32,2012,11486,Stokkavik,rensefisk,,,1692,Annen leppefisk,4000,deler av lokaliteten,1219,BØMLO,12,Hordaland,59.7604,5.341183,3,Karmøy til Sotra,
32,2012,19015,Stokkvika,medikamentell,badebehandling,Annet virkestoff,,,,deler av lokaliteten,1612,HEMNE,16,Sør-Trøndelag,63.333534,9.180583,6,Nordmøre og Sør-Trøndelag,
32,2012,19015,Stokkvika,medikamentell,badebehandling,Annet virkestoff,,,,deler av lokaliteten,1612,HEMNE,16,Sør-Trøndelag,63.333534,9.180583,6,Nordmøre og Sør-Trøndelag,
32,2012,11649,Stolane,rensefisk,,,1694,Grøngylt,2329,deler av lokaliteten,1260,RADØY,12,Hordaland,60.605118,5.1257,4,Nordhordaland til Stadt,
32,2012,11649,Stolane,rensefisk,,,1691,Berggylt,880,deler av lokaliteten,1260,RADØY,12,Hordaland,60.605118,5.1257,4,Nordhordaland til Stadt,
32,2012,11649,Stolane,rensefisk,,,1693,Bergnebb,2903,deler av lokaliteten,1260,RADØY,12,Hordaland,60.605118,5.1257,4,Nordhordaland til Stadt,
32,2012,11649,Stolane,rensefisk,,,1692,Annen leppefisk,2170,deler av lokaliteten,1260,RADØY,12,Hordaland,60.605118,5.1257,4,Nordhordaland til Stadt,
32,2012,11492,Storevikholmen,medikamentell,badebehandling,Annet virkestoff,,,,deler av lokaliteten,1222,FITJAR,12,Hordaland,59.839584,5.305017,3,Karmøy til Sotra,
32,2012,11858,Støytland,rensefisk,,,169520,Rødnebb,313,deler av lokaliteten,1004,FLEKKEFJORD,10,Vest-Agder,58.231483,6.627917,1,Svenskegrensen til Jæren,
32,2012,11858,Støytland,rensefisk,,,1694,Grøngylt,2015,deler av lokaliteten,1004,FLEKKEFJORD,10,Vest-Agder,58.231483,6.627917,1,Svenskegrensen til Jæren,
32,2012,11858,Støytland,rensefisk,,,1692,Annen leppefisk,11,deler av lokaliteten,1004,FLEKKEFJORD,10,Vest-Agder,58.231483,6.627917,1,Svenskegrensen til Jæren,
32,2012,11858,Støytland,rensefisk,,,1691,Berggylt,643,deler av lokaliteten,1004,FLEKKEFJORD,10,Vest-Agder,58.231483,6.627917,1,Svenskegrensen til Jæren,
32,2012,12081,Straumneset,rensefisk,,,1691,Berggylt,3000,hele lokaliteten,1227,JONDAL,12,Hordaland,60.220966,6.139567,3,Karmøy til Sotra,
32,2012,26235,Stualand,medikamentell,badebehandling,Annet virkestoff,,,,hele lokaliteten,1216,SVEIO,12,Hordaland,59.60845,5.526917,3,Karmøy til Sotra,
32,2012,26235,Stualand,rensefisk,,,1693,Bergnebb,16400,deler av lokaliteten,1216,SVEIO,12,Hordaland,59.60845,5.526917,3,Karmøy til Sotra,
32,2012,12074,Svåsandneset,rensefisk,,,1694,Grøngylt,2816,deler av lokaliteten,1227,JONDAL,12,Hordaland,60.32422,6.318983,3,Karmøy til Sotra,
32,2012,13196,Syltøy,rensefisk,,,1694,Grøngylt,1100,deler av lokaliteten,1245,SUND,12,Hordaland,60.304,4.966767,3,Karmøy til Sotra,
32,2012,13196,Syltøy,rensefisk,,,1691,Berggylt,150,deler av lokaliteten,1245,SUND,12,Hordaland,60.304,4.966767,3,Karmøy til Sotra,
32,2012,30837,Torangskjeret,rensefisk,,,1691,Berggylt,1000,deler av lokaliteten,1244,AUSTEVOLL,12,Hordaland,60.130184,5.176033,3,Karmøy til Sotra,
32,2012,30837,Torangskjeret,rensefisk,,,1694,Grøngylt,1000,deler av lokaliteten,1244,AUSTEVOLL,12,Hordaland,60.130184,5.176033,3,Karmøy til Sotra,
32,2012,30560,Tristeinen,rensefisk,,,1693,Bergnebb,22253,hele lokaliteten,1627,BJUGN,16,Sør-Trøndelag,63.86895,9.6204,6,Nordmøre og Sør-Trøndelag,
32,2012,10029,Tuholmane Ø,medikamentell,badebehandling,Cypermethrin,,,,hele lokaliteten,1149,KARMØY,11,Rogaland,59.372032,5.20965,3,Karmøy til Sotra,
32,2012,10029,Tuholmane Ø,rensefisk,,,1693,Bergnebb,10765,hele lokaliteten,1149,KARMØY,11,Rogaland,59.372032,5.20965,3,Karmøy til Sotra,
32,2012,14081,Tveit,medikamentell,badebehandling,Deltamethrin,,,,hele lokaliteten,1413,HYLLESTAD,14,Sogn og Fjordane,61.110085,5.340483,4,Nordhordaland til Stadt,
32,2012,13562,Uføro,rensefisk,,,1694,Grøngylt,650,hele lokaliteten,1221,STORD,12,Hordaland,59.878117,5.526767,3,Karmøy til Sotra,
32,2012,13562,Uføro,rensefisk,,,1693,Bergnebb,760,hele lokaliteten,1221,STORD,12,Hordaland,59.878117,5.526767,3,Karmøy til Sotra,
32,2012,13562,Uføro,rensefisk,,,1691,Berggylt,700,hele lokaliteten,1221,STORD,12,Hordaland,59.878117,5.526767,3,Karmøy til Sotra,
32,2012,24135,Utåker,rensefisk,,,1694,Grøngylt,110,deler av lokaliteten,1224,KVINNHERAD,12,Hordaland,59.777916,5.900683,3,Karmøy til Sotra,
32,2012,24135,Utåker,rensefisk,,,1692,Annen leppefisk,500,deler av lokaliteten,1224,KVINNHERAD,12,Hordaland,59.777916,5.900683,3,Karmøy til Sotra,
32,2012,24135,Utåker,rensefisk,,,1691,Berggylt,320,deler av lokaliteten,1224,KVINNHERAD,12,Hordaland,59.777916,5.900683,3,Karmøy til Sotra,
32,2012,10091,Vågsøya,rensefisk,,,1692,Annen leppefisk,1461,hele lokaliteten,1401,FLORA,14,Sogn og Fjordane,61.489735,5.023517,4,Nordhordaland til Stadt,
32,2012,12678,Vedøya,rensefisk,,,1693,Bergnebb,6360,deler av lokaliteten,1748,FOSNES,17,Nord-Trøndelag,64.60697,11.355178,7,Nord-Trøndelag med Bindal,
32,2012,32337,Veiesund,rensefisk,,,1692,Annen leppefisk,350,hele lokaliteten,1401,FLORA,14,Sogn og Fjordane,61.572067,5.0466,4,Nordhordaland til Stadt,
32,2012,32337,Veiesund,rensefisk,,,1693,Bergnebb,525,hele lokaliteten,1401,FLORA,14,Sogn og Fjordane,61.572067,5.0466,4,Nordhordaland til Stadt,
32,2012,32337,Veiesund,rensefisk,,,1691,Berggylt,350,hele lokaliteten,1401,FLORA,14,Sogn og Fjordane,61.572067,5.0466,4,Nordhordaland til Stadt,
32,2012,32337,Veiesund,rensefisk,,,1694,Grøngylt,2275,hele lokaliteten,1401,FLORA,14,Sogn og Fjordane,61.572067,5.0466,4,Nordhordaland til Stadt,
32,2012,27315,Vikane 1,rensefisk,,,1694,Grøngylt,6420,hele lokaliteten,1227,JONDAL,12,Hordaland,60.26125,6.225083,3,Karmøy til Sotra,
31,2012,10331,Åkre,rensefisk,,,1694,Grøngylt,3710,hele lokaliteten,1224,KVINNHERAD,12,Hordaland,60.112434,6.042483,3,Karmøy til Sotra,
31,2012,12086,Alsåkervik,rensefisk,,,1691,Berggylt,2353,deler av lokaliteten,1224,KVINNHERAD,12,Hordaland,59.7601,6.074183,3,Karmøy til Sotra,
31,2012,10319,Ålvora,rensefisk,,,1692,Annen leppefisk,530,hele lokaliteten,1401,FLORA,14,Sogn og Fjordane,61.584034,5.133633,4,Nordhordaland til Stadt,
31,2012,10319,Ålvora,rensefisk,,,1693,Bergnebb,805,hele lokaliteten,1401,FLORA,14,Sogn og Fjordane,61.584034,5.133633,4,Nordhordaland til Stadt,
31,2012,10319,Ålvora,rensefisk,,,1694,Grøngylt,3467,hele lokaliteten,1401,FLORA,14,Sogn og Fjordane,61.584034,5.133633,4,Nordhordaland til Stadt,
31,2012,10319,Ålvora,rensefisk,,,1691,Berggylt,533,hele lokaliteten,1401,FLORA,14,Sogn og Fjordane,61.584034,5.133633,4,Nordhordaland til Stadt,
31,2012,24695,Årnes,rensefisk,,,1693,Bergnebb,54000,hele lokaliteten,1703,NAMSOS,17,Nord-Trøndelag,64.5961,11.273417,7,Nord-Trøndelag med Bindal,
31,2012,12357,Aursøysva,rensefisk,,,1691,Berggylt,1369,hele lokaliteten,1620,FRØYA,16,Sør-Trøndelag,63.80015,8.906083,6,Nordmøre og Sør-Trøndelag,
31,2012,13572,Badstuvika,rensefisk,,,1693,Bergnebb,44784,deler av lokaliteten,1617,HITRA,16,Sør-Trøndelag,63.53398,9.1469,6,Nordmøre og Sør-Trøndelag,
31,2012,13845,Beitveit,rensefisk,,,1694,Grøngylt,1555,deler av lokaliteten,1441,SELJE,14,Sogn og Fjordane,62.141216,5.32675,5,Stadt til Hustadvika,
31,2012,13845,Beitveit,rensefisk,,,1693,Bergnebb,3699,deler av lokaliteten,1441,SELJE,14,Sogn og Fjordane,62.141216,5.32675,5,Stadt til Hustadvika,
31,2012,13845,Beitveit,rensefisk,,,1692,Annen leppefisk,1026,deler av lokaliteten,1441,SELJE,14,Sogn og Fjordane,62.141216,5.32675,5,Stadt til Hustadvika,
31,2012,25055,Bekksneset,rensefisk,,,1694,Grøngylt,2392,deler av lokaliteten,1413,HYLLESTAD,14,Sogn og Fjordane,61.07635,5.386183,4,Nordhordaland til Stadt,
31,2012,25055,Bekksneset,rensefisk,,,1691,Berggylt,189,deler av lokaliteten,1413,HYLLESTAD,14,Sogn og Fjordane,61.07635,5.386183,4,Nordhordaland til Stadt,
31,2012,11930,Bjelkavik,rensefisk,,,1691,Berggylt,364,deler av lokaliteten,1134,SULDAL,11,Rogaland,59.44718,5.986017,2,Ryfylke,
31,2012,11930,Bjelkavik,rensefisk,,,1694,Grøngylt,393,deler av lokaliteten,1134,SULDAL,11,Rogaland,59.44718,5.986017,2,Ryfylke,
31,2012,12625,Bjørgan,rensefisk,,,1693,Bergnebb,796,deler av lokaliteten,1749,FLATANGER,17,Nord-Trøndelag,64.5921,10.90985,7,Nord-Trøndelag med Bindal,
31,2012,10256,Bondøya,rensefisk,,,1693,Bergnebb,10429,hele lokaliteten,1750,VIKNA,17,Nord-Trøndelag,64.81715,10.7425,7,Nord-Trøndelag med Bindal,
31,2012,13205,Brattholmen,rensefisk,,,1694,Grøngylt,100,deler av lokaliteten,1412,SOLUND,14,Sogn og Fjordane,61.068382,4.713817,4,Nordhordaland til Stadt,
31,2012,13205,Brattholmen,rensefisk,,,1691,Berggylt,2000,deler av lokaliteten,1412,SOLUND,14,Sogn og Fjordane,61.068382,4.713817,4,Nordhordaland til Stadt,
31,2012,11574,Breivik S,rensefisk,,,1694,Grøngylt,4431,hele lokaliteten,1219,BØMLO,12,Hordaland,59.671185,5.31215,3,Karmøy til Sotra,
31,2012,11574,Breivik S,rensefisk,,,1691,Berggylt,798,hele lokaliteten,1219,BØMLO,12,Hordaland,59.671185,5.31215,3,Karmøy til Sotra,
31,2012,10223,Bremnessvaet,rensefisk,,,1694,Grøngylt,28,deler av lokaliteten,1573,SMØLA,15,Møre og Romsdal,63.39795,8.214317,6,Nordmøre og Sør-Trøndelag,
31,2012,10223,Bremnessvaet,rensefisk,,,1693,Bergnebb,1381,deler av lokaliteten,1573,SMØLA,15,Møre og Romsdal,63.39795,8.214317,6,Nordmøre og Sør-Trøndelag,
31,2012,10223,Bremnessvaet,rensefisk,,,1691,Berggylt,35,deler av lokaliteten,1573,SMØLA,15,Møre og Romsdal,63.39795,8.214317,6,Nordmøre og Sør-Trøndelag,
31,2012,12237,Brudevika,rensefisk,,,1694,Grøngylt,1850,deler av lokaliteten,1511,VANYLVEN,15,Møre og Romsdal,62.116566,5.420717,5,Stadt til Hustadvika,
31,2012,25655,Buholmen,medikamentell,badebehandling,Cypermethrin,,,,hele lokaliteten,1160,VINDAFJORD,11,Rogaland,59.562416,5.55465,3,Karmøy til Sotra,
31,2012,11076,Digermulen,medikamentell,badebehandling,Azamethiphos,,,,deler av lokaliteten,1836,RØDØY,18,Nordland,66.67695,13.316167,8,Helgeland til Bodø,
31,2012,11076,Digermulen,medikamentell,badebehandling,Deltamethrin,,,,deler av lokaliteten,1836,RØDØY,18,Nordland,66.67695,13.316167,8,Helgeland til Bodø,
31,2012,10110,Djupevik,rensefisk,,,1694,Grøngylt,2486,deler av lokaliteten,1141,FINNØY,11,Rogaland,59.14955,5.863017,2,Ryfylke,
31,2012,10110,Djupevik,rensefisk,,,1691,Berggylt,303,deler av lokaliteten,1141,FINNØY,11,Rogaland,59.14955,5.863017,2,Ryfylke,
31,2012,10338,Djupevik,rensefisk,,,1693,Bergnebb,5705,hele lokaliteten,1238,KVAM,12,Hordaland,60.4075,6.356717,3,Karmøy til Sotra,
31,2012,20455,Djupevika,rensefisk,,,1693,Bergnebb,9900,deler av lokaliteten,1224,KVINNHERAD,12,Hordaland,60.0406,6.010917,3,Karmøy til Sotra,
31,2012,20455,Djupevika,rensefisk,,,1692,Annen leppefisk,1600,deler av lokaliteten,1224,KVINNHERAD,12,Hordaland,60.0406,6.010917,3,Karmøy til Sotra,
31,2012,26595,Djupevika,rensefisk,,,1694,Grøngylt,1566,deler av lokaliteten,1223,TYSNES,12,Hordaland,60.03628,5.344117,3,Karmøy til Sotra,
31,2012,26595,Djupevika,rensefisk,,,1691,Berggylt,1150,deler av lokaliteten,1223,TYSNES,12,Hordaland,60.03628,5.344117,3,Karmøy til Sotra,
31,2012,26595,Djupevika,rensefisk,,,1692,Annen leppefisk,2500,deler av lokaliteten,1223,TYSNES,12,Hordaland,60.03628,5.344117,3,Karmøy til Sotra,
31,2012,30097,Djupvik,rensefisk,,,1693,Bergnebb,20765,hele lokaliteten,1836,RØDØY,18,Nordland,66.73305,13.331833,8,Helgeland til Bodø,
31,2012,12128,Dyrnes,rensefisk,,,1692,Annen leppefisk,3996,deler av lokaliteten,1224,KVINNHERAD,12,Hordaland,59.71765,5.72205,3,Karmøy til Sotra,
31,2012,12128,Dyrnes,rensefisk,,,1691,Berggylt,78,deler av lokaliteten,1224,KVINNHERAD,12,Hordaland,59.71765,5.72205,3,Karmøy til Sotra,
31,2012,19336,Flatholmen,rensefisk,,,1694,Grøngylt,11223,hele lokaliteten,1106,HAUGESUND,11,Rogaland,59.4293,5.114483,3,Karmøy til Sotra,
31,2012,12800,Flatøya,rensefisk,,,1693,Bergnebb,1283,deler av lokaliteten,1627,BJUGN,16,Sør-Trøndelag,63.901875,9.843085,6,Nordmøre og Sør-Trøndelag,
31,2012,25895,Flornes,rensefisk,,,1692,Annen leppefisk,16300,hele lokaliteten,1223,TYSNES,12,Hordaland,59.892982,5.665817,3,Karmøy til Sotra,
31,2012,11736,Fureholmen S,rensefisk,,,1694,Grøngylt,4322,hele lokaliteten,1412,SOLUND,14,Sogn og Fjordane,61.05705,4.866133,4,Nordhordaland til Stadt,
31,2012,11736,Fureholmen S,rensefisk,,,1691,Berggylt,1855,hele lokaliteten,1412,SOLUND,14,Sogn og Fjordane,61.05705,4.866133,4,Nordhordaland til Stadt,
31,2012,22015,Fureneset,rensefisk,,,1691,Berggylt,10000,hele lokaliteten,1412,SOLUND,14,Sogn og Fjordane,61.165516,5.052567,4,Nordhordaland til Stadt,
31,2012,11814,Furevika,medikamentell,badebehandling,Cypermethrin,,,,hele lokaliteten,1429,FJALER,14,Sogn og Fjordane,61.30595,5.072183,4,Nordhordaland til Stadt,
31,2012,12078,Gangdal,rensefisk,,,1691,Berggylt,6000,hele lokaliteten,1227,JONDAL,12,Hordaland,60.215935,6.156667,3,Karmøy til Sotra,
31,2012,11667,Gardskråneset,rensefisk,,,1691,Berggylt,1140,deler av lokaliteten,1259,ØYGARDEN,12,Hordaland,60.53972,4.903867,4,Nordhordaland til Stadt,
31,2012,24315,Gjæsingen,rensefisk,,,1691,Berggylt,7712,hele lokaliteten,1630,ÅFJORD,16,Sør-Trøndelag,64.117615,9.981417,6,Nordmøre og Sør-Trøndelag,
31,2012,12714,Gjerdinga,medikamentell,badebehandling,Azamethiphos,,,,deler av lokaliteten,1751,NÆRØY,17,Nord-Trøndelag,64.94638,11.462217,7,Nord-Trøndelag med Bindal,
31,2012,12714,Gjerdinga,medikamentell,badebehandling,Azamethiphos,,,,deler av lokaliteten,1751,NÆRØY,17,Nord-Trøndelag,64.94638,11.462217,7,Nord-Trøndelag med Bindal,
31,2012,12714,Gjerdinga,medikamentell,badebehandling,Deltamethrin,,,,deler av lokaliteten,1751,NÆRØY,17,Nord-Trøndelag,64.94638,11.462217,7,Nord-Trøndelag med Bindal,
31,2012,12714,Gjerdinga,medikamentell,badebehandling,Deltamethrin,,,,deler av lokaliteten,1751,NÆRØY,17,Nord-Trøndelag,64.94638,11.462217,7,Nord-Trøndelag med Bindal,
31,2012,11365,Gjervika,medikamentell,fôrbehandling,Emamectin benzoat,,,,deler av lokaliteten,1927,TRANØY,19,Troms,69.050316,16.887266,10,Andøya til Senja,
31,2012,11771,Grisholmsundet,rensefisk,,,1692,Annen leppefisk,7500,hele lokaliteten,1265,FEDJE,12,Hordaland,60.7927,4.693717,4,Nordhordaland til Stadt,
31,2012,12723,Gullholmen,rensefisk,,,1693,Bergnebb,6181,deler av lokaliteten,1751,NÆRØY,17,Nord-Trøndelag,65.01716,11.724247,7,Nord-Trøndelag med Bindal,
31,2012,32317,Guriøyna,medikamentell,badebehandling,Cypermethrin,,,,hele lokaliteten,1428,ASKVOLL,14,Sogn og Fjordane,61.297916,4.66045,4,Nordhordaland til Stadt,
31,2012,32317,Guriøyna,rensefisk,,,1693,Bergnebb,600,deler av lokaliteten,1428,ASKVOLL,14,Sogn og Fjordane,61.297916,4.66045,4,Nordhordaland til Stadt,
31,2012,32317,Guriøyna,rensefisk,,,1691,Berggylt,600,deler av lokaliteten,1428,ASKVOLL,14,Sogn og Fjordane,61.297916,4.66045,4,Nordhordaland til Stadt,
31,2012,22095,Hågardsneset,rensefisk,,,1693,Bergnebb,19212,hele lokaliteten,1224,KVINNHERAD,12,Hordaland,59.983932,5.932317,3,Karmøy til Sotra,
31,2012,13886,Hallarøy V,rensefisk,,,1691,Berggylt,6365,deler av lokaliteten,1620,FRØYA,16,Sør-Trøndelag,63.99533,9.123163,6,Nordmøre og Sør-Trøndelag,
31,2012,13886,Hallarøy V,rensefisk,,,1694,Grøngylt,6355,deler av lokaliteten,1620,FRØYA,16,Sør-Trøndelag,63.99533,9.123163,6,Nordmøre og Sør-Trøndelag,
31,2012,12895,Halsbukta,rensefisk,,,1691,Berggylt,266,deler av lokaliteten,1560,TINGVOLL,15,Møre og Romsdal,63.077686,8.143622,6,Nordmøre og Sør-Trøndelag,
31,2012,12895,Halsbukta,rensefisk,,,1694,Grøngylt,1201,deler av lokaliteten,1560,TINGVOLL,15,Møre og Romsdal,63.077686,8.143622,6,Nordmøre og Sør-Trøndelag,
31,2012,12895,Halsbukta,rensefisk,,,1693,Bergnebb,5323,deler av lokaliteten,1560,TINGVOLL,15,Møre og Romsdal,63.077686,8.143622,6,Nordmøre og Sør-Trøndelag,
31,2012,11740,Haverøy,rensefisk,,,1694,Grøngylt,7870,deler av lokaliteten,1246,FJELL,12,Hordaland,60.404034,4.939267,3,Karmøy til Sotra,
31,2012,24035,Håvikvågen S,rensefisk,,,1692,Annen leppefisk,30226,hele lokaliteten,1241,FUSA,12,Hordaland,60.169834,5.69645,3,Karmøy til Sotra,
31,2012,12590,Helligholmen,rensefisk,,,1693,Bergnebb,8471,deler av lokaliteten,1750,VIKNA,17,Nord-Trøndelag,64.83839,10.665517,7,Nord-Trøndelag med Bindal,
31,2012,10300,Hillersvik,rensefisk,,,1691,Berggylt,10000,hele lokaliteten,1216,SVEIO,12,Hordaland,59.6084,5.311917,3,Karmøy til Sotra,
31,2012,12036,Hisdalen,rensefisk,,,1693,Bergnebb,1200,deler av lokaliteten,1224,KVINNHERAD,12,Hordaland,60.12602,5.931333,3,Karmøy til Sotra,
31,2012,13643,Hjartholm,medikamentell,badebehandling,Cypermethrin,,,,hele lokaliteten,1411,GULEN,14,Sogn og Fjordane,61.034733,5.329633,4,Nordhordaland til Stadt,
31,2012,13643,Hjartholm,ikke-medikamentell,,,,,,hele lokaliteten,1411,GULEN,14,Sogn og Fjordane,61.034733,5.329633,4,Nordhordaland til Stadt,
31,2012,11571,Holevik,rensefisk,,,1694,Grøngylt,5730,hele lokaliteten,1219,BØMLO,12,Hordaland,59.776585,5.321817,3,Karmøy til Sotra,
31,2012,11571,Holevik,rensefisk,,,1691,Berggylt,510,hele lokaliteten,1219,BØMLO,12,Hordaland,59.776585,5.321817,3,Karmøy til Sotra,
31,2012,14882,Horjona,rensefisk,,,1691,Berggylt,3650,hele lokaliteten,1238,KVAM,12,Hordaland,60.270782,6.187033,3,Karmøy til Sotra,
31,2012,19939,Høysteinen,rensefisk,,,1694,Grøngylt,5732,deler av lokaliteten,1224,KVINNHERAD,12,Hordaland,60.15665,6.048633,3,Karmøy til Sotra,
31,2012,27095,Ihlholmen,medikamentell,badebehandling,Cypermethrin,,,,hele lokaliteten,1160,VINDAFJORD,11,Rogaland,59.7215,5.586633,3,Karmøy til Sotra,
31,2012,13236,Indre Oppedal,rensefisk,,,1694,Grøngylt,3320,hele lokaliteten,1411,GULEN,14,Sogn og Fjordane,61.067,5.564817,4,Nordhordaland til Stadt,
31,2012,13236,Indre Oppedal,rensefisk,,,1691,Berggylt,200,hele lokaliteten,1411,GULEN,14,Sogn og Fjordane,61.067,5.564817,4,Nordhordaland til Stadt,
31,2012,11763,Knappen,rensefisk,,,1691,Berggylt,10000,hele lokaliteten,1259,ØYGARDEN,12,Hordaland,60.573566,4.8185,4,Nordhordaland til Stadt,
31,2012,11201,Kolvikodden Ø,medikamentell,badebehandling,Deltamethrin,,,,hele lokaliteten,1860,VESTVÅGØY,18,Nordland,68.088165,13.68965,9,Vestfjorden og Vesterålen,
31,2012,19195,Korsholman,rensefisk,,,1693,Bergnebb,2358,deler av lokaliteten,1617,HITRA,16,Sør-Trøndelag,63.597218,8.51575,6,Nordmøre og Sør-Trøndelag,
31,2012,10224,Korsneset,rensefisk,,,1694,Grøngylt,537,hele lokaliteten,1571,HALSA,15,Møre og Romsdal,63.142735,8.224933,6,Nordmøre og Sør-Trøndelag,
31,2012,10224,Korsneset,rensefisk,,,1691,Berggylt,1861,hele lokaliteten,1571,HALSA,15,Møre og Romsdal,63.142735,8.224933,6,Nordmøre og Sør-Trøndelag,
31,2012,32097,Korsneset 2,rensefisk,,,1693,Bergnebb,5139,hele lokaliteten,1571,HALSA,15,Møre og Romsdal,63.1413,8.21335,6,Nordmøre og Sør-Trøndelag,
31,2012,30297,Krabbholmen,rensefisk,,,1693,Bergnebb,15281,hele lokaliteten,1630,ÅFJORD,16,Sør-Trøndelag,63.94438,9.880667,6,Nordmøre og Sør-Trøndelag,
31,2012,11719,Kråkenes,medikamentell,badebehandling,Cypermethrin,,,,hele lokaliteten,1412,SOLUND,14,Sogn og Fjordane,61.05835,4.921317,4,Nordhordaland til Stadt,
31,2012,11719,Kråkenes,rensefisk,,,1694,Grøngylt,1600,hele lokaliteten,1412,SOLUND,14,Sogn og Fjordane,61.05835,4.921317,4,Nordhordaland til Stadt,
31,2012,11719,Kråkenes,rensefisk,,,1691,Berggylt,1500,hele lokaliteten,1412,SOLUND,14,Sogn og Fjordane,61.05835,4.921317,4,Nordhordaland til Stadt,
31,2012,12213,Kvangardsnes,medikamentell,badebehandling,Azamethiphos,,,,hele lokaliteten,1519,VOLDA,15,Møre og Romsdal,62.145317,5.94545,5,Stadt til Hustadvika,
31,2012,24975,Kvernavika,rensefisk,,,1694,Grøngylt,5900,deler av lokaliteten,1223,TYSNES,12,Hordaland,60.069283,5.351183,3,Karmøy til Sotra,
31,2012,13234,Kysnes,rensefisk,,,1691,Berggylt,5000,hele lokaliteten,1227,JONDAL,12,Hordaland,60.19877,6.09685,3,Karmøy til Sotra,
31,2012,10989,Labukta V,rensefisk,,,1694,Grøngylt,7440,hele lokaliteten,1818,HERØY I NORDLAND,18,Nordland,66.01215,12.35195,8,Helgeland til Bodø,
31,2012,10989,Labukta V,rensefisk,,,1691,Berggylt,235,hele lokaliteten,1818,HERØY I NORDLAND,18,Nordland,66.01215,12.35195,8,Helgeland til Bodø,
31,2012,25455,Landrøypynten,medikamentell,badebehandling,Cypermethrin,,,,hele lokaliteten,1223,TYSNES,12,Hordaland,59.976967,5.388767,3,Karmøy til Sotra,
31,2012,25455,Landrøypynten,ikke-medikamentell,,,,,,hele lokaliteten,1223,TYSNES,12,Hordaland,59.976967,5.388767,3,Karmøy til Sotra,
31,2012,25455,Landrøypynten,rensefisk,,,1694,Grøngylt,710,hele lokaliteten,1223,TYSNES,12,Hordaland,59.976967,5.388767,3,Karmøy til Sotra,
31,2012,25455,Landrøypynten,rensefisk,,,1693,Bergnebb,733,hele lokaliteten,1223,TYSNES,12,Hordaland,59.976967,5.388767,3,Karmøy til Sotra,
31,2012,25455,Landrøypynten,rensefisk,,,1691,Berggylt,450,hele lokaliteten,1223,TYSNES,12,Hordaland,59.976967,5.388767,3,Karmøy til Sotra,
31,2012,24715,Langholmen,medikamentell,badebehandling,Deltamethrin,,,,hele lokaliteten,1141,FINNØY,11,Rogaland,59.097282,5.835917,2,Ryfylke,
31,2012,24715,Langholmen,ikke-medikamentell,,,,,,hele lokaliteten,1141,FINNØY,11,Rogaland,59.097282,5.835917,2,Ryfylke,
31,2012,10262,Lille Kvitholmen,rensefisk,,,1693,Bergnebb,3307,deler av lokaliteten,1751,NÆRØY,17,Nord-Trøndelag,65.01318,11.616833,7,Nord-Trøndelag med Bindal,
31,2012,12392,Lille Torsøy,rensefisk,,,1691,Berggylt,472,deler av lokaliteten,1617,HITRA,16,Sør-Trøndelag,63.605633,8.48855,6,Nordmøre og Sør-Trøndelag,
31,2012,12022,Ljonesbjørgene,rensefisk,,,1691,Berggylt,2680,deler av lokaliteten,1238,KVAM,12,Hordaland,60.2564,6.16585,3,Karmøy til Sotra,
31,2012,12127,Mælen,medikamentell,badebehandling,Cypermethrin,,,,hele lokaliteten,1224,KVINNHERAD,12,Hordaland,59.69998,5.722917,3,Karmøy til Sotra,
31,2012,12127,Mælen,rensefisk,,,1694,Grøngylt,2100,deler av lokaliteten,1224,KVINNHERAD,12,Hordaland,59.69998,5.722917,3,Karmøy til Sotra,
31,2012,12127,Mælen,rensefisk,,,1691,Berggylt,1988,deler av lokaliteten,1224,KVINNHERAD,12,Hordaland,59.69998,5.722917,3,Karmøy til Sotra,
31,2012,12127,Mælen,rensefisk,,,1692,Annen leppefisk,3878,deler av lokaliteten,1224,KVINNHERAD,12,Hordaland,59.69998,5.722917,3,Karmøy til Sotra,
31,2012,12134,Maradalen,rensefisk,,,1691,Berggylt,761,deler av lokaliteten,1224,KVINNHERAD,12,Hordaland,59.76077,5.686767,3,Karmøy til Sotra,
31,2012,12134,Maradalen,rensefisk,,,1694,Grøngylt,5502,deler av lokaliteten,1224,KVINNHERAD,12,Hordaland,59.76077,5.686767,3,Karmøy til Sotra,
31,2012,22555,Masterholman,rensefisk,,,1691,Berggylt,6750,hele lokaliteten,1632,ROAN,16,Sør-Trøndelag,64.16123,10.0496,6,Nordmøre og Sør-Trøndelag,
31,2012,31037,Masterholman II,rensefisk,,,1691,Berggylt,17255,hele lokaliteten,1632,ROAN,16,Sør-Trøndelag,64.161964,10.036433,6,Nordmøre og Sør-Trøndelag,
31,2012,21915,Matløyso,medikamentell,badebehandling,Annet virkestoff,,,,deler av lokaliteten,1222,FITJAR,12,Hordaland,59.95238,5.283167,3,Karmøy til Sotra,
31,2012,10447,Mefaldskjæret,rensefisk,,,1694,Grøngylt,1208,deler av lokaliteten,1820,ALSTAHAUG,18,Nordland,65.85145,12.2872,8,Helgeland til Bodø,
31,2012,10447,Mefaldskjæret,rensefisk,,,1693,Bergnebb,55175,deler av lokaliteten,1820,ALSTAHAUG,18,Nordland,65.85145,12.2872,8,Helgeland til Bodø,
31,2012,10447,Mefaldskjæret,rensefisk,,,1691,Berggylt,55,deler av lokaliteten,1820,ALSTAHAUG,18,Nordland,65.85145,12.2872,8,Helgeland til Bodø,
31,2012,31637,Melkøya,rensefisk,,,1694,Grøngylt,5700,hele lokaliteten,1818,HERØY I NORDLAND,18,Nordland,66.081314,12.201183,8,Helgeland til Bodø,
31,2012,30157,Movik,ikke-medikamentell,,,,,,hele lokaliteten,1845,SØRFOLD,18,Nordland,67.63177,15.26225,9,Vestfjorden og Vesterålen,
31,2012,13629,Munkholmen,rensefisk,,,1694,Grøngylt,7262,hele lokaliteten,1146,TYSVÆR,11,Rogaland,59.285484,5.631317,2,Ryfylke,
31,2012,13629,Munkholmen,rensefisk,,,1691,Berggylt,2986,hele lokaliteten,1146,TYSVÆR,11,Rogaland,59.285484,5.631317,2,Ryfylke,
31,2012,29957,Nakkestad,rensefisk,,,1691,Berggylt,149,hele lokaliteten,1032,LYNGDAL,10,Vest-Agder,58.056683,7.071583,1,Svenskegrensen til Jæren,
31,2012,29957,Nakkestad,rensefisk,,,1694,Grøngylt,1946,hele lokaliteten,1032,LYNGDAL,10,Vest-Agder,58.056683,7.071583,1,Svenskegrensen til Jæren,
31,2012,29957,Nakkestad,rensefisk,,,1693,Bergnebb,13518,hele lokaliteten,1032,LYNGDAL,10,Vest-Agder,58.056683,7.071583,1,Svenskegrensen til Jæren,
31,2012,12612,Naustholman,medikamentell,badebehandling,Annet virkestoff,,,,hele lokaliteten,1632,ROAN,16,Sør-Trøndelag,64.15945,10.080533,6,Nordmøre og Sør-Trøndelag,
31,2012,31697,Oksen,rensefisk,,,1694,Grøngylt,14666,hele lokaliteten,1246,FJELL,12,Hordaland,60.43382,4.9411,3,Karmøy til Sotra,
31,2012,11908,Oltesvik,rensefisk,,,1692,Annen leppefisk,5159,hele lokaliteten,1122,GJESDAL,11,Rogaland,58.854916,6.124417,2,Ryfylke,
31,2012,12383,Omsøyholman,rensefisk,,,1691,Berggylt,470,deler av lokaliteten,1617,HITRA,16,Sør-Trøndelag,63.63162,8.574817,6,Nordmøre og Sør-Trøndelag,
31,2012,12394,Ørnøya,rensefisk,,,1691,Berggylt,649,deler av lokaliteten,1620,FRØYA,16,Sør-Trøndelag,63.761868,8.445183,6,Nordmøre og Sør-Trøndelag,
31,2012,24696,Ørnøya II,rensefisk,,,1694,Grøngylt,999,deler av lokaliteten,1620,FRØYA,16,Sør-Trøndelag,63.759167,8.449133,6,Nordmøre og Sør-Trøndelag,
31,2012,24696,Ørnøya II,rensefisk,,,1691,Berggylt,2095,deler av lokaliteten,1620,FRØYA,16,Sør-Trøndelag,63.759167,8.449133,6,Nordmøre og Sør-Trøndelag,
31,2012,19655,Ospeneset,rensefisk,,,1694,Grøngylt,2000,deler av lokaliteten,1263,LINDÅS,12,Hordaland,60.74523,5.270067,4,Nordhordaland til Stadt,
31,2012,11205,Oterholmen I,medikamentell,badebehandling,Deltamethrin,,,,hele lokaliteten,1860,VESTVÅGØY,18,Nordland,68.092636,13.634483,9,Vestfjorden og Vesterålen,
31,2012,11205,Oterholmen I,medikamentell,fôrbehandling,Emamectin benzoat,,,,hele lokaliteten,1860,VESTVÅGØY,18,Nordland,68.092636,13.634483,9,Vestfjorden og Vesterålen,
31,2012,11688,Portevika,rensefisk,,,1691,Berggylt,4000,hele lokaliteten,1413,HYLLESTAD,14,Sogn og Fjordane,61.18885,5.090017,4,Nordhordaland til Stadt,
31,2012,11972,Prestholmane,medikamentell,badebehandling,Deltamethrin,,,,hele lokaliteten,1141,FINNØY,11,Rogaland,59.11717,5.844433,2,Ryfylke,
31,2012,11972,Prestholmane,ikke-medikamentell,,,,,,hele lokaliteten,1141,FINNØY,11,Rogaland,59.11717,5.844433,2,Ryfylke,
31,2012,11651,Ramsøy S,rensefisk,,,1691,Berggylt,4390,deler av lokaliteten,1247,ASKØY,12,Hordaland,60.434082,5.062733,3,Karmøy til Sotra,
31,2012,11687,Ramsvik,rensefisk,,,1694,Grøngylt,3689,deler av lokaliteten,1263,LINDÅS,12,Hordaland,60.57878,5.190617,4,Nordhordaland til Stadt,
31,2012,11687,Ramsvik,rensefisk,,,1693,Bergnebb,4952,deler av lokaliteten,1263,LINDÅS,12,Hordaland,60.57878,5.190617,4,Nordhordaland til Stadt,
31,2012,13867,Raunevågen,medikamentell,badebehandling,Annet virkestoff,,,,hele lokaliteten,1216,SVEIO,12,Hordaland,59.65798,5.533667,3,Karmøy til Sotra,
31,2012,29116,Reiråklakken,rensefisk,,,1693,Bergnebb,18321,hele lokaliteten,1573,SMØLA,15,Møre og Romsdal,63.45025,8.168853,6,Nordmøre og Sør-Trøndelag,
31,2012,30657,Revøy,rensefisk,,,1691,Berggylt,6,hele lokaliteten,1032,LYNGDAL,10,Vest-Agder,58.0243,7.0268,1,Svenskegrensen til Jæren,
31,2012,30657,Revøy,rensefisk,,,1694,Grøngylt,236,hele lokaliteten,1032,LYNGDAL,10,Vest-Agder,58.0243,7.0268,1,Svenskegrensen til Jæren,
31,2012,30657,Revøy,rensefisk,,,1693,Bergnebb,1080,hele lokaliteten,1032,LYNGDAL,10,Vest-Agder,58.0243,7.0268,1,Svenskegrensen til Jæren,
31,2012,10475,Rotholmen,rensefisk,,,1693,Bergnebb,7489,deler av lokaliteten,1837,MELØY,18,Nordland,66.80905,13.115467,8,Helgeland til Bodø,
31,2012,11770,Rotøy,rensefisk,,,1691,Berggylt,10000,hele lokaliteten,1259,ØYGARDEN,12,Hordaland,60.6826,4.759533,4,Nordhordaland til Stadt,
31,2012,12298,Røysa,rensefisk,,,1694,Grøngylt,4038,deler av lokaliteten,1532,GISKE,15,Møre og Romsdal,62.550632,6.1408,5,Stadt til Hustadvika,
31,2012,12298,Røysa,rensefisk,,,1691,Berggylt,1098,deler av lokaliteten,1532,GISKE,15,Møre og Romsdal,62.550632,6.1408,5,Stadt til Hustadvika,
31,2012,12973,Saltkjelen I,rensefisk,,,1691,Berggylt,8703,hele lokaliteten,1238,KVAM,12,Hordaland,60.317932,6.183033,3,Karmøy til Sotra,
31,2012,20096,Sandholman,medikamentell,fôrbehandling,Emamectin benzoat,,,,hele lokaliteten,1860,VESTVÅGØY,18,Nordland,68.05756,13.541885,9,Vestfjorden og Vesterålen,
31,2012,20096,Sandholman,medikamentell,fôrbehandling,Emamectin benzoat,,,,hele lokaliteten,1860,VESTVÅGØY,18,Nordland,68.05756,13.541885,9,Vestfjorden og Vesterålen,
31,2012,19135,Sandøya III,medikamentell,badebehandling,Deltamethrin,,,,hele lokaliteten,1632,ROAN,16,Sør-Trøndelag,64.243385,10.26445,6,Nordmøre og Sør-Trøndelag,
31,2012,11758,Sauøy Ø,rensefisk,,,1692,Annen leppefisk,2718,deler av lokaliteten,1259,ØYGARDEN,12,Hordaland,60.592335,4.857833,4,Nordhordaland til Stadt,
31,2012,11758,Sauøy Ø,rensefisk,,,1691,Berggylt,32,deler av lokaliteten,1259,ØYGARDEN,12,Hordaland,60.592335,4.857833,4,Nordhordaland til Stadt,
31,2012,11758,Sauøy Ø,rensefisk,,,1694,Grøngylt,2812,deler av lokaliteten,1259,ØYGARDEN,12,Hordaland,60.592335,4.857833,4,Nordhordaland til Stadt,
31,2012,19855,Segelråa,rensefisk,,,1691,Berggylt,34,deler av lokaliteten,1576,AURE,15,Møre og Romsdal,63.149746,8.12855,6,Nordmøre og Sør-Trøndelag,
31,2012,19855,Segelråa,rensefisk,,,1694,Grøngylt,2152,deler av lokaliteten,1576,AURE,15,Møre og Romsdal,63.149746,8.12855,6,Nordmøre og Sør-Trøndelag,
31,2012,19855,Segelråa,rensefisk,,,1693,Bergnebb,7566,deler av lokaliteten,1576,AURE,15,Møre og Romsdal,63.149746,8.12855,6,Nordmøre og Sør-Trøndelag,
31,2012,12844,Seterneset,rensefisk,,,1691,Berggylt,327,hele lokaliteten,1502,MOLDE,15,Møre og Romsdal,62.67375,7.313967,5,Stadt til Hustadvika,
31,2012,12844,Seterneset,rensefisk,,,1694,Grøngylt,6556,hele lokaliteten,1502,MOLDE,15,Møre og Romsdal,62.67375,7.313967,5,Stadt til Hustadvika,
31,2012,12244,Setevika,rensefisk,,,1694,Grøngylt,6331,deler av lokaliteten,1545,MIDSUND,15,Møre og Romsdal,62.728065,6.939283,5,Stadt til Hustadvika,
31,2012,12066,Skåtavågen,rensefisk,,,1692,Annen leppefisk,1000,hele lokaliteten,1241,FUSA,12,Hordaland,60.175117,5.589067,3,Karmøy til Sotra,
31,2012,26738,Skiftesvika,rensefisk,,,1694,Grøngylt,1285,deler av lokaliteten,1141,FINNØY,11,Rogaland,59.167885,5.920667,2,Ryfylke,
31,2012,26738,Skiftesvika,rensefisk,,,1691,Berggylt,320,deler av lokaliteten,1141,FINNØY,11,Rogaland,59.167885,5.920667,2,Ryfylke,
31,2012,11861,Skipningsdalen,rensefisk,,,1691,Berggylt,659,deler av lokaliteten,1004,FLEKKEFJORD,10,Vest-Agder,58.2422,6.589683,1,Svenskegrensen til Jæren,
31,2012,11640,Skorpeosen,rensefisk,,,1694,Grøngylt,7022,deler av lokaliteten,1246,FJELL,12,Hordaland,60.332535,4.942783,3,Karmøy til Sotra,
31,2012,11640,Skorpeosen,rensefisk,,,1691,Berggylt,10000,deler av lokaliteten,1246,FJELL,12,Hordaland,60.332535,4.942783,3,Karmøy til Sotra,
31,2012,18657,Skredstivik,rensefisk,,,1694,Grøngylt,14193,hele lokaliteten,1413,HYLLESTAD,14,Sogn og Fjordane,61.1567,5.133983,4,Nordhordaland til Stadt,
31,2012,18657,Skredstivik,rensefisk,,,1691,Berggylt,5500,hele lokaliteten,1413,HYLLESTAD,14,Sogn og Fjordane,61.1567,5.133983,4,Nordhordaland til Stadt,
31,2012,31117,Skrubbo,rensefisk,,,1692,Annen leppefisk,41143,hele lokaliteten,1241,FUSA,12,Hordaland,60.15632,5.713217,3,Karmøy til Sotra,
31,2012,11605,Soløy Ø,medikamentell,badebehandling,Deltamethrin,,,,hele lokaliteten,1222,FITJAR,12,Hordaland,59.90708,5.159833,3,Karmøy til Sotra,
31,2012,15375,Sørøyflesa,rensefisk,,,1691,Berggylt,1637,deler av lokaliteten,1620,FRØYA,16,Sør-Trøndelag,63.98405,9.057067,6,Nordmøre og Sør-Trøndelag,
31,2012,15375,Sørøyflesa,rensefisk,,,1694,Grøngylt,3501,deler av lokaliteten,1620,FRØYA,16,Sør-Trøndelag,63.98405,9.057067,6,Nordmøre og Sør-Trøndelag,
31,2012,11596,Ståløy,rensefisk,,,1693,Bergnebb,2000,hele lokaliteten,1244,AUSTEVOLL,12,Hordaland,60.088615,5.1734,3,Karmøy til Sotra,
31,2012,11596,Ståløy,rensefisk,,,1694,Grøngylt,3000,hele lokaliteten,1244,AUSTEVOLL,12,Hordaland,60.088615,5.1734,3,Karmøy til Sotra,
31,2012,11596,Ståløy,rensefisk,,,1691,Berggylt,2100,hele lokaliteten,1244,AUSTEVOLL,12,Hordaland,60.088615,5.1734,3,Karmøy til Sotra,
31,2012,11649,Stolane,rensefisk,,,1694,Grøngylt,1373,deler av lokaliteten,1260,RADØY,12,Hordaland,60.605118,5.1257,4,Nordhordaland til Stadt,
31,2012,11649,Stolane,rensefisk,,,1691,Berggylt,746,deler av lokaliteten,1260,RADØY,12,Hordaland,60.605118,5.1257,4,Nordhordaland til Stadt,
31,2012,11649,Stolane,rensefisk,,,1693,Bergnebb,2358,deler av lokaliteten,1260,RADØY,12,Hordaland,60.605118,5.1257,4,Nordhordaland til Stadt,
31,2012,11649,Stolane,rensefisk,,,1692,Annen leppefisk,1343,deler av lokaliteten,1260,RADØY,12,Hordaland,60.605118,5.1257,4,Nordhordaland til Stadt,
31,2012,11492,Storevikholmen,medikamentell,badebehandling,Annet virkestoff,,,,deler av lokaliteten,1222,FITJAR,12,Hordaland,59.839584,5.305017,3,Karmøy til Sotra,
31,2012,22335,Storvika,rensefisk,,,1693,Bergnebb,18337,deler av lokaliteten,1548,FRÆNA,15,Møre og Romsdal,62.802166,6.981267,5,Stadt til Hustadvika,
31,2012,12081,Straumneset,rensefisk,,,1691,Berggylt,6000,hele lokaliteten,1227,JONDAL,12,Hordaland,60.220966,6.139567,3,Karmøy til Sotra,
31,2012,26235,Stualand,medikamentell,badebehandling,Annet virkestoff,,,,deler av lokaliteten,1216,SVEIO,12,Hordaland,59.60845,5.526917,3,Karmøy til Sotra,
31,2012,12074,Svåsandneset,rensefisk,,,1694,Grøngylt,2690,deler av lokaliteten,1227,JONDAL,12,Hordaland,60.32422,6.318983,3,Karmøy til Sotra,
31,2012,22955,Svollandsneset,medikamentell,badebehandling,Deltamethrin,,,,hele lokaliteten,1160,VINDAFJORD,11,Rogaland,59.684235,5.589717,3,Karmøy til Sotra,
31,2012,22955,Svollandsneset,ikke-medikamentell,,,,,,hele lokaliteten,1160,VINDAFJORD,11,Rogaland,59.684235,5.589717,3,Karmøy til Sotra,
31,2012,13196,Syltøy,rensefisk,,,1694,Grøngylt,8350,deler av lokaliteten,1245,SUND,12,Hordaland,60.304,4.966767,3,Karmøy til Sotra,
31,2012,13196,Syltøy,rensefisk,,,1691,Berggylt,200,deler av lokaliteten,1245,SUND,12,Hordaland,60.304,4.966767,3,Karmøy til Sotra,
31,2012,21755,Tendalsvik,rensefisk,,,1694,Grøngylt,5290,deler av lokaliteten,1211,ETNE,12,Hordaland,59.73605,5.884,3,Karmøy til Sotra,
31,2012,21755,Tendalsvik,rensefisk,,,1691,Berggylt,511,deler av lokaliteten,1211,ETNE,12,Hordaland,59.73605,5.884,3,Karmøy til Sotra,
31,2012,30560,Tristeinen,rensefisk,,,1693,Bergnebb,107,hele lokaliteten,1627,BJUGN,16,Sør-Trøndelag,63.86895,9.6204,6,Nordmøre og Sør-Trøndelag,
31,2012,10332,Trommo,rensefisk,,,1693,Bergnebb,10675,hele lokaliteten,1224,KVINNHERAD,12,Hordaland,60.08243,6.080067,3,Karmøy til Sotra,
31,2012,30717,Tveitnes,rensefisk,,,1693,Bergnebb,8073,hele lokaliteten,1238,KVAM,12,Hordaland,60.414185,6.402,3,Karmøy til Sotra,
31,2012,13562,Uføro,rensefisk,,,1694,Grøngylt,900,hele lokaliteten,1221,STORD,12,Hordaland,59.878117,5.526767,3,Karmøy til Sotra,
31,2012,13562,Uføro,rensefisk,,,1693,Bergnebb,750,hele lokaliteten,1221,STORD,12,Hordaland,59.878117,5.526767,3,Karmøy til Sotra,
31,2012,13562,Uføro,rensefisk,,,1691,Berggylt,800,hele lokaliteten,1221,STORD,12,Hordaland,59.878117,5.526767,3,Karmøy til Sotra,
31,2012,24135,Utåker,medikamentell,badebehandling,Deltamethrin,,,,deler av lokaliteten,1224,KVINNHERAD,12,Hordaland,59.777916,5.900683,3,Karmøy til Sotra,
31,2012,24135,Utåker,rensefisk,,,1694,Grøngylt,8020,deler av lokaliteten,1224,KVINNHERAD,12,Hordaland,59.777916,5.900683,3,Karmøy til Sotra,
31,2012,24135,Utåker,rensefisk,,,1691,Berggylt,16,deler av lokaliteten,1224,KVINNHERAD,12,Hordaland,59.777916,5.900683,3,Karmøy til Sotra,
31,2012,10091,Vågsøya,medikamentell,badebehandling,Deltamethrin,,,,deler av lokaliteten,1401,FLORA,14,Sogn og Fjordane,61.489735,5.023517,4,Nordhordaland til Stadt,
31,2012,10091,Vågsøya,medikamentell,badebehandling,Deltamethrin,,,,deler av lokaliteten,1401,FLORA,14,Sogn og Fjordane,61.489735,5.023517,4,Nordhordaland til Stadt,
31,2012,12678,Vedøya,rensefisk,,,1693,Bergnebb,6110,deler av lokaliteten,1748,FOSNES,17,Nord-Trøndelag,64.60697,11.355178,7,Nord-Trøndelag med Bindal,
31,2012,32337,Veiesund,rensefisk,,,1692,Annen leppefisk,668,deler av lokaliteten,1401,FLORA,14,Sogn og Fjordane,61.572067,5.0466,4,Nordhordaland til Stadt,
31,2012,32337,Veiesund,rensefisk,,,1693,Bergnebb,1002,deler av lokaliteten,1401,FLORA,14,Sogn og Fjordane,61.572067,5.0466,4,Nordhordaland til Stadt,
31,2012,32337,Veiesund,rensefisk,,,1691,Berggylt,668,deler av lokaliteten,1401,FLORA,14,Sogn og Fjordane,61.572067,5.0466,4,Nordhordaland til Stadt,
31,2012,32337,Veiesund,rensefisk,,,1694,Grøngylt,4342,deler av lokaliteten,1401,FLORA,14,Sogn og Fjordane,61.572067,5.0466,4,Nordhordaland til Stadt,
31,2012,13837,Verpeide,medikamentell,badebehandling,Deltamethrin,,,,hele lokaliteten,1439,VÅGSØY,14,Sogn og Fjordane,61.902954,5.207967,4,Nordhordaland til Stadt,
31,2012,13837,Verpeide,ikke-medikamentell,,,,,,hele lokaliteten,1439,VÅGSØY,14,Sogn og Fjordane,61.902954,5.207967,4,Nordhordaland til Stadt,
30,2012,15196,Aga Ø,medikamentell,badebehandling,Deltamethrin,,,,hele lokaliteten,1219,BØMLO,12,Hordaland,59.8451,5.261367,3,Karmøy til Sotra,
30,2012,15196,Aga Ø,medikamentell,badebehandling,Deltamethrin,,,,hele lokaliteten,1219,BØMLO,12,Hordaland,59.8451,5.261367,3,Karmøy til Sotra,
30,2012,10331,Åkre,rensefisk,,,1694,Grøngylt,700,hele lokaliteten,1224,KVINNHERAD,12,Hordaland,60.112434,6.042483,3,Karmøy til Sotra,
30,2012,10298,Ålforo,medikamentell,badebehandling,Annet virkestoff,,,,hele lokaliteten,1222,FITJAR,12,Hordaland,59.8659,5.245217,3,Karmøy til Sotra,
30,2012,12086,Alsåkervik,rensefisk,,,1691,Berggylt,846,deler av lokaliteten,1224,KVINNHERAD,12,Hordaland,59.7601,6.074183,3,Karmøy til Sotra,
30,2012,10319,Ålvora,rensefisk,,,1692,Annen leppefisk,219,deler av lokaliteten,1401,FLORA,14,Sogn og Fjordane,61.584034,5.133633,4,Nordhordaland til Stadt,
30,2012,10319,Ålvora,rensefisk,,,1693,Bergnebb,228,deler av lokaliteten,1401,FLORA,14,Sogn og Fjordane,61.584034,5.133633,4,Nordhordaland til Stadt,
30,2012,10319,Ålvora,rensefisk,,,1694,Grøngylt,1420,deler av lokaliteten,1401,FLORA,14,Sogn og Fjordane,61.584034,5.133633,4,Nordhordaland til Stadt,
30,2012,10319,Ålvora,rensefisk,,,1691,Berggylt,218,deler av lokaliteten,1401,FLORA,14,Sogn og Fjordane,61.584034,5.133633,4,Nordhordaland til Stadt,
30,2012,32277,Andholmen 1,medikamentell,badebehandling,Annet virkestoff,,,,deler av lokaliteten,1573,SMØLA,15,Møre og Romsdal,63.47,7.855,6,Nordmøre og Sør-Trøndelag,
30,2012,32277,Andholmen 1,ikke-medikamentell,,,,,,hele lokaliteten,1573,SMØLA,15,Møre og Romsdal,63.47,7.855,6,Nordmøre og Sør-Trøndelag,
30,2012,32297,Andholmen 2,medikamentell,badebehandling,Annet virkestoff,,,,hele lokaliteten,1573,SMØLA,15,Møre og Romsdal,63.46745,7.847167,6,Nordmøre og Sør-Trøndelag,
30,2012,32297,Andholmen 2,ikke-medikamentell,,,,,,hele lokaliteten,1573,SMØLA,15,Møre og Romsdal,63.46745,7.847167,6,Nordmøre og Sør-Trøndelag,
30,2012,11800,Austneståa,medikamentell,badebehandling,Deltamethrin,,,,hele lokaliteten,1401,FLORA,14,Sogn og Fjordane,61.49072,5.169133,4,Nordhordaland til Stadt,
30,2012,11800,Austneståa,ikke-medikamentell,,,,,,hele lokaliteten,1401,FLORA,14,Sogn og Fjordane,61.49072,5.169133,4,Nordhordaland til Stadt,
30,2012,13572,Badstuvika,rensefisk,,,1693,Bergnebb,4097,deler av lokaliteten,1617,HITRA,16,Sør-Trøndelag,63.53398,9.1469,6,Nordmøre og Sør-Trøndelag,
30,2012,13845,Beitveit,rensefisk,,,169520,Rødnebb,460,deler av lokaliteten,1441,SELJE,14,Sogn og Fjordane,62.141216,5.32675,5,Stadt til Hustadvika,
30,2012,13845,Beitveit,rensefisk,,,1694,Grøngylt,1437,deler av lokaliteten,1441,SELJE,14,Sogn og Fjordane,62.141216,5.32675,5,Stadt til Hustadvika,
30,2012,13845,Beitveit,rensefisk,,,1693,Bergnebb,1562,deler av lokaliteten,1441,SELJE,14,Sogn og Fjordane,62.141216,5.32675,5,Stadt til Hustadvika,
30,2012,13845,Beitveit,rensefisk,,,1692,Annen leppefisk,862,deler av lokaliteten,1441,SELJE,14,Sogn og Fjordane,62.141216,5.32675,5,Stadt til Hustadvika,
30,2012,13845,Beitveit,rensefisk,,,1691,Berggylt,237,deler av lokaliteten,1441,SELJE,14,Sogn og Fjordane,62.141216,5.32675,5,Stadt til Hustadvika,
30,2012,12625,Bjørgan,rensefisk,,,1693,Bergnebb,6000,deler av lokaliteten,1749,FLATANGER,17,Nord-Trøndelag,64.5921,10.90985,7,Nord-Trøndelag med Bindal,
30,2012,13209,Bognøy,rensefisk,,,1691,Berggylt,2038,deler av lokaliteten,1260,RADØY,12,Hordaland,60.60407,5.076983,4,Nordhordaland til Stadt,
30,2012,13209,Bognøy,rensefisk,,,1694,Grøngylt,4320,deler av lokaliteten,1260,RADØY,12,Hordaland,60.60407,5.076983,4,Nordhordaland til Stadt,
30,2012,13209,Bognøy,rensefisk,,,1692,Annen leppefisk,4153,deler av lokaliteten,1260,RADØY,12,Hordaland,60.60407,5.076983,4,Nordhordaland til Stadt,
30,2012,13284,Bollhaugen,medikamentell,badebehandling,Azamethiphos,,,,hele lokaliteten,1827,DØNNA,18,Nordland,66.1125,12.4868,8,Helgeland til Bodø,
30,2012,13284,Bollhaugen,medikamentell,badebehandling,Deltamethrin,,,,hele lokaliteten,1827,DØNNA,18,Nordland,66.1125,12.4868,8,Helgeland til Bodø,
30,2012,10256,Bondøya,rensefisk,,,1693,Bergnebb,7796,hele lokaliteten,1750,VIKNA,17,Nord-Trøndelag,64.81715,10.7425,7,Nord-Trøndelag med Bindal,
30,2012,11514,Brattholmen S,rensefisk,,,1691,Berggylt,2000,hele lokaliteten,1216,SVEIO,12,Hordaland,59.51832,5.244383,3,Karmøy til Sotra,
30,2012,11574,Breivik S,rensefisk,,,1694,Grøngylt,4444,deler av lokaliteten,1219,BØMLO,12,Hordaland,59.671185,5.31215,3,Karmøy til Sotra,
30,2012,11574,Breivik S,rensefisk,,,1691,Berggylt,386,deler av lokaliteten,1219,BØMLO,12,Hordaland,59.671185,5.31215,3,Karmøy til Sotra,
30,2012,11204,Buviknakken,medikamentell,badebehandling,Deltamethrin,,,,hele lokaliteten,1860,VESTVÅGØY,18,Nordland,68.08428,13.659167,9,Vestfjorden og Vesterålen,
30,2012,32457,Dalsvåg Nv,rensefisk,,,1693,Bergnebb,2050,hele lokaliteten,1149,KARMØY,11,Rogaland,59.410416,5.218033,3,Karmøy til Sotra,
30,2012,20455,Djupevika,rensefisk,,,1693,Bergnebb,4570,deler av lokaliteten,1224,KVINNHERAD,12,Hordaland,60.0406,6.010917,3,Karmøy til Sotra,
30,2012,20455,Djupevika,rensefisk,,,1694,Grøngylt,10530,deler av lokaliteten,1224,KVINNHERAD,12,Hordaland,60.0406,6.010917,3,Karmøy til Sotra,
30,2012,26595,Djupevika,rensefisk,,,1691,Berggylt,689,deler av lokaliteten,1223,TYSNES,12,Hordaland,60.03628,5.344117,3,Karmøy til Sotra,
30,2012,26595,Djupevika,rensefisk,,,1692,Annen leppefisk,3700,deler av lokaliteten,1223,TYSNES,12,Hordaland,60.03628,5.344117,3,Karmøy til Sotra,
30,2012,12128,Dyrnes,medikamentell,badebehandling,Cypermethrin,,,,hele lokaliteten,1224,KVINNHERAD,12,Hordaland,59.71765,5.72205,3,Karmøy til Sotra,
30,2012,12128,Dyrnes,rensefisk,,,1692,Annen leppefisk,1698,deler av lokaliteten,1224,KVINNHERAD,12,Hordaland,59.71765,5.72205,3,Karmøy til Sotra,
30,2012,12128,Dyrnes,rensefisk,,,1691,Berggylt,9,deler av lokaliteten,1224,KVINNHERAD,12,Hordaland,59.71765,5.72205,3,Karmøy til Sotra,
30,2012,12109,Ebne,rensefisk,,,1691,Berggylt,3342,deler av lokaliteten,1211,ETNE,12,Hordaland,59.712322,5.826833,3,Karmøy til Sotra,
30,2012,32677,Espnestaren,medikamentell,badebehandling,Annet virkestoff,,,,hele lokaliteten,1620,FRØYA,16,Sør-Trøndelag,63.67782,8.666233,6,Nordmøre og Sør-Trøndelag,
30,2012,32677,Espnestaren,medikamentell,badebehandling,Annet virkestoff,,,,hele lokaliteten,1620,FRØYA,16,Sør-Trøndelag,63.67782,8.666233,6,Nordmøre og Sør-Trøndelag,
30,2012,24575,Farmannsøya,rensefisk,,,1691,Berggylt,1126,hele lokaliteten,1632,ROAN,16,Sør-Trøndelag,64.1862,10.12517,6,Nordmøre og Sør-Trøndelag,
30,2012,19336,Flatholmen,rensefisk,,,1694,Grøngylt,6300,deler av lokaliteten,1106,HAUGESUND,11,Rogaland,59.4293,5.114483,3,Karmøy til Sotra,
30,2012,25895,Flornes,rensefisk,,,1694,Grøngylt,7450,deler av lokaliteten,1223,TYSNES,12,Hordaland,59.892982,5.665817,3,Karmøy til Sotra,
30,2012,11736,Fureholmen S,rensefisk,,,1694,Grøngylt,4322,hele lokaliteten,1412,SOLUND,14,Sogn og Fjordane,61.05705,4.866133,4,Nordhordaland til Stadt,
30,2012,11736,Fureholmen S,rensefisk,,,1691,Berggylt,1855,hele lokaliteten,1412,SOLUND,14,Sogn og Fjordane,61.05705,4.866133,4,Nordhordaland til Stadt,
30,2012,22015,Fureneset,rensefisk,,,1691,Berggylt,10000,deler av lokaliteten,1412,SOLUND,14,Sogn og Fjordane,61.165516,5.052567,4,Nordhordaland til Stadt,
30,2012,11814,Furevika,medikamentell,badebehandling,Cypermethrin,,,,hele lokaliteten,1429,FJALER,14,Sogn og Fjordane,61.30595,5.072183,4,Nordhordaland til Stadt,
30,2012,12078,Gangdal,rensefisk,,,1691,Berggylt,1500,hele lokaliteten,1227,JONDAL,12,Hordaland,60.215935,6.156667,3,Karmøy til Sotra,
30,2012,24315,Gjæsingen,rensefisk,,,1693,Bergnebb,139,hele lokaliteten,1630,ÅFJORD,16,Sør-Trøndelag,64.117615,9.981417,6,Nordmøre og Sør-Trøndelag,
30,2012,13036,Gjengane,rensefisk,,,1691,Berggylt,543,deler av lokaliteten,1244,AUSTEVOLL,12,Hordaland,60.071518,5.306383,3,Karmøy til Sotra,
30,2012,13036,Gjengane,rensefisk,,,1692,Annen leppefisk,2407,deler av lokaliteten,1244,AUSTEVOLL,12,Hordaland,60.071518,5.306383,3,Karmøy til Sotra,
30,2012,13036,Gjengane,rensefisk,,,1694,Grøngylt,1988,deler av lokaliteten,1244,AUSTEVOLL,12,Hordaland,60.071518,5.306383,3,Karmøy til Sotra,
30,2012,11771,Grisholmsundet,rensefisk,,,1692,Annen leppefisk,1500,hele lokaliteten,1265,FEDJE,12,Hordaland,60.7927,4.693717,4,Nordhordaland til Stadt,
30,2012,10318,Gulestø,rensefisk,,,1694,Grøngylt,943,deler av lokaliteten,1438,BREMANGER,14,Sogn og Fjordane,61.75802,5.069883,4,Nordhordaland til Stadt,
30,2012,12723,Gullholmen,rensefisk,,,1693,Bergnebb,6009,deler av lokaliteten,1751,NÆRØY,17,Nord-Trøndelag,65.01716,11.724247,7,Nord-Trøndelag med Bindal,
30,2012,22095,Hågardsneset,rensefisk,,,1693,Bergnebb,5168,hele lokaliteten,1224,KVINNHERAD,12,Hordaland,59.983932,5.932317,3,Karmøy til Sotra,
30,2012,13886,Hallarøy V,rensefisk,,,1694,Grøngylt,6405,hele lokaliteten,1620,FRØYA,16,Sør-Trøndelag,63.99533,9.123163,6,Nordmøre og Sør-Trøndelag,
30,2012,13886,Hallarøy V,rensefisk,,,1691,Berggylt,1700,hele lokaliteten,1620,FRØYA,16,Sør-Trøndelag,63.99533,9.123163,6,Nordmøre og Sør-Trøndelag,
30,2012,12895,Halsbukta,rensefisk,,,1693,Bergnebb,1138,deler av lokaliteten,1560,TINGVOLL,15,Møre og Romsdal,63.077686,8.143622,6,Nordmøre og Sør-Trøndelag,
30,2012,12895,Halsbukta,rensefisk,,,1694,Grøngylt,2178,deler av lokaliteten,1560,TINGVOLL,15,Møre og Romsdal,63.077686,8.143622,6,Nordmøre og Sør-Trøndelag,
30,2012,11740,Haverøy,rensefisk,,,1694,Grøngylt,4500,deler av lokaliteten,1246,FJELL,12,Hordaland,60.404034,4.939267,3,Karmøy til Sotra,
30,2012,24035,Håvikvågen S,rensefisk,,,1692,Annen leppefisk,14048,hele lokaliteten,1241,FUSA,12,Hordaland,60.169834,5.69645,3,Karmøy til Sotra,
30,2012,12590,Helligholmen,rensefisk,,,1693,Bergnebb,4953,deler av lokaliteten,1750,VIKNA,17,Nord-Trøndelag,64.83839,10.665517,7,Nord-Trøndelag med Bindal,
30,2012,10300,Hillersvik,rensefisk,,,1691,Berggylt,7000,deler av lokaliteten,1216,SVEIO,12,Hordaland,59.6084,5.311917,3,Karmøy til Sotra,
30,2012,12036,Hisdalen,rensefisk,,,1693,Bergnebb,1800,hele lokaliteten,1224,KVINNHERAD,12,Hordaland,60.12602,5.931333,3,Karmøy til Sotra,
30,2012,11571,Holevik,medikamentell,badebehandling,Deltamethrin,,,,hele lokaliteten,1219,BØMLO,12,Hordaland,59.776585,5.321817,3,Karmøy til Sotra,
30,2012,11571,Holevik,rensefisk,,,1694,Grøngylt,12714,hele lokaliteten,1219,BØMLO,12,Hordaland,59.776585,5.321817,3,Karmøy til Sotra,
30,2012,11571,Holevik,rensefisk,,,1691,Berggylt,1202,hele lokaliteten,1219,BØMLO,12,Hordaland,59.776585,5.321817,3,Karmøy til Sotra,
30,2012,24295,Isbergan,rensefisk,,,1691,Berggylt,4403,hele lokaliteten,1837,MELØY,18,Nordland,66.81468,13.678183,8,Helgeland til Bodø,
30,2012,14245,Jakobsteinsvika,rensefisk,,,1694,Grøngylt,148,hele lokaliteten,1755,LEKA,17,Nord-Trøndelag,65.11352,11.7929,7,Nord-Trøndelag med Bindal,
30,2012,14245,Jakobsteinsvika,rensefisk,,,1693,Bergnebb,35702,hele lokaliteten,1755,LEKA,17,Nord-Trøndelag,65.11352,11.7929,7,Nord-Trøndelag med Bindal,
30,2012,14042,Kattholmen,medikamentell,badebehandling,Annet virkestoff,,,,hele lokaliteten,1620,FRØYA,16,Sør-Trøndelag,63.871017,8.678283,6,Nordmøre og Sør-Trøndelag,
30,2012,14042,Kattholmen,medikamentell,badebehandling,Azamethiphos,,,,hele lokaliteten,1620,FRØYA,16,Sør-Trøndelag,63.871017,8.678283,6,Nordmøre og Sør-Trøndelag,
30,2012,30437,Kattholmen II,medikamentell,badebehandling,Annet virkestoff,,,,hele lokaliteten,1620,FRØYA,16,Sør-Trøndelag,63.8661,8.675683,6,Nordmøre og Sør-Trøndelag,
30,2012,30437,Kattholmen II,medikamentell,badebehandling,Azamethiphos,,,,hele lokaliteten,1620,FRØYA,16,Sør-Trøndelag,63.8661,8.675683,6,Nordmøre og Sør-Trøndelag,
30,2012,13009,Kjeøya N,medikamentell,badebehandling,Deltamethrin,,,,hele lokaliteten,1860,VESTVÅGØY,18,Nordland,68.08683,13.585283,9,Vestfjorden og Vesterålen,
30,2012,11763,Knappen,rensefisk,,,1691,Berggylt,20000,hele lokaliteten,1259,ØYGARDEN,12,Hordaland,60.573566,4.8185,4,Nordhordaland til Stadt,
30,2012,12855,Kornstad,rensefisk,,,1694,Grøngylt,89,deler av lokaliteten,1554,AVERØY,15,Møre og Romsdal,62.960384,7.45015,6,Nordmøre og Sør-Trøndelag,
30,2012,12855,Kornstad,rensefisk,,,1693,Bergnebb,186,deler av lokaliteten,1554,AVERØY,15,Møre og Romsdal,62.960384,7.45015,6,Nordmøre og Sør-Trøndelag,
30,2012,12855,Kornstad,rensefisk,,,1691,Berggylt,763,deler av lokaliteten,1554,AVERØY,15,Møre og Romsdal,62.960384,7.45015,6,Nordmøre og Sør-Trøndelag,
30,2012,19195,Korsholman,rensefisk,,,1693,Bergnebb,423,deler av lokaliteten,1617,HITRA,16,Sør-Trøndelag,63.597218,8.51575,6,Nordmøre og Sør-Trøndelag,
30,2012,10224,Korsneset,rensefisk,,,1694,Grøngylt,785,hele lokaliteten,1571,HALSA,15,Møre og Romsdal,63.142735,8.224933,6,Nordmøre og Sør-Trøndelag,
30,2012,10224,Korsneset,rensefisk,,,1691,Berggylt,1870,hele lokaliteten,1571,HALSA,15,Møre og Romsdal,63.142735,8.224933,6,Nordmøre og Sør-Trøndelag,
30,2012,10224,Korsneset,rensefisk,,,1693,Bergnebb,5215,hele lokaliteten,1571,HALSA,15,Møre og Romsdal,63.142735,8.224933,6,Nordmøre og Sør-Trøndelag,
30,2012,32097,Korsneset 2,rensefisk,,,1693,Bergnebb,1495,hele lokaliteten,1571,HALSA,15,Møre og Romsdal,63.1413,8.21335,6,Nordmøre og Sør-Trøndelag,
30,2012,11809,Krabbestig,rensefisk,,,1694,Grøngylt,2632,deler av lokaliteten,1439,VÅGSØY,14,Sogn og Fjordane,61.894566,5.0616,4,Nordhordaland til Stadt,
30,2012,11809,Krabbestig,rensefisk,,,1691,Berggylt,2240,deler av lokaliteten,1439,VÅGSØY,14,Sogn og Fjordane,61.894566,5.0616,4,Nordhordaland til Stadt,
30,2012,11719,Kråkenes,rensefisk,,,1694,Grøngylt,1600,hele lokaliteten,1412,SOLUND,14,Sogn og Fjordane,61.05835,4.921317,4,Nordhordaland til Stadt,
30,2012,11719,Kråkenes,rensefisk,,,1691,Berggylt,1500,hele lokaliteten,1412,SOLUND,14,Sogn og Fjordane,61.05835,4.921317,4,Nordhordaland til Stadt,
30,2012,12239,Kråknes,rensefisk,,,1694,Grøngylt,10,deler av lokaliteten,1547,AUKRA,15,Møre og Romsdal,62.8316,6.962767,5,Stadt til Hustadvika,
30,2012,12239,Kråknes,rensefisk,,,1693,Bergnebb,675,deler av lokaliteten,1547,AUKRA,15,Møre og Romsdal,62.8316,6.962767,5,Stadt til Hustadvika,
30,2012,12239,Kråknes,rensefisk,,,1691,Berggylt,10,deler av lokaliteten,1547,AUKRA,15,Møre og Romsdal,62.8316,6.962767,5,Stadt til Hustadvika,
30,2012,13234,Kysnes,rensefisk,,,1691,Berggylt,1500,hele lokaliteten,1227,JONDAL,12,Hordaland,60.19877,6.09685,3,Karmøy til Sotra,
30,2012,12392,Lille Torsøy,rensefisk,,,1694,Grøngylt,45,deler av lokaliteten,1617,HITRA,16,Sør-Trøndelag,63.605633,8.48855,6,Nordmøre og Sør-Trøndelag,
30,2012,12392,Lille Torsøy,rensefisk,,,1691,Berggylt,1712,deler av lokaliteten,1617,HITRA,16,Sør-Trøndelag,63.605633,8.48855,6,Nordmøre og Sør-Trøndelag,
30,2012,12127,Mælen,medikamentell,badebehandling,Cypermethrin,,,,hele lokaliteten,1224,KVINNHERAD,12,Hordaland,59.69998,5.722917,3,Karmøy til Sotra,
30,2012,12127,Mælen,rensefisk,,,1691,Berggylt,138,deler av lokaliteten,1224,KVINNHERAD,12,Hordaland,59.69998,5.722917,3,Karmøy til Sotra,
30,2012,12134,Maradalen,rensefisk,,,1694,Grøngylt,759,deler av lokaliteten,1224,KVINNHERAD,12,Hordaland,59.76077,5.686767,3,Karmøy til Sotra,
30,2012,12134,Maradalen,rensefisk,,,1691,Berggylt,115,deler av lokaliteten,1224,KVINNHERAD,12,Hordaland,59.76077,5.686767,3,Karmøy til Sotra,
30,2012,22555,Masterholman,rensefisk,,,1691,Berggylt,1269,hele lokaliteten,1632,ROAN,16,Sør-Trøndelag,64.16123,10.0496,6,Nordmøre og Sør-Trøndelag,
30,2012,31037,Masterholman II,rensefisk,,,1691,Berggylt,13512,hele lokaliteten,1632,ROAN,16,Sør-Trøndelag,64.161964,10.036433,6,Nordmøre og Sør-Trøndelag,
30,2012,12047,Mjåneset,rensefisk,,,1692,Annen leppefisk,12749,hele lokaliteten,1241,FUSA,12,Hordaland,60.176,5.7244,3,Karmøy til Sotra,
30,2012,13629,Munkholmen,rensefisk,,,1694,Grøngylt,2063,deler av lokaliteten,1146,TYSVÆR,11,Rogaland,59.285484,5.631317,2,Ryfylke,
30,2012,29957,Nakkestad,rensefisk,,,1691,Berggylt,134,hele lokaliteten,1032,LYNGDAL,10,Vest-Agder,58.056683,7.071583,1,Svenskegrensen til Jæren,
30,2012,29957,Nakkestad,rensefisk,,,1694,Grøngylt,1571,hele lokaliteten,1032,LYNGDAL,10,Vest-Agder,58.056683,7.071583,1,Svenskegrensen til Jæren,
30,2012,29957,Nakkestad,rensefisk,,,1693,Bergnebb,11628,hele lokaliteten,1032,LYNGDAL,10,Vest-Agder,58.056683,7.071583,1,Svenskegrensen til Jæren,
30,2012,10303,Nappeholmane,medikamentell,badebehandling,Cypermethrin,,,,hele lokaliteten,1219,BØMLO,12,Hordaland,59.74275,5.363817,3,Karmøy til Sotra,
30,2012,31697,Oksen,rensefisk,,,1694,Grøngylt,1300,deler av lokaliteten,1246,FJELL,12,Hordaland,60.43382,4.9411,3,Karmøy til Sotra,
30,2012,11908,Oltesvik,rensefisk,,,1692,Annen leppefisk,2911,hele lokaliteten,1122,GJESDAL,11,Rogaland,58.854916,6.124417,2,Ryfylke,
30,2012,12383,Omsøyholman,medikamentell,badebehandling,Azamethiphos,,,,deler av lokaliteten,1617,HITRA,16,Sør-Trøndelag,63.63162,8.574817,6,Nordmøre og Sør-Trøndelag,
30,2012,12383,Omsøyholman,medikamentell,badebehandling,Azamethiphos,,,,deler av lokaliteten,1617,HITRA,16,Sør-Trøndelag,63.63162,8.574817,6,Nordmøre og Sør-Trøndelag,
30,2012,12383,Omsøyholman,medikamentell,badebehandling,Deltamethrin,,,,deler av lokaliteten,1617,HITRA,16,Sør-Trøndelag,63.63162,8.574817,6,Nordmøre og Sør-Trøndelag,
30,2012,12383,Omsøyholman,medikamentell,badebehandling,Deltamethrin,,,,deler av lokaliteten,1617,HITRA,16,Sør-Trøndelag,63.63162,8.574817,6,Nordmøre og Sør-Trøndelag,
30,2012,13565,Øvreås,medikamentell,badebehandling,Annet virkestoff,,,,hele lokaliteten,1263,LINDÅS,12,Hordaland,60.67298,5.397417,4,Nordhordaland til Stadt,
30,2012,13565,Øvreås,rensefisk,,,1694,Grøngylt,2813,hele lokaliteten,1263,LINDÅS,12,Hordaland,60.67298,5.397417,4,Nordhordaland til Stadt,
30,2012,13565,Øvreås,rensefisk,,,1693,Bergnebb,3496,hele lokaliteten,1263,LINDÅS,12,Hordaland,60.67298,5.397417,4,Nordhordaland til Stadt,
30,2012,13565,Øvreås,rensefisk,,,1691,Berggylt,1791,hele lokaliteten,1263,LINDÅS,12,Hordaland,60.67298,5.397417,4,Nordhordaland til Stadt,
30,2012,11688,Portevika,rensefisk,,,1691,Berggylt,4000,hele lokaliteten,1413,HYLLESTAD,14,Sogn og Fjordane,61.18885,5.090017,4,Nordhordaland til Stadt,
30,2012,11687,Ramsvik,rensefisk,,,1693,Bergnebb,1192,deler av lokaliteten,1263,LINDÅS,12,Hordaland,60.57878,5.190617,4,Nordhordaland til Stadt,
30,2012,29116,Reiråklakken,rensefisk,,,1693,Bergnebb,16898,hele lokaliteten,1573,SMØLA,15,Møre og Romsdal,63.45025,8.168853,6,Nordmøre og Sør-Trøndelag,
30,2012,10086,Rekeviki,rensefisk,,,1691,Berggylt,5505,hele lokaliteten,1263,LINDÅS,12,Hordaland,60.7231,5.325451,4,Nordhordaland til Stadt,
30,2012,10086,Rekeviki,rensefisk,,,1694,Grøngylt,6000,hele lokaliteten,1263,LINDÅS,12,Hordaland,60.7231,5.325451,4,Nordhordaland til Stadt,
30,2012,10475,Rotholmen,rensefisk,,,1693,Bergnebb,22158,deler av lokaliteten,1837,MELØY,18,Nordland,66.80905,13.115467,8,Helgeland til Bodø,
30,2012,11770,Rotøy,rensefisk,,,1691,Berggylt,15000,hele lokaliteten,1259,ØYGARDEN,12,Hordaland,60.6826,4.759533,4,Nordhordaland til Stadt,
30,2012,12298,Røysa,rensefisk,,,1694,Grøngylt,12221,deler av lokaliteten,1532,GISKE,15,Møre og Romsdal,62.550632,6.1408,5,Stadt til Hustadvika,
30,2012,12298,Røysa,rensefisk,,,1691,Berggylt,521,deler av lokaliteten,1532,GISKE,15,Møre og Romsdal,62.550632,6.1408,5,Stadt til Hustadvika,
30,2012,12973,Saltkjelen I,rensefisk,,,1691,Berggylt,2369,deler av lokaliteten,1238,KVAM,12,Hordaland,60.317932,6.183033,3,Karmøy til Sotra,
30,2012,11856,Salvågvika,rensefisk,,,169520,Rødnebb,83,deler av lokaliteten,1004,FLEKKEFJORD,10,Vest-Agder,58.223083,6.635417,1,Svenskegrensen til Jæren,
30,2012,11856,Salvågvika,rensefisk,,,1694,Grøngylt,506,deler av lokaliteten,1004,FLEKKEFJORD,10,Vest-Agder,58.223083,6.635417,1,Svenskegrensen til Jæren,
30,2012,11856,Salvågvika,rensefisk,,,1692,Annen leppefisk,34,deler av lokaliteten,1004,FLEKKEFJORD,10,Vest-Agder,58.223083,6.635417,1,Svenskegrensen til Jæren,
30,2012,11856,Salvågvika,rensefisk,,,1691,Berggylt,200,deler av lokaliteten,1004,FLEKKEFJORD,10,Vest-Agder,58.223083,6.635417,1,Svenskegrensen til Jæren,
30,2012,11758,Sauøy Ø,rensefisk,,,1694,Grøngylt,3852,deler av lokaliteten,1259,ØYGARDEN,12,Hordaland,60.592335,4.857833,4,Nordhordaland til Stadt,
30,2012,11758,Sauøy Ø,rensefisk,,,1691,Berggylt,435,deler av lokaliteten,1259,ØYGARDEN,12,Hordaland,60.592335,4.857833,4,Nordhordaland til Stadt,
30,2012,11758,Sauøy Ø,rensefisk,,,1692,Annen leppefisk,3344,deler av lokaliteten,1259,ØYGARDEN,12,Hordaland,60.592335,4.857833,4,Nordhordaland til Stadt,
30,2012,19855,Segelråa,rensefisk,,,1691,Berggylt,637,deler av lokaliteten,1576,AURE,15,Møre og Romsdal,63.149746,8.12855,6,Nordmøre og Sør-Trøndelag,
30,2012,19855,Segelråa,rensefisk,,,1694,Grøngylt,321,deler av lokaliteten,1576,AURE,15,Møre og Romsdal,63.149746,8.12855,6,Nordmøre og Sør-Trøndelag,
30,2012,19855,Segelråa,rensefisk,,,1693,Bergnebb,4083,deler av lokaliteten,1576,AURE,15,Møre og Romsdal,63.149746,8.12855,6,Nordmøre og Sør-Trøndelag,
30,2012,12844,Seterneset,rensefisk,,,1691,Berggylt,399,deler av lokaliteten,1502,MOLDE,15,Møre og Romsdal,62.67375,7.313967,5,Stadt til Hustadvika,
30,2012,12844,Seterneset,rensefisk,,,1694,Grøngylt,5563,deler av lokaliteten,1502,MOLDE,15,Møre og Romsdal,62.67375,7.313967,5,Stadt til Hustadvika,
30,2012,12244,Setevika,rensefisk,,,1694,Grøngylt,5016,deler av lokaliteten,1545,MIDSUND,15,Møre og Romsdal,62.728065,6.939283,5,Stadt til Hustadvika,
30,2012,12244,Setevika,rensefisk,,,1693,Bergnebb,148,deler av lokaliteten,1545,MIDSUND,15,Møre og Romsdal,62.728065,6.939283,5,Stadt til Hustadvika,
30,2012,28256,Skår,rensefisk,,,1693,Bergnebb,5276,hele lokaliteten,1223,TYSNES,12,Hordaland,59.8994,5.532767,3,Karmøy til Sotra,
30,2012,26738,Skiftesvika,rensefisk,,,1694,Grøngylt,3428,hele lokaliteten,1141,FINNØY,11,Rogaland,59.167885,5.920667,2,Ryfylke,
30,2012,26738,Skiftesvika,rensefisk,,,1691,Berggylt,484,hele lokaliteten,1141,FINNØY,11,Rogaland,59.167885,5.920667,2,Ryfylke,
30,2012,11861,Skipningsdalen,rensefisk,,,169520,Rødnebb,19,hele lokaliteten,1004,FLEKKEFJORD,10,Vest-Agder,58.2422,6.589683,1,Svenskegrensen til Jæren,
30,2012,11861,Skipningsdalen,rensefisk,,,1694,Grøngylt,95,hele lokaliteten,1004,FLEKKEFJORD,10,Vest-Agder,58.2422,6.589683,1,Svenskegrensen til Jæren,
30,2012,11861,Skipningsdalen,rensefisk,,,1692,Annen leppefisk,44,hele lokaliteten,1004,FLEKKEFJORD,10,Vest-Agder,58.2422,6.589683,1,Svenskegrensen til Jæren,
30,2012,11861,Skipningsdalen,rensefisk,,,1691,Berggylt,126,hele lokaliteten,1004,FLEKKEFJORD,10,Vest-Agder,58.2422,6.589683,1,Svenskegrensen til Jæren,
30,2012,11640,Skorpeosen,rensefisk,,,1694,Grøngylt,1601,deler av lokaliteten,1246,FJELL,12,Hordaland,60.332535,4.942783,3,Karmøy til Sotra,
30,2012,11640,Skorpeosen,rensefisk,,,1691,Berggylt,10000,deler av lokaliteten,1246,FJELL,12,Hordaland,60.332535,4.942783,3,Karmøy til Sotra,
30,2012,12192,Skorva,medikamentell,badebehandling,Deltamethrin,,,,hele lokaliteten,1428,ASKVOLL,14,Sogn og Fjordane,61.467117,5.3136,4,Nordhordaland til Stadt,
30,2012,18657,Skredstivik,rensefisk,,,1694,Grøngylt,4000,deler av lokaliteten,1413,HYLLESTAD,14,Sogn og Fjordane,61.1567,5.133983,4,Nordhordaland til Stadt,
30,2012,18657,Skredstivik,rensefisk,,,1691,Berggylt,14001,deler av lokaliteten,1413,HYLLESTAD,14,Sogn og Fjordane,61.1567,5.133983,4,Nordhordaland til Stadt,
30,2012,31117,Skrubbo,rensefisk,,,1692,Annen leppefisk,43244,hele lokaliteten,1241,FUSA,12,Hordaland,60.15632,5.713217,3,Karmøy til Sotra,
30,2012,11605,Soløy Ø,rensefisk,,,1694,Grøngylt,30000,hele lokaliteten,1222,FITJAR,12,Hordaland,59.90708,5.159833,3,Karmøy til Sotra,
30,2012,27436,Solværet,rensefisk,,,1694,Grøngylt,2196,hele lokaliteten,1573,SMØLA,15,Møre og Romsdal,63.255,7.856933,6,Nordmøre og Sør-Trøndelag,
30,2012,27436,Solværet,rensefisk,,,1691,Berggylt,530,hele lokaliteten,1573,SMØLA,15,Møre og Romsdal,63.255,7.856933,6,Nordmøre og Sør-Trøndelag,
30,2012,27436,Solværet,rensefisk,,,1693,Bergnebb,1617,hele lokaliteten,1573,SMØLA,15,Møre og Romsdal,63.255,7.856933,6,Nordmøre og Sør-Trøndelag,
30,2012,11596,Ståløy,rensefisk,,,1694,Grøngylt,1400,hele lokaliteten,1244,AUSTEVOLL,12,Hordaland,60.088615,5.1734,3,Karmøy til Sotra,
30,2012,11596,Ståløy,rensefisk,,,1691,Berggylt,600,hele lokaliteten,1244,AUSTEVOLL,12,Hordaland,60.088615,5.1734,3,Karmøy til Sotra,
30,2012,11649,Stolane,rensefisk,,,1693,Bergnebb,5003,deler av lokaliteten,1260,RADØY,12,Hordaland,60.605118,5.1257,4,Nordhordaland til Stadt,
30,2012,11649,Stolane,rensefisk,,,1694,Grøngylt,8300,deler av lokaliteten,1260,RADØY,12,Hordaland,60.605118,5.1257,4,Nordhordaland til Stadt,
30,2012,11649,Stolane,rensefisk,,,1691,Berggylt,2781,deler av lokaliteten,1260,RADØY,12,Hordaland,60.605118,5.1257,4,Nordhordaland til Stadt,
30,2012,11649,Stolane,rensefisk,,,1692,Annen leppefisk,7646,deler av lokaliteten,1260,RADØY,12,Hordaland,60.605118,5.1257,4,Nordhordaland til Stadt,
30,2012,11700,Storeneset,medikamentell,badebehandling,Annet virkestoff,,,,hele lokaliteten,1411,GULEN,14,Sogn og Fjordane,60.8763,5.02805,4,Nordhordaland til Stadt,
30,2012,11492,Storevikholmen,medikamentell,badebehandling,Annet virkestoff,,,,deler av lokaliteten,1222,FITJAR,12,Hordaland,59.839584,5.305017,3,Karmøy til Sotra,
30,2012,22335,Storvika,rensefisk,,,1693,Bergnebb,4700,deler av lokaliteten,1548,FRÆNA,15,Møre og Romsdal,62.802166,6.981267,5,Stadt til Hustadvika,
30,2012,13125,Storvika,rensefisk,,,1693,Bergnebb,17240,deler av lokaliteten,1837,MELØY,18,Nordland,66.809135,13.2362,8,Helgeland til Bodø,
30,2012,11858,Støytland,rensefisk,,,169520,Rødnebb,103,hele lokaliteten,1004,FLEKKEFJORD,10,Vest-Agder,58.231483,6.627917,1,Svenskegrensen til Jæren,
30,2012,11858,Støytland,rensefisk,,,1694,Grøngylt,709,hele lokaliteten,1004,FLEKKEFJORD,10,Vest-Agder,58.231483,6.627917,1,Svenskegrensen til Jæren,
30,2012,11858,Støytland,rensefisk,,,1692,Annen leppefisk,22,hele lokaliteten,1004,FLEKKEFJORD,10,Vest-Agder,58.231483,6.627917,1,Svenskegrensen til Jæren,
30,2012,11858,Støytland,rensefisk,,,1691,Berggylt,259,hele lokaliteten,1004,FLEKKEFJORD,10,Vest-Agder,58.231483,6.627917,1,Svenskegrensen til Jæren,
30,2012,12081,Straumneset,rensefisk,,,1691,Berggylt,1500,hele lokaliteten,1227,JONDAL,12,Hordaland,60.220966,6.139567,3,Karmøy til Sotra,
30,2012,26235,Stualand,rensefisk,,,1693,Bergnebb,13900,deler av lokaliteten,1216,SVEIO,12,Hordaland,59.60845,5.526917,3,Karmøy til Sotra,
30,2012,12074,Svåsandneset,rensefisk,,,1694,Grøngylt,164,deler av lokaliteten,1227,JONDAL,12,Hordaland,60.32422,6.318983,3,Karmøy til Sotra,
30,2012,13196,Syltøy,rensefisk,,,1694,Grøngylt,12557,deler av lokaliteten,1245,SUND,12,Hordaland,60.304,4.966767,3,Karmøy til Sotra,
30,2012,13196,Syltøy,rensefisk,,,1691,Berggylt,1791,deler av lokaliteten,1245,SUND,12,Hordaland,60.304,4.966767,3,Karmøy til Sotra,
30,2012,21755,Tendalsvik,rensefisk,,,1694,Grøngylt,4469,deler av lokaliteten,1211,ETNE,12,Hordaland,59.73605,5.884,3,Karmøy til Sotra,
30,2012,21755,Tendalsvik,rensefisk,,,1691,Berggylt,96,deler av lokaliteten,1211,ETNE,12,Hordaland,59.73605,5.884,3,Karmøy til Sotra,
30,2012,25815,Tittelsnes,medikamentell,badebehandling,Deltamethrin,,,,deler av lokaliteten,1216,SVEIO,12,Hordaland,59.723484,5.533483,3,Karmøy til Sotra,
30,2012,25815,Tittelsnes,ikke-medikamentell,,,,,,deler av lokaliteten,1216,SVEIO,12,Hordaland,59.723484,5.533483,3,Karmøy til Sotra,
30,2012,30837,Torangskjeret,rensefisk,,,1692,Annen leppefisk,3000,hele lokaliteten,1244,AUSTEVOLL,12,Hordaland,60.130184,5.176033,3,Karmøy til Sotra,
30,2012,30837,Torangskjeret,rensefisk,,,1694,Grøngylt,8000,hele lokaliteten,1244,AUSTEVOLL,12,Hordaland,60.130184,5.176033,3,Karmøy til Sotra,
30,2012,30837,Torangskjeret,rensefisk,,,1691,Berggylt,1000,hele lokaliteten,1244,AUSTEVOLL,12,Hordaland,60.130184,5.176033,3,Karmøy til Sotra,
30,2012,30560,Tristeinen,rensefisk,,,1693,Bergnebb,53,deler av lokaliteten,1627,BJUGN,16,Sør-Trøndelag,63.86895,9.6204,6,Nordmøre og Sør-Trøndelag,
30,2012,10029,Tuholmane Ø,rensefisk,,,1693,Bergnebb,7450,hele lokaliteten,1149,KARMØY,11,Rogaland,59.372032,5.20965,3,Karmøy til Sotra,
30,2012,24135,Utåker,medikamentell,badebehandling,Deltamethrin,,,,deler av lokaliteten,1224,KVINNHERAD,12,Hordaland,59.777916,5.900683,3,Karmøy til Sotra,
30,2012,24135,Utåker,rensefisk,,,1694,Grøngylt,2011,deler av lokaliteten,1224,KVINNHERAD,12,Hordaland,59.777916,5.900683,3,Karmøy til Sotra,
30,2012,24135,Utåker,rensefisk,,,1691,Berggylt,600,deler av lokaliteten,1224,KVINNHERAD,12,Hordaland,59.777916,5.900683,3,Karmøy til Sotra,
30,2012,10091,Vågsøya,rensefisk,,,1692,Annen leppefisk,500,hele lokaliteten,1401,FLORA,14,Sogn og Fjordane,61.489735,5.023517,4,Nordhordaland til Stadt,
30,2012,31557,Valøyan,ikke-medikamentell,,,,,,hele lokaliteten,1620,FRØYA,16,Sør-Trøndelag,63.81735,8.462483,6,Nordmøre og Sør-Trøndelag,
30,2012,12678,Vedøya,rensefisk,,,1693,Bergnebb,3626,deler av lokaliteten,1748,FOSNES,17,Nord-Trøndelag,64.60697,11.355178,7,Nord-Trøndelag med Bindal,
30,2012,32337,Veiesund,rensefisk,,,1692,Annen leppefisk,910,deler av lokaliteten,1401,FLORA,14,Sogn og Fjordane,61.572067,5.0466,4,Nordhordaland til Stadt,
30,2012,32337,Veiesund,rensefisk,,,1693,Bergnebb,1230,deler av lokaliteten,1401,FLORA,14,Sogn og Fjordane,61.572067,5.0466,4,Nordhordaland til Stadt,
30,2012,32337,Veiesund,rensefisk,,,1691,Berggylt,730,deler av lokaliteten,1401,FLORA,14,Sogn og Fjordane,61.572067,5.0466,4,Nordhordaland til Stadt,
30,2012,32337,Veiesund,rensefisk,,,1694,Grøngylt,5330,deler av lokaliteten,1401,FLORA,14,Sogn og Fjordane,61.572067,5.0466,4,Nordhordaland til Stadt,
30,2012,13837,Verpeide,rensefisk,,,1694,Grøngylt,358,deler av lokaliteten,1439,VÅGSØY,14,Sogn og Fjordane,61.902954,5.207967,4,Nordhordaland til Stadt,
30,2012,13837,Verpeide,rensefisk,,,1691,Berggylt,1034,deler av lokaliteten,1439,VÅGSØY,14,Sogn og Fjordane,61.902954,5.207967,4,Nordhordaland til Stadt,
30,2012,13704,Vikane,rensefisk,,,1691,Berggylt,1600,hele lokaliteten,1266,MASFJORDEN,12,Hordaland,60.7125,5.403633,4,Nordhordaland til Stadt,
30,2012,12027,,rensefisk,,,1694,Grøngylt,1879,deler av lokaliteten,,,,,,,,,
29,2012,15196,Aga Ø,rensefisk,,,1691,Berggylt,2411,hele lokaliteten,1219,BØMLO,12,Hordaland,59.8451,5.261367,3,Karmøy til Sotra,
29,2012,10331,Åkre,rensefisk,,,1694,Grøngylt,4350,hele lokaliteten,1224,KVINNHERAD,12,Hordaland,60.112434,6.042483,3,Karmøy til Sotra,
29,2012,12086,Alsåkervik,rensefisk,,,1691,Berggylt,581,deler av lokaliteten,1224,KVINNHERAD,12,Hordaland,59.7601,6.074183,3,Karmøy til Sotra,
29,2012,10319,Ålvora,rensefisk,,,1692,Annen leppefisk,1773,deler av lokaliteten,1401,FLORA,14,Sogn og Fjordane,61.584034,5.133633,4,Nordhordaland til Stadt,
29,2012,10319,Ålvora,rensefisk,,,1693,Bergnebb,1970,deler av lokaliteten,1401,FLORA,14,Sogn og Fjordane,61.584034,5.133633,4,Nordhordaland til Stadt,
29,2012,10319,Ålvora,rensefisk,,,1694,Grøngylt,8539,deler av lokaliteten,1401,FLORA,14,Sogn og Fjordane,61.584034,5.133633,4,Nordhordaland til Stadt,
29,2012,10319,Ålvora,rensefisk,,,1691,Berggylt,854,deler av lokaliteten,1401,FLORA,14,Sogn og Fjordane,61.584034,5.133633,4,Nordhordaland til Stadt,
29,2012,11513,Andal,rensefisk,,,1693,Bergnebb,11100,hele lokaliteten,1219,BØMLO,12,Hordaland,59.63655,5.2466,3,Karmøy til Sotra,
29,2012,12357,Aursøysva,rensefisk,,,1694,Grøngylt,1050,hele lokaliteten,1620,FRØYA,16,Sør-Trøndelag,63.80015,8.906083,6,Nordmøre og Sør-Trøndelag,
29,2012,12357,Aursøysva,rensefisk,,,1691,Berggylt,1510,hele lokaliteten,1620,FRØYA,16,Sør-Trøndelag,63.80015,8.906083,6,Nordmøre og Sør-Trøndelag,
29,2012,13572,Badstuvika,rensefisk,,,1693,Bergnebb,4772,deler av lokaliteten,1617,HITRA,16,Sør-Trøndelag,63.53398,9.1469,6,Nordmøre og Sør-Trøndelag,
29,2012,13845,Beitveit,rensefisk,,,1694,Grøngylt,1840,deler av lokaliteten,1441,SELJE,14,Sogn og Fjordane,62.141216,5.32675,5,Stadt til Hustadvika,
29,2012,13845,Beitveit,rensefisk,,,1693,Bergnebb,2320,deler av lokaliteten,1441,SELJE,14,Sogn og Fjordane,62.141216,5.32675,5,Stadt til Hustadvika,
29,2012,25055,Bekksneset,medikamentell,badebehandling,Azamethiphos,,,,deler av lokaliteten,1413,HYLLESTAD,14,Sogn og Fjordane,61.07635,5.386183,4,Nordhordaland til Stadt,
29,2012,27556,Beøya,rensefisk,,,1694,Grøngylt,2100,hele lokaliteten,1617,HITRA,16,Sør-Trøndelag,63.663666,8.847783,6,Nordmøre og Sør-Trøndelag,
29,2012,11930,Bjelkavik,rensefisk,,,1691,Berggylt,408,deler av lokaliteten,1134,SULDAL,11,Rogaland,59.44718,5.986017,2,Ryfylke,
29,2012,11930,Bjelkavik,rensefisk,,,1694,Grøngylt,712,deler av lokaliteten,1134,SULDAL,11,Rogaland,59.44718,5.986017,2,Ryfylke,
29,2012,12252,Bogen Md,rensefisk,,,1694,Grøngylt,45,deler av lokaliteten,1545,MIDSUND,15,Møre og Romsdal,62.69082,6.868767,5,Stadt til Hustadvika,
29,2012,10256,Bondøya,rensefisk,,,1693,Bergnebb,17725,hele lokaliteten,1750,VIKNA,17,Nord-Trøndelag,64.81715,10.7425,7,Nord-Trøndelag med Bindal,
29,2012,11488,Brattavika,rensefisk,,,1694,Grøngylt,2500,hele lokaliteten,1244,AUSTEVOLL,12,Hordaland,60.045433,5.301117,3,Karmøy til Sotra,
29,2012,11488,Brattavika,rensefisk,,,1693,Bergnebb,2500,hele lokaliteten,1244,AUSTEVOLL,12,Hordaland,60.045433,5.301117,3,Karmøy til Sotra,
29,2012,11488,Brattavika,rensefisk,,,1691,Berggylt,2500,hele lokaliteten,1244,AUSTEVOLL,12,Hordaland,60.045433,5.301117,3,Karmøy til Sotra,
29,2012,13205,Brattholmen,medikamentell,badebehandling,Cypermethrin,,,,hele lokaliteten,1412,SOLUND,14,Sogn og Fjordane,61.068382,4.713817,4,Nordhordaland til Stadt,
29,2012,13205,Brattholmen,ikke-medikamentell,,,,,,hele lokaliteten,1412,SOLUND,14,Sogn og Fjordane,61.068382,4.713817,4,Nordhordaland til Stadt,
29,2012,11514,Brattholmen S,rensefisk,,,1691,Berggylt,15000,hele lokaliteten,1216,SVEIO,12,Hordaland,59.51832,5.244383,3,Karmøy til Sotra,
29,2012,12594,Breidvika,medikamentell,fôrbehandling,Emamectin benzoat,,,,hele lokaliteten,1633,OSEN,16,Sør-Trøndelag,64.295364,10.397483,6,Nordmøre og Sør-Trøndelag,
29,2012,12594,Breidvika,rensefisk,,,1694,Grøngylt,5100,deler av lokaliteten,1633,OSEN,16,Sør-Trøndelag,64.295364,10.397483,6,Nordmøre og Sør-Trøndelag,
29,2012,10223,Bremnessvaet,rensefisk,,,1694,Grøngylt,6,deler av lokaliteten,1573,SMØLA,15,Møre og Romsdal,63.39795,8.214317,6,Nordmøre og Sør-Trøndelag,
29,2012,10223,Bremnessvaet,rensefisk,,,1693,Bergnebb,910,deler av lokaliteten,1573,SMØLA,15,Møre og Romsdal,63.39795,8.214317,6,Nordmøre og Sør-Trøndelag,
29,2012,10223,Bremnessvaet,rensefisk,,,1691,Berggylt,148,deler av lokaliteten,1573,SMØLA,15,Møre og Romsdal,63.39795,8.214317,6,Nordmøre og Sør-Trøndelag,
29,2012,12237,Brudevika,rensefisk,,,1694,Grøngylt,1850,deler av lokaliteten,1511,VANYLVEN,15,Møre og Romsdal,62.116566,5.420717,5,Stadt til Hustadvika,
29,2012,25655,Buholmen,rensefisk,,,1693,Bergnebb,10400,hele lokaliteten,1160,VINDAFJORD,11,Rogaland,59.562416,5.55465,3,Karmøy til Sotra,
29,2012,32457,Dalsvåg Nv,rensefisk,,,1693,Bergnebb,4234,deler av lokaliteten,1149,KARMØY,11,Rogaland,59.410416,5.218033,3,Karmøy til Sotra,
29,2012,14799,Djupestallen,rensefisk,,,1693,Bergnebb,4278,deler av lokaliteten,1223,TYSNES,12,Hordaland,60.058735,5.453,3,Karmøy til Sotra,
29,2012,26595,Djupevika,rensefisk,,,1694,Grøngylt,14315,deler av lokaliteten,1223,TYSNES,12,Hordaland,60.03628,5.344117,3,Karmøy til Sotra,
29,2012,26595,Djupevika,rensefisk,,,1691,Berggylt,1996,deler av lokaliteten,1223,TYSNES,12,Hordaland,60.03628,5.344117,3,Karmøy til Sotra,
29,2012,20455,Djupevika,rensefisk,,,1694,Grøngylt,1680,deler av lokaliteten,1224,KVINNHERAD,12,Hordaland,60.0406,6.010917,3,Karmøy til Sotra,
29,2012,20455,Djupevika,rensefisk,,,1693,Bergnebb,9320,deler av lokaliteten,1224,KVINNHERAD,12,Hordaland,60.0406,6.010917,3,Karmøy til Sotra,
29,2012,32117,Dyrholmen Øst,rensefisk,,,1693,Bergnebb,4000,hele lokaliteten,1222,FITJAR,12,Hordaland,59.9332,5.239467,3,Karmøy til Sotra,
29,2012,11556,Engevik,medikamentell,badebehandling,Annet virkestoff,,,,hele lokaliteten,1222,FITJAR,12,Hordaland,59.96425,5.379817,3,Karmøy til Sotra,
29,2012,11556,Engevik,medikamentell,badebehandling,Azamethiphos,,,,hele lokaliteten,1222,FITJAR,12,Hordaland,59.96425,5.379817,3,Karmøy til Sotra,
29,2012,11556,Engevik,rensefisk,,,1691,Berggylt,250,deler av lokaliteten,1222,FITJAR,12,Hordaland,59.96425,5.379817,3,Karmøy til Sotra,
29,2012,11556,Engevik,rensefisk,,,1694,Grøngylt,250,deler av lokaliteten,1222,FITJAR,12,Hordaland,59.96425,5.379817,3,Karmøy til Sotra,
29,2012,11556,Engevik,rensefisk,,,1693,Bergnebb,750,deler av lokaliteten,1222,FITJAR,12,Hordaland,59.96425,5.379817,3,Karmøy til Sotra,
29,2012,19336,Flatholmen,rensefisk,,,1691,Berggylt,750,deler av lokaliteten,1106,HAUGESUND,11,Rogaland,59.4293,5.114483,3,Karmøy til Sotra,
29,2012,19336,Flatholmen,rensefisk,,,1694,Grøngylt,7345,deler av lokaliteten,1106,HAUGESUND,11,Rogaland,59.4293,5.114483,3,Karmøy til Sotra,
29,2012,25895,Flornes,rensefisk,,,1692,Annen leppefisk,10000,hele lokaliteten,1223,TYSNES,12,Hordaland,59.892982,5.665817,3,Karmøy til Sotra,
29,2012,25895,Flornes,rensefisk,,,1694,Grøngylt,16200,hele lokaliteten,1223,TYSNES,12,Hordaland,59.892982,5.665817,3,Karmøy til Sotra,
29,2012,26935,Frovågneset,medikamentell,badebehandling,Deltamethrin,,,,hele lokaliteten,1927,TRANØY,19,Troms,69.06995,17.061447,10,Andøya til Senja,
29,2012,19115,Fugløya S,rensefisk,,,1693,Bergnebb,22766,deler av lokaliteten,1613,SNILLFJORD,16,Sør-Trøndelag,63.460682,9.1444,6,Nordmøre og Sør-Trøndelag,
29,2012,11736,Fureholmen S,rensefisk,,,1694,Grøngylt,4322,hele lokaliteten,1412,SOLUND,14,Sogn og Fjordane,61.05705,4.866133,4,Nordhordaland til Stadt,
29,2012,11736,Fureholmen S,rensefisk,,,1691,Berggylt,1855,hele lokaliteten,1412,SOLUND,14,Sogn og Fjordane,61.05705,4.866133,4,Nordhordaland til Stadt,
29,2012,22015,Fureneset,rensefisk,,,1691,Berggylt,5000,deler av lokaliteten,1412,SOLUND,14,Sogn og Fjordane,61.165516,5.052567,4,Nordhordaland til Stadt,
29,2012,12078,Gangdal,rensefisk,,,1691,Berggylt,15000,hele lokaliteten,1227,JONDAL,12,Hordaland,60.215935,6.156667,3,Karmøy til Sotra,
29,2012,11198,Geiterøya I,medikamentell,fôrbehandling,Emamectin benzoat,,,,hele lokaliteten,1860,VESTVÅGØY,18,Nordland,68.09026,13.735617,9,Vestfjorden og Vesterålen,
29,2012,13036,Gjengane,rensefisk,,,1691,Berggylt,687,deler av lokaliteten,1244,AUSTEVOLL,12,Hordaland,60.071518,5.306383,3,Karmøy til Sotra,
29,2012,13036,Gjengane,rensefisk,,,1692,Annen leppefisk,2407,deler av lokaliteten,1244,AUSTEVOLL,12,Hordaland,60.071518,5.306383,3,Karmøy til Sotra,
29,2012,13036,Gjengane,rensefisk,,,1694,Grøngylt,6070,deler av lokaliteten,1244,AUSTEVOLL,12,Hordaland,60.071518,5.306383,3,Karmøy til Sotra,
29,2012,11559,Grimsholmen,rensefisk,,,1693,Bergnebb,58190,hele lokaliteten,1216,SVEIO,12,Hordaland,59.6554,5.403517,3,Karmøy til Sotra,
29,2012,11771,Grisholmsundet,rensefisk,,,1692,Annen leppefisk,1000,deler av lokaliteten,1265,FEDJE,12,Hordaland,60.7927,4.693717,4,Nordhordaland til Stadt,
29,2012,10318,Gulestø,rensefisk,,,1694,Grøngylt,2945,deler av lokaliteten,1438,BREMANGER,14,Sogn og Fjordane,61.75802,5.069883,4,Nordhordaland til Stadt,
29,2012,10318,Gulestø,rensefisk,,,1693,Bergnebb,828,deler av lokaliteten,1438,BREMANGER,14,Sogn og Fjordane,61.75802,5.069883,4,Nordhordaland til Stadt,
29,2012,22095,Hågardsneset,rensefisk,,,1693,Bergnebb,861,hele lokaliteten,1224,KVINNHERAD,12,Hordaland,59.983932,5.932317,3,Karmøy til Sotra,
29,2012,12895,Halsbukta,rensefisk,,,1693,Bergnebb,525,deler av lokaliteten,1560,TINGVOLL,15,Møre og Romsdal,63.077686,8.143622,6,Nordmøre og Sør-Trøndelag,
29,2012,12895,Halsbukta,rensefisk,,,1694,Grøngylt,1288,deler av lokaliteten,1560,TINGVOLL,15,Møre og Romsdal,63.077686,8.143622,6,Nordmøre og Sør-Trøndelag,
29,2012,24035,Håvikvågen S,rensefisk,,,1692,Annen leppefisk,10125,hele lokaliteten,1241,FUSA,12,Hordaland,60.169834,5.69645,3,Karmøy til Sotra,
29,2012,11783,Hella,medikamentell,badebehandling,Deltamethrin,,,,hele lokaliteten,1428,ASKVOLL,14,Sogn og Fjordane,61.405834,5.0795,4,Nordhordaland til Stadt,
29,2012,10300,Hillersvik,rensefisk,,,1691,Berggylt,10000,deler av lokaliteten,1216,SVEIO,12,Hordaland,59.6084,5.311917,3,Karmøy til Sotra,
29,2012,12036,Hisdalen,rensefisk,,,1693,Bergnebb,25808,hele lokaliteten,1224,KVINNHERAD,12,Hordaland,60.12602,5.931333,3,Karmøy til Sotra,
29,2012,15655,Hjartøy N,rensefisk,,,1691,Berggylt,5182,hele lokaliteten,1828,NESNA,18,Nordland,66.23606,12.713452,8,Helgeland til Bodø,
29,2012,11571,Holevik,rensefisk,,,1694,Grøngylt,3599,hele lokaliteten,1219,BØMLO,12,Hordaland,59.776585,5.321817,3,Karmøy til Sotra,
29,2012,11571,Holevik,rensefisk,,,1691,Berggylt,457,hele lokaliteten,1219,BØMLO,12,Hordaland,59.776585,5.321817,3,Karmøy til Sotra,
29,2012,19939,Høysteinen,rensefisk,,,1694,Grøngylt,3696,deler av lokaliteten,1224,KVINNHERAD,12,Hordaland,60.15665,6.048633,3,Karmøy til Sotra,
29,2012,10240,Ilsøya Ø,rensefisk,,,1691,Berggylt,1500,hele lokaliteten,1617,HITRA,16,Sør-Trøndelag,63.651974,8.88687,6,Nordmøre og Sør-Trøndelag,
29,2012,13236,Indre Oppedal,rensefisk,,,1694,Grøngylt,2071,deler av lokaliteten,1411,GULEN,14,Sogn og Fjordane,61.067,5.564817,4,Nordhordaland til Stadt,
29,2012,13236,Indre Oppedal,rensefisk,,,1691,Berggylt,748,deler av lokaliteten,1411,GULEN,14,Sogn og Fjordane,61.067,5.564817,4,Nordhordaland til Stadt,
29,2012,12599,Indre Skjervøy,rensefisk,,,1691,Berggylt,1000,deler av lokaliteten,1633,OSEN,16,Sør-Trøndelag,64.2858,10.30905,6,Nordmøre og Sør-Trøndelag,
29,2012,14245,Jakobsteinsvika,rensefisk,,,1694,Grøngylt,845,hele lokaliteten,1755,LEKA,17,Nord-Trøndelag,65.11352,11.7929,7,Nord-Trøndelag med Bindal,
29,2012,14245,Jakobsteinsvika,rensefisk,,,1693,Bergnebb,28000,hele lokaliteten,1755,LEKA,17,Nord-Trøndelag,65.11352,11.7929,7,Nord-Trøndelag med Bindal,
29,2012,14245,Jakobsteinsvika,rensefisk,,,1691,Berggylt,134,hele lokaliteten,1755,LEKA,17,Nord-Trøndelag,65.11352,11.7929,7,Nord-Trøndelag med Bindal,
29,2012,19977,Jektholmen,medikamentell,badebehandling,Azamethiphos,,,,deler av lokaliteten,1630,ÅFJORD,16,Sør-Trøndelag,63.99495,9.928317,6,Nordmøre og Sør-Trøndelag,
29,2012,31517,Kamholmen,rensefisk,,,1693,Bergnebb,10585,hele lokaliteten,1620,FRØYA,16,Sør-Trøndelag,63.762417,8.882933,6,Nordmøre og Sør-Trøndelag,
29,2012,14042,Kattholmen,rensefisk,,,1694,Grøngylt,629,hele lokaliteten,1620,FRØYA,16,Sør-Trøndelag,63.871017,8.678283,6,Nordmøre og Sør-Trøndelag,
29,2012,14042,Kattholmen,rensefisk,,,1691,Berggylt,6791,hele lokaliteten,1620,FRØYA,16,Sør-Trøndelag,63.871017,8.678283,6,Nordmøre og Sør-Trøndelag,
29,2012,28976,Kelvesteinen,rensefisk,,,1691,Berggylt,17105,deler av lokaliteten,1246,FJELL,12,Hordaland,60.4029,5.063717,3,Karmøy til Sotra,
29,2012,13225,Kilaneset,rensefisk,,,1691,Berggylt,2000,deler av lokaliteten,1134,SULDAL,11,Rogaland,59.31335,6.2672,2,Ryfylke,
29,2012,13225,Kilaneset,rensefisk,,,1694,Grøngylt,700,deler av lokaliteten,1134,SULDAL,11,Rogaland,59.31335,6.2672,2,Ryfylke,
29,2012,10409,Kjelneset,rensefisk,,,1693,Bergnebb,28107,hele lokaliteten,1748,FOSNES,17,Nord-Trøndelag,64.64395,11.388328,7,Nord-Trøndelag med Bindal,
29,2012,13339,Klungervikneset,medikamentell,badebehandling,Cypermethrin,,,,hele lokaliteten,1219,BØMLO,12,Hordaland,59.74668,5.3424,3,Karmøy til Sotra,
29,2012,11763,Knappen,rensefisk,,,1691,Berggylt,10000,deler av lokaliteten,1259,ØYGARDEN,12,Hordaland,60.573566,4.8185,4,Nordhordaland til Stadt,
29,2012,11575,Koløy N,rensefisk,,,1694,Grøngylt,1500,hele lokaliteten,1222,FITJAR,12,Hordaland,59.861168,5.2887,3,Karmøy til Sotra,
29,2012,11575,Koløy N,rensefisk,,,1693,Bergnebb,1500,hele lokaliteten,1222,FITJAR,12,Hordaland,59.861168,5.2887,3,Karmøy til Sotra,
29,2012,11575,Koløy N,rensefisk,,,1691,Berggylt,1500,hele lokaliteten,1222,FITJAR,12,Hordaland,59.861168,5.2887,3,Karmøy til Sotra,
29,2012,12855,Kornstad,rensefisk,,,1694,Grøngylt,126,deler av lokaliteten,1554,AVERØY,15,Møre og Romsdal,62.960384,7.45015,6,Nordmøre og Sør-Trøndelag,
29,2012,12855,Kornstad,rensefisk,,,1693,Bergnebb,1421,deler av lokaliteten,1554,AVERØY,15,Møre og Romsdal,62.960384,7.45015,6,Nordmøre og Sør-Trøndelag,
29,2012,12855,Kornstad,rensefisk,,,1691,Berggylt,945,deler av lokaliteten,1554,AVERØY,15,Møre og Romsdal,62.960384,7.45015,6,Nordmøre og Sør-Trøndelag,
29,2012,19195,Korsholman,medikamentell,badebehandling,Azamethiphos,,,,hele lokaliteten,1617,HITRA,16,Sør-Trøndelag,63.597218,8.51575,6,Nordmøre og Sør-Trøndelag,
29,2012,19195,Korsholman,medikamentell,badebehandling,Deltamethrin,,,,hele lokaliteten,1617,HITRA,16,Sør-Trøndelag,63.597218,8.51575,6,Nordmøre og Sør-Trøndelag,
29,2012,19195,Korsholman,rensefisk,,,1693,Bergnebb,4458,deler av lokaliteten,1617,HITRA,16,Sør-Trøndelag,63.597218,8.51575,6,Nordmøre og Sør-Trøndelag,
29,2012,19195,Korsholman,rensefisk,,,1691,Berggylt,42,deler av lokaliteten,1617,HITRA,16,Sør-Trøndelag,63.597218,8.51575,6,Nordmøre og Sør-Trøndelag,
29,2012,10224,Korsneset,rensefisk,,,1693,Bergnebb,3000,hele lokaliteten,1571,HALSA,15,Møre og Romsdal,63.142735,8.224933,6,Nordmøre og Sør-Trøndelag,
29,2012,10224,Korsneset,rensefisk,,,1691,Berggylt,3265,hele lokaliteten,1571,HALSA,15,Møre og Romsdal,63.142735,8.224933,6,Nordmøre og Sør-Trøndelag,
29,2012,32097,Korsneset 2,rensefisk,,,1693,Bergnebb,610,hele lokaliteten,1571,HALSA,15,Møre og Romsdal,63.1413,8.21335,6,Nordmøre og Sør-Trøndelag,
29,2012,11719,Kråkenes,rensefisk,,,1694,Grøngylt,955,hele lokaliteten,1412,SOLUND,14,Sogn og Fjordane,61.05835,4.921317,4,Nordhordaland til Stadt,
29,2012,11719,Kråkenes,rensefisk,,,1691,Berggylt,1500,hele lokaliteten,1412,SOLUND,14,Sogn og Fjordane,61.05835,4.921317,4,Nordhordaland til Stadt,
29,2012,24975,Kvernavika,rensefisk,,,1694,Grøngylt,21328,deler av lokaliteten,1223,TYSNES,12,Hordaland,60.069283,5.351183,3,Karmøy til Sotra,
29,2012,24975,Kvernavika,rensefisk,,,1691,Berggylt,6901,deler av lokaliteten,1223,TYSNES,12,Hordaland,60.069283,5.351183,3,Karmøy til Sotra,
29,2012,13234,Kysnes,rensefisk,,,1691,Berggylt,15000,hele lokaliteten,1227,JONDAL,12,Hordaland,60.19877,6.09685,3,Karmøy til Sotra,
29,2012,25455,Landrøypynten,rensefisk,,,1694,Grøngylt,462,hele lokaliteten,1223,TYSNES,12,Hordaland,59.976967,5.388767,3,Karmøy til Sotra,
29,2012,25455,Landrøypynten,rensefisk,,,1693,Bergnebb,1450,hele lokaliteten,1223,TYSNES,12,Hordaland,59.976967,5.388767,3,Karmøy til Sotra,
29,2012,25455,Landrøypynten,rensefisk,,,1691,Berggylt,3520,hele lokaliteten,1223,TYSNES,12,Hordaland,59.976967,5.388767,3,Karmøy til Sotra,
29,2012,20559,Langskjæra,medikamentell,badebehandling,Azamethiphos,,,,deler av lokaliteten,1620,FRØYA,16,Sør-Trøndelag,63.822735,8.75465,6,Nordmøre og Sør-Trøndelag,
29,2012,20559,Langskjæra,medikamentell,badebehandling,Cypermethrin,,,,deler av lokaliteten,1620,FRØYA,16,Sør-Trøndelag,63.822735,8.75465,6,Nordmøre og Sør-Trøndelag,
29,2012,10262,Lille Kvitholmen,rensefisk,,,1693,Bergnebb,4485,deler av lokaliteten,1751,NÆRØY,17,Nord-Trøndelag,65.01318,11.616833,7,Nord-Trøndelag med Bindal,
29,2012,12392,Lille Torsøy,rensefisk,,,1694,Grøngylt,37,deler av lokaliteten,1617,HITRA,16,Sør-Trøndelag,63.605633,8.48855,6,Nordmøre og Sør-Trøndelag,
29,2012,12392,Lille Torsøy,rensefisk,,,1691,Berggylt,1190,deler av lokaliteten,1617,HITRA,16,Sør-Trøndelag,63.605633,8.48855,6,Nordmøre og Sør-Trøndelag,
29,2012,28996,Loddetå,medikamentell,badebehandling,Deltamethrin,,,,hele lokaliteten,1216,SVEIO,12,Hordaland,59.691643,5.54298,3,Karmøy til Sotra,
29,2012,28996,Loddetå,ikke-medikamentell,,,,,,hele lokaliteten,1216,SVEIO,12,Hordaland,59.691643,5.54298,3,Karmøy til Sotra,
29,2012,12134,Maradalen,rensefisk,,,1691,Berggylt,421,deler av lokaliteten,1224,KVINNHERAD,12,Hordaland,59.76077,5.686767,3,Karmøy til Sotra,
29,2012,12134,Maradalen,rensefisk,,,1694,Grøngylt,2200,deler av lokaliteten,1224,KVINNHERAD,12,Hordaland,59.76077,5.686767,3,Karmøy til Sotra,
29,2012,12134,Maradalen,rensefisk,,,1692,Annen leppefisk,8911,deler av lokaliteten,1224,KVINNHERAD,12,Hordaland,59.76077,5.686767,3,Karmøy til Sotra,
29,2012,21915,Matløyso,rensefisk,,,1694,Grøngylt,4473,deler av lokaliteten,1222,FITJAR,12,Hordaland,59.95238,5.283167,3,Karmøy til Sotra,
29,2012,21915,Matløyso,rensefisk,,,1693,Bergnebb,1596,deler av lokaliteten,1222,FITJAR,12,Hordaland,59.95238,5.283167,3,Karmøy til Sotra,
29,2012,21915,Matløyso,rensefisk,,,1691,Berggylt,255,deler av lokaliteten,1222,FITJAR,12,Hordaland,59.95238,5.283167,3,Karmøy til Sotra,
29,2012,12047,Mjåneset,rensefisk,,,1692,Annen leppefisk,11395,hele lokaliteten,1241,FUSA,12,Hordaland,60.176,5.7244,3,Karmøy til Sotra,
29,2012,13629,Munkholmen,rensefisk,,,1694,Grøngylt,2589,deler av lokaliteten,1146,TYSVÆR,11,Rogaland,59.285484,5.631317,2,Ryfylke,
29,2012,13629,Munkholmen,rensefisk,,,1691,Berggylt,336,deler av lokaliteten,1146,TYSVÆR,11,Rogaland,59.285484,5.631317,2,Ryfylke,
29,2012,29957,Nakkestad,rensefisk,,,1691,Berggylt,134,hele lokaliteten,1032,LYNGDAL,10,Vest-Agder,58.056683,7.071583,1,Svenskegrensen til Jæren,
29,2012,29957,Nakkestad,rensefisk,,,1694,Grøngylt,1571,hele lokaliteten,1032,LYNGDAL,10,Vest-Agder,58.056683,7.071583,1,Svenskegrensen til Jæren,
29,2012,29957,Nakkestad,rensefisk,,,1693,Bergnebb,11628,hele lokaliteten,1032,LYNGDAL,10,Vest-Agder,58.056683,7.071583,1,Svenskegrensen til Jæren,
29,2012,13965,Nesbø/Gjeldsvik,medikamentell,fôrbehandling,Diflubenzuron,,,,hele lokaliteten,1263,LINDÅS,12,Hordaland,60.68835,5.4232,4,Nordhordaland til Stadt,
29,2012,10375,Nord Leksa,rensefisk,,,1693,Bergnebb,27889,deler av lokaliteten,1622,AGDENES,16,Sør-Trøndelag,63.589184,9.408467,6,Nordmøre og Sør-Trøndelag,
29,2012,11041,Nord-Gåsvær,rensefisk,,,1693,Bergnebb,19078,hele lokaliteten,1818,HERØY I NORDLAND,18,Nordland,66.07035,12.065617,8,Helgeland til Bodø,
29,2012,23816,Nordbotnet,rensefisk,,,1693,Bergnebb,40116,hele lokaliteten,1828,NESNA,18,Nordland,66.25645,12.89285,8,Helgeland til Bodø,
29,2012,13020,Nygård,rensefisk,,,1692,Annen leppefisk,5000,hele lokaliteten,1242,SAMNANGER,12,Hordaland,60.357666,5.684917,3,Karmøy til Sotra,
29,2012,14019,Øksningen,medikamentell,badebehandling,Azamethiphos,,,,hele lokaliteten,1811,BINDAL,18,Nordland,65.13747,12.314933,7,Nord-Trøndelag med Bindal,
29,2012,14019,Øksningen,medikamentell,badebehandling,Deltamethrin,,,,hele lokaliteten,1811,BINDAL,18,Nordland,65.13747,12.314933,7,Nord-Trøndelag med Bindal,
29,2012,15403,Olderøy,medikamentell,badebehandling,Cypermethrin,,,,hele lokaliteten,1412,SOLUND,14,Sogn og Fjordane,61.103283,4.712233,4,Nordhordaland til Stadt,
29,2012,15403,Olderøy,ikke-medikamentell,,,,,,hele lokaliteten,1412,SOLUND,14,Sogn og Fjordane,61.103283,4.712233,4,Nordhordaland til Stadt,
29,2012,11908,Oltesvik,rensefisk,,,1692,Annen leppefisk,2669,hele lokaliteten,1122,GJESDAL,11,Rogaland,58.854916,6.124417,2,Ryfylke,
29,2012,12383,Omsøyholman,rensefisk,,,1694,Grøngylt,3487,deler av lokaliteten,1617,HITRA,16,Sør-Trøndelag,63.63162,8.574817,6,Nordmøre og Sør-Trøndelag,
29,2012,12383,Omsøyholman,rensefisk,,,1691,Berggylt,3693,deler av lokaliteten,1617,HITRA,16,Sør-Trøndelag,63.63162,8.574817,6,Nordmøre og Sør-Trøndelag,
29,2012,19655,Ospeneset,rensefisk,,,1694,Grøngylt,1500,deler av lokaliteten,1263,LINDÅS,12,Hordaland,60.74523,5.270067,4,Nordhordaland til Stadt,
29,2012,11688,Portevika,rensefisk,,,1691,Berggylt,3000,deler av lokaliteten,1413,HYLLESTAD,14,Sogn og Fjordane,61.18885,5.090017,4,Nordhordaland til Stadt,
29,2012,10149,Rafdal,medikamentell,badebehandling,Deltamethrin,,,,hele lokaliteten,1211,ETNE,12,Hordaland,59.790916,6.176567,3,Karmøy til Sotra,
29,2012,11687,Ramsvik,rensefisk,,,1694,Grøngylt,2523,deler av lokaliteten,1263,LINDÅS,12,Hordaland,60.57878,5.190617,4,Nordhordaland til Stadt,
29,2012,12366,Raskjæret,rensefisk,,,1694,Grøngylt,87,hele lokaliteten,1620,FRØYA,16,Sør-Trøndelag,63.7934,8.851846,6,Nordmøre og Sør-Trøndelag,
29,2012,12366,Raskjæret,rensefisk,,,1691,Berggylt,103,hele lokaliteten,1620,FRØYA,16,Sør-Trøndelag,63.7934,8.851846,6,Nordmøre og Sør-Trøndelag,
29,2012,28636,Rataren,rensefisk,,,1694,Grøngylt,629,hele lokaliteten,1620,FRØYA,16,Sør-Trøndelag,63.780792,8.518067,6,Nordmøre og Sør-Trøndelag,
29,2012,28636,Rataren,rensefisk,,,1691,Berggylt,6791,hele lokaliteten,1620,FRØYA,16,Sør-Trøndelag,63.780792,8.518067,6,Nordmøre og Sør-Trøndelag,
29,2012,31959,Rataren II,rensefisk,,,1691,Berggylt,2546,hele lokaliteten,1620,FRØYA,16,Sør-Trøndelag,63.782516,8.52645,6,Nordmøre og Sør-Trøndelag,
29,2012,13867,Raunevågen,rensefisk,,,1693,Bergnebb,85878,hele lokaliteten,1216,SVEIO,12,Hordaland,59.65798,5.533667,3,Karmøy til Sotra,
29,2012,12406,Rauodden,rensefisk,,,1693,Bergnebb,5000,hele lokaliteten,1617,HITRA,16,Sør-Trøndelag,63.66516,8.879338,6,Nordmøre og Sør-Trøndelag,
29,2012,29116,Reiråklakken,rensefisk,,,1693,Bergnebb,14947,hele lokaliteten,1573,SMØLA,15,Møre og Romsdal,63.45025,8.168853,6,Nordmøre og Sør-Trøndelag,
29,2012,11770,Rotøy,rensefisk,,,1691,Berggylt,7000,deler av lokaliteten,1259,ØYGARDEN,12,Hordaland,60.6826,4.759533,4,Nordhordaland til Stadt,
29,2012,12298,Røysa,rensefisk,,,1694,Grøngylt,2130,deler av lokaliteten,1532,GISKE,15,Møre og Romsdal,62.550632,6.1408,5,Stadt til Hustadvika,
29,2012,12298,Røysa,rensefisk,,,1691,Berggylt,535,deler av lokaliteten,1532,GISKE,15,Møre og Romsdal,62.550632,6.1408,5,Stadt til Hustadvika,
29,2012,12973,Saltkjelen I,rensefisk,,,1691,Berggylt,2363,deler av lokaliteten,1238,KVAM,12,Hordaland,60.317932,6.183033,3,Karmøy til Sotra,
29,2012,11856,Salvågvika,rensefisk,,,169520,Rødnebb,50,deler av lokaliteten,1004,FLEKKEFJORD,10,Vest-Agder,58.223083,6.635417,1,Svenskegrensen til Jæren,
29,2012,11856,Salvågvika,rensefisk,,,1694,Grøngylt,130,deler av lokaliteten,1004,FLEKKEFJORD,10,Vest-Agder,58.223083,6.635417,1,Svenskegrensen til Jæren,
29,2012,11856,Salvågvika,rensefisk,,,1692,Annen leppefisk,18,deler av lokaliteten,1004,FLEKKEFJORD,10,Vest-Agder,58.223083,6.635417,1,Svenskegrensen til Jæren,
29,2012,11758,Sauøy Ø,rensefisk,,,1694,Grøngylt,5901,deler av lokaliteten,1259,ØYGARDEN,12,Hordaland,60.592335,4.857833,4,Nordhordaland til Stadt,
29,2012,11758,Sauøy Ø,rensefisk,,,1692,Annen leppefisk,5083,deler av lokaliteten,1259,ØYGARDEN,12,Hordaland,60.592335,4.857833,4,Nordhordaland til Stadt,
29,2012,11758,Sauøy Ø,rensefisk,,,1691,Berggylt,1239,deler av lokaliteten,1259,ØYGARDEN,12,Hordaland,60.592335,4.857833,4,Nordhordaland til Stadt,
29,2012,12844,Seterneset,rensefisk,,,1694,Grøngylt,2163,deler av lokaliteten,1502,MOLDE,15,Møre og Romsdal,62.67375,7.313967,5,Stadt til Hustadvika,
29,2012,12844,Seterneset,rensefisk,,,1691,Berggylt,772,deler av lokaliteten,1502,MOLDE,15,Møre og Romsdal,62.67375,7.313967,5,Stadt til Hustadvika,
29,2012,12244,Setevika,rensefisk,,,1693,Bergnebb,148,deler av lokaliteten,1545,MIDSUND,15,Møre og Romsdal,62.728065,6.939283,5,Stadt til Hustadvika,
29,2012,12244,Setevika,rensefisk,,,1694,Grøngylt,2325,deler av lokaliteten,1545,MIDSUND,15,Møre og Romsdal,62.728065,6.939283,5,Stadt til Hustadvika,
29,2012,28256,Skår,rensefisk,,,1693,Bergnebb,5276,hele lokaliteten,1223,TYSNES,12,Hordaland,59.8994,5.532767,3,Karmøy til Sotra,
29,2012,12066,Skåtavågen,rensefisk,,,1692,Annen leppefisk,2000,hele lokaliteten,1241,FUSA,12,Hordaland,60.175117,5.589067,3,Karmøy til Sotra,
29,2012,26738,Skiftesvika,rensefisk,,,1694,Grøngylt,9420,hele lokaliteten,1141,FINNØY,11,Rogaland,59.167885,5.920667,2,Ryfylke,
29,2012,26738,Skiftesvika,rensefisk,,,1691,Berggylt,1785,hele lokaliteten,1141,FINNØY,11,Rogaland,59.167885,5.920667,2,Ryfylke,
29,2012,11861,Skipningsdalen,rensefisk,,,169520,Rødnebb,253,hele lokaliteten,1004,FLEKKEFJORD,10,Vest-Agder,58.2422,6.589683,1,Svenskegrensen til Jæren,
29,2012,11861,Skipningsdalen,rensefisk,,,1694,Grøngylt,1017,hele lokaliteten,1004,FLEKKEFJORD,10,Vest-Agder,58.2422,6.589683,1,Svenskegrensen til Jæren,
29,2012,11861,Skipningsdalen,rensefisk,,,1692,Annen leppefisk,53,hele lokaliteten,1004,FLEKKEFJORD,10,Vest-Agder,58.2422,6.589683,1,Svenskegrensen til Jæren,
29,2012,11861,Skipningsdalen,rensefisk,,,1691,Berggylt,1786,hele lokaliteten,1004,FLEKKEFJORD,10,Vest-Agder,58.2422,6.589683,1,Svenskegrensen til Jæren,
29,2012,11640,Skorpeosen,rensefisk,,,1694,Grøngylt,9139,deler av lokaliteten,1246,FJELL,12,Hordaland,60.332535,4.942783,3,Karmøy til Sotra,
29,2012,12108,Skorpo Nv,rensefisk,,,1691,Berggylt,15600,hele lokaliteten,1224,KVINNHERAD,12,Hordaland,59.950382,5.820483,3,Karmøy til Sotra,
29,2012,12108,Skorpo Nv,rensefisk,,,1694,Grøngylt,26400,hele lokaliteten,1224,KVINNHERAD,12,Hordaland,59.950382,5.820483,3,Karmøy til Sotra,
29,2012,18657,Skredstivik,rensefisk,,,1694,Grøngylt,5000,deler av lokaliteten,1413,HYLLESTAD,14,Sogn og Fjordane,61.1567,5.133983,4,Nordhordaland til Stadt,
29,2012,18657,Skredstivik,rensefisk,,,1693,Bergnebb,5750,deler av lokaliteten,1413,HYLLESTAD,14,Sogn og Fjordane,61.1567,5.133983,4,Nordhordaland til Stadt,
29,2012,31117,Skrubbo,rensefisk,,,1692,Annen leppefisk,43244,hele lokaliteten,1241,FUSA,12,Hordaland,60.15632,5.713217,3,Karmøy til Sotra,
29,2012,15236,Skulgambukt,rensefisk,,,2221,Rognkjeks (felles),750,deler av lokaliteten,1902,TROMSØ,19,Troms,69.78865,19.161016,11,Kvaløya til Loppa,
29,2012,28096,Slåttenes,rensefisk,,,1693,Bergnebb,7144,deler av lokaliteten,1224,KVINNHERAD,12,Hordaland,59.83222,5.984267,3,Karmøy til Sotra,
29,2012,29356,Smineset Nord,medikamentell,badebehandling,Annet virkestoff,,,,deler av lokaliteten,1751,NÆRØY,17,Nord-Trøndelag,64.75597,11.54245,7,Nord-Trøndelag med Bindal,
29,2012,29356,Smineset Nord,medikamentell,badebehandling,Annet virkestoff,,,,deler av lokaliteten,1751,NÆRØY,17,Nord-Trøndelag,64.75597,11.54245,7,Nord-Trøndelag med Bindal,
29,2012,11605,Soløy Ø,rensefisk,,,1694,Grøngylt,30000,hele lokaliteten,1222,FITJAR,12,Hordaland,59.90708,5.159833,3,Karmøy til Sotra,
29,2012,11596,Ståløy,rensefisk,,,1694,Grøngylt,1225,hele lokaliteten,1244,AUSTEVOLL,12,Hordaland,60.088615,5.1734,3,Karmøy til Sotra,
29,2012,11596,Ståløy,rensefisk,,,1691,Berggylt,1225,hele lokaliteten,1244,AUSTEVOLL,12,Hordaland,60.088615,5.1734,3,Karmøy til Sotra,
29,2012,11486,Stokkavik,medikamentell,badebehandling,Cypermethrin,,,,hele lokaliteten,1219,BØMLO,12,Hordaland,59.7604,5.341183,3,Karmøy til Sotra,
29,2012,11649,Stolane,rensefisk,,,1694,Grøngylt,6483,deler av lokaliteten,1260,RADØY,12,Hordaland,60.605118,5.1257,4,Nordhordaland til Stadt,
29,2012,11649,Stolane,rensefisk,,,1691,Berggylt,2011,deler av lokaliteten,1260,RADØY,12,Hordaland,60.605118,5.1257,4,Nordhordaland til Stadt,
29,2012,11649,Stolane,rensefisk,,,1692,Annen leppefisk,6061,deler av lokaliteten,1260,RADØY,12,Hordaland,60.605118,5.1257,4,Nordhordaland til Stadt,
29,2012,10974,Store Bukkøy N,rensefisk,,,1693,Bergnebb,31668,hele lokaliteten,1834,LURØY,18,Nordland,66.4025,12.424833,8,Helgeland til Bodø,
29,2012,22335,Storvika,rensefisk,,,1693,Bergnebb,5585,deler av lokaliteten,1548,FRÆNA,15,Møre og Romsdal,62.802166,6.981267,5,Stadt til Hustadvika,
29,2012,12081,Straumneset,rensefisk,,,1691,Berggylt,10000,hele lokaliteten,1227,JONDAL,12,Hordaland,60.220966,6.139567,3,Karmøy til Sotra,
29,2012,26235,Stualand,rensefisk,,,1693,Bergnebb,52100,hele lokaliteten,1216,SVEIO,12,Hordaland,59.60845,5.526917,3,Karmøy til Sotra,
29,2012,11552,Stuholmen,medikamentell,badebehandling,Azamethiphos,,,,hele lokaliteten,1245,SUND,12,Hordaland,60.249683,4.978117,3,Karmøy til Sotra,
29,2012,11206,Styrvollholmen,medikamentell,badebehandling,Deltamethrin,,,,hele lokaliteten,1860,VESTVÅGØY,18,Nordland,68.08102,13.629133,9,Vestfjorden og Vesterålen,
29,2012,13196,Syltøy,rensefisk,,,1694,Grøngylt,355,deler av lokaliteten,1245,SUND,12,Hordaland,60.304,4.966767,3,Karmøy til Sotra,
29,2012,21755,Tendalsvik,medikamentell,badebehandling,Deltamethrin,,,,hele lokaliteten,1211,ETNE,12,Hordaland,59.73605,5.884,3,Karmøy til Sotra,
29,2012,25815,Tittelsnes,rensefisk,,,1694,Grøngylt,740,deler av lokaliteten,1216,SVEIO,12,Hordaland,59.723484,5.533483,3,Karmøy til Sotra,
29,2012,25815,Tittelsnes,rensefisk,,,1691,Berggylt,20,deler av lokaliteten,1216,SVEIO,12,Hordaland,59.723484,5.533483,3,Karmøy til Sotra,
29,2012,10054,Tobbeholmane,rensefisk,,,1694,Grøngylt,500,deler av lokaliteten,1244,AUSTEVOLL,12,Hordaland,60.0248,5.307383,3,Karmøy til Sotra,
29,2012,10054,Tobbeholmane,rensefisk,,,1691,Berggylt,2299,deler av lokaliteten,1244,AUSTEVOLL,12,Hordaland,60.0248,5.307383,3,Karmøy til Sotra,
29,2012,30837,Torangskjeret,rensefisk,,,1692,Annen leppefisk,1000,hele lokaliteten,1244,AUSTEVOLL,12,Hordaland,60.130184,5.176033,3,Karmøy til Sotra,
29,2012,30837,Torangskjeret,rensefisk,,,1691,Berggylt,1000,hele lokaliteten,1244,AUSTEVOLL,12,Hordaland,60.130184,5.176033,3,Karmøy til Sotra,
29,2012,30837,Torangskjeret,rensefisk,,,1694,Grøngylt,6000,hele lokaliteten,1244,AUSTEVOLL,12,Hordaland,60.130184,5.176033,3,Karmøy til Sotra,
29,2012,10332,Trommo,rensefisk,,,1693,Bergnebb,9395,deler av lokaliteten,1224,KVINNHERAD,12,Hordaland,60.08243,6.080067,3,Karmøy til Sotra,
29,2012,10029,Tuholmane Ø,rensefisk,,,1693,Bergnebb,20119,hele lokaliteten,1149,KARMØY,11,Rogaland,59.372032,5.20965,3,Karmøy til Sotra,
29,2012,13562,Uføro,rensefisk,,,1692,Annen leppefisk,2560,hele lokaliteten,1221,STORD,12,Hordaland,59.878117,5.526767,3,Karmøy til Sotra,
29,2012,13562,Uføro,rensefisk,,,1694,Grøngylt,4650,hele lokaliteten,1221,STORD,12,Hordaland,59.878117,5.526767,3,Karmøy til Sotra,
29,2012,13562,Uføro,rensefisk,,,1693,Bergnebb,4500,hele lokaliteten,1221,STORD,12,Hordaland,59.878117,5.526767,3,Karmøy til Sotra,
29,2012,13562,Uføro,rensefisk,,,1691,Berggylt,5210,hele lokaliteten,1221,STORD,12,Hordaland,59.878117,5.526767,3,Karmøy til Sotra,
29,2012,32337,Veiesund,rensefisk,,,1692,Annen leppefisk,1799,deler av lokaliteten,1401,FLORA,14,Sogn og Fjordane,61.572067,5.0466,4,Nordhordaland til Stadt,
29,2012,32337,Veiesund,rensefisk,,,1693,Bergnebb,2697,deler av lokaliteten,1401,FLORA,14,Sogn og Fjordane,61.572067,5.0466,4,Nordhordaland til Stadt,
29,2012,32337,Veiesund,rensefisk,,,1691,Berggylt,1797,deler av lokaliteten,1401,FLORA,14,Sogn og Fjordane,61.572067,5.0466,4,Nordhordaland til Stadt,
29,2012,32337,Veiesund,rensefisk,,,1694,Grøngylt,11686,deler av lokaliteten,1401,FLORA,14,Sogn og Fjordane,61.572067,5.0466,4,Nordhordaland til Stadt,
29,2012,13837,Verpeide,rensefisk,,,1694,Grøngylt,200,deler av lokaliteten,1439,VÅGSØY,14,Sogn og Fjordane,61.902954,5.207967,4,Nordhordaland til Stadt,
29,2012,13837,Verpeide,rensefisk,,,1691,Berggylt,800,deler av lokaliteten,1439,VÅGSØY,14,Sogn og Fjordane,61.902954,5.207967,4,Nordhordaland til Stadt,
29,2012,17495,Vullum,medikamentell,badebehandling,Deltamethrin,,,,deler av lokaliteten,1571,HALSA,15,Møre og Romsdal,63.04895,8.21635,6,Nordmøre og Sør-Trøndelag,
29,2012,17495,Vullum,medikamentell,badebehandling,Deltamethrin,,,,deler av lokaliteten,1571,HALSA,15,Møre og Romsdal,63.04895,8.21635,6,Nordmøre og Sør-Trøndelag,
29,2012,17495,Vullum,medikamentell,badebehandling,Deltamethrin,,,,deler av lokaliteten,1571,HALSA,15,Møre og Romsdal,63.04895,8.21635,6,Nordmøre og Sør-Trøndelag,
29,2012,17495,Vullum,medikamentell,badebehandling,Deltamethrin,,,,deler av lokaliteten,1571,HALSA,15,Møre og Romsdal,63.04895,8.21635,6,Nordmøre og Sør-Trøndelag,
29,2012,17495,Vullum,medikamentell,badebehandling,Deltamethrin,,,,deler av lokaliteten,1571,HALSA,15,Møre og Romsdal,63.04895,8.21635,6,Nordmøre og Sør-Trøndelag,
29,2012,17495,Vullum,medikamentell,badebehandling,Deltamethrin,,,,deler av lokaliteten,1571,HALSA,15,Møre og Romsdal,63.04895,8.21635,6,Nordmøre og Sør-Trøndelag,
28,2012,15196,Aga Ø,rensefisk,,,1691,Berggylt,1791,hele lokaliteten,1219,BØMLO,12,Hordaland,59.8451,5.261367,3,Karmøy til Sotra,
28,2012,10331,Åkre,rensefisk,,,1694,Grøngylt,8010,hele lokaliteten,1224,KVINNHERAD,12,Hordaland,60.112434,6.042483,3,Karmøy til Sotra,
28,2012,10298,Ålforo,rensefisk,,,1691,Berggylt,50,deler av lokaliteten,1222,FITJAR,12,Hordaland,59.8659,5.245217,3,Karmøy til Sotra,
28,2012,10298,Ålforo,rensefisk,,,1694,Grøngylt,3890,deler av lokaliteten,1222,FITJAR,12,Hordaland,59.8659,5.245217,3,Karmøy til Sotra,
28,2012,10298,Ålforo,rensefisk,,,1693,Bergnebb,1960,deler av lokaliteten,1222,FITJAR,12,Hordaland,59.8659,5.245217,3,Karmøy til Sotra,
28,2012,12086,Alsåkervik,rensefisk,,,1691,Berggylt,1880,deler av lokaliteten,1224,KVINNHERAD,12,Hordaland,59.7601,6.074183,3,Karmøy til Sotra,
28,2012,10319,Ålvora,rensefisk,,,1692,Annen leppefisk,1773,deler av lokaliteten,1401,FLORA,14,Sogn og Fjordane,61.584034,5.133633,4,Nordhordaland til Stadt,
28,2012,10319,Ålvora,rensefisk,,,1693,Bergnebb,1970,deler av lokaliteten,1401,FLORA,14,Sogn og Fjordane,61.584034,5.133633,4,Nordhordaland til Stadt,
28,2012,10319,Ålvora,rensefisk,,,1694,Grøngylt,8539,deler av lokaliteten,1401,FLORA,14,Sogn og Fjordane,61.584034,5.133633,4,Nordhordaland til Stadt,
28,2012,10319,Ålvora,rensefisk,,,1691,Berggylt,854,deler av lokaliteten,1401,FLORA,14,Sogn og Fjordane,61.584034,5.133633,4,Nordhordaland til Stadt,
28,2012,13572,Badstuvika,rensefisk,,,1693,Bergnebb,4163,deler av lokaliteten,1617,HITRA,16,Sør-Trøndelag,63.53398,9.1469,6,Nordmøre og Sør-Trøndelag,
28,2012,13845,Beitveit,rensefisk,,,1694,Grøngylt,1053,deler av lokaliteten,1441,SELJE,14,Sogn og Fjordane,62.141216,5.32675,5,Stadt til Hustadvika,
28,2012,13845,Beitveit,rensefisk,,,1693,Bergnebb,1000,deler av lokaliteten,1441,SELJE,14,Sogn og Fjordane,62.141216,5.32675,5,Stadt til Hustadvika,
28,2012,13845,Beitveit,rensefisk,,,1692,Annen leppefisk,1600,deler av lokaliteten,1441,SELJE,14,Sogn og Fjordane,62.141216,5.32675,5,Stadt til Hustadvika,
28,2012,25055,Bekksneset,medikamentell,badebehandling,Azamethiphos,,,,deler av lokaliteten,1413,HYLLESTAD,14,Sogn og Fjordane,61.07635,5.386183,4,Nordhordaland til Stadt,
28,2012,11930,Bjelkavik,rensefisk,,,1691,Berggylt,1180,deler av lokaliteten,1134,SULDAL,11,Rogaland,59.44718,5.986017,2,Ryfylke,
28,2012,11930,Bjelkavik,rensefisk,,,1694,Grøngylt,1742,deler av lokaliteten,1134,SULDAL,11,Rogaland,59.44718,5.986017,2,Ryfylke,
28,2012,22455,Bjørlykkestranda,medikamentell,badebehandling,Azamethiphos,,,,hele lokaliteten,1511,VANYLVEN,15,Møre og Romsdal,62.16655,5.5954,5,Stadt til Hustadvika,
28,2012,13209,Bognøy,rensefisk,,,1693,Bergnebb,291,deler av lokaliteten,1260,RADØY,12,Hordaland,60.60407,5.076983,4,Nordhordaland til Stadt,
28,2012,13209,Bognøy,rensefisk,,,1694,Grøngylt,1471,deler av lokaliteten,1260,RADØY,12,Hordaland,60.60407,5.076983,4,Nordhordaland til Stadt,
28,2012,13209,Bognøy,rensefisk,,,1692,Annen leppefisk,1303,deler av lokaliteten,1260,RADØY,12,Hordaland,60.60407,5.076983,4,Nordhordaland til Stadt,
28,2012,13209,Bognøy,rensefisk,,,1691,Berggylt,1096,deler av lokaliteten,1260,RADØY,12,Hordaland,60.60407,5.076983,4,Nordhordaland til Stadt,
28,2012,11514,Brattholmen S,rensefisk,,,1691,Berggylt,10000,hele lokaliteten,1216,SVEIO,12,Hordaland,59.51832,5.244383,3,Karmøy til Sotra,
28,2012,12594,Breidvika,medikamentell,fôrbehandling,Emamectin benzoat,,,,hele lokaliteten,1633,OSEN,16,Sør-Trøndelag,64.295364,10.397483,6,Nordmøre og Sør-Trøndelag,
28,2012,11574,Breivik S,medikamentell,badebehandling,Deltamethrin,,,,hele lokaliteten,1219,BØMLO,12,Hordaland,59.671185,5.31215,3,Karmøy til Sotra,
28,2012,10223,Bremnessvaet,rensefisk,,,1694,Grøngylt,2297,deler av lokaliteten,1573,SMØLA,15,Møre og Romsdal,63.39795,8.214317,6,Nordmøre og Sør-Trøndelag,
28,2012,10223,Bremnessvaet,rensefisk,,,1693,Bergnebb,10800,deler av lokaliteten,1573,SMØLA,15,Møre og Romsdal,63.39795,8.214317,6,Nordmøre og Sør-Trøndelag,
28,2012,11087,Bukkøya Ø,rensefisk,,,1694,Grøngylt,2850,deler av lokaliteten,1836,RØDØY,18,Nordland,66.6404,12.993383,8,Helgeland til Bodø,
28,2012,11087,Bukkøya Ø,rensefisk,,,1691,Berggylt,1913,deler av lokaliteten,1836,RØDØY,18,Nordland,66.6404,12.993383,8,Helgeland til Bodø,
28,2012,14799,Djupestallen,rensefisk,,,1693,Bergnebb,10936,deler av lokaliteten,1223,TYSNES,12,Hordaland,60.058735,5.453,3,Karmøy til Sotra,
28,2012,10110,Djupevik,rensefisk,,,1694,Grøngylt,412,deler av lokaliteten,1141,FINNØY,11,Rogaland,59.14955,5.863017,2,Ryfylke,
28,2012,10110,Djupevik,rensefisk,,,1691,Berggylt,23,deler av lokaliteten,1141,FINNØY,11,Rogaland,59.14955,5.863017,2,Ryfylke,
28,2012,26595,Djupevika,rensefisk,,,1694,Grøngylt,10629,deler av lokaliteten,1223,TYSNES,12,Hordaland,60.03628,5.344117,3,Karmøy til Sotra,
28,2012,26595,Djupevika,rensefisk,,,1691,Berggylt,1450,deler av lokaliteten,1223,TYSNES,12,Hordaland,60.03628,5.344117,3,Karmøy til Sotra,
28,2012,26595,Djupevika,rensefisk,,,1692,Annen leppefisk,2,deler av lokaliteten,1223,TYSNES,12,Hordaland,60.03628,5.344117,3,Karmøy til Sotra,
28,2012,20455,Djupevika,rensefisk,,,1693,Bergnebb,10250,deler av lokaliteten,1224,KVINNHERAD,12,Hordaland,60.0406,6.010917,3,Karmøy til Sotra,
28,2012,12109,Ebne,medikamentell,badebehandling,Cypermethrin,,,,hele lokaliteten,1211,ETNE,12,Hordaland,59.712322,5.826833,3,Karmøy til Sotra,
28,2012,24575,Farmannsøya,rensefisk,,,1693,Bergnebb,6920,hele lokaliteten,1632,ROAN,16,Sør-Trøndelag,64.1862,10.12517,6,Nordmøre og Sør-Trøndelag,
28,2012,26775,Fjølværet Ø,medikamentell,badebehandling,Annet virkestoff,,,,deler av lokaliteten,1620,FRØYA,16,Sør-Trøndelag,63.81915,8.63585,6,Nordmøre og Sør-Trøndelag,
28,2012,26775,Fjølværet Ø,medikamentell,badebehandling,Annet virkestoff,,,,deler av lokaliteten,1620,FRØYA,16,Sør-Trøndelag,63.81915,8.63585,6,Nordmøre og Sør-Trøndelag,
28,2012,19336,Flatholmen,rensefisk,,,1694,Grøngylt,1950,deler av lokaliteten,1106,HAUGESUND,11,Rogaland,59.4293,5.114483,3,Karmøy til Sotra,
28,2012,25895,Flornes,rensefisk,,,1694,Grøngylt,11500,deler av lokaliteten,1223,TYSNES,12,Hordaland,59.892982,5.665817,3,Karmøy til Sotra,
28,2012,11893,Fosså,rensefisk,,,1693,Bergnebb,9000,hele lokaliteten,1133,HJELMELAND,11,Rogaland,59.269882,6.142867,2,Ryfylke,
28,2012,19115,Fugløya S,rensefisk,,,1693,Bergnebb,40911,deler av lokaliteten,1613,SNILLFJORD,16,Sør-Trøndelag,63.460682,9.1444,6,Nordmøre og Sør-Trøndelag,
28,2012,11736,Fureholmen S,rensefisk,,,1694,Grøngylt,3928,hele lokaliteten,1412,SOLUND,14,Sogn og Fjordane,61.05705,4.866133,4,Nordhordaland til Stadt,
28,2012,11736,Fureholmen S,rensefisk,,,1691,Berggylt,1260,hele lokaliteten,1412,SOLUND,14,Sogn og Fjordane,61.05705,4.866133,4,Nordhordaland til Stadt,
28,2012,12078,Gangdal,rensefisk,,,1691,Berggylt,20000,hele lokaliteten,1227,JONDAL,12,Hordaland,60.215935,6.156667,3,Karmøy til Sotra,
28,2012,11198,Geiterøya I,medikamentell,fôrbehandling,Emamectin benzoat,,,,hele lokaliteten,1860,VESTVÅGØY,18,Nordland,68.09026,13.735617,9,Vestfjorden og Vesterålen,
28,2012,13036,Gjengane,rensefisk,,,1692,Annen leppefisk,87,deler av lokaliteten,1244,AUSTEVOLL,12,Hordaland,60.071518,5.306383,3,Karmøy til Sotra,
28,2012,13036,Gjengane,rensefisk,,,1691,Berggylt,666,deler av lokaliteten,1244,AUSTEVOLL,12,Hordaland,60.071518,5.306383,3,Karmøy til Sotra,
28,2012,13036,Gjengane,rensefisk,,,1694,Grøngylt,8645,deler av lokaliteten,1244,AUSTEVOLL,12,Hordaland,60.071518,5.306383,3,Karmøy til Sotra,
28,2012,10324,Gjerdeviksflua,medikamentell,badebehandling,Cypermethrin,,,,hele lokaliteten,1241,FUSA,12,Hordaland,60.223083,5.641167,3,Karmøy til Sotra,
28,2012,11771,Grisholmsundet,rensefisk,,,1692,Annen leppefisk,400,hele lokaliteten,1265,FEDJE,12,Hordaland,60.7927,4.693717,4,Nordhordaland til Stadt,
28,2012,12435,Grøttingsøy,medikamentell,badebehandling,Azamethiphos,,,,hele lokaliteten,1620,FRØYA,16,Sør-Trøndelag,63.879684,8.543767,6,Nordmøre og Sør-Trøndelag,
28,2012,12435,Grøttingsøy,medikamentell,badebehandling,Deltamethrin,,,,hele lokaliteten,1620,FRØYA,16,Sør-Trøndelag,63.879684,8.543767,6,Nordmøre og Sør-Trøndelag,
28,2012,10318,Gulestø,rensefisk,,,1694,Grøngylt,4887,deler av lokaliteten,1438,BREMANGER,14,Sogn og Fjordane,61.75802,5.069883,4,Nordhordaland til Stadt,
28,2012,22095,Hågardsneset,rensefisk,,,1694,Grøngylt,1078,hele lokaliteten,1224,KVINNHERAD,12,Hordaland,59.983932,5.932317,3,Karmøy til Sotra,
28,2012,22095,Hågardsneset,rensefisk,,,1693,Bergnebb,1050,hele lokaliteten,1224,KVINNHERAD,12,Hordaland,59.983932,5.932317,3,Karmøy til Sotra,
28,2012,12895,Halsbukta,rensefisk,,,1693,Bergnebb,370,deler av lokaliteten,1560,TINGVOLL,15,Møre og Romsdal,63.077686,8.143622,6,Nordmøre og Sør-Trøndelag,
28,2012,24035,Håvikvågen S,rensefisk,,,1691,Berggylt,7,hele lokaliteten,1241,FUSA,12,Hordaland,60.169834,5.69645,3,Karmøy til Sotra,
28,2012,24035,Håvikvågen S,rensefisk,,,1692,Annen leppefisk,490,hele lokaliteten,1241,FUSA,12,Hordaland,60.169834,5.69645,3,Karmøy til Sotra,
28,2012,24035,Håvikvågen S,rensefisk,,,1694,Grøngylt,2745,hele lokaliteten,1241,FUSA,12,Hordaland,60.169834,5.69645,3,Karmøy til Sotra,
28,2012,24035,Håvikvågen S,rensefisk,,,1693,Bergnebb,500,hele lokaliteten,1241,FUSA,12,Hordaland,60.169834,5.69645,3,Karmøy til Sotra,
28,2012,11783,Hella,medikamentell,badebehandling,Deltamethrin,,,,hele lokaliteten,1428,ASKVOLL,14,Sogn og Fjordane,61.405834,5.0795,4,Nordhordaland til Stadt,
28,2012,12590,Helligholmen,rensefisk,,,1693,Bergnebb,27891,deler av lokaliteten,1750,VIKNA,17,Nord-Trøndelag,64.83839,10.665517,7,Nord-Trøndelag med Bindal,
28,2012,10300,Hillersvik,rensefisk,,,1691,Berggylt,10000,deler av lokaliteten,1216,SVEIO,12,Hordaland,59.6084,5.311917,3,Karmøy til Sotra,
28,2012,12036,Hisdalen,rensefisk,,,169520,Rødnebb,1800,hele lokaliteten,1224,KVINNHERAD,12,Hordaland,60.12602,5.931333,3,Karmøy til Sotra,
28,2012,12036,Hisdalen,rensefisk,,,1694,Grøngylt,1500,hele lokaliteten,1224,KVINNHERAD,12,Hordaland,60.12602,5.931333,3,Karmøy til Sotra,
28,2012,11571,Holevik,rensefisk,,,1694,Grøngylt,8562,hele lokaliteten,1219,BØMLO,12,Hordaland,59.776585,5.321817,3,Karmøy til Sotra,
28,2012,11571,Holevik,rensefisk,,,1691,Berggylt,742,hele lokaliteten,1219,BØMLO,12,Hordaland,59.776585,5.321817,3,Karmøy til Sotra,
28,2012,19939,Høysteinen,rensefisk,,,1694,Grøngylt,13572,deler av lokaliteten,1224,KVINNHERAD,12,Hordaland,60.15665,6.048633,3,Karmøy til Sotra,
28,2012,10240,Ilsøya Ø,rensefisk,,,1693,Bergnebb,2000,hele lokaliteten,1617,HITRA,16,Sør-Trøndelag,63.651974,8.88687,6,Nordmøre og Sør-Trøndelag,
28,2012,10240,Ilsøya Ø,rensefisk,,,1691,Berggylt,1200,hele lokaliteten,1617,HITRA,16,Sør-Trøndelag,63.651974,8.88687,6,Nordmøre og Sør-Trøndelag,
28,2012,15118,Kalvøya,rensefisk,,,1693,Bergnebb,20089,deler av lokaliteten,1834,LURØY,18,Nordland,66.39397,12.799817,8,Helgeland til Bodø,
28,2012,28976,Kelvesteinen,rensefisk,,,1691,Berggylt,15270,deler av lokaliteten,1246,FJELL,12,Hordaland,60.4029,5.063717,3,Karmøy til Sotra,
28,2012,18755,Klungset,medikamentell,badebehandling,Azamethiphos,,,,hele lokaliteten,1751,NÆRØY,17,Nord-Trøndelag,64.75118,11.39645,7,Nord-Trøndelag med Bindal,
28,2012,18755,Klungset,medikamentell,badebehandling,Deltamethrin,,,,hele lokaliteten,1751,NÆRØY,17,Nord-Trøndelag,64.75118,11.39645,7,Nord-Trøndelag med Bindal,
28,2012,11763,Knappen,rensefisk,,,1691,Berggylt,22000,deler av lokaliteten,1259,ØYGARDEN,12,Hordaland,60.573566,4.8185,4,Nordhordaland til Stadt,
28,2012,11201,Kolvikodden Ø,medikamentell,fôrbehandling,Emamectin benzoat,,,,hele lokaliteten,1860,VESTVÅGØY,18,Nordland,68.088165,13.68965,9,Vestfjorden og Vesterålen,
28,2012,19195,Korsholman,rensefisk,,,1694,Grøngylt,6,deler av lokaliteten,1617,HITRA,16,Sør-Trøndelag,63.597218,8.51575,6,Nordmøre og Sør-Trøndelag,
28,2012,19195,Korsholman,rensefisk,,,1693,Bergnebb,154,deler av lokaliteten,1617,HITRA,16,Sør-Trøndelag,63.597218,8.51575,6,Nordmøre og Sør-Trøndelag,
28,2012,19195,Korsholman,rensefisk,,,1691,Berggylt,164,deler av lokaliteten,1617,HITRA,16,Sør-Trøndelag,63.597218,8.51575,6,Nordmøre og Sør-Trøndelag,
28,2012,10224,Korsneset,rensefisk,,,1693,Bergnebb,3250,hele lokaliteten,1571,HALSA,15,Møre og Romsdal,63.142735,8.224933,6,Nordmøre og Sør-Trøndelag,
28,2012,32097,Korsneset 2,rensefisk,,,1693,Bergnebb,3070,hele lokaliteten,1571,HALSA,15,Møre og Romsdal,63.1413,8.21335,6,Nordmøre og Sør-Trøndelag,
28,2012,30297,Krabbholmen,rensefisk,,,1693,Bergnebb,397,hele lokaliteten,1630,ÅFJORD,16,Sør-Trøndelag,63.94438,9.880667,6,Nordmøre og Sør-Trøndelag,
28,2012,11719,Kråkenes,rensefisk,,,1691,Berggylt,1500,hele lokaliteten,1412,SOLUND,14,Sogn og Fjordane,61.05835,4.921317,4,Nordhordaland til Stadt,
28,2012,24975,Kvernavika,rensefisk,,,1691,Berggylt,1281,deler av lokaliteten,1223,TYSNES,12,Hordaland,60.069283,5.351183,3,Karmøy til Sotra,
28,2012,24975,Kvernavika,rensefisk,,,1694,Grøngylt,5443,deler av lokaliteten,1223,TYSNES,12,Hordaland,60.069283,5.351183,3,Karmøy til Sotra,
28,2012,11775,Kviteskjeret,medikamentell,badebehandling,Deltamethrin,,,,hele lokaliteten,1428,ASKVOLL,14,Sogn og Fjordane,61.467815,5.2203,4,Nordhordaland til Stadt,
28,2012,13234,Kysnes,rensefisk,,,1691,Berggylt,20000,hele lokaliteten,1227,JONDAL,12,Hordaland,60.19877,6.09685,3,Karmøy til Sotra,
28,2012,20559,Langskjæra,ikke-medikamentell,,,,,,hele lokaliteten,1620,FRØYA,16,Sør-Trøndelag,63.822735,8.75465,6,Nordmøre og Sør-Trøndelag,
28,2012,10262,Lille Kvitholmen,rensefisk,,,1693,Bergnebb,6301,deler av lokaliteten,1751,NÆRØY,17,Nord-Trøndelag,65.01318,11.616833,7,Nord-Trøndelag med Bindal,
28,2012,12392,Lille Torsøy,medikamentell,badebehandling,Annet virkestoff,,,,hele lokaliteten,1617,HITRA,16,Sør-Trøndelag,63.605633,8.48855,6,Nordmøre og Sør-Trøndelag,
28,2012,12392,Lille Torsøy,medikamentell,badebehandling,Azamethiphos,,,,hele lokaliteten,1617,HITRA,16,Sør-Trøndelag,63.605633,8.48855,6,Nordmøre og Sør-Trøndelag,
28,2012,12392,Lille Torsøy,medikamentell,badebehandling,Deltamethrin,,,,hele lokaliteten,1617,HITRA,16,Sør-Trøndelag,63.605633,8.48855,6,Nordmøre og Sør-Trøndelag,
28,2012,29056,Lille Torsøy II,medikamentell,badebehandling,Annet virkestoff,,,,deler av lokaliteten,1617,HITRA,16,Sør-Trøndelag,63.60803,8.494633,6,Nordmøre og Sør-Trøndelag,
28,2012,26275,Lunderøy,medikamentell,badebehandling,Annet virkestoff,,,,deler av lokaliteten,1834,LURØY,18,Nordland,66.36833,12.554367,8,Helgeland til Bodø,
28,2012,26275,Lunderøy,medikamentell,badebehandling,Annet virkestoff,,,,deler av lokaliteten,1834,LURØY,18,Nordland,66.36833,12.554367,8,Helgeland til Bodø,
28,2012,26275,Lunderøy,medikamentell,badebehandling,Annet virkestoff,,,,deler av lokaliteten,1834,LURØY,18,Nordland,66.36833,12.554367,8,Helgeland til Bodø,
28,2012,26275,Lunderøy,medikamentell,badebehandling,Annet virkestoff,,,,deler av lokaliteten,1834,LURØY,18,Nordland,66.36833,12.554367,8,Helgeland til Bodø,
28,2012,26275,Lunderøy,medikamentell,badebehandling,Annet virkestoff,,,,deler av lokaliteten,1834,LURØY,18,Nordland,66.36833,12.554367,8,Helgeland til Bodø,
28,2012,26275,Lunderøy,medikamentell,badebehandling,Annet virkestoff,,,,deler av lokaliteten,1834,LURØY,18,Nordland,66.36833,12.554367,8,Helgeland til Bodø,
28,2012,26275,Lunderøy,medikamentell,badebehandling,Annet virkestoff,,,,deler av lokaliteten,1834,LURØY,18,Nordland,66.36833,12.554367,8,Helgeland til Bodø,
28,2012,26275,Lunderøy,medikamentell,badebehandling,Annet virkestoff,,,,deler av lokaliteten,1834,LURØY,18,Nordland,66.36833,12.554367,8,Helgeland til Bodø,
28,2012,26275,Lunderøy,medikamentell,badebehandling,Annet virkestoff,,,,deler av lokaliteten,1834,LURØY,18,Nordland,66.36833,12.554367,8,Helgeland til Bodø,
28,2012,10232,Mannbruholmen,medikamentell,badebehandling,Azamethiphos,,,,deler av lokaliteten,1620,FRØYA,16,Sør-Trøndelag,63.847267,8.536083,6,Nordmøre og Sør-Trøndelag,
28,2012,10232,Mannbruholmen,medikamentell,badebehandling,Deltamethrin,,,,deler av lokaliteten,1620,FRØYA,16,Sør-Trøndelag,63.847267,8.536083,6,Nordmøre og Sør-Trøndelag,
28,2012,12134,Maradalen,rensefisk,,,1694,Grøngylt,1978,deler av lokaliteten,1224,KVINNHERAD,12,Hordaland,59.76077,5.686767,3,Karmøy til Sotra,
28,2012,31037,Masterholman II,rensefisk,,,1693,Bergnebb,657,hele lokaliteten,1632,ROAN,16,Sør-Trøndelag,64.161964,10.036433,6,Nordmøre og Sør-Trøndelag,
28,2012,10137,Matland,medikamentell,badebehandling,Cypermethrin,,,,hele lokaliteten,1241,FUSA,12,Hordaland,60.264084,5.6591,3,Karmøy til Sotra,
28,2012,21915,Matløyso,rensefisk,,,1694,Grøngylt,3595,deler av lokaliteten,1222,FITJAR,12,Hordaland,59.95238,5.283167,3,Karmøy til Sotra,
28,2012,21915,Matløyso,rensefisk,,,1693,Bergnebb,490,deler av lokaliteten,1222,FITJAR,12,Hordaland,59.95238,5.283167,3,Karmøy til Sotra,
28,2012,21915,Matløyso,rensefisk,,,1691,Berggylt,195,deler av lokaliteten,1222,FITJAR,12,Hordaland,59.95238,5.283167,3,Karmøy til Sotra,
28,2012,13541,Midtflua,rensefisk,,,1693,Bergnebb,29349,deler av lokaliteten,1223,TYSNES,12,Hordaland,60.076267,5.466533,3,Karmøy til Sotra,
28,2012,12047,Mjåneset,rensefisk,,,1691,Berggylt,46,hele lokaliteten,1241,FUSA,12,Hordaland,60.176,5.7244,3,Karmøy til Sotra,
28,2012,12047,Mjåneset,rensefisk,,,1692,Annen leppefisk,992,hele lokaliteten,1241,FUSA,12,Hordaland,60.176,5.7244,3,Karmøy til Sotra,
28,2012,12047,Mjåneset,rensefisk,,,1693,Bergnebb,362,hele lokaliteten,1241,FUSA,12,Hordaland,60.176,5.7244,3,Karmøy til Sotra,
28,2012,12047,Mjåneset,rensefisk,,,1694,Grøngylt,2900,hele lokaliteten,1241,FUSA,12,Hordaland,60.176,5.7244,3,Karmøy til Sotra,
28,2012,13629,Munkholmen,rensefisk,,,1694,Grøngylt,1673,deler av lokaliteten,1146,TYSVÆR,11,Rogaland,59.285484,5.631317,2,Ryfylke,
28,2012,13629,Munkholmen,rensefisk,,,1691,Berggylt,422,deler av lokaliteten,1146,TYSVÆR,11,Rogaland,59.285484,5.631317,2,Ryfylke,
28,2012,29957,Nakkestad,rensefisk,,,1691,Berggylt,95,hele lokaliteten,1032,LYNGDAL,10,Vest-Agder,58.056683,7.071583,1,Svenskegrensen til Jæren,
28,2012,29957,Nakkestad,rensefisk,,,1694,Grøngylt,928,hele lokaliteten,1032,LYNGDAL,10,Vest-Agder,58.056683,7.071583,1,Svenskegrensen til Jæren,
28,2012,29957,Nakkestad,rensefisk,,,1693,Bergnebb,8094,hele lokaliteten,1032,LYNGDAL,10,Vest-Agder,58.056683,7.071583,1,Svenskegrensen til Jæren,
28,2012,13020,Nygård,rensefisk,,,1692,Annen leppefisk,4000,hele lokaliteten,1242,SAMNANGER,12,Hordaland,60.357666,5.684917,3,Karmøy til Sotra,
28,2012,14019,Øksningen,medikamentell,badebehandling,Azamethiphos,,,,hele lokaliteten,1811,BINDAL,18,Nordland,65.13747,12.314933,7,Nord-Trøndelag med Bindal,
28,2012,14019,Øksningen,medikamentell,badebehandling,Azamethiphos,,,,hele lokaliteten,1811,BINDAL,18,Nordland,65.13747,12.314933,7,Nord-Trøndelag med Bindal,
28,2012,14019,Øksningen,medikamentell,badebehandling,Azamethiphos,,,,hele lokaliteten,1811,BINDAL,18,Nordland,65.13747,12.314933,7,Nord-Trøndelag med Bindal,
28,2012,14019,Øksningen,medikamentell,badebehandling,Azamethiphos,,,,hele lokaliteten,1811,BINDAL,18,Nordland,65.13747,12.314933,7,Nord-Trøndelag med Bindal,
28,2012,14019,Øksningen,medikamentell,badebehandling,Deltamethrin,,,,hele lokaliteten,1811,BINDAL,18,Nordland,65.13747,12.314933,7,Nord-Trøndelag med Bindal,
28,2012,14019,Øksningen,medikamentell,badebehandling,Deltamethrin,,,,hele lokaliteten,1811,BINDAL,18,Nordland,65.13747,12.314933,7,Nord-Trøndelag med Bindal,
28,2012,14019,Øksningen,medikamentell,badebehandling,Deltamethrin,,,,hele lokaliteten,1811,BINDAL,18,Nordland,65.13747,12.314933,7,Nord-Trøndelag med Bindal,
28,2012,14019,Øksningen,medikamentell,badebehandling,Deltamethrin,,,,hele lokaliteten,1811,BINDAL,18,Nordland,65.13747,12.314933,7,Nord-Trøndelag med Bindal,
28,2012,14019,Øksningen,medikamentell,badebehandling,Deltamethrin,,,,hele lokaliteten,1811,BINDAL,18,Nordland,65.13747,12.314933,7,Nord-Trøndelag med Bindal,
28,2012,12383,Omsøyholman,rensefisk,,,1694,Grøngylt,1000,deler av lokaliteten,1617,HITRA,16,Sør-Trøndelag,63.63162,8.574817,6,Nordmøre og Sør-Trøndelag,
28,2012,12383,Omsøyholman,rensefisk,,,1692,Annen leppefisk,300,deler av lokaliteten,1617,HITRA,16,Sør-Trøndelag,63.63162,8.574817,6,Nordmøre og Sør-Trøndelag,
28,2012,19655,Ospeneset,rensefisk,,,1694,Grøngylt,2700,deler av lokaliteten,1263,LINDÅS,12,Hordaland,60.74523,5.270067,4,Nordhordaland til Stadt,
28,2012,11688,Portevika,rensefisk,,,1691,Berggylt,3000,deler av lokaliteten,1413,HYLLESTAD,14,Sogn og Fjordane,61.18885,5.090017,4,Nordhordaland til Stadt,
28,2012,12366,Raskjæret,rensefisk,,,1691,Berggylt,805,hele lokaliteten,1620,FRØYA,16,Sør-Trøndelag,63.7934,8.851846,6,Nordmøre og Sør-Trøndelag,
28,2012,30817,Raudøya,medikamentell,badebehandling,Annet virkestoff,,,,deler av lokaliteten,1633,OSEN,16,Sør-Trøndelag,64.3646,10.439133,6,Nordmøre og Sør-Trøndelag,
28,2012,30817,Raudøya,medikamentell,badebehandling,Annet virkestoff,,,,deler av lokaliteten,1633,OSEN,16,Sør-Trøndelag,64.3646,10.439133,6,Nordmøre og Sør-Trøndelag,
28,2012,12406,Rauodden,rensefisk,,,1693,Bergnebb,3500,hele lokaliteten,1617,HITRA,16,Sør-Trøndelag,63.66516,8.879338,6,Nordmøre og Sør-Trøndelag,
28,2012,10086,Rekeviki,rensefisk,,,1694,Grøngylt,7430,hele lokaliteten,1263,LINDÅS,12,Hordaland,60.7231,5.325451,4,Nordhordaland til Stadt,
28,2012,10086,Rekeviki,rensefisk,,,1691,Berggylt,1005,hele lokaliteten,1263,LINDÅS,12,Hordaland,60.7231,5.325451,4,Nordhordaland til Stadt,
28,2012,22796,Renga S,medikamentell,badebehandling,Annet virkestoff,,,,deler av lokaliteten,1836,RØDØY,18,Nordland,66.58685,13.09985,8,Helgeland til Bodø,
28,2012,22796,Renga S,medikamentell,badebehandling,Annet virkestoff,,,,deler av lokaliteten,1836,RØDØY,18,Nordland,66.58685,13.09985,8,Helgeland til Bodø,
28,2012,11770,Rotøy,rensefisk,,,1691,Berggylt,40000,hele lokaliteten,1259,ØYGARDEN,12,Hordaland,60.6826,4.759533,4,Nordhordaland til Stadt,
28,2012,12298,Røysa,rensefisk,,,1694,Grøngylt,1660,deler av lokaliteten,1532,GISKE,15,Møre og Romsdal,62.550632,6.1408,5,Stadt til Hustadvika,
28,2012,12298,Røysa,rensefisk,,,1691,Berggylt,340,deler av lokaliteten,1532,GISKE,15,Møre og Romsdal,62.550632,6.1408,5,Stadt til Hustadvika,
28,2012,13249,Sagelva,medikamentell,badebehandling,Azamethiphos,,,,hele lokaliteten,1520,ØRSTA,15,Møre og Romsdal,62.33795,6.38165,5,Stadt til Hustadvika,
28,2012,13249,Sagelva,ikke-medikamentell,,,,,,hele lokaliteten,1520,ØRSTA,15,Møre og Romsdal,62.33795,6.38165,5,Stadt til Hustadvika,
28,2012,12019,Saltkjelen II,rensefisk,,,1694,Grøngylt,1341,hele lokaliteten,1227,JONDAL,12,Hordaland,60.248016,6.2014,3,Karmøy til Sotra,
28,2012,31677,Sandholmane,medikamentell,badebehandling,Azamethiphos,,,,deler av lokaliteten,1546,SANDØY,15,Møre og Romsdal,62.79627,6.66985,5,Stadt til Hustadvika,
28,2012,31677,Sandholmane,medikamentell,badebehandling,Azamethiphos,,,,deler av lokaliteten,1546,SANDØY,15,Møre og Romsdal,62.79627,6.66985,5,Stadt til Hustadvika,
28,2012,31677,Sandholmane,medikamentell,badebehandling,Azamethiphos,,,,deler av lokaliteten,1546,SANDØY,15,Møre og Romsdal,62.79627,6.66985,5,Stadt til Hustadvika,
28,2012,11758,Sauøy Ø,rensefisk,,,1692,Annen leppefisk,6213,deler av lokaliteten,1259,ØYGARDEN,12,Hordaland,60.592335,4.857833,4,Nordhordaland til Stadt,
28,2012,11758,Sauøy Ø,rensefisk,,,1691,Berggylt,1461,deler av lokaliteten,1259,ØYGARDEN,12,Hordaland,60.592335,4.857833,4,Nordhordaland til Stadt,
28,2012,11758,Sauøy Ø,rensefisk,,,1694,Grøngylt,8308,deler av lokaliteten,1259,ØYGARDEN,12,Hordaland,60.592335,4.857833,4,Nordhordaland til Stadt,
28,2012,12844,Seterneset,rensefisk,,,1694,Grøngylt,1262,deler av lokaliteten,1502,MOLDE,15,Møre og Romsdal,62.67375,7.313967,5,Stadt til Hustadvika,
28,2012,12844,Seterneset,rensefisk,,,1691,Berggylt,686,deler av lokaliteten,1502,MOLDE,15,Møre og Romsdal,62.67375,7.313967,5,Stadt til Hustadvika,
28,2012,12244,Setevika,rensefisk,,,1693,Bergnebb,72,deler av lokaliteten,1545,MIDSUND,15,Møre og Romsdal,62.728065,6.939283,5,Stadt til Hustadvika,
28,2012,12244,Setevika,rensefisk,,,1694,Grøngylt,5855,deler av lokaliteten,1545,MIDSUND,15,Møre og Romsdal,62.728065,6.939283,5,Stadt til Hustadvika,
28,2012,12066,Skåtavågen,rensefisk,,,1692,Annen leppefisk,2000,hele lokaliteten,1241,FUSA,12,Hordaland,60.175117,5.589067,3,Karmøy til Sotra,
28,2012,26738,Skiftesvika,rensefisk,,,1694,Grøngylt,612,deler av lokaliteten,1141,FINNØY,11,Rogaland,59.167885,5.920667,2,Ryfylke,
28,2012,11861,Skipningsdalen,rensefisk,,,169520,Rødnebb,409,deler av lokaliteten,1004,FLEKKEFJORD,10,Vest-Agder,58.2422,6.589683,1,Svenskegrensen til Jæren,
28,2012,11861,Skipningsdalen,rensefisk,,,1694,Grøngylt,811,deler av lokaliteten,1004,FLEKKEFJORD,10,Vest-Agder,58.2422,6.589683,1,Svenskegrensen til Jæren,
28,2012,11861,Skipningsdalen,rensefisk,,,1692,Annen leppefisk,130,deler av lokaliteten,1004,FLEKKEFJORD,10,Vest-Agder,58.2422,6.589683,1,Svenskegrensen til Jæren,
28,2012,11861,Skipningsdalen,rensefisk,,,1691,Berggylt,1858,deler av lokaliteten,1004,FLEKKEFJORD,10,Vest-Agder,58.2422,6.589683,1,Svenskegrensen til Jæren,
28,2012,11640,Skorpeosen,rensefisk,,,1694,Grøngylt,3008,deler av lokaliteten,1246,FJELL,12,Hordaland,60.332535,4.942783,3,Karmøy til Sotra,
28,2012,11640,Skorpeosen,rensefisk,,,1691,Berggylt,291,deler av lokaliteten,1246,FJELL,12,Hordaland,60.332535,4.942783,3,Karmøy til Sotra,
28,2012,12108,Skorpo Nv,rensefisk,,,1694,Grøngylt,15780,deler av lokaliteten,1224,KVINNHERAD,12,Hordaland,59.950382,5.820483,3,Karmøy til Sotra,
28,2012,18657,Skredstivik,rensefisk,,,1694,Grøngylt,14680,deler av lokaliteten,1413,HYLLESTAD,14,Sogn og Fjordane,61.1567,5.133983,4,Nordhordaland til Stadt,
28,2012,31117,Skrubbo,rensefisk,,,1692,Annen leppefisk,7031,hele lokaliteten,1241,FUSA,12,Hordaland,60.15632,5.713217,3,Karmøy til Sotra,
28,2012,28096,Slåttenes,rensefisk,,,1693,Bergnebb,6216,hele lokaliteten,1224,KVINNHERAD,12,Hordaland,59.83222,5.984267,3,Karmøy til Sotra,
28,2012,19015,Stokkvika,rensefisk,,,1694,Grøngylt,1140,deler av lokaliteten,1612,HEMNE,16,Sør-Trøndelag,63.333534,9.180583,6,Nordmøre og Sør-Trøndelag,
28,2012,11700,Storeneset,medikamentell,fôrbehandling,Teflubenzuron,,,,hele lokaliteten,1411,GULEN,14,Sogn og Fjordane,60.8763,5.02805,4,Nordhordaland til Stadt,
28,2012,11492,Storevikholmen,rensefisk,,,1694,Grøngylt,830,deler av lokaliteten,1222,FITJAR,12,Hordaland,59.839584,5.305017,3,Karmøy til Sotra,
28,2012,11492,Storevikholmen,rensefisk,,,1691,Berggylt,964,deler av lokaliteten,1222,FITJAR,12,Hordaland,59.839584,5.305017,3,Karmøy til Sotra,
28,2012,12081,Straumneset,rensefisk,,,1691,Berggylt,20000,hele lokaliteten,1227,JONDAL,12,Hordaland,60.220966,6.139567,3,Karmøy til Sotra,
28,2012,10054,Tobbeholmane,rensefisk,,,1691,Berggylt,1294,deler av lokaliteten,1244,AUSTEVOLL,12,Hordaland,60.0248,5.307383,3,Karmøy til Sotra,
28,2012,32717,Tranøya N,rensefisk,,,1693,Bergnebb,11662,hele lokaliteten,1627,BJUGN,16,Sør-Trøndelag,63.872032,9.769783,6,Nordmøre og Sør-Trøndelag,
28,2012,30560,Tristeinen,medikamentell,badebehandling,Annet virkestoff,,,,hele lokaliteten,1627,BJUGN,16,Sør-Trøndelag,63.86895,9.6204,6,Nordmøre og Sør-Trøndelag,
28,2012,13677,Trøan/Bjørklibukta,rensefisk,,,1693,Bergnebb,8088,hele lokaliteten,1612,HEMNE,16,Sør-Trøndelag,63.33155,9.1231,6,Nordmøre og Sør-Trøndelag,
28,2012,10332,Trommo,rensefisk,,,1693,Bergnebb,11550,hele lokaliteten,1224,KVINNHERAD,12,Hordaland,60.08243,6.080067,3,Karmøy til Sotra,
28,2012,32437,Urda,medikamentell,badebehandling,Azamethiphos,,,,deler av lokaliteten,1566,SURNADAL,15,Møre og Romsdal,63.000534,8.325633,6,Nordmøre og Sør-Trøndelag,
28,2012,32437,Urda,medikamentell,badebehandling,Azamethiphos,,,,deler av lokaliteten,1566,SURNADAL,15,Møre og Romsdal,63.000534,8.325633,6,Nordmøre og Sør-Trøndelag,
28,2012,32437,Urda,medikamentell,badebehandling,Deltamethrin,,,,deler av lokaliteten,1566,SURNADAL,15,Møre og Romsdal,63.000534,8.325633,6,Nordmøre og Sør-Trøndelag,
28,2012,32437,Urda,medikamentell,badebehandling,Deltamethrin,,,,deler av lokaliteten,1566,SURNADAL,15,Møre og Romsdal,63.000534,8.325633,6,Nordmøre og Sør-Trøndelag,
28,2012,10091,Vågsøya,medikamentell,badebehandling,Cypermethrin,,,,deler av lokaliteten,1401,FLORA,14,Sogn og Fjordane,61.489735,5.023517,4,Nordhordaland til Stadt,
28,2012,10091,Vågsøya,medikamentell,badebehandling,Cypermethrin,,,,deler av lokaliteten,1401,FLORA,14,Sogn og Fjordane,61.489735,5.023517,4,Nordhordaland til Stadt,
28,2012,10091,Vågsøya,medikamentell,badebehandling,Cypermethrin,,,,deler av lokaliteten,1401,FLORA,14,Sogn og Fjordane,61.489735,5.023517,4,Nordhordaland til Stadt,
28,2012,10091,Vågsøya,medikamentell,badebehandling,Deltamethrin,,,,deler av lokaliteten,1401,FLORA,14,Sogn og Fjordane,61.489735,5.023517,4,Nordhordaland til Stadt,
28,2012,10091,Vågsøya,medikamentell,badebehandling,Deltamethrin,,,,deler av lokaliteten,1401,FLORA,14,Sogn og Fjordane,61.489735,5.023517,4,Nordhordaland til Stadt,
28,2012,10091,Vågsøya,rensefisk,,,1692,Annen leppefisk,750,hele lokaliteten,1401,FLORA,14,Sogn og Fjordane,61.489735,5.023517,4,Nordhordaland til Stadt,
28,2012,13837,Verpeide,rensefisk,,,1694,Grøngylt,250,deler av lokaliteten,1439,VÅGSØY,14,Sogn og Fjordane,61.902954,5.207967,4,Nordhordaland til Stadt,
28,2012,13837,Verpeide,rensefisk,,,1691,Berggylt,900,deler av lokaliteten,1439,VÅGSØY,14,Sogn og Fjordane,61.902954,5.207967,4,Nordhordaland til Stadt,
28,2012,27315,Vikane 1,rensefisk,,,1694,Grøngylt,3069,hele lokaliteten,1227,JONDAL,12,Hordaland,60.26125,6.225083,3,Karmøy til Sotra,
28,2012,11305,,medikamentell,badebehandling,Azamethiphos,,,,deler av lokaliteten,,,,,,,,,
27,2012,15196,Aga Ø,rensefisk,,,1691,Berggylt,6763,hele lokaliteten,1219,BØMLO,12,Hordaland,59.8451,5.261367,3,Karmøy til Sotra,
27,2012,10331,Åkre,rensefisk,,,1694,Grøngylt,21830,hele lokaliteten,1224,KVINNHERAD,12,Hordaland,60.112434,6.042483,3,Karmøy til Sotra,
27,2012,10331,Åkre,rensefisk,,,1691,Berggylt,12000,hele lokaliteten,1224,KVINNHERAD,12,Hordaland,60.112434,6.042483,3,Karmøy til Sotra,
27,2012,12067,Aldalen,medikamentell,badebehandling,Cypermethrin,,,,deler av lokaliteten,1243,OS I HORDALAND,12,Hordaland,60.248333,5.5709,3,Karmøy til Sotra,
27,2012,12067,Aldalen,medikamentell,badebehandling,Cypermethrin,,,,deler av lokaliteten,1243,OS I HORDALAND,12,Hordaland,60.248333,5.5709,3,Karmøy til Sotra,
27,2012,12067,Aldalen,medikamentell,badebehandling,Cypermethrin,,,,deler av lokaliteten,1243,OS I HORDALAND,12,Hordaland,60.248333,5.5709,3,Karmøy til Sotra,
27,2012,12067,Aldalen,rensefisk,,,1692,Annen leppefisk,1979,deler av lokaliteten,1243,OS I HORDALAND,12,Hordaland,60.248333,5.5709,3,Karmøy til Sotra,
27,2012,10298,Ålforo,rensefisk,,,1694,Grøngylt,1050,deler av lokaliteten,1222,FITJAR,12,Hordaland,59.8659,5.245217,3,Karmøy til Sotra,
27,2012,11513,Andal,rensefisk,,,1691,Berggylt,2,hele lokaliteten,1219,BØMLO,12,Hordaland,59.63655,5.2466,3,Karmøy til Sotra,
27,2012,11513,Andal,rensefisk,,,1693,Bergnebb,9475,hele lokaliteten,1219,BØMLO,12,Hordaland,59.63655,5.2466,3,Karmøy til Sotra,
27,2012,12308,Bjørndal,rensefisk,,,1694,Grøngylt,2515,hele lokaliteten,1520,ØRSTA,15,Møre og Romsdal,62.274834,6.002983,5,Stadt til Hustadvika,
27,2012,12308,Bjørndal,rensefisk,,,1693,Bergnebb,3485,hele lokaliteten,1520,ØRSTA,15,Møre og Romsdal,62.274834,6.002983,5,Stadt til Hustadvika,
27,2012,12252,Bogen Md,medikamentell,badebehandling,Annet virkestoff,,,,deler av lokaliteten,1545,MIDSUND,15,Møre og Romsdal,62.69082,6.868767,5,Stadt til Hustadvika,
27,2012,12252,Bogen Md,medikamentell,badebehandling,Annet virkestoff,,,,deler av lokaliteten,1545,MIDSUND,15,Møre og Romsdal,62.69082,6.868767,5,Stadt til Hustadvika,
27,2012,12252,Bogen Md,medikamentell,badebehandling,Annet virkestoff,,,,deler av lokaliteten,1545,MIDSUND,15,Møre og Romsdal,62.69082,6.868767,5,Stadt til Hustadvika,
27,2012,13209,Bognøy,rensefisk,,,1694,Grøngylt,2595,deler av lokaliteten,1260,RADØY,12,Hordaland,60.60407,5.076983,4,Nordhordaland til Stadt,
27,2012,13209,Bognøy,rensefisk,,,1691,Berggylt,735,deler av lokaliteten,1260,RADØY,12,Hordaland,60.60407,5.076983,4,Nordhordaland til Stadt,
27,2012,13209,Bognøy,rensefisk,,,1692,Annen leppefisk,2595,deler av lokaliteten,1260,RADØY,12,Hordaland,60.60407,5.076983,4,Nordhordaland til Stadt,
27,2012,10256,Bondøya,rensefisk,,,1693,Bergnebb,8697,hele lokaliteten,1750,VIKNA,17,Nord-Trøndelag,64.81715,10.7425,7,Nord-Trøndelag med Bindal,
27,2012,11514,Brattholmen S,rensefisk,,,1691,Berggylt,10000,hele lokaliteten,1216,SVEIO,12,Hordaland,59.51832,5.244383,3,Karmøy til Sotra,
27,2012,32457,Dalsvåg Nv,rensefisk,,,1693,Bergnebb,2408,deler av lokaliteten,1149,KARMØY,11,Rogaland,59.410416,5.218033,3,Karmøy til Sotra,
27,2012,13229,Djupedalen,medikamentell,badebehandling,Deltamethrin,,,,hele lokaliteten,1241,FUSA,12,Hordaland,60.230865,5.6733,3,Karmøy til Sotra,
27,2012,14799,Djupestallen,rensefisk,,,1693,Bergnebb,15536,deler av lokaliteten,1223,TYSNES,12,Hordaland,60.058735,5.453,3,Karmøy til Sotra,
27,2012,10110,Djupevik,rensefisk,,,1694,Grøngylt,1926,deler av lokaliteten,1141,FINNØY,11,Rogaland,59.14955,5.863017,2,Ryfylke,
27,2012,10110,Djupevik,rensefisk,,,1691,Berggylt,1298,deler av lokaliteten,1141,FINNØY,11,Rogaland,59.14955,5.863017,2,Ryfylke,
27,2012,26595,Djupevika,rensefisk,,,1691,Berggylt,2082,deler av lokaliteten,1223,TYSNES,12,Hordaland,60.03628,5.344117,3,Karmøy til Sotra,
27,2012,26595,Djupevika,rensefisk,,,1694,Grøngylt,9455,deler av lokaliteten,1223,TYSNES,12,Hordaland,60.03628,5.344117,3,Karmøy til Sotra,
27,2012,20455,Djupevika,rensefisk,,,1693,Bergnebb,17673,deler av lokaliteten,1224,KVINNHERAD,12,Hordaland,60.0406,6.010917,3,Karmøy til Sotra,
27,2012,12128,Dyrnes,rensefisk,,,1691,Berggylt,38,deler av lokaliteten,1224,KVINNHERAD,12,Hordaland,59.71765,5.72205,3,Karmøy til Sotra,
27,2012,12128,Dyrnes,rensefisk,,,1694,Grøngylt,1553,deler av lokaliteten,1224,KVINNHERAD,12,Hordaland,59.71765,5.72205,3,Karmøy til Sotra,
27,2012,12109,Ebne,rensefisk,,,1692,Annen leppefisk,3000,hele lokaliteten,1211,ETNE,12,Hordaland,59.712322,5.826833,3,Karmøy til Sotra,
27,2012,29537,Eldviktaren,medikamentell,badebehandling,Annet virkestoff,,,,hele lokaliteten,1749,FLATANGER,17,Nord-Trøndelag,64.45454,10.630117,7,Nord-Trøndelag med Bindal,
27,2012,11556,Engevik,rensefisk,,,1693,Bergnebb,115,deler av lokaliteten,1222,FITJAR,12,Hordaland,59.96425,5.379817,3,Karmøy til Sotra,
27,2012,11556,Engevik,rensefisk,,,1691,Berggylt,228,deler av lokaliteten,1222,FITJAR,12,Hordaland,59.96425,5.379817,3,Karmøy til Sotra,
27,2012,11556,Engevik,rensefisk,,,1694,Grøngylt,800,deler av lokaliteten,1222,FITJAR,12,Hordaland,59.96425,5.379817,3,Karmøy til Sotra,
27,2012,12800,Flatøya,rensefisk,,,1693,Bergnebb,29547,deler av lokaliteten,1627,BJUGN,16,Sør-Trøndelag,63.901875,9.843085,6,Nordmøre og Sør-Trøndelag,
27,2012,25895,Flornes,rensefisk,,,1693,Bergnebb,20902,hele lokaliteten,1223,TYSNES,12,Hordaland,59.892982,5.665817,3,Karmøy til Sotra,
27,2012,11736,Fureholmen S,rensefisk,,,1694,Grøngylt,421,hele lokaliteten,1412,SOLUND,14,Sogn og Fjordane,61.05705,4.866133,4,Nordhordaland til Stadt,
27,2012,11736,Fureholmen S,rensefisk,,,1691,Berggylt,990,hele lokaliteten,1412,SOLUND,14,Sogn og Fjordane,61.05705,4.866133,4,Nordhordaland til Stadt,
27,2012,11667,Gardskråneset,medikamentell,badebehandling,Azamethiphos,,,,hele lokaliteten,1259,ØYGARDEN,12,Hordaland,60.53972,4.903867,4,Nordhordaland til Stadt,
27,2012,11667,Gardskråneset,medikamentell,badebehandling,Azamethiphos,,,,hele lokaliteten,1259,ØYGARDEN,12,Hordaland,60.53972,4.903867,4,Nordhordaland til Stadt,
27,2012,11198,Geiterøya I,medikamentell,fôrbehandling,Emamectin benzoat,,,,hele lokaliteten,1860,VESTVÅGØY,18,Nordland,68.09026,13.735617,9,Vestfjorden og Vesterålen,
27,2012,13036,Gjengane,rensefisk,,,1692,Annen leppefisk,87,deler av lokaliteten,1244,AUSTEVOLL,12,Hordaland,60.071518,5.306383,3,Karmøy til Sotra,
27,2012,13036,Gjengane,rensefisk,,,1694,Grøngylt,6482,deler av lokaliteten,1244,AUSTEVOLL,12,Hordaland,60.071518,5.306383,3,Karmøy til Sotra,
27,2012,13036,Gjengane,rensefisk,,,1691,Berggylt,636,deler av lokaliteten,1244,AUSTEVOLL,12,Hordaland,60.071518,5.306383,3,Karmøy til Sotra,
27,2012,11559,Grimsholmen,rensefisk,,,1693,Bergnebb,16600,deler av lokaliteten,1216,SVEIO,12,Hordaland,59.6554,5.403517,3,Karmøy til Sotra,
27,2012,22095,Hågardsneset,rensefisk,,,1694,Grøngylt,5629,hele lokaliteten,1224,KVINNHERAD,12,Hordaland,59.983932,5.932317,3,Karmøy til Sotra,
27,2012,22095,Hågardsneset,rensefisk,,,1693,Bergnebb,5500,hele lokaliteten,1224,KVINNHERAD,12,Hordaland,59.983932,5.932317,3,Karmøy til Sotra,
27,2012,12011,Håøya Nø,rensefisk,,,1692,Annen leppefisk,10000,hele lokaliteten,1146,TYSVÆR,11,Rogaland,59.290417,5.6765,2,Ryfylke,
27,2012,11740,Haverøy,medikamentell,badebehandling,Azamethiphos,,,,deler av lokaliteten,1246,FJELL,12,Hordaland,60.404034,4.939267,3,Karmøy til Sotra,
27,2012,11740,Haverøy,medikamentell,badebehandling,Deltamethrin,,,,deler av lokaliteten,1246,FJELL,12,Hordaland,60.404034,4.939267,3,Karmøy til Sotra,
27,2012,24035,Håvikvågen S,rensefisk,,,1692,Annen leppefisk,670,deler av lokaliteten,1241,FUSA,12,Hordaland,60.169834,5.69645,3,Karmøy til Sotra,
27,2012,24035,Håvikvågen S,rensefisk,,,1694,Grøngylt,4180,deler av lokaliteten,1241,FUSA,12,Hordaland,60.169834,5.69645,3,Karmøy til Sotra,
27,2012,24035,Håvikvågen S,rensefisk,,,1693,Bergnebb,1500,deler av lokaliteten,1241,FUSA,12,Hordaland,60.169834,5.69645,3,Karmøy til Sotra,
27,2012,12590,Helligholmen,rensefisk,,,1693,Bergnebb,486,deler av lokaliteten,1750,VIKNA,17,Nord-Trøndelag,64.83839,10.665517,7,Nord-Trøndelag med Bindal,
27,2012,10300,Hillersvik,rensefisk,,,1691,Berggylt,6000,deler av lokaliteten,1216,SVEIO,12,Hordaland,59.6084,5.311917,3,Karmøy til Sotra,
27,2012,12036,Hisdalen,rensefisk,,,1694,Grøngylt,1439,hele lokaliteten,1224,KVINNHERAD,12,Hordaland,60.126896,5.932525,3,Karmøy til Sotra,
27,2012,11571,Holevik,rensefisk,,,1694,Grøngylt,12894,hele lokaliteten,1219,BØMLO,12,Hordaland,59.776585,5.321817,3,Karmøy til Sotra,
27,2012,11571,Holevik,rensefisk,,,1691,Berggylt,909,hele lokaliteten,1219,BØMLO,12,Hordaland,59.776585,5.321817,3,Karmøy til Sotra,
27,2012,19939,Høysteinen,rensefisk,,,1694,Grøngylt,8731,deler av lokaliteten,1224,KVINNHERAD,12,Hordaland,60.15665,6.048633,3,Karmøy til Sotra,
27,2012,12599,Indre Skjervøy,rensefisk,,,1694,Grøngylt,2080,deler av lokaliteten,1633,OSEN,16,Sør-Trøndelag,64.2858,10.30905,6,Nordmøre og Sør-Trøndelag,
27,2012,12599,Indre Skjervøy,rensefisk,,,1691,Berggylt,2640,deler av lokaliteten,1633,OSEN,16,Sør-Trøndelag,64.2858,10.30905,6,Nordmøre og Sør-Trøndelag,
27,2012,15118,Kalvøya,rensefisk,,,1693,Bergnebb,13807,deler av lokaliteten,1834,LURØY,18,Nordland,66.39397,12.799817,8,Helgeland til Bodø,
27,2012,11763,Knappen,rensefisk,,,1691,Berggylt,6000,deler av lokaliteten,1259,ØYGARDEN,12,Hordaland,60.573566,4.8185,4,Nordhordaland til Stadt,
27,2012,11201,Kolvikodden Ø,medikamentell,fôrbehandling,Emamectin benzoat,,,,hele lokaliteten,1860,VESTVÅGØY,18,Nordland,68.088165,13.68965,9,Vestfjorden og Vesterålen,
27,2012,12855,Kornstad,rensefisk,,,1694,Grøngylt,441,deler av lokaliteten,1554,AVERØY,15,Møre og Romsdal,62.960384,7.45015,6,Nordmøre og Sør-Trøndelag,
27,2012,12855,Kornstad,rensefisk,,,1693,Bergnebb,822,deler av lokaliteten,1554,AVERØY,15,Møre og Romsdal,62.960384,7.45015,6,Nordmøre og Sør-Trøndelag,
27,2012,12855,Kornstad,rensefisk,,,1691,Berggylt,443,deler av lokaliteten,1554,AVERØY,15,Møre og Romsdal,62.960384,7.45015,6,Nordmøre og Sør-Trøndelag,
27,2012,10224,Korsneset,rensefisk,,,1693,Bergnebb,4807,hele lokaliteten,1571,HALSA,15,Møre og Romsdal,63.142735,8.224933,6,Nordmøre og Sør-Trøndelag,
27,2012,30297,Krabbholmen,rensefisk,,,1693,Bergnebb,11420,hele lokaliteten,1630,ÅFJORD,16,Sør-Trøndelag,63.94438,9.880667,6,Nordmøre og Sør-Trøndelag,
27,2012,11719,Kråkenes,rensefisk,,,1692,Annen leppefisk,9600,hele lokaliteten,1412,SOLUND,14,Sogn og Fjordane,61.05835,4.921317,4,Nordhordaland til Stadt,
27,2012,24975,Kvernavika,rensefisk,,,1691,Berggylt,1400,deler av lokaliteten,1223,TYSNES,12,Hordaland,60.069283,5.351183,3,Karmøy til Sotra,
27,2012,24975,Kvernavika,rensefisk,,,1693,Bergnebb,3040,deler av lokaliteten,1223,TYSNES,12,Hordaland,60.069283,5.351183,3,Karmøy til Sotra,
27,2012,24975,Kvernavika,rensefisk,,,1694,Grøngylt,2800,deler av lokaliteten,1223,TYSNES,12,Hordaland,60.069283,5.351183,3,Karmøy til Sotra,
27,2012,13234,Kysnes,rensefisk,,,1691,Berggylt,5000,deler av lokaliteten,1227,JONDAL,12,Hordaland,60.19877,6.09685,3,Karmøy til Sotra,
27,2012,13055,Langøyna Ø,rensefisk,,,1692,Annen leppefisk,20000,hele lokaliteten,1146,TYSVÆR,11,Rogaland,59.2983,5.713333,2,Ryfylke,
27,2012,10262,Lille Kvitholmen,rensefisk,,,1693,Bergnebb,5877,deler av lokaliteten,1751,NÆRØY,17,Nord-Trøndelag,65.01318,11.616833,7,Nord-Trøndelag med Bindal,
27,2012,14435,Ljøsøy N,medikamentell,badebehandling,Azamethiphos,,,,hele lokaliteten,1259,ØYGARDEN,12,Hordaland,60.565216,4.878433,4,Nordhordaland til Stadt,
27,2012,14435,Ljøsøy N,medikamentell,badebehandling,Azamethiphos,,,,hele lokaliteten,1259,ØYGARDEN,12,Hordaland,60.565216,4.878433,4,Nordhordaland til Stadt,
27,2012,12127,Mælen,rensefisk,,,1694,Grøngylt,3925,deler av lokaliteten,1224,KVINNHERAD,12,Hordaland,59.69998,5.722917,3,Karmøy til Sotra,
27,2012,12134,Maradalen,medikamentell,badebehandling,Cypermethrin,,,,hele lokaliteten,1224,KVINNHERAD,12,Hordaland,59.76077,5.686767,3,Karmøy til Sotra,
27,2012,22555,Masterholman,rensefisk,,,1691,Berggylt,1095,hele lokaliteten,1632,ROAN,16,Sør-Trøndelag,64.16123,10.0496,6,Nordmøre og Sør-Trøndelag,
27,2012,31037,Masterholman II,rensefisk,,,1691,Berggylt,5327,hele lokaliteten,1632,ROAN,16,Sør-Trøndelag,64.161964,10.036433,6,Nordmøre og Sør-Trøndelag,
27,2012,21915,Matløyso,rensefisk,,,1694,Grøngylt,224,deler av lokaliteten,1222,FITJAR,12,Hordaland,59.95238,5.283167,3,Karmøy til Sotra,
27,2012,21915,Matløyso,rensefisk,,,1693,Bergnebb,77,deler av lokaliteten,1222,FITJAR,12,Hordaland,59.95238,5.283167,3,Karmøy til Sotra,
27,2012,21915,Matløyso,rensefisk,,,1691,Berggylt,140,deler av lokaliteten,1222,FITJAR,12,Hordaland,59.95238,5.283167,3,Karmøy til Sotra,
27,2012,12047,Mjåneset,rensefisk,,,1692,Annen leppefisk,5496,hele lokaliteten,1241,FUSA,12,Hordaland,60.176,5.7244,3,Karmøy til Sotra,
27,2012,11772,Moldøyosen,rensefisk,,,1692,Annen leppefisk,1465,hele lokaliteten,1265,FEDJE,12,Hordaland,60.789734,4.700983,4,Nordhordaland til Stadt,
27,2012,13629,Munkholmen,rensefisk,,,1694,Grøngylt,510,deler av lokaliteten,1146,TYSVÆR,11,Rogaland,59.285484,5.631317,2,Ryfylke,
27,2012,13629,Munkholmen,rensefisk,,,1691,Berggylt,234,deler av lokaliteten,1146,TYSVÆR,11,Rogaland,59.285484,5.631317,2,Ryfylke,
27,2012,10303,Nappeholmane,rensefisk,,,1692,Annen leppefisk,16000,hele lokaliteten,1219,BØMLO,12,Hordaland,59.74275,5.363817,3,Karmøy til Sotra,
27,2012,13965,Nesbø/Gjeldsvik,medikamentell,fôrbehandling,Emamectin benzoat,,,,hele lokaliteten,1263,LINDÅS,12,Hordaland,60.68835,5.4232,4,Nordhordaland til Stadt,
27,2012,26315,Nordgjæslingan,medikamentell,badebehandling,Azamethiphos,,,,hele lokaliteten,1750,VIKNA,17,Nord-Trøndelag,64.7659,10.9128,7,Nord-Trøndelag med Bindal,
27,2012,26315,Nordgjæslingan,medikamentell,badebehandling,Azamethiphos,,,,hele lokaliteten,1750,VIKNA,17,Nord-Trøndelag,64.7659,10.9128,7,Nord-Trøndelag med Bindal,
27,2012,26315,Nordgjæslingan,medikamentell,badebehandling,Azamethiphos,,,,hele lokaliteten,1750,VIKNA,17,Nord-Trøndelag,64.7659,10.9128,7,Nord-Trøndelag med Bindal,
27,2012,26315,Nordgjæslingan,medikamentell,badebehandling,Deltamethrin,,,,hele lokaliteten,1750,VIKNA,17,Nord-Trøndelag,64.7659,10.9128,7,Nord-Trøndelag med Bindal,
27,2012,26315,Nordgjæslingan,medikamentell,badebehandling,Deltamethrin,,,,hele lokaliteten,1750,VIKNA,17,Nord-Trøndelag,64.7659,10.9128,7,Nord-Trøndelag med Bindal,
27,2012,26315,Nordgjæslingan,medikamentell,badebehandling,Deltamethrin,,,,hele lokaliteten,1750,VIKNA,17,Nord-Trøndelag,64.7659,10.9128,7,Nord-Trøndelag med Bindal,
27,2012,13020,Nygård,rensefisk,,,1692,Annen leppefisk,2000,hele lokaliteten,1242,SAMNANGER,12,Hordaland,60.357666,5.684917,3,Karmøy til Sotra,
27,2012,19655,Ospeneset,rensefisk,,,1694,Grøngylt,2900,deler av lokaliteten,1263,LINDÅS,12,Hordaland,60.74523,5.270067,4,Nordhordaland til Stadt,
27,2012,28636,Rataren,rensefisk,,,1691,Berggylt,1987,hele lokaliteten,1620,FRØYA,16,Sør-Trøndelag,63.780792,8.518067,6,Nordmøre og Sør-Trøndelag,
27,2012,31959,Rataren II,rensefisk,,,1694,Grøngylt,629,hele lokaliteten,1620,FRØYA,16,Sør-Trøndelag,63.782516,8.52645,6,Nordmøre og Sør-Trøndelag,
27,2012,31959,Rataren II,rensefisk,,,1691,Berggylt,2548,hele lokaliteten,1620,FRØYA,16,Sør-Trøndelag,63.782516,8.52645,6,Nordmøre og Sør-Trøndelag,
27,2012,13867,Raunevågen,rensefisk,,,1693,Bergnebb,10341,deler av lokaliteten,1216,SVEIO,12,Hordaland,59.65798,5.533667,3,Karmøy til Sotra,
27,2012,22796,Renga S,medikamentell,badebehandling,Annet virkestoff,,,,deler av lokaliteten,1836,RØDØY,18,Nordland,66.58685,13.09985,8,Helgeland til Bodø,
27,2012,22796,Renga S,medikamentell,badebehandling,Annet virkestoff,,,,deler av lokaliteten,1836,RØDØY,18,Nordland,66.58685,13.09985,8,Helgeland til Bodø,
27,2012,22796,Renga S,medikamentell,badebehandling,Annet virkestoff,,,,deler av lokaliteten,1836,RØDØY,18,Nordland,66.58685,13.09985,8,Helgeland til Bodø,
27,2012,22796,Renga S,medikamentell,badebehandling,Annet virkestoff,,,,deler av lokaliteten,1836,RØDØY,18,Nordland,66.58685,13.09985,8,Helgeland til Bodø,
27,2012,22796,Renga S,medikamentell,badebehandling,Annet virkestoff,,,,deler av lokaliteten,1836,RØDØY,18,Nordland,66.58685,13.09985,8,Helgeland til Bodø,
27,2012,22796,Renga S,medikamentell,badebehandling,Annet virkestoff,,,,deler av lokaliteten,1836,RØDØY,18,Nordland,66.58685,13.09985,8,Helgeland til Bodø,
27,2012,22796,Renga S,medikamentell,badebehandling,Annet virkestoff,,,,deler av lokaliteten,1836,RØDØY,18,Nordland,66.58685,13.09985,8,Helgeland til Bodø,
27,2012,22796,Renga S,medikamentell,badebehandling,Annet virkestoff,,,,deler av lokaliteten,1836,RØDØY,18,Nordland,66.58685,13.09985,8,Helgeland til Bodø,
27,2012,22796,Renga S,medikamentell,badebehandling,Annet virkestoff,,,,deler av lokaliteten,1836,RØDØY,18,Nordland,66.58685,13.09985,8,Helgeland til Bodø,
27,2012,22796,Renga S,medikamentell,badebehandling,Annet virkestoff,,,,deler av lokaliteten,1836,RØDØY,18,Nordland,66.58685,13.09985,8,Helgeland til Bodø,
27,2012,11770,Rotøy,rensefisk,,,1691,Berggylt,12000,deler av lokaliteten,1259,ØYGARDEN,12,Hordaland,60.6826,4.759533,4,Nordhordaland til Stadt,
27,2012,12244,Setevika,rensefisk,,,1694,Grøngylt,79,deler av lokaliteten,1545,MIDSUND,15,Møre og Romsdal,62.728065,6.939283,5,Stadt til Hustadvika,
27,2012,12244,Setevika,rensefisk,,,1693,Bergnebb,12471,deler av lokaliteten,1545,MIDSUND,15,Møre og Romsdal,62.728065,6.939283,5,Stadt til Hustadvika,
27,2012,12066,Skåtavågen,rensefisk,,,1692,Annen leppefisk,2600,hele lokaliteten,1241,FUSA,12,Hordaland,60.175117,5.589067,3,Karmøy til Sotra,
27,2012,11640,Skorpeosen,rensefisk,,,1694,Grøngylt,1860,deler av lokaliteten,1246,FJELL,12,Hordaland,60.332535,4.942783,3,Karmøy til Sotra,
27,2012,11640,Skorpeosen,rensefisk,,,1691,Berggylt,232,deler av lokaliteten,1246,FJELL,12,Hordaland,60.332535,4.942783,3,Karmøy til Sotra,
27,2012,12108,Skorpo Nv,rensefisk,,,1694,Grøngylt,14600,deler av lokaliteten,1224,KVINNHERAD,12,Hordaland,59.950382,5.820483,3,Karmøy til Sotra,
27,2012,31117,Skrubbo,rensefisk,,,1692,Annen leppefisk,3150,hele lokaliteten,1241,FUSA,12,Hordaland,60.15632,5.713217,3,Karmøy til Sotra,
27,2012,31117,Skrubbo,rensefisk,,,1694,Grøngylt,14549,hele lokaliteten,1241,FUSA,12,Hordaland,60.15632,5.713217,3,Karmøy til Sotra,
27,2012,31117,Skrubbo,rensefisk,,,1693,Bergnebb,3150,hele lokaliteten,1241,FUSA,12,Hordaland,60.15632,5.713217,3,Karmøy til Sotra,
27,2012,31117,Skrubbo,rensefisk,,,1691,Berggylt,161,hele lokaliteten,1241,FUSA,12,Hordaland,60.15632,5.713217,3,Karmøy til Sotra,
27,2012,13291,Soløya,medikamentell,badebehandling,Deltamethrin,,,,hele lokaliteten,1859,FLAKSTAD,18,Nordland,68.00382,13.182267,9,Vestfjorden og Vesterålen,
27,2012,11486,Stokkavik,rensefisk,,,1692,Annen leppefisk,10000,hele lokaliteten,1219,BØMLO,12,Hordaland,59.7604,5.341183,3,Karmøy til Sotra,
27,2012,11700,Storeneset,medikamentell,fôrbehandling,Teflubenzuron,,,,hele lokaliteten,1411,GULEN,14,Sogn og Fjordane,60.8763,5.02805,4,Nordhordaland til Stadt,
27,2012,11492,Storevikholmen,rensefisk,,,1694,Grøngylt,684,deler av lokaliteten,1222,FITJAR,12,Hordaland,59.839584,5.305017,3,Karmøy til Sotra,
27,2012,11492,Storevikholmen,rensefisk,,,1691,Berggylt,430,deler av lokaliteten,1222,FITJAR,12,Hordaland,59.839584,5.305017,3,Karmøy til Sotra,
27,2012,11858,Støytland,rensefisk,,,169520,Rødnebb,204,deler av lokaliteten,1004,FLEKKEFJORD,10,Vest-Agder,58.231483,6.627917,1,Svenskegrensen til Jæren,
27,2012,11858,Støytland,rensefisk,,,1694,Grøngylt,209,deler av lokaliteten,1004,FLEKKEFJORD,10,Vest-Agder,58.231483,6.627917,1,Svenskegrensen til Jæren,
27,2012,11858,Støytland,rensefisk,,,1692,Annen leppefisk,149,deler av lokaliteten,1004,FLEKKEFJORD,10,Vest-Agder,58.231483,6.627917,1,Svenskegrensen til Jæren,
27,2012,11858,Støytland,rensefisk,,,1691,Berggylt,866,deler av lokaliteten,1004,FLEKKEFJORD,10,Vest-Agder,58.231483,6.627917,1,Svenskegrensen til Jæren,
27,2012,12081,Straumneset,rensefisk,,,1691,Berggylt,15000,hele lokaliteten,1227,JONDAL,12,Hordaland,60.220966,6.139567,3,Karmøy til Sotra,
27,2012,22955,Svollandsneset,medikamentell,badebehandling,Deltamethrin,,,,deler av lokaliteten,1160,VINDAFJORD,11,Rogaland,59.684235,5.589717,3,Karmøy til Sotra,
27,2012,10054,Tobbeholmane,rensefisk,,,1691,Berggylt,623,deler av lokaliteten,1244,AUSTEVOLL,12,Hordaland,60.0248,5.307383,3,Karmøy til Sotra,
27,2012,30837,Torangskjeret,medikamentell,badebehandling,Cypermethrin,,,,deler av lokaliteten,1244,AUSTEVOLL,12,Hordaland,60.130184,5.176033,3,Karmøy til Sotra,
27,2012,30837,Torangskjeret,ikke-medikamentell,,,,,,deler av lokaliteten,1244,AUSTEVOLL,12,Hordaland,60.130184,5.176033,3,Karmøy til Sotra,
27,2012,30837,Torangskjeret,rensefisk,,,1694,Grøngylt,2000,deler av lokaliteten,1244,AUSTEVOLL,12,Hordaland,60.130184,5.176033,3,Karmøy til Sotra,
27,2012,10332,Trommo,rensefisk,,,1691,Berggylt,10500,deler av lokaliteten,1224,KVINNHERAD,12,Hordaland,60.08243,6.080067,3,Karmøy til Sotra,
27,2012,10091,Vågsøya,medikamentell,badebehandling,Azamethiphos,,,,deler av lokaliteten,1401,FLORA,14,Sogn og Fjordane,61.489735,5.023517,4,Nordhordaland til Stadt,
27,2012,10091,Vågsøya,rensefisk,,,1692,Annen leppefisk,750,hele lokaliteten,1401,FLORA,14,Sogn og Fjordane,61.489735,5.023517,4,Nordhordaland til Stadt,
26,2012,10331,Åkre,rensefisk,,,1691,Berggylt,12000,deler av lokaliteten,1224,KVINNHERAD,12,Hordaland,60.112434,6.042483,3,Karmøy til Sotra,
26,2012,10298,Ålforo,rensefisk,,,1694,Grøngylt,530,deler av lokaliteten,1222,FITJAR,12,Hordaland,59.8659,5.245217,3,Karmøy til Sotra,
26,2012,13227,Altaneset,medikamentell,badebehandling,Deltamethrin,,,,deler av lokaliteten,1241,FUSA,12,Hordaland,60.247116,5.63475,3,Karmøy til Sotra,
26,2012,10212,Bogen,medikamentell,badebehandling,Deltamethrin,,,,deler av lokaliteten,1505,KRISTIANSUND,15,Møre og Romsdal,63.077667,7.90345,6,Nordmøre og Sør-Trøndelag,
26,2012,10212,Bogen,medikamentell,badebehandling,Deltamethrin,,,,deler av lokaliteten,1505,KRISTIANSUND,15,Møre og Romsdal,63.077667,7.90345,6,Nordmøre og Sør-Trøndelag,
26,2012,10212,Bogen,medikamentell,badebehandling,Deltamethrin,,,,deler av lokaliteten,1505,KRISTIANSUND,15,Møre og Romsdal,63.077667,7.90345,6,Nordmøre og Sør-Trøndelag,
26,2012,12252,Bogen Md,rensefisk,,,1694,Grøngylt,780,deler av lokaliteten,1545,MIDSUND,15,Møre og Romsdal,62.69082,6.868767,5,Stadt til Hustadvika,
26,2012,12252,Bogen Md,rensefisk,,,1691,Berggylt,210,deler av lokaliteten,1545,MIDSUND,15,Møre og Romsdal,62.69082,6.868767,5,Stadt til Hustadvika,
26,2012,11514,Brattholmen S,rensefisk,,,1691,Berggylt,2000,deler av lokaliteten,1216,SVEIO,12,Hordaland,59.51832,5.244383,3,Karmøy til Sotra,
26,2012,11574,Breivik S,rensefisk,,,1694,Grøngylt,1884,deler av lokaliteten,1219,BØMLO,12,Hordaland,59.671185,5.31215,3,Karmøy til Sotra,
26,2012,11574,Breivik S,rensefisk,,,1691,Berggylt,170,deler av lokaliteten,1219,BØMLO,12,Hordaland,59.671185,5.31215,3,Karmøy til Sotra,
26,2012,10223,Bremnessvaet,rensefisk,,,1694,Grøngylt,1987,deler av lokaliteten,1573,SMØLA,15,Møre og Romsdal,63.39795,8.214317,6,Nordmøre og Sør-Trøndelag,
26,2012,10223,Bremnessvaet,rensefisk,,,1693,Bergnebb,13710,deler av lokaliteten,1573,SMØLA,15,Møre og Romsdal,63.39795,8.214317,6,Nordmøre og Sør-Trøndelag,
26,2012,10223,Bremnessvaet,rensefisk,,,1691,Berggylt,918,deler av lokaliteten,1573,SMØLA,15,Møre og Romsdal,63.39795,8.214317,6,Nordmøre og Sør-Trøndelag,
26,2012,12237,Brudevika,rensefisk,,,1691,Berggylt,26000,deler av lokaliteten,1511,VANYLVEN,15,Møre og Romsdal,62.116566,5.420717,5,Stadt til Hustadvika,
26,2012,14799,Djupestallen,rensefisk,,,1694,Grøngylt,1433,deler av lokaliteten,1223,TYSNES,12,Hordaland,60.058735,5.453,3,Karmøy til Sotra,
26,2012,14799,Djupestallen,rensefisk,,,1693,Bergnebb,9728,deler av lokaliteten,1223,TYSNES,12,Hordaland,60.058735,5.453,3,Karmøy til Sotra,
26,2012,10110,Djupevik,rensefisk,,,1694,Grøngylt,1042,deler av lokaliteten,1141,FINNØY,11,Rogaland,59.14955,5.863017,2,Ryfylke,
26,2012,10110,Djupevik,rensefisk,,,1691,Berggylt,34,deler av lokaliteten,1141,FINNØY,11,Rogaland,59.14955,5.863017,2,Ryfylke,
26,2012,20455,Djupevika,rensefisk,,,1693,Bergnebb,12200,deler av lokaliteten,1224,KVINNHERAD,12,Hordaland,60.0406,6.010917,3,Karmøy til Sotra,
26,2012,21415,Dyrholmen,rensefisk,,,1691,Berggylt,5875,deler av lokaliteten,1141,FINNØY,11,Rogaland,59.285484,5.8583,2,Ryfylke,
26,2012,21415,Dyrholmen,rensefisk,,,1693,Bergnebb,3394,deler av lokaliteten,1141,FINNØY,11,Rogaland,59.285484,5.8583,2,Ryfylke,
26,2012,25895,Flornes,rensefisk,,,1693,Bergnebb,25420,deler av lokaliteten,1223,TYSNES,12,Hordaland,59.892982,5.665817,3,Karmøy til Sotra,
26,2012,13058,Fusavika,medikamentell,badebehandling,Deltamethrin,,,,deler av lokaliteten,1241,FUSA,12,Hordaland,60.207634,5.613817,3,Karmøy til Sotra,
26,2012,11667,Gardskråneset,medikamentell,badebehandling,Azamethiphos,,,,hele lokaliteten,1259,ØYGARDEN,12,Hordaland,60.53972,4.903867,4,Nordhordaland til Stadt,
26,2012,11667,Gardskråneset,medikamentell,badebehandling,Azamethiphos,,,,hele lokaliteten,1259,ØYGARDEN,12,Hordaland,60.53972,4.903867,4,Nordhordaland til Stadt,
26,2012,13036,Gjengane,rensefisk,,,1691,Berggylt,574,deler av lokaliteten,1244,AUSTEVOLL,12,Hordaland,60.071518,5.306383,3,Karmøy til Sotra,
26,2012,13036,Gjengane,rensefisk,,,1694,Grøngylt,7287,deler av lokaliteten,1244,AUSTEVOLL,12,Hordaland,60.071518,5.306383,3,Karmøy til Sotra,
26,2012,12714,Gjerdinga,medikamentell,badebehandling,Azamethiphos,,,,hele lokaliteten,1751,NÆRØY,17,Nord-Trøndelag,64.94638,11.462217,7,Nord-Trøndelag med Bindal,
26,2012,12714,Gjerdinga,medikamentell,badebehandling,Azamethiphos,,,,hele lokaliteten,1751,NÆRØY,17,Nord-Trøndelag,64.94638,11.462217,7,Nord-Trøndelag med Bindal,
26,2012,12714,Gjerdinga,medikamentell,badebehandling,Azamethiphos,,,,hele lokaliteten,1751,NÆRØY,17,Nord-Trøndelag,64.94638,11.462217,7,Nord-Trøndelag med Bindal,
26,2012,12714,Gjerdinga,medikamentell,badebehandling,Deltamethrin,,,,hele lokaliteten,1751,NÆRØY,17,Nord-Trøndelag,64.94638,11.462217,7,Nord-Trøndelag med Bindal,
26,2012,12714,Gjerdinga,medikamentell,badebehandling,Deltamethrin,,,,hele lokaliteten,1751,NÆRØY,17,Nord-Trøndelag,64.94638,11.462217,7,Nord-Trøndelag med Bindal,
26,2012,12714,Gjerdinga,medikamentell,badebehandling,Deltamethrin,,,,hele lokaliteten,1751,NÆRØY,17,Nord-Trøndelag,64.94638,11.462217,7,Nord-Trøndelag med Bindal,
26,2012,11559,Grimsholmen,rensefisk,,,1693,Bergnebb,8000,deler av lokaliteten,1216,SVEIO,12,Hordaland,59.6554,5.403517,3,Karmøy til Sotra,
26,2012,10318,Gulestø,rensefisk,,,1694,Grøngylt,1064,deler av lokaliteten,1438,BREMANGER,14,Sogn og Fjordane,61.75802,5.069883,4,Nordhordaland til Stadt,
26,2012,22095,Hågardsneset,rensefisk,,,1694,Grøngylt,3547,hele lokaliteten,1224,KVINNHERAD,12,Hordaland,59.983932,5.932317,3,Karmøy til Sotra,
26,2012,22095,Hågardsneset,rensefisk,,,1693,Bergnebb,3800,hele lokaliteten,1224,KVINNHERAD,12,Hordaland,59.983932,5.932317,3,Karmøy til Sotra,
26,2012,31577,Haneholmen,medikamentell,fôrbehandling,Emamectin benzoat,,,,hele lokaliteten,1445,GLOPPEN,14,Sogn og Fjordane,61.84045,6.10055,4,Nordhordaland til Stadt,
26,2012,30897,Havsundet,medikamentell,badebehandling,Azamethiphos,,,,deler av lokaliteten,1627,BJUGN,16,Sør-Trøndelag,63.799534,9.440667,6,Nordmøre og Sør-Trøndelag,
26,2012,30897,Havsundet,medikamentell,badebehandling,Deltamethrin,,,,deler av lokaliteten,1627,BJUGN,16,Sør-Trøndelag,63.799534,9.440667,6,Nordmøre og Sør-Trøndelag,
26,2012,12036,Hisdalen,rensefisk,,,1694,Grøngylt,1795,hele lokaliteten,1224,KVINNHERAD,12,Hordaland,60.126896,5.932525,3,Karmøy til Sotra,
26,2012,11571,Holevik,rensefisk,,,1694,Grøngylt,2490,deler av lokaliteten,1219,BØMLO,12,Hordaland,59.776585,5.321817,3,Karmøy til Sotra,
26,2012,11571,Holevik,rensefisk,,,1691,Berggylt,31,deler av lokaliteten,1219,BØMLO,12,Hordaland,59.776585,5.321817,3,Karmøy til Sotra,
26,2012,15118,Kalvøya,rensefisk,,,1693,Bergnebb,6866,deler av lokaliteten,1834,LURØY,18,Nordland,66.39397,12.799817,8,Helgeland til Bodø,
26,2012,26135,Kjørsvikgrunn,medikamentell,badebehandling,Azamethiphos,,,,deler av lokaliteten,1612,HEMNE,16,Sør-Trøndelag,63.457565,9.076,6,Nordmøre og Sør-Trøndelag,
26,2012,26135,Kjørsvikgrunn,medikamentell,badebehandling,Azamethiphos,,,,deler av lokaliteten,1612,HEMNE,16,Sør-Trøndelag,63.457565,9.076,6,Nordmøre og Sør-Trøndelag,
26,2012,26135,Kjørsvikgrunn,medikamentell,badebehandling,Azamethiphos,,,,deler av lokaliteten,1612,HEMNE,16,Sør-Trøndelag,63.457565,9.076,6,Nordmøre og Sør-Trøndelag,
26,2012,26135,Kjørsvikgrunn,medikamentell,badebehandling,Azamethiphos,,,,deler av lokaliteten,1612,HEMNE,16,Sør-Trøndelag,63.457565,9.076,6,Nordmøre og Sør-Trøndelag,
26,2012,26135,Kjørsvikgrunn,medikamentell,badebehandling,Azamethiphos,,,,deler av lokaliteten,1612,HEMNE,16,Sør-Trøndelag,63.457565,9.076,6,Nordmøre og Sør-Trøndelag,
26,2012,26135,Kjørsvikgrunn,medikamentell,badebehandling,Azamethiphos,,,,deler av lokaliteten,1612,HEMNE,16,Sør-Trøndelag,63.457565,9.076,6,Nordmøre og Sør-Trøndelag,
26,2012,26135,Kjørsvikgrunn,medikamentell,badebehandling,Cypermethrin,,,,deler av lokaliteten,1612,HEMNE,16,Sør-Trøndelag,63.457565,9.076,6,Nordmøre og Sør-Trøndelag,
26,2012,26135,Kjørsvikgrunn,medikamentell,badebehandling,Deltamethrin,,,,deler av lokaliteten,1612,HEMNE,16,Sør-Trøndelag,63.457565,9.076,6,Nordmøre og Sør-Trøndelag,
26,2012,26135,Kjørsvikgrunn,medikamentell,badebehandling,Deltamethrin,,,,deler av lokaliteten,1612,HEMNE,16,Sør-Trøndelag,63.457565,9.076,6,Nordmøre og Sør-Trøndelag,
26,2012,26135,Kjørsvikgrunn,medikamentell,badebehandling,Deltamethrin,,,,deler av lokaliteten,1612,HEMNE,16,Sør-Trøndelag,63.457565,9.076,6,Nordmøre og Sør-Trøndelag,
26,2012,26135,Kjørsvikgrunn,medikamentell,badebehandling,Deltamethrin,,,,deler av lokaliteten,1612,HEMNE,16,Sør-Trøndelag,63.457565,9.076,6,Nordmøre og Sør-Trøndelag,
26,2012,11763,Knappen,rensefisk,,,1691,Berggylt,10000,deler av lokaliteten,1259,ØYGARDEN,12,Hordaland,60.573566,4.8185,4,Nordhordaland til Stadt,
26,2012,10224,Korsneset,rensefisk,,,1693,Bergnebb,3207,hele lokaliteten,1571,HALSA,15,Møre og Romsdal,63.142735,8.224933,6,Nordmøre og Sør-Trøndelag,
26,2012,11719,Kråkenes,rensefisk,,,1692,Annen leppefisk,15120,hele lokaliteten,1412,SOLUND,14,Sogn og Fjordane,61.05835,4.921317,4,Nordhordaland til Stadt,
26,2012,24975,Kvernavika,rensefisk,,,1691,Berggylt,1300,deler av lokaliteten,1223,TYSNES,12,Hordaland,60.069283,5.351183,3,Karmøy til Sotra,
26,2012,24975,Kvernavika,rensefisk,,,1693,Bergnebb,6086,deler av lokaliteten,1223,TYSNES,12,Hordaland,60.069283,5.351183,3,Karmøy til Sotra,
26,2012,10041,Kviksholmen,medikamentell,badebehandling,Cypermethrin,,,,hele lokaliteten,1244,AUSTEVOLL,12,Hordaland,60.054317,5.090733,3,Karmøy til Sotra,
26,2012,10041,Kviksholmen,medikamentell,badebehandling,Cypermethrin,,,,hele lokaliteten,1244,AUSTEVOLL,12,Hordaland,60.054317,5.090733,3,Karmøy til Sotra,
26,2012,10041,Kviksholmen,medikamentell,badebehandling,Cypermethrin,,,,hele lokaliteten,1244,AUSTEVOLL,12,Hordaland,60.054317,5.090733,3,Karmøy til Sotra,
26,2012,10041,Kviksholmen,medikamentell,badebehandling,Cypermethrin,,,,hele lokaliteten,1244,AUSTEVOLL,12,Hordaland,60.054317,5.090733,3,Karmøy til Sotra,
26,2012,10041,Kviksholmen,medikamentell,badebehandling,Cypermethrin,,,,hele lokaliteten,1244,AUSTEVOLL,12,Hordaland,60.054317,5.090733,3,Karmøy til Sotra,
26,2012,10898,Lamholmen,medikamentell,fôrbehandling,Teflubenzuron,,,,deler av lokaliteten,1813,BRØNNØY,18,Nordland,65.47093,12.1338,8,Helgeland til Bodø,
26,2012,26295,Langøy,medikamentell,badebehandling,Deltamethrin,,,,hele lokaliteten,1263,LINDÅS,12,Hordaland,60.777668,5.158867,4,Nordhordaland til Stadt,
26,2012,11438,Lauplandsholmen,rensefisk,,,1691,Berggylt,2646,deler av lokaliteten,1145,BOKN,11,Rogaland,59.179733,5.472633,2,Ryfylke,
26,2012,21915,Matløyso,rensefisk,,,1694,Grøngylt,2650,deler av lokaliteten,1222,FITJAR,12,Hordaland,59.95238,5.283167,3,Karmøy til Sotra,
26,2012,21915,Matløyso,rensefisk,,,1693,Bergnebb,440,deler av lokaliteten,1222,FITJAR,12,Hordaland,59.95238,5.283167,3,Karmøy til Sotra,
26,2012,21915,Matløyso,rensefisk,,,1691,Berggylt,300,deler av lokaliteten,1222,FITJAR,12,Hordaland,59.95238,5.283167,3,Karmøy til Sotra,
26,2012,13541,Midtflua,rensefisk,,,1693,Bergnebb,13911,deler av lokaliteten,1223,TYSNES,12,Hordaland,60.076267,5.466533,3,Karmøy til Sotra,
26,2012,11772,Moldøyosen,rensefisk,,,1694,Grøngylt,300,hele lokaliteten,1265,FEDJE,12,Hordaland,60.789734,4.700983,4,Nordhordaland til Stadt,
26,2012,13629,Munkholmen,rensefisk,,,1694,Grøngylt,418,deler av lokaliteten,1146,TYSVÆR,11,Rogaland,59.285484,5.631317,2,Ryfylke,
26,2012,13629,Munkholmen,rensefisk,,,1691,Berggylt,226,deler av lokaliteten,1146,TYSVÆR,11,Rogaland,59.285484,5.631317,2,Ryfylke,
26,2012,10303,Nappeholmane,rensefisk,,,1692,Annen leppefisk,1798,deler av lokaliteten,1219,BØMLO,12,Hordaland,59.74275,5.363817,3,Karmøy til Sotra,
26,2012,14495,Nordeimsøyna,rensefisk,,,1693,Bergnebb,2690,deler av lokaliteten,1141,FINNØY,11,Rogaland,59.28695,5.812483,2,Ryfylke,
26,2012,14495,Nordeimsøyna,rensefisk,,,1691,Berggylt,3400,deler av lokaliteten,1141,FINNØY,11,Rogaland,59.28695,5.812483,2,Ryfylke,
26,2012,13020,Nygård,rensefisk,,,1694,Grøngylt,1000,hele lokaliteten,1242,SAMNANGER,12,Hordaland,60.357666,5.684917,3,Karmøy til Sotra,
26,2012,12383,Omsøyholman,rensefisk,,,1691,Berggylt,4000,deler av lokaliteten,1617,HITRA,16,Sør-Trøndelag,63.63162,8.574817,6,Nordmøre og Sør-Trøndelag,
26,2012,12383,Omsøyholman,rensefisk,,,1694,Grøngylt,1000,deler av lokaliteten,1617,HITRA,16,Sør-Trøndelag,63.63162,8.574817,6,Nordmøre og Sør-Trøndelag,
26,2012,19655,Ospeneset,rensefisk,,,1694,Grøngylt,2900,deler av lokaliteten,1263,LINDÅS,12,Hordaland,60.74523,5.270067,4,Nordhordaland til Stadt,
26,2012,28636,Rataren,rensefisk,,,1691,Berggylt,2436,hele lokaliteten,1620,FRØYA,16,Sør-Trøndelag,63.780792,8.518067,6,Nordmøre og Sør-Trøndelag,
26,2012,28636,Rataren,rensefisk,,,1694,Grøngylt,116,hele lokaliteten,1620,FRØYA,16,Sør-Trøndelag,63.780792,8.518067,6,Nordmøre og Sør-Trøndelag,
26,2012,13867,Raunevågen,rensefisk,,,1693,Bergnebb,25256,deler av lokaliteten,1216,SVEIO,12,Hordaland,59.65798,5.533667,3,Karmøy til Sotra,
26,2012,12126,Rossnes,medikamentell,badebehandling,Cypermethrin,,,,hele lokaliteten,1224,KVINNHERAD,12,Hordaland,59.759167,5.721467,3,Karmøy til Sotra,
26,2012,11770,Rotøy,rensefisk,,,1693,Bergnebb,3000,deler av lokaliteten,1259,ØYGARDEN,12,Hordaland,60.6826,4.759533,4,Nordhordaland til Stadt,
26,2012,12794,Rundklumpen,medikamentell,badebehandling,Azamethiphos,,,,hele lokaliteten,1627,BJUGN,16,Sør-Trøndelag,63.80125,9.607933,6,Nordmøre og Sør-Trøndelag,
26,2012,12794,Rundklumpen,medikamentell,badebehandling,Deltamethrin,,,,hele lokaliteten,1627,BJUGN,16,Sør-Trøndelag,63.80125,9.607933,6,Nordmøre og Sør-Trøndelag,
26,2012,12019,Saltkjelen II,rensefisk,,,1694,Grøngylt,5010,hele lokaliteten,1227,JONDAL,12,Hordaland,60.248016,6.2014,3,Karmøy til Sotra,
26,2012,11856,Salvågvika,rensefisk,,,169520,Rødnebb,137,hele lokaliteten,1004,FLEKKEFJORD,10,Vest-Agder,58.223083,6.635417,1,Svenskegrensen til Jæren,
26,2012,11856,Salvågvika,rensefisk,,,1694,Grøngylt,325,hele lokaliteten,1004,FLEKKEFJORD,10,Vest-Agder,58.223083,6.635417,1,Svenskegrensen til Jæren,
26,2012,11856,Salvågvika,rensefisk,,,1692,Annen leppefisk,220,hele lokaliteten,1004,FLEKKEFJORD,10,Vest-Agder,58.223083,6.635417,1,Svenskegrensen til Jæren,
26,2012,11856,Salvågvika,rensefisk,,,1691,Berggylt,1298,hele lokaliteten,1004,FLEKKEFJORD,10,Vest-Agder,58.223083,6.635417,1,Svenskegrensen til Jæren,
26,2012,12244,Setevika,rensefisk,,,1694,Grøngylt,1630,deler av lokaliteten,1545,MIDSUND,15,Møre og Romsdal,62.728065,6.939283,5,Stadt til Hustadvika,
26,2012,12244,Setevika,rensefisk,,,1693,Bergnebb,333,deler av lokaliteten,1545,MIDSUND,15,Møre og Romsdal,62.728065,6.939283,5,Stadt til Hustadvika,
26,2012,12206,Skarsteinane,medikamentell,badebehandling,Azamethiphos,,,,hele lokaliteten,1519,VOLDA,15,Møre og Romsdal,62.079933,6.113667,5,Stadt til Hustadvika,
26,2012,12066,Skåtavågen,rensefisk,,,1694,Grøngylt,18124,hele lokaliteten,1241,FUSA,12,Hordaland,60.175117,5.589067,3,Karmøy til Sotra,
26,2012,11216,Skjelfjord,medikamentell,badebehandling,Deltamethrin,,,,deler av lokaliteten,1859,FLAKSTAD,18,Nordland,68.018585,13.230733,9,Vestfjorden og Vesterålen,
26,2012,12108,Skorpo Nv,rensefisk,,,1694,Grøngylt,5900,deler av lokaliteten,1224,KVINNHERAD,12,Hordaland,59.950382,5.820483,3,Karmøy til Sotra,
26,2012,13291,Soløya,medikamentell,badebehandling,Deltamethrin,,,,hele lokaliteten,1859,FLAKSTAD,18,Nordland,68.00382,13.182267,9,Vestfjorden og Vesterålen,
26,2012,11492,Storevikholmen,rensefisk,,,1694,Grøngylt,523,deler av lokaliteten,1222,FITJAR,12,Hordaland,59.839584,5.305017,3,Karmøy til Sotra,
26,2012,11492,Storevikholmen,rensefisk,,,1691,Berggylt,715,deler av lokaliteten,1222,FITJAR,12,Hordaland,59.839584,5.305017,3,Karmøy til Sotra,
26,2012,21955,Støylen,medikamentell,badebehandling,Azamethiphos,,,,hele lokaliteten,1519,VOLDA,15,Møre og Romsdal,62.103867,6.077617,5,Stadt til Hustadvika,
26,2012,12081,Straumneset,rensefisk,,,1693,Bergnebb,2000,deler av lokaliteten,1227,JONDAL,12,Hordaland,60.220966,6.139567,3,Karmøy til Sotra,
26,2012,12081,Straumneset,rensefisk,,,1691,Berggylt,3000,deler av lokaliteten,1227,JONDAL,12,Hordaland,60.220966,6.139567,3,Karmøy til Sotra,
26,2012,26235,Stualand,rensefisk,,,1693,Bergnebb,24500,deler av lokaliteten,1216,SVEIO,12,Hordaland,59.60845,5.526917,3,Karmøy til Sotra,
26,2012,22955,Svollandsneset,medikamentell,badebehandling,Deltamethrin,,,,deler av lokaliteten,1160,VINDAFJORD,11,Rogaland,59.684235,5.589717,3,Karmøy til Sotra,
26,2012,25815,Tittelsnes,medikamentell,badebehandling,Deltamethrin,,,,hele lokaliteten,1216,SVEIO,12,Hordaland,59.723484,5.533483,3,Karmøy til Sotra,
26,2012,10054,Tobbeholmane,rensefisk,,,1691,Berggylt,566,deler av lokaliteten,1244,AUSTEVOLL,12,Hordaland,60.0248,5.307383,3,Karmøy til Sotra,
26,2012,10332,Trommo,rensefisk,,,1691,Berggylt,13600,deler av lokaliteten,1224,KVINNHERAD,12,Hordaland,60.08243,6.080067,3,Karmøy til Sotra,
26,2012,10091,Vågsøya,rensefisk,,,1692,Annen leppefisk,525,hele lokaliteten,1401,FLORA,14,Sogn og Fjordane,61.489735,5.023517,4,Nordhordaland til Stadt,
26,2012,13837,Verpeide,medikamentell,badebehandling,Azamethiphos,,,,deler av lokaliteten,1439,VÅGSØY,14,Sogn og Fjordane,61.902954,5.207967,4,Nordhordaland til Stadt,
26,2012,13837,Verpeide,ikke-medikamentell,,,,,,hele lokaliteten,1439,VÅGSØY,14,Sogn og Fjordane,61.902954,5.207967,4,Nordhordaland til Stadt,
26,2012,12885,Vikageilen,medikamentell,badebehandling,Deltamethrin,,,,deler av lokaliteten,1505,KRISTIANSUND,15,Møre og Romsdal,63.075783,7.906067,6,Nordmøre og Sør-Trøndelag,
26,2012,12885,Vikageilen,medikamentell,badebehandling,Deltamethrin,,,,deler av lokaliteten,1505,KRISTIANSUND,15,Møre og Romsdal,63.075783,7.906067,6,Nordmøre og Sør-Trøndelag,
26,2012,12885,Vikageilen,medikamentell,badebehandling,Deltamethrin,,,,deler av lokaliteten,1505,KRISTIANSUND,15,Møre og Romsdal,63.075783,7.906067,6,Nordmøre og Sør-Trøndelag,
25,2012,10331,Åkre,rensefisk,,,1694,Grøngylt,14554,deler av lokaliteten,1224,KVINNHERAD,12,Hordaland,60.112434,6.042483,3,Karmøy til Sotra,
25,2012,10298,Ålforo,rensefisk,,,1694,Grøngylt,2360,deler av lokaliteten,1222,FITJAR,12,Hordaland,59.8659,5.245217,3,Karmøy til Sotra,
25,2012,12086,Alsåkervik,medikamentell,badebehandling,Cypermethrin,,,,hele lokaliteten,1224,KVINNHERAD,12,Hordaland,59.7601,6.074183,3,Karmøy til Sotra,
25,2012,12086,Alsåkervik,medikamentell,badebehandling,Deltamethrin,,,,hele lokaliteten,1224,KVINNHERAD,12,Hordaland,59.7601,6.074183,3,Karmøy til Sotra,
25,2012,12357,Aursøysva,rensefisk,,,1694,Grøngylt,680,hele lokaliteten,1620,FRØYA,16,Sør-Trøndelag,63.80015,8.906083,6,Nordmøre og Sør-Trøndelag,
25,2012,12357,Aursøysva,rensefisk,,,1691,Berggylt,4200,hele lokaliteten,1620,FRØYA,16,Sør-Trøndelag,63.80015,8.906083,6,Nordmøre og Sør-Trøndelag,
25,2012,11574,Breivik S,rensefisk,,,1694,Grøngylt,3000,deler av lokaliteten,1219,BØMLO,12,Hordaland,59.671185,5.31215,3,Karmøy til Sotra,
25,2012,11574,Breivik S,rensefisk,,,1691,Berggylt,1000,deler av lokaliteten,1219,BØMLO,12,Hordaland,59.671185,5.31215,3,Karmøy til Sotra,
25,2012,12237,Brudevika,rensefisk,,,1691,Berggylt,26000,deler av lokaliteten,1511,VANYLVEN,15,Møre og Romsdal,62.116566,5.420717,5,Stadt til Hustadvika,
25,2012,12007,Dale II,medikamentell,badebehandling,Azamethiphos,,,,deler av lokaliteten,1142,RENNESØY,11,Rogaland,59.082565,5.710467,2,Ryfylke,
25,2012,12007,Dale II,medikamentell,badebehandling,Azamethiphos,,,,deler av lokaliteten,1142,RENNESØY,11,Rogaland,59.082565,5.710467,2,Ryfylke,
25,2012,32457,Dalsvåg Nv,medikamentell,badebehandling,Azamethiphos,,,,hele lokaliteten,1149,KARMØY,11,Rogaland,59.410416,5.218033,3,Karmøy til Sotra,
25,2012,20455,Djupevika,rensefisk,,,1693,Bergnebb,5300,deler av lokaliteten,1224,KVINNHERAD,12,Hordaland,60.0406,6.010917,3,Karmøy til Sotra,
25,2012,21415,Dyrholmen,rensefisk,,,1693,Bergnebb,7581,deler av lokaliteten,1141,FINNØY,11,Rogaland,59.285484,5.8583,2,Ryfylke,
25,2012,21415,Dyrholmen,rensefisk,,,1691,Berggylt,4388,deler av lokaliteten,1141,FINNØY,11,Rogaland,59.285484,5.8583,2,Ryfylke,
25,2012,12033,Dysvik,medikamentell,badebehandling,Annet virkestoff,,,,hele lokaliteten,1238,KVAM,12,Hordaland,60.191017,5.967617,3,Karmøy til Sotra,
25,2012,12033,Dysvik,medikamentell,badebehandling,Annet virkestoff,,,,hele lokaliteten,1238,KVAM,12,Hordaland,60.191017,5.967617,3,Karmøy til Sotra,
25,2012,25895,Flornes,rensefisk,,,1694,Grøngylt,18540,deler av lokaliteten,1223,TYSNES,12,Hordaland,59.892982,5.665817,3,Karmøy til Sotra,
25,2012,25895,Flornes,rensefisk,,,1691,Berggylt,1675,deler av lokaliteten,1223,TYSNES,12,Hordaland,59.892982,5.665817,3,Karmøy til Sotra,
25,2012,26335,Geitholmen,medikamentell,badebehandling,Azamethiphos,,,,deler av lokaliteten,1750,VIKNA,17,Nord-Trøndelag,64.79955,11.025933,7,Nord-Trøndelag med Bindal,
25,2012,26335,Geitholmen,medikamentell,badebehandling,Azamethiphos,,,,deler av lokaliteten,1750,VIKNA,17,Nord-Trøndelag,64.79955,11.025933,7,Nord-Trøndelag med Bindal,
25,2012,26335,Geitholmen,medikamentell,badebehandling,Azamethiphos,,,,deler av lokaliteten,1750,VIKNA,17,Nord-Trøndelag,64.79955,11.025933,7,Nord-Trøndelag med Bindal,
25,2012,26335,Geitholmen,medikamentell,badebehandling,Azamethiphos,,,,deler av lokaliteten,1750,VIKNA,17,Nord-Trøndelag,64.79955,11.025933,7,Nord-Trøndelag med Bindal,
25,2012,26335,Geitholmen,medikamentell,badebehandling,Deltamethrin,,,,deler av lokaliteten,1750,VIKNA,17,Nord-Trøndelag,64.79955,11.025933,7,Nord-Trøndelag med Bindal,
25,2012,26335,Geitholmen,medikamentell,badebehandling,Deltamethrin,,,,deler av lokaliteten,1750,VIKNA,17,Nord-Trøndelag,64.79955,11.025933,7,Nord-Trøndelag med Bindal,
25,2012,26335,Geitholmen,medikamentell,badebehandling,Deltamethrin,,,,deler av lokaliteten,1750,VIKNA,17,Nord-Trøndelag,64.79955,11.025933,7,Nord-Trøndelag med Bindal,
25,2012,26335,Geitholmen,medikamentell,badebehandling,Deltamethrin,,,,deler av lokaliteten,1750,VIKNA,17,Nord-Trøndelag,64.79955,11.025933,7,Nord-Trøndelag med Bindal,
25,2012,22095,Hågardsneset,rensefisk,,,1693,Bergnebb,4141,deler av lokaliteten,1224,KVINNHERAD,12,Hordaland,59.983932,5.932317,3,Karmøy til Sotra,
25,2012,22095,Hågardsneset,rensefisk,,,1694,Grøngylt,4000,deler av lokaliteten,1224,KVINNHERAD,12,Hordaland,59.983932,5.932317,3,Karmøy til Sotra,
25,2012,31577,Haneholmen,medikamentell,fôrbehandling,Emamectin benzoat,,,,hele lokaliteten,1445,GLOPPEN,14,Sogn og Fjordane,61.84045,6.10055,4,Nordhordaland til Stadt,
25,2012,12036,Hisdalen,medikamentell,badebehandling,Azamethiphos,,,,hele lokaliteten,1224,KVINNHERAD,12,Hordaland,60.126896,5.932525,3,Karmøy til Sotra,
25,2012,12036,Hisdalen,medikamentell,badebehandling,Deltamethrin,,,,hele lokaliteten,1224,KVINNHERAD,12,Hordaland,60.126896,5.932525,3,Karmøy til Sotra,
25,2012,11571,Holevik,rensefisk,,,1694,Grøngylt,3000,deler av lokaliteten,1219,BØMLO,12,Hordaland,59.776585,5.321817,3,Karmøy til Sotra,
25,2012,11571,Holevik,rensefisk,,,1691,Berggylt,1000,deler av lokaliteten,1219,BØMLO,12,Hordaland,59.776585,5.321817,3,Karmøy til Sotra,
25,2012,19939,Høysteinen,rensefisk,,,1693,Bergnebb,2465,deler av lokaliteten,1224,KVINNHERAD,12,Hordaland,60.15665,6.048633,3,Karmøy til Sotra,
25,2012,31517,Kamholmen,rensefisk,,,1693,Bergnebb,1630,hele lokaliteten,1620,FRØYA,16,Sør-Trøndelag,63.762417,8.882933,6,Nordmøre og Sør-Trøndelag,
25,2012,14042,Kattholmen,rensefisk,,,1694,Grøngylt,533,hele lokaliteten,1620,FRØYA,16,Sør-Trøndelag,63.871017,8.678283,6,Nordmøre og Sør-Trøndelag,
25,2012,14042,Kattholmen,rensefisk,,,1691,Berggylt,5671,hele lokaliteten,1620,FRØYA,16,Sør-Trøndelag,63.871017,8.678283,6,Nordmøre og Sør-Trøndelag,
25,2012,30437,Kattholmen II,rensefisk,,,1691,Berggylt,2316,hele lokaliteten,1620,FRØYA,16,Sør-Trøndelag,63.8661,8.675683,6,Nordmøre og Sør-Trøndelag,
25,2012,13225,Kilaneset,medikamentell,badebehandling,Azamethiphos,,,,hele lokaliteten,1134,SULDAL,11,Rogaland,59.31335,6.2672,2,Ryfylke,
25,2012,10206,Kleven,medikamentell,badebehandling,Azamethiphos,,,,hele lokaliteten,1554,AVERØY,15,Møre og Romsdal,63.069477,7.600808,6,Nordmøre og Sør-Trøndelag,
25,2012,13339,Klungervikneset,rensefisk,,,1692,Annen leppefisk,3806,deler av lokaliteten,1219,BØMLO,12,Hordaland,59.74668,5.3424,3,Karmøy til Sotra,
25,2012,10224,Korsneset,rensefisk,,,1693,Bergnebb,7172,hele lokaliteten,1571,HALSA,15,Møre og Romsdal,63.142735,8.224933,6,Nordmøre og Sør-Trøndelag,
25,2012,32097,Korsneset 2,rensefisk,,,1693,Bergnebb,4780,hele lokaliteten,1571,HALSA,15,Møre og Romsdal,63.1413,8.21335,6,Nordmøre og Sør-Trøndelag,
25,2012,11719,Kråkenes,rensefisk,,,1692,Annen leppefisk,15120,hele lokaliteten,1412,SOLUND,14,Sogn og Fjordane,61.05835,4.921317,4,Nordhordaland til Stadt,
25,2012,24975,Kvernavika,rensefisk,,,1691,Berggylt,600,deler av lokaliteten,1223,TYSNES,12,Hordaland,60.069283,5.351183,3,Karmøy til Sotra,
25,2012,24975,Kvernavika,rensefisk,,,1693,Bergnebb,3000,deler av lokaliteten,1223,TYSNES,12,Hordaland,60.069283,5.351183,3,Karmøy til Sotra,
25,2012,30076,Kyrøyene,medikamentell,badebehandling,Annet virkestoff,,,,deler av lokaliteten,1750,VIKNA,17,Nord-Trøndelag,64.7635,10.807333,7,Nord-Trøndelag med Bindal,
25,2012,10898,Lamholmen,medikamentell,fôrbehandling,Teflubenzuron,,,,deler av lokaliteten,1813,BRØNNØY,18,Nordland,65.47093,12.1338,8,Helgeland til Bodø,
25,2012,10898,Lamholmen,medikamentell,fôrbehandling,Teflubenzuron,,,,deler av lokaliteten,1813,BRØNNØY,18,Nordland,65.47093,12.1338,8,Helgeland til Bodø,
25,2012,11438,Lauplandsholmen,rensefisk,,,1691,Berggylt,1257,deler av lokaliteten,1145,BOKN,11,Rogaland,59.179733,5.472633,2,Ryfylke,
25,2012,13012,Lekangsund,medikamentell,badebehandling,Annet virkestoff,,,,deler av lokaliteten,1927,TRANØY,19,Troms,69.05002,17.2299,10,Andøya til Senja,
25,2012,24937,Nebbo,rensefisk,,,1694,Grøngylt,11200,hele lokaliteten,1224,KVINNHERAD,12,Hordaland,59.87075,5.725017,3,Karmøy til Sotra,
25,2012,13965,Nesbø/Gjeldsvik,medikamentell,fôrbehandling,Diflubenzuron,,,,hele lokaliteten,1263,LINDÅS,12,Hordaland,60.68835,5.4232,4,Nordhordaland til Stadt,
25,2012,14495,Nordeimsøyna,rensefisk,,,1691,Berggylt,3400,deler av lokaliteten,1141,FINNØY,11,Rogaland,59.28695,5.812483,2,Ryfylke,
25,2012,14495,Nordeimsøyna,rensefisk,,,1693,Bergnebb,7200,deler av lokaliteten,1141,FINNØY,11,Rogaland,59.28695,5.812483,2,Ryfylke,
25,2012,12383,Omsøyholman,rensefisk,,,1691,Berggylt,4000,deler av lokaliteten,1617,HITRA,16,Sør-Trøndelag,63.63162,8.574817,6,Nordmøre og Sør-Trøndelag,
25,2012,12383,Omsøyholman,rensefisk,,,1694,Grøngylt,1000,deler av lokaliteten,1617,HITRA,16,Sør-Trøndelag,63.63162,8.574817,6,Nordmøre og Sør-Trøndelag,
25,2012,19875,Or,medikamentell,badebehandling,Annet virkestoff,,,,hele lokaliteten,1505,KRISTIANSUND,15,Møre og Romsdal,63.04209,7.849293,6,Nordmøre og Sør-Trøndelag,
25,2012,12394,Ørnøya,rensefisk,,,1694,Grøngylt,760,hele lokaliteten,1620,FRØYA,16,Sør-Trøndelag,63.761868,8.445183,6,Nordmøre og Sør-Trøndelag,
25,2012,12394,Ørnøya,rensefisk,,,1691,Berggylt,4056,hele lokaliteten,1620,FRØYA,16,Sør-Trøndelag,63.761868,8.445183,6,Nordmøre og Sør-Trøndelag,
25,2012,19655,Ospeneset,medikamentell,fôrbehandling,Diflubenzuron,,,,hele lokaliteten,1263,LINDÅS,12,Hordaland,60.74523,5.270067,4,Nordhordaland til Stadt,
25,2012,13565,Øvreås,medikamentell,badebehandling,Annet virkestoff,,,,hele lokaliteten,1263,LINDÅS,12,Hordaland,60.67298,5.397417,4,Nordhordaland til Stadt,
25,2012,12366,Raskjæret,rensefisk,,,1691,Berggylt,850,hele lokaliteten,1620,FRØYA,16,Sør-Trøndelag,63.7934,8.851846,6,Nordmøre og Sør-Trøndelag,
25,2012,12281,Rogne,medikamentell,badebehandling,Deltamethrin,,,,deler av lokaliteten,1534,HARAM,15,Møre og Romsdal,62.667816,6.357217,5,Stadt til Hustadvika,
25,2012,11856,Salvågvika,rensefisk,,,1691,Berggylt,577,deler av lokaliteten,1004,FLEKKEFJORD,10,Vest-Agder,58.223083,6.635417,1,Svenskegrensen til Jæren,
25,2012,11640,Skorpeosen,medikamentell,badebehandling,Azamethiphos,,,,hele lokaliteten,1246,FJELL,12,Hordaland,60.332535,4.942783,3,Karmøy til Sotra,
25,2012,11640,Skorpeosen,medikamentell,badebehandling,Deltamethrin,,,,hele lokaliteten,1246,FJELL,12,Hordaland,60.332535,4.942783,3,Karmøy til Sotra,
25,2012,12108,Skorpo Nv,rensefisk,,,1694,Grøngylt,3606,deler av lokaliteten,1224,KVINNHERAD,12,Hordaland,59.950382,5.820483,3,Karmøy til Sotra,
25,2012,23055,Storvika V,medikamentell,badebehandling,Annet virkestoff,,,,hele lokaliteten,1926,DYRØY,19,Troms,69.04048,17.367697,10,Andøya til Senja,
25,2012,23055,Storvika V,ikke-medikamentell,,,,,,hele lokaliteten,1926,DYRØY,19,Troms,69.04048,17.367697,10,Andøya til Senja,
25,2012,12081,Straumneset,rensefisk,,,1691,Berggylt,5000,deler av lokaliteten,1227,JONDAL,12,Hordaland,60.220966,6.139567,3,Karmøy til Sotra,
25,2012,13837,Verpeide,medikamentell,badebehandling,Azamethiphos,,,,deler av lokaliteten,1439,VÅGSØY,14,Sogn og Fjordane,61.902954,5.207967,4,Nordhordaland til Stadt,
25,2012,13837,Verpeide,ikke-medikamentell,,,,,,deler av lokaliteten,1439,VÅGSØY,14,Sogn og Fjordane,61.902954,5.207967,4,Nordhordaland til Stadt,
25,2012,13704,Vikane,medikamentell,badebehandling,Azamethiphos,,,,hele lokaliteten,1266,MASFJORDEN,12,Hordaland,60.7125,5.403633,4,Nordhordaland til Stadt,
25,2012,13704,Vikane,medikamentell,badebehandling,Azamethiphos,,,,hele lokaliteten,1266,MASFJORDEN,12,Hordaland,60.7125,5.403633,4,Nordhordaland til Stadt,
24,2012,10331,Åkre,medikamentell,fôrbehandling,Diflubenzuron,,,,deler av lokaliteten,1224,KVINNHERAD,12,Hordaland,60.112434,6.042483,3,Karmøy til Sotra,
24,2012,10298,Ålforo,medikamentell,badebehandling,Azamethiphos,,,,hele lokaliteten,1222,FITJAR,12,Hordaland,59.8659,5.245217,3,Karmøy til Sotra,
24,2012,10319,Ålvora,medikamentell,fôrbehandling,Diflubenzuron,,,,deler av lokaliteten,1401,FLORA,14,Sogn og Fjordane,61.584034,5.133633,4,Nordhordaland til Stadt,
24,2012,10319,Ålvora,medikamentell,fôrbehandling,Diflubenzuron,,,,deler av lokaliteten,1401,FLORA,14,Sogn og Fjordane,61.584034,5.133633,4,Nordhordaland til Stadt,
24,2012,11435,Bryggelandsholmane,medikamentell,badebehandling,Azamethiphos,,,,hele lokaliteten,1106,HAUGESUND,11,Rogaland,59.429016,5.096417,3,Karmøy til Sotra,
24,2012,25655,Buholmen,medikamentell,fôrbehandling,Diflubenzuron,,,,deler av lokaliteten,1160,VINDAFJORD,11,Rogaland,59.562183,5.5555,3,Karmøy til Sotra,
24,2012,32457,Dalsvåg Nv,medikamentell,badebehandling,Azamethiphos,,,,hele lokaliteten,1149,KARMØY,11,Rogaland,59.410416,5.218033,3,Karmøy til Sotra,
24,2012,21415,Dyrholmen,rensefisk,,,1691,Berggylt,360,deler av lokaliteten,1141,FINNØY,11,Rogaland,59.285484,5.8583,2,Ryfylke,
24,2012,11353,Finnstein,medikamentell,badebehandling,Annet virkestoff,,,,hele lokaliteten,1928,TORSKEN,19,Troms,69.32917,17.060183,10,Andøya til Senja,
24,2012,26935,Frovågneset,medikamentell,badebehandling,Deltamethrin,,,,hele lokaliteten,1927,TRANØY,19,Troms,69.06995,17.061447,10,Andøya til Senja,
24,2012,17177,Grunneneset,medikamentell,badebehandling,Azamethiphos,,,,hele lokaliteten,1438,BREMANGER,14,Sogn og Fjordane,61.893116,5.35185,4,Nordhordaland til Stadt,
24,2012,16755,Hageberg,medikamentell,badebehandling,Deltamethrin,,,,hele lokaliteten,1222,FITJAR,12,Hordaland,59.945415,5.431867,3,Karmøy til Sotra,
24,2012,11538,Hillesøy,medikamentell,badebehandling,Deltamethrin,,,,deler av lokaliteten,1219,BØMLO,12,Hordaland,59.81257,5.110083,3,Karmøy til Sotra,
24,2012,19939,Høysteinen,medikamentell,fôrbehandling,Diflubenzuron,,,,deler av lokaliteten,1224,KVINNHERAD,12,Hordaland,60.15665,6.048633,3,Karmøy til Sotra,
24,2012,12599,Indre Skjervøy,medikamentell,fôrbehandling,Emamectin benzoat,,,,hele lokaliteten,1633,OSEN,16,Sør-Trøndelag,64.2858,10.30905,6,Nordmøre og Sør-Trøndelag,
24,2012,12599,Indre Skjervøy,ikke-medikamentell,,,,,,hele lokaliteten,1633,OSEN,16,Sør-Trøndelag,64.2858,10.30905,6,Nordmøre og Sør-Trøndelag,
24,2012,14042,Kattholmen,rensefisk,,,1691,Berggylt,2223,hele lokaliteten,1620,FRØYA,16,Sør-Trøndelag,63.871017,8.678283,6,Nordmøre og Sør-Trøndelag,
24,2012,14042,Kattholmen,rensefisk,,,1694,Grøngylt,230,hele lokaliteten,1620,FRØYA,16,Sør-Trøndelag,63.871017,8.678283,6,Nordmøre og Sør-Trøndelag,
24,2012,30437,Kattholmen II,rensefisk,,,1691,Berggylt,2350,hele lokaliteten,1620,FRØYA,16,Sør-Trøndelag,63.8661,8.675683,6,Nordmøre og Sør-Trøndelag,
24,2012,11201,Kolvikodden Ø,medikamentell,fôrbehandling,Emamectin benzoat,,,,deler av lokaliteten,1860,VESTVÅGØY,18,Nordland,68.088165,13.68965,9,Vestfjorden og Vesterålen,
24,2012,11201,Kolvikodden Ø,medikamentell,fôrbehandling,Emamectin benzoat,,,,deler av lokaliteten,1860,VESTVÅGØY,18,Nordland,68.088165,13.68965,9,Vestfjorden og Vesterålen,
24,2012,11201,Kolvikodden Ø,medikamentell,fôrbehandling,Emamectin benzoat,,,,deler av lokaliteten,1860,VESTVÅGØY,18,Nordland,68.088165,13.68965,9,Vestfjorden og Vesterålen,
24,2012,11201,Kolvikodden Ø,medikamentell,fôrbehandling,Emamectin benzoat,,,,deler av lokaliteten,1860,VESTVÅGØY,18,Nordland,68.088165,13.68965,9,Vestfjorden og Vesterålen,
24,2012,11201,Kolvikodden Ø,medikamentell,fôrbehandling,Emamectin benzoat,,,,deler av lokaliteten,1860,VESTVÅGØY,18,Nordland,68.088165,13.68965,9,Vestfjorden og Vesterålen,
24,2012,32097,Korsneset 2,rensefisk,,,1693,Bergnebb,3100,hele lokaliteten,1571,HALSA,15,Møre og Romsdal,63.1413,8.21335,6,Nordmøre og Sør-Trøndelag,
24,2012,11719,Kråkenes,rensefisk,,,1692,Annen leppefisk,15120,hele lokaliteten,1412,SOLUND,14,Sogn og Fjordane,61.05835,4.921317,4,Nordhordaland til Stadt,
24,2012,18217,Kvaløy Øst,medikamentell,badebehandling,Azamethiphos,,,,hele lokaliteten,1149,KARMØY,11,Rogaland,59.396633,5.171083,3,Karmøy til Sotra,
24,2012,30076,Kyrøyene,medikamentell,badebehandling,Annet virkestoff,,,,deler av lokaliteten,1750,VIKNA,17,Nord-Trøndelag,64.7635,10.807333,7,Nord-Trøndelag med Bindal,
24,2012,13055,Langøyna Ø,medikamentell,fôrbehandling,Diflubenzuron,,,,hele lokaliteten,1146,TYSVÆR,11,Rogaland,59.2983,5.713333,2,Ryfylke,
24,2012,11438,Lauplandsholmen,medikamentell,badebehandling,Azamethiphos,,,,deler av lokaliteten,1145,BOKN,11,Rogaland,59.179733,5.472633,2,Ryfylke,
24,2012,11438,Lauplandsholmen,medikamentell,badebehandling,Azamethiphos,,,,deler av lokaliteten,1145,BOKN,11,Rogaland,59.179733,5.472633,2,Ryfylke,
24,2012,11438,Lauplandsholmen,medikamentell,badebehandling,Azamethiphos,,,,deler av lokaliteten,1145,BOKN,11,Rogaland,59.179733,5.472633,2,Ryfylke,
24,2012,14086,Lelandsholmen,medikamentell,badebehandling,Azamethiphos,,,,hele lokaliteten,1219,BØMLO,12,Hordaland,59.728535,5.153067,3,Karmøy til Sotra,
24,2012,12127,Mælen,medikamentell,badebehandling,Deltamethrin,,,,hele lokaliteten,1224,KVINNHERAD,12,Hordaland,59.69998,5.722917,3,Karmøy til Sotra,
24,2012,22555,Masterholman,rensefisk,,,1691,Berggylt,2563,hele lokaliteten,1632,ROAN,16,Sør-Trøndelag,64.16123,10.0496,6,Nordmøre og Sør-Trøndelag,
24,2012,31037,Masterholman II,rensefisk,,,1691,Berggylt,2568,hele lokaliteten,1632,ROAN,16,Sør-Trøndelag,64.161964,10.036433,6,Nordmøre og Sør-Trøndelag,
24,2012,13629,Munkholmen,medikamentell,badebehandling,Azamethiphos,,,,hele lokaliteten,1146,TYSVÆR,11,Rogaland,59.285484,5.631317,2,Ryfylke,
24,2012,13629,Munkholmen,ikke-medikamentell,,,,,,hele lokaliteten,1146,TYSVÆR,11,Rogaland,59.285484,5.631317,2,Ryfylke,
24,2012,12612,Naustholman,rensefisk,,,1694,Grøngylt,568,hele lokaliteten,1632,ROAN,16,Sør-Trøndelag,64.15945,10.080533,6,Nordmøre og Sør-Trøndelag,
24,2012,12612,Naustholman,rensefisk,,,1691,Berggylt,7707,hele lokaliteten,1632,ROAN,16,Sør-Trøndelag,64.15945,10.080533,6,Nordmøre og Sør-Trøndelag,
24,2012,10149,Rafdal,medikamentell,badebehandling,Deltamethrin,,,,hele lokaliteten,1211,ETNE,12,Hordaland,59.790916,6.176567,3,Karmøy til Sotra,
24,2012,10086,Rekeviki,medikamentell,badebehandling,Azamethiphos,,,,hele lokaliteten,1263,LINDÅS,12,Hordaland,60.7231,5.325451,4,Nordhordaland til Stadt,
24,2012,10086,Rekeviki,medikamentell,badebehandling,Azamethiphos,,,,hele lokaliteten,1263,LINDÅS,12,Hordaland,60.7231,5.325451,4,Nordhordaland til Stadt,
24,2012,10086,Rekeviki,medikamentell,badebehandling,Azamethiphos,,,,hele lokaliteten,1263,LINDÅS,12,Hordaland,60.7231,5.325451,4,Nordhordaland til Stadt,
24,2012,10086,Rekeviki,medikamentell,badebehandling,Azamethiphos,,,,hele lokaliteten,1263,LINDÅS,12,Hordaland,60.7231,5.325451,4,Nordhordaland til Stadt,
24,2012,12281,Rogne,medikamentell,badebehandling,Deltamethrin,,,,deler av lokaliteten,1534,HARAM,15,Møre og Romsdal,62.667816,6.357217,5,Stadt til Hustadvika,
24,2012,30997,Skrubbholmen,medikamentell,badebehandling,Annet virkestoff,,,,hele lokaliteten,1751,NÆRØY,17,Nord-Trøndelag,64.801735,11.162183,7,Nord-Trøndelag med Bindal,
24,2012,11700,Storeneset,medikamentell,badebehandling,Annet virkestoff,,,,hele lokaliteten,1411,GULEN,14,Sogn og Fjordane,60.8763,5.02805,4,Nordhordaland til Stadt,
24,2012,13057,Teigland I,medikamentell,badebehandling,Azamethiphos,,,,hele lokaliteten,1238,KVAM,12,Hordaland,60.17935,5.959917,3,Karmøy til Sotra,
24,2012,10332,Trommo,medikamentell,fôrbehandling,Diflubenzuron,,,,deler av lokaliteten,1224,KVINNHERAD,12,Hordaland,60.08243,6.080067,3,Karmøy til Sotra,
24,2012,10029,Tuholmane Ø,medikamentell,badebehandling,Azamethiphos,,,,hele lokaliteten,1149,KARMØY,11,Rogaland,59.372032,5.20965,3,Karmøy til Sotra,
24,2012,24135,Utåker,medikamentell,badebehandling,Azamethiphos,,,,deler av lokaliteten,1224,KVINNHERAD,12,Hordaland,59.777916,5.900683,3,Karmøy til Sotra,
24,2012,24135,Utåker,medikamentell,badebehandling,Deltamethrin,,,,deler av lokaliteten,1224,KVINNHERAD,12,Hordaland,59.777916,5.900683,3,Karmøy til Sotra,
24,2012,31557,Valøyan,rensefisk,,,1694,Grøngylt,1600,hele lokaliteten,1620,FRØYA,16,Sør-Trøndelag,63.81735,8.462483,6,Nordmøre og Sør-Trøndelag,
24,2012,31557,Valøyan,rensefisk,,,1691,Berggylt,3400,hele lokaliteten,1620,FRØYA,16,Sør-Trøndelag,63.81735,8.462483,6,Nordmøre og Sør-Trøndelag,
24,2012,11545,,medikamentell,badebehandling,Annet virkestoff,,,,hele lokaliteten,,,,,,,,,
23,2012,15196,Aga Ø,medikamentell,badebehandling,Azamethiphos,,,,hele lokaliteten,1219,BØMLO,12,Hordaland,59.8451,5.261367,3,Karmøy til Sotra,
23,2012,10331,Åkre,medikamentell,fôrbehandling,Diflubenzuron,,,,deler av lokaliteten,1224,KVINNHERAD,12,Hordaland,60.112434,6.042483,3,Karmøy til Sotra,
23,2012,10331,Åkre,rensefisk,,,1691,Berggylt,8000,deler av lokaliteten,1224,KVINNHERAD,12,Hordaland,60.112434,6.042483,3,Karmøy til Sotra,
23,2012,10319,Ålvora,medikamentell,fôrbehandling,Diflubenzuron,,,,deler av lokaliteten,1401,FLORA,14,Sogn og Fjordane,61.584034,5.133633,4,Nordhordaland til Stadt,
23,2012,10319,Ålvora,medikamentell,fôrbehandling,Diflubenzuron,,,,deler av lokaliteten,1401,FLORA,14,Sogn og Fjordane,61.584034,5.133633,4,Nordhordaland til Stadt,
23,2012,27556,Beøya,rensefisk,,,1693,Bergnebb,1600,hele lokaliteten,1617,HITRA,16,Sør-Trøndelag,63.663666,8.847783,6,Nordmøre og Sør-Trøndelag,
23,2012,13205,Brattholmen,medikamentell,badebehandling,Azamethiphos,,,,hele lokaliteten,1412,SOLUND,14,Sogn og Fjordane,61.068382,4.713817,4,Nordhordaland til Stadt,
23,2012,12594,Breidvika,medikamentell,badebehandling,Azamethiphos,,,,hele lokaliteten,1633,OSEN,16,Sør-Trøndelag,64.295364,10.397483,6,Nordmøre og Sør-Trøndelag,
23,2012,12594,Breidvika,medikamentell,badebehandling,Deltamethrin,,,,hele lokaliteten,1633,OSEN,16,Sør-Trøndelag,64.295364,10.397483,6,Nordmøre og Sør-Trøndelag,
23,2012,12594,Breidvika,ikke-medikamentell,,,,,,hele lokaliteten,1633,OSEN,16,Sør-Trøndelag,64.295364,10.397483,6,Nordmøre og Sør-Trøndelag,
23,2012,12714,Gjerdinga,medikamentell,badebehandling,Azamethiphos,,,,hele lokaliteten,1751,NÆRØY,17,Nord-Trøndelag,64.94638,11.462217,7,Nord-Trøndelag med Bindal,
23,2012,12714,Gjerdinga,medikamentell,badebehandling,Azamethiphos,,,,hele lokaliteten,1751,NÆRØY,17,Nord-Trøndelag,64.94638,11.462217,7,Nord-Trøndelag med Bindal,
23,2012,12714,Gjerdinga,medikamentell,badebehandling,Azamethiphos,,,,hele lokaliteten,1751,NÆRØY,17,Nord-Trøndelag,64.94638,11.462217,7,Nord-Trøndelag med Bindal,
23,2012,12714,Gjerdinga,medikamentell,badebehandling,Azamethiphos,,,,hele lokaliteten,1751,NÆRØY,17,Nord-Trøndelag,64.94638,11.462217,7,Nord-Trøndelag med Bindal,
23,2012,12714,Gjerdinga,medikamentell,badebehandling,Deltamethrin,,,,hele lokaliteten,1751,NÆRØY,17,Nord-Trøndelag,64.94638,11.462217,7,Nord-Trøndelag med Bindal,
23,2012,12714,Gjerdinga,medikamentell,badebehandling,Deltamethrin,,,,hele lokaliteten,1751,NÆRØY,17,Nord-Trøndelag,64.94638,11.462217,7,Nord-Trøndelag med Bindal,
23,2012,12714,Gjerdinga,medikamentell,badebehandling,Deltamethrin,,,,hele lokaliteten,1751,NÆRØY,17,Nord-Trøndelag,64.94638,11.462217,7,Nord-Trøndelag med Bindal,
23,2012,12714,Gjerdinga,medikamentell,badebehandling,Deltamethrin,,,,hele lokaliteten,1751,NÆRØY,17,Nord-Trøndelag,64.94638,11.462217,7,Nord-Trøndelag med Bindal,
23,2012,17177,Grunneneset,medikamentell,badebehandling,Azamethiphos,,,,hele lokaliteten,1438,BREMANGER,14,Sogn og Fjordane,61.893116,5.35185,4,Nordhordaland til Stadt,
23,2012,24735,Gulholmen,rensefisk,,,1691,Berggylt,19630,deler av lokaliteten,1243,OS I HORDALAND,12,Hordaland,60.1282,5.400467,3,Karmøy til Sotra,
23,2012,12011,Håøya Nø,medikamentell,fôrbehandling,Diflubenzuron,,,,hele lokaliteten,1146,TYSVÆR,11,Rogaland,59.290417,5.6765,2,Ryfylke,
23,2012,26615,Haug,medikamentell,badebehandling,Deltamethrin,,,,hele lokaliteten,1911,KVÆFJORD,19,Troms,68.76693,16.06485,10,Andøya til Senja,
23,2012,24035,Håvikvågen S,medikamentell,fôrbehandling,Diflubenzuron,,,,hele lokaliteten,1241,FUSA,12,Hordaland,60.169834,5.69645,3,Karmøy til Sotra,
23,2012,11538,Hillesøy,medikamentell,badebehandling,Hydrogenperoksid,,,,deler av lokaliteten,1219,BØMLO,12,Hordaland,59.81257,5.110083,3,Karmøy til Sotra,
23,2012,19939,Høysteinen,medikamentell,fôrbehandling,Diflubenzuron,,,,deler av lokaliteten,1224,KVINNHERAD,12,Hordaland,60.15665,6.048633,3,Karmøy til Sotra,
23,2012,19939,Høysteinen,rensefisk,,,1691,Berggylt,7000,deler av lokaliteten,1224,KVINNHERAD,12,Hordaland,60.15665,6.048633,3,Karmøy til Sotra,
23,2012,10240,Ilsøya Ø,rensefisk,,,1694,Grøngylt,800,hele lokaliteten,1617,HITRA,16,Sør-Trøndelag,63.651974,8.88687,6,Nordmøre og Sør-Trøndelag,
23,2012,10240,Ilsøya Ø,rensefisk,,,1693,Bergnebb,3300,hele lokaliteten,1617,HITRA,16,Sør-Trøndelag,63.651974,8.88687,6,Nordmøre og Sør-Trøndelag,
23,2012,12599,Indre Skjervøy,medikamentell,fôrbehandling,Emamectin benzoat,,,,hele lokaliteten,1633,OSEN,16,Sør-Trøndelag,64.2858,10.30905,6,Nordmøre og Sør-Trøndelag,
23,2012,12599,Indre Skjervøy,ikke-medikamentell,,,,,,hele lokaliteten,1633,OSEN,16,Sør-Trøndelag,64.2858,10.30905,6,Nordmøre og Sør-Trøndelag,
23,2012,12599,Indre Skjervøy,rensefisk,,,1694,Grøngylt,5000,deler av lokaliteten,1633,OSEN,16,Sør-Trøndelag,64.2858,10.30905,6,Nordmøre og Sør-Trøndelag,
23,2012,12599,Indre Skjervøy,rensefisk,,,1691,Berggylt,3300,deler av lokaliteten,1633,OSEN,16,Sør-Trøndelag,64.2858,10.30905,6,Nordmøre og Sør-Trøndelag,
23,2012,23136,Karlhovden,medikamentell,badebehandling,Azamethiphos,,,,deler av lokaliteten,1241,FUSA,12,Hordaland,60.257618,5.5877,3,Karmøy til Sotra,
23,2012,10113,Kobbavika,medikamentell,badebehandling,Azamethiphos,,,,hele lokaliteten,1141,FINNØY,11,Rogaland,59.121532,5.926167,2,Ryfylke,
23,2012,10113,Kobbavika,ikke-medikamentell,,,,,,hele lokaliteten,1141,FINNØY,11,Rogaland,59.121532,5.926167,2,Ryfylke,
23,2012,10224,Korsneset,rensefisk,,,1693,Bergnebb,2102,hele lokaliteten,1571,HALSA,15,Møre og Romsdal,63.142735,8.224933,6,Nordmøre og Sør-Trøndelag,
23,2012,10224,Korsneset,rensefisk,,,1691,Berggylt,2130,hele lokaliteten,1571,HALSA,15,Møre og Romsdal,63.142735,8.224933,6,Nordmøre og Sør-Trøndelag,
23,2012,32097,Korsneset 2,rensefisk,,,1691,Berggylt,1856,hele lokaliteten,1571,HALSA,15,Møre og Romsdal,63.1413,8.21335,6,Nordmøre og Sør-Trøndelag,
23,2012,32097,Korsneset 2,rensefisk,,,1693,Bergnebb,704,hele lokaliteten,1571,HALSA,15,Møre og Romsdal,63.1413,8.21335,6,Nordmøre og Sør-Trøndelag,
23,2012,11719,Kråkenes,rensefisk,,,1692,Annen leppefisk,15120,hele lokaliteten,1412,SOLUND,14,Sogn og Fjordane,61.05835,4.921317,4,Nordhordaland til Stadt,
23,2012,11775,Kviteskjeret,medikamentell,badebehandling,Azamethiphos,,,,hele lokaliteten,1428,ASKVOLL,14,Sogn og Fjordane,61.467815,5.2203,4,Nordhordaland til Stadt,
23,2012,13055,Langøyna Ø,medikamentell,fôrbehandling,Diflubenzuron,,,,hele lokaliteten,1146,TYSVÆR,11,Rogaland,59.2983,5.713333,2,Ryfylke,
23,2012,14043,Lybergsvika,medikamentell,badebehandling,Annet virkestoff,,,,deler av lokaliteten,1539,RAUMA,15,Møre og Romsdal,62.641582,7.448583,5,Stadt til Hustadvika,
23,2012,14043,Lybergsvika,medikamentell,badebehandling,Annet virkestoff,,,,deler av lokaliteten,1539,RAUMA,15,Møre og Romsdal,62.641582,7.448583,5,Stadt til Hustadvika,
23,2012,11772,Moldøyosen,medikamentell,badebehandling,Azamethiphos,,,,deler av lokaliteten,1265,FEDJE,12,Hordaland,60.789734,4.700983,4,Nordhordaland til Stadt,
23,2012,15403,Olderøy,medikamentell,badebehandling,Azamethiphos,,,,deler av lokaliteten,1412,SOLUND,14,Sogn og Fjordane,61.103283,4.712233,4,Nordhordaland til Stadt,
23,2012,15403,Olderøy,ikke-medikamentell,,,,,,hele lokaliteten,1412,SOLUND,14,Sogn og Fjordane,61.103283,4.712233,4,Nordhordaland til Stadt,
23,2012,12406,Rauodden,rensefisk,,,1691,Berggylt,2300,hele lokaliteten,1617,HITRA,16,Sør-Trøndelag,63.66516,8.879338,6,Nordmøre og Sør-Trøndelag,
23,2012,11888,Sandvik,medikamentell,badebehandling,Azamethiphos,,,,hele lokaliteten,1134,SULDAL,11,Rogaland,59.31445,6.170917,2,Ryfylke,
23,2012,26738,Skiftesvika,medikamentell,badebehandling,Azamethiphos,,,,hele lokaliteten,1141,FINNØY,11,Rogaland,59.167885,5.920667,2,Ryfylke,
23,2012,26738,Skiftesvika,ikke-medikamentell,,,,,,deler av lokaliteten,1141,FINNØY,11,Rogaland,59.167885,5.920667,2,Ryfylke,
23,2012,20115,Skjerholmen N.,medikamentell,badebehandling,Azamethiphos,,,,deler av lokaliteten,1245,SUND,12,Hordaland,60.2496,5.174017,3,Karmøy til Sotra,
23,2012,20115,Skjerholmen N.,ikke-medikamentell,,,,,,hele lokaliteten,1245,SUND,12,Hordaland,60.2496,5.174017,3,Karmøy til Sotra,
23,2012,28296,Skommesvik,medikamentell,badebehandling,Deltamethrin,,,,hele lokaliteten,1911,KVÆFJORD,19,Troms,68.71632,16.040033,10,Andøya til Senja,
23,2012,31117,Skrubbo,medikamentell,fôrbehandling,Diflubenzuron,,,,hele lokaliteten,1241,FUSA,12,Hordaland,60.15632,5.713217,3,Karmøy til Sotra,
23,2012,13125,Storvika,rensefisk,,,1693,Bergnebb,2291,deler av lokaliteten,1837,MELØY,18,Nordland,66.809135,13.2362,8,Helgeland til Bodø,
23,2012,13125,Storvika,rensefisk,,,2221,Rognkjeks (felles),9970,deler av lokaliteten,1837,MELØY,18,Nordland,66.809135,13.2362,8,Helgeland til Bodø,
23,2012,13196,Syltøy,medikamentell,badebehandling,Azamethiphos,,,,deler av lokaliteten,1245,SUND,12,Hordaland,60.304,4.966767,3,Karmøy til Sotra,
23,2012,13196,Syltøy,medikamentell,badebehandling,Deltamethrin,,,,deler av lokaliteten,1245,SUND,12,Hordaland,60.304,4.966767,3,Karmøy til Sotra,
23,2012,10332,Trommo,medikamentell,fôrbehandling,Diflubenzuron,,,,deler av lokaliteten,1224,KVINNHERAD,12,Hordaland,60.08243,6.080067,3,Karmøy til Sotra,
23,2012,11137,Vassdalsvik,rensefisk,,,1691,Berggylt,996,deler av lokaliteten,1837,MELØY,18,Nordland,66.80803,13.570871,8,Helgeland til Bodø,
23,2012,11137,Vassdalsvik,rensefisk,,,1694,Grøngylt,178,deler av lokaliteten,1837,MELØY,18,Nordland,66.80803,13.570871,8,Helgeland til Bodø,
22,2012,10331,Åkre,medikamentell,fôrbehandling,Diflubenzuron,,,,deler av lokaliteten,1224,KVINNHERAD,12,Hordaland,60.112434,6.042483,3,Karmøy til Sotra,
22,2012,10331,Åkre,rensefisk,,,1691,Berggylt,8000,deler av lokaliteten,1224,KVINNHERAD,12,Hordaland,60.112434,6.042483,3,Karmøy til Sotra,
22,2012,10319,Ålvora,medikamentell,fôrbehandling,Diflubenzuron,,,,deler av lokaliteten,1401,FLORA,14,Sogn og Fjordane,61.584034,5.133633,4,Nordhordaland til Stadt,
22,2012,10319,Ålvora,medikamentell,fôrbehandling,Diflubenzuron,,,,deler av lokaliteten,1401,FLORA,14,Sogn og Fjordane,61.584034,5.133633,4,Nordhordaland til Stadt,
22,2012,12156,Blom,medikamentell,badebehandling,Azamethiphos,,,,deler av lokaliteten,1253,OSTERØY,12,Hordaland,60.436584,5.564833,4,Nordhordaland til Stadt,
22,2012,25655,Buholmen,medikamentell,fôrbehandling,Annet virkestoff,,,,deler av lokaliteten,1160,VINDAFJORD,11,Rogaland,59.562183,5.5555,3,Karmøy til Sotra,
22,2012,12128,Dyrnes,medikamentell,badebehandling,Deltamethrin,,,,hele lokaliteten,1224,KVINNHERAD,12,Hordaland,59.71765,5.72205,3,Karmøy til Sotra,
22,2012,25895,Flornes,medikamentell,fôrbehandling,Diflubenzuron,,,,hele lokaliteten,1223,TYSNES,12,Hordaland,59.892982,5.665817,3,Karmøy til Sotra,
22,2012,10324,Gjerdeviksflua,medikamentell,badebehandling,Azamethiphos,,,,hele lokaliteten,1241,FUSA,12,Hordaland,60.223083,5.641167,3,Karmøy til Sotra,
22,2012,11511,Hattasteinen,medikamentell,badebehandling,Azamethiphos,,,,hele lokaliteten,1219,BØMLO,12,Hordaland,59.626266,5.250717,3,Karmøy til Sotra,
22,2012,30257,Hausan,medikamentell,badebehandling,Azamethiphos,,,,deler av lokaliteten,1612,HEMNE,16,Sør-Trøndelag,63.45855,8.95495,6,Nordmøre og Sør-Trøndelag,
22,2012,30257,Hausan,medikamentell,badebehandling,Azamethiphos,,,,deler av lokaliteten,1612,HEMNE,16,Sør-Trøndelag,63.45855,8.95495,6,Nordmøre og Sør-Trøndelag,
22,2012,30257,Hausan,medikamentell,badebehandling,Azamethiphos,,,,deler av lokaliteten,1612,HEMNE,16,Sør-Trøndelag,63.45855,8.95495,6,Nordmøre og Sør-Trøndelag,
22,2012,30257,Hausan,medikamentell,badebehandling,Deltamethrin,,,,deler av lokaliteten,1612,HEMNE,16,Sør-Trøndelag,63.45855,8.95495,6,Nordmøre og Sør-Trøndelag,
22,2012,30257,Hausan,medikamentell,badebehandling,Deltamethrin,,,,deler av lokaliteten,1612,HEMNE,16,Sør-Trøndelag,63.45855,8.95495,6,Nordmøre og Sør-Trøndelag,
22,2012,30257,Hausan,medikamentell,badebehandling,Deltamethrin,,,,deler av lokaliteten,1612,HEMNE,16,Sør-Trøndelag,63.45855,8.95495,6,Nordmøre og Sør-Trøndelag,
22,2012,24035,Håvikvågen S,medikamentell,fôrbehandling,Diflubenzuron,,,,hele lokaliteten,1241,FUSA,12,Hordaland,60.169834,5.69645,3,Karmøy til Sotra,
22,2012,12871,Hogsnes,medikamentell,badebehandling,Deltamethrin,,,,deler av lokaliteten,1554,AVERØY,15,Møre og Romsdal,63.093033,7.675883,6,Nordmøre og Sør-Trøndelag,
22,2012,12871,Hogsnes,medikamentell,badebehandling,Deltamethrin,,,,deler av lokaliteten,1554,AVERØY,15,Møre og Romsdal,63.093033,7.675883,6,Nordmøre og Sør-Trøndelag,
22,2012,13231,Høylandssund,medikamentell,badebehandling,Deltamethrin,,,,hele lokaliteten,1224,KVINNHERAD,12,Hordaland,59.776268,5.8309,3,Karmøy til Sotra,
22,2012,19939,Høysteinen,medikamentell,fôrbehandling,Diflubenzuron,,,,deler av lokaliteten,1224,KVINNHERAD,12,Hordaland,60.15665,6.048633,3,Karmøy til Sotra,
22,2012,27095,Ihlholmen,medikamentell,badebehandling,Deltamethrin,,,,hele lokaliteten,1160,VINDAFJORD,11,Rogaland,59.7215,5.586633,3,Karmøy til Sotra,
22,2012,11719,Kråkenes,rensefisk,,,1692,Annen leppefisk,9791,hele lokaliteten,1412,SOLUND,14,Sogn og Fjordane,61.05835,4.921317,4,Nordhordaland til Stadt,
22,2012,22775,Kvaløya,medikamentell,badebehandling,Azamethiphos,,,,hele lokaliteten,1750,VIKNA,17,Nord-Trøndelag,65.001915,11.058617,7,Nord-Trøndelag med Bindal,
22,2012,22775,Kvaløya,medikamentell,badebehandling,Azamethiphos,,,,hele lokaliteten,1750,VIKNA,17,Nord-Trøndelag,65.001915,11.058617,7,Nord-Trøndelag med Bindal,
22,2012,22775,Kvaløya,medikamentell,badebehandling,Deltamethrin,,,,hele lokaliteten,1750,VIKNA,17,Nord-Trøndelag,65.001915,11.058617,7,Nord-Trøndelag med Bindal,
22,2012,22775,Kvaløya,medikamentell,badebehandling,Deltamethrin,,,,hele lokaliteten,1750,VIKNA,17,Nord-Trøndelag,65.001915,11.058617,7,Nord-Trøndelag med Bindal,
22,2012,11775,Kviteskjeret,medikamentell,badebehandling,Azamethiphos,,,,hele lokaliteten,1428,ASKVOLL,14,Sogn og Fjordane,61.467815,5.2203,4,Nordhordaland til Stadt,
22,2012,13965,Nesbø/Gjeldsvik,medikamentell,fôrbehandling,Diflubenzuron,,,,hele lokaliteten,1263,LINDÅS,12,Hordaland,60.68835,5.4232,4,Nordhordaland til Stadt,
22,2012,15403,Olderøy,medikamentell,badebehandling,Azamethiphos,,,,deler av lokaliteten,1412,SOLUND,14,Sogn og Fjordane,61.103283,4.712233,4,Nordhordaland til Stadt,
22,2012,15403,Olderøy,ikke-medikamentell,,,,,,deler av lokaliteten,1412,SOLUND,14,Sogn og Fjordane,61.103283,4.712233,4,Nordhordaland til Stadt,
22,2012,10136,Onarøy,medikamentell,fôrbehandling,Diflubenzuron,,,,hele lokaliteten,1223,TYSNES,12,Hordaland,59.95335,5.669683,3,Karmøy til Sotra,
22,2012,10149,Rafdal,ikke-medikamentell,,,,,,deler av lokaliteten,1211,ETNE,12,Hordaland,59.790916,6.176567,3,Karmøy til Sotra,
22,2012,12784,Ringholmen,medikamentell,badebehandling,Deltamethrin,,,,deler av lokaliteten,1613,SNILLFJORD,16,Sør-Trøndelag,63.55982,9.408617,6,Nordmøre og Sør-Trøndelag,
22,2012,12019,Saltkjelen II,medikamentell,badebehandling,Azamethiphos,,,,hele lokaliteten,1227,JONDAL,12,Hordaland,60.248016,6.2014,3,Karmøy til Sotra,
22,2012,31117,Skrubbo,medikamentell,fôrbehandling,Diflubenzuron,,,,hele lokaliteten,1241,FUSA,12,Hordaland,60.15632,5.713217,3,Karmøy til Sotra,
22,2012,12965,Stølsvik Nø,medikamentell,badebehandling,Azamethiphos,,,,hele lokaliteten,1146,TYSVÆR,11,Rogaland,59.405533,5.711667,2,Ryfylke,
22,2012,26235,Stualand,medikamentell,badebehandling,Annet virkestoff,,,,hele lokaliteten,1216,SVEIO,12,Hordaland,59.60845,5.526917,3,Karmøy til Sotra,
22,2012,10332,Trommo,rensefisk,,,1691,Berggylt,14000,deler av lokaliteten,1224,KVINNHERAD,12,Hordaland,60.08243,6.080067,3,Karmøy til Sotra,
22,2012,13704,Vikane,medikamentell,fôrbehandling,Diflubenzuron,,,,hele lokaliteten,1266,MASFJORDEN,12,Hordaland,60.7125,5.403633,4,Nordhordaland til Stadt,
22,2012,27315,Vikane 1,medikamentell,badebehandling,Azamethiphos,,,,hele lokaliteten,1227,JONDAL,12,Hordaland,60.26125,6.225083,3,Karmøy til Sotra,
22,2012,27315,Vikane 1,ikke-medikamentell,,,,,,hele lokaliteten,1227,JONDAL,12,Hordaland,60.26125,6.225083,3,Karmøy til Sotra,
21,2012,10319,Ålvora,medikamentell,fôrbehandling,Diflubenzuron,,,,deler av lokaliteten,1401,FLORA,14,Sogn og Fjordane,61.584034,5.133633,4,Nordhordaland til Stadt,
21,2012,11513,Andal,medikamentell,badebehandling,Azamethiphos,,,,hele lokaliteten,1219,BØMLO,12,Hordaland,59.63655,5.2466,3,Karmøy til Sotra,
21,2012,12659,Digerneset,medikamentell,badebehandling,Azamethiphos,,,,deler av lokaliteten,1751,NÆRØY,17,Nord-Trøndelag,64.786125,11.724225,7,Nord-Trøndelag med Bindal,
21,2012,12659,Digerneset,medikamentell,badebehandling,Cypermethrin,,,,deler av lokaliteten,1751,NÆRØY,17,Nord-Trøndelag,64.786125,11.724225,7,Nord-Trøndelag med Bindal,
21,2012,13229,Djupedalen,medikamentell,badebehandling,Azamethiphos,,,,hele lokaliteten,1241,FUSA,12,Hordaland,60.230865,5.6733,3,Karmøy til Sotra,
21,2012,12109,Ebne,medikamentell,badebehandling,Cypermethrin,,,,hele lokaliteten,1211,ETNE,12,Hordaland,59.712322,5.826833,3,Karmøy til Sotra,
21,2012,25895,Flornes,medikamentell,fôrbehandling,Diflubenzuron,,,,hele lokaliteten,1223,TYSNES,12,Hordaland,59.892982,5.665817,3,Karmøy til Sotra,
21,2012,16755,Hageberg,medikamentell,badebehandling,Azamethiphos,,,,deler av lokaliteten,1222,FITJAR,12,Hordaland,59.945415,5.431867,3,Karmøy til Sotra,
21,2012,12011,Håøya Nø,medikamentell,fôrbehandling,Diflubenzuron,,,,hele lokaliteten,1146,TYSVÆR,11,Rogaland,59.290417,5.6765,2,Ryfylke,
21,2012,18015,Hestabyneset,medikamentell,badebehandling,Azamethiphos,,,,hele lokaliteten,1223,TYSNES,12,Hordaland,59.95785,5.445833,3,Karmøy til Sotra,
21,2012,12035,Hondskår,medikamentell,badebehandling,Azamethiphos,,,,hele lokaliteten,1224,KVINNHERAD,12,Hordaland,60.107334,5.941545,3,Karmøy til Sotra,
21,2012,12035,Hondskår,medikamentell,badebehandling,Deltamethrin,,,,hele lokaliteten,1224,KVINNHERAD,12,Hordaland,60.107334,5.941545,3,Karmøy til Sotra,
21,2012,11719,Kråkenes,rensefisk,,,1692,Annen leppefisk,9791,hele lokaliteten,1412,SOLUND,14,Sogn og Fjordane,61.05835,4.921317,4,Nordhordaland til Stadt,
21,2012,13055,Langøyna Ø,medikamentell,fôrbehandling,Diflubenzuron,,,,hele lokaliteten,1146,TYSVÆR,11,Rogaland,59.2983,5.713333,2,Ryfylke,
21,2012,13876,Litletveitholane,medikamentell,fôrbehandling,Diflubenzuron,,,,hele lokaliteten,1253,OSTERØY,12,Hordaland,60.4792,5.44575,4,Nordhordaland til Stadt,
21,2012,14435,Ljøsøy N,medikamentell,badebehandling,Azamethiphos,,,,hele lokaliteten,1259,ØYGARDEN,12,Hordaland,60.565216,4.878433,4,Nordhordaland til Stadt,
21,2012,14435,Ljøsøy N,medikamentell,badebehandling,Azamethiphos,,,,hele lokaliteten,1259,ØYGARDEN,12,Hordaland,60.565216,4.878433,4,Nordhordaland til Stadt,
21,2012,14435,Ljøsøy N,medikamentell,badebehandling,Azamethiphos,,,,hele lokaliteten,1259,ØYGARDEN,12,Hordaland,60.565216,4.878433,4,Nordhordaland til Stadt,
21,2012,14435,Ljøsøy N,medikamentell,badebehandling,Azamethiphos,,,,hele lokaliteten,1259,ØYGARDEN,12,Hordaland,60.565216,4.878433,4,Nordhordaland til Stadt,
21,2012,28996,Loddetå,medikamentell,badebehandling,Azamethiphos,,,,hele lokaliteten,1216,SVEIO,12,Hordaland,59.691643,5.54298,3,Karmøy til Sotra,
21,2012,12134,Maradalen,medikamentell,badebehandling,Deltamethrin,,,,hele lokaliteten,1224,KVINNHERAD,12,Hordaland,59.76077,5.686767,3,Karmøy til Sotra,
21,2012,10078,Mjånes,medikamentell,badebehandling,Annet virkestoff,,,,hele lokaliteten,1411,GULEN,14,Sogn og Fjordane,60.997734,5.0304,4,Nordhordaland til Stadt,
21,2012,10136,Onarøy,medikamentell,fôrbehandling,Diflubenzuron,,,,hele lokaliteten,1223,TYSNES,12,Hordaland,59.95335,5.669683,3,Karmøy til Sotra,
21,2012,12126,Rossnes,medikamentell,badebehandling,Cypermethrin,,,,hele lokaliteten,1224,KVINNHERAD,12,Hordaland,59.759167,5.721467,3,Karmøy til Sotra,
21,2012,31117,Skrubbo,medikamentell,fôrbehandling,Diflubenzuron,,,,deler av lokaliteten,1241,FUSA,12,Hordaland,60.15632,5.713217,3,Karmøy til Sotra,
21,2012,22955,Svollandsneset,medikamentell,badebehandling,Azamethiphos,,,,hele lokaliteten,1160,VINDAFJORD,11,Rogaland,59.684235,5.589717,3,Karmøy til Sotra,
21,2012,31557,Valøyan,ikke-medikamentell,,,,,,hele lokaliteten,1620,FRØYA,16,Sør-Trøndelag,63.81735,8.462483,6,Nordmøre og Sør-Trøndelag,
21,2012,32337,Veiesund,medikamentell,fôrbehandling,Diflubenzuron,,,,hele lokaliteten,1401,FLORA,14,Sogn og Fjordane,61.572067,5.0466,4,Nordhordaland til Stadt,
21,2012,17495,Vullum,medikamentell,badebehandling,Deltamethrin,,,,deler av lokaliteten,1571,HALSA,15,Møre og Romsdal,63.04895,8.21635,6,Nordmøre og Sør-Trøndelag,
21,2012,17495,Vullum,medikamentell,badebehandling,Deltamethrin,,,,deler av lokaliteten,1571,HALSA,15,Møre og Romsdal,63.04895,8.21635,6,Nordmøre og Sør-Trøndelag,
21,2012,17495,Vullum,medikamentell,badebehandling,Deltamethrin,,,,deler av lokaliteten,1571,HALSA,15,Møre og Romsdal,63.04895,8.21635,6,Nordmøre og Sør-Trøndelag,
21,2012,17495,Vullum,medikamentell,badebehandling,Deltamethrin,,,,deler av lokaliteten,1571,HALSA,15,Møre og Romsdal,63.04895,8.21635,6,Nordmøre og Sør-Trøndelag,
21,2012,17495,Vullum,medikamentell,badebehandling,Deltamethrin,,,,deler av lokaliteten,1571,HALSA,15,Møre og Romsdal,63.04895,8.21635,6,Nordmøre og Sør-Trøndelag,
21,2012,17495,Vullum,medikamentell,badebehandling,Deltamethrin,,,,deler av lokaliteten,1571,HALSA,15,Møre og Romsdal,63.04895,8.21635,6,Nordmøre og Sør-Trøndelag,
20,2012,10319,Ålvora,medikamentell,fôrbehandling,Diflubenzuron,,,,deler av lokaliteten,1401,FLORA,14,Sogn og Fjordane,61.584034,5.133633,4,Nordhordaland til Stadt,
20,2012,22095,Hågardsneset,medikamentell,fôrbehandling,Diflubenzuron,,,,hele lokaliteten,1224,KVINNHERAD,12,Hordaland,59.983932,5.932317,3,Karmøy til Sotra,
20,2012,16755,Hageberg,medikamentell,badebehandling,Azamethiphos,,,,deler av lokaliteten,1222,FITJAR,12,Hordaland,59.945415,5.431867,3,Karmøy til Sotra,
20,2012,11571,Holevik,medikamentell,badebehandling,Azamethiphos,,,,hele lokaliteten,1219,BØMLO,12,Hordaland,59.776585,5.321817,3,Karmøy til Sotra,
20,2012,12599,Indre Skjervøy,medikamentell,badebehandling,Hydrogenperoksid,,,,deler av lokaliteten,1633,OSEN,16,Sør-Trøndelag,64.2858,10.30905,6,Nordmøre og Sør-Trøndelag,
20,2012,12599,Indre Skjervøy,ikke-medikamentell,,,,,,deler av lokaliteten,1633,OSEN,16,Sør-Trøndelag,64.2858,10.30905,6,Nordmøre og Sør-Trøndelag,
20,2012,11719,Kråkenes,rensefisk,,,1692,Annen leppefisk,9940,hele lokaliteten,1412,SOLUND,14,Sogn og Fjordane,61.05835,4.921317,4,Nordhordaland til Stadt,
20,2012,11803,Kyravika,rensefisk,,,1693,Bergnebb,12000,hele lokaliteten,1429,FJALER,14,Sogn og Fjordane,61.316433,5.1563,4,Nordhordaland til Stadt,
20,2012,13876,Litletveitholane,medikamentell,fôrbehandling,Diflubenzuron,,,,hele lokaliteten,1253,OSTERØY,12,Hordaland,60.4792,5.44575,4,Nordhordaland til Stadt,
20,2012,12134,Maradalen,medikamentell,badebehandling,Azamethiphos,,,,hele lokaliteten,1224,KVINNHERAD,12,Hordaland,59.76077,5.686767,3,Karmøy til Sotra,
20,2012,26315,Nordgjæslingan,medikamentell,badebehandling,Azamethiphos,,,,hele lokaliteten,1750,VIKNA,17,Nord-Trøndelag,64.7659,10.9128,7,Nord-Trøndelag med Bindal,
20,2012,26315,Nordgjæslingan,medikamentell,badebehandling,Azamethiphos,,,,hele lokaliteten,1750,VIKNA,17,Nord-Trøndelag,64.7659,10.9128,7,Nord-Trøndelag med Bindal,
20,2012,26315,Nordgjæslingan,medikamentell,badebehandling,Azamethiphos,,,,hele lokaliteten,1750,VIKNA,17,Nord-Trøndelag,64.7659,10.9128,7,Nord-Trøndelag med Bindal,
20,2012,26315,Nordgjæslingan,medikamentell,badebehandling,Deltamethrin,,,,hele lokaliteten,1750,VIKNA,17,Nord-Trøndelag,64.7659,10.9128,7,Nord-Trøndelag med Bindal,
20,2012,26315,Nordgjæslingan,medikamentell,badebehandling,Deltamethrin,,,,hele lokaliteten,1750,VIKNA,17,Nord-Trøndelag,64.7659,10.9128,7,Nord-Trøndelag med Bindal,
20,2012,26315,Nordgjæslingan,medikamentell,badebehandling,Deltamethrin,,,,hele lokaliteten,1750,VIKNA,17,Nord-Trøndelag,64.7659,10.9128,7,Nord-Trøndelag med Bindal,
20,2012,12126,Rossnes,medikamentell,badebehandling,Azamethiphos,,,,hele lokaliteten,1224,KVINNHERAD,12,Hordaland,59.759167,5.721467,3,Karmøy til Sotra,
20,2012,25815,Tittelsnes,medikamentell,badebehandling,Azamethiphos,,,,hele lokaliteten,1216,SVEIO,12,Hordaland,59.723484,5.533483,3,Karmøy til Sotra,
20,2012,10635,Toknebuktneset,medikamentell,badebehandling,Cypermethrin,,,,hele lokaliteten,2017,KVALSUND,20,Finnmark,70.5734,24.074734,12,Vest-Finnmark,
20,2012,31557,Valøyan,ikke-medikamentell,,,,,,hele lokaliteten,1620,FRØYA,16,Sør-Trøndelag,63.81735,8.462483,6,Nordmøre og Sør-Trøndelag,
20,2012,32337,Veiesund,medikamentell,fôrbehandling,Diflubenzuron,,,,hele lokaliteten,1401,FLORA,14,Sogn og Fjordane,61.572067,5.0466,4,Nordhordaland til Stadt,
20,2012,11305,,medikamentell,badebehandling,Annet virkestoff,,,,hele lokaliteten,,,,,,,,,
19,2012,10319,Ålvora,medikamentell,fôrbehandling,Diflubenzuron,,,,deler av lokaliteten,1401,FLORA,14,Sogn og Fjordane,61.584034,5.133633,4,Nordhordaland til Stadt,
19,2012,32017,Ånholmen,medikamentell,badebehandling,Annet virkestoff,,,,hele lokaliteten,1748,FOSNES,17,Nord-Trøndelag,64.7198,11.461683,7,Nord-Trøndelag med Bindal,
19,2012,32017,Ånholmen,medikamentell,badebehandling,Deltamethrin,,,,hele lokaliteten,1748,FOSNES,17,Nord-Trøndelag,64.7198,11.461683,7,Nord-Trøndelag med Bindal,
19,2012,11574,Breivik S,medikamentell,badebehandling,Deltamethrin,,,,hele lokaliteten,1219,BØMLO,12,Hordaland,59.671185,5.31215,3,Karmøy til Sotra,
19,2012,30737,Finnkjerka S,rensefisk,,,2221,Rognkjeks (felles),12000,deler av lokaliteten,1866,HADSEL,18,Nordland,68.33945,15.0358,9,Vestfjorden og Vesterålen,
19,2012,27996,Kalvhodet,medikamentell,badebehandling,Azamethiphos,,,,hele lokaliteten,1865,VÅGAN,18,Nordland,68.338524,15.232217,9,Vestfjorden og Vesterålen,
19,2012,11719,Kråkenes,rensefisk,,,1692,Annen leppefisk,15120,hele lokaliteten,1412,SOLUND,14,Sogn og Fjordane,61.05835,4.921317,4,Nordhordaland til Stadt,
19,2012,14681,Kunakken,medikamentell,badebehandling,Cypermethrin,,,,hele lokaliteten,1865,VÅGAN,18,Nordland,68.30612,15.128479,9,Vestfjorden og Vesterålen,
19,2012,11803,Kyravika,rensefisk,,,1693,Bergnebb,20000,hele lokaliteten,1429,FJALER,14,Sogn og Fjordane,61.316433,5.1563,4,Nordhordaland til Stadt,
19,2012,13876,Litletveitholane,medikamentell,fôrbehandling,Diflubenzuron,,,,hele lokaliteten,1253,OSTERØY,12,Hordaland,60.4792,5.44575,4,Nordhordaland til Stadt,
19,2012,12134,Maradalen,medikamentell,badebehandling,Azamethiphos,,,,hele lokaliteten,1224,KVINNHERAD,12,Hordaland,59.76077,5.686767,3,Karmøy til Sotra,
19,2012,26315,Nordgjæslingan,medikamentell,badebehandling,Azamethiphos,,,,hele lokaliteten,1750,VIKNA,17,Nord-Trøndelag,64.7659,10.9128,7,Nord-Trøndelag med Bindal,
19,2012,26315,Nordgjæslingan,medikamentell,badebehandling,Azamethiphos,,,,hele lokaliteten,1750,VIKNA,17,Nord-Trøndelag,64.7659,10.9128,7,Nord-Trøndelag med Bindal,
19,2012,26315,Nordgjæslingan,medikamentell,badebehandling,Azamethiphos,,,,hele lokaliteten,1750,VIKNA,17,Nord-Trøndelag,64.7659,10.9128,7,Nord-Trøndelag med Bindal,
19,2012,26315,Nordgjæslingan,medikamentell,badebehandling,Deltamethrin,,,,hele lokaliteten,1750,VIKNA,17,Nord-Trøndelag,64.7659,10.9128,7,Nord-Trøndelag med Bindal,
19,2012,26315,Nordgjæslingan,medikamentell,badebehandling,Deltamethrin,,,,hele lokaliteten,1750,VIKNA,17,Nord-Trøndelag,64.7659,10.9128,7,Nord-Trøndelag med Bindal,
19,2012,26315,Nordgjæslingan,medikamentell,badebehandling,Deltamethrin,,,,hele lokaliteten,1750,VIKNA,17,Nord-Trøndelag,64.7659,10.9128,7,Nord-Trøndelag med Bindal,
19,2012,13593,Storfjell,medikamentell,badebehandling,Cypermethrin,,,,hele lokaliteten,1865,VÅGAN,18,Nordland,68.325264,15.2023,9,Vestfjorden og Vesterålen,
19,2012,10635,Toknebuktneset,medikamentell,badebehandling,Cypermethrin,,,,hele lokaliteten,2017,KVALSUND,20,Finnmark,70.5734,24.074734,12,Vest-Finnmark,
18,2012,13765,Breivika,medikamentell,badebehandling,Azamethiphos,,,,hele lokaliteten,1834,LURØY,18,Nordland,66.462074,12.959937,8,Helgeland til Bodø,
18,2012,13765,Breivika,medikamentell,badebehandling,Deltamethrin,,,,hele lokaliteten,1834,LURØY,18,Nordland,66.462074,12.959937,8,Helgeland til Bodø,
18,2012,11087,Bukkøya Ø,medikamentell,badebehandling,Annet virkestoff,,,,deler av lokaliteten,1836,RØDØY,18,Nordland,66.64098,12.994628,8,Helgeland til Bodø,
18,2012,11087,Bukkøya Ø,medikamentell,badebehandling,Annet virkestoff,,,,deler av lokaliteten,1836,RØDØY,18,Nordland,66.64098,12.994628,8,Helgeland til Bodø,
18,2012,11087,Bukkøya Ø,medikamentell,badebehandling,Annet virkestoff,,,,deler av lokaliteten,1836,RØDØY,18,Nordland,66.64098,12.994628,8,Helgeland til Bodø,
18,2012,11087,Bukkøya Ø,medikamentell,badebehandling,Annet virkestoff,,,,deler av lokaliteten,1836,RØDØY,18,Nordland,66.64098,12.994628,8,Helgeland til Bodø,
18,2012,11087,Bukkøya Ø,medikamentell,badebehandling,Annet virkestoff,,,,deler av lokaliteten,1836,RØDØY,18,Nordland,66.64098,12.994628,8,Helgeland til Bodø,
18,2012,12789,Gunnarøya,medikamentell,badebehandling,Azamethiphos,,,,deler av lokaliteten,1613,SNILLFJORD,16,Sør-Trøndelag,63.569485,9.467983,6,Nordmøre og Sør-Trøndelag,
18,2012,12789,Gunnarøya,medikamentell,badebehandling,Azamethiphos,,,,deler av lokaliteten,1613,SNILLFJORD,16,Sør-Trøndelag,63.569485,9.467983,6,Nordmøre og Sør-Trøndelag,
18,2012,12789,Gunnarøya,medikamentell,badebehandling,Azamethiphos,,,,deler av lokaliteten,1613,SNILLFJORD,16,Sør-Trøndelag,63.569485,9.467983,6,Nordmøre og Sør-Trøndelag,
18,2012,12789,Gunnarøya,medikamentell,badebehandling,Deltamethrin,,,,deler av lokaliteten,1613,SNILLFJORD,16,Sør-Trøndelag,63.569485,9.467983,6,Nordmøre og Sør-Trøndelag,
18,2012,12789,Gunnarøya,medikamentell,badebehandling,Deltamethrin,,,,deler av lokaliteten,1613,SNILLFJORD,16,Sør-Trøndelag,63.569485,9.467983,6,Nordmøre og Sør-Trøndelag,
18,2012,12789,Gunnarøya,medikamentell,badebehandling,Deltamethrin,,,,deler av lokaliteten,1613,SNILLFJORD,16,Sør-Trøndelag,63.569485,9.467983,6,Nordmøre og Sør-Trøndelag,
18,2012,10425,Heggvika,medikamentell,badebehandling,Azamethiphos,,,,deler av lokaliteten,1811,BINDAL,18,Nordland,65.12675,12.072433,7,Nord-Trøndelag med Bindal,
18,2012,10425,Heggvika,medikamentell,badebehandling,Azamethiphos,,,,deler av lokaliteten,1811,BINDAL,18,Nordland,65.12675,12.072433,7,Nord-Trøndelag med Bindal,
18,2012,10425,Heggvika,medikamentell,badebehandling,Deltamethrin,,,,deler av lokaliteten,1811,BINDAL,18,Nordland,65.12675,12.072433,7,Nord-Trøndelag med Bindal,
18,2012,10425,Heggvika,medikamentell,badebehandling,Deltamethrin,,,,deler av lokaliteten,1811,BINDAL,18,Nordland,65.12675,12.072433,7,Nord-Trøndelag med Bindal,
18,2012,18936,Igerøy Ø,medikamentell,badebehandling,Annet virkestoff,,,,hele lokaliteten,1815,VEGA,18,Nordland,65.68625,12.138783,8,Helgeland til Bodø,
18,2012,18936,Igerøy Ø,medikamentell,badebehandling,Annet virkestoff,,,,hele lokaliteten,1815,VEGA,18,Nordland,65.68625,12.138783,8,Helgeland til Bodø,
18,2012,11405,Innerbrokløysa,medikamentell,badebehandling,Azamethiphos,,,,hele lokaliteten,1870,SORTLAND,18,Nordland,68.628365,15.47949,9,Vestfjorden og Vesterålen,
18,2012,29436,Juvika,medikamentell,badebehandling,Azamethiphos,,,,hele lokaliteten,1822,LEIRFJORD,18,Nordland,66.11822,12.81435,8,Helgeland til Bodø,
18,2012,29436,Juvika,medikamentell,badebehandling,Deltamethrin,,,,hele lokaliteten,1822,LEIRFJORD,18,Nordland,66.11822,12.81435,8,Helgeland til Bodø,
18,2012,14042,Kattholmen,medikamentell,badebehandling,Annet virkestoff,,,,deler av lokaliteten,1620,FRØYA,16,Sør-Trøndelag,63.871017,8.678283,6,Nordmøre og Sør-Trøndelag,
18,2012,30437,Kattholmen II,medikamentell,badebehandling,Annet virkestoff,,,,hele lokaliteten,1620,FRØYA,16,Sør-Trøndelag,63.8661,8.675683,6,Nordmøre og Sør-Trøndelag,
18,2012,13009,Kjeøya N,medikamentell,badebehandling,Annet virkestoff,,,,hele lokaliteten,1860,VESTVÅGØY,18,Nordland,68.08683,13.585283,9,Vestfjorden og Vesterålen,
18,2012,26135,Kjørsvikgrunn,medikamentell,badebehandling,Azamethiphos,,,,deler av lokaliteten,1612,HEMNE,16,Sør-Trøndelag,63.457565,9.076,6,Nordmøre og Sør-Trøndelag,
18,2012,26135,Kjørsvikgrunn,medikamentell,badebehandling,Deltamethrin,,,,deler av lokaliteten,1612,HEMNE,16,Sør-Trøndelag,63.457565,9.076,6,Nordmøre og Sør-Trøndelag,
18,2012,13339,Klungervikneset,medikamentell,fôrbehandling,Diflubenzuron,,,,hele lokaliteten,1219,BØMLO,12,Hordaland,59.74668,5.3424,3,Karmøy til Sotra,
18,2012,18755,Klungset,medikamentell,badebehandling,Deltamethrin,,,,hele lokaliteten,1751,NÆRØY,17,Nord-Trøndelag,64.75118,11.39645,7,Nord-Trøndelag med Bindal,
18,2012,11719,Kråkenes,rensefisk,,,1692,Annen leppefisk,15120,hele lokaliteten,1412,SOLUND,14,Sogn og Fjordane,61.05835,4.921317,4,Nordhordaland til Stadt,
18,2012,11803,Kyravika,rensefisk,,,1693,Bergnebb,2000,hele lokaliteten,1429,FJALER,14,Sogn og Fjordane,61.316433,5.1563,4,Nordhordaland til Stadt,
18,2012,12380,Langøya/Kvaløya,medikamentell,badebehandling,Annet virkestoff,,,,hele lokaliteten,1620,FRØYA,16,Sør-Trøndelag,63.791096,8.60728,6,Nordmøre og Sør-Trøndelag,
18,2012,14039,Litle Lunnøy,medikamentell,badebehandling,Cypermethrin,,,,hele lokaliteten,1244,AUSTEVOLL,12,Hordaland,60.0199,5.16775,3,Karmøy til Sotra,
18,2012,10303,Nappeholmane,medikamentell,fôrbehandling,Diflubenzuron,,,,hele lokaliteten,1219,BØMLO,12,Hordaland,59.74275,5.363817,3,Karmøy til Sotra,
18,2012,22995,Oldervik,medikamentell,badebehandling,Cypermethrin,,,,hele lokaliteten,1838,GILDESKÅL,18,Nordland,67.07125,14.109804,8,Helgeland til Bodø,
18,2012,10398,Seiskjæra,medikamentell,badebehandling,Azamethiphos,,,,deler av lokaliteten,1630,ÅFJORD,16,Sør-Trøndelag,64.09225,10.115983,6,Nordmøre og Sør-Trøndelag,
18,2012,10961,Skonseng,medikamentell,badebehandling,Annet virkestoff,,,,deler av lokaliteten,1824,VEFSN,18,Nordland,65.80648,12.619767,8,Helgeland til Bodø,
18,2012,10961,Skonseng,medikamentell,badebehandling,Annet virkestoff,,,,deler av lokaliteten,1824,VEFSN,18,Nordland,65.80648,12.619767,8,Helgeland til Bodø,
18,2012,29356,Smineset Nord,medikamentell,badebehandling,Annet virkestoff,,,,deler av lokaliteten,1751,NÆRØY,17,Nord-Trøndelag,64.75597,11.54245,7,Nord-Trøndelag med Bindal,
18,2012,29356,Smineset Nord,medikamentell,badebehandling,Annet virkestoff,,,,deler av lokaliteten,1751,NÆRØY,17,Nord-Trøndelag,64.75597,11.54245,7,Nord-Trøndelag med Bindal,
18,2012,13291,Soløya,medikamentell,badebehandling,Cypermethrin,,,,hele lokaliteten,1859,FLAKSTAD,18,Nordland,68.00382,13.182275,9,Vestfjorden og Vesterålen,
18,2012,28896,Stangholmen,medikamentell,badebehandling,Azamethiphos,,,,hele lokaliteten,1836,RØDØY,18,Nordland,66.61818,12.955187,8,Helgeland til Bodø,
18,2012,28896,Stangholmen,medikamentell,badebehandling,Deltamethrin,,,,hele lokaliteten,1836,RØDØY,18,Nordland,66.61818,12.955187,8,Helgeland til Bodø,
18,2012,11486,Stokkavik,medikamentell,fôrbehandling,Diflubenzuron,,,,hele lokaliteten,1219,BØMLO,12,Hordaland,59.7604,5.341183,3,Karmøy til Sotra,
18,2012,12377,Storbrannøya,medikamentell,badebehandling,Annet virkestoff,,,,hele lokaliteten,1620,FRØYA,16,Sør-Trøndelag,63.67357,8.628067,6,Nordmøre og Sør-Trøndelag,
18,2012,10281,Store Kvalfjord,medikamentell,badebehandling,Deltamethrin,,,,hele lokaliteten,2012,ALTA,20,Finnmark,70.32066,22.89715,12,Vest-Finnmark,
18,2012,31557,Valøyan,ikke-medikamentell,,,,,,hele lokaliteten,1620,FRØYA,16,Sør-Trøndelag,63.81735,8.462483,6,Nordmøre og Sør-Trøndelag,
18,2012,13652,Viknabukta,medikamentell,badebehandling,Azamethiphos,,,,deler av lokaliteten,1253,OSTERØY,12,Hordaland,60.441868,5.51425,4,Nordhordaland til Stadt,
18,2012,13652,Viknabukta,medikamentell,badebehandling,Deltamethrin,,,,deler av lokaliteten,1253,OSTERØY,12,Hordaland,60.441868,5.51425,4,Nordhordaland til Stadt,
18,2012,11252,Vindhammeren,medikamentell,badebehandling,Azamethiphos,,,,hele lokaliteten,1867,BØ I NORDLAND,18,Nordland,68.78075,14.593733,9,Vestfjorden og Vesterålen,
18,2012,31639,,medikamentell,badebehandling,Annet virkestoff,,,,deler av lokaliteten,,,,,,,,,
17,2012,10870,Aunholmen Ø,medikamentell,badebehandling,Annet virkestoff,,,,hele lokaliteten,1816,VEVELSTAD,18,Nordland,65.70697,12.621217,8,Helgeland til Bodø,
17,2012,10870,Aunholmen Ø,medikamentell,badebehandling,Annet virkestoff,,,,hele lokaliteten,1816,VEVELSTAD,18,Nordland,65.70697,12.621217,8,Helgeland til Bodø,
17,2012,13284,Bollhaugen,medikamentell,badebehandling,Azamethiphos,,,,hele lokaliteten,1827,DØNNA,18,Nordland,66.1125,12.4868,8,Helgeland til Bodø,
17,2012,13284,Bollhaugen,medikamentell,badebehandling,Deltamethrin,,,,hele lokaliteten,1827,DØNNA,18,Nordland,66.1125,12.4868,8,Helgeland til Bodø,
17,2012,13284,Bollhaugen,medikamentell,badebehandling,Deltamethrin,,,,hele lokaliteten,1827,DØNNA,18,Nordland,66.1125,12.4868,8,Helgeland til Bodø,
17,2012,20876,Børøya,medikamentell,badebehandling,Azamethiphos,,,,hele lokaliteten,1868,ØKSNES,18,Nordland,68.84385,14.852667,9,Vestfjorden og Vesterålen,
17,2012,11556,Engevik,medikamentell,badebehandling,Annet virkestoff,,,,deler av lokaliteten,1222,FITJAR,12,Hordaland,59.96425,5.379817,3,Karmøy til Sotra,
17,2012,16939,Fornes,medikamentell,badebehandling,Azamethiphos,,,,hele lokaliteten,1851,LØDINGEN,18,Nordland,68.41054,15.435918,9,Vestfjorden og Vesterålen,
17,2012,26335,Geitholmen,medikamentell,badebehandling,Azamethiphos,,,,hele lokaliteten,1750,VIKNA,17,Nord-Trøndelag,64.79955,11.025933,7,Nord-Trøndelag med Bindal,
17,2012,26335,Geitholmen,medikamentell,badebehandling,Azamethiphos,,,,hele lokaliteten,1750,VIKNA,17,Nord-Trøndelag,64.79955,11.025933,7,Nord-Trøndelag med Bindal,
17,2012,26335,Geitholmen,medikamentell,badebehandling,Azamethiphos,,,,hele lokaliteten,1750,VIKNA,17,Nord-Trøndelag,64.79955,11.025933,7,Nord-Trøndelag med Bindal,
17,2012,26335,Geitholmen,medikamentell,badebehandling,Deltamethrin,,,,hele lokaliteten,1750,VIKNA,17,Nord-Trøndelag,64.79955,11.025933,7,Nord-Trøndelag med Bindal,
17,2012,26335,Geitholmen,medikamentell,badebehandling,Deltamethrin,,,,hele lokaliteten,1750,VIKNA,17,Nord-Trøndelag,64.79955,11.025933,7,Nord-Trøndelag med Bindal,
17,2012,26335,Geitholmen,medikamentell,badebehandling,Deltamethrin,,,,hele lokaliteten,1750,VIKNA,17,Nord-Trøndelag,64.79955,11.025933,7,Nord-Trøndelag med Bindal,
17,2012,31577,Haneholmen,ikke-medikamentell,,,,,,hele lokaliteten,1445,GLOPPEN,14,Sogn og Fjordane,61.84045,6.10055,4,Nordhordaland til Stadt,
17,2012,11740,Haverøy,medikamentell,badebehandling,Cypermethrin,,,,hele lokaliteten,1246,FJELL,12,Hordaland,60.404034,4.939267,3,Karmøy til Sotra,
17,2012,11740,Haverøy,ikke-medikamentell,,,,,,hele lokaliteten,1246,FJELL,12,Hordaland,60.404034,4.939267,3,Karmøy til Sotra,
17,2012,14679,Hellfjorden,medikamentell,badebehandling,Azamethiphos,,,,hele lokaliteten,1867,BØ I NORDLAND,18,Nordland,68.66825,14.80025,9,Vestfjorden og Vesterålen,
17,2012,29436,Juvika,medikamentell,badebehandling,Azamethiphos,,,,hele lokaliteten,1822,LEIRFJORD,18,Nordland,66.11822,12.81435,8,Helgeland til Bodø,
17,2012,29436,Juvika,medikamentell,badebehandling,Deltamethrin,,,,hele lokaliteten,1822,LEIRFJORD,18,Nordland,66.11822,12.81435,8,Helgeland til Bodø,
17,2012,13009,Kjeøya N,medikamentell,badebehandling,Annet virkestoff,,,,hele lokaliteten,1860,VESTVÅGØY,18,Nordland,68.08683,13.585283,9,Vestfjorden og Vesterålen,
17,2012,13339,Klungervikneset,medikamentell,fôrbehandling,Diflubenzuron,,,,hele lokaliteten,1219,BØMLO,12,Hordaland,59.74668,5.3424,3,Karmøy til Sotra,
17,2012,18755,Klungset,medikamentell,badebehandling,Azamethiphos,,,,hele lokaliteten,1751,NÆRØY,17,Nord-Trøndelag,64.75118,11.39645,7,Nord-Trøndelag med Bindal,
17,2012,18755,Klungset,medikamentell,badebehandling,Deltamethrin,,,,hele lokaliteten,1751,NÆRØY,17,Nord-Trøndelag,64.75118,11.39645,7,Nord-Trøndelag med Bindal,
17,2012,11719,Kråkenes,rensefisk,,,1692,Annen leppefisk,15120,hele lokaliteten,1412,SOLUND,14,Sogn og Fjordane,61.05835,4.921317,4,Nordhordaland til Stadt,
17,2012,11238,Langøyhovden,medikamentell,badebehandling,Azamethiphos,,,,deler av lokaliteten,1868,ØKSNES,18,Nordland,68.80405,14.8663,9,Vestfjorden og Vesterålen,
17,2012,11238,Langøyhovden,medikamentell,badebehandling,Azamethiphos,,,,deler av lokaliteten,1868,ØKSNES,18,Nordland,68.80405,14.8663,9,Vestfjorden og Vesterålen,
17,2012,12966,Lindvik,ikke-medikamentell,,,,,,deler av lokaliteten,1160,VINDAFJORD,11,Rogaland,59.4752,5.978667,2,Ryfylke,
17,2012,14039,Litle Lunnøy,medikamentell,badebehandling,Cypermethrin,,,,hele lokaliteten,1244,AUSTEVOLL,12,Hordaland,60.0199,5.16775,3,Karmøy til Sotra,
17,2012,10137,Matland,medikamentell,badebehandling,Azamethiphos,,,,hele lokaliteten,1241,FUSA,12,Hordaland,60.264084,5.6591,3,Karmøy til Sotra,
17,2012,10137,Matland,medikamentell,badebehandling,Deltamethrin,,,,hele lokaliteten,1241,FUSA,12,Hordaland,60.264084,5.6591,3,Karmøy til Sotra,
17,2012,10303,Nappeholmane,medikamentell,fôrbehandling,Diflubenzuron,,,,hele lokaliteten,1219,BØMLO,12,Hordaland,59.74275,5.363817,3,Karmøy til Sotra,
17,2012,31697,Oksen,ikke-medikamentell,,,,,,hele lokaliteten,1246,FJELL,12,Hordaland,60.43382,4.9411,3,Karmøy til Sotra,
17,2012,12784,Ringholmen,medikamentell,badebehandling,Azamethiphos,,,,hele lokaliteten,1613,SNILLFJORD,16,Sør-Trøndelag,63.55982,9.408617,6,Nordmøre og Sør-Trøndelag,
17,2012,10327,Skiftesneset S,medikamentell,fôrbehandling,Diflubenzuron,,,,hele lokaliteten,1241,FUSA,12,Hordaland,60.066666,5.7434,3,Karmøy til Sotra,
17,2012,10961,Skonseng,medikamentell,badebehandling,Annet virkestoff,,,,deler av lokaliteten,1824,VEFSN,18,Nordland,65.80648,12.619767,8,Helgeland til Bodø,
17,2012,10961,Skonseng,medikamentell,badebehandling,Annet virkestoff,,,,deler av lokaliteten,1824,VEFSN,18,Nordland,65.80648,12.619767,8,Helgeland til Bodø,
17,2012,26155,Slåttholmen,medikamentell,badebehandling,Azamethiphos,,,,deler av lokaliteten,1612,HEMNE,16,Sør-Trøndelag,63.44779,8.958173,6,Nordmøre og Sør-Trøndelag,
17,2012,26155,Slåttholmen,medikamentell,badebehandling,Azamethiphos,,,,deler av lokaliteten,1612,HEMNE,16,Sør-Trøndelag,63.44779,8.958173,6,Nordmøre og Sør-Trøndelag,
17,2012,20815,Slettvika,medikamentell,badebehandling,Cypermethrin,,,,hele lokaliteten,1520,ØRSTA,15,Møre og Romsdal,62.334,6.157667,5,Stadt til Hustadvika,
17,2012,12712,Slokkholmen Ø,medikamentell,badebehandling,Azamethiphos,,,,hele lokaliteten,1755,LEKA,17,Nord-Trøndelag,65.04093,11.484783,7,Nord-Trøndelag med Bindal,
17,2012,12712,Slokkholmen Ø,medikamentell,badebehandling,Cypermethrin,,,,hele lokaliteten,1755,LEKA,17,Nord-Trøndelag,65.04093,11.484783,7,Nord-Trøndelag med Bindal,
17,2012,13291,Soløya,medikamentell,badebehandling,Cypermethrin,,,,hele lokaliteten,1859,FLAKSTAD,18,Nordland,68.00382,13.182275,9,Vestfjorden og Vesterålen,
17,2012,28896,Stangholmen,medikamentell,badebehandling,Azamethiphos,,,,hele lokaliteten,1836,RØDØY,18,Nordland,66.61818,12.955187,8,Helgeland til Bodø,
17,2012,28896,Stangholmen,medikamentell,badebehandling,Deltamethrin,,,,hele lokaliteten,1836,RØDØY,18,Nordland,66.61818,12.955187,8,Helgeland til Bodø,
17,2012,11486,Stokkavik,medikamentell,fôrbehandling,Diflubenzuron,,,,hele lokaliteten,1219,BØMLO,12,Hordaland,59.7604,5.341183,3,Karmøy til Sotra,
16,2012,11216,Arveneset,rensefisk,,,2221,Rognkjeks (felles),8700,deler av lokaliteten,1859,FLAKSTAD,18,Nordland,68.018585,13.230733,9,Vestfjorden og Vesterålen,
16,2012,11241,Bergvikodden,medikamentell,badebehandling,Azamethiphos,,,,hele lokaliteten,1866,HADSEL,18,Nordland,68.57475,14.850883,9,Vestfjorden og Vesterålen,
16,2012,11435,Bryggelandsholmane,medikamentell,badebehandling,Cypermethrin,,,,hele lokaliteten,1106,HAUGESUND,11,Rogaland,59.429016,5.096417,3,Karmøy til Sotra,
16,2012,10995,Bukkøysundet,medikamentell,badebehandling,Annet virkestoff,,,,deler av lokaliteten,1835,TRÆNA,18,Nordland,66.548035,12.243168,8,Helgeland til Bodø,
16,2012,12267,Byttingsneset,rensefisk,,,1693,Bergnebb,7200,hele lokaliteten,1529,SKODJE,15,Møre og Romsdal,62.4437,6.566017,5,Stadt til Hustadvika,
16,2012,32457,Dalsvåg Nv,medikamentell,badebehandling,Cypermethrin,,,,hele lokaliteten,1149,KARMØY,11,Rogaland,59.410416,5.218033,3,Karmøy til Sotra,
16,2012,10880,Forvik,medikamentell,badebehandling,Annet virkestoff,,,,hele lokaliteten,1816,VEVELSTAD,18,Nordland,65.723236,12.475317,8,Helgeland til Bodø,
16,2012,10880,Forvik,medikamentell,badebehandling,Annet virkestoff,,,,hele lokaliteten,1816,VEVELSTAD,18,Nordland,65.723236,12.475317,8,Helgeland til Bodø,
16,2012,12714,Gjerdinga,medikamentell,badebehandling,Hydrogenperoksid,,,,hele lokaliteten,1751,NÆRØY,17,Nord-Trøndelag,64.94638,11.462217,7,Nord-Trøndelag med Bindal,
16,2012,12714,Gjerdinga,medikamentell,badebehandling,Hydrogenperoksid,,,,hele lokaliteten,1751,NÆRØY,17,Nord-Trøndelag,64.94638,11.462217,7,Nord-Trøndelag med Bindal,
16,2012,11559,Grimsholmen,medikamentell,badebehandling,Annet virkestoff,,,,deler av lokaliteten,1216,SVEIO,12,Hordaland,59.6554,5.403517,3,Karmøy til Sotra,
16,2012,11559,Grimsholmen,medikamentell,badebehandling,Azamethiphos,,,,deler av lokaliteten,1216,SVEIO,12,Hordaland,59.6554,5.403517,3,Karmøy til Sotra,
16,2012,31577,Haneholmen,ikke-medikamentell,,,,,,deler av lokaliteten,1445,GLOPPEN,14,Sogn og Fjordane,61.84045,6.10055,4,Nordhordaland til Stadt,
16,2012,13643,Hjartholm,medikamentell,badebehandling,Deltamethrin,,,,deler av lokaliteten,1411,GULEN,14,Sogn og Fjordane,61.034733,5.329633,4,Nordhordaland til Stadt,
16,2012,25235,Humulen,medikamentell,badebehandling,Annet virkestoff,,,,hele lokaliteten,1750,VIKNA,17,Nord-Trøndelag,64.94607,11.370513,7,Nord-Trøndelag med Bindal,
16,2012,13236,Indre Oppedal,medikamentell,badebehandling,Deltamethrin,,,,hele lokaliteten,1411,GULEN,14,Sogn og Fjordane,61.067,5.564817,4,Nordhordaland til Stadt,
16,2012,13236,Indre Oppedal,ikke-medikamentell,,,,,,hele lokaliteten,1411,GULEN,14,Sogn og Fjordane,61.067,5.564817,4,Nordhordaland til Stadt,
16,2012,12260,Juvika,medikamentell,badebehandling,Azamethiphos,,,,hele lokaliteten,1545,MIDSUND,15,Møre og Romsdal,62.66345,6.696519,5,Stadt til Hustadvika,
16,2012,12260,Juvika,medikamentell,badebehandling,Azamethiphos,,,,hele lokaliteten,1545,MIDSUND,15,Møre og Romsdal,62.66345,6.696519,5,Stadt til Hustadvika,
16,2012,13225,Kilaneset,medikamentell,badebehandling,Deltamethrin,,,,hele lokaliteten,1134,SULDAL,11,Rogaland,59.31335,6.2672,2,Ryfylke,
16,2012,13339,Klungervikneset,medikamentell,fôrbehandling,Diflubenzuron,,,,hele lokaliteten,1219,BØMLO,12,Hordaland,59.74668,5.3424,3,Karmøy til Sotra,
16,2012,13764,Kokvika,medikamentell,badebehandling,Annet virkestoff,,,,deler av lokaliteten,1834,LURØY,18,Nordland,66.413216,12.956833,8,Helgeland til Bodø,
16,2012,13764,Kokvika,medikamentell,badebehandling,Annet virkestoff,,,,deler av lokaliteten,1834,LURØY,18,Nordland,66.413216,12.956833,8,Helgeland til Bodø,
16,2012,11719,Kråkenes,rensefisk,,,1692,Annen leppefisk,15120,hele lokaliteten,1412,SOLUND,14,Sogn og Fjordane,61.05835,4.921317,4,Nordhordaland til Stadt,
16,2012,11803,Kyravika,rensefisk,,,1694,Grøngylt,2000,hele lokaliteten,1429,FJALER,14,Sogn og Fjordane,61.316433,5.1563,4,Nordhordaland til Stadt,
16,2012,11116,Langholmen,medikamentell,badebehandling,Cypermethrin,,,,hele lokaliteten,1838,GILDESKÅL,18,Nordland,67.05639,14.022987,8,Helgeland til Bodø,
16,2012,27075,Lunnøykalven,medikamentell,badebehandling,Azamethiphos,,,,deler av lokaliteten,1244,AUSTEVOLL,12,Hordaland,60.016468,5.12995,3,Karmøy til Sotra,
16,2012,13629,Munkholmen,medikamentell,badebehandling,Deltamethrin,,,,hele lokaliteten,1146,TYSVÆR,11,Rogaland,59.285484,5.631317,2,Ryfylke,
16,2012,13629,Munkholmen,ikke-medikamentell,,,,,,hele lokaliteten,1146,TYSVÆR,11,Rogaland,59.285484,5.631317,2,Ryfylke,
16,2012,10303,Nappeholmane,medikamentell,fôrbehandling,Diflubenzuron,,,,hele lokaliteten,1219,BØMLO,12,Hordaland,59.74275,5.363817,3,Karmøy til Sotra,
16,2012,10181,Oksebåsen V,medikamentell,badebehandling,Azamethiphos,,,,deler av lokaliteten,1532,GISKE,15,Møre og Romsdal,62.5174,6.15805,5,Stadt til Hustadvika,
16,2012,31697,Oksen,medikamentell,badebehandling,Azamethiphos,,,,hele lokaliteten,1246,FJELL,12,Hordaland,60.43382,4.9411,3,Karmøy til Sotra,
16,2012,31697,Oksen,medikamentell,badebehandling,Cypermethrin,,,,hele lokaliteten,1246,FJELL,12,Hordaland,60.43382,4.9411,3,Karmøy til Sotra,
16,2012,31697,Oksen,ikke-medikamentell,,,,,,hele lokaliteten,1246,FJELL,12,Hordaland,60.43382,4.9411,3,Karmøy til Sotra,
16,2012,19655,Ospeneset,medikamentell,badebehandling,Azamethiphos,,,,hele lokaliteten,1263,LINDÅS,12,Hordaland,60.74523,5.270067,4,Nordhordaland til Stadt,
16,2012,19655,Ospeneset,medikamentell,badebehandling,Deltamethrin,,,,hele lokaliteten,1263,LINDÅS,12,Hordaland,60.74523,5.270067,4,Nordhordaland til Stadt,
16,2012,22796,Renga S,medikamentell,badebehandling,Annet virkestoff,,,,deler av lokaliteten,1836,RØDØY,18,Nordland,66.58884,13.094667,8,Helgeland til Bodø,
16,2012,22796,Renga S,medikamentell,badebehandling,Annet virkestoff,,,,deler av lokaliteten,1836,RØDØY,18,Nordland,66.58884,13.094667,8,Helgeland til Bodø,
16,2012,22796,Renga S,medikamentell,badebehandling,Annet virkestoff,,,,deler av lokaliteten,1836,RØDØY,18,Nordland,66.58884,13.094667,8,Helgeland til Bodø,
16,2012,22796,Renga S,medikamentell,badebehandling,Annet virkestoff,,,,deler av lokaliteten,1836,RØDØY,18,Nordland,66.58884,13.094667,8,Helgeland til Bodø,
16,2012,22796,Renga S,medikamentell,badebehandling,Annet virkestoff,,,,deler av lokaliteten,1836,RØDØY,18,Nordland,66.58884,13.094667,8,Helgeland til Bodø,
16,2012,22796,Renga S,medikamentell,badebehandling,Annet virkestoff,,,,deler av lokaliteten,1836,RØDØY,18,Nordland,66.58884,13.094667,8,Helgeland til Bodø,
16,2012,22796,Renga S,medikamentell,badebehandling,Annet virkestoff,,,,deler av lokaliteten,1836,RØDØY,18,Nordland,66.58884,13.094667,8,Helgeland til Bodø,
16,2012,22796,Renga S,medikamentell,badebehandling,Annet virkestoff,,,,deler av lokaliteten,1836,RØDØY,18,Nordland,66.58884,13.094667,8,Helgeland til Bodø,
16,2012,22796,Renga S,medikamentell,badebehandling,Annet virkestoff,,,,deler av lokaliteten,1836,RØDØY,18,Nordland,66.58884,13.094667,8,Helgeland til Bodø,
16,2012,22796,Renga S,medikamentell,badebehandling,Annet virkestoff,,,,deler av lokaliteten,1836,RØDØY,18,Nordland,66.58884,13.094667,8,Helgeland til Bodø,
16,2012,22796,Renga S,medikamentell,badebehandling,Annet virkestoff,,,,deler av lokaliteten,1836,RØDØY,18,Nordland,66.58884,13.094667,8,Helgeland til Bodø,
16,2012,22796,Renga S,medikamentell,badebehandling,Annet virkestoff,,,,deler av lokaliteten,1836,RØDØY,18,Nordland,66.58884,13.094667,8,Helgeland til Bodø,
16,2012,12281,Rogne,medikamentell,badebehandling,Azamethiphos,,,,deler av lokaliteten,1534,HARAM,15,Møre og Romsdal,62.667816,6.357217,5,Stadt til Hustadvika,
16,2012,12794,Rundklumpen,medikamentell,badebehandling,Azamethiphos,,,,hele lokaliteten,1627,BJUGN,16,Sør-Trøndelag,63.80125,9.607933,6,Nordmøre og Sør-Trøndelag,
16,2012,12794,Rundklumpen,medikamentell,badebehandling,Deltamethrin,,,,hele lokaliteten,1627,BJUGN,16,Sør-Trøndelag,63.80125,9.607933,6,Nordmøre og Sør-Trøndelag,
16,2012,13249,Sagelva,medikamentell,badebehandling,Cypermethrin,,,,hele lokaliteten,1520,ØRSTA,15,Møre og Romsdal,62.33795,6.38165,5,Stadt til Hustadvika,
16,2012,13249,Sagelva,ikke-medikamentell,,,,,,hele lokaliteten,1520,ØRSTA,15,Møre og Romsdal,62.33795,6.38165,5,Stadt til Hustadvika,
16,2012,31677,Sandholmane,medikamentell,badebehandling,Azamethiphos,,,,deler av lokaliteten,1546,SANDØY,15,Møre og Romsdal,62.79627,6.66985,5,Stadt til Hustadvika,
16,2012,31677,Sandholmane,medikamentell,badebehandling,Azamethiphos,,,,deler av lokaliteten,1546,SANDØY,15,Møre og Romsdal,62.79627,6.66985,5,Stadt til Hustadvika,
16,2012,13296,Sandnes Ø,medikamentell,badebehandling,Azamethiphos,,,,hele lokaliteten,1866,HADSEL,18,Nordland,68.58237,14.94435,9,Vestfjorden og Vesterålen,
16,2012,11888,Sandvik,medikamentell,badebehandling,Deltamethrin,,,,hele lokaliteten,1134,SULDAL,11,Rogaland,59.31445,6.170917,2,Ryfylke,
16,2012,13243,Sandvika,medikamentell,badebehandling,Cypermethrin,,,,deler av lokaliteten,1519,VOLDA,15,Møre og Romsdal,62.195915,5.904867,5,Stadt til Hustadvika,
16,2012,10327,Skiftesneset S,medikamentell,fôrbehandling,Diflubenzuron,,,,hele lokaliteten,1241,FUSA,12,Hordaland,60.066666,5.7434,3,Karmøy til Sotra,
16,2012,11640,Skorpeosen,medikamentell,badebehandling,Cypermethrin,,,,hele lokaliteten,1246,FJELL,12,Hordaland,60.332535,4.942783,3,Karmøy til Sotra,
16,2012,27436,Solværet,rensefisk,,,1693,Bergnebb,32000,hele lokaliteten,1573,SMØLA,15,Møre og Romsdal,63.255,7.856933,6,Nordmøre og Sør-Trøndelag,
16,2012,28896,Stangholmen,medikamentell,badebehandling,Azamethiphos,,,,hele lokaliteten,1836,RØDØY,18,Nordland,66.61818,12.955187,8,Helgeland til Bodø,
16,2012,28896,Stangholmen,medikamentell,badebehandling,Deltamethrin,,,,hele lokaliteten,1836,RØDØY,18,Nordland,66.61818,12.955187,8,Helgeland til Bodø,
16,2012,11486,Stokkavik,medikamentell,fôrbehandling,Diflubenzuron,,,,hele lokaliteten,1219,BØMLO,12,Hordaland,59.7604,5.341183,3,Karmøy til Sotra,
16,2012,12965,Stølsvik Nø,medikamentell,badebehandling,Cypermethrin,,,,hele lokaliteten,1146,TYSVÆR,11,Rogaland,59.405533,5.711667,2,Ryfylke,
16,2012,12377,Storbrannøya,medikamentell,badebehandling,Annet virkestoff,,,,deler av lokaliteten,1620,FRØYA,16,Sør-Trøndelag,63.67357,8.628067,6,Nordmøre og Sør-Trøndelag,
16,2012,10029,Tuholmane Ø,medikamentell,badebehandling,Cypermethrin,,,,hele lokaliteten,1149,KARMØY,11,Rogaland,59.372032,5.20965,3,Karmøy til Sotra,
16,2012,13246,Voldnes,medikamentell,badebehandling,Cypermethrin,,,,deler av lokaliteten,1515,HERØY I MØRE OG ROMSDAL,15,Møre og Romsdal,62.2097,5.7849,5,Stadt til Hustadvika,
15,2012,32277,Andholmen 1,ikke-medikamentell,,,,,,hele lokaliteten,1573,SMØLA,15,Møre og Romsdal,63.47,7.855,6,Nordmøre og Sør-Trøndelag,
15,2012,32297,Andholmen 2,ikke-medikamentell,,,,,,hele lokaliteten,1573,SMØLA,15,Møre og Romsdal,63.46745,7.847167,6,Nordmøre og Sør-Trøndelag,
15,2012,13254,Aukan,medikamentell,badebehandling,Azamethiphos,,,,hele lokaliteten,1554,AVERØY,15,Møre og Romsdal,63.060387,7.589373,6,Nordmøre og Sør-Trøndelag,
15,2012,11930,Bjelkavik,medikamentell,badebehandling,Cypermethrin,,,,hele lokaliteten,1134,SULDAL,11,Rogaland,59.44718,5.986017,2,Ryfylke,
15,2012,15796,Borgarliflot,medikamentell,badebehandling,Cypermethrin,,,,hele lokaliteten,1134,SULDAL,11,Rogaland,59.388035,5.929283,2,Ryfylke,
15,2012,13841,Brunsvik,medikamentell,badebehandling,Azamethiphos,,,,hele lokaliteten,1439,VÅGSØY,14,Sogn og Fjordane,61.910183,5.29085,4,Nordhordaland til Stadt,
15,2012,32457,Dalsvåg Nv,medikamentell,badebehandling,Cypermethrin,,,,hele lokaliteten,1149,KARMØY,11,Rogaland,59.410416,5.218033,3,Karmøy til Sotra,
15,2012,26035,Dølløyråsa,medikamentell,badebehandling,Annet virkestoff,,,,hele lokaliteten,1749,FLATANGER,17,Nord-Trøndelag,64.53345,10.736397,7,Nord-Trøndelag med Bindal,
15,2012,26035,Dølløyråsa,medikamentell,badebehandling,Azamethiphos,,,,hele lokaliteten,1749,FLATANGER,17,Nord-Trøndelag,64.53345,10.736397,7,Nord-Trøndelag med Bindal,
15,2012,25835,Flatøyflu,medikamentell,badebehandling,Deltamethrin,,,,deler av lokaliteten,1244,AUSTEVOLL,12,Hordaland,60.156433,5.232,3,Karmøy til Sotra,
15,2012,27536,Flatskjæret,medikamentell,badebehandling,Annet virkestoff,,,,deler av lokaliteten,1751,NÆRØY,17,Nord-Trøndelag,64.933876,11.409243,7,Nord-Trøndelag med Bindal,
15,2012,27536,Flatskjæret,medikamentell,badebehandling,Deltamethrin,,,,deler av lokaliteten,1751,NÆRØY,17,Nord-Trøndelag,64.933876,11.409243,7,Nord-Trøndelag med Bindal,
15,2012,11530,Gissøysundet S,medikamentell,badebehandling,Deltamethrin,,,,hele lokaliteten,1219,BØMLO,12,Hordaland,59.62975,5.162633,3,Karmøy til Sotra,
15,2012,24196,Gjelsøya,medikamentell,badebehandling,Annet virkestoff,,,,hele lokaliteten,1617,HITRA,16,Sør-Trøndelag,63.482616,8.280283,6,Nordmøre og Sør-Trøndelag,
15,2012,24196,Gjelsøya,medikamentell,badebehandling,Azamethiphos,,,,hele lokaliteten,1617,HITRA,16,Sør-Trøndelag,63.482616,8.280283,6,Nordmøre og Sør-Trøndelag,
15,2012,13036,Gjengane,medikamentell,badebehandling,Annet virkestoff,,,,deler av lokaliteten,1244,AUSTEVOLL,12,Hordaland,60.071518,5.306383,3,Karmøy til Sotra,
15,2012,13036,Gjengane,medikamentell,badebehandling,Azamethiphos,,,,deler av lokaliteten,1244,AUSTEVOLL,12,Hordaland,60.071518,5.306383,3,Karmøy til Sotra,
15,2012,13036,Gjengane,medikamentell,badebehandling,Azamethiphos,,,,deler av lokaliteten,1244,AUSTEVOLL,12,Hordaland,60.071518,5.306383,3,Karmøy til Sotra,
15,2012,13036,Gjengane,medikamentell,badebehandling,Deltamethrin,,,,deler av lokaliteten,1244,AUSTEVOLL,12,Hordaland,60.071518,5.306383,3,Karmøy til Sotra,
15,2012,12714,Gjerdinga,medikamentell,badebehandling,Hydrogenperoksid,,,,deler av lokaliteten,1751,NÆRØY,17,Nord-Trøndelag,64.94638,11.462217,7,Nord-Trøndelag med Bindal,
15,2012,12714,Gjerdinga,medikamentell,badebehandling,Hydrogenperoksid,,,,deler av lokaliteten,1751,NÆRØY,17,Nord-Trøndelag,64.94638,11.462217,7,Nord-Trøndelag med Bindal,
15,2012,12714,Gjerdinga,medikamentell,badebehandling,Hydrogenperoksid,,,,deler av lokaliteten,1751,NÆRØY,17,Nord-Trøndelag,64.94638,11.462217,7,Nord-Trøndelag med Bindal,
15,2012,12714,Gjerdinga,medikamentell,badebehandling,Hydrogenperoksid,,,,hele lokaliteten,1751,NÆRØY,17,Nord-Trøndelag,64.94638,11.462217,7,Nord-Trøndelag med Bindal,
15,2012,12714,Gjerdinga,medikamentell,badebehandling,Hydrogenperoksid,,,,hele lokaliteten,1751,NÆRØY,17,Nord-Trøndelag,64.94638,11.462217,7,Nord-Trøndelag med Bindal,
15,2012,11559,Grimsholmen,medikamentell,badebehandling,Annet virkestoff,,,,deler av lokaliteten,1216,SVEIO,12,Hordaland,59.6554,5.403517,3,Karmøy til Sotra,
15,2012,11559,Grimsholmen,medikamentell,badebehandling,Azamethiphos,,,,deler av lokaliteten,1216,SVEIO,12,Hordaland,59.6554,5.403517,3,Karmøy til Sotra,
15,2012,31577,Haneholmen,medikamentell,badebehandling,Deltamethrin,,,,deler av lokaliteten,1445,GLOPPEN,14,Sogn og Fjordane,61.84045,6.10055,4,Nordhordaland til Stadt,
15,2012,31577,Haneholmen,ikke-medikamentell,,,,,,deler av lokaliteten,1445,GLOPPEN,14,Sogn og Fjordane,61.84045,6.10055,4,Nordhordaland til Stadt,
15,2012,26955,Hettaneset,medikamentell,badebehandling,Deltamethrin,,,,hele lokaliteten,1160,VINDAFJORD,11,Rogaland,59.458633,5.8491,2,Ryfylke,
15,2012,26955,Hettaneset,ikke-medikamentell,,,,,,hele lokaliteten,1160,VINDAFJORD,11,Rogaland,59.458633,5.8491,2,Ryfylke,
15,2012,12036,Hisdalen,medikamentell,badebehandling,Azamethiphos,,,,hele lokaliteten,1224,KVINNHERAD,12,Hordaland,60.126896,5.932525,3,Karmøy til Sotra,
15,2012,12036,Hisdalen,medikamentell,badebehandling,Azamethiphos,,,,hele lokaliteten,1224,KVINNHERAD,12,Hordaland,60.126896,5.932525,3,Karmøy til Sotra,
15,2012,12036,Hisdalen,medikamentell,badebehandling,Cypermethrin,,,,hele lokaliteten,1224,KVINNHERAD,12,Hordaland,60.126896,5.932525,3,Karmøy til Sotra,
15,2012,12036,Hisdalen,medikamentell,badebehandling,Cypermethrin,,,,hele lokaliteten,1224,KVINNHERAD,12,Hordaland,60.126896,5.932525,3,Karmøy til Sotra,
15,2012,10291,Hiskholmen,medikamentell,badebehandling,Deltamethrin,,,,hele lokaliteten,1219,BØMLO,12,Hordaland,59.72663,5.145617,3,Karmøy til Sotra,
15,2012,30377,Hogsneset Nord,medikamentell,badebehandling,Azamethiphos,,,,hele lokaliteten,1554,AVERØY,15,Møre og Romsdal,63.099518,7.670333,6,Nordmøre og Sør-Trøndelag,
15,2012,11719,Kråkenes,rensefisk,,,1692,Annen leppefisk,15120,hele lokaliteten,1412,SOLUND,14,Sogn og Fjordane,61.05835,4.921317,4,Nordhordaland til Stadt,
15,2012,10041,Kviksholmen,medikamentell,badebehandling,Cypermethrin,,,,hele lokaliteten,1244,AUSTEVOLL,12,Hordaland,60.054317,5.090733,3,Karmøy til Sotra,
15,2012,10041,Kviksholmen,medikamentell,badebehandling,Cypermethrin,,,,hele lokaliteten,1244,AUSTEVOLL,12,Hordaland,60.054317,5.090733,3,Karmøy til Sotra,
15,2012,10041,Kviksholmen,medikamentell,badebehandling,Cypermethrin,,,,hele lokaliteten,1244,AUSTEVOLL,12,Hordaland,60.054317,5.090733,3,Karmøy til Sotra,
15,2012,10041,Kviksholmen,medikamentell,badebehandling,Cypermethrin,,,,hele lokaliteten,1244,AUSTEVOLL,12,Hordaland,60.054317,5.090733,3,Karmøy til Sotra,
15,2012,10041,Kviksholmen,medikamentell,badebehandling,Cypermethrin,,,,hele lokaliteten,1244,AUSTEVOLL,12,Hordaland,60.054317,5.090733,3,Karmøy til Sotra,
15,2012,10041,Kviksholmen,medikamentell,badebehandling,Cypermethrin,,,,hele lokaliteten,1244,AUSTEVOLL,12,Hordaland,60.054317,5.090733,3,Karmøy til Sotra,
15,2012,10041,Kviksholmen,medikamentell,badebehandling,Cypermethrin,,,,hele lokaliteten,1244,AUSTEVOLL,12,Hordaland,60.054317,5.090733,3,Karmøy til Sotra,
15,2012,10041,Kviksholmen,medikamentell,badebehandling,Cypermethrin,,,,hele lokaliteten,1244,AUSTEVOLL,12,Hordaland,60.054317,5.090733,3,Karmøy til Sotra,
15,2012,10041,Kviksholmen,medikamentell,badebehandling,Cypermethrin,,,,hele lokaliteten,1244,AUSTEVOLL,12,Hordaland,60.054317,5.090733,3,Karmøy til Sotra,
15,2012,11803,Kyravika,rensefisk,,,1693,Bergnebb,2000,hele lokaliteten,1429,FJALER,14,Sogn og Fjordane,61.316433,5.1563,4,Nordhordaland til Stadt,
15,2012,14086,Lelandsholmen,medikamentell,badebehandling,Deltamethrin,,,,hele lokaliteten,1219,BØMLO,12,Hordaland,59.728535,5.153067,3,Karmøy til Sotra,
15,2012,27075,Lunnøykalven,medikamentell,badebehandling,Azamethiphos,,,,deler av lokaliteten,1244,AUSTEVOLL,12,Hordaland,60.016468,5.12995,3,Karmøy til Sotra,
15,2012,10292,Lyklingholmen N,medikamentell,badebehandling,Deltamethrin,,,,hele lokaliteten,1219,BØMLO,12,Hordaland,59.714535,5.15405,3,Karmøy til Sotra,
15,2012,12633,Lyrnesset,medikamentell,badebehandling,Annet virkestoff,,,,deler av lokaliteten,1749,FLATANGER,17,Nord-Trøndelag,64.5256,10.748133,7,Nord-Trøndelag med Bindal,
15,2012,12633,Lyrnesset,medikamentell,badebehandling,Azamethiphos,,,,deler av lokaliteten,1749,FLATANGER,17,Nord-Trøndelag,64.5256,10.748133,7,Nord-Trøndelag med Bindal,
15,2012,10137,Matland,medikamentell,fôrbehandling,Diflubenzuron,,,,hele lokaliteten,1241,FUSA,12,Hordaland,60.264084,5.6591,3,Karmøy til Sotra,
15,2012,10181,Oksebåsen V,medikamentell,badebehandling,Azamethiphos,,,,deler av lokaliteten,1532,GISKE,15,Møre og Romsdal,62.5174,6.15805,5,Stadt til Hustadvika,
15,2012,13867,Raunevågen,medikamentell,badebehandling,Annet virkestoff,,,,hele lokaliteten,1216,SVEIO,12,Hordaland,59.65798,5.533667,3,Karmøy til Sotra,
15,2012,13867,Raunevågen,medikamentell,badebehandling,Azamethiphos,,,,hele lokaliteten,1216,SVEIO,12,Hordaland,59.65798,5.533667,3,Karmøy til Sotra,
15,2012,12281,Rogne,medikamentell,badebehandling,Azamethiphos,,,,hele lokaliteten,1534,HARAM,15,Møre og Romsdal,62.667816,6.357217,5,Stadt til Hustadvika,
15,2012,11888,Sandvik,medikamentell,badebehandling,Deltamethrin,,,,hele lokaliteten,1134,SULDAL,11,Rogaland,59.31445,6.170917,2,Ryfylke,
15,2012,20796,Skarbukta,medikamentell,badebehandling,Annet virkestoff,,,,deler av lokaliteten,1539,RAUMA,15,Møre og Romsdal,62.59785,7.367717,5,Stadt til Hustadvika,
15,2012,20796,Skarbukta,medikamentell,badebehandling,Annet virkestoff,,,,deler av lokaliteten,1539,RAUMA,15,Møre og Romsdal,62.59785,7.367717,5,Stadt til Hustadvika,
15,2012,20796,Skarbukta,medikamentell,badebehandling,Annet virkestoff,,,,deler av lokaliteten,1539,RAUMA,15,Møre og Romsdal,62.59785,7.367717,5,Stadt til Hustadvika,
15,2012,12206,Skarsteinane,medikamentell,badebehandling,Cypermethrin,,,,hele lokaliteten,1519,VOLDA,15,Møre og Romsdal,62.079933,6.113667,5,Stadt til Hustadvika,
15,2012,12206,Skarsteinane,ikke-medikamentell,,,,,,hele lokaliteten,1519,VOLDA,15,Møre og Romsdal,62.079933,6.113667,5,Stadt til Hustadvika,
15,2012,31217,Stokkasjøen,medikamentell,badebehandling,Annet virkestoff,,,,hele lokaliteten,1816,VEVELSTAD,18,Nordland,65.78265,12.592067,8,Helgeland til Bodø,
15,2012,31217,Stokkasjøen,medikamentell,badebehandling,Annet virkestoff,,,,hele lokaliteten,1816,VEVELSTAD,18,Nordland,65.78265,12.592067,8,Helgeland til Bodø,
15,2012,10417,Storbukta,medikamentell,badebehandling,Annet virkestoff,,,,hele lokaliteten,1751,NÆRØY,17,Nord-Trøndelag,64.95899,11.611913,7,Nord-Trøndelag med Bindal,
15,2012,10417,Storbukta,medikamentell,badebehandling,Deltamethrin,,,,hele lokaliteten,1751,NÆRØY,17,Nord-Trøndelag,64.95899,11.611913,7,Nord-Trøndelag med Bindal,
15,2012,21955,Støylen,medikamentell,badebehandling,Cypermethrin,,,,hele lokaliteten,1519,VOLDA,15,Møre og Romsdal,62.103867,6.077617,5,Stadt til Hustadvika,
15,2012,21955,Støylen,ikke-medikamentell,,,,,,hele lokaliteten,1519,VOLDA,15,Møre og Romsdal,62.103867,6.077617,5,Stadt til Hustadvika,
15,2012,11144,Svinvær,medikamentell,badebehandling,Annet virkestoff,,,,deler av lokaliteten,1836,RØDØY,18,Nordland,66.76891,13.170903,8,Helgeland til Bodø,
15,2012,11144,Svinvær,medikamentell,badebehandling,Annet virkestoff,,,,deler av lokaliteten,1836,RØDØY,18,Nordland,66.76891,13.170903,8,Helgeland til Bodø,
15,2012,11144,Svinvær,medikamentell,badebehandling,Annet virkestoff,,,,deler av lokaliteten,1836,RØDØY,18,Nordland,66.76891,13.170903,8,Helgeland til Bodø,
15,2012,11144,Svinvær,medikamentell,badebehandling,Annet virkestoff,,,,deler av lokaliteten,1836,RØDØY,18,Nordland,66.76891,13.170903,8,Helgeland til Bodø,
15,2012,11144,Svinvær,medikamentell,badebehandling,Annet virkestoff,,,,deler av lokaliteten,1836,RØDØY,18,Nordland,66.76891,13.170903,8,Helgeland til Bodø,
15,2012,10029,Tuholmane Ø,medikamentell,badebehandling,Cypermethrin,,,,hele lokaliteten,1149,KARMØY,11,Rogaland,59.372032,5.20965,3,Karmøy til Sotra,
15,2012,10091,Vågsøya,medikamentell,badebehandling,Cypermethrin,,,,hele lokaliteten,1401,FLORA,14,Sogn og Fjordane,61.489735,5.023517,4,Nordhordaland til Stadt,
14,2012,13254,Aukan,medikamentell,badebehandling,Azamethiphos,,,,deler av lokaliteten,1554,AVERØY,15,Møre og Romsdal,63.060387,7.589373,6,Nordmøre og Sør-Trøndelag,
14,2012,11800,Austeneståa,medikamentell,fôrbehandling,Emamectin benzoat,,,,deler av lokaliteten,1401,FLORA,14,Sogn og Fjordane,61.490917,5.165683,4,Nordhordaland til Stadt,
14,2012,22035,Buktodden Nø,medikamentell,badebehandling,Annet virkestoff,,,,deler av lokaliteten,1833,RANA,18,Nordland,66.30838,13.4324,8,Helgeland til Bodø,
14,2012,13711,Dyvika,medikamentell,badebehandling,Deltamethrin,,,,hele lokaliteten,1428,ASKVOLL,14,Sogn og Fjordane,61.478584,5.375967,4,Nordhordaland til Stadt,
14,2012,11556,Engevik,medikamentell,badebehandling,Annet virkestoff,,,,deler av lokaliteten,1222,FITJAR,12,Hordaland,59.96425,5.379817,3,Karmøy til Sotra,
14,2012,11556,Engevik,medikamentell,badebehandling,Azamethiphos,,,,deler av lokaliteten,1222,FITJAR,12,Hordaland,59.96425,5.379817,3,Karmøy til Sotra,
14,2012,25835,Flatøyflu,medikamentell,fôrbehandling,Annet virkestoff,,,,deler av lokaliteten,1244,AUSTEVOLL,12,Hordaland,60.156433,5.232,3,Karmøy til Sotra,
14,2012,25835,Flatøyflu,medikamentell,badebehandling,Deltamethrin,,,,deler av lokaliteten,1244,AUSTEVOLL,12,Hordaland,60.156433,5.232,3,Karmøy til Sotra,
14,2012,11736,Fureholmen S,medikamentell,badebehandling,Deltamethrin,,,,hele lokaliteten,1412,SOLUND,14,Sogn og Fjordane,61.05705,4.866133,4,Nordhordaland til Stadt,
14,2012,24196,Gjelsøya,ikke-medikamentell,,,,,,hele lokaliteten,1617,HITRA,16,Sør-Trøndelag,63.482616,8.280283,6,Nordmøre og Sør-Trøndelag,
14,2012,13852,Gjermundnes,medikamentell,badebehandling,Annet virkestoff,,,,deler av lokaliteten,1535,VESTNES,15,Møre og Romsdal,62.6275,7.192817,5,Stadt til Hustadvika,
14,2012,11783,Hella,medikamentell,badebehandling,Deltamethrin,,,,hele lokaliteten,1428,ASKVOLL,14,Sogn og Fjordane,61.405834,5.0795,4,Nordhordaland til Stadt,
14,2012,11538,Hillesøy,medikamentell,badebehandling,Hydrogenperoksid,,,,hele lokaliteten,1219,BØMLO,12,Hordaland,59.81257,5.110083,3,Karmøy til Sotra,
14,2012,12871,Hogsnes,medikamentell,badebehandling,Azamethiphos,,,,deler av lokaliteten,1554,AVERØY,15,Møre og Romsdal,63.093033,7.675883,6,Nordmøre og Sør-Trøndelag,
14,2012,12871,Hogsnes,medikamentell,badebehandling,Azamethiphos,,,,deler av lokaliteten,1554,AVERØY,15,Møre og Romsdal,63.093033,7.675883,6,Nordmøre og Sør-Trøndelag,
14,2012,12871,Hogsnes,medikamentell,badebehandling,Azamethiphos,,,,deler av lokaliteten,1554,AVERØY,15,Møre og Romsdal,63.093033,7.675883,6,Nordmøre og Sør-Trøndelag,
14,2012,10876,Istervika,medikamentell,badebehandling,Hydrogenperoksid,,,,deler av lokaliteten,1813,BRØNNØY,18,Nordland,65.4478,12.558083,8,Helgeland til Bodø,
14,2012,11719,Kråkenes,medikamentell,badebehandling,Deltamethrin,,,,hele lokaliteten,1412,SOLUND,14,Sogn og Fjordane,61.05835,4.921317,4,Nordhordaland til Stadt,
14,2012,11719,Kråkenes,rensefisk,,,1692,Annen leppefisk,15120,hele lokaliteten,1412,SOLUND,14,Sogn og Fjordane,61.05835,4.921317,4,Nordhordaland til Stadt,
14,2012,11791,Langeråa,medikamentell,badebehandling,Deltamethrin,,,,deler av lokaliteten,1401,FLORA,14,Sogn og Fjordane,61.6319,4.863433,4,Nordhordaland til Stadt,
14,2012,10137,Matland,medikamentell,fôrbehandling,Diflubenzuron,,,,hele lokaliteten,1241,FUSA,12,Hordaland,60.264084,5.6591,3,Karmøy til Sotra,
14,2012,10181,Oksebåsen V,medikamentell,badebehandling,Azamethiphos,,,,deler av lokaliteten,1532,GISKE,15,Møre og Romsdal,62.5174,6.15805,5,Stadt til Hustadvika,
14,2012,29276,Rongøy,medikamentell,badebehandling,Deltamethrin,,,,deler av lokaliteten,1259,ØYGARDEN,12,Hordaland,60.509468,4.9314,4,Nordhordaland til Stadt,
14,2012,29276,Rongøy,medikamentell,badebehandling,Deltamethrin,,,,deler av lokaliteten,1259,ØYGARDEN,12,Hordaland,60.509468,4.9314,4,Nordhordaland til Stadt,
14,2012,12003,Rossholmen N,medikamentell,badebehandling,Deltamethrin,,,,hele lokaliteten,1142,RENNESØY,11,Rogaland,59.0638,5.72245,2,Ryfylke,
14,2012,12192,Skorva,medikamentell,badebehandling,Cypermethrin,,,,deler av lokaliteten,1428,ASKVOLL,14,Sogn og Fjordane,61.467117,5.3136,4,Nordhordaland til Stadt,
14,2012,11596,Ståløy,medikamentell,badebehandling,Azamethiphos,,,,hele lokaliteten,1244,AUSTEVOLL,12,Hordaland,60.088615,5.1734,3,Karmøy til Sotra,
14,2012,11525,Stille S,medikamentell,badebehandling,Cypermethrin,,,,deler av lokaliteten,1244,AUSTEVOLL,12,Hordaland,60.08255,5.1457,3,Karmøy til Sotra,
14,2012,20776,Storoksen,medikamentell,badebehandling,Azamethiphos,,,,deler av lokaliteten,1247,ASKØY,12,Hordaland,60.530884,4.97325,4,Nordhordaland til Stadt,
14,2012,20776,Storoksen,medikamentell,badebehandling,Deltamethrin,,,,deler av lokaliteten,1247,ASKØY,12,Hordaland,60.530884,4.97325,4,Nordhordaland til Stadt,
14,2012,20776,Storoksen,medikamentell,badebehandling,Deltamethrin,,,,deler av lokaliteten,1247,ASKØY,12,Hordaland,60.530884,4.97325,4,Nordhordaland til Stadt,
14,2012,13566,Storskrebukti,medikamentell,badebehandling,Azamethiphos,,,,deler av lokaliteten,1263,LINDÅS,12,Hordaland,60.6529,5.419683,4,Nordhordaland til Stadt,
14,2012,26235,Stualand,medikamentell,badebehandling,Annet virkestoff,,,,deler av lokaliteten,1216,SVEIO,12,Hordaland,59.60845,5.526917,3,Karmøy til Sotra,
14,2012,26235,Stualand,medikamentell,badebehandling,Azamethiphos,,,,deler av lokaliteten,1216,SVEIO,12,Hordaland,59.60845,5.526917,3,Karmøy til Sotra,
14,2012,11813,Svinøy V,medikamentell,badebehandling,Deltamethrin,,,,hele lokaliteten,1429,FJALER,14,Sogn og Fjordane,61.3034,5.101717,4,Nordhordaland til Stadt,
14,2012,32337,Veiesund,medikamentell,badebehandling,Deltamethrin,,,,deler av lokaliteten,1401,FLORA,14,Sogn og Fjordane,61.572067,5.0466,4,Nordhordaland til Stadt,
14,2012,11925,Vintraviki,medikamentell,badebehandling,Cypermethrin,,,,hele lokaliteten,1134,SULDAL,11,Rogaland,59.399384,6.020533,2,Ryfylke,
13,2012,15196,Aga Ø,medikamentell,badebehandling,Deltamethrin,,,,hele lokaliteten,1219,BØMLO,12,Hordaland,59.8451,5.261367,3,Karmøy til Sotra,
13,2012,10298,Ålforo,medikamentell,badebehandling,Annet virkestoff,,,,hele lokaliteten,1222,FITJAR,12,Hordaland,59.8659,5.245217,3,Karmøy til Sotra,
13,2012,13227,Altaneset,medikamentell,badebehandling,Azamethiphos,,,,hele lokaliteten,1241,FUSA,12,Hordaland,60.247116,5.63475,3,Karmøy til Sotra,
13,2012,13227,Altaneset,medikamentell,badebehandling,Deltamethrin,,,,hele lokaliteten,1241,FUSA,12,Hordaland,60.247116,5.63475,3,Karmøy til Sotra,
13,2012,13563,Angelskår,medikamentell,badebehandling,Annet virkestoff,,,,hele lokaliteten,1253,OSTERØY,12,Hordaland,60.525784,5.357133,4,Nordhordaland til Stadt,
13,2012,13563,Angelskår,medikamentell,badebehandling,Azamethiphos,,,,hele lokaliteten,1253,OSTERØY,12,Hordaland,60.525784,5.357133,4,Nordhordaland til Stadt,
13,2012,11800,Austeneståa,medikamentell,fôrbehandling,Emamectin benzoat,,,,hele lokaliteten,1401,FLORA,14,Sogn og Fjordane,61.490917,5.165683,4,Nordhordaland til Stadt,
13,2012,12095,Bergadalen,medikamentell,badebehandling,Annet virkestoff,,,,deler av lokaliteten,1238,KVAM,12,Hordaland,60.1216,5.908883,3,Karmøy til Sotra,
13,2012,13209,Bognøy,medikamentell,badebehandling,Azamethiphos,,,,hele lokaliteten,1260,RADØY,12,Hordaland,60.60407,5.076983,4,Nordhordaland til Stadt,
13,2012,13209,Bognøy,medikamentell,badebehandling,Deltamethrin,,,,hele lokaliteten,1260,RADØY,12,Hordaland,60.60407,5.076983,4,Nordhordaland til Stadt,
13,2012,11488,Brattavika,medikamentell,badebehandling,Deltamethrin,,,,deler av lokaliteten,1244,AUSTEVOLL,12,Hordaland,60.045433,5.301117,3,Karmøy til Sotra,
13,2012,22035,Buktodden Nø,medikamentell,badebehandling,Annet virkestoff,,,,deler av lokaliteten,1833,RANA,18,Nordland,66.30838,13.4324,8,Helgeland til Bodø,
13,2012,13229,Djupedalen,medikamentell,badebehandling,Azamethiphos,,,,hele lokaliteten,1241,FUSA,12,Hordaland,60.230865,5.6733,3,Karmøy til Sotra,
13,2012,13229,Djupedalen,medikamentell,badebehandling,Deltamethrin,,,,hele lokaliteten,1241,FUSA,12,Hordaland,60.230865,5.6733,3,Karmøy til Sotra,
13,2012,10110,Djupevik,medikamentell,badebehandling,Deltamethrin,,,,hele lokaliteten,1141,FINNØY,11,Rogaland,59.14955,5.863017,2,Ryfylke,
13,2012,31717,Gjerset Vest,medikamentell,badebehandling,Annet virkestoff,,,,deler av lokaliteten,1534,HARAM,15,Møre og Romsdal,62.5305,6.428583,5,Stadt til Hustadvika,
13,2012,31717,Gjerset Vest,medikamentell,badebehandling,Annet virkestoff,,,,deler av lokaliteten,1534,HARAM,15,Møre og Romsdal,62.5305,6.428583,5,Stadt til Hustadvika,
13,2012,11657,Gråvika,medikamentell,badebehandling,Annet virkestoff,,,,hele lokaliteten,1411,GULEN,14,Sogn og Fjordane,60.861782,4.934883,4,Nordhordaland til Stadt,
13,2012,11783,Hella,medikamentell,badebehandling,Deltamethrin,,,,hele lokaliteten,1428,ASKVOLL,14,Sogn og Fjordane,61.405834,5.0795,4,Nordhordaland til Stadt,
13,2012,12035,Hondskår,medikamentell,badebehandling,Azamethiphos,,,,hele lokaliteten,1224,KVINNHERAD,12,Hordaland,60.107334,5.941545,3,Karmøy til Sotra,
13,2012,12035,Hondskår,medikamentell,badebehandling,Azamethiphos,,,,hele lokaliteten,1224,KVINNHERAD,12,Hordaland,60.107334,5.941545,3,Karmøy til Sotra,
13,2012,12035,Hondskår,medikamentell,badebehandling,Cypermethrin,,,,hele lokaliteten,1224,KVINNHERAD,12,Hordaland,60.107334,5.941545,3,Karmøy til Sotra,
13,2012,12035,Hondskår,medikamentell,badebehandling,Cypermethrin,,,,hele lokaliteten,1224,KVINNHERAD,12,Hordaland,60.107334,5.941545,3,Karmøy til Sotra,
13,2012,12035,Hondskår,medikamentell,badebehandling,Deltamethrin,,,,hele lokaliteten,1224,KVINNHERAD,12,Hordaland,60.107334,5.941545,3,Karmøy til Sotra,
13,2012,12035,Hondskår,medikamentell,badebehandling,Deltamethrin,,,,hele lokaliteten,1224,KVINNHERAD,12,Hordaland,60.107334,5.941545,3,Karmøy til Sotra,
13,2012,29656,Juvika,rensefisk,,,1692,Annen leppefisk,11000,hele lokaliteten,1412,SOLUND,14,Sogn og Fjordane,61.104767,5.018483,4,Nordhordaland til Stadt,
13,2012,10828,Kleppenes N,medikamentell,badebehandling,Cypermethrin,,,,deler av lokaliteten,2004,HAMMERFEST,20,Finnmark,70.5358,23.566282,12,Vest-Finnmark,
13,2012,10828,Kleppenes N,medikamentell,badebehandling,Cypermethrin,,,,deler av lokaliteten,2004,HAMMERFEST,20,Finnmark,70.5358,23.566282,12,Vest-Finnmark,
13,2012,10828,Kleppenes N,medikamentell,badebehandling,Cypermethrin,,,,deler av lokaliteten,2004,HAMMERFEST,20,Finnmark,70.5358,23.566282,12,Vest-Finnmark,
13,2012,10828,Kleppenes N,medikamentell,badebehandling,Cypermethrin,,,,deler av lokaliteten,2004,HAMMERFEST,20,Finnmark,70.5358,23.566282,12,Vest-Finnmark,
13,2012,10828,Kleppenes N,medikamentell,badebehandling,Cypermethrin,,,,deler av lokaliteten,2004,HAMMERFEST,20,Finnmark,70.5358,23.566282,12,Vest-Finnmark,
13,2012,10828,Kleppenes N,medikamentell,badebehandling,Cypermethrin,,,,deler av lokaliteten,2004,HAMMERFEST,20,Finnmark,70.5358,23.566282,12,Vest-Finnmark,
13,2012,10828,Kleppenes N,medikamentell,badebehandling,Cypermethrin,,,,deler av lokaliteten,2004,HAMMERFEST,20,Finnmark,70.5358,23.566282,12,Vest-Finnmark,
13,2012,10206,Kleven,medikamentell,badebehandling,Azamethiphos,,,,hele lokaliteten,1554,AVERØY,15,Møre og Romsdal,63.069477,7.600808,6,Nordmøre og Sør-Trøndelag,
13,2012,11719,Kråkenes,rensefisk,,,1692,Annen leppefisk,15120,hele lokaliteten,1412,SOLUND,14,Sogn og Fjordane,61.05835,4.921317,4,Nordhordaland til Stadt,
13,2012,12652,Kråkøya,medikamentell,badebehandling,Azamethiphos,,,,deler av lokaliteten,1750,VIKNA,17,Nord-Trøndelag,65.004295,11.039782,7,Nord-Trøndelag med Bindal,
13,2012,12652,Kråkøya,medikamentell,badebehandling,Azamethiphos,,,,deler av lokaliteten,1750,VIKNA,17,Nord-Trøndelag,65.004295,11.039782,7,Nord-Trøndelag med Bindal,
13,2012,12652,Kråkøya,medikamentell,badebehandling,Azamethiphos,,,,deler av lokaliteten,1750,VIKNA,17,Nord-Trøndelag,65.004295,11.039782,7,Nord-Trøndelag med Bindal,
13,2012,12652,Kråkøya,medikamentell,badebehandling,Deltamethrin,,,,deler av lokaliteten,1750,VIKNA,17,Nord-Trøndelag,65.004295,11.039782,7,Nord-Trøndelag med Bindal,
13,2012,12652,Kråkøya,medikamentell,badebehandling,Deltamethrin,,,,deler av lokaliteten,1750,VIKNA,17,Nord-Trøndelag,65.004295,11.039782,7,Nord-Trøndelag med Bindal,
13,2012,12652,Kråkøya,medikamentell,badebehandling,Deltamethrin,,,,deler av lokaliteten,1750,VIKNA,17,Nord-Trøndelag,65.004295,11.039782,7,Nord-Trøndelag med Bindal,
13,2012,22775,Kvaløya,medikamentell,badebehandling,Azamethiphos,,,,deler av lokaliteten,1750,VIKNA,17,Nord-Trøndelag,65.001915,11.058617,7,Nord-Trøndelag med Bindal,
13,2012,22775,Kvaløya,medikamentell,badebehandling,Deltamethrin,,,,deler av lokaliteten,1750,VIKNA,17,Nord-Trøndelag,65.001915,11.058617,7,Nord-Trøndelag med Bindal,
13,2012,12213,Kvangardsnes,medikamentell,badebehandling,Cypermethrin,,,,hele lokaliteten,1519,VOLDA,15,Møre og Romsdal,62.145317,5.94545,5,Stadt til Hustadvika,
13,2012,11803,Kyravika,medikamentell,badebehandling,Deltamethrin,,,,hele lokaliteten,1429,FJALER,14,Sogn og Fjordane,61.316433,5.1563,4,Nordhordaland til Stadt,
13,2012,11803,Kyravika,ikke-medikamentell,,,,,,hele lokaliteten,1429,FJALER,14,Sogn og Fjordane,61.316433,5.1563,4,Nordhordaland til Stadt,
13,2012,11803,Kyravika,rensefisk,,,1693,Bergnebb,4000,hele lokaliteten,1429,FJALER,14,Sogn og Fjordane,61.316433,5.1563,4,Nordhordaland til Stadt,
13,2012,25455,Landrøypynten,medikamentell,badebehandling,Deltamethrin,,,,hele lokaliteten,1223,TYSNES,12,Hordaland,59.976967,5.388767,3,Karmøy til Sotra,
13,2012,11791,Langeråa,medikamentell,badebehandling,Deltamethrin,,,,deler av lokaliteten,1401,FLORA,14,Sogn og Fjordane,61.6319,4.863433,4,Nordhordaland til Stadt,
13,2012,11791,Langeråa,ikke-medikamentell,,,,,,hele lokaliteten,1401,FLORA,14,Sogn og Fjordane,61.6319,4.863433,4,Nordhordaland til Stadt,
13,2012,24715,Langholmen,medikamentell,badebehandling,Deltamethrin,,,,hele lokaliteten,1141,FINNØY,11,Rogaland,59.097282,5.835917,2,Ryfylke,
13,2012,24715,Langholmen,ikke-medikamentell,,,,,,hele lokaliteten,1141,FINNØY,11,Rogaland,59.097282,5.835917,2,Ryfylke,
13,2012,13340,Leiholmane,medikamentell,badebehandling,Annet virkestoff,,,,deler av lokaliteten,1411,GULEN,14,Sogn og Fjordane,60.982216,4.875017,4,Nordhordaland til Stadt,
13,2012,13340,Leiholmane,medikamentell,badebehandling,Annet virkestoff,,,,deler av lokaliteten,1411,GULEN,14,Sogn og Fjordane,60.982216,4.875017,4,Nordhordaland til Stadt,
13,2012,13340,Leiholmane,medikamentell,badebehandling,Annet virkestoff,,,,deler av lokaliteten,1411,GULEN,14,Sogn og Fjordane,60.982216,4.875017,4,Nordhordaland til Stadt,
13,2012,14039,Litle Lunnøy,medikamentell,badebehandling,Azamethiphos,,,,hele lokaliteten,1244,AUSTEVOLL,12,Hordaland,60.0199,5.16775,3,Karmøy til Sotra,
13,2012,12022,Ljonesbjørgene,medikamentell,badebehandling,Annet virkestoff,,,,deler av lokaliteten,1238,KVAM,12,Hordaland,60.2564,6.16585,3,Karmøy til Sotra,
13,2012,12022,Ljonesbjørgene,medikamentell,badebehandling,Annet virkestoff,,,,deler av lokaliteten,1238,KVAM,12,Hordaland,60.2564,6.16585,3,Karmøy til Sotra,
13,2012,14435,Ljøsøy N,medikamentell,badebehandling,Azamethiphos,,,,hele lokaliteten,1259,ØYGARDEN,12,Hordaland,60.565216,4.878433,4,Nordhordaland til Stadt,
13,2012,14435,Ljøsøy N,medikamentell,badebehandling,Azamethiphos,,,,hele lokaliteten,1259,ØYGARDEN,12,Hordaland,60.565216,4.878433,4,Nordhordaland til Stadt,
13,2012,13549,Løypingneset,medikamentell,badebehandling,Azamethiphos,,,,hele lokaliteten,1438,BREMANGER,14,Sogn og Fjordane,61.819485,5.247933,4,Nordhordaland til Stadt,
13,2012,27075,Lunnøykalven,medikamentell,badebehandling,Azamethiphos,,,,hele lokaliteten,1244,AUSTEVOLL,12,Hordaland,60.016468,5.12995,3,Karmøy til Sotra,
13,2012,12127,Mælen,medikamentell,badebehandling,Deltamethrin,,,,hele lokaliteten,1224,KVINNHERAD,12,Hordaland,59.69998,5.722917,3,Karmøy til Sotra,
13,2012,10137,Matland,medikamentell,fôrbehandling,Diflubenzuron,,,,hele lokaliteten,1241,FUSA,12,Hordaland,60.264084,5.6591,3,Karmøy til Sotra,
13,2012,21915,Matløyso,medikamentell,badebehandling,Annet virkestoff,,,,deler av lokaliteten,1222,FITJAR,12,Hordaland,59.95238,5.283167,3,Karmøy til Sotra,
13,2012,13020,Nygård,medikamentell,badebehandling,Annet virkestoff,,,,hele lokaliteten,1242,SAMNANGER,12,Hordaland,60.357666,5.684917,3,Karmøy til Sotra,
13,2012,13565,Øvreås,medikamentell,badebehandling,Annet virkestoff,,,,hele lokaliteten,1263,LINDÅS,12,Hordaland,60.67298,5.397417,4,Nordhordaland til Stadt,
13,2012,13565,Øvreås,medikamentell,badebehandling,Azamethiphos,,,,hele lokaliteten,1263,LINDÅS,12,Hordaland,60.67298,5.397417,4,Nordhordaland til Stadt,
13,2012,12018,Rossholmen,medikamentell,badebehandling,Annet virkestoff,,,,hele lokaliteten,1238,KVAM,12,Hordaland,60.394608,6.275128,3,Karmøy til Sotra,
13,2012,12298,Røysa,medikamentell,badebehandling,Azamethiphos,,,,hele lokaliteten,1532,GISKE,15,Møre og Romsdal,62.550632,6.1408,5,Stadt til Hustadvika,
13,2012,28416,Sandvik,medikamentell,badebehandling,Azamethiphos,,,,hele lokaliteten,1251,VAKSDAL,12,Hordaland,60.456566,5.6922,4,Nordhordaland til Stadt,
13,2012,11758,Sauøy Ø,medikamentell,badebehandling,Annet virkestoff,,,,hele lokaliteten,1259,ØYGARDEN,12,Hordaland,60.592335,4.857833,4,Nordhordaland til Stadt,
13,2012,11758,Sauøy Ø,medikamentell,badebehandling,Azamethiphos,,,,hele lokaliteten,1259,ØYGARDEN,12,Hordaland,60.592335,4.857833,4,Nordhordaland til Stadt,
13,2012,18898,Skaftå,medikamentell,badebehandling,Annet virkestoff,,,,hele lokaliteten,1253,OSTERØY,12,Hordaland,60.455517,5.627417,4,Nordhordaland til Stadt,
13,2012,18898,Skaftå,medikamentell,badebehandling,Azamethiphos,,,,hele lokaliteten,1253,OSTERØY,12,Hordaland,60.455517,5.627417,4,Nordhordaland til Stadt,
13,2012,11737,Skorpa,medikamentell,badebehandling,Annet virkestoff,,,,hele lokaliteten,1411,GULEN,14,Sogn og Fjordane,60.944233,4.882817,4,Nordhordaland til Stadt,
13,2012,12192,Skorva,medikamentell,badebehandling,Cypermethrin,,,,deler av lokaliteten,1428,ASKVOLL,14,Sogn og Fjordane,61.467117,5.3136,4,Nordhordaland til Stadt,
13,2012,11959,Solbakk,medikamentell,badebehandling,Cypermethrin,,,,hele lokaliteten,1130,STRAND,11,Rogaland,59.03735,5.92875,2,Ryfylke,
13,2012,11959,Solbakk,ikke-medikamentell,,,,,,hele lokaliteten,1130,STRAND,11,Rogaland,59.03735,5.92875,2,Ryfylke,
13,2012,11596,Ståløy,medikamentell,badebehandling,Azamethiphos,,,,hele lokaliteten,1244,AUSTEVOLL,12,Hordaland,60.088615,5.1734,3,Karmøy til Sotra,
13,2012,20776,Storoksen,medikamentell,badebehandling,Azamethiphos,,,,deler av lokaliteten,1247,ASKØY,12,Hordaland,60.530884,4.97325,4,Nordhordaland til Stadt,
13,2012,20776,Storoksen,medikamentell,badebehandling,Azamethiphos,,,,deler av lokaliteten,1247,ASKØY,12,Hordaland,60.530884,4.97325,4,Nordhordaland til Stadt,
13,2012,20776,Storoksen,medikamentell,badebehandling,Deltamethrin,,,,deler av lokaliteten,1247,ASKØY,12,Hordaland,60.530884,4.97325,4,Nordhordaland til Stadt,
13,2012,20776,Storoksen,medikamentell,badebehandling,Deltamethrin,,,,deler av lokaliteten,1247,ASKØY,12,Hordaland,60.530884,4.97325,4,Nordhordaland til Stadt,
13,2012,13566,Storskrebukti,medikamentell,badebehandling,Annet virkestoff,,,,hele lokaliteten,1263,LINDÅS,12,Hordaland,60.6529,5.419683,4,Nordhordaland til Stadt,
13,2012,13566,Storskrebukti,medikamentell,badebehandling,Azamethiphos,,,,hele lokaliteten,1263,LINDÅS,12,Hordaland,60.6529,5.419683,4,Nordhordaland til Stadt,
13,2012,26235,Stualand,medikamentell,badebehandling,Annet virkestoff,,,,deler av lokaliteten,1216,SVEIO,12,Hordaland,59.60845,5.526917,3,Karmøy til Sotra,
13,2012,26235,Stualand,medikamentell,badebehandling,Azamethiphos,,,,deler av lokaliteten,1216,SVEIO,12,Hordaland,59.60845,5.526917,3,Karmøy til Sotra,
13,2012,24135,Utåker,medikamentell,badebehandling,Cypermethrin,,,,deler av lokaliteten,1224,KVINNHERAD,12,Hordaland,59.777916,5.900683,3,Karmøy til Sotra,
13,2012,13704,Vikane,medikamentell,fôrbehandling,Diflubenzuron,,,,hele lokaliteten,1266,MASFJORDEN,12,Hordaland,60.7125,5.403633,4,Nordhordaland til Stadt,
12,2012,12982,Aldeøyna,medikamentell,badebehandling,Azamethiphos,,,,hele lokaliteten,1428,ASKVOLL,14,Sogn og Fjordane,61.31025,4.76905,4,Nordhordaland til Stadt,
12,2012,11513,Andal,medikamentell,badebehandling,Cypermethrin,,,,hele lokaliteten,1219,BØMLO,12,Hordaland,59.63655,5.2466,3,Karmøy til Sotra,
12,2012,25055,Bekksneset,medikamentell,badebehandling,Cypermethrin,,,,hele lokaliteten,1413,HYLLESTAD,14,Sogn og Fjordane,61.07635,5.386183,4,Nordhordaland til Stadt,
12,2012,12178,Bjønnspjotneset,medikamentell,badebehandling,Deltamethrin,,,,hele lokaliteten,1416,HØYANGER,14,Sogn og Fjordane,61.0985,5.825533,4,Nordhordaland til Stadt,
12,2012,12156,Blom,medikamentell,badebehandling,Annet virkestoff,,,,hele lokaliteten,1253,OSTERØY,12,Hordaland,60.436584,5.564833,4,Nordhordaland til Stadt,
12,2012,12156,Blom,medikamentell,badebehandling,Azamethiphos,,,,hele lokaliteten,1253,OSTERØY,12,Hordaland,60.436584,5.564833,4,Nordhordaland til Stadt,
12,2012,11488,Brattavika,medikamentell,badebehandling,Deltamethrin,,,,deler av lokaliteten,1244,AUSTEVOLL,12,Hordaland,60.045433,5.301117,3,Karmøy til Sotra,
12,2012,31038,Buarøy,medikamentell,badebehandling,Annet virkestoff,,,,deler av lokaliteten,1245,SUND,12,Hordaland,60.220066,5.21455,3,Karmøy til Sotra,
12,2012,31038,Buarøy,ikke-medikamentell,,,,,,hele lokaliteten,1245,SUND,12,Hordaland,60.220066,5.21455,3,Karmøy til Sotra,
12,2012,12109,Ebne,medikamentell,badebehandling,Azamethiphos,,,,hele lokaliteten,1211,ETNE,12,Hordaland,59.712322,5.826833,3,Karmøy til Sotra,
12,2012,12109,Ebne,medikamentell,badebehandling,Deltamethrin,,,,hele lokaliteten,1211,ETNE,12,Hordaland,59.712322,5.826833,3,Karmøy til Sotra,
12,2012,15456,Eidesberget,medikamentell,badebehandling,Deltamethrin,,,,hele lokaliteten,1416,HØYANGER,14,Sogn og Fjordane,61.105118,5.853883,4,Nordhordaland til Stadt,
12,2012,13058,Fusavika,medikamentell,badebehandling,Azamethiphos,,,,hele lokaliteten,1241,FUSA,12,Hordaland,60.207634,5.613817,3,Karmøy til Sotra,
12,2012,13058,Fusavika,medikamentell,badebehandling,Deltamethrin,,,,hele lokaliteten,1241,FUSA,12,Hordaland,60.207634,5.613817,3,Karmøy til Sotra,
12,2012,11667,Gardskråneset,medikamentell,badebehandling,Azamethiphos,,,,hele lokaliteten,1259,ØYGARDEN,12,Hordaland,60.53972,4.903867,4,Nordhordaland til Stadt,
12,2012,11667,Gardskråneset,medikamentell,badebehandling,Azamethiphos,,,,hele lokaliteten,1259,ØYGARDEN,12,Hordaland,60.53972,4.903867,4,Nordhordaland til Stadt,
12,2012,10324,Gjerdeviksflua,medikamentell,badebehandling,Azamethiphos,,,,hele lokaliteten,1241,FUSA,12,Hordaland,60.223083,5.641167,3,Karmøy til Sotra,
12,2012,10324,Gjerdeviksflua,medikamentell,badebehandling,Deltamethrin,,,,hele lokaliteten,1241,FUSA,12,Hordaland,60.223083,5.641167,3,Karmøy til Sotra,
12,2012,11690,Grasholmen,medikamentell,badebehandling,Azamethiphos,,,,deler av lokaliteten,1260,RADØY,12,Hordaland,60.59575,5.16095,4,Nordhordaland til Stadt,
12,2012,11690,Grasholmen,medikamentell,badebehandling,Deltamethrin,,,,deler av lokaliteten,1260,RADØY,12,Hordaland,60.59575,5.16095,4,Nordhordaland til Stadt,
12,2012,11511,Hattasteinen,medikamentell,badebehandling,Deltamethrin,,,,hele lokaliteten,1219,BØMLO,12,Hordaland,59.626266,5.250717,3,Karmøy til Sotra,
12,2012,11920,Herøy,ikke-medikamentell,,,,,,deler av lokaliteten,1160,VINDAFJORD,11,Rogaland,59.4664,6.0262,2,Ryfylke,
12,2012,11571,Holevik,medikamentell,badebehandling,Deltamethrin,,,,deler av lokaliteten,1219,BØMLO,12,Hordaland,59.776585,5.321817,3,Karmøy til Sotra,
12,2012,12035,Hondskår,medikamentell,badebehandling,Azamethiphos,,,,hele lokaliteten,1224,KVINNHERAD,12,Hordaland,60.107334,5.941545,3,Karmøy til Sotra,
12,2012,12035,Hondskår,medikamentell,badebehandling,Azamethiphos,,,,hele lokaliteten,1224,KVINNHERAD,12,Hordaland,60.107334,5.941545,3,Karmøy til Sotra,
12,2012,12035,Hondskår,medikamentell,badebehandling,Cypermethrin,,,,hele lokaliteten,1224,KVINNHERAD,12,Hordaland,60.107334,5.941545,3,Karmøy til Sotra,
12,2012,12035,Hondskår,medikamentell,badebehandling,Cypermethrin,,,,hele lokaliteten,1224,KVINNHERAD,12,Hordaland,60.107334,5.941545,3,Karmøy til Sotra,
12,2012,12035,Hondskår,medikamentell,badebehandling,Deltamethrin,,,,hele lokaliteten,1224,KVINNHERAD,12,Hordaland,60.107334,5.941545,3,Karmøy til Sotra,
12,2012,12035,Hondskår,medikamentell,badebehandling,Deltamethrin,,,,hele lokaliteten,1224,KVINNHERAD,12,Hordaland,60.107334,5.941545,3,Karmøy til Sotra,
12,2012,14882,Horjona,medikamentell,badebehandling,Annet virkestoff,,,,deler av lokaliteten,1238,KVAM,12,Hordaland,60.270782,6.187033,3,Karmøy til Sotra,
12,2012,14882,Horjona,medikamentell,badebehandling,Annet virkestoff,,,,deler av lokaliteten,1238,KVAM,12,Hordaland,60.270782,6.187033,3,Karmøy til Sotra,
12,2012,14882,Horjona,medikamentell,badebehandling,Annet virkestoff,,,,deler av lokaliteten,1238,KVAM,12,Hordaland,60.270782,6.187033,3,Karmøy til Sotra,
12,2012,13231,Høylandssund,medikamentell,badebehandling,Deltamethrin,,,,hele lokaliteten,1224,KVINNHERAD,12,Hordaland,59.776268,5.8309,3,Karmøy til Sotra,
12,2012,11957,Indre Slettavikneset,medikamentell,badebehandling,Deltamethrin,,,,deler av lokaliteten,1102,SANDNES,11,Rogaland,58.9542,5.943617,2,Ryfylke,
12,2012,11957,Indre Slettavikneset,ikke-medikamentell,,,,,,hele lokaliteten,1102,SANDNES,11,Rogaland,58.9542,5.943617,2,Ryfylke,
12,2012,29656,Juvika,rensefisk,,,1692,Annen leppefisk,11000,hele lokaliteten,1412,SOLUND,14,Sogn og Fjordane,61.104767,5.018483,4,Nordhordaland til Stadt,
12,2012,28976,Kelvesteinen,medikamentell,badebehandling,Deltamethrin,,,,deler av lokaliteten,1246,FJELL,12,Hordaland,60.4029,5.063717,3,Karmøy til Sotra,
12,2012,28976,Kelvesteinen,medikamentell,badebehandling,Deltamethrin,,,,deler av lokaliteten,1246,FJELL,12,Hordaland,60.4029,5.063717,3,Karmøy til Sotra,
12,2012,24455,Klavelandet,medikamentell,badebehandling,Deltamethrin,,,,hele lokaliteten,1401,FLORA,14,Sogn og Fjordane,61.60425,5.184067,4,Nordhordaland til Stadt,
12,2012,10828,Kleppenes N,medikamentell,badebehandling,Cypermethrin,,,,deler av lokaliteten,2004,HAMMERFEST,20,Finnmark,70.5358,23.566282,12,Vest-Finnmark,
12,2012,10828,Kleppenes N,medikamentell,badebehandling,Cypermethrin,,,,deler av lokaliteten,2004,HAMMERFEST,20,Finnmark,70.5358,23.566282,12,Vest-Finnmark,
12,2012,10828,Kleppenes N,medikamentell,badebehandling,Cypermethrin,,,,deler av lokaliteten,2004,HAMMERFEST,20,Finnmark,70.5358,23.566282,12,Vest-Finnmark,
12,2012,10828,Kleppenes N,medikamentell,badebehandling,Cypermethrin,,,,deler av lokaliteten,2004,HAMMERFEST,20,Finnmark,70.5358,23.566282,12,Vest-Finnmark,
12,2012,10828,Kleppenes N,medikamentell,badebehandling,Cypermethrin,,,,deler av lokaliteten,2004,HAMMERFEST,20,Finnmark,70.5358,23.566282,12,Vest-Finnmark,
12,2012,13339,Klungervikneset,medikamentell,badebehandling,Deltamethrin,,,,hele lokaliteten,1219,BØMLO,12,Hordaland,59.74668,5.3424,3,Karmøy til Sotra,
12,2012,11809,Krabbestig,medikamentell,badebehandling,Azamethiphos,,,,hele lokaliteten,1439,VÅGSØY,14,Sogn og Fjordane,61.894566,5.0616,4,Nordhordaland til Stadt,
12,2012,11719,Kråkenes,rensefisk,,,1692,Annen leppefisk,15120,hele lokaliteten,1412,SOLUND,14,Sogn og Fjordane,61.05835,4.921317,4,Nordhordaland til Stadt,
12,2012,11775,Kviteskjeret,medikamentell,badebehandling,Deltamethrin,,,,hele lokaliteten,1428,ASKVOLL,14,Sogn og Fjordane,61.467815,5.2203,4,Nordhordaland til Stadt,
12,2012,11803,Kyravika,rensefisk,,,1693,Bergnebb,12000,hele lokaliteten,1429,FJALER,14,Sogn og Fjordane,61.316433,5.1563,4,Nordhordaland til Stadt,
12,2012,26295,Langøy,medikamentell,badebehandling,Azamethiphos,,,,hele lokaliteten,1263,LINDÅS,12,Hordaland,60.777668,5.158867,4,Nordhordaland til Stadt,
12,2012,26295,Langøy,medikamentell,badebehandling,Cypermethrin,,,,hele lokaliteten,1263,LINDÅS,12,Hordaland,60.777668,5.158867,4,Nordhordaland til Stadt,
12,2012,13340,Leiholmane,medikamentell,badebehandling,Annet virkestoff,,,,deler av lokaliteten,1411,GULEN,14,Sogn og Fjordane,60.982216,4.875017,4,Nordhordaland til Stadt,
12,2012,12966,Lindvik,ikke-medikamentell,,,,,,deler av lokaliteten,1160,VINDAFJORD,11,Rogaland,59.4752,5.978667,2,Ryfylke,
12,2012,14039,Litle Lunnøy,medikamentell,badebehandling,Azamethiphos,,,,hele lokaliteten,1244,AUSTEVOLL,12,Hordaland,60.0199,5.16775,3,Karmøy til Sotra,
12,2012,12022,Ljonesbjørgene,medikamentell,badebehandling,Annet virkestoff,,,,deler av lokaliteten,1238,KVAM,12,Hordaland,60.2564,6.16585,3,Karmøy til Sotra,
12,2012,12022,Ljonesbjørgene,medikamentell,badebehandling,Annet virkestoff,,,,deler av lokaliteten,1238,KVAM,12,Hordaland,60.2564,6.16585,3,Karmøy til Sotra,
12,2012,14435,Ljøsøy N,medikamentell,badebehandling,Azamethiphos,,,,hele lokaliteten,1259,ØYGARDEN,12,Hordaland,60.565216,4.878433,4,Nordhordaland til Stadt,
12,2012,14435,Ljøsøy N,medikamentell,badebehandling,Azamethiphos,,,,hele lokaliteten,1259,ØYGARDEN,12,Hordaland,60.565216,4.878433,4,Nordhordaland til Stadt,
12,2012,28996,Loddetå,medikamentell,badebehandling,Deltamethrin,,,,hele lokaliteten,1216,SVEIO,12,Hordaland,59.691643,5.54298,3,Karmøy til Sotra,
12,2012,27075,Lunnøykalven,medikamentell,badebehandling,Azamethiphos,,,,deler av lokaliteten,1244,AUSTEVOLL,12,Hordaland,60.016468,5.12995,3,Karmøy til Sotra,
12,2012,10303,Nappeholmane,medikamentell,badebehandling,Deltamethrin,,,,hele lokaliteten,1219,BØMLO,12,Hordaland,59.74275,5.363817,3,Karmøy til Sotra,
12,2012,11972,Prestholmane,medikamentell,badebehandling,Deltamethrin,,,,hele lokaliteten,1141,FINNØY,11,Rogaland,59.11717,5.844433,2,Ryfylke,
12,2012,10086,Rekeviki,medikamentell,fôrbehandling,Diflubenzuron,,,,hele lokaliteten,1263,LINDÅS,12,Hordaland,60.7231,5.325451,4,Nordhordaland til Stadt,
12,2012,20115,Skjerholmen N.,medikamentell,badebehandling,Annet virkestoff,,,,hele lokaliteten,1245,SUND,12,Hordaland,60.2496,5.174017,3,Karmøy til Sotra,
12,2012,20115,Skjerholmen N.,medikamentell,badebehandling,Azamethiphos,,,,hele lokaliteten,1245,SUND,12,Hordaland,60.2496,5.174017,3,Karmøy til Sotra,
12,2012,20115,Skjerholmen N.,ikke-medikamentell,,,,,,hele lokaliteten,1245,SUND,12,Hordaland,60.2496,5.174017,3,Karmøy til Sotra,
12,2012,29356,Smineset Nord,medikamentell,badebehandling,Annet virkestoff,,,,deler av lokaliteten,1751,NÆRØY,17,Nord-Trøndelag,64.75597,11.54245,7,Nord-Trøndelag med Bindal,
12,2012,29356,Smineset Nord,medikamentell,badebehandling,Annet virkestoff,,,,deler av lokaliteten,1751,NÆRØY,17,Nord-Trøndelag,64.75597,11.54245,7,Nord-Trøndelag med Bindal,
12,2012,23375,Sørevik,medikamentell,badebehandling,Deltamethrin,,,,deler av lokaliteten,1416,HØYANGER,14,Sogn og Fjordane,61.099983,5.729967,4,Nordhordaland til Stadt,
12,2012,11525,Stille S,medikamentell,badebehandling,Cypermethrin,,,,deler av lokaliteten,1244,AUSTEVOLL,12,Hordaland,60.08255,5.1457,3,Karmøy til Sotra,
12,2012,11486,Stokkavik,medikamentell,badebehandling,Deltamethrin,,,,hele lokaliteten,1219,BØMLO,12,Hordaland,59.7604,5.341183,3,Karmøy til Sotra,
12,2012,11649,Stolane,medikamentell,badebehandling,Azamethiphos,,,,hele lokaliteten,1260,RADØY,12,Hordaland,60.605118,5.1257,4,Nordhordaland til Stadt,
12,2012,11649,Stolane,medikamentell,badebehandling,Deltamethrin,,,,hele lokaliteten,1260,RADØY,12,Hordaland,60.605118,5.1257,4,Nordhordaland til Stadt,
12,2012,11700,Storeneset,medikamentell,badebehandling,Annet virkestoff,,,,hele lokaliteten,1411,GULEN,14,Sogn og Fjordane,60.8763,5.02805,4,Nordhordaland til Stadt,
12,2012,22955,Svollandsneset,medikamentell,badebehandling,Deltamethrin,,,,hele lokaliteten,1160,VINDAFJORD,11,Rogaland,59.684235,5.589717,3,Karmøy til Sotra,
12,2012,10309,Syrtangen,medikamentell,badebehandling,Azamethiphos,,,,hele lokaliteten,1259,ØYGARDEN,12,Hordaland,60.468468,4.965967,4,Nordhordaland til Stadt,
12,2012,10309,Syrtangen,medikamentell,badebehandling,Azamethiphos,,,,hele lokaliteten,1259,ØYGARDEN,12,Hordaland,60.468468,4.965967,4,Nordhordaland til Stadt,
12,2012,15517,Tinnlandet,medikamentell,badebehandling,Cypermethrin,,,,deler av lokaliteten,2004,HAMMERFEST,20,Finnmark,70.53547,23.22345,12,Vest-Finnmark,
12,2012,15517,Tinnlandet,medikamentell,badebehandling,Cypermethrin,,,,deler av lokaliteten,2004,HAMMERFEST,20,Finnmark,70.53547,23.22345,12,Vest-Finnmark,
12,2012,15517,Tinnlandet,medikamentell,badebehandling,Cypermethrin,,,,deler av lokaliteten,2004,HAMMERFEST,20,Finnmark,70.53547,23.22345,12,Vest-Finnmark,
12,2012,15517,Tinnlandet,medikamentell,badebehandling,Cypermethrin,,,,deler av lokaliteten,2004,HAMMERFEST,20,Finnmark,70.53547,23.22345,12,Vest-Finnmark,
12,2012,15517,Tinnlandet,medikamentell,badebehandling,Cypermethrin,,,,deler av lokaliteten,2004,HAMMERFEST,20,Finnmark,70.53547,23.22345,12,Vest-Finnmark,
12,2012,15517,Tinnlandet,medikamentell,badebehandling,Cypermethrin,,,,deler av lokaliteten,2004,HAMMERFEST,20,Finnmark,70.53547,23.22345,12,Vest-Finnmark,
12,2012,25815,Tittelsnes,medikamentell,badebehandling,Deltamethrin,,,,hele lokaliteten,1216,SVEIO,12,Hordaland,59.723484,5.533483,3,Karmøy til Sotra,
12,2012,14081,Tveit,medikamentell,badebehandling,Cypermethrin,,,,deler av lokaliteten,1413,HYLLESTAD,14,Sogn og Fjordane,61.110085,5.340483,4,Nordhordaland til Stadt,
12,2012,13704,Vikane,medikamentell,fôrbehandling,Diflubenzuron,,,,hele lokaliteten,1266,MASFJORDEN,12,Hordaland,60.7125,5.403633,4,Nordhordaland til Stadt,
12,2012,11522,,medikamentell,badebehandling,Deltamethrin,,,,hele lokaliteten,,,,,,,,,
12,2012,11522,,ikke-medikamentell,,,,,,hele lokaliteten,,,,,,,,,
11,2012,12095,Bergadalen,medikamentell,badebehandling,Annet virkestoff,,,,deler av lokaliteten,1238,KVAM,12,Hordaland,60.1216,5.908883,3,Karmøy til Sotra,
11,2012,12095,Bergadalen,medikamentell,badebehandling,Annet virkestoff,,,,deler av lokaliteten,1238,KVAM,12,Hordaland,60.1216,5.908883,3,Karmøy til Sotra,
11,2012,13205,Brattholmen,medikamentell,badebehandling,Cypermethrin,,,,hele lokaliteten,1412,SOLUND,14,Sogn og Fjordane,61.068382,4.713817,4,Nordhordaland til Stadt,
11,2012,13205,Brattholmen,ikke-medikamentell,,,,,,hele lokaliteten,1412,SOLUND,14,Sogn og Fjordane,61.068382,4.713817,4,Nordhordaland til Stadt,
11,2012,11574,Breivik S,medikamentell,badebehandling,Deltamethrin,,,,hele lokaliteten,1219,BØMLO,12,Hordaland,59.671185,5.31215,3,Karmøy til Sotra,
11,2012,12128,Dyrnes,medikamentell,badebehandling,Deltamethrin,,,,hele lokaliteten,1224,KVINNHERAD,12,Hordaland,59.71765,5.72205,3,Karmøy til Sotra,
11,2012,11571,Holevik,medikamentell,badebehandling,Deltamethrin,,,,deler av lokaliteten,1219,BØMLO,12,Hordaland,59.776585,5.321817,3,Karmøy til Sotra,
11,2012,27095,Ihlholmen,medikamentell,badebehandling,Deltamethrin,,,,hele lokaliteten,1160,VINDAFJORD,11,Rogaland,59.7215,5.586633,3,Karmøy til Sotra,
11,2012,29656,Juvika,rensefisk,,,1692,Annen leppefisk,11000,hele lokaliteten,1412,SOLUND,14,Sogn og Fjordane,61.104767,5.018483,4,Nordhordaland til Stadt,
11,2012,28976,Kelvesteinen,medikamentell,badebehandling,Deltamethrin,,,,deler av lokaliteten,1246,FJELL,12,Hordaland,60.4029,5.063717,3,Karmøy til Sotra,
11,2012,26135,Kjørsvikgrunn,medikamentell,fôrbehandling,Emamectin benzoat,,,,hele lokaliteten,1612,HEMNE,16,Sør-Trøndelag,63.457565,9.076,6,Nordmøre og Sør-Trøndelag,
11,2012,24455,Klavelandet,medikamentell,badebehandling,Deltamethrin,,,,deler av lokaliteten,1401,FLORA,14,Sogn og Fjordane,61.60425,5.184067,4,Nordhordaland til Stadt,
11,2012,11719,Kråkenes,rensefisk,,,1692,Annen leppefisk,15120,hele lokaliteten,1412,SOLUND,14,Sogn og Fjordane,61.05835,4.921317,4,Nordhordaland til Stadt,
11,2012,11928,Langavika,medikamentell,badebehandling,Azamethiphos,,,,hele lokaliteten,1133,HJELMELAND,11,Rogaland,59.232067,6.008317,2,Ryfylke,
11,2012,14039,Litle Lunnøy,medikamentell,badebehandling,Azamethiphos,,,,hele lokaliteten,1244,AUSTEVOLL,12,Hordaland,60.0199,5.16775,3,Karmøy til Sotra,
11,2012,12134,Maradalen,medikamentell,badebehandling,Deltamethrin,,,,hele lokaliteten,1224,KVINNHERAD,12,Hordaland,59.76077,5.686767,3,Karmøy til Sotra,
11,2012,10078,Mjånes,medikamentell,badebehandling,Annet virkestoff,,,,hele lokaliteten,1411,GULEN,14,Sogn og Fjordane,60.997734,5.0304,4,Nordhordaland til Stadt,
11,2012,31697,Oksen,medikamentell,badebehandling,Azamethiphos,,,,deler av lokaliteten,1246,FJELL,12,Hordaland,60.43382,4.9411,3,Karmøy til Sotra,
11,2012,15403,Olderøy,medikamentell,badebehandling,Deltamethrin,,,,hele lokaliteten,1412,SOLUND,14,Sogn og Fjordane,61.103283,4.712233,4,Nordhordaland til Stadt,
11,2012,15403,Olderøy,ikke-medikamentell,,,,,,hele lokaliteten,1412,SOLUND,14,Sogn og Fjordane,61.103283,4.712233,4,Nordhordaland til Stadt,
11,2012,28636,Rataren,medikamentell,fôrbehandling,Annet virkestoff,,,,hele lokaliteten,1620,FRØYA,16,Sør-Trøndelag,63.780792,8.518067,6,Nordmøre og Sør-Trøndelag,
11,2012,10086,Rekeviki,medikamentell,fôrbehandling,Diflubenzuron,,,,hele lokaliteten,1263,LINDÅS,12,Hordaland,60.7231,5.325451,4,Nordhordaland til Stadt,
11,2012,12126,Rossnes,medikamentell,badebehandling,Deltamethrin,,,,hele lokaliteten,1224,KVINNHERAD,12,Hordaland,59.759167,5.721467,3,Karmøy til Sotra,
11,2012,12019,Saltkjelen II,medikamentell,badebehandling,Deltamethrin,,,,hele lokaliteten,1227,JONDAL,12,Hordaland,60.248016,6.2014,3,Karmøy til Sotra,
11,2012,12019,Saltkjelen II,ikke-medikamentell,,,,,,hele lokaliteten,1227,JONDAL,12,Hordaland,60.248016,6.2014,3,Karmøy til Sotra,
11,2012,13243,Sandvika,medikamentell,badebehandling,Deltamethrin,,,,deler av lokaliteten,1519,VOLDA,15,Møre og Romsdal,62.195915,5.904867,5,Stadt til Hustadvika,
11,2012,13243,Sandvika,ikke-medikamentell,,,,,,hele lokaliteten,1519,VOLDA,15,Møre og Romsdal,62.195915,5.904867,5,Stadt til Hustadvika,
11,2012,11813,Svinøy V,medikamentell,badebehandling,Azamethiphos,,,,hele lokaliteten,1429,FJALER,14,Sogn og Fjordane,61.3034,5.101717,4,Nordhordaland til Stadt,
11,2012,13057,Teigland I,medikamentell,badebehandling,Annet virkestoff,,,,hele lokaliteten,1238,KVAM,12,Hordaland,60.17935,5.959917,3,Karmøy til Sotra,
11,2012,13704,Vikane,medikamentell,fôrbehandling,Diflubenzuron,,,,hele lokaliteten,1266,MASFJORDEN,12,Hordaland,60.7125,5.403633,4,Nordhordaland til Stadt,
11,2012,13704,Vikane,medikamentell,fôrbehandling,Diflubenzuron,,,,hele lokaliteten,1266,MASFJORDEN,12,Hordaland,60.7125,5.403633,4,Nordhordaland til Stadt,
11,2012,13704,Vikane,medikamentell,fôrbehandling,Diflubenzuron,,,,hele lokaliteten,1266,MASFJORDEN,12,Hordaland,60.7125,5.403633,4,Nordhordaland til Stadt,
11,2012,27315,Vikane 1,medikamentell,badebehandling,Deltamethrin,,,,hele lokaliteten,1227,JONDAL,12,Hordaland,60.26125,6.225083,3,Karmøy til Sotra,
11,2012,27315,Vikane 1,ikke-medikamentell,,,,,,hele lokaliteten,1227,JONDAL,12,Hordaland,60.26125,6.225083,3,Karmøy til Sotra,
11,2012,13246,Voldnes,ikke-medikamentell,,,,,,hele lokaliteten,1515,HERØY I MØRE OG ROMSDAL,15,Møre og Romsdal,62.2097,5.7849,5,Stadt til Hustadvika,
10,2012,27536,Flatskjæret,medikamentell,badebehandling,Annet virkestoff,,,,deler av lokaliteten,1751,NÆRØY,17,Nord-Trøndelag,64.933876,11.409243,7,Nord-Trøndelag med Bindal,
10,2012,27536,Flatskjæret,medikamentell,badebehandling,Deltamethrin,,,,deler av lokaliteten,1751,NÆRØY,17,Nord-Trøndelag,64.933876,11.409243,7,Nord-Trøndelag med Bindal,
10,2012,11740,Haverøy,medikamentell,badebehandling,Azamethiphos,,,,hele lokaliteten,1246,FJELL,12,Hordaland,60.404034,4.939267,3,Karmøy til Sotra,
10,2012,11740,Haverøy,ikke-medikamentell,,,,,,hele lokaliteten,1246,FJELL,12,Hordaland,60.404034,4.939267,3,Karmøy til Sotra,
10,2012,10425,Heggvika,medikamentell,badebehandling,Azamethiphos,,,,hele lokaliteten,1811,BINDAL,18,Nordland,65.12985,12.07766,7,Nord-Trøndelag med Bindal,
10,2012,10425,Heggvika,medikamentell,badebehandling,Azamethiphos,,,,hele lokaliteten,1811,BINDAL,18,Nordland,65.12985,12.07766,7,Nord-Trøndelag med Bindal,
10,2012,10425,Heggvika,medikamentell,badebehandling,Azamethiphos,,,,hele lokaliteten,1811,BINDAL,18,Nordland,65.12985,12.07766,7,Nord-Trøndelag med Bindal,
10,2012,10425,Heggvika,medikamentell,badebehandling,Azamethiphos,,,,hele lokaliteten,1811,BINDAL,18,Nordland,65.12985,12.07766,7,Nord-Trøndelag med Bindal,
10,2012,10425,Heggvika,medikamentell,badebehandling,Deltamethrin,,,,hele lokaliteten,1811,BINDAL,18,Nordland,65.12985,12.07766,7,Nord-Trøndelag med Bindal,
10,2012,10425,Heggvika,medikamentell,badebehandling,Deltamethrin,,,,hele lokaliteten,1811,BINDAL,18,Nordland,65.12985,12.07766,7,Nord-Trøndelag med Bindal,
10,2012,10425,Heggvika,medikamentell,badebehandling,Deltamethrin,,,,hele lokaliteten,1811,BINDAL,18,Nordland,65.12985,12.07766,7,Nord-Trøndelag med Bindal,
10,2012,10425,Heggvika,medikamentell,badebehandling,Deltamethrin,,,,hele lokaliteten,1811,BINDAL,18,Nordland,65.12985,12.07766,7,Nord-Trøndelag med Bindal,
10,2012,13838,Hegnes,rensefisk,,,1693,Bergnebb,6000,hele lokaliteten,1429,FJALER,14,Sogn og Fjordane,61.356483,5.287933,4,Nordhordaland til Stadt,
10,2012,29656,Juvika,rensefisk,,,1692,Annen leppefisk,11000,hele lokaliteten,1412,SOLUND,14,Sogn og Fjordane,61.104767,5.018483,4,Nordhordaland til Stadt,
10,2012,26135,Kjørsvikgrunn,medikamentell,fôrbehandling,Emamectin benzoat,,,,hele lokaliteten,1612,HEMNE,16,Sør-Trøndelag,63.457565,9.076,6,Nordmøre og Sør-Trøndelag,
10,2012,11719,Kråkenes,rensefisk,,,1692,Annen leppefisk,15120,hele lokaliteten,1412,SOLUND,14,Sogn og Fjordane,61.05835,4.921317,4,Nordhordaland til Stadt,
10,2012,21676,Kråkholmen,medikamentell,badebehandling,Annet virkestoff,,,,deler av lokaliteten,1749,FLATANGER,17,Nord-Trøndelag,64.60212,10.85345,7,Nord-Trøndelag med Bindal,
10,2012,21676,Kråkholmen,medikamentell,badebehandling,Annet virkestoff,,,,deler av lokaliteten,1749,FLATANGER,17,Nord-Trøndelag,64.60212,10.85345,7,Nord-Trøndelag med Bindal,
10,2012,21676,Kråkholmen,medikamentell,badebehandling,Annet virkestoff,,,,deler av lokaliteten,1749,FLATANGER,17,Nord-Trøndelag,64.60212,10.85345,7,Nord-Trøndelag med Bindal,
10,2012,21676,Kråkholmen,medikamentell,badebehandling,Annet virkestoff,,,,deler av lokaliteten,1749,FLATANGER,17,Nord-Trøndelag,64.60212,10.85345,7,Nord-Trøndelag med Bindal,
10,2012,21676,Kråkholmen,medikamentell,badebehandling,Annet virkestoff,,,,deler av lokaliteten,1749,FLATANGER,17,Nord-Trøndelag,64.60212,10.85345,7,Nord-Trøndelag med Bindal,
10,2012,21676,Kråkholmen,medikamentell,badebehandling,Annet virkestoff,,,,deler av lokaliteten,1749,FLATANGER,17,Nord-Trøndelag,64.60212,10.85345,7,Nord-Trøndelag med Bindal,
10,2012,21676,Kråkholmen,medikamentell,badebehandling,Annet virkestoff,,,,deler av lokaliteten,1749,FLATANGER,17,Nord-Trøndelag,64.60212,10.85345,7,Nord-Trøndelag med Bindal,
10,2012,21676,Kråkholmen,medikamentell,badebehandling,Annet virkestoff,,,,deler av lokaliteten,1749,FLATANGER,17,Nord-Trøndelag,64.60212,10.85345,7,Nord-Trøndelag med Bindal,
10,2012,11803,Kyravika,rensefisk,,,1693,Bergnebb,12000,hele lokaliteten,1429,FJALER,14,Sogn og Fjordane,61.316433,5.1563,4,Nordhordaland til Stadt,
10,2012,10877,Mortenøy,medikamentell,badebehandling,Hydrogenperoksid,,,,hele lokaliteten,1813,BRØNNØY,18,Nordland,65.45723,12.549733,8,Helgeland til Bodø,
10,2012,30157,Movik,medikamentell,badebehandling,Cypermethrin,,,,deler av lokaliteten,1845,SØRFOLD,18,Nordland,67.63177,15.26225,9,Vestfjorden og Vesterålen,
10,2012,28636,Rataren,medikamentell,fôrbehandling,Annet virkestoff,,,,hele lokaliteten,1620,FRØYA,16,Sør-Trøndelag,63.780792,8.518067,6,Nordmøre og Sør-Trøndelag,
10,2012,31959,Rataren II,medikamentell,fôrbehandling,Annet virkestoff,,,,hele lokaliteten,1620,FRØYA,16,Sør-Trøndelag,63.782516,8.52645,6,Nordmøre og Sør-Trøndelag,
10,2012,10086,Rekeviki,medikamentell,fôrbehandling,Diflubenzuron,,,,hele lokaliteten,1263,LINDÅS,12,Hordaland,60.7231,5.325451,4,Nordhordaland til Stadt,
10,2012,10086,Rekeviki,medikamentell,fôrbehandling,Diflubenzuron,,,,hele lokaliteten,1263,LINDÅS,12,Hordaland,60.7231,5.325451,4,Nordhordaland til Stadt,
10,2012,12794,Rundklumpen,medikamentell,fôrbehandling,Emamectin benzoat,,,,hele lokaliteten,1627,BJUGN,16,Sør-Trøndelag,63.80125,9.607933,6,Nordmøre og Sør-Trøndelag,
10,2012,28316,Slåttøya,medikamentell,fôrbehandling,Emamectin benzoat,,,,hele lokaliteten,1630,ÅFJORD,16,Sør-Trøndelag,63.995033,9.871283,6,Nordmøre og Sør-Trøndelag,
10,2012,11813,Svinøy V,medikamentell,badebehandling,Azamethiphos,,,,hele lokaliteten,1429,FJALER,14,Sogn og Fjordane,61.3034,5.101717,4,Nordhordaland til Stadt,
10,2012,11252,Vindhammeren,medikamentell,badebehandling,Cypermethrin,,,,hele lokaliteten,1867,BØ I NORDLAND,18,Nordland,68.78075,14.593733,9,Vestfjorden og Vesterålen,
9,2012,12085,Aplavika,medikamentell,badebehandling,Annet virkestoff,,,,deler av lokaliteten,1238,KVAM,12,Hordaland,60.258766,6.05535,3,Karmøy til Sotra,
9,2012,12085,Aplavika,medikamentell,badebehandling,Annet virkestoff,,,,deler av lokaliteten,1238,KVAM,12,Hordaland,60.258766,6.05535,3,Karmøy til Sotra,
9,2012,12085,Aplavika,medikamentell,badebehandling,Annet virkestoff,,,,deler av lokaliteten,1238,KVAM,12,Hordaland,60.258766,6.05535,3,Karmøy til Sotra,
9,2012,12085,Aplavika,medikamentell,badebehandling,Annet virkestoff,,,,deler av lokaliteten,1238,KVAM,12,Hordaland,60.258766,6.05535,3,Karmøy til Sotra,
9,2012,10212,Bogen,medikamentell,fôrbehandling,Emamectin benzoat,,,,deler av lokaliteten,1505,KRISTIANSUND,15,Møre og Romsdal,63.077667,7.90345,6,Nordmøre og Sør-Trøndelag,
9,2012,10212,Bogen,medikamentell,fôrbehandling,Emamectin benzoat,,,,deler av lokaliteten,1505,KRISTIANSUND,15,Møre og Romsdal,63.077667,7.90345,6,Nordmøre og Sør-Trøndelag,
9,2012,10212,Bogen,medikamentell,fôrbehandling,Emamectin benzoat,,,,deler av lokaliteten,1505,KRISTIANSUND,15,Møre og Romsdal,63.077667,7.90345,6,Nordmøre og Sør-Trøndelag,
9,2012,10212,Bogen,medikamentell,fôrbehandling,Emamectin benzoat,,,,deler av lokaliteten,1505,KRISTIANSUND,15,Møre og Romsdal,63.077667,7.90345,6,Nordmøre og Sør-Trøndelag,
9,2012,20876,Børøya,medikamentell,fôrbehandling,Emamectin benzoat,,,,hele lokaliteten,1868,ØKSNES,18,Nordland,68.84385,14.852667,9,Vestfjorden og Vesterålen,
9,2012,25655,Buholmen,medikamentell,badebehandling,Azamethiphos,,,,hele lokaliteten,1160,VINDAFJORD,11,Rogaland,59.562183,5.5555,3,Karmøy til Sotra,
9,2012,12109,Ebne,medikamentell,badebehandling,Azamethiphos,,,,hele lokaliteten,1211,ETNE,12,Hordaland,59.712322,5.826833,3,Karmøy til Sotra,
9,2012,11559,Grimsholmen,medikamentell,badebehandling,Azamethiphos,,,,hele lokaliteten,1216,SVEIO,12,Hordaland,59.6554,5.403517,3,Karmøy til Sotra,
9,2012,22095,Hågardsneset,medikamentell,badebehandling,Azamethiphos,,,,hele lokaliteten,1224,KVINNHERAD,12,Hordaland,59.983932,5.932317,3,Karmøy til Sotra,
9,2012,11511,Hattasteinen,medikamentell,badebehandling,Azamethiphos,,,,hele lokaliteten,1219,BØMLO,12,Hordaland,59.626266,5.250717,3,Karmøy til Sotra,
9,2012,30257,Hausan,medikamentell,badebehandling,Deltamethrin,,,,hele lokaliteten,1612,HEMNE,16,Sør-Trøndelag,63.45855,8.95495,6,Nordmøre og Sør-Trøndelag,
9,2012,10300,Hillersvik,medikamentell,badebehandling,Azamethiphos,,,,hele lokaliteten,1216,SVEIO,12,Hordaland,59.6084,5.311917,3,Karmøy til Sotra,
9,2012,29656,Juvika,rensefisk,,,1692,Annen leppefisk,11000,hele lokaliteten,1412,SOLUND,14,Sogn og Fjordane,61.104767,5.018483,4,Nordhordaland til Stadt,
9,2012,18275,Kjeringå,medikamentell,badebehandling,Annet virkestoff,,,,hele lokaliteten,1141,FINNØY,11,Rogaland,59.19205,5.870067,2,Ryfylke,
9,2012,24455,Klavelandet,medikamentell,badebehandling,Azamethiphos,,,,hele lokaliteten,1401,FLORA,14,Sogn og Fjordane,61.60425,5.184067,4,Nordhordaland til Stadt,
9,2012,11719,Kråkenes,rensefisk,,,1692,Annen leppefisk,15120,hele lokaliteten,1412,SOLUND,14,Sogn og Fjordane,61.05835,4.921317,4,Nordhordaland til Stadt,
9,2012,30076,Kyrøyene,medikamentell,badebehandling,Annet virkestoff,,,,hele lokaliteten,1750,VIKNA,17,Nord-Trøndelag,64.7635,10.807333,7,Nord-Trøndelag med Bindal,
9,2012,11238,Langøyhovden,medikamentell,fôrbehandling,Emamectin benzoat,,,,hele lokaliteten,1868,ØKSNES,18,Nordland,68.80405,14.8663,9,Vestfjorden og Vesterålen,
9,2012,30157,Movik,medikamentell,badebehandling,Cypermethrin,,,,deler av lokaliteten,1845,SØRFOLD,18,Nordland,67.63177,15.26225,9,Vestfjorden og Vesterålen,
9,2012,30157,Movik,ikke-medikamentell,,,,,,deler av lokaliteten,1845,SØRFOLD,18,Nordland,67.63177,15.26225,9,Vestfjorden og Vesterålen,
9,2012,26315,Nordgjæslingan,medikamentell,badebehandling,Azamethiphos,,,,hele lokaliteten,1750,VIKNA,17,Nord-Trøndelag,64.7659,10.9128,7,Nord-Trøndelag med Bindal,
9,2012,26315,Nordgjæslingan,medikamentell,badebehandling,Azamethiphos,,,,hele lokaliteten,1750,VIKNA,17,Nord-Trøndelag,64.7659,10.9128,7,Nord-Trøndelag med Bindal,
9,2012,26315,Nordgjæslingan,medikamentell,badebehandling,Azamethiphos,,,,hele lokaliteten,1750,VIKNA,17,Nord-Trøndelag,64.7659,10.9128,7,Nord-Trøndelag med Bindal,
9,2012,26315,Nordgjæslingan,medikamentell,badebehandling,Azamethiphos,,,,hele lokaliteten,1750,VIKNA,17,Nord-Trøndelag,64.7659,10.9128,7,Nord-Trøndelag med Bindal,
9,2012,26315,Nordgjæslingan,medikamentell,badebehandling,Azamethiphos,,,,hele lokaliteten,1750,VIKNA,17,Nord-Trøndelag,64.7659,10.9128,7,Nord-Trøndelag med Bindal,
9,2012,26315,Nordgjæslingan,medikamentell,badebehandling,Azamethiphos,,,,hele lokaliteten,1750,VIKNA,17,Nord-Trøndelag,64.7659,10.9128,7,Nord-Trøndelag med Bindal,
9,2012,26315,Nordgjæslingan,medikamentell,badebehandling,Deltamethrin,,,,hele lokaliteten,1750,VIKNA,17,Nord-Trøndelag,64.7659,10.9128,7,Nord-Trøndelag med Bindal,
9,2012,26315,Nordgjæslingan,medikamentell,badebehandling,Deltamethrin,,,,hele lokaliteten,1750,VIKNA,17,Nord-Trøndelag,64.7659,10.9128,7,Nord-Trøndelag med Bindal,
9,2012,26315,Nordgjæslingan,medikamentell,badebehandling,Deltamethrin,,,,hele lokaliteten,1750,VIKNA,17,Nord-Trøndelag,64.7659,10.9128,7,Nord-Trøndelag med Bindal,
9,2012,26315,Nordgjæslingan,medikamentell,badebehandling,Deltamethrin,,,,hele lokaliteten,1750,VIKNA,17,Nord-Trøndelag,64.7659,10.9128,7,Nord-Trøndelag med Bindal,
9,2012,10841,Pollen,medikamentell,badebehandling,Cypermethrin,,,,hele lokaliteten,2012,ALTA,20,Finnmark,70.34088,22.804867,12,Vest-Finnmark,
9,2012,10841,Pollen,medikamentell,badebehandling,Cypermethrin,,,,hele lokaliteten,2012,ALTA,20,Finnmark,70.34088,22.804867,12,Vest-Finnmark,
9,2012,31959,Rataren II,medikamentell,fôrbehandling,Annet virkestoff,,,,hele lokaliteten,1620,FRØYA,16,Sør-Trøndelag,63.782516,8.52645,6,Nordmøre og Sør-Trøndelag,
9,2012,13867,Raunevågen,medikamentell,badebehandling,Azamethiphos,,,,hele lokaliteten,1216,SVEIO,12,Hordaland,59.65798,5.533667,3,Karmøy til Sotra,
9,2012,12794,Rundklumpen,medikamentell,fôrbehandling,Emamectin benzoat,,,,hele lokaliteten,1627,BJUGN,16,Sør-Trøndelag,63.80125,9.607933,6,Nordmøre og Sør-Trøndelag,
9,2012,11888,Sandvik,medikamentell,badebehandling,Azamethiphos,,,,hele lokaliteten,1134,SULDAL,11,Rogaland,59.31445,6.170917,2,Ryfylke,
9,2012,12892,Sjølsvik,medikamentell,fôrbehandling,Emamectin benzoat,,,,deler av lokaliteten,1557,GJEMNES,15,Møre og Romsdal,62.90481,8.104616,6,Nordmøre og Sør-Trøndelag,
9,2012,12892,Sjølsvik,medikamentell,fôrbehandling,Emamectin benzoat,,,,deler av lokaliteten,1557,GJEMNES,15,Møre og Romsdal,62.90481,8.104616,6,Nordmøre og Sør-Trøndelag,
9,2012,12892,Sjølsvik,medikamentell,fôrbehandling,Emamectin benzoat,,,,deler av lokaliteten,1557,GJEMNES,15,Møre og Romsdal,62.90481,8.104616,6,Nordmøre og Sør-Trøndelag,
9,2012,12206,Skarsteinane,medikamentell,badebehandling,Azamethiphos,,,,hele lokaliteten,1519,VOLDA,15,Møre og Romsdal,62.079933,6.113667,5,Stadt til Hustadvika,
9,2012,12206,Skarsteinane,ikke-medikamentell,,,,,,hele lokaliteten,1519,VOLDA,15,Møre og Romsdal,62.079933,6.113667,5,Stadt til Hustadvika,
9,2012,10327,Skiftesneset S,medikamentell,badebehandling,Annet virkestoff,,,,hele lokaliteten,1241,FUSA,12,Hordaland,60.066666,5.7434,3,Karmøy til Sotra,
9,2012,10327,Skiftesneset S,medikamentell,badebehandling,Azamethiphos,,,,hele lokaliteten,1241,FUSA,12,Hordaland,60.066666,5.7434,3,Karmøy til Sotra,
9,2012,26738,Skiftesvika,medikamentell,badebehandling,Azamethiphos,,,,hele lokaliteten,1141,FINNØY,11,Rogaland,59.167885,5.920667,2,Ryfylke,
9,2012,11640,Skorpeosen,medikamentell,badebehandling,Azamethiphos,,,,hele lokaliteten,1246,FJELL,12,Hordaland,60.332535,4.942783,3,Karmøy til Sotra,
9,2012,11640,Skorpeosen,ikke-medikamentell,,,,,,hele lokaliteten,1246,FJELL,12,Hordaland,60.332535,4.942783,3,Karmøy til Sotra,
9,2012,26155,Slåttholmen,medikamentell,fôrbehandling,Emamectin benzoat,,,,hele lokaliteten,1612,HEMNE,16,Sør-Trøndelag,63.44779,8.958173,6,Nordmøre og Sør-Trøndelag,
9,2012,11813,Svinøy V,medikamentell,badebehandling,Azamethiphos,,,,hele lokaliteten,1429,FJALER,14,Sogn og Fjordane,61.3034,5.101717,4,Nordhordaland til Stadt,
9,2012,12885,Vikageilen,medikamentell,fôrbehandling,Emamectin benzoat,,,,deler av lokaliteten,1505,KRISTIANSUND,15,Møre og Romsdal,63.075783,7.906067,6,Nordmøre og Sør-Trøndelag,
9,2012,12885,Vikageilen,medikamentell,fôrbehandling,Emamectin benzoat,,,,deler av lokaliteten,1505,KRISTIANSUND,15,Møre og Romsdal,63.075783,7.906067,6,Nordmøre og Sør-Trøndelag,
9,2012,12885,Vikageilen,medikamentell,fôrbehandling,Emamectin benzoat,,,,deler av lokaliteten,1505,KRISTIANSUND,15,Møre og Romsdal,63.075783,7.906067,6,Nordmøre og Sør-Trøndelag,
9,2012,13652,Viknabukta,medikamentell,badebehandling,Azamethiphos,,,,hele lokaliteten,1253,OSTERØY,12,Hordaland,60.441868,5.51425,4,Nordhordaland til Stadt,
9,2012,13652,Viknabukta,medikamentell,badebehandling,Deltamethrin,,,,hele lokaliteten,1253,OSTERØY,12,Hordaland,60.441868,5.51425,4,Nordhordaland til Stadt,
9,2012,13246,Voldnes,ikke-medikamentell,,,,,,hele lokaliteten,1515,HERØY I MØRE OG ROMSDAL,15,Møre og Romsdal,62.2097,5.7849,5,Stadt til Hustadvika,
8,2012,11800,Austeneståa,medikamentell,fôrbehandling,Emamectin benzoat,,,,deler av lokaliteten,1401,FLORA,14,Sogn og Fjordane,61.490917,5.165683,4,Nordhordaland til Stadt,
8,2012,10212,Bogen,medikamentell,fôrbehandling,Emamectin benzoat,,,,deler av lokaliteten,1505,KRISTIANSUND,15,Møre og Romsdal,63.077667,7.90345,6,Nordmøre og Sør-Trøndelag,
8,2012,10212,Bogen,medikamentell,fôrbehandling,Emamectin benzoat,,,,deler av lokaliteten,1505,KRISTIANSUND,15,Møre og Romsdal,63.077667,7.90345,6,Nordmøre og Sør-Trøndelag,
8,2012,10212,Bogen,medikamentell,fôrbehandling,Emamectin benzoat,,,,deler av lokaliteten,1505,KRISTIANSUND,15,Møre og Romsdal,63.077667,7.90345,6,Nordmøre og Sør-Trøndelag,
8,2012,10212,Bogen,medikamentell,fôrbehandling,Emamectin benzoat,,,,deler av lokaliteten,1505,KRISTIANSUND,15,Møre og Romsdal,63.077667,7.90345,6,Nordmøre og Sør-Trøndelag,
8,2012,20876,Børøya,medikamentell,fôrbehandling,Emamectin benzoat,,,,hele lokaliteten,1868,ØKSNES,18,Nordland,68.84385,14.852667,9,Vestfjorden og Vesterålen,
8,2012,12033,Dysvik,medikamentell,badebehandling,Azamethiphos,,,,deler av lokaliteten,1238,KVAM,12,Hordaland,60.191017,5.967617,3,Karmøy til Sotra,
8,2012,13838,Hegnes,rensefisk,,,1693,Bergnebb,6000,hele lokaliteten,1429,FJALER,14,Sogn og Fjordane,61.356483,5.287933,4,Nordhordaland til Stadt,
8,2012,11920,Herøy,ikke-medikamentell,,,,,,deler av lokaliteten,1160,VINDAFJORD,11,Rogaland,59.4664,6.0262,2,Ryfylke,
8,2012,10300,Hillersvik,medikamentell,badebehandling,Azamethiphos,,,,hele lokaliteten,1216,SVEIO,12,Hordaland,59.6084,5.311917,3,Karmøy til Sotra,
8,2012,19977,Jektholmen,medikamentell,badebehandling,Annet virkestoff,,,,deler av lokaliteten,1630,ÅFJORD,16,Sør-Trøndelag,63.99495,9.928317,6,Nordmøre og Sør-Trøndelag,
8,2012,19977,Jektholmen,medikamentell,badebehandling,Azamethiphos,,,,deler av lokaliteten,1630,ÅFJORD,16,Sør-Trøndelag,63.99495,9.928317,6,Nordmøre og Sør-Trøndelag,
8,2012,29656,Juvika,rensefisk,,,1692,Annen leppefisk,11000,hele lokaliteten,1412,SOLUND,14,Sogn og Fjordane,61.104767,5.018483,4,Nordhordaland til Stadt,
8,2012,18755,Klungset,medikamentell,badebehandling,Azamethiphos,,,,hele lokaliteten,1751,NÆRØY,17,Nord-Trøndelag,64.75118,11.39645,7,Nord-Trøndelag med Bindal,
8,2012,18755,Klungset,medikamentell,badebehandling,Deltamethrin,,,,hele lokaliteten,1751,NÆRØY,17,Nord-Trøndelag,64.75118,11.39645,7,Nord-Trøndelag med Bindal,
8,2012,11763,Knappen,medikamentell,fôrbehandling,Emamectin benzoat,,,,hele lokaliteten,1259,ØYGARDEN,12,Hordaland,60.573566,4.8185,4,Nordhordaland til Stadt,
8,2012,10113,Kobbavika,medikamentell,badebehandling,Azamethiphos,,,,hele lokaliteten,1141,FINNØY,11,Rogaland,59.121532,5.926167,2,Ryfylke,
8,2012,11719,Kråkenes,rensefisk,,,1692,Annen leppefisk,15120,hele lokaliteten,1412,SOLUND,14,Sogn og Fjordane,61.05835,4.921317,4,Nordhordaland til Stadt,
8,2012,11803,Kyravika,rensefisk,,,1693,Bergnebb,12000,hele lokaliteten,1429,FJALER,14,Sogn og Fjordane,61.316433,5.1563,4,Nordhordaland til Stadt,
8,2012,11238,Langøyhovden,medikamentell,fôrbehandling,Emamectin benzoat,,,,hele lokaliteten,1868,ØKSNES,18,Nordland,68.80405,14.8663,9,Vestfjorden og Vesterålen,
8,2012,19875,Or,medikamentell,fôrbehandling,Annet virkestoff,,,,hele lokaliteten,1505,KRISTIANSUND,15,Møre og Romsdal,63.04209,7.849293,6,Nordmøre og Sør-Trøndelag,
8,2012,10841,Pollen,medikamentell,badebehandling,Cypermethrin,,,,deler av lokaliteten,2012,ALTA,20,Finnmark,70.34088,22.804867,12,Vest-Finnmark,
8,2012,29896,Renndalen,medikamentell,fôrbehandling,Emamectin benzoat,,,,hele lokaliteten,1571,HALSA,15,Møre og Romsdal,63.176167,8.616817,6,Nordmøre og Sør-Trøndelag,
8,2012,12892,Sjølsvik,medikamentell,fôrbehandling,Emamectin benzoat,,,,deler av lokaliteten,1557,GJEMNES,15,Møre og Romsdal,62.90481,8.104616,6,Nordmøre og Sør-Trøndelag,
8,2012,12892,Sjølsvik,medikamentell,fôrbehandling,Emamectin benzoat,,,,deler av lokaliteten,1557,GJEMNES,15,Møre og Romsdal,62.90481,8.104616,6,Nordmøre og Sør-Trøndelag,
8,2012,12892,Sjølsvik,medikamentell,fôrbehandling,Emamectin benzoat,,,,deler av lokaliteten,1557,GJEMNES,15,Møre og Romsdal,62.90481,8.104616,6,Nordmøre og Sør-Trøndelag,
8,2012,13000,Slåttvika,medikamentell,badebehandling,Hydrogenperoksid,,,,deler av lokaliteten,1813,BRØNNØY,18,Nordland,65.5237,12.5455,8,Helgeland til Bodø,
8,2012,21955,Støylen,medikamentell,badebehandling,Deltamethrin,,,,deler av lokaliteten,1519,VOLDA,15,Møre og Romsdal,62.103867,6.077617,5,Stadt til Hustadvika,
8,2012,21955,Støylen,ikke-medikamentell,,,,,,hele lokaliteten,1519,VOLDA,15,Møre og Romsdal,62.103867,6.077617,5,Stadt til Hustadvika,
8,2012,12885,Vikageilen,medikamentell,fôrbehandling,Emamectin benzoat,,,,deler av lokaliteten,1505,KRISTIANSUND,15,Møre og Romsdal,63.075783,7.906067,6,Nordmøre og Sør-Trøndelag,
8,2012,12885,Vikageilen,medikamentell,fôrbehandling,Emamectin benzoat,,,,deler av lokaliteten,1505,KRISTIANSUND,15,Møre og Romsdal,63.075783,7.906067,6,Nordmøre og Sør-Trøndelag,
8,2012,12885,Vikageilen,medikamentell,fôrbehandling,Emamectin benzoat,,,,deler av lokaliteten,1505,KRISTIANSUND,15,Møre og Romsdal,63.075783,7.906067,6,Nordmøre og Sør-Trøndelag,
8,2012,12334,Voravika,medikamentell,badebehandling,Azamethiphos,,,,deler av lokaliteten,1514,SANDE I MØRE OG ROMSDAL,15,Møre og Romsdal,62.233147,5.489485,5,Stadt til Hustadvika,
8,2012,17495,Vullum,medikamentell,fôrbehandling,Emamectin benzoat,,,,hele lokaliteten,1571,HALSA,15,Møre og Romsdal,63.04895,8.21635,6,Nordmøre og Sør-Trøndelag,
7,2012,11513,Andal,medikamentell,badebehandling,Azamethiphos,,,,hele lokaliteten,1219,BØMLO,12,Hordaland,59.63655,5.2466,3,Karmøy til Sotra,
7,2012,11574,Breivik S,medikamentell,badebehandling,Azamethiphos,,,,hele lokaliteten,1219,BØMLO,12,Hordaland,59.671185,5.31215,3,Karmøy til Sotra,
7,2012,31137,Danielsnes,medikamentell,badebehandling,Cypermethrin,,,,deler av lokaliteten,2014,LOPPA,20,Finnmark,70.19172,22.321016,12,Vest-Finnmark,
7,2012,31137,Danielsnes,medikamentell,badebehandling,Cypermethrin,,,,deler av lokaliteten,2014,LOPPA,20,Finnmark,70.19172,22.321016,12,Vest-Finnmark,
7,2012,31137,Danielsnes,medikamentell,badebehandling,Cypermethrin,,,,deler av lokaliteten,2014,LOPPA,20,Finnmark,70.19172,22.321016,12,Vest-Finnmark,
7,2012,12659,Digerneset,medikamentell,badebehandling,Azamethiphos,,,,hele lokaliteten,1751,NÆRØY,17,Nord-Trøndelag,64.786125,11.724225,7,Nord-Trøndelag med Bindal,
7,2012,12659,Digerneset,medikamentell,badebehandling,Deltamethrin,,,,hele lokaliteten,1751,NÆRØY,17,Nord-Trøndelag,64.786125,11.724225,7,Nord-Trøndelag med Bindal,
7,2012,11833,Flåtegrunnen,medikamentell,badebehandling,Cypermethrin,,,,hele lokaliteten,1401,FLORA,14,Sogn og Fjordane,61.57615,4.807333,4,Nordhordaland til Stadt,
7,2012,11783,Hella,medikamentell,badebehandling,Azamethiphos,,,,hele lokaliteten,1428,ASKVOLL,14,Sogn og Fjordane,61.405834,5.0795,4,Nordhordaland til Stadt,
7,2012,11783,Hella,medikamentell,badebehandling,Azamethiphos,,,,hele lokaliteten,1428,ASKVOLL,14,Sogn og Fjordane,61.405834,5.0795,4,Nordhordaland til Stadt,
7,2012,10291,Hiskholmen,medikamentell,badebehandling,Azamethiphos,,,,hele lokaliteten,1219,BØMLO,12,Hordaland,59.72663,5.145617,3,Karmøy til Sotra,
7,2012,10291,Hiskholmen,medikamentell,badebehandling,Deltamethrin,,,,hele lokaliteten,1219,BØMLO,12,Hordaland,59.72663,5.145617,3,Karmøy til Sotra,
7,2012,11225,Juvågen,medikamentell,badebehandling,Cypermethrin,,,,hele lokaliteten,1868,ØKSNES,18,Nordland,68.91838,14.981183,9,Vestfjorden og Vesterålen,
7,2012,29656,Juvika,rensefisk,,,1692,Annen leppefisk,11000,hele lokaliteten,1412,SOLUND,14,Sogn og Fjordane,61.104767,5.018483,4,Nordhordaland til Stadt,
7,2012,13225,Kilaneset,medikamentell,fôrbehandling,Diflubenzuron,,,,hele lokaliteten,1134,SULDAL,11,Rogaland,59.31335,6.2672,2,Ryfylke,
7,2012,11763,Knappen,medikamentell,fôrbehandling,Emamectin benzoat,,,,hele lokaliteten,1259,ØYGARDEN,12,Hordaland,60.573566,4.8185,4,Nordhordaland til Stadt,
7,2012,11719,Kråkenes,rensefisk,,,1692,Annen leppefisk,15120,hele lokaliteten,1412,SOLUND,14,Sogn og Fjordane,61.05835,4.921317,4,Nordhordaland til Stadt,
7,2012,12652,Kråkøya,medikamentell,badebehandling,Deltamethrin,,,,hele lokaliteten,1750,VIKNA,17,Nord-Trøndelag,65.004295,11.039782,7,Nord-Trøndelag med Bindal,
7,2012,26295,Langøy,medikamentell,badebehandling,Azamethiphos,,,,hele lokaliteten,1263,LINDÅS,12,Hordaland,60.777668,5.158867,4,Nordhordaland til Stadt,
7,2012,26675,Leirhholmen,medikamentell,badebehandling,Annet virkestoff,,,,deler av lokaliteten,1834,LURØY,18,Nordland,66.3565,12.530117,8,Helgeland til Bodø,
7,2012,26675,Leirhholmen,medikamentell,badebehandling,Annet virkestoff,,,,deler av lokaliteten,1834,LURØY,18,Nordland,66.3565,12.530117,8,Helgeland til Bodø,
7,2012,26675,Leirhholmen,medikamentell,badebehandling,Annet virkestoff,,,,deler av lokaliteten,1834,LURØY,18,Nordland,66.3565,12.530117,8,Helgeland til Bodø,
7,2012,26675,Leirhholmen,medikamentell,badebehandling,Annet virkestoff,,,,deler av lokaliteten,1834,LURØY,18,Nordland,66.3565,12.530117,8,Helgeland til Bodø,
7,2012,12966,Lindvik,ikke-medikamentell,,,,,,deler av lokaliteten,1160,VINDAFJORD,11,Rogaland,59.4752,5.978667,2,Ryfylke,
7,2012,13549,Løypingneset,medikamentell,badebehandling,Deltamethrin,,,,hele lokaliteten,1438,BREMANGER,14,Sogn og Fjordane,61.819485,5.247933,4,Nordhordaland til Stadt,
7,2012,27075,Lunnøykalven,medikamentell,badebehandling,Annet virkestoff,,,,deler av lokaliteten,1244,AUSTEVOLL,12,Hordaland,60.016468,5.12995,3,Karmøy til Sotra,
7,2012,27075,Lunnøykalven,medikamentell,badebehandling,Azamethiphos,,,,deler av lokaliteten,1244,AUSTEVOLL,12,Hordaland,60.016468,5.12995,3,Karmøy til Sotra,
7,2012,10292,Lyklingholmen N,medikamentell,badebehandling,Azamethiphos,,,,deler av lokaliteten,1219,BØMLO,12,Hordaland,59.714535,5.15405,3,Karmøy til Sotra,
7,2012,10292,Lyklingholmen N,medikamentell,badebehandling,Deltamethrin,,,,deler av lokaliteten,1219,BØMLO,12,Hordaland,59.714535,5.15405,3,Karmøy til Sotra,
7,2012,10137,Matland,medikamentell,badebehandling,Annet virkestoff,,,,hele lokaliteten,1241,FUSA,12,Hordaland,60.264084,5.6591,3,Karmøy til Sotra,
7,2012,10137,Matland,medikamentell,badebehandling,Azamethiphos,,,,hele lokaliteten,1241,FUSA,12,Hordaland,60.264084,5.6591,3,Karmøy til Sotra,
7,2012,12047,Mjåneset,medikamentell,badebehandling,Annet virkestoff,,,,hele lokaliteten,1241,FUSA,12,Hordaland,60.176,5.7244,3,Karmøy til Sotra,
7,2012,12047,Mjåneset,medikamentell,badebehandling,Azamethiphos,,,,hele lokaliteten,1241,FUSA,12,Hordaland,60.176,5.7244,3,Karmøy til Sotra,
7,2012,19875,Or,medikamentell,fôrbehandling,Annet virkestoff,,,,hele lokaliteten,1505,KRISTIANSUND,15,Møre og Romsdal,63.04209,7.849293,6,Nordmøre og Sør-Trøndelag,
7,2012,10873,Råkneset,medikamentell,badebehandling,Hydrogenperoksid,,,,hele lokaliteten,1813,BRØNNØY,18,Nordland,65.44035,12.629949,8,Helgeland til Bodø,
7,2012,13249,Sagelva,medikamentell,badebehandling,Azamethiphos,,,,deler av lokaliteten,1520,ØRSTA,15,Møre og Romsdal,62.33795,6.38165,5,Stadt til Hustadvika,
7,2012,13249,Sagelva,ikke-medikamentell,,,,,,deler av lokaliteten,1520,ØRSTA,15,Møre og Romsdal,62.33795,6.38165,5,Stadt til Hustadvika,
7,2012,12048,Skiftesneset N,medikamentell,badebehandling,Azamethiphos,,,,deler av lokaliteten,1241,FUSA,12,Hordaland,60.07175,5.736433,3,Karmøy til Sotra,
7,2012,10825,Steinviknes,medikamentell,badebehandling,Cypermethrin,,,,deler av lokaliteten,2014,LOPPA,20,Finnmark,70.1517,22.312668,12,Vest-Finnmark,
7,2012,10825,Steinviknes,medikamentell,badebehandling,Cypermethrin,,,,deler av lokaliteten,2014,LOPPA,20,Finnmark,70.1517,22.312668,12,Vest-Finnmark,
7,2012,10825,Steinviknes,medikamentell,badebehandling,Cypermethrin,,,,deler av lokaliteten,2014,LOPPA,20,Finnmark,70.1517,22.312668,12,Vest-Finnmark,
7,2012,13566,Storskrebukti,medikamentell,badebehandling,Annet virkestoff,,,,hele lokaliteten,1263,LINDÅS,12,Hordaland,60.6529,5.419683,4,Nordhordaland til Stadt,
7,2012,13566,Storskrebukti,medikamentell,badebehandling,Azamethiphos,,,,hele lokaliteten,1263,LINDÅS,12,Hordaland,60.6529,5.419683,4,Nordhordaland til Stadt,
7,2012,29336,Trælsøyosen,medikamentell,badebehandling,Deltamethrin,,,,deler av lokaliteten,1244,AUSTEVOLL,12,Hordaland,60.1178,5.2702,3,Karmøy til Sotra,
7,2012,17495,Vullum,medikamentell,fôrbehandling,Emamectin benzoat,,,,hele lokaliteten,1571,HALSA,15,Møre og Romsdal,63.04895,8.21635,6,Nordmøre og Sør-Trøndelag,
6,2012,15796,Borgarliflot,medikamentell,badebehandling,Azamethiphos,,,,hele lokaliteten,1134,SULDAL,11,Rogaland,59.388035,5.929283,2,Ryfylke,
6,2012,31137,Danielsnes,medikamentell,badebehandling,Cypermethrin,,,,deler av lokaliteten,2014,LOPPA,20,Finnmark,70.19172,22.321016,12,Vest-Finnmark,
6,2012,31137,Danielsnes,medikamentell,badebehandling,Cypermethrin,,,,deler av lokaliteten,2014,LOPPA,20,Finnmark,70.19172,22.321016,12,Vest-Finnmark,
6,2012,31137,Danielsnes,medikamentell,badebehandling,Cypermethrin,,,,deler av lokaliteten,2014,LOPPA,20,Finnmark,70.19172,22.321016,12,Vest-Finnmark,
6,2012,31137,Danielsnes,medikamentell,badebehandling,Cypermethrin,,,,deler av lokaliteten,2014,LOPPA,20,Finnmark,70.19172,22.321016,12,Vest-Finnmark,
6,2012,12033,Dysvik,rensefisk,,,2221,Rognkjeks (felles),3000,hele lokaliteten,1238,KVAM,12,Hordaland,60.19158,5.966683,3,Karmøy til Sotra,
6,2012,29697,Hafsmo,medikamentell,fôrbehandling,Annet virkestoff,,,,deler av lokaliteten,1613,SNILLFJORD,16,Sør-Trøndelag,63.3667,9.245217,6,Nordmøre og Sør-Trøndelag,
6,2012,13838,Hegnes,rensefisk,,,1693,Bergnebb,6000,hele lokaliteten,1429,FJALER,14,Sogn og Fjordane,61.356483,5.287933,4,Nordhordaland til Stadt,
6,2012,10876,Istervika,medikamentell,badebehandling,Hydrogenperoksid,,,,deler av lokaliteten,1813,BRØNNØY,18,Nordland,65.4478,12.558083,8,Helgeland til Bodø,
6,2012,11225,Juvågen,medikamentell,badebehandling,Cypermethrin,,,,hele lokaliteten,1868,ØKSNES,18,Nordland,68.91838,14.981183,9,Vestfjorden og Vesterålen,
6,2012,29656,Juvika,rensefisk,,,1692,Annen leppefisk,11000,hele lokaliteten,1412,SOLUND,14,Sogn og Fjordane,61.104767,5.018483,4,Nordhordaland til Stadt,
6,2012,13225,Kilaneset,medikamentell,fôrbehandling,Diflubenzuron,,,,hele lokaliteten,1134,SULDAL,11,Rogaland,59.31335,6.2672,2,Ryfylke,
6,2012,11763,Knappen,medikamentell,fôrbehandling,Emamectin benzoat,,,,hele lokaliteten,1259,ØYGARDEN,12,Hordaland,60.573566,4.8185,4,Nordhordaland til Stadt,
6,2012,11719,Kråkenes,rensefisk,,,1692,Annen leppefisk,15120,hele lokaliteten,1412,SOLUND,14,Sogn og Fjordane,61.05835,4.921317,4,Nordhordaland til Stadt,
6,2012,12652,Kråkøya,medikamentell,badebehandling,Azamethiphos,,,,deler av lokaliteten,1750,VIKNA,17,Nord-Trøndelag,65.004295,11.039782,7,Nord-Trøndelag med Bindal,
6,2012,12652,Kråkøya,medikamentell,badebehandling,Deltamethrin,,,,deler av lokaliteten,1750,VIKNA,17,Nord-Trøndelag,65.004295,11.039782,7,Nord-Trøndelag med Bindal,
6,2012,10041,Kviksholmen,medikamentell,fôrbehandling,Emamectin benzoat,,,,hele lokaliteten,1244,AUSTEVOLL,12,Hordaland,60.054317,5.090733,3,Karmøy til Sotra,
6,2012,10041,Kviksholmen,medikamentell,fôrbehandling,Emamectin benzoat,,,,hele lokaliteten,1244,AUSTEVOLL,12,Hordaland,60.054317,5.090733,3,Karmøy til Sotra,
6,2012,10041,Kviksholmen,medikamentell,fôrbehandling,Emamectin benzoat,,,,hele lokaliteten,1244,AUSTEVOLL,12,Hordaland,60.054317,5.090733,3,Karmøy til Sotra,
6,2012,10041,Kviksholmen,medikamentell,fôrbehandling,Emamectin benzoat,,,,hele lokaliteten,1244,AUSTEVOLL,12,Hordaland,60.054317,5.090733,3,Karmøy til Sotra,
6,2012,11803,Kyravika,rensefisk,,,1693,Bergnebb,12000,hele lokaliteten,1429,FJALER,14,Sogn og Fjordane,61.316433,5.1563,4,Nordhordaland til Stadt,
6,2012,14086,Lelandsholmen,medikamentell,badebehandling,Deltamethrin,,,,hele lokaliteten,1219,BØMLO,12,Hordaland,59.728535,5.153067,3,Karmøy til Sotra,
6,2012,14039,Litle Lunnøy,medikamentell,badebehandling,Azamethiphos,,,,hele lokaliteten,1244,AUSTEVOLL,12,Hordaland,60.0199,5.16775,3,Karmøy til Sotra,
6,2012,14039,Litle Lunnøy,medikamentell,badebehandling,Azamethiphos,,,,hele lokaliteten,1244,AUSTEVOLL,12,Hordaland,60.0199,5.16775,3,Karmøy til Sotra,
6,2012,13549,Løypingneset,medikamentell,badebehandling,Deltamethrin,,,,hele lokaliteten,1438,BREMANGER,14,Sogn og Fjordane,61.819485,5.247933,4,Nordhordaland til Stadt,
6,2012,10791,Nordnes,medikamentell,fôrbehandling,Emamectin benzoat,,,,hele lokaliteten,2012,ALTA,20,Finnmark,70.2831,23.400017,12,Vest-Finnmark,
6,2012,19655,Ospeneset,medikamentell,fôrbehandling,Diflubenzuron,,,,hele lokaliteten,1263,LINDÅS,12,Hordaland,60.74523,5.270067,4,Nordhordaland til Stadt,
6,2012,12973,Saltkjelen I,medikamentell,fôrbehandling,Annet virkestoff,,,,hele lokaliteten,1238,KVAM,12,Hordaland,60.317932,6.183033,3,Karmøy til Sotra,
6,2012,13243,Sandvika,ikke-medikamentell,,,,,,hele lokaliteten,1519,VOLDA,15,Møre og Romsdal,62.195915,5.904867,5,Stadt til Hustadvika,
6,2012,10216,Skåren,medikamentell,badebehandling,Azamethiphos,,,,hele lokaliteten,1571,HALSA,15,Møre og Romsdal,63.076733,8.19315,6,Nordmøre og Sør-Trøndelag,
6,2012,10216,Skåren,medikamentell,badebehandling,Azamethiphos,,,,hele lokaliteten,1571,HALSA,15,Møre og Romsdal,63.076733,8.19315,6,Nordmøre og Sør-Trøndelag,
6,2012,10216,Skåren,medikamentell,badebehandling,Deltamethrin,,,,hele lokaliteten,1571,HALSA,15,Møre og Romsdal,63.076733,8.19315,6,Nordmøre og Sør-Trøndelag,
6,2012,10216,Skåren,medikamentell,badebehandling,Deltamethrin,,,,hele lokaliteten,1571,HALSA,15,Møre og Romsdal,63.076733,8.19315,6,Nordmøre og Sør-Trøndelag,
6,2012,12048,Skiftesneset N,medikamentell,badebehandling,Azamethiphos,,,,hele lokaliteten,1241,FUSA,12,Hordaland,60.07175,5.736433,3,Karmøy til Sotra,
6,2012,10327,Skiftesneset S,medikamentell,badebehandling,Azamethiphos,,,,hele lokaliteten,1241,FUSA,12,Hordaland,60.066666,5.7434,3,Karmøy til Sotra,
6,2012,10825,Steinviknes,medikamentell,badebehandling,Cypermethrin,,,,deler av lokaliteten,2014,LOPPA,20,Finnmark,70.1517,22.312668,12,Vest-Finnmark,
6,2012,12074,Svåsandneset,medikamentell,fôrbehandling,Emamectin benzoat,,,,deler av lokaliteten,1227,JONDAL,12,Hordaland,60.32422,6.318983,3,Karmøy til Sotra,
6,2012,10090,Trellevika,medikamentell,badebehandling,Annet virkestoff,,,,hele lokaliteten,1428,ASKVOLL,14,Sogn og Fjordane,61.369,5.018967,4,Nordhordaland til Stadt,
6,2012,13246,Voldnes,ikke-medikamentell,,,,,,hele lokaliteten,1515,HERØY I MØRE OG ROMSDAL,15,Møre og Romsdal,62.2097,5.7849,5,Stadt til Hustadvika,
5,2012,13227,Altaneset,medikamentell,badebehandling,Azamethiphos,,,,deler av lokaliteten,1241,FUSA,12,Hordaland,60.247116,5.63475,3,Karmøy til Sotra,
5,2012,32277,Andholmen 1,medikamentell,badebehandling,Annet virkestoff,,,,hele lokaliteten,1573,SMØLA,15,Møre og Romsdal,63.47,7.855,6,Nordmøre og Sør-Trøndelag,
5,2012,32277,Andholmen 1,medikamentell,badebehandling,Azamethiphos,,,,hele lokaliteten,1573,SMØLA,15,Møre og Romsdal,63.47,7.855,6,Nordmøre og Sør-Trøndelag,
5,2012,32277,Andholmen 1,ikke-medikamentell,,,,,,hele lokaliteten,1573,SMØLA,15,Møre og Romsdal,63.47,7.855,6,Nordmøre og Sør-Trøndelag,
5,2012,32297,Andholmen 2,medikamentell,badebehandling,Annet virkestoff,,,,hele lokaliteten,1573,SMØLA,15,Møre og Romsdal,63.46745,7.847167,6,Nordmøre og Sør-Trøndelag,
5,2012,32297,Andholmen 2,medikamentell,badebehandling,Azamethiphos,,,,hele lokaliteten,1573,SMØLA,15,Møre og Romsdal,63.46745,7.847167,6,Nordmøre og Sør-Trøndelag,
5,2012,32297,Andholmen 2,ikke-medikamentell,,,,,,hele lokaliteten,1573,SMØLA,15,Møre og Romsdal,63.46745,7.847167,6,Nordmøre og Sør-Trøndelag,
5,2012,32017,Ånholmen,medikamentell,badebehandling,Deltamethrin,,,,hele lokaliteten,1748,FOSNES,17,Nord-Trøndelag,64.7198,11.461683,7,Nord-Trøndelag med Bindal,
5,2012,10870,Aunholmen Ø,medikamentell,badebehandling,Hydrogenperoksid,,,,hele lokaliteten,1816,VEVELSTAD,18,Nordland,65.70697,12.621217,8,Helgeland til Bodø,
5,2012,12095,Bergadalen,medikamentell,badebehandling,Annet virkestoff,,,,deler av lokaliteten,1238,KVAM,12,Hordaland,60.1216,5.908883,3,Karmøy til Sotra,
5,2012,12095,Bergadalen,medikamentell,badebehandling,Annet virkestoff,,,,deler av lokaliteten,1238,KVAM,12,Hordaland,60.1216,5.908883,3,Karmøy til Sotra,
5,2012,12095,Bergadalen,medikamentell,badebehandling,Annet virkestoff,,,,deler av lokaliteten,1238,KVAM,12,Hordaland,60.1216,5.908883,3,Karmøy til Sotra,
5,2012,15796,Borgarliflot,medikamentell,badebehandling,Azamethiphos,,,,hele lokaliteten,1134,SULDAL,11,Rogaland,59.388035,5.929283,2,Ryfylke,
5,2012,12236,Endal Aust,medikamentell,badebehandling,Deltamethrin,,,,hele lokaliteten,1438,BREMANGER,14,Sogn og Fjordane,61.9071,5.49425,4,Nordhordaland til Stadt,
5,2012,13036,Gjengane,medikamentell,badebehandling,Azamethiphos,,,,hele lokaliteten,1244,AUSTEVOLL,12,Hordaland,60.071518,5.306383,3,Karmøy til Sotra,
5,2012,13036,Gjengane,medikamentell,badebehandling,Deltamethrin,,,,hele lokaliteten,1244,AUSTEVOLL,12,Hordaland,60.071518,5.306383,3,Karmøy til Sotra,
5,2012,11690,Grasholmen,medikamentell,badebehandling,Azamethiphos,,,,hele lokaliteten,1260,RADØY,12,Hordaland,60.59575,5.16095,4,Nordhordaland til Stadt,
5,2012,11690,Grasholmen,medikamentell,badebehandling,Deltamethrin,,,,hele lokaliteten,1260,RADØY,12,Hordaland,60.59575,5.16095,4,Nordhordaland til Stadt,
5,2012,11657,Gråvika,medikamentell,badebehandling,Annet virkestoff,,,,hele lokaliteten,1411,GULEN,14,Sogn og Fjordane,60.861782,4.934883,4,Nordhordaland til Stadt,
5,2012,31177,Hilderkleiva,medikamentell,badebehandling,Annet virkestoff,,,,hele lokaliteten,1911,KVÆFJORD,19,Troms,68.78005,16.0978,10,Andøya til Senja,
5,2012,31177,Hilderkleiva,medikamentell,badebehandling,Annet virkestoff,,,,hele lokaliteten,1911,KVÆFJORD,19,Troms,68.78005,16.0978,10,Andøya til Senja,
5,2012,12035,Hondskår,medikamentell,badebehandling,Azamethiphos,,,,hele lokaliteten,1224,KVINNHERAD,12,Hordaland,60.107334,5.941545,3,Karmøy til Sotra,
5,2012,27095,Ihlholmen,medikamentell,badebehandling,Azamethiphos,,,,deler av lokaliteten,1160,VINDAFJORD,11,Rogaland,59.7215,5.586633,3,Karmøy til Sotra,
5,2012,10876,Istervika,medikamentell,badebehandling,Hydrogenperoksid,,,,hele lokaliteten,1813,BRØNNØY,18,Nordland,65.4478,12.558083,8,Helgeland til Bodø,
5,2012,29656,Juvika,rensefisk,,,1692,Annen leppefisk,11000,hele lokaliteten,1412,SOLUND,14,Sogn og Fjordane,61.104767,5.018483,4,Nordhordaland til Stadt,
5,2012,28976,Kelvesteinen,medikamentell,badebehandling,Deltamethrin,,,,deler av lokaliteten,1246,FJELL,12,Hordaland,60.4029,5.063717,3,Karmøy til Sotra,
5,2012,28976,Kelvesteinen,medikamentell,badebehandling,Deltamethrin,,,,deler av lokaliteten,1246,FJELL,12,Hordaland,60.4029,5.063717,3,Karmøy til Sotra,
5,2012,28976,Kelvesteinen,medikamentell,badebehandling,Deltamethrin,,,,deler av lokaliteten,1246,FJELL,12,Hordaland,60.4029,5.063717,3,Karmøy til Sotra,
5,2012,28976,Kelvesteinen,medikamentell,badebehandling,Deltamethrin,,,,deler av lokaliteten,1246,FJELL,12,Hordaland,60.4029,5.063717,3,Karmøy til Sotra,
5,2012,13225,Kilaneset,medikamentell,fôrbehandling,Diflubenzuron,,,,hele lokaliteten,1134,SULDAL,11,Rogaland,59.31335,6.2672,2,Ryfylke,
5,2012,11719,Kråkenes,rensefisk,,,1692,Annen leppefisk,15120,hele lokaliteten,1412,SOLUND,14,Sogn og Fjordane,61.05835,4.921317,4,Nordhordaland til Stadt,
5,2012,10041,Kviksholmen,medikamentell,fôrbehandling,Emamectin benzoat,,,,hele lokaliteten,1244,AUSTEVOLL,12,Hordaland,60.054317,5.090733,3,Karmøy til Sotra,
5,2012,10041,Kviksholmen,medikamentell,fôrbehandling,Emamectin benzoat,,,,hele lokaliteten,1244,AUSTEVOLL,12,Hordaland,60.054317,5.090733,3,Karmøy til Sotra,
5,2012,10041,Kviksholmen,medikamentell,fôrbehandling,Emamectin benzoat,,,,hele lokaliteten,1244,AUSTEVOLL,12,Hordaland,60.054317,5.090733,3,Karmøy til Sotra,
5,2012,10041,Kviksholmen,medikamentell,fôrbehandling,Emamectin benzoat,,,,hele lokaliteten,1244,AUSTEVOLL,12,Hordaland,60.054317,5.090733,3,Karmøy til Sotra,
5,2012,26675,Leirhholmen,medikamentell,badebehandling,Annet virkestoff,,,,deler av lokaliteten,1834,LURØY,18,Nordland,66.3565,12.530117,8,Helgeland til Bodø,
5,2012,26675,Leirhholmen,medikamentell,badebehandling,Annet virkestoff,,,,deler av lokaliteten,1834,LURØY,18,Nordland,66.3565,12.530117,8,Helgeland til Bodø,
5,2012,26675,Leirhholmen,medikamentell,badebehandling,Annet virkestoff,,,,deler av lokaliteten,1834,LURØY,18,Nordland,66.3565,12.530117,8,Helgeland til Bodø,
5,2012,26675,Leirhholmen,medikamentell,badebehandling,Annet virkestoff,,,,deler av lokaliteten,1834,LURØY,18,Nordland,66.3565,12.530117,8,Helgeland til Bodø,
5,2012,26675,Leirhholmen,medikamentell,badebehandling,Annet virkestoff,,,,deler av lokaliteten,1834,LURØY,18,Nordland,66.3565,12.530117,8,Helgeland til Bodø,
5,2012,26675,Leirhholmen,medikamentell,badebehandling,Annet virkestoff,,,,deler av lokaliteten,1834,LURØY,18,Nordland,66.3565,12.530117,8,Helgeland til Bodø,
5,2012,12870,Leite,rensefisk,,,1694,Grøngylt,1,hele lokaliteten,1554,AVERØY,15,Møre og Romsdal,63.035984,7.678117,6,Nordmøre og Sør-Trøndelag,
5,2012,12870,Leite,rensefisk,,,1691,Berggylt,1,hele lokaliteten,1554,AVERØY,15,Møre og Romsdal,63.035984,7.678117,6,Nordmøre og Sør-Trøndelag,
5,2012,12870,Leite,rensefisk,,,1693,Bergnebb,1,hele lokaliteten,1554,AVERØY,15,Møre og Romsdal,63.035984,7.678117,6,Nordmøre og Sør-Trøndelag,
5,2012,14039,Litle Lunnøy,medikamentell,badebehandling,Azamethiphos,,,,hele lokaliteten,1244,AUSTEVOLL,12,Hordaland,60.0199,5.16775,3,Karmøy til Sotra,
5,2012,14039,Litle Lunnøy,medikamentell,badebehandling,Azamethiphos,,,,hele lokaliteten,1244,AUSTEVOLL,12,Hordaland,60.0199,5.16775,3,Karmøy til Sotra,
5,2012,12978,Lyngholmen,medikamentell,badebehandling,Annet virkestoff,,,,hele lokaliteten,1411,GULEN,14,Sogn og Fjordane,61.01525,5.004667,4,Nordhordaland til Stadt,
5,2012,13965,Nesbø/Gjeldsvik,medikamentell,badebehandling,Azamethiphos,,,,hele lokaliteten,1263,LINDÅS,12,Hordaland,60.68835,5.4232,4,Nordhordaland til Stadt,
5,2012,13965,Nesbø/Gjeldsvik,medikamentell,badebehandling,Deltamethrin,,,,hele lokaliteten,1263,LINDÅS,12,Hordaland,60.68835,5.4232,4,Nordhordaland til Stadt,
5,2012,10791,Nordnes,medikamentell,fôrbehandling,Emamectin benzoat,,,,hele lokaliteten,2012,ALTA,20,Finnmark,70.2831,23.400017,12,Vest-Finnmark,
5,2012,12973,Saltkjelen I,medikamentell,fôrbehandling,Annet virkestoff,,,,hele lokaliteten,1238,KVAM,12,Hordaland,60.317932,6.183033,3,Karmøy til Sotra,
5,2012,13243,Sandvika,medikamentell,badebehandling,Azamethiphos,,,,deler av lokaliteten,1519,VOLDA,15,Møre og Romsdal,62.195915,5.904867,5,Stadt til Hustadvika,
5,2012,13243,Sandvika,ikke-medikamentell,,,,,,hele lokaliteten,1519,VOLDA,15,Møre og Romsdal,62.195915,5.904867,5,Stadt til Hustadvika,
5,2012,25896,Skorpo,medikamentell,badebehandling,Cypermethrin,,,,hele lokaliteten,1223,TYSNES,12,Hordaland,59.8771,5.637667,3,Karmøy til Sotra,
5,2012,12192,Skorva,medikamentell,fôrbehandling,Emamectin benzoat,,,,deler av lokaliteten,1428,ASKVOLL,14,Sogn og Fjordane,61.467117,5.3136,4,Nordhordaland til Stadt,
5,2012,29356,Smineset Nord,medikamentell,badebehandling,Annet virkestoff,,,,deler av lokaliteten,1751,NÆRØY,17,Nord-Trøndelag,64.75597,11.54245,7,Nord-Trøndelag med Bindal,
5,2012,29356,Smineset Nord,medikamentell,badebehandling,Annet virkestoff,,,,deler av lokaliteten,1751,NÆRØY,17,Nord-Trøndelag,64.75597,11.54245,7,Nord-Trøndelag med Bindal,
5,2012,11525,Stille S,medikamentell,badebehandling,Azamethiphos,,,,hele lokaliteten,1244,AUSTEVOLL,12,Hordaland,60.08255,5.1457,3,Karmøy til Sotra,
5,2012,12965,Stølsvik Nø,medikamentell,badebehandling,Azamethiphos,,,,hele lokaliteten,1146,TYSVÆR,11,Rogaland,59.405533,5.711667,2,Ryfylke,
5,2012,13246,Voldnes,medikamentell,badebehandling,Azamethiphos,,,,deler av lokaliteten,1515,HERØY I MØRE OG ROMSDAL,15,Møre og Romsdal,62.2097,5.7849,5,Stadt til Hustadvika,
5,2012,13246,Voldnes,ikke-medikamentell,,,,,,hele lokaliteten,1515,HERØY I MØRE OG ROMSDAL,15,Møre og Romsdal,62.2097,5.7849,5,Stadt til Hustadvika,
4,2012,12086,Alsåkervik,medikamentell,fôrbehandling,Emamectin benzoat,,,,hele lokaliteten,1224,KVINNHERAD,12,Hordaland,59.7601,6.074183,3,Karmøy til Sotra,
4,2012,10212,Bogen,medikamentell,badebehandling,Azamethiphos,,,,deler av lokaliteten,1505,KRISTIANSUND,15,Møre og Romsdal,63.077667,7.90345,6,Nordmøre og Sør-Trøndelag,
4,2012,10212,Bogen,medikamentell,badebehandling,Azamethiphos,,,,deler av lokaliteten,1505,KRISTIANSUND,15,Møre og Romsdal,63.077667,7.90345,6,Nordmøre og Sør-Trøndelag,
4,2012,13841,Brunsvik,medikamentell,badebehandling,Cypermethrin,,,,hele lokaliteten,1439,VÅGSØY,14,Sogn og Fjordane,61.910233,5.290883,4,Nordhordaland til Stadt,
4,2012,13841,Brunsvik,ikke-medikamentell,,,,,,hele lokaliteten,1439,VÅGSØY,14,Sogn og Fjordane,61.910233,5.290883,4,Nordhordaland til Stadt,
4,2012,11204,Buviknakken,medikamentell,badebehandling,Azamethiphos,,,,deler av lokaliteten,1860,VESTVÅGØY,18,Nordland,68.08428,13.659167,9,Vestfjorden og Vesterålen,
4,2012,11204,Buviknakken,medikamentell,badebehandling,Deltamethrin,,,,deler av lokaliteten,1860,VESTVÅGØY,18,Nordland,68.08428,13.659167,9,Vestfjorden og Vesterålen,
4,2012,13229,Djupedalen,medikamentell,badebehandling,Azamethiphos,,,,hele lokaliteten,1241,FUSA,12,Hordaland,60.230865,5.6733,3,Karmøy til Sotra,
4,2012,13058,Fusavika,medikamentell,badebehandling,Azamethiphos,,,,hele lokaliteten,1241,FUSA,12,Hordaland,60.207634,5.613817,3,Karmøy til Sotra,
4,2012,26335,Geitholmen,medikamentell,badebehandling,Hydrogenperoksid,,,,hele lokaliteten,1750,VIKNA,17,Nord-Trøndelag,64.79955,11.025933,7,Nord-Trøndelag med Bindal,
4,2012,26335,Geitholmen,medikamentell,badebehandling,Hydrogenperoksid,,,,hele lokaliteten,1750,VIKNA,17,Nord-Trøndelag,64.79955,11.025933,7,Nord-Trøndelag med Bindal,
4,2012,26335,Geitholmen,medikamentell,badebehandling,Hydrogenperoksid,,,,hele lokaliteten,1750,VIKNA,17,Nord-Trøndelag,64.79955,11.025933,7,Nord-Trøndelag med Bindal,
4,2012,26335,Geitholmen,medikamentell,badebehandling,Hydrogenperoksid,,,,hele lokaliteten,1750,VIKNA,17,Nord-Trøndelag,64.79955,11.025933,7,Nord-Trøndelag med Bindal,
4,2012,10324,Gjerdeviksflua,medikamentell,badebehandling,Azamethiphos,,,,hele lokaliteten,1241,FUSA,12,Hordaland,60.223083,5.641167,3,Karmøy til Sotra,
4,2012,11643,Hatlem Ø,medikamentell,badebehandling,Annet virkestoff,,,,hele lokaliteten,1413,HYLLESTAD,14,Sogn og Fjordane,61.200916,5.262117,4,Nordhordaland til Stadt,
4,2012,13838,Hegnes,rensefisk,,,1693,Bergnebb,6000,hele lokaliteten,1429,FJALER,14,Sogn og Fjordane,61.356483,5.287933,4,Nordhordaland til Stadt,
4,2012,13782,Helgeneshamn,medikamentell,badebehandling,Cypermethrin,,,,hele lokaliteten,1866,HADSEL,18,Nordland,68.491585,15.2339,9,Vestfjorden og Vesterålen,
4,2012,13782,Helgeneshamn,medikamentell,badebehandling,Cypermethrin,,,,hele lokaliteten,1866,HADSEL,18,Nordland,68.491585,15.2339,9,Vestfjorden og Vesterålen,
4,2012,13231,Høylandssund,medikamentell,badebehandling,Cypermethrin,,,,hele lokaliteten,1224,KVINNHERAD,12,Hordaland,59.776268,5.8309,3,Karmøy til Sotra,
4,2012,29656,Juvika,medikamentell,fôrbehandling,Emamectin benzoat,,,,hele lokaliteten,1412,SOLUND,14,Sogn og Fjordane,61.104767,5.018483,4,Nordhordaland til Stadt,
4,2012,29656,Juvika,medikamentell,fôrbehandling,Emamectin benzoat,,,,hele lokaliteten,1412,SOLUND,14,Sogn og Fjordane,61.104767,5.018483,4,Nordhordaland til Stadt,
4,2012,29656,Juvika,medikamentell,fôrbehandling,Emamectin benzoat,,,,hele lokaliteten,1412,SOLUND,14,Sogn og Fjordane,61.104767,5.018483,4,Nordhordaland til Stadt,
4,2012,29656,Juvika,medikamentell,fôrbehandling,Emamectin benzoat,,,,hele lokaliteten,1412,SOLUND,14,Sogn og Fjordane,61.104767,5.018483,4,Nordhordaland til Stadt,
4,2012,29656,Juvika,medikamentell,fôrbehandling,Emamectin benzoat,,,,hele lokaliteten,1412,SOLUND,14,Sogn og Fjordane,61.104767,5.018483,4,Nordhordaland til Stadt,
4,2012,29656,Juvika,medikamentell,fôrbehandling,Emamectin benzoat,,,,hele lokaliteten,1412,SOLUND,14,Sogn og Fjordane,61.104767,5.018483,4,Nordhordaland til Stadt,
4,2012,29656,Juvika,medikamentell,fôrbehandling,Emamectin benzoat,,,,hele lokaliteten,1412,SOLUND,14,Sogn og Fjordane,61.104767,5.018483,4,Nordhordaland til Stadt,
4,2012,29656,Juvika,medikamentell,fôrbehandling,Emamectin benzoat,,,,hele lokaliteten,1412,SOLUND,14,Sogn og Fjordane,61.104767,5.018483,4,Nordhordaland til Stadt,
4,2012,29656,Juvika,medikamentell,fôrbehandling,Emamectin benzoat,,,,hele lokaliteten,1412,SOLUND,14,Sogn og Fjordane,61.104767,5.018483,4,Nordhordaland til Stadt,
4,2012,29656,Juvika,medikamentell,fôrbehandling,Emamectin benzoat,,,,hele lokaliteten,1412,SOLUND,14,Sogn og Fjordane,61.104767,5.018483,4,Nordhordaland til Stadt,
4,2012,29656,Juvika,rensefisk,,,1692,Annen leppefisk,11000,hele lokaliteten,1412,SOLUND,14,Sogn og Fjordane,61.104767,5.018483,4,Nordhordaland til Stadt,
4,2012,11719,Kråkenes,rensefisk,,,1692,Annen leppefisk,15120,hele lokaliteten,1412,SOLUND,14,Sogn og Fjordane,61.05835,4.921317,4,Nordhordaland til Stadt,
4,2012,18217,Kvaløy Øst,medikamentell,badebehandling,Azamethiphos,,,,hele lokaliteten,1149,KARMØY,11,Rogaland,59.3963,5.171533,3,Karmøy til Sotra,
4,2012,11803,Kyravika,rensefisk,,,1693,Bergnebb,12000,hele lokaliteten,1429,FJALER,14,Sogn og Fjordane,61.316433,5.1563,4,Nordhordaland til Stadt,
4,2012,12870,Leite,rensefisk,,,1694,Grøngylt,1,hele lokaliteten,1554,AVERØY,15,Møre og Romsdal,63.035984,7.678117,6,Nordmøre og Sør-Trøndelag,
4,2012,12870,Leite,rensefisk,,,1693,Bergnebb,1,hele lokaliteten,1554,AVERØY,15,Møre og Romsdal,63.035984,7.678117,6,Nordmøre og Sør-Trøndelag,
4,2012,12870,Leite,rensefisk,,,1691,Berggylt,1,hele lokaliteten,1554,AVERØY,15,Møre og Romsdal,63.035984,7.678117,6,Nordmøre og Sør-Trøndelag,
4,2012,11611,Naveide,medikamentell,badebehandling,Azamethiphos,,,,deler av lokaliteten,1244,AUSTEVOLL,12,Hordaland,60.13907,5.112783,3,Karmøy til Sotra,
4,2012,11611,Naveide,medikamentell,badebehandling,Deltamethrin,,,,deler av lokaliteten,1244,AUSTEVOLL,12,Hordaland,60.13907,5.112783,3,Karmøy til Sotra,
4,2012,11205,Oterholmen I,medikamentell,fôrbehandling,Emamectin benzoat,,,,hele lokaliteten,1860,VESTVÅGØY,18,Nordland,68.09425,13.63566,9,Vestfjorden og Vesterålen,
4,2012,29276,Rongøy,medikamentell,badebehandling,Deltamethrin,,,,deler av lokaliteten,1259,ØYGARDEN,12,Hordaland,60.509468,4.9314,4,Nordhordaland til Stadt,
4,2012,13612,Rundereimstranda,rensefisk,,,1691,Berggylt,22,hele lokaliteten,1441,SELJE,14,Sogn og Fjordane,62.009968,5.331917,4,Nordhordaland til Stadt,
4,2012,11888,Sandvik,medikamentell,badebehandling,Azamethiphos,,,,hele lokaliteten,1134,SULDAL,11,Rogaland,59.31445,6.170917,2,Ryfylke,
4,2012,13706,Seljeset,medikamentell,fôrbehandling,Emamectin benzoat,,,,hele lokaliteten,1401,FLORA,14,Sogn og Fjordane,61.580868,5.243233,4,Nordhordaland til Stadt,
4,2012,12192,Skorva,medikamentell,fôrbehandling,Emamectin benzoat,,,,hele lokaliteten,1428,ASKVOLL,14,Sogn og Fjordane,61.467117,5.3136,4,Nordhordaland til Stadt,
4,2012,31117,Skrubbo,medikamentell,badebehandling,Azamethiphos,,,,deler av lokaliteten,1241,FUSA,12,Hordaland,60.15632,5.713217,3,Karmøy til Sotra,
4,2012,13000,Slåttvika,medikamentell,badebehandling,Azamethiphos,,,,deler av lokaliteten,1813,BRØNNØY,18,Nordland,65.5237,12.5455,8,Helgeland til Bodø,
4,2012,13000,Slåttvika,medikamentell,badebehandling,Deltamethrin,,,,deler av lokaliteten,1813,BRØNNØY,18,Nordland,65.5237,12.5455,8,Helgeland til Bodø,
4,2012,13936,Sørvika,medikamentell,badebehandling,Cypermethrin,,,,hele lokaliteten,1866,HADSEL,18,Nordland,68.47145,15.213633,9,Vestfjorden og Vesterålen,
4,2012,13936,Sørvika,medikamentell,badebehandling,Cypermethrin,,,,hele lokaliteten,1866,HADSEL,18,Nordland,68.47145,15.213633,9,Vestfjorden og Vesterålen,
4,2012,11525,Stille S,medikamentell,badebehandling,Azamethiphos,,,,hele lokaliteten,1244,AUSTEVOLL,12,Hordaland,60.08255,5.1457,3,Karmøy til Sotra,
4,2012,19015,Stokkvika,rensefisk,,,1693,Bergnebb,3160,deler av lokaliteten,1612,HEMNE,16,Sør-Trøndelag,63.33385,9.18015,6,Nordmøre og Sør-Trøndelag,
4,2012,20776,Storoksen,medikamentell,badebehandling,Deltamethrin,,,,deler av lokaliteten,1247,ASKØY,12,Hordaland,60.530884,4.97325,4,Nordhordaland til Stadt,
4,2012,20776,Storoksen,medikamentell,badebehandling,Deltamethrin,,,,deler av lokaliteten,1247,ASKØY,12,Hordaland,60.530884,4.97325,4,Nordhordaland til Stadt,
4,2012,20776,Storoksen,medikamentell,badebehandling,Deltamethrin,,,,deler av lokaliteten,1247,ASKØY,12,Hordaland,60.530884,4.97325,4,Nordhordaland til Stadt,
4,2012,12074,Svåsandneset,medikamentell,fôrbehandling,Emamectin benzoat,,,,hele lokaliteten,1227,JONDAL,12,Hordaland,60.32422,6.318983,3,Karmøy til Sotra,
4,2012,13677,Trøan/Bjørklibukta,medikamentell,badebehandling,Annet virkestoff,,,,hele lokaliteten,1612,HEMNE,16,Sør-Trøndelag,63.33155,9.1231,6,Nordmøre og Sør-Trøndelag,
4,2012,32337,Veiesund,medikamentell,fôrbehandling,Emamectin benzoat,,,,deler av lokaliteten,1401,FLORA,14,Sogn og Fjordane,61.572067,5.0466,4,Nordhordaland til Stadt,
4,2012,13837,Verpeide,medikamentell,badebehandling,Cypermethrin,,,,hele lokaliteten,1439,VÅGSØY,14,Sogn og Fjordane,61.902954,5.207967,4,Nordhordaland til Stadt,
4,2012,13837,Verpeide,ikke-medikamentell,,,,,,hele lokaliteten,1439,VÅGSØY,14,Sogn og Fjordane,61.902954,5.207967,4,Nordhordaland til Stadt,
4,2012,12885,Vikageilen,medikamentell,badebehandling,Azamethiphos,,,,deler av lokaliteten,1505,KRISTIANSUND,15,Møre og Romsdal,63.075783,7.906067,6,Nordmøre og Sør-Trøndelag,
4,2012,12885,Vikageilen,medikamentell,badebehandling,Azamethiphos,,,,deler av lokaliteten,1505,KRISTIANSUND,15,Møre og Romsdal,63.075783,7.906067,6,Nordmøre og Sør-Trøndelag,
4,2012,13246,Voldnes,medikamentell,badebehandling,Azamethiphos,,,,deler av lokaliteten,1515,HERØY I MØRE OG ROMSDAL,15,Møre og Romsdal,62.2097,5.7849,5,Stadt til Hustadvika,
3,2012,12086,Alsåkervik,medikamentell,fôrbehandling,Emamectin benzoat,,,,hele lokaliteten,1224,KVINNHERAD,12,Hordaland,59.7601,6.074183,3,Karmøy til Sotra,
3,2012,11793,Ånnaholmane,medikamentell,fôrbehandling,Emamectin benzoat,,,,hele lokaliteten,1428,ASKVOLL,14,Sogn og Fjordane,61.28417,4.727567,4,Nordhordaland til Stadt,
3,2012,24695,Årnes,medikamentell,badebehandling,Annet virkestoff,,,,deler av lokaliteten,1703,NAMSOS,17,Nord-Trøndelag,64.5961,11.273417,7,Nord-Trøndelag med Bindal,
3,2012,24695,Årnes,medikamentell,badebehandling,Azamethiphos,,,,deler av lokaliteten,1703,NAMSOS,17,Nord-Trøndelag,64.5961,11.273417,7,Nord-Trøndelag med Bindal,
3,2012,12625,Bjørgan,ikke-medikamentell,,,,,,hele lokaliteten,1749,FLATANGER,17,Nord-Trøndelag,64.5921,10.90985,7,Nord-Trøndelag med Bindal,
3,2012,13209,Bognøy,medikamentell,fôrbehandling,Emamectin benzoat,,,,hele lokaliteten,1260,RADØY,12,Hordaland,60.60407,5.076983,4,Nordhordaland til Stadt,
3,2012,10995,Bukkøysundet,medikamentell,badebehandling,Annet virkestoff,,,,deler av lokaliteten,1835,TRÆNA,18,Nordland,66.548035,12.243168,8,Helgeland til Bodø,
3,2012,10995,Bukkøysundet,medikamentell,badebehandling,Annet virkestoff,,,,deler av lokaliteten,1835,TRÆNA,18,Nordland,66.548035,12.243168,8,Helgeland til Bodø,
3,2012,10995,Bukkøysundet,medikamentell,badebehandling,Annet virkestoff,,,,deler av lokaliteten,1835,TRÆNA,18,Nordland,66.548035,12.243168,8,Helgeland til Bodø,
3,2012,10995,Bukkøysundet,medikamentell,badebehandling,Annet virkestoff,,,,deler av lokaliteten,1835,TRÆNA,18,Nordland,66.548035,12.243168,8,Helgeland til Bodø,
3,2012,10995,Bukkøysundet,medikamentell,badebehandling,Annet virkestoff,,,,deler av lokaliteten,1835,TRÆNA,18,Nordland,66.548035,12.243168,8,Helgeland til Bodø,
3,2012,15456,Eidesberget,medikamentell,badebehandling,Azamethiphos,,,,hele lokaliteten,1416,HØYANGER,14,Sogn og Fjordane,61.105118,5.853883,4,Nordhordaland til Stadt,
3,2012,12624,Feøyvika,ikke-medikamentell,,,,,,hele lokaliteten,1749,FLATANGER,17,Nord-Trøndelag,64.561,10.917883,7,Nord-Trøndelag med Bindal,
3,2012,11833,Flåtegrunnen,medikamentell,badebehandling,Azamethiphos,,,,deler av lokaliteten,1401,FLORA,14,Sogn og Fjordane,61.57615,4.807333,4,Nordhordaland til Stadt,
3,2012,25835,Flatøyflu,medikamentell,badebehandling,Azamethiphos,,,,hele lokaliteten,1244,AUSTEVOLL,12,Hordaland,60.156433,5.232,3,Karmøy til Sotra,
3,2012,25835,Flatøyflu,medikamentell,badebehandling,Deltamethrin,,,,hele lokaliteten,1244,AUSTEVOLL,12,Hordaland,60.156433,5.232,3,Karmøy til Sotra,
3,2012,26935,Frovågneset,medikamentell,badebehandling,Deltamethrin,,,,hele lokaliteten,1927,TRANØY,19,Troms,69.06995,17.061447,10,Andøya til Senja,
3,2012,12078,Gangdal,medikamentell,fôrbehandling,Emamectin benzoat,,,,hele lokaliteten,1227,JONDAL,12,Hordaland,60.215935,6.156667,3,Karmøy til Sotra,
3,2012,26335,Geitholmen,medikamentell,badebehandling,Hydrogenperoksid,,,,deler av lokaliteten,1750,VIKNA,17,Nord-Trøndelag,64.79955,11.025933,7,Nord-Trøndelag med Bindal,
3,2012,26335,Geitholmen,medikamentell,badebehandling,Hydrogenperoksid,,,,deler av lokaliteten,1750,VIKNA,17,Nord-Trøndelag,64.79955,11.025933,7,Nord-Trøndelag med Bindal,
3,2012,26335,Geitholmen,medikamentell,badebehandling,Hydrogenperoksid,,,,deler av lokaliteten,1750,VIKNA,17,Nord-Trøndelag,64.79955,11.025933,7,Nord-Trøndelag med Bindal,
3,2012,12789,Gunnarøya,medikamentell,badebehandling,Azamethiphos,,,,hele lokaliteten,1613,SNILLFJORD,16,Sør-Trøndelag,63.569485,9.467983,6,Nordmøre og Sør-Trøndelag,
3,2012,12789,Gunnarøya,medikamentell,badebehandling,Deltamethrin,,,,hele lokaliteten,1613,SNILLFJORD,16,Sør-Trøndelag,63.569485,9.467983,6,Nordmøre og Sør-Trøndelag,
3,2012,30897,Havsundet,medikamentell,badebehandling,Azamethiphos,,,,hele lokaliteten,1627,BJUGN,16,Sør-Trøndelag,63.799534,9.440667,6,Nordmøre og Sør-Trøndelag,
3,2012,30897,Havsundet,medikamentell,badebehandling,Deltamethrin,,,,hele lokaliteten,1627,BJUGN,16,Sør-Trøndelag,63.799534,9.440667,6,Nordmøre og Sør-Trøndelag,
3,2012,10300,Hillersvik,rensefisk,,,1693,Bergnebb,60000,hele lokaliteten,1216,SVEIO,12,Hordaland,59.6084,5.311917,3,Karmøy til Sotra,
3,2012,13231,Høylandssund,medikamentell,badebehandling,Cypermethrin,,,,hele lokaliteten,1224,KVINNHERAD,12,Hordaland,59.776268,5.8309,3,Karmøy til Sotra,
3,2012,13231,Høylandssund,medikamentell,badebehandling,Cypermethrin,,,,hele lokaliteten,1224,KVINNHERAD,12,Hordaland,59.776268,5.8309,3,Karmøy til Sotra,
3,2012,27095,Ihlholmen,medikamentell,badebehandling,Cypermethrin,,,,hele lokaliteten,1160,VINDAFJORD,11,Rogaland,59.7215,5.586633,3,Karmøy til Sotra,
3,2012,27095,Ihlholmen,medikamentell,badebehandling,Cypermethrin,,,,hele lokaliteten,1160,VINDAFJORD,11,Rogaland,59.7215,5.586633,3,Karmøy til Sotra,
3,2012,10876,Istervika,medikamentell,badebehandling,Hydrogenperoksid,,,,deler av lokaliteten,1813,BRØNNØY,18,Nordland,65.4478,12.558083,8,Helgeland til Bodø,
3,2012,29656,Juvika,medikamentell,fôrbehandling,Emamectin benzoat,,,,hele lokaliteten,1412,SOLUND,14,Sogn og Fjordane,61.104767,5.018483,4,Nordhordaland til Stadt,
3,2012,29656,Juvika,medikamentell,fôrbehandling,Emamectin benzoat,,,,hele lokaliteten,1412,SOLUND,14,Sogn og Fjordane,61.104767,5.018483,4,Nordhordaland til Stadt,
3,2012,29656,Juvika,medikamentell,fôrbehandling,Emamectin benzoat,,,,hele lokaliteten,1412,SOLUND,14,Sogn og Fjordane,61.104767,5.018483,4,Nordhordaland til Stadt,
3,2012,29656,Juvika,medikamentell,fôrbehandling,Emamectin benzoat,,,,hele lokaliteten,1412,SOLUND,14,Sogn og Fjordane,61.104767,5.018483,4,Nordhordaland til Stadt,
3,2012,29656,Juvika,medikamentell,fôrbehandling,Emamectin benzoat,,,,hele lokaliteten,1412,SOLUND,14,Sogn og Fjordane,61.104767,5.018483,4,Nordhordaland til Stadt,
3,2012,29656,Juvika,medikamentell,fôrbehandling,Emamectin benzoat,,,,hele lokaliteten,1412,SOLUND,14,Sogn og Fjordane,61.104767,5.018483,4,Nordhordaland til Stadt,
3,2012,29656,Juvika,medikamentell,fôrbehandling,Emamectin benzoat,,,,hele lokaliteten,1412,SOLUND,14,Sogn og Fjordane,61.104767,5.018483,4,Nordhordaland til Stadt,
3,2012,29656,Juvika,medikamentell,fôrbehandling,Emamectin benzoat,,,,hele lokaliteten,1412,SOLUND,14,Sogn og Fjordane,61.104767,5.018483,4,Nordhordaland til Stadt,
3,2012,29656,Juvika,medikamentell,fôrbehandling,Emamectin benzoat,,,,hele lokaliteten,1412,SOLUND,14,Sogn og Fjordane,61.104767,5.018483,4,Nordhordaland til Stadt,
3,2012,29656,Juvika,medikamentell,fôrbehandling,Emamectin benzoat,,,,hele lokaliteten,1412,SOLUND,14,Sogn og Fjordane,61.104767,5.018483,4,Nordhordaland til Stadt,
3,2012,10511,Kaldhammaren Ø,medikamentell,badebehandling,Annet virkestoff,,,,hele lokaliteten,1868,ØKSNES,18,Nordland,68.86595,14.99655,9,Vestfjorden og Vesterålen,
3,2012,13225,Kilaneset,medikamentell,badebehandling,Azamethiphos,,,,hele lokaliteten,1134,SULDAL,11,Rogaland,59.31335,6.2672,2,Ryfylke,
3,2012,10206,Kleven,medikamentell,badebehandling,Cypermethrin,,,,deler av lokaliteten,1554,AVERØY,15,Møre og Romsdal,63.069477,7.600808,6,Nordmøre og Sør-Trøndelag,
3,2012,12980,Klubben,rensefisk,,,1693,Bergnebb,41000,hele lokaliteten,1412,SOLUND,14,Sogn og Fjordane,61.175167,5.00195,4,Nordhordaland til Stadt,
3,2012,11763,Knappen,rensefisk,,,1693,Bergnebb,40000,hele lokaliteten,1259,ØYGARDEN,12,Hordaland,60.573566,4.8185,4,Nordhordaland til Stadt,
3,2012,18217,Kvaløy Øst,medikamentell,badebehandling,Azamethiphos,,,,hele lokaliteten,1149,KARMØY,11,Rogaland,59.3963,5.171533,3,Karmøy til Sotra,
3,2012,11803,Kyravika,rensefisk,,,1693,Bergnebb,12000,hele lokaliteten,1429,FJALER,14,Sogn og Fjordane,61.316433,5.1563,4,Nordhordaland til Stadt,
3,2012,13234,Kysnes,medikamentell,fôrbehandling,Emamectin benzoat,,,,hele lokaliteten,1227,JONDAL,12,Hordaland,60.19877,6.09685,3,Karmøy til Sotra,
3,2012,11928,Langavika,medikamentell,badebehandling,Azamethiphos,,,,deler av lokaliteten,1133,HJELMELAND,11,Rogaland,59.232067,6.008317,2,Ryfylke,
3,2012,11928,Langavika,rensefisk,,,1694,Grøngylt,14000,hele lokaliteten,1133,HJELMELAND,11,Rogaland,59.232067,6.008317,2,Ryfylke,
3,2012,11928,Langavika,rensefisk,,,1691,Berggylt,22000,hele lokaliteten,1133,HJELMELAND,11,Rogaland,59.232067,6.008317,2,Ryfylke,
3,2012,26675,Leirhholmen,medikamentell,badebehandling,Azamethiphos,,,,deler av lokaliteten,1834,LURØY,18,Nordland,66.3565,12.530117,8,Helgeland til Bodø,
3,2012,26675,Leirhholmen,medikamentell,badebehandling,Deltamethrin,,,,deler av lokaliteten,1834,LURØY,18,Nordland,66.3565,12.530117,8,Helgeland til Bodø,
3,2012,12870,Leite,rensefisk,,,1693,Bergnebb,1,hele lokaliteten,1554,AVERØY,15,Møre og Romsdal,63.035984,7.678117,6,Nordmøre og Sør-Trøndelag,
3,2012,12870,Leite,rensefisk,,,1694,Grøngylt,1,hele lokaliteten,1554,AVERØY,15,Møre og Romsdal,63.035984,7.678117,6,Nordmøre og Sør-Trøndelag,
3,2012,12870,Leite,rensefisk,,,1691,Berggylt,1,hele lokaliteten,1554,AVERØY,15,Møre og Romsdal,63.035984,7.678117,6,Nordmøre og Sør-Trøndelag,
3,2012,12966,Lindvik,rensefisk,,,2221,Rognkjeks (felles),3286,deler av lokaliteten,1160,VINDAFJORD,11,Rogaland,59.4752,5.978667,2,Ryfylke,
3,2012,26275,Lunderøy,medikamentell,badebehandling,Azamethiphos,,,,deler av lokaliteten,1834,LURØY,18,Nordland,66.36735,12.551625,8,Helgeland til Bodø,
3,2012,26275,Lunderøy,medikamentell,badebehandling,Deltamethrin,,,,deler av lokaliteten,1834,LURØY,18,Nordland,66.36735,12.551625,8,Helgeland til Bodø,
3,2012,12134,Maradalen,medikamentell,badebehandling,Cypermethrin,,,,hele lokaliteten,1224,KVINNHERAD,12,Hordaland,59.76077,5.686767,3,Karmøy til Sotra,
3,2012,12047,Mjåneset,medikamentell,badebehandling,Azamethiphos,,,,hele lokaliteten,1241,FUSA,12,Hordaland,60.176,5.7244,3,Karmøy til Sotra,
3,2012,11611,Naveide,medikamentell,badebehandling,Azamethiphos,,,,deler av lokaliteten,1244,AUSTEVOLL,12,Hordaland,60.13907,5.112783,3,Karmøy til Sotra,
3,2012,11611,Naveide,medikamentell,badebehandling,Deltamethrin,,,,deler av lokaliteten,1244,AUSTEVOLL,12,Hordaland,60.13907,5.112783,3,Karmøy til Sotra,
3,2012,11205,Oterholmen I,medikamentell,fôrbehandling,Emamectin benzoat,,,,hele lokaliteten,1860,VESTVÅGØY,18,Nordland,68.09425,13.63566,9,Vestfjorden og Vesterålen,
3,2012,11205,Oterholmen I,medikamentell,fôrbehandling,Emamectin benzoat,,,,hele lokaliteten,1860,VESTVÅGØY,18,Nordland,68.09425,13.63566,9,Vestfjorden og Vesterålen,
3,2012,13565,Øvreås,medikamentell,fôrbehandling,Annet virkestoff,,,,hele lokaliteten,1263,LINDÅS,12,Hordaland,60.67312,5.398433,4,Nordhordaland til Stadt,
3,2012,29276,Rongøy,medikamentell,badebehandling,Deltamethrin,,,,deler av lokaliteten,1259,ØYGARDEN,12,Hordaland,60.509468,4.9314,4,Nordhordaland til Stadt,
3,2012,29276,Rongøy,medikamentell,badebehandling,Deltamethrin,,,,deler av lokaliteten,1259,ØYGARDEN,12,Hordaland,60.509468,4.9314,4,Nordhordaland til Stadt,
3,2012,11413,Sandan Sø,medikamentell,fôrbehandling,Emamectin benzoat,,,,hele lokaliteten,1868,ØKSNES,18,Nordland,68.884834,15.312433,9,Vestfjorden og Vesterålen,
3,2012,11888,Sandvik,medikamentell,badebehandling,Azamethiphos,,,,hele lokaliteten,1134,SULDAL,11,Rogaland,59.31445,6.170917,2,Ryfylke,
3,2012,13706,Seljeset,medikamentell,fôrbehandling,Emamectin benzoat,,,,hele lokaliteten,1401,FLORA,14,Sogn og Fjordane,61.580868,5.243233,4,Nordhordaland til Stadt,
3,2012,26738,Skiftesvika,rensefisk,,,2221,Rognkjeks (felles),6400,deler av lokaliteten,1141,FINNØY,11,Rogaland,59.167885,5.920667,2,Ryfylke,
3,2012,12192,Skorva,medikamentell,fôrbehandling,Emamectin benzoat,,,,deler av lokaliteten,1428,ASKVOLL,14,Sogn og Fjordane,61.467117,5.3136,4,Nordhordaland til Stadt,
3,2012,13000,Slåttvika,medikamentell,badebehandling,Azamethiphos,,,,hele lokaliteten,1813,BRØNNØY,18,Nordland,65.5237,12.5455,8,Helgeland til Bodø,
3,2012,13000,Slåttvika,medikamentell,badebehandling,Deltamethrin,,,,hele lokaliteten,1813,BRØNNØY,18,Nordland,65.5237,12.5455,8,Helgeland til Bodø,
3,2012,20776,Storoksen,medikamentell,badebehandling,Deltamethrin,,,,deler av lokaliteten,1247,ASKØY,12,Hordaland,60.530884,4.97325,4,Nordhordaland til Stadt,
3,2012,20776,Storoksen,medikamentell,badebehandling,Deltamethrin,,,,deler av lokaliteten,1247,ASKØY,12,Hordaland,60.530884,4.97325,4,Nordhordaland til Stadt,
3,2012,21955,Støylen,medikamentell,badebehandling,Azamethiphos,,,,hele lokaliteten,1519,VOLDA,15,Møre og Romsdal,62.103867,6.077617,5,Stadt til Hustadvika,
3,2012,21955,Støylen,ikke-medikamentell,,,,,,hele lokaliteten,1519,VOLDA,15,Møre og Romsdal,62.103867,6.077617,5,Stadt til Hustadvika,
3,2012,12081,Straumneset,medikamentell,fôrbehandling,Emamectin benzoat,,,,hele lokaliteten,1227,JONDAL,12,Hordaland,60.220966,6.139567,3,Karmøy til Sotra,
3,2012,11206,Styrvollholmen,medikamentell,badebehandling,Azamethiphos,,,,hele lokaliteten,1860,VESTVÅGØY,18,Nordland,68.08102,13.629133,9,Vestfjorden og Vesterålen,
3,2012,11206,Styrvollholmen,medikamentell,badebehandling,Azamethiphos,,,,hele lokaliteten,1860,VESTVÅGØY,18,Nordland,68.08102,13.629133,9,Vestfjorden og Vesterålen,
3,2012,11206,Styrvollholmen,medikamentell,badebehandling,Azamethiphos,,,,hele lokaliteten,1860,VESTVÅGØY,18,Nordland,68.08102,13.629133,9,Vestfjorden og Vesterålen,
3,2012,11206,Styrvollholmen,medikamentell,badebehandling,Deltamethrin,,,,hele lokaliteten,1860,VESTVÅGØY,18,Nordland,68.08102,13.629133,9,Vestfjorden og Vesterålen,
3,2012,11206,Styrvollholmen,medikamentell,badebehandling,Deltamethrin,,,,hele lokaliteten,1860,VESTVÅGØY,18,Nordland,68.08102,13.629133,9,Vestfjorden og Vesterålen,
3,2012,13196,Syltøy,medikamentell,fôrbehandling,Emamectin benzoat,,,,hele lokaliteten,1245,SUND,12,Hordaland,60.304,4.966767,3,Karmøy til Sotra,
3,2012,12662,Ternskjæret II,medikamentell,badebehandling,Annet virkestoff,,,,deler av lokaliteten,1751,NÆRØY,17,Nord-Trøndelag,64.77713,11.639767,7,Nord-Trøndelag med Bindal,
3,2012,12662,Ternskjæret II,medikamentell,badebehandling,Annet virkestoff,,,,deler av lokaliteten,1751,NÆRØY,17,Nord-Trøndelag,64.77713,11.639767,7,Nord-Trøndelag med Bindal,
3,2012,29336,Trælsøyosen,medikamentell,badebehandling,Deltamethrin,,,,deler av lokaliteten,1244,AUSTEVOLL,12,Hordaland,60.1178,5.2702,3,Karmøy til Sotra,
3,2012,29336,Trælsøyosen,medikamentell,badebehandling,Deltamethrin,,,,deler av lokaliteten,1244,AUSTEVOLL,12,Hordaland,60.1178,5.2702,3,Karmøy til Sotra,
3,2012,14081,Tveit,medikamentell,fôrbehandling,Emamectin benzoat,,,,hele lokaliteten,1413,HYLLESTAD,14,Sogn og Fjordane,61.110085,5.340483,4,Nordhordaland til Stadt,
3,2012,13562,Uføro,medikamentell,badebehandling,Azamethiphos,,,,hele lokaliteten,1221,STORD,12,Hordaland,59.878117,5.526767,3,Karmøy til Sotra,
3,2012,10091,Vågsøya,rensefisk,,,1692,Annen leppefisk,6074,hele lokaliteten,1401,FLORA,14,Sogn og Fjordane,61.489735,5.023517,4,Nordhordaland til Stadt,
3,2012,10968,Vardskjær Ø,medikamentell,badebehandling,Azamethiphos,,,,deler av lokaliteten,1834,LURØY,18,Nordland,66.36,12.485253,8,Helgeland til Bodø,
3,2012,10968,Vardskjær Ø,medikamentell,badebehandling,Deltamethrin,,,,deler av lokaliteten,1834,LURØY,18,Nordland,66.36,12.485253,8,Helgeland til Bodø,
3,2012,32337,Veiesund,medikamentell,fôrbehandling,Emamectin benzoat,,,,deler av lokaliteten,1401,FLORA,14,Sogn og Fjordane,61.572067,5.0466,4,Nordhordaland til Stadt,
3,2012,32337,Veiesund,medikamentell,fôrbehandling,Emamectin benzoat,,,,deler av lokaliteten,1401,FLORA,14,Sogn og Fjordane,61.572067,5.0466,4,Nordhordaland til Stadt,
3,2012,32337,Veiesund,medikamentell,fôrbehandling,Emamectin benzoat,,,,deler av lokaliteten,1401,FLORA,14,Sogn og Fjordane,61.572067,5.0466,4,Nordhordaland til Stadt,
3,2012,13837,Verpeide,medikamentell,badebehandling,Cypermethrin,,,,deler av lokaliteten,1439,VÅGSØY,14,Sogn og Fjordane,61.902954,5.207967,4,Nordhordaland til Stadt,
3,2012,13837,Verpeide,ikke-medikamentell,,,,,,deler av lokaliteten,1439,VÅGSØY,14,Sogn og Fjordane,61.902954,5.207967,4,Nordhordaland til Stadt,
3,2012,11252,Vindhammeren,medikamentell,fôrbehandling,Emamectin benzoat,,,,hele lokaliteten,1867,BØ I NORDLAND,18,Nordland,68.78075,14.593733,9,Vestfjorden og Vesterålen,
3,2012,13246,Voldnes,medikamentell,badebehandling,Azamethiphos,,,,deler av lokaliteten,1515,HERØY I MØRE OG ROMSDAL,15,Møre og Romsdal,62.2097,5.7849,5,Stadt til Hustadvika,
3,2012,13246,Voldnes,ikke-medikamentell,,,,,,deler av lokaliteten,1515,HERØY I MØRE OG ROMSDAL,15,Møre og Romsdal,62.2097,5.7849,5,Stadt til Hustadvika,
2,2012,15196,Aga Ø,medikamentell,fôrbehandling,Emamectin benzoat,,,,hele lokaliteten,1219,BØMLO,12,Hordaland,59.8451,5.261367,3,Karmøy til Sotra,
2,2012,11793,Ånnaholmane,medikamentell,fôrbehandling,Emamectin benzoat,,,,hele lokaliteten,1428,ASKVOLL,14,Sogn og Fjordane,61.28417,4.727567,4,Nordhordaland til Stadt,
2,2012,25055,Bekksneset,medikamentell,fôrbehandling,Emamectin benzoat,,,,hele lokaliteten,1413,HYLLESTAD,14,Sogn og Fjordane,61.07635,5.386183,4,Nordhordaland til Stadt,
2,2012,13209,Bognøy,medikamentell,fôrbehandling,Emamectin benzoat,,,,hele lokaliteten,1260,RADØY,12,Hordaland,60.60407,5.076983,4,Nordhordaland til Stadt,
2,2012,10995,Bukkøysundet,medikamentell,badebehandling,Annet virkestoff,,,,deler av lokaliteten,1835,TRÆNA,18,Nordland,66.548035,12.243168,8,Helgeland til Bodø,
2,2012,10995,Bukkøysundet,medikamentell,badebehandling,Annet virkestoff,,,,deler av lokaliteten,1835,TRÆNA,18,Nordland,66.548035,12.243168,8,Helgeland til Bodø,
2,2012,10995,Bukkøysundet,medikamentell,badebehandling,Annet virkestoff,,,,deler av lokaliteten,1835,TRÆNA,18,Nordland,66.548035,12.243168,8,Helgeland til Bodø,
2,2012,10995,Bukkøysundet,medikamentell,badebehandling,Annet virkestoff,,,,deler av lokaliteten,1835,TRÆNA,18,Nordland,66.548035,12.243168,8,Helgeland til Bodø,
2,2012,10995,Bukkøysundet,medikamentell,badebehandling,Annet virkestoff,,,,deler av lokaliteten,1835,TRÆNA,18,Nordland,66.548035,12.243168,8,Helgeland til Bodø,
2,2012,12128,Dyrnes,medikamentell,badebehandling,Cypermethrin,,,,hele lokaliteten,1224,KVINNHERAD,12,Hordaland,59.71765,5.72205,3,Karmøy til Sotra,
2,2012,13711,Dyvika,medikamentell,badebehandling,Deltamethrin,,,,deler av lokaliteten,1428,ASKVOLL,14,Sogn og Fjordane,61.478584,5.375967,4,Nordhordaland til Stadt,
2,2012,12078,Gangdal,medikamentell,fôrbehandling,Emamectin benzoat,,,,hele lokaliteten,1227,JONDAL,12,Hordaland,60.215935,6.156667,3,Karmøy til Sotra,
2,2012,11740,Haverøy,medikamentell,fôrbehandling,Emamectin benzoat,,,,hele lokaliteten,1246,FJELL,12,Hordaland,60.404034,4.939267,3,Karmøy til Sotra,
2,2012,13838,Hegnes,rensefisk,,,1693,Bergnebb,6000,hele lokaliteten,1429,FJALER,14,Sogn og Fjordane,61.356483,5.287933,4,Nordhordaland til Stadt,
2,2012,13643,Hjartholm,medikamentell,fôrbehandling,Emamectin benzoat,,,,hele lokaliteten,1411,GULEN,14,Sogn og Fjordane,61.034733,5.329633,4,Nordhordaland til Stadt,
2,2012,14882,Horjona,medikamentell,fôrbehandling,Annet virkestoff,,,,hele lokaliteten,1238,KVAM,12,Hordaland,60.270782,6.187033,3,Karmøy til Sotra,
2,2012,10876,Istervika,medikamentell,fôrbehandling,Diflubenzuron,,,,deler av lokaliteten,1813,BRØNNØY,18,Nordland,65.4478,12.558083,8,Helgeland til Bodø,
2,2012,29656,Juvika,medikamentell,fôrbehandling,Emamectin benzoat,,,,hele lokaliteten,1412,SOLUND,14,Sogn og Fjordane,61.104767,5.018483,4,Nordhordaland til Stadt,
2,2012,29656,Juvika,medikamentell,fôrbehandling,Emamectin benzoat,,,,hele lokaliteten,1412,SOLUND,14,Sogn og Fjordane,61.104767,5.018483,4,Nordhordaland til Stadt,
2,2012,29656,Juvika,medikamentell,fôrbehandling,Emamectin benzoat,,,,hele lokaliteten,1412,SOLUND,14,Sogn og Fjordane,61.104767,5.018483,4,Nordhordaland til Stadt,
2,2012,29656,Juvika,medikamentell,fôrbehandling,Emamectin benzoat,,,,hele lokaliteten,1412,SOLUND,14,Sogn og Fjordane,61.104767,5.018483,4,Nordhordaland til Stadt,
2,2012,29656,Juvika,medikamentell,fôrbehandling,Emamectin benzoat,,,,hele lokaliteten,1412,SOLUND,14,Sogn og Fjordane,61.104767,5.018483,4,Nordhordaland til Stadt,
2,2012,29656,Juvika,medikamentell,fôrbehandling,Emamectin benzoat,,,,hele lokaliteten,1412,SOLUND,14,Sogn og Fjordane,61.104767,5.018483,4,Nordhordaland til Stadt,
2,2012,29656,Juvika,medikamentell,fôrbehandling,Emamectin benzoat,,,,hele lokaliteten,1412,SOLUND,14,Sogn og Fjordane,61.104767,5.018483,4,Nordhordaland til Stadt,
2,2012,29656,Juvika,medikamentell,fôrbehandling,Emamectin benzoat,,,,hele lokaliteten,1412,SOLUND,14,Sogn og Fjordane,61.104767,5.018483,4,Nordhordaland til Stadt,
2,2012,29656,Juvika,medikamentell,fôrbehandling,Emamectin benzoat,,,,hele lokaliteten,1412,SOLUND,14,Sogn og Fjordane,61.104767,5.018483,4,Nordhordaland til Stadt,
2,2012,29656,Juvika,medikamentell,fôrbehandling,Emamectin benzoat,,,,hele lokaliteten,1412,SOLUND,14,Sogn og Fjordane,61.104767,5.018483,4,Nordhordaland til Stadt,
2,2012,13225,Kilaneset,medikamentell,badebehandling,Azamethiphos,,,,hele lokaliteten,1134,SULDAL,11,Rogaland,59.31335,6.2672,2,Ryfylke,
2,2012,12980,Klubben,rensefisk,,,1693,Bergnebb,41000,hele lokaliteten,1412,SOLUND,14,Sogn og Fjordane,61.175167,5.00195,4,Nordhordaland til Stadt,
2,2012,11803,Kyravika,medikamentell,badebehandling,Azamethiphos,,,,deler av lokaliteten,1429,FJALER,14,Sogn og Fjordane,61.316433,5.1563,4,Nordhordaland til Stadt,
2,2012,13234,Kysnes,medikamentell,fôrbehandling,Emamectin benzoat,,,,hele lokaliteten,1227,JONDAL,12,Hordaland,60.19877,6.09685,3,Karmøy til Sotra,
2,2012,11928,Langavika,medikamentell,badebehandling,Azamethiphos,,,,deler av lokaliteten,1133,HJELMELAND,11,Rogaland,59.232067,6.008317,2,Ryfylke,
2,2012,12022,Ljonesbjørgene,medikamentell,fôrbehandling,Annet virkestoff,,,,hele lokaliteten,1238,KVAM,12,Hordaland,60.2564,6.16585,3,Karmøy til Sotra,
2,2012,12127,Mælen,medikamentell,fôrbehandling,Emamectin benzoat,,,,hele lokaliteten,1224,KVINNHERAD,12,Hordaland,59.69998,5.722917,3,Karmøy til Sotra,
2,2012,12134,Maradalen,medikamentell,badebehandling,Cypermethrin,,,,hele lokaliteten,1224,KVINNHERAD,12,Hordaland,59.76077,5.686767,3,Karmøy til Sotra,
2,2012,10137,Matland,medikamentell,badebehandling,Azamethiphos,,,,hele lokaliteten,1241,FUSA,12,Hordaland,60.264084,5.6591,3,Karmøy til Sotra,
2,2012,10078,Mjånes,rensefisk,,,1691,Berggylt,9000,deler av lokaliteten,1411,GULEN,14,Sogn og Fjordane,60.997734,5.0304,4,Nordhordaland til Stadt,
2,2012,10877,Mortenøy,medikamentell,fôrbehandling,Diflubenzuron,,,,hele lokaliteten,1813,BRØNNØY,18,Nordland,65.45723,12.549733,8,Helgeland til Bodø,
2,2012,10181,Oksebåsen V,medikamentell,fôrbehandling,Emamectin benzoat,,,,hele lokaliteten,1532,GISKE,15,Møre og Romsdal,62.5174,6.15805,5,Stadt til Hustadvika,
2,2012,31697,Oksen,medikamentell,fôrbehandling,Emamectin benzoat,,,,hele lokaliteten,1246,FJELL,12,Hordaland,60.43382,4.9411,3,Karmøy til Sotra,
2,2012,10197,Opshaugvik,medikamentell,badebehandling,Azamethiphos,,,,hele lokaliteten,1525,STRANDA,15,Møre og Romsdal,62.28768,6.990333,5,Stadt til Hustadvika,
2,2012,11205,Oterholmen I,medikamentell,badebehandling,Azamethiphos,,,,hele lokaliteten,1860,VESTVÅGØY,18,Nordland,68.09425,13.63566,9,Vestfjorden og Vesterålen,
2,2012,11205,Oterholmen I,medikamentell,badebehandling,Deltamethrin,,,,hele lokaliteten,1860,VESTVÅGØY,18,Nordland,68.09425,13.63566,9,Vestfjorden og Vesterålen,
2,2012,11205,Oterholmen I,medikamentell,fôrbehandling,Emamectin benzoat,,,,hele lokaliteten,1860,VESTVÅGØY,18,Nordland,68.09425,13.63566,9,Vestfjorden og Vesterålen,
2,2012,13565,Øvreås,medikamentell,fôrbehandling,Annet virkestoff,,,,hele lokaliteten,1263,LINDÅS,12,Hordaland,60.67312,5.398433,4,Nordhordaland til Stadt,
2,2012,10149,Rafdal,medikamentell,badebehandling,Azamethiphos,,,,hele lokaliteten,1211,ETNE,12,Hordaland,59.790916,6.176567,3,Karmøy til Sotra,
2,2012,10149,Rafdal,medikamentell,badebehandling,Cypermethrin,,,,hele lokaliteten,1211,ETNE,12,Hordaland,59.790916,6.176567,3,Karmøy til Sotra,
2,2012,10149,Rafdal,medikamentell,badebehandling,Deltamethrin,,,,hele lokaliteten,1211,ETNE,12,Hordaland,59.790916,6.176567,3,Karmøy til Sotra,
2,2012,10873,Råkneset,medikamentell,badebehandling,Azamethiphos,,,,hele lokaliteten,1813,BRØNNØY,18,Nordland,65.44035,12.629949,8,Helgeland til Bodø,
2,2012,10873,Råkneset,medikamentell,badebehandling,Deltamethrin,,,,hele lokaliteten,1813,BRØNNØY,18,Nordland,65.44035,12.629949,8,Helgeland til Bodø,
2,2012,12281,Rogne,medikamentell,fôrbehandling,Emamectin benzoat,,,,hele lokaliteten,1534,HARAM,15,Møre og Romsdal,62.667816,6.357217,5,Stadt til Hustadvika,
2,2012,12018,Rossholmen,medikamentell,fôrbehandling,Annet virkestoff,,,,hele lokaliteten,1238,KVAM,12,Hordaland,60.394608,6.275128,3,Karmøy til Sotra,
2,2012,12298,Røysa,medikamentell,fôrbehandling,Emamectin benzoat,,,,hele lokaliteten,1532,GISKE,15,Møre og Romsdal,62.550632,6.1408,5,Stadt til Hustadvika,
2,2012,13887,Røytholmen Ø,rensefisk,,,1694,Grøngylt,5674,hele lokaliteten,1617,HITRA,16,Sør-Trøndelag,63.6177,9.130033,6,Nordmøre og Sør-Trøndelag,
2,2012,11413,Sandan Sø,medikamentell,fôrbehandling,Emamectin benzoat,,,,hele lokaliteten,1868,ØKSNES,18,Nordland,68.884834,15.312433,9,Vestfjorden og Vesterålen,
2,2012,12206,Skarsteinane,medikamentell,fôrbehandling,Emamectin benzoat,,,,hele lokaliteten,1519,VOLDA,15,Møre og Romsdal,62.079933,6.113667,5,Stadt til Hustadvika,
2,2012,11640,Skorpeosen,medikamentell,fôrbehandling,Emamectin benzoat,,,,hele lokaliteten,1246,FJELL,12,Hordaland,60.332535,4.942783,3,Karmøy til Sotra,
2,2012,31117,Skrubbo,medikamentell,badebehandling,Azamethiphos,,,,deler av lokaliteten,1241,FUSA,12,Hordaland,60.15632,5.713217,3,Karmøy til Sotra,
2,2012,11596,Ståløy,medikamentell,fôrbehandling,Emamectin benzoat,,,,hele lokaliteten,1244,AUSTEVOLL,12,Hordaland,60.088615,5.1734,3,Karmøy til Sotra,
2,2012,12081,Straumneset,medikamentell,fôrbehandling,Emamectin benzoat,,,,hele lokaliteten,1227,JONDAL,12,Hordaland,60.220966,6.139567,3,Karmøy til Sotra,
2,2012,13196,Syltøy,medikamentell,fôrbehandling,Emamectin benzoat,,,,hele lokaliteten,1245,SUND,12,Hordaland,60.304,4.966767,3,Karmøy til Sotra,
2,2012,21755,Tendalsvik,medikamentell,fôrbehandling,Emamectin benzoat,,,,hele lokaliteten,1211,ETNE,12,Hordaland,59.73605,5.884,3,Karmøy til Sotra,
2,2012,10054,Tobbeholmane,medikamentell,fôrbehandling,Annet virkestoff,,,,hele lokaliteten,1244,AUSTEVOLL,12,Hordaland,60.0248,5.307383,3,Karmøy til Sotra,
2,2012,30837,Torangskjeret,medikamentell,fôrbehandling,Emamectin benzoat,,,,hele lokaliteten,1244,AUSTEVOLL,12,Hordaland,60.130184,5.176033,3,Karmøy til Sotra,
2,2012,30837,Torangskjeret,medikamentell,fôrbehandling,Emamectin benzoat,,,,hele lokaliteten,1244,AUSTEVOLL,12,Hordaland,60.130184,5.176033,3,Karmøy til Sotra,
2,2012,14081,Tveit,medikamentell,fôrbehandling,Emamectin benzoat,,,,hele lokaliteten,1413,HYLLESTAD,14,Sogn og Fjordane,61.110085,5.340483,4,Nordhordaland til Stadt,
2,2012,24135,Utåker,medikamentell,fôrbehandling,Emamectin benzoat,,,,hele lokaliteten,1224,KVINNHERAD,12,Hordaland,59.777916,5.900683,3,Karmøy til Sotra,
2,2012,10968,Vardskjær Ø,medikamentell,badebehandling,Azamethiphos,,,,hele lokaliteten,1834,LURØY,18,Nordland,66.36,12.485253,8,Helgeland til Bodø,
2,2012,10968,Vardskjær Ø,medikamentell,badebehandling,Deltamethrin,,,,hele lokaliteten,1834,LURØY,18,Nordland,66.36,12.485253,8,Helgeland til Bodø,
2,2012,32337,Veiesund,medikamentell,fôrbehandling,Emamectin benzoat,,,,deler av lokaliteten,1401,FLORA,14,Sogn og Fjordane,61.572067,5.0466,4,Nordhordaland til Stadt,
2,2012,32337,Veiesund,medikamentell,fôrbehandling,Emamectin benzoat,,,,deler av lokaliteten,1401,FLORA,14,Sogn og Fjordane,61.572067,5.0466,4,Nordhordaland til Stadt,
2,2012,11252,Vindhammeren,medikamentell,fôrbehandling,Emamectin benzoat,,,,hele lokaliteten,1867,BØ I NORDLAND,18,Nordland,68.78075,14.593733,9,Vestfjorden og Vesterålen,
2,2012,11252,Vindhammeren,medikamentell,fôrbehandling,Emamectin benzoat,,,,hele lokaliteten,1867,BØ I NORDLAND,18,Nordland,68.78075,14.593733,9,Vestfjorden og Vesterålen,
2,2012,11252,Vindhammeren,medikamentell,fôrbehandling,Emamectin benzoat,,,,hele lokaliteten,1867,BØ I NORDLAND,18,Nordland,68.78075,14.593733,9,Vestfjorden og Vesterålen,
1,2012,15196,Aga Ø,medikamentell,fôrbehandling,Emamectin benzoat,,,,hele lokaliteten,1219,BØMLO,12,Hordaland,59.8451,5.261367,3,Karmøy til Sotra,
1,2012,10298,Ålforo,medikamentell,fôrbehandling,Annet virkestoff,,,,hele lokaliteten,1222,FITJAR,12,Hordaland,59.8659,5.245217,3,Karmøy til Sotra,
1,2012,11756,Allersholmen,medikamentell,badebehandling,Deltamethrin,,,,hele lokaliteten,1264,AUSTRHEIM,12,Hordaland,60.77465,4.8536,4,Nordhordaland til Stadt,
1,2012,11756,Allersholmen,medikamentell,badebehandling,Deltamethrin,,,,hele lokaliteten,1264,AUSTRHEIM,12,Hordaland,60.77465,4.8536,4,Nordhordaland til Stadt,
1,2012,13254,Aukan,medikamentell,badebehandling,Deltamethrin,,,,hele lokaliteten,1554,AVERØY,15,Møre og Romsdal,63.060387,7.589373,6,Nordmøre og Sør-Trøndelag,
1,2012,12357,Aursøysva,medikamentell,badebehandling,Hydrogenperoksid,,,,hele lokaliteten,1620,FRØYA,16,Sør-Trøndelag,63.80015,8.906083,6,Nordmøre og Sør-Trøndelag,
1,2012,11800,Austeneståa,medikamentell,fôrbehandling,Emamectin benzoat,,,,hele lokaliteten,1401,FLORA,14,Sogn og Fjordane,61.490917,5.165683,4,Nordhordaland til Stadt,
1,2012,12730,Båfjorden,rensefisk,,,1693,Bergnebb,84000,hele lokaliteten,1751,NÆRØY,17,Nord-Trøndelag,64.94988,11.5733,7,Nord-Trøndelag med Bindal,
1,2012,13341,Bakjestranda,medikamentell,fôrbehandling,Emamectin benzoat,,,,hele lokaliteten,1438,BREMANGER,14,Sogn og Fjordane,61.820415,4.937017,4,Nordhordaland til Stadt,
1,2012,13341,Bakjestranda,medikamentell,fôrbehandling,Emamectin benzoat,,,,hele lokaliteten,1438,BREMANGER,14,Sogn og Fjordane,61.820415,4.937017,4,Nordhordaland til Stadt,
1,2012,25055,Bekksneset,medikamentell,fôrbehandling,Emamectin benzoat,,,,hele lokaliteten,1413,HYLLESTAD,14,Sogn og Fjordane,61.07635,5.386183,4,Nordhordaland til Stadt,
1,2012,11754,Bøøy,medikamentell,badebehandling,Azamethiphos,,,,hele lokaliteten,1260,RADØY,12,Hordaland,60.72798,4.863417,4,Nordhordaland til Stadt,
1,2012,11754,Bøøy,medikamentell,badebehandling,Azamethiphos,,,,hele lokaliteten,1260,RADØY,12,Hordaland,60.72798,4.863417,4,Nordhordaland til Stadt,
1,2012,10995,Bukkøysundet,medikamentell,badebehandling,Annet virkestoff,,,,deler av lokaliteten,1835,TRÆNA,18,Nordland,66.548035,12.243168,8,Helgeland til Bodø,
1,2012,10995,Bukkøysundet,medikamentell,badebehandling,Annet virkestoff,,,,deler av lokaliteten,1835,TRÆNA,18,Nordland,66.548035,12.243168,8,Helgeland til Bodø,
1,2012,10995,Bukkøysundet,medikamentell,badebehandling,Annet virkestoff,,,,deler av lokaliteten,1835,TRÆNA,18,Nordland,66.548035,12.243168,8,Helgeland til Bodø,
1,2012,10995,Bukkøysundet,medikamentell,badebehandling,Annet virkestoff,,,,deler av lokaliteten,1835,TRÆNA,18,Nordland,66.548035,12.243168,8,Helgeland til Bodø,
1,2012,10995,Bukkøysundet,medikamentell,badebehandling,Annet virkestoff,,,,deler av lokaliteten,1835,TRÆNA,18,Nordland,66.548035,12.243168,8,Helgeland til Bodø,
1,2012,13711,Dyvika,medikamentell,badebehandling,Deltamethrin,,,,deler av lokaliteten,1428,ASKVOLL,14,Sogn og Fjordane,61.478584,5.375967,4,Nordhordaland til Stadt,
1,2012,24575,Farmannsøya,rensefisk,,,1693,Bergnebb,75151,hele lokaliteten,1632,ROAN,16,Sør-Trøndelag,64.1862,10.12517,6,Nordmøre og Sør-Trøndelag,
1,2012,12078,Gangdal,medikamentell,fôrbehandling,Emamectin benzoat,,,,hele lokaliteten,1227,JONDAL,12,Hordaland,60.215935,6.156667,3,Karmøy til Sotra,
1,2012,10324,Gjerdeviksflua,rensefisk,,,1692,Annen leppefisk,1,hele lokaliteten,1241,FUSA,12,Hordaland,60.223083,5.641167,3,Karmøy til Sotra,
1,2012,11559,Grimsholmen,medikamentell,fôrbehandling,Annet virkestoff,,,,hele lokaliteten,1216,SVEIO,12,Hordaland,59.6554,5.403517,3,Karmøy til Sotra,
1,2012,13503,Heggvika,medikamentell,badebehandling,Azamethiphos,,,,hele lokaliteten,1617,HITRA,16,Sør-Trøndelag,63.61152,9.057047,6,Nordmøre og Sør-Trøndelag,
1,2012,13503,Heggvika,medikamentell,badebehandling,Deltamethrin,,,,hele lokaliteten,1617,HITRA,16,Sør-Trøndelag,63.61152,9.057047,6,Nordmøre og Sør-Trøndelag,
1,2012,13503,Heggvika,ikke-medikamentell,,,,,,hele lokaliteten,1617,HITRA,16,Sør-Trøndelag,63.61152,9.057047,6,Nordmøre og Sør-Trøndelag,
1,2012,18015,Hestabyneset,medikamentell,badebehandling,Azamethiphos,,,,deler av lokaliteten,1223,TYSNES,12,Hordaland,59.95785,5.445833,3,Karmøy til Sotra,
1,2012,18015,Hestabyneset,ikke-medikamentell,,,,,,hele lokaliteten,1223,TYSNES,12,Hordaland,59.95785,5.445833,3,Karmøy til Sotra,
1,2012,10300,Hillersvik,medikamentell,fôrbehandling,Emamectin benzoat,,,,hele lokaliteten,1216,SVEIO,12,Hordaland,59.6084,5.311917,3,Karmøy til Sotra,
1,2012,13643,Hjartholm,medikamentell,fôrbehandling,Emamectin benzoat,,,,hele lokaliteten,1411,GULEN,14,Sogn og Fjordane,61.034733,5.329633,4,Nordhordaland til Stadt,
1,2012,10876,Istervika,medikamentell,fôrbehandling,Diflubenzuron,,,,hele lokaliteten,1813,BRØNNØY,18,Nordland,65.4478,12.558083,8,Helgeland til Bodø,
1,2012,29656,Juvika,medikamentell,fôrbehandling,Emamectin benzoat,,,,hele lokaliteten,1412,SOLUND,14,Sogn og Fjordane,61.104767,5.018483,4,Nordhordaland til Stadt,
1,2012,29656,Juvika,medikamentell,fôrbehandling,Emamectin benzoat,,,,hele lokaliteten,1412,SOLUND,14,Sogn og Fjordane,61.104767,5.018483,4,Nordhordaland til Stadt,
1,2012,29656,Juvika,medikamentell,fôrbehandling,Emamectin benzoat,,,,hele lokaliteten,1412,SOLUND,14,Sogn og Fjordane,61.104767,5.018483,4,Nordhordaland til Stadt,
1,2012,29656,Juvika,medikamentell,fôrbehandling,Emamectin benzoat,,,,hele lokaliteten,1412,SOLUND,14,Sogn og Fjordane,61.104767,5.018483,4,Nordhordaland til Stadt,
1,2012,29656,Juvika,medikamentell,fôrbehandling,Emamectin benzoat,,,,hele lokaliteten,1412,SOLUND,14,Sogn og Fjordane,61.104767,5.018483,4,Nordhordaland til Stadt,
1,2012,29656,Juvika,medikamentell,fôrbehandling,Emamectin benzoat,,,,hele lokaliteten,1412,SOLUND,14,Sogn og Fjordane,61.104767,5.018483,4,Nordhordaland til Stadt,
1,2012,29656,Juvika,medikamentell,fôrbehandling,Emamectin benzoat,,,,hele lokaliteten,1412,SOLUND,14,Sogn og Fjordane,61.104767,5.018483,4,Nordhordaland til Stadt,
1,2012,29656,Juvika,medikamentell,fôrbehandling,Emamectin benzoat,,,,hele lokaliteten,1412,SOLUND,14,Sogn og Fjordane,61.104767,5.018483,4,Nordhordaland til Stadt,
1,2012,29656,Juvika,medikamentell,fôrbehandling,Emamectin benzoat,,,,hele lokaliteten,1412,SOLUND,14,Sogn og Fjordane,61.104767,5.018483,4,Nordhordaland til Stadt,
1,2012,29656,Juvika,medikamentell,fôrbehandling,Emamectin benzoat,,,,hele lokaliteten,1412,SOLUND,14,Sogn og Fjordane,61.104767,5.018483,4,Nordhordaland til Stadt,
1,2012,14042,Kattholmen,rensefisk,,,1693,Bergnebb,92905,hele lokaliteten,1620,FRØYA,16,Sør-Trøndelag,63.871017,8.678283,6,Nordmøre og Sør-Trøndelag,
1,2012,30437,Kattholmen II,rensefisk,,,1693,Bergnebb,54480,hele lokaliteten,1620,FRØYA,16,Sør-Trøndelag,63.8661,8.675683,6,Nordmøre og Sør-Trøndelag,
1,2012,13573,Kistvika,medikamentell,badebehandling,Annet virkestoff,,,,hele lokaliteten,1612,HEMNE,16,Sør-Trøndelag,63.380707,9.164458,6,Nordmøre og Sør-Trøndelag,
1,2012,13573,Kistvika,medikamentell,badebehandling,Annet virkestoff,,,,hele lokaliteten,1612,HEMNE,16,Sør-Trøndelag,63.380707,9.164458,6,Nordmøre og Sør-Trøndelag,
1,2012,11575,Koløy N,medikamentell,fôrbehandling,Emamectin benzoat,,,,hele lokaliteten,1222,FITJAR,12,Hordaland,59.861168,5.2887,3,Karmøy til Sotra,
1,2012,13234,Kysnes,medikamentell,fôrbehandling,Emamectin benzoat,,,,hele lokaliteten,1227,JONDAL,12,Hordaland,60.19877,6.09685,3,Karmøy til Sotra,
1,2012,12127,Mælen,medikamentell,fôrbehandling,Emamectin benzoat,,,,hele lokaliteten,1224,KVINNHERAD,12,Hordaland,59.69998,5.722917,3,Karmøy til Sotra,
1,2012,12134,Maradalen,medikamentell,badebehandling,Cypermethrin,,,,hele lokaliteten,1224,KVINNHERAD,12,Hordaland,59.76077,5.686767,3,Karmøy til Sotra,
1,2012,31037,Masterholman II,rensefisk,,,1693,Bergnebb,124165,hele lokaliteten,1632,ROAN,16,Sør-Trøndelag,64.161964,10.036433,6,Nordmøre og Sør-Trøndelag,
1,2012,10877,Mortenøy,medikamentell,fôrbehandling,Diflubenzuron,,,,hele lokaliteten,1813,BRØNNØY,18,Nordland,65.45723,12.549733,8,Helgeland til Bodø,
1,2012,13965,Nesbø/Gjeldsvik,medikamentell,badebehandling,Hydrogenperoksid,,,,hele lokaliteten,1263,LINDÅS,12,Hordaland,60.68835,5.4232,4,Nordhordaland til Stadt,
1,2012,10181,Oksebåsen V,medikamentell,fôrbehandling,Emamectin benzoat,,,,hele lokaliteten,1532,GISKE,15,Møre og Romsdal,62.5174,6.15805,5,Stadt til Hustadvika,
1,2012,20315,Overåneset V,medikamentell,badebehandling,Azamethiphos,,,,hele lokaliteten,1525,STRANDA,15,Møre og Romsdal,62.30065,7.085433,5,Stadt til Hustadvika,
1,2012,10873,Råkneset,medikamentell,badebehandling,Azamethiphos,,,,deler av lokaliteten,1813,BRØNNØY,18,Nordland,65.44035,12.629949,8,Helgeland til Bodø,
1,2012,10873,Råkneset,medikamentell,badebehandling,Deltamethrin,,,,deler av lokaliteten,1813,BRØNNØY,18,Nordland,65.44035,12.629949,8,Helgeland til Bodø,
1,2012,13867,Raunevågen,medikamentell,fôrbehandling,Annet virkestoff,,,,hele lokaliteten,1216,SVEIO,12,Hordaland,59.65798,5.533667,3,Karmøy til Sotra,
1,2012,31777,Reinvika,medikamentell,fôrbehandling,Emamectin benzoat,,,,hele lokaliteten,1845,SØRFOLD,18,Nordland,67.60568,15.368483,9,Vestfjorden og Vesterålen,
1,2012,12281,Rogne,medikamentell,fôrbehandling,Emamectin benzoat,,,,hele lokaliteten,1534,HARAM,15,Møre og Romsdal,62.667816,6.357217,5,Stadt til Hustadvika,
1,2012,12018,Rossholmen,medikamentell,fôrbehandling,Annet virkestoff,,,,hele lokaliteten,1238,KVAM,12,Hordaland,60.394608,6.275128,3,Karmøy til Sotra,
1,2012,12126,Rossnes,medikamentell,badebehandling,Cypermethrin,,,,hele lokaliteten,1224,KVINNHERAD,12,Hordaland,59.759167,5.721467,3,Karmøy til Sotra,
1,2012,12298,Røysa,medikamentell,fôrbehandling,Emamectin benzoat,,,,hele lokaliteten,1532,GISKE,15,Møre og Romsdal,62.550632,6.1408,5,Stadt til Hustadvika,
1,2012,11413,Sandan Sø,medikamentell,fôrbehandling,Emamectin benzoat,,,,hele lokaliteten,1868,ØKSNES,18,Nordland,68.884834,15.312433,9,Vestfjorden og Vesterålen,
1,2012,12206,Skarsteinane,medikamentell,fôrbehandling,Emamectin benzoat,,,,hele lokaliteten,1519,VOLDA,15,Møre og Romsdal,62.079933,6.113667,5,Stadt til Hustadvika,
1,2012,12048,Skiftesneset N,medikamentell,badebehandling,Azamethiphos,,,,hele lokaliteten,1241,FUSA,12,Hordaland,60.07175,5.736433,3,Karmøy til Sotra,
1,2012,20115,Skjerholmen N.,medikamentell,badebehandling,Annet virkestoff,,,,hele lokaliteten,1245,SUND,12,Hordaland,60.2496,5.174017,3,Karmøy til Sotra,
1,2012,20115,Skjerholmen N.,medikamentell,badebehandling,Azamethiphos,,,,hele lokaliteten,1245,SUND,12,Hordaland,60.2496,5.174017,3,Karmøy til Sotra,
1,2012,20115,Skjerholmen N.,ikke-medikamentell,,,,,,hele lokaliteten,1245,SUND,12,Hordaland,60.2496,5.174017,3,Karmøy til Sotra,
1,2012,11640,Skorpeosen,medikamentell,fôrbehandling,Emamectin benzoat,,,,hele lokaliteten,1246,FJELL,12,Hordaland,60.332535,4.942783,3,Karmøy til Sotra,
1,2012,29356,Smineset Nord,rensefisk,,,1693,Bergnebb,46000,hele lokaliteten,1751,NÆRØY,17,Nord-Trøndelag,64.75597,11.54245,7,Nord-Trøndelag med Bindal,
1,2012,15375,Sørøyflesa,rensefisk,,,1693,Bergnebb,16000,hele lokaliteten,1620,FRØYA,16,Sør-Trøndelag,63.98405,9.057067,6,Nordmøre og Sør-Trøndelag,
1,2012,11492,Storevikholmen,medikamentell,fôrbehandling,Annet virkestoff,,,,hele lokaliteten,1222,FITJAR,12,Hordaland,59.839584,5.305017,3,Karmøy til Sotra,
1,2012,12081,Straumneset,medikamentell,fôrbehandling,Emamectin benzoat,,,,hele lokaliteten,1227,JONDAL,12,Hordaland,60.220966,6.139567,3,Karmøy til Sotra,
1,2012,26235,Stualand,medikamentell,fôrbehandling,Annet virkestoff,,,,hele lokaliteten,1216,SVEIO,12,Hordaland,59.60845,5.526917,3,Karmøy til Sotra,
1,2012,11566,Teinevika,medikamentell,badebehandling,Deltamethrin,,,,deler av lokaliteten,1243,OS I HORDALAND,12,Hordaland,60.16553,5.311583,3,Karmøy til Sotra,
1,2012,12449,Tennøya,rensefisk,,,1693,Bergnebb,184390,hele lokaliteten,1620,FRØYA,16,Sør-Trøndelag,63.802414,8.433162,6,Nordmøre og Sør-Trøndelag,
1,2012,10054,Tobbeholmane,medikamentell,fôrbehandling,Annet virkestoff,,,,hele lokaliteten,1244,AUSTEVOLL,12,Hordaland,60.0248,5.307383,3,Karmøy til Sotra,
1,2012,30837,Torangskjeret,medikamentell,fôrbehandling,Emamectin benzoat,,,,hele lokaliteten,1244,AUSTEVOLL,12,Hordaland,60.130184,5.176033,3,Karmøy til Sotra,
1,2012,30837,Torangskjeret,medikamentell,fôrbehandling,Emamectin benzoat,,,,hele lokaliteten,1244,AUSTEVOLL,12,Hordaland,60.130184,5.176033,3,Karmøy til Sotra,
1,2012,29336,Trælsøyosen,medikamentell,badebehandling,Annet virkestoff,,,,deler av lokaliteten,1244,AUSTEVOLL,12,Hordaland,60.1178,5.2702,3,Karmøy til Sotra,
1,2012,29336,Trælsøyosen,medikamentell,badebehandling,Deltamethrin,,,,deler av lokaliteten,1244,AUSTEVOLL,12,Hordaland,60.1178,5.2702,3,Karmøy til Sotra,
1,2012,24135,Utåker,medikamentell,fôrbehandling,Emamectin benzoat,,,,hele lokaliteten,1224,KVINNHERAD,12,Hordaland,59.777916,5.900683,3,Karmøy til Sotra,
1,2012,11252,Vindhammeren,medikamentell,fôrbehandling,Emamectin benzoat,,,,hele lokaliteten,1867,BØ I NORDLAND,18,Nordland,68.78075,14.593733,9,Vestfjorden og Vesterålen,
1,2012,11252,Vindhammeren,medikamentell,fôrbehandling,Emamectin benzoat,,,,hele lokaliteten,1867,BØ I NORDLAND,18,Nordland,68.78075,14.593733,9,Vestfjorden og Vesterålen,
1,2012,11252,Vindhammeren,medikamentell,fôrbehandling,Emamectin benzoat,,,,hele lokaliteten,1867,BØ I NORDLAND,18,Nordland,68.78075,14.593733,9,Vestfjorden og Vesterålen,
