Uke,År,Lokalitetsnummer,Lokalitetsnavn,Tiltak,Type behandling,Virkestoff,ArtsId,Rensefisk,Antall,Omfang,Kommunenummer,Kommune,Fylkesnummer,Fylke,Lat,Lon,ProduksjonsområdeId,Produksjonsområde,Antall merder
33,2021,12988,Aukrasanden,ikke-medikamentell,,,,,,deler av lokaliteten,1547,AUKRA,15,Møre og Romsdal,62.783417,6.92605,5,Stadt til Hustadvika,
33,2021,11930,Bjelkavik,ikke-medikamentell,,,,,,deler av lokaliteten,1134,SULDAL,11,Rogaland,59.45165,5.991917,2,Ryfylke,
33,2021,12625,Bjørgan,ikke-medikamentell,,,,,,deler av lokaliteten,5049,FLATANGER,50,Trøndelag,64.59268,10.908333,7,Nord-Trøndelag med Bindal,
33,2021,10212,Bogen,ikke-medikamentell,,,,,,deler av lokaliteten,1505,KRISTIANSUND,15,Møre og Romsdal,63.076782,7.9046,6,Nordmøre og Sør-Trøndelag,
33,2021,32897,Breivika S,ikke-medikamentell,,,,,,hele lokaliteten,1827,DØNNA,18,Nordland,66.1581,12.682017,8,Helgeland til Bodø,
33,2021,13765,Breiviken,ikke-medikamentell,,,,,,hele lokaliteten,1834,LURØY,18,Nordland,66.46165,12.958033,8,Helgeland til Bodø,
33,2021,10223,Bremnessvaet,ikke-medikamentell,,,,,,deler av lokaliteten,1573,SMØLA,15,Møre og Romsdal,63.39795,8.214317,6,Nordmøre og Sør-Trøndelag,
33,2021,12466,Brettingen,ikke-medikamentell,,,,,,deler av lokaliteten,1573,SMØLA,15,Møre og Romsdal,63.3582,8.237267,6,Nordmøre og Sør-Trøndelag,
33,2021,11087,Bukkøya Ø,medikamentell,fôrbehandling,Emamectin benzoat,,,,hele lokaliteten,1836,RØDØY,18,Nordland,66.64097,12.994583,8,Helgeland til Bodø,
33,2021,30097,Djupvik,ikke-medikamentell,,,,,,deler av lokaliteten,1836,RØDØY,18,Nordland,66.73299,13.33115,8,Helgeland til Bodø,
33,2021,32197,Dryna,ikke-medikamentell,,,,,,deler av lokaliteten,1506,MOLDE,15,Møre og Romsdal,62.6444,6.5568,5,Stadt til Hustadvika,
33,2021,35877,Eiterfjorden,ikke-medikamentell,,,,,,deler av lokaliteten,5060,NÆRØYSUND,50,Trøndelag,64.971634,11.723933,7,Nord-Trøndelag med Bindal,
33,2021,33077,Elveneset,ikke-medikamentell,,,,,,deler av lokaliteten,4637,HYLLESTAD,46,Vestland,61.206,5.131733,4,Nordhordaland til Stadt,
33,2021,26775,Fjølværet Ø,medikamentell,fôrbehandling,Emamectin benzoat,,,,hele lokaliteten,5014,FRØYA,50,Trøndelag,63.819233,8.636133,6,Nordmøre og Sør-Trøndelag,
33,2021,39957,Flatøyan,medikamentell,fôrbehandling,Emamectin benzoat,,,,hele lokaliteten,5014,FRØYA,50,Trøndelag,63.873585,8.4714,6,Nordmøre og Sør-Trøndelag,
33,2021,29876,Flotaren,medikamentell,badebehandling,Annet virkestoff,,,,deler av lokaliteten,5049,FLATANGER,50,Trøndelag,64.52398,10.761667,7,Nord-Trøndelag med Bindal,
33,2021,19115,Fugløya,medikamentell,badebehandling,Annet virkestoff,,,,deler av lokaliteten,5056,HITRA,50,Trøndelag,63.475784,9.1098,6,Nordmøre og Sør-Trøndelag,
33,2021,10747,Futnes,ikke-medikamentell,,,,,,deler av lokaliteten,5423,KARLSØY,54,Troms og Finnmark,69.95135,19.587732,11,Kvaløya til Loppa,
33,2021,13021,Gaustad,ikke-medikamentell,,,,,,deler av lokaliteten,1579,HUSTADVIKA,15,Møre og Romsdal,62.9839,7.329667,6,Nordmøre og Sør-Trøndelag,
33,2021,11530,Gissøysundet S,ikke-medikamentell,,,,,,deler av lokaliteten,4613,BØMLO,46,Vestland,59.623585,5.160067,3,Karmøy til Sotra,
33,2021,18717,Hammarvika,ikke-medikamentell,,,,,,hele lokaliteten,1838,GILDESKÅL,18,Nordland,67.132286,14.313183,8,Helgeland til Bodø,
33,2021,11643,Hatlem Ø,ikke-medikamentell,,,,,,hele lokaliteten,4637,HYLLESTAD,46,Vestland,61.200916,5.262117,4,Nordhordaland til Stadt,
33,2021,30257,Hausan,medikamentell,badebehandling,Annet virkestoff,,,,deler av lokaliteten,5055,HEIM,50,Trøndelag,63.458317,8.955683,6,Nordmøre og Sør-Trøndelag,
33,2021,11920,Herøy,ikke-medikamentell,,,,,,deler av lokaliteten,1160,VINDAFJORD,11,Rogaland,59.46635,6.0258,2,Ryfylke,
33,2021,15655,Hjartøy N,ikke-medikamentell,,,,,,hele lokaliteten,1828,NESNA,18,Nordland,66.23579,12.709967,8,Helgeland til Bodø,
33,2021,12871,Hogsnes,ikke-medikamentell,,,,,,deler av lokaliteten,1554,AVERØY,15,Møre og Romsdal,63.093033,7.675883,6,Nordmøre og Sør-Trøndelag,
33,2021,30377,Hogsneset N,ikke-medikamentell,,,,,,deler av lokaliteten,1554,AVERØY,15,Møre og Romsdal,63.099934,7.670267,6,Nordmøre og Sør-Trøndelag,
33,2021,10240,Ilsøya Ø,ikke-medikamentell,,,,,,hele lokaliteten,5056,HITRA,50,Trøndelag,63.651974,8.88687,6,Nordmøre og Sør-Trøndelag,
33,2021,10876,Istervika,ikke-medikamentell,,,,,,hele lokaliteten,1813,BRØNNØY,18,Nordland,65.446884,12.56175,8,Helgeland til Bodø,
33,2021,30036,Jørstadskjera,medikamentell,badebehandling,Annet virkestoff,,,,deler av lokaliteten,1103,STAVANGER,11,Rogaland,59.2955,5.938617,2,Ryfylke,
33,2021,30036,Jørstadskjera,ikke-medikamentell,,,,,,deler av lokaliteten,1103,STAVANGER,11,Rogaland,59.2955,5.938617,2,Ryfylke,
33,2021,12872,Kattholmen,ikke-medikamentell,,,,,,deler av lokaliteten,1505,KRISTIANSUND,15,Møre og Romsdal,63.055332,7.695317,6,Nordmøre og Sør-Trøndelag,
33,2021,11913,Kjeahola,ikke-medikamentell,,,,,,deler av lokaliteten,1103,STAVANGER,11,Rogaland,59.2933,6.0729,2,Ryfylke,
33,2021,23755,Kjeiprød,ikke-medikamentell,,,,,,hele lokaliteten,5415,LOABÁK - LAVANGEN,54,Troms og Finnmark,68.785286,17.64295,10,Andøya til Senja,
33,2021,40377,Klampvika N,ikke-medikamentell,,,,,,deler av lokaliteten,1811,BINDAL,18,Nordland,65.21104,12.250167,7,Nord-Trøndelag med Bindal,
33,2021,12855,Kornstad,ikke-medikamentell,,,,,,deler av lokaliteten,1554,AVERØY,15,Møre og Romsdal,62.960384,7.45015,6,Nordmøre og Sør-Trøndelag,
33,2021,32097,Korsneset 2,ikke-medikamentell,,,,,,deler av lokaliteten,5055,HEIM,50,Trøndelag,63.14123,8.21375,6,Nordmøre og Sør-Trøndelag,
33,2021,45002,Korsvika,ikke-medikamentell,,,,,,deler av lokaliteten,1834,LURØY,18,Nordland,66.57847,12.691067,8,Helgeland til Bodø,
33,2021,14040,Krigsholmen,ikke-medikamentell,,,,,,deler av lokaliteten,4625,AUSTEVOLL,46,Vestland,60.081383,5.124117,3,Karmøy til Sotra,
33,2021,19356,Kvalrosskjæret,ikke-medikamentell,,,,,,hele lokaliteten,5049,FLATANGER,50,Trøndelag,64.5387,10.877383,7,Nord-Trøndelag med Bindal,
33,2021,11074,Kvalvika,ikke-medikamentell,,,,,,hele lokaliteten,1836,RØDØY,18,Nordland,66.66908,13.391633,8,Helgeland til Bodø,
33,2021,36457,Kvingra,ikke-medikamentell,,,,,,hele lokaliteten,5052,LEKA,50,Trøndelag,65.20317,11.569,7,Nord-Trøndelag med Bindal,
33,2021,11803,Kyravika,ikke-medikamentell,,,,,,deler av lokaliteten,4646,FJALER,46,Vestland,61.31722,5.160283,4,Nordhordaland til Stadt,
33,2021,26295,Langøy,ikke-medikamentell,,,,,,deler av lokaliteten,4631,ALVER,46,Vestland,60.77947,5.16,4,Nordhordaland til Stadt,
33,2021,12380,Langøya Kvaløya,medikamentell,fôrbehandling,Emamectin benzoat,,,,hele lokaliteten,5014,FRØYA,50,Trøndelag,63.791515,8.6066,6,Nordmøre og Sør-Trøndelag,
33,2021,10990,Lille Åsvær,ikke-medikamentell,,,,,,deler av lokaliteten,1827,DØNNA,18,Nordland,66.22887,12.312267,8,Helgeland til Bodø,
33,2021,14435,Ljøsøy N,ikke-medikamentell,,,,,,deler av lokaliteten,4626,ØYGARDEN,46,Vestland,60.565132,4.878417,4,Nordhordaland til Stadt,
33,2021,40137,Lønngrunnen,ikke-medikamentell,,,,,,deler av lokaliteten,5057,ØRLAND,50,Trøndelag,63.937283,9.780317,6,Nordmøre og Sør-Trøndelag,
33,2021,14043,Lybergsvika,ikke-medikamentell,,,,,,deler av lokaliteten,1539,RAUMA,15,Møre og Romsdal,62.64515,7.450533,5,Stadt til Hustadvika,
33,2021,12385,Lyngvær Ø II,medikamentell,fôrbehandling,Emamectin benzoat,,,,deler av lokaliteten,5014,FRØYA,50,Trøndelag,63.80621,8.567418,6,Nordmøre og Sør-Trøndelag,
33,2021,35477,Makrellskjæret,ikke-medikamentell,,,,,,deler av lokaliteten,5049,FLATANGER,50,Trøndelag,64.54919,10.7341,7,Nord-Trøndelag med Bindal,
33,2021,12047,Mjåneset,ikke-medikamentell,,,,,,hele lokaliteten,4624,BJØRNAFJORDEN,46,Vestland,60.1763,5.7231,3,Karmøy til Sotra,
33,2021,26435,Mjølsvik,medikamentell,badebehandling,Annet virkestoff,,,,hele lokaliteten,4638,HØYANGER,46,Vestland,61.111584,6.0423,4,Nordhordaland til Stadt,
33,2021,26435,Mjølsvik,ikke-medikamentell,,,,,,hele lokaliteten,4638,HØYANGER,46,Vestland,61.111584,6.0423,4,Nordhordaland til Stadt,
33,2021,36077,Mollvika,ikke-medikamentell,,,,,,deler av lokaliteten,5402,HARSTAD,54,Troms og Finnmark,68.93653,16.72465,10,Andøya til Senja,
33,2021,10877,Mortenøy,ikke-medikamentell,,,,,,deler av lokaliteten,1813,BRØNNØY,18,Nordland,65.45723,12.549733,8,Helgeland til Bodø,
33,2021,14019,Øksningen,ikke-medikamentell,,,,,,deler av lokaliteten,1811,BINDAL,18,Nordland,65.13924,12.31975,7,Nord-Trøndelag med Bindal,
33,2021,38797,Oløya N,medikamentell,fôrbehandling,Emamectin benzoat,,,,deler av lokaliteten,5014,FRØYA,50,Trøndelag,63.852734,8.591083,6,Nordmøre og Sør-Trøndelag,
33,2021,28676,Olvika,ikke-medikamentell,,,,,,deler av lokaliteten,1834,LURØY,18,Nordland,66.4367,13.126033,8,Helgeland til Bodø,
33,2021,19875,Or,ikke-medikamentell,,,,,,deler av lokaliteten,1505,KRISTIANSUND,15,Møre og Romsdal,63.039932,7.850267,6,Nordmøre og Sør-Trøndelag,
33,2021,13867,Raunevågen,ikke-medikamentell,,,,,,deler av lokaliteten,4612,SVEIO,46,Vestland,59.65798,5.533667,3,Karmøy til Sotra,
33,2021,12406,Rauodden,ikke-medikamentell,,,,,,deler av lokaliteten,5056,HITRA,50,Trøndelag,63.66453,8.884083,6,Nordmøre og Sør-Trøndelag,
33,2021,31777,Reinvika,ikke-medikamentell,,,,,,hele lokaliteten,1845,SØRFOLD,18,Nordland,67.60568,15.368483,9,Vestfjorden og Vesterålen,
33,2021,29116,Reiråklakken,ikke-medikamentell,,,,,,deler av lokaliteten,1573,SMØLA,15,Møre og Romsdal,63.44995,8.167133,6,Nordmøre og Sør-Trøndelag,
33,2021,29896,Renndalen,ikke-medikamentell,,,,,,hele lokaliteten,5055,HEIM,50,Trøndelag,63.176117,8.6172,6,Nordmøre og Sør-Trøndelag,
33,2021,10893,Rensøya N,ikke-medikamentell,,,,,,deler av lokaliteten,1835,TRÆNA,18,Nordland,66.50412,12.07285,8,Helgeland til Bodø,
33,2021,13597,Salangslia,medikamentell,fôrbehandling,Emamectin benzoat,,,,hele lokaliteten,5417,SALANGEN,54,Troms og Finnmark,68.85463,17.520884,10,Andøya til Senja,
33,2021,12884,Sandnesbukta,ikke-medikamentell,,,,,,deler av lokaliteten,1506,MOLDE,15,Møre og Romsdal,62.737415,7.878516,5,Stadt til Hustadvika,
33,2021,13243,Sandvika,ikke-medikamentell,,,,,,deler av lokaliteten,1577,VOLDA,15,Møre og Romsdal,62.195667,5.904417,5,Stadt til Hustadvika,
33,2021,19855,Segelråa,ikke-medikamentell,,,,,,deler av lokaliteten,1576,AURE,15,Møre og Romsdal,63.149746,8.12855,6,Nordmøre og Sør-Trøndelag,
33,2021,12892,Sjølsvik,ikke-medikamentell,,,,,,deler av lokaliteten,1557,GJEMNES,15,Møre og Romsdal,62.9066,8.11095,6,Nordmøre og Sør-Trøndelag,
33,2021,37797,Skjortneset II,medikamentell,fôrbehandling,Emamectin benzoat,,,,hele lokaliteten,1578,FJORD,15,Møre og Romsdal,62.379368,6.889433,5,Stadt til Hustadvika,
33,2021,32877,Skorpo,ikke-medikamentell,,,,,,deler av lokaliteten,4624,BJØRNAFJORDEN,46,Vestland,60.173317,5.293683,3,Karmøy til Sotra,
33,2021,12108,Skorpo Nv,ikke-medikamentell,,,,,,deler av lokaliteten,4617,KVINNHERAD,46,Vestland,59.95323,5.827133,3,Karmøy til Sotra,
33,2021,23375,Sørevik,medikamentell,fôrbehandling,Emamectin benzoat,,,,hele lokaliteten,4638,HØYANGER,46,Vestland,61.099983,5.729967,4,Nordhordaland til Stadt,
33,2021,13593,Storfjell,ikke-medikamentell,,,,,,deler av lokaliteten,1865,VÅGAN,18,Nordland,68.32518,15.2023,9,Vestfjorden og Vesterålen,
33,2021,10311,Storlia,ikke-medikamentell,,,,,,deler av lokaliteten,4637,HYLLESTAD,46,Vestland,61.203133,5.193833,4,Nordhordaland til Stadt,
33,2021,20776,Storoksen,medikamentell,badebehandling,Azamethiphos,,,,deler av lokaliteten,4627,ASKØY,46,Vestland,60.530884,4.97325,4,Nordhordaland til Stadt,
33,2021,22955,Svollandsneset,medikamentell,badebehandling,Annet virkestoff,,,,hele lokaliteten,1160,VINDAFJORD,11,Rogaland,59.685184,5.58855,3,Karmøy til Sotra,
33,2021,38697,Takflua,ikke-medikamentell,,,,,,deler av lokaliteten,5058,ÅFJORD,50,Trøndelag,63.980415,9.865033,6,Nordmøre og Sør-Trøndelag,
33,2021,12268,Terningen,ikke-medikamentell,,,,,,deler av lokaliteten,1506,MOLDE,15,Møre og Romsdal,62.6431,6.54805,5,Stadt til Hustadvika,
33,2021,30236,Toppsund V,ikke-medikamentell,,,,,,deler av lokaliteten,5402,HARSTAD,54,Troms og Finnmark,68.91164,16.2927,10,Andøya til Senja,
33,2021,31497,Toska N,ikke-medikamentell,,,,,,deler av lokaliteten,4631,ALVER,46,Vestland,60.66987,4.9172,4,Nordhordaland til Stadt,
33,2021,30560,Tristeinen,ikke-medikamentell,,,,,,deler av lokaliteten,5057,ØRLAND,50,Trøndelag,63.868935,9.619183,6,Nordmøre og Sør-Trøndelag,
33,2021,11351,Trollvika,ikke-medikamentell,,,,,,deler av lokaliteten,5412,TJELDSUND,54,Troms og Finnmark,68.71725,17.022217,10,Andøya til Senja,
33,2021,45058,Urdaneset,ikke-medikamentell,,,,,,deler av lokaliteten,1525,STRANDA,15,Møre og Romsdal,62.319283,6.978617,5,Stadt til Hustadvika,
33,2021,35657,Varden,ikke-medikamentell,,,,,,deler av lokaliteten,5056,HITRA,50,Trøndelag,63.635715,9.186467,6,Nordmøre og Sør-Trøndelag,
33,2021,17495,Vullum,ikke-medikamentell,,,,,,hele lokaliteten,5055,HEIM,50,Trøndelag,63.04965,8.2162,6,Nordmøre og Sør-Trøndelag,
32,2021,11179,Alterosen,medikamentell,badebehandling,Azamethiphos,,,,hele lokaliteten,1865,VÅGAN,18,Nordland,68.20737,14.446867,9,Vestfjorden og Vesterålen,
32,2021,35797,Årsetfjorden,ikke-medikamentell,,,,,,hele lokaliteten,5060,NÆRØYSUND,50,Trøndelag,65.00819,11.746417,7,Nord-Trøndelag med Bindal,
32,2021,18235,Bastli,ikke-medikamentell,,,,,,deler av lokaliteten,1133,HJELMELAND,11,Rogaland,59.2694,6.193083,2,Ryfylke,
32,2021,13845,Beitveit,ikke-medikamentell,,,,,,deler av lokaliteten,4649,STAD,46,Vestland,62.141335,5.3397,5,Stadt til Hustadvika,
32,2021,12095,Bergadalen,ikke-medikamentell,,,,,,deler av lokaliteten,4622,KVAM,46,Vestland,60.1216,5.908883,3,Karmøy til Sotra,
32,2021,12178,Bjønnspjotneset,ikke-medikamentell,,,,,,hele lokaliteten,4638,HØYANGER,46,Vestland,61.098083,5.82545,4,Nordhordaland til Stadt,
32,2021,12625,Bjørgan,ikke-medikamentell,,,,,,deler av lokaliteten,5049,FLATANGER,50,Trøndelag,64.59268,10.908333,7,Nord-Trøndelag med Bindal,
32,2021,28336,Breivika,ikke-medikamentell,,,,,,hele lokaliteten,1827,DØNNA,18,Nordland,66.1609,12.68205,8,Helgeland til Bodø,
32,2021,31038,Buarøy,ikke-medikamentell,,,,,,deler av lokaliteten,4626,ØYGARDEN,46,Vestland,60.220066,5.21455,3,Karmøy til Sotra,
32,2021,11087,Bukkøya Ø,medikamentell,fôrbehandling,Emamectin benzoat,,,,hele lokaliteten,1836,RØDØY,18,Nordland,66.64097,12.994583,8,Helgeland til Bodø,
32,2021,37217,Dale,ikke-medikamentell,,,,,,hele lokaliteten,5402,HARSTAD,54,Troms og Finnmark,68.92503,16.3452,10,Andøya til Senja,
32,2021,30097,Djupvik,ikke-medikamentell,,,,,,deler av lokaliteten,1836,RØDØY,18,Nordland,66.73299,13.33115,8,Helgeland til Bodø,
32,2021,35877,Eiterfjorden,ikke-medikamentell,,,,,,deler av lokaliteten,5060,NÆRØYSUND,50,Trøndelag,64.971634,11.723933,7,Nord-Trøndelag med Bindal,
32,2021,31398,Finnvik,ikke-medikamentell,,,,,,deler av lokaliteten,5401,TROMSØ,54,Troms og Finnmark,69.89297,18.807934,11,Kvaløya til Loppa,
32,2021,25835,Flatøyflu,medikamentell,badebehandling,Azamethiphos,,,,deler av lokaliteten,4625,AUSTEVOLL,46,Vestland,60.156033,5.2315,3,Karmøy til Sotra,
32,2021,29876,Flotaren,medikamentell,badebehandling,Annet virkestoff,,,,deler av lokaliteten,5049,FLATANGER,50,Trøndelag,64.52398,10.761667,7,Nord-Trøndelag med Bindal,
32,2021,11893,Fosså,ikke-medikamentell,,,,,,deler av lokaliteten,1133,HJELMELAND,11,Rogaland,59.2699,6.14295,2,Ryfylke,
32,2021,11530,Gissøysundet S,ikke-medikamentell,,,,,,deler av lokaliteten,4613,BØMLO,46,Vestland,59.623585,5.160067,3,Karmøy til Sotra,
32,2021,11657,Gråvika,ikke-medikamentell,,,,,,deler av lokaliteten,4635,GULEN,46,Vestland,60.863083,4.935283,4,Nordhordaland til Stadt,
32,2021,17177,Grunneneset,ikke-medikamentell,,,,,,hele lokaliteten,4648,BREMANGER,46,Vestland,61.89445,5.34815,4,Nordhordaland til Stadt,
32,2021,24615,Grunnsøya,medikamentell,fôrbehandling,Emamectin benzoat,,,,hele lokaliteten,4602,KINN,46,Vestland,61.68485,4.915633,4,Nordhordaland til Stadt,
32,2021,24735,Gulholmen,medikamentell,badebehandling,Azamethiphos,,,,deler av lokaliteten,4624,BJØRNAFJORDEN,46,Vestland,60.1282,5.400467,3,Karmøy til Sotra,
32,2021,24735,Gulholmen,ikke-medikamentell,,,,,,deler av lokaliteten,4624,BJØRNAFJORDEN,46,Vestland,60.1282,5.400467,3,Karmøy til Sotra,
32,2021,19995,Hagahammaren,ikke-medikamentell,,,,,,hele lokaliteten,1576,AURE,15,Møre og Romsdal,63.137917,8.0306,6,Nordmøre og Sør-Trøndelag,
32,2021,36178,Haukøya Ø,medikamentell,fôrbehandling,Emamectin benzoat,,,,hele lokaliteten,5427,SKJERVØY,54,Troms og Finnmark,70.046135,21.282034,11,Kvaløya til Loppa,
32,2021,36178,Haukøya Ø,medikamentell,fôrbehandling,Emamectin benzoat,,,,hele lokaliteten,5427,SKJERVØY,54,Troms og Finnmark,70.046135,21.282034,11,Kvaløya til Loppa,
32,2021,30257,Hausan,ikke-medikamentell,,,,,,deler av lokaliteten,5055,HEIM,50,Trøndelag,63.458317,8.955683,6,Nordmøre og Sør-Trøndelag,
32,2021,36778,Havstein Sør,medikamentell,fôrbehandling,Emamectin benzoat,,,,deler av lokaliteten,1827,DØNNA,18,Nordland,66.16405,12.400767,8,Helgeland til Bodø,
32,2021,10425,Heggvika,ikke-medikamentell,,,,,,deler av lokaliteten,1811,BINDAL,18,Nordland,65.12658,12.071983,7,Nord-Trøndelag med Bindal,
32,2021,32417,Hjartholmosen,ikke-medikamentell,,,,,,deler av lokaliteten,4625,AUSTEVOLL,46,Vestland,60.004616,5.227633,3,Karmøy til Sotra,
32,2021,12871,Hogsnes,ikke-medikamentell,,,,,,deler av lokaliteten,1554,AVERØY,15,Møre og Romsdal,63.093033,7.675883,6,Nordmøre og Sør-Trøndelag,
32,2021,30377,Hogsneset N,ikke-medikamentell,,,,,,deler av lokaliteten,1554,AVERØY,15,Møre og Romsdal,63.099934,7.670267,6,Nordmøre og Sør-Trøndelag,
32,2021,13337,Hovdenakken,ikke-medikamentell,,,,,,deler av lokaliteten,5438,LEBESBY,54,Troms og Finnmark,70.81805,27.49395,12,Vest-Finnmark,
32,2021,12890,Høybuvika,ikke-medikamentell,,,,,,hele lokaliteten,1557,GJEMNES,15,Møre og Romsdal,62.95717,8.049167,6,Nordmøre og Sør-Trøndelag,
32,2021,14245,Jakobsteinsvika,ikke-medikamentell,,,,,,deler av lokaliteten,5052,LEKA,50,Trøndelag,65.11265,11.792867,7,Nord-Trøndelag med Bindal,
32,2021,11665,Jibbersholmane,ikke-medikamentell,,,,,,deler av lokaliteten,4631,ALVER,46,Vestland,60.752533,4.884617,4,Nordhordaland til Stadt,
32,2021,11913,Kjeahola,ikke-medikamentell,,,,,,deler av lokaliteten,1103,STAVANGER,11,Rogaland,59.2933,6.0729,2,Ryfylke,
32,2021,26135,Kjørsvikgrunn,ikke-medikamentell,,,,,,deler av lokaliteten,5055,HEIM,50,Trøndelag,63.457565,9.076,6,Nordmøre og Sør-Trøndelag,
32,2021,10724,Klokkstein,ikke-medikamentell,,,,,,hele lokaliteten,5428,NORDREISA,54,Troms og Finnmark,69.81612,20.717817,11,Kvaløya til Loppa,
32,2021,11534,Klungsholmen,ikke-medikamentell,,,,,,deler av lokaliteten,4613,BØMLO,46,Vestland,59.596783,5.161567,3,Karmøy til Sotra,
32,2021,32097,Korsneset 2,ikke-medikamentell,,,,,,deler av lokaliteten,5055,HEIM,50,Trøndelag,63.14123,8.21375,6,Nordmøre og Sør-Trøndelag,
32,2021,30297,Krabbholmen,ikke-medikamentell,,,,,,deler av lokaliteten,5058,ÅFJORD,50,Trøndelag,63.944485,9.8814,6,Nordmøre og Sør-Trøndelag,
32,2021,33177,Krabbholmen II,ikke-medikamentell,,,,,,deler av lokaliteten,5058,ÅFJORD,50,Trøndelag,63.94,9.886633,6,Nordmøre og Sør-Trøndelag,
32,2021,21676,Kråkholmen,ikke-medikamentell,,,,,,deler av lokaliteten,5049,FLATANGER,50,Trøndelag,64.60255,10.854067,7,Nord-Trøndelag med Bindal,
32,2021,12652,Kråkøya,ikke-medikamentell,,,,,,deler av lokaliteten,5060,NÆRØYSUND,50,Trøndelag,65.003784,11.042367,7,Nord-Trøndelag med Bindal,
32,2021,14040,Krigsholmen,ikke-medikamentell,,,,,,deler av lokaliteten,4625,AUSTEVOLL,46,Vestland,60.081383,5.124117,3,Karmøy til Sotra,
32,2021,11803,Kyravika,ikke-medikamentell,,,,,,deler av lokaliteten,4646,FJALER,46,Vestland,61.31722,5.160283,4,Nordhordaland til Stadt,
32,2021,34457,Langås,ikke-medikamentell,,,,,,hele lokaliteten,5423,KARLSØY,54,Troms og Finnmark,70.01095,19.66665,11,Kvaløya til Loppa,
32,2021,26295,Langøy,ikke-medikamentell,,,,,,deler av lokaliteten,4631,ALVER,46,Vestland,60.77947,5.16,4,Nordhordaland til Stadt,
32,2021,37297,Larstangen,medikamentell,fôrbehandling,Emamectin benzoat,,,,deler av lokaliteten,5423,KARLSØY,54,Troms og Finnmark,70.08442,20.090418,11,Kvaløya til Loppa,
32,2021,12870,Leite,ikke-medikamentell,,,,,,hele lokaliteten,1554,AVERØY,15,Møre og Romsdal,63.035984,7.678117,6,Nordmøre og Sør-Trøndelag,
32,2021,14039,Litle Lunnøy,ikke-medikamentell,,,,,,deler av lokaliteten,4625,AUSTEVOLL,46,Vestland,60.02005,5.169533,3,Karmøy til Sotra,
32,2021,14435,Ljøsøy N,ikke-medikamentell,,,,,,deler av lokaliteten,4626,ØYGARDEN,46,Vestland,60.565132,4.878417,4,Nordhordaland til Stadt,
32,2021,14043,Lybergsvika,ikke-medikamentell,,,,,,deler av lokaliteten,1539,RAUMA,15,Møre og Romsdal,62.64515,7.450533,5,Stadt til Hustadvika,
32,2021,12633,Lyrnesset,medikamentell,badebehandling,Annet virkestoff,,,,deler av lokaliteten,5049,FLATANGER,50,Trøndelag,64.5256,10.748133,7,Nord-Trøndelag med Bindal,
32,2021,45004,Mulen,ikke-medikamentell,,,,,,deler av lokaliteten,1848,STEIGEN,18,Nordland,67.66928,15.198867,9,Vestfjorden og Vesterålen,
32,2021,10213,Naustneset,ikke-medikamentell,,,,,,deler av lokaliteten,1557,GJEMNES,15,Møre og Romsdal,62.9424,8.0756,6,Nordmøre og Sør-Trøndelag,
32,2021,19875,Or,ikke-medikamentell,,,,,,deler av lokaliteten,1505,KRISTIANSUND,15,Møre og Romsdal,63.039932,7.850267,6,Nordmøre og Sør-Trøndelag,
32,2021,17235,Ørnes,ikke-medikamentell,,,,,,deler av lokaliteten,1834,LURØY,18,Nordland,66.42008,13.018033,8,Helgeland til Bodø,
32,2021,13345,Oterstegdalen,ikke-medikamentell,,,,,,deler av lokaliteten,4624,BJØRNAFJORDEN,46,Vestland,60.23545,5.638267,3,Karmøy til Sotra,
32,2021,13554,Overåneset,ikke-medikamentell,,,,,,hele lokaliteten,1525,STRANDA,15,Møre og Romsdal,62.294285,7.12155,5,Stadt til Hustadvika,
32,2021,20315,Overåneset V,ikke-medikamentell,,,,,,hele lokaliteten,1525,STRANDA,15,Møre og Romsdal,62.30065,7.085433,5,Stadt til Hustadvika,
32,2021,33417,Persflua,ikke-medikamentell,,,,,,deler av lokaliteten,5057,ØRLAND,50,Trøndelag,63.91345,9.826433,6,Nordmøre og Sør-Trøndelag,
32,2021,31958,Ratvika,ikke-medikamentell,,,,,,deler av lokaliteten,5058,ÅFJORD,50,Trøndelag,63.97185,9.954783,6,Nordmøre og Sør-Trøndelag,
32,2021,29116,Reiråklakken,ikke-medikamentell,,,,,,deler av lokaliteten,1573,SMØLA,15,Møre og Romsdal,63.44995,8.167133,6,Nordmøre og Sør-Trøndelag,
32,2021,12209,Rønstad,ikke-medikamentell,,,,,,deler av lokaliteten,1577,VOLDA,15,Møre og Romsdal,62.135117,6.021433,5,Stadt til Hustadvika,
32,2021,31677,Sandholmane,ikke-medikamentell,,,,,,hele lokaliteten,1547,AUKRA,15,Møre og Romsdal,62.79658,6.67125,5,Stadt til Hustadvika,
32,2021,12244,Setevika,ikke-medikamentell,,,,,,deler av lokaliteten,1506,MOLDE,15,Møre og Romsdal,62.728065,6.939283,5,Stadt til Hustadvika,
32,2021,12892,Sjølsvik,ikke-medikamentell,,,,,,deler av lokaliteten,1557,GJEMNES,15,Møre og Romsdal,62.9066,8.11095,6,Nordmøre og Sør-Trøndelag,
32,2021,21795,Skarvhausen,ikke-medikamentell,,,,,,deler av lokaliteten,1851,LØDINGEN,18,Nordland,68.339714,15.38435,9,Vestfjorden og Vesterålen,
32,2021,12108,Skorpo Nv,ikke-medikamentell,,,,,,deler av lokaliteten,4617,KVINNHERAD,46,Vestland,59.95323,5.827133,3,Karmøy til Sotra,
32,2021,26155,Slåttholmen,ikke-medikamentell,,,,,,deler av lokaliteten,5055,HEIM,50,Trøndelag,63.44779,8.958173,6,Nordmøre og Sør-Trøndelag,
32,2021,13000,Slåttvika,ikke-medikamentell,,,,,,hele lokaliteten,1813,BRØNNØY,18,Nordland,65.52393,12.545017,8,Helgeland til Bodø,
32,2021,13032,Sølvøyane,ikke-medikamentell,,,,,,deler av lokaliteten,4613,BØMLO,46,Vestland,59.609516,5.133367,3,Karmøy til Sotra,
32,2021,38297,Sør Gåsvær,ikke-medikamentell,,,,,,hele lokaliteten,1818,HERØY I NORDLAND,18,Nordland,66.03118,12.02305,8,Helgeland til Bodø,
32,2021,23375,Sørevik,medikamentell,fôrbehandling,Emamectin benzoat,,,,hele lokaliteten,4638,HØYANGER,46,Vestland,61.099983,5.729967,4,Nordhordaland til Stadt,
32,2021,13936,Sørvika,medikamentell,badebehandling,Azamethiphos,,,,deler av lokaliteten,1866,HADSEL,18,Nordland,68.47335,15.222633,9,Vestfjorden og Vesterålen,
32,2021,34297,Stabben,ikke-medikamentell,,,,,,deler av lokaliteten,5412,TJELDSUND,54,Troms og Finnmark,68.40113,16.2172,9,Vestfjorden og Vesterålen,
32,2021,10311,Storlia,ikke-medikamentell,,,,,,deler av lokaliteten,4637,HYLLESTAD,46,Vestland,61.203133,5.193833,4,Nordhordaland til Stadt,
32,2021,36100,Suholmen,ikke-medikamentell,,,,,,deler av lokaliteten,1573,SMØLA,15,Møre og Romsdal,63.494934,8.02235,6,Nordmøre og Sør-Trøndelag,
32,2021,40118,Svindalen I,ikke-medikamentell,,,,,,deler av lokaliteten,1871,ANDØY,18,Nordland,68.92783,15.42875,9,Vestfjorden og Vesterålen,
32,2021,38697,Takflua,ikke-medikamentell,,,,,,deler av lokaliteten,5058,ÅFJORD,50,Trøndelag,63.980415,9.865033,6,Nordmøre og Sør-Trøndelag,
32,2021,13644,Tepstad,ikke-medikamentell,,,,,,deler av lokaliteten,4630,OSTERØY,46,Vestland,60.553032,5.385317,4,Nordhordaland til Stadt,
32,2021,32717,Tranøya N,ikke-medikamentell,,,,,,hele lokaliteten,5057,ØRLAND,50,Trøndelag,63.87185,9.76985,6,Nordmøre og Sør-Trøndelag,
32,2021,11351,Trollvika,ikke-medikamentell,,,,,,deler av lokaliteten,5412,TJELDSUND,54,Troms og Finnmark,68.71725,17.022217,10,Andøya til Senja,
32,2021,45058,Urdaneset,medikamentell,fôrbehandling,Emamectin benzoat,,,,deler av lokaliteten,1525,STRANDA,15,Møre og Romsdal,62.319283,6.978617,5,Stadt til Hustadvika,
31,2021,11756,Allersholmen,ikke-medikamentell,,,,,,hele lokaliteten,4632,AUSTRHEIM,46,Vestland,60.774868,4.853533,4,Nordhordaland til Stadt,
31,2021,12086,Alsåkervik,ikke-medikamentell,,,,,,hele lokaliteten,4617,KVINNHERAD,46,Vestland,59.759518,6.072883,3,Karmøy til Sotra,
31,2021,10319,Ålvora,ikke-medikamentell,,,,,,hele lokaliteten,4602,KINN,46,Vestland,61.585766,5.136833,4,Nordhordaland til Stadt,
31,2021,18235,Bastli,ikke-medikamentell,,,,,,deler av lokaliteten,1133,HJELMELAND,11,Rogaland,59.2694,6.193083,2,Ryfylke,
31,2021,13845,Beitveit,ikke-medikamentell,,,,,,deler av lokaliteten,4649,STAD,46,Vestland,62.141335,5.3397,5,Stadt til Hustadvika,
31,2021,12095,Bergadalen,ikke-medikamentell,,,,,,deler av lokaliteten,4622,KVAM,46,Vestland,60.1216,5.908883,3,Karmøy til Sotra,
31,2021,10212,Bogen,ikke-medikamentell,,,,,,deler av lokaliteten,1505,KRISTIANSUND,15,Møre og Romsdal,63.076782,7.9046,6,Nordmøre og Sør-Trøndelag,
31,2021,13143,Bondejorda,ikke-medikamentell,,,,,,deler av lokaliteten,5438,LEBESBY,54,Troms og Finnmark,70.81695,27.563717,12,Vest-Finnmark,
31,2021,12040,Brandaskuta,ikke-medikamentell,,,,,,hele lokaliteten,4617,KVINNHERAD,46,Vestland,59.975735,5.909183,3,Karmøy til Sotra,
31,2021,10223,Bremnessvaet,ikke-medikamentell,,,,,,hele lokaliteten,1573,SMØLA,15,Møre og Romsdal,63.39795,8.214317,6,Nordmøre og Sør-Trøndelag,
31,2021,35677,Brottøy,ikke-medikamentell,,,,,,deler av lokaliteten,1866,HADSEL,18,Nordland,68.4885,15.125917,9,Vestfjorden og Vesterålen,
31,2021,12237,Brudevika,ikke-medikamentell,,,,,,deler av lokaliteten,1511,VANYLVEN,15,Møre og Romsdal,62.116566,5.420717,5,Stadt til Hustadvika,
31,2021,31038,Buarøy,medikamentell,badebehandling,Azamethiphos,,,,deler av lokaliteten,4626,ØYGARDEN,46,Vestland,60.220066,5.21455,3,Karmøy til Sotra,
31,2021,11543,Buholmen,ikke-medikamentell,,,,,,deler av lokaliteten,4625,AUSTEVOLL,46,Vestland,60.020466,5.080083,3,Karmøy til Sotra,
31,2021,11076,Digermulen,ikke-medikamentell,,,,,,hele lokaliteten,1836,RØDØY,18,Nordland,66.67648,13.316867,8,Helgeland til Bodø,
31,2021,20455,Djupevika,ikke-medikamentell,,,,,,deler av lokaliteten,4617,KVINNHERAD,46,Vestland,60.04095,6.009367,3,Karmøy til Sotra,
31,2021,34018,Dolma N,ikke-medikamentell,,,,,,hele lokaliteten,5060,NÆRØYSUND,50,Trøndelag,65.02533,11.676017,7,Nord-Trøndelag med Bindal,
31,2021,12109,Ebne,ikke-medikamentell,,,,,,hele lokaliteten,4611,ETNE,46,Vestland,59.71443,5.8238,3,Karmøy til Sotra,
31,2021,34717,Eidisholman,medikamentell,fôrbehandling,Emamectin benzoat,,,,hele lokaliteten,1860,VESTVÅGØY,18,Nordland,68.13462,13.867217,9,Vestfjorden og Vesterålen,
31,2021,13241,Endal Vest,ikke-medikamentell,,,,,,hele lokaliteten,4648,BREMANGER,46,Vestland,61.909832,5.464267,4,Nordhordaland til Stadt,
31,2021,12879,Endreset,ikke-medikamentell,,,,,,deler av lokaliteten,1505,KRISTIANSUND,15,Møre og Romsdal,63.029682,7.713733,6,Nordmøre og Sør-Trøndelag,
31,2021,31797,Fartøyvika,medikamentell,fôrbehandling,Annet virkestoff,,,,hele lokaliteten,5434,MÅSØY,54,Troms og Finnmark,70.828514,24.450483,12,Vest-Finnmark,
31,2021,19336,Flatholmen,ikke-medikamentell,,,,,,deler av lokaliteten,1106,HAUGESUND,11,Rogaland,59.4293,5.114483,3,Karmøy til Sotra,
31,2021,25835,Flatøyflu,medikamentell,badebehandling,Azamethiphos,,,,deler av lokaliteten,4625,AUSTEVOLL,46,Vestland,60.156033,5.2315,3,Karmøy til Sotra,
31,2021,11893,Fosså,ikke-medikamentell,,,,,,deler av lokaliteten,1133,HJELMELAND,11,Rogaland,59.2699,6.14295,2,Ryfylke,
31,2021,31437,Fuglåsen,ikke-medikamentell,,,,,,deler av lokaliteten,1573,SMØLA,15,Møre og Romsdal,63.44715,8.167767,6,Nordmøre og Sør-Trøndelag,
31,2021,11657,Gråvika,ikke-medikamentell,,,,,,deler av lokaliteten,4635,GULEN,46,Vestland,60.863083,4.935283,4,Nordhordaland til Stadt,
31,2021,16755,Hageberg,ikke-medikamentell,,,,,,deler av lokaliteten,4615,FITJAR,46,Vestland,59.944218,5.434733,3,Karmøy til Sotra,
31,2021,36178,Haukøya Ø,medikamentell,fôrbehandling,Emamectin benzoat,,,,hele lokaliteten,5427,SKJERVØY,54,Troms og Finnmark,70.046135,21.282034,11,Kvaløya til Loppa,
31,2021,10425,Heggvika,ikke-medikamentell,,,,,,deler av lokaliteten,1811,BINDAL,18,Nordland,65.12658,12.071983,7,Nord-Trøndelag med Bindal,
31,2021,32417,Hjartholmosen,ikke-medikamentell,,,,,,deler av lokaliteten,4625,AUSTEVOLL,46,Vestland,60.004616,5.227633,3,Karmøy til Sotra,
31,2021,13931,Hjartøy Ø,ikke-medikamentell,,,,,,deler av lokaliteten,1848,STEIGEN,18,Nordland,67.6562,15.118567,9,Vestfjorden og Vesterålen,
31,2021,12871,Hogsnes,ikke-medikamentell,,,,,,deler av lokaliteten,1554,AVERØY,15,Møre og Romsdal,63.093033,7.675883,6,Nordmøre og Sør-Trøndelag,
31,2021,30377,Hogsneset N,ikke-medikamentell,,,,,,deler av lokaliteten,1554,AVERØY,15,Møre og Romsdal,63.099934,7.670267,6,Nordmøre og Sør-Trøndelag,
31,2021,13337,Hovdenakken,ikke-medikamentell,,,,,,deler av lokaliteten,5438,LEBESBY,54,Troms og Finnmark,70.81805,27.49395,12,Vest-Finnmark,
31,2021,34397,Hyseneset,ikke-medikamentell,,,,,,deler av lokaliteten,4635,GULEN,46,Vestland,60.86,4.963083,4,Nordhordaland til Stadt,
31,2021,29756,Indre Bringenes,medikamentell,fôrbehandling,Emamectin benzoat,,,,hele lokaliteten,5421,SENJA,54,Troms og Finnmark,69.48227,17.57155,10,Andøya til Senja,
31,2021,30036,Jørstadskjera,medikamentell,badebehandling,Annet virkestoff,,,,deler av lokaliteten,1103,STAVANGER,11,Rogaland,59.2955,5.938617,2,Ryfylke,
31,2021,30036,Jørstadskjera,ikke-medikamentell,,,,,,deler av lokaliteten,1103,STAVANGER,11,Rogaland,59.2955,5.938617,2,Ryfylke,
31,2021,13242,Juvika B,ikke-medikamentell,,,,,,deler av lokaliteten,4648,BREMANGER,46,Vestland,61.895683,5.6331,4,Nordhordaland til Stadt,
31,2021,36217,Kalvhylla,medikamentell,fôrbehandling,Emamectin benzoat,,,,deler av lokaliteten,1816,VEVELSTAD,18,Nordland,65.74827,12.540533,8,Helgeland til Bodø,
31,2021,16736,Kåvika,medikamentell,fôrbehandling,Emamectin benzoat,,,,hele lokaliteten,5427,SKJERVØY,54,Troms og Finnmark,69.95783,20.69315,11,Kvaløya til Loppa,
31,2021,11913,Kjeahola,ikke-medikamentell,,,,,,deler av lokaliteten,1103,STAVANGER,11,Rogaland,59.2933,6.0729,2,Ryfylke,
31,2021,26135,Kjørsvikgrunn,ikke-medikamentell,,,,,,deler av lokaliteten,5055,HEIM,50,Trøndelag,63.457565,9.076,6,Nordmøre og Sør-Trøndelag,
31,2021,24455,Klavelandet,ikke-medikamentell,,,,,,hele lokaliteten,4602,KINN,46,Vestland,61.60395,5.186533,4,Nordhordaland til Stadt,
31,2021,11534,Klungsholmen,ikke-medikamentell,,,,,,deler av lokaliteten,4613,BØMLO,46,Vestland,59.596783,5.161567,3,Karmøy til Sotra,
31,2021,10224,Korsneset,ikke-medikamentell,,,,,,deler av lokaliteten,5055,HEIM,50,Trøndelag,63.14268,8.225383,6,Nordmøre og Sør-Trøndelag,
31,2021,32097,Korsneset 2,ikke-medikamentell,,,,,,deler av lokaliteten,5055,HEIM,50,Trøndelag,63.14123,8.21375,6,Nordmøre og Sør-Trøndelag,
31,2021,30297,Krabbholmen,ikke-medikamentell,,,,,,deler av lokaliteten,5058,ÅFJORD,50,Trøndelag,63.944485,9.8814,6,Nordmøre og Sør-Trøndelag,
31,2021,33177,Krabbholmen II,ikke-medikamentell,,,,,,deler av lokaliteten,5058,ÅFJORD,50,Trøndelag,63.94,9.886633,6,Nordmøre og Sør-Trøndelag,
31,2021,21676,Kråkholmen,ikke-medikamentell,,,,,,deler av lokaliteten,5049,FLATANGER,50,Trøndelag,64.60255,10.854067,7,Nord-Trøndelag med Bindal,
31,2021,19356,Kvalrosskjæret,ikke-medikamentell,,,,,,hele lokaliteten,5049,FLATANGER,50,Trøndelag,64.5387,10.877383,7,Nord-Trøndelag med Bindal,
31,2021,15860,Kvenbukta V,ikke-medikamentell,,,,,,hele lokaliteten,5421,SENJA,54,Troms og Finnmark,69.23299,17.089417,10,Andøya til Senja,
31,2021,20595,Kyrholmen S,medikamentell,badebehandling,Azamethiphos,,,,deler av lokaliteten,4625,AUSTEVOLL,46,Vestland,60.161583,5.207633,3,Karmøy til Sotra,
31,2021,26295,Langøy,ikke-medikamentell,,,,,,deler av lokaliteten,4631,ALVER,46,Vestland,60.77947,5.16,4,Nordhordaland til Stadt,
31,2021,37297,Larstangen,medikamentell,fôrbehandling,Emamectin benzoat,,,,deler av lokaliteten,5423,KARLSØY,54,Troms og Finnmark,70.08442,20.090418,11,Kvaløya til Loppa,
31,2021,10990,Lille Åsvær,ikke-medikamentell,,,,,,deler av lokaliteten,1827,DØNNA,18,Nordland,66.22887,12.312267,8,Helgeland til Bodø,
31,2021,12966,Lindvik,ikke-medikamentell,,,,,,deler av lokaliteten,1160,VINDAFJORD,11,Rogaland,59.474068,5.976433,2,Ryfylke,
31,2021,45066,Lingaholmane,ikke-medikamentell,,,,,,hele lokaliteten,4622,KVAM,46,Vestland,60.249382,6.05955,3,Karmøy til Sotra,
31,2021,35477,Makrellskjæret,ikke-medikamentell,,,,,,deler av lokaliteten,5049,FLATANGER,50,Trøndelag,64.54919,10.7341,7,Nord-Trøndelag med Bindal,
31,2021,31637,Melkøya,ikke-medikamentell,,,,,,hele lokaliteten,1818,HERØY I NORDLAND,18,Nordland,66.08141,12.2005,8,Helgeland til Bodø,
31,2021,34277,Mikkelsøya,medikamentell,badebehandling,Azamethiphos,,,,hele lokaliteten,1867,BØ I NORDLAND,18,Nordland,68.65618,14.729933,9,Vestfjorden og Vesterålen,
31,2021,30157,Movik,ikke-medikamentell,,,,,,hele lokaliteten,1845,SØRFOLD,18,Nordland,67.63265,15.26325,9,Vestfjorden og Vesterålen,
31,2021,11611,Naveide,medikamentell,badebehandling,Azamethiphos,,,,deler av lokaliteten,4625,AUSTEVOLL,46,Vestland,60.1386,5.110533,3,Karmøy til Sotra,
31,2021,11611,Naveide,ikke-medikamentell,,,,,,deler av lokaliteten,4625,AUSTEVOLL,46,Vestland,60.1386,5.110533,3,Karmøy til Sotra,
31,2021,27055,Oddane,ikke-medikamentell,,,,,,deler av lokaliteten,4602,KINN,46,Vestland,61.540367,4.968933,4,Nordhordaland til Stadt,
31,2021,33737,Olausskjæret,medikamentell,fôrbehandling,Emamectin benzoat,,,,hele lokaliteten,5014,FRØYA,50,Trøndelag,63.7917,8.504717,6,Nordmøre og Sør-Trøndelag,
31,2021,33737,Olausskjæret,medikamentell,fôrbehandling,Emamectin benzoat,,,,hele lokaliteten,5014,FRØYA,50,Trøndelag,63.7917,8.504717,6,Nordmøre og Sør-Trøndelag,
31,2021,40117,Otervika,ikke-medikamentell,,,,,,deler av lokaliteten,1811,BINDAL,18,Nordland,65.161736,11.968417,7,Nord-Trøndelag med Bindal,
31,2021,33417,Persflua,ikke-medikamentell,,,,,,deler av lokaliteten,5057,ØRLAND,50,Trøndelag,63.91345,9.826433,6,Nordmøre og Sør-Trøndelag,
31,2021,28636,Rataren,medikamentell,fôrbehandling,Emamectin benzoat,,,,hele lokaliteten,5014,FRØYA,50,Trøndelag,63.780582,8.5176,6,Nordmøre og Sør-Trøndelag,
31,2021,31959,Rataren II,medikamentell,fôrbehandling,Emamectin benzoat,,,,hele lokaliteten,5014,FRØYA,50,Trøndelag,63.782383,8.52635,6,Nordmøre og Sør-Trøndelag,
31,2021,31958,Ratvika,ikke-medikamentell,,,,,,deler av lokaliteten,5058,ÅFJORD,50,Trøndelag,63.97185,9.954783,6,Nordmøre og Sør-Trøndelag,
31,2021,33477,Reinsnesøya,ikke-medikamentell,,,,,,hele lokaliteten,1870,SORTLAND,18,Nordland,68.772835,15.446583,9,Vestfjorden og Vesterålen,
31,2021,29896,Renndalen,ikke-medikamentell,,,,,,deler av lokaliteten,5055,HEIM,50,Trøndelag,63.176117,8.6172,6,Nordmøre og Sør-Trøndelag,
31,2021,11964,Ringja,ikke-medikamentell,,,,,,deler av lokaliteten,1146,TYSVÆR,11,Rogaland,59.405468,5.8631,2,Ryfylke,
31,2021,14795,Rinøyvåg Ø,ikke-medikamentell,,,,,,deler av lokaliteten,1851,LØDINGEN,18,Nordland,68.3779,15.767883,9,Vestfjorden og Vesterålen,
31,2021,11770,Rotøy,ikke-medikamentell,,,,,,deler av lokaliteten,4626,ØYGARDEN,46,Vestland,60.682816,4.759617,4,Nordhordaland til Stadt,
31,2021,16015,Russelva,ikke-medikamentell,,,,,,hele lokaliteten,5428,NORDREISA,54,Troms og Finnmark,69.88975,20.769016,11,Kvaløya til Loppa,
31,2021,34857,Salatskjæra,medikamentell,fôrbehandling,Emamectin benzoat,,,,hele lokaliteten,5014,FRØYA,50,Trøndelag,63.90485,8.589133,6,Nordmøre og Sør-Trøndelag,
31,2021,19855,Segelråa,ikke-medikamentell,,,,,,deler av lokaliteten,1576,AURE,15,Møre og Romsdal,63.149746,8.12855,6,Nordmøre og Sør-Trøndelag,
31,2021,37857,Seiskjæret,ikke-medikamentell,,,,,,deler av lokaliteten,1818,HERØY I NORDLAND,18,Nordland,65.93428,12.071567,8,Helgeland til Bodø,
31,2021,33017,Setevika N,ikke-medikamentell,,,,,,deler av lokaliteten,1506,MOLDE,15,Møre og Romsdal,62.73835,6.937667,5,Stadt til Hustadvika,
31,2021,20796,Skarbukta,ikke-medikamentell,,,,,,deler av lokaliteten,1539,RAUMA,15,Møre og Romsdal,62.59785,7.367717,5,Stadt til Hustadvika,
31,2021,11966,Skigelstrand,ikke-medikamentell,,,,,,deler av lokaliteten,1160,VINDAFJORD,11,Rogaland,59.494118,5.846567,2,Ryfylke,
31,2021,36177,Skjellesvika,ikke-medikamentell,,,,,,hele lokaliteten,5402,HARSTAD,54,Troms og Finnmark,68.91143,16.645132,10,Andøya til Senja,
31,2021,20115,Skjerholmen N,ikke-medikamentell,,,,,,deler av lokaliteten,4626,ØYGARDEN,46,Vestland,60.249966,5.174483,3,Karmøy til Sotra,
31,2021,32877,Skorpo,medikamentell,badebehandling,Azamethiphos,,,,deler av lokaliteten,4624,BJØRNAFJORDEN,46,Vestland,60.173317,5.293683,3,Karmøy til Sotra,
31,2021,12108,Skorpo Nv,medikamentell,badebehandling,Azamethiphos,,,,deler av lokaliteten,4617,KVINNHERAD,46,Vestland,59.95323,5.827133,3,Karmøy til Sotra,
31,2021,12108,Skorpo Nv,ikke-medikamentell,,,,,,deler av lokaliteten,4617,KVINNHERAD,46,Vestland,59.95323,5.827133,3,Karmøy til Sotra,
31,2021,12712,Slokkholmen Ø,ikke-medikamentell,,,,,,hele lokaliteten,5052,LEKA,50,Trøndelag,65.03989,11.4847,7,Nord-Trøndelag med Bindal,
31,2021,31217,Stokkasjøen,medikamentell,fôrbehandling,Emamectin benzoat,,,,hele lokaliteten,1816,VEVELSTAD,18,Nordland,65.78252,12.591783,8,Helgeland til Bodø,
31,2021,10974,Store Bukkøy N,medikamentell,fôrbehandling,Emamectin benzoat,,,,deler av lokaliteten,1834,LURØY,18,Nordland,66.40072,12.4117,8,Helgeland til Bodø,
31,2021,10839,Store Kufjord,medikamentell,fôrbehandling,Emamectin benzoat,,,,hele lokaliteten,5403,ALTA,54,Troms og Finnmark,70.35332,23.079117,12,Vest-Finnmark,
31,2021,35817,Storevika,ikke-medikamentell,,,,,,hele lokaliteten,1804,BODØ,18,Nordland,67.18557,14.388433,8,Helgeland til Bodø,
31,2021,13593,Storfjell,ikke-medikamentell,,,,,,deler av lokaliteten,1865,VÅGAN,18,Nordland,68.32518,15.2023,9,Vestfjorden og Vesterålen,
31,2021,26235,Stualand,ikke-medikamentell,,,,,,deler av lokaliteten,4612,SVEIO,46,Vestland,59.6088,5.5269,3,Karmøy til Sotra,
31,2021,11813,Svinøy V,ikke-medikamentell,,,,,,deler av lokaliteten,4646,FJALER,46,Vestland,61.30475,5.101317,4,Nordhordaland til Stadt,
31,2021,22955,Svollandsneset,medikamentell,badebehandling,Annet virkestoff,,,,hele lokaliteten,1160,VINDAFJORD,11,Rogaland,59.685184,5.58855,3,Karmøy til Sotra,
31,2021,22955,Svollandsneset,ikke-medikamentell,,,,,,deler av lokaliteten,1160,VINDAFJORD,11,Rogaland,59.685184,5.58855,3,Karmøy til Sotra,
31,2021,31497,Toska N,ikke-medikamentell,,,,,,deler av lokaliteten,4631,ALVER,46,Vestland,60.66987,4.9172,4,Nordhordaland til Stadt,
31,2021,34737,Ulvøyo,ikke-medikamentell,,,,,,hele lokaliteten,1106,HAUGESUND,11,Rogaland,59.432583,5.10645,3,Karmøy til Sotra,
31,2021,35517,Vadholmen,ikke-medikamentell,,,,,,deler av lokaliteten,4626,ØYGARDEN,46,Vestland,60.695,4.761117,4,Nordhordaland til Stadt,
31,2021,10091,Vågsøya,ikke-medikamentell,,,,,,hele lokaliteten,4602,KINN,46,Vestland,61.490383,5.0247,4,Nordhordaland til Stadt,
31,2021,35657,Varden,ikke-medikamentell,,,,,,deler av lokaliteten,5056,HITRA,50,Trøndelag,63.635715,9.186467,6,Nordmøre og Sør-Trøndelag,
31,2021,36317,Varholmen,medikamentell,fôrbehandling,Emamectin benzoat,,,,hele lokaliteten,1813,BRØNNØY,18,Nordland,65.54652,12.127967,8,Helgeland til Bodø,
31,2021,11925,Vintraviki,ikke-medikamentell,,,,,,deler av lokaliteten,1134,SULDAL,11,Rogaland,59.399384,6.020533,2,Ryfylke,
30,2021,15796,Borgarliflot,ikke-medikamentell,,,,,,hele lokaliteten,1134,SULDAL,11,Rogaland,59.3892,5.924733,2,Ryfylke,
30,2021,13205,Brattholmen,medikamentell,fôrbehandling,Emamectin benzoat,,,,hele lokaliteten,4636,SOLUND,46,Vestland,61.068382,4.713817,4,Nordhordaland til Stadt,
30,2021,28336,Breivika,ikke-medikamentell,,,,,,hele lokaliteten,1827,DØNNA,18,Nordland,66.1609,12.68205,8,Helgeland til Bodø,
30,2021,32897,Breivika S,ikke-medikamentell,,,,,,hele lokaliteten,1827,DØNNA,18,Nordland,66.1581,12.682017,8,Helgeland til Bodø,
30,2021,13765,Breiviken,ikke-medikamentell,,,,,,deler av lokaliteten,1834,LURØY,18,Nordland,66.46165,12.958033,8,Helgeland til Bodø,
30,2021,34197,Brennholmen,medikamentell,fôrbehandling,Emamectin benzoat,,,,hele lokaliteten,1818,HERØY I NORDLAND,18,Nordland,65.978714,12.16355,8,Helgeland til Bodø,
30,2021,12466,Brettingen,ikke-medikamentell,,,,,,deler av lokaliteten,1573,SMØLA,15,Møre og Romsdal,63.3582,8.237267,6,Nordmøre og Sør-Trøndelag,
30,2021,35677,Brottøy,medikamentell,badebehandling,Azamethiphos,,,,hele lokaliteten,1866,HADSEL,18,Nordland,68.4885,15.125917,9,Vestfjorden og Vesterålen,
30,2021,31038,Buarøy,ikke-medikamentell,,,,,,deler av lokaliteten,4626,ØYGARDEN,46,Vestland,60.220066,5.21455,3,Karmøy til Sotra,
30,2021,30097,Djupvik,ikke-medikamentell,,,,,,deler av lokaliteten,1836,RØDØY,18,Nordland,66.73299,13.33115,8,Helgeland til Bodø,
30,2021,10505,Dragnes,medikamentell,fôrbehandling,Emamectin benzoat,,,,hele lokaliteten,1866,HADSEL,18,Nordland,68.58393,14.707267,9,Vestfjorden og Vesterålen,
30,2021,35877,Eiterfjorden,ikke-medikamentell,,,,,,deler av lokaliteten,5060,NÆRØYSUND,50,Trøndelag,64.971634,11.723933,7,Nord-Trøndelag med Bindal,
30,2021,12879,Endreset,ikke-medikamentell,,,,,,deler av lokaliteten,1505,KRISTIANSUND,15,Møre og Romsdal,63.029682,7.713733,6,Nordmøre og Sør-Trøndelag,
30,2021,31797,Fartøyvika,medikamentell,fôrbehandling,Annet virkestoff,,,,hele lokaliteten,5434,MÅSØY,54,Troms og Finnmark,70.828514,24.450483,12,Vest-Finnmark,
30,2021,12624,Feøyvika,ikke-medikamentell,,,,,,hele lokaliteten,5049,FLATANGER,50,Trøndelag,64.56032,10.919133,7,Nord-Trøndelag med Bindal,
30,2021,25835,Flatøyflu,medikamentell,badebehandling,Azamethiphos,,,,deler av lokaliteten,4625,AUSTEVOLL,46,Vestland,60.156033,5.2315,3,Karmøy til Sotra,
30,2021,29876,Flotaren,ikke-medikamentell,,,,,,deler av lokaliteten,5049,FLATANGER,50,Trøndelag,64.52398,10.761667,7,Nord-Trøndelag med Bindal,
30,2021,31437,Fuglåsen,ikke-medikamentell,,,,,,deler av lokaliteten,1573,SMØLA,15,Møre og Romsdal,63.44715,8.167767,6,Nordmøre og Sør-Trøndelag,
30,2021,11736,Fureholmen S,medikamentell,fôrbehandling,Emamectin benzoat,,,,hele lokaliteten,4636,SOLUND,46,Vestland,61.056084,4.867017,4,Nordhordaland til Stadt,
30,2021,13058,Fusavika,ikke-medikamentell,,,,,,deler av lokaliteten,4624,BJØRNAFJORDEN,46,Vestland,60.207733,5.613583,3,Karmøy til Sotra,
30,2021,11193,Gamskjæran,ikke-medikamentell,,,,,,deler av lokaliteten,1860,VESTVÅGØY,18,Nordland,68.11055,13.74305,9,Vestfjorden og Vesterålen,
30,2021,13021,Gaustad,ikke-medikamentell,,,,,,deler av lokaliteten,1579,HUSTADVIKA,15,Møre og Romsdal,62.9839,7.329667,6,Nordmøre og Sør-Trøndelag,
30,2021,31357,Geitryggen,medikamentell,fôrbehandling,Emamectin benzoat,,,,deler av lokaliteten,5060,NÆRØYSUND,50,Trøndelag,64.75127,11.189217,7,Nord-Trøndelag med Bindal,
30,2021,11530,Gissøysundet S,ikke-medikamentell,,,,,,deler av lokaliteten,4613,BØMLO,46,Vestland,59.623585,5.160067,3,Karmøy til Sotra,
30,2021,14035,Guleskjeret,ikke-medikamentell,,,,,,hele lokaliteten,4636,SOLUND,46,Vestland,61.041134,4.79225,4,Nordhordaland til Stadt,
30,2021,19995,Hagahammaren,ikke-medikamentell,,,,,,deler av lokaliteten,1576,AURE,15,Møre og Romsdal,63.137917,8.0306,6,Nordmøre og Sør-Trøndelag,
30,2021,16755,Hageberg,ikke-medikamentell,,,,,,deler av lokaliteten,4615,FITJAR,46,Vestland,59.944218,5.434733,3,Karmøy til Sotra,
30,2021,18639,Halsavika,ikke-medikamentell,,,,,,deler av lokaliteten,1146,TYSVÆR,11,Rogaland,59.39232,5.883333,2,Ryfylke,
30,2021,24035,Håvikvågen S,ikke-medikamentell,,,,,,hele lokaliteten,4624,BJØRNAFJORDEN,46,Vestland,60.170483,5.699283,3,Karmøy til Sotra,
30,2021,30897,Havsundet,medikamentell,fôrbehandling,Emamectin benzoat,,,,hele lokaliteten,5057,ØRLAND,50,Trøndelag,63.79933,9.440483,6,Nordmøre og Sør-Trøndelag,
30,2021,10291,Hiskholmen,ikke-medikamentell,,,,,,hele lokaliteten,4613,BØMLO,46,Vestland,59.72585,5.144717,3,Karmøy til Sotra,
30,2021,32417,Hjartholmosen,ikke-medikamentell,,,,,,deler av lokaliteten,4625,AUSTEVOLL,46,Vestland,60.004616,5.227633,3,Karmøy til Sotra,
30,2021,35197,Hjortøya,ikke-medikamentell,,,,,,hele lokaliteten,5060,NÆRØYSUND,50,Trøndelag,64.9848,11.135467,7,Nord-Trøndelag med Bindal,
30,2021,12871,Hogsnes,ikke-medikamentell,,,,,,deler av lokaliteten,1554,AVERØY,15,Møre og Romsdal,63.093033,7.675883,6,Nordmøre og Sør-Trøndelag,
30,2021,30377,Hogsneset N,ikke-medikamentell,,,,,,deler av lokaliteten,1554,AVERØY,15,Møre og Romsdal,63.099934,7.670267,6,Nordmøre og Sør-Trøndelag,
30,2021,34397,Hyseneset,ikke-medikamentell,,,,,,deler av lokaliteten,4635,GULEN,46,Vestland,60.86,4.963083,4,Nordhordaland til Stadt,
30,2021,29756,Indre Bringenes,medikamentell,fôrbehandling,Emamectin benzoat,,,,hele lokaliteten,5421,SENJA,54,Troms og Finnmark,69.48227,17.57155,10,Andøya til Senja,
30,2021,26495,Jevik,ikke-medikamentell,,,,,,deler av lokaliteten,1806,NARVIK,18,Nordland,68.412636,16.526934,9,Vestfjorden og Vesterålen,
30,2021,36217,Kalvhylla,medikamentell,fôrbehandling,Emamectin benzoat,,,,deler av lokaliteten,1816,VEVELSTAD,18,Nordland,65.74827,12.540533,8,Helgeland til Bodø,
30,2021,14042,Kattholmen,medikamentell,fôrbehandling,Emamectin benzoat,,,,hele lokaliteten,5014,FRØYA,50,Trøndelag,63.870968,8.679017,6,Nordmøre og Sør-Trøndelag,
30,2021,12872,Kattholmen,ikke-medikamentell,,,,,,deler av lokaliteten,1505,KRISTIANSUND,15,Møre og Romsdal,63.055332,7.695317,6,Nordmøre og Sør-Trøndelag,
30,2021,16736,Kåvika,medikamentell,fôrbehandling,Emamectin benzoat,,,,hele lokaliteten,5427,SKJERVØY,54,Troms og Finnmark,69.95783,20.69315,11,Kvaløya til Loppa,
30,2021,11913,Kjeahola,ikke-medikamentell,,,,,,deler av lokaliteten,1103,STAVANGER,11,Rogaland,59.2933,6.0729,2,Ryfylke,
30,2021,40377,Klampvika N,ikke-medikamentell,,,,,,hele lokaliteten,1811,BINDAL,18,Nordland,65.21104,12.250167,7,Nord-Trøndelag med Bindal,
30,2021,36037,Klipen,ikke-medikamentell,,,,,,hele lokaliteten,1822,LEIRFJORD,18,Nordland,66.1336,12.851983,8,Helgeland til Bodø,
30,2021,11534,Klungsholmen,ikke-medikamentell,,,,,,deler av lokaliteten,4613,BØMLO,46,Vestland,59.596783,5.161567,3,Karmøy til Sotra,
30,2021,13764,Kokvika,ikke-medikamentell,,,,,,hele lokaliteten,1834,LURØY,18,Nordland,66.41282,12.956867,8,Helgeland til Bodø,
30,2021,10224,Korsneset,ikke-medikamentell,,,,,,deler av lokaliteten,5055,HEIM,50,Trøndelag,63.14268,8.225383,6,Nordmøre og Sør-Trøndelag,
30,2021,32097,Korsneset 2,ikke-medikamentell,,,,,,deler av lokaliteten,5055,HEIM,50,Trøndelag,63.14123,8.21375,6,Nordmøre og Sør-Trøndelag,
30,2021,30297,Krabbholmen,ikke-medikamentell,,,,,,deler av lokaliteten,5058,ÅFJORD,50,Trøndelag,63.944485,9.8814,6,Nordmøre og Sør-Trøndelag,
30,2021,33177,Krabbholmen II,ikke-medikamentell,,,,,,deler av lokaliteten,5058,ÅFJORD,50,Trøndelag,63.94,9.886633,6,Nordmøre og Sør-Trøndelag,
30,2021,12652,Kråkøya,ikke-medikamentell,,,,,,deler av lokaliteten,5060,NÆRØYSUND,50,Trøndelag,65.003784,11.042367,7,Nord-Trøndelag med Bindal,
30,2021,20576,Kvanntoneset,medikamentell,fôrbehandling,Emamectin benzoat,,,,deler av lokaliteten,5415,LOABÁK - LAVANGEN,54,Troms og Finnmark,68.81382,17.521017,10,Andøya til Senja,
30,2021,15860,Kvenbukta V,ikke-medikamentell,,,,,,hele lokaliteten,5421,SENJA,54,Troms og Finnmark,69.23299,17.089417,10,Andøya til Senja,
30,2021,36457,Kvingra,ikke-medikamentell,,,,,,deler av lokaliteten,5052,LEKA,50,Trøndelag,65.20317,11.569,7,Nord-Trøndelag med Bindal,
30,2021,35777,Kvitskjæret,ikke-medikamentell,,,,,,hele lokaliteten,1818,HERØY I NORDLAND,18,Nordland,66.1008,12.157333,8,Helgeland til Bodø,
30,2021,20595,Kyrholmen S,ikke-medikamentell,,,,,,deler av lokaliteten,4625,AUSTEVOLL,46,Vestland,60.161583,5.207633,3,Karmøy til Sotra,
30,2021,10898,Lamholmen,medikamentell,fôrbehandling,Emamectin benzoat,,,,hele lokaliteten,1813,BRØNNØY,18,Nordland,65.47138,12.135,8,Helgeland til Bodø,
30,2021,26295,Langøy,ikke-medikamentell,,,,,,deler av lokaliteten,4631,ALVER,46,Vestland,60.77947,5.16,4,Nordhordaland til Stadt,
30,2021,12870,Leite,ikke-medikamentell,,,,,,deler av lokaliteten,1554,AVERØY,15,Møre og Romsdal,63.035984,7.678117,6,Nordmøre og Sør-Trøndelag,
30,2021,14086,Lelandsholmen,ikke-medikamentell,,,,,,deler av lokaliteten,4613,BØMLO,46,Vestland,59.72855,5.152383,3,Karmøy til Sotra,
30,2021,10990,Lille Åsvær,ikke-medikamentell,,,,,,deler av lokaliteten,1827,DØNNA,18,Nordland,66.22887,12.312267,8,Helgeland til Bodø,
30,2021,28996,Loddetå,medikamentell,badebehandling,Annet virkestoff,,,,hele lokaliteten,4612,SVEIO,46,Vestland,59.691784,5.543717,3,Karmøy til Sotra,
30,2021,28996,Loddetå,ikke-medikamentell,,,,,,deler av lokaliteten,4612,SVEIO,46,Vestland,59.691784,5.543717,3,Karmøy til Sotra,
30,2021,12633,Lyrnesset,ikke-medikamentell,,,,,,deler av lokaliteten,5049,FLATANGER,50,Trøndelag,64.5256,10.748133,7,Nord-Trøndelag med Bindal,
30,2021,12127,Mælen,ikke-medikamentell,,,,,,deler av lokaliteten,4617,KVINNHERAD,46,Vestland,59.69998,5.723617,3,Karmøy til Sotra,
30,2021,35477,Makrellskjæret,ikke-medikamentell,,,,,,deler av lokaliteten,5049,FLATANGER,50,Trøndelag,64.54919,10.7341,7,Nord-Trøndelag med Bindal,
30,2021,12047,Mjåneset,ikke-medikamentell,,,,,,deler av lokaliteten,4624,BJØRNAFJORDEN,46,Vestland,60.1763,5.7231,3,Karmøy til Sotra,
30,2021,11611,Naveide,ikke-medikamentell,,,,,,deler av lokaliteten,4625,AUSTEVOLL,46,Vestland,60.1386,5.110533,3,Karmøy til Sotra,
30,2021,33297,Nye Skorpa,medikamentell,fôrbehandling,Emamectin benzoat,,,,deler av lokaliteten,1827,DØNNA,18,Nordland,66.03093,12.481483,8,Helgeland til Bodø,
30,2021,33737,Olausskjæret,medikamentell,fôrbehandling,Emamectin benzoat,,,,hele lokaliteten,5014,FRØYA,50,Trøndelag,63.7917,8.504717,6,Nordmøre og Sør-Trøndelag,
30,2021,33737,Olausskjæret,medikamentell,fôrbehandling,Emamectin benzoat,,,,hele lokaliteten,5014,FRØYA,50,Trøndelag,63.7917,8.504717,6,Nordmøre og Sør-Trøndelag,
30,2021,10136,Onarøy,ikke-medikamentell,,,,,,deler av lokaliteten,4616,TYSNES,46,Vestland,59.95335,5.669683,3,Karmøy til Sotra,
30,2021,12394,Ørnøya,medikamentell,fôrbehandling,Emamectin benzoat,,,,hele lokaliteten,5014,FRØYA,50,Trøndelag,63.761868,8.445183,6,Nordmøre og Sør-Trøndelag,
30,2021,24696,Ørnøya II,medikamentell,fôrbehandling,Emamectin benzoat,,,,hele lokaliteten,5014,FRØYA,50,Trøndelag,63.758484,8.450367,6,Nordmøre og Sør-Trøndelag,
30,2021,11205,Oterholmen I,ikke-medikamentell,,,,,,hele lokaliteten,1860,VESTVÅGØY,18,Nordland,68.092636,13.634483,9,Vestfjorden og Vesterålen,
30,2021,28636,Rataren,medikamentell,fôrbehandling,Emamectin benzoat,,,,hele lokaliteten,5014,FRØYA,50,Trøndelag,63.780582,8.5176,6,Nordmøre og Sør-Trøndelag,
30,2021,31959,Rataren II,medikamentell,fôrbehandling,Emamectin benzoat,,,,hele lokaliteten,5014,FRØYA,50,Trøndelag,63.782383,8.52635,6,Nordmøre og Sør-Trøndelag,
30,2021,13867,Raunevågen,ikke-medikamentell,,,,,,deler av lokaliteten,4612,SVEIO,46,Vestland,59.65798,5.533667,3,Karmøy til Sotra,
30,2021,33477,Reinsnesøya,ikke-medikamentell,,,,,,hele lokaliteten,1870,SORTLAND,18,Nordland,68.772835,15.446583,9,Vestfjorden og Vesterålen,
30,2021,29116,Reiråklakken,ikke-medikamentell,,,,,,deler av lokaliteten,1573,SMØLA,15,Møre og Romsdal,63.44995,8.167133,6,Nordmøre og Sør-Trøndelag,
30,2021,29896,Renndalen,ikke-medikamentell,,,,,,deler av lokaliteten,5055,HEIM,50,Trøndelag,63.176117,8.6172,6,Nordmøre og Sør-Trøndelag,
30,2021,11964,Ringja,ikke-medikamentell,,,,,,deler av lokaliteten,1146,TYSVÆR,11,Rogaland,59.405468,5.8631,2,Ryfylke,
30,2021,37197,Ruggstein,medikamentell,fôrbehandling,Emamectin benzoat,,,,hele lokaliteten,5014,FRØYA,50,Trøndelag,63.770084,8.476033,6,Nordmøre og Sør-Trøndelag,
30,2021,34857,Salatskjæra,medikamentell,fôrbehandling,Emamectin benzoat,,,,hele lokaliteten,5014,FRØYA,50,Trøndelag,63.90485,8.589133,6,Nordmøre og Sør-Trøndelag,
30,2021,35417,Sandøya,ikke-medikamentell,,,,,,deler av lokaliteten,1848,STEIGEN,18,Nordland,67.7382,14.75345,9,Vestfjorden og Vesterålen,
30,2021,11758,Sauøy,medikamentell,badebehandling,Azamethiphos,,,,deler av lokaliteten,4626,ØYGARDEN,46,Vestland,60.59395,4.86125,4,Nordhordaland til Stadt,
30,2021,19855,Segelråa,ikke-medikamentell,,,,,,deler av lokaliteten,1576,AURE,15,Møre og Romsdal,63.149746,8.12855,6,Nordmøre og Sør-Trøndelag,
30,2021,36517,Selsøyvær,ikke-medikamentell,,,,,,deler av lokaliteten,1836,RØDØY,18,Nordland,66.5896,12.84965,8,Helgeland til Bodø,
30,2021,10216,Skåren,ikke-medikamentell,,,,,,deler av lokaliteten,5055,HEIM,50,Trøndelag,63.076283,8.191733,6,Nordmøre og Sør-Trøndelag,
30,2021,31457,Skarvestein,medikamentell,fôrbehandling,Emamectin benzoat,,,,deler av lokaliteten,5427,SKJERVØY,54,Troms og Finnmark,69.993614,20.71115,11,Kvaløya til Loppa,
30,2021,11966,Skigelstrand,ikke-medikamentell,,,,,,deler av lokaliteten,1160,VINDAFJORD,11,Rogaland,59.494118,5.846567,2,Ryfylke,
30,2021,20115,Skjerholmen N,ikke-medikamentell,,,,,,deler av lokaliteten,4626,ØYGARDEN,46,Vestland,60.249966,5.174483,3,Karmøy til Sotra,
30,2021,11326,Skøyen,medikamentell,fôrbehandling,Emamectin benzoat,,,,hele lokaliteten,5420,DYRØY,54,Troms og Finnmark,69.017,17.45725,10,Andøya til Senja,
30,2021,11326,Skøyen,medikamentell,fôrbehandling,Emamectin benzoat,,,,hele lokaliteten,5420,DYRØY,54,Troms og Finnmark,69.017,17.45725,10,Andøya til Senja,
30,2021,12705,Skrosen,ikke-medikamentell,,,,,,deler av lokaliteten,5052,LEKA,50,Trøndelag,65.122986,11.674517,7,Nord-Trøndelag med Bindal,
30,2021,40037,Smedholmen,ikke-medikamentell,,,,,,hele lokaliteten,1146,TYSVÆR,11,Rogaland,59.344616,5.8946,2,Ryfylke,
30,2021,11605,Soløy Ø,ikke-medikamentell,,,,,,deler av lokaliteten,4615,FITJAR,46,Vestland,59.90715,5.159333,3,Karmøy til Sotra,
30,2021,30537,Steinflesa,ikke-medikamentell,,,,,,deler av lokaliteten,5052,LEKA,50,Trøndelag,65.134834,11.515983,7,Nord-Trøndelag med Bindal,
30,2021,31217,Stokkasjøen,medikamentell,fôrbehandling,Emamectin benzoat,,,,hele lokaliteten,1816,VEVELSTAD,18,Nordland,65.78252,12.591783,8,Helgeland til Bodø,
30,2021,10974,Store Bukkøy N,medikamentell,fôrbehandling,Emamectin benzoat,,,,hele lokaliteten,1834,LURØY,18,Nordland,66.40072,12.4117,8,Helgeland til Bodø,
30,2021,10839,Store Kufjord,medikamentell,fôrbehandling,Emamectin benzoat,,,,hele lokaliteten,5403,ALTA,54,Troms og Finnmark,70.35332,23.079117,12,Vest-Finnmark,
30,2021,13593,Storfjell,ikke-medikamentell,,,,,,deler av lokaliteten,1865,VÅGAN,18,Nordland,68.32518,15.2023,9,Vestfjorden og Vesterålen,
30,2021,19016,Storskogøya,ikke-medikamentell,,,,,,deler av lokaliteten,5056,HITRA,50,Trøndelag,63.506065,9.19075,6,Nordmøre og Sør-Trøndelag,
30,2021,26235,Stualand,ikke-medikamentell,,,,,,deler av lokaliteten,4612,SVEIO,46,Vestland,59.6088,5.5269,3,Karmøy til Sotra,
30,2021,36100,Suholmen,ikke-medikamentell,,,,,,deler av lokaliteten,1573,SMØLA,15,Møre og Romsdal,63.494934,8.02235,6,Nordmøre og Sør-Trøndelag,
30,2021,11813,Svinøy V,ikke-medikamentell,,,,,,deler av lokaliteten,4646,FJALER,46,Vestland,61.30475,5.101317,4,Nordhordaland til Stadt,
30,2021,22955,Svollandsneset,medikamentell,badebehandling,Annet virkestoff,,,,hele lokaliteten,1160,VINDAFJORD,11,Rogaland,59.685184,5.58855,3,Karmøy til Sotra,
30,2021,38697,Takflua,ikke-medikamentell,,,,,,hele lokaliteten,5058,ÅFJORD,50,Trøndelag,63.980415,9.865033,6,Nordmøre og Sør-Trøndelag,
30,2021,25815,Tittelsnes,medikamentell,badebehandling,Annet virkestoff,,,,hele lokaliteten,4612,SVEIO,46,Vestland,59.72365,5.534383,3,Karmøy til Sotra,
30,2021,25815,Tittelsnes,ikke-medikamentell,,,,,,deler av lokaliteten,4612,SVEIO,46,Vestland,59.72365,5.534383,3,Karmøy til Sotra,
30,2021,31497,Toska N,ikke-medikamentell,,,,,,deler av lokaliteten,4631,ALVER,46,Vestland,60.66987,4.9172,4,Nordhordaland til Stadt,
30,2021,36337,Vardskjæret S,medikamentell,fôrbehandling,Emamectin benzoat,,,,hele lokaliteten,1834,LURØY,18,Nordland,66.350266,12.469867,8,Helgeland til Bodø,
30,2021,36317,Varholmen,medikamentell,fôrbehandling,Emamectin benzoat,,,,hele lokaliteten,1813,BRØNNØY,18,Nordland,65.54652,12.127967,8,Helgeland til Bodø,
30,2021,11338,Ytre Stræte,medikamentell,badebehandling,Deltamethrin,,,,deler av lokaliteten,5412,TJELDSUND,54,Troms og Finnmark,68.71948,17.138817,10,Andøya til Senja,
29,2021,12067,Aldalen,ikke-medikamentell,,,,,,hele lokaliteten,4624,BJØRNAFJORDEN,46,Vestland,60.24995,5.571917,3,Karmøy til Sotra,
29,2021,11513,Andal,ikke-medikamentell,,,,,,deler av lokaliteten,4613,BØMLO,46,Vestland,59.636482,5.247117,3,Karmøy til Sotra,
29,2021,35797,Årsetfjorden,ikke-medikamentell,,,,,,deler av lokaliteten,5060,NÆRØYSUND,50,Trøndelag,65.00819,11.746417,7,Nord-Trøndelag med Bindal,
29,2021,12988,Aukrasanden,ikke-medikamentell,,,,,,deler av lokaliteten,1547,AUKRA,15,Møre og Romsdal,62.783417,6.92605,5,Stadt til Hustadvika,
29,2021,26795,Austvika,medikamentell,fôrbehandling,Emamectin benzoat,,,,hele lokaliteten,5049,FLATANGER,50,Trøndelag,64.41853,10.696033,7,Nord-Trøndelag med Bindal,
29,2021,11930,Bjelkavik,ikke-medikamentell,,,,,,deler av lokaliteten,1134,SULDAL,11,Rogaland,59.45165,5.991917,2,Ryfylke,
29,2021,12625,Bjørgan,ikke-medikamentell,,,,,,hele lokaliteten,5049,FLATANGER,50,Trøndelag,64.59268,10.908333,7,Nord-Trøndelag med Bindal,
29,2021,13205,Brattholmen,medikamentell,fôrbehandling,Emamectin benzoat,,,,hele lokaliteten,4636,SOLUND,46,Vestland,61.068382,4.713817,4,Nordhordaland til Stadt,
29,2021,34197,Brennholmen,medikamentell,fôrbehandling,Emamectin benzoat,,,,hele lokaliteten,1818,HERØY I NORDLAND,18,Nordland,65.978714,12.16355,8,Helgeland til Bodø,
29,2021,11543,Buholmen,ikke-medikamentell,,,,,,deler av lokaliteten,4625,AUSTEVOLL,46,Vestland,60.020466,5.080083,3,Karmøy til Sotra,
29,2021,20455,Djupevika,ikke-medikamentell,,,,,,deler av lokaliteten,4617,KVINNHERAD,46,Vestland,60.04095,6.009367,3,Karmøy til Sotra,
29,2021,30097,Djupvik,ikke-medikamentell,,,,,,hele lokaliteten,1836,RØDØY,18,Nordland,66.73299,13.33115,8,Helgeland til Bodø,
29,2021,10505,Dragnes,medikamentell,fôrbehandling,Emamectin benzoat,,,,hele lokaliteten,1866,HADSEL,18,Nordland,68.58393,14.707267,9,Vestfjorden og Vesterålen,
29,2021,21415,Dyrholmen,ikke-medikamentell,,,,,,deler av lokaliteten,1103,STAVANGER,11,Rogaland,59.285484,5.8583,2,Ryfylke,
29,2021,11363,Enkeltstein,medikamentell,fôrbehandling,Emamectin benzoat,,,,deler av lokaliteten,5413,IBESTAD,54,Troms og Finnmark,68.7276,16.910467,10,Andøya til Senja,
29,2021,32597,Fjordprakken,ikke-medikamentell,,,,,,deler av lokaliteten,1573,SMØLA,15,Møre og Romsdal,63.256516,7.928067,6,Nordmøre og Sør-Trøndelag,
29,2021,11833,Flåtegrunnen,ikke-medikamentell,,,,,,deler av lokaliteten,4602,KINN,46,Vestland,61.57565,4.80805,4,Nordhordaland til Stadt,
29,2021,19278,Forsåstorvika,medikamentell,fôrbehandling,Emamectin benzoat,,,,hele lokaliteten,1875,HAMARØY,18,Nordland,68.170715,16.153233,9,Vestfjorden og Vesterålen,
29,2021,11736,Fureholmen S,medikamentell,fôrbehandling,Emamectin benzoat,,,,hele lokaliteten,4636,SOLUND,46,Vestland,61.056084,4.867017,4,Nordhordaland til Stadt,
29,2021,13669,Furneset,ikke-medikamentell,,,,,,deler av lokaliteten,1535,VESTNES,15,Møre og Romsdal,62.6461,7.101183,5,Stadt til Hustadvika,
29,2021,38757,Gaukværøy,medikamentell,fôrbehandling,Emamectin benzoat,,,,hele lokaliteten,1867,BØ I NORDLAND,18,Nordland,68.61298,14.34655,9,Vestfjorden og Vesterålen,
29,2021,13021,Gaustad,ikke-medikamentell,,,,,,deler av lokaliteten,1579,HUSTADVIKA,15,Møre og Romsdal,62.9839,7.329667,6,Nordmøre og Sør-Trøndelag,
29,2021,31357,Geitryggen,medikamentell,fôrbehandling,Emamectin benzoat,,,,deler av lokaliteten,5060,NÆRØYSUND,50,Trøndelag,64.75127,11.189217,7,Nord-Trøndelag med Bindal,
29,2021,11530,Gissøysundet S,ikke-medikamentell,,,,,,hele lokaliteten,4613,BØMLO,46,Vestland,59.623585,5.160067,3,Karmøy til Sotra,
29,2021,33617,Gjerde,ikke-medikamentell,,,,,,deler av lokaliteten,1576,AURE,15,Møre og Romsdal,63.299667,8.418333,6,Nordmøre og Sør-Trøndelag,
29,2021,12435,Grøttingsøy,medikamentell,fôrbehandling,Emamectin benzoat,,,,hele lokaliteten,5014,FRØYA,50,Trøndelag,63.879467,8.543083,6,Nordmøre og Sør-Trøndelag,
29,2021,24735,Gulholmen,ikke-medikamentell,,,,,,deler av lokaliteten,4624,BJØRNAFJORDEN,46,Vestland,60.1282,5.400467,3,Karmøy til Sotra,
29,2021,19995,Hagahammaren,ikke-medikamentell,,,,,,deler av lokaliteten,1576,AURE,15,Møre og Romsdal,63.137917,8.0306,6,Nordmøre og Sør-Trøndelag,
29,2021,18639,Halsavika,ikke-medikamentell,,,,,,deler av lokaliteten,1146,TYSVÆR,11,Rogaland,59.39232,5.883333,2,Ryfylke,
29,2021,13592,Hammer,ikke-medikamentell,,,,,,deler av lokaliteten,1848,STEIGEN,18,Nordland,67.95877,15.171667,9,Vestfjorden og Vesterålen,
29,2021,11511,Hattasteinen,medikamentell,badebehandling,Annet virkestoff,,,,hele lokaliteten,4613,BØMLO,46,Vestland,59.627968,5.252483,3,Karmøy til Sotra,
29,2021,11511,Hattasteinen,ikke-medikamentell,,,,,,hele lokaliteten,4613,BØMLO,46,Vestland,59.627968,5.252483,3,Karmøy til Sotra,
29,2021,30257,Hausan,ikke-medikamentell,,,,,,deler av lokaliteten,5055,HEIM,50,Trøndelag,63.458317,8.955683,6,Nordmøre og Sør-Trøndelag,
29,2021,30897,Havsundet,medikamentell,fôrbehandling,Emamectin benzoat,,,,hele lokaliteten,5057,ØRLAND,50,Trøndelag,63.79933,9.440483,6,Nordmøre og Sør-Trøndelag,
29,2021,32417,Hjartholmosen,ikke-medikamentell,,,,,,deler av lokaliteten,4625,AUSTEVOLL,46,Vestland,60.004616,5.227633,3,Karmøy til Sotra,
29,2021,33957,Hofsøya,ikke-medikamentell,,,,,,hele lokaliteten,5014,FRØYA,50,Trøndelag,63.7224,8.9145,6,Nordmøre og Sør-Trøndelag,
29,2021,10536,Høgholmen,medikamentell,fôrbehandling,Emamectin benzoat,,,,hele lokaliteten,5402,HARSTAD,54,Troms og Finnmark,69.031586,16.481867,10,Andøya til Senja,
29,2021,32757,Horgefjorden,ikke-medikamentell,,,,,,hele lokaliteten,4625,AUSTEVOLL,46,Vestland,60.100834,5.117067,3,Karmøy til Sotra,
29,2021,29576,Kalvik,ikke-medikamentell,,,,,,deler av lokaliteten,1845,SØRFOLD,18,Nordland,67.51317,15.570433,9,Vestfjorden og Vesterålen,
29,2021,36817,Kariskjæret,medikamentell,fôrbehandling,Teflubenzuron,,,,hele lokaliteten,1804,BODØ,18,Nordland,67.38288,14.380617,9,Vestfjorden og Vesterålen,
29,2021,14042,Kattholmen,medikamentell,fôrbehandling,Emamectin benzoat,,,,hele lokaliteten,5014,FRØYA,50,Trøndelag,63.870968,8.679017,6,Nordmøre og Sør-Trøndelag,
29,2021,12872,Kattholmen,ikke-medikamentell,,,,,,deler av lokaliteten,1505,KRISTIANSUND,15,Møre og Romsdal,63.055332,7.695317,6,Nordmøre og Sør-Trøndelag,
29,2021,30437,Kattholmen II,medikamentell,fôrbehandling,Emamectin benzoat,,,,hele lokaliteten,5014,FRØYA,50,Trøndelag,63.864784,8.676583,6,Nordmøre og Sør-Trøndelag,
29,2021,16736,Kåvika,medikamentell,fôrbehandling,Emamectin benzoat,,,,hele lokaliteten,5427,SKJERVØY,54,Troms og Finnmark,69.95783,20.69315,11,Kvaløya til Loppa,
29,2021,26135,Kjørsvikgrunn,ikke-medikamentell,,,,,,deler av lokaliteten,5055,HEIM,50,Trøndelag,63.457565,9.076,6,Nordmøre og Sør-Trøndelag,
29,2021,19755,Klubben,ikke-medikamentell,,,,,,deler av lokaliteten,1812,SØMNA,18,Nordland,65.3523,12.43795,7,Nord-Trøndelag med Bindal,
29,2021,12980,Klubben,ikke-medikamentell,,,,,,deler av lokaliteten,4636,SOLUND,46,Vestland,61.17955,5.00315,4,Nordhordaland til Stadt,
29,2021,11534,Klungsholmen,ikke-medikamentell,,,,,,deler av lokaliteten,4613,BØMLO,46,Vestland,59.596783,5.161567,3,Karmøy til Sotra,
29,2021,11809,Krabbestig,medikamentell,fôrbehandling,Emamectin benzoat,,,,deler av lokaliteten,4602,KINN,46,Vestland,61.894566,5.0616,4,Nordhordaland til Stadt,
29,2021,21676,Kråkholmen,ikke-medikamentell,,,,,,deler av lokaliteten,5049,FLATANGER,50,Trøndelag,64.60255,10.854067,7,Nord-Trøndelag med Bindal,
29,2021,12652,Kråkøya,ikke-medikamentell,,,,,,deler av lokaliteten,5060,NÆRØYSUND,50,Trøndelag,65.003784,11.042367,7,Nord-Trøndelag med Bindal,
29,2021,11633,Krossholmen,ikke-medikamentell,,,,,,deler av lokaliteten,4613,BØMLO,46,Vestland,59.7879,5.100533,3,Karmøy til Sotra,
29,2021,19356,Kvalrosskjæret,ikke-medikamentell,,,,,,deler av lokaliteten,5049,FLATANGER,50,Trøndelag,64.5387,10.877383,7,Nord-Trøndelag med Bindal,
29,2021,20576,Kvanntoneset,medikamentell,fôrbehandling,Emamectin benzoat,,,,deler av lokaliteten,5415,LOABÁK - LAVANGEN,54,Troms og Finnmark,68.81382,17.521017,10,Andøya til Senja,
29,2021,10898,Lamholmen,medikamentell,fôrbehandling,Emamectin benzoat,,,,hele lokaliteten,1813,BRØNNØY,18,Nordland,65.47138,12.135,8,Helgeland til Bodø,
29,2021,12993,Lamøya,ikke-medikamentell,,,,,,deler av lokaliteten,5014,FRØYA,50,Trøndelag,63.73305,8.854983,6,Nordmøre og Sør-Trøndelag,
29,2021,37297,Larstangen,medikamentell,fôrbehandling,Emamectin benzoat,,,,deler av lokaliteten,5423,KARLSØY,54,Troms og Finnmark,70.08442,20.090418,11,Kvaløya til Loppa,
29,2021,19355,Låva,medikamentell,badebehandling,Annet virkestoff,,,,hele lokaliteten,1103,STAVANGER,11,Rogaland,59.2966,5.990283,2,Ryfylke,
29,2021,19355,Låva,ikke-medikamentell,,,,,,deler av lokaliteten,1103,STAVANGER,11,Rogaland,59.2966,5.990283,2,Ryfylke,
29,2021,10990,Lille Åsvær,ikke-medikamentell,,,,,,deler av lokaliteten,1827,DØNNA,18,Nordland,66.22887,12.312267,8,Helgeland til Bodø,
29,2021,28396,Lindarholmen,medikamentell,badebehandling,Azamethiphos,,,,deler av lokaliteten,4616,TYSNES,46,Vestland,60.083866,5.63925,3,Karmøy til Sotra,
29,2021,35317,Litjevika,medikamentell,fôrbehandling,Emamectin benzoat,,,,deler av lokaliteten,5420,DYRØY,54,Troms og Finnmark,69.00265,17.440567,10,Andøya til Senja,
29,2021,35317,Litjevika,medikamentell,fôrbehandling,Emamectin benzoat,,,,deler av lokaliteten,5420,DYRØY,54,Troms og Finnmark,69.00265,17.440567,10,Andøya til Senja,
29,2021,28996,Loddetå,medikamentell,badebehandling,Annet virkestoff,,,,hele lokaliteten,4612,SVEIO,46,Vestland,59.691784,5.543717,3,Karmøy til Sotra,
29,2021,28996,Loddetå,ikke-medikamentell,,,,,,deler av lokaliteten,4612,SVEIO,46,Vestland,59.691784,5.543717,3,Karmøy til Sotra,
29,2021,10292,Lyklingholmen N,ikke-medikamentell,,,,,,hele lokaliteten,4613,BØMLO,46,Vestland,59.713833,5.155467,3,Karmøy til Sotra,
29,2021,35477,Makrellskjæret,ikke-medikamentell,,,,,,deler av lokaliteten,5049,FLATANGER,50,Trøndelag,64.54919,10.7341,7,Nord-Trøndelag med Bindal,
29,2021,10232,Mannbruholmen,medikamentell,fôrbehandling,Emamectin benzoat,,,,hele lokaliteten,5014,FRØYA,50,Trøndelag,63.8473,8.53675,6,Nordmøre og Sør-Trøndelag,
29,2021,12134,Maradalen,ikke-medikamentell,,,,,,hele lokaliteten,4617,KVINNHERAD,46,Vestland,59.762115,5.687317,3,Karmøy til Sotra,
29,2021,13541,Midtflua,ikke-medikamentell,,,,,,deler av lokaliteten,4616,TYSNES,46,Vestland,60.076633,5.467067,3,Karmøy til Sotra,
29,2021,35617,Mulnesodden,medikamentell,fôrbehandling,Emamectin benzoat,,,,hele lokaliteten,1838,GILDESKÅL,18,Nordland,67.14398,14.2799,8,Helgeland til Bodø,
29,2021,33297,Nye Skorpa,medikamentell,fôrbehandling,Emamectin benzoat,,,,deler av lokaliteten,1827,DØNNA,18,Nordland,66.03093,12.481483,8,Helgeland til Bodø,
29,2021,27055,Oddane,ikke-medikamentell,,,,,,deler av lokaliteten,4602,KINN,46,Vestland,61.540367,4.968933,4,Nordhordaland til Stadt,
29,2021,14019,Øksningen,ikke-medikamentell,,,,,,deler av lokaliteten,1811,BINDAL,18,Nordland,65.13924,12.31975,7,Nord-Trøndelag med Bindal,
29,2021,10136,Onarøy,ikke-medikamentell,,,,,,deler av lokaliteten,4616,TYSNES,46,Vestland,59.95335,5.669683,3,Karmøy til Sotra,
29,2021,19875,Or,ikke-medikamentell,,,,,,deler av lokaliteten,1505,KRISTIANSUND,15,Møre og Romsdal,63.039932,7.850267,6,Nordmøre og Sør-Trøndelag,
29,2021,17235,Ørnes,ikke-medikamentell,,,,,,deler av lokaliteten,1834,LURØY,18,Nordland,66.42008,13.018033,8,Helgeland til Bodø,
29,2021,12394,Ørnøya,medikamentell,fôrbehandling,Emamectin benzoat,,,,hele lokaliteten,5014,FRØYA,50,Trøndelag,63.761868,8.445183,6,Nordmøre og Sør-Trøndelag,
29,2021,24696,Ørnøya II,medikamentell,fôrbehandling,Emamectin benzoat,,,,hele lokaliteten,5014,FRØYA,50,Trøndelag,63.758484,8.450367,6,Nordmøre og Sør-Trøndelag,
29,2021,11738,Otterholmen,ikke-medikamentell,,,,,,deler av lokaliteten,4631,ALVER,46,Vestland,60.686417,4.908683,4,Nordhordaland til Stadt,
29,2021,11378,Øvergården,medikamentell,fôrbehandling,Emamectin benzoat,,,,hele lokaliteten,5402,HARSTAD,54,Troms og Finnmark,68.98167,16.534666,10,Andøya til Senja,
29,2021,33417,Persflua,ikke-medikamentell,,,,,,deler av lokaliteten,5057,ØRLAND,50,Trøndelag,63.91345,9.826433,6,Nordmøre og Sør-Trøndelag,
29,2021,31958,Ratvika,ikke-medikamentell,,,,,,deler av lokaliteten,5058,ÅFJORD,50,Trøndelag,63.97185,9.954783,6,Nordmøre og Sør-Trøndelag,
29,2021,13867,Raunevågen,ikke-medikamentell,,,,,,deler av lokaliteten,4612,SVEIO,46,Vestland,59.65798,5.533667,3,Karmøy til Sotra,
29,2021,12406,Rauodden,ikke-medikamentell,,,,,,hele lokaliteten,5056,HITRA,50,Trøndelag,63.66453,8.884083,6,Nordmøre og Sør-Trøndelag,
29,2021,29116,Reiråklakken,ikke-medikamentell,,,,,,deler av lokaliteten,1573,SMØLA,15,Møre og Romsdal,63.44995,8.167133,6,Nordmøre og Sør-Trøndelag,
29,2021,29896,Renndalen,ikke-medikamentell,,,,,,deler av lokaliteten,5055,HEIM,50,Trøndelag,63.176117,8.6172,6,Nordmøre og Sør-Trøndelag,
29,2021,10893,Rensøya N,ikke-medikamentell,,,,,,deler av lokaliteten,1835,TRÆNA,18,Nordland,66.50412,12.07285,8,Helgeland til Bodø,
29,2021,37197,Ruggstein,medikamentell,fôrbehandling,Emamectin benzoat,,,,hele lokaliteten,5014,FRØYA,50,Trøndelag,63.770084,8.476033,6,Nordmøre og Sør-Trøndelag,
29,2021,19855,Segelråa,ikke-medikamentell,,,,,,deler av lokaliteten,1576,AURE,15,Møre og Romsdal,63.149746,8.12855,6,Nordmøre og Sør-Trøndelag,
29,2021,31457,Skarvestein,medikamentell,fôrbehandling,Emamectin benzoat,,,,deler av lokaliteten,5427,SKJERVØY,54,Troms og Finnmark,69.993614,20.71115,11,Kvaløya til Loppa,
29,2021,12048,Skiftesneset N,ikke-medikamentell,,,,,,hele lokaliteten,4624,BJØRNAFJORDEN,46,Vestland,60.0711,5.736867,3,Karmøy til Sotra,
29,2021,12108,Skorpo Nv,medikamentell,badebehandling,Azamethiphos,,,,deler av lokaliteten,4617,KVINNHERAD,46,Vestland,59.95323,5.827133,3,Karmøy til Sotra,
29,2021,11326,Skøyen,medikamentell,fôrbehandling,Emamectin benzoat,,,,hele lokaliteten,5420,DYRØY,54,Troms og Finnmark,69.017,17.45725,10,Andøya til Senja,
29,2021,11326,Skøyen,medikamentell,fôrbehandling,Emamectin benzoat,,,,hele lokaliteten,5420,DYRØY,54,Troms og Finnmark,69.017,17.45725,10,Andøya til Senja,
29,2021,18657,Skredstivik,ikke-medikamentell,,,,,,deler av lokaliteten,4637,HYLLESTAD,46,Vestland,61.15495,5.133333,4,Nordhordaland til Stadt,
29,2021,12705,Skrosen,ikke-medikamentell,,,,,,deler av lokaliteten,5052,LEKA,50,Trøndelag,65.122986,11.674517,7,Nord-Trøndelag med Bindal,
29,2021,26155,Slåttholmen,ikke-medikamentell,,,,,,deler av lokaliteten,5055,HEIM,50,Trøndelag,63.44779,8.958173,6,Nordmøre og Sør-Trøndelag,
29,2021,24456,Slettholmene,medikamentell,fôrbehandling,Emamectin benzoat,,,,hele lokaliteten,5014,FRØYA,50,Trøndelag,63.88,8.559183,6,Nordmøre og Sør-Trøndelag,
29,2021,12712,Slokkholmen Ø,ikke-medikamentell,,,,,,hele lokaliteten,5052,LEKA,50,Trøndelag,65.03989,11.4847,7,Nord-Trøndelag med Bindal,
29,2021,13032,Sølvøyane,ikke-medikamentell,,,,,,hele lokaliteten,4613,BØMLO,46,Vestland,59.609516,5.133367,3,Karmøy til Sotra,
29,2021,38297,Sør Gåsvær,medikamentell,fôrbehandling,Emamectin benzoat,,,,hele lokaliteten,1818,HERØY I NORDLAND,18,Nordland,66.03118,12.02305,8,Helgeland til Bodø,
29,2021,30537,Steinflesa,ikke-medikamentell,,,,,,deler av lokaliteten,5052,LEKA,50,Trøndelag,65.134834,11.515983,7,Nord-Trøndelag med Bindal,
29,2021,10974,Store Bukkøy N,medikamentell,fôrbehandling,Emamectin benzoat,,,,deler av lokaliteten,1834,LURØY,18,Nordland,66.40072,12.4117,8,Helgeland til Bodø,
29,2021,10311,Storlia,ikke-medikamentell,,,,,,hele lokaliteten,4637,HYLLESTAD,46,Vestland,61.203133,5.193833,4,Nordhordaland til Stadt,
29,2021,11290,Stormneset,medikamentell,fôrbehandling,Emamectin benzoat,,,,hele lokaliteten,1875,HAMARØY,18,Nordland,68.19825,16.134117,9,Vestfjorden og Vesterålen,
29,2021,29376,Sundsøy,ikke-medikamentell,,,,,,hele lokaliteten,1827,DØNNA,18,Nordland,66.17637,12.770283,8,Helgeland til Bodø,
29,2021,31817,Svartskjær,medikamentell,fôrbehandling,Emamectin benzoat,,,,deler av lokaliteten,5413,IBESTAD,54,Troms og Finnmark,68.718414,16.775734,10,Andøya til Senja,
29,2021,10309,Syrtangen,ikke-medikamentell,,,,,,hele lokaliteten,4626,ØYGARDEN,46,Vestland,60.46773,4.968667,4,Nordhordaland til Stadt,
29,2021,12449,Tennøya,medikamentell,fôrbehandling,Emamectin benzoat,,,,deler av lokaliteten,5014,FRØYA,50,Trøndelag,63.805035,8.4444,6,Nordmøre og Sør-Trøndelag,
29,2021,25815,Tittelsnes,medikamentell,badebehandling,Annet virkestoff,,,,hele lokaliteten,4612,SVEIO,46,Vestland,59.72365,5.534383,3,Karmøy til Sotra,
29,2021,25815,Tittelsnes,ikke-medikamentell,,,,,,deler av lokaliteten,4612,SVEIO,46,Vestland,59.72365,5.534383,3,Karmøy til Sotra,
29,2021,33677,Torvund,ikke-medikamentell,,,,,,hele lokaliteten,4638,HØYANGER,46,Vestland,61.14467,5.656367,4,Nordhordaland til Stadt,
29,2021,31497,Toska N,ikke-medikamentell,,,,,,deler av lokaliteten,4631,ALVER,46,Vestland,60.66987,4.9172,4,Nordhordaland til Stadt,
29,2021,29336,Trælsøyosen,ikke-medikamentell,,,,,,deler av lokaliteten,4625,AUSTEVOLL,46,Vestland,60.1178,5.2702,3,Karmøy til Sotra,
29,2021,13570,Ulværholmen,ikke-medikamentell,,,,,,deler av lokaliteten,5056,HITRA,50,Trøndelag,63.598217,9.116583,6,Nordmøre og Sør-Trøndelag,
29,2021,10091,Vågsøya,ikke-medikamentell,,,,,,hele lokaliteten,4602,KINN,46,Vestland,61.490383,5.0247,4,Nordhordaland til Stadt,
29,2021,31557,Valøyan,medikamentell,fôrbehandling,Emamectin benzoat,,,,deler av lokaliteten,5014,FRØYA,50,Trøndelag,63.81835,8.463817,6,Nordmøre og Sør-Trøndelag,
29,2021,35657,Varden,ikke-medikamentell,,,,,,deler av lokaliteten,5056,HITRA,50,Trøndelag,63.635715,9.186467,6,Nordmøre og Sør-Trøndelag,
29,2021,36337,Vardskjæret S,medikamentell,fôrbehandling,Emamectin benzoat,,,,hele lokaliteten,1834,LURØY,18,Nordland,66.350266,12.469867,8,Helgeland til Bodø,
29,2021,11385,Vestnes,medikamentell,fôrbehandling,Emamectin benzoat,,,,deler av lokaliteten,5402,HARSTAD,54,Troms og Finnmark,68.98158,16.48835,10,Andøya til Senja,
29,2021,11385,Vestnes,medikamentell,fôrbehandling,Emamectin benzoat,,,,deler av lokaliteten,5402,HARSTAD,54,Troms og Finnmark,68.98158,16.48835,10,Andøya til Senja,
29,2021,36717,Vindhammarneset,medikamentell,fôrbehandling,Emamectin benzoat,,,,hele lokaliteten,5421,SENJA,54,Troms og Finnmark,69.468414,17.606182,10,Andøya til Senja,
29,2021,17495,Vullum,ikke-medikamentell,,,,,,deler av lokaliteten,5055,HEIM,50,Trøndelag,63.04965,8.2162,6,Nordmøre og Sør-Trøndelag,
29,2021,13306,Ystevika,ikke-medikamentell,,,,,,hele lokaliteten,5412,TJELDSUND,54,Troms og Finnmark,68.69432,17.05325,10,Andøya til Senja,
28,2021,30977,Æsøya,ikke-medikamentell,,,,,,deler av lokaliteten,1860,VESTVÅGØY,18,Nordland,68.104866,13.790067,9,Vestfjorden og Vesterålen,
28,2021,10319,Ålvora,ikke-medikamentell,,,,,,hele lokaliteten,4602,KINN,46,Vestland,61.585766,5.136833,4,Nordhordaland til Stadt,
28,2021,12988,Aukrasanden,ikke-medikamentell,,,,,,deler av lokaliteten,1547,AUKRA,15,Møre og Romsdal,62.783417,6.92605,5,Stadt til Hustadvika,
28,2021,12095,Bergadalen,ikke-medikamentell,,,,,,deler av lokaliteten,4622,KVAM,46,Vestland,60.1216,5.908883,3,Karmøy til Sotra,
28,2021,11930,Bjelkavik,ikke-medikamentell,,,,,,deler av lokaliteten,1134,SULDAL,11,Rogaland,59.45165,5.991917,2,Ryfylke,
28,2021,11340,Bjørnstein,ikke-medikamentell,,,,,,deler av lokaliteten,5413,IBESTAD,54,Troms og Finnmark,68.886185,17.109217,10,Andøya til Senja,
28,2021,12466,Brettingen,ikke-medikamentell,,,,,,deler av lokaliteten,1573,SMØLA,15,Møre og Romsdal,63.3582,8.237267,6,Nordmøre og Sør-Trøndelag,
28,2021,34018,Dolma N,ikke-medikamentell,,,,,,hele lokaliteten,5060,NÆRØYSUND,50,Trøndelag,65.02533,11.676017,7,Nord-Trøndelag med Bindal,
28,2021,21415,Dyrholmen,ikke-medikamentell,,,,,,deler av lokaliteten,1103,STAVANGER,11,Rogaland,59.285484,5.8583,2,Ryfylke,
28,2021,35877,Eiterfjorden,ikke-medikamentell,,,,,,deler av lokaliteten,5060,NÆRØYSUND,50,Trøndelag,64.971634,11.723933,7,Nord-Trøndelag med Bindal,
28,2021,11363,Enkeltstein,medikamentell,fôrbehandling,Emamectin benzoat,,,,deler av lokaliteten,5413,IBESTAD,54,Troms og Finnmark,68.7276,16.910467,10,Andøya til Senja,
28,2021,11363,Enkeltstein,medikamentell,fôrbehandling,Emamectin benzoat,,,,deler av lokaliteten,5413,IBESTAD,54,Troms og Finnmark,68.7276,16.910467,10,Andøya til Senja,
28,2021,19278,Forsåstorvika,medikamentell,fôrbehandling,Emamectin benzoat,,,,hele lokaliteten,1875,HAMARØY,18,Nordland,68.170715,16.153233,9,Vestfjorden og Vesterålen,
28,2021,11893,Fosså,ikke-medikamentell,,,,,,deler av lokaliteten,1133,HJELMELAND,11,Rogaland,59.2699,6.14295,2,Ryfylke,
28,2021,38757,Gaukværøy,medikamentell,fôrbehandling,Emamectin benzoat,,,,hele lokaliteten,1867,BØ I NORDLAND,18,Nordland,68.61298,14.34655,9,Vestfjorden og Vesterålen,
28,2021,34617,Gråøya,ikke-medikamentell,,,,,,deler av lokaliteten,1573,SMØLA,15,Møre og Romsdal,63.47635,7.951517,6,Nordmøre og Sør-Trøndelag,
28,2021,11657,Gråvika,ikke-medikamentell,,,,,,deler av lokaliteten,4635,GULEN,46,Vestland,60.863083,4.935283,4,Nordhordaland til Stadt,
28,2021,17177,Grunneneset,ikke-medikamentell,,,,,,deler av lokaliteten,4648,BREMANGER,46,Vestland,61.89445,5.34815,4,Nordhordaland til Stadt,
28,2021,10318,Gulestø,ikke-medikamentell,,,,,,hele lokaliteten,4648,BREMANGER,46,Vestland,61.75802,5.069883,4,Nordhordaland til Stadt,
28,2021,24735,Gulholmen,ikke-medikamentell,,,,,,deler av lokaliteten,4624,BJØRNAFJORDEN,46,Vestland,60.1282,5.400467,3,Karmøy til Sotra,
28,2021,19995,Hagahammaren,ikke-medikamentell,,,,,,deler av lokaliteten,1576,AURE,15,Møre og Romsdal,63.137917,8.0306,6,Nordmøre og Sør-Trøndelag,
28,2021,16755,Hageberg,ikke-medikamentell,,,,,,hele lokaliteten,4615,FITJAR,46,Vestland,59.944218,5.434733,3,Karmøy til Sotra,
28,2021,36737,Hallsteinhamn I,medikamentell,fôrbehandling,Emamectin benzoat,,,,hele lokaliteten,1804,BODØ,18,Nordland,67.44185,14.71595,9,Vestfjorden og Vesterålen,
28,2021,13592,Hammer,ikke-medikamentell,,,,,,deler av lokaliteten,1848,STEIGEN,18,Nordland,67.95877,15.171667,9,Vestfjorden og Vesterålen,
28,2021,24035,Håvikvågen S,ikke-medikamentell,,,,,,deler av lokaliteten,4624,BJØRNAFJORDEN,46,Vestland,60.170483,5.699283,3,Karmøy til Sotra,
28,2021,36778,Havstein Sør,medikamentell,fôrbehandling,Emamectin benzoat,,,,hele lokaliteten,1827,DØNNA,18,Nordland,66.16405,12.400767,8,Helgeland til Bodø,
28,2021,10425,Heggvika,ikke-medikamentell,,,,,,deler av lokaliteten,1811,BINDAL,18,Nordland,65.12658,12.071983,7,Nord-Trøndelag med Bindal,
28,2021,13782,Helgeneshamn,ikke-medikamentell,,,,,,hele lokaliteten,1866,HADSEL,18,Nordland,68.491585,15.2339,9,Vestfjorden og Vesterålen,
28,2021,10536,Høgholmen,medikamentell,fôrbehandling,Emamectin benzoat,,,,hele lokaliteten,5402,HARSTAD,54,Troms og Finnmark,69.031586,16.481867,10,Andøya til Senja,
28,2021,12871,Hogsnes,ikke-medikamentell,,,,,,deler av lokaliteten,1554,AVERØY,15,Møre og Romsdal,63.093033,7.675883,6,Nordmøre og Sør-Trøndelag,
28,2021,39437,Hovden,ikke-medikamentell,,,,,,hele lokaliteten,4602,KINN,46,Vestland,61.707684,4.911383,4,Nordhordaland til Stadt,
28,2021,10876,Istervika,ikke-medikamentell,,,,,,deler av lokaliteten,1813,BRØNNØY,18,Nordland,65.446884,12.56175,8,Helgeland til Bodø,
28,2021,14245,Jakobsteinsvika,ikke-medikamentell,,,,,,deler av lokaliteten,5052,LEKA,50,Trøndelag,65.11265,11.792867,7,Nord-Trøndelag med Bindal,
28,2021,11665,Jibbersholmane,ikke-medikamentell,,,,,,deler av lokaliteten,4631,ALVER,46,Vestland,60.752533,4.884617,4,Nordhordaland til Stadt,
28,2021,30036,Jørstadskjera,medikamentell,badebehandling,Annet virkestoff,,,,hele lokaliteten,1103,STAVANGER,11,Rogaland,59.2955,5.938617,2,Ryfylke,
28,2021,30036,Jørstadskjera,ikke-medikamentell,,,,,,deler av lokaliteten,1103,STAVANGER,11,Rogaland,59.2955,5.938617,2,Ryfylke,
28,2021,36817,Kariskjæret,medikamentell,fôrbehandling,Teflubenzuron,,,,hele lokaliteten,1804,BODØ,18,Nordland,67.38288,14.380617,9,Vestfjorden og Vesterålen,
28,2021,24455,Klavelandet,ikke-medikamentell,,,,,,hele lokaliteten,4602,KINN,46,Vestland,61.60395,5.186533,4,Nordhordaland til Stadt,
28,2021,11534,Klungsholmen,ikke-medikamentell,,,,,,deler av lokaliteten,4613,BØMLO,46,Vestland,59.596783,5.161567,3,Karmøy til Sotra,
28,2021,12855,Kornstad,ikke-medikamentell,,,,,,deler av lokaliteten,1554,AVERØY,15,Møre og Romsdal,62.960384,7.45015,6,Nordmøre og Sør-Trøndelag,
28,2021,10224,Korsneset,ikke-medikamentell,,,,,,deler av lokaliteten,5055,HEIM,50,Trøndelag,63.14268,8.225383,6,Nordmøre og Sør-Trøndelag,
28,2021,45002,Korsvika,ikke-medikamentell,,,,,,deler av lokaliteten,1834,LURØY,18,Nordland,66.57847,12.691067,8,Helgeland til Bodø,
28,2021,30297,Krabbholmen,ikke-medikamentell,,,,,,deler av lokaliteten,5058,ÅFJORD,50,Trøndelag,63.944485,9.8814,6,Nordmøre og Sør-Trøndelag,
28,2021,33177,Krabbholmen II,ikke-medikamentell,,,,,,deler av lokaliteten,5058,ÅFJORD,50,Trøndelag,63.94,9.886633,6,Nordmøre og Sør-Trøndelag,
28,2021,11719,Kråkenes,ikke-medikamentell,,,,,,deler av lokaliteten,4636,SOLUND,46,Vestland,61.05835,4.921317,4,Nordhordaland til Stadt,
28,2021,21676,Kråkholmen,ikke-medikamentell,,,,,,deler av lokaliteten,5049,FLATANGER,50,Trøndelag,64.60255,10.854067,7,Nord-Trøndelag med Bindal,
28,2021,19356,Kvalrosskjæret,ikke-medikamentell,,,,,,deler av lokaliteten,5049,FLATANGER,50,Trøndelag,64.5387,10.877383,7,Nord-Trøndelag med Bindal,
28,2021,35377,Kveitskjeret,medikamentell,fôrbehandling,Emamectin benzoat,,,,hele lokaliteten,5014,FRØYA,50,Trøndelag,63.82503,8.444633,6,Nordmøre og Sør-Trøndelag,
28,2021,35377,Kveitskjeret,medikamentell,fôrbehandling,Emamectin benzoat,,,,hele lokaliteten,5014,FRØYA,50,Trøndelag,63.82503,8.444633,6,Nordmøre og Sør-Trøndelag,
28,2021,28196,Kvernes,medikamentell,fôrbehandling,Emamectin benzoat,,,,hele lokaliteten,1806,NARVIK,18,Nordland,68.40205,16.914368,9,Vestfjorden og Vesterålen,
28,2021,37297,Larstangen,medikamentell,fôrbehandling,Emamectin benzoat,,,,deler av lokaliteten,5423,KARLSØY,54,Troms og Finnmark,70.08442,20.090418,11,Kvaløya til Loppa,
28,2021,19355,Låva,medikamentell,badebehandling,Annet virkestoff,,,,deler av lokaliteten,1103,STAVANGER,11,Rogaland,59.2966,5.990283,2,Ryfylke,
28,2021,19355,Låva,ikke-medikamentell,,,,,,deler av lokaliteten,1103,STAVANGER,11,Rogaland,59.2966,5.990283,2,Ryfylke,
28,2021,12870,Leite,ikke-medikamentell,,,,,,deler av lokaliteten,1554,AVERØY,15,Møre og Romsdal,63.035984,7.678117,6,Nordmøre og Sør-Trøndelag,
28,2021,28396,Lindarholmen,medikamentell,badebehandling,Azamethiphos,,,,deler av lokaliteten,4616,TYSNES,46,Vestland,60.083866,5.63925,3,Karmøy til Sotra,
28,2021,35317,Litjevika,medikamentell,fôrbehandling,Emamectin benzoat,,,,hele lokaliteten,5420,DYRØY,54,Troms og Finnmark,69.00265,17.440567,10,Andøya til Senja,
28,2021,35317,Litjevika,medikamentell,fôrbehandling,Emamectin benzoat,,,,hele lokaliteten,5420,DYRØY,54,Troms og Finnmark,69.00265,17.440567,10,Andøya til Senja,
28,2021,14039,Litle Lunnøy,ikke-medikamentell,,,,,,deler av lokaliteten,4625,AUSTEVOLL,46,Vestland,60.02005,5.169533,3,Karmøy til Sotra,
28,2021,35617,Mulnesodden,medikamentell,fôrbehandling,Emamectin benzoat,,,,hele lokaliteten,1838,GILDESKÅL,18,Nordland,67.14398,14.2799,8,Helgeland til Bodø,
28,2021,23816,Nordbotnet,ikke-medikamentell,,,,,,deler av lokaliteten,1828,NESNA,18,Nordland,66.25612,12.8942,8,Helgeland til Bodø,
28,2021,27055,Oddane,ikke-medikamentell,,,,,,deler av lokaliteten,4602,KINN,46,Vestland,61.540367,4.968933,4,Nordhordaland til Stadt,
28,2021,14019,Øksningen,ikke-medikamentell,,,,,,deler av lokaliteten,1811,BINDAL,18,Nordland,65.13924,12.31975,7,Nord-Trøndelag med Bindal,
28,2021,28676,Olvika,ikke-medikamentell,,,,,,deler av lokaliteten,1834,LURØY,18,Nordland,66.4367,13.126033,8,Helgeland til Bodø,
28,2021,17235,Ørnes,ikke-medikamentell,,,,,,deler av lokaliteten,1834,LURØY,18,Nordland,66.42008,13.018033,8,Helgeland til Bodø,
28,2021,11378,Øvergården,medikamentell,fôrbehandling,Emamectin benzoat,,,,hele lokaliteten,5402,HARSTAD,54,Troms og Finnmark,68.98167,16.534666,10,Andøya til Senja,
28,2021,13867,Raunevågen,ikke-medikamentell,,,,,,deler av lokaliteten,4612,SVEIO,46,Vestland,59.65798,5.533667,3,Karmøy til Sotra,
28,2021,29896,Renndalen,ikke-medikamentell,,,,,,deler av lokaliteten,5055,HEIM,50,Trøndelag,63.176117,8.6172,6,Nordmøre og Sør-Trøndelag,
28,2021,10893,Rensøya N,ikke-medikamentell,,,,,,deler av lokaliteten,1835,TRÆNA,18,Nordland,66.50412,12.07285,8,Helgeland til Bodø,
28,2021,19855,Segelråa,ikke-medikamentell,,,,,,deler av lokaliteten,1576,AURE,15,Møre og Romsdal,63.149746,8.12855,6,Nordmøre og Sør-Trøndelag,
28,2021,10216,Skåren,ikke-medikamentell,,,,,,deler av lokaliteten,5055,HEIM,50,Trøndelag,63.076283,8.191733,6,Nordmøre og Sør-Trøndelag,
28,2021,12048,Skiftesneset N,ikke-medikamentell,,,,,,deler av lokaliteten,4624,BJØRNAFJORDEN,46,Vestland,60.0711,5.736867,3,Karmøy til Sotra,
28,2021,12108,Skorpo Nv,ikke-medikamentell,,,,,,deler av lokaliteten,4617,KVINNHERAD,46,Vestland,59.95323,5.827133,3,Karmøy til Sotra,
28,2021,11326,Skøyen,medikamentell,fôrbehandling,Emamectin benzoat,,,,hele lokaliteten,5420,DYRØY,54,Troms og Finnmark,69.017,17.45725,10,Andøya til Senja,
28,2021,11326,Skøyen,medikamentell,fôrbehandling,Emamectin benzoat,,,,hele lokaliteten,5420,DYRØY,54,Troms og Finnmark,69.017,17.45725,10,Andøya til Senja,
28,2021,12705,Skrosen,ikke-medikamentell,,,,,,deler av lokaliteten,5052,LEKA,50,Trøndelag,65.122986,11.674517,7,Nord-Trøndelag med Bindal,
28,2021,36017,Sørværet,medikamentell,fôrbehandling,Emamectin benzoat,,,,hele lokaliteten,1818,HERØY I NORDLAND,18,Nordland,65.88035,11.93045,8,Helgeland til Bodø,
28,2021,11290,Stormneset,medikamentell,fôrbehandling,Emamectin benzoat,,,,hele lokaliteten,1875,HAMARØY,18,Nordland,68.19825,16.134117,9,Vestfjorden og Vesterålen,
28,2021,36100,Suholmen,ikke-medikamentell,,,,,,deler av lokaliteten,1573,SMØLA,15,Møre og Romsdal,63.494934,8.02235,6,Nordmøre og Sør-Trøndelag,
28,2021,31817,Svartskjær,medikamentell,fôrbehandling,Emamectin benzoat,,,,deler av lokaliteten,5413,IBESTAD,54,Troms og Finnmark,68.718414,16.775734,10,Andøya til Senja,
28,2021,31817,Svartskjær,medikamentell,fôrbehandling,Emamectin benzoat,,,,deler av lokaliteten,5413,IBESTAD,54,Troms og Finnmark,68.718414,16.775734,10,Andøya til Senja,
28,2021,22955,Svollandsneset,medikamentell,badebehandling,Annet virkestoff,,,,hele lokaliteten,1160,VINDAFJORD,11,Rogaland,59.685184,5.58855,3,Karmøy til Sotra,
28,2021,22955,Svollandsneset,medikamentell,badebehandling,Annet virkestoff,,,,hele lokaliteten,1160,VINDAFJORD,11,Rogaland,59.685184,5.58855,3,Karmøy til Sotra,
28,2021,22955,Svollandsneset,ikke-medikamentell,,,,,,deler av lokaliteten,1160,VINDAFJORD,11,Rogaland,59.685184,5.58855,3,Karmøy til Sotra,
28,2021,29776,Teksmona,medikamentell,fôrbehandling,Emamectin benzoat,,,,hele lokaliteten,1837,MELØY,18,Nordland,66.868416,13.601383,8,Helgeland til Bodø,
28,2021,12449,Tennøya,medikamentell,fôrbehandling,Emamectin benzoat,,,,hele lokaliteten,5014,FRØYA,50,Trøndelag,63.805035,8.4444,6,Nordmøre og Sør-Trøndelag,
28,2021,31297,Tortenneset,medikamentell,fôrbehandling,Emamectin benzoat,,,,hele lokaliteten,1806,NARVIK,18,Nordland,68.485916,17.338667,9,Vestfjorden og Vesterålen,
28,2021,32717,Tranøya N,medikamentell,badebehandling,Azamethiphos,,,,hele lokaliteten,5057,ØRLAND,50,Trøndelag,63.87185,9.76985,6,Nordmøre og Sør-Trøndelag,
28,2021,31557,Valøyan,medikamentell,fôrbehandling,Emamectin benzoat,,,,hele lokaliteten,5014,FRØYA,50,Trøndelag,63.81835,8.463817,6,Nordmøre og Sør-Trøndelag,
28,2021,31557,Valøyan,medikamentell,fôrbehandling,Emamectin benzoat,,,,hele lokaliteten,5014,FRØYA,50,Trøndelag,63.81835,8.463817,6,Nordmøre og Sør-Trøndelag,
28,2021,11385,Vestnes,medikamentell,fôrbehandling,Emamectin benzoat,,,,hele lokaliteten,5402,HARSTAD,54,Troms og Finnmark,68.98158,16.48835,10,Andøya til Senja,
28,2021,11385,Vestnes,medikamentell,fôrbehandling,Emamectin benzoat,,,,hele lokaliteten,5402,HARSTAD,54,Troms og Finnmark,68.98158,16.48835,10,Andøya til Senja,
28,2021,36717,Vindhammarneset,medikamentell,fôrbehandling,Emamectin benzoat,,,,hele lokaliteten,5421,SENJA,54,Troms og Finnmark,69.468414,17.606182,10,Andøya til Senja,
28,2021,17495,Vullum,ikke-medikamentell,,,,,,deler av lokaliteten,5055,HEIM,50,Trøndelag,63.04965,8.2162,6,Nordmøre og Sør-Trøndelag,
28,2021,45032,Ytterflesa,ikke-medikamentell,,,,,,deler av lokaliteten,5060,NÆRØYSUND,50,Trøndelag,64.972984,11.443517,7,Nord-Trøndelag med Bindal,
27,2021,30977,Æsøya,ikke-medikamentell,,,,,,deler av lokaliteten,1860,VESTVÅGØY,18,Nordland,68.104866,13.790067,9,Vestfjorden og Vesterålen,
27,2021,10331,Åkre,ikke-medikamentell,,,,,,deler av lokaliteten,4617,KVINNHERAD,46,Vestland,60.11283,6.044717,3,Karmøy til Sotra,
27,2021,12988,Aukrasanden,ikke-medikamentell,,,,,,deler av lokaliteten,1547,AUKRA,15,Møre og Romsdal,62.783417,6.92605,5,Stadt til Hustadvika,
27,2021,12357,Aursøysva,ikke-medikamentell,,,,,,deler av lokaliteten,5014,FRØYA,50,Trøndelag,63.801968,8.910767,6,Nordmøre og Sør-Trøndelag,
27,2021,29016,Båfjordstranda,ikke-medikamentell,,,,,,hele lokaliteten,5060,NÆRØYSUND,50,Trøndelag,64.964485,11.59435,7,Nord-Trøndelag med Bindal,
27,2021,10212,Bogen,ikke-medikamentell,,,,,,deler av lokaliteten,1505,KRISTIANSUND,15,Møre og Romsdal,63.076782,7.9046,6,Nordmøre og Sør-Trøndelag,
27,2021,12466,Brettingen,ikke-medikamentell,,,,,,deler av lokaliteten,1573,SMØLA,15,Møre og Romsdal,63.3582,8.237267,6,Nordmøre og Sør-Trøndelag,
27,2021,31038,Buarøy,medikamentell,badebehandling,Azamethiphos,,,,deler av lokaliteten,4626,ØYGARDEN,46,Vestland,60.220066,5.21455,3,Karmøy til Sotra,
27,2021,20455,Djupevika,ikke-medikamentell,,,,,,deler av lokaliteten,4617,KVINNHERAD,46,Vestland,60.04095,6.009367,3,Karmøy til Sotra,
27,2021,30097,Djupvik,ikke-medikamentell,,,,,,deler av lokaliteten,1836,RØDØY,18,Nordland,66.73299,13.33115,8,Helgeland til Bodø,
27,2021,29537,Eldviktaren,medikamentell,fôrbehandling,Emamectin benzoat,,,,deler av lokaliteten,5049,FLATANGER,50,Trøndelag,64.454636,10.630717,7,Nord-Trøndelag med Bindal,
27,2021,32677,Espnestaren,medikamentell,fôrbehandling,Emamectin benzoat,,,,hele lokaliteten,5014,FRØYA,50,Trøndelag,63.677883,8.667,6,Nordmøre og Sør-Trøndelag,
27,2021,12624,Feøyvika,ikke-medikamentell,,,,,,hele lokaliteten,5049,FLATANGER,50,Trøndelag,64.56032,10.919133,7,Nord-Trøndelag med Bindal,
27,2021,29876,Flotaren,ikke-medikamentell,,,,,,deler av lokaliteten,5049,FLATANGER,50,Trøndelag,64.52398,10.761667,7,Nord-Trøndelag med Bindal,
27,2021,33617,Gjerde,ikke-medikamentell,,,,,,deler av lokaliteten,1576,AURE,15,Møre og Romsdal,63.299667,8.418333,6,Nordmøre og Sør-Trøndelag,
27,2021,11657,Gråvika,ikke-medikamentell,,,,,,deler av lokaliteten,4635,GULEN,46,Vestland,60.863083,4.935283,4,Nordhordaland til Stadt,
27,2021,17177,Grunneneset,ikke-medikamentell,,,,,,deler av lokaliteten,4648,BREMANGER,46,Vestland,61.89445,5.34815,4,Nordhordaland til Stadt,
27,2021,14035,Guleskjeret,ikke-medikamentell,,,,,,hele lokaliteten,4636,SOLUND,46,Vestland,61.041134,4.79225,4,Nordhordaland til Stadt,
27,2021,36737,Hallsteinhamn I,medikamentell,fôrbehandling,Emamectin benzoat,,,,hele lokaliteten,1804,BODØ,18,Nordland,67.44185,14.71595,9,Vestfjorden og Vesterålen,
27,2021,11318,Hallvardøy,ikke-medikamentell,,,,,,deler av lokaliteten,1851,LØDINGEN,18,Nordland,68.37497,15.317333,9,Vestfjorden og Vesterålen,
27,2021,11643,Hatlem Ø,medikamentell,fôrbehandling,Emamectin benzoat,,,,deler av lokaliteten,4637,HYLLESTAD,46,Vestland,61.200916,5.262117,4,Nordhordaland til Stadt,
27,2021,24035,Håvikvågen S,ikke-medikamentell,,,,,,deler av lokaliteten,4624,BJØRNAFJORDEN,46,Vestland,60.170483,5.699283,3,Karmøy til Sotra,
27,2021,36778,Havstein Sør,medikamentell,fôrbehandling,Emamectin benzoat,,,,hele lokaliteten,1827,DØNNA,18,Nordland,66.16405,12.400767,8,Helgeland til Bodø,
27,2021,10425,Heggvika,ikke-medikamentell,,,,,,deler av lokaliteten,1811,BINDAL,18,Nordland,65.12658,12.071983,7,Nord-Trøndelag med Bindal,
27,2021,12871,Hogsnes,ikke-medikamentell,,,,,,deler av lokaliteten,1554,AVERØY,15,Møre og Romsdal,63.093033,7.675883,6,Nordmøre og Sør-Trøndelag,
27,2021,34397,Hyseneset,ikke-medikamentell,,,,,,deler av lokaliteten,4635,GULEN,46,Vestland,60.86,4.963083,4,Nordhordaland til Stadt,
27,2021,12260,Juvika,medikamentell,fôrbehandling,Emamectin benzoat,,,,deler av lokaliteten,1506,MOLDE,15,Møre og Romsdal,62.66477,6.696767,5,Stadt til Hustadvika,
27,2021,12872,Kattholmen,ikke-medikamentell,,,,,,deler av lokaliteten,1505,KRISTIANSUND,15,Møre og Romsdal,63.055332,7.695317,6,Nordmøre og Sør-Trøndelag,
27,2021,40377,Klampvika N,ikke-medikamentell,,,,,,hele lokaliteten,1811,BINDAL,18,Nordland,65.21104,12.250167,7,Nord-Trøndelag med Bindal,
27,2021,10224,Korsneset,ikke-medikamentell,,,,,,deler av lokaliteten,5055,HEIM,50,Trøndelag,63.14268,8.225383,6,Nordmøre og Sør-Trøndelag,
27,2021,32097,Korsneset 2,ikke-medikamentell,,,,,,deler av lokaliteten,5055,HEIM,50,Trøndelag,63.14123,8.21375,6,Nordmøre og Sør-Trøndelag,
27,2021,33177,Krabbholmen II,ikke-medikamentell,,,,,,deler av lokaliteten,5058,ÅFJORD,50,Trøndelag,63.94,9.886633,6,Nordmøre og Sør-Trøndelag,
27,2021,35377,Kveitskjeret,medikamentell,fôrbehandling,Emamectin benzoat,,,,hele lokaliteten,5014,FRØYA,50,Trøndelag,63.82503,8.444633,6,Nordmøre og Sør-Trøndelag,
27,2021,28196,Kvernes,medikamentell,fôrbehandling,Emamectin benzoat,,,,hele lokaliteten,1806,NARVIK,18,Nordland,68.40205,16.914368,9,Vestfjorden og Vesterålen,
27,2021,36457,Kvingra,ikke-medikamentell,,,,,,deler av lokaliteten,5052,LEKA,50,Trøndelag,65.20317,11.569,7,Nord-Trøndelag med Bindal,
27,2021,35777,Kvitskjæret,ikke-medikamentell,,,,,,hele lokaliteten,1818,HERØY I NORDLAND,18,Nordland,66.1008,12.157333,8,Helgeland til Bodø,
27,2021,30076,Kyrøyene,medikamentell,fôrbehandling,Emamectin benzoat,,,,hele lokaliteten,5060,NÆRØYSUND,50,Trøndelag,64.764015,10.806633,7,Nord-Trøndelag med Bindal,
27,2021,10080,Laksevika,ikke-medikamentell,,,,,,deler av lokaliteten,4631,ALVER,46,Vestland,60.53015,5.11575,4,Nordhordaland til Stadt,
27,2021,12993,Lamøya,ikke-medikamentell,,,,,,deler av lokaliteten,5014,FRØYA,50,Trøndelag,63.73305,8.854983,6,Nordmøre og Sør-Trøndelag,
27,2021,12870,Leite,ikke-medikamentell,,,,,,deler av lokaliteten,1554,AVERØY,15,Møre og Romsdal,63.035984,7.678117,6,Nordmøre og Sør-Trøndelag,
27,2021,14435,Ljøsøy N,ikke-medikamentell,,,,,,hele lokaliteten,4626,ØYGARDEN,46,Vestland,60.565132,4.878417,4,Nordhordaland til Stadt,
27,2021,40137,Lønngrunnen,ikke-medikamentell,,,,,,hele lokaliteten,5057,ØRLAND,50,Trøndelag,63.937283,9.780317,6,Nordmøre og Sør-Trøndelag,
27,2021,12633,Lyrnesset,ikke-medikamentell,,,,,,deler av lokaliteten,5049,FLATANGER,50,Trøndelag,64.5256,10.748133,7,Nord-Trøndelag med Bindal,
27,2021,35477,Makrellskjæret,ikke-medikamentell,,,,,,deler av lokaliteten,5049,FLATANGER,50,Trøndelag,64.54919,10.7341,7,Nord-Trøndelag med Bindal,
27,2021,10447,Mefaldskjæret,medikamentell,fôrbehandling,Emamectin benzoat,,,,hele lokaliteten,1820,ALSTAHAUG,18,Nordland,65.85145,12.2872,8,Helgeland til Bodø,
27,2021,12047,Mjåneset,ikke-medikamentell,,,,,,hele lokaliteten,4624,BJØRNAFJORDEN,46,Vestland,60.1763,5.7231,3,Karmøy til Sotra,
27,2021,35617,Mulnesodden,medikamentell,fôrbehandling,Emamectin benzoat,,,,hele lokaliteten,1838,GILDESKÅL,18,Nordland,67.14398,14.2799,8,Helgeland til Bodø,
27,2021,23816,Nordbotnet,ikke-medikamentell,,,,,,deler av lokaliteten,1828,NESNA,18,Nordland,66.25612,12.8942,8,Helgeland til Bodø,
27,2021,26315,Nordgjæslingan,medikamentell,fôrbehandling,Emamectin benzoat,,,,hele lokaliteten,5060,NÆRØYSUND,50,Trøndelag,64.76597,10.913767,7,Nord-Trøndelag med Bindal,
27,2021,28676,Olvika,ikke-medikamentell,,,,,,deler av lokaliteten,1834,LURØY,18,Nordland,66.4367,13.126033,8,Helgeland til Bodø,
27,2021,12071,Ommundsteigen,ikke-medikamentell,,,,,,deler av lokaliteten,1134,SULDAL,11,Rogaland,59.55078,6.5131,2,Ryfylke,
27,2021,40117,Otervika,medikamentell,fôrbehandling,Emamectin benzoat,,,,deler av lokaliteten,1811,BINDAL,18,Nordland,65.161736,11.968417,7,Nord-Trøndelag med Bindal,
27,2021,40117,Otervika,ikke-medikamentell,,,,,,deler av lokaliteten,1811,BINDAL,18,Nordland,65.161736,11.968417,7,Nord-Trøndelag med Bindal,
27,2021,20315,Overåneset V,ikke-medikamentell,,,,,,deler av lokaliteten,1525,STRANDA,15,Møre og Romsdal,62.30065,7.085433,5,Stadt til Hustadvika,
27,2021,29896,Renndalen,ikke-medikamentell,,,,,,deler av lokaliteten,5055,HEIM,50,Trøndelag,63.176117,8.6172,6,Nordmøre og Sør-Trøndelag,
27,2021,11770,Rotøy,ikke-medikamentell,,,,,,deler av lokaliteten,4626,ØYGARDEN,46,Vestland,60.682816,4.759617,4,Nordhordaland til Stadt,
27,2021,19855,Segelråa,ikke-medikamentell,,,,,,deler av lokaliteten,1576,AURE,15,Møre og Romsdal,63.149746,8.12855,6,Nordmøre og Sør-Trøndelag,
27,2021,10216,Skåren,ikke-medikamentell,,,,,,deler av lokaliteten,5055,HEIM,50,Trøndelag,63.076283,8.191733,6,Nordmøre og Sør-Trøndelag,
27,2021,39657,Skipperdalsneset,ikke-medikamentell,,,,,,deler av lokaliteten,4648,BREMANGER,46,Vestland,61.80602,5.0683,4,Nordhordaland til Stadt,
27,2021,33157,Skogsholmen,ikke-medikamentell,,,,,,deler av lokaliteten,1815,VEGA,18,Nordland,65.83141,12.070533,8,Helgeland til Bodø,
27,2021,13291,Soløya,medikamentell,fôrbehandling,Emamectin benzoat,,,,deler av lokaliteten,1859,FLAKSTAD,18,Nordland,68.00445,13.18255,9,Vestfjorden og Vesterålen,
27,2021,36017,Sørværet,medikamentell,fôrbehandling,Emamectin benzoat,,,,hele lokaliteten,1818,HERØY I NORDLAND,18,Nordland,65.88035,11.93045,8,Helgeland til Bodø,
27,2021,12081,Straumneset,ikke-medikamentell,,,,,,deler av lokaliteten,4618,ULLENSVANG,46,Vestland,60.221333,6.140133,3,Karmøy til Sotra,
27,2021,29376,Sundsøy,medikamentell,fôrbehandling,Emamectin benzoat,,,,hele lokaliteten,1827,DØNNA,18,Nordland,66.17637,12.770283,8,Helgeland til Bodø,
27,2021,11813,Svinøy V,ikke-medikamentell,,,,,,deler av lokaliteten,4646,FJALER,46,Vestland,61.30475,5.101317,4,Nordhordaland til Stadt,
27,2021,38697,Takflua,ikke-medikamentell,,,,,,hele lokaliteten,5058,ÅFJORD,50,Trøndelag,63.980415,9.865033,6,Nordmøre og Sør-Trøndelag,
27,2021,16165,Tårnvika,medikamentell,fôrbehandling,Emamectin benzoat,,,,hele lokaliteten,1804,BODØ,18,Nordland,67.572815,15.128683,9,Vestfjorden og Vesterålen,
27,2021,29776,Teksmona,medikamentell,fôrbehandling,Emamectin benzoat,,,,hele lokaliteten,1837,MELØY,18,Nordland,66.868416,13.601383,8,Helgeland til Bodø,
27,2021,31297,Tortenneset,medikamentell,fôrbehandling,Emamectin benzoat,,,,hele lokaliteten,1806,NARVIK,18,Nordland,68.485916,17.338667,9,Vestfjorden og Vesterålen,
27,2021,35517,Vadholmen,ikke-medikamentell,,,,,,hele lokaliteten,4626,ØYGARDEN,46,Vestland,60.695,4.761117,4,Nordhordaland til Stadt,
27,2021,31557,Valøyan,medikamentell,fôrbehandling,Emamectin benzoat,,,,hele lokaliteten,5014,FRØYA,50,Trøndelag,63.81835,8.463817,6,Nordmøre og Sør-Trøndelag,
27,2021,31557,Valøyan,medikamentell,fôrbehandling,Emamectin benzoat,,,,hele lokaliteten,5014,FRØYA,50,Trøndelag,63.81835,8.463817,6,Nordmøre og Sør-Trøndelag,
27,2021,35657,Varden,ikke-medikamentell,,,,,,deler av lokaliteten,5056,HITRA,50,Trøndelag,63.635715,9.186467,6,Nordmøre og Sør-Trøndelag,
27,2021,36337,Vardskjæret S,ikke-medikamentell,,,,,,deler av lokaliteten,1834,LURØY,18,Nordland,66.350266,12.469867,8,Helgeland til Bodø,
26,2021,12086,Alsåkervik,ikke-medikamentell,,,,,,hele lokaliteten,4617,KVINNHERAD,46,Vestland,59.759518,6.072883,3,Karmøy til Sotra,
26,2021,10319,Ålvora,ikke-medikamentell,,,,,,hele lokaliteten,4602,KINN,46,Vestland,61.585766,5.136833,4,Nordhordaland til Stadt,
26,2021,35797,Årsetfjorden,ikke-medikamentell,,,,,,deler av lokaliteten,5060,NÆRØYSUND,50,Trøndelag,65.00819,11.746417,7,Nord-Trøndelag med Bindal,
26,2021,12988,Aukrasanden,ikke-medikamentell,,,,,,deler av lokaliteten,1547,AUKRA,15,Møre og Romsdal,62.783417,6.92605,5,Stadt til Hustadvika,
26,2021,12095,Bergadalen,ikke-medikamentell,,,,,,hele lokaliteten,4622,KVAM,46,Vestland,60.1216,5.908883,3,Karmøy til Sotra,
26,2021,12625,Bjørgan,ikke-medikamentell,,,,,,deler av lokaliteten,5049,FLATANGER,50,Trøndelag,64.59268,10.908333,7,Nord-Trøndelag med Bindal,
26,2021,10212,Bogen,ikke-medikamentell,,,,,,deler av lokaliteten,1505,KRISTIANSUND,15,Møre og Romsdal,63.076782,7.9046,6,Nordmøre og Sør-Trøndelag,
26,2021,13284,Bollhaugen,medikamentell,fôrbehandling,Emamectin benzoat,,,,deler av lokaliteten,1827,DØNNA,18,Nordland,66.11311,12.487683,8,Helgeland til Bodø,
26,2021,13284,Bollhaugen,medikamentell,fôrbehandling,Emamectin benzoat,,,,deler av lokaliteten,1827,DØNNA,18,Nordland,66.11311,12.487683,8,Helgeland til Bodø,
26,2021,13765,Breiviken,ikke-medikamentell,,,,,,hele lokaliteten,1834,LURØY,18,Nordland,66.46165,12.958033,8,Helgeland til Bodø,
26,2021,10223,Bremnessvaet,ikke-medikamentell,,,,,,hele lokaliteten,1573,SMØLA,15,Møre og Romsdal,63.39795,8.214317,6,Nordmøre og Sør-Trøndelag,
26,2021,12237,Brudevika,ikke-medikamentell,,,,,,deler av lokaliteten,1511,VANYLVEN,15,Møre og Romsdal,62.116566,5.420717,5,Stadt til Hustadvika,
26,2021,31038,Buarøy,medikamentell,badebehandling,Azamethiphos,,,,deler av lokaliteten,4626,ØYGARDEN,46,Vestland,60.220066,5.21455,3,Karmøy til Sotra,
26,2021,11543,Buholmen,medikamentell,badebehandling,Azamethiphos,,,,deler av lokaliteten,4625,AUSTEVOLL,46,Vestland,60.020466,5.080083,3,Karmøy til Sotra,
26,2021,11543,Buholmen,ikke-medikamentell,,,,,,deler av lokaliteten,4625,AUSTEVOLL,46,Vestland,60.020466,5.080083,3,Karmøy til Sotra,
26,2021,22035,Buktodden Nø,medikamentell,fôrbehandling,Emamectin benzoat,,,,hele lokaliteten,1833,RANA,18,Nordland,66.30817,13.432333,8,Helgeland til Bodø,
26,2021,30097,Djupvik,ikke-medikamentell,,,,,,deler av lokaliteten,1836,RØDØY,18,Nordland,66.73299,13.33115,8,Helgeland til Bodø,
26,2021,34018,Dolma N,ikke-medikamentell,,,,,,hele lokaliteten,5060,NÆRØYSUND,50,Trøndelag,65.02533,11.676017,7,Nord-Trøndelag med Bindal,
26,2021,35877,Eiterfjorden,ikke-medikamentell,,,,,,deler av lokaliteten,5060,NÆRØYSUND,50,Trøndelag,64.971634,11.723933,7,Nord-Trøndelag med Bindal,
26,2021,31437,Fuglåsen,ikke-medikamentell,,,,,,deler av lokaliteten,1573,SMØLA,15,Møre og Romsdal,63.44715,8.167767,6,Nordmøre og Sør-Trøndelag,
26,2021,13058,Fusavika,ikke-medikamentell,,,,,,deler av lokaliteten,4624,BJØRNAFJORDEN,46,Vestland,60.207733,5.613583,3,Karmøy til Sotra,
26,2021,19995,Hagahammaren,ikke-medikamentell,,,,,,hele lokaliteten,1576,AURE,15,Møre og Romsdal,63.137917,8.0306,6,Nordmøre og Sør-Trøndelag,
26,2021,11643,Hatlem Ø,medikamentell,fôrbehandling,Emamectin benzoat,,,,deler av lokaliteten,4637,HYLLESTAD,46,Vestland,61.200916,5.262117,4,Nordhordaland til Stadt,
26,2021,11643,Hatlem Ø,ikke-medikamentell,,,,,,deler av lokaliteten,4637,HYLLESTAD,46,Vestland,61.200916,5.262117,4,Nordhordaland til Stadt,
26,2021,13503,Heggvika,medikamentell,fôrbehandling,Emamectin benzoat,,,,deler av lokaliteten,5056,HITRA,50,Trøndelag,63.61065,9.050517,6,Nordmøre og Sør-Trøndelag,
26,2021,12483,Hjortholman,ikke-medikamentell,,,,,,deler av lokaliteten,1573,SMØLA,15,Møre og Romsdal,63.457733,7.8561,6,Nordmøre og Sør-Trøndelag,
26,2021,35197,Hjortøya,ikke-medikamentell,,,,,,hele lokaliteten,5060,NÆRØYSUND,50,Trøndelag,64.9848,11.135467,7,Nord-Trøndelag med Bindal,
26,2021,30377,Hogsneset N,ikke-medikamentell,,,,,,hele lokaliteten,1554,AVERØY,15,Møre og Romsdal,63.099934,7.670267,6,Nordmøre og Sør-Trøndelag,
26,2021,34397,Hyseneset,ikke-medikamentell,,,,,,deler av lokaliteten,4635,GULEN,46,Vestland,60.86,4.963083,4,Nordhordaland til Stadt,
26,2021,12260,Juvika,medikamentell,fôrbehandling,Emamectin benzoat,,,,deler av lokaliteten,1506,MOLDE,15,Møre og Romsdal,62.66477,6.696767,5,Stadt til Hustadvika,
26,2021,12872,Kattholmen,ikke-medikamentell,,,,,,deler av lokaliteten,1505,KRISTIANSUND,15,Møre og Romsdal,63.055332,7.695317,6,Nordmøre og Sør-Trøndelag,
26,2021,23755,Kjeiprød,medikamentell,fôrbehandling,Emamectin benzoat,,,,hele lokaliteten,5415,LOABÁK - LAVANGEN,54,Troms og Finnmark,68.785286,17.64295,10,Andøya til Senja,
26,2021,11534,Klungsholmen,ikke-medikamentell,,,,,,deler av lokaliteten,4613,BØMLO,46,Vestland,59.596783,5.161567,3,Karmøy til Sotra,
26,2021,13764,Kokvika,ikke-medikamentell,,,,,,deler av lokaliteten,1834,LURØY,18,Nordland,66.41282,12.956867,8,Helgeland til Bodø,
26,2021,12652,Kråkøya,ikke-medikamentell,,,,,,deler av lokaliteten,5060,NÆRØYSUND,50,Trøndelag,65.003784,11.042367,7,Nord-Trøndelag med Bindal,
26,2021,30076,Kyrøyene,medikamentell,fôrbehandling,Emamectin benzoat,,,,hele lokaliteten,5060,NÆRØYSUND,50,Trøndelag,64.764015,10.806633,7,Nord-Trøndelag med Bindal,
26,2021,12870,Leite,medikamentell,fôrbehandling,Emamectin benzoat,,,,deler av lokaliteten,1554,AVERØY,15,Møre og Romsdal,63.035984,7.678117,6,Nordmøre og Sør-Trøndelag,
26,2021,12870,Leite,ikke-medikamentell,,,,,,deler av lokaliteten,1554,AVERØY,15,Møre og Romsdal,63.035984,7.678117,6,Nordmøre og Sør-Trøndelag,
26,2021,10990,Lille Åsvær,ikke-medikamentell,,,,,,deler av lokaliteten,1827,DØNNA,18,Nordland,66.22887,12.312267,8,Helgeland til Bodø,
26,2021,45066,Lingaholmane,ikke-medikamentell,,,,,,deler av lokaliteten,4622,KVAM,46,Vestland,60.249382,6.05955,3,Karmøy til Sotra,
26,2021,35477,Makrellskjæret,ikke-medikamentell,,,,,,deler av lokaliteten,5049,FLATANGER,50,Trøndelag,64.54919,10.7341,7,Nord-Trøndelag med Bindal,
26,2021,32977,Måren,ikke-medikamentell,,,,,,deler av lokaliteten,4638,HØYANGER,46,Vestland,61.152668,6.1167,4,Nordhordaland til Stadt,
26,2021,10447,Mefaldskjæret,medikamentell,fôrbehandling,Emamectin benzoat,,,,hele lokaliteten,1820,ALSTAHAUG,18,Nordland,65.85145,12.2872,8,Helgeland til Bodø,
26,2021,31637,Melkøya,ikke-medikamentell,,,,,,hele lokaliteten,1818,HERØY I NORDLAND,18,Nordland,66.08141,12.2005,8,Helgeland til Bodø,
26,2021,26435,Mjølsvik,medikamentell,badebehandling,Annet virkestoff,,,,deler av lokaliteten,4638,HØYANGER,46,Vestland,61.111584,6.0423,4,Nordhordaland til Stadt,
26,2021,26435,Mjølsvik,ikke-medikamentell,,,,,,deler av lokaliteten,4638,HØYANGER,46,Vestland,61.111584,6.0423,4,Nordhordaland til Stadt,
26,2021,30157,Movik,ikke-medikamentell,,,,,,deler av lokaliteten,1845,SØRFOLD,18,Nordland,67.63265,15.26325,9,Vestfjorden og Vesterålen,
26,2021,45004,Mulen,ikke-medikamentell,,,,,,hele lokaliteten,1848,STEIGEN,18,Nordland,67.66928,15.198867,9,Vestfjorden og Vesterålen,
26,2021,11611,Naveide,ikke-medikamentell,,,,,,deler av lokaliteten,4625,AUSTEVOLL,46,Vestland,60.1386,5.110533,3,Karmøy til Sotra,
26,2021,26315,Nordgjæslingan,medikamentell,fôrbehandling,Emamectin benzoat,,,,hele lokaliteten,5060,NÆRØYSUND,50,Trøndelag,64.76597,10.913767,7,Nord-Trøndelag med Bindal,
26,2021,30559,Øksneset,ikke-medikamentell,,,,,,deler av lokaliteten,4632,AUSTRHEIM,46,Vestland,60.81255,4.862317,4,Nordhordaland til Stadt,
26,2021,10136,Onarøy,ikke-medikamentell,,,,,,deler av lokaliteten,4616,TYSNES,46,Vestland,59.95335,5.669683,3,Karmøy til Sotra,
26,2021,19875,Or,ikke-medikamentell,,,,,,deler av lokaliteten,1505,KRISTIANSUND,15,Møre og Romsdal,63.039932,7.850267,6,Nordmøre og Sør-Trøndelag,
26,2021,17235,Ørnes,ikke-medikamentell,,,,,,deler av lokaliteten,1834,LURØY,18,Nordland,66.42008,13.018033,8,Helgeland til Bodø,
26,2021,11205,Oterholmen I,ikke-medikamentell,,,,,,hele lokaliteten,1860,VESTVÅGØY,18,Nordland,68.092636,13.634483,9,Vestfjorden og Vesterålen,
26,2021,40117,Otervika,medikamentell,fôrbehandling,Emamectin benzoat,,,,deler av lokaliteten,1811,BINDAL,18,Nordland,65.161736,11.968417,7,Nord-Trøndelag med Bindal,
26,2021,11738,Otterholmen,ikke-medikamentell,,,,,,deler av lokaliteten,4631,ALVER,46,Vestland,60.686417,4.908683,4,Nordhordaland til Stadt,
26,2021,33417,Persflua,ikke-medikamentell,,,,,,deler av lokaliteten,5057,ØRLAND,50,Trøndelag,63.91345,9.826433,6,Nordmøre og Sør-Trøndelag,
26,2021,29116,Reiråklakken,ikke-medikamentell,,,,,,deler av lokaliteten,1573,SMØLA,15,Møre og Romsdal,63.44995,8.167133,6,Nordmøre og Sør-Trøndelag,
26,2021,10893,Rensøya N,ikke-medikamentell,,,,,,deler av lokaliteten,1835,TRÆNA,18,Nordland,66.50412,12.07285,8,Helgeland til Bodø,
26,2021,12281,Rogne,medikamentell,fôrbehandling,Emamectin benzoat,,,,hele lokaliteten,1507,ÅLESUND,15,Møre og Romsdal,62.6695,6.356833,5,Stadt til Hustadvika,
26,2021,11770,Rotøy,ikke-medikamentell,,,,,,deler av lokaliteten,4626,ØYGARDEN,46,Vestland,60.682816,4.759617,4,Nordhordaland til Stadt,
26,2021,35417,Sandøya,ikke-medikamentell,,,,,,deler av lokaliteten,1848,STEIGEN,18,Nordland,67.7382,14.75345,9,Vestfjorden og Vesterålen,
26,2021,19855,Segelråa,ikke-medikamentell,,,,,,deler av lokaliteten,1576,AURE,15,Møre og Romsdal,63.149746,8.12855,6,Nordmøre og Sør-Trøndelag,
26,2021,12048,Skiftesneset N,ikke-medikamentell,,,,,,hele lokaliteten,4624,BJØRNAFJORDEN,46,Vestland,60.0711,5.736867,3,Karmøy til Sotra,
26,2021,39657,Skipperdalsneset,ikke-medikamentell,,,,,,deler av lokaliteten,4648,BREMANGER,46,Vestland,61.80602,5.0683,4,Nordhordaland til Stadt,
26,2021,18657,Skredstivik,ikke-medikamentell,,,,,,deler av lokaliteten,4637,HYLLESTAD,46,Vestland,61.15495,5.133333,4,Nordhordaland til Stadt,
26,2021,13291,Soløya,medikamentell,fôrbehandling,Emamectin benzoat,,,,deler av lokaliteten,1859,FLAKSTAD,18,Nordland,68.00445,13.18255,9,Vestfjorden og Vesterålen,
26,2021,13291,Soløya,medikamentell,fôrbehandling,Emamectin benzoat,,,,deler av lokaliteten,1859,FLAKSTAD,18,Nordland,68.00445,13.18255,9,Vestfjorden og Vesterålen,
26,2021,13032,Sølvøyane,medikamentell,badebehandling,Annet virkestoff,,,,hele lokaliteten,4613,BØMLO,46,Vestland,59.609516,5.133367,3,Karmøy til Sotra,
26,2021,13032,Sølvøyane,ikke-medikamentell,,,,,,deler av lokaliteten,4613,BØMLO,46,Vestland,59.609516,5.133367,3,Karmøy til Sotra,
26,2021,19015,Stokkvika,ikke-medikamentell,,,,,,deler av lokaliteten,5055,HEIM,50,Trøndelag,63.333534,9.180583,6,Nordmøre og Sør-Trøndelag,
26,2021,38697,Takflua,ikke-medikamentell,,,,,,hele lokaliteten,5058,ÅFJORD,50,Trøndelag,63.980415,9.865033,6,Nordmøre og Sør-Trøndelag,
26,2021,16165,Tårnvika,medikamentell,fôrbehandling,Emamectin benzoat,,,,hele lokaliteten,1804,BODØ,18,Nordland,67.572815,15.128683,9,Vestfjorden og Vesterålen,
26,2021,13644,Tepstad,ikke-medikamentell,,,,,,deler av lokaliteten,4630,OSTERØY,46,Vestland,60.553032,5.385317,4,Nordhordaland til Stadt,
26,2021,35517,Vadholmen,ikke-medikamentell,,,,,,deler av lokaliteten,4626,ØYGARDEN,46,Vestland,60.695,4.761117,4,Nordhordaland til Stadt,
26,2021,10091,Vågsøya,ikke-medikamentell,,,,,,hele lokaliteten,4602,KINN,46,Vestland,61.490383,5.0247,4,Nordhordaland til Stadt,
26,2021,35657,Varden,ikke-medikamentell,,,,,,deler av lokaliteten,5056,HITRA,50,Trøndelag,63.635715,9.186467,6,Nordmøre og Sør-Trøndelag,
25,2021,10331,Åkre,ikke-medikamentell,,,,,,hele lokaliteten,4617,KVINNHERAD,46,Vestland,60.11283,6.044717,3,Karmøy til Sotra,
25,2021,13227,Altaneset,ikke-medikamentell,,,,,,hele lokaliteten,4624,BJØRNAFJORDEN,46,Vestland,60.24815,5.6368,3,Karmøy til Sotra,
25,2021,11339,Ånderkleiva,ikke-medikamentell,,,,,,deler av lokaliteten,5413,IBESTAD,54,Troms og Finnmark,68.925415,17.14895,10,Andøya til Senja,
25,2021,32277,Andholmen 1,ikke-medikamentell,,,,,,deler av lokaliteten,1573,SMØLA,15,Møre og Romsdal,63.469215,7.8523,6,Nordmøre og Sør-Trøndelag,
25,2021,35797,Årsetfjorden,ikke-medikamentell,,,,,,deler av lokaliteten,5060,NÆRØYSUND,50,Trøndelag,65.00819,11.746417,7,Nord-Trøndelag med Bindal,
25,2021,29016,Båfjordstranda,ikke-medikamentell,,,,,,deler av lokaliteten,5060,NÆRØYSUND,50,Trøndelag,64.964485,11.59435,7,Nord-Trøndelag med Bindal,
25,2021,11930,Bjelkavik,ikke-medikamentell,,,,,,deler av lokaliteten,1134,SULDAL,11,Rogaland,59.45165,5.991917,2,Ryfylke,
25,2021,12625,Bjørgan,ikke-medikamentell,,,,,,deler av lokaliteten,5049,FLATANGER,50,Trøndelag,64.59268,10.908333,7,Nord-Trøndelag med Bindal,
25,2021,13284,Bollhaugen,medikamentell,fôrbehandling,Emamectin benzoat,,,,deler av lokaliteten,1827,DØNNA,18,Nordland,66.11311,12.487683,8,Helgeland til Bodø,
25,2021,13284,Bollhaugen,medikamentell,fôrbehandling,Emamectin benzoat,,,,deler av lokaliteten,1827,DØNNA,18,Nordland,66.11311,12.487683,8,Helgeland til Bodø,
25,2021,12040,Brandaskuta,ikke-medikamentell,,,,,,hele lokaliteten,4617,KVINNHERAD,46,Vestland,59.975735,5.909183,3,Karmøy til Sotra,
25,2021,31038,Buarøy,ikke-medikamentell,,,,,,deler av lokaliteten,4626,ØYGARDEN,46,Vestland,60.220066,5.21455,3,Karmøy til Sotra,
25,2021,11543,Buholmen,ikke-medikamentell,,,,,,deler av lokaliteten,4625,AUSTEVOLL,46,Vestland,60.020466,5.080083,3,Karmøy til Sotra,
25,2021,12361,Bukkholmen S,ikke-medikamentell,,,,,,hele lokaliteten,5014,FRØYA,50,Trøndelag,63.72378,8.8621,6,Nordmøre og Sør-Trøndelag,
25,2021,22035,Buktodden Nø,medikamentell,fôrbehandling,Emamectin benzoat,,,,hele lokaliteten,1833,RANA,18,Nordland,66.30817,13.432333,8,Helgeland til Bodø,
25,2021,12624,Feøyvika,ikke-medikamentell,,,,,,hele lokaliteten,5049,FLATANGER,50,Trøndelag,64.56032,10.919133,7,Nord-Trøndelag med Bindal,
25,2021,32597,Fjordprakken,ikke-medikamentell,,,,,,deler av lokaliteten,1573,SMØLA,15,Møre og Romsdal,63.256516,7.928067,6,Nordmøre og Sør-Trøndelag,
25,2021,19336,Flatholmen,ikke-medikamentell,,,,,,deler av lokaliteten,1106,HAUGESUND,11,Rogaland,59.4293,5.114483,3,Karmøy til Sotra,
25,2021,25835,Flatøyflu,medikamentell,badebehandling,Azamethiphos,,,,deler av lokaliteten,4625,AUSTEVOLL,46,Vestland,60.156033,5.2315,3,Karmøy til Sotra,
25,2021,11893,Fosså,ikke-medikamentell,,,,,,deler av lokaliteten,1133,HJELMELAND,11,Rogaland,59.2699,6.14295,2,Ryfylke,
25,2021,10747,Futnes,medikamentell,fôrbehandling,Emamectin benzoat,,,,deler av lokaliteten,5423,KARLSØY,54,Troms og Finnmark,69.95135,19.587732,11,Kvaløya til Loppa,
25,2021,11318,Hallvardøy,medikamentell,badebehandling,Azamethiphos,,,,hele lokaliteten,1851,LØDINGEN,18,Nordland,68.37497,15.317333,9,Vestfjorden og Vesterålen,
25,2021,13996,Hamnefjord,ikke-medikamentell,,,,,,deler av lokaliteten,5406,HAMMERFEST,54,Troms og Finnmark,70.56623,23.024616,12,Vest-Finnmark,
25,2021,13503,Heggvika,medikamentell,fôrbehandling,Emamectin benzoat,,,,deler av lokaliteten,5056,HITRA,50,Trøndelag,63.61065,9.050517,6,Nordmøre og Sør-Trøndelag,
25,2021,10291,Hiskholmen,ikke-medikamentell,,,,,,hele lokaliteten,4613,BØMLO,46,Vestland,59.72585,5.144717,3,Karmøy til Sotra,
25,2021,13931,Hjartøy Ø,ikke-medikamentell,,,,,,deler av lokaliteten,1848,STEIGEN,18,Nordland,67.6562,15.118567,9,Vestfjorden og Vesterålen,
25,2021,12483,Hjortholman,ikke-medikamentell,,,,,,deler av lokaliteten,1573,SMØLA,15,Møre og Romsdal,63.457733,7.8561,6,Nordmøre og Sør-Trøndelag,
25,2021,12871,Hogsnes,ikke-medikamentell,,,,,,hele lokaliteten,1554,AVERØY,15,Møre og Romsdal,63.093033,7.675883,6,Nordmøre og Sør-Trøndelag,
25,2021,34397,Hyseneset,ikke-medikamentell,,,,,,deler av lokaliteten,4635,GULEN,46,Vestland,60.86,4.963083,4,Nordhordaland til Stadt,
25,2021,12260,Juvika,medikamentell,fôrbehandling,Emamectin benzoat,,,,deler av lokaliteten,1506,MOLDE,15,Møre og Romsdal,62.66477,6.696767,5,Stadt til Hustadvika,
25,2021,12348,Kåholmen,medikamentell,fôrbehandling,Emamectin benzoat,,,,hele lokaliteten,5056,HITRA,50,Trøndelag,63.617184,8.994133,6,Nordmøre og Sør-Trøndelag,
25,2021,29576,Kalvik,ikke-medikamentell,,,,,,deler av lokaliteten,1845,SØRFOLD,18,Nordland,67.51317,15.570433,9,Vestfjorden og Vesterålen,
25,2021,23755,Kjeiprød,medikamentell,fôrbehandling,Emamectin benzoat,,,,hele lokaliteten,5415,LOABÁK - LAVANGEN,54,Troms og Finnmark,68.785286,17.64295,10,Andøya til Senja,
25,2021,11689,Kjerringneset,ikke-medikamentell,,,,,,deler av lokaliteten,4635,GULEN,46,Vestland,60.960182,5.106783,4,Nordhordaland til Stadt,
25,2021,24455,Klavelandet,ikke-medikamentell,,,,,,deler av lokaliteten,4602,KINN,46,Vestland,61.60395,5.186533,4,Nordhordaland til Stadt,
25,2021,11534,Klungsholmen,ikke-medikamentell,,,,,,deler av lokaliteten,4613,BØMLO,46,Vestland,59.596783,5.161567,3,Karmøy til Sotra,
25,2021,13764,Kokvika,ikke-medikamentell,,,,,,deler av lokaliteten,1834,LURØY,18,Nordland,66.41282,12.956867,8,Helgeland til Bodø,
25,2021,12855,Kornstad,ikke-medikamentell,,,,,,deler av lokaliteten,1554,AVERØY,15,Møre og Romsdal,62.960384,7.45015,6,Nordmøre og Sør-Trøndelag,
25,2021,11809,Krabbestig,medikamentell,fôrbehandling,Emamectin benzoat,,,,hele lokaliteten,4602,KINN,46,Vestland,61.894566,5.0616,4,Nordhordaland til Stadt,
25,2021,21676,Kråkholmen,ikke-medikamentell,,,,,,deler av lokaliteten,5049,FLATANGER,50,Trøndelag,64.60255,10.854067,7,Nord-Trøndelag med Bindal,
25,2021,12652,Kråkøya,ikke-medikamentell,,,,,,deler av lokaliteten,5060,NÆRØYSUND,50,Trøndelag,65.003784,11.042367,7,Nord-Trøndelag med Bindal,
25,2021,19356,Kvalrosskjæret,ikke-medikamentell,,,,,,hele lokaliteten,5049,FLATANGER,50,Trøndelag,64.5387,10.877383,7,Nord-Trøndelag med Bindal,
25,2021,11714,Kvernhusvika,medikamentell,fôrbehandling,Emamectin benzoat,,,,deler av lokaliteten,4636,SOLUND,46,Vestland,61.0675,4.94345,4,Nordhordaland til Stadt,
25,2021,10898,Lamholmen,medikamentell,fôrbehandling,Emamectin benzoat,,,,hele lokaliteten,1813,BRØNNØY,18,Nordland,65.47138,12.135,8,Helgeland til Bodø,
25,2021,12993,Lamøya,ikke-medikamentell,,,,,,deler av lokaliteten,5014,FRØYA,50,Trøndelag,63.73305,8.854983,6,Nordmøre og Sør-Trøndelag,
25,2021,12870,Leite,medikamentell,fôrbehandling,Emamectin benzoat,,,,deler av lokaliteten,1554,AVERØY,15,Møre og Romsdal,63.035984,7.678117,6,Nordmøre og Sør-Trøndelag,
25,2021,14086,Lelandsholmen,ikke-medikamentell,,,,,,hele lokaliteten,4613,BØMLO,46,Vestland,59.72855,5.152383,3,Karmøy til Sotra,
25,2021,28396,Lindarholmen,ikke-medikamentell,,,,,,deler av lokaliteten,4616,TYSNES,46,Vestland,60.083866,5.63925,3,Karmøy til Sotra,
25,2021,36117,Matvika,ikke-medikamentell,,,,,,deler av lokaliteten,1845,SØRFOLD,18,Nordland,67.528,15.359683,9,Vestfjorden og Vesterålen,
25,2021,13541,Midtflua,ikke-medikamentell,,,,,,deler av lokaliteten,4616,TYSNES,46,Vestland,60.076633,5.467067,3,Karmøy til Sotra,
25,2021,45018,Ny-Hellaren,ikke-medikamentell,,,,,,deler av lokaliteten,1506,MOLDE,15,Møre og Romsdal,62.73923,6.768683,5,Stadt til Hustadvika,
25,2021,27055,Oddane,ikke-medikamentell,,,,,,deler av lokaliteten,4602,KINN,46,Vestland,61.540367,4.968933,4,Nordhordaland til Stadt,
25,2021,10136,Onarøy,ikke-medikamentell,,,,,,deler av lokaliteten,4616,TYSNES,46,Vestland,59.95335,5.669683,3,Karmøy til Sotra,
25,2021,17235,Ørnes,ikke-medikamentell,,,,,,deler av lokaliteten,1834,LURØY,18,Nordland,66.42008,13.018033,8,Helgeland til Bodø,
25,2021,33417,Persflua,ikke-medikamentell,,,,,,deler av lokaliteten,5057,ØRLAND,50,Trøndelag,63.91345,9.826433,6,Nordmøre og Sør-Trøndelag,
25,2021,13581,Ramstadholmen,medikamentell,fôrbehandling,Emamectin benzoat,,,,deler av lokaliteten,5060,NÆRØYSUND,50,Trøndelag,64.754814,11.246033,7,Nord-Trøndelag med Bindal,
25,2021,10893,Rensøya N,ikke-medikamentell,,,,,,deler av lokaliteten,1835,TRÆNA,18,Nordland,66.50412,12.07285,8,Helgeland til Bodø,
25,2021,12281,Rogne,medikamentell,fôrbehandling,Emamectin benzoat,,,,hele lokaliteten,1507,ÅLESUND,15,Møre og Romsdal,62.6695,6.356833,5,Stadt til Hustadvika,
25,2021,12209,Rønstad,ikke-medikamentell,,,,,,hele lokaliteten,1577,VOLDA,15,Møre og Romsdal,62.135117,6.021433,5,Stadt til Hustadvika,
25,2021,31677,Sandholmane,ikke-medikamentell,,,,,,hele lokaliteten,1547,AUKRA,15,Møre og Romsdal,62.79658,6.67125,5,Stadt til Hustadvika,
25,2021,13243,Sandvika,ikke-medikamentell,,,,,,hele lokaliteten,1577,VOLDA,15,Møre og Romsdal,62.195667,5.904417,5,Stadt til Hustadvika,
25,2021,10398,Seiskjæra,ikke-medikamentell,,,,,,hele lokaliteten,5058,ÅFJORD,50,Trøndelag,64.09268,10.11655,6,Nordmøre og Sør-Trøndelag,
25,2021,12108,Skorpo Nv,ikke-medikamentell,,,,,,deler av lokaliteten,4617,KVINNHERAD,46,Vestland,59.95323,5.827133,3,Karmøy til Sotra,
25,2021,18657,Skredstivik,ikke-medikamentell,,,,,,deler av lokaliteten,4637,HYLLESTAD,46,Vestland,61.15495,5.133333,4,Nordhordaland til Stadt,
25,2021,12712,Slokkholmen Ø,ikke-medikamentell,,,,,,hele lokaliteten,5052,LEKA,50,Trøndelag,65.03989,11.4847,7,Nord-Trøndelag med Bindal,
25,2021,13291,Soløya,medikamentell,fôrbehandling,Emamectin benzoat,,,,deler av lokaliteten,1859,FLAKSTAD,18,Nordland,68.00445,13.18255,9,Vestfjorden og Vesterålen,
25,2021,10311,Storlia,ikke-medikamentell,,,,,,deler av lokaliteten,4637,HYLLESTAD,46,Vestland,61.203133,5.193833,4,Nordhordaland til Stadt,
25,2021,31338,Storskjeret,ikke-medikamentell,,,,,,deler av lokaliteten,1576,AURE,15,Møre og Romsdal,63.27048,8.2298,6,Nordmøre og Sør-Trøndelag,
25,2021,11813,Svinøy V,ikke-medikamentell,,,,,,deler av lokaliteten,4646,FJALER,46,Vestland,61.30475,5.101317,4,Nordhordaland til Stadt,
25,2021,22955,Svollandsneset,medikamentell,badebehandling,Annet virkestoff,,,,hele lokaliteten,1160,VINDAFJORD,11,Rogaland,59.685184,5.58855,3,Karmøy til Sotra,
25,2021,22955,Svollandsneset,ikke-medikamentell,,,,,,deler av lokaliteten,1160,VINDAFJORD,11,Rogaland,59.685184,5.58855,3,Karmøy til Sotra,
25,2021,31497,Toska N,ikke-medikamentell,,,,,,hele lokaliteten,4631,ALVER,46,Vestland,60.66987,4.9172,4,Nordhordaland til Stadt,
25,2021,29336,Trælsøyosen,medikamentell,badebehandling,Azamethiphos,,,,deler av lokaliteten,4625,AUSTEVOLL,46,Vestland,60.1178,5.2702,3,Karmøy til Sotra,
25,2021,10147,Tungesvik,medikamentell,fôrbehandling,Emamectin benzoat,,,,hele lokaliteten,4611,ETNE,46,Vestland,59.741932,5.98095,3,Karmøy til Sotra,
25,2021,13562,Uføro,ikke-medikamentell,,,,,,hele lokaliteten,4614,STORD,46,Vestland,59.87835,5.526917,3,Karmøy til Sotra,
25,2021,34737,Ulvøyo,ikke-medikamentell,,,,,,hele lokaliteten,1106,HAUGESUND,11,Rogaland,59.432583,5.10645,3,Karmøy til Sotra,
25,2021,35517,Vadholmen,ikke-medikamentell,,,,,,deler av lokaliteten,4626,ØYGARDEN,46,Vestland,60.695,4.761117,4,Nordhordaland til Stadt,
25,2021,11925,Vintraviki,ikke-medikamentell,,,,,,deler av lokaliteten,1134,SULDAL,11,Rogaland,59.399384,6.020533,2,Ryfylke,
24,2021,12067,Aldalen,ikke-medikamentell,,,,,,hele lokaliteten,4624,BJØRNAFJORDEN,46,Vestland,60.24995,5.571917,3,Karmøy til Sotra,
24,2021,12982,Aldeøyna,ikke-medikamentell,,,,,,hele lokaliteten,4645,ASKVOLL,46,Vestland,61.31055,4.767783,4,Nordhordaland til Stadt,
24,2021,13845,Beitveit,ikke-medikamentell,,,,,,deler av lokaliteten,4649,STAD,46,Vestland,62.141335,5.3397,5,Stadt til Hustadvika,
24,2021,12095,Bergadalen,ikke-medikamentell,,,,,,hele lokaliteten,4622,KVAM,46,Vestland,60.1216,5.908883,3,Karmøy til Sotra,
24,2021,11930,Bjelkavik,ikke-medikamentell,,,,,,deler av lokaliteten,1134,SULDAL,11,Rogaland,59.45165,5.991917,2,Ryfylke,
24,2021,11015,Brattholmen,medikamentell,fôrbehandling,Emamectin benzoat,,,,hele lokaliteten,1818,HERØY I NORDLAND,18,Nordland,65.90735,12.220967,8,Helgeland til Bodø,
24,2021,11015,Brattholmen,medikamentell,fôrbehandling,Emamectin benzoat,,,,hele lokaliteten,1818,HERØY I NORDLAND,18,Nordland,65.90735,12.220967,8,Helgeland til Bodø,
24,2021,12237,Brudevika,ikke-medikamentell,,,,,,deler av lokaliteten,1511,VANYLVEN,15,Møre og Romsdal,62.116566,5.420717,5,Stadt til Hustadvika,
24,2021,37217,Dale,ikke-medikamentell,,,,,,hele lokaliteten,5402,HARSTAD,54,Troms og Finnmark,68.92503,16.3452,10,Andøya til Senja,
24,2021,14799,Djupestallen,ikke-medikamentell,,,,,,deler av lokaliteten,4616,TYSNES,46,Vestland,60.058968,5.452733,3,Karmøy til Sotra,
24,2021,20455,Djupevika,ikke-medikamentell,,,,,,deler av lokaliteten,4617,KVINNHERAD,46,Vestland,60.04095,6.009367,3,Karmøy til Sotra,
24,2021,29876,Flotaren,ikke-medikamentell,,,,,,deler av lokaliteten,5049,FLATANGER,50,Trøndelag,64.52398,10.761667,7,Nord-Trøndelag med Bindal,
24,2021,10747,Futnes,medikamentell,fôrbehandling,Emamectin benzoat,,,,deler av lokaliteten,5423,KARLSØY,54,Troms og Finnmark,69.95135,19.587732,11,Kvaløya til Loppa,
24,2021,11657,Gråvika,ikke-medikamentell,,,,,,deler av lokaliteten,4635,GULEN,46,Vestland,60.863083,4.935283,4,Nordhordaland til Stadt,
24,2021,24735,Gulholmen,ikke-medikamentell,,,,,,deler av lokaliteten,4624,BJØRNAFJORDEN,46,Vestland,60.1282,5.400467,3,Karmøy til Sotra,
24,2021,19995,Hagahammaren,ikke-medikamentell,,,,,,hele lokaliteten,1576,AURE,15,Møre og Romsdal,63.137917,8.0306,6,Nordmøre og Sør-Trøndelag,
24,2021,11318,Hallvardøy,medikamentell,badebehandling,Azamethiphos,,,,hele lokaliteten,1851,LØDINGEN,18,Nordland,68.37497,15.317333,9,Vestfjorden og Vesterålen,
24,2021,11920,Herøy,ikke-medikamentell,,,,,,deler av lokaliteten,1160,VINDAFJORD,11,Rogaland,59.46635,6.0258,2,Ryfylke,
24,2021,32417,Hjartholmosen,ikke-medikamentell,,,,,,hele lokaliteten,4625,AUSTEVOLL,46,Vestland,60.004616,5.227633,3,Karmøy til Sotra,
24,2021,25235,Humulen,ikke-medikamentell,,,,,,deler av lokaliteten,5060,NÆRØYSUND,50,Trøndelag,64.94605,11.372467,7,Nord-Trøndelag med Bindal,
24,2021,34397,Hyseneset,ikke-medikamentell,,,,,,deler av lokaliteten,4635,GULEN,46,Vestland,60.86,4.963083,4,Nordhordaland til Stadt,
24,2021,12260,Juvika,medikamentell,fôrbehandling,Emamectin benzoat,,,,deler av lokaliteten,1506,MOLDE,15,Møre og Romsdal,62.66477,6.696767,5,Stadt til Hustadvika,
24,2021,12215,Kleppeneset,medikamentell,fôrbehandling,Emamectin benzoat,,,,hele lokaliteten,4650,GLOPPEN,46,Vestland,61.785934,5.977233,4,Nordhordaland til Stadt,
24,2021,12980,Klubben,ikke-medikamentell,,,,,,deler av lokaliteten,4636,SOLUND,46,Vestland,61.17955,5.00315,4,Nordhordaland til Stadt,
24,2021,11534,Klungsholmen,ikke-medikamentell,,,,,,deler av lokaliteten,4613,BØMLO,46,Vestland,59.596783,5.161567,3,Karmøy til Sotra,
24,2021,13567,Knappen Solheim,ikke-medikamentell,,,,,,hele lokaliteten,4634,MASFJORDEN,46,Vestland,60.8852,5.462083,4,Nordhordaland til Stadt,
24,2021,11809,Krabbestig,medikamentell,fôrbehandling,Emamectin benzoat,,,,hele lokaliteten,4602,KINN,46,Vestland,61.894566,5.0616,4,Nordhordaland til Stadt,
24,2021,14040,Krigsholmen,ikke-medikamentell,,,,,,deler av lokaliteten,4625,AUSTEVOLL,46,Vestland,60.081383,5.124117,3,Karmøy til Sotra,
24,2021,10080,Laksevika,ikke-medikamentell,,,,,,deler av lokaliteten,4631,ALVER,46,Vestland,60.53015,5.11575,4,Nordhordaland til Stadt,
24,2021,10898,Lamholmen,medikamentell,fôrbehandling,Emamectin benzoat,,,,hele lokaliteten,1813,BRØNNØY,18,Nordland,65.47093,12.1338,8,Helgeland til Bodø,
24,2021,12993,Lamøya,ikke-medikamentell,,,,,,deler av lokaliteten,5014,FRØYA,50,Trøndelag,63.73305,8.854983,6,Nordmøre og Sør-Trøndelag,
24,2021,11791,Langeråa,ikke-medikamentell,,,,,,deler av lokaliteten,4602,KINN,46,Vestland,61.63405,4.86525,4,Nordhordaland til Stadt,
24,2021,26295,Langøy,ikke-medikamentell,,,,,,hele lokaliteten,4631,ALVER,46,Vestland,60.77947,5.16,4,Nordhordaland til Stadt,
24,2021,10990,Lille Åsvær,ikke-medikamentell,,,,,,hele lokaliteten,1827,DØNNA,18,Nordland,66.22887,12.312267,8,Helgeland til Bodø,
24,2021,28396,Lindarholmen,ikke-medikamentell,,,,,,deler av lokaliteten,4616,TYSNES,46,Vestland,60.083866,5.63925,3,Karmøy til Sotra,
24,2021,12212,Lindeneset,medikamentell,fôrbehandling,Emamectin benzoat,,,,hele lokaliteten,4650,GLOPPEN,46,Vestland,61.80282,5.979733,4,Nordhordaland til Stadt,
24,2021,45066,Lingaholmane,ikke-medikamentell,,,,,,deler av lokaliteten,4622,KVAM,46,Vestland,60.249382,6.05955,3,Karmøy til Sotra,
24,2021,14039,Litle Lunnøy,ikke-medikamentell,,,,,,deler av lokaliteten,4625,AUSTEVOLL,46,Vestland,60.02005,5.169533,3,Karmøy til Sotra,
24,2021,12633,Lyrnesset,ikke-medikamentell,,,,,,deler av lokaliteten,5049,FLATANGER,50,Trøndelag,64.5256,10.748133,7,Nord-Trøndelag med Bindal,
24,2021,13541,Midtflua,ikke-medikamentell,,,,,,deler av lokaliteten,4616,TYSNES,46,Vestland,60.076633,5.467067,3,Karmøy til Sotra,
24,2021,12047,Mjåneset,ikke-medikamentell,,,,,,deler av lokaliteten,4624,BJØRNAFJORDEN,46,Vestland,60.1763,5.7231,3,Karmøy til Sotra,
24,2021,15403,Olderøy,medikamentell,fôrbehandling,Emamectin benzoat,,,,deler av lokaliteten,4636,SOLUND,46,Vestland,61.10195,4.711383,4,Nordhordaland til Stadt,
24,2021,33417,Persflua,ikke-medikamentell,,,,,,deler av lokaliteten,5057,ØRLAND,50,Trøndelag,63.91345,9.826433,6,Nordmøre og Sør-Trøndelag,
24,2021,13581,Ramstadholmen,medikamentell,fôrbehandling,Emamectin benzoat,,,,hele lokaliteten,5060,NÆRØYSUND,50,Trøndelag,64.754814,11.246033,7,Nord-Trøndelag med Bindal,
24,2021,13249,Sagelva,medikamentell,fôrbehandling,Emamectin benzoat,,,,hele lokaliteten,1520,ØRSTA,15,Møre og Romsdal,62.33795,6.3815,5,Stadt til Hustadvika,
24,2021,10550,Skardbergvika,ikke-medikamentell,,,,,,hele lokaliteten,5414,GRATANGEN,54,Troms og Finnmark,68.728386,17.309683,10,Andøya til Senja,
24,2021,34117,Skåtholmen,ikke-medikamentell,,,,,,deler av lokaliteten,4624,BJØRNAFJORDEN,46,Vestland,60.17177,5.563633,3,Karmøy til Sotra,
24,2021,12108,Skorpo Nv,ikke-medikamentell,,,,,,deler av lokaliteten,4617,KVINNHERAD,46,Vestland,59.95323,5.827133,3,Karmøy til Sotra,
24,2021,30537,Steinflesa,ikke-medikamentell,,,,,,hele lokaliteten,5052,LEKA,50,Trøndelag,65.134834,11.515983,7,Nord-Trøndelag med Bindal,
24,2021,22335,Storvika,ikke-medikamentell,,,,,,deler av lokaliteten,1579,HUSTADVIKA,15,Møre og Romsdal,62.8021,6.977733,5,Stadt til Hustadvika,
24,2021,12081,Straumneset,ikke-medikamentell,,,,,,deler av lokaliteten,4618,ULLENSVANG,46,Vestland,60.221333,6.140133,3,Karmøy til Sotra,
24,2021,10309,Syrtangen,ikke-medikamentell,,,,,,deler av lokaliteten,4626,ØYGARDEN,46,Vestland,60.46773,4.968667,4,Nordhordaland til Stadt,
24,2021,31077,Tjukkeneset,medikamentell,fôrbehandling,Emamectin benzoat,,,,hele lokaliteten,1853,EVENES,18,Nordland,68.47487,17.303932,9,Vestfjorden og Vesterålen,
24,2021,29336,Trælsøyosen,ikke-medikamentell,,,,,,deler av lokaliteten,4625,AUSTEVOLL,46,Vestland,60.1178,5.2702,3,Karmøy til Sotra,
24,2021,10147,Tungesvik,medikamentell,fôrbehandling,Emamectin benzoat,,,,hele lokaliteten,4611,ETNE,46,Vestland,59.741932,5.98095,3,Karmøy til Sotra,
24,2021,11925,Vintraviki,ikke-medikamentell,,,,,,deler av lokaliteten,1134,SULDAL,11,Rogaland,59.399384,6.020533,2,Ryfylke,
24,2021,45003,Ystøya,medikamentell,fôrbehandling,Emamectin benzoat,,,,hele lokaliteten,1820,ALSTAHAUG,18,Nordland,65.772385,12.245183,8,Helgeland til Bodø,
24,2021,45032,Ytterflesa,ikke-medikamentell,,,,,,deler av lokaliteten,5060,NÆRØYSUND,50,Trøndelag,64.972984,11.443517,7,Nord-Trøndelag med Bindal,
23,2021,10331,Åkre,ikke-medikamentell,,,,,,deler av lokaliteten,4617,KVINNHERAD,46,Vestland,60.11283,6.044717,3,Karmøy til Sotra,
23,2021,11756,Allersholmen,ikke-medikamentell,,,,,,hele lokaliteten,4632,AUSTRHEIM,46,Vestland,60.774868,4.853533,4,Nordhordaland til Stadt,
23,2021,12086,Alsåkervik,ikke-medikamentell,,,,,,deler av lokaliteten,4617,KVINNHERAD,46,Vestland,59.759518,6.072883,3,Karmøy til Sotra,
23,2021,13563,Angelskår,ikke-medikamentell,,,,,,deler av lokaliteten,4630,OSTERØY,46,Vestland,60.523335,5.352617,4,Nordhordaland til Stadt,
23,2021,12988,Aukrasanden,ikke-medikamentell,,,,,,hele lokaliteten,1547,AUKRA,15,Møre og Romsdal,62.783417,6.92605,5,Stadt til Hustadvika,
23,2021,15796,Borgarliflot,ikke-medikamentell,,,,,,hele lokaliteten,1134,SULDAL,11,Rogaland,59.3892,5.924733,2,Ryfylke,
23,2021,11015,Brattholmen,medikamentell,fôrbehandling,Emamectin benzoat,,,,hele lokaliteten,1818,HERØY I NORDLAND,18,Nordland,65.90735,12.220967,8,Helgeland til Bodø,
23,2021,11015,Brattholmen,medikamentell,fôrbehandling,Emamectin benzoat,,,,hele lokaliteten,1818,HERØY I NORDLAND,18,Nordland,65.90735,12.220967,8,Helgeland til Bodø,
23,2021,36118,Bremnesøya,ikke-medikamentell,,,,,,hele lokaliteten,1870,SORTLAND,18,Nordland,68.82377,15.400217,9,Vestfjorden og Vesterålen,
23,2021,12466,Brettingen,ikke-medikamentell,,,,,,deler av lokaliteten,1573,SMØLA,15,Møre og Romsdal,63.3582,8.237267,6,Nordmøre og Sør-Trøndelag,
23,2021,14799,Djupestallen,medikamentell,badebehandling,Azamethiphos,,,,deler av lokaliteten,4616,TYSNES,46,Vestland,60.058968,5.452733,3,Karmøy til Sotra,
23,2021,14799,Djupestallen,ikke-medikamentell,,,,,,deler av lokaliteten,4616,TYSNES,46,Vestland,60.058968,5.452733,3,Karmøy til Sotra,
23,2021,20455,Djupevika,ikke-medikamentell,,,,,,deler av lokaliteten,4617,KVINNHERAD,46,Vestland,60.04095,6.009367,3,Karmøy til Sotra,
23,2021,30097,Djupvik,ikke-medikamentell,,,,,,deler av lokaliteten,1836,RØDØY,18,Nordland,66.73299,13.33115,8,Helgeland til Bodø,
23,2021,11198,Geiterøya I,medikamentell,badebehandling,Azamethiphos,,,,deler av lokaliteten,1860,VESTVÅGØY,18,Nordland,68.09026,13.735617,9,Vestfjorden og Vesterålen,
23,2021,11530,Gissøysundet S,ikke-medikamentell,,,,,,deler av lokaliteten,4613,BØMLO,46,Vestland,59.623585,5.160067,3,Karmøy til Sotra,
23,2021,11657,Gråvika,ikke-medikamentell,,,,,,deler av lokaliteten,4635,GULEN,46,Vestland,60.863083,4.935283,4,Nordhordaland til Stadt,
23,2021,24735,Gulholmen,medikamentell,badebehandling,Azamethiphos,,,,deler av lokaliteten,4624,BJØRNAFJORDEN,46,Vestland,60.1282,5.400467,3,Karmøy til Sotra,
23,2021,35197,Hjortøya,ikke-medikamentell,,,,,,deler av lokaliteten,5060,NÆRØYSUND,50,Trøndelag,64.9848,11.135467,7,Nord-Trøndelag med Bindal,
23,2021,30377,Hogsneset N,ikke-medikamentell,,,,,,hele lokaliteten,1554,AVERØY,15,Møre og Romsdal,63.099934,7.670267,6,Nordmøre og Sør-Trøndelag,
23,2021,12035,Hondskår,ikke-medikamentell,,,,,,hele lokaliteten,4617,KVINNHERAD,46,Vestland,60.10687,5.939133,3,Karmøy til Sotra,
23,2021,11665,Jibbersholmane,ikke-medikamentell,,,,,,deler av lokaliteten,4631,ALVER,46,Vestland,60.752533,4.884617,4,Nordhordaland til Stadt,
23,2021,10759,Karanes,ikke-medikamentell,,,,,,deler av lokaliteten,5423,KARLSØY,54,Troms og Finnmark,70.06638,19.305317,11,Kvaløya til Loppa,
23,2021,11652,Kjeppevikholmen,ikke-medikamentell,,,,,,deler av lokaliteten,4631,ALVER,46,Vestland,60.54283,5.0378,4,Nordhordaland til Stadt,
23,2021,12215,Kleppeneset,medikamentell,fôrbehandling,Emamectin benzoat,,,,hele lokaliteten,4650,GLOPPEN,46,Vestland,61.785934,5.977233,4,Nordhordaland til Stadt,
23,2021,13764,Kokvika,ikke-medikamentell,,,,,,deler av lokaliteten,1834,LURØY,18,Nordland,66.41282,12.956867,8,Helgeland til Bodø,
23,2021,11633,Krossholmen,medikamentell,badebehandling,Annet virkestoff,,,,hele lokaliteten,4613,BØMLO,46,Vestland,59.7879,5.100533,3,Karmøy til Sotra,
23,2021,11633,Krossholmen,ikke-medikamentell,,,,,,deler av lokaliteten,4613,BØMLO,46,Vestland,59.7879,5.100533,3,Karmøy til Sotra,
23,2021,11714,Kvernhusvika,medikamentell,fôrbehandling,Emamectin benzoat,,,,deler av lokaliteten,4636,SOLUND,46,Vestland,61.0675,4.94345,4,Nordhordaland til Stadt,
23,2021,20595,Kyrholmen S,ikke-medikamentell,,,,,,hele lokaliteten,4625,AUSTEVOLL,46,Vestland,60.161583,5.207633,3,Karmøy til Sotra,
23,2021,10080,Laksevika,ikke-medikamentell,,,,,,deler av lokaliteten,4631,ALVER,46,Vestland,60.53015,5.11575,4,Nordhordaland til Stadt,
23,2021,12993,Lamøya,ikke-medikamentell,,,,,,deler av lokaliteten,5014,FRØYA,50,Trøndelag,63.73305,8.854983,6,Nordmøre og Sør-Trøndelag,
23,2021,11791,Langeråa,ikke-medikamentell,,,,,,deler av lokaliteten,4602,KINN,46,Vestland,61.63405,4.86525,4,Nordhordaland til Stadt,
23,2021,12870,Leite,ikke-medikamentell,,,,,,deler av lokaliteten,1554,AVERØY,15,Møre og Romsdal,63.035984,7.678117,6,Nordmøre og Sør-Trøndelag,
23,2021,12212,Lindeneset,medikamentell,fôrbehandling,Emamectin benzoat,,,,hele lokaliteten,4650,GLOPPEN,46,Vestland,61.80282,5.979733,4,Nordhordaland til Stadt,
23,2021,14435,Ljøsøy N,ikke-medikamentell,,,,,,deler av lokaliteten,4626,ØYGARDEN,46,Vestland,60.565132,4.878417,4,Nordhordaland til Stadt,
23,2021,14043,Lybergsvika,ikke-medikamentell,,,,,,deler av lokaliteten,1539,RAUMA,15,Møre og Romsdal,62.64515,7.450533,5,Stadt til Hustadvika,
23,2021,13541,Midtflua,medikamentell,badebehandling,Azamethiphos,,,,deler av lokaliteten,4616,TYSNES,46,Vestland,60.076633,5.467067,3,Karmøy til Sotra,
23,2021,13541,Midtflua,ikke-medikamentell,,,,,,deler av lokaliteten,4616,TYSNES,46,Vestland,60.076633,5.467067,3,Karmøy til Sotra,
23,2021,24937,Nebbo,ikke-medikamentell,,,,,,deler av lokaliteten,4617,KVINNHERAD,46,Vestland,59.87075,5.725017,3,Karmøy til Sotra,
23,2021,15403,Olderøy,medikamentell,fôrbehandling,Emamectin benzoat,,,,deler av lokaliteten,4636,SOLUND,46,Vestland,61.10195,4.711383,4,Nordhordaland til Stadt,
23,2021,11738,Otterholmen,ikke-medikamentell,,,,,,deler av lokaliteten,4631,ALVER,46,Vestland,60.686417,4.908683,4,Nordhordaland til Stadt,
23,2021,13581,Ramstadholmen,medikamentell,fôrbehandling,Emamectin benzoat,,,,hele lokaliteten,5060,NÆRØYSUND,50,Trøndelag,64.754814,11.246033,7,Nord-Trøndelag med Bindal,
23,2021,12018,Rossholmen,ikke-medikamentell,,,,,,hele lokaliteten,4622,KVAM,46,Vestland,60.394684,6.274833,3,Karmøy til Sotra,
23,2021,13249,Sagelva,medikamentell,fôrbehandling,Emamectin benzoat,,,,hele lokaliteten,1520,ØRSTA,15,Møre og Romsdal,62.33795,6.3815,5,Stadt til Hustadvika,
23,2021,12108,Skorpo Nv,ikke-medikamentell,,,,,,deler av lokaliteten,4617,KVINNHERAD,46,Vestland,59.95323,5.827133,3,Karmøy til Sotra,
23,2021,13032,Sølvøyane,ikke-medikamentell,,,,,,deler av lokaliteten,4613,BØMLO,46,Vestland,59.609516,5.133367,3,Karmøy til Sotra,
23,2021,36099,Store Kobbøy,ikke-medikamentell,,,,,,deler av lokaliteten,5434,MÅSØY,54,Troms og Finnmark,70.91161,25.32495,12,Vest-Finnmark,
23,2021,22335,Storvika,ikke-medikamentell,,,,,,deler av lokaliteten,1579,HUSTADVIKA,15,Møre og Romsdal,62.8021,6.977733,5,Stadt til Hustadvika,
23,2021,12081,Straumneset,ikke-medikamentell,,,,,,hele lokaliteten,4618,ULLENSVANG,46,Vestland,60.221333,6.140133,3,Karmøy til Sotra,
23,2021,31077,Tjukkeneset,medikamentell,fôrbehandling,Emamectin benzoat,,,,hele lokaliteten,1853,EVENES,18,Nordland,68.47487,17.303932,9,Vestfjorden og Vesterålen,
23,2021,32717,Tranøya N,ikke-medikamentell,,,,,,hele lokaliteten,5057,ØRLAND,50,Trøndelag,63.87185,9.76985,6,Nordmøre og Sør-Trøndelag,
23,2021,10147,Tungesvik,medikamentell,fôrbehandling,Emamectin benzoat,,,,hele lokaliteten,4611,ETNE,46,Vestland,59.741932,5.98095,3,Karmøy til Sotra,
23,2021,13837,Verpeide,medikamentell,fôrbehandling,Emamectin benzoat,,,,deler av lokaliteten,4602,KINN,46,Vestland,61.902218,5.209233,4,Nordhordaland til Stadt,
22,2021,30977,Æsøya,medikamentell,badebehandling,Azamethiphos,,,,deler av lokaliteten,1860,VESTVÅGØY,18,Nordland,68.104866,13.790067,9,Vestfjorden og Vesterålen,
22,2021,28336,Breivika,ikke-medikamentell,,,,,,hele lokaliteten,1827,DØNNA,18,Nordland,66.1609,12.681467,8,Helgeland til Bodø,
22,2021,32897,Breivika S,ikke-medikamentell,,,,,,hele lokaliteten,1827,DØNNA,18,Nordland,66.1581,12.682017,8,Helgeland til Bodø,
22,2021,13841,Brunsvik,medikamentell,fôrbehandling,Emamectin benzoat,,,,hele lokaliteten,4602,KINN,46,Vestland,61.910183,5.29085,4,Nordhordaland til Stadt,
22,2021,13841,Brunsvik,medikamentell,fôrbehandling,Emamectin benzoat,,,,hele lokaliteten,4602,KINN,46,Vestland,61.910183,5.29085,4,Nordhordaland til Stadt,
22,2021,11543,Buholmen,ikke-medikamentell,,,,,,deler av lokaliteten,4625,AUSTEVOLL,46,Vestland,60.020466,5.080083,3,Karmøy til Sotra,
22,2021,20455,Djupevika,ikke-medikamentell,,,,,,deler av lokaliteten,4617,KVINNHERAD,46,Vestland,60.04095,6.009367,3,Karmøy til Sotra,
22,2021,11193,Gamskjæran,medikamentell,badebehandling,Azamethiphos,,,,hele lokaliteten,1860,VESTVÅGØY,18,Nordland,68.11055,13.74305,9,Vestfjorden og Vesterålen,
22,2021,34357,Gisløy Nø,ikke-medikamentell,,,,,,deler av lokaliteten,1868,ØKSNES,18,Nordland,68.970535,15.264783,9,Vestfjorden og Vesterålen,
22,2021,11530,Gissøysundet S,ikke-medikamentell,,,,,,deler av lokaliteten,4613,BØMLO,46,Vestland,59.623585,5.160067,3,Karmøy til Sotra,
22,2021,11657,Gråvika,ikke-medikamentell,,,,,,deler av lokaliteten,4635,GULEN,46,Vestland,60.863083,4.935283,4,Nordhordaland til Stadt,
22,2021,14035,Guleskjeret,ikke-medikamentell,,,,,,deler av lokaliteten,4636,SOLUND,46,Vestland,61.041134,4.79225,4,Nordhordaland til Stadt,
22,2021,24735,Gulholmen,medikamentell,badebehandling,Azamethiphos,,,,deler av lokaliteten,4624,BJØRNAFJORDEN,46,Vestland,60.1282,5.400467,3,Karmøy til Sotra,
22,2021,24735,Gulholmen,ikke-medikamentell,,,,,,deler av lokaliteten,4624,BJØRNAFJORDEN,46,Vestland,60.1282,5.400467,3,Karmøy til Sotra,
22,2021,16755,Hageberg,ikke-medikamentell,,,,,,deler av lokaliteten,4615,FITJAR,46,Vestland,59.944218,5.434733,3,Karmøy til Sotra,
22,2021,13592,Hammer,ikke-medikamentell,,,,,,deler av lokaliteten,1848,STEIGEN,18,Nordland,67.95877,15.171667,9,Vestfjorden og Vesterålen,
22,2021,13996,Hamnefjord,ikke-medikamentell,,,,,,deler av lokaliteten,5406,HAMMERFEST,54,Troms og Finnmark,70.56623,23.024616,12,Vest-Finnmark,
22,2021,12036,Hisdalen,medikamentell,fôrbehandling,Diflubenzuron,,,,hele lokaliteten,4617,KVINNHERAD,46,Vestland,60.126118,5.9305,3,Karmøy til Sotra,
22,2021,35197,Hjortøya,ikke-medikamentell,,,,,,deler av lokaliteten,5060,NÆRØYSUND,50,Trøndelag,64.9848,11.135467,7,Nord-Trøndelag med Bindal,
22,2021,32757,Horgefjorden,ikke-medikamentell,,,,,,deler av lokaliteten,4625,AUSTEVOLL,46,Vestland,60.100834,5.117067,3,Karmøy til Sotra,
22,2021,39437,Hovden,medikamentell,fôrbehandling,Emamectin benzoat,,,,hele lokaliteten,4602,KINN,46,Vestland,61.707684,4.911383,4,Nordhordaland til Stadt,
22,2021,39437,Hovden,medikamentell,fôrbehandling,Emamectin benzoat,,,,hele lokaliteten,4602,KINN,46,Vestland,61.707684,4.911383,4,Nordhordaland til Stadt,
22,2021,19939,Høysteinen,ikke-medikamentell,,,,,,deler av lokaliteten,4617,KVINNHERAD,46,Vestland,60.157417,6.050117,3,Karmøy til Sotra,
22,2021,25235,Humulen,ikke-medikamentell,,,,,,deler av lokaliteten,5060,NÆRØYSUND,50,Trøndelag,64.94605,11.372467,7,Nord-Trøndelag med Bindal,
22,2021,26495,Jevik,ikke-medikamentell,,,,,,deler av lokaliteten,1806,NARVIK,18,Nordland,68.412636,16.526934,9,Vestfjorden og Vesterålen,
22,2021,10087,Kalvøya N,medikamentell,fôrbehandling,Emamectin benzoat,,,,deler av lokaliteten,4645,ASKVOLL,46,Vestland,61.32,4.708333,4,Nordhordaland til Stadt,
22,2021,10759,Karanes,ikke-medikamentell,,,,,,deler av lokaliteten,5423,KARLSØY,54,Troms og Finnmark,70.06638,19.305317,11,Kvaløya til Loppa,
22,2021,32257,Kjøtta V,medikamentell,badebehandling,Azamethiphos,,,,deler av lokaliteten,5402,HARSTAD,54,Troms og Finnmark,68.8658,16.670218,10,Andøya til Senja,
22,2021,11534,Klungsholmen,ikke-medikamentell,,,,,,deler av lokaliteten,4613,BØMLO,46,Vestland,59.596783,5.161567,3,Karmøy til Sotra,
22,2021,45002,Korsvika,ikke-medikamentell,,,,,,deler av lokaliteten,1834,LURØY,18,Nordland,66.57847,12.691067,8,Helgeland til Bodø,
22,2021,18217,Kvaløy Ø,ikke-medikamentell,,,,,,deler av lokaliteten,1149,KARMØY,11,Rogaland,59.396633,5.171083,3,Karmøy til Sotra,
22,2021,19356,Kvalrosskjæret,ikke-medikamentell,,,,,,deler av lokaliteten,5049,FLATANGER,50,Trøndelag,64.5387,10.877383,7,Nord-Trøndelag med Bindal,
22,2021,11074,Kvalvika,medikamentell,fôrbehandling,Emamectin benzoat,,,,hele lokaliteten,1836,RØDØY,18,Nordland,66.66908,13.391633,8,Helgeland til Bodø,
22,2021,11714,Kvernhusvika,medikamentell,fôrbehandling,Emamectin benzoat,,,,deler av lokaliteten,4636,SOLUND,46,Vestland,61.0675,4.94345,4,Nordhordaland til Stadt,
22,2021,12993,Lamøya,ikke-medikamentell,,,,,,deler av lokaliteten,5014,FRØYA,50,Trøndelag,63.73305,8.854983,6,Nordmøre og Sør-Trøndelag,
22,2021,14435,Ljøsøy N,ikke-medikamentell,,,,,,deler av lokaliteten,4626,ØYGARDEN,46,Vestland,60.565132,4.878417,4,Nordhordaland til Stadt,
22,2021,13541,Midtflua,ikke-medikamentell,,,,,,deler av lokaliteten,4616,TYSNES,46,Vestland,60.076633,5.467067,3,Karmøy til Sotra,
22,2021,12047,Mjåneset,ikke-medikamentell,,,,,,hele lokaliteten,4624,BJØRNAFJORDEN,46,Vestland,60.1763,5.7231,3,Karmøy til Sotra,
22,2021,35897,Nye Hessvik,medikamentell,badebehandling,Annet virkestoff,,,,deler av lokaliteten,4618,ULLENSVANG,46,Vestland,60.130184,6.126617,3,Karmøy til Sotra,
22,2021,35897,Nye Hessvik,ikke-medikamentell,,,,,,deler av lokaliteten,4618,ULLENSVANG,46,Vestland,60.130184,6.126617,3,Karmøy til Sotra,
22,2021,15403,Olderøy,medikamentell,fôrbehandling,Emamectin benzoat,,,,deler av lokaliteten,4636,SOLUND,46,Vestland,61.10195,4.711383,4,Nordhordaland til Stadt,
22,2021,10136,Onarøy,ikke-medikamentell,,,,,,deler av lokaliteten,4616,TYSNES,46,Vestland,59.95335,5.669683,3,Karmøy til Sotra,
22,2021,17235,Ørnes,ikke-medikamentell,,,,,,deler av lokaliteten,1834,LURØY,18,Nordland,66.42008,13.018033,8,Helgeland til Bodø,
22,2021,31777,Reinvika,ikke-medikamentell,,,,,,deler av lokaliteten,1845,SØRFOLD,18,Nordland,67.60568,15.368483,9,Vestfjorden og Vesterålen,
22,2021,29276,Rongøy,medikamentell,badebehandling,Azamethiphos,,,,deler av lokaliteten,4626,ØYGARDEN,46,Vestland,60.509335,4.9317,4,Nordhordaland til Stadt,
22,2021,12018,Rossholmen,medikamentell,fôrbehandling,Diflubenzuron,,,,hele lokaliteten,4622,KVAM,46,Vestland,60.394684,6.274833,3,Karmøy til Sotra,
22,2021,12794,Rundklumpen,ikke-medikamentell,,,,,,deler av lokaliteten,5057,ØRLAND,50,Trøndelag,63.801315,9.607583,6,Nordmøre og Sør-Trøndelag,
22,2021,19855,Segelråa,ikke-medikamentell,,,,,,deler av lokaliteten,1576,AURE,15,Møre og Romsdal,63.149746,8.12855,6,Nordmøre og Sør-Trøndelag,
22,2021,34117,Skåtholmen,ikke-medikamentell,,,,,,deler av lokaliteten,4624,BJØRNAFJORDEN,46,Vestland,60.17177,5.563633,3,Karmøy til Sotra,
22,2021,11640,Skorpeosen,medikamentell,fôrbehandling,Emamectin benzoat,,,,hele lokaliteten,4626,ØYGARDEN,46,Vestland,60.332466,4.9421,3,Karmøy til Sotra,
22,2021,12108,Skorpo Nv,ikke-medikamentell,,,,,,deler av lokaliteten,4617,KVINNHERAD,46,Vestland,59.95323,5.827133,3,Karmøy til Sotra,
22,2021,18657,Skredstivik,ikke-medikamentell,,,,,,hele lokaliteten,4637,HYLLESTAD,46,Vestland,61.15495,5.133333,4,Nordhordaland til Stadt,
22,2021,35337,Småvær,ikke-medikamentell,,,,,,deler av lokaliteten,5401,TROMSØ,54,Troms og Finnmark,69.896866,18.486267,11,Kvaløya til Loppa,
22,2021,13032,Sølvøyane,ikke-medikamentell,,,,,,deler av lokaliteten,4613,BØMLO,46,Vestland,59.609516,5.133367,3,Karmøy til Sotra,
22,2021,10311,Storlia,ikke-medikamentell,,,,,,deler av lokaliteten,4637,HYLLESTAD,46,Vestland,61.203133,5.193833,4,Nordhordaland til Stadt,
22,2021,31338,Storskjeret,ikke-medikamentell,,,,,,deler av lokaliteten,1576,AURE,15,Møre og Romsdal,63.27048,8.2298,6,Nordmøre og Sør-Trøndelag,
22,2021,13566,Storskrebukti,medikamentell,badebehandling,Azamethiphos,,,,hele lokaliteten,4631,ALVER,46,Vestland,60.653732,5.4192,4,Nordhordaland til Stadt,
22,2021,13566,Storskrebukti,medikamentell,fôrbehandling,Emamectin benzoat,,,,hele lokaliteten,4631,ALVER,46,Vestland,60.653732,5.4192,4,Nordhordaland til Stadt,
22,2021,40118,Svindalen I,ikke-medikamentell,,,,,,deler av lokaliteten,1871,ANDØY,18,Nordland,68.92783,15.42875,9,Vestfjorden og Vesterålen,
22,2021,10309,Syrtangen,ikke-medikamentell,,,,,,deler av lokaliteten,4626,ØYGARDEN,46,Vestland,60.46773,4.968667,4,Nordhordaland til Stadt,
22,2021,35517,Vadholmen,ikke-medikamentell,,,,,,deler av lokaliteten,4626,ØYGARDEN,46,Vestland,60.695,4.761117,4,Nordhordaland til Stadt,
22,2021,10091,Vågsøya,ikke-medikamentell,,,,,,hele lokaliteten,4602,KINN,46,Vestland,61.490383,5.0247,4,Nordhordaland til Stadt,
22,2021,13837,Verpeide,medikamentell,fôrbehandling,Emamectin benzoat,,,,deler av lokaliteten,4602,KINN,46,Vestland,61.902218,5.209233,4,Nordhordaland til Stadt,
22,2021,29936,Ystadneset,ikke-medikamentell,,,,,,deler av lokaliteten,4617,KVINNHERAD,46,Vestland,59.977932,5.77565,3,Karmøy til Sotra,
21,2021,10331,Åkre,ikke-medikamentell,,,,,,deler av lokaliteten,4617,KVINNHERAD,46,Vestland,60.11283,6.044717,3,Karmøy til Sotra,
21,2021,10735,Årøya,ikke-medikamentell,,,,,,deler av lokaliteten,5424,LYNGEN,54,Troms og Finnmark,69.66327,20.314917,11,Kvaløya til Loppa,
21,2021,29016,Båfjordstranda,ikke-medikamentell,,,,,,deler av lokaliteten,5060,NÆRØYSUND,50,Trøndelag,64.964485,11.59435,7,Nord-Trøndelag med Bindal,
21,2021,12178,Bjønnspjotneset,medikamentell,fôrbehandling,Emamectin benzoat,,,,deler av lokaliteten,4638,HØYANGER,46,Vestland,61.098083,5.82545,4,Nordhordaland til Stadt,
21,2021,12625,Bjørgan,ikke-medikamentell,,,,,,hele lokaliteten,5049,FLATANGER,50,Trøndelag,64.59268,10.908333,7,Nord-Trøndelag med Bindal,
21,2021,12040,Brandaskuta,ikke-medikamentell,,,,,,hele lokaliteten,4617,KVINNHERAD,46,Vestland,59.975735,5.909183,3,Karmøy til Sotra,
21,2021,13841,Brunsvik,medikamentell,fôrbehandling,Emamectin benzoat,,,,hele lokaliteten,4602,KINN,46,Vestland,61.910183,5.29085,4,Nordhordaland til Stadt,
21,2021,13841,Brunsvik,medikamentell,fôrbehandling,Emamectin benzoat,,,,hele lokaliteten,4602,KINN,46,Vestland,61.910183,5.29085,4,Nordhordaland til Stadt,
21,2021,12361,Bukkholmen S,ikke-medikamentell,,,,,,deler av lokaliteten,5014,FRØYA,50,Trøndelag,63.72378,8.8621,6,Nordmøre og Sør-Trøndelag,
21,2021,21336,Djupeleget,ikke-medikamentell,,,,,,deler av lokaliteten,4638,HØYANGER,46,Vestland,61.16942,5.80735,4,Nordhordaland til Stadt,
21,2021,12109,Ebne,medikamentell,fôrbehandling,Teflubenzuron,,,,hele lokaliteten,4611,ETNE,46,Vestland,59.71443,5.8238,3,Karmøy til Sotra,
21,2021,12624,Feøyvika,ikke-medikamentell,,,,,,hele lokaliteten,5049,FLATANGER,50,Trøndelag,64.56032,10.919133,7,Nord-Trøndelag med Bindal,
21,2021,31398,Finnvik,ikke-medikamentell,,,,,,deler av lokaliteten,5401,TROMSØ,54,Troms og Finnmark,69.89297,18.807934,11,Kvaløya til Loppa,
21,2021,13058,Fusavika,medikamentell,fôrbehandling,Teflubenzuron,,,,deler av lokaliteten,4624,BJØRNAFJORDEN,46,Vestland,60.207733,5.613583,3,Karmøy til Sotra,
21,2021,11198,Geiterøya I,medikamentell,fôrbehandling,Emamectin benzoat,,,,hele lokaliteten,1860,VESTVÅGØY,18,Nordland,68.09026,13.735617,9,Vestfjorden og Vesterålen,
21,2021,11530,Gissøysundet S,medikamentell,badebehandling,Annet virkestoff,,,,hele lokaliteten,4613,BØMLO,46,Vestland,59.623585,5.160067,3,Karmøy til Sotra,
21,2021,11530,Gissøysundet S,ikke-medikamentell,,,,,,deler av lokaliteten,4613,BØMLO,46,Vestland,59.623585,5.160067,3,Karmøy til Sotra,
21,2021,12714,Gjerdinga,ikke-medikamentell,,,,,,deler av lokaliteten,5060,NÆRØYSUND,50,Trøndelag,64.9464,11.4623,7,Nord-Trøndelag med Bindal,
21,2021,13852,Gjermundnes,medikamentell,fôrbehandling,Emamectin benzoat,,,,deler av lokaliteten,1535,VESTNES,15,Møre og Romsdal,62.6275,7.192817,5,Stadt til Hustadvika,
21,2021,13852,Gjermundnes,medikamentell,fôrbehandling,Emamectin benzoat,,,,deler av lokaliteten,1535,VESTNES,15,Møre og Romsdal,62.6275,7.192817,5,Stadt til Hustadvika,
21,2021,22095,Hågardsneset,ikke-medikamentell,,,,,,hele lokaliteten,4617,KVINNHERAD,46,Vestland,59.9844,5.929967,3,Karmøy til Sotra,
21,2021,18639,Halsavika,ikke-medikamentell,,,,,,deler av lokaliteten,1146,TYSVÆR,11,Rogaland,59.39232,5.883333,2,Ryfylke,
21,2021,24035,Håvikvågen S,ikke-medikamentell,,,,,,hele lokaliteten,4624,BJØRNAFJORDEN,46,Vestland,60.170483,5.699283,3,Karmøy til Sotra,
21,2021,14136,Hestholmen Ø,medikamentell,fôrbehandling,Teflubenzuron,,,,hele lokaliteten,1144,KVITSØY,11,Rogaland,59.0585,5.445083,2,Ryfylke,
21,2021,10300,Hillersvik,medikamentell,fôrbehandling,Teflubenzuron,,,,hele lokaliteten,4612,SVEIO,46,Vestland,59.6084,5.311917,3,Karmøy til Sotra,
21,2021,12036,Hisdalen,medikamentell,fôrbehandling,Diflubenzuron,,,,hele lokaliteten,4617,KVINNHERAD,46,Vestland,60.126118,5.9305,3,Karmøy til Sotra,
21,2021,13931,Hjartøy Ø,ikke-medikamentell,,,,,,deler av lokaliteten,1848,STEIGEN,18,Nordland,67.6562,15.118567,9,Vestfjorden og Vesterålen,
21,2021,12871,Hogsnes,ikke-medikamentell,,,,,,hele lokaliteten,1554,AVERØY,15,Møre og Romsdal,63.093033,7.675883,6,Nordmøre og Sør-Trøndelag,
21,2021,11786,Høyvika,medikamentell,fôrbehandling,Emamectin benzoat,,,,hele lokaliteten,4645,ASKVOLL,46,Vestland,61.37475,4.965133,4,Nordhordaland til Stadt,
21,2021,25235,Humulen,ikke-medikamentell,,,,,,deler av lokaliteten,5060,NÆRØYSUND,50,Trøndelag,64.94605,11.372467,7,Nord-Trøndelag med Bindal,
21,2021,34397,Hyseneset,ikke-medikamentell,,,,,,deler av lokaliteten,4635,GULEN,46,Vestland,60.86,4.963083,4,Nordhordaland til Stadt,
21,2021,10087,Kalvøya N,medikamentell,fôrbehandling,Emamectin benzoat,,,,deler av lokaliteten,4645,ASKVOLL,46,Vestland,61.32,4.708333,4,Nordhordaland til Stadt,
21,2021,10087,Kalvøya N,medikamentell,fôrbehandling,Emamectin benzoat,,,,deler av lokaliteten,4645,ASKVOLL,46,Vestland,61.32,4.708333,4,Nordhordaland til Stadt,
21,2021,10087,Kalvøya N,medikamentell,fôrbehandling,Emamectin benzoat,,,,deler av lokaliteten,4645,ASKVOLL,46,Vestland,61.32,4.708333,4,Nordhordaland til Stadt,
21,2021,13764,Kokvika,ikke-medikamentell,,,,,,deler av lokaliteten,1834,LURØY,18,Nordland,66.41282,12.956867,8,Helgeland til Bodø,
21,2021,11074,Kvalvika,medikamentell,fôrbehandling,Emamectin benzoat,,,,hele lokaliteten,1836,RØDØY,18,Nordland,66.66908,13.391633,8,Helgeland til Bodø,
21,2021,12993,Lamøya,ikke-medikamentell,,,,,,deler av lokaliteten,5014,FRØYA,50,Trøndelag,63.73305,8.854983,6,Nordmøre og Sør-Trøndelag,
21,2021,19355,Låva,medikamentell,badebehandling,Annet virkestoff,,,,hele lokaliteten,1103,STAVANGER,11,Rogaland,59.2966,5.990283,2,Ryfylke,
21,2021,19355,Låva,ikke-medikamentell,,,,,,deler av lokaliteten,1103,STAVANGER,11,Rogaland,59.2966,5.990283,2,Ryfylke,
21,2021,12966,Lindvik,medikamentell,fôrbehandling,Emamectin benzoat,,,,deler av lokaliteten,1160,VINDAFJORD,11,Rogaland,59.474068,5.976433,2,Ryfylke,
21,2021,13876,Litletveitholane,ikke-medikamentell,,,,,,hele lokaliteten,4630,OSTERØY,46,Vestland,60.479782,5.443633,4,Nordhordaland til Stadt,
21,2021,10292,Lyklingholmen N,ikke-medikamentell,,,,,,deler av lokaliteten,4613,BØMLO,46,Vestland,59.713833,5.155467,3,Karmøy til Sotra,
21,2021,45004,Mulen,ikke-medikamentell,,,,,,hele lokaliteten,1848,STEIGEN,18,Nordland,67.66928,15.198867,9,Vestfjorden og Vesterålen,
21,2021,11611,Naveide,ikke-medikamentell,,,,,,deler av lokaliteten,4625,AUSTEVOLL,46,Vestland,60.1386,5.110533,3,Karmøy til Sotra,
21,2021,24937,Nebbo,ikke-medikamentell,,,,,,deler av lokaliteten,4617,KVINNHERAD,46,Vestland,59.87075,5.725017,3,Karmøy til Sotra,
21,2021,23816,Nordbotnet,ikke-medikamentell,,,,,,deler av lokaliteten,1828,NESNA,18,Nordland,66.25612,12.8942,8,Helgeland til Bodø,
21,2021,35897,Nye Hessvik,medikamentell,badebehandling,Annet virkestoff,,,,hele lokaliteten,4618,ULLENSVANG,46,Vestland,60.130184,6.126617,3,Karmøy til Sotra,
21,2021,35897,Nye Hessvik,ikke-medikamentell,,,,,,deler av lokaliteten,4618,ULLENSVANG,46,Vestland,60.130184,6.126617,3,Karmøy til Sotra,
21,2021,31697,Oksen,medikamentell,fôrbehandling,Emamectin benzoat,,,,hele lokaliteten,4626,ØYGARDEN,46,Vestland,60.43418,4.94065,3,Karmøy til Sotra,
21,2021,15403,Olderøy,medikamentell,fôrbehandling,Emamectin benzoat,,,,deler av lokaliteten,4636,SOLUND,46,Vestland,61.10195,4.711383,4,Nordhordaland til Stadt,
21,2021,12071,Ommundsteigen,medikamentell,badebehandling,Hydrogenperoksid,,,,deler av lokaliteten,1134,SULDAL,11,Rogaland,59.55078,6.5131,2,Ryfylke,
21,2021,10136,Onarøy,ikke-medikamentell,,,,,,deler av lokaliteten,4616,TYSNES,46,Vestland,59.95335,5.669683,3,Karmøy til Sotra,
21,2021,13345,Oterstegdalen,medikamentell,fôrbehandling,Teflubenzuron,,,,deler av lokaliteten,4624,BJØRNAFJORDEN,46,Vestland,60.23545,5.638267,3,Karmøy til Sotra,
21,2021,12018,Rossholmen,medikamentell,fôrbehandling,Diflubenzuron,,,,hele lokaliteten,4622,KVAM,46,Vestland,60.394684,6.274833,3,Karmøy til Sotra,
21,2021,12794,Rundklumpen,ikke-medikamentell,,,,,,deler av lokaliteten,5057,ØRLAND,50,Trøndelag,63.801315,9.607583,6,Nordmøre og Sør-Trøndelag,
21,2021,16015,Russelva,medikamentell,badebehandling,Azamethiphos,,,,hele lokaliteten,5428,NORDREISA,54,Troms og Finnmark,69.88975,20.769016,11,Kvaløya til Loppa,
21,2021,19855,Segelråa,ikke-medikamentell,,,,,,deler av lokaliteten,1576,AURE,15,Møre og Romsdal,63.149746,8.12855,6,Nordmøre og Sør-Trøndelag,
21,2021,12048,Skiftesneset N,ikke-medikamentell,,,,,,deler av lokaliteten,4624,BJØRNAFJORDEN,46,Vestland,60.0711,5.736867,3,Karmøy til Sotra,
21,2021,25896,Skorpo,ikke-medikamentell,,,,,,deler av lokaliteten,4616,TYSNES,46,Vestland,59.875767,5.638817,3,Karmøy til Sotra,
21,2021,12108,Skorpo Nv,ikke-medikamentell,,,,,,deler av lokaliteten,4617,KVINNHERAD,46,Vestland,59.95323,5.827133,3,Karmøy til Sotra,
21,2021,35337,Småvær,ikke-medikamentell,,,,,,deler av lokaliteten,5401,TROMSØ,54,Troms og Finnmark,69.896866,18.486267,11,Kvaløya til Loppa,
21,2021,13032,Sølvøyane,ikke-medikamentell,,,,,,deler av lokaliteten,4613,BØMLO,46,Vestland,59.609516,5.133367,3,Karmøy til Sotra,
21,2021,11525,Stille S,medikamentell,fôrbehandling,Emamectin benzoat,,,,hele lokaliteten,4625,AUSTEVOLL,46,Vestland,60.081635,5.144183,3,Karmøy til Sotra,
21,2021,11525,Stille S,medikamentell,fôrbehandling,Emamectin benzoat,,,,hele lokaliteten,4625,AUSTEVOLL,46,Vestland,60.081635,5.144183,3,Karmøy til Sotra,
21,2021,31338,Storskjeret,ikke-medikamentell,,,,,,deler av lokaliteten,1576,AURE,15,Møre og Romsdal,63.27048,8.2298,6,Nordmøre og Sør-Trøndelag,
21,2021,12081,Straumneset,ikke-medikamentell,,,,,,deler av lokaliteten,4618,ULLENSVANG,46,Vestland,60.221333,6.140133,3,Karmøy til Sotra,
21,2021,11312,Svartfjell,medikamentell,fôrbehandling,Emamectin benzoat,,,,hele lokaliteten,1848,STEIGEN,18,Nordland,67.93948,15.503168,9,Vestfjorden og Vesterålen,
21,2021,13644,Tepstad,ikke-medikamentell,,,,,,deler av lokaliteten,4630,OSTERØY,46,Vestland,60.553032,5.385317,4,Nordhordaland til Stadt,
21,2021,33677,Torvund,medikamentell,fôrbehandling,Emamectin benzoat,,,,hele lokaliteten,4638,HØYANGER,46,Vestland,61.14467,5.656367,4,Nordhordaland til Stadt,
21,2021,10332,Trommo,ikke-medikamentell,,,,,,deler av lokaliteten,4617,KVINNHERAD,46,Vestland,60.08243,6.080067,3,Karmøy til Sotra,
21,2021,24135,Utåker,medikamentell,fôrbehandling,Emamectin benzoat,,,,hele lokaliteten,4617,KVINNHERAD,46,Vestland,59.77833,5.9024,3,Karmøy til Sotra,
21,2021,24135,Utåker,medikamentell,fôrbehandling,Emamectin benzoat,,,,hele lokaliteten,4617,KVINNHERAD,46,Vestland,59.77833,5.9024,3,Karmøy til Sotra,
21,2021,35657,Varden,ikke-medikamentell,,,,,,deler av lokaliteten,5056,HITRA,50,Trøndelag,63.635715,9.186467,6,Nordmøre og Sør-Trøndelag,
21,2021,13837,Verpeide,medikamentell,fôrbehandling,Emamectin benzoat,,,,deler av lokaliteten,4602,KINN,46,Vestland,61.902218,5.209233,4,Nordhordaland til Stadt,
20,2021,12086,Alsåkervik,ikke-medikamentell,,,,,,hele lokaliteten,4617,KVINNHERAD,46,Vestland,59.759518,6.072883,3,Karmøy til Sotra,
20,2021,13563,Angelskår,ikke-medikamentell,,,,,,deler av lokaliteten,4630,OSTERØY,46,Vestland,60.523335,5.352617,4,Nordhordaland til Stadt,
20,2021,29816,Apalvikneset,medikamentell,badebehandling,Annet virkestoff,,,,deler av lokaliteten,4618,ULLENSVANG,46,Vestland,60.146217,6.121133,3,Karmøy til Sotra,
20,2021,29816,Apalvikneset,ikke-medikamentell,,,,,,deler av lokaliteten,4618,ULLENSVANG,46,Vestland,60.146217,6.121133,3,Karmøy til Sotra,
20,2021,12095,Bergadalen,medikamentell,fôrbehandling,Diflubenzuron,,,,hele lokaliteten,4622,KVAM,46,Vestland,60.1216,5.908883,3,Karmøy til Sotra,
20,2021,12178,Bjønnspjotneset,medikamentell,fôrbehandling,Emamectin benzoat,,,,deler av lokaliteten,4638,HØYANGER,46,Vestland,61.098083,5.82545,4,Nordhordaland til Stadt,
20,2021,22455,Bjørlykkestranda,medikamentell,fôrbehandling,Emamectin benzoat,,,,hele lokaliteten,1511,VANYLVEN,15,Møre og Romsdal,62.16655,5.5954,5,Stadt til Hustadvika,
20,2021,12156,Blom,ikke-medikamentell,,,,,,deler av lokaliteten,4630,OSTERØY,46,Vestland,60.436516,5.56465,4,Nordhordaland til Stadt,
20,2021,13284,Bollhaugen,ikke-medikamentell,,,,,,deler av lokaliteten,1827,DØNNA,18,Nordland,66.11311,12.487683,8,Helgeland til Bodø,
20,2021,12466,Brettingen,ikke-medikamentell,,,,,,deler av lokaliteten,1573,SMØLA,15,Møre og Romsdal,63.3582,8.237267,6,Nordmøre og Sør-Trøndelag,
20,2021,11543,Buholmen,ikke-medikamentell,,,,,,deler av lokaliteten,4625,AUSTEVOLL,46,Vestland,60.020466,5.080083,3,Karmøy til Sotra,
20,2021,14799,Djupestallen,ikke-medikamentell,,,,,,deler av lokaliteten,4616,TYSNES,46,Vestland,60.058968,5.452733,3,Karmøy til Sotra,
20,2021,20455,Djupevika,ikke-medikamentell,,,,,,deler av lokaliteten,4617,KVINNHERAD,46,Vestland,60.04095,6.009367,3,Karmøy til Sotra,
20,2021,12109,Ebne,medikamentell,fôrbehandling,Teflubenzuron,,,,hele lokaliteten,4611,ETNE,46,Vestland,59.71443,5.8238,3,Karmøy til Sotra,
20,2021,33077,Elveneset,medikamentell,fôrbehandling,Emamectin benzoat,,,,hele lokaliteten,4637,HYLLESTAD,46,Vestland,61.206,5.131733,4,Nordhordaland til Stadt,
20,2021,13058,Fusavika,medikamentell,fôrbehandling,Teflubenzuron,,,,deler av lokaliteten,4624,BJØRNAFJORDEN,46,Vestland,60.207733,5.613583,3,Karmøy til Sotra,
20,2021,13852,Gjermundnes,medikamentell,fôrbehandling,Emamectin benzoat,,,,deler av lokaliteten,1535,VESTNES,15,Møre og Romsdal,62.6275,7.192817,5,Stadt til Hustadvika,
20,2021,13852,Gjermundnes,medikamentell,fôrbehandling,Emamectin benzoat,,,,deler av lokaliteten,1535,VESTNES,15,Møre og Romsdal,62.6275,7.192817,5,Stadt til Hustadvika,
20,2021,14035,Guleskjeret,ikke-medikamentell,,,,,,deler av lokaliteten,4636,SOLUND,46,Vestland,61.041134,4.79225,4,Nordhordaland til Stadt,
20,2021,11740,Haverøy,medikamentell,fôrbehandling,Emamectin benzoat,,,,deler av lokaliteten,4626,ØYGARDEN,46,Vestland,60.404766,4.93995,3,Karmøy til Sotra,
20,2021,14136,Hestholmen Ø,medikamentell,fôrbehandling,Teflubenzuron,,,,hele lokaliteten,1144,KVITSØY,11,Rogaland,59.0585,5.445083,2,Ryfylke,
20,2021,12036,Hisdalen,medikamentell,fôrbehandling,Diflubenzuron,,,,hele lokaliteten,4617,KVINNHERAD,46,Vestland,60.126118,5.9305,3,Karmøy til Sotra,
20,2021,13931,Hjartøy Ø,ikke-medikamentell,,,,,,deler av lokaliteten,1848,STEIGEN,18,Nordland,67.6562,15.118567,9,Vestfjorden og Vesterålen,
20,2021,12035,Hondskår,medikamentell,fôrbehandling,Diflubenzuron,,,,hele lokaliteten,4617,KVINNHERAD,46,Vestland,60.10687,5.939133,3,Karmøy til Sotra,
20,2021,10518,Horsvågen,ikke-medikamentell,,,,,,deler av lokaliteten,1875,HAMARØY,18,Nordland,68.020935,15.302467,9,Vestfjorden og Vesterålen,
20,2021,19939,Høysteinen,ikke-medikamentell,,,,,,deler av lokaliteten,4617,KVINNHERAD,46,Vestland,60.157417,6.050117,3,Karmøy til Sotra,
20,2021,11786,Høyvika,medikamentell,fôrbehandling,Emamectin benzoat,,,,hele lokaliteten,4645,ASKVOLL,46,Vestland,61.37475,4.965133,4,Nordhordaland til Stadt,
20,2021,11665,Jibbersholmane,ikke-medikamentell,,,,,,deler av lokaliteten,4631,ALVER,46,Vestland,60.752533,4.884617,4,Nordhordaland til Stadt,
20,2021,30036,Jørstadskjera,medikamentell,badebehandling,Annet virkestoff,,,,deler av lokaliteten,1103,STAVANGER,11,Rogaland,59.2955,5.938617,2,Ryfylke,
20,2021,30036,Jørstadskjera,ikke-medikamentell,,,,,,deler av lokaliteten,1103,STAVANGER,11,Rogaland,59.2955,5.938617,2,Ryfylke,
20,2021,29576,Kalvik,ikke-medikamentell,,,,,,hele lokaliteten,1845,SØRFOLD,18,Nordland,67.51317,15.570433,9,Vestfjorden og Vesterålen,
20,2021,32257,Kjøtta V,medikamentell,fôrbehandling,Emamectin benzoat,,,,deler av lokaliteten,5402,HARSTAD,54,Troms og Finnmark,68.8658,16.670218,10,Andøya til Senja,
20,2021,32097,Korsneset 2,ikke-medikamentell,,,,,,deler av lokaliteten,5055,HEIM,50,Trøndelag,63.14123,8.21375,6,Nordmøre og Sør-Trøndelag,
20,2021,18217,Kvaløy Ø,ikke-medikamentell,,,,,,deler av lokaliteten,1149,KARMØY,11,Rogaland,59.396633,5.171083,3,Karmøy til Sotra,
20,2021,19356,Kvalrosskjæret,medikamentell,fôrbehandling,Emamectin benzoat,,,,deler av lokaliteten,5049,FLATANGER,50,Trøndelag,64.5387,10.877383,7,Nord-Trøndelag med Bindal,
20,2021,19356,Kvalrosskjæret,medikamentell,fôrbehandling,Emamectin benzoat,,,,deler av lokaliteten,5049,FLATANGER,50,Trøndelag,64.5387,10.877383,7,Nord-Trøndelag med Bindal,
20,2021,10080,Laksevika,medikamentell,badebehandling,Azamethiphos,,,,deler av lokaliteten,4631,ALVER,46,Vestland,60.53015,5.11575,4,Nordhordaland til Stadt,
20,2021,12993,Lamøya,ikke-medikamentell,,,,,,deler av lokaliteten,5014,FRØYA,50,Trøndelag,63.73305,8.854983,6,Nordmøre og Sør-Trøndelag,
20,2021,28396,Lindarholmen,ikke-medikamentell,,,,,,hele lokaliteten,4616,TYSNES,46,Vestland,60.083866,5.63925,3,Karmøy til Sotra,
20,2021,12966,Lindvik,medikamentell,fôrbehandling,Emamectin benzoat,,,,deler av lokaliteten,1160,VINDAFJORD,11,Rogaland,59.474068,5.976433,2,Ryfylke,
20,2021,45066,Lingaholmane,medikamentell,fôrbehandling,Diflubenzuron,,,,hele lokaliteten,4622,KVAM,46,Vestland,60.249382,6.05955,3,Karmøy til Sotra,
20,2021,33337,Lyngnes,ikke-medikamentell,,,,,,deler av lokaliteten,4624,BJØRNAFJORDEN,46,Vestland,60.119682,5.719817,3,Karmøy til Sotra,
20,2021,36117,Matvika,ikke-medikamentell,,,,,,hele lokaliteten,1845,SØRFOLD,18,Nordland,67.528,15.359683,9,Vestfjorden og Vesterålen,
20,2021,12047,Mjåneset,ikke-medikamentell,,,,,,deler av lokaliteten,4624,BJØRNAFJORDEN,46,Vestland,60.1763,5.7231,3,Karmøy til Sotra,
20,2021,27055,Oddane,ikke-medikamentell,,,,,,deler av lokaliteten,4602,KINN,46,Vestland,61.540367,4.968933,4,Nordhordaland til Stadt,
20,2021,30559,Øksneset,ikke-medikamentell,,,,,,deler av lokaliteten,4632,AUSTRHEIM,46,Vestland,60.81255,4.862317,4,Nordhordaland til Stadt,
20,2021,11205,Oterholmen I,ikke-medikamentell,,,,,,hele lokaliteten,1860,VESTVÅGØY,18,Nordland,68.092636,13.634483,9,Vestfjorden og Vesterålen,
20,2021,13345,Oterstegdalen,medikamentell,fôrbehandling,Teflubenzuron,,,,deler av lokaliteten,4624,BJØRNAFJORDEN,46,Vestland,60.23545,5.638267,3,Karmøy til Sotra,
20,2021,11738,Otterholmen,ikke-medikamentell,,,,,,deler av lokaliteten,4631,ALVER,46,Vestland,60.686417,4.908683,4,Nordhordaland til Stadt,
20,2021,10149,Rafdal,ikke-medikamentell,,,,,,deler av lokaliteten,4611,ETNE,46,Vestland,59.790016,6.175783,3,Karmøy til Sotra,
20,2021,33477,Reinsnesøya,medikamentell,badebehandling,Azamethiphos,,,,deler av lokaliteten,1870,SORTLAND,18,Nordland,68.772835,15.446583,9,Vestfjorden og Vesterålen,
20,2021,31777,Reinvika,ikke-medikamentell,,,,,,deler av lokaliteten,1845,SØRFOLD,18,Nordland,67.60568,15.368483,9,Vestfjorden og Vesterålen,
20,2021,12018,Rossholmen,medikamentell,fôrbehandling,Diflubenzuron,,,,hele lokaliteten,4622,KVAM,46,Vestland,60.394684,6.274833,3,Karmøy til Sotra,
20,2021,19855,Segelråa,ikke-medikamentell,,,,,,deler av lokaliteten,1576,AURE,15,Møre og Romsdal,63.149746,8.12855,6,Nordmøre og Sør-Trøndelag,
20,2021,11939,Smal Skar,ikke-medikamentell,,,,,,deler av lokaliteten,1103,STAVANGER,11,Rogaland,59.2051,5.966083,2,Ryfylke,
20,2021,10753,Strandmo,medikamentell,fôrbehandling,Emamectin benzoat,,,,deler av lokaliteten,5423,KARLSØY,54,Troms og Finnmark,69.88185,19.435083,11,Kvaløya til Loppa,
20,2021,11312,Svartfjell,medikamentell,fôrbehandling,Emamectin benzoat,,,,hele lokaliteten,1848,STEIGEN,18,Nordland,67.93948,15.503168,9,Vestfjorden og Vesterålen,
20,2021,21755,Tendalsvik,medikamentell,fôrbehandling,Emamectin benzoat,,,,deler av lokaliteten,4611,ETNE,46,Vestland,59.73605,5.884,3,Karmøy til Sotra,
20,2021,30236,Toppsund V,medikamentell,badebehandling,Azamethiphos,,,,hele lokaliteten,5402,HARSTAD,54,Troms og Finnmark,68.91164,16.2927,10,Andøya til Senja,
20,2021,33677,Torvund,medikamentell,fôrbehandling,Emamectin benzoat,,,,hele lokaliteten,4638,HØYANGER,46,Vestland,61.14467,5.656367,4,Nordhordaland til Stadt,
20,2021,10332,Trommo,ikke-medikamentell,,,,,,deler av lokaliteten,4617,KVINNHERAD,46,Vestland,60.08243,6.080067,3,Karmøy til Sotra,
20,2021,24135,Utåker,medikamentell,fôrbehandling,Emamectin benzoat,,,,deler av lokaliteten,4617,KVINNHERAD,46,Vestland,59.77833,5.9024,3,Karmøy til Sotra,
20,2021,24135,Utåker,medikamentell,fôrbehandling,Emamectin benzoat,,,,deler av lokaliteten,4617,KVINNHERAD,46,Vestland,59.77833,5.9024,3,Karmøy til Sotra,
20,2021,32337,Veiesund,ikke-medikamentell,,,,,,deler av lokaliteten,4602,KINN,46,Vestland,61.57187,5.047283,4,Nordhordaland til Stadt,
20,2021,11252,Vindhammeren,ikke-medikamentell,,,,,,hele lokaliteten,1867,BØ I NORDLAND,18,Nordland,68.78065,14.59325,9,Vestfjorden og Vesterålen,
20,2021,12839,Vindsnes,ikke-medikamentell,,,,,,hele lokaliteten,1578,FJORD,15,Møre og Romsdal,62.28533,7.2802,5,Stadt til Hustadvika,
19,2021,30977,Æsøya,medikamentell,badebehandling,Azamethiphos,,,,deler av lokaliteten,1860,VESTVÅGØY,18,Nordland,68.104866,13.790067,9,Vestfjorden og Vesterålen,
19,2021,12067,Aldalen,medikamentell,fôrbehandling,Teflubenzuron,,,,hele lokaliteten,4624,BJØRNAFJORDEN,46,Vestland,60.24995,5.571917,3,Karmøy til Sotra,
19,2021,13227,Altaneset,medikamentell,fôrbehandling,Teflubenzuron,,,,deler av lokaliteten,4624,BJØRNAFJORDEN,46,Vestland,60.24815,5.6368,3,Karmøy til Sotra,
19,2021,13563,Angelskår,ikke-medikamentell,,,,,,deler av lokaliteten,4630,OSTERØY,46,Vestland,60.523335,5.352617,4,Nordhordaland til Stadt,
19,2021,35797,Årsetfjorden,ikke-medikamentell,,,,,,deler av lokaliteten,5060,NÆRØYSUND,50,Trøndelag,65.00819,11.746417,7,Nord-Trøndelag med Bindal,
19,2021,12095,Bergadalen,medikamentell,fôrbehandling,Diflubenzuron,,,,hele lokaliteten,4622,KVAM,46,Vestland,60.1216,5.908883,3,Karmøy til Sotra,
19,2021,22455,Bjørlykkestranda,medikamentell,fôrbehandling,Emamectin benzoat,,,,hele lokaliteten,1511,VANYLVEN,15,Møre og Romsdal,62.16655,5.5954,5,Stadt til Hustadvika,
19,2021,11340,Bjørnstein,medikamentell,badebehandling,Azamethiphos,,,,deler av lokaliteten,5413,IBESTAD,54,Troms og Finnmark,68.886185,17.109217,10,Andøya til Senja,
19,2021,12156,Blom,ikke-medikamentell,,,,,,deler av lokaliteten,4630,OSTERØY,46,Vestland,60.436516,5.56465,4,Nordhordaland til Stadt,
19,2021,20455,Djupevika,ikke-medikamentell,,,,,,deler av lokaliteten,4617,KVINNHERAD,46,Vestland,60.04095,6.009367,3,Karmøy til Sotra,
19,2021,33077,Elveneset,medikamentell,fôrbehandling,Emamectin benzoat,,,,hele lokaliteten,4637,HYLLESTAD,46,Vestland,61.206,5.131733,4,Nordhordaland til Stadt,
19,2021,13058,Fusavika,medikamentell,fôrbehandling,Teflubenzuron,,,,deler av lokaliteten,4624,BJØRNAFJORDEN,46,Vestland,60.207733,5.613583,3,Karmøy til Sotra,
19,2021,13852,Gjermundnes,ikke-medikamentell,,,,,,deler av lokaliteten,1535,VESTNES,15,Møre og Romsdal,62.6275,7.192817,5,Stadt til Hustadvika,
19,2021,34677,Hestøya,ikke-medikamentell,,,,,,hele lokaliteten,1573,SMØLA,15,Møre og Romsdal,63.3095,8.115567,6,Nordmøre og Sør-Trøndelag,
19,2021,12035,Hondskår,medikamentell,fôrbehandling,Diflubenzuron,,,,hele lokaliteten,4617,KVINNHERAD,46,Vestland,60.10687,5.939133,3,Karmøy til Sotra,
19,2021,10518,Horsvågen,ikke-medikamentell,,,,,,deler av lokaliteten,1875,HAMARØY,18,Nordland,68.020935,15.302467,9,Vestfjorden og Vesterålen,
19,2021,14245,Jakobsteinsvika,ikke-medikamentell,,,,,,deler av lokaliteten,5052,LEKA,50,Trøndelag,65.11265,11.792867,7,Nord-Trøndelag med Bindal,
19,2021,30036,Jørstadskjera,ikke-medikamentell,,,,,,deler av lokaliteten,1103,STAVANGER,11,Rogaland,59.2955,5.938617,2,Ryfylke,
19,2021,24455,Klavelandet,ikke-medikamentell,,,,,,deler av lokaliteten,4602,KINN,46,Vestland,61.60395,5.186533,4,Nordhordaland til Stadt,
19,2021,13764,Kokvika,ikke-medikamentell,,,,,,deler av lokaliteten,1834,LURØY,18,Nordland,66.41282,12.956867,8,Helgeland til Bodø,
19,2021,32097,Korsneset 2,ikke-medikamentell,,,,,,deler av lokaliteten,5055,HEIM,50,Trøndelag,63.14123,8.21375,6,Nordmøre og Sør-Trøndelag,
19,2021,11719,Kråkenes,medikamentell,badebehandling,Azamethiphos,,,,deler av lokaliteten,4636,SOLUND,46,Vestland,61.05835,4.921317,4,Nordhordaland til Stadt,
19,2021,18217,Kvaløy Ø,ikke-medikamentell,,,,,,deler av lokaliteten,1149,KARMØY,11,Rogaland,59.396633,5.171083,3,Karmøy til Sotra,
19,2021,19356,Kvalrosskjæret,medikamentell,fôrbehandling,Emamectin benzoat,,,,deler av lokaliteten,5049,FLATANGER,50,Trøndelag,64.5387,10.877383,7,Nord-Trøndelag med Bindal,
19,2021,35777,Kvitskjæret,ikke-medikamentell,,,,,,hele lokaliteten,1818,HERØY I NORDLAND,18,Nordland,66.1008,12.157333,8,Helgeland til Bodø,
19,2021,26295,Langøy,medikamentell,fôrbehandling,Diflubenzuron,,,,hele lokaliteten,4631,ALVER,46,Vestland,60.77947,5.16,4,Nordhordaland til Stadt,
19,2021,26295,Langøy,ikke-medikamentell,,,,,,deler av lokaliteten,4631,ALVER,46,Vestland,60.77947,5.16,4,Nordhordaland til Stadt,
19,2021,13699,Leirvika,ikke-medikamentell,,,,,,hele lokaliteten,4634,MASFJORDEN,46,Vestland,60.74215,5.344317,4,Nordhordaland til Stadt,
19,2021,10990,Lille Åsvær,ikke-medikamentell,,,,,,deler av lokaliteten,1827,DØNNA,18,Nordland,66.22887,12.312267,8,Helgeland til Bodø,
19,2021,12966,Lindvik,medikamentell,fôrbehandling,Emamectin benzoat,,,,deler av lokaliteten,1160,VINDAFJORD,11,Rogaland,59.474068,5.976433,2,Ryfylke,
19,2021,45066,Lingaholmane,medikamentell,fôrbehandling,Diflubenzuron,,,,hele lokaliteten,4622,KVAM,46,Vestland,60.249382,6.05955,3,Karmøy til Sotra,
19,2021,14435,Ljøsøy N,medikamentell,fôrbehandling,Emamectin benzoat,,,,hele lokaliteten,4626,ØYGARDEN,46,Vestland,60.565132,4.878417,4,Nordhordaland til Stadt,
19,2021,12978,Lyngholmen,ikke-medikamentell,,,,,,deler av lokaliteten,4635,GULEN,46,Vestland,61.016933,5.007033,4,Nordhordaland til Stadt,
19,2021,33337,Lyngnes,ikke-medikamentell,,,,,,deler av lokaliteten,4624,BJØRNAFJORDEN,46,Vestland,60.119682,5.719817,3,Karmøy til Sotra,
19,2021,13541,Midtflua,ikke-medikamentell,,,,,,deler av lokaliteten,4616,TYSNES,46,Vestland,60.076633,5.467067,3,Karmøy til Sotra,
19,2021,13345,Oterstegdalen,medikamentell,fôrbehandling,Teflubenzuron,,,,deler av lokaliteten,4624,BJØRNAFJORDEN,46,Vestland,60.23545,5.638267,3,Karmøy til Sotra,
19,2021,13554,Overåneset,ikke-medikamentell,,,,,,hele lokaliteten,1525,STRANDA,15,Møre og Romsdal,62.294285,7.12155,5,Stadt til Hustadvika,
19,2021,10149,Rafdal,ikke-medikamentell,,,,,,deler av lokaliteten,4611,ETNE,46,Vestland,59.790016,6.175783,3,Karmøy til Sotra,
19,2021,14795,Rinøyvåg Ø,medikamentell,badebehandling,Azamethiphos,,,,hele lokaliteten,1851,LØDINGEN,18,Nordland,68.3779,15.767883,9,Vestfjorden og Vesterålen,
19,2021,12794,Rundklumpen,ikke-medikamentell,,,,,,deler av lokaliteten,5057,ØRLAND,50,Trøndelag,63.801315,9.607583,6,Nordmøre og Sør-Trøndelag,
19,2021,19855,Segelråa,ikke-medikamentell,,,,,,deler av lokaliteten,1576,AURE,15,Møre og Romsdal,63.149746,8.12855,6,Nordmøre og Sør-Trøndelag,
19,2021,30877,Sessøya,ikke-medikamentell,,,,,,deler av lokaliteten,5401,TROMSØ,54,Troms og Finnmark,69.7467,18.24865,11,Kvaløya til Loppa,
19,2021,21795,Skarvhausen,ikke-medikamentell,,,,,,hele lokaliteten,1851,LØDINGEN,18,Nordland,68.339714,15.38435,9,Vestfjorden og Vesterålen,
19,2021,12048,Skiftesneset N,ikke-medikamentell,,,,,,deler av lokaliteten,4624,BJØRNAFJORDEN,46,Vestland,60.0711,5.736867,3,Karmøy til Sotra,
19,2021,39657,Skipperdalsneset,ikke-medikamentell,,,,,,deler av lokaliteten,4648,BREMANGER,46,Vestland,61.80602,5.0683,4,Nordhordaland til Stadt,
19,2021,12712,Slokkholmen Ø,ikke-medikamentell,,,,,,deler av lokaliteten,5052,LEKA,50,Trøndelag,65.03989,11.4847,7,Nord-Trøndelag med Bindal,
19,2021,30537,Steinflesa,ikke-medikamentell,,,,,,deler av lokaliteten,5052,LEKA,50,Trøndelag,65.134834,11.515983,7,Nord-Trøndelag med Bindal,
19,2021,22335,Storvika,ikke-medikamentell,,,,,,hele lokaliteten,1579,HUSTADVIKA,15,Møre og Romsdal,62.8021,6.977733,5,Stadt til Hustadvika,
19,2021,12081,Straumneset,ikke-medikamentell,,,,,,deler av lokaliteten,4618,ULLENSVANG,46,Vestland,60.221333,6.140133,3,Karmøy til Sotra,
19,2021,10309,Syrtangen,medikamentell,fôrbehandling,Emamectin benzoat,,,,deler av lokaliteten,4626,ØYGARDEN,46,Vestland,60.46773,4.968667,4,Nordhordaland til Stadt,
19,2021,13644,Tepstad,ikke-medikamentell,,,,,,deler av lokaliteten,4630,OSTERØY,46,Vestland,60.553032,5.385317,4,Nordhordaland til Stadt,
19,2021,35517,Vadholmen,ikke-medikamentell,,,,,,deler av lokaliteten,4626,ØYGARDEN,46,Vestland,60.695,4.761117,4,Nordhordaland til Stadt,
19,2021,11338,Ytre Stræte,medikamentell,badebehandling,Azamethiphos,,,,hele lokaliteten,5412,TJELDSUND,54,Troms og Finnmark,68.71948,17.138817,10,Andøya til Senja,
18,2021,12067,Aldalen,medikamentell,fôrbehandling,Teflubenzuron,,,,hele lokaliteten,4624,BJØRNAFJORDEN,46,Vestland,60.24995,5.571917,3,Karmøy til Sotra,
18,2021,11756,Allersholmen,medikamentell,badebehandling,Azamethiphos,,,,hele lokaliteten,4632,AUSTRHEIM,46,Vestland,60.774868,4.853533,4,Nordhordaland til Stadt,
18,2021,13563,Angelskår,ikke-medikamentell,,,,,,deler av lokaliteten,4630,OSTERØY,46,Vestland,60.523335,5.352617,4,Nordhordaland til Stadt,
18,2021,12095,Bergadalen,medikamentell,fôrbehandling,Diflubenzuron,,,,hele lokaliteten,4622,KVAM,46,Vestland,60.1216,5.908883,3,Karmøy til Sotra,
18,2021,10757,Dåvøya,medikamentell,badebehandling,Deltamethrin,,,,hele lokaliteten,5423,KARLSØY,54,Troms og Finnmark,70.0722,19.341066,11,Kvaløya til Loppa,
18,2021,11644,Duesund,ikke-medikamentell,,,,,,hele lokaliteten,4634,MASFJORDEN,46,Vestland,60.807835,5.2946,4,Nordhordaland til Stadt,
18,2021,35877,Eiterfjorden,ikke-medikamentell,,,,,,deler av lokaliteten,5060,NÆRØYSUND,50,Trøndelag,64.971634,11.723933,7,Nord-Trøndelag med Bindal,
18,2021,10229,Fætten,ikke-medikamentell,,,,,,deler av lokaliteten,5055,HEIM,50,Trøndelag,63.144585,8.459567,6,Nordmøre og Sør-Trøndelag,
18,2021,13058,Fusavika,medikamentell,fôrbehandling,Teflubenzuron,,,,deler av lokaliteten,4624,BJØRNAFJORDEN,46,Vestland,60.207733,5.613583,3,Karmøy til Sotra,
18,2021,24735,Gulholmen,ikke-medikamentell,,,,,,hele lokaliteten,4624,BJØRNAFJORDEN,46,Vestland,60.1282,5.400467,3,Karmøy til Sotra,
18,2021,18639,Halsavika,medikamentell,fôrbehandling,Emamectin benzoat,,,,deler av lokaliteten,1146,TYSVÆR,11,Rogaland,59.39232,5.883333,2,Ryfylke,
18,2021,10291,Hiskholmen,ikke-medikamentell,,,,,,hele lokaliteten,4613,BØMLO,46,Vestland,59.72585,5.144717,3,Karmøy til Sotra,
18,2021,12035,Hondskår,medikamentell,fôrbehandling,Diflubenzuron,,,,hele lokaliteten,4617,KVINNHERAD,46,Vestland,60.10687,5.939133,3,Karmøy til Sotra,
18,2021,25235,Humulen,ikke-medikamentell,,,,,,deler av lokaliteten,5060,NÆRØYSUND,50,Trøndelag,64.94605,11.372467,7,Nord-Trøndelag med Bindal,
18,2021,34397,Hyseneset,ikke-medikamentell,,,,,,deler av lokaliteten,4635,GULEN,46,Vestland,60.86,4.963083,4,Nordhordaland til Stadt,
18,2021,11652,Kjeppevikholmen,ikke-medikamentell,,,,,,hele lokaliteten,4631,ALVER,46,Vestland,60.54283,5.0378,4,Nordhordaland til Stadt,
18,2021,11689,Kjerringneset,ikke-medikamentell,,,,,,deler av lokaliteten,4635,GULEN,46,Vestland,60.960182,5.106783,4,Nordhordaland til Stadt,
18,2021,13764,Kokvika,ikke-medikamentell,,,,,,deler av lokaliteten,1834,LURØY,18,Nordland,66.41282,12.956867,8,Helgeland til Bodø,
18,2021,12239,Kråknes,ikke-medikamentell,,,,,,deler av lokaliteten,1547,AUKRA,15,Møre og Romsdal,62.83145,6.962733,5,Stadt til Hustadvika,
18,2021,26295,Langøy,medikamentell,fôrbehandling,Diflubenzuron,,,,hele lokaliteten,4631,ALVER,46,Vestland,60.77947,5.16,4,Nordhordaland til Stadt,
18,2021,14086,Lelandsholmen,ikke-medikamentell,,,,,,hele lokaliteten,4613,BØMLO,46,Vestland,59.72855,5.152383,3,Karmøy til Sotra,
18,2021,10990,Lille Åsvær,ikke-medikamentell,,,,,,deler av lokaliteten,1827,DØNNA,18,Nordland,66.22887,12.312267,8,Helgeland til Bodø,
18,2021,45066,Lingaholmane,medikamentell,fôrbehandling,Diflubenzuron,,,,hele lokaliteten,4622,KVAM,46,Vestland,60.249382,6.05955,3,Karmøy til Sotra,
18,2021,14435,Ljøsøy N,medikamentell,fôrbehandling,Emamectin benzoat,,,,hele lokaliteten,4626,ØYGARDEN,46,Vestland,60.565132,4.878417,4,Nordhordaland til Stadt,
18,2021,12047,Mjåneset,ikke-medikamentell,,,,,,deler av lokaliteten,4624,BJØRNAFJORDEN,46,Vestland,60.1763,5.7231,3,Karmøy til Sotra,
18,2021,30157,Movik,ikke-medikamentell,,,,,,hele lokaliteten,1845,SØRFOLD,18,Nordland,67.63265,15.26325,9,Vestfjorden og Vesterålen,
18,2021,11129,Nordfugløy,ikke-medikamentell,,,,,,deler av lokaliteten,1838,GILDESKÅL,18,Nordland,67.083916,13.85685,8,Helgeland til Bodø,
18,2021,10136,Onarøy,ikke-medikamentell,,,,,,deler av lokaliteten,4616,TYSNES,46,Vestland,59.95335,5.669683,3,Karmøy til Sotra,
18,2021,13345,Oterstegdalen,medikamentell,fôrbehandling,Teflubenzuron,,,,deler av lokaliteten,4624,BJØRNAFJORDEN,46,Vestland,60.23545,5.638267,3,Karmøy til Sotra,
18,2021,10149,Rafdal,ikke-medikamentell,,,,,,deler av lokaliteten,4611,ETNE,46,Vestland,59.790016,6.175783,3,Karmøy til Sotra,
18,2021,11964,Ringja,medikamentell,fôrbehandling,Emamectin benzoat,,,,deler av lokaliteten,1146,TYSVÆR,11,Rogaland,59.405468,5.8631,2,Ryfylke,
18,2021,11964,Ringja,medikamentell,fôrbehandling,Emamectin benzoat,,,,deler av lokaliteten,1146,TYSVÆR,11,Rogaland,59.405468,5.8631,2,Ryfylke,
18,2021,21495,Risværgalten,ikke-medikamentell,,,,,,deler av lokaliteten,5060,NÆRØYSUND,50,Trøndelag,64.96537,11.532783,7,Nord-Trøndelag med Bindal,
18,2021,12794,Rundklumpen,ikke-medikamentell,,,,,,deler av lokaliteten,5057,ØRLAND,50,Trøndelag,63.801315,9.607583,6,Nordmøre og Sør-Trøndelag,
18,2021,30877,Sessøya,ikke-medikamentell,,,,,,deler av lokaliteten,5401,TROMSØ,54,Troms og Finnmark,69.7467,18.24865,11,Kvaløya til Loppa,
18,2021,18898,Skaftå,ikke-medikamentell,,,,,,deler av lokaliteten,4630,OSTERØY,46,Vestland,60.4557,5.626183,4,Nordhordaland til Stadt,
18,2021,39657,Skipperdalsneset,ikke-medikamentell,,,,,,deler av lokaliteten,4648,BREMANGER,46,Vestland,61.80602,5.0683,4,Nordhordaland til Stadt,
18,2021,12108,Skorpo Nv,ikke-medikamentell,,,,,,deler av lokaliteten,4617,KVINNHERAD,46,Vestland,59.95323,5.827133,3,Karmøy til Sotra,
18,2021,38577,Skreda,ikke-medikamentell,,,,,,deler av lokaliteten,4636,SOLUND,46,Vestland,61.14635,5.08115,4,Nordhordaland til Stadt,
18,2021,12712,Slokkholmen Ø,ikke-medikamentell,,,,,,deler av lokaliteten,5052,LEKA,50,Trøndelag,65.03989,11.4847,7,Nord-Trøndelag med Bindal,
18,2021,13032,Sølvøyane,ikke-medikamentell,,,,,,deler av lokaliteten,4613,BØMLO,46,Vestland,59.609516,5.133367,3,Karmøy til Sotra,
18,2021,22335,Storvika,ikke-medikamentell,,,,,,deler av lokaliteten,1579,HUSTADVIKA,15,Møre og Romsdal,62.8021,6.977733,5,Stadt til Hustadvika,
18,2021,11813,Svinøy V,ikke-medikamentell,,,,,,deler av lokaliteten,4646,FJALER,46,Vestland,61.30475,5.101317,4,Nordhordaland til Stadt,
18,2021,10309,Syrtangen,medikamentell,fôrbehandling,Emamectin benzoat,,,,deler av lokaliteten,4626,ØYGARDEN,46,Vestland,60.46773,4.968667,4,Nordhordaland til Stadt,
18,2021,26575,Teigane,medikamentell,badebehandling,Azamethiphos,,,,deler av lokaliteten,1134,SULDAL,11,Rogaland,59.520332,6.337233,2,Ryfylke,
18,2021,13644,Tepstad,ikke-medikamentell,,,,,,deler av lokaliteten,4630,OSTERØY,46,Vestland,60.553032,5.385317,4,Nordhordaland til Stadt,
18,2021,32717,Tranøya N,ikke-medikamentell,,,,,,deler av lokaliteten,5057,ØRLAND,50,Trøndelag,63.87185,9.76985,6,Nordmøre og Sør-Trøndelag,
18,2021,10332,Trommo,ikke-medikamentell,,,,,,deler av lokaliteten,4617,KVINNHERAD,46,Vestland,60.08243,6.080067,3,Karmøy til Sotra,
18,2021,35517,Vadholmen,ikke-medikamentell,,,,,,deler av lokaliteten,4626,ØYGARDEN,46,Vestland,60.695,4.761117,4,Nordhordaland til Stadt,
18,2021,35657,Varden,ikke-medikamentell,,,,,,deler av lokaliteten,5056,HITRA,50,Trøndelag,63.635715,9.186467,6,Nordmøre og Sør-Trøndelag,
18,2021,32337,Veiesund,ikke-medikamentell,,,,,,deler av lokaliteten,4602,KINN,46,Vestland,61.57187,5.047283,4,Nordhordaland til Stadt,
18,2021,29936,Ystadneset,ikke-medikamentell,,,,,,deler av lokaliteten,4617,KVINNHERAD,46,Vestland,59.977932,5.77565,3,Karmøy til Sotra,
18,2021,45032,Ytterflesa,ikke-medikamentell,,,,,,deler av lokaliteten,5060,NÆRØYSUND,50,Trøndelag,64.972984,11.443517,7,Nord-Trøndelag med Bindal,
17,2021,13563,Angelskår,ikke-medikamentell,,,,,,deler av lokaliteten,4630,OSTERØY,46,Vestland,60.523335,5.352617,4,Nordhordaland til Stadt,
17,2021,35797,Årsetfjorden,ikke-medikamentell,,,,,,deler av lokaliteten,5060,NÆRØYSUND,50,Trøndelag,65.00819,11.746417,7,Nord-Trøndelag med Bindal,
17,2021,18235,Bastli,medikamentell,fôrbehandling,Emamectin benzoat,,,,deler av lokaliteten,1133,HJELMELAND,11,Rogaland,59.2694,6.193083,2,Ryfylke,
17,2021,12178,Bjønnspjotneset,medikamentell,fôrbehandling,Emamectin benzoat,,,,deler av lokaliteten,4638,HØYANGER,46,Vestland,61.098083,5.82545,4,Nordhordaland til Stadt,
17,2021,12156,Blom,ikke-medikamentell,,,,,,deler av lokaliteten,4630,OSTERØY,46,Vestland,60.436516,5.56465,4,Nordhordaland til Stadt,
17,2021,15796,Borgarliflot,ikke-medikamentell,,,,,,hele lokaliteten,1134,SULDAL,11,Rogaland,59.3892,5.924733,2,Ryfylke,
17,2021,29296,Fleina,ikke-medikamentell,,,,,,hele lokaliteten,1838,GILDESKÅL,18,Nordland,67.0951,13.875217,8,Helgeland til Bodø,
17,2021,25895,Flornes,ikke-medikamentell,,,,,,deler av lokaliteten,4616,TYSNES,46,Vestland,59.890984,5.665983,3,Karmøy til Sotra,
17,2021,13669,Furneset,ikke-medikamentell,,,,,,deler av lokaliteten,1535,VESTNES,15,Møre og Romsdal,62.6461,7.101183,5,Stadt til Hustadvika,
17,2021,11657,Gråvika,ikke-medikamentell,,,,,,hele lokaliteten,4635,GULEN,46,Vestland,60.863083,4.935283,4,Nordhordaland til Stadt,
17,2021,17177,Grunneneset,ikke-medikamentell,,,,,,deler av lokaliteten,4648,BREMANGER,46,Vestland,61.89445,5.34815,4,Nordhordaland til Stadt,
17,2021,32317,Guriøyna,medikamentell,fôrbehandling,Emamectin benzoat,,,,hele lokaliteten,4645,ASKVOLL,46,Vestland,61.2974,4.660783,4,Nordhordaland til Stadt,
17,2021,18639,Halsavika,medikamentell,fôrbehandling,Emamectin benzoat,,,,deler av lokaliteten,1146,TYSVÆR,11,Rogaland,59.39232,5.883333,2,Ryfylke,
17,2021,38217,Hardbakkeneset,ikke-medikamentell,,,,,,hele lokaliteten,4635,GULEN,46,Vestland,61.01673,4.950517,4,Nordhordaland til Stadt,
17,2021,11643,Hatlem Ø,medikamentell,fôrbehandling,Emamectin benzoat,,,,hele lokaliteten,4637,HYLLESTAD,46,Vestland,61.200916,5.262117,4,Nordhordaland til Stadt,
17,2021,11920,Herøy,ikke-medikamentell,,,,,,hele lokaliteten,1160,VINDAFJORD,11,Rogaland,59.46635,6.0258,2,Ryfylke,
17,2021,14245,Jakobsteinsvika,ikke-medikamentell,,,,,,deler av lokaliteten,5052,LEKA,50,Trøndelag,65.11265,11.792867,7,Nord-Trøndelag med Bindal,
17,2021,36297,Kjeringeholmen,medikamentell,fôrbehandling,Emamectin benzoat,,,,hele lokaliteten,4645,ASKVOLL,46,Vestland,61.390984,4.982833,4,Nordhordaland til Stadt,
17,2021,11534,Klungsholmen,ikke-medikamentell,,,,,,deler av lokaliteten,4613,BØMLO,46,Vestland,59.596783,5.161567,3,Karmøy til Sotra,
17,2021,11719,Kråkenes,medikamentell,badebehandling,Azamethiphos,,,,deler av lokaliteten,4636,SOLUND,46,Vestland,61.05835,4.921317,4,Nordhordaland til Stadt,
17,2021,11803,Kyravika,medikamentell,badebehandling,Azamethiphos,,,,hele lokaliteten,4646,FJALER,46,Vestland,61.31722,5.160283,4,Nordhordaland til Stadt,
17,2021,10080,Laksevika,medikamentell,badebehandling,Azamethiphos,,,,deler av lokaliteten,4631,ALVER,46,Vestland,60.53015,5.11575,4,Nordhordaland til Stadt,
17,2021,26295,Langøy,medikamentell,fôrbehandling,Diflubenzuron,,,,hele lokaliteten,4631,ALVER,46,Vestland,60.77947,5.16,4,Nordhordaland til Stadt,
17,2021,12966,Lindvik,ikke-medikamentell,,,,,,hele lokaliteten,1160,VINDAFJORD,11,Rogaland,59.474068,5.976433,2,Ryfylke,
17,2021,12047,Mjåneset,ikke-medikamentell,,,,,,deler av lokaliteten,4624,BJØRNAFJORDEN,46,Vestland,60.1763,5.7231,3,Karmøy til Sotra,
17,2021,35897,Nye Hessvik,ikke-medikamentell,,,,,,deler av lokaliteten,4618,ULLENSVANG,46,Vestland,60.130184,6.126617,3,Karmøy til Sotra,
17,2021,20315,Overåneset V,ikke-medikamentell,,,,,,hele lokaliteten,1525,STRANDA,15,Møre og Romsdal,62.30065,7.085433,5,Stadt til Hustadvika,
17,2021,10149,Rafdal,ikke-medikamentell,,,,,,deler av lokaliteten,4611,ETNE,46,Vestland,59.790016,6.175783,3,Karmøy til Sotra,
17,2021,11964,Ringja,medikamentell,fôrbehandling,Emamectin benzoat,,,,deler av lokaliteten,1146,TYSVÆR,11,Rogaland,59.405468,5.8631,2,Ryfylke,
17,2021,11964,Ringja,medikamentell,fôrbehandling,Emamectin benzoat,,,,deler av lokaliteten,1146,TYSVÆR,11,Rogaland,59.405468,5.8631,2,Ryfylke,
17,2021,12048,Skiftesneset N,ikke-medikamentell,,,,,,deler av lokaliteten,4624,BJØRNAFJORDEN,46,Vestland,60.0711,5.736867,3,Karmøy til Sotra,
17,2021,12108,Skorpo Nv,ikke-medikamentell,,,,,,deler av lokaliteten,4617,KVINNHERAD,46,Vestland,59.95323,5.827133,3,Karmøy til Sotra,
17,2021,38577,Skreda,ikke-medikamentell,,,,,,deler av lokaliteten,4636,SOLUND,46,Vestland,61.14635,5.08115,4,Nordhordaland til Stadt,
17,2021,31117,Skrubbo,ikke-medikamentell,,,,,,deler av lokaliteten,4624,BJØRNAFJORDEN,46,Vestland,60.15632,5.713217,3,Karmøy til Sotra,
17,2021,13593,Storfjell,medikamentell,badebehandling,Azamethiphos,,,,hele lokaliteten,1865,VÅGAN,18,Nordland,68.32518,15.2023,9,Vestfjorden og Vesterålen,
17,2021,10311,Storlia,medikamentell,fôrbehandling,Emamectin benzoat,,,,deler av lokaliteten,4637,HYLLESTAD,46,Vestland,61.203133,5.193833,4,Nordhordaland til Stadt,
17,2021,31338,Storskjeret,ikke-medikamentell,,,,,,deler av lokaliteten,1576,AURE,15,Møre og Romsdal,63.27048,8.2298,6,Nordmøre og Sør-Trøndelag,
17,2021,13644,Tepstad,ikke-medikamentell,,,,,,deler av lokaliteten,4630,OSTERØY,46,Vestland,60.553032,5.385317,4,Nordhordaland til Stadt,
17,2021,31497,Toska N,ikke-medikamentell,,,,,,deler av lokaliteten,4631,ALVER,46,Vestland,60.66987,4.9172,4,Nordhordaland til Stadt,
17,2021,12077,Tveitnesvik,ikke-medikamentell,,,,,,deler av lokaliteten,4617,KVINNHERAD,46,Vestland,60.10592,6.20525,3,Karmøy til Sotra,
17,2021,10091,Vågsøya,ikke-medikamentell,,,,,,hele lokaliteten,4602,KINN,46,Vestland,61.490383,5.0247,4,Nordhordaland til Stadt,
17,2021,35657,Varden,ikke-medikamentell,,,,,,deler av lokaliteten,5056,HITRA,50,Trøndelag,63.635715,9.186467,6,Nordmøre og Sør-Trøndelag,
17,2021,13246,Voldnes,medikamentell,fôrbehandling,Emamectin benzoat,,,,hele lokaliteten,1515,HERØY I MØRE OG ROMSDAL,15,Møre og Romsdal,62.2097,5.7849,5,Stadt til Hustadvika,
17,2021,13246,Voldnes,medikamentell,fôrbehandling,Emamectin benzoat,,,,hele lokaliteten,1515,HERØY I MØRE OG ROMSDAL,15,Møre og Romsdal,62.2097,5.7849,5,Stadt til Hustadvika,
16,2021,13563,Angelskår,ikke-medikamentell,,,,,,deler av lokaliteten,4630,OSTERØY,46,Vestland,60.523335,5.352617,4,Nordhordaland til Stadt,
16,2021,29816,Apalvikneset,ikke-medikamentell,,,,,,deler av lokaliteten,4618,ULLENSVANG,46,Vestland,60.146217,6.121133,3,Karmøy til Sotra,
16,2021,35797,Årsetfjorden,ikke-medikamentell,,,,,,deler av lokaliteten,5060,NÆRØYSUND,50,Trøndelag,65.00819,11.746417,7,Nord-Trøndelag med Bindal,
16,2021,29016,Båfjordstranda,ikke-medikamentell,,,,,,deler av lokaliteten,5060,NÆRØYSUND,50,Trøndelag,64.964485,11.59435,7,Nord-Trøndelag med Bindal,
16,2021,13341,Bakjestranda,ikke-medikamentell,,,,,,hele lokaliteten,4648,BREMANGER,46,Vestland,61.82025,4.940267,4,Nordhordaland til Stadt,
16,2021,18235,Bastli,medikamentell,fôrbehandling,Emamectin benzoat,,,,hele lokaliteten,1133,HJELMELAND,11,Rogaland,59.2694,6.193083,2,Ryfylke,
16,2021,12178,Bjønnspjotneset,medikamentell,fôrbehandling,Emamectin benzoat,,,,hele lokaliteten,4638,HØYANGER,46,Vestland,61.098083,5.82545,4,Nordhordaland til Stadt,
16,2021,12625,Bjørgan,ikke-medikamentell,,,,,,hele lokaliteten,5049,FLATANGER,50,Trøndelag,64.59268,10.908333,7,Nord-Trøndelag med Bindal,
16,2021,10223,Bremnessvaet,ikke-medikamentell,,,,,,deler av lokaliteten,1573,SMØLA,15,Møre og Romsdal,63.39795,8.214317,6,Nordmøre og Sør-Trøndelag,
16,2021,11543,Buholmen,ikke-medikamentell,,,,,,deler av lokaliteten,4625,AUSTEVOLL,46,Vestland,60.020466,5.080083,3,Karmøy til Sotra,
16,2021,12361,Bukkholmen S,ikke-medikamentell,,,,,,deler av lokaliteten,5014,FRØYA,50,Trøndelag,63.72378,8.8621,6,Nordmøre og Sør-Trøndelag,
16,2021,13870,Eikebærånæ,ikke-medikamentell,,,,,,hele lokaliteten,4631,ALVER,46,Vestland,60.563232,5.3535,4,Nordhordaland til Stadt,
16,2021,13241,Endal Vest,ikke-medikamentell,,,,,,hele lokaliteten,4648,BREMANGER,46,Vestland,61.909832,5.464267,4,Nordhordaland til Stadt,
16,2021,25895,Flornes,ikke-medikamentell,,,,,,deler av lokaliteten,4616,TYSNES,46,Vestland,59.890984,5.665983,3,Karmøy til Sotra,
16,2021,29876,Flotaren,ikke-medikamentell,,,,,,deler av lokaliteten,5049,FLATANGER,50,Trøndelag,64.52398,10.761667,7,Nord-Trøndelag med Bindal,
16,2021,13669,Furneset,ikke-medikamentell,,,,,,deler av lokaliteten,1535,VESTNES,15,Møre og Romsdal,62.6461,7.101183,5,Stadt til Hustadvika,
16,2021,14035,Guleskjeret,ikke-medikamentell,,,,,,deler av lokaliteten,4636,SOLUND,46,Vestland,61.041134,4.79225,4,Nordhordaland til Stadt,
16,2021,32317,Guriøyna,medikamentell,fôrbehandling,Emamectin benzoat,,,,hele lokaliteten,4645,ASKVOLL,46,Vestland,61.2974,4.660783,4,Nordhordaland til Stadt,
16,2021,11920,Herøy,ikke-medikamentell,,,,,,deler av lokaliteten,1160,VINDAFJORD,11,Rogaland,59.46635,6.0258,2,Ryfylke,
16,2021,32417,Hjartholmosen,ikke-medikamentell,,,,,,hele lokaliteten,4625,AUSTEVOLL,46,Vestland,60.004616,5.227633,3,Karmøy til Sotra,
16,2021,33957,Hofsøya,ikke-medikamentell,,,,,,deler av lokaliteten,5014,FRØYA,50,Trøndelag,63.7224,8.9145,6,Nordmøre og Sør-Trøndelag,
16,2021,17176,Holandselv,medikamentell,badebehandling,Azamethiphos,,,,hele lokaliteten,5411,KVÆFJORD,54,Troms og Finnmark,68.699,15.979433,10,Andøya til Senja,
16,2021,19939,Høysteinen,ikke-medikamentell,,,,,,deler av lokaliteten,4617,KVINNHERAD,46,Vestland,60.157417,6.050117,3,Karmøy til Sotra,
16,2021,14245,Jakobsteinsvika,ikke-medikamentell,,,,,,deler av lokaliteten,5052,LEKA,50,Trøndelag,65.11265,11.792867,7,Nord-Trøndelag med Bindal,
16,2021,11665,Jibbersholmane,ikke-medikamentell,,,,,,deler av lokaliteten,4631,ALVER,46,Vestland,60.752533,4.884617,4,Nordhordaland til Stadt,
16,2021,22915,Kalsøyflu,medikamentell,fôrbehandling,Emamectin benzoat,,,,hele lokaliteten,4625,AUSTEVOLL,46,Vestland,60.03818,5.114417,3,Karmøy til Sotra,
16,2021,22915,Kalsøyflu,medikamentell,fôrbehandling,Emamectin benzoat,,,,hele lokaliteten,4625,AUSTEVOLL,46,Vestland,60.03818,5.114417,3,Karmøy til Sotra,
16,2021,24455,Klavelandet,ikke-medikamentell,,,,,,deler av lokaliteten,4602,KINN,46,Vestland,61.60395,5.186533,4,Nordhordaland til Stadt,
16,2021,14040,Krigsholmen,ikke-medikamentell,,,,,,hele lokaliteten,4625,AUSTEVOLL,46,Vestland,60.081383,5.124117,3,Karmøy til Sotra,
16,2021,10080,Laksevika,medikamentell,badebehandling,Azamethiphos,,,,deler av lokaliteten,4631,ALVER,46,Vestland,60.53015,5.11575,4,Nordhordaland til Stadt,
16,2021,12993,Lamøya,ikke-medikamentell,,,,,,deler av lokaliteten,5014,FRØYA,50,Trøndelag,63.73305,8.854983,6,Nordmøre og Sør-Trøndelag,
16,2021,12966,Lindvik,ikke-medikamentell,,,,,,deler av lokaliteten,1160,VINDAFJORD,11,Rogaland,59.474068,5.976433,2,Ryfylke,
16,2021,12978,Lyngholmen,ikke-medikamentell,,,,,,hele lokaliteten,4635,GULEN,46,Vestland,61.016933,5.007033,4,Nordhordaland til Stadt,
16,2021,33337,Lyngnes,ikke-medikamentell,,,,,,deler av lokaliteten,4624,BJØRNAFJORDEN,46,Vestland,60.119682,5.719817,3,Karmøy til Sotra,
16,2021,12633,Lyrnesset,ikke-medikamentell,,,,,,deler av lokaliteten,5049,FLATANGER,50,Trøndelag,64.5256,10.748133,7,Nord-Trøndelag med Bindal,
16,2021,35477,Makrellskjæret,ikke-medikamentell,,,,,,deler av lokaliteten,5049,FLATANGER,50,Trøndelag,64.54919,10.7341,7,Nord-Trøndelag med Bindal,
16,2021,13541,Midtflua,ikke-medikamentell,,,,,,deler av lokaliteten,4616,TYSNES,46,Vestland,60.076633,5.467067,3,Karmøy til Sotra,
16,2021,26435,Mjølsvik,medikamentell,badebehandling,Azamethiphos,,,,deler av lokaliteten,4638,HØYANGER,46,Vestland,61.111584,6.0423,4,Nordhordaland til Stadt,
16,2021,10136,Onarøy,ikke-medikamentell,,,,,,deler av lokaliteten,4616,TYSNES,46,Vestland,59.95335,5.669683,3,Karmøy til Sotra,
16,2021,10149,Rafdal,ikke-medikamentell,,,,,,deler av lokaliteten,4611,ETNE,46,Vestland,59.790016,6.175783,3,Karmøy til Sotra,
16,2021,29896,Renndalen,ikke-medikamentell,,,,,,hele lokaliteten,5055,HEIM,50,Trøndelag,63.176117,8.6172,6,Nordmøre og Sør-Trøndelag,
16,2021,19855,Segelråa,ikke-medikamentell,,,,,,deler av lokaliteten,1576,AURE,15,Møre og Romsdal,63.149746,8.12855,6,Nordmøre og Sør-Trøndelag,
16,2021,30877,Sessøya,ikke-medikamentell,,,,,,deler av lokaliteten,5401,TROMSØ,54,Troms og Finnmark,69.7467,18.24865,11,Kvaløya til Loppa,
16,2021,12048,Skiftesneset N,ikke-medikamentell,,,,,,deler av lokaliteten,4624,BJØRNAFJORDEN,46,Vestland,60.0711,5.736867,3,Karmøy til Sotra,
16,2021,39657,Skipperdalsneset,ikke-medikamentell,,,,,,deler av lokaliteten,4648,BREMANGER,46,Vestland,61.80602,5.0683,4,Nordhordaland til Stadt,
16,2021,12108,Skorpo Nv,ikke-medikamentell,,,,,,deler av lokaliteten,4617,KVINNHERAD,46,Vestland,59.95323,5.827133,3,Karmøy til Sotra,
16,2021,31117,Skrubbo,ikke-medikamentell,,,,,,deler av lokaliteten,4624,BJØRNAFJORDEN,46,Vestland,60.15632,5.713217,3,Karmøy til Sotra,
16,2021,13032,Sølvøyane,ikke-medikamentell,,,,,,deler av lokaliteten,4613,BØMLO,46,Vestland,59.609516,5.133367,3,Karmøy til Sotra,
16,2021,40017,Stangnes,medikamentell,badebehandling,Hydrogenperoksid,,,,deler av lokaliteten,5406,HAMMERFEST,54,Troms og Finnmark,70.51192,23.751883,12,Vest-Finnmark,
16,2021,13644,Tepstad,ikke-medikamentell,,,,,,deler av lokaliteten,4630,OSTERØY,46,Vestland,60.553032,5.385317,4,Nordhordaland til Stadt,
16,2021,35657,Varden,ikke-medikamentell,,,,,,deler av lokaliteten,5056,HITRA,50,Trøndelag,63.635715,9.186467,6,Nordmøre og Sør-Trøndelag,
16,2021,32337,Veiesund,ikke-medikamentell,,,,,,deler av lokaliteten,4602,KINN,46,Vestland,61.57187,5.047283,4,Nordhordaland til Stadt,
16,2021,11925,Vintraviki,ikke-medikamentell,,,,,,deler av lokaliteten,1134,SULDAL,11,Rogaland,59.399384,6.020533,2,Ryfylke,
16,2021,13246,Voldnes,medikamentell,fôrbehandling,Emamectin benzoat,,,,hele lokaliteten,1515,HERØY I MØRE OG ROMSDAL,15,Møre og Romsdal,62.2097,5.7849,5,Stadt til Hustadvika,
16,2021,13246,Voldnes,medikamentell,fôrbehandling,Emamectin benzoat,,,,hele lokaliteten,1515,HERØY I MØRE OG ROMSDAL,15,Møre og Romsdal,62.2097,5.7849,5,Stadt til Hustadvika,
15,2021,10331,Åkre,ikke-medikamentell,,,,,,deler av lokaliteten,4617,KVINNHERAD,46,Vestland,60.11283,6.044717,3,Karmøy til Sotra,
15,2021,12982,Aldeøyna,medikamentell,badebehandling,Azamethiphos,,,,hele lokaliteten,4645,ASKVOLL,46,Vestland,61.31055,4.767783,4,Nordhordaland til Stadt,
15,2021,12982,Aldeøyna,medikamentell,badebehandling,Azamethiphos,,,,hele lokaliteten,4645,ASKVOLL,46,Vestland,61.31055,4.767783,4,Nordhordaland til Stadt,
15,2021,18235,Bastli,ikke-medikamentell,,,,,,hele lokaliteten,1133,HJELMELAND,11,Rogaland,59.2694,6.193083,2,Ryfylke,
15,2021,12156,Blom,ikke-medikamentell,,,,,,deler av lokaliteten,4630,OSTERØY,46,Vestland,60.436516,5.56465,4,Nordhordaland til Stadt,
15,2021,12040,Brandaskuta,ikke-medikamentell,,,,,,hele lokaliteten,4617,KVINNHERAD,46,Vestland,59.975735,5.909183,3,Karmøy til Sotra,
15,2021,31038,Buarøy,ikke-medikamentell,,,,,,deler av lokaliteten,4626,ØYGARDEN,46,Vestland,60.220066,5.21455,3,Karmøy til Sotra,
15,2021,20455,Djupevika,ikke-medikamentell,,,,,,deler av lokaliteten,4617,KVINNHERAD,46,Vestland,60.04095,6.009367,3,Karmøy til Sotra,
15,2021,25895,Flornes,ikke-medikamentell,,,,,,deler av lokaliteten,4616,TYSNES,46,Vestland,59.890984,5.665983,3,Karmøy til Sotra,
15,2021,11530,Gissøysundet S,ikke-medikamentell,,,,,,deler av lokaliteten,4613,BØMLO,46,Vestland,59.623585,5.160067,3,Karmøy til Sotra,
15,2021,12714,Gjerdinga,medikamentell,badebehandling,Deltamethrin,,,,deler av lokaliteten,5060,NÆRØYSUND,50,Trøndelag,64.9464,11.4623,7,Nord-Trøndelag med Bindal,
15,2021,12714,Gjerdinga,ikke-medikamentell,,,,,,deler av lokaliteten,5060,NÆRØYSUND,50,Trøndelag,64.9464,11.4623,7,Nord-Trøndelag med Bindal,
15,2021,17177,Grunneneset,ikke-medikamentell,,,,,,deler av lokaliteten,4648,BREMANGER,46,Vestland,61.89445,5.34815,4,Nordhordaland til Stadt,
15,2021,14035,Guleskjeret,ikke-medikamentell,,,,,,deler av lokaliteten,4636,SOLUND,46,Vestland,61.041134,4.79225,4,Nordhordaland til Stadt,
15,2021,10318,Gulestø,ikke-medikamentell,,,,,,hele lokaliteten,4648,BREMANGER,46,Vestland,61.75802,5.069883,4,Nordhordaland til Stadt,
15,2021,19939,Høysteinen,ikke-medikamentell,,,,,,deler av lokaliteten,4617,KVINNHERAD,46,Vestland,60.157417,6.050117,3,Karmøy til Sotra,
15,2021,45038,Hundaneset,medikamentell,badebehandling,Azamethiphos,,,,deler av lokaliteten,1133,HJELMELAND,11,Rogaland,59.308735,6.165483,2,Ryfylke,
15,2021,13242,Juvika B,ikke-medikamentell,,,,,,deler av lokaliteten,4648,BREMANGER,46,Vestland,61.895683,5.6331,4,Nordhordaland til Stadt,
15,2021,22915,Kalsøyflu,medikamentell,fôrbehandling,Emamectin benzoat,,,,hele lokaliteten,4625,AUSTEVOLL,46,Vestland,60.03818,5.114417,3,Karmøy til Sotra,
15,2021,22915,Kalsøyflu,medikamentell,fôrbehandling,Emamectin benzoat,,,,hele lokaliteten,4625,AUSTEVOLL,46,Vestland,60.03818,5.114417,3,Karmøy til Sotra,
15,2021,11534,Klungsholmen,ikke-medikamentell,,,,,,hele lokaliteten,4613,BØMLO,46,Vestland,59.596783,5.161567,3,Karmøy til Sotra,
15,2021,11719,Kråkenes,medikamentell,badebehandling,Azamethiphos,,,,deler av lokaliteten,4636,SOLUND,46,Vestland,61.05835,4.921317,4,Nordhordaland til Stadt,
15,2021,13876,Litletveitholane,ikke-medikamentell,,,,,,hele lokaliteten,4630,OSTERØY,46,Vestland,60.479782,5.443633,4,Nordhordaland til Stadt,
15,2021,12978,Lyngholmen,ikke-medikamentell,,,,,,deler av lokaliteten,4635,GULEN,46,Vestland,61.016933,5.007033,4,Nordhordaland til Stadt,
15,2021,35477,Makrellskjæret,ikke-medikamentell,,,,,,deler av lokaliteten,5049,FLATANGER,50,Trøndelag,64.54919,10.7341,7,Nord-Trøndelag med Bindal,
15,2021,21915,Matløyso,ikke-medikamentell,,,,,,deler av lokaliteten,4615,FITJAR,46,Vestland,59.952084,5.284933,3,Karmøy til Sotra,
15,2021,14495,Nordeimsøyna,ikke-medikamentell,,,,,,deler av lokaliteten,1103,STAVANGER,11,Rogaland,59.286865,5.812583,2,Ryfylke,
15,2021,30559,Øksneset,ikke-medikamentell,,,,,,hele lokaliteten,4632,AUSTRHEIM,46,Vestland,60.81255,4.862317,4,Nordhordaland til Stadt,
15,2021,10136,Onarøy,ikke-medikamentell,,,,,,deler av lokaliteten,4616,TYSNES,46,Vestland,59.95335,5.669683,3,Karmøy til Sotra,
15,2021,11738,Otterholmen,ikke-medikamentell,,,,,,deler av lokaliteten,4631,ALVER,46,Vestland,60.686417,4.908683,4,Nordhordaland til Stadt,
15,2021,12406,Rauodden,ikke-medikamentell,,,,,,deler av lokaliteten,5056,HITRA,50,Trøndelag,63.66453,8.884083,6,Nordmøre og Sør-Trøndelag,
15,2021,12794,Rundklumpen,ikke-medikamentell,,,,,,deler av lokaliteten,5057,ØRLAND,50,Trøndelag,63.801315,9.607583,6,Nordmøre og Sør-Trøndelag,
15,2021,19855,Segelråa,ikke-medikamentell,,,,,,deler av lokaliteten,1576,AURE,15,Møre og Romsdal,63.149746,8.12855,6,Nordmøre og Sør-Trøndelag,
15,2021,10398,Seiskjæra,ikke-medikamentell,,,,,,hele lokaliteten,5058,ÅFJORD,50,Trøndelag,64.09268,10.11655,6,Nordmøre og Sør-Trøndelag,
15,2021,19635,Skatleia,ikke-medikamentell,,,,,,hele lokaliteten,1867,BØ I NORDLAND,18,Nordland,68.8001,14.593767,9,Vestfjorden og Vesterålen,
15,2021,12048,Skiftesneset N,ikke-medikamentell,,,,,,deler av lokaliteten,4624,BJØRNAFJORDEN,46,Vestland,60.0711,5.736867,3,Karmøy til Sotra,
15,2021,11966,Skigelstrand,ikke-medikamentell,,,,,,deler av lokaliteten,1160,VINDAFJORD,11,Rogaland,59.494118,5.846567,2,Ryfylke,
15,2021,12108,Skorpo Nv,ikke-medikamentell,,,,,,deler av lokaliteten,4617,KVINNHERAD,46,Vestland,59.95323,5.827133,3,Karmøy til Sotra,
15,2021,18657,Skredstivik,ikke-medikamentell,,,,,,deler av lokaliteten,4637,HYLLESTAD,46,Vestland,61.15495,5.133333,4,Nordhordaland til Stadt,
15,2021,31117,Skrubbo,ikke-medikamentell,,,,,,deler av lokaliteten,4624,BJØRNAFJORDEN,46,Vestland,60.15632,5.713217,3,Karmøy til Sotra,
15,2021,13568,Storevik,ikke-medikamentell,,,,,,deler av lokaliteten,4645,ASKVOLL,46,Vestland,61.47627,5.285,4,Nordhordaland til Stadt,
15,2021,38697,Takflua,medikamentell,fôrbehandling,Emamectin benzoat,,,,hele lokaliteten,5058,ÅFJORD,50,Trøndelag,63.980415,9.865033,6,Nordmøre og Sør-Trøndelag,
15,2021,13644,Tepstad,ikke-medikamentell,,,,,,deler av lokaliteten,4630,OSTERØY,46,Vestland,60.553032,5.385317,4,Nordhordaland til Stadt,
15,2021,32437,Urda,ikke-medikamentell,,,,,,hele lokaliteten,1566,SURNADAL,15,Møre og Romsdal,63.000534,8.325633,6,Nordmøre og Sør-Trøndelag,
15,2021,35517,Vadholmen,ikke-medikamentell,,,,,,deler av lokaliteten,4626,ØYGARDEN,46,Vestland,60.695,4.761117,4,Nordhordaland til Stadt,
15,2021,27315,Vikane 1,ikke-medikamentell,,,,,,deler av lokaliteten,4618,ULLENSVANG,46,Vestland,60.263668,6.208383,3,Karmøy til Sotra,
15,2021,12839,Vindsnes,ikke-medikamentell,,,,,,hele lokaliteten,1578,FJORD,15,Møre og Romsdal,62.28533,7.2802,5,Stadt til Hustadvika,
15,2021,17495,Vullum,ikke-medikamentell,,,,,,deler av lokaliteten,5055,HEIM,50,Trøndelag,63.04965,8.2162,6,Nordmøre og Sør-Trøndelag,
15,2021,29936,Ystadneset,ikke-medikamentell,,,,,,deler av lokaliteten,4617,KVINNHERAD,46,Vestland,59.977932,5.77565,3,Karmøy til Sotra,
14,2021,10331,Åkre,ikke-medikamentell,,,,,,deler av lokaliteten,4617,KVINNHERAD,46,Vestland,60.11283,6.044717,3,Karmøy til Sotra,
14,2021,13563,Angelskår,ikke-medikamentell,,,,,,deler av lokaliteten,4630,OSTERØY,46,Vestland,60.523335,5.352617,4,Nordhordaland til Stadt,
14,2021,12156,Blom,ikke-medikamentell,,,,,,deler av lokaliteten,4630,OSTERØY,46,Vestland,60.436516,5.56465,4,Nordhordaland til Stadt,
14,2021,10223,Bremnessvaet,ikke-medikamentell,,,,,,deler av lokaliteten,1573,SMØLA,15,Møre og Romsdal,63.39795,8.214317,6,Nordmøre og Sør-Trøndelag,
14,2021,20455,Djupevika,ikke-medikamentell,,,,,,deler av lokaliteten,4617,KVINNHERAD,46,Vestland,60.04095,6.009367,3,Karmøy til Sotra,
14,2021,25895,Flornes,ikke-medikamentell,,,,,,deler av lokaliteten,4616,TYSNES,46,Vestland,59.890984,5.665983,3,Karmøy til Sotra,
14,2021,11530,Gissøysundet S,ikke-medikamentell,,,,,,deler av lokaliteten,4613,BØMLO,46,Vestland,59.623585,5.160067,3,Karmøy til Sotra,
14,2021,19995,Hagahammaren,ikke-medikamentell,,,,,,hele lokaliteten,1576,AURE,15,Møre og Romsdal,63.137917,8.0306,6,Nordmøre og Sør-Trøndelag,
14,2021,24035,Håvikvågen S,ikke-medikamentell,,,,,,deler av lokaliteten,4624,BJØRNAFJORDEN,46,Vestland,60.170483,5.699283,3,Karmøy til Sotra,
14,2021,13838,Hegnes,medikamentell,badebehandling,Azamethiphos,,,,hele lokaliteten,4646,FJALER,46,Vestland,61.356335,5.284667,4,Nordhordaland til Stadt,
14,2021,13838,Hegnes,ikke-medikamentell,,,,,,hele lokaliteten,4646,FJALER,46,Vestland,61.356335,5.284667,4,Nordhordaland til Stadt,
14,2021,34397,Hyseneset,ikke-medikamentell,,,,,,deler av lokaliteten,4635,GULEN,46,Vestland,60.86,4.963083,4,Nordhordaland til Stadt,
14,2021,11652,Kjeppevikholmen,ikke-medikamentell,,,,,,hele lokaliteten,4631,ALVER,46,Vestland,60.54283,5.0378,4,Nordhordaland til Stadt,
14,2021,11534,Klungsholmen,ikke-medikamentell,,,,,,deler av lokaliteten,4613,BØMLO,46,Vestland,59.596783,5.161567,3,Karmøy til Sotra,
14,2021,10224,Korsneset,ikke-medikamentell,,,,,,deler av lokaliteten,5055,HEIM,50,Trøndelag,63.14268,8.225383,6,Nordmøre og Sør-Trøndelag,
14,2021,12239,Kråknes,ikke-medikamentell,,,,,,deler av lokaliteten,1547,AUKRA,15,Møre og Romsdal,62.83145,6.962733,5,Stadt til Hustadvika,
14,2021,12652,Kråkøya,medikamentell,fôrbehandling,Emamectin benzoat,,,,hele lokaliteten,5060,NÆRØYSUND,50,Trøndelag,65.003784,11.042367,7,Nord-Trøndelag med Bindal,
14,2021,12870,Leite,ikke-medikamentell,,,,,,deler av lokaliteten,1554,AVERØY,15,Møre og Romsdal,63.035984,7.678117,6,Nordmøre og Sør-Trøndelag,
14,2021,10292,Lyklingholmen N,ikke-medikamentell,,,,,,deler av lokaliteten,4613,BØMLO,46,Vestland,59.713833,5.155467,3,Karmøy til Sotra,
14,2021,33337,Lyngnes,ikke-medikamentell,,,,,,deler av lokaliteten,4624,BJØRNAFJORDEN,46,Vestland,60.119682,5.719817,3,Karmøy til Sotra,
14,2021,32977,Måren,ikke-medikamentell,,,,,,hele lokaliteten,4638,HØYANGER,46,Vestland,61.152668,6.1167,4,Nordhordaland til Stadt,
14,2021,11807,Marøytåa,ikke-medikamentell,,,,,,hele lokaliteten,4602,KINN,46,Vestland,61.506767,5.118367,4,Nordhordaland til Stadt,
14,2021,24937,Nebbo,ikke-medikamentell,,,,,,deler av lokaliteten,4617,KVINNHERAD,46,Vestland,59.87075,5.725017,3,Karmøy til Sotra,
14,2021,27055,Oddane,ikke-medikamentell,,,,,,deler av lokaliteten,4602,KINN,46,Vestland,61.540367,4.968933,4,Nordhordaland til Stadt,
14,2021,13554,Overåneset,ikke-medikamentell,,,,,,hele lokaliteten,1525,STRANDA,15,Møre og Romsdal,62.294285,7.12155,5,Stadt til Hustadvika,
14,2021,19855,Segelråa,ikke-medikamentell,,,,,,deler av lokaliteten,1576,AURE,15,Møre og Romsdal,63.149746,8.12855,6,Nordmøre og Sør-Trøndelag,
14,2021,18898,Skaftå,ikke-medikamentell,,,,,,deler av lokaliteten,4630,OSTERØY,46,Vestland,60.4557,5.626183,4,Nordhordaland til Stadt,
14,2021,12048,Skiftesneset N,ikke-medikamentell,,,,,,deler av lokaliteten,4624,BJØRNAFJORDEN,46,Vestland,60.0711,5.736867,3,Karmøy til Sotra,
14,2021,25896,Skorpo,ikke-medikamentell,,,,,,deler av lokaliteten,4616,TYSNES,46,Vestland,59.875767,5.638817,3,Karmøy til Sotra,
14,2021,12108,Skorpo Nv,ikke-medikamentell,,,,,,deler av lokaliteten,4617,KVINNHERAD,46,Vestland,59.95323,5.827133,3,Karmøy til Sotra,
14,2021,18657,Skredstivik,ikke-medikamentell,,,,,,deler av lokaliteten,4637,HYLLESTAD,46,Vestland,61.15495,5.133333,4,Nordhordaland til Stadt,
14,2021,38697,Takflua,medikamentell,fôrbehandling,Emamectin benzoat,,,,hele lokaliteten,5058,ÅFJORD,50,Trøndelag,63.980415,9.865033,6,Nordmøre og Sør-Trøndelag,
14,2021,13644,Tepstad,ikke-medikamentell,,,,,,deler av lokaliteten,4630,OSTERØY,46,Vestland,60.553032,5.385317,4,Nordhordaland til Stadt,
14,2021,10332,Trommo,ikke-medikamentell,,,,,,deler av lokaliteten,4617,KVINNHERAD,46,Vestland,60.08243,6.080067,3,Karmøy til Sotra,
14,2021,35517,Vadholmen,ikke-medikamentell,,,,,,deler av lokaliteten,4626,ØYGARDEN,46,Vestland,60.695,4.761117,4,Nordhordaland til Stadt,
14,2021,32337,Veiesund,ikke-medikamentell,,,,,,deler av lokaliteten,4602,KINN,46,Vestland,61.57187,5.047283,4,Nordhordaland til Stadt,
14,2021,17495,Vullum,ikke-medikamentell,,,,,,deler av lokaliteten,5055,HEIM,50,Trøndelag,63.04965,8.2162,6,Nordmøre og Sør-Trøndelag,
14,2021,29936,Ystadneset,ikke-medikamentell,,,,,,deler av lokaliteten,4617,KVINNHERAD,46,Vestland,59.977932,5.77565,3,Karmøy til Sotra,
13,2021,12361,Bukkholmen S,ikke-medikamentell,,,,,,deler av lokaliteten,5014,FRØYA,50,Trøndelag,63.72378,8.8621,6,Nordmøre og Sør-Trøndelag,
13,2021,11076,Digermulen,medikamentell,fôrbehandling,Emamectin benzoat,,,,hele lokaliteten,1836,RØDØY,18,Nordland,66.67648,13.316867,8,Helgeland til Bodø,
13,2021,20455,Djupevika,ikke-medikamentell,,,,,,deler av lokaliteten,4617,KVINNHERAD,46,Vestland,60.04095,6.009367,3,Karmøy til Sotra,
13,2021,13870,Eikebærånæ,ikke-medikamentell,,,,,,deler av lokaliteten,4631,ALVER,46,Vestland,60.563232,5.3535,4,Nordhordaland til Stadt,
13,2021,11530,Gissøysundet S,ikke-medikamentell,,,,,,deler av lokaliteten,4613,BØMLO,46,Vestland,59.623585,5.160067,3,Karmøy til Sotra,
13,2021,33617,Gjerde,ikke-medikamentell,,,,,,deler av lokaliteten,1576,AURE,15,Møre og Romsdal,63.299667,8.418333,6,Nordmøre og Sør-Trøndelag,
13,2021,24735,Gulholmen,ikke-medikamentell,,,,,,deler av lokaliteten,4624,BJØRNAFJORDEN,46,Vestland,60.1282,5.400467,3,Karmøy til Sotra,
13,2021,16755,Hageberg,ikke-medikamentell,,,,,,deler av lokaliteten,4615,FITJAR,46,Vestland,59.944218,5.434733,3,Karmøy til Sotra,
13,2021,31577,Haneholmen,medikamentell,badebehandling,Azamethiphos,,,,deler av lokaliteten,4650,GLOPPEN,46,Vestland,61.839718,6.10055,4,Nordhordaland til Stadt,
13,2021,24035,Håvikvågen S,ikke-medikamentell,,,,,,deler av lokaliteten,4624,BJØRNAFJORDEN,46,Vestland,60.170483,5.699283,3,Karmøy til Sotra,
13,2021,11689,Kjerringneset,ikke-medikamentell,,,,,,hele lokaliteten,4635,GULEN,46,Vestland,60.960182,5.106783,4,Nordhordaland til Stadt,
13,2021,12980,Klubben,ikke-medikamentell,,,,,,deler av lokaliteten,4636,SOLUND,46,Vestland,61.17955,5.00315,4,Nordhordaland til Stadt,
13,2021,11534,Klungsholmen,ikke-medikamentell,,,,,,deler av lokaliteten,4613,BØMLO,46,Vestland,59.596783,5.161567,3,Karmøy til Sotra,
13,2021,10224,Korsneset,ikke-medikamentell,,,,,,deler av lokaliteten,5055,HEIM,50,Trøndelag,63.14268,8.225383,6,Nordmøre og Sør-Trøndelag,
13,2021,32097,Korsneset 2,ikke-medikamentell,,,,,,deler av lokaliteten,5055,HEIM,50,Trøndelag,63.14123,8.21375,6,Nordmøre og Sør-Trøndelag,
13,2021,12239,Kråknes,ikke-medikamentell,,,,,,deler av lokaliteten,1547,AUKRA,15,Møre og Romsdal,62.83145,6.962733,5,Stadt til Hustadvika,
13,2021,18217,Kvaløy Ø,ikke-medikamentell,,,,,,deler av lokaliteten,1149,KARMØY,11,Rogaland,59.396633,5.171083,3,Karmøy til Sotra,
13,2021,12993,Lamøya,ikke-medikamentell,,,,,,deler av lokaliteten,5014,FRØYA,50,Trøndelag,63.73305,8.854983,6,Nordmøre og Sør-Trøndelag,
13,2021,34257,Lekafjorden II,ikke-medikamentell,,,,,,deler av lokaliteten,5052,LEKA,50,Trøndelag,65.07878,11.724033,7,Nord-Trøndelag med Bindal,
13,2021,12047,Mjåneset,ikke-medikamentell,,,,,,deler av lokaliteten,4624,BJØRNAFJORDEN,46,Vestland,60.1763,5.7231,3,Karmøy til Sotra,
13,2021,10149,Rafdal,medikamentell,badebehandling,Azamethiphos,,,,hele lokaliteten,4611,ETNE,46,Vestland,59.790016,6.175783,3,Karmøy til Sotra,
13,2021,11856,Salvågvika,ikke-medikamentell,,,,,,deler av lokaliteten,4207,FLEKKEFJORD,42,Agder,58.227165,6.632767,1,Svenskegrensen til Jæren,
13,2021,10216,Skåren,ikke-medikamentell,,,,,,deler av lokaliteten,5055,HEIM,50,Trøndelag,63.076283,8.191733,6,Nordmøre og Sør-Trøndelag,
13,2021,25896,Skorpo,ikke-medikamentell,,,,,,deler av lokaliteten,4616,TYSNES,46,Vestland,59.875767,5.638817,3,Karmøy til Sotra,
13,2021,12108,Skorpo Nv,ikke-medikamentell,,,,,,deler av lokaliteten,4617,KVINNHERAD,46,Vestland,59.95323,5.827133,3,Karmøy til Sotra,
13,2021,31117,Skrubbo,ikke-medikamentell,,,,,,deler av lokaliteten,4624,BJØRNAFJORDEN,46,Vestland,60.15632,5.713217,3,Karmøy til Sotra,
13,2021,13568,Storevik,ikke-medikamentell,,,,,,deler av lokaliteten,4645,ASKVOLL,46,Vestland,61.47627,5.285,4,Nordhordaland til Stadt,
13,2021,22335,Storvika,ikke-medikamentell,,,,,,deler av lokaliteten,1579,HUSTADVIKA,15,Møre og Romsdal,62.8021,6.977733,5,Stadt til Hustadvika,
13,2021,13644,Tepstad,ikke-medikamentell,,,,,,deler av lokaliteten,4630,OSTERØY,46,Vestland,60.553032,5.385317,4,Nordhordaland til Stadt,
13,2021,32717,Tranøya N,ikke-medikamentell,,,,,,hele lokaliteten,5057,ØRLAND,50,Trøndelag,63.87185,9.76985,6,Nordmøre og Sør-Trøndelag,
13,2021,35517,Vadholmen,ikke-medikamentell,,,,,,deler av lokaliteten,4626,ØYGARDEN,46,Vestland,60.695,4.761117,4,Nordhordaland til Stadt,
12,2021,13563,Angelskår,ikke-medikamentell,,,,,,deler av lokaliteten,4630,OSTERØY,46,Vestland,60.523335,5.352617,4,Nordhordaland til Stadt,
12,2021,13341,Bakjestranda,ikke-medikamentell,,,,,,deler av lokaliteten,4648,BREMANGER,46,Vestland,61.82025,4.940267,4,Nordhordaland til Stadt,
12,2021,12156,Blom,ikke-medikamentell,,,,,,deler av lokaliteten,4630,OSTERØY,46,Vestland,60.436516,5.56465,4,Nordhordaland til Stadt,
12,2021,11857,Buksevika,ikke-medikamentell,,,,,,deler av lokaliteten,4207,FLEKKEFJORD,42,Agder,58.2074,6.63505,1,Svenskegrensen til Jæren,
12,2021,11076,Digermulen,medikamentell,fôrbehandling,Emamectin benzoat,,,,hele lokaliteten,1836,RØDØY,18,Nordland,66.67648,13.316867,8,Helgeland til Bodø,
12,2021,14799,Djupestallen,ikke-medikamentell,,,,,,deler av lokaliteten,4616,TYSNES,46,Vestland,60.058968,5.452733,3,Karmøy til Sotra,
12,2021,10338,Djupevik,ikke-medikamentell,,,,,,deler av lokaliteten,4622,KVAM,46,Vestland,60.4075,6.356717,3,Karmøy til Sotra,
12,2021,13870,Eikebærånæ,ikke-medikamentell,,,,,,deler av lokaliteten,4631,ALVER,46,Vestland,60.563232,5.3535,4,Nordhordaland til Stadt,
12,2021,10229,Fætten,ikke-medikamentell,,,,,,deler av lokaliteten,5055,HEIM,50,Trøndelag,63.144585,8.459567,6,Nordmøre og Sør-Trøndelag,
12,2021,29876,Flotaren,ikke-medikamentell,,,,,,deler av lokaliteten,5049,FLATANGER,50,Trøndelag,64.52398,10.761667,7,Nord-Trøndelag med Bindal,
12,2021,33617,Gjerde,ikke-medikamentell,,,,,,deler av lokaliteten,1576,AURE,15,Møre og Romsdal,63.299667,8.418333,6,Nordmøre og Sør-Trøndelag,
12,2021,11657,Gråvika,ikke-medikamentell,,,,,,deler av lokaliteten,4635,GULEN,46,Vestland,60.863083,4.935283,4,Nordhordaland til Stadt,
12,2021,22095,Hågardsneset,ikke-medikamentell,,,,,,hele lokaliteten,4617,KVINNHERAD,46,Vestland,59.9844,5.929967,3,Karmøy til Sotra,
12,2021,34397,Hyseneset,ikke-medikamentell,,,,,,deler av lokaliteten,4635,GULEN,46,Vestland,60.86,4.963083,4,Nordhordaland til Stadt,
12,2021,11689,Kjerringneset,ikke-medikamentell,,,,,,deler av lokaliteten,4635,GULEN,46,Vestland,60.960182,5.106783,4,Nordhordaland til Stadt,
12,2021,30297,Krabbholmen,ikke-medikamentell,,,,,,deler av lokaliteten,5058,ÅFJORD,50,Trøndelag,63.944485,9.8814,6,Nordmøre og Sør-Trøndelag,
12,2021,33177,Krabbholmen II,ikke-medikamentell,,,,,,deler av lokaliteten,5058,ÅFJORD,50,Trøndelag,63.94,9.886633,6,Nordmøre og Sør-Trøndelag,
12,2021,11719,Kråkenes,ikke-medikamentell,,,,,,deler av lokaliteten,4636,SOLUND,46,Vestland,61.05835,4.921317,4,Nordhordaland til Stadt,
12,2021,12239,Kråknes,ikke-medikamentell,,,,,,deler av lokaliteten,1547,AUKRA,15,Møre og Romsdal,62.83145,6.962733,5,Stadt til Hustadvika,
12,2021,12652,Kråkøya,medikamentell,fôrbehandling,Emamectin benzoat,,,,hele lokaliteten,5060,NÆRØYSUND,50,Trøndelag,65.003784,11.042367,7,Nord-Trøndelag med Bindal,
12,2021,18217,Kvaløy Ø,ikke-medikamentell,,,,,,deler av lokaliteten,1149,KARMØY,11,Rogaland,59.396633,5.171083,3,Karmøy til Sotra,
12,2021,10080,Laksevika,ikke-medikamentell,,,,,,deler av lokaliteten,4631,ALVER,46,Vestland,60.53015,5.11575,4,Nordhordaland til Stadt,
12,2021,12993,Lamøya,ikke-medikamentell,,,,,,deler av lokaliteten,5014,FRØYA,50,Trøndelag,63.73305,8.854983,6,Nordmøre og Sør-Trøndelag,
12,2021,11791,Langeråa,ikke-medikamentell,,,,,,deler av lokaliteten,4602,KINN,46,Vestland,61.63405,4.86525,4,Nordhordaland til Stadt,
12,2021,14039,Litle Lunnøy,ikke-medikamentell,,,,,,deler av lokaliteten,4625,AUSTEVOLL,46,Vestland,60.02005,5.169533,3,Karmøy til Sotra,
12,2021,14043,Lybergsvika,ikke-medikamentell,,,,,,deler av lokaliteten,1539,RAUMA,15,Møre og Romsdal,62.64515,7.450533,5,Stadt til Hustadvika,
12,2021,33337,Lyngnes,ikke-medikamentell,,,,,,deler av lokaliteten,4624,BJØRNAFJORDEN,46,Vestland,60.119682,5.719817,3,Karmøy til Sotra,
12,2021,35897,Nye Hessvik,ikke-medikamentell,,,,,,deler av lokaliteten,4618,ULLENSVANG,46,Vestland,60.130184,6.126617,3,Karmøy til Sotra,
12,2021,29896,Renndalen,ikke-medikamentell,,,,,,hele lokaliteten,5055,HEIM,50,Trøndelag,63.176117,8.6172,6,Nordmøre og Sør-Trøndelag,
12,2021,11856,Salvågvika,ikke-medikamentell,,,,,,deler av lokaliteten,4207,FLEKKEFJORD,42,Agder,58.227165,6.632767,1,Svenskegrensen til Jæren,
12,2021,18898,Skaftå,ikke-medikamentell,,,,,,deler av lokaliteten,4630,OSTERØY,46,Vestland,60.4557,5.626183,4,Nordhordaland til Stadt,
12,2021,31117,Skrubbo,ikke-medikamentell,,,,,,deler av lokaliteten,4624,BJØRNAFJORDEN,46,Vestland,60.15632,5.713217,3,Karmøy til Sotra,
12,2021,12154,Smørdalen,ikke-medikamentell,,,,,,deler av lokaliteten,4634,MASFJORDEN,46,Vestland,60.868183,5.551717,4,Nordhordaland til Stadt,
12,2021,22335,Storvika,ikke-medikamentell,,,,,,deler av lokaliteten,1579,HUSTADVIKA,15,Møre og Romsdal,62.8021,6.977733,5,Stadt til Hustadvika,
12,2021,11813,Svinøy V,medikamentell,badebehandling,Azamethiphos,,,,hele lokaliteten,4646,FJALER,46,Vestland,61.30475,5.101317,4,Nordhordaland til Stadt,
12,2021,13644,Tepstad,ikke-medikamentell,,,,,,deler av lokaliteten,4630,OSTERØY,46,Vestland,60.553032,5.385317,4,Nordhordaland til Stadt,
12,2021,30717,Tveitnes,ikke-medikamentell,,,,,,deler av lokaliteten,4622,KVAM,46,Vestland,60.414185,6.402,3,Karmøy til Sotra,
12,2021,35517,Vadholmen,ikke-medikamentell,,,,,,deler av lokaliteten,4626,ØYGARDEN,46,Vestland,60.695,4.761117,4,Nordhordaland til Stadt,
12,2021,35657,Varden,ikke-medikamentell,,,,,,deler av lokaliteten,5056,HITRA,50,Trøndelag,63.635715,9.186467,6,Nordmøre og Sør-Trøndelag,
11,2021,11756,Allersholmen,medikamentell,badebehandling,Azamethiphos,,,,hele lokaliteten,4632,AUSTRHEIM,46,Vestland,60.774868,4.853533,4,Nordhordaland til Stadt,
11,2021,29816,Apalvikneset,medikamentell,badebehandling,Hydrogenperoksid,,,,hele lokaliteten,4618,ULLENSVANG,46,Vestland,60.146217,6.121133,3,Karmøy til Sotra,
11,2021,12466,Brettingen,ikke-medikamentell,,,,,,deler av lokaliteten,1573,SMØLA,15,Møre og Romsdal,63.3582,8.237267,6,Nordmøre og Sør-Trøndelag,
11,2021,12361,Bukkholmen S,ikke-medikamentell,,,,,,deler av lokaliteten,5014,FRØYA,50,Trøndelag,63.72378,8.8621,6,Nordmøre og Sør-Trøndelag,
11,2021,11857,Buksevika,ikke-medikamentell,,,,,,deler av lokaliteten,4207,FLEKKEFJORD,42,Agder,58.2074,6.63505,1,Svenskegrensen til Jæren,
11,2021,21336,Djupeleget,ikke-medikamentell,,,,,,hele lokaliteten,4638,HØYANGER,46,Vestland,61.16942,5.80735,4,Nordhordaland til Stadt,
11,2021,10229,Fætten,ikke-medikamentell,,,,,,deler av lokaliteten,5055,HEIM,50,Trøndelag,63.144585,8.459567,6,Nordmøre og Sør-Trøndelag,
11,2021,24315,Gjæsingen,ikke-medikamentell,,,,,,deler av lokaliteten,5058,ÅFJORD,50,Trøndelag,64.117615,9.981417,6,Nordmøre og Sør-Trøndelag,
11,2021,11657,Gråvika,ikke-medikamentell,,,,,,deler av lokaliteten,4635,GULEN,46,Vestland,60.863083,4.935283,4,Nordhordaland til Stadt,
11,2021,34397,Hyseneset,ikke-medikamentell,,,,,,deler av lokaliteten,4635,GULEN,46,Vestland,60.86,4.963083,4,Nordhordaland til Stadt,
11,2021,11665,Jibbersholmane,ikke-medikamentell,,,,,,deler av lokaliteten,4631,ALVER,46,Vestland,60.752533,4.884617,4,Nordhordaland til Stadt,
11,2021,11652,Kjeppevikholmen,ikke-medikamentell,,,,,,deler av lokaliteten,4631,ALVER,46,Vestland,60.54283,5.0378,4,Nordhordaland til Stadt,
11,2021,11534,Klungsholmen,ikke-medikamentell,,,,,,deler av lokaliteten,4613,BØMLO,46,Vestland,59.596783,5.161567,3,Karmøy til Sotra,
11,2021,10113,Kobbavika,ikke-medikamentell,,,,,,deler av lokaliteten,1103,STAVANGER,11,Rogaland,59.12232,5.934433,2,Ryfylke,
11,2021,10080,Laksevika,medikamentell,badebehandling,Azamethiphos,,,,deler av lokaliteten,4631,ALVER,46,Vestland,60.53015,5.11575,4,Nordhordaland til Stadt,
11,2021,12633,Lyrnesset,ikke-medikamentell,,,,,,deler av lokaliteten,5049,FLATANGER,50,Trøndelag,64.5256,10.748133,7,Nord-Trøndelag med Bindal,
11,2021,35477,Makrellskjæret,ikke-medikamentell,,,,,,deler av lokaliteten,5049,FLATANGER,50,Trøndelag,64.54919,10.7341,7,Nord-Trøndelag med Bindal,
11,2021,13541,Midtflua,ikke-medikamentell,,,,,,deler av lokaliteten,4616,TYSNES,46,Vestland,60.076633,5.467067,3,Karmøy til Sotra,
11,2021,10136,Onarøy,medikamentell,badebehandling,Hydrogenperoksid,,,,deler av lokaliteten,4616,TYSNES,46,Vestland,59.95335,5.669683,3,Karmøy til Sotra,
11,2021,29116,Reiråklakken,ikke-medikamentell,,,,,,deler av lokaliteten,1573,SMØLA,15,Møre og Romsdal,63.44995,8.167133,6,Nordmøre og Sør-Trøndelag,
11,2021,10216,Skåren,ikke-medikamentell,,,,,,deler av lokaliteten,5055,HEIM,50,Trøndelag,63.076283,8.191733,6,Nordmøre og Sør-Trøndelag,
11,2021,12108,Skorpo Nv,ikke-medikamentell,,,,,,deler av lokaliteten,4617,KVINNHERAD,46,Vestland,59.95323,5.827133,3,Karmøy til Sotra,
11,2021,38577,Skreda,ikke-medikamentell,,,,,,deler av lokaliteten,4636,SOLUND,46,Vestland,61.14635,5.08115,4,Nordhordaland til Stadt,
11,2021,18657,Skredstivik,ikke-medikamentell,,,,,,deler av lokaliteten,4637,HYLLESTAD,46,Vestland,61.15495,5.133333,4,Nordhordaland til Stadt,
11,2021,17575,Tollaksholmen,medikamentell,badebehandling,Azamethiphos,,,,hele lokaliteten,1145,BOKN,11,Rogaland,59.251984,5.3895,2,Ryfylke,
11,2021,10332,Trommo,ikke-medikamentell,,,,,,deler av lokaliteten,4617,KVINNHERAD,46,Vestland,60.08243,6.080067,3,Karmøy til Sotra,
11,2021,10091,Vågsøya,ikke-medikamentell,,,,,,deler av lokaliteten,4602,KINN,46,Vestland,61.490383,5.0247,4,Nordhordaland til Stadt,
10,2021,10331,Åkre,ikke-medikamentell,,,,,,deler av lokaliteten,4617,KVINNHERAD,46,Vestland,60.11283,6.044717,3,Karmøy til Sotra,
10,2021,11756,Allersholmen,medikamentell,badebehandling,Azamethiphos,,,,hele lokaliteten,4632,AUSTRHEIM,46,Vestland,60.774868,4.853533,4,Nordhordaland til Stadt,
10,2021,13563,Angelskår,ikke-medikamentell,,,,,,deler av lokaliteten,4630,OSTERØY,46,Vestland,60.523335,5.352617,4,Nordhordaland til Stadt,
10,2021,12988,Aukrasanden,ikke-medikamentell,,,,,,deler av lokaliteten,1547,AUKRA,15,Møre og Romsdal,62.783417,6.92605,5,Stadt til Hustadvika,
10,2021,12466,Brettingen,ikke-medikamentell,,,,,,deler av lokaliteten,1573,SMØLA,15,Møre og Romsdal,63.3582,8.237267,6,Nordmøre og Sør-Trøndelag,
10,2021,31437,Fuglåsen,ikke-medikamentell,,,,,,deler av lokaliteten,1573,SMØLA,15,Møre og Romsdal,63.44715,8.167767,6,Nordmøre og Sør-Trøndelag,
10,2021,24315,Gjæsingen,ikke-medikamentell,,,,,,deler av lokaliteten,5058,ÅFJORD,50,Trøndelag,64.117615,9.981417,6,Nordmøre og Sør-Trøndelag,
10,2021,24735,Gulholmen,ikke-medikamentell,,,,,,deler av lokaliteten,4624,BJØRNAFJORDEN,46,Vestland,60.1282,5.400467,3,Karmøy til Sotra,
10,2021,38217,Hardbakkeneset,ikke-medikamentell,,,,,,deler av lokaliteten,4635,GULEN,46,Vestland,61.01673,4.950517,4,Nordhordaland til Stadt,
10,2021,19939,Høysteinen,ikke-medikamentell,,,,,,deler av lokaliteten,4617,KVINNHERAD,46,Vestland,60.157417,6.050117,3,Karmøy til Sotra,
10,2021,13567,Knappen Solheim,ikke-medikamentell,,,,,,hele lokaliteten,4634,MASFJORDEN,46,Vestland,60.8852,5.462083,4,Nordhordaland til Stadt,
10,2021,28396,Lindarholmen,medikamentell,badebehandling,Hydrogenperoksid,,,,deler av lokaliteten,4616,TYSNES,46,Vestland,60.083866,5.63925,3,Karmøy til Sotra,
10,2021,12978,Lyngholmen,ikke-medikamentell,,,,,,deler av lokaliteten,4635,GULEN,46,Vestland,61.016933,5.007033,4,Nordhordaland til Stadt,
10,2021,12904,Merraberget,medikamentell,badebehandling,Annet virkestoff,,,,hele lokaliteten,1506,MOLDE,15,Møre og Romsdal,62.7838,8.27825,6,Nordmøre og Sør-Trøndelag,
10,2021,20315,Overåneset V,ikke-medikamentell,,,,,,hele lokaliteten,1525,STRANDA,15,Møre og Romsdal,62.30065,7.085433,5,Stadt til Hustadvika,
10,2021,29116,Reiråklakken,ikke-medikamentell,,,,,,deler av lokaliteten,1573,SMØLA,15,Møre og Romsdal,63.44995,8.167133,6,Nordmøre og Sør-Trøndelag,
10,2021,15462,Sarnes,medikamentell,fôrbehandling,Annet virkestoff,,,,hele lokaliteten,5435,NORDKAPP,54,Troms og Finnmark,70.98,25.747833,12,Vest-Finnmark,
10,2021,12048,Skiftesneset N,ikke-medikamentell,,,,,,hele lokaliteten,4624,BJØRNAFJORDEN,46,Vestland,60.0711,5.736867,3,Karmøy til Sotra,
10,2021,10660,Skinnstakkvika,medikamentell,badebehandling,Deltamethrin,,,,deler av lokaliteten,5434,MÅSØY,54,Troms og Finnmark,70.88918,24.944717,12,Vest-Finnmark,
10,2021,11861,Skipningsdalen,ikke-medikamentell,,,,,,deler av lokaliteten,4207,FLEKKEFJORD,42,Agder,58.24148,6.5958,1,Svenskegrensen til Jæren,
10,2021,12108,Skorpo Nv,ikke-medikamentell,,,,,,deler av lokaliteten,4617,KVINNHERAD,46,Vestland,59.95323,5.827133,3,Karmøy til Sotra,
10,2021,38577,Skreda,ikke-medikamentell,,,,,,deler av lokaliteten,4636,SOLUND,46,Vestland,61.14635,5.08115,4,Nordhordaland til Stadt,
10,2021,31117,Skrubbo,ikke-medikamentell,,,,,,deler av lokaliteten,4624,BJØRNAFJORDEN,46,Vestland,60.15632,5.713217,3,Karmøy til Sotra,
10,2021,12154,Smørdalen,ikke-medikamentell,,,,,,deler av lokaliteten,4634,MASFJORDEN,46,Vestland,60.868183,5.551717,4,Nordhordaland til Stadt,
10,2021,13032,Sølvøyane,ikke-medikamentell,,,,,,deler av lokaliteten,4613,BØMLO,46,Vestland,59.609516,5.133367,3,Karmøy til Sotra,
10,2021,10311,Storlia,medikamentell,fôrbehandling,Emamectin benzoat,,,,deler av lokaliteten,4637,HYLLESTAD,46,Vestland,61.203133,5.193833,4,Nordhordaland til Stadt,
10,2021,31338,Storskjeret,ikke-medikamentell,,,,,,deler av lokaliteten,1576,AURE,15,Møre og Romsdal,63.26985,8.228283,6,Nordmøre og Sør-Trøndelag,
10,2021,36100,Suholmen,ikke-medikamentell,,,,,,deler av lokaliteten,1573,SMØLA,15,Møre og Romsdal,63.494934,8.02235,6,Nordmøre og Sør-Trøndelag,
10,2021,13644,Tepstad,ikke-medikamentell,,,,,,deler av lokaliteten,4630,OSTERØY,46,Vestland,60.553032,5.385317,4,Nordhordaland til Stadt,
10,2021,10054,Tobbeholmane,ikke-medikamentell,,,,,,deler av lokaliteten,4625,AUSTEVOLL,46,Vestland,60.02432,5.30815,3,Karmøy til Sotra,
10,2021,30717,Tveitnes,ikke-medikamentell,,,,,,deler av lokaliteten,4622,KVAM,46,Vestland,60.414185,6.402,3,Karmøy til Sotra,
10,2021,32337,Veiesund,ikke-medikamentell,,,,,,deler av lokaliteten,4602,KINN,46,Vestland,61.57187,5.047283,4,Nordhordaland til Stadt,
10,2021,13306,Ystevika,medikamentell,badebehandling,Azamethiphos,,,,deler av lokaliteten,5412,TJELDSUND,54,Troms og Finnmark,68.69432,17.05325,10,Andøya til Senja,
9,2021,11756,Allersholmen,medikamentell,badebehandling,Azamethiphos,,,,hele lokaliteten,4632,AUSTRHEIM,46,Vestland,60.774868,4.853533,4,Nordhordaland til Stadt,
9,2021,12988,Aukrasanden,ikke-medikamentell,,,,,,deler av lokaliteten,1547,AUKRA,15,Møre og Romsdal,62.783417,6.92605,5,Stadt til Hustadvika,
9,2021,10338,Djupevik,ikke-medikamentell,,,,,,deler av lokaliteten,4622,KVAM,46,Vestland,60.4075,6.356717,3,Karmøy til Sotra,
9,2021,11833,Flåtegrunnen,ikke-medikamentell,,,,,,deler av lokaliteten,4602,KINN,46,Vestland,61.57565,4.80805,4,Nordhordaland til Stadt,
9,2021,31437,Fuglåsen,ikke-medikamentell,,,,,,deler av lokaliteten,1573,SMØLA,15,Møre og Romsdal,63.44715,8.167767,6,Nordmøre og Sør-Trøndelag,
9,2021,17177,Grunneneset,medikamentell,badebehandling,Azamethiphos,,,,hele lokaliteten,4648,BREMANGER,46,Vestland,61.89445,5.34815,4,Nordhordaland til Stadt,
9,2021,24735,Gulholmen,ikke-medikamentell,,,,,,deler av lokaliteten,4624,BJØRNAFJORDEN,46,Vestland,60.1282,5.400467,3,Karmøy til Sotra,
9,2021,24035,Håvikvågen S,ikke-medikamentell,,,,,,deler av lokaliteten,4624,BJØRNAFJORDEN,46,Vestland,60.170483,5.699283,3,Karmøy til Sotra,
9,2021,19939,Høysteinen,ikke-medikamentell,,,,,,deler av lokaliteten,4617,KVINNHERAD,46,Vestland,60.157417,6.050117,3,Karmøy til Sotra,
9,2021,10113,Kobbavika,ikke-medikamentell,,,,,,deler av lokaliteten,1103,STAVANGER,11,Rogaland,59.12232,5.934433,2,Ryfylke,
9,2021,10080,Laksevika,medikamentell,badebehandling,Azamethiphos,,,,deler av lokaliteten,4631,ALVER,46,Vestland,60.53015,5.11575,4,Nordhordaland til Stadt,
9,2021,12993,Lamøya,ikke-medikamentell,,,,,,deler av lokaliteten,5014,FRØYA,50,Trøndelag,63.73305,8.854983,6,Nordmøre og Sør-Trøndelag,
9,2021,14086,Lelandsholmen,ikke-medikamentell,,,,,,deler av lokaliteten,4613,BØMLO,46,Vestland,59.72855,5.152383,3,Karmøy til Sotra,
9,2021,28396,Lindarholmen,medikamentell,badebehandling,Hydrogenperoksid,,,,deler av lokaliteten,4616,TYSNES,46,Vestland,60.083866,5.63925,3,Karmøy til Sotra,
9,2021,12978,Lyngholmen,ikke-medikamentell,,,,,,deler av lokaliteten,4635,GULEN,46,Vestland,61.016933,5.007033,4,Nordhordaland til Stadt,
9,2021,12047,Mjåneset,ikke-medikamentell,,,,,,deler av lokaliteten,4624,BJØRNAFJORDEN,46,Vestland,60.1763,5.7231,3,Karmøy til Sotra,
9,2021,23816,Nordbotnet,ikke-medikamentell,,,,,,deler av lokaliteten,1828,NESNA,18,Nordland,66.25612,12.8942,8,Helgeland til Bodø,
9,2021,12071,Ommundsteigen,medikamentell,badebehandling,Azamethiphos,,,,deler av lokaliteten,1134,SULDAL,11,Rogaland,59.55078,6.5131,2,Ryfylke,
9,2021,15462,Sarnes,medikamentell,fôrbehandling,Annet virkestoff,,,,hele lokaliteten,5435,NORDKAPP,54,Troms og Finnmark,70.98,25.747833,12,Vest-Finnmark,
9,2021,38577,Skreda,ikke-medikamentell,,,,,,deler av lokaliteten,4636,SOLUND,46,Vestland,61.14635,5.08115,4,Nordhordaland til Stadt,
9,2021,31338,Storskjeret,ikke-medikamentell,,,,,,deler av lokaliteten,1576,AURE,15,Møre og Romsdal,63.26985,8.228283,6,Nordmøre og Sør-Trøndelag,
9,2021,12839,Vindsnes,ikke-medikamentell,,,,,,hele lokaliteten,1578,FJORD,15,Møre og Romsdal,62.28505,7.279633,5,Stadt til Hustadvika,
8,2021,12988,Aukrasanden,ikke-medikamentell,,,,,,deler av lokaliteten,1547,AUKRA,15,Møre og Romsdal,62.783417,6.92605,5,Stadt til Hustadvika,
8,2021,13341,Bakjestranda,ikke-medikamentell,,,,,,deler av lokaliteten,4648,BREMANGER,46,Vestland,61.82025,4.940267,4,Nordhordaland til Stadt,
8,2021,12156,Blom,ikke-medikamentell,,,,,,deler av lokaliteten,4630,OSTERØY,46,Vestland,60.436516,5.56465,4,Nordhordaland til Stadt,
8,2021,10212,Bogen,ikke-medikamentell,,,,,,deler av lokaliteten,1505,KRISTIANSUND,15,Møre og Romsdal,63.076782,7.9046,6,Nordmøre og Sør-Trøndelag,
8,2021,14799,Djupestallen,ikke-medikamentell,,,,,,deler av lokaliteten,4616,TYSNES,46,Vestland,60.058968,5.452733,3,Karmøy til Sotra,
8,2021,32597,Fjordprakken,ikke-medikamentell,,,,,,deler av lokaliteten,1573,SMØLA,15,Møre og Romsdal,63.256516,7.928067,6,Nordmøre og Sør-Trøndelag,
8,2021,14035,Guleskjeret,ikke-medikamentell,,,,,,deler av lokaliteten,4636,SOLUND,46,Vestland,61.041134,4.79225,4,Nordhordaland til Stadt,
8,2021,24735,Gulholmen,medikamentell,badebehandling,Azamethiphos,,,,deler av lokaliteten,4624,BJØRNAFJORDEN,46,Vestland,60.1282,5.400467,3,Karmøy til Sotra,
8,2021,33957,Hofsøya,ikke-medikamentell,,,,,,deler av lokaliteten,5014,FRØYA,50,Trøndelag,63.7224,8.9145,6,Nordmøre og Sør-Trøndelag,
8,2021,25235,Humulen,ikke-medikamentell,,,,,,deler av lokaliteten,5060,NÆRØYSUND,50,Trøndelag,64.94605,11.372467,7,Nord-Trøndelag med Bindal,
8,2021,12224,Isane,ikke-medikamentell,,,,,,hele lokaliteten,4648,BREMANGER,46,Vestland,61.87725,5.725583,4,Nordhordaland til Stadt,
8,2021,30297,Krabbholmen,medikamentell,fôrbehandling,Emamectin benzoat,,,,hele lokaliteten,5058,ÅFJORD,50,Trøndelag,63.944485,9.8814,6,Nordmøre og Sør-Trøndelag,
8,2021,30297,Krabbholmen,medikamentell,fôrbehandling,Emamectin benzoat,,,,hele lokaliteten,5058,ÅFJORD,50,Trøndelag,63.944485,9.8814,6,Nordmøre og Sør-Trøndelag,
8,2021,10080,Laksevika,medikamentell,badebehandling,Azamethiphos,,,,deler av lokaliteten,4631,ALVER,46,Vestland,60.53015,5.11575,4,Nordhordaland til Stadt,
8,2021,33337,Lyngnes,ikke-medikamentell,,,,,,deler av lokaliteten,4624,BJØRNAFJORDEN,46,Vestland,60.119682,5.719817,3,Karmøy til Sotra,
8,2021,10814,Mårsanjarga,medikamentell,badebehandling,Azamethiphos,,,,deler av lokaliteten,5403,ALTA,54,Troms og Finnmark,70.23962,23.286882,12,Vest-Finnmark,
8,2021,12047,Mjåneset,ikke-medikamentell,,,,,,deler av lokaliteten,4624,BJØRNAFJORDEN,46,Vestland,60.1763,5.7231,3,Karmøy til Sotra,
8,2021,13554,Overåneset,ikke-medikamentell,,,,,,hele lokaliteten,1525,STRANDA,15,Møre og Romsdal,62.294285,7.12155,5,Stadt til Hustadvika,
8,2021,10149,Rafdal,medikamentell,badebehandling,Azamethiphos,,,,hele lokaliteten,4611,ETNE,46,Vestland,59.790016,6.175783,3,Karmøy til Sotra,
8,2021,11770,Rotøy,ikke-medikamentell,,,,,,deler av lokaliteten,4626,ØYGARDEN,46,Vestland,60.682816,4.759617,4,Nordhordaland til Stadt,
8,2021,11856,Salvågvika,ikke-medikamentell,,,,,,hele lokaliteten,4207,FLEKKEFJORD,42,Agder,58.227165,6.632767,1,Svenskegrensen til Jæren,
8,2021,18898,Skaftå,ikke-medikamentell,,,,,,deler av lokaliteten,4630,OSTERØY,46,Vestland,60.4557,5.626183,4,Nordhordaland til Stadt,
8,2021,10660,Skinnstakkvika,medikamentell,badebehandling,Deltamethrin,,,,deler av lokaliteten,5434,MÅSØY,54,Troms og Finnmark,70.88918,24.944717,12,Vest-Finnmark,
8,2021,13125,Storvika,ikke-medikamentell,,,,,,deler av lokaliteten,1837,MELØY,18,Nordland,66.80845,13.242517,8,Helgeland til Bodø,
8,2021,12081,Straumneset,ikke-medikamentell,,,,,,hele lokaliteten,4618,ULLENSVANG,46,Vestland,60.221333,6.140133,3,Karmøy til Sotra,
8,2021,26575,Teigane,medikamentell,badebehandling,Azamethiphos,,,,deler av lokaliteten,1134,SULDAL,11,Rogaland,59.520332,6.337233,2,Ryfylke,
8,2021,10332,Trommo,ikke-medikamentell,,,,,,deler av lokaliteten,4617,KVINNHERAD,46,Vestland,60.08243,6.080067,3,Karmøy til Sotra,
8,2021,30717,Tveitnes,ikke-medikamentell,,,,,,deler av lokaliteten,4622,KVAM,46,Vestland,60.414185,6.402,3,Karmøy til Sotra,
8,2021,12077,Tveitnesvik,ikke-medikamentell,,,,,,hele lokaliteten,4617,KVINNHERAD,46,Vestland,60.10592,6.20525,3,Karmøy til Sotra,
8,2021,35517,Vadholmen,ikke-medikamentell,,,,,,deler av lokaliteten,4626,ØYGARDEN,46,Vestland,60.695,4.761117,4,Nordhordaland til Stadt,
8,2021,27315,Vikane 1,ikke-medikamentell,,,,,,hele lokaliteten,4618,ULLENSVANG,46,Vestland,60.263668,6.208383,3,Karmøy til Sotra,
8,2021,12839,Vindsnes,ikke-medikamentell,,,,,,deler av lokaliteten,1578,FJORD,15,Møre og Romsdal,62.28505,7.279633,5,Stadt til Hustadvika,
7,2021,13563,Angelskår,ikke-medikamentell,,,,,,deler av lokaliteten,4630,OSTERØY,46,Vestland,60.523335,5.352617,4,Nordhordaland til Stadt,
7,2021,10212,Bogen,ikke-medikamentell,,,,,,deler av lokaliteten,1505,KRISTIANSUND,15,Møre og Romsdal,63.076782,7.9046,6,Nordmøre og Sør-Trøndelag,
7,2021,12040,Brandaskuta,ikke-medikamentell,,,,,,hele lokaliteten,4617,KVINNHERAD,46,Vestland,59.975735,5.909183,3,Karmøy til Sotra,
7,2021,12237,Brudevika,medikamentell,fôrbehandling,Emamectin benzoat,,,,deler av lokaliteten,1511,VANYLVEN,15,Møre og Romsdal,62.116566,5.420717,5,Stadt til Hustadvika,
7,2021,12361,Bukkholmen S,ikke-medikamentell,,,,,,deler av lokaliteten,5014,FRØYA,50,Trøndelag,63.72378,8.8621,6,Nordmøre og Sør-Trøndelag,
7,2021,20455,Djupevika,ikke-medikamentell,,,,,,deler av lokaliteten,4617,KVINNHERAD,46,Vestland,60.04095,6.009367,3,Karmøy til Sotra,
7,2021,14035,Guleskjeret,ikke-medikamentell,,,,,,deler av lokaliteten,4636,SOLUND,46,Vestland,61.041134,4.79225,4,Nordhordaland til Stadt,
7,2021,22095,Hågardsneset,ikke-medikamentell,,,,,,deler av lokaliteten,4617,KVINNHERAD,46,Vestland,59.9844,5.929967,3,Karmøy til Sotra,
7,2021,13838,Hegnes,medikamentell,fôrbehandling,Emamectin benzoat,,,,hele lokaliteten,4646,FJALER,46,Vestland,61.356335,5.284667,4,Nordhordaland til Stadt,
7,2021,33957,Hofsøya,ikke-medikamentell,,,,,,deler av lokaliteten,5014,FRØYA,50,Trøndelag,63.7224,8.9145,6,Nordmøre og Sør-Trøndelag,
7,2021,33218,Hosenøyan,ikke-medikamentell,,,,,,deler av lokaliteten,5058,ÅFJORD,50,Trøndelag,64.08518,9.884683,6,Nordmøre og Sør-Trøndelag,
7,2021,12224,Isane,ikke-medikamentell,,,,,,hele lokaliteten,4648,BREMANGER,46,Vestland,61.87725,5.725583,4,Nordhordaland til Stadt,
7,2021,11665,Jibbersholmane,ikke-medikamentell,,,,,,deler av lokaliteten,4631,ALVER,46,Vestland,60.752533,4.884617,4,Nordhordaland til Stadt,
7,2021,11689,Kjerringneset,ikke-medikamentell,,,,,,hele lokaliteten,4635,GULEN,46,Vestland,60.960182,5.106783,4,Nordhordaland til Stadt,
7,2021,29476,Klokkardalen,medikamentell,badebehandling,Deltamethrin,,,,hele lokaliteten,5401,TROMSØ,54,Troms og Finnmark,69.70953,18.363983,11,Kvaløya til Loppa,
7,2021,30297,Krabbholmen,medikamentell,fôrbehandling,Emamectin benzoat,,,,hele lokaliteten,5058,ÅFJORD,50,Trøndelag,63.944485,9.8814,6,Nordmøre og Sør-Trøndelag,
7,2021,30297,Krabbholmen,medikamentell,fôrbehandling,Emamectin benzoat,,,,hele lokaliteten,5058,ÅFJORD,50,Trøndelag,63.944485,9.8814,6,Nordmøre og Sør-Trøndelag,
7,2021,33177,Krabbholmen II,medikamentell,fôrbehandling,Emamectin benzoat,,,,hele lokaliteten,5058,ÅFJORD,50,Trøndelag,63.94,9.886633,6,Nordmøre og Sør-Trøndelag,
7,2021,33177,Krabbholmen II,medikamentell,fôrbehandling,Emamectin benzoat,,,,hele lokaliteten,5058,ÅFJORD,50,Trøndelag,63.94,9.886633,6,Nordmøre og Sør-Trøndelag,
7,2021,33177,Krabbholmen II,medikamentell,fôrbehandling,Emamectin benzoat,,,,hele lokaliteten,5058,ÅFJORD,50,Trøndelag,63.94,9.886633,6,Nordmøre og Sør-Trøndelag,
7,2021,10614,Kråkevik,medikamentell,badebehandling,Deltamethrin,,,,deler av lokaliteten,5403,ALTA,54,Troms og Finnmark,70.262634,23.30475,12,Vest-Finnmark,
7,2021,12993,Lamøya,ikke-medikamentell,,,,,,deler av lokaliteten,5014,FRØYA,50,Trøndelag,63.73305,8.854983,6,Nordmøre og Sør-Trøndelag,
7,2021,26295,Langøy,ikke-medikamentell,,,,,,deler av lokaliteten,4631,ALVER,46,Vestland,60.77947,5.16,4,Nordhordaland til Stadt,
7,2021,28396,Lindarholmen,ikke-medikamentell,,,,,,deler av lokaliteten,4616,TYSNES,46,Vestland,60.083866,5.63925,3,Karmøy til Sotra,
7,2021,26435,Mjølsvik,medikamentell,fôrbehandling,Emamectin benzoat,,,,deler av lokaliteten,4638,HØYANGER,46,Vestland,61.111584,6.0423,4,Nordhordaland til Stadt,
7,2021,11738,Otterholmen,ikke-medikamentell,,,,,,deler av lokaliteten,4631,ALVER,46,Vestland,60.686417,4.908683,4,Nordhordaland til Stadt,
7,2021,13554,Overåneset,ikke-medikamentell,,,,,,deler av lokaliteten,1525,STRANDA,15,Møre og Romsdal,62.294285,7.12155,5,Stadt til Hustadvika,
7,2021,10149,Rafdal,medikamentell,badebehandling,Azamethiphos,,,,hele lokaliteten,4611,ETNE,46,Vestland,59.790016,6.175783,3,Karmøy til Sotra,
7,2021,12019,Saltkjelen II,ikke-medikamentell,,,,,,deler av lokaliteten,4618,ULLENSVANG,46,Vestland,60.248016,6.2014,3,Karmøy til Sotra,
7,2021,19855,Segelråa,ikke-medikamentell,,,,,,hele lokaliteten,1576,AURE,15,Møre og Romsdal,63.149746,8.12855,6,Nordmøre og Sør-Trøndelag,
7,2021,11861,Skipningsdalen,ikke-medikamentell,,,,,,deler av lokaliteten,4207,FLEKKEFJORD,42,Agder,58.24148,6.5958,1,Svenskegrensen til Jæren,
7,2021,38577,Skreda,ikke-medikamentell,,,,,,deler av lokaliteten,4636,SOLUND,46,Vestland,61.14635,5.08115,4,Nordhordaland til Stadt,
7,2021,13568,Storevik,medikamentell,badebehandling,Azamethiphos,,,,hele lokaliteten,4645,ASKVOLL,46,Vestland,61.47627,5.285,4,Nordhordaland til Stadt,
7,2021,31338,Storskjeret,ikke-medikamentell,,,,,,deler av lokaliteten,1576,AURE,15,Møre og Romsdal,63.26985,8.228283,6,Nordmøre og Sør-Trøndelag,
7,2021,13125,Storvika,ikke-medikamentell,,,,,,deler av lokaliteten,1837,MELØY,18,Nordland,66.80845,13.242517,8,Helgeland til Bodø,
7,2021,26575,Teigane,medikamentell,badebehandling,Hydrogenperoksid,,,,deler av lokaliteten,1134,SULDAL,11,Rogaland,59.520332,6.337233,2,Ryfylke,
7,2021,13644,Tepstad,ikke-medikamentell,,,,,,deler av lokaliteten,4630,OSTERØY,46,Vestland,60.553032,5.385317,4,Nordhordaland til Stadt,
7,2021,11252,Vindhammeren,medikamentell,badebehandling,Azamethiphos,,,,hele lokaliteten,1867,BØ I NORDLAND,18,Nordland,68.78065,14.59325,9,Vestfjorden og Vesterålen,
6,2021,11339,Ånderkleiva,medikamentell,badebehandling,Hydrogenperoksid,,,,deler av lokaliteten,5413,IBESTAD,54,Troms og Finnmark,68.925415,17.14895,10,Andøya til Senja,
6,2021,45017,Bakfjorden,medikamentell,fôrbehandling,Emamectin benzoat,,,,hele lokaliteten,5434,MÅSØY,54,Troms og Finnmark,70.87483,24.616966,12,Vest-Finnmark,
6,2021,12156,Blom,ikke-medikamentell,,,,,,deler av lokaliteten,4630,OSTERØY,46,Vestland,60.436516,5.56465,4,Nordhordaland til Stadt,
6,2021,12237,Brudevika,medikamentell,fôrbehandling,Emamectin benzoat,,,,deler av lokaliteten,1511,VANYLVEN,15,Møre og Romsdal,62.116566,5.420717,5,Stadt til Hustadvika,
6,2021,12361,Bukkholmen S,ikke-medikamentell,,,,,,deler av lokaliteten,5014,FRØYA,50,Trøndelag,63.72378,8.8621,6,Nordmøre og Sør-Trøndelag,
6,2021,14799,Djupestallen,medikamentell,badebehandling,Hydrogenperoksid,,,,deler av lokaliteten,4616,TYSNES,46,Vestland,60.058968,5.452733,3,Karmøy til Sotra,
6,2021,13241,Endal Vest,medikamentell,badebehandling,Azamethiphos,,,,hele lokaliteten,4648,BREMANGER,46,Vestland,61.909832,5.464267,4,Nordhordaland til Stadt,
6,2021,31797,Fartøyvika,medikamentell,badebehandling,Azamethiphos,,,,deler av lokaliteten,5434,MÅSØY,54,Troms og Finnmark,70.828514,24.450483,12,Vest-Finnmark,
6,2021,31398,Finnvik,medikamentell,badebehandling,Azamethiphos,,,,deler av lokaliteten,5401,TROMSØ,54,Troms og Finnmark,69.89297,18.807934,11,Kvaløya til Loppa,
6,2021,32597,Fjordprakken,ikke-medikamentell,,,,,,deler av lokaliteten,1573,SMØLA,15,Møre og Romsdal,63.256516,7.928067,6,Nordmøre og Sør-Trøndelag,
6,2021,13036,Gjengane,ikke-medikamentell,,,,,,deler av lokaliteten,4625,AUSTEVOLL,46,Vestland,60.07192,5.305567,3,Karmøy til Sotra,
6,2021,24735,Gulholmen,medikamentell,badebehandling,Azamethiphos,,,,deler av lokaliteten,4624,BJØRNAFJORDEN,46,Vestland,60.1282,5.400467,3,Karmøy til Sotra,
6,2021,19995,Hagahammaren,ikke-medikamentell,,,,,,hele lokaliteten,1576,AURE,15,Møre og Romsdal,63.137917,8.0306,6,Nordmøre og Sør-Trøndelag,
6,2021,12895,Halsbukta,ikke-medikamentell,,,,,,deler av lokaliteten,1560,TINGVOLL,15,Møre og Romsdal,63.077686,8.143622,6,Nordmøre og Sør-Trøndelag,
6,2021,13838,Hegnes,medikamentell,fôrbehandling,Emamectin benzoat,,,,hele lokaliteten,4646,FJALER,46,Vestland,61.356335,5.284667,4,Nordhordaland til Stadt,
6,2021,13119,Hesten,medikamentell,badebehandling,Azamethiphos,,,,hele lokaliteten,5403,ALTA,54,Troms og Finnmark,70.23807,23.40735,12,Vest-Finnmark,
6,2021,10291,Hiskholmen,ikke-medikamentell,,,,,,hele lokaliteten,4613,BØMLO,46,Vestland,59.72585,5.144717,3,Karmøy til Sotra,
6,2021,34397,Hyseneset,ikke-medikamentell,,,,,,deler av lokaliteten,4635,GULEN,46,Vestland,60.86,4.963083,4,Nordhordaland til Stadt,
6,2021,29756,Indre Bringenes,ikke-medikamentell,,,,,,deler av lokaliteten,5421,SENJA,54,Troms og Finnmark,69.48227,17.57155,10,Andøya til Senja,
6,2021,11665,Jibbersholmane,ikke-medikamentell,,,,,,deler av lokaliteten,4631,ALVER,46,Vestland,60.752533,4.884617,4,Nordhordaland til Stadt,
6,2021,29557,Komagnes,ikke-medikamentell,,,,,,deler av lokaliteten,5406,HAMMERFEST,54,Troms og Finnmark,70.4793,23.634216,12,Vest-Finnmark,
6,2021,10224,Korsneset,ikke-medikamentell,,,,,,deler av lokaliteten,5055,HEIM,50,Trøndelag,63.14268,8.225383,6,Nordmøre og Sør-Trøndelag,
6,2021,32097,Korsneset 2,ikke-medikamentell,,,,,,deler av lokaliteten,5055,HEIM,50,Trøndelag,63.14123,8.21375,6,Nordmøre og Sør-Trøndelag,
6,2021,30297,Krabbholmen,medikamentell,fôrbehandling,Emamectin benzoat,,,,hele lokaliteten,5058,ÅFJORD,50,Trøndelag,63.944485,9.8814,6,Nordmøre og Sør-Trøndelag,
6,2021,30297,Krabbholmen,medikamentell,fôrbehandling,Emamectin benzoat,,,,hele lokaliteten,5058,ÅFJORD,50,Trøndelag,63.944485,9.8814,6,Nordmøre og Sør-Trøndelag,
6,2021,33177,Krabbholmen II,medikamentell,fôrbehandling,Emamectin benzoat,,,,hele lokaliteten,5058,ÅFJORD,50,Trøndelag,63.94,9.886633,6,Nordmøre og Sør-Trøndelag,
6,2021,33177,Krabbholmen II,medikamentell,fôrbehandling,Emamectin benzoat,,,,hele lokaliteten,5058,ÅFJORD,50,Trøndelag,63.94,9.886633,6,Nordmøre og Sør-Trøndelag,
6,2021,33177,Krabbholmen II,medikamentell,fôrbehandling,Emamectin benzoat,,,,hele lokaliteten,5058,ÅFJORD,50,Trøndelag,63.94,9.886633,6,Nordmøre og Sør-Trøndelag,
6,2021,10837,Kraken,ikke-medikamentell,,,,,,deler av lokaliteten,5406,HAMMERFEST,54,Troms og Finnmark,70.66655,23.184933,12,Vest-Finnmark,
6,2021,11803,Kyravika,ikke-medikamentell,,,,,,deler av lokaliteten,4646,FJALER,46,Vestland,61.31722,5.160283,4,Nordhordaland til Stadt,
6,2021,12993,Lamøya,ikke-medikamentell,,,,,,deler av lokaliteten,5014,FRØYA,50,Trøndelag,63.73305,8.854983,6,Nordmøre og Sør-Trøndelag,
6,2021,14086,Lelandsholmen,ikke-medikamentell,,,,,,deler av lokaliteten,4613,BØMLO,46,Vestland,59.72855,5.152383,3,Karmøy til Sotra,
6,2021,28396,Lindarholmen,ikke-medikamentell,,,,,,deler av lokaliteten,4616,TYSNES,46,Vestland,60.083866,5.63925,3,Karmøy til Sotra,
6,2021,26435,Mjølsvik,medikamentell,fôrbehandling,Diflubenzuron,,,,deler av lokaliteten,4638,HØYANGER,46,Vestland,61.111584,6.0423,4,Nordhordaland til Stadt,
6,2021,26435,Mjølsvik,medikamentell,fôrbehandling,Emamectin benzoat,,,,deler av lokaliteten,4638,HØYANGER,46,Vestland,61.111584,6.0423,4,Nordhordaland til Stadt,
6,2021,10149,Rafdal,medikamentell,badebehandling,Azamethiphos,,,,deler av lokaliteten,4611,ETNE,46,Vestland,59.790016,6.175783,3,Karmøy til Sotra,
6,2021,13581,Ramstadholmen,medikamentell,fôrbehandling,Emamectin benzoat,,,,hele lokaliteten,5060,NÆRØYSUND,50,Trøndelag,64.754814,11.246033,7,Nord-Trøndelag med Bindal,
6,2021,29896,Renndalen,ikke-medikamentell,,,,,,deler av lokaliteten,5055,HEIM,50,Trøndelag,63.176117,8.6172,6,Nordmøre og Sør-Trøndelag,
6,2021,30757,Skog,medikamentell,fôrbehandling,Emamectin benzoat,,,,hele lokaliteten,5421,SENJA,54,Troms og Finnmark,69.474335,17.878683,10,Andøya til Senja,
6,2021,27436,Solværet,ikke-medikamentell,,,,,,deler av lokaliteten,1573,SMØLA,15,Møre og Romsdal,63.255,7.856933,6,Nordmøre og Sør-Trøndelag,
6,2021,12662,Ternskjæret II,ikke-medikamentell,,,,,,hele lokaliteten,5007,NAMSOS,50,Trøndelag,64.77713,11.639767,7,Nord-Trøndelag med Bindal,
6,2021,35657,Varden,ikke-medikamentell,,,,,,deler av lokaliteten,5056,HITRA,50,Trøndelag,63.635715,9.186467,6,Nordmøre og Sør-Trøndelag,
6,2021,12839,Vindsnes,ikke-medikamentell,,,,,,hele lokaliteten,1578,FJORD,15,Møre og Romsdal,62.28505,7.279633,5,Stadt til Hustadvika,
6,2021,17495,Vullum,ikke-medikamentell,,,,,,deler av lokaliteten,5055,HEIM,50,Trøndelag,63.04965,8.2162,6,Nordmøre og Sør-Trøndelag,
6,2021,29936,Ystadneset,medikamentell,badebehandling,Hydrogenperoksid,,,,deler av lokaliteten,4617,KVINNHERAD,46,Vestland,59.977932,5.77565,3,Karmøy til Sotra,
5,2021,10298,Ålforo,ikke-medikamentell,,,,,,deler av lokaliteten,4615,FITJAR,46,Vestland,59.866417,5.2447,3,Karmøy til Sotra,
5,2021,11339,Ånderkleiva,medikamentell,badebehandling,Hydrogenperoksid,,,,deler av lokaliteten,5413,IBESTAD,54,Troms og Finnmark,68.925415,17.14895,10,Andøya til Senja,
5,2021,13563,Angelskår,ikke-medikamentell,,,,,,deler av lokaliteten,4630,OSTERØY,46,Vestland,60.523335,5.352617,4,Nordhordaland til Stadt,
5,2021,10735,Årøya,medikamentell,badebehandling,Hydrogenperoksid,,,,deler av lokaliteten,5424,LYNGEN,54,Troms og Finnmark,69.66327,20.314917,11,Kvaløya til Loppa,
5,2021,45017,Bakfjorden,medikamentell,fôrbehandling,Emamectin benzoat,,,,hele lokaliteten,5434,MÅSØY,54,Troms og Finnmark,70.87483,24.616966,12,Vest-Finnmark,
5,2021,11087,Bukkøya Ø,ikke-medikamentell,,,,,,deler av lokaliteten,1836,RØDØY,18,Nordland,66.64097,12.994583,8,Helgeland til Bodø,
5,2021,37217,Dale,medikamentell,badebehandling,Azamethiphos,,,,deler av lokaliteten,5402,HARSTAD,54,Troms og Finnmark,68.92503,16.3452,10,Andøya til Senja,
5,2021,37217,Dale,medikamentell,badebehandling,Hydrogenperoksid,,,,deler av lokaliteten,5402,HARSTAD,54,Troms og Finnmark,68.92503,16.3452,10,Andøya til Senja,
5,2021,14799,Djupestallen,ikke-medikamentell,,,,,,deler av lokaliteten,4616,TYSNES,46,Vestland,60.058968,5.452733,3,Karmøy til Sotra,
5,2021,20455,Djupevika,ikke-medikamentell,,,,,,deler av lokaliteten,4617,KVINNHERAD,46,Vestland,60.04095,6.009367,3,Karmøy til Sotra,
5,2021,35877,Eiterfjorden,ikke-medikamentell,,,,,,deler av lokaliteten,5060,NÆRØYSUND,50,Trøndelag,64.971634,11.723933,7,Nord-Trøndelag med Bindal,
5,2021,10229,Fætten,ikke-medikamentell,,,,,,deler av lokaliteten,5055,HEIM,50,Trøndelag,63.144585,8.459567,6,Nordmøre og Sør-Trøndelag,
5,2021,12624,Feøyvika,ikke-medikamentell,,,,,,hele lokaliteten,5049,FLATANGER,50,Trøndelag,64.56032,10.919133,7,Nord-Trøndelag med Bindal,
5,2021,31398,Finnvik,medikamentell,badebehandling,Azamethiphos,,,,deler av lokaliteten,5401,TROMSØ,54,Troms og Finnmark,69.89297,18.807934,11,Kvaløya til Loppa,
5,2021,25895,Flornes,medikamentell,badebehandling,Hydrogenperoksid,,,,deler av lokaliteten,4616,TYSNES,46,Vestland,59.890984,5.665983,3,Karmøy til Sotra,
5,2021,11893,Fosså,medikamentell,fôrbehandling,Emamectin benzoat,,,,hele lokaliteten,1133,HJELMELAND,11,Rogaland,59.2699,6.14295,2,Ryfylke,
5,2021,13036,Gjengane,ikke-medikamentell,,,,,,deler av lokaliteten,4625,AUSTEVOLL,46,Vestland,60.07192,5.305567,3,Karmøy til Sotra,
5,2021,13838,Hegnes,medikamentell,fôrbehandling,Emamectin benzoat,,,,hele lokaliteten,4646,FJALER,46,Vestland,61.356335,5.284667,4,Nordhordaland til Stadt,
5,2021,33957,Hofsøya,ikke-medikamentell,,,,,,deler av lokaliteten,5014,FRØYA,50,Trøndelag,63.7224,8.9145,6,Nordmøre og Sør-Trøndelag,
5,2021,34397,Hyseneset,ikke-medikamentell,,,,,,deler av lokaliteten,4635,GULEN,46,Vestland,60.86,4.963083,4,Nordhordaland til Stadt,
5,2021,14245,Jakobsteinsvika,medikamentell,badebehandling,Azamethiphos,,,,hele lokaliteten,5052,LEKA,50,Trøndelag,65.11265,11.792867,7,Nord-Trøndelag med Bindal,
5,2021,10759,Karanes,medikamentell,badebehandling,Deltamethrin,,,,deler av lokaliteten,5423,KARLSØY,54,Troms og Finnmark,70.06638,19.305317,11,Kvaløya til Loppa,
5,2021,11652,Kjeppevikholmen,ikke-medikamentell,,,,,,hele lokaliteten,4631,ALVER,46,Vestland,60.54283,5.0378,4,Nordhordaland til Stadt,
5,2021,12215,Kleppeneset,medikamentell,fôrbehandling,Diflubenzuron,,,,hele lokaliteten,4650,GLOPPEN,46,Vestland,61.785934,5.977233,4,Nordhordaland til Stadt,
5,2021,19195,Korsholman,ikke-medikamentell,,,,,,deler av lokaliteten,5056,HITRA,50,Trøndelag,63.597218,8.51575,6,Nordmøre og Sør-Trøndelag,
5,2021,10837,Kraken,ikke-medikamentell,,,,,,deler av lokaliteten,5406,HAMMERFEST,54,Troms og Finnmark,70.66655,23.184933,12,Vest-Finnmark,
5,2021,12993,Lamøya,ikke-medikamentell,,,,,,deler av lokaliteten,5014,FRØYA,50,Trøndelag,63.73305,8.854983,6,Nordmøre og Sør-Trøndelag,
5,2021,34457,Langås,medikamentell,fôrbehandling,Emamectin benzoat,,,,hele lokaliteten,5423,KARLSØY,54,Troms og Finnmark,70.01095,19.66665,11,Kvaløya til Loppa,
5,2021,13699,Leirvika,ikke-medikamentell,,,,,,hele lokaliteten,4634,MASFJORDEN,46,Vestland,60.74215,5.344317,4,Nordhordaland til Stadt,
5,2021,28396,Lindarholmen,ikke-medikamentell,,,,,,deler av lokaliteten,4616,TYSNES,46,Vestland,60.083866,5.63925,3,Karmøy til Sotra,
5,2021,10292,Lyklingholmen N,ikke-medikamentell,,,,,,deler av lokaliteten,4613,BØMLO,46,Vestland,59.713833,5.155467,3,Karmøy til Sotra,
5,2021,32977,Måren,ikke-medikamentell,,,,,,hele lokaliteten,4638,HØYANGER,46,Vestland,61.152668,6.1167,4,Nordhordaland til Stadt,
5,2021,21915,Matløyso,ikke-medikamentell,,,,,,deler av lokaliteten,4615,FITJAR,46,Vestland,59.952084,5.284933,3,Karmøy til Sotra,
5,2021,26435,Mjølsvik,medikamentell,fôrbehandling,Diflubenzuron,,,,deler av lokaliteten,4638,HØYANGER,46,Vestland,61.111584,6.0423,4,Nordhordaland til Stadt,
5,2021,10136,Onarøy,ikke-medikamentell,,,,,,deler av lokaliteten,4616,TYSNES,46,Vestland,59.95335,5.669683,3,Karmøy til Sotra,
5,2021,13581,Ramstadholmen,medikamentell,fôrbehandling,Emamectin benzoat,,,,hele lokaliteten,5060,NÆRØYSUND,50,Trøndelag,64.754814,11.246033,7,Nord-Trøndelag med Bindal,
5,2021,29896,Renndalen,ikke-medikamentell,,,,,,deler av lokaliteten,5055,HEIM,50,Trøndelag,63.176117,8.6172,6,Nordmøre og Sør-Trøndelag,
5,2021,39577,Silda,ikke-medikamentell,,,,,,hele lokaliteten,4602,KINN,46,Vestland,62.015816,5.2099,4,Nordhordaland til Stadt,
5,2021,11138,Skålsvika,ikke-medikamentell,,,,,,deler av lokaliteten,1837,MELØY,18,Nordland,66.7146,13.561517,8,Helgeland til Bodø,
5,2021,19635,Skatleia,medikamentell,badebehandling,Azamethiphos,,,,hele lokaliteten,1867,BØ I NORDLAND,18,Nordland,68.8001,14.593767,9,Vestfjorden og Vesterålen,
5,2021,36177,Skjellesvika,medikamentell,badebehandling,Hydrogenperoksid,,,,hele lokaliteten,5402,HARSTAD,54,Troms og Finnmark,68.91143,16.645132,10,Andøya til Senja,
5,2021,30757,Skog,medikamentell,fôrbehandling,Emamectin benzoat,,,,hele lokaliteten,5421,SENJA,54,Troms og Finnmark,69.474335,17.878683,10,Andøya til Senja,
5,2021,25896,Skorpo,medikamentell,badebehandling,Hydrogenperoksid,,,,deler av lokaliteten,4616,TYSNES,46,Vestland,59.875767,5.638817,3,Karmøy til Sotra,
5,2021,12108,Skorpo Nv,ikke-medikamentell,,,,,,deler av lokaliteten,4617,KVINNHERAD,46,Vestland,59.95323,5.827133,3,Karmøy til Sotra,
5,2021,38577,Skreda,ikke-medikamentell,,,,,,deler av lokaliteten,4636,SOLUND,46,Vestland,61.14635,5.08115,4,Nordhordaland til Stadt,
5,2021,18657,Skredstivik,ikke-medikamentell,,,,,,deler av lokaliteten,4637,HYLLESTAD,46,Vestland,61.15495,5.133333,4,Nordhordaland til Stadt,
5,2021,40037,Smedholmen,medikamentell,fôrbehandling,Emamectin benzoat,,,,deler av lokaliteten,1146,TYSVÆR,11,Rogaland,59.344616,5.8946,2,Ryfylke,
5,2021,27436,Solværet,ikke-medikamentell,,,,,,deler av lokaliteten,1573,SMØLA,15,Møre og Romsdal,63.255,7.856933,6,Nordmøre og Sør-Trøndelag,
5,2021,36100,Suholmen,medikamentell,fôrbehandling,Emamectin benzoat,,,,hele lokaliteten,1573,SMØLA,15,Møre og Romsdal,63.494934,8.02235,6,Nordmøre og Sør-Trøndelag,
5,2021,35517,Vadholmen,ikke-medikamentell,,,,,,deler av lokaliteten,4626,ØYGARDEN,46,Vestland,60.695,4.761117,4,Nordhordaland til Stadt,
5,2021,32337,Veiesund,ikke-medikamentell,,,,,,deler av lokaliteten,4602,KINN,46,Vestland,61.57187,5.047283,4,Nordhordaland til Stadt,
4,2021,45017,Bakfjorden,medikamentell,fôrbehandling,Emamectin benzoat,,,,hele lokaliteten,5434,MÅSØY,54,Troms og Finnmark,70.87483,24.616966,12,Vest-Finnmark,
4,2021,11340,Bjørnstein,medikamentell,badebehandling,Hydrogenperoksid,,,,deler av lokaliteten,5413,IBESTAD,54,Troms og Finnmark,68.886185,17.109217,10,Andøya til Senja,
4,2021,12156,Blom,medikamentell,badebehandling,Azamethiphos,,,,deler av lokaliteten,4630,OSTERØY,46,Vestland,60.436516,5.56465,4,Nordhordaland til Stadt,
4,2021,12156,Blom,ikke-medikamentell,,,,,,deler av lokaliteten,4630,OSTERØY,46,Vestland,60.436516,5.56465,4,Nordhordaland til Stadt,
4,2021,12466,Brettingen,ikke-medikamentell,,,,,,deler av lokaliteten,1573,SMØLA,15,Møre og Romsdal,63.3582,8.237267,6,Nordmøre og Sør-Trøndelag,
4,2021,12361,Bukkholmen S,ikke-medikamentell,,,,,,deler av lokaliteten,5014,FRØYA,50,Trøndelag,63.72378,8.8621,6,Nordmøre og Sør-Trøndelag,
4,2021,11857,Buksevika,ikke-medikamentell,,,,,,deler av lokaliteten,4207,FLEKKEFJORD,42,Agder,58.2074,6.63505,1,Svenskegrensen til Jæren,
4,2021,20455,Djupevika,ikke-medikamentell,,,,,,deler av lokaliteten,4617,KVINNHERAD,46,Vestland,60.04095,6.009367,3,Karmøy til Sotra,
4,2021,21415,Dyrholmen,medikamentell,badebehandling,Hydrogenperoksid,,,,deler av lokaliteten,1103,STAVANGER,11,Rogaland,59.285484,5.8583,2,Ryfylke,
4,2021,21415,Dyrholmen,ikke-medikamentell,,,,,,deler av lokaliteten,1103,STAVANGER,11,Rogaland,59.285484,5.8583,2,Ryfylke,
4,2021,10229,Fætten,ikke-medikamentell,,,,,,deler av lokaliteten,5055,HEIM,50,Trøndelag,63.144585,8.459567,6,Nordmøre og Sør-Trøndelag,
4,2021,25895,Flornes,medikamentell,badebehandling,Hydrogenperoksid,,,,deler av lokaliteten,4616,TYSNES,46,Vestland,59.890984,5.665983,3,Karmøy til Sotra,
4,2021,11893,Fosså,medikamentell,fôrbehandling,Emamectin benzoat,,,,hele lokaliteten,1133,HJELMELAND,11,Rogaland,59.2699,6.14295,2,Ryfylke,
4,2021,10318,Gulestø,ikke-medikamentell,,,,,,deler av lokaliteten,4648,BREMANGER,46,Vestland,61.75802,5.069883,4,Nordhordaland til Stadt,
4,2021,38777,Hallarvik,ikke-medikamentell,,,,,,deler av lokaliteten,5056,HITRA,50,Trøndelag,63.647266,8.699267,6,Nordmøre og Sør-Trøndelag,
4,2021,31577,Haneholmen,ikke-medikamentell,,,,,,hele lokaliteten,4650,GLOPPEN,46,Vestland,61.84045,6.10055,4,Nordhordaland til Stadt,
4,2021,33957,Hofsøya,ikke-medikamentell,,,,,,deler av lokaliteten,5014,FRØYA,50,Trøndelag,63.7224,8.9145,6,Nordmøre og Sør-Trøndelag,
4,2021,34797,Kalvhagan II,ikke-medikamentell,,,,,,hele lokaliteten,5060,NÆRØYSUND,50,Trøndelag,64.95078,12.0567,7,Nord-Trøndelag med Bindal,
4,2021,12215,Kleppeneset,medikamentell,fôrbehandling,Diflubenzuron,,,,hele lokaliteten,4650,GLOPPEN,46,Vestland,61.785934,5.977233,4,Nordhordaland til Stadt,
4,2021,10113,Kobbavika,ikke-medikamentell,,,,,,deler av lokaliteten,1103,STAVANGER,11,Rogaland,59.12232,5.934433,2,Ryfylke,
4,2021,19195,Korsholman,ikke-medikamentell,,,,,,deler av lokaliteten,5056,HITRA,50,Trøndelag,63.597218,8.51575,6,Nordmøre og Sør-Trøndelag,
4,2021,32097,Korsneset 2,ikke-medikamentell,,,,,,deler av lokaliteten,5055,HEIM,50,Trøndelag,63.14123,8.21375,6,Nordmøre og Sør-Trøndelag,
4,2021,10837,Kraken,ikke-medikamentell,,,,,,deler av lokaliteten,5406,HAMMERFEST,54,Troms og Finnmark,70.66655,23.184933,12,Vest-Finnmark,
4,2021,30216,Kvitfloget,ikke-medikamentell,,,,,,deler av lokaliteten,5421,SENJA,54,Troms og Finnmark,69.14508,17.6465,10,Andøya til Senja,
4,2021,10080,Laksevika,medikamentell,badebehandling,Azamethiphos,,,,deler av lokaliteten,4631,ALVER,46,Vestland,60.53015,5.11575,4,Nordhordaland til Stadt,
4,2021,12993,Lamøya,ikke-medikamentell,,,,,,deler av lokaliteten,5014,FRØYA,50,Trøndelag,63.73305,8.854983,6,Nordmøre og Sør-Trøndelag,
4,2021,34457,Langås,medikamentell,fôrbehandling,Emamectin benzoat,,,,hele lokaliteten,5423,KARLSØY,54,Troms og Finnmark,70.01095,19.66665,11,Kvaløya til Loppa,
4,2021,11928,Langavika,medikamentell,fôrbehandling,Emamectin benzoat,,,,deler av lokaliteten,1103,STAVANGER,11,Rogaland,59.230766,6.004483,2,Ryfylke,
4,2021,11928,Langavika,medikamentell,fôrbehandling,Emamectin benzoat,,,,deler av lokaliteten,1103,STAVANGER,11,Rogaland,59.230766,6.004483,2,Ryfylke,
4,2021,11116,Langholmen,ikke-medikamentell,,,,,,deler av lokaliteten,1838,GILDESKÅL,18,Nordland,67.05783,14.025333,8,Helgeland til Bodø,
4,2021,30857,Leirvik,medikamentell,fôrbehandling,Emamectin benzoat,,,,hele lokaliteten,1838,GILDESKÅL,18,Nordland,67.0267,14.126283,8,Helgeland til Bodø,
4,2021,23056,Lekangsund II,ikke-medikamentell,,,,,,deler av lokaliteten,5421,SENJA,54,Troms og Finnmark,69.03788,17.264183,10,Andøya til Senja,
4,2021,10990,Lille Åsvær,medikamentell,badebehandling,Azamethiphos,,,,hele lokaliteten,1827,DØNNA,18,Nordland,66.22887,12.312267,8,Helgeland til Bodø,
4,2021,10292,Lyklingholmen N,ikke-medikamentell,,,,,,deler av lokaliteten,4613,BØMLO,46,Vestland,59.713833,5.155467,3,Karmøy til Sotra,
4,2021,21915,Matløyso,ikke-medikamentell,,,,,,deler av lokaliteten,4615,FITJAR,46,Vestland,59.952084,5.284933,3,Karmøy til Sotra,
4,2021,13541,Midtflua,ikke-medikamentell,,,,,,deler av lokaliteten,4616,TYSNES,46,Vestland,60.076633,5.467067,3,Karmøy til Sotra,
4,2021,26435,Mjølsvik,medikamentell,fôrbehandling,Diflubenzuron,,,,deler av lokaliteten,4638,HØYANGER,46,Vestland,61.111584,6.0423,4,Nordhordaland til Stadt,
4,2021,35897,Nye Hessvik,ikke-medikamentell,,,,,,deler av lokaliteten,4618,ULLENSVANG,46,Vestland,60.130184,6.126617,3,Karmøy til Sotra,
4,2021,17235,Ørnes,ikke-medikamentell,,,,,,deler av lokaliteten,1834,LURØY,18,Nordland,66.42008,13.018033,8,Helgeland til Bodø,
4,2021,20315,Overåneset V,ikke-medikamentell,,,,,,hele lokaliteten,1525,STRANDA,15,Møre og Romsdal,62.30065,7.085433,5,Stadt til Hustadvika,
4,2021,33417,Persflua,ikke-medikamentell,,,,,,deler av lokaliteten,5057,ØRLAND,50,Trøndelag,63.91345,9.826433,6,Nordmøre og Sør-Trøndelag,
4,2021,10149,Rafdal,medikamentell,badebehandling,Azamethiphos,,,,hele lokaliteten,4611,ETNE,46,Vestland,59.790016,6.175783,3,Karmøy til Sotra,
4,2021,13581,Ramstadholmen,medikamentell,fôrbehandling,Emamectin benzoat,,,,hele lokaliteten,5060,NÆRØYSUND,50,Trøndelag,64.754814,11.246033,7,Nord-Trøndelag med Bindal,
4,2021,16015,Russelva,medikamentell,badebehandling,Hydrogenperoksid,,,,hele lokaliteten,5428,NORDREISA,54,Troms og Finnmark,69.88975,20.769016,11,Kvaløya til Loppa,
4,2021,19855,Segelråa,ikke-medikamentell,,,,,,deler av lokaliteten,1576,AURE,15,Møre og Romsdal,63.149746,8.12855,6,Nordmøre og Sør-Trøndelag,
4,2021,18898,Skaftå,medikamentell,badebehandling,Azamethiphos,,,,deler av lokaliteten,4630,OSTERØY,46,Vestland,60.4557,5.626183,4,Nordhordaland til Stadt,
4,2021,10550,Skardbergvika,medikamentell,badebehandling,Deltamethrin,,,,hele lokaliteten,5414,GRATANGEN,54,Troms og Finnmark,68.728386,17.309683,10,Andøya til Senja,
4,2021,10550,Skardbergvika,medikamentell,badebehandling,Hydrogenperoksid,,,,hele lokaliteten,5414,GRATANGEN,54,Troms og Finnmark,68.728386,17.309683,10,Andøya til Senja,
4,2021,19635,Skatleia,medikamentell,badebehandling,Azamethiphos,,,,hele lokaliteten,1867,BØ I NORDLAND,18,Nordland,68.8001,14.593767,9,Vestfjorden og Vesterålen,
4,2021,36177,Skjellesvika,medikamentell,badebehandling,Hydrogenperoksid,,,,hele lokaliteten,5402,HARSTAD,54,Troms og Finnmark,68.91143,16.645132,10,Andøya til Senja,
4,2021,30757,Skog,medikamentell,fôrbehandling,Emamectin benzoat,,,,hele lokaliteten,5421,SENJA,54,Troms og Finnmark,69.474335,17.878683,10,Andøya til Senja,
4,2021,25896,Skorpo,medikamentell,badebehandling,Hydrogenperoksid,,,,deler av lokaliteten,4616,TYSNES,46,Vestland,59.875767,5.638817,3,Karmøy til Sotra,
4,2021,25896,Skorpo,medikamentell,badebehandling,Hydrogenperoksid,,,,deler av lokaliteten,4616,TYSNES,46,Vestland,59.875767,5.638817,3,Karmøy til Sotra,
4,2021,38577,Skreda,ikke-medikamentell,,,,,,deler av lokaliteten,4636,SOLUND,46,Vestland,61.14635,5.08115,4,Nordhordaland til Stadt,
4,2021,31117,Skrubbo,ikke-medikamentell,,,,,,hele lokaliteten,4624,BJØRNAFJORDEN,46,Vestland,60.15632,5.713217,3,Karmøy til Sotra,
4,2021,10838,Slettnesfjord,ikke-medikamentell,,,,,,deler av lokaliteten,5406,HAMMERFEST,54,Troms og Finnmark,70.62552,23.107933,12,Vest-Finnmark,
4,2021,40037,Smedholmen,medikamentell,fôrbehandling,Emamectin benzoat,,,,hele lokaliteten,1146,TYSVÆR,11,Rogaland,59.344616,5.8946,2,Ryfylke,
4,2021,40037,Smedholmen,medikamentell,fôrbehandling,Emamectin benzoat,,,,hele lokaliteten,1146,TYSVÆR,11,Rogaland,59.344616,5.8946,2,Ryfylke,
4,2021,31338,Storskjeret,ikke-medikamentell,,,,,,deler av lokaliteten,1576,AURE,15,Møre og Romsdal,63.26985,8.228283,6,Nordmøre og Sør-Trøndelag,
4,2021,22335,Storvika,ikke-medikamentell,,,,,,deler av lokaliteten,1579,HUSTADVIKA,15,Møre og Romsdal,62.8021,6.977733,5,Stadt til Hustadvika,
4,2021,36100,Suholmen,medikamentell,fôrbehandling,Emamectin benzoat,,,,hele lokaliteten,1573,SMØLA,15,Møre og Romsdal,63.494934,8.02235,6,Nordmøre og Sør-Trøndelag,
4,2021,13644,Tepstad,ikke-medikamentell,,,,,,deler av lokaliteten,4630,OSTERØY,46,Vestland,60.553032,5.385317,4,Nordhordaland til Stadt,
4,2021,30177,Torgerhaugen,ikke-medikamentell,,,,,,deler av lokaliteten,5060,NÆRØYSUND,50,Trøndelag,64.89295,11.763017,7,Nord-Trøndelag med Bindal,
4,2021,31497,Toska N,ikke-medikamentell,,,,,,hele lokaliteten,4631,ALVER,46,Vestland,60.66987,4.9172,4,Nordhordaland til Stadt,
4,2021,17495,Vullum,ikke-medikamentell,,,,,,deler av lokaliteten,5055,HEIM,50,Trøndelag,63.04965,8.2162,6,Nordmøre og Sør-Trøndelag,
4,2021,29936,Ystadneset,ikke-medikamentell,,,,,,deler av lokaliteten,4617,KVINNHERAD,46,Vestland,59.977932,5.77565,3,Karmøy til Sotra,
3,2021,10331,Åkre,ikke-medikamentell,,,,,,deler av lokaliteten,4617,KVINNHERAD,46,Vestland,60.11283,6.044717,3,Karmøy til Sotra,
3,2021,13563,Angelskår,ikke-medikamentell,,,,,,deler av lokaliteten,4630,OSTERØY,46,Vestland,60.523335,5.352617,4,Nordhordaland til Stadt,
3,2021,29816,Apalvikneset,ikke-medikamentell,,,,,,hele lokaliteten,4618,ULLENSVANG,46,Vestland,60.146217,6.121133,3,Karmøy til Sotra,
3,2021,23436,Bjørnholmen,ikke-medikamentell,,,,,,deler av lokaliteten,4636,SOLUND,46,Vestland,61.20635,4.938083,4,Nordhordaland til Stadt,
3,2021,11340,Bjørnstein,medikamentell,badebehandling,Hydrogenperoksid,,,,deler av lokaliteten,5413,IBESTAD,54,Troms og Finnmark,68.886185,17.109217,10,Andøya til Senja,
3,2021,12156,Blom,medikamentell,badebehandling,Azamethiphos,,,,deler av lokaliteten,4630,OSTERØY,46,Vestland,60.436516,5.56465,4,Nordhordaland til Stadt,
3,2021,12156,Blom,ikke-medikamentell,,,,,,deler av lokaliteten,4630,OSTERØY,46,Vestland,60.436516,5.56465,4,Nordhordaland til Stadt,
3,2021,11857,Buksevika,ikke-medikamentell,,,,,,deler av lokaliteten,4207,FLEKKEFJORD,42,Agder,58.2074,6.63505,1,Svenskegrensen til Jæren,
3,2021,21336,Djupeleget,ikke-medikamentell,,,,,,hele lokaliteten,4638,HØYANGER,46,Vestland,61.16942,5.80735,4,Nordhordaland til Stadt,
3,2021,20455,Djupevika,ikke-medikamentell,,,,,,deler av lokaliteten,4617,KVINNHERAD,46,Vestland,60.04095,6.009367,3,Karmøy til Sotra,
3,2021,26595,Djupevika,ikke-medikamentell,,,,,,deler av lokaliteten,4616,TYSNES,46,Vestland,60.035816,5.342217,3,Karmøy til Sotra,
3,2021,13241,Endal Vest,medikamentell,fôrbehandling,Emamectin benzoat,,,,hele lokaliteten,4648,BREMANGER,46,Vestland,61.909832,5.464267,4,Nordhordaland til Stadt,
3,2021,10229,Fætten,ikke-medikamentell,,,,,,deler av lokaliteten,5055,HEIM,50,Trøndelag,63.144585,8.459567,6,Nordmøre og Sør-Trøndelag,
3,2021,25895,Flornes,ikke-medikamentell,,,,,,deler av lokaliteten,4616,TYSNES,46,Vestland,59.890984,5.665983,3,Karmøy til Sotra,
3,2021,33617,Gjerde,ikke-medikamentell,,,,,,deler av lokaliteten,1576,AURE,15,Møre og Romsdal,63.299667,8.418333,6,Nordmøre og Sør-Trøndelag,
3,2021,11657,Gråvika,ikke-medikamentell,,,,,,hele lokaliteten,4635,GULEN,46,Vestland,60.863083,4.935283,4,Nordhordaland til Stadt,
3,2021,14035,Guleskjeret,ikke-medikamentell,,,,,,hele lokaliteten,4636,SOLUND,46,Vestland,61.041134,4.79225,4,Nordhordaland til Stadt,
3,2021,10318,Gulestø,ikke-medikamentell,,,,,,deler av lokaliteten,4648,BREMANGER,46,Vestland,61.75802,5.069883,4,Nordhordaland til Stadt,
3,2021,16755,Hageberg,ikke-medikamentell,,,,,,hele lokaliteten,4615,FITJAR,46,Vestland,59.944218,5.434733,3,Karmøy til Sotra,
3,2021,38217,Hardbakkeneset,ikke-medikamentell,,,,,,deler av lokaliteten,4635,GULEN,46,Vestland,61.01673,4.950517,4,Nordhordaland til Stadt,
3,2021,19939,Høysteinen,ikke-medikamentell,,,,,,hele lokaliteten,4617,KVINNHERAD,46,Vestland,60.157417,6.050117,3,Karmøy til Sotra,
3,2021,45038,Hundaneset,medikamentell,badebehandling,Hydrogenperoksid,,,,deler av lokaliteten,1133,HJELMELAND,11,Rogaland,59.308735,6.165483,2,Ryfylke,
3,2021,34397,Hyseneset,ikke-medikamentell,,,,,,deler av lokaliteten,4635,GULEN,46,Vestland,60.86,4.963083,4,Nordhordaland til Stadt,
3,2021,13236,Indre Oppedal,ikke-medikamentell,,,,,,deler av lokaliteten,4635,GULEN,46,Vestland,61.067883,5.563833,4,Nordhordaland til Stadt,
3,2021,12599,Indre Skjervøy,ikke-medikamentell,,,,,,deler av lokaliteten,5020,OSEN,50,Trøndelag,64.2858,10.30905,6,Nordmøre og Sør-Trøndelag,
3,2021,11913,Kjeahola,medikamentell,fôrbehandling,Emamectin benzoat,,,,hele lokaliteten,1103,STAVANGER,11,Rogaland,59.2933,6.0729,2,Ryfylke,
3,2021,11913,Kjeahola,medikamentell,fôrbehandling,Emamectin benzoat,,,,hele lokaliteten,1103,STAVANGER,11,Rogaland,59.2933,6.0729,2,Ryfylke,
3,2021,11652,Kjeppevikholmen,ikke-medikamentell,,,,,,deler av lokaliteten,4631,ALVER,46,Vestland,60.54283,5.0378,4,Nordhordaland til Stadt,
3,2021,12215,Kleppeneset,medikamentell,fôrbehandling,Diflubenzuron,,,,hele lokaliteten,4650,GLOPPEN,46,Vestland,61.785934,5.977233,4,Nordhordaland til Stadt,
3,2021,21676,Kråkholmen,medikamentell,fôrbehandling,Emamectin benzoat,,,,deler av lokaliteten,5049,FLATANGER,50,Trøndelag,64.60255,10.854067,7,Nord-Trøndelag med Bindal,
3,2021,12239,Kråknes,ikke-medikamentell,,,,,,hele lokaliteten,1547,AUKRA,15,Møre og Romsdal,62.83145,6.962733,5,Stadt til Hustadvika,
3,2021,34657,Laberget,ikke-medikamentell,,,,,,hele lokaliteten,4634,MASFJORDEN,46,Vestland,60.749916,5.298833,4,Nordhordaland til Stadt,
3,2021,11928,Langavika,medikamentell,fôrbehandling,Emamectin benzoat,,,,hele lokaliteten,1103,STAVANGER,11,Rogaland,59.230766,6.004483,2,Ryfylke,
3,2021,11928,Langavika,medikamentell,fôrbehandling,Emamectin benzoat,,,,hele lokaliteten,1103,STAVANGER,11,Rogaland,59.230766,6.004483,2,Ryfylke,
3,2021,11116,Langholmen,ikke-medikamentell,,,,,,deler av lokaliteten,1838,GILDESKÅL,18,Nordland,67.05783,14.025333,8,Helgeland til Bodø,
3,2021,13055,Langøyna Ø,medikamentell,badebehandling,Hydrogenperoksid,,,,deler av lokaliteten,1146,TYSVÆR,11,Rogaland,59.2983,5.713333,2,Ryfylke,
3,2021,30857,Leirvik,medikamentell,fôrbehandling,Emamectin benzoat,,,,hele lokaliteten,1838,GILDESKÅL,18,Nordland,67.0267,14.126283,8,Helgeland til Bodø,
3,2021,12978,Lyngholmen,ikke-medikamentell,,,,,,deler av lokaliteten,4635,GULEN,46,Vestland,61.016933,5.007033,4,Nordhordaland til Stadt,
3,2021,11807,Marøytåa,ikke-medikamentell,,,,,,deler av lokaliteten,4602,KINN,46,Vestland,61.506767,5.118367,4,Nordhordaland til Stadt,
3,2021,36117,Matvika,ikke-medikamentell,,,,,,deler av lokaliteten,1845,SØRFOLD,18,Nordland,67.528,15.359683,9,Vestfjorden og Vesterålen,
3,2021,11129,Nordfugløy,ikke-medikamentell,,,,,,deler av lokaliteten,1838,GILDESKÅL,18,Nordland,67.083916,13.85685,8,Helgeland til Bodø,
3,2021,10181,Oksebåsen V,ikke-medikamentell,,,,,,deler av lokaliteten,1532,GISKE,15,Møre og Romsdal,62.52025,6.16075,5,Stadt til Hustadvika,
3,2021,11854,Pinnen,ikke-medikamentell,,,,,,deler av lokaliteten,4207,FLEKKEFJORD,42,Agder,58.221966,6.68495,1,Svenskegrensen til Jæren,
3,2021,10149,Rafdal,medikamentell,badebehandling,Azamethiphos,,,,hele lokaliteten,4611,ETNE,46,Vestland,59.790016,6.175783,3,Karmøy til Sotra,
3,2021,18898,Skaftå,ikke-medikamentell,,,,,,deler av lokaliteten,4630,OSTERØY,46,Vestland,60.4557,5.626183,4,Nordhordaland til Stadt,
3,2021,10216,Skåren,ikke-medikamentell,,,,,,deler av lokaliteten,5055,HEIM,50,Trøndelag,63.076283,8.191733,6,Nordmøre og Sør-Trøndelag,
3,2021,30757,Skog,medikamentell,fôrbehandling,Emamectin benzoat,,,,hele lokaliteten,5421,SENJA,54,Troms og Finnmark,69.474335,17.878683,10,Andøya til Senja,
3,2021,12108,Skorpo Nv,ikke-medikamentell,,,,,,deler av lokaliteten,4617,KVINNHERAD,46,Vestland,59.95323,5.827133,3,Karmøy til Sotra,
3,2021,38577,Skreda,ikke-medikamentell,,,,,,deler av lokaliteten,4636,SOLUND,46,Vestland,61.14635,5.08115,4,Nordhordaland til Stadt,
3,2021,15236,Skulgambukt,medikamentell,fôrbehandling,Emamectin benzoat,,,,hele lokaliteten,5401,TROMSØ,54,Troms og Finnmark,69.78865,19.161016,11,Kvaløya til Loppa,
3,2021,40037,Smedholmen,medikamentell,fôrbehandling,Emamectin benzoat,,,,hele lokaliteten,1146,TYSVÆR,11,Rogaland,59.344616,5.8946,2,Ryfylke,
3,2021,40037,Smedholmen,medikamentell,fôrbehandling,Emamectin benzoat,,,,hele lokaliteten,1146,TYSVÆR,11,Rogaland,59.344616,5.8946,2,Ryfylke,
3,2021,11605,Soløy Ø,ikke-medikamentell,,,,,,hele lokaliteten,4615,FITJAR,46,Vestland,59.90715,5.159333,3,Karmøy til Sotra,
3,2021,10789,Store Lerresfjord,ikke-medikamentell,,,,,,deler av lokaliteten,5403,ALTA,54,Troms og Finnmark,70.2875,23.465883,12,Vest-Finnmark,
3,2021,31338,Storskjeret,ikke-medikamentell,,,,,,deler av lokaliteten,1576,AURE,15,Møre og Romsdal,63.26985,8.228283,6,Nordmøre og Sør-Trøndelag,
3,2021,22335,Storvika,ikke-medikamentell,,,,,,deler av lokaliteten,1579,HUSTADVIKA,15,Møre og Romsdal,62.8021,6.977733,5,Stadt til Hustadvika,
3,2021,13644,Tepstad,ikke-medikamentell,,,,,,deler av lokaliteten,4630,OSTERØY,46,Vestland,60.553032,5.385317,4,Nordhordaland til Stadt,
3,2021,10054,Tobbeholmane,ikke-medikamentell,,,,,,deler av lokaliteten,4625,AUSTEVOLL,46,Vestland,60.02432,5.30815,3,Karmøy til Sotra,
3,2021,30177,Torgerhaugen,ikke-medikamentell,,,,,,deler av lokaliteten,5060,NÆRØYSUND,50,Trøndelag,64.89295,11.763017,7,Nord-Trøndelag med Bindal,
3,2021,10332,Trommo,ikke-medikamentell,,,,,,deler av lokaliteten,4617,KVINNHERAD,46,Vestland,60.08243,6.080067,3,Karmøy til Sotra,
3,2021,12077,Tveitnesvik,medikamentell,badebehandling,Azamethiphos,,,,deler av lokaliteten,4617,KVINNHERAD,46,Vestland,60.10592,6.20525,3,Karmøy til Sotra,
3,2021,10091,Vågsøya,ikke-medikamentell,,,,,,hele lokaliteten,4602,KINN,46,Vestland,61.490383,5.0247,4,Nordhordaland til Stadt,
2,2021,10298,Ålforo,ikke-medikamentell,,,,,,deler av lokaliteten,4615,FITJAR,46,Vestland,59.866417,5.2447,3,Karmøy til Sotra,
2,2021,13563,Angelskår,ikke-medikamentell,,,,,,deler av lokaliteten,4630,OSTERØY,46,Vestland,60.523335,5.352617,4,Nordhordaland til Stadt,
2,2021,13341,Bakjestranda,ikke-medikamentell,,,,,,hele lokaliteten,4648,BREMANGER,46,Vestland,61.82025,4.940267,4,Nordhordaland til Stadt,
2,2021,12466,Brettingen,ikke-medikamentell,,,,,,deler av lokaliteten,1573,SMØLA,15,Møre og Romsdal,63.3582,8.237267,6,Nordmøre og Sør-Trøndelag,
2,2021,20455,Djupevika,ikke-medikamentell,,,,,,deler av lokaliteten,4617,KVINNHERAD,46,Vestland,60.04095,6.009367,3,Karmøy til Sotra,
2,2021,13241,Endal Vest,medikamentell,fôrbehandling,Emamectin benzoat,,,,hele lokaliteten,4648,BREMANGER,46,Vestland,61.909832,5.464267,4,Nordhordaland til Stadt,
2,2021,10229,Fætten,ikke-medikamentell,,,,,,deler av lokaliteten,5055,HEIM,50,Trøndelag,63.144585,8.459567,6,Nordmøre og Sør-Trøndelag,
2,2021,32597,Fjordprakken,ikke-medikamentell,,,,,,deler av lokaliteten,1573,SMØLA,15,Møre og Romsdal,63.256516,7.928067,6,Nordmøre og Sør-Trøndelag,
2,2021,11198,Geiterøya I,medikamentell,fôrbehandling,Emamectin benzoat,,,,hele lokaliteten,1860,VESTVÅGØY,18,Nordland,68.09026,13.735617,9,Vestfjorden og Vesterålen,
2,2021,11198,Geiterøya I,medikamentell,fôrbehandling,Emamectin benzoat,,,,hele lokaliteten,1860,VESTVÅGØY,18,Nordland,68.09026,13.735617,9,Vestfjorden og Vesterålen,
2,2021,10318,Gulestø,ikke-medikamentell,,,,,,deler av lokaliteten,4648,BREMANGER,46,Vestland,61.75802,5.069883,4,Nordhordaland til Stadt,
2,2021,12789,Gunnarøya,ikke-medikamentell,,,,,,deler av lokaliteten,5059,ORKLAND,50,Trøndelag,63.569485,9.467983,6,Nordmøre og Sør-Trøndelag,
2,2021,16755,Hageberg,ikke-medikamentell,,,,,,hele lokaliteten,4615,FITJAR,46,Vestland,59.944218,5.434733,3,Karmøy til Sotra,
2,2021,38217,Hardbakkeneset,ikke-medikamentell,,,,,,deler av lokaliteten,4635,GULEN,46,Vestland,61.01673,4.950517,4,Nordhordaland til Stadt,
2,2021,13782,Helgeneshamn,medikamentell,fôrbehandling,Emamectin benzoat,,,,deler av lokaliteten,1866,HADSEL,18,Nordland,68.491585,15.2339,9,Vestfjorden og Vesterålen,
2,2021,34677,Hestøya,ikke-medikamentell,,,,,,hele lokaliteten,1573,SMØLA,15,Møre og Romsdal,63.3095,8.115567,6,Nordmøre og Sør-Trøndelag,
2,2021,15655,Hjartøy N,medikamentell,badebehandling,Azamethiphos,,,,hele lokaliteten,1828,NESNA,18,Nordland,66.23579,12.709967,8,Helgeland til Bodø,
2,2021,19939,Høysteinen,ikke-medikamentell,,,,,,deler av lokaliteten,4617,KVINNHERAD,46,Vestland,60.157417,6.050117,3,Karmøy til Sotra,
2,2021,34397,Hyseneset,ikke-medikamentell,,,,,,deler av lokaliteten,4635,GULEN,46,Vestland,60.86,4.963083,4,Nordhordaland til Stadt,
2,2021,29756,Indre Bringenes,ikke-medikamentell,,,,,,deler av lokaliteten,5421,SENJA,54,Troms og Finnmark,69.48227,17.57155,10,Andøya til Senja,
2,2021,14245,Jakobsteinsvika,ikke-medikamentell,,,,,,deler av lokaliteten,5052,LEKA,50,Trøndelag,65.11265,11.792867,7,Nord-Trøndelag med Bindal,
2,2021,29576,Kalvik,ikke-medikamentell,,,,,,deler av lokaliteten,1845,SØRFOLD,18,Nordland,67.51317,15.570433,9,Vestfjorden og Vesterålen,
2,2021,10759,Karanes,ikke-medikamentell,,,,,,deler av lokaliteten,5423,KARLSØY,54,Troms og Finnmark,70.06638,19.305317,11,Kvaløya til Loppa,
2,2021,11913,Kjeahola,medikamentell,fôrbehandling,Emamectin benzoat,,,,hele lokaliteten,1103,STAVANGER,11,Rogaland,59.2933,6.0729,2,Ryfylke,
2,2021,11913,Kjeahola,medikamentell,fôrbehandling,Emamectin benzoat,,,,hele lokaliteten,1103,STAVANGER,11,Rogaland,59.2933,6.0729,2,Ryfylke,
2,2021,11201,Kolvikodden Ø,ikke-medikamentell,,,,,,hele lokaliteten,1860,VESTVÅGØY,18,Nordland,68.088165,13.68965,9,Vestfjorden og Vesterålen,
2,2021,11719,Kråkenes,ikke-medikamentell,,,,,,hele lokaliteten,4636,SOLUND,46,Vestland,61.05835,4.921317,4,Nordhordaland til Stadt,
2,2021,21676,Kråkholmen,medikamentell,fôrbehandling,Emamectin benzoat,,,,deler av lokaliteten,5049,FLATANGER,50,Trøndelag,64.60255,10.854067,7,Nord-Trøndelag med Bindal,
2,2021,11928,Langavika,medikamentell,fôrbehandling,Emamectin benzoat,,,,hele lokaliteten,1103,STAVANGER,11,Rogaland,59.230766,6.004483,2,Ryfylke,
2,2021,11928,Langavika,medikamentell,fôrbehandling,Emamectin benzoat,,,,hele lokaliteten,1103,STAVANGER,11,Rogaland,59.230766,6.004483,2,Ryfylke,
2,2021,11116,Langholmen,ikke-medikamentell,,,,,,deler av lokaliteten,1838,GILDESKÅL,18,Nordland,67.05783,14.025333,8,Helgeland til Bodø,
2,2021,30857,Leirvik,medikamentell,fôrbehandling,Emamectin benzoat,,,,hele lokaliteten,1838,GILDESKÅL,18,Nordland,67.0267,14.126283,8,Helgeland til Bodø,
2,2021,12978,Lyngholmen,ikke-medikamentell,,,,,,deler av lokaliteten,4635,GULEN,46,Vestland,61.016933,5.007033,4,Nordhordaland til Stadt,
2,2021,35477,Makrellskjæret,ikke-medikamentell,,,,,,deler av lokaliteten,5049,FLATANGER,50,Trøndelag,64.54919,10.7341,7,Nord-Trøndelag med Bindal,
2,2021,36117,Matvika,ikke-medikamentell,,,,,,deler av lokaliteten,1845,SØRFOLD,18,Nordland,67.528,15.359683,9,Vestfjorden og Vesterålen,
2,2021,12904,Merraberget,ikke-medikamentell,,,,,,deler av lokaliteten,1506,MOLDE,15,Møre og Romsdal,62.7838,8.27825,6,Nordmøre og Sør-Trøndelag,
2,2021,13541,Midtflua,medikamentell,badebehandling,Azamethiphos,,,,deler av lokaliteten,4616,TYSNES,46,Vestland,60.076633,5.467067,3,Karmøy til Sotra,
2,2021,24937,Nebbo,ikke-medikamentell,,,,,,deler av lokaliteten,4617,KVINNHERAD,46,Vestland,59.87075,5.725017,3,Karmøy til Sotra,
2,2021,27055,Oddane,ikke-medikamentell,,,,,,hele lokaliteten,4602,KINN,46,Vestland,61.540367,4.968933,4,Nordhordaland til Stadt,
2,2021,10790,Olderfjord,medikamentell,badebehandling,Deltamethrin,,,,hele lokaliteten,5406,HAMMERFEST,54,Troms og Finnmark,70.38403,23.484533,12,Vest-Finnmark,
2,2021,12383,Omsøyholman,ikke-medikamentell,,,,,,deler av lokaliteten,5056,HITRA,50,Trøndelag,63.631966,8.575567,6,Nordmøre og Sør-Trøndelag,
2,2021,11205,Oterholmen I,ikke-medikamentell,,,,,,deler av lokaliteten,1860,VESTVÅGØY,18,Nordland,68.092636,13.634483,9,Vestfjorden og Vesterålen,
2,2021,13554,Overåneset,ikke-medikamentell,,,,,,hele lokaliteten,1525,STRANDA,15,Møre og Romsdal,62.296516,7.123917,5,Stadt til Hustadvika,
2,2021,33417,Persflua,ikke-medikamentell,,,,,,deler av lokaliteten,5057,ØRLAND,50,Trøndelag,63.91345,9.826433,6,Nordmøre og Sør-Trøndelag,
2,2021,10149,Rafdal,medikamentell,badebehandling,Azamethiphos,,,,hele lokaliteten,4611,ETNE,46,Vestland,59.790016,6.175783,3,Karmøy til Sotra,
2,2021,45029,Ramnøya N,medikamentell,badebehandling,Azamethiphos,,,,hele lokaliteten,1827,DØNNA,18,Nordland,66.24312,12.29375,8,Helgeland til Bodø,
2,2021,32997,Raven,medikamentell,badebehandling,Deltamethrin,,,,hele lokaliteten,1865,VÅGAN,18,Nordland,68.28668,15.122683,9,Vestfjorden og Vesterålen,
2,2021,21495,Risværgalten,ikke-medikamentell,,,,,,deler av lokaliteten,5060,NÆRØYSUND,50,Trøndelag,64.96537,11.532783,7,Nord-Trøndelag med Bindal,
2,2021,11856,Salvågvika,ikke-medikamentell,,,,,,hele lokaliteten,4207,FLEKKEFJORD,42,Agder,58.227165,6.632767,1,Svenskegrensen til Jæren,
2,2021,19855,Segelråa,ikke-medikamentell,,,,,,deler av lokaliteten,1576,AURE,15,Møre og Romsdal,63.149746,8.12855,6,Nordmøre og Sør-Trøndelag,
2,2021,10216,Skåren,ikke-medikamentell,,,,,,deler av lokaliteten,5055,HEIM,50,Trøndelag,63.076283,8.191733,6,Nordmøre og Sør-Trøndelag,
2,2021,21795,Skarvhausen,ikke-medikamentell,,,,,,hele lokaliteten,1851,LØDINGEN,18,Nordland,68.339714,15.38435,9,Vestfjorden og Vesterålen,
2,2021,25896,Skorpo,ikke-medikamentell,,,,,,deler av lokaliteten,4616,TYSNES,46,Vestland,59.875767,5.638817,3,Karmøy til Sotra,
2,2021,12108,Skorpo Nv,ikke-medikamentell,,,,,,deler av lokaliteten,4617,KVINNHERAD,46,Vestland,59.95323,5.827133,3,Karmøy til Sotra,
2,2021,18657,Skredstivik,ikke-medikamentell,,,,,,hele lokaliteten,4637,HYLLESTAD,46,Vestland,61.15495,5.133333,4,Nordhordaland til Stadt,
2,2021,15236,Skulgambukt,medikamentell,fôrbehandling,Emamectin benzoat,,,,hele lokaliteten,5401,TROMSØ,54,Troms og Finnmark,69.78865,19.161016,11,Kvaløya til Loppa,
2,2021,35337,Småvær,ikke-medikamentell,,,,,,deler av lokaliteten,5401,TROMSØ,54,Troms og Finnmark,69.896866,18.486267,11,Kvaløya til Loppa,
2,2021,23375,Sørevik,ikke-medikamentell,,,,,,hele lokaliteten,4638,HØYANGER,46,Vestland,61.099983,5.729967,4,Nordhordaland til Stadt,
2,2021,13568,Storevik,ikke-medikamentell,,,,,,hele lokaliteten,4645,ASKVOLL,46,Vestland,61.47627,5.285,4,Nordhordaland til Stadt,
2,2021,31338,Storskjeret,ikke-medikamentell,,,,,,deler av lokaliteten,1576,AURE,15,Møre og Romsdal,63.26985,8.228283,6,Nordmøre og Sør-Trøndelag,
2,2021,11776,Sveholmane,ikke-medikamentell,,,,,,deler av lokaliteten,4602,KINN,46,Vestland,61.557716,5.215333,4,Nordhordaland til Stadt,
2,2021,11144,Svinvær,ikke-medikamentell,,,,,,deler av lokaliteten,1836,RØDØY,18,Nordland,66.76923,13.170633,8,Helgeland til Bodø,
2,2021,13644,Tepstad,ikke-medikamentell,,,,,,deler av lokaliteten,4630,OSTERØY,46,Vestland,60.553032,5.385317,4,Nordhordaland til Stadt,
2,2021,10054,Tobbeholmane,ikke-medikamentell,,,,,,deler av lokaliteten,4625,AUSTEVOLL,46,Vestland,60.02432,5.30815,3,Karmøy til Sotra,
2,2021,10635,Toknebuktneset,medikamentell,badebehandling,Deltamethrin,,,,deler av lokaliteten,5406,HAMMERFEST,54,Troms og Finnmark,70.57253,24.075567,12,Vest-Finnmark,
2,2021,10332,Trommo,ikke-medikamentell,,,,,,deler av lokaliteten,4617,KVINNHERAD,46,Vestland,60.08243,6.080067,3,Karmøy til Sotra,
2,2021,45032,Ytterflesa,ikke-medikamentell,,,,,,deler av lokaliteten,5060,NÆRØYSUND,50,Trøndelag,64.972984,11.443517,7,Nord-Trøndelag med Bindal,
1,2021,10331,Åkre,ikke-medikamentell,,,,,,deler av lokaliteten,4617,KVINNHERAD,46,Vestland,60.11283,6.044717,3,Karmøy til Sotra,
1,2021,13563,Angelskår,ikke-medikamentell,,,,,,deler av lokaliteten,4630,OSTERØY,46,Vestland,60.523335,5.352617,4,Nordhordaland til Stadt,
1,2021,35797,Årsetfjorden,ikke-medikamentell,,,,,,deler av lokaliteten,5060,NÆRØYSUND,50,Trøndelag,65.00819,11.746417,7,Nord-Trøndelag med Bindal,
1,2021,32537,Baltsfjord,medikamentell,badebehandling,Deltamethrin,,,,deler av lokaliteten,5421,SENJA,54,Troms og Finnmark,69.5463,17.7697,10,Andøya til Senja,
1,2021,32537,Baltsfjord,medikamentell,badebehandling,Hydrogenperoksid,,,,deler av lokaliteten,5421,SENJA,54,Troms og Finnmark,69.5463,17.7697,10,Andøya til Senja,
1,2021,12625,Bjørgan,ikke-medikamentell,,,,,,hele lokaliteten,5049,FLATANGER,50,Trøndelag,64.59268,10.908333,7,Nord-Trøndelag med Bindal,
1,2021,12361,Bukkholmen S,ikke-medikamentell,,,,,,deler av lokaliteten,5014,FRØYA,50,Trøndelag,63.72378,8.8621,6,Nordmøre og Sør-Trøndelag,
1,2021,12033,Dysvik,ikke-medikamentell,,,,,,deler av lokaliteten,4622,KVAM,46,Vestland,60.191017,5.967617,3,Karmøy til Sotra,
1,2021,13870,Eikebærånæ,ikke-medikamentell,,,,,,deler av lokaliteten,4631,ALVER,46,Vestland,60.563232,5.3535,4,Nordhordaland til Stadt,
1,2021,11193,Gamskjæran,ikke-medikamentell,,,,,,hele lokaliteten,1860,VESTVÅGØY,18,Nordland,68.11055,13.74305,9,Vestfjorden og Vesterålen,
1,2021,11198,Geiterøya I,medikamentell,fôrbehandling,Emamectin benzoat,,,,hele lokaliteten,1860,VESTVÅGØY,18,Nordland,68.09026,13.735617,9,Vestfjorden og Vesterålen,
1,2021,11198,Geiterøya I,medikamentell,fôrbehandling,Emamectin benzoat,,,,hele lokaliteten,1860,VESTVÅGØY,18,Nordland,68.09026,13.735617,9,Vestfjorden og Vesterålen,
1,2021,13036,Gjengane,ikke-medikamentell,,,,,,deler av lokaliteten,4625,AUSTEVOLL,46,Vestland,60.07192,5.305567,3,Karmøy til Sotra,
1,2021,17177,Grunneneset,medikamentell,badebehandling,Hydrogenperoksid,,,,hele lokaliteten,4648,BREMANGER,46,Vestland,61.89493,5.348667,4,Nordhordaland til Stadt,
1,2021,19995,Hagahammaren,ikke-medikamentell,,,,,,deler av lokaliteten,1576,AURE,15,Møre og Romsdal,63.137917,8.0306,6,Nordmøre og Sør-Trøndelag,
1,2021,38217,Hardbakkeneset,ikke-medikamentell,,,,,,deler av lokaliteten,4635,GULEN,46,Vestland,61.01673,4.950517,4,Nordhordaland til Stadt,
1,2021,13782,Helgeneshamn,medikamentell,fôrbehandling,Emamectin benzoat,,,,deler av lokaliteten,1866,HADSEL,18,Nordland,68.491585,15.2339,9,Vestfjorden og Vesterålen,
1,2021,18015,Hestabyneset,ikke-medikamentell,,,,,,deler av lokaliteten,4616,TYSNES,46,Vestland,59.953632,5.4514,3,Karmøy til Sotra,
1,2021,12036,Hisdalen,ikke-medikamentell,,,,,,hele lokaliteten,4617,KVINNHERAD,46,Vestland,60.126118,5.9305,3,Karmøy til Sotra,
1,2021,25235,Humulen,ikke-medikamentell,,,,,,deler av lokaliteten,5060,NÆRØYSUND,50,Trøndelag,64.94605,11.372467,7,Nord-Trøndelag med Bindal,
1,2021,29756,Indre Bringenes,ikke-medikamentell,,,,,,deler av lokaliteten,5421,SENJA,54,Troms og Finnmark,69.48227,17.57155,10,Andøya til Senja,
1,2021,13236,Indre Oppedal,ikke-medikamentell,,,,,,deler av lokaliteten,4635,GULEN,46,Vestland,61.067883,5.563833,4,Nordhordaland til Stadt,
1,2021,12224,Isane,ikke-medikamentell,,,,,,hele lokaliteten,4648,BREMANGER,46,Vestland,61.87725,5.725583,4,Nordhordaland til Stadt,
1,2021,15657,Kågen,medikamentell,badebehandling,Hydrogenperoksid,,,,deler av lokaliteten,5427,SKJERVØY,54,Troms og Finnmark,69.94662,20.752768,11,Kvaløya til Loppa,
1,2021,11652,Kjeppevikholmen,ikke-medikamentell,,,,,,deler av lokaliteten,4631,ALVER,46,Vestland,60.54283,5.0378,4,Nordhordaland til Stadt,
1,2021,11689,Kjerringneset,ikke-medikamentell,,,,,,hele lokaliteten,4635,GULEN,46,Vestland,60.960182,5.106783,4,Nordhordaland til Stadt,
1,2021,24455,Klavelandet,ikke-medikamentell,,,,,,deler av lokaliteten,4602,KINN,46,Vestland,61.60395,5.186533,4,Nordhordaland til Stadt,
1,2021,13764,Kokvika,ikke-medikamentell,,,,,,deler av lokaliteten,1834,LURØY,18,Nordland,66.41282,12.956867,8,Helgeland til Bodø,
1,2021,21676,Kråkholmen,medikamentell,fôrbehandling,Emamectin benzoat,,,,deler av lokaliteten,5049,FLATANGER,50,Trøndelag,64.60255,10.854067,7,Nord-Trøndelag med Bindal,
1,2021,12993,Lamøya,ikke-medikamentell,,,,,,deler av lokaliteten,5014,FRØYA,50,Trøndelag,63.73305,8.854983,6,Nordmøre og Sør-Trøndelag,
1,2021,11116,Langholmen,ikke-medikamentell,,,,,,deler av lokaliteten,1838,GILDESKÅL,18,Nordland,67.05783,14.025333,8,Helgeland til Bodø,
1,2021,23056,Lekangsund II,ikke-medikamentell,,,,,,deler av lokaliteten,5421,SENJA,54,Troms og Finnmark,69.03788,17.264183,10,Andøya til Senja,
1,2021,16216,Lønskog,ikke-medikamentell,,,,,,hele lokaliteten,1868,ØKSNES,18,Nordland,68.863,15.087283,9,Vestfjorden og Vesterålen,
1,2021,33337,Lyngnes,ikke-medikamentell,,,,,,deler av lokaliteten,4624,BJØRNAFJORDEN,46,Vestland,60.1197,5.720917,3,Karmøy til Sotra,
1,2021,12047,Mjåneset,ikke-medikamentell,,,,,,hele lokaliteten,4624,BJØRNAFJORDEN,46,Vestland,60.176,5.7244,3,Karmøy til Sotra,
1,2021,26435,Mjølsvik,medikamentell,fôrbehandling,Emamectin benzoat,,,,deler av lokaliteten,4638,HØYANGER,46,Vestland,61.111584,6.0423,4,Nordhordaland til Stadt,
1,2021,23816,Nordbotnet,ikke-medikamentell,,,,,,deler av lokaliteten,1828,NESNA,18,Nordland,66.25612,12.8942,8,Helgeland til Bodø,
1,2021,33297,Nye Skorpa,ikke-medikamentell,,,,,,deler av lokaliteten,1827,DØNNA,18,Nordland,66.03093,12.481483,8,Helgeland til Bodø,
1,2021,10181,Oksebåsen V,ikke-medikamentell,,,,,,deler av lokaliteten,1532,GISKE,15,Møre og Romsdal,62.52025,6.16075,5,Stadt til Hustadvika,
1,2021,12383,Omsøyholman,ikke-medikamentell,,,,,,deler av lokaliteten,5056,HITRA,50,Trøndelag,63.631966,8.575567,6,Nordmøre og Sør-Trøndelag,
1,2021,33417,Persflua,ikke-medikamentell,,,,,,deler av lokaliteten,5057,ØRLAND,50,Trøndelag,63.91345,9.826433,6,Nordmøre og Sør-Trøndelag,
1,2021,11854,Pinnen,ikke-medikamentell,,,,,,deler av lokaliteten,4207,FLEKKEFJORD,42,Agder,58.221966,6.68495,1,Svenskegrensen til Jæren,
1,2021,29896,Renndalen,ikke-medikamentell,,,,,,deler av lokaliteten,5055,HEIM,50,Trøndelag,63.176117,8.6172,6,Nordmøre og Sør-Trøndelag,
1,2021,12298,Røysa,ikke-medikamentell,,,,,,deler av lokaliteten,1532,GISKE,15,Møre og Romsdal,62.54865,6.1417,5,Stadt til Hustadvika,
1,2021,37857,Seiskjæret,ikke-medikamentell,,,,,,hele lokaliteten,1818,HERØY I NORDLAND,18,Nordland,65.93428,12.071567,8,Helgeland til Bodø,
1,2021,13530,Sjåneset,ikke-medikamentell,,,,,,deler av lokaliteten,1868,ØKSNES,18,Nordland,68.903534,15.037333,9,Vestfjorden og Vesterålen,
1,2021,10216,Skåren,ikke-medikamentell,,,,,,deler av lokaliteten,5055,HEIM,50,Trøndelag,63.076283,8.191733,6,Nordmøre og Sør-Trøndelag,
1,2021,34137,Skårliodden,ikke-medikamentell,,,,,,deler av lokaliteten,5421,SENJA,54,Troms og Finnmark,69.47588,18.070084,10,Andøya til Senja,
1,2021,11861,Skipningsdalen,ikke-medikamentell,,,,,,deler av lokaliteten,4207,FLEKKEFJORD,42,Agder,58.24148,6.5958,1,Svenskegrensen til Jæren,
1,2021,39657,Skipperdalsneset,ikke-medikamentell,,,,,,deler av lokaliteten,4648,BREMANGER,46,Vestland,61.80602,5.0683,4,Nordhordaland til Stadt,
1,2021,25896,Skorpo,ikke-medikamentell,,,,,,deler av lokaliteten,4616,TYSNES,46,Vestland,59.875767,5.638817,3,Karmøy til Sotra,
1,2021,38577,Skreda,ikke-medikamentell,,,,,,deler av lokaliteten,4636,SOLUND,46,Vestland,61.14635,5.08115,4,Nordhordaland til Stadt,
1,2021,27476,Solheim,medikamentell,badebehandling,Hydrogenperoksid,,,,hele lokaliteten,5423,KARLSØY,54,Troms og Finnmark,69.83117,19.520384,11,Kvaløya til Loppa,
1,2021,13125,Storvika,ikke-medikamentell,,,,,,deler av lokaliteten,1837,MELØY,18,Nordland,66.80855,13.242333,8,Helgeland til Bodø,
1,2021,11144,Svinvær,ikke-medikamentell,,,,,,deler av lokaliteten,1836,RØDØY,18,Nordland,66.76923,13.170633,8,Helgeland til Bodø,
1,2021,13644,Tepstad,ikke-medikamentell,,,,,,deler av lokaliteten,4630,OSTERØY,46,Vestland,60.553032,5.385317,4,Nordhordaland til Stadt,
1,2021,10054,Tobbeholmane,ikke-medikamentell,,,,,,deler av lokaliteten,4625,AUSTEVOLL,46,Vestland,60.02432,5.30815,3,Karmøy til Sotra,
1,2021,30517,Trælvika,medikamentell,badebehandling,Hydrogenperoksid,,,,deler av lokaliteten,5421,SENJA,54,Troms og Finnmark,69.51847,17.68705,10,Andøya til Senja,
1,2021,32717,Tranøya N,ikke-medikamentell,,,,,,hele lokaliteten,5057,ØRLAND,50,Trøndelag,63.87185,9.76985,6,Nordmøre og Sør-Trøndelag,
1,2021,10029,Tuholmane Ø,ikke-medikamentell,,,,,,hele lokaliteten,1149,KARMØY,11,Rogaland,59.371235,5.216333,3,Karmøy til Sotra,
1,2021,35517,Vadholmen,ikke-medikamentell,,,,,,deler av lokaliteten,4626,ØYGARDEN,46,Vestland,60.695,4.761117,4,Nordhordaland til Stadt,
1,2021,13047,Våtvika,medikamentell,fôrbehandling,Emamectin benzoat,,,,deler av lokaliteten,1865,VÅGAN,18,Nordland,68.227684,14.805217,9,Vestfjorden og Vesterålen,
1,2021,32337,Veiesund,ikke-medikamentell,,,,,,deler av lokaliteten,4602,KINN,46,Vestland,61.57187,5.047283,4,Nordhordaland til Stadt,
1,2021,35838,Vengsøy,medikamentell,fôrbehandling,Emamectin benzoat,,,,hele lokaliteten,5401,TROMSØ,54,Troms og Finnmark,69.8227,18.51875,11,Kvaløya til Loppa,
1,2021,12839,Vindsnes,ikke-medikamentell,,,,,,hele lokaliteten,1578,FJORD,15,Møre og Romsdal,62.28505,7.279633,5,Stadt til Hustadvika,
