Uke,År,Lokalitetsnummer,Lokalitetsnavn,Tiltak,Type behandling,Virkestoff,ArtsId,Rensefisk,Antall,Omfang,Kommunenummer,Kommune,Fylkesnummer,Fylke,Lat,Lon,ProduksjonsområdeId,Produksjonsområde,Antall merder
33,2026,35497,Drøno,ikke-medikamentell,termisk behandling,,,,,deler av lokaliteten,4625,AUSTEVOLL,46,Vestland,60.08077,5.192033,3,Karmøy til Sotra,1
32,2026,29816,Apalvikneset,ikke-medikamentell,mekanisk behandling,,,,,hele lokaliteten,4618,ULLENSVANG,46,Vestland,60.146217,6.121133,3,Karmøy til Sotra,0
32,2026,12988,Aukrasanden,medikamentell,fôrbehandling,Emamectin benzoat,,,,deler av lokaliteten,1547,AUKRA,15,Møre og Romsdal,62.783417,6.92605,5,Stadt til Hustadvika,0
32,2026,12357,Aursøysva,ikke-medikamentell,mekanisk behandling,,,,,deler av lokaliteten,5014,FRØYA,50,Trøndelag,63.801968,8.910767,6,Nordmøre og Sør-Trøndelag,1
32,2026,11800,Austneståa,ikke-medikamentell,mekanisk behandling,,,,,deler av lokaliteten,4602,KINN,46,Vestland,61.490868,5.17265,4,Nordhordaland til Stadt,3
32,2026,25055,Bekksneset,ikke-medikamentell,mekanisk behandling,,,,,hele lokaliteten,4637,HYLLESTAD,46,Vestland,61.07675,5.386017,4,Nordhordaland til Stadt,0
32,2026,45049,Bergkråa,ikke-medikamentell,mekanisk behandling,,,,,deler av lokaliteten,1806,NARVIK,18,Nordland,68.160866,16.333282,9,Vestfjorden og Vesterålen,3
32,2026,11574,Breivik S,ikke-medikamentell,termisk behandling,,,,,hele lokaliteten,4613,BØMLO,46,Vestland,59.671185,5.31215,3,Karmøy til Sotra,0
32,2026,36118,Bremnesøya,medikamentell,fôrbehandling,Emamectin benzoat,,,,hele lokaliteten,1870,SORTLAND,18,Nordland,68.82377,15.400217,9,Vestfjorden og Vesterålen,0
32,2026,10110,Djupevik,ikke-medikamentell,mekanisk behandling,,,,,hele lokaliteten,1103,STAVANGER,11,Rogaland,59.1474,5.863783,2,Ryfylke,0
32,2026,10338,Djupevik,ikke-medikamentell,termisk behandling,,,,,deler av lokaliteten,4622,KVAM,46,Vestland,60.406715,6.35625,3,Karmøy til Sotra,2
32,2026,10338,Djupevik,ikke-medikamentell,mekanisk behandling,,,,,deler av lokaliteten,4622,KVAM,46,Vestland,60.406715,6.35625,3,Karmøy til Sotra,2
32,2026,36917,Drevflesa,ikke-medikamentell,mekanisk behandling,,,,,hele lokaliteten,5058,ÅFJORD,50,Trøndelag,64.21087,10.115417,6,Nordmøre og Sør-Trøndelag,0
32,2026,35497,Drøno,ikke-medikamentell,termisk behandling,,,,,deler av lokaliteten,4625,AUSTEVOLL,46,Vestland,60.08077,5.192033,3,Karmøy til Sotra,3
32,2026,12033,Dysvik,ikke-medikamentell,termisk behandling,,,,,deler av lokaliteten,4622,KVAM,46,Vestland,60.191017,5.967617,3,Karmøy til Sotra,4
32,2026,14041,Edøya,ikke-medikamentell,ferskvannsbehandling,,,,,deler av lokaliteten,5056,HITRA,50,Trøndelag,63.65835,8.694417,6,Nordmøre og Sør-Trøndelag,4
32,2026,32677,Espnestaren,ikke-medikamentell,mekanisk behandling,,,,,deler av lokaliteten,5014,FRØYA,50,Trøndelag,63.677883,8.667,6,Nordmøre og Sør-Trøndelag,3
32,2026,10803,Fjellbukt,ikke-medikamentell,termisk behandling,,,,,deler av lokaliteten,5546,KVÆNANGEN,55,Troms,69.90414,21.875168,11,Kvaløya til Loppa,6
32,2026,11833,Flåtegrunnen,ikke-medikamentell,mekanisk behandling,,,,,deler av lokaliteten,4602,KINN,46,Vestland,61.57565,4.80805,4,Nordhordaland til Stadt,2
32,2026,36138,Flatøyfjorden,ikke-medikamentell,mekanisk behandling,,,,,deler av lokaliteten,5058,ÅFJORD,50,Trøndelag,64.27302,10.246233,6,Nordmøre og Sør-Trøndelag,4
32,2026,19115,Fugløya,ikke-medikamentell,mekanisk behandling,,,,,deler av lokaliteten,5056,HITRA,50,Trøndelag,63.475918,9.109833,6,Nordmøre og Sør-Trøndelag,2
32,2026,24315,Gjæsingen,ikke-medikamentell,mekanisk behandling,,,,,deler av lokaliteten,5058,ÅFJORD,50,Trøndelag,64.117615,9.981417,6,Nordmøre og Sør-Trøndelag,4
32,2026,32037,Grasholman,ikke-medikamentell,annen behandling,,,,,deler av lokaliteten,1834,LURØY,18,Nordland,66.3489,12.777717,8,Helgeland til Bodø,5
32,2026,11690,Grasholmen,ikke-medikamentell,termisk behandling,,,,,deler av lokaliteten,4631,ALVER,46,Vestland,60.595768,5.159717,4,Nordhordaland til Stadt,4
32,2026,24735,Gulholmen,ikke-medikamentell,termisk behandling,,,,,deler av lokaliteten,4624,BJØRNAFJORDEN,46,Vestland,60.126682,5.399417,3,Karmøy til Sotra,3
32,2026,12789,Gunnarøya,ikke-medikamentell,mekanisk behandling,,,,,deler av lokaliteten,5059,ORKLAND,50,Trøndelag,63.569485,9.467983,6,Nordmøre og Sør-Trøndelag,3
32,2026,39537,Gyltneset,ikke-medikamentell,mekanisk behandling,,,,,hele lokaliteten,5007,NAMSOS,50,Trøndelag,64.683815,11.36595,7,Nord-Trøndelag med Bindal,0
32,2026,13592,Hammer,ikke-medikamentell,mekanisk behandling,,,,,deler av lokaliteten,1848,STEIGEN,18,Nordland,67.95877,15.171667,9,Vestfjorden og Vesterålen,5
32,2026,36178,Haukøya Ø,medikamentell,fôrbehandling,Emamectin benzoat,,,,hele lokaliteten,5542,SKJERVØY,55,Troms,70.046135,21.282034,11,Kvaløya til Loppa,0
32,2026,30257,Hausan,ikke-medikamentell,mekanisk behandling,,,,,deler av lokaliteten,5055,HEIM,50,Trøndelag,63.458317,8.955683,6,Nordmøre og Sør-Trøndelag,3
32,2026,14679,Hellfjorden,medikamentell,fôrbehandling,Emamectin benzoat,,,,hele lokaliteten,1867,BØ I NORDLAND,18,Nordland,68.668365,14.8005,9,Vestfjorden og Vesterålen,
32,2026,12590,Helligholmen,ikke-medikamentell,mekanisk behandling,,,,,hele lokaliteten,5060,NÆRØYSUND,50,Trøndelag,64.83839,10.665517,7,Nord-Trøndelag med Bindal,0
32,2026,10808,Hjellberget,ikke-medikamentell,termisk behandling,,,,,deler av lokaliteten,5546,KVÆNANGEN,55,Troms,69.91225,21.598766,11,Kvaløya til Loppa,2
32,2026,10518,Horsvågen,ikke-medikamentell,annen behandling,,,,,deler av lokaliteten,1875,HAMARØY,18,Nordland,68.0213,15.29955,9,Vestfjorden og Vesterålen,6
32,2026,33218,Hosenøyan,ikke-medikamentell,mekanisk behandling,,,,,deler av lokaliteten,5058,ÅFJORD,50,Trøndelag,64.08505,9.88505,6,Nordmøre og Sør-Trøndelag,4
32,2026,19939,Høysteinen,ikke-medikamentell,termisk behandling,,,,,deler av lokaliteten,4617,KVINNHERAD,46,Vestland,60.157417,6.050117,3,Karmøy til Sotra,2
32,2026,21516,Hulløyhamn Ø,ikke-medikamentell,mekanisk behandling,,,,,deler av lokaliteten,1875,HAMARØY,18,Nordland,68.05714,16.204468,9,Vestfjorden og Vesterålen,4
32,2026,10796,Hundbergan,ikke-medikamentell,mekanisk behandling,,,,,hele lokaliteten,5614,LOPPA,56,Finnmark,70.19945,21.811016,12,Vest-Finnmark,0
32,2026,45215,Iselva,ikke-medikamentell,termisk behandling,,,,,deler av lokaliteten,5603,HAMMERFEST,56,Finnmark,70.5756,24.085817,12,Vest-Finnmark,3
32,2026,14245,Jakobsteinsvika,ikke-medikamentell,mekanisk behandling,,,,,deler av lokaliteten,5052,LEKA,50,Trøndelag,65.11235,11.792967,7,Nord-Trøndelag med Bindal,6
32,2026,29656,Juvika,ikke-medikamentell,ferskvannsbehandling,,,,,hele lokaliteten,4636,SOLUND,46,Vestland,61.1051,5.019933,4,Nordhordaland til Stadt,
32,2026,29656,Juvika,ikke-medikamentell,termisk behandling,,,,,hele lokaliteten,4636,SOLUND,46,Vestland,61.1051,5.019933,4,Nordhordaland til Stadt,
32,2026,31757,Kasteberget,ikke-medikamentell,termisk behandling,,,,,deler av lokaliteten,5514,IBESTAD,55,Troms,68.79125,16.914017,10,Andøya til Senja,2
32,2026,31757,Kasteberget,ikke-medikamentell,ferskvannsbehandling,,,,,deler av lokaliteten,5514,IBESTAD,55,Troms,68.79125,16.914017,10,Andøya til Senja,2
32,2026,10409,Kjelneset,ikke-medikamentell,mekanisk behandling,,,,,deler av lokaliteten,5007,NAMSOS,50,Trøndelag,64.64387,11.388867,7,Nord-Trøndelag med Bindal,5
32,2026,11534,Klungsholmen,medikamentell,badebehandling,Annet virkestoff,,,,hele lokaliteten,4613,BØMLO,46,Vestland,59.596783,5.161567,3,Karmøy til Sotra,0
32,2026,10113,Kobbavika,ikke-medikamentell,termisk behandling,,,,,deler av lokaliteten,1103,STAVANGER,11,Rogaland,59.12232,5.934433,2,Ryfylke,1
32,2026,45260,Korshamn,ikke-medikamentell,mekanisk behandling,,,,,deler av lokaliteten,5056,HITRA,50,Trøndelag,63.441116,8.595233,6,Nordmøre og Sør-Trøndelag,5
32,2026,19195,Korsholman,ikke-medikamentell,termisk behandling,,,,,deler av lokaliteten,5056,HITRA,50,Trøndelag,63.597218,8.51575,6,Nordmøre og Sør-Trøndelag,1
32,2026,10224,Korsneset,ikke-medikamentell,mekanisk behandling,,,,,deler av lokaliteten,5055,HEIM,50,Trøndelag,63.1434,8.21755,6,Nordmøre og Sør-Trøndelag,10
32,2026,24975,Kvernavika,ikke-medikamentell,termisk behandling,,,,,deler av lokaliteten,4616,TYSNES,46,Vestland,60.069283,5.351183,3,Karmøy til Sotra,1
32,2026,10041,Kviksholmen,ikke-medikamentell,ferskvannsbehandling,,,,,hele lokaliteten,4625,AUSTEVOLL,46,Vestland,60.054317,5.090733,3,Karmøy til Sotra,
32,2026,10041,Kviksholmen,ikke-medikamentell,termisk behandling,,,,,hele lokaliteten,4625,AUSTEVOLL,46,Vestland,60.054317,5.090733,3,Karmøy til Sotra,
32,2026,11775,Kviteskjeret,ikke-medikamentell,ferskvannsbehandling,,,,,hele lokaliteten,4645,ASKVOLL,46,Vestland,61.467815,5.2203,4,Nordhordaland til Stadt,
32,2026,11775,Kviteskjeret,ikke-medikamentell,termisk behandling,,,,,hele lokaliteten,4645,ASKVOLL,46,Vestland,61.467815,5.2203,4,Nordhordaland til Stadt,
32,2026,11116,Langholmen,medikamentell,fôrbehandling,Emamectin benzoat,,,,deler av lokaliteten,1838,GILDESKÅL,18,Nordland,67.05783,14.025333,8,Helgeland til Bodø,15
32,2026,11116,Langholmen,medikamentell,fôrbehandling,Emamectin benzoat,,,,deler av lokaliteten,1838,GILDESKÅL,18,Nordland,67.05783,14.025333,8,Helgeland til Bodø,17
32,2026,13055,Langøyna Ø,ikke-medikamentell,termisk behandling,,,,,deler av lokaliteten,1146,TYSVÆR,11,Rogaland,59.2983,5.713333,2,Ryfylke,3
32,2026,23056,Lekangsund II,ikke-medikamentell,mekanisk behandling,,,,,deler av lokaliteten,5530,SENJA,55,Troms,69.03768,17.264133,10,Andøya til Senja,2
32,2026,40137,Lønngrunnen,ikke-medikamentell,mekanisk behandling,,,,,deler av lokaliteten,5057,ØRLAND,50,Trøndelag,63.937534,9.779517,6,Nordmøre og Sør-Trøndelag,4
32,2026,36117,Matvika,ikke-medikamentell,termisk behandling,,,,,deler av lokaliteten,1845,SØRFOLD,18,Nordland,67.528,15.359683,9,Vestfjorden og Vesterålen,5
32,2026,21397,Midt Femris,ikke-medikamentell,mekanisk behandling,,,,,hele lokaliteten,1838,GILDESKÅL,18,Nordland,67.036934,13.967767,8,Helgeland til Bodø,
32,2026,30157,Movik,medikamentell,fôrbehandling,Emamectin benzoat,,,,hele lokaliteten,1845,SØRFOLD,18,Nordland,67.63265,15.26325,9,Vestfjorden og Vesterålen,0
32,2026,10303,Nappeholmane,ikke-medikamentell,mekanisk behandling,,,,,hele lokaliteten,4613,BØMLO,46,Vestland,59.742985,5.363633,3,Karmøy til Sotra,
32,2026,33937,Nørholmen,ikke-medikamentell,termisk behandling,,,,,deler av lokaliteten,1573,SMØLA,15,Møre og Romsdal,63.338917,8.2718,6,Nordmøre og Sør-Trøndelag,1
32,2026,33937,Nørholmen,ikke-medikamentell,mekanisk behandling,,,,,deler av lokaliteten,1573,SMØLA,15,Møre og Romsdal,63.338917,8.2718,6,Nordmøre og Sør-Trøndelag,8
32,2026,31697,Oksen,ikke-medikamentell,mekanisk behandling,,,,,deler av lokaliteten,4626,ØYGARDEN,46,Vestland,60.43418,4.94065,3,Karmøy til Sotra,2
32,2026,28676,Olvika,ikke-medikamentell,mekanisk behandling,,,,,deler av lokaliteten,1834,LURØY,18,Nordland,66.4367,13.126033,8,Helgeland til Bodø,11
32,2026,19875,Or,medikamentell,fôrbehandling,Emamectin benzoat,,,,deler av lokaliteten,1505,KRISTIANSUND,15,Møre og Romsdal,63.039932,7.850267,6,Nordmøre og Sør-Trøndelag,0
32,2026,39937,Orholmen,ikke-medikamentell,annen behandling,,,,,deler av lokaliteten,1547,AUKRA,15,Møre og Romsdal,62.77625,6.78015,5,Stadt til Hustadvika,4
32,2026,17235,Ørnes,ikke-medikamentell,mekanisk behandling,,,,,deler av lokaliteten,1834,LURØY,18,Nordland,66.42087,13.018317,8,Helgeland til Bodø,2
32,2026,45077,Ørnhaugneset,ikke-medikamentell,mekanisk behandling,,,,,deler av lokaliteten,1875,HAMARØY,18,Nordland,67.98025,15.5878,9,Vestfjorden og Vesterålen,3
32,2026,13345,Oterstegdalen,ikke-medikamentell,mekanisk behandling,,,,,deler av lokaliteten,4624,BJØRNAFJORDEN,46,Vestland,60.23545,5.638267,3,Karmøy til Sotra,2
32,2026,11688,Portevika,ikke-medikamentell,ferskvannsbehandling,,,,,deler av lokaliteten,4637,HYLLESTAD,46,Vestland,61.190666,5.081683,4,Nordhordaland til Stadt,2
32,2026,11688,Portevika,ikke-medikamentell,termisk behandling,,,,,deler av lokaliteten,4637,HYLLESTAD,46,Vestland,61.190666,5.081683,4,Nordhordaland til Stadt,2
32,2026,10806,Rakkenes,ikke-medikamentell,termisk behandling,,,,,hele lokaliteten,5546,KVÆNANGEN,55,Troms,69.88507,21.729982,11,Kvaløya til Loppa,0
32,2026,31777,Reinvika,ikke-medikamentell,mekanisk behandling,,,,,hele lokaliteten,1845,SØRFOLD,18,Nordland,67.60568,15.368483,9,Vestfjorden og Vesterålen,0
32,2026,29896,Renndalen,ikke-medikamentell,mekanisk behandling,,,,,deler av lokaliteten,5055,HEIM,50,Trøndelag,63.176117,8.6172,6,Nordmøre og Sør-Trøndelag,3
32,2026,21176,Risvik,ikke-medikamentell,mekanisk behandling,,,,,deler av lokaliteten,1875,HAMARØY,18,Nordland,68.08141,16.321417,9,Vestfjorden og Vesterålen,2
32,2026,12209,Rønstad,ikke-medikamentell,termisk behandling,,,,,hele lokaliteten,1577,VOLDA,15,Møre og Romsdal,62.135117,6.021433,5,Stadt til Hustadvika,0
32,2026,13243,Sandvika,ikke-medikamentell,mekanisk behandling,,,,,deler av lokaliteten,1577,VOLDA,15,Møre og Romsdal,62.195667,5.904417,5,Stadt til Hustadvika,1
32,2026,19855,Segelråa,ikke-medikamentell,ferskvannsbehandling,,,,,deler av lokaliteten,1576,AURE,15,Møre og Romsdal,63.149746,8.12855,6,Nordmøre og Sør-Trøndelag,1
32,2026,19855,Segelråa,ikke-medikamentell,mekanisk behandling,,,,,deler av lokaliteten,1576,AURE,15,Møre og Romsdal,63.149746,8.12855,6,Nordmøre og Sør-Trøndelag,1
32,2026,19855,Segelråa,ikke-medikamentell,mekanisk behandling,,,,,deler av lokaliteten,1576,AURE,15,Møre og Romsdal,63.149746,8.12855,6,Nordmøre og Sør-Trøndelag,1
32,2026,19855,Segelråa,ikke-medikamentell,ferskvannsbehandling,,,,,deler av lokaliteten,1576,AURE,15,Møre og Romsdal,63.149746,8.12855,6,Nordmøre og Sør-Trøndelag,1
32,2026,19855,Segelråa,ikke-medikamentell,ferskvannsbehandling,,,,,deler av lokaliteten,1576,AURE,15,Møre og Romsdal,63.149746,8.12855,6,Nordmøre og Sør-Trøndelag,1
32,2026,19855,Segelråa,ikke-medikamentell,mekanisk behandling,,,,,deler av lokaliteten,1576,AURE,15,Møre og Romsdal,63.149746,8.12855,6,Nordmøre og Sør-Trøndelag,1
32,2026,13531,Skogshamn,ikke-medikamentell,mekanisk behandling,,,,,deler av lokaliteten,5528,DYRØY,55,Troms,69.09302,17.512568,10,Andøya til Senja,1
32,2026,29356,Smineset N,ikke-medikamentell,mekanisk behandling,,,,,deler av lokaliteten,5007,NAMSOS,50,Trøndelag,64.75597,11.54245,7,Nord-Trøndelag med Bindal,4
32,2026,27436,Solværet,ikke-medikamentell,mekanisk behandling,,,,,deler av lokaliteten,1573,SMØLA,15,Møre og Romsdal,63.256218,7.854367,6,Nordmøre og Sør-Trøndelag,4
32,2026,11649,Stolane,ikke-medikamentell,termisk behandling,,,,,deler av lokaliteten,4631,ALVER,46,Vestland,60.60465,5.126483,4,Nordhordaland til Stadt,2
32,2026,11492,Storevikholmen,ikke-medikamentell,termisk behandling,,,,,deler av lokaliteten,4615,FITJAR,46,Vestland,59.83808,5.30565,3,Karmøy til Sotra,3
32,2026,31338,Storskjeret,ikke-medikamentell,mekanisk behandling,,,,,deler av lokaliteten,1576,AURE,15,Møre og Romsdal,63.27048,8.2298,6,Nordmøre og Sør-Trøndelag,1
32,2026,13124,Storstrompan,ikke-medikamentell,mekanisk behandling,,,,,deler av lokaliteten,1836,RØDØY,18,Nordland,66.54552,13.41915,8,Helgeland til Bodø,4
32,2026,13125,Storvika,ikke-medikamentell,mekanisk behandling,,,,,deler av lokaliteten,1837,MELØY,18,Nordland,66.80845,13.24255,8,Helgeland til Bodø,3
32,2026,22335,Storvika,ikke-medikamentell,termisk behandling,,,,,deler av lokaliteten,1579,HUSTADVIKA,15,Møre og Romsdal,62.8021,6.977733,5,Stadt til Hustadvika,2
32,2026,23055,Storvika V,ikke-medikamentell,mekanisk behandling,,,,,deler av lokaliteten,5528,DYRØY,55,Troms,69.043915,17.357317,10,Andøya til Senja,7
32,2026,29376,Sundsøy,ikke-medikamentell,termisk behandling,,,,,deler av lokaliteten,1827,DØNNA,18,Nordland,66.17637,12.770283,8,Helgeland til Bodø,7
32,2026,11312,Svartfjell,ikke-medikamentell,mekanisk behandling,,,,,deler av lokaliteten,1848,STEIGEN,18,Nordland,67.93948,15.503168,9,Vestfjorden og Vesterålen,3
32,2026,40118,Svindalen I,medikamentell,fôrbehandling,Emamectin benzoat,,,,deler av lokaliteten,1871,ANDØY,18,Nordland,68.92783,15.42875,9,Vestfjorden og Vesterålen,0
32,2026,11144,Svinvær,ikke-medikamentell,mekanisk behandling,,,,,deler av lokaliteten,1836,RØDØY,18,Nordland,66.769485,13.171383,8,Helgeland til Bodø,6
32,2026,12449,Tennøya,ikke-medikamentell,mekanisk behandling,,,,,deler av lokaliteten,5014,FRØYA,50,Trøndelag,63.805035,8.4444,6,Nordmøre og Sør-Trøndelag,3
32,2026,20075,Tjajneluokta,ikke-medikamentell,annen behandling,,,,,hele lokaliteten,1875,HAMARØY,18,Nordland,67.89243,16.236717,9,Vestfjorden og Vesterålen,0
32,2026,31077,Tjukkeneset,ikke-medikamentell,mekanisk behandling,,,,,deler av lokaliteten,1853,EVENES,18,Nordland,68.47297,17.303766,9,Vestfjorden og Vesterålen,7
32,2026,11351,Trollvika,medikamentell,fôrbehandling,Emamectin benzoat,,,,deler av lokaliteten,5512,TJELDSUND,55,Troms,68.71725,17.022217,10,Andøya til Senja,3
32,2026,11351,Trollvika,medikamentell,fôrbehandling,Emamectin benzoat,,,,deler av lokaliteten,5512,TJELDSUND,55,Troms,68.71725,17.022217,10,Andøya til Senja,2
32,2026,14081,Tveit,ikke-medikamentell,mekanisk behandling,,,,,deler av lokaliteten,4637,HYLLESTAD,46,Vestland,61.110085,5.340483,4,Nordhordaland til Stadt,5
32,2026,24197,Værøya Ø,ikke-medikamentell,mekanisk behandling,,,,,deler av lokaliteten,5056,HITRA,50,Trøndelag,63.415966,8.483883,6,Nordmøre og Sør-Trøndelag,1
32,2026,13246,Voldnes,ikke-medikamentell,mekanisk behandling,,,,,hele lokaliteten,1515,HERØY I MØRE OG ROMSDAL,15,Møre og Romsdal,62.2097,5.7849,5,Stadt til Hustadvika,0
32,2026,13306,Ystevika,medikamentell,fôrbehandling,Emamectin benzoat,,,,hele lokaliteten,5512,TJELDSUND,55,Troms,68.69432,17.05325,10,Andøya til Senja,
31,2026,11800,Austneståa,ikke-medikamentell,mekanisk behandling,,,,,deler av lokaliteten,4602,KINN,46,Vestland,61.490868,5.17265,4,Nordhordaland til Stadt,3
31,2026,22455,Bjørlykkestranda,ikke-medikamentell,termisk behandling,,,,,deler av lokaliteten,1511,VANYLVEN,15,Møre og Romsdal,62.16655,5.5954,5,Stadt til Hustadvika,1
31,2026,13209,Bognøy,ikke-medikamentell,termisk behandling,,,,,hele lokaliteten,4631,ALVER,46,Vestland,60.604416,5.075833,4,Nordhordaland til Stadt,0
31,2026,34897,Brandsfjorden,ikke-medikamentell,mekanisk behandling,,,,,deler av lokaliteten,5058,ÅFJORD,50,Trøndelag,64.22307,10.279933,6,Nordmøre og Sør-Trøndelag,2
31,2026,11488,Brattavika,ikke-medikamentell,termisk behandling,,,,,deler av lokaliteten,4625,AUSTEVOLL,46,Vestland,60.044117,5.303317,3,Karmøy til Sotra,3
31,2026,36118,Bremnesøya,medikamentell,fôrbehandling,Emamectin benzoat,,,,hele lokaliteten,1870,SORTLAND,18,Nordland,68.82377,15.400217,9,Vestfjorden og Vesterålen,0
31,2026,27976,Bukkholmen,ikke-medikamentell,mekanisk behandling,,,,,deler av lokaliteten,1820,ALSTAHAUG,18,Nordland,65.91832,12.244583,8,Helgeland til Bodø,4
31,2026,32457,Dalsvåg Nv,medikamentell,badebehandling,Annet virkestoff,,,,deler av lokaliteten,1149,KARMØY,11,Rogaland,59.410816,5.21725,3,Karmøy til Sotra,0
31,2026,32457,Dalsvåg Nv,ikke-medikamentell,termisk behandling,,,,,deler av lokaliteten,1149,KARMØY,11,Rogaland,59.410816,5.21725,3,Karmøy til Sotra,6
31,2026,32457,Dalsvåg Nv,ikke-medikamentell,mekanisk behandling,,,,,deler av lokaliteten,1149,KARMØY,11,Rogaland,59.410816,5.21725,3,Karmøy til Sotra,6
31,2026,11076,Digermulen,ikke-medikamentell,termisk behandling,,,,,hele lokaliteten,1836,RØDØY,18,Nordland,66.675735,13.317517,8,Helgeland til Bodø,0
31,2026,20455,Djupevika,ikke-medikamentell,termisk behandling,,,,,deler av lokaliteten,4617,KVINNHERAD,46,Vestland,60.04095,6.009367,3,Karmøy til Sotra,3
31,2026,37177,Djuptaren,ikke-medikamentell,mekanisk behandling,,,,,deler av lokaliteten,5060,NÆRØYSUND,50,Trøndelag,64.7692,10.62935,7,Nord-Trøndelag med Bindal,2
31,2026,34018,Dolma N,ikke-medikamentell,mekanisk behandling,,,,,deler av lokaliteten,5060,NÆRØYSUND,50,Trøndelag,65.02533,11.676017,7,Nord-Trøndelag med Bindal,5
31,2026,12128,Dyrnes,ikke-medikamentell,mekanisk behandling,,,,,deler av lokaliteten,4617,KVINNHERAD,46,Vestland,59.718132,5.723383,3,Karmøy til Sotra,1
31,2026,12109,Ebne,ikke-medikamentell,mekanisk behandling,,,,,deler av lokaliteten,4611,ETNE,46,Vestland,59.71443,5.8238,3,Karmøy til Sotra,1
31,2026,30137,Edøya II,ikke-medikamentell,ferskvannsbehandling,,,,,hele lokaliteten,5056,HITRA,50,Trøndelag,63.65805,8.683667,6,Nordmøre og Sør-Trøndelag,0
31,2026,10045,Eidholmen,ikke-medikamentell,ferskvannsbehandling,,,,,hele lokaliteten,4625,AUSTEVOLL,46,Vestland,60.08808,5.120633,3,Karmøy til Sotra,
31,2026,10045,Eidholmen,ikke-medikamentell,termisk behandling,,,,,hele lokaliteten,4625,AUSTEVOLL,46,Vestland,60.08808,5.120633,3,Karmøy til Sotra,
31,2026,24575,Farmannsøya,ikke-medikamentell,mekanisk behandling,,,,,deler av lokaliteten,5058,ÅFJORD,50,Trøndelag,64.18452,10.1222,6,Nordmøre og Sør-Trøndelag,4
31,2026,11833,Flåtegrunnen,ikke-medikamentell,mekanisk behandling,,,,,deler av lokaliteten,4602,KINN,46,Vestland,61.57565,4.80805,4,Nordhordaland til Stadt,6
31,2026,36138,Flatøyfjorden,ikke-medikamentell,termisk behandling,,,,,deler av lokaliteten,5058,ÅFJORD,50,Trøndelag,64.27302,10.246233,6,Nordmøre og Sør-Trøndelag,1
31,2026,19278,Forsåstorvika,ikke-medikamentell,mekanisk behandling,,,,,deler av lokaliteten,1875,HAMARØY,18,Nordland,68.170715,16.153233,9,Vestfjorden og Vesterålen,8
31,2026,19115,Fugløya,ikke-medikamentell,mekanisk behandling,,,,,deler av lokaliteten,5056,HITRA,50,Trøndelag,63.475918,9.109833,6,Nordmøre og Sør-Trøndelag,2
31,2026,13669,Furneset,ikke-medikamentell,mekanisk behandling,,,,,deler av lokaliteten,1535,VESTNES,15,Møre og Romsdal,62.6461,7.101183,5,Stadt til Hustadvika,4
31,2026,12078,Gangdal,ikke-medikamentell,termisk behandling,,,,,hele lokaliteten,4618,ULLENSVANG,46,Vestland,60.216633,6.157683,3,Karmøy til Sotra,0
31,2026,12078,Gangdal,ikke-medikamentell,ferskvannsbehandling,,,,,hele lokaliteten,4618,ULLENSVANG,46,Vestland,60.216633,6.157683,3,Karmøy til Sotra,0
31,2026,12714,Gjerdinga,ikke-medikamentell,mekanisk behandling,,,,,deler av lokaliteten,5060,NÆRØYSUND,50,Trøndelag,64.94648,11.461967,7,Nord-Trøndelag med Bindal,3
31,2026,33597,Grytøyraholmen,ikke-medikamentell,termisk behandling,,,,,deler av lokaliteten,4646,FJALER,46,Vestland,61.29278,5.014117,4,Nordhordaland til Stadt,3
31,2026,33597,Grytøyraholmen,ikke-medikamentell,ferskvannsbehandling,,,,,deler av lokaliteten,4646,FJALER,46,Vestland,61.29278,5.014117,4,Nordhordaland til Stadt,3
31,2026,10318,Gulestø,ikke-medikamentell,mekanisk behandling,,,,,deler av lokaliteten,4648,BREMANGER,46,Vestland,61.75802,5.069883,4,Nordhordaland til Stadt,6
31,2026,19995,Hagahammaren,ikke-medikamentell,mekanisk behandling,,,,,deler av lokaliteten,1576,AURE,15,Møre og Romsdal,63.137917,8.0306,6,Nordmøre og Sør-Trøndelag,1
31,2026,13996,Hamnefjord,ikke-medikamentell,annen behandling,,,,,hele lokaliteten,5603,HAMMERFEST,56,Finnmark,70.56623,23.024616,12,Vest-Finnmark,0
31,2026,36178,Haukøya Ø,medikamentell,fôrbehandling,Emamectin benzoat,,,,hele lokaliteten,5542,SKJERVØY,55,Troms,70.046135,21.282034,11,Kvaløya til Loppa,0
31,2026,30257,Hausan,ikke-medikamentell,mekanisk behandling,,,,,deler av lokaliteten,5055,HEIM,50,Trøndelag,63.458317,8.955683,6,Nordmøre og Sør-Trøndelag,1
31,2026,45080,Hestvik,ikke-medikamentell,mekanisk behandling,,,,,hele lokaliteten,1836,RØDØY,18,Nordland,66.581764,13.206917,8,Helgeland til Bodø,0
31,2026,13643,Hjartholm,ikke-medikamentell,mekanisk behandling,,,,,deler av lokaliteten,4635,GULEN,46,Vestland,61.03512,5.33105,4,Nordhordaland til Stadt,2
31,2026,13931,Hjartøy Ø,ikke-medikamentell,annen behandling,,,,,deler av lokaliteten,1848,STEIGEN,18,Nordland,67.65652,15.121867,9,Vestfjorden og Vesterålen,1
31,2026,33957,Hofsøya,ikke-medikamentell,termisk behandling,,,,,deler av lokaliteten,5014,FRØYA,50,Trøndelag,63.7224,8.9145,6,Nordmøre og Sør-Trøndelag,1
31,2026,33957,Hofsøya,ikke-medikamentell,mekanisk behandling,,,,,deler av lokaliteten,5014,FRØYA,50,Trøndelag,63.7224,8.9145,6,Nordmøre og Sør-Trøndelag,1
31,2026,33957,Hofsøya,ikke-medikamentell,termisk behandling,,,,,deler av lokaliteten,5014,FRØYA,50,Trøndelag,63.7224,8.9145,6,Nordmøre og Sør-Trøndelag,1
31,2026,33957,Hofsøya,ikke-medikamentell,mekanisk behandling,,,,,deler av lokaliteten,5014,FRØYA,50,Trøndelag,63.7224,8.9145,6,Nordmøre og Sør-Trøndelag,1
31,2026,33957,Hofsøya,ikke-medikamentell,termisk behandling,,,,,deler av lokaliteten,5014,FRØYA,50,Trøndelag,63.7224,8.9145,6,Nordmøre og Sør-Trøndelag,1
31,2026,33957,Hofsøya,ikke-medikamentell,mekanisk behandling,,,,,deler av lokaliteten,5014,FRØYA,50,Trøndelag,63.7224,8.9145,6,Nordmøre og Sør-Trøndelag,1
31,2026,33957,Hofsøya,ikke-medikamentell,termisk behandling,,,,,deler av lokaliteten,5014,FRØYA,50,Trøndelag,63.7224,8.9145,6,Nordmøre og Sør-Trøndelag,1
31,2026,33957,Hofsøya,ikke-medikamentell,mekanisk behandling,,,,,deler av lokaliteten,5014,FRØYA,50,Trøndelag,63.7224,8.9145,6,Nordmøre og Sør-Trøndelag,1
31,2026,33957,Hofsøya,ikke-medikamentell,termisk behandling,,,,,deler av lokaliteten,5014,FRØYA,50,Trøndelag,63.7224,8.9145,6,Nordmøre og Sør-Trøndelag,1
31,2026,33957,Hofsøya,ikke-medikamentell,mekanisk behandling,,,,,deler av lokaliteten,5014,FRØYA,50,Trøndelag,63.7224,8.9145,6,Nordmøre og Sør-Trøndelag,1
31,2026,33957,Hofsøya,ikke-medikamentell,termisk behandling,,,,,deler av lokaliteten,5014,FRØYA,50,Trøndelag,63.7224,8.9145,6,Nordmøre og Sør-Trøndelag,1
31,2026,33957,Hofsøya,ikke-medikamentell,mekanisk behandling,,,,,deler av lokaliteten,5014,FRØYA,50,Trøndelag,63.7224,8.9145,6,Nordmøre og Sør-Trøndelag,1
31,2026,33957,Hofsøya,ikke-medikamentell,termisk behandling,,,,,deler av lokaliteten,5014,FRØYA,50,Trøndelag,63.7224,8.9145,6,Nordmøre og Sør-Trøndelag,1
31,2026,33957,Hofsøya,ikke-medikamentell,mekanisk behandling,,,,,deler av lokaliteten,5014,FRØYA,50,Trøndelag,63.7224,8.9145,6,Nordmøre og Sør-Trøndelag,1
31,2026,19939,Høysteinen,ikke-medikamentell,mekanisk behandling,,,,,deler av lokaliteten,4617,KVINNHERAD,46,Vestland,60.157417,6.050117,3,Karmøy til Sotra,2
31,2026,21016,Husfjord,ikke-medikamentell,annen behandling,,,,,hele lokaliteten,5603,HAMMERFEST,56,Finnmark,70.54992,22.957417,12,Vest-Finnmark,0
31,2026,27095,Ihlholmen,ikke-medikamentell,mekanisk behandling,,,,,deler av lokaliteten,1160,VINDAFJORD,11,Rogaland,59.7215,5.586633,3,Karmøy til Sotra,4
31,2026,38997,Ilsøya 2,ikke-medikamentell,mekanisk behandling,,,,,deler av lokaliteten,5014,FRØYA,50,Trøndelag,63.66275,8.447833,6,Nordmøre og Sør-Trøndelag,4
31,2026,29756,Indre Bringenes,ikke-medikamentell,mekanisk behandling,,,,,deler av lokaliteten,5530,SENJA,55,Troms,69.48227,17.57155,10,Andøya til Senja,2
31,2026,13236,Indre Oppedal,ikke-medikamentell,mekanisk behandling,,,,,deler av lokaliteten,4635,GULEN,46,Vestland,61.067883,5.563833,4,Nordhordaland til Stadt,7
31,2026,12599,Indre Skjervøy,ikke-medikamentell,termisk behandling,,,,,deler av lokaliteten,5020,OSEN,50,Trøndelag,64.2858,10.30905,6,Nordmøre og Sør-Trøndelag,1
31,2026,10804,Karvika,ikke-medikamentell,termisk behandling,,,,,hele lokaliteten,5546,KVÆNANGEN,55,Troms,69.85198,21.828983,11,Kvaløya til Loppa,0
31,2026,10409,Kjelneset,ikke-medikamentell,mekanisk behandling,,,,,deler av lokaliteten,5007,NAMSOS,50,Trøndelag,64.64387,11.388867,7,Nord-Trøndelag med Bindal,3
31,2026,24455,Klavelandet,ikke-medikamentell,ferskvannsbehandling,,,,,hele lokaliteten,4602,KINN,46,Vestland,61.60395,5.186533,4,Nordhordaland til Stadt,
31,2026,24455,Klavelandet,ikke-medikamentell,termisk behandling,,,,,hele lokaliteten,4602,KINN,46,Vestland,61.60395,5.186533,4,Nordhordaland til Stadt,
31,2026,11534,Klungsholmen,medikamentell,badebehandling,Annet virkestoff,,,,hele lokaliteten,4613,BØMLO,46,Vestland,59.596783,5.161567,3,Karmøy til Sotra,0
31,2026,13764,Kokvika,ikke-medikamentell,termisk behandling,,,,,hele lokaliteten,1834,LURØY,18,Nordland,66.41295,12.95735,8,Helgeland til Bodø,0
31,2026,45260,Korshamn,ikke-medikamentell,mekanisk behandling,,,,,deler av lokaliteten,5056,HITRA,50,Trøndelag,63.441116,8.595233,6,Nordmøre og Sør-Trøndelag,3
31,2026,10224,Korsneset,ikke-medikamentell,mekanisk behandling,,,,,deler av lokaliteten,5055,HEIM,50,Trøndelag,63.1434,8.21755,6,Nordmøre og Sør-Trøndelag,2
31,2026,14040,Krigsholmen,ikke-medikamentell,ferskvannsbehandling,,,,,deler av lokaliteten,4625,AUSTEVOLL,46,Vestland,60.081383,5.124117,3,Karmøy til Sotra,3
31,2026,14040,Krigsholmen,ikke-medikamentell,termisk behandling,,,,,deler av lokaliteten,4625,AUSTEVOLL,46,Vestland,60.081383,5.124117,3,Karmøy til Sotra,3
31,2026,10989,Labukta V,ikke-medikamentell,mekanisk behandling,,,,,hele lokaliteten,1818,HERØY I NORDLAND,18,Nordland,66.01325,12.350567,8,Helgeland til Bodø,0
31,2026,11116,Langholmen,ikke-medikamentell,mekanisk behandling,,,,,deler av lokaliteten,1838,GILDESKÅL,18,Nordland,67.05783,14.025333,8,Helgeland til Bodø,5
31,2026,45236,Langtaren,ikke-medikamentell,ferskvannsbehandling,,,,,deler av lokaliteten,5014,FRØYA,50,Trøndelag,63.75285,8.9278,6,Nordmøre og Sør-Trøndelag,2
31,2026,45236,Langtaren,ikke-medikamentell,termisk behandling,,,,,deler av lokaliteten,5014,FRØYA,50,Trøndelag,63.75285,8.9278,6,Nordmøre og Sør-Trøndelag,2
31,2026,45236,Langtaren,ikke-medikamentell,ferskvannsbehandling,,,,,deler av lokaliteten,5014,FRØYA,50,Trøndelag,63.75285,8.9278,6,Nordmøre og Sør-Trøndelag,1
31,2026,45236,Langtaren,ikke-medikamentell,termisk behandling,,,,,deler av lokaliteten,5014,FRØYA,50,Trøndelag,63.75285,8.9278,6,Nordmøre og Sør-Trøndelag,1
31,2026,45236,Langtaren,ikke-medikamentell,ferskvannsbehandling,,,,,deler av lokaliteten,5014,FRØYA,50,Trøndelag,63.75285,8.9278,6,Nordmøre og Sør-Trøndelag,2
31,2026,45236,Langtaren,ikke-medikamentell,termisk behandling,,,,,deler av lokaliteten,5014,FRØYA,50,Trøndelag,63.75285,8.9278,6,Nordmøre og Sør-Trøndelag,2
31,2026,37297,Larstangen,ikke-medikamentell,mekanisk behandling,,,,,deler av lokaliteten,5534,KARLSØY,55,Troms,70.0834,20.092167,11,Kvaløya til Loppa,3
31,2026,45124,Laukelandsøyna,ikke-medikamentell,annen behandling,,,,,deler av lokaliteten,4645,ASKVOLL,46,Vestland,61.317833,4.915,4,Nordhordaland til Stadt,3
31,2026,45233,Leikvika,ikke-medikamentell,annen behandling,,,,,deler av lokaliteten,5530,SENJA,55,Troms,69.21467,16.899767,10,Andøya til Senja,5
31,2026,45233,Leikvika,ikke-medikamentell,annen behandling,,,,,deler av lokaliteten,5530,SENJA,55,Troms,69.21467,16.899767,10,Andøya til Senja,3
31,2026,23056,Lekangsund II,ikke-medikamentell,mekanisk behandling,,,,,deler av lokaliteten,5530,SENJA,55,Troms,69.03768,17.264133,10,Andøya til Senja,9
31,2026,10262,Lille Kvitholmen,ikke-medikamentell,mekanisk behandling,,,,,hele lokaliteten,5060,NÆRØYSUND,50,Trøndelag,65.01145,11.6139,7,Nord-Trøndelag med Bindal,0
31,2026,12392,Lille Torsøy,ikke-medikamentell,mekanisk behandling,,,,,deler av lokaliteten,5056,HITRA,50,Trøndelag,63.60615,8.492133,6,Nordmøre og Sør-Trøndelag,9
31,2026,28996,Loddetå,ikke-medikamentell,mekanisk behandling,,,,,hele lokaliteten,4612,SVEIO,46,Vestland,59.691784,5.543717,3,Karmøy til Sotra,0
31,2026,13549,Løypingneset,ikke-medikamentell,mekanisk behandling,,,,,deler av lokaliteten,4648,BREMANGER,46,Vestland,61.821335,5.250533,4,Nordhordaland til Stadt,4
31,2026,45024,Lyregrunnen,ikke-medikamentell,mekanisk behandling,,,,,deler av lokaliteten,1103,STAVANGER,11,Rogaland,59.21425,5.717267,2,Ryfylke,1
31,2026,12370,Måøydraga,ikke-medikamentell,mekanisk behandling,,,,,deler av lokaliteten,5014,FRØYA,50,Trøndelag,63.676434,8.757283,6,Nordmøre og Sør-Trøndelag,3
31,2026,30157,Movik,medikamentell,fôrbehandling,Emamectin benzoat,,,,hele lokaliteten,1845,SØRFOLD,18,Nordland,67.63265,15.26325,9,Vestfjorden og Vesterålen,0
31,2026,23816,Nordbotnet,ikke-medikamentell,mekanisk behandling,,,,,deler av lokaliteten,1828,NESNA,18,Nordland,66.25612,12.8942,8,Helgeland til Bodø,1
31,2026,45140,Nordskaftet,ikke-medikamentell,termisk behandling,,,,,deler av lokaliteten,1836,RØDØY,18,Nordland,66.629684,13.10985,8,Helgeland til Bodø,5
31,2026,28676,Olvika,ikke-medikamentell,termisk behandling,,,,,deler av lokaliteten,1834,LURØY,18,Nordland,66.4367,13.126033,8,Helgeland til Bodø,1
31,2026,28676,Olvika,ikke-medikamentell,ferskvannsbehandling,,,,,deler av lokaliteten,1834,LURØY,18,Nordland,66.4367,13.126033,8,Helgeland til Bodø,1
31,2026,45077,Ørnhaugneset,ikke-medikamentell,mekanisk behandling,,,,,deler av lokaliteten,1875,HAMARØY,18,Nordland,67.98025,15.5878,9,Vestfjorden og Vesterålen,1
31,2026,45077,Ørnhaugneset,ikke-medikamentell,annen behandling,,,,,deler av lokaliteten,1875,HAMARØY,18,Nordland,67.98025,15.5878,9,Vestfjorden og Vesterålen,2
31,2026,13345,Oterstegdalen,ikke-medikamentell,termisk behandling,,,,,deler av lokaliteten,4624,BJØRNAFJORDEN,46,Vestland,60.23545,5.638267,3,Karmøy til Sotra,2
31,2026,11972,Prestholmane,ikke-medikamentell,termisk behandling,,,,,deler av lokaliteten,1103,STAVANGER,11,Rogaland,59.117016,5.852033,2,Ryfylke,2
31,2026,11687,Ramsvik,ikke-medikamentell,termisk behandling,,,,,deler av lokaliteten,4631,ALVER,46,Vestland,60.578133,5.190433,4,Nordhordaland til Stadt,6
31,2026,33477,Reinsnesøya,medikamentell,fôrbehandling,Emamectin benzoat,,,,hele lokaliteten,1870,SORTLAND,18,Nordland,68.76978,15.4441,9,Vestfjorden og Vesterålen,0
31,2026,22796,Renga S,ikke-medikamentell,termisk behandling,,,,,deler av lokaliteten,1836,RØDØY,18,Nordland,66.58757,13.09655,8,Helgeland til Bodø,4
31,2026,17357,Rennaren,ikke-medikamentell,ferskvannsbehandling,,,,,deler av lokaliteten,1103,STAVANGER,11,Rogaland,59.13252,5.721883,2,Ryfylke,1
31,2026,12784,Ringholmen,ikke-medikamentell,mekanisk behandling,,,,,deler av lokaliteten,5056,HITRA,50,Trøndelag,63.55995,9.409567,6,Nordmøre og Sør-Trøndelag,4
31,2026,10398,Seiskjæra,ikke-medikamentell,mekanisk behandling,,,,,deler av lokaliteten,5058,ÅFJORD,50,Trøndelag,64.093,10.115683,6,Nordmøre og Sør-Trøndelag,10
31,2026,13530,Sjåneset,ikke-medikamentell,termisk behandling,,,,,deler av lokaliteten,1868,ØKSNES,18,Nordland,68.903534,15.037333,9,Vestfjorden og Vesterålen,1
31,2026,39657,Skipperdalsneset,ikke-medikamentell,termisk behandling,,,,,deler av lokaliteten,4648,BREMANGER,46,Vestland,61.80602,5.0683,4,Nordhordaland til Stadt,3
31,2026,39657,Skipperdalsneset,ikke-medikamentell,ferskvannsbehandling,,,,,deler av lokaliteten,4648,BREMANGER,46,Vestland,61.80602,5.0683,4,Nordhordaland til Stadt,3
31,2026,12108,Skorpo Nv,ikke-medikamentell,ferskvannsbehandling,,,,,deler av lokaliteten,4617,KVINNHERAD,46,Vestland,59.95323,5.827133,3,Karmøy til Sotra,1
31,2026,12108,Skorpo Nv,ikke-medikamentell,termisk behandling,,,,,deler av lokaliteten,4617,KVINNHERAD,46,Vestland,59.95323,5.827133,3,Karmøy til Sotra,1
31,2026,12108,Skorpo Nv,ikke-medikamentell,ferskvannsbehandling,,,,,deler av lokaliteten,4617,KVINNHERAD,46,Vestland,59.95323,5.827133,3,Karmøy til Sotra,1
31,2026,12108,Skorpo Nv,ikke-medikamentell,termisk behandling,,,,,deler av lokaliteten,4617,KVINNHERAD,46,Vestland,59.95323,5.827133,3,Karmøy til Sotra,1
31,2026,12108,Skorpo Nv,ikke-medikamentell,ferskvannsbehandling,,,,,deler av lokaliteten,4617,KVINNHERAD,46,Vestland,59.95323,5.827133,3,Karmøy til Sotra,1
31,2026,12108,Skorpo Nv,ikke-medikamentell,termisk behandling,,,,,deler av lokaliteten,4617,KVINNHERAD,46,Vestland,59.95323,5.827133,3,Karmøy til Sotra,1
31,2026,12108,Skorpo Nv,ikke-medikamentell,termisk behandling,,,,,deler av lokaliteten,4617,KVINNHERAD,46,Vestland,59.95323,5.827133,3,Karmøy til Sotra,1
31,2026,12108,Skorpo Nv,ikke-medikamentell,ferskvannsbehandling,,,,,deler av lokaliteten,4617,KVINNHERAD,46,Vestland,59.95323,5.827133,3,Karmøy til Sotra,1
31,2026,12108,Skorpo Nv,ikke-medikamentell,ferskvannsbehandling,,,,,deler av lokaliteten,4617,KVINNHERAD,46,Vestland,59.95323,5.827133,3,Karmøy til Sotra,1
31,2026,12108,Skorpo Nv,ikke-medikamentell,termisk behandling,,,,,deler av lokaliteten,4617,KVINNHERAD,46,Vestland,59.95323,5.827133,3,Karmøy til Sotra,1
31,2026,12108,Skorpo Nv,ikke-medikamentell,ferskvannsbehandling,,,,,deler av lokaliteten,4617,KVINNHERAD,46,Vestland,59.95323,5.827133,3,Karmøy til Sotra,1
31,2026,12108,Skorpo Nv,ikke-medikamentell,termisk behandling,,,,,deler av lokaliteten,4617,KVINNHERAD,46,Vestland,59.95323,5.827133,3,Karmøy til Sotra,1
31,2026,12108,Skorpo Nv,ikke-medikamentell,ferskvannsbehandling,,,,,deler av lokaliteten,4617,KVINNHERAD,46,Vestland,59.95323,5.827133,3,Karmøy til Sotra,1
31,2026,12108,Skorpo Nv,ikke-medikamentell,termisk behandling,,,,,deler av lokaliteten,4617,KVINNHERAD,46,Vestland,59.95323,5.827133,3,Karmøy til Sotra,1
31,2026,31117,Skrubbo,ikke-medikamentell,mekanisk behandling,,,,,deler av lokaliteten,4624,BJØRNAFJORDEN,46,Vestland,60.156017,5.713433,3,Karmøy til Sotra,3
31,2026,45046,Stasøya,ikke-medikamentell,mekanisk behandling,,,,,deler av lokaliteten,5060,NÆRØYSUND,50,Trøndelag,64.80155,11.633783,7,Nord-Trøndelag med Bindal,4
31,2026,11649,Stolane,ikke-medikamentell,termisk behandling,,,,,deler av lokaliteten,4631,ALVER,46,Vestland,60.60465,5.126483,4,Nordhordaland til Stadt,2
31,2026,11290,Stormneset,ikke-medikamentell,mekanisk behandling,,,,,deler av lokaliteten,1875,HAMARØY,18,Nordland,68.19825,16.134117,9,Vestfjorden og Vesterålen,1
31,2026,22335,Storvika,ikke-medikamentell,termisk behandling,,,,,deler av lokaliteten,1579,HUSTADVIKA,15,Møre og Romsdal,62.8021,6.977733,5,Stadt til Hustadvika,6
31,2026,13125,Storvika,ikke-medikamentell,mekanisk behandling,,,,,deler av lokaliteten,1837,MELØY,18,Nordland,66.80845,13.24255,8,Helgeland til Bodø,6
31,2026,12074,Svåsandneset,ikke-medikamentell,mekanisk behandling,,,,,deler av lokaliteten,4618,ULLENSVANG,46,Vestland,60.32422,6.318983,3,Karmøy til Sotra,3
31,2026,40118,Svindalen I,medikamentell,fôrbehandling,Emamectin benzoat,,,,deler av lokaliteten,1871,ANDØY,18,Nordland,68.92783,15.42875,9,Vestfjorden og Vesterålen,0
31,2026,11144,Svinvær,ikke-medikamentell,mekanisk behandling,,,,,deler av lokaliteten,1836,RØDØY,18,Nordland,66.769485,13.171383,8,Helgeland til Bodø,5
31,2026,12662,Ternskjæret II,ikke-medikamentell,mekanisk behandling,,,,,deler av lokaliteten,5007,NAMSOS,50,Trøndelag,64.77713,11.639767,7,Nord-Trøndelag med Bindal,11
31,2026,31297,Tortenneset,ikke-medikamentell,mekanisk behandling,,,,,hele lokaliteten,1806,NARVIK,18,Nordland,68.485916,17.338667,9,Vestfjorden og Vesterålen,0
31,2026,33677,Torvund,ikke-medikamentell,termisk behandling,,,,,deler av lokaliteten,4638,HØYANGER,46,Vestland,61.14467,5.656367,4,Nordhordaland til Stadt,1
31,2026,37717,Vassgåsholmen,ikke-medikamentell,ferskvannsbehandling,,,,,deler av lokaliteten,5059,ORKLAND,50,Trøndelag,63.592167,9.339833,6,Nordmøre og Sør-Trøndelag,1
31,2026,37717,Vassgåsholmen,ikke-medikamentell,mekanisk behandling,,,,,deler av lokaliteten,5059,ORKLAND,50,Trøndelag,63.592167,9.339833,6,Nordmøre og Sør-Trøndelag,1
31,2026,37717,Vassgåsholmen,ikke-medikamentell,mekanisk behandling,,,,,deler av lokaliteten,5059,ORKLAND,50,Trøndelag,63.592167,9.339833,6,Nordmøre og Sør-Trøndelag,1
31,2026,37717,Vassgåsholmen,ikke-medikamentell,ferskvannsbehandling,,,,,deler av lokaliteten,5059,ORKLAND,50,Trøndelag,63.592167,9.339833,6,Nordmøre og Sør-Trøndelag,1
31,2026,37717,Vassgåsholmen,ikke-medikamentell,ferskvannsbehandling,,,,,deler av lokaliteten,5059,ORKLAND,50,Trøndelag,63.592167,9.339833,6,Nordmøre og Sør-Trøndelag,1
31,2026,37717,Vassgåsholmen,ikke-medikamentell,mekanisk behandling,,,,,deler av lokaliteten,5059,ORKLAND,50,Trøndelag,63.592167,9.339833,6,Nordmøre og Sør-Trøndelag,1
31,2026,37717,Vassgåsholmen,ikke-medikamentell,ferskvannsbehandling,,,,,deler av lokaliteten,5059,ORKLAND,50,Trøndelag,63.592167,9.339833,6,Nordmøre og Sør-Trøndelag,1
31,2026,37717,Vassgåsholmen,ikke-medikamentell,mekanisk behandling,,,,,deler av lokaliteten,5059,ORKLAND,50,Trøndelag,63.592167,9.339833,6,Nordmøre og Sør-Trøndelag,1
31,2026,37717,Vassgåsholmen,ikke-medikamentell,ferskvannsbehandling,,,,,deler av lokaliteten,5059,ORKLAND,50,Trøndelag,63.592167,9.339833,6,Nordmøre og Sør-Trøndelag,1
31,2026,37717,Vassgåsholmen,ikke-medikamentell,mekanisk behandling,,,,,deler av lokaliteten,5059,ORKLAND,50,Trøndelag,63.592167,9.339833,6,Nordmøre og Sør-Trøndelag,1
31,2026,37717,Vassgåsholmen,ikke-medikamentell,ferskvannsbehandling,,,,,deler av lokaliteten,5059,ORKLAND,50,Trøndelag,63.592167,9.339833,6,Nordmøre og Sør-Trøndelag,1
31,2026,37717,Vassgåsholmen,ikke-medikamentell,mekanisk behandling,,,,,deler av lokaliteten,5059,ORKLAND,50,Trøndelag,63.592167,9.339833,6,Nordmøre og Sør-Trøndelag,1
31,2026,45032,Ytterflesa,ikke-medikamentell,mekanisk behandling,,,,,hele lokaliteten,5060,NÆRØYSUND,50,Trøndelag,64.972984,11.443517,7,Nord-Trøndelag med Bindal,0
30,2026,11364,Årberg,ikke-medikamentell,annen behandling,,,,,deler av lokaliteten,5530,SENJA,55,Troms,69.1959,16.91595,10,Andøya til Senja,4
30,2026,24695,Årnes,ikke-medikamentell,mekanisk behandling,,,,,deler av lokaliteten,5007,NAMSOS,50,Trøndelag,64.59637,11.272917,7,Nord-Trøndelag med Bindal,3
30,2026,11800,Austneståa,ikke-medikamentell,mekanisk behandling,,,,,deler av lokaliteten,4602,KINN,46,Vestland,61.490868,5.17265,4,Nordhordaland til Stadt,3
30,2026,31738,Bjørga,ikke-medikamentell,mekanisk behandling,,,,,deler av lokaliteten,5526,SØRREISA,55,Troms,69.153984,17.948418,10,Andøya til Senja,6
30,2026,22455,Bjørlykkestranda,ikke-medikamentell,termisk behandling,,,,,deler av lokaliteten,1511,VANYLVEN,15,Møre og Romsdal,62.16655,5.5954,5,Stadt til Hustadvika,4
30,2026,22455,Bjørlykkestranda,ikke-medikamentell,termisk behandling,,,,,deler av lokaliteten,1511,VANYLVEN,15,Møre og Romsdal,62.16655,5.5954,5,Stadt til Hustadvika,2
30,2026,22455,Bjørlykkestranda,ikke-medikamentell,mekanisk behandling,,,,,deler av lokaliteten,1511,VANYLVEN,15,Møre og Romsdal,62.16655,5.5954,5,Stadt til Hustadvika,2
30,2026,23436,Bjørnholmen,ikke-medikamentell,ferskvannsbehandling,,,,,hele lokaliteten,4636,SOLUND,46,Vestland,61.20625,4.935933,4,Nordhordaland til Stadt,0
30,2026,23436,Bjørnholmen,ikke-medikamentell,termisk behandling,,,,,hele lokaliteten,4636,SOLUND,46,Vestland,61.20625,4.935933,4,Nordhordaland til Stadt,0
30,2026,34997,Bjørnøya,ikke-medikamentell,mekanisk behandling,,,,,hele lokaliteten,1804,BODØ,18,Nordland,67.41632,14.430617,9,Vestfjorden og Vesterålen,
30,2026,34897,Brandsfjorden,ikke-medikamentell,mekanisk behandling,,,,,deler av lokaliteten,5058,ÅFJORD,50,Trøndelag,64.22307,10.279933,6,Nordmøre og Sør-Trøndelag,1
30,2026,12594,Breidvika,ikke-medikamentell,mekanisk behandling,,,,,hele lokaliteten,5020,OSEN,50,Trøndelag,64.29718,10.393433,6,Nordmøre og Sør-Trøndelag,0
30,2026,32457,Dalsvåg Nv,medikamentell,badebehandling,Annet virkestoff,,,,hele lokaliteten,1149,KARMØY,11,Rogaland,59.410816,5.21725,3,Karmøy til Sotra,0
30,2026,37177,Djuptaren,ikke-medikamentell,mekanisk behandling,,,,,deler av lokaliteten,5060,NÆRØYSUND,50,Trøndelag,64.7692,10.62935,7,Nord-Trøndelag med Bindal,2
30,2026,32197,Dryna,ikke-medikamentell,mekanisk behandling,,,,,deler av lokaliteten,1506,MOLDE,15,Møre og Romsdal,62.64467,6.557633,5,Stadt til Hustadvika,5
30,2026,32677,Espnestaren,ikke-medikamentell,mekanisk behandling,,,,,deler av lokaliteten,5014,FRØYA,50,Trøndelag,63.677883,8.667,6,Nordmøre og Sør-Trøndelag,4
30,2026,39917,Fureneset,ikke-medikamentell,mekanisk behandling,,,,,deler av lokaliteten,4648,BREMANGER,46,Vestland,61.798084,5.125833,4,Nordhordaland til Stadt,3
30,2026,13669,Furneset,ikke-medikamentell,mekanisk behandling,,,,,deler av lokaliteten,1535,VESTNES,15,Møre og Romsdal,62.6461,7.101183,5,Stadt til Hustadvika,3
30,2026,12789,Gunnarøya,ikke-medikamentell,mekanisk behandling,,,,,deler av lokaliteten,5059,ORKLAND,50,Trøndelag,63.569485,9.467983,6,Nordmøre og Sør-Trøndelag,5
30,2026,39537,Gyltneset,ikke-medikamentell,mekanisk behandling,,,,,hele lokaliteten,5007,NAMSOS,50,Trøndelag,64.683815,11.36595,7,Nord-Trøndelag med Bindal,0
30,2026,16755,Hageberg,ikke-medikamentell,termisk behandling,,,,,deler av lokaliteten,4615,FITJAR,46,Vestland,59.944218,5.434733,3,Karmøy til Sotra,2
30,2026,30257,Hausan,ikke-medikamentell,mekanisk behandling,,,,,deler av lokaliteten,5055,HEIM,50,Trøndelag,63.458317,8.955683,6,Nordmøre og Sør-Trøndelag,2
30,2026,12590,Helligholmen,ikke-medikamentell,mekanisk behandling,,,,,hele lokaliteten,5060,NÆRØYSUND,50,Trøndelag,64.83839,10.665517,7,Nord-Trøndelag med Bindal,0
30,2026,33797,Hidlekjerringa,ikke-medikamentell,mekanisk behandling,,,,,deler av lokaliteten,1130,STRAND,11,Rogaland,59.0676,5.839367,2,Ryfylke,3
30,2026,33797,Hidlekjerringa,ikke-medikamentell,mekanisk behandling,,,,,deler av lokaliteten,1130,STRAND,11,Rogaland,59.0676,5.839367,2,Ryfylke,1
30,2026,13643,Hjartholm,ikke-medikamentell,mekanisk behandling,,,,,deler av lokaliteten,4635,GULEN,46,Vestland,61.03512,5.33105,4,Nordhordaland til Stadt,5
30,2026,13931,Hjartøy Ø,ikke-medikamentell,annen behandling,,,,,deler av lokaliteten,1848,STEIGEN,18,Nordland,67.65652,15.121867,9,Vestfjorden og Vesterålen,9
30,2026,33957,Hofsøya,ikke-medikamentell,termisk behandling,,,,,deler av lokaliteten,5014,FRØYA,50,Trøndelag,63.7224,8.9145,6,Nordmøre og Sør-Trøndelag,1
30,2026,33957,Hofsøya,ikke-medikamentell,mekanisk behandling,,,,,deler av lokaliteten,5014,FRØYA,50,Trøndelag,63.7224,8.9145,6,Nordmøre og Sør-Trøndelag,1
30,2026,33957,Hofsøya,ikke-medikamentell,termisk behandling,,,,,deler av lokaliteten,5014,FRØYA,50,Trøndelag,63.7224,8.9145,6,Nordmøre og Sør-Trøndelag,1
30,2026,33957,Hofsøya,ikke-medikamentell,mekanisk behandling,,,,,deler av lokaliteten,5014,FRØYA,50,Trøndelag,63.7224,8.9145,6,Nordmøre og Sør-Trøndelag,1
30,2026,33957,Hofsøya,ikke-medikamentell,termisk behandling,,,,,deler av lokaliteten,5014,FRØYA,50,Trøndelag,63.7224,8.9145,6,Nordmøre og Sør-Trøndelag,1
30,2026,33957,Hofsøya,ikke-medikamentell,mekanisk behandling,,,,,deler av lokaliteten,5014,FRØYA,50,Trøndelag,63.7224,8.9145,6,Nordmøre og Sør-Trøndelag,1
30,2026,25235,Humulen,ikke-medikamentell,mekanisk behandling,,,,,deler av lokaliteten,5060,NÆRØYSUND,50,Trøndelag,64.94605,11.372467,7,Nord-Trøndelag med Bindal,9
30,2026,27095,Ihlholmen,ikke-medikamentell,mekanisk behandling,,,,,deler av lokaliteten,1160,VINDAFJORD,11,Rogaland,59.7215,5.586633,3,Karmøy til Sotra,2
30,2026,12599,Indre Skjervøy,ikke-medikamentell,mekanisk behandling,,,,,deler av lokaliteten,5020,OSEN,50,Trøndelag,64.2858,10.30905,6,Nordmøre og Sør-Trøndelag,3
30,2026,32577,Klammerholmen,ikke-medikamentell,ferskvannsbehandling,,,,,hele lokaliteten,4625,AUSTEVOLL,46,Vestland,60.08165,5.168567,3,Karmøy til Sotra,
30,2026,32577,Klammerholmen,ikke-medikamentell,termisk behandling,,,,,hele lokaliteten,4625,AUSTEVOLL,46,Vestland,60.08165,5.168567,3,Karmøy til Sotra,
30,2026,11534,Klungsholmen,medikamentell,badebehandling,Annet virkestoff,,,,hele lokaliteten,4613,BØMLO,46,Vestland,59.596783,5.161567,3,Karmøy til Sotra,0
30,2026,14040,Krigsholmen,ikke-medikamentell,ferskvannsbehandling,,,,,deler av lokaliteten,4625,AUSTEVOLL,46,Vestland,60.081383,5.124117,3,Karmøy til Sotra,1
30,2026,14040,Krigsholmen,ikke-medikamentell,termisk behandling,,,,,deler av lokaliteten,4625,AUSTEVOLL,46,Vestland,60.081383,5.124117,3,Karmøy til Sotra,1
30,2026,36457,Kvingra,ikke-medikamentell,mekanisk behandling,,,,,hele lokaliteten,5052,LEKA,50,Trøndelag,65.20317,11.569,7,Nord-Trøndelag med Bindal,0
30,2026,30216,Kvitfloget,ikke-medikamentell,mekanisk behandling,,,,,deler av lokaliteten,5530,SENJA,55,Troms,69.14508,17.6465,10,Andøya til Senja,8
30,2026,13234,Kysnes,ikke-medikamentell,termisk behandling,,,,,hele lokaliteten,4618,ULLENSVANG,46,Vestland,60.19967,6.0964,3,Karmøy til Sotra,0
30,2026,13234,Kysnes,ikke-medikamentell,ferskvannsbehandling,,,,,hele lokaliteten,4618,ULLENSVANG,46,Vestland,60.19967,6.0964,3,Karmøy til Sotra,0
30,2026,10898,Lamholmen,ikke-medikamentell,annen behandling,,,,,hele lokaliteten,1813,BRØNNØY,18,Nordland,65.47138,12.135,8,Helgeland til Bodø,
30,2026,12993,Lamøya,ikke-medikamentell,mekanisk behandling,,,,,deler av lokaliteten,5014,FRØYA,50,Trøndelag,63.73305,8.854983,6,Nordmøre og Sør-Trøndelag,4
30,2026,45236,Langtaren,ikke-medikamentell,mekanisk behandling,,,,,deler av lokaliteten,5014,FRØYA,50,Trøndelag,63.75285,8.9278,6,Nordmøre og Sør-Trøndelag,2
30,2026,37297,Larstangen,ikke-medikamentell,mekanisk behandling,,,,,deler av lokaliteten,5534,KARLSØY,55,Troms,70.0834,20.092167,11,Kvaløya til Loppa,1
30,2026,13340,Leiholmane,ikke-medikamentell,annen behandling,,,,,deler av lokaliteten,4635,GULEN,46,Vestland,60.980633,4.87435,4,Nordhordaland til Stadt,1
30,2026,45233,Leikvika,ikke-medikamentell,annen behandling,,,,,deler av lokaliteten,5530,SENJA,55,Troms,69.21467,16.899767,10,Andøya til Senja,2
30,2026,35317,Litjevika,ikke-medikamentell,mekanisk behandling,,,,,deler av lokaliteten,5528,DYRØY,55,Troms,69.00265,17.440567,10,Andøya til Senja,3
30,2026,12022,Ljonesbjørgene,ikke-medikamentell,termisk behandling,,,,,deler av lokaliteten,4622,KVAM,46,Vestland,60.2564,6.16585,3,Karmøy til Sotra,3
30,2026,12022,Ljonesbjørgene,ikke-medikamentell,ferskvannsbehandling,,,,,deler av lokaliteten,4622,KVAM,46,Vestland,60.2564,6.16585,3,Karmøy til Sotra,3
30,2026,13549,Løypingneset,ikke-medikamentell,mekanisk behandling,,,,,deler av lokaliteten,4648,BREMANGER,46,Vestland,61.821335,5.250533,4,Nordhordaland til Stadt,4
30,2026,32977,Måren,ikke-medikamentell,termisk behandling,,,,,deler av lokaliteten,4638,HØYANGER,46,Vestland,61.152668,6.1167,4,Nordhordaland til Stadt,1
30,2026,10611,Marøya,ikke-medikamentell,termisk behandling,,,,,deler av lokaliteten,5614,LOPPA,56,Finnmark,70.249916,21.706083,12,Vest-Finnmark,8
30,2026,10611,Marøya,ikke-medikamentell,mekanisk behandling,,,,,deler av lokaliteten,5614,LOPPA,56,Finnmark,70.249916,21.706083,12,Vest-Finnmark,3
30,2026,21915,Matløyso,ikke-medikamentell,termisk behandling,,,,,deler av lokaliteten,4615,FITJAR,46,Vestland,59.952084,5.284933,3,Karmøy til Sotra,1
30,2026,37057,Mjøsund Vest,ikke-medikamentell,mekanisk behandling,,,,,deler av lokaliteten,5514,IBESTAD,55,Troms,68.90805,17.407818,10,Andøya til Senja,4
30,2026,45004,Mulen,ikke-medikamentell,annen behandling,,,,,hele lokaliteten,1848,STEIGEN,18,Nordland,67.66928,15.198867,9,Vestfjorden og Vesterålen,0
30,2026,34477,Nausttaren,ikke-medikamentell,mekanisk behandling,,,,,deler av lokaliteten,5020,OSEN,50,Trøndelag,64.389565,10.512533,6,Nordmøre og Sør-Trøndelag,5
30,2026,10375,Nord Leksa,ikke-medikamentell,ferskvannsbehandling,,,,,deler av lokaliteten,5059,ORKLAND,50,Trøndelag,63.589367,9.409217,6,Nordmøre og Sør-Trøndelag,1
30,2026,10375,Nord Leksa,ikke-medikamentell,mekanisk behandling,,,,,deler av lokaliteten,5059,ORKLAND,50,Trøndelag,63.589367,9.409217,6,Nordmøre og Sør-Trøndelag,1
30,2026,10375,Nord Leksa,ikke-medikamentell,ferskvannsbehandling,,,,,deler av lokaliteten,5059,ORKLAND,50,Trøndelag,63.589367,9.409217,6,Nordmøre og Sør-Trøndelag,1
30,2026,10375,Nord Leksa,ikke-medikamentell,mekanisk behandling,,,,,deler av lokaliteten,5059,ORKLAND,50,Trøndelag,63.589367,9.409217,6,Nordmøre og Sør-Trøndelag,1
30,2026,10375,Nord Leksa,ikke-medikamentell,ferskvannsbehandling,,,,,deler av lokaliteten,5059,ORKLAND,50,Trøndelag,63.589367,9.409217,6,Nordmøre og Sør-Trøndelag,1
30,2026,10375,Nord Leksa,ikke-medikamentell,mekanisk behandling,,,,,deler av lokaliteten,5059,ORKLAND,50,Trøndelag,63.589367,9.409217,6,Nordmøre og Sør-Trøndelag,1
30,2026,10375,Nord Leksa,ikke-medikamentell,mekanisk behandling,,,,,deler av lokaliteten,5059,ORKLAND,50,Trøndelag,63.589367,9.409217,6,Nordmøre og Sør-Trøndelag,1
30,2026,10375,Nord Leksa,ikke-medikamentell,ferskvannsbehandling,,,,,deler av lokaliteten,5059,ORKLAND,50,Trøndelag,63.589367,9.409217,6,Nordmøre og Sør-Trøndelag,1
30,2026,10375,Nord Leksa,ikke-medikamentell,ferskvannsbehandling,,,,,deler av lokaliteten,5059,ORKLAND,50,Trøndelag,63.589367,9.409217,6,Nordmøre og Sør-Trøndelag,1
30,2026,10375,Nord Leksa,ikke-medikamentell,mekanisk behandling,,,,,deler av lokaliteten,5059,ORKLAND,50,Trøndelag,63.589367,9.409217,6,Nordmøre og Sør-Trøndelag,1
30,2026,10375,Nord Leksa,ikke-medikamentell,mekanisk behandling,,,,,deler av lokaliteten,5059,ORKLAND,50,Trøndelag,63.589367,9.409217,6,Nordmøre og Sør-Trøndelag,1
30,2026,10375,Nord Leksa,ikke-medikamentell,ferskvannsbehandling,,,,,deler av lokaliteten,5059,ORKLAND,50,Trøndelag,63.589367,9.409217,6,Nordmøre og Sør-Trøndelag,1
30,2026,23816,Nordbotnet,ikke-medikamentell,mekanisk behandling,,,,,deler av lokaliteten,1828,NESNA,18,Nordland,66.25612,12.8942,8,Helgeland til Bodø,5
30,2026,33937,Nørholmen,ikke-medikamentell,termisk behandling,,,,,deler av lokaliteten,1573,SMØLA,15,Møre og Romsdal,63.338917,8.2718,6,Nordmøre og Sør-Trøndelag,5
30,2026,31697,Oksen,ikke-medikamentell,mekanisk behandling,,,,,deler av lokaliteten,4626,ØYGARDEN,46,Vestland,60.43418,4.94065,3,Karmøy til Sotra,4
30,2026,28676,Olvika,ikke-medikamentell,termisk behandling,,,,,deler av lokaliteten,1834,LURØY,18,Nordland,66.4367,13.126033,8,Helgeland til Bodø,5
30,2026,28676,Olvika,ikke-medikamentell,mekanisk behandling,,,,,deler av lokaliteten,1834,LURØY,18,Nordland,66.4367,13.126033,8,Helgeland til Bodø,5
30,2026,11972,Prestholmane,ikke-medikamentell,termisk behandling,,,,,deler av lokaliteten,1103,STAVANGER,11,Rogaland,59.117016,5.852033,2,Ryfylke,4
30,2026,12784,Ringholmen,ikke-medikamentell,mekanisk behandling,,,,,deler av lokaliteten,5056,HITRA,50,Trøndelag,63.55995,9.409567,6,Nordmøre og Sør-Trøndelag,5
30,2026,12018,Rossholmen,ikke-medikamentell,termisk behandling,,,,,hele lokaliteten,4622,KVAM,46,Vestland,60.394684,6.274833,3,Karmøy til Sotra,0
30,2026,12018,Rossholmen,ikke-medikamentell,mekanisk behandling,,,,,hele lokaliteten,4622,KVAM,46,Vestland,60.394684,6.274833,3,Karmøy til Sotra,0
30,2026,37197,Ruggstein,ikke-medikamentell,mekanisk behandling,,,,,deler av lokaliteten,5014,FRØYA,50,Trøndelag,63.770084,8.476033,6,Nordmøre og Sør-Trøndelag,1
30,2026,13597,Salangslia,ikke-medikamentell,termisk behandling,,,,,deler av lokaliteten,5522,SALANGEN,55,Troms,68.85463,17.520884,10,Andøya til Senja,2
30,2026,12973,Saltkjelen I,ikke-medikamentell,termisk behandling,,,,,hele lokaliteten,4622,KVAM,46,Vestland,60.31815,6.183183,3,Karmøy til Sotra,0
30,2026,12973,Saltkjelen I,ikke-medikamentell,ferskvannsbehandling,,,,,hele lokaliteten,4622,KVAM,46,Vestland,60.31815,6.183183,3,Karmøy til Sotra,0
30,2026,19135,Sandøya III,ikke-medikamentell,mekanisk behandling,,,,,deler av lokaliteten,5058,ÅFJORD,50,Trøndelag,64.24337,10.263817,6,Nordmøre og Sør-Trøndelag,3
30,2026,13243,Sandvika,ikke-medikamentell,termisk behandling,,,,,deler av lokaliteten,1577,VOLDA,15,Møre og Romsdal,62.195667,5.904417,5,Stadt til Hustadvika,4
30,2026,17015,Seglberget,ikke-medikamentell,mekanisk behandling,,,,,deler av lokaliteten,4617,KVINNHERAD,46,Vestland,59.730434,5.788733,3,Karmøy til Sotra,3
30,2026,13706,Seljeset,ikke-medikamentell,ferskvannsbehandling,,,,,deler av lokaliteten,4602,KINN,46,Vestland,61.5771,5.237383,4,Nordhordaland til Stadt,5
30,2026,13706,Seljeset,ikke-medikamentell,termisk behandling,,,,,deler av lokaliteten,4602,KINN,46,Vestland,61.5771,5.237383,4,Nordhordaland til Stadt,5
30,2026,36517,Selsøyvær,ikke-medikamentell,termisk behandling,,,,,deler av lokaliteten,1836,RØDØY,18,Nordland,66.5896,12.84965,8,Helgeland til Bodø,1
30,2026,36517,Selsøyvær,ikke-medikamentell,mekanisk behandling,,,,,deler av lokaliteten,1836,RØDØY,18,Nordland,66.5896,12.84965,8,Helgeland til Bodø,1
30,2026,39577,Silda,ikke-medikamentell,termisk behandling,,,,,deler av lokaliteten,4602,KINN,46,Vestland,62.016468,5.21165,4,Nordhordaland til Stadt,4
30,2026,24115,Singsholmen,ikke-medikamentell,annen behandling,,,,,deler av lokaliteten,5056,HITRA,50,Trøndelag,63.419617,8.4127,6,Nordmøre og Sør-Trøndelag,1
30,2026,10550,Skardbergvika,medikamentell,fôrbehandling,Emamectin benzoat,,,,hele lokaliteten,5516,GRATANGEN,55,Troms,68.728386,17.309683,10,Andøya til Senja,
30,2026,31117,Skrubbo,ikke-medikamentell,mekanisk behandling,,,,,deler av lokaliteten,4624,BJØRNAFJORDEN,46,Vestland,60.156017,5.713433,3,Karmøy til Sotra,1
30,2026,20815,Slettvika,ikke-medikamentell,ferskvannsbehandling,,,,,deler av lokaliteten,1520,ØRSTA,15,Møre og Romsdal,62.334732,6.157633,5,Stadt til Hustadvika,1
30,2026,20815,Slettvika,ikke-medikamentell,termisk behandling,,,,,deler av lokaliteten,1520,ØRSTA,15,Møre og Romsdal,62.334732,6.157633,5,Stadt til Hustadvika,1
30,2026,20815,Slettvika,ikke-medikamentell,ferskvannsbehandling,,,,,deler av lokaliteten,1520,ØRSTA,15,Møre og Romsdal,62.334732,6.157633,5,Stadt til Hustadvika,1
30,2026,20815,Slettvika,ikke-medikamentell,termisk behandling,,,,,deler av lokaliteten,1520,ØRSTA,15,Møre og Romsdal,62.334732,6.157633,5,Stadt til Hustadvika,1
30,2026,20815,Slettvika,ikke-medikamentell,ferskvannsbehandling,,,,,deler av lokaliteten,1520,ØRSTA,15,Møre og Romsdal,62.334732,6.157633,5,Stadt til Hustadvika,1
30,2026,20815,Slettvika,ikke-medikamentell,termisk behandling,,,,,deler av lokaliteten,1520,ØRSTA,15,Møre og Romsdal,62.334732,6.157633,5,Stadt til Hustadvika,1
30,2026,20815,Slettvika,ikke-medikamentell,ferskvannsbehandling,,,,,deler av lokaliteten,1520,ØRSTA,15,Møre og Romsdal,62.334732,6.157633,5,Stadt til Hustadvika,1
30,2026,20815,Slettvika,ikke-medikamentell,termisk behandling,,,,,deler av lokaliteten,1520,ØRSTA,15,Møre og Romsdal,62.334732,6.157633,5,Stadt til Hustadvika,1
30,2026,20815,Slettvika,ikke-medikamentell,ferskvannsbehandling,,,,,deler av lokaliteten,1520,ØRSTA,15,Møre og Romsdal,62.334732,6.157633,5,Stadt til Hustadvika,1
30,2026,20815,Slettvika,ikke-medikamentell,termisk behandling,,,,,deler av lokaliteten,1520,ØRSTA,15,Møre og Romsdal,62.334732,6.157633,5,Stadt til Hustadvika,1
30,2026,20815,Slettvika,ikke-medikamentell,ferskvannsbehandling,,,,,deler av lokaliteten,1520,ØRSTA,15,Møre og Romsdal,62.334732,6.157633,5,Stadt til Hustadvika,1
30,2026,20815,Slettvika,ikke-medikamentell,termisk behandling,,,,,deler av lokaliteten,1520,ØRSTA,15,Møre og Romsdal,62.334732,6.157633,5,Stadt til Hustadvika,1
30,2026,35318,Sortevika,ikke-medikamentell,mekanisk behandling,,,,,deler av lokaliteten,5528,DYRØY,55,Troms,69.0188,17.520067,10,Andøya til Senja,3
30,2026,28896,Stangholmen,ikke-medikamentell,mekanisk behandling,,,,,deler av lokaliteten,1836,RØDØY,18,Nordland,66.61802,12.954667,8,Helgeland til Bodø,9
30,2026,11649,Stolane,ikke-medikamentell,termisk behandling,,,,,deler av lokaliteten,4631,ALVER,46,Vestland,60.60465,5.126483,4,Nordhordaland til Stadt,1
30,2026,11492,Storevikholmen,ikke-medikamentell,ferskvannsbehandling,,,,,deler av lokaliteten,4615,FITJAR,46,Vestland,59.83808,5.30565,3,Karmøy til Sotra,1
30,2026,11290,Stormneset,ikke-medikamentell,mekanisk behandling,,,,,deler av lokaliteten,1875,HAMARØY,18,Nordland,68.19825,16.134117,9,Vestfjorden og Vesterålen,2
30,2026,31338,Storskjeret,ikke-medikamentell,mekanisk behandling,,,,,deler av lokaliteten,1576,AURE,15,Møre og Romsdal,63.27048,8.2298,6,Nordmøre og Sør-Trøndelag,3
30,2026,10552,Storvika III,ikke-medikamentell,termisk behandling,,,,,deler av lokaliteten,5522,SALANGEN,55,Troms,68.896835,17.488033,10,Andøya til Senja,2
30,2026,23055,Storvika V,ikke-medikamentell,mekanisk behandling,,,,,deler av lokaliteten,5528,DYRØY,55,Troms,69.043915,17.357317,10,Andøya til Senja,7
30,2026,12074,Svåsandneset,ikke-medikamentell,mekanisk behandling,,,,,deler av lokaliteten,4618,ULLENSVANG,46,Vestland,60.32422,6.318983,3,Karmøy til Sotra,2
30,2026,12662,Ternskjæret II,ikke-medikamentell,mekanisk behandling,,,,,deler av lokaliteten,5007,NAMSOS,50,Trøndelag,64.77713,11.639767,7,Nord-Trøndelag med Bindal,2
30,2026,33677,Torvund,ikke-medikamentell,termisk behandling,,,,,deler av lokaliteten,4638,HØYANGER,46,Vestland,61.14467,5.656367,4,Nordhordaland til Stadt,2
30,2026,32717,Tranøya N,medikamentell,fôrbehandling,Emamectin benzoat,,,,hele lokaliteten,5057,ØRLAND,50,Trøndelag,63.87185,9.76985,6,Nordmøre og Sør-Trøndelag,0
30,2026,45025,Vegglandet,ikke-medikamentell,annen behandling,,,,,deler av lokaliteten,5603,HAMMERFEST,56,Finnmark,70.54208,23.241882,12,Vest-Finnmark,6
30,2026,27315,Vikane 1,ikke-medikamentell,termisk behandling,,,,,deler av lokaliteten,4618,ULLENSVANG,46,Vestland,60.263668,6.208383,3,Karmøy til Sotra,1
29,2026,35297,Ådnøy Sø,ikke-medikamentell,annen behandling,,,,,deler av lokaliteten,1108,SANDNES,11,Rogaland,58.91455,6.028583,2,Ryfylke,4
29,2026,11364,Årberg,ikke-medikamentell,annen behandling,,,,,deler av lokaliteten,5530,SENJA,55,Troms,69.1959,16.91595,10,Andøya til Senja,3
29,2026,24695,Årnes,ikke-medikamentell,mekanisk behandling,,,,,deler av lokaliteten,5007,NAMSOS,50,Trøndelag,64.59637,11.272917,7,Nord-Trøndelag med Bindal,3
29,2026,12357,Aursøysva,ikke-medikamentell,ferskvannsbehandling,,,,,deler av lokaliteten,5014,FRØYA,50,Trøndelag,63.801968,8.910767,6,Nordmøre og Sør-Trøndelag,1
29,2026,12357,Aursøysva,ikke-medikamentell,termisk behandling,,,,,deler av lokaliteten,5014,FRØYA,50,Trøndelag,63.801968,8.910767,6,Nordmøre og Sør-Trøndelag,1
29,2026,13572,Badstuvika,ikke-medikamentell,mekanisk behandling,,,,,deler av lokaliteten,5056,HITRA,50,Trøndelag,63.53398,9.1469,6,Nordmøre og Sør-Trøndelag,1
29,2026,34997,Bjørnøya,ikke-medikamentell,mekanisk behandling,,,,,deler av lokaliteten,1804,BODØ,18,Nordland,67.41632,14.430617,9,Vestfjorden og Vesterålen,2
29,2026,12040,Brandaskuta,ikke-medikamentell,annen behandling,,,,,hele lokaliteten,4617,KVINNHERAD,46,Vestland,59.975735,5.909183,3,Karmøy til Sotra,0
29,2026,10223,Bremnessvaet,ikke-medikamentell,termisk behandling,,,,,deler av lokaliteten,1573,SMØLA,15,Møre og Romsdal,63.398018,8.213567,6,Nordmøre og Sør-Trøndelag,2
29,2026,22035,Buktodden Nø,ikke-medikamentell,termisk behandling,,,,,hele lokaliteten,1833,RANA,18,Nordland,66.30832,13.432233,8,Helgeland til Bodø,0
29,2026,32457,Dalsvåg Nv,medikamentell,badebehandling,Annet virkestoff,,,,hele lokaliteten,1149,KARMØY,11,Rogaland,59.410816,5.21725,3,Karmøy til Sotra,0
29,2026,20455,Djupevika,ikke-medikamentell,termisk behandling,,,,,deler av lokaliteten,4617,KVINNHERAD,46,Vestland,60.04095,6.009367,3,Karmøy til Sotra,4
29,2026,26595,Djupevika,ikke-medikamentell,mekanisk behandling,,,,,deler av lokaliteten,4616,TYSNES,46,Vestland,60.035816,5.342217,3,Karmøy til Sotra,2
29,2026,26595,Djupevika,ikke-medikamentell,ferskvannsbehandling,,,,,deler av lokaliteten,4616,TYSNES,46,Vestland,60.035816,5.342217,3,Karmøy til Sotra,2
29,2026,26595,Djupevika,ikke-medikamentell,termisk behandling,,,,,deler av lokaliteten,4616,TYSNES,46,Vestland,60.035816,5.342217,3,Karmøy til Sotra,2
29,2026,14041,Edøya,ikke-medikamentell,mekanisk behandling,,,,,deler av lokaliteten,5056,HITRA,50,Trøndelag,63.65835,8.694417,6,Nordmøre og Sør-Trøndelag,4
29,2026,30137,Edøya II,ikke-medikamentell,mekanisk behandling,,,,,deler av lokaliteten,5056,HITRA,50,Trøndelag,63.65805,8.683667,6,Nordmøre og Sør-Trøndelag,1
29,2026,31398,Finnvik,medikamentell,fôrbehandling,Emamectin benzoat,,,,hele lokaliteten,5501,TROMSØ,55,Troms,69.892334,18.807083,11,Kvaløya til Loppa,0
29,2026,10803,Fjellbukt,medikamentell,fôrbehandling,Emamectin benzoat,,,,deler av lokaliteten,5546,KVÆNANGEN,55,Troms,69.90414,21.875168,11,Kvaløya til Loppa,0
29,2026,36138,Flatøyfjorden,ikke-medikamentell,mekanisk behandling,,,,,deler av lokaliteten,5058,ÅFJORD,50,Trøndelag,64.27302,10.246233,6,Nordmøre og Sør-Trøndelag,2
29,2026,10317,Garvik,ikke-medikamentell,annen behandling,,,,,deler av lokaliteten,4645,ASKVOLL,46,Vestland,61.31663,4.979333,4,Nordhordaland til Stadt,3
29,2026,24315,Gjæsingen,ikke-medikamentell,mekanisk behandling,,,,,deler av lokaliteten,5058,ÅFJORD,50,Trøndelag,64.117615,9.981417,6,Nordmøre og Sør-Trøndelag,5
29,2026,12714,Gjerdinga,medikamentell,badebehandling,Deltamethrin,,,,deler av lokaliteten,5060,NÆRØYSUND,50,Trøndelag,64.94648,11.461967,7,Nord-Trøndelag med Bindal,0
29,2026,40297,Gnarnesvika,ikke-medikamentell,termisk behandling,,,,,deler av lokaliteten,4602,KINN,46,Vestland,61.506382,5.05,4,Nordhordaland til Stadt,2
29,2026,40297,Gnarnesvika,ikke-medikamentell,ferskvannsbehandling,,,,,deler av lokaliteten,4602,KINN,46,Vestland,61.506382,5.05,4,Nordhordaland til Stadt,2
29,2026,12789,Gunnarøya,ikke-medikamentell,mekanisk behandling,,,,,deler av lokaliteten,5059,ORKLAND,50,Trøndelag,63.569485,9.467983,6,Nordmøre og Sør-Trøndelag,2
29,2026,32317,Guriøyna,ikke-medikamentell,termisk behandling,,,,,hele lokaliteten,4645,ASKVOLL,46,Vestland,61.297768,4.660867,4,Nordhordaland til Stadt,
29,2026,32317,Guriøyna,ikke-medikamentell,ferskvannsbehandling,,,,,hele lokaliteten,4645,ASKVOLL,46,Vestland,61.297768,4.660867,4,Nordhordaland til Stadt,
29,2026,22095,Hågardsneset,ikke-medikamentell,annen behandling,,,,,hele lokaliteten,4617,KVINNHERAD,46,Vestland,59.9844,5.929967,3,Karmøy til Sotra,0
29,2026,12895,Halsbukta,ikke-medikamentell,mekanisk behandling,,,,,deler av lokaliteten,1560,TINGVOLL,15,Møre og Romsdal,63.077866,8.143283,6,Nordmøre og Sør-Trøndelag,4
29,2026,12895,Halsbukta,ikke-medikamentell,ferskvannsbehandling,,,,,deler av lokaliteten,1560,TINGVOLL,15,Møre og Romsdal,63.077866,8.143283,6,Nordmøre og Sør-Trøndelag,1
29,2026,12895,Halsbukta,ikke-medikamentell,mekanisk behandling,,,,,deler av lokaliteten,1560,TINGVOLL,15,Møre og Romsdal,63.077866,8.143283,6,Nordmøre og Sør-Trøndelag,1
29,2026,10425,Heggvika,ikke-medikamentell,mekanisk behandling,,,,,deler av lokaliteten,1811,BINDAL,18,Nordland,65.12658,12.071983,7,Nord-Trøndelag med Bindal,2
29,2026,33957,Hofsøya,ikke-medikamentell,ferskvannsbehandling,,,,,deler av lokaliteten,5014,FRØYA,50,Trøndelag,63.7224,8.9145,6,Nordmøre og Sør-Trøndelag,1
29,2026,33957,Hofsøya,ikke-medikamentell,termisk behandling,,,,,deler av lokaliteten,5014,FRØYA,50,Trøndelag,63.7224,8.9145,6,Nordmøre og Sør-Trøndelag,1
29,2026,33957,Hofsøya,ikke-medikamentell,ferskvannsbehandling,,,,,deler av lokaliteten,5014,FRØYA,50,Trøndelag,63.7224,8.9145,6,Nordmøre og Sør-Trøndelag,1
29,2026,33957,Hofsøya,ikke-medikamentell,termisk behandling,,,,,deler av lokaliteten,5014,FRØYA,50,Trøndelag,63.7224,8.9145,6,Nordmøre og Sør-Trøndelag,1
29,2026,33957,Hofsøya,ikke-medikamentell,termisk behandling,,,,,deler av lokaliteten,5014,FRØYA,50,Trøndelag,63.7224,8.9145,6,Nordmøre og Sør-Trøndelag,1
29,2026,33957,Hofsøya,ikke-medikamentell,mekanisk behandling,,,,,deler av lokaliteten,5014,FRØYA,50,Trøndelag,63.7224,8.9145,6,Nordmøre og Sør-Trøndelag,1
29,2026,33957,Hofsøya,ikke-medikamentell,termisk behandling,,,,,deler av lokaliteten,5014,FRØYA,50,Trøndelag,63.7224,8.9145,6,Nordmøre og Sør-Trøndelag,1
29,2026,33957,Hofsøya,ikke-medikamentell,mekanisk behandling,,,,,deler av lokaliteten,5014,FRØYA,50,Trøndelag,63.7224,8.9145,6,Nordmøre og Sør-Trøndelag,1
29,2026,33957,Hofsøya,ikke-medikamentell,termisk behandling,,,,,deler av lokaliteten,5014,FRØYA,50,Trøndelag,63.7224,8.9145,6,Nordmøre og Sør-Trøndelag,1
29,2026,33957,Hofsøya,ikke-medikamentell,mekanisk behandling,,,,,deler av lokaliteten,5014,FRØYA,50,Trøndelag,63.7224,8.9145,6,Nordmøre og Sør-Trøndelag,1
29,2026,21516,Hulløyhamn Ø,ikke-medikamentell,mekanisk behandling,,,,,deler av lokaliteten,1875,HAMARØY,18,Nordland,68.05714,16.204468,9,Vestfjorden og Vesterålen,1
29,2026,10796,Hundbergan,ikke-medikamentell,mekanisk behandling,,,,,deler av lokaliteten,5614,LOPPA,56,Finnmark,70.19945,21.811016,12,Vest-Finnmark,6
29,2026,29756,Indre Bringenes,ikke-medikamentell,mekanisk behandling,,,,,deler av lokaliteten,5530,SENJA,55,Troms,69.48227,17.57155,10,Andøya til Senja,3
29,2026,13236,Indre Oppedal,ikke-medikamentell,mekanisk behandling,,,,,deler av lokaliteten,4635,GULEN,46,Vestland,61.067883,5.563833,4,Nordhordaland til Stadt,3
29,2026,12599,Indre Skjervøy,ikke-medikamentell,mekanisk behandling,,,,,deler av lokaliteten,5020,OSEN,50,Trøndelag,64.2858,10.30905,6,Nordmøre og Sør-Trøndelag,1
29,2026,14245,Jakobsteinsvika,ikke-medikamentell,mekanisk behandling,,,,,hele lokaliteten,5052,LEKA,50,Trøndelag,65.11235,11.792967,7,Nord-Trøndelag med Bindal,0
29,2026,25736,Josommarset,ikke-medikamentell,annen behandling,,,,,deler av lokaliteten,1875,HAMARØY,18,Nordland,67.92365,16.211517,9,Vestfjorden og Vesterålen,6
29,2026,36817,Kariskjæret,ikke-medikamentell,mekanisk behandling,,,,,deler av lokaliteten,1804,BODØ,18,Nordland,67.38288,14.380617,9,Vestfjorden og Vesterålen,3
29,2026,12660,Kipholmen,ikke-medikamentell,mekanisk behandling,,,,,deler av lokaliteten,5060,NÆRØYSUND,50,Trøndelag,64.79403,11.690367,7,Nord-Trøndelag med Bindal,3
29,2026,10409,Kjelneset,ikke-medikamentell,mekanisk behandling,,,,,hele lokaliteten,5007,NAMSOS,50,Trøndelag,64.64387,11.388867,7,Nord-Trøndelag med Bindal,0
29,2026,11534,Klungsholmen,medikamentell,badebehandling,Annet virkestoff,,,,hele lokaliteten,4613,BØMLO,46,Vestland,59.596783,5.161567,3,Karmøy til Sotra,0
29,2026,36797,Korsnes,medikamentell,fôrbehandling,Emamectin benzoat,,,,hele lokaliteten,5534,KARLSØY,55,Troms,69.986916,19.931633,11,Kvaløya til Loppa,0
29,2026,35997,Kviteberg,medikamentell,fôrbehandling,Emamectin benzoat,,,,deler av lokaliteten,5546,KVÆNANGEN,55,Troms,69.95415,21.878683,11,Kvaløya til Loppa,0
29,2026,30216,Kvitfloget,ikke-medikamentell,mekanisk behandling,,,,,deler av lokaliteten,5530,SENJA,55,Troms,69.14508,17.6465,10,Andøya til Senja,2
29,2026,10989,Labukta V,ikke-medikamentell,termisk behandling,,,,,deler av lokaliteten,1818,HERØY I NORDLAND,18,Nordland,66.01325,12.350567,8,Helgeland til Bodø,2
29,2026,10989,Labukta V,ikke-medikamentell,mekanisk behandling,,,,,deler av lokaliteten,1818,HERØY I NORDLAND,18,Nordland,66.01325,12.350567,8,Helgeland til Bodø,1
29,2026,12993,Lamøya,ikke-medikamentell,ferskvannsbehandling,,,,,deler av lokaliteten,5014,FRØYA,50,Trøndelag,63.73305,8.854983,6,Nordmøre og Sør-Trøndelag,2
29,2026,12993,Lamøya,ikke-medikamentell,termisk behandling,,,,,deler av lokaliteten,5014,FRØYA,50,Trøndelag,63.73305,8.854983,6,Nordmøre og Sør-Trøndelag,2
29,2026,34457,Langås,medikamentell,fôrbehandling,Emamectin benzoat,,,,deler av lokaliteten,5534,KARLSØY,55,Troms,70.01095,19.66665,11,Kvaløya til Loppa,0
29,2026,28036,Langskjæran,ikke-medikamentell,mekanisk behandling,,,,,deler av lokaliteten,1838,GILDESKÅL,18,Nordland,67.118385,13.898417,8,Helgeland til Bodø,1
29,2026,23056,Lekangsund II,ikke-medikamentell,mekanisk behandling,,,,,deler av lokaliteten,5530,SENJA,55,Troms,69.03768,17.264133,10,Andøya til Senja,6
29,2026,12022,Ljonesbjørgene,ikke-medikamentell,termisk behandling,,,,,deler av lokaliteten,4622,KVAM,46,Vestland,60.2564,6.16585,3,Karmøy til Sotra,4
29,2026,12022,Ljonesbjørgene,ikke-medikamentell,ferskvannsbehandling,,,,,deler av lokaliteten,4622,KVAM,46,Vestland,60.2564,6.16585,3,Karmøy til Sotra,4
29,2026,32977,Måren,ikke-medikamentell,termisk behandling,,,,,deler av lokaliteten,4638,HØYANGER,46,Vestland,61.152668,6.1167,4,Nordhordaland til Stadt,2
29,2026,21397,Midt Femris,ikke-medikamentell,mekanisk behandling,,,,,hele lokaliteten,1838,GILDESKÅL,18,Nordland,67.036934,13.967767,8,Helgeland til Bodø,
29,2026,11129,Nordfugløy,ikke-medikamentell,mekanisk behandling,,,,,deler av lokaliteten,1838,GILDESKÅL,18,Nordland,67.083916,13.85685,8,Helgeland til Bodø,1
29,2026,39937,Orholmen,ikke-medikamentell,mekanisk behandling,,,,,deler av lokaliteten,1547,AUKRA,15,Møre og Romsdal,62.77625,6.78015,5,Stadt til Hustadvika,4
29,2026,17235,Ørnes,ikke-medikamentell,mekanisk behandling,,,,,deler av lokaliteten,1834,LURØY,18,Nordland,66.42087,13.018317,8,Helgeland til Bodø,5
29,2026,13554,Overåneset,ikke-medikamentell,ferskvannsbehandling,,,,,deler av lokaliteten,1525,STRANDA,15,Møre og Romsdal,62.294285,7.12155,5,Stadt til Hustadvika,4
29,2026,13554,Overåneset,ikke-medikamentell,termisk behandling,,,,,deler av lokaliteten,1525,STRANDA,15,Møre og Romsdal,62.294285,7.12155,5,Stadt til Hustadvika,4
29,2026,12366,Raskjæret,ikke-medikamentell,mekanisk behandling,,,,,deler av lokaliteten,5014,FRØYA,50,Trøndelag,63.793617,8.854567,6,Nordmøre og Sør-Trøndelag,3
29,2026,31777,Reinvika,ikke-medikamentell,mekanisk behandling,,,,,hele lokaliteten,1845,SØRFOLD,18,Nordland,67.60568,15.368483,9,Vestfjorden og Vesterålen,0
29,2026,29896,Renndalen,ikke-medikamentell,ferskvannsbehandling,,,,,deler av lokaliteten,5055,HEIM,50,Trøndelag,63.176117,8.6172,6,Nordmøre og Sør-Trøndelag,1
29,2026,29896,Renndalen,ikke-medikamentell,mekanisk behandling,,,,,deler av lokaliteten,5055,HEIM,50,Trøndelag,63.176117,8.6172,6,Nordmøre og Sør-Trøndelag,1
29,2026,29896,Renndalen,ikke-medikamentell,ferskvannsbehandling,,,,,deler av lokaliteten,5055,HEIM,50,Trøndelag,63.176117,8.6172,6,Nordmøre og Sør-Trøndelag,1
29,2026,29896,Renndalen,ikke-medikamentell,mekanisk behandling,,,,,deler av lokaliteten,5055,HEIM,50,Trøndelag,63.176117,8.6172,6,Nordmøre og Sør-Trøndelag,1
29,2026,29896,Renndalen,ikke-medikamentell,ferskvannsbehandling,,,,,deler av lokaliteten,5055,HEIM,50,Trøndelag,63.176117,8.6172,6,Nordmøre og Sør-Trøndelag,1
29,2026,29896,Renndalen,ikke-medikamentell,mekanisk behandling,,,,,deler av lokaliteten,5055,HEIM,50,Trøndelag,63.176117,8.6172,6,Nordmøre og Sør-Trøndelag,1
29,2026,10893,Rensøya N,ikke-medikamentell,termisk behandling,,,,,deler av lokaliteten,1835,TRÆNA,18,Nordland,66.50412,12.07285,8,Helgeland til Bodø,1
29,2026,12784,Ringholmen,ikke-medikamentell,mekanisk behandling,,,,,deler av lokaliteten,5056,HITRA,50,Trøndelag,63.55995,9.409567,6,Nordmøre og Sør-Trøndelag,3
29,2026,14795,Rinøyvåg Ø,ikke-medikamentell,termisk behandling,,,,,hele lokaliteten,1851,LØDINGEN,18,Nordland,68.37905,15.770433,9,Vestfjorden og Vesterålen,0
29,2026,21176,Risvik,ikke-medikamentell,mekanisk behandling,,,,,hele lokaliteten,1875,HAMARØY,18,Nordland,68.08141,16.321417,9,Vestfjorden og Vesterålen,0
29,2026,12209,Rønstad,ikke-medikamentell,termisk behandling,,,,,deler av lokaliteten,1577,VOLDA,15,Møre og Romsdal,62.135117,6.021433,5,Stadt til Hustadvika,4
29,2026,12794,Rundklumpen,ikke-medikamentell,mekanisk behandling,,,,,hele lokaliteten,5057,ØRLAND,50,Trøndelag,63.801315,9.607583,6,Nordmøre og Sør-Trøndelag,0
29,2026,13612,Rundreimstranda,ikke-medikamentell,mekanisk behandling,,,,,hele lokaliteten,4649,STAD,46,Vestland,62.01035,5.3303,4,Nordhordaland til Stadt,0
29,2026,34857,Salatskjæra,ikke-medikamentell,mekanisk behandling,,,,,deler av lokaliteten,5014,FRØYA,50,Trøndelag,63.90485,8.589133,6,Nordmøre og Sør-Trøndelag,2
29,2026,12019,Saltkjelen II,ikke-medikamentell,mekanisk behandling,,,,,deler av lokaliteten,4618,ULLENSVANG,46,Vestland,60.248016,6.2014,3,Karmøy til Sotra,2
29,2026,13243,Sandvika,ikke-medikamentell,termisk behandling,,,,,deler av lokaliteten,1577,VOLDA,15,Møre og Romsdal,62.195667,5.904417,5,Stadt til Hustadvika,6
29,2026,17015,Seglberget,ikke-medikamentell,mekanisk behandling,,,,,deler av lokaliteten,4617,KVINNHERAD,46,Vestland,59.730434,5.788733,3,Karmøy til Sotra,2
29,2026,10398,Seiskjæra,ikke-medikamentell,mekanisk behandling,,,,,deler av lokaliteten,5058,ÅFJORD,50,Trøndelag,64.093,10.115683,6,Nordmøre og Sør-Trøndelag,7
29,2026,24115,Singsholmen,ikke-medikamentell,annen behandling,,,,,deler av lokaliteten,5056,HITRA,50,Trøndelag,63.419617,8.4127,6,Nordmøre og Sør-Trøndelag,2
29,2026,24115,Singsholmen,ikke-medikamentell,annen behandling,,,,,deler av lokaliteten,5056,HITRA,50,Trøndelag,63.419617,8.4127,6,Nordmøre og Sør-Trøndelag,1
29,2026,24115,Singsholmen,ikke-medikamentell,mekanisk behandling,,,,,deler av lokaliteten,5056,HITRA,50,Trøndelag,63.419617,8.4127,6,Nordmøre og Sør-Trøndelag,5
29,2026,13531,Skogshamn,ikke-medikamentell,mekanisk behandling,,,,,deler av lokaliteten,5528,DYRØY,55,Troms,69.09302,17.512568,10,Andøya til Senja,10
29,2026,11640,Skorpeosen,ikke-medikamentell,mekanisk behandling,,,,,deler av lokaliteten,4626,ØYGARDEN,46,Vestland,60.332466,4.9421,3,Karmøy til Sotra,2
29,2026,26155,Slåttholmen,ikke-medikamentell,mekanisk behandling,,,,,deler av lokaliteten,5055,HEIM,50,Trøndelag,63.44779,8.958173,6,Nordmøre og Sør-Trøndelag,2
29,2026,12712,Slokkholmen Ø,ikke-medikamentell,termisk behandling,,,,,hele lokaliteten,5052,LEKA,50,Trøndelag,65.03948,11.484517,7,Nord-Trøndelag med Bindal,0
29,2026,45092,Smælingen,ikke-medikamentell,mekanisk behandling,,,,,deler av lokaliteten,5058,ÅFJORD,50,Trøndelag,64.09392,9.903667,6,Nordmøre og Sør-Trøndelag,2
29,2026,35337,Småvær,medikamentell,fôrbehandling,Emamectin benzoat,,,,hele lokaliteten,5501,TROMSØ,55,Troms,69.896866,18.486267,11,Kvaløya til Loppa,0
29,2026,23375,Sørevik,ikke-medikamentell,termisk behandling,,,,,deler av lokaliteten,4638,HØYANGER,46,Vestland,61.099983,5.729967,4,Nordhordaland til Stadt,3
29,2026,45046,Stasøya,ikke-medikamentell,mekanisk behandling,,,,,hele lokaliteten,5060,NÆRØYSUND,50,Trøndelag,64.80155,11.633783,7,Nord-Trøndelag med Bindal,0
29,2026,30537,Steinflesa,medikamentell,fôrbehandling,Emamectin benzoat,,,,deler av lokaliteten,5052,LEKA,50,Trøndelag,65.134834,11.515983,7,Nord-Trøndelag med Bindal,0
29,2026,30537,Steinflesa,ikke-medikamentell,termisk behandling,,,,,deler av lokaliteten,5052,LEKA,50,Trøndelag,65.134834,11.515983,7,Nord-Trøndelag med Bindal,5
29,2026,10825,Steinviknes,ikke-medikamentell,mekanisk behandling,,,,,hele lokaliteten,5614,LOPPA,56,Finnmark,70.15147,22.308067,12,Vest-Finnmark,0
29,2026,11492,Storevikholmen,ikke-medikamentell,ferskvannsbehandling,,,,,deler av lokaliteten,4615,FITJAR,46,Vestland,59.83808,5.30565,3,Karmøy til Sotra,4
29,2026,31338,Storskjeret,ikke-medikamentell,mekanisk behandling,,,,,deler av lokaliteten,1576,AURE,15,Møre og Romsdal,63.27048,8.2298,6,Nordmøre og Sør-Trøndelag,7
29,2026,45166,Storvikneset,ikke-medikamentell,termisk behandling,,,,,hele lokaliteten,1828,NESNA,18,Nordland,66.28207,12.996967,8,Helgeland til Bodø,0
29,2026,13057,Teigland I,ikke-medikamentell,termisk behandling,,,,,deler av lokaliteten,4622,KVAM,46,Vestland,60.17935,5.959917,3,Karmøy til Sotra,1
29,2026,12662,Ternskjæret II,ikke-medikamentell,mekanisk behandling,,,,,deler av lokaliteten,5007,NAMSOS,50,Trøndelag,64.77713,11.639767,7,Nord-Trøndelag med Bindal,10
29,2026,15517,Tinnlandet,ikke-medikamentell,annen behandling,,,,,deler av lokaliteten,5603,HAMMERFEST,56,Finnmark,70.52875,23.229168,12,Vest-Finnmark,13
29,2026,32717,Tranøya N,medikamentell,fôrbehandling,Emamectin benzoat,,,,hele lokaliteten,5057,ØRLAND,50,Trøndelag,63.87185,9.76985,6,Nordmøre og Sør-Trøndelag,0
29,2026,24197,Værøya Ø,ikke-medikamentell,mekanisk behandling,,,,,deler av lokaliteten,5056,HITRA,50,Trøndelag,63.415966,8.483883,6,Nordmøre og Sør-Trøndelag,2
29,2026,45025,Vegglandet,ikke-medikamentell,annen behandling,,,,,deler av lokaliteten,5603,HAMMERFEST,56,Finnmark,70.54208,23.241882,12,Vest-Finnmark,3
29,2026,13837,Verpeide,ikke-medikamentell,mekanisk behandling,,,,,deler av lokaliteten,4602,KINN,46,Vestland,61.902218,5.209233,4,Nordhordaland til Stadt,1
29,2026,27315,Vikane 1,ikke-medikamentell,termisk behandling,,,,,deler av lokaliteten,4618,ULLENSVANG,46,Vestland,60.263668,6.208383,3,Karmøy til Sotra,3
29,2026,45032,Ytterflesa,ikke-medikamentell,mekanisk behandling,,,,,deler av lokaliteten,5060,NÆRØYSUND,50,Trøndelag,64.972984,11.443517,7,Nord-Trøndelag med Bindal,6
28,2026,29816,Apalvikneset,ikke-medikamentell,mekanisk behandling,,,,,hele lokaliteten,4618,ULLENSVANG,46,Vestland,60.146217,6.121133,3,Karmøy til Sotra,0
28,2026,12357,Aursøysva,ikke-medikamentell,mekanisk behandling,,,,,deler av lokaliteten,5014,FRØYA,50,Trøndelag,63.801968,8.910767,6,Nordmøre og Sør-Trøndelag,2
28,2026,12357,Aursøysva,ikke-medikamentell,termisk behandling,,,,,deler av lokaliteten,5014,FRØYA,50,Trøndelag,63.801968,8.910767,6,Nordmøre og Sør-Trøndelag,4
28,2026,12357,Aursøysva,ikke-medikamentell,mekanisk behandling,,,,,deler av lokaliteten,5014,FRØYA,50,Trøndelag,63.801968,8.910767,6,Nordmøre og Sør-Trøndelag,4
28,2026,31738,Bjørga,ikke-medikamentell,mekanisk behandling,,,,,deler av lokaliteten,5526,SØRREISA,55,Troms,69.153984,17.948418,10,Andøya til Senja,1
28,2026,45072,Bleket,ikke-medikamentell,mekanisk behandling,,,,,deler av lokaliteten,4602,KINN,46,Vestland,61.911667,5.092217,4,Nordhordaland til Stadt,1
28,2026,34897,Brandsfjorden,ikke-medikamentell,mekanisk behandling,,,,,deler av lokaliteten,5058,ÅFJORD,50,Trøndelag,64.22307,10.279933,6,Nordmøre og Sør-Trøndelag,3
28,2026,12237,Brudevika,ikke-medikamentell,mekanisk behandling,,,,,deler av lokaliteten,1511,VANYLVEN,15,Møre og Romsdal,62.116566,5.420717,5,Stadt til Hustadvika,4
28,2026,27976,Bukkholmen,ikke-medikamentell,mekanisk behandling,,,,,hele lokaliteten,1820,ALSTAHAUG,18,Nordland,65.91832,12.244583,8,Helgeland til Bodø,0
28,2026,37217,Dale,medikamentell,fôrbehandling,Emamectin benzoat,,,,hele lokaliteten,5503,HARSTAD,55,Troms,68.92503,16.3452,10,Andøya til Senja,0
28,2026,32497,Daljorda,medikamentell,fôrbehandling,Emamectin benzoat,,,,hele lokaliteten,1870,SORTLAND,18,Nordland,68.69548,14.9616,9,Vestfjorden og Vesterålen,0
28,2026,32457,Dalsvåg Nv,medikamentell,badebehandling,Annet virkestoff,,,,hele lokaliteten,1149,KARMØY,11,Rogaland,59.410816,5.21725,3,Karmøy til Sotra,0
28,2026,13229,Djupedalen,ikke-medikamentell,mekanisk behandling,,,,,hele lokaliteten,4624,BJØRNAFJORDEN,46,Vestland,60.2308,5.673117,3,Karmøy til Sotra,0
28,2026,26595,Djupevika,ikke-medikamentell,termisk behandling,,,,,deler av lokaliteten,4616,TYSNES,46,Vestland,60.035816,5.342217,3,Karmøy til Sotra,3
28,2026,34018,Dolma N,ikke-medikamentell,mekanisk behandling,,,,,deler av lokaliteten,5060,NÆRØYSUND,50,Trøndelag,65.02533,11.676017,7,Nord-Trøndelag med Bindal,5
28,2026,30137,Edøya II,ikke-medikamentell,mekanisk behandling,,,,,deler av lokaliteten,5056,HITRA,50,Trøndelag,63.65805,8.683667,6,Nordmøre og Sør-Trøndelag,2
28,2026,32677,Espnestaren,ikke-medikamentell,mekanisk behandling,,,,,deler av lokaliteten,5014,FRØYA,50,Trøndelag,63.677883,8.667,6,Nordmøre og Sør-Trøndelag,5
28,2026,14796,Fiskefjorden,ikke-medikamentell,termisk behandling,,,,,hele lokaliteten,1851,LØDINGEN,18,Nordland,68.52589,16.12235,9,Vestfjorden og Vesterålen,0
28,2026,36138,Flatøyfjorden,ikke-medikamentell,mekanisk behandling,,,,,deler av lokaliteten,5058,ÅFJORD,50,Trøndelag,64.27302,10.246233,6,Nordmøre og Sør-Trøndelag,3
28,2026,16939,Fornes,medikamentell,fôrbehandling,Emamectin benzoat,,,,deler av lokaliteten,1851,LØDINGEN,18,Nordland,68.41147,15.437417,9,Vestfjorden og Vesterålen,0
28,2026,19115,Fugløya,ikke-medikamentell,mekanisk behandling,,,,,deler av lokaliteten,5056,HITRA,50,Trøndelag,63.475918,9.109833,6,Nordmøre og Sør-Trøndelag,1
28,2026,19115,Fugløya,ikke-medikamentell,ferskvannsbehandling,,,,,deler av lokaliteten,5056,HITRA,50,Trøndelag,63.475918,9.109833,6,Nordmøre og Sør-Trøndelag,1
28,2026,19115,Fugløya,ikke-medikamentell,mekanisk behandling,,,,,deler av lokaliteten,5056,HITRA,50,Trøndelag,63.475918,9.109833,6,Nordmøre og Sør-Trøndelag,1
28,2026,19115,Fugløya,ikke-medikamentell,ferskvannsbehandling,,,,,deler av lokaliteten,5056,HITRA,50,Trøndelag,63.475918,9.109833,6,Nordmøre og Sør-Trøndelag,1
28,2026,19115,Fugløya,ikke-medikamentell,mekanisk behandling,,,,,deler av lokaliteten,5056,HITRA,50,Trøndelag,63.475918,9.109833,6,Nordmøre og Sør-Trøndelag,1
28,2026,39537,Gyltneset,ikke-medikamentell,mekanisk behandling,,,,,deler av lokaliteten,5007,NAMSOS,50,Trøndelag,64.683815,11.36595,7,Nord-Trøndelag med Bindal,4
28,2026,19995,Hagahammaren,ikke-medikamentell,ferskvannsbehandling,,,,,deler av lokaliteten,1576,AURE,15,Møre og Romsdal,63.137917,8.0306,6,Nordmøre og Sør-Trøndelag,1
28,2026,19995,Hagahammaren,ikke-medikamentell,mekanisk behandling,,,,,deler av lokaliteten,1576,AURE,15,Møre og Romsdal,63.137917,8.0306,6,Nordmøre og Sør-Trøndelag,1
28,2026,19995,Hagahammaren,ikke-medikamentell,ferskvannsbehandling,,,,,deler av lokaliteten,1576,AURE,15,Møre og Romsdal,63.137917,8.0306,6,Nordmøre og Sør-Trøndelag,1
28,2026,19995,Hagahammaren,ikke-medikamentell,mekanisk behandling,,,,,deler av lokaliteten,1576,AURE,15,Møre og Romsdal,63.137917,8.0306,6,Nordmøre og Sør-Trøndelag,1
28,2026,19995,Hagahammaren,ikke-medikamentell,mekanisk behandling,,,,,deler av lokaliteten,1576,AURE,15,Møre og Romsdal,63.137917,8.0306,6,Nordmøre og Sør-Trøndelag,1
28,2026,19995,Hagahammaren,ikke-medikamentell,ferskvannsbehandling,,,,,deler av lokaliteten,1576,AURE,15,Møre og Romsdal,63.137917,8.0306,6,Nordmøre og Sør-Trøndelag,1
28,2026,19995,Hagahammaren,ikke-medikamentell,mekanisk behandling,,,,,deler av lokaliteten,1576,AURE,15,Møre og Romsdal,63.137917,8.0306,6,Nordmøre og Sør-Trøndelag,1
28,2026,19995,Hagahammaren,ikke-medikamentell,ferskvannsbehandling,,,,,deler av lokaliteten,1576,AURE,15,Møre og Romsdal,63.137917,8.0306,6,Nordmøre og Sør-Trøndelag,1
28,2026,16755,Hageberg,ikke-medikamentell,termisk behandling,,,,,deler av lokaliteten,4615,FITJAR,46,Vestland,59.944218,5.434733,3,Karmøy til Sotra,3
28,2026,11318,Hallvardøy,medikamentell,fôrbehandling,Emamectin benzoat,,,,deler av lokaliteten,1851,LØDINGEN,18,Nordland,68.37535,15.318733,9,Vestfjorden og Vesterålen,0
28,2026,12011,Håøya Nø,ikke-medikamentell,termisk behandling,,,,,hele lokaliteten,1146,TYSVÆR,11,Rogaland,59.290417,5.6765,2,Ryfylke,
28,2026,38217,Hardbakkeneset,ikke-medikamentell,termisk behandling,,,,,deler av lokaliteten,4635,GULEN,46,Vestland,61.01673,4.950517,4,Nordhordaland til Stadt,3
28,2026,26615,Haug,medikamentell,fôrbehandling,Emamectin benzoat,,,,deler av lokaliteten,5510,KVÆFJORD,55,Troms,68.7656,16.061434,10,Andøya til Senja,0
28,2026,30257,Hausan,ikke-medikamentell,mekanisk behandling,,,,,deler av lokaliteten,5055,HEIM,50,Trøndelag,63.458317,8.955683,6,Nordmøre og Sør-Trøndelag,2
28,2026,12590,Helligholmen,ikke-medikamentell,mekanisk behandling,,,,,hele lokaliteten,5060,NÆRØYSUND,50,Trøndelag,64.83839,10.665517,7,Nord-Trøndelag med Bindal,0
28,2026,12035,Hondskår,ikke-medikamentell,annen behandling,,,,,hele lokaliteten,4617,KVINNHERAD,46,Vestland,60.109,5.9405,3,Karmøy til Sotra,0
28,2026,33218,Hosenøyan,ikke-medikamentell,mekanisk behandling,,,,,deler av lokaliteten,5058,ÅFJORD,50,Trøndelag,64.08505,9.88505,6,Nordmøre og Sør-Trøndelag,3
28,2026,19939,Høysteinen,ikke-medikamentell,mekanisk behandling,,,,,deler av lokaliteten,4617,KVINNHERAD,46,Vestland,60.157417,6.050117,3,Karmøy til Sotra,3
28,2026,21516,Hulløyhamn Ø,ikke-medikamentell,mekanisk behandling,,,,,deler av lokaliteten,1875,HAMARØY,18,Nordland,68.05714,16.204468,9,Vestfjorden og Vesterålen,3
28,2026,25235,Humulen,ikke-medikamentell,mekanisk behandling,,,,,deler av lokaliteten,5060,NÆRØYSUND,50,Trøndelag,64.94605,11.372467,7,Nord-Trøndelag med Bindal,4
28,2026,12599,Indre Skjervøy,ikke-medikamentell,mekanisk behandling,,,,,deler av lokaliteten,5020,OSEN,50,Trøndelag,64.2858,10.30905,6,Nordmøre og Sør-Trøndelag,5
28,2026,10876,Istervika,ikke-medikamentell,termisk behandling,,,,,deler av lokaliteten,1813,BRØNNØY,18,Nordland,65.44635,12.562867,8,Helgeland til Bodø,2
28,2026,27996,Kalvhodet,medikamentell,fôrbehandling,Emamectin benzoat,,,,deler av lokaliteten,1865,VÅGAN,18,Nordland,68.33881,15.236583,9,Vestfjorden og Vesterålen,0
28,2026,12660,Kipholmen,ikke-medikamentell,mekanisk behandling,,,,,deler av lokaliteten,5060,NÆRØYSUND,50,Trøndelag,64.79403,11.690367,7,Nord-Trøndelag med Bindal,4
28,2026,11112,Kjerkvika,medikamentell,fôrbehandling,Emamectin benzoat,,,,hele lokaliteten,1838,GILDESKÅL,18,Nordland,67.107834,14.2684,8,Helgeland til Bodø,0
28,2026,10724,Klokkstein,ikke-medikamentell,mekanisk behandling,,,,,deler av lokaliteten,5544,NORDREISA,55,Troms,69.81612,20.717817,11,Kvaløya til Loppa,1
28,2026,13339,Klungervikneset,ikke-medikamentell,mekanisk behandling,,,,,hele lokaliteten,4613,BØMLO,46,Vestland,59.74687,5.3433,3,Karmøy til Sotra,
28,2026,11534,Klungsholmen,medikamentell,badebehandling,Annet virkestoff,,,,hele lokaliteten,4613,BØMLO,46,Vestland,59.596783,5.161567,3,Karmøy til Sotra,0
28,2026,13764,Kokvika,ikke-medikamentell,mekanisk behandling,,,,,hele lokaliteten,1834,LURØY,18,Nordland,66.41295,12.95735,8,Helgeland til Bodø,0
28,2026,19195,Korsholman,ikke-medikamentell,mekanisk behandling,,,,,hele lokaliteten,5056,HITRA,50,Trøndelag,63.597218,8.51575,6,Nordmøre og Sør-Trøndelag,0
28,2026,13595,Kuneset,medikamentell,fôrbehandling,Emamectin benzoat,,,,hele lokaliteten,1870,SORTLAND,18,Nordland,68.7135,15.038667,9,Vestfjorden og Vesterålen,0
28,2026,24975,Kvernavika,ikke-medikamentell,mekanisk behandling,,,,,deler av lokaliteten,4616,TYSNES,46,Vestland,60.069283,5.351183,3,Karmøy til Sotra,3
28,2026,35997,Kviteberg,medikamentell,fôrbehandling,Emamectin benzoat,,,,deler av lokaliteten,5546,KVÆNANGEN,55,Troms,69.95415,21.878683,11,Kvaløya til Loppa,0
28,2026,11775,Kviteskjeret,ikke-medikamentell,ferskvannsbehandling,,,,,hele lokaliteten,4645,ASKVOLL,46,Vestland,61.467815,5.2203,4,Nordhordaland til Stadt,
28,2026,11775,Kviteskjeret,ikke-medikamentell,termisk behandling,,,,,hele lokaliteten,4645,ASKVOLL,46,Vestland,61.467815,5.2203,4,Nordhordaland til Stadt,
28,2026,10898,Lamholmen,ikke-medikamentell,mekanisk behandling,,,,,hele lokaliteten,1813,BRØNNØY,18,Nordland,65.47138,12.135,8,Helgeland til Bodø,
28,2026,34457,Langås,medikamentell,fôrbehandling,Emamectin benzoat,,,,deler av lokaliteten,5534,KARLSØY,55,Troms,70.01095,19.66665,11,Kvaløya til Loppa,0
28,2026,11116,Langholmen,ikke-medikamentell,mekanisk behandling,,,,,deler av lokaliteten,1838,GILDESKÅL,18,Nordland,67.05783,14.025333,8,Helgeland til Bodø,1
28,2026,13340,Leiholmane,ikke-medikamentell,termisk behandling,,,,,deler av lokaliteten,4635,GULEN,46,Vestland,60.980633,4.87435,4,Nordhordaland til Stadt,2
28,2026,23056,Lekangsund II,ikke-medikamentell,mekanisk behandling,,,,,deler av lokaliteten,5530,SENJA,55,Troms,69.03768,17.264133,10,Andøya til Senja,1
28,2026,10262,Lille Kvitholmen,ikke-medikamentell,mekanisk behandling,,,,,hele lokaliteten,5060,NÆRØYSUND,50,Trøndelag,65.01145,11.6139,7,Nord-Trøndelag med Bindal,0
28,2026,12392,Lille Torsøy,ikke-medikamentell,mekanisk behandling,,,,,deler av lokaliteten,5056,HITRA,50,Trøndelag,63.60615,8.492133,6,Nordmøre og Sør-Trøndelag,5
28,2026,12022,Ljonesbjørgene,ikke-medikamentell,termisk behandling,,,,,deler av lokaliteten,4622,KVAM,46,Vestland,60.2564,6.16585,3,Karmøy til Sotra,3
28,2026,12022,Ljonesbjørgene,ikke-medikamentell,termisk behandling,,,,,deler av lokaliteten,4622,KVAM,46,Vestland,60.2564,6.16585,3,Karmøy til Sotra,1
28,2026,40137,Lønngrunnen,ikke-medikamentell,mekanisk behandling,,,,,deler av lokaliteten,5057,ØRLAND,50,Trøndelag,63.937534,9.779517,6,Nordmøre og Sør-Trøndelag,3
28,2026,45241,Mangvardan,ikke-medikamentell,annen behandling,,,,,deler av lokaliteten,1834,LURØY,18,Nordland,66.31737,12.66755,8,Helgeland til Bodø,3
28,2026,12370,Måøydraga,ikke-medikamentell,mekanisk behandling,,,,,deler av lokaliteten,5014,FRØYA,50,Trøndelag,63.676434,8.757283,6,Nordmøre og Sør-Trøndelag,3
28,2026,26435,Mjølsvik,ikke-medikamentell,termisk behandling,,,,,hele lokaliteten,4638,HØYANGER,46,Vestland,61.112484,6.04255,4,Nordhordaland til Stadt,0
28,2026,37057,Mjøsund Vest,ikke-medikamentell,mekanisk behandling,,,,,deler av lokaliteten,5514,IBESTAD,55,Troms,68.90805,17.407818,10,Andøya til Senja,5
28,2026,10375,Nord Leksa,ikke-medikamentell,mekanisk behandling,,,,,deler av lokaliteten,5059,ORKLAND,50,Trøndelag,63.589367,9.409217,6,Nordmøre og Sør-Trøndelag,6
28,2026,11129,Nordfugløy,ikke-medikamentell,mekanisk behandling,,,,,deler av lokaliteten,1838,GILDESKÅL,18,Nordland,67.083916,13.85685,8,Helgeland til Bodø,2
28,2026,10791,Nordnes,ikke-medikamentell,annen behandling,,,,,deler av lokaliteten,5601,ALTA,56,Finnmark,70.28637,23.400284,12,Vest-Finnmark,1
28,2026,45140,Nordskaftet,ikke-medikamentell,termisk behandling,,,,,hele lokaliteten,1836,RØDØY,18,Nordland,66.629684,13.10985,8,Helgeland til Bodø,0
28,2026,33937,Nørholmen,ikke-medikamentell,mekanisk behandling,,,,,deler av lokaliteten,1573,SMØLA,15,Møre og Romsdal,63.338917,8.2718,6,Nordmøre og Sør-Trøndelag,4
28,2026,28676,Olvika,ikke-medikamentell,mekanisk behandling,,,,,deler av lokaliteten,1834,LURØY,18,Nordland,66.4367,13.126033,8,Helgeland til Bodø,3
28,2026,45077,Ørnhaugneset,ikke-medikamentell,mekanisk behandling,,,,,deler av lokaliteten,1875,HAMARØY,18,Nordland,67.98025,15.5878,9,Vestfjorden og Vesterålen,5
28,2026,13554,Overåneset,ikke-medikamentell,termisk behandling,,,,,deler av lokaliteten,1525,STRANDA,15,Møre og Romsdal,62.294285,7.12155,5,Stadt til Hustadvika,1
28,2026,13554,Overåneset,ikke-medikamentell,ferskvannsbehandling,,,,,deler av lokaliteten,1525,STRANDA,15,Møre og Romsdal,62.294285,7.12155,5,Stadt til Hustadvika,1
28,2026,11688,Portevika,ikke-medikamentell,ferskvannsbehandling,,,,,deler av lokaliteten,4637,HYLLESTAD,46,Vestland,61.190666,5.081683,4,Nordhordaland til Stadt,2
28,2026,11688,Portevika,ikke-medikamentell,termisk behandling,,,,,deler av lokaliteten,4637,HYLLESTAD,46,Vestland,61.190666,5.081683,4,Nordhordaland til Stadt,2
28,2026,11972,Prestholmane,ikke-medikamentell,mekanisk behandling,,,,,deler av lokaliteten,1103,STAVANGER,11,Rogaland,59.117016,5.852033,2,Ryfylke,5
28,2026,28636,Rataren,ikke-medikamentell,mekanisk behandling,,,,,deler av lokaliteten,5014,FRØYA,50,Trøndelag,63.7813,8.521533,6,Nordmøre og Sør-Trøndelag,5
28,2026,12784,Ringholmen,ikke-medikamentell,mekanisk behandling,,,,,deler av lokaliteten,5056,HITRA,50,Trøndelag,63.55995,9.409567,6,Nordmøre og Sør-Trøndelag,1
28,2026,29276,Rongøy,ikke-medikamentell,termisk behandling,,,,,deler av lokaliteten,4626,ØYGARDEN,46,Vestland,60.509335,4.9317,4,Nordhordaland til Stadt,2
28,2026,12209,Rønstad,ikke-medikamentell,termisk behandling,,,,,deler av lokaliteten,1577,VOLDA,15,Møre og Romsdal,62.135117,6.021433,5,Stadt til Hustadvika,2
28,2026,34857,Salatskjæra,ikke-medikamentell,mekanisk behandling,,,,,deler av lokaliteten,5014,FRØYA,50,Trøndelag,63.90485,8.589133,6,Nordmøre og Sør-Trøndelag,3
28,2026,12019,Saltkjelen II,ikke-medikamentell,mekanisk behandling,,,,,deler av lokaliteten,4618,ULLENSVANG,46,Vestland,60.248016,6.2014,3,Karmøy til Sotra,6
28,2026,19135,Sandøya III,ikke-medikamentell,mekanisk behandling,,,,,deler av lokaliteten,5058,ÅFJORD,50,Trøndelag,64.24337,10.263817,6,Nordmøre og Sør-Trøndelag,1
28,2026,10398,Seiskjæra,ikke-medikamentell,mekanisk behandling,,,,,deler av lokaliteten,5058,ÅFJORD,50,Trøndelag,64.093,10.115683,6,Nordmøre og Sør-Trøndelag,3
28,2026,37857,Seiskjæret,medikamentell,fôrbehandling,Annet virkestoff,,,,hele lokaliteten,1818,HERØY I NORDLAND,18,Nordland,65.93428,12.071567,8,Helgeland til Bodø,0
28,2026,11640,Skorpeosen,ikke-medikamentell,mekanisk behandling,,,,,deler av lokaliteten,4626,ØYGARDEN,46,Vestland,60.332466,4.9421,3,Karmøy til Sotra,1
28,2026,12108,Skorpo Nv,ikke-medikamentell,ferskvannsbehandling,,,,,deler av lokaliteten,4617,KVINNHERAD,46,Vestland,59.95323,5.827133,3,Karmøy til Sotra,1
28,2026,12108,Skorpo Nv,ikke-medikamentell,termisk behandling,,,,,deler av lokaliteten,4617,KVINNHERAD,46,Vestland,59.95323,5.827133,3,Karmøy til Sotra,1
28,2026,12108,Skorpo Nv,ikke-medikamentell,ferskvannsbehandling,,,,,deler av lokaliteten,4617,KVINNHERAD,46,Vestland,59.95323,5.827133,3,Karmøy til Sotra,1
28,2026,12108,Skorpo Nv,ikke-medikamentell,termisk behandling,,,,,deler av lokaliteten,4617,KVINNHERAD,46,Vestland,59.95323,5.827133,3,Karmøy til Sotra,1
28,2026,12192,Skorva,ikke-medikamentell,ferskvannsbehandling,,,,,hele lokaliteten,4645,ASKVOLL,46,Vestland,61.467117,5.3136,4,Nordhordaland til Stadt,0
28,2026,12192,Skorva,ikke-medikamentell,termisk behandling,,,,,hele lokaliteten,4645,ASKVOLL,46,Vestland,61.467117,5.3136,4,Nordhordaland til Stadt,0
28,2026,12712,Slokkholmen Ø,medikamentell,fôrbehandling,Emamectin benzoat,,,,deler av lokaliteten,5052,LEKA,50,Trøndelag,65.03948,11.484517,7,Nord-Trøndelag med Bindal,0
28,2026,12712,Slokkholmen Ø,medikamentell,fôrbehandling,Emamectin benzoat,,,,deler av lokaliteten,5052,LEKA,50,Trøndelag,65.03948,11.484517,7,Nord-Trøndelag med Bindal,0
28,2026,45092,Smælingen,ikke-medikamentell,mekanisk behandling,,,,,deler av lokaliteten,5058,ÅFJORD,50,Trøndelag,64.09392,9.903667,6,Nordmøre og Sør-Trøndelag,1
28,2026,13291,Soløya,ikke-medikamentell,annen behandling,,,,,deler av lokaliteten,1859,FLAKSTAD,18,Nordland,68.00445,13.18255,9,Vestfjorden og Vesterålen,1
28,2026,23375,Sørevik,ikke-medikamentell,termisk behandling,,,,,deler av lokaliteten,4638,HØYANGER,46,Vestland,61.099983,5.729967,4,Nordhordaland til Stadt,1
28,2026,30537,Steinflesa,medikamentell,fôrbehandling,Emamectin benzoat,,,,deler av lokaliteten,5052,LEKA,50,Trøndelag,65.134834,11.515983,7,Nord-Trøndelag med Bindal,0
28,2026,10789,Store Lerresfjord,ikke-medikamentell,annen behandling,,,,,deler av lokaliteten,5601,ALTA,56,Finnmark,70.2875,23.465883,12,Vest-Finnmark,5
28,2026,13124,Storstrompan,ikke-medikamentell,mekanisk behandling,,,,,deler av lokaliteten,1836,RØDØY,18,Nordland,66.54552,13.41915,8,Helgeland til Bodø,9
28,2026,13196,Syltøy,ikke-medikamentell,mekanisk behandling,,,,,hele lokaliteten,4626,ØYGARDEN,46,Vestland,60.304432,4.968967,3,Karmøy til Sotra,0
28,2026,26055,Toppsund Ø,medikamentell,fôrbehandling,Emamectin benzoat,,,,hele lokaliteten,5503,HARSTAD,55,Troms,68.866264,16.406418,10,Andøya til Senja,0
28,2026,30236,Toppsund V,medikamentell,fôrbehandling,Emamectin benzoat,,,,hele lokaliteten,5503,HARSTAD,55,Troms,68.91164,16.291616,10,Andøya til Senja,0
28,2026,10147,Tungesvik,ikke-medikamentell,mekanisk behandling,,,,,hele lokaliteten,4611,ETNE,46,Vestland,59.74708,5.980617,3,Karmøy til Sotra,0
28,2026,45058,Urdaneset,ikke-medikamentell,termisk behandling,,,,,deler av lokaliteten,1525,STRANDA,15,Møre og Romsdal,62.318333,6.977,5,Stadt til Hustadvika,8
28,2026,45058,Urdaneset,ikke-medikamentell,ferskvannsbehandling,,,,,deler av lokaliteten,1525,STRANDA,15,Møre og Romsdal,62.318333,6.977,5,Stadt til Hustadvika,8
28,2026,24197,Værøya Ø,ikke-medikamentell,mekanisk behandling,,,,,deler av lokaliteten,5056,HITRA,50,Trøndelag,63.415966,8.483883,6,Nordmøre og Sør-Trøndelag,5
28,2026,45023,Varpet,ikke-medikamentell,mekanisk behandling,,,,,deler av lokaliteten,1834,LURØY,18,Nordland,66.32025,13.055833,8,Helgeland til Bodø,5
28,2026,37717,Vassgåsholmen,ikke-medikamentell,mekanisk behandling,,,,,deler av lokaliteten,5059,ORKLAND,50,Trøndelag,63.592167,9.339833,6,Nordmøre og Sør-Trøndelag,1
28,2026,13837,Verpeide,ikke-medikamentell,mekanisk behandling,,,,,deler av lokaliteten,4602,KINN,46,Vestland,61.902218,5.209233,4,Nordhordaland til Stadt,3
28,2026,13246,Voldnes,ikke-medikamentell,termisk behandling,,,,,deler av lokaliteten,1515,HERØY I MØRE OG ROMSDAL,15,Møre og Romsdal,62.2097,5.7849,5,Stadt til Hustadvika,1
28,2026,45135,Voravika,ikke-medikamentell,termisk behandling,,,,,hele lokaliteten,1514,SANDE I MØRE OG ROMSDAL,15,Møre og Romsdal,62.229916,5.49525,5,Stadt til Hustadvika,0
28,2026,45032,Ytterflesa,ikke-medikamentell,mekanisk behandling,,,,,deler av lokaliteten,5060,NÆRØYSUND,50,Trøndelag,64.972984,11.443517,7,Nord-Trøndelag med Bindal,3
27,2026,11179,Alterosen,medikamentell,badebehandling,Azamethiphos,,,,hele lokaliteten,1865,VÅGAN,18,Nordland,68.20727,14.446717,9,Vestfjorden og Vesterålen,0
27,2026,45049,Bergkråa,ikke-medikamentell,mekanisk behandling,,,,,deler av lokaliteten,1806,NARVIK,18,Nordland,68.160866,16.333282,9,Vestfjorden og Vesterålen,2
27,2026,12178,Bjønnspjotneset,ikke-medikamentell,termisk behandling,,,,,deler av lokaliteten,4638,HØYANGER,46,Vestland,61.098083,5.82545,4,Nordhordaland til Stadt,1
27,2026,31738,Bjørga,ikke-medikamentell,mekanisk behandling,,,,,deler av lokaliteten,5526,SØRREISA,55,Troms,69.153984,17.948418,10,Andøya til Senja,5
27,2026,22455,Bjørlykkestranda,ikke-medikamentell,mekanisk behandling,,,,,deler av lokaliteten,1511,VANYLVEN,15,Møre og Romsdal,62.16655,5.5954,5,Stadt til Hustadvika,5
27,2026,34997,Bjørnøya,ikke-medikamentell,mekanisk behandling,,,,,deler av lokaliteten,1804,BODØ,18,Nordland,67.41632,14.430617,9,Vestfjorden og Vesterålen,2
27,2026,11488,Brattavika,ikke-medikamentell,termisk behandling,,,,,deler av lokaliteten,4625,AUSTEVOLL,46,Vestland,60.044117,5.303317,3,Karmøy til Sotra,3
27,2026,12594,Breidvika,ikke-medikamentell,mekanisk behandling,,,,,deler av lokaliteten,5020,OSEN,50,Trøndelag,64.29718,10.393433,6,Nordmøre og Sør-Trøndelag,5
27,2026,45249,Breisundet,medikamentell,fôrbehandling,Emamectin benzoat,,,,hele lokaliteten,1804,BODØ,18,Nordland,67.423065,13.887633,9,Vestfjorden og Vesterålen,
27,2026,33537,Buholmen,ikke-medikamentell,mekanisk behandling,,,,,deler av lokaliteten,5058,ÅFJORD,50,Trøndelag,64.1569,10.008917,6,Nordmøre og Sør-Trøndelag,2
27,2026,22035,Buktodden Nø,medikamentell,fôrbehandling,Emamectin benzoat,,,,hele lokaliteten,1833,RANA,18,Nordland,66.30832,13.432233,8,Helgeland til Bodø,0
27,2026,32497,Daljorda,medikamentell,fôrbehandling,Emamectin benzoat,,,,hele lokaliteten,1870,SORTLAND,18,Nordland,68.69548,14.9616,9,Vestfjorden og Vesterålen,0
27,2026,32457,Dalsvåg Nv,ikke-medikamentell,mekanisk behandling,,,,,hele lokaliteten,1149,KARMØY,11,Rogaland,59.410816,5.21725,3,Karmøy til Sotra,0
27,2026,32457,Dalsvåg Nv,ikke-medikamentell,termisk behandling,,,,,hele lokaliteten,1149,KARMØY,11,Rogaland,59.410816,5.21725,3,Karmøy til Sotra,0
27,2026,11076,Digermulen,ikke-medikamentell,termisk behandling,,,,,hele lokaliteten,1836,RØDØY,18,Nordland,66.675735,13.317517,8,Helgeland til Bodø,0
27,2026,21336,Djupeleget,ikke-medikamentell,termisk behandling,,,,,deler av lokaliteten,4638,HØYANGER,46,Vestland,61.16942,5.80735,4,Nordhordaland til Stadt,1
27,2026,10338,Djupevik,ikke-medikamentell,mekanisk behandling,,,,,deler av lokaliteten,4622,KVAM,46,Vestland,60.406715,6.35625,3,Karmøy til Sotra,2
27,2026,10338,Djupevik,ikke-medikamentell,termisk behandling,,,,,deler av lokaliteten,4622,KVAM,46,Vestland,60.406715,6.35625,3,Karmøy til Sotra,2
27,2026,10110,Djupevik,ikke-medikamentell,mekanisk behandling,,,,,deler av lokaliteten,1103,STAVANGER,11,Rogaland,59.1474,5.863783,2,Ryfylke,1
27,2026,20455,Djupevika,ikke-medikamentell,termisk behandling,,,,,hele lokaliteten,4617,KVINNHERAD,46,Vestland,60.04095,6.009367,3,Karmøy til Sotra,0
27,2026,36917,Drevflesa,ikke-medikamentell,mekanisk behandling,,,,,deler av lokaliteten,5058,ÅFJORD,50,Trøndelag,64.21087,10.115417,6,Nordmøre og Sør-Trøndelag,5
27,2026,11381,Dypingen,ikke-medikamentell,mekanisk behandling,,,,,deler av lokaliteten,5503,HARSTAD,55,Troms,68.962364,16.5382,10,Andøya til Senja,1
27,2026,12128,Dyrnes,ikke-medikamentell,mekanisk behandling,,,,,hele lokaliteten,4617,KVINNHERAD,46,Vestland,59.718132,5.723383,3,Karmøy til Sotra,
27,2026,12033,Dysvik,ikke-medikamentell,termisk behandling,,,,,hele lokaliteten,4622,KVAM,46,Vestland,60.191017,5.967617,3,Karmøy til Sotra,0
27,2026,14041,Edøya,ikke-medikamentell,mekanisk behandling,,,,,deler av lokaliteten,5056,HITRA,50,Trøndelag,63.65835,8.694417,6,Nordmøre og Sør-Trøndelag,2
27,2026,30137,Edøya II,ikke-medikamentell,mekanisk behandling,,,,,deler av lokaliteten,5056,HITRA,50,Trøndelag,63.65805,8.683667,6,Nordmøre og Sør-Trøndelag,3
27,2026,32677,Espnestaren,ikke-medikamentell,mekanisk behandling,,,,,deler av lokaliteten,5014,FRØYA,50,Trøndelag,63.677883,8.667,6,Nordmøre og Sør-Trøndelag,3
27,2026,32677,Espnestaren,ikke-medikamentell,termisk behandling,,,,,deler av lokaliteten,5014,FRØYA,50,Trøndelag,63.677883,8.667,6,Nordmøre og Sør-Trøndelag,1
27,2026,32677,Espnestaren,ikke-medikamentell,annen behandling,,,,,deler av lokaliteten,5014,FRØYA,50,Trøndelag,63.677883,8.667,6,Nordmøre og Sør-Trøndelag,1
27,2026,24575,Farmannsøya,ikke-medikamentell,mekanisk behandling,,,,,deler av lokaliteten,5058,ÅFJORD,50,Trøndelag,64.18452,10.1222,6,Nordmøre og Sør-Trøndelag,3
27,2026,36138,Flatøyfjorden,ikke-medikamentell,termisk behandling,,,,,deler av lokaliteten,5058,ÅFJORD,50,Trøndelag,64.27302,10.246233,6,Nordmøre og Sør-Trøndelag,1
27,2026,16939,Fornes,medikamentell,fôrbehandling,Emamectin benzoat,,,,hele lokaliteten,1851,LØDINGEN,18,Nordland,68.41147,15.437417,9,Vestfjorden og Vesterålen,0
27,2026,19115,Fugløya,ikke-medikamentell,ferskvannsbehandling,,,,,deler av lokaliteten,5056,HITRA,50,Trøndelag,63.475918,9.109833,6,Nordmøre og Sør-Trøndelag,1
27,2026,19115,Fugløya,ikke-medikamentell,mekanisk behandling,,,,,deler av lokaliteten,5056,HITRA,50,Trøndelag,63.475918,9.109833,6,Nordmøre og Sør-Trøndelag,1
27,2026,19115,Fugløya,ikke-medikamentell,ferskvannsbehandling,,,,,deler av lokaliteten,5056,HITRA,50,Trøndelag,63.475918,9.109833,6,Nordmøre og Sør-Trøndelag,1
27,2026,19115,Fugløya,ikke-medikamentell,mekanisk behandling,,,,,deler av lokaliteten,5056,HITRA,50,Trøndelag,63.475918,9.109833,6,Nordmøre og Sør-Trøndelag,1
27,2026,12078,Gangdal,ikke-medikamentell,termisk behandling,,,,,hele lokaliteten,4618,ULLENSVANG,46,Vestland,60.216633,6.157683,3,Karmøy til Sotra,0
27,2026,12714,Gjerdinga,medikamentell,badebehandling,Deltamethrin,,,,deler av lokaliteten,5060,NÆRØYSUND,50,Trøndelag,64.94648,11.461967,7,Nord-Trøndelag med Bindal,0
27,2026,40297,Gnarnesvika,medikamentell,fôrbehandling,Emamectin benzoat,,,,deler av lokaliteten,4602,KINN,46,Vestland,61.506382,5.05,4,Nordhordaland til Stadt,0
27,2026,11559,Grimsholmen,ikke-medikamentell,termisk behandling,,,,,hele lokaliteten,4612,SVEIO,46,Vestland,59.65735,5.404167,3,Karmøy til Sotra,0
27,2026,11559,Grimsholmen,ikke-medikamentell,ferskvannsbehandling,,,,,hele lokaliteten,4612,SVEIO,46,Vestland,59.65735,5.404167,3,Karmøy til Sotra,0
27,2026,10318,Gulestø,ikke-medikamentell,mekanisk behandling,,,,,deler av lokaliteten,4648,BREMANGER,46,Vestland,61.75802,5.069883,4,Nordhordaland til Stadt,1
27,2026,39537,Gyltneset,ikke-medikamentell,mekanisk behandling,,,,,deler av lokaliteten,5007,NAMSOS,50,Trøndelag,64.683815,11.36595,7,Nord-Trøndelag med Bindal,3
27,2026,11318,Hallvardøy,medikamentell,fôrbehandling,Emamectin benzoat,,,,hele lokaliteten,1851,LØDINGEN,18,Nordland,68.37535,15.318733,9,Vestfjorden og Vesterålen,0
27,2026,13592,Hammer,ikke-medikamentell,mekanisk behandling,,,,,hele lokaliteten,1848,STEIGEN,18,Nordland,67.95877,15.171667,9,Vestfjorden og Vesterålen,0
27,2026,39217,Hårkallbåen,medikamentell,fôrbehandling,Emamectin benzoat,,,,hele lokaliteten,1573,SMØLA,15,Møre og Romsdal,63.421917,8.207483,6,Nordmøre og Sør-Trøndelag,0
27,2026,26615,Haug,medikamentell,fôrbehandling,Emamectin benzoat,,,,deler av lokaliteten,5510,KVÆFJORD,55,Troms,68.7656,16.061434,10,Andøya til Senja,0
27,2026,30257,Hausan,ikke-medikamentell,ferskvannsbehandling,,,,,deler av lokaliteten,5055,HEIM,50,Trøndelag,63.458317,8.955683,6,Nordmøre og Sør-Trøndelag,1
27,2026,30257,Hausan,ikke-medikamentell,mekanisk behandling,,,,,deler av lokaliteten,5055,HEIM,50,Trøndelag,63.458317,8.955683,6,Nordmøre og Sør-Trøndelag,1
27,2026,30257,Hausan,ikke-medikamentell,mekanisk behandling,,,,,deler av lokaliteten,5055,HEIM,50,Trøndelag,63.458317,8.955683,6,Nordmøre og Sør-Trøndelag,1
27,2026,30257,Hausan,ikke-medikamentell,ferskvannsbehandling,,,,,deler av lokaliteten,5055,HEIM,50,Trøndelag,63.458317,8.955683,6,Nordmøre og Sør-Trøndelag,1
27,2026,33957,Hofsøya,ikke-medikamentell,ferskvannsbehandling,,,,,deler av lokaliteten,5014,FRØYA,50,Trøndelag,63.7224,8.9145,6,Nordmøre og Sør-Trøndelag,2
27,2026,19939,Høysteinen,ikke-medikamentell,mekanisk behandling,,,,,deler av lokaliteten,4617,KVINNHERAD,46,Vestland,60.157417,6.050117,3,Karmøy til Sotra,2
27,2026,25235,Humulen,ikke-medikamentell,mekanisk behandling,,,,,deler av lokaliteten,5060,NÆRØYSUND,50,Trøndelag,64.94605,11.372467,7,Nord-Trøndelag med Bindal,5
27,2026,27996,Kalvhodet,medikamentell,fôrbehandling,Emamectin benzoat,,,,hele lokaliteten,1865,VÅGAN,18,Nordland,68.33881,15.236583,9,Vestfjorden og Vesterålen,0
27,2026,36817,Kariskjæret,ikke-medikamentell,mekanisk behandling,,,,,deler av lokaliteten,1804,BODØ,18,Nordland,67.38288,14.380617,9,Vestfjorden og Vesterålen,2
27,2026,10804,Karvika,ikke-medikamentell,mekanisk behandling,,,,,deler av lokaliteten,5546,KVÆNANGEN,55,Troms,69.85198,21.828983,11,Kvaløya til Loppa,2
27,2026,10409,Kjelneset,ikke-medikamentell,mekanisk behandling,,,,,hele lokaliteten,5007,NAMSOS,50,Trøndelag,64.64387,11.388867,7,Nord-Trøndelag med Bindal,0
27,2026,11112,Kjerkvika,medikamentell,fôrbehandling,Emamectin benzoat,,,,hele lokaliteten,1838,GILDESKÅL,18,Nordland,67.107834,14.2684,8,Helgeland til Bodø,0
27,2026,10724,Klokkstein,ikke-medikamentell,mekanisk behandling,,,,,deler av lokaliteten,5544,NORDREISA,55,Troms,69.81612,20.717817,11,Kvaløya til Loppa,4
27,2026,11534,Klungsholmen,medikamentell,badebehandling,Annet virkestoff,,,,hele lokaliteten,4613,BØMLO,46,Vestland,59.596783,5.161567,3,Karmøy til Sotra,0
27,2026,45260,Korshamn,ikke-medikamentell,mekanisk behandling,,,,,deler av lokaliteten,5056,HITRA,50,Trøndelag,63.441116,8.595233,6,Nordmøre og Sør-Trøndelag,7
27,2026,10614,Kråkevik,ikke-medikamentell,ferskvannsbehandling,,,,,deler av lokaliteten,5601,ALTA,56,Finnmark,70.263016,23.306217,12,Vest-Finnmark,1
27,2026,10614,Kråkevik,ikke-medikamentell,annen behandling,,,,,deler av lokaliteten,5601,ALTA,56,Finnmark,70.263016,23.306217,12,Vest-Finnmark,5
27,2026,13595,Kuneset,medikamentell,fôrbehandling,Emamectin benzoat,,,,hele lokaliteten,1870,SORTLAND,18,Nordland,68.7135,15.038667,9,Vestfjorden og Vesterålen,0
27,2026,18217,Kvaløy Ø,ikke-medikamentell,ferskvannsbehandling,,,,,deler av lokaliteten,1149,KARMØY,11,Rogaland,59.397385,5.174033,3,Karmøy til Sotra,2
27,2026,18217,Kvaløy Ø,ikke-medikamentell,termisk behandling,,,,,deler av lokaliteten,1149,KARMØY,11,Rogaland,59.397385,5.174033,3,Karmøy til Sotra,2
27,2026,38957,Låderskjera,ikke-medikamentell,mekanisk behandling,,,,,deler av lokaliteten,1145,BOKN,11,Rogaland,59.194965,5.478617,2,Ryfylke,1
27,2026,38957,Låderskjera,ikke-medikamentell,ferskvannsbehandling,,,,,deler av lokaliteten,1145,BOKN,11,Rogaland,59.194965,5.478617,2,Ryfylke,2
27,2026,12993,Lamøya,ikke-medikamentell,ferskvannsbehandling,,,,,deler av lokaliteten,5014,FRØYA,50,Trøndelag,63.73305,8.854983,6,Nordmøre og Sør-Trøndelag,2
27,2026,12993,Lamøya,ikke-medikamentell,ferskvannsbehandling,,,,,deler av lokaliteten,5014,FRØYA,50,Trøndelag,63.73305,8.854983,6,Nordmøre og Sør-Trøndelag,1
27,2026,12993,Lamøya,ikke-medikamentell,mekanisk behandling,,,,,deler av lokaliteten,5014,FRØYA,50,Trøndelag,63.73305,8.854983,6,Nordmøre og Sør-Trøndelag,1
27,2026,13055,Langøyna Ø,ikke-medikamentell,termisk behandling,,,,,deler av lokaliteten,1146,TYSVÆR,11,Rogaland,59.2983,5.713333,2,Ryfylke,5
27,2026,13055,Langøyna Ø,ikke-medikamentell,ferskvannsbehandling,,,,,deler av lokaliteten,1146,TYSVÆR,11,Rogaland,59.2983,5.713333,2,Ryfylke,1
27,2026,13055,Langøyna Ø,ikke-medikamentell,termisk behandling,,,,,deler av lokaliteten,1146,TYSVÆR,11,Rogaland,59.2983,5.713333,2,Ryfylke,1
27,2026,45236,Langtaren,ikke-medikamentell,termisk behandling,,,,,deler av lokaliteten,5014,FRØYA,50,Trøndelag,63.75285,8.9278,6,Nordmøre og Sør-Trøndelag,7
27,2026,23056,Lekangsund II,ikke-medikamentell,mekanisk behandling,,,,,deler av lokaliteten,5530,SENJA,55,Troms,69.03768,17.264133,10,Andøya til Senja,4
27,2026,12392,Lille Torsøy,ikke-medikamentell,mekanisk behandling,,,,,deler av lokaliteten,5056,HITRA,50,Trøndelag,63.60615,8.492133,6,Nordmøre og Sør-Trøndelag,5
27,2026,40137,Lønngrunnen,ikke-medikamentell,mekanisk behandling,,,,,deler av lokaliteten,5057,ØRLAND,50,Trøndelag,63.937534,9.779517,6,Nordmøre og Sør-Trøndelag,3
27,2026,13549,Løypingneset,ikke-medikamentell,mekanisk behandling,,,,,deler av lokaliteten,4648,BREMANGER,46,Vestland,61.821335,5.250533,4,Nordhordaland til Stadt,3
27,2026,11807,Marøytåa,ikke-medikamentell,termisk behandling,,,,,hele lokaliteten,4602,KINN,46,Vestland,61.50675,5.118367,4,Nordhordaland til Stadt,0
27,2026,11807,Marøytåa,ikke-medikamentell,ferskvannsbehandling,,,,,hele lokaliteten,4602,KINN,46,Vestland,61.50675,5.118367,4,Nordhordaland til Stadt,0
27,2026,12904,Merraberget,ikke-medikamentell,mekanisk behandling,,,,,deler av lokaliteten,1506,MOLDE,15,Møre og Romsdal,62.78393,8.277933,6,Nordmøre og Sør-Trøndelag,6
27,2026,10791,Nordnes,ikke-medikamentell,annen behandling,,,,,deler av lokaliteten,5601,ALTA,56,Finnmark,70.28637,23.400284,12,Vest-Finnmark,1
27,2026,33937,Nørholmen,ikke-medikamentell,mekanisk behandling,,,,,deler av lokaliteten,1573,SMØLA,15,Møre og Romsdal,63.338917,8.2718,6,Nordmøre og Sør-Trøndelag,5
27,2026,45077,Ørnhaugneset,ikke-medikamentell,mekanisk behandling,,,,,deler av lokaliteten,1875,HAMARØY,18,Nordland,67.98025,15.5878,9,Vestfjorden og Vesterålen,2
27,2026,10050,Ospøy Ø,ikke-medikamentell,termisk behandling,,,,,hele lokaliteten,4613,BØMLO,46,Vestland,59.866566,5.228133,3,Karmøy til Sotra,0
27,2026,10050,Ospøy Ø,ikke-medikamentell,ferskvannsbehandling,,,,,hele lokaliteten,4613,BØMLO,46,Vestland,59.866566,5.228133,3,Karmøy til Sotra,0
27,2026,11688,Portevika,ikke-medikamentell,ferskvannsbehandling,,,,,deler av lokaliteten,4637,HYLLESTAD,46,Vestland,61.190666,5.081683,4,Nordhordaland til Stadt,3
27,2026,11688,Portevika,ikke-medikamentell,termisk behandling,,,,,deler av lokaliteten,4637,HYLLESTAD,46,Vestland,61.190666,5.081683,4,Nordhordaland til Stadt,3
27,2026,10806,Rakkenes,ikke-medikamentell,mekanisk behandling,,,,,deler av lokaliteten,5546,KVÆNANGEN,55,Troms,69.88507,21.729982,11,Kvaløya til Loppa,7
27,2026,17357,Rennaren,ikke-medikamentell,ferskvannsbehandling,,,,,deler av lokaliteten,1103,STAVANGER,11,Rogaland,59.13252,5.721883,2,Ryfylke,1
27,2026,12784,Ringholmen,ikke-medikamentell,mekanisk behandling,,,,,deler av lokaliteten,5056,HITRA,50,Trøndelag,63.55995,9.409567,6,Nordmøre og Sør-Trøndelag,2
27,2026,29276,Rongøy,ikke-medikamentell,termisk behandling,,,,,deler av lokaliteten,4626,ØYGARDEN,46,Vestland,60.509335,4.9317,4,Nordhordaland til Stadt,2
27,2026,12794,Rundklumpen,ikke-medikamentell,termisk behandling,,,,,deler av lokaliteten,5057,ØRLAND,50,Trøndelag,63.801315,9.607583,6,Nordmøre og Sør-Trøndelag,3
27,2026,13597,Salangslia,ikke-medikamentell,termisk behandling,,,,,deler av lokaliteten,5522,SALANGEN,55,Troms,68.85463,17.520884,10,Andøya til Senja,9
27,2026,34857,Salatskjæra,ikke-medikamentell,mekanisk behandling,,,,,deler av lokaliteten,5014,FRØYA,50,Trøndelag,63.90485,8.589133,6,Nordmøre og Sør-Trøndelag,6
27,2026,12973,Saltkjelen I,ikke-medikamentell,termisk behandling,,,,,hele lokaliteten,4622,KVAM,46,Vestland,60.31815,6.183183,3,Karmøy til Sotra,0
27,2026,19135,Sandøya III,ikke-medikamentell,mekanisk behandling,,,,,deler av lokaliteten,5058,ÅFJORD,50,Trøndelag,64.24337,10.263817,6,Nordmøre og Sør-Trøndelag,2
27,2026,37857,Seiskjæret,medikamentell,fôrbehandling,Annet virkestoff,,,,hele lokaliteten,1818,HERØY I NORDLAND,18,Nordland,65.93428,12.071567,8,Helgeland til Bodø,0
27,2026,24115,Singsholmen,ikke-medikamentell,mekanisk behandling,,,,,deler av lokaliteten,5056,HITRA,50,Trøndelag,63.419617,8.4127,6,Nordmøre og Sør-Trøndelag,1
27,2026,28296,Skommesvik,medikamentell,fôrbehandling,Emamectin benzoat,,,,deler av lokaliteten,5510,KVÆFJORD,55,Troms,68.71633,16.037283,10,Andøya til Senja,0
27,2026,12108,Skorpo Nv,ikke-medikamentell,termisk behandling,,,,,deler av lokaliteten,4617,KVINNHERAD,46,Vestland,59.95323,5.827133,3,Karmøy til Sotra,1
27,2026,12108,Skorpo Nv,ikke-medikamentell,termisk behandling,,,,,deler av lokaliteten,4617,KVINNHERAD,46,Vestland,59.95323,5.827133,3,Karmøy til Sotra,1
27,2026,12108,Skorpo Nv,ikke-medikamentell,ferskvannsbehandling,,,,,deler av lokaliteten,4617,KVINNHERAD,46,Vestland,59.95323,5.827133,3,Karmøy til Sotra,1
27,2026,12108,Skorpo Nv,ikke-medikamentell,termisk behandling,,,,,deler av lokaliteten,4617,KVINNHERAD,46,Vestland,59.95323,5.827133,3,Karmøy til Sotra,1
27,2026,12108,Skorpo Nv,ikke-medikamentell,ferskvannsbehandling,,,,,deler av lokaliteten,4617,KVINNHERAD,46,Vestland,59.95323,5.827133,3,Karmøy til Sotra,1
27,2026,12108,Skorpo Nv,ikke-medikamentell,termisk behandling,,,,,deler av lokaliteten,4617,KVINNHERAD,46,Vestland,59.95323,5.827133,3,Karmøy til Sotra,1
27,2026,12108,Skorpo Nv,ikke-medikamentell,ferskvannsbehandling,,,,,deler av lokaliteten,4617,KVINNHERAD,46,Vestland,59.95323,5.827133,3,Karmøy til Sotra,1
27,2026,12108,Skorpo Nv,ikke-medikamentell,termisk behandling,,,,,deler av lokaliteten,4617,KVINNHERAD,46,Vestland,59.95323,5.827133,3,Karmøy til Sotra,1
27,2026,12108,Skorpo Nv,ikke-medikamentell,ferskvannsbehandling,,,,,deler av lokaliteten,4617,KVINNHERAD,46,Vestland,59.95323,5.827133,3,Karmøy til Sotra,1
27,2026,12108,Skorpo Nv,ikke-medikamentell,termisk behandling,,,,,deler av lokaliteten,4617,KVINNHERAD,46,Vestland,59.95323,5.827133,3,Karmøy til Sotra,1
27,2026,12108,Skorpo Nv,ikke-medikamentell,ferskvannsbehandling,,,,,deler av lokaliteten,4617,KVINNHERAD,46,Vestland,59.95323,5.827133,3,Karmøy til Sotra,1
27,2026,12108,Skorpo Nv,ikke-medikamentell,termisk behandling,,,,,deler av lokaliteten,4617,KVINNHERAD,46,Vestland,59.95323,5.827133,3,Karmøy til Sotra,1
27,2026,12108,Skorpo Nv,ikke-medikamentell,ferskvannsbehandling,,,,,deler av lokaliteten,4617,KVINNHERAD,46,Vestland,59.95323,5.827133,3,Karmøy til Sotra,1
27,2026,12108,Skorpo Nv,ikke-medikamentell,termisk behandling,,,,,deler av lokaliteten,4617,KVINNHERAD,46,Vestland,59.95323,5.827133,3,Karmøy til Sotra,1
27,2026,12108,Skorpo Nv,ikke-medikamentell,ferskvannsbehandling,,,,,deler av lokaliteten,4617,KVINNHERAD,46,Vestland,59.95323,5.827133,3,Karmøy til Sotra,1
27,2026,26155,Slåttholmen,ikke-medikamentell,ferskvannsbehandling,,,,,deler av lokaliteten,5055,HEIM,50,Trøndelag,63.44779,8.958173,6,Nordmøre og Sør-Trøndelag,1
27,2026,26155,Slåttholmen,ikke-medikamentell,mekanisk behandling,,,,,deler av lokaliteten,5055,HEIM,50,Trøndelag,63.44779,8.958173,6,Nordmøre og Sør-Trøndelag,1
27,2026,15456,Søreide,ikke-medikamentell,termisk behandling,,,,,deler av lokaliteten,4638,HØYANGER,46,Vestland,61.1056,5.8536,4,Nordhordaland til Stadt,1
27,2026,45046,Stasøya,ikke-medikamentell,mekanisk behandling,,,,,deler av lokaliteten,5060,NÆRØYSUND,50,Trøndelag,64.80155,11.633783,7,Nord-Trøndelag med Bindal,4
27,2026,35817,Storevika,medikamentell,fôrbehandling,Emamectin benzoat,,,,hele lokaliteten,1804,BODØ,18,Nordland,67.18557,14.388433,8,Helgeland til Bodø,
27,2026,23055,Storvika V,ikke-medikamentell,mekanisk behandling,,,,,deler av lokaliteten,5528,DYRØY,55,Troms,69.043915,17.357317,10,Andøya til Senja,4
27,2026,29376,Sundsøy,medikamentell,fôrbehandling,Emamectin benzoat,,,,deler av lokaliteten,1827,DØNNA,18,Nordland,66.17637,12.770283,8,Helgeland til Bodø,0
27,2026,29376,Sundsøy,ikke-medikamentell,termisk behandling,,,,,deler av lokaliteten,1827,DØNNA,18,Nordland,66.17637,12.770283,8,Helgeland til Bodø,2
27,2026,11144,Svinvær,ikke-medikamentell,termisk behandling,,,,,deler av lokaliteten,1836,RØDØY,18,Nordland,66.769485,13.171383,8,Helgeland til Bodø,8
27,2026,22955,Svollandsneset,ikke-medikamentell,termisk behandling,,,,,deler av lokaliteten,1160,VINDAFJORD,11,Rogaland,59.685184,5.58855,3,Karmøy til Sotra,6
27,2026,22955,Svollandsneset,ikke-medikamentell,ferskvannsbehandling,,,,,deler av lokaliteten,1160,VINDAFJORD,11,Rogaland,59.685184,5.58855,3,Karmøy til Sotra,2
27,2026,10309,Syrtangen,ikke-medikamentell,termisk behandling,,,,,hele lokaliteten,4626,ØYGARDEN,46,Vestland,60.46773,4.968667,4,Nordhordaland til Stadt,0
27,2026,21755,Tendalsvik,ikke-medikamentell,mekanisk behandling,,,,,hele lokaliteten,4611,ETNE,46,Vestland,59.736465,5.885317,3,Karmøy til Sotra,0
27,2026,12662,Ternskjæret II,ikke-medikamentell,mekanisk behandling,,,,,deler av lokaliteten,5007,NAMSOS,50,Trøndelag,64.77713,11.639767,7,Nord-Trøndelag med Bindal,10
27,2026,26055,Toppsund Ø,medikamentell,fôrbehandling,Emamectin benzoat,,,,hele lokaliteten,5503,HARSTAD,55,Troms,68.866264,16.406418,10,Andøya til Senja,0
27,2026,30236,Toppsund V,medikamentell,fôrbehandling,Emamectin benzoat,,,,hele lokaliteten,5503,HARSTAD,55,Troms,68.91164,16.291616,10,Andøya til Senja,0
27,2026,33677,Torvund,ikke-medikamentell,termisk behandling,,,,,deler av lokaliteten,4638,HØYANGER,46,Vestland,61.14467,5.656367,4,Nordhordaland til Stadt,3
27,2026,14081,Tveit,ikke-medikamentell,mekanisk behandling,,,,,deler av lokaliteten,4637,HYLLESTAD,46,Vestland,61.110085,5.340483,4,Nordhordaland til Stadt,2
27,2026,45058,Urdaneset,ikke-medikamentell,ferskvannsbehandling,,,,,deler av lokaliteten,1525,STRANDA,15,Møre og Romsdal,62.318333,6.977,5,Stadt til Hustadvika,2
27,2026,45058,Urdaneset,ikke-medikamentell,termisk behandling,,,,,deler av lokaliteten,1525,STRANDA,15,Møre og Romsdal,62.318333,6.977,5,Stadt til Hustadvika,2
27,2026,24197,Værøya Ø,ikke-medikamentell,mekanisk behandling,,,,,deler av lokaliteten,5056,HITRA,50,Trøndelag,63.415966,8.483883,6,Nordmøre og Sør-Trøndelag,3
27,2026,37717,Vassgåsholmen,ikke-medikamentell,mekanisk behandling,,,,,deler av lokaliteten,5059,ORKLAND,50,Trøndelag,63.592167,9.339833,6,Nordmøre og Sør-Trøndelag,5
27,2026,13246,Voldnes,ikke-medikamentell,termisk behandling,,,,,deler av lokaliteten,1515,HERØY I MØRE OG ROMSDAL,15,Møre og Romsdal,62.2097,5.7849,5,Stadt til Hustadvika,8
26,2026,25055,Bekksneset,ikke-medikamentell,mekanisk behandling,,,,,hele lokaliteten,4637,HYLLESTAD,46,Vestland,61.07675,5.386017,4,Nordhordaland til Stadt,0
26,2026,12040,Brandaskuta,ikke-medikamentell,annen behandling,,,,,hele lokaliteten,4617,KVINNHERAD,46,Vestland,59.975735,5.909183,3,Karmøy til Sotra,0
26,2026,12594,Breidvika,ikke-medikamentell,mekanisk behandling,,,,,deler av lokaliteten,5020,OSEN,50,Trøndelag,64.29718,10.393433,6,Nordmøre og Sør-Trøndelag,4
26,2026,28336,Breivika,medikamentell,fôrbehandling,Emamectin benzoat,,,,hele lokaliteten,1827,DØNNA,18,Nordland,66.1609,12.68205,8,Helgeland til Bodø,0
26,2026,32897,Breivika S,medikamentell,fôrbehandling,Emamectin benzoat,,,,deler av lokaliteten,1827,DØNNA,18,Nordland,66.15802,12.682067,8,Helgeland til Bodø,0
26,2026,33537,Buholmen,ikke-medikamentell,mekanisk behandling,,,,,deler av lokaliteten,5058,ÅFJORD,50,Trøndelag,64.1569,10.008917,6,Nordmøre og Sør-Trøndelag,1
26,2026,11857,Buksevika,ikke-medikamentell,mekanisk behandling,,,,,hele lokaliteten,4207,FLEKKEFJORD,42,Agder,58.2079,6.636067,1,Svenskegrensen til Jæren,0
26,2026,22035,Buktodden Nø,medikamentell,fôrbehandling,Emamectin benzoat,,,,hele lokaliteten,1833,RANA,18,Nordland,66.30832,13.432233,8,Helgeland til Bodø,0
26,2026,32457,Dalsvåg Nv,medikamentell,badebehandling,Annet virkestoff,,,,hele lokaliteten,1149,KARMØY,11,Rogaland,59.410816,5.21725,3,Karmøy til Sotra,0
26,2026,11076,Digermulen,medikamentell,fôrbehandling,Emamectin benzoat,,,,deler av lokaliteten,1836,RØDØY,18,Nordland,66.675735,13.317517,8,Helgeland til Bodø,0
26,2026,11076,Digermulen,medikamentell,fôrbehandling,Emamectin benzoat,,,,deler av lokaliteten,1836,RØDØY,18,Nordland,66.675735,13.317517,8,Helgeland til Bodø,0
26,2026,35497,Drøno,ikke-medikamentell,termisk behandling,,,,,deler av lokaliteten,4625,AUSTEVOLL,46,Vestland,60.08077,5.192033,3,Karmøy til Sotra,3
26,2026,32197,Dryna,ikke-medikamentell,mekanisk behandling,,,,,deler av lokaliteten,1506,MOLDE,15,Møre og Romsdal,62.64467,6.557633,5,Stadt til Hustadvika,7
26,2026,11381,Dypingen,ikke-medikamentell,mekanisk behandling,,,,,deler av lokaliteten,5503,HARSTAD,55,Troms,68.962364,16.5382,10,Andøya til Senja,3
26,2026,12109,Ebne,ikke-medikamentell,mekanisk behandling,,,,,deler av lokaliteten,4611,ETNE,46,Vestland,59.71443,5.8238,3,Karmøy til Sotra,2
26,2026,14041,Edøya,ikke-medikamentell,mekanisk behandling,,,,,deler av lokaliteten,5056,HITRA,50,Trøndelag,63.65835,8.694417,6,Nordmøre og Sør-Trøndelag,2
26,2026,24575,Farmannsøya,ikke-medikamentell,mekanisk behandling,,,,,deler av lokaliteten,5058,ÅFJORD,50,Trøndelag,64.18452,10.1222,6,Nordmøre og Sør-Trøndelag,2
26,2026,11833,Flåtegrunnen,ikke-medikamentell,termisk behandling,,,,,deler av lokaliteten,4602,KINN,46,Vestland,61.57565,4.80805,4,Nordhordaland til Stadt,3
26,2026,36138,Flatøyfjorden,ikke-medikamentell,termisk behandling,,,,,deler av lokaliteten,5058,ÅFJORD,50,Trøndelag,64.27302,10.246233,6,Nordmøre og Sør-Trøndelag,4
26,2026,19115,Fugløya,ikke-medikamentell,ferskvannsbehandling,,,,,deler av lokaliteten,5056,HITRA,50,Trøndelag,63.475918,9.109833,6,Nordmøre og Sør-Trøndelag,1
26,2026,19115,Fugløya,ikke-medikamentell,mekanisk behandling,,,,,deler av lokaliteten,5056,HITRA,50,Trøndelag,63.475918,9.109833,6,Nordmøre og Sør-Trøndelag,1
26,2026,19115,Fugløya,ikke-medikamentell,ferskvannsbehandling,,,,,deler av lokaliteten,5056,HITRA,50,Trøndelag,63.475918,9.109833,6,Nordmøre og Sør-Trøndelag,1
26,2026,19115,Fugløya,ikke-medikamentell,mekanisk behandling,,,,,deler av lokaliteten,5056,HITRA,50,Trøndelag,63.475918,9.109833,6,Nordmøre og Sør-Trøndelag,1
26,2026,19115,Fugløya,ikke-medikamentell,ferskvannsbehandling,,,,,deler av lokaliteten,5056,HITRA,50,Trøndelag,63.475918,9.109833,6,Nordmøre og Sør-Trøndelag,1
26,2026,19115,Fugløya,ikke-medikamentell,mekanisk behandling,,,,,deler av lokaliteten,5056,HITRA,50,Trøndelag,63.475918,9.109833,6,Nordmøre og Sør-Trøndelag,1
26,2026,19115,Fugløya,ikke-medikamentell,ferskvannsbehandling,,,,,deler av lokaliteten,5056,HITRA,50,Trøndelag,63.475918,9.109833,6,Nordmøre og Sør-Trøndelag,1
26,2026,19115,Fugløya,ikke-medikamentell,mekanisk behandling,,,,,deler av lokaliteten,5056,HITRA,50,Trøndelag,63.475918,9.109833,6,Nordmøre og Sør-Trøndelag,1
26,2026,40297,Gnarnesvika,medikamentell,fôrbehandling,Emamectin benzoat,,,,deler av lokaliteten,4602,KINN,46,Vestland,61.506382,5.05,4,Nordhordaland til Stadt,0
26,2026,40297,Gnarnesvika,medikamentell,fôrbehandling,Emamectin benzoat,,,,deler av lokaliteten,4602,KINN,46,Vestland,61.506382,5.05,4,Nordhordaland til Stadt,0
26,2026,11907,Gråtnes,ikke-medikamentell,annen behandling,,,,,hele lokaliteten,1108,SANDNES,11,Rogaland,58.87195,6.123217,2,Ryfylke,0
26,2026,10318,Gulestø,ikke-medikamentell,mekanisk behandling,,,,,deler av lokaliteten,4648,BREMANGER,46,Vestland,61.75802,5.069883,4,Nordhordaland til Stadt,5
26,2026,24735,Gulholmen,ikke-medikamentell,ferskvannsbehandling,,,,,hele lokaliteten,4624,BJØRNAFJORDEN,46,Vestland,60.126682,5.399417,3,Karmøy til Sotra,0
26,2026,12789,Gunnarøya,ikke-medikamentell,mekanisk behandling,,,,,deler av lokaliteten,5059,ORKLAND,50,Trøndelag,63.569485,9.467983,6,Nordmøre og Sør-Trøndelag,2
26,2026,32317,Guriøyna,ikke-medikamentell,termisk behandling,,,,,deler av lokaliteten,4645,ASKVOLL,46,Vestland,61.297768,4.660867,4,Nordhordaland til Stadt,1
26,2026,12895,Halsbukta,ikke-medikamentell,ferskvannsbehandling,,,,,deler av lokaliteten,1560,TINGVOLL,15,Møre og Romsdal,63.077866,8.143283,6,Nordmøre og Sør-Trøndelag,1
26,2026,12895,Halsbukta,ikke-medikamentell,mekanisk behandling,,,,,deler av lokaliteten,1560,TINGVOLL,15,Møre og Romsdal,63.077866,8.143283,6,Nordmøre og Sør-Trøndelag,1
26,2026,12895,Halsbukta,ikke-medikamentell,ferskvannsbehandling,,,,,deler av lokaliteten,1560,TINGVOLL,15,Møre og Romsdal,63.077866,8.143283,6,Nordmøre og Sør-Trøndelag,1
26,2026,12895,Halsbukta,ikke-medikamentell,mekanisk behandling,,,,,deler av lokaliteten,1560,TINGVOLL,15,Møre og Romsdal,63.077866,8.143283,6,Nordmøre og Sør-Trøndelag,1
26,2026,39217,Hårkallbåen,medikamentell,fôrbehandling,Emamectin benzoat,,,,hele lokaliteten,1573,SMØLA,15,Møre og Romsdal,63.421917,8.207483,6,Nordmøre og Sør-Trøndelag,0
26,2026,30257,Hausan,ikke-medikamentell,ferskvannsbehandling,,,,,deler av lokaliteten,5055,HEIM,50,Trøndelag,63.458317,8.955683,6,Nordmøre og Sør-Trøndelag,1
26,2026,30257,Hausan,ikke-medikamentell,mekanisk behandling,,,,,deler av lokaliteten,5055,HEIM,50,Trøndelag,63.458317,8.955683,6,Nordmøre og Sør-Trøndelag,1
26,2026,10425,Heggvika,ikke-medikamentell,mekanisk behandling,,,,,deler av lokaliteten,1811,BINDAL,18,Nordland,65.12658,12.071983,7,Nord-Trøndelag med Bindal,3
26,2026,12590,Helligholmen,ikke-medikamentell,mekanisk behandling,,,,,deler av lokaliteten,5060,NÆRØYSUND,50,Trøndelag,64.83839,10.665517,7,Nord-Trøndelag med Bindal,6
26,2026,45080,Hestvik,ikke-medikamentell,termisk behandling,,,,,deler av lokaliteten,1836,RØDØY,18,Nordland,66.581764,13.206917,8,Helgeland til Bodø,6
26,2026,10410,Hindholmen,ikke-medikamentell,mekanisk behandling,,,,,hele lokaliteten,5060,NÆRØYSUND,50,Trøndelag,64.77393,11.44087,7,Nord-Trøndelag med Bindal,0
26,2026,10808,Hjellberget,ikke-medikamentell,mekanisk behandling,,,,,deler av lokaliteten,5546,KVÆNANGEN,55,Troms,69.91225,21.598766,11,Kvaløya til Loppa,8
26,2026,33957,Hofsøya,ikke-medikamentell,ferskvannsbehandling,,,,,deler av lokaliteten,5014,FRØYA,50,Trøndelag,63.7224,8.9145,6,Nordmøre og Sør-Trøndelag,1
26,2026,33957,Hofsøya,ikke-medikamentell,mekanisk behandling,,,,,deler av lokaliteten,5014,FRØYA,50,Trøndelag,63.7224,8.9145,6,Nordmøre og Sør-Trøndelag,3
26,2026,33957,Hofsøya,ikke-medikamentell,ferskvannsbehandling,,,,,deler av lokaliteten,5014,FRØYA,50,Trøndelag,63.7224,8.9145,6,Nordmøre og Sør-Trøndelag,1
26,2026,33957,Hofsøya,ikke-medikamentell,mekanisk behandling,,,,,deler av lokaliteten,5014,FRØYA,50,Trøndelag,63.7224,8.9145,6,Nordmøre og Sør-Trøndelag,1
26,2026,33957,Hofsøya,ikke-medikamentell,ferskvannsbehandling,,,,,deler av lokaliteten,5014,FRØYA,50,Trøndelag,63.7224,8.9145,6,Nordmøre og Sør-Trøndelag,1
26,2026,33957,Hofsøya,ikke-medikamentell,mekanisk behandling,,,,,deler av lokaliteten,5014,FRØYA,50,Trøndelag,63.7224,8.9145,6,Nordmøre og Sør-Trøndelag,1
26,2026,33957,Hofsøya,ikke-medikamentell,ferskvannsbehandling,,,,,deler av lokaliteten,5014,FRØYA,50,Trøndelag,63.7224,8.9145,6,Nordmøre og Sør-Trøndelag,1
26,2026,33957,Hofsøya,ikke-medikamentell,mekanisk behandling,,,,,deler av lokaliteten,5014,FRØYA,50,Trøndelag,63.7224,8.9145,6,Nordmøre og Sør-Trøndelag,1
26,2026,38997,Ilsøya 2,ikke-medikamentell,ferskvannsbehandling,,,,,deler av lokaliteten,5014,FRØYA,50,Trøndelag,63.66275,8.447833,6,Nordmøre og Sør-Trøndelag,1
26,2026,38997,Ilsøya 2,ikke-medikamentell,mekanisk behandling,,,,,deler av lokaliteten,5014,FRØYA,50,Trøndelag,63.66275,8.447833,6,Nordmøre og Sør-Trøndelag,1
26,2026,38997,Ilsøya 2,ikke-medikamentell,ferskvannsbehandling,,,,,deler av lokaliteten,5014,FRØYA,50,Trøndelag,63.66275,8.447833,6,Nordmøre og Sør-Trøndelag,1
26,2026,38997,Ilsøya 2,ikke-medikamentell,mekanisk behandling,,,,,deler av lokaliteten,5014,FRØYA,50,Trøndelag,63.66275,8.447833,6,Nordmøre og Sør-Trøndelag,1
26,2026,38997,Ilsøya 2,ikke-medikamentell,ferskvannsbehandling,,,,,deler av lokaliteten,5014,FRØYA,50,Trøndelag,63.66275,8.447833,6,Nordmøre og Sør-Trøndelag,1
26,2026,38997,Ilsøya 2,ikke-medikamentell,mekanisk behandling,,,,,deler av lokaliteten,5014,FRØYA,50,Trøndelag,63.66275,8.447833,6,Nordmøre og Sør-Trøndelag,1
26,2026,29756,Indre Bringenes,ikke-medikamentell,mekanisk behandling,,,,,deler av lokaliteten,5530,SENJA,55,Troms,69.48227,17.57155,10,Andøya til Senja,3
26,2026,12599,Indre Skjervøy,ikke-medikamentell,termisk behandling,,,,,deler av lokaliteten,5020,OSEN,50,Trøndelag,64.2858,10.30905,6,Nordmøre og Sør-Trøndelag,2
26,2026,36817,Kariskjæret,ikke-medikamentell,mekanisk behandling,,,,,deler av lokaliteten,1804,BODØ,18,Nordland,67.38288,14.380617,9,Vestfjorden og Vesterålen,3
26,2026,31757,Kasteberget,ikke-medikamentell,termisk behandling,,,,,deler av lokaliteten,5514,IBESTAD,55,Troms,68.79125,16.914017,10,Andøya til Senja,3
26,2026,24455,Klavelandet,ikke-medikamentell,ferskvannsbehandling,,,,,hele lokaliteten,4602,KINN,46,Vestland,61.60395,5.186533,4,Nordhordaland til Stadt,
26,2026,24455,Klavelandet,ikke-medikamentell,termisk behandling,,,,,hele lokaliteten,4602,KINN,46,Vestland,61.60395,5.186533,4,Nordhordaland til Stadt,
26,2026,10113,Kobbavika,ikke-medikamentell,mekanisk behandling,,,,,deler av lokaliteten,1103,STAVANGER,11,Rogaland,59.12232,5.934433,2,Ryfylke,1
26,2026,18217,Kvaløy Ø,ikke-medikamentell,ferskvannsbehandling,,,,,deler av lokaliteten,1149,KARMØY,11,Rogaland,59.397385,5.174033,3,Karmøy til Sotra,3
26,2026,18217,Kvaløy Ø,ikke-medikamentell,termisk behandling,,,,,deler av lokaliteten,1149,KARMØY,11,Rogaland,59.397385,5.174033,3,Karmøy til Sotra,3
26,2026,35777,Kvitskjæret,medikamentell,fôrbehandling,Emamectin benzoat,,,,deler av lokaliteten,1818,HERØY I NORDLAND,18,Nordland,66.1008,12.157333,8,Helgeland til Bodø,2
26,2026,35777,Kvitskjæret,medikamentell,fôrbehandling,Emamectin benzoat,,,,deler av lokaliteten,1818,HERØY I NORDLAND,18,Nordland,66.1008,12.157333,8,Helgeland til Bodø,1
26,2026,13234,Kysnes,ikke-medikamentell,ferskvannsbehandling,,,,,hele lokaliteten,4618,ULLENSVANG,46,Vestland,60.19967,6.0964,3,Karmøy til Sotra,0
26,2026,13234,Kysnes,ikke-medikamentell,termisk behandling,,,,,hele lokaliteten,4618,ULLENSVANG,46,Vestland,60.19967,6.0964,3,Karmøy til Sotra,0
26,2026,10989,Labukta V,ikke-medikamentell,mekanisk behandling,,,,,hele lokaliteten,1818,HERØY I NORDLAND,18,Nordland,66.01325,12.350567,8,Helgeland til Bodø,0
26,2026,12993,Lamøya,ikke-medikamentell,ferskvannsbehandling,,,,,deler av lokaliteten,5014,FRØYA,50,Trøndelag,63.73305,8.854983,6,Nordmøre og Sør-Trøndelag,3
26,2026,12993,Lamøya,ikke-medikamentell,mekanisk behandling,,,,,deler av lokaliteten,5014,FRØYA,50,Trøndelag,63.73305,8.854983,6,Nordmøre og Sør-Trøndelag,3
26,2026,11116,Langholmen,medikamentell,fôrbehandling,Emamectin benzoat,,,,deler av lokaliteten,1838,GILDESKÅL,18,Nordland,67.05783,14.025333,8,Helgeland til Bodø,4
26,2026,11116,Langholmen,medikamentell,fôrbehandling,Emamectin benzoat,,,,deler av lokaliteten,1838,GILDESKÅL,18,Nordland,67.05783,14.025333,8,Helgeland til Bodø,23
26,2026,28036,Langskjæran,ikke-medikamentell,mekanisk behandling,,,,,deler av lokaliteten,1838,GILDESKÅL,18,Nordland,67.118385,13.898417,8,Helgeland til Bodø,2
26,2026,45236,Langtaren,ikke-medikamentell,mekanisk behandling,,,,,deler av lokaliteten,5014,FRØYA,50,Trøndelag,63.75285,8.9278,6,Nordmøre og Sør-Trøndelag,2
26,2026,45124,Laukelandsøyna,ikke-medikamentell,termisk behandling,,,,,hele lokaliteten,4645,ASKVOLL,46,Vestland,61.317833,4.915,4,Nordhordaland til Stadt,0
26,2026,45233,Leikvika,ikke-medikamentell,termisk behandling,,,,,deler av lokaliteten,5530,SENJA,55,Troms,69.21467,16.899767,10,Andøya til Senja,4
26,2026,40137,Lønngrunnen,medikamentell,fôrbehandling,Emamectin benzoat,,,,deler av lokaliteten,5057,ØRLAND,50,Trøndelag,63.937534,9.779517,6,Nordmøre og Sør-Trøndelag,0
26,2026,13549,Løypingneset,ikke-medikamentell,termisk behandling,,,,,deler av lokaliteten,4648,BREMANGER,46,Vestland,61.821335,5.250533,4,Nordhordaland til Stadt,4
26,2026,12134,Maradalen,ikke-medikamentell,mekanisk behandling,,,,,hele lokaliteten,4617,KVINNHERAD,46,Vestland,59.762115,5.687317,3,Karmøy til Sotra,
26,2026,21915,Matløyso,ikke-medikamentell,termisk behandling,,,,,deler av lokaliteten,4615,FITJAR,46,Vestland,59.952084,5.284933,3,Karmøy til Sotra,1
26,2026,34057,Mohamn,ikke-medikamentell,annen behandling,,,,,deler av lokaliteten,5528,DYRØY,55,Troms,69.12883,17.79755,10,Andøya til Senja,6
26,2026,27215,Myrane,ikke-medikamentell,mekanisk behandling,,,,,deler av lokaliteten,1535,VESTNES,15,Møre og Romsdal,62.6505,6.726683,5,Stadt til Hustadvika,2
26,2026,34477,Nausttaren,ikke-medikamentell,mekanisk behandling,,,,,deler av lokaliteten,5020,OSEN,50,Trøndelag,64.389565,10.512533,6,Nordmøre og Sør-Trøndelag,3
26,2026,24937,Nebbo,medikamentell,fôrbehandling,Emamectin benzoat,,,,deler av lokaliteten,4617,KVINNHERAD,46,Vestland,59.87075,5.725017,3,Karmøy til Sotra,0
26,2026,11041,Nord Gåsvær,medikamentell,fôrbehandling,Emamectin benzoat,,,,deler av lokaliteten,1818,HERØY I NORDLAND,18,Nordland,66.07035,12.065617,8,Helgeland til Bodø,0
26,2026,11129,Nordfugløy,ikke-medikamentell,mekanisk behandling,,,,,deler av lokaliteten,1838,GILDESKÅL,18,Nordland,67.083916,13.85685,8,Helgeland til Bodø,1
26,2026,28676,Olvika,ikke-medikamentell,ferskvannsbehandling,,,,,deler av lokaliteten,1834,LURØY,18,Nordland,66.4367,13.126033,8,Helgeland til Bodø,6
26,2026,28676,Olvika,ikke-medikamentell,termisk behandling,,,,,deler av lokaliteten,1834,LURØY,18,Nordland,66.4367,13.126033,8,Helgeland til Bodø,6
26,2026,13345,Oterstegdalen,ikke-medikamentell,termisk behandling,,,,,hele lokaliteten,4624,BJØRNAFJORDEN,46,Vestland,60.23545,5.638267,3,Karmøy til Sotra,0
26,2026,10806,Rakkenes,ikke-medikamentell,mekanisk behandling,,,,,deler av lokaliteten,5546,KVÆNANGEN,55,Troms,69.88507,21.729982,11,Kvaløya til Loppa,4
26,2026,12784,Ringholmen,ikke-medikamentell,mekanisk behandling,,,,,deler av lokaliteten,5056,HITRA,50,Trøndelag,63.55995,9.409567,6,Nordmøre og Sør-Trøndelag,3
26,2026,29276,Rongøy,ikke-medikamentell,ferskvannsbehandling,,,,,deler av lokaliteten,4626,ØYGARDEN,46,Vestland,60.509335,4.9317,4,Nordhordaland til Stadt,1
26,2026,29276,Rongøy,ikke-medikamentell,termisk behandling,,,,,deler av lokaliteten,4626,ØYGARDEN,46,Vestland,60.509335,4.9317,4,Nordhordaland til Stadt,1
26,2026,37197,Ruggstein,ikke-medikamentell,mekanisk behandling,,,,,deler av lokaliteten,5014,FRØYA,50,Trøndelag,63.770084,8.476033,6,Nordmøre og Sør-Trøndelag,2
26,2026,12794,Rundklumpen,ikke-medikamentell,termisk behandling,,,,,deler av lokaliteten,5057,ØRLAND,50,Trøndelag,63.801315,9.607583,6,Nordmøre og Sør-Trøndelag,3
26,2026,13243,Sandvika,ikke-medikamentell,mekanisk behandling,,,,,deler av lokaliteten,1577,VOLDA,15,Møre og Romsdal,62.195667,5.904417,5,Stadt til Hustadvika,3
26,2026,37857,Seiskjæret,medikamentell,fôrbehandling,Annet virkestoff,,,,hele lokaliteten,1818,HERØY I NORDLAND,18,Nordland,65.93428,12.071567,8,Helgeland til Bodø,0
26,2026,12244,Setevika,ikke-medikamentell,mekanisk behandling,,,,,deler av lokaliteten,1506,MOLDE,15,Møre og Romsdal,62.728065,6.939283,5,Stadt til Hustadvika,2
26,2026,24115,Singsholmen,ikke-medikamentell,mekanisk behandling,,,,,deler av lokaliteten,5056,HITRA,50,Trøndelag,63.419617,8.4127,6,Nordmøre og Sør-Trøndelag,7
26,2026,39657,Skipperdalsneset,ikke-medikamentell,ferskvannsbehandling,,,,,deler av lokaliteten,4648,BREMANGER,46,Vestland,61.80602,5.0683,4,Nordhordaland til Stadt,3
26,2026,39657,Skipperdalsneset,ikke-medikamentell,termisk behandling,,,,,deler av lokaliteten,4648,BREMANGER,46,Vestland,61.80602,5.0683,4,Nordhordaland til Stadt,3
26,2026,28296,Skommesvik,medikamentell,fôrbehandling,Emamectin benzoat,,,,hele lokaliteten,5510,KVÆFJORD,55,Troms,68.71633,16.037283,10,Andøya til Senja,0
26,2026,12108,Skorpo Nv,ikke-medikamentell,ferskvannsbehandling,,,,,deler av lokaliteten,4617,KVINNHERAD,46,Vestland,59.95323,5.827133,3,Karmøy til Sotra,1
26,2026,12108,Skorpo Nv,ikke-medikamentell,termisk behandling,,,,,deler av lokaliteten,4617,KVINNHERAD,46,Vestland,59.95323,5.827133,3,Karmøy til Sotra,1
26,2026,29356,Smineset N,ikke-medikamentell,mekanisk behandling,,,,,deler av lokaliteten,5007,NAMSOS,50,Trøndelag,64.75597,11.54245,7,Nord-Trøndelag med Bindal,5
26,2026,11605,Soløy Ø,ikke-medikamentell,termisk behandling,,,,,hele lokaliteten,4615,FITJAR,46,Vestland,59.90715,5.159333,3,Karmøy til Sotra,0
26,2026,11605,Soløy Ø,ikke-medikamentell,ferskvannsbehandling,,,,,hele lokaliteten,4615,FITJAR,46,Vestland,59.90715,5.159333,3,Karmøy til Sotra,0
26,2026,28896,Stangholmen,ikke-medikamentell,mekanisk behandling,,,,,deler av lokaliteten,1836,RØDØY,18,Nordland,66.61802,12.954667,8,Helgeland til Bodø,9
26,2026,11492,Storevikholmen,ikke-medikamentell,mekanisk behandling,,,,,deler av lokaliteten,4615,FITJAR,46,Vestland,59.83808,5.30565,3,Karmøy til Sotra,5
26,2026,20776,Storoksen,ikke-medikamentell,ferskvannsbehandling,,,,,deler av lokaliteten,4627,ASKØY,46,Vestland,60.530884,4.97325,4,Nordhordaland til Stadt,1
26,2026,20776,Storoksen,ikke-medikamentell,termisk behandling,,,,,deler av lokaliteten,4627,ASKØY,46,Vestland,60.530884,4.97325,4,Nordhordaland til Stadt,1
26,2026,13125,Storvika,ikke-medikamentell,termisk behandling,,,,,deler av lokaliteten,1837,MELØY,18,Nordland,66.80845,13.24255,8,Helgeland til Bodø,4
26,2026,23055,Storvika V,ikke-medikamentell,mekanisk behandling,,,,,deler av lokaliteten,5528,DYRØY,55,Troms,69.043915,17.357317,10,Andøya til Senja,3
26,2026,26235,Stualand,ikke-medikamentell,termisk behandling,,,,,deler av lokaliteten,4612,SVEIO,46,Vestland,59.6088,5.5269,3,Karmøy til Sotra,1
26,2026,29376,Sundsøy,medikamentell,fôrbehandling,Emamectin benzoat,,,,deler av lokaliteten,1827,DØNNA,18,Nordland,66.17637,12.770283,8,Helgeland til Bodø,0
26,2026,12074,Svåsandneset,ikke-medikamentell,mekanisk behandling,,,,,deler av lokaliteten,4618,ULLENSVANG,46,Vestland,60.32422,6.318983,3,Karmøy til Sotra,3
26,2026,11144,Svinvær,ikke-medikamentell,termisk behandling,,,,,deler av lokaliteten,1836,RØDØY,18,Nordland,66.769485,13.171383,8,Helgeland til Bodø,3
26,2026,13057,Teigland I,ikke-medikamentell,termisk behandling,,,,,deler av lokaliteten,4622,KVAM,46,Vestland,60.17935,5.959917,3,Karmøy til Sotra,5
26,2026,12449,Tennøya,ikke-medikamentell,mekanisk behandling,,,,,hele lokaliteten,5014,FRØYA,50,Trøndelag,63.805035,8.4444,6,Nordmøre og Sør-Trøndelag,0
26,2026,12662,Ternskjæret II,ikke-medikamentell,mekanisk behandling,,,,,deler av lokaliteten,5007,NAMSOS,50,Trøndelag,64.77713,11.639767,7,Nord-Trøndelag med Bindal,2
26,2026,10029,Tuholmane Ø,ikke-medikamentell,ferskvannsbehandling,,,,,hele lokaliteten,1149,KARMØY,11,Rogaland,59.371235,5.216333,3,Karmøy til Sotra,0
26,2026,10029,Tuholmane Ø,ikke-medikamentell,termisk behandling,,,,,hele lokaliteten,1149,KARMØY,11,Rogaland,59.371235,5.216333,3,Karmøy til Sotra,0
26,2026,14081,Tveit,ikke-medikamentell,mekanisk behandling,,,,,deler av lokaliteten,4637,HYLLESTAD,46,Vestland,61.110085,5.340483,4,Nordhordaland til Stadt,6
26,2026,24197,Værøya Ø,ikke-medikamentell,mekanisk behandling,,,,,deler av lokaliteten,5056,HITRA,50,Trøndelag,63.415966,8.483883,6,Nordmøre og Sør-Trøndelag,4
26,2026,18117,Vassvika,ikke-medikamentell,mekanisk behandling,,,,,deler av lokaliteten,5614,LOPPA,56,Finnmark,70.27378,21.685083,12,Vest-Finnmark,1
26,2026,18117,Vassvika,ikke-medikamentell,annen behandling,,,,,deler av lokaliteten,5614,LOPPA,56,Finnmark,70.27378,21.685083,12,Vest-Finnmark,7
26,2026,36717,Vindhammarneset,ikke-medikamentell,mekanisk behandling,,,,,deler av lokaliteten,5530,SENJA,55,Troms,69.468414,17.606182,10,Andøya til Senja,1
25,2026,24695,Årnes,ikke-medikamentell,mekanisk behandling,,,,,deler av lokaliteten,5007,NAMSOS,50,Trøndelag,64.59637,11.272917,7,Nord-Trøndelag med Bindal,5
25,2026,12357,Aursøysva,ikke-medikamentell,mekanisk behandling,,,,,deler av lokaliteten,5014,FRØYA,50,Trøndelag,63.801968,8.910767,6,Nordmøre og Sør-Trøndelag,2
25,2026,31738,Bjørga,ikke-medikamentell,mekanisk behandling,,,,,deler av lokaliteten,5526,SØRREISA,55,Troms,69.153984,17.948418,10,Andøya til Senja,6
25,2026,13209,Bognøy,ikke-medikamentell,termisk behandling,,,,,deler av lokaliteten,4631,ALVER,46,Vestland,60.604416,5.075833,4,Nordhordaland til Stadt,3
25,2026,34897,Brandsfjorden,ikke-medikamentell,mekanisk behandling,,,,,deler av lokaliteten,5058,ÅFJORD,50,Trøndelag,64.22307,10.279933,6,Nordmøre og Sør-Trøndelag,3
25,2026,28336,Breivika,medikamentell,fôrbehandling,Emamectin benzoat,,,,hele lokaliteten,1827,DØNNA,18,Nordland,66.1609,12.68205,8,Helgeland til Bodø,0
25,2026,32897,Breivika S,medikamentell,fôrbehandling,Emamectin benzoat,,,,hele lokaliteten,1827,DØNNA,18,Nordland,66.15802,12.682067,8,Helgeland til Bodø,0
25,2026,10223,Bremnessvaet,medikamentell,fôrbehandling,Emamectin benzoat,,,,deler av lokaliteten,1573,SMØLA,15,Møre og Romsdal,63.398018,8.213567,6,Nordmøre og Sør-Trøndelag,0
25,2026,34197,Brennholmen,ikke-medikamentell,mekanisk behandling,,,,,deler av lokaliteten,1818,HERØY I NORDLAND,18,Nordland,65.978714,12.16355,8,Helgeland til Bodø,2
25,2026,27976,Bukkholmen,ikke-medikamentell,mekanisk behandling,,,,,deler av lokaliteten,1820,ALSTAHAUG,18,Nordland,65.91832,12.244583,8,Helgeland til Bodø,1
25,2026,22035,Buktodden Nø,medikamentell,fôrbehandling,Emamectin benzoat,,,,hele lokaliteten,1833,RANA,18,Nordland,66.30832,13.432233,8,Helgeland til Bodø,0
25,2026,32457,Dalsvåg Nv,medikamentell,badebehandling,Annet virkestoff,,,,hele lokaliteten,1149,KARMØY,11,Rogaland,59.410816,5.21725,3,Karmøy til Sotra,0
25,2026,20455,Djupevika,ikke-medikamentell,termisk behandling,,,,,deler av lokaliteten,4617,KVINNHERAD,46,Vestland,60.04095,6.009367,3,Karmøy til Sotra,3
25,2026,34018,Dolma N,ikke-medikamentell,mekanisk behandling,,,,,deler av lokaliteten,5060,NÆRØYSUND,50,Trøndelag,65.02533,11.676017,7,Nord-Trøndelag med Bindal,5
25,2026,36917,Drevflesa,ikke-medikamentell,mekanisk behandling,,,,,deler av lokaliteten,5058,ÅFJORD,50,Trøndelag,64.21087,10.115417,6,Nordmøre og Sør-Trøndelag,5
25,2026,35497,Drøno,ikke-medikamentell,termisk behandling,,,,,deler av lokaliteten,4625,AUSTEVOLL,46,Vestland,60.08077,5.192033,3,Karmøy til Sotra,1
25,2026,12109,Ebne,ikke-medikamentell,mekanisk behandling,,,,,deler av lokaliteten,4611,ETNE,46,Vestland,59.71443,5.8238,3,Karmøy til Sotra,2
25,2026,10045,Eidholmen,ikke-medikamentell,ferskvannsbehandling,,,,,hele lokaliteten,4625,AUSTEVOLL,46,Vestland,60.08808,5.120633,3,Karmøy til Sotra,
25,2026,10045,Eidholmen,ikke-medikamentell,termisk behandling,,,,,hele lokaliteten,4625,AUSTEVOLL,46,Vestland,60.08808,5.120633,3,Karmøy til Sotra,
25,2026,11833,Flåtegrunnen,ikke-medikamentell,termisk behandling,,,,,deler av lokaliteten,4602,KINN,46,Vestland,61.57565,4.80805,4,Nordhordaland til Stadt,5
25,2026,29296,Fleina,ikke-medikamentell,mekanisk behandling,,,,,deler av lokaliteten,1838,GILDESKÅL,18,Nordland,67.0951,13.875217,8,Helgeland til Bodø,1
25,2026,33697,Forrahammaren,ikke-medikamentell,mekanisk behandling,,,,,hele lokaliteten,5055,HEIM,50,Trøndelag,63.350433,9.23325,6,Nordmøre og Sør-Trøndelag,0
25,2026,24315,Gjæsingen,ikke-medikamentell,mekanisk behandling,,,,,deler av lokaliteten,5058,ÅFJORD,50,Trøndelag,64.117615,9.981417,6,Nordmøre og Sør-Trøndelag,5
25,2026,13852,Gjermundnes,medikamentell,fôrbehandling,Emamectin benzoat,,,,deler av lokaliteten,1535,VESTNES,15,Møre og Romsdal,62.6275,7.192817,5,Stadt til Hustadvika,1
25,2026,12789,Gunnarøya,ikke-medikamentell,mekanisk behandling,,,,,deler av lokaliteten,5059,ORKLAND,50,Trøndelag,63.569485,9.467983,6,Nordmøre og Sør-Trøndelag,1
25,2026,19995,Hagahammaren,ikke-medikamentell,mekanisk behandling,,,,,deler av lokaliteten,1576,AURE,15,Møre og Romsdal,63.137917,8.0306,6,Nordmøre og Sør-Trøndelag,1
25,2026,19995,Hagahammaren,ikke-medikamentell,ferskvannsbehandling,,,,,deler av lokaliteten,1576,AURE,15,Møre og Romsdal,63.137917,8.0306,6,Nordmøre og Sør-Trøndelag,1
25,2026,19995,Hagahammaren,ikke-medikamentell,mekanisk behandling,,,,,deler av lokaliteten,1576,AURE,15,Møre og Romsdal,63.137917,8.0306,6,Nordmøre og Sør-Trøndelag,1
25,2026,19995,Hagahammaren,ikke-medikamentell,ferskvannsbehandling,,,,,deler av lokaliteten,1576,AURE,15,Møre og Romsdal,63.137917,8.0306,6,Nordmøre og Sør-Trøndelag,1
25,2026,19995,Hagahammaren,ikke-medikamentell,mekanisk behandling,,,,,deler av lokaliteten,1576,AURE,15,Møre og Romsdal,63.137917,8.0306,6,Nordmøre og Sør-Trøndelag,1
25,2026,19995,Hagahammaren,ikke-medikamentell,ferskvannsbehandling,,,,,deler av lokaliteten,1576,AURE,15,Møre og Romsdal,63.137917,8.0306,6,Nordmøre og Sør-Trøndelag,1
25,2026,19995,Hagahammaren,ikke-medikamentell,mekanisk behandling,,,,,deler av lokaliteten,1576,AURE,15,Møre og Romsdal,63.137917,8.0306,6,Nordmøre og Sør-Trøndelag,1
25,2026,12895,Halsbukta,ikke-medikamentell,ferskvannsbehandling,,,,,deler av lokaliteten,1560,TINGVOLL,15,Møre og Romsdal,63.077866,8.143283,6,Nordmøre og Sør-Trøndelag,1
25,2026,12895,Halsbukta,ikke-medikamentell,mekanisk behandling,,,,,deler av lokaliteten,1560,TINGVOLL,15,Møre og Romsdal,63.077866,8.143283,6,Nordmøre og Sør-Trøndelag,1
25,2026,12895,Halsbukta,ikke-medikamentell,ferskvannsbehandling,,,,,deler av lokaliteten,1560,TINGVOLL,15,Møre og Romsdal,63.077866,8.143283,6,Nordmøre og Sør-Trøndelag,1
25,2026,12895,Halsbukta,ikke-medikamentell,mekanisk behandling,,,,,deler av lokaliteten,1560,TINGVOLL,15,Møre og Romsdal,63.077866,8.143283,6,Nordmøre og Sør-Trøndelag,1
25,2026,12895,Halsbukta,ikke-medikamentell,ferskvannsbehandling,,,,,deler av lokaliteten,1560,TINGVOLL,15,Møre og Romsdal,63.077866,8.143283,6,Nordmøre og Sør-Trøndelag,1
25,2026,12895,Halsbukta,ikke-medikamentell,mekanisk behandling,,,,,deler av lokaliteten,1560,TINGVOLL,15,Møre og Romsdal,63.077866,8.143283,6,Nordmøre og Sør-Trøndelag,1
25,2026,39217,Hårkallbåen,medikamentell,fôrbehandling,Emamectin benzoat,,,,hele lokaliteten,1573,SMØLA,15,Møre og Romsdal,63.421917,8.207483,6,Nordmøre og Sør-Trøndelag,0
25,2026,12590,Helligholmen,ikke-medikamentell,mekanisk behandling,,,,,deler av lokaliteten,5060,NÆRØYSUND,50,Trøndelag,64.83839,10.665517,7,Nord-Trøndelag med Bindal,1
25,2026,13643,Hjartholm,ikke-medikamentell,mekanisk behandling,,,,,deler av lokaliteten,4635,GULEN,46,Vestland,61.03512,5.33105,4,Nordhordaland til Stadt,3
25,2026,11571,Holevik,ikke-medikamentell,mekanisk behandling,,,,,hele lokaliteten,4613,BØMLO,46,Vestland,59.776566,5.32265,3,Karmøy til Sotra,0
25,2026,27095,Ihlholmen,ikke-medikamentell,mekanisk behandling,,,,,deler av lokaliteten,1160,VINDAFJORD,11,Rogaland,59.7215,5.586633,3,Karmøy til Sotra,1
25,2026,38997,Ilsøya 2,ikke-medikamentell,ferskvannsbehandling,,,,,deler av lokaliteten,5014,FRØYA,50,Trøndelag,63.66275,8.447833,6,Nordmøre og Sør-Trøndelag,2
25,2026,12599,Indre Skjervøy,ikke-medikamentell,mekanisk behandling,,,,,deler av lokaliteten,5020,OSEN,50,Trøndelag,64.2858,10.30905,6,Nordmøre og Sør-Trøndelag,4
25,2026,29656,Juvika,ikke-medikamentell,ferskvannsbehandling,,,,,hele lokaliteten,4636,SOLUND,46,Vestland,61.1051,5.019933,4,Nordhordaland til Stadt,
25,2026,29656,Juvika,ikke-medikamentell,termisk behandling,,,,,hele lokaliteten,4636,SOLUND,46,Vestland,61.1051,5.019933,4,Nordhordaland til Stadt,
25,2026,28976,Kelvesteinen,ikke-medikamentell,mekanisk behandling,,,,,deler av lokaliteten,4626,ØYGARDEN,46,Vestland,60.403,5.0635,3,Karmøy til Sotra,2
25,2026,11201,Kolvikodden Ø,medikamentell,fôrbehandling,Emamectin benzoat,,,,hele lokaliteten,1860,VESTVÅGØY,18,Nordland,68.088165,13.68965,9,Vestfjorden og Vesterålen,
25,2026,45260,Korshamn,ikke-medikamentell,mekanisk behandling,,,,,deler av lokaliteten,5056,HITRA,50,Trøndelag,63.441116,8.595233,6,Nordmøre og Sør-Trøndelag,8
25,2026,10041,Kviksholmen,ikke-medikamentell,ferskvannsbehandling,,,,,hele lokaliteten,4625,AUSTEVOLL,46,Vestland,60.054317,5.090733,3,Karmøy til Sotra,
25,2026,10041,Kviksholmen,ikke-medikamentell,termisk behandling,,,,,hele lokaliteten,4625,AUSTEVOLL,46,Vestland,60.054317,5.090733,3,Karmøy til Sotra,
25,2026,35777,Kvitskjæret,medikamentell,fôrbehandling,Emamectin benzoat,,,,deler av lokaliteten,1818,HERØY I NORDLAND,18,Nordland,66.1008,12.157333,8,Helgeland til Bodø,2
25,2026,35777,Kvitskjæret,medikamentell,fôrbehandling,Emamectin benzoat,,,,deler av lokaliteten,1818,HERØY I NORDLAND,18,Nordland,66.1008,12.157333,8,Helgeland til Bodø,1
25,2026,11116,Langholmen,ikke-medikamentell,mekanisk behandling,,,,,deler av lokaliteten,1838,GILDESKÅL,18,Nordland,67.05783,14.025333,8,Helgeland til Bodø,20
25,2026,14435,Ljøsøy N,ikke-medikamentell,termisk behandling,,,,,hele lokaliteten,4626,ØYGARDEN,46,Vestland,60.565132,4.878417,4,Nordhordaland til Stadt,0
25,2026,28996,Loddetå,ikke-medikamentell,annen behandling,,,,,hele lokaliteten,4612,SVEIO,46,Vestland,59.691784,5.543717,3,Karmøy til Sotra,0
25,2026,40137,Lønngrunnen,medikamentell,fôrbehandling,Emamectin benzoat,,,,deler av lokaliteten,5057,ØRLAND,50,Trøndelag,63.937534,9.779517,6,Nordmøre og Sør-Trøndelag,0
25,2026,13549,Løypingneset,ikke-medikamentell,termisk behandling,,,,,deler av lokaliteten,4648,BREMANGER,46,Vestland,61.821335,5.250533,4,Nordhordaland til Stadt,1
25,2026,12978,Lyngholmen,ikke-medikamentell,annen behandling,,,,,deler av lokaliteten,4635,GULEN,46,Vestland,61.016933,5.007033,4,Nordhordaland til Stadt,4
25,2026,12134,Maradalen,ikke-medikamentell,mekanisk behandling,,,,,deler av lokaliteten,4617,KVINNHERAD,46,Vestland,59.762115,5.687317,3,Karmøy til Sotra,1
25,2026,21915,Matløyso,ikke-medikamentell,termisk behandling,,,,,deler av lokaliteten,4615,FITJAR,46,Vestland,59.952084,5.284933,3,Karmøy til Sotra,4
25,2026,28956,Meløysjøen,ikke-medikamentell,mekanisk behandling,,,,,deler av lokaliteten,1837,MELØY,18,Nordland,66.819984,13.461467,8,Helgeland til Bodø,4
25,2026,10303,Nappeholmane,ikke-medikamentell,ferskvannsbehandling,,,,,hele lokaliteten,4613,BØMLO,46,Vestland,59.742985,5.363633,3,Karmøy til Sotra,
25,2026,10303,Nappeholmane,ikke-medikamentell,termisk behandling,,,,,hele lokaliteten,4613,BØMLO,46,Vestland,59.742985,5.363633,3,Karmøy til Sotra,
25,2026,34477,Nausttaren,ikke-medikamentell,mekanisk behandling,,,,,deler av lokaliteten,5020,OSEN,50,Trøndelag,64.389565,10.512533,6,Nordmøre og Sør-Trøndelag,3
25,2026,11041,Nord Gåsvær,medikamentell,fôrbehandling,Emamectin benzoat,,,,hele lokaliteten,1818,HERØY I NORDLAND,18,Nordland,66.07035,12.065617,8,Helgeland til Bodø,0
25,2026,23816,Nordbotnet,ikke-medikamentell,termisk behandling,,,,,hele lokaliteten,1828,NESNA,18,Nordland,66.25612,12.8942,8,Helgeland til Bodø,0
25,2026,11129,Nordfugløy,ikke-medikamentell,mekanisk behandling,,,,,deler av lokaliteten,1838,GILDESKÅL,18,Nordland,67.083916,13.85685,8,Helgeland til Bodø,3
25,2026,45140,Nordskaftet,ikke-medikamentell,mekanisk behandling,,,,,deler av lokaliteten,1836,RØDØY,18,Nordland,66.629684,13.10985,8,Helgeland til Bodø,2
25,2026,28676,Olvika,ikke-medikamentell,ferskvannsbehandling,,,,,deler av lokaliteten,1834,LURØY,18,Nordland,66.4367,13.126033,8,Helgeland til Bodø,5
25,2026,28676,Olvika,ikke-medikamentell,termisk behandling,,,,,deler av lokaliteten,1834,LURØY,18,Nordland,66.4367,13.126033,8,Helgeland til Bodø,5
25,2026,39937,Orholmen,ikke-medikamentell,mekanisk behandling,,,,,deler av lokaliteten,1547,AUKRA,15,Møre og Romsdal,62.77625,6.78015,5,Stadt til Hustadvika,4
25,2026,11205,Oterholmen I,medikamentell,fôrbehandling,Emamectin benzoat,,,,hele lokaliteten,1860,VESTVÅGØY,18,Nordland,68.092735,13.635317,9,Vestfjorden og Vesterålen,
25,2026,13554,Overåneset,medikamentell,fôrbehandling,Emamectin benzoat,,,,deler av lokaliteten,1525,STRANDA,15,Møre og Romsdal,62.294285,7.12155,5,Stadt til Hustadvika,5
25,2026,45029,Ramnøya N,medikamentell,fôrbehandling,Emamectin benzoat,,,,hele lokaliteten,1827,DØNNA,18,Nordland,66.243484,12.294183,8,Helgeland til Bodø,0
25,2026,12366,Raskjæret,ikke-medikamentell,mekanisk behandling,,,,,deler av lokaliteten,5014,FRØYA,50,Trøndelag,63.793617,8.854567,6,Nordmøre og Sør-Trøndelag,2
25,2026,12366,Raskjæret,ikke-medikamentell,termisk behandling,,,,,deler av lokaliteten,5014,FRØYA,50,Trøndelag,63.793617,8.854567,6,Nordmøre og Sør-Trøndelag,2
25,2026,12366,Raskjæret,ikke-medikamentell,mekanisk behandling,,,,,deler av lokaliteten,5014,FRØYA,50,Trøndelag,63.793617,8.854567,6,Nordmøre og Sør-Trøndelag,2
25,2026,13867,Raunevågen,ikke-medikamentell,mekanisk behandling,,,,,deler av lokaliteten,4612,SVEIO,46,Vestland,59.65798,5.533667,3,Karmøy til Sotra,1
25,2026,12784,Ringholmen,ikke-medikamentell,mekanisk behandling,,,,,deler av lokaliteten,5056,HITRA,50,Trøndelag,63.55995,9.409567,6,Nordmøre og Sør-Trøndelag,2
25,2026,12209,Rønstad,ikke-medikamentell,mekanisk behandling,,,,,hele lokaliteten,1577,VOLDA,15,Møre og Romsdal,62.135117,6.021433,5,Stadt til Hustadvika,0
25,2026,12018,Rossholmen,ikke-medikamentell,mekanisk behandling,,,,,hele lokaliteten,4622,KVAM,46,Vestland,60.394684,6.274833,3,Karmøy til Sotra,0
25,2026,12018,Rossholmen,ikke-medikamentell,termisk behandling,,,,,hele lokaliteten,4622,KVAM,46,Vestland,60.394684,6.274833,3,Karmøy til Sotra,0
25,2026,11770,Rotøy,ikke-medikamentell,ferskvannsbehandling,,,,,hele lokaliteten,4626,ØYGARDEN,46,Vestland,60.68285,4.759833,4,Nordhordaland til Stadt,0
25,2026,11770,Rotøy,ikke-medikamentell,termisk behandling,,,,,hele lokaliteten,4626,ØYGARDEN,46,Vestland,60.68285,4.759833,4,Nordhordaland til Stadt,0
25,2026,10328,Sagvik,ikke-medikamentell,termisk behandling,,,,,deler av lokaliteten,4622,KVAM,46,Vestland,60.141033,5.906933,3,Karmøy til Sotra,1
25,2026,19135,Sandøya III,ikke-medikamentell,mekanisk behandling,,,,,deler av lokaliteten,5058,ÅFJORD,50,Trøndelag,64.24337,10.263817,6,Nordmøre og Sør-Trøndelag,2
25,2026,13243,Sandvika,ikke-medikamentell,mekanisk behandling,,,,,deler av lokaliteten,1577,VOLDA,15,Møre og Romsdal,62.195667,5.904417,5,Stadt til Hustadvika,7
25,2026,22315,Skavhella,ikke-medikamentell,mekanisk behandling,,,,,deler av lokaliteten,4624,BJØRNAFJORDEN,46,Vestland,60.218933,5.5593,3,Karmøy til Sotra,2
25,2026,39657,Skipperdalsneset,medikamentell,fôrbehandling,Emamectin benzoat,,,,deler av lokaliteten,4648,BREMANGER,46,Vestland,61.80602,5.0683,4,Nordhordaland til Stadt,2
25,2026,13531,Skogshamn,ikke-medikamentell,mekanisk behandling,,,,,deler av lokaliteten,5528,DYRØY,55,Troms,69.09302,17.512568,10,Andøya til Senja,10
25,2026,28296,Skommesvik,medikamentell,fôrbehandling,Emamectin benzoat,,,,deler av lokaliteten,5510,KVÆFJORD,55,Troms,68.71633,16.037283,10,Andøya til Senja,0
25,2026,20815,Slettvika,ikke-medikamentell,ferskvannsbehandling,,,,,deler av lokaliteten,1520,ØRSTA,15,Møre og Romsdal,62.334732,6.157633,5,Stadt til Hustadvika,1
25,2026,20815,Slettvika,ikke-medikamentell,termisk behandling,,,,,deler av lokaliteten,1520,ØRSTA,15,Møre og Romsdal,62.334732,6.157633,5,Stadt til Hustadvika,1
25,2026,20815,Slettvika,ikke-medikamentell,ferskvannsbehandling,,,,,deler av lokaliteten,1520,ØRSTA,15,Møre og Romsdal,62.334732,6.157633,5,Stadt til Hustadvika,1
25,2026,20815,Slettvika,ikke-medikamentell,termisk behandling,,,,,deler av lokaliteten,1520,ØRSTA,15,Møre og Romsdal,62.334732,6.157633,5,Stadt til Hustadvika,1
25,2026,20815,Slettvika,ikke-medikamentell,ferskvannsbehandling,,,,,deler av lokaliteten,1520,ØRSTA,15,Møre og Romsdal,62.334732,6.157633,5,Stadt til Hustadvika,1
25,2026,20815,Slettvika,ikke-medikamentell,termisk behandling,,,,,deler av lokaliteten,1520,ØRSTA,15,Møre og Romsdal,62.334732,6.157633,5,Stadt til Hustadvika,1
25,2026,20815,Slettvika,ikke-medikamentell,ferskvannsbehandling,,,,,deler av lokaliteten,1520,ØRSTA,15,Møre og Romsdal,62.334732,6.157633,5,Stadt til Hustadvika,1
25,2026,20815,Slettvika,ikke-medikamentell,termisk behandling,,,,,deler av lokaliteten,1520,ØRSTA,15,Møre og Romsdal,62.334732,6.157633,5,Stadt til Hustadvika,1
25,2026,45046,Stasøya,ikke-medikamentell,mekanisk behandling,,,,,deler av lokaliteten,5060,NÆRØYSUND,50,Trøndelag,64.80155,11.633783,7,Nord-Trøndelag med Bindal,4
25,2026,20776,Storoksen,ikke-medikamentell,termisk behandling,,,,,deler av lokaliteten,4627,ASKØY,46,Vestland,60.530884,4.97325,4,Nordhordaland til Stadt,1
25,2026,20776,Storoksen,ikke-medikamentell,ferskvannsbehandling,,,,,deler av lokaliteten,4627,ASKØY,46,Vestland,60.530884,4.97325,4,Nordhordaland til Stadt,1
25,2026,13125,Storvika,ikke-medikamentell,mekanisk behandling,,,,,deler av lokaliteten,1837,MELØY,18,Nordland,66.80845,13.24255,8,Helgeland til Bodø,1
25,2026,13125,Storvika,ikke-medikamentell,termisk behandling,,,,,deler av lokaliteten,1837,MELØY,18,Nordland,66.80845,13.24255,8,Helgeland til Bodø,3
25,2026,45166,Storvikneset,ikke-medikamentell,mekanisk behandling,,,,,hele lokaliteten,1828,NESNA,18,Nordland,66.28207,12.996967,8,Helgeland til Bodø,0
25,2026,26235,Stualand,ikke-medikamentell,mekanisk behandling,,,,,deler av lokaliteten,4612,SVEIO,46,Vestland,59.6088,5.5269,3,Karmøy til Sotra,1
25,2026,29376,Sundsøy,medikamentell,fôrbehandling,Emamectin benzoat,,,,deler av lokaliteten,1827,DØNNA,18,Nordland,66.17637,12.770283,8,Helgeland til Bodø,0
25,2026,17575,Tollaksholmen,ikke-medikamentell,ferskvannsbehandling,,,,,hele lokaliteten,1145,BOKN,11,Rogaland,59.251984,5.3895,2,Ryfylke,0
25,2026,33677,Torvund,ikke-medikamentell,termisk behandling,,,,,deler av lokaliteten,4638,HØYANGER,46,Vestland,61.14467,5.656367,4,Nordhordaland til Stadt,3
25,2026,37717,Vassgåsholmen,ikke-medikamentell,mekanisk behandling,,,,,deler av lokaliteten,5059,ORKLAND,50,Trøndelag,63.592167,9.339833,6,Nordmøre og Sør-Trøndelag,2
25,2026,36717,Vindhammarneset,ikke-medikamentell,mekanisk behandling,,,,,deler av lokaliteten,5530,SENJA,55,Troms,69.468414,17.606182,10,Andøya til Senja,3
24,2026,12357,Aursøysva,ikke-medikamentell,mekanisk behandling,,,,,deler av lokaliteten,5014,FRØYA,50,Trøndelag,63.801968,8.910767,6,Nordmøre og Sør-Trøndelag,4
24,2026,13845,Beitveit,ikke-medikamentell,mekanisk behandling,,,,,deler av lokaliteten,4649,STAD,46,Vestland,62.140835,5.3275,5,Stadt til Hustadvika,4
24,2026,12178,Bjønnspjotneset,ikke-medikamentell,termisk behandling,,,,,deler av lokaliteten,4638,HØYANGER,46,Vestland,61.098083,5.82545,4,Nordhordaland til Stadt,1
24,2026,23436,Bjørnholmen,ikke-medikamentell,ferskvannsbehandling,,,,,hele lokaliteten,4636,SOLUND,46,Vestland,61.20625,4.935933,4,Nordhordaland til Stadt,0
24,2026,23436,Bjørnholmen,ikke-medikamentell,termisk behandling,,,,,hele lokaliteten,4636,SOLUND,46,Vestland,61.20625,4.935933,4,Nordhordaland til Stadt,0
24,2026,11015,Brattholmen,ikke-medikamentell,mekanisk behandling,,,,,deler av lokaliteten,1818,HERØY I NORDLAND,18,Nordland,65.90735,12.220967,8,Helgeland til Bodø,1
24,2026,11574,Breivik S,ikke-medikamentell,mekanisk behandling,,,,,hele lokaliteten,4613,BØMLO,46,Vestland,59.671185,5.31215,3,Karmøy til Sotra,0
24,2026,28336,Breivika,medikamentell,fôrbehandling,Emamectin benzoat,,,,hele lokaliteten,1827,DØNNA,18,Nordland,66.1609,12.68205,8,Helgeland til Bodø,0
24,2026,32897,Breivika S,medikamentell,fôrbehandling,Emamectin benzoat,,,,hele lokaliteten,1827,DØNNA,18,Nordland,66.15802,12.682067,8,Helgeland til Bodø,0
24,2026,10223,Bremnessvaet,medikamentell,fôrbehandling,Emamectin benzoat,,,,deler av lokaliteten,1573,SMØLA,15,Møre og Romsdal,63.398018,8.213567,6,Nordmøre og Sør-Trøndelag,0
24,2026,27976,Bukkholmen,ikke-medikamentell,mekanisk behandling,,,,,deler av lokaliteten,1820,ALSTAHAUG,18,Nordland,65.91832,12.244583,8,Helgeland til Bodø,5
24,2026,13229,Djupedalen,ikke-medikamentell,mekanisk behandling,,,,,hele lokaliteten,4624,BJØRNAFJORDEN,46,Vestland,60.2308,5.673117,3,Karmøy til Sotra,0
24,2026,37177,Djuptaren,ikke-medikamentell,mekanisk behandling,,,,,deler av lokaliteten,5060,NÆRØYSUND,50,Trøndelag,64.769264,10.629017,7,Nord-Trøndelag med Bindal,4
24,2026,14041,Edøya,ikke-medikamentell,mekanisk behandling,,,,,hele lokaliteten,5056,HITRA,50,Trøndelag,63.65835,8.694417,6,Nordmøre og Sør-Trøndelag,0
24,2026,30137,Edøya II,ikke-medikamentell,mekanisk behandling,,,,,hele lokaliteten,5056,HITRA,50,Trøndelag,63.65805,8.683667,6,Nordmøre og Sør-Trøndelag,0
24,2026,32677,Espnestaren,ikke-medikamentell,mekanisk behandling,,,,,deler av lokaliteten,5014,FRØYA,50,Trøndelag,63.677883,8.667,6,Nordmøre og Sør-Trøndelag,9
24,2026,19115,Fugløya,ikke-medikamentell,mekanisk behandling,,,,,deler av lokaliteten,5056,HITRA,50,Trøndelag,63.475918,9.109833,6,Nordmøre og Sør-Trøndelag,3
24,2026,29096,Grøttøy,medikamentell,fôrbehandling,Emamectin benzoat,,,,hele lokaliteten,1866,HADSEL,18,Nordland,68.44393,14.819833,9,Vestfjorden og Vesterålen,0
24,2026,12789,Gunnarøya,ikke-medikamentell,mekanisk behandling,,,,,deler av lokaliteten,5059,ORKLAND,50,Trøndelag,63.569485,9.467983,6,Nordmøre og Sør-Trøndelag,1
24,2026,16755,Hageberg,ikke-medikamentell,termisk behandling,,,,,deler av lokaliteten,4615,FITJAR,46,Vestland,59.944218,5.434733,3,Karmøy til Sotra,2
24,2026,30257,Hausan,ikke-medikamentell,mekanisk behandling,,,,,deler av lokaliteten,5055,HEIM,50,Trøndelag,63.458317,8.955683,6,Nordmøre og Sør-Trøndelag,3
24,2026,10425,Heggvika,ikke-medikamentell,mekanisk behandling,,,,,deler av lokaliteten,1811,BINDAL,18,Nordland,65.12658,12.071983,7,Nord-Trøndelag med Bindal,1
24,2026,31177,Hilderkleiva,medikamentell,fôrbehandling,Emamectin benzoat,,,,hele lokaliteten,5510,KVÆFJORD,55,Troms,68.77959,16.0974,10,Andøya til Senja,
24,2026,13643,Hjartholm,ikke-medikamentell,mekanisk behandling,,,,,deler av lokaliteten,4635,GULEN,46,Vestland,61.03512,5.33105,4,Nordhordaland til Stadt,4
24,2026,33218,Hosenøyan,ikke-medikamentell,mekanisk behandling,,,,,deler av lokaliteten,5058,ÅFJORD,50,Trøndelag,64.08505,9.88505,6,Nordmøre og Sør-Trøndelag,2
24,2026,27095,Ihlholmen,ikke-medikamentell,mekanisk behandling,,,,,hele lokaliteten,1160,VINDAFJORD,11,Rogaland,59.7215,5.586633,3,Karmøy til Sotra,
24,2026,12599,Indre Skjervøy,ikke-medikamentell,termisk behandling,,,,,deler av lokaliteten,5020,OSEN,50,Trøndelag,64.2858,10.30905,6,Nordmøre og Sør-Trøndelag,1
24,2026,14245,Jakobsteinsvika,ikke-medikamentell,mekanisk behandling,,,,,hele lokaliteten,5052,LEKA,50,Trøndelag,65.11235,11.792967,7,Nord-Trøndelag med Bindal,0
24,2026,12660,Kipholmen,ikke-medikamentell,mekanisk behandling,,,,,deler av lokaliteten,5060,NÆRØYSUND,50,Trøndelag,64.79403,11.690367,7,Nord-Trøndelag med Bindal,1
24,2026,13339,Klungervikneset,ikke-medikamentell,termisk behandling,,,,,hele lokaliteten,4613,BØMLO,46,Vestland,59.74687,5.3433,3,Karmøy til Sotra,
24,2026,13764,Kokvika,ikke-medikamentell,termisk behandling,,,,,deler av lokaliteten,1834,LURØY,18,Nordland,66.41295,12.95735,8,Helgeland til Bodø,6
24,2026,19195,Korsholman,ikke-medikamentell,mekanisk behandling,,,,,hele lokaliteten,5056,HITRA,50,Trøndelag,63.597218,8.51575,6,Nordmøre og Sør-Trøndelag,0
24,2026,14040,Krigsholmen,medikamentell,badebehandling,Azamethiphos,,,,deler av lokaliteten,4625,AUSTEVOLL,46,Vestland,60.081383,5.124117,3,Karmøy til Sotra,1
24,2026,14040,Krigsholmen,ikke-medikamentell,ferskvannsbehandling,,,,,deler av lokaliteten,4625,AUSTEVOLL,46,Vestland,60.081383,5.124117,3,Karmøy til Sotra,2
24,2026,14040,Krigsholmen,ikke-medikamentell,termisk behandling,,,,,deler av lokaliteten,4625,AUSTEVOLL,46,Vestland,60.081383,5.124117,3,Karmøy til Sotra,2
24,2026,11775,Kviteskjeret,ikke-medikamentell,ferskvannsbehandling,,,,,hele lokaliteten,4645,ASKVOLL,46,Vestland,61.467815,5.2203,4,Nordhordaland til Stadt,
24,2026,11775,Kviteskjeret,ikke-medikamentell,termisk behandling,,,,,hele lokaliteten,4645,ASKVOLL,46,Vestland,61.467815,5.2203,4,Nordhordaland til Stadt,
24,2026,11116,Langholmen,ikke-medikamentell,mekanisk behandling,,,,,deler av lokaliteten,1838,GILDESKÅL,18,Nordland,67.05783,14.025333,8,Helgeland til Bodø,3
24,2026,23056,Lekangsund II,ikke-medikamentell,mekanisk behandling,,,,,deler av lokaliteten,5530,SENJA,55,Troms,69.03768,17.264133,10,Andøya til Senja,7
24,2026,10232,Mannbruholmen,ikke-medikamentell,mekanisk behandling,,,,,deler av lokaliteten,5014,FRØYA,50,Trøndelag,63.84705,8.536867,6,Nordmøre og Sør-Trøndelag,1
24,2026,12370,Måøydraga,ikke-medikamentell,mekanisk behandling,,,,,deler av lokaliteten,5014,FRØYA,50,Trøndelag,63.676434,8.757283,6,Nordmøre og Sør-Trøndelag,3
24,2026,21397,Midt Femris,ikke-medikamentell,mekanisk behandling,,,,,hele lokaliteten,1838,GILDESKÅL,18,Nordland,67.036934,13.967767,8,Helgeland til Bodø,
24,2026,24937,Nebbo,ikke-medikamentell,ferskvannsbehandling,,,,,deler av lokaliteten,4617,KVINNHERAD,46,Vestland,59.87075,5.725017,3,Karmøy til Sotra,2
24,2026,24937,Nebbo,ikke-medikamentell,termisk behandling,,,,,deler av lokaliteten,4617,KVINNHERAD,46,Vestland,59.87075,5.725017,3,Karmøy til Sotra,2
24,2026,10375,Nord Leksa,ikke-medikamentell,mekanisk behandling,,,,,deler av lokaliteten,5059,ORKLAND,50,Trøndelag,63.589367,9.409217,6,Nordmøre og Sør-Trøndelag,6
24,2026,45140,Nordskaftet,ikke-medikamentell,mekanisk behandling,,,,,deler av lokaliteten,1836,RØDØY,18,Nordland,66.629684,13.10985,8,Helgeland til Bodø,2
24,2026,33937,Nørholmen,ikke-medikamentell,mekanisk behandling,,,,,deler av lokaliteten,1573,SMØLA,15,Møre og Romsdal,63.338917,8.2718,6,Nordmøre og Sør-Trøndelag,7
24,2026,17235,Ørnes,ikke-medikamentell,mekanisk behandling,,,,,deler av lokaliteten,1834,LURØY,18,Nordland,66.42087,13.018317,8,Helgeland til Bodø,4
24,2026,45029,Ramnøya N,medikamentell,fôrbehandling,Emamectin benzoat,,,,hele lokaliteten,1827,DØNNA,18,Nordland,66.243484,12.294183,8,Helgeland til Bodø,0
24,2026,28636,Rataren,ikke-medikamentell,mekanisk behandling,,,,,deler av lokaliteten,5014,FRØYA,50,Trøndelag,63.7813,8.521533,6,Nordmøre og Sør-Trøndelag,5
24,2026,13867,Raunevågen,ikke-medikamentell,mekanisk behandling,,,,,deler av lokaliteten,4612,SVEIO,46,Vestland,59.65798,5.533667,3,Karmøy til Sotra,2
24,2026,37197,Ruggstein,ikke-medikamentell,mekanisk behandling,,,,,deler av lokaliteten,5014,FRØYA,50,Trøndelag,63.770084,8.476033,6,Nordmøre og Sør-Trøndelag,2
24,2026,13612,Rundreimstranda,ikke-medikamentell,termisk behandling,,,,,hele lokaliteten,4649,STAD,46,Vestland,62.01035,5.3303,4,Nordhordaland til Stadt,0
24,2026,13597,Salangslia,ikke-medikamentell,annen behandling,,,,,deler av lokaliteten,5522,SALANGEN,55,Troms,68.85463,17.520884,10,Andøya til Senja,3
24,2026,34857,Salatskjæra,ikke-medikamentell,mekanisk behandling,,,,,deler av lokaliteten,5014,FRØYA,50,Trøndelag,63.90485,8.589133,6,Nordmøre og Sør-Trøndelag,1
24,2026,19135,Sandøya III,ikke-medikamentell,mekanisk behandling,,,,,hele lokaliteten,5058,ÅFJORD,50,Trøndelag,64.24337,10.263817,6,Nordmøre og Sør-Trøndelag,0
24,2026,17015,Seglberget,ikke-medikamentell,ferskvannsbehandling,,,,,deler av lokaliteten,4617,KVINNHERAD,46,Vestland,59.730434,5.788733,3,Karmøy til Sotra,1
24,2026,17015,Seglberget,ikke-medikamentell,termisk behandling,,,,,deler av lokaliteten,4617,KVINNHERAD,46,Vestland,59.730434,5.788733,3,Karmøy til Sotra,1
24,2026,10398,Seiskjæra,ikke-medikamentell,mekanisk behandling,,,,,deler av lokaliteten,5058,ÅFJORD,50,Trøndelag,64.093,10.115683,6,Nordmøre og Sør-Trøndelag,6
24,2026,39657,Skipperdalsneset,medikamentell,fôrbehandling,Emamectin benzoat,,,,deler av lokaliteten,4648,BREMANGER,46,Vestland,61.80602,5.0683,4,Nordhordaland til Stadt,2
24,2026,11640,Skorpeosen,ikke-medikamentell,mekanisk behandling,,,,,deler av lokaliteten,4626,ØYGARDEN,46,Vestland,60.332466,4.9421,3,Karmøy til Sotra,3
24,2026,26155,Slåttholmen,ikke-medikamentell,ferskvannsbehandling,,,,,deler av lokaliteten,5055,HEIM,50,Trøndelag,63.44779,8.958173,6,Nordmøre og Sør-Trøndelag,1
24,2026,26155,Slåttholmen,ikke-medikamentell,mekanisk behandling,,,,,deler av lokaliteten,5055,HEIM,50,Trøndelag,63.44779,8.958173,6,Nordmøre og Sør-Trøndelag,1
24,2026,26155,Slåttholmen,ikke-medikamentell,ferskvannsbehandling,,,,,deler av lokaliteten,5055,HEIM,50,Trøndelag,63.44779,8.958173,6,Nordmøre og Sør-Trøndelag,1
24,2026,26155,Slåttholmen,ikke-medikamentell,mekanisk behandling,,,,,deler av lokaliteten,5055,HEIM,50,Trøndelag,63.44779,8.958173,6,Nordmøre og Sør-Trøndelag,1
24,2026,26155,Slåttholmen,ikke-medikamentell,ferskvannsbehandling,,,,,deler av lokaliteten,5055,HEIM,50,Trøndelag,63.44779,8.958173,6,Nordmøre og Sør-Trøndelag,1
24,2026,26155,Slåttholmen,ikke-medikamentell,mekanisk behandling,,,,,deler av lokaliteten,5055,HEIM,50,Trøndelag,63.44779,8.958173,6,Nordmøre og Sør-Trøndelag,1
24,2026,15456,Søreide,ikke-medikamentell,termisk behandling,,,,,deler av lokaliteten,4638,HØYANGER,46,Vestland,61.1056,5.8536,4,Nordhordaland til Stadt,1
24,2026,23375,Sørevik,ikke-medikamentell,termisk behandling,,,,,hele lokaliteten,4638,HØYANGER,46,Vestland,61.099983,5.729967,4,Nordhordaland til Stadt,0
24,2026,36017,Sørværet,ikke-medikamentell,mekanisk behandling,,,,,deler av lokaliteten,1818,HERØY I NORDLAND,18,Nordland,65.88035,11.93045,8,Helgeland til Bodø,4
24,2026,45046,Stasøya,ikke-medikamentell,mekanisk behandling,,,,,deler av lokaliteten,5060,NÆRØYSUND,50,Trøndelag,64.80155,11.633783,7,Nord-Trøndelag med Bindal,4
24,2026,13708,Steinvik,medikamentell,fôrbehandling,Emamectin benzoat,,,,deler av lokaliteten,4602,KINN,46,Vestland,61.565266,5.31025,4,Nordhordaland til Stadt,0
24,2026,11649,Stolane,ikke-medikamentell,termisk behandling,,,,,deler av lokaliteten,4631,ALVER,46,Vestland,60.60465,5.126483,4,Nordhordaland til Stadt,4
24,2026,31338,Storskjeret,ikke-medikamentell,mekanisk behandling,,,,,deler av lokaliteten,1576,AURE,15,Møre og Romsdal,63.27048,8.2298,6,Nordmøre og Sør-Trøndelag,10
24,2026,13125,Storvika,ikke-medikamentell,mekanisk behandling,,,,,deler av lokaliteten,1837,MELØY,18,Nordland,66.80845,13.24255,8,Helgeland til Bodø,1
24,2026,29376,Sundsøy,medikamentell,fôrbehandling,Emamectin benzoat,,,,deler av lokaliteten,1827,DØNNA,18,Nordland,66.17637,12.770283,8,Helgeland til Bodø,0
24,2026,12449,Tennøya,ikke-medikamentell,mekanisk behandling,,,,,hele lokaliteten,5014,FRØYA,50,Trøndelag,63.805035,8.4444,6,Nordmøre og Sør-Trøndelag,0
24,2026,12662,Ternskjæret II,ikke-medikamentell,mekanisk behandling,,,,,deler av lokaliteten,5007,NAMSOS,50,Trøndelag,64.77713,11.639767,7,Nord-Trøndelag med Bindal,12
24,2026,33677,Torvund,ikke-medikamentell,termisk behandling,,,,,deler av lokaliteten,4638,HØYANGER,46,Vestland,61.14467,5.656367,4,Nordhordaland til Stadt,1
24,2026,10029,Tuholmane Ø,medikamentell,badebehandling,Annet virkestoff,,,,hele lokaliteten,1149,KARMØY,11,Rogaland,59.371235,5.216333,3,Karmøy til Sotra,0
24,2026,37717,Vassgåsholmen,ikke-medikamentell,mekanisk behandling,,,,,deler av lokaliteten,5059,ORKLAND,50,Trøndelag,63.592167,9.339833,6,Nordmøre og Sør-Trøndelag,3
24,2026,10616,Vinnalandet,ikke-medikamentell,ferskvannsbehandling,,,,,deler av lokaliteten,5603,HAMMERFEST,56,Finnmark,70.57315,23.397882,12,Vest-Finnmark,1
24,2026,10616,Vinnalandet,ikke-medikamentell,mekanisk behandling,,,,,deler av lokaliteten,5603,HAMMERFEST,56,Finnmark,70.57315,23.397882,12,Vest-Finnmark,1
24,2026,10616,Vinnalandet,ikke-medikamentell,ferskvannsbehandling,,,,,deler av lokaliteten,5603,HAMMERFEST,56,Finnmark,70.57315,23.397882,12,Vest-Finnmark,1
24,2026,10616,Vinnalandet,ikke-medikamentell,mekanisk behandling,,,,,deler av lokaliteten,5603,HAMMERFEST,56,Finnmark,70.57315,23.397882,12,Vest-Finnmark,1
24,2026,10616,Vinnalandet,ikke-medikamentell,ferskvannsbehandling,,,,,deler av lokaliteten,5603,HAMMERFEST,56,Finnmark,70.57315,23.397882,12,Vest-Finnmark,1
24,2026,10616,Vinnalandet,ikke-medikamentell,mekanisk behandling,,,,,deler av lokaliteten,5603,HAMMERFEST,56,Finnmark,70.57315,23.397882,12,Vest-Finnmark,1
24,2026,10616,Vinnalandet,ikke-medikamentell,ferskvannsbehandling,,,,,deler av lokaliteten,5603,HAMMERFEST,56,Finnmark,70.57315,23.397882,12,Vest-Finnmark,1
24,2026,10616,Vinnalandet,ikke-medikamentell,mekanisk behandling,,,,,deler av lokaliteten,5603,HAMMERFEST,56,Finnmark,70.57315,23.397882,12,Vest-Finnmark,1
24,2026,13246,Voldnes,ikke-medikamentell,mekanisk behandling,,,,,hele lokaliteten,1515,HERØY I MØRE OG ROMSDAL,15,Møre og Romsdal,62.2097,5.7849,5,Stadt til Hustadvika,0
24,2026,45135,Voravika,ikke-medikamentell,mekanisk behandling,,,,,hele lokaliteten,1514,SANDE I MØRE OG ROMSDAL,15,Møre og Romsdal,62.229916,5.49525,5,Stadt til Hustadvika,0
23,2026,13572,Badstuvika,ikke-medikamentell,mekanisk behandling,,,,,deler av lokaliteten,5056,HITRA,50,Trøndelag,63.53398,9.1469,6,Nordmøre og Sør-Trøndelag,2
23,2026,13572,Badstuvika,ikke-medikamentell,ferskvannsbehandling,,,,,deler av lokaliteten,5056,HITRA,50,Trøndelag,63.53398,9.1469,6,Nordmøre og Sør-Trøndelag,1
23,2026,13572,Badstuvika,ikke-medikamentell,mekanisk behandling,,,,,deler av lokaliteten,5056,HITRA,50,Trøndelag,63.53398,9.1469,6,Nordmøre og Sør-Trøndelag,1
23,2026,34997,Bjørnøya,ikke-medikamentell,mekanisk behandling,,,,,deler av lokaliteten,1804,BODØ,18,Nordland,67.41632,14.430617,9,Vestfjorden og Vesterålen,7
23,2026,28336,Breivika,medikamentell,fôrbehandling,Emamectin benzoat,,,,hele lokaliteten,1827,DØNNA,18,Nordland,66.1609,12.68205,8,Helgeland til Bodø,0
23,2026,32897,Breivika S,medikamentell,fôrbehandling,Emamectin benzoat,,,,hele lokaliteten,1827,DØNNA,18,Nordland,66.15802,12.682067,8,Helgeland til Bodø,0
23,2026,10223,Bremnessvaet,medikamentell,fôrbehandling,Emamectin benzoat,,,,hele lokaliteten,1573,SMØLA,15,Møre og Romsdal,63.398018,8.213567,6,Nordmøre og Sør-Trøndelag,0
23,2026,12237,Brudevika,ikke-medikamentell,mekanisk behandling,,,,,deler av lokaliteten,1511,VANYLVEN,15,Møre og Romsdal,62.116566,5.420717,5,Stadt til Hustadvika,3
23,2026,12237,Brudevika,ikke-medikamentell,termisk behandling,,,,,deler av lokaliteten,1511,VANYLVEN,15,Møre og Romsdal,62.116566,5.420717,5,Stadt til Hustadvika,1
23,2026,12237,Brudevika,ikke-medikamentell,mekanisk behandling,,,,,deler av lokaliteten,1511,VANYLVEN,15,Møre og Romsdal,62.116566,5.420717,5,Stadt til Hustadvika,2
23,2026,12237,Brudevika,ikke-medikamentell,termisk behandling,,,,,deler av lokaliteten,1511,VANYLVEN,15,Møre og Romsdal,62.116566,5.420717,5,Stadt til Hustadvika,1
23,2026,32457,Dalsvåg Nv,medikamentell,badebehandling,Annet virkestoff,,,,hele lokaliteten,1149,KARMØY,11,Rogaland,59.410816,5.21725,3,Karmøy til Sotra,0
23,2026,24575,Farmannsøya,ikke-medikamentell,mekanisk behandling,,,,,deler av lokaliteten,5058,ÅFJORD,50,Trøndelag,64.18452,10.1222,6,Nordmøre og Sør-Trøndelag,3
23,2026,12078,Gangdal,medikamentell,fôrbehandling,Diflubenzuron,,,,hele lokaliteten,4618,ULLENSVANG,46,Vestland,60.216633,6.157683,3,Karmøy til Sotra,0
23,2026,29096,Grøttøy,medikamentell,fôrbehandling,Emamectin benzoat,,,,hele lokaliteten,1866,HADSEL,18,Nordland,68.44393,14.819833,9,Vestfjorden og Vesterålen,0
23,2026,12265,Gudmundset,ikke-medikamentell,mekanisk behandling,,,,,hele lokaliteten,1508,ÅLESUND,15,Møre og Romsdal,62.45252,6.6021,5,Stadt til Hustadvika,
23,2026,12590,Helligholmen,ikke-medikamentell,mekanisk behandling,,,,,hele lokaliteten,5060,NÆRØYSUND,50,Trøndelag,64.83839,10.665517,7,Nord-Trøndelag med Bindal,0
23,2026,10410,Hindholmen,ikke-medikamentell,mekanisk behandling,,,,,hele lokaliteten,5060,NÆRØYSUND,50,Trøndelag,64.77393,11.44087,7,Nord-Trøndelag med Bindal,0
23,2026,33957,Hofsøya,ikke-medikamentell,ferskvannsbehandling,,,,,deler av lokaliteten,5014,FRØYA,50,Trøndelag,63.7224,8.9145,6,Nordmøre og Sør-Trøndelag,1
23,2026,33957,Hofsøya,ikke-medikamentell,mekanisk behandling,,,,,deler av lokaliteten,5014,FRØYA,50,Trøndelag,63.7224,8.9145,6,Nordmøre og Sør-Trøndelag,1
23,2026,33957,Hofsøya,ikke-medikamentell,ferskvannsbehandling,,,,,deler av lokaliteten,5014,FRØYA,50,Trøndelag,63.7224,8.9145,6,Nordmøre og Sør-Trøndelag,1
23,2026,33957,Hofsøya,ikke-medikamentell,mekanisk behandling,,,,,deler av lokaliteten,5014,FRØYA,50,Trøndelag,63.7224,8.9145,6,Nordmøre og Sør-Trøndelag,1
23,2026,25235,Humulen,ikke-medikamentell,mekanisk behandling,,,,,deler av lokaliteten,5060,NÆRØYSUND,50,Trøndelag,64.94605,11.372467,7,Nord-Trøndelag med Bindal,1
23,2026,38997,Ilsøya 2,ikke-medikamentell,mekanisk behandling,,,,,deler av lokaliteten,5014,FRØYA,50,Trøndelag,63.66275,8.447833,6,Nordmøre og Sør-Trøndelag,1
23,2026,13236,Indre Oppedal,ikke-medikamentell,termisk behandling,,,,,deler av lokaliteten,4635,GULEN,46,Vestland,61.067883,5.563833,4,Nordhordaland til Stadt,4
23,2026,13236,Indre Oppedal,ikke-medikamentell,termisk behandling,,,,,deler av lokaliteten,4635,GULEN,46,Vestland,61.067883,5.563833,4,Nordhordaland til Stadt,3
23,2026,12599,Indre Skjervøy,ikke-medikamentell,mekanisk behandling,,,,,deler av lokaliteten,5020,OSEN,50,Trøndelag,64.2858,10.30905,6,Nordmøre og Sør-Trøndelag,4
23,2026,34797,Kalvhagan II,ikke-medikamentell,mekanisk behandling,,,,,hele lokaliteten,5060,NÆRØYSUND,50,Trøndelag,64.95078,12.0567,7,Nord-Trøndelag med Bindal,0
23,2026,14042,Kattholmen,ikke-medikamentell,mekanisk behandling,,,,,deler av lokaliteten,5014,FRØYA,50,Trøndelag,63.867683,8.677683,6,Nordmøre og Sør-Trøndelag,3
23,2026,12660,Kipholmen,ikke-medikamentell,mekanisk behandling,,,,,deler av lokaliteten,5060,NÆRØYSUND,50,Trøndelag,64.79403,11.690367,7,Nord-Trøndelag med Bindal,5
23,2026,36297,Kjeringeholmen,ikke-medikamentell,annen behandling,,,,,deler av lokaliteten,4645,ASKVOLL,46,Vestland,61.391,4.982833,4,Nordhordaland til Stadt,1
23,2026,26135,Kjørsvikgrunn,ikke-medikamentell,mekanisk behandling,,,,,deler av lokaliteten,5055,HEIM,50,Trøndelag,63.457718,9.0756,6,Nordmøre og Sør-Trøndelag,2
23,2026,10898,Lamholmen,ikke-medikamentell,mekanisk behandling,,,,,hele lokaliteten,1813,BRØNNØY,18,Nordland,65.47138,12.135,8,Helgeland til Bodø,
23,2026,11238,Langøyhovden,ikke-medikamentell,annen behandling,,,,,deler av lokaliteten,1868,ØKSNES,18,Nordland,68.80338,14.866383,9,Vestfjorden og Vesterålen,5
23,2026,13340,Leiholmane,ikke-medikamentell,annen behandling,,,,,deler av lokaliteten,4635,GULEN,46,Vestland,60.980633,4.87435,4,Nordhordaland til Stadt,2
23,2026,12392,Lille Torsøy,ikke-medikamentell,termisk behandling,,,,,deler av lokaliteten,5056,HITRA,50,Trøndelag,63.60615,8.492133,6,Nordmøre og Sør-Trøndelag,3
23,2026,37057,Mjøsund Vest,ikke-medikamentell,mekanisk behandling,,,,,deler av lokaliteten,5514,IBESTAD,55,Troms,68.90805,17.407818,10,Andøya til Senja,4
23,2026,33937,Nørholmen,ikke-medikamentell,mekanisk behandling,,,,,deler av lokaliteten,1573,SMØLA,15,Møre og Romsdal,63.338917,8.2718,6,Nordmøre og Sør-Trøndelag,2
23,2026,35897,Nye Hessvik,medikamentell,fôrbehandling,Emamectin benzoat,,,,hele lokaliteten,4618,ULLENSVANG,46,Vestland,60.130184,6.126617,3,Karmøy til Sotra,0
23,2026,11972,Prestholmane,ikke-medikamentell,annen behandling,,,,,deler av lokaliteten,1103,STAVANGER,11,Rogaland,59.117016,5.852033,2,Ryfylke,1
23,2026,11972,Prestholmane,ikke-medikamentell,ferskvannsbehandling,,,,,deler av lokaliteten,1103,STAVANGER,11,Rogaland,59.117016,5.852033,2,Ryfylke,1
23,2026,45029,Ramnøya N,medikamentell,fôrbehandling,Emamectin benzoat,,,,hele lokaliteten,1827,DØNNA,18,Nordland,66.243484,12.294183,8,Helgeland til Bodø,0
23,2026,11687,Ramsvik,ikke-medikamentell,termisk behandling,,,,,deler av lokaliteten,4631,ALVER,46,Vestland,60.578133,5.190433,4,Nordhordaland til Stadt,4
23,2026,34857,Salatskjæra,ikke-medikamentell,mekanisk behandling,,,,,deler av lokaliteten,5014,FRØYA,50,Trøndelag,63.90485,8.589133,6,Nordmøre og Sør-Trøndelag,5
23,2026,17015,Seglberget,ikke-medikamentell,ferskvannsbehandling,,,,,deler av lokaliteten,4617,KVINNHERAD,46,Vestland,59.730434,5.788733,3,Karmøy til Sotra,4
23,2026,17015,Seglberget,ikke-medikamentell,termisk behandling,,,,,deler av lokaliteten,4617,KVINNHERAD,46,Vestland,59.730434,5.788733,3,Karmøy til Sotra,4
23,2026,10398,Seiskjæra,ikke-medikamentell,mekanisk behandling,,,,,deler av lokaliteten,5058,ÅFJORD,50,Trøndelag,64.093,10.115683,6,Nordmøre og Sør-Trøndelag,4
23,2026,13706,Seljeset,ikke-medikamentell,ferskvannsbehandling,,,,,hele lokaliteten,4602,KINN,46,Vestland,61.5771,5.237383,4,Nordhordaland til Stadt,
23,2026,12192,Skorva,ikke-medikamentell,ferskvannsbehandling,,,,,hele lokaliteten,4645,ASKVOLL,46,Vestland,61.467117,5.3136,4,Nordhordaland til Stadt,0
23,2026,12192,Skorva,ikke-medikamentell,termisk behandling,,,,,hele lokaliteten,4645,ASKVOLL,46,Vestland,61.467117,5.3136,4,Nordhordaland til Stadt,0
23,2026,13708,Steinvik,medikamentell,fôrbehandling,Emamectin benzoat,,,,hele lokaliteten,4602,KINN,46,Vestland,61.565266,5.31025,4,Nordhordaland til Stadt,0
23,2026,11971,Store Teistholmen Ø,ikke-medikamentell,ferskvannsbehandling,,,,,deler av lokaliteten,1108,SANDNES,11,Rogaland,58.977768,5.867,2,Ryfylke,5
23,2026,11492,Storevikholmen,ikke-medikamentell,termisk behandling,,,,,deler av lokaliteten,4615,FITJAR,46,Vestland,59.83808,5.30565,3,Karmøy til Sotra,5
23,2026,10421,Storvikbukta,ikke-medikamentell,mekanisk behandling,,,,,hele lokaliteten,5060,NÆRØYSUND,50,Trøndelag,64.92828,11.91045,7,Nord-Trøndelag med Bindal,0
23,2026,16165,Tårnvika,ikke-medikamentell,mekanisk behandling,,,,,deler av lokaliteten,1804,BODØ,18,Nordland,67.57312,15.1288,9,Vestfjorden og Vesterålen,2
23,2026,12662,Ternskjæret II,ikke-medikamentell,mekanisk behandling,,,,,deler av lokaliteten,5007,NAMSOS,50,Trøndelag,64.77713,11.639767,7,Nord-Trøndelag med Bindal,1
23,2026,10616,Vinnalandet,ikke-medikamentell,mekanisk behandling,,,,,deler av lokaliteten,5603,HAMMERFEST,56,Finnmark,70.57315,23.397882,12,Vest-Finnmark,4
22,2026,24695,Årnes,ikke-medikamentell,mekanisk behandling,,,,,deler av lokaliteten,5007,NAMSOS,50,Trøndelag,64.59637,11.272917,7,Nord-Trøndelag med Bindal,5
22,2026,11488,Brattavika,ikke-medikamentell,termisk behandling,,,,,deler av lokaliteten,4625,AUSTEVOLL,46,Vestland,60.044117,5.303317,3,Karmøy til Sotra,4
22,2026,12594,Breidvika,ikke-medikamentell,termisk behandling,,,,,deler av lokaliteten,5020,OSEN,50,Trøndelag,64.29718,10.393433,6,Nordmøre og Sør-Trøndelag,2
22,2026,12128,Dyrnes,ikke-medikamentell,termisk behandling,,,,,hele lokaliteten,4617,KVINNHERAD,46,Vestland,59.718132,5.723383,3,Karmøy til Sotra,
22,2026,12128,Dyrnes,ikke-medikamentell,ferskvannsbehandling,,,,,hele lokaliteten,4617,KVINNHERAD,46,Vestland,59.718132,5.723383,3,Karmøy til Sotra,
22,2026,19115,Fugløya,ikke-medikamentell,mekanisk behandling,,,,,deler av lokaliteten,5056,HITRA,50,Trøndelag,63.475918,9.109833,6,Nordmøre og Sør-Trøndelag,2
22,2026,12078,Gangdal,medikamentell,fôrbehandling,Diflubenzuron,,,,hele lokaliteten,4618,ULLENSVANG,46,Vestland,60.216633,6.157683,3,Karmøy til Sotra,0
22,2026,30257,Hausan,ikke-medikamentell,ferskvannsbehandling,,,,,deler av lokaliteten,5055,HEIM,50,Trøndelag,63.458317,8.955683,6,Nordmøre og Sør-Trøndelag,1
22,2026,30257,Hausan,ikke-medikamentell,mekanisk behandling,,,,,deler av lokaliteten,5055,HEIM,50,Trøndelag,63.458317,8.955683,6,Nordmøre og Sør-Trøndelag,1
22,2026,30257,Hausan,ikke-medikamentell,ferskvannsbehandling,,,,,deler av lokaliteten,5055,HEIM,50,Trøndelag,63.458317,8.955683,6,Nordmøre og Sør-Trøndelag,1
22,2026,30257,Hausan,ikke-medikamentell,mekanisk behandling,,,,,deler av lokaliteten,5055,HEIM,50,Trøndelag,63.458317,8.955683,6,Nordmøre og Sør-Trøndelag,1
22,2026,33957,Hofsøya,ikke-medikamentell,ferskvannsbehandling,,,,,deler av lokaliteten,5014,FRØYA,50,Trøndelag,63.7224,8.9145,6,Nordmøre og Sør-Trøndelag,1
22,2026,33957,Hofsøya,ikke-medikamentell,mekanisk behandling,,,,,deler av lokaliteten,5014,FRØYA,50,Trøndelag,63.7224,8.9145,6,Nordmøre og Sør-Trøndelag,1
22,2026,33957,Hofsøya,ikke-medikamentell,ferskvannsbehandling,,,,,deler av lokaliteten,5014,FRØYA,50,Trøndelag,63.7224,8.9145,6,Nordmøre og Sør-Trøndelag,1
22,2026,33957,Hofsøya,ikke-medikamentell,mekanisk behandling,,,,,deler av lokaliteten,5014,FRØYA,50,Trøndelag,63.7224,8.9145,6,Nordmøre og Sør-Trøndelag,1
22,2026,39477,Hundvika Aust,ikke-medikamentell,ferskvannsbehandling,,,,,hele lokaliteten,4649,STAD,46,Vestland,61.872215,5.953667,4,Nordhordaland til Stadt,
22,2026,39477,Hundvika Aust,ikke-medikamentell,termisk behandling,,,,,hele lokaliteten,4649,STAD,46,Vestland,61.872215,5.953667,4,Nordhordaland til Stadt,
22,2026,32518,Kuøyna,ikke-medikamentell,annen behandling,,,,,deler av lokaliteten,4635,GULEN,46,Vestland,60.996418,4.897983,4,Nordhordaland til Stadt,2
22,2026,18217,Kvaløy Ø,medikamentell,badebehandling,Annet virkestoff,,,,hele lokaliteten,1149,KARMØY,11,Rogaland,59.397385,5.174033,3,Karmøy til Sotra,0
22,2026,10989,Labukta V,ikke-medikamentell,termisk behandling,,,,,hele lokaliteten,1818,HERØY I NORDLAND,18,Nordland,66.01325,12.350567,8,Helgeland til Bodø,0
22,2026,28036,Langskjæran,ikke-medikamentell,mekanisk behandling,,,,,deler av lokaliteten,1838,GILDESKÅL,18,Nordland,67.118385,13.898417,8,Helgeland til Bodø,4
22,2026,37297,Larstangen,ikke-medikamentell,mekanisk behandling,,,,,deler av lokaliteten,5534,KARLSØY,55,Troms,70.0834,20.092167,11,Kvaløya til Loppa,4
22,2026,13340,Leiholmane,ikke-medikamentell,annen behandling,,,,,deler av lokaliteten,4635,GULEN,46,Vestland,60.980633,4.87435,4,Nordhordaland til Stadt,2
22,2026,12392,Lille Torsøy,ikke-medikamentell,termisk behandling,,,,,deler av lokaliteten,5056,HITRA,50,Trøndelag,63.60615,8.492133,6,Nordmøre og Sør-Trøndelag,4
22,2026,12022,Ljonesbjørgene,ikke-medikamentell,termisk behandling,,,,,deler av lokaliteten,4622,KVAM,46,Vestland,60.2564,6.16585,3,Karmøy til Sotra,6
22,2026,13549,Løypingneset,ikke-medikamentell,mekanisk behandling,,,,,deler av lokaliteten,4648,BREMANGER,46,Vestland,61.821335,5.250533,4,Nordhordaland til Stadt,1
22,2026,21915,Matløyso,ikke-medikamentell,termisk behandling,,,,,deler av lokaliteten,4615,FITJAR,46,Vestland,59.952084,5.284933,3,Karmøy til Sotra,4
22,2026,37057,Mjøsund Vest,ikke-medikamentell,mekanisk behandling,,,,,deler av lokaliteten,5514,IBESTAD,55,Troms,68.90805,17.407818,10,Andøya til Senja,2
22,2026,11129,Nordfugløy,ikke-medikamentell,mekanisk behandling,,,,,deler av lokaliteten,1838,GILDESKÅL,18,Nordland,67.083916,13.85685,8,Helgeland til Bodø,5
22,2026,35897,Nye Hessvik,medikamentell,fôrbehandling,Emamectin benzoat,,,,hele lokaliteten,4618,ULLENSVANG,46,Vestland,60.130184,6.126617,3,Karmøy til Sotra,0
22,2026,11687,Ramsvik,ikke-medikamentell,termisk behandling,,,,,deler av lokaliteten,4631,ALVER,46,Vestland,60.578133,5.190433,4,Nordhordaland til Stadt,1
22,2026,12794,Rundklumpen,ikke-medikamentell,termisk behandling,,,,,hele lokaliteten,5057,ØRLAND,50,Trøndelag,63.801315,9.607583,6,Nordmøre og Sør-Trøndelag,0
22,2026,12973,Saltkjelen I,ikke-medikamentell,termisk behandling,,,,,hele lokaliteten,4622,KVAM,46,Vestland,60.31815,6.183183,3,Karmøy til Sotra,0
22,2026,25896,Skorpo,medikamentell,fôrbehandling,Diflubenzuron,,,,hele lokaliteten,4616,TYSNES,46,Vestland,59.875767,5.638817,3,Karmøy til Sotra,
22,2026,11971,Store Teistholmen Ø,ikke-medikamentell,ferskvannsbehandling,,,,,deler av lokaliteten,1108,SANDNES,11,Rogaland,58.977768,5.867,2,Ryfylke,2
22,2026,11312,Svartfjell,ikke-medikamentell,mekanisk behandling,,,,,deler av lokaliteten,1848,STEIGEN,18,Nordland,67.93948,15.503168,9,Vestfjorden og Vesterålen,4
22,2026,22955,Svollandsneset,medikamentell,badebehandling,Annet virkestoff,,,,hele lokaliteten,1160,VINDAFJORD,11,Rogaland,59.685184,5.58855,3,Karmøy til Sotra,0
22,2026,16165,Tårnvika,ikke-medikamentell,mekanisk behandling,,,,,deler av lokaliteten,1804,BODØ,18,Nordland,67.57312,15.1288,9,Vestfjorden og Vesterålen,2
22,2026,10147,Tungesvik,ikke-medikamentell,mekanisk behandling,,,,,hele lokaliteten,4611,ETNE,46,Vestland,59.74708,5.980617,3,Karmøy til Sotra,0
22,2026,14081,Tveit,ikke-medikamentell,termisk behandling,,,,,deler av lokaliteten,4637,HYLLESTAD,46,Vestland,61.110085,5.340483,4,Nordhordaland til Stadt,2
22,2026,24135,Utåker,ikke-medikamentell,mekanisk behandling,,,,,deler av lokaliteten,4617,KVINNHERAD,46,Vestland,59.77833,5.9024,3,Karmøy til Sotra,3
22,2026,24197,Værøya Ø,ikke-medikamentell,mekanisk behandling,,,,,deler av lokaliteten,5056,HITRA,50,Trøndelag,63.415966,8.483883,6,Nordmøre og Sør-Trøndelag,4
22,2026,37717,Vassgåsholmen,ikke-medikamentell,mekanisk behandling,,,,,deler av lokaliteten,5059,ORKLAND,50,Trøndelag,63.592167,9.339833,6,Nordmøre og Sør-Trøndelag,1
22,2026,13837,Verpeide,ikke-medikamentell,mekanisk behandling,,,,,hele lokaliteten,4602,KINN,46,Vestland,61.902218,5.209233,4,Nordhordaland til Stadt,0
22,2026,27315,Vikane 1,ikke-medikamentell,mekanisk behandling,,,,,hele lokaliteten,4618,ULLENSVANG,46,Vestland,60.263668,6.208383,3,Karmøy til Sotra,0
21,2026,12178,Bjønnspjotneset,ikke-medikamentell,termisk behandling,,,,,deler av lokaliteten,4638,HØYANGER,46,Vestland,61.098083,5.82545,4,Nordhordaland til Stadt,3
21,2026,34997,Bjørnøya,ikke-medikamentell,mekanisk behandling,,,,,deler av lokaliteten,1804,BODØ,18,Nordland,67.41632,14.430617,9,Vestfjorden og Vesterålen,1
21,2026,12594,Breidvika,ikke-medikamentell,termisk behandling,,,,,deler av lokaliteten,5020,OSEN,50,Trøndelag,64.29718,10.393433,6,Nordmøre og Sør-Trøndelag,1
21,2026,34197,Brennholmen,ikke-medikamentell,mekanisk behandling,,,,,hele lokaliteten,1818,HERØY I NORDLAND,18,Nordland,65.978714,12.16355,8,Helgeland til Bodø,
21,2026,32457,Dalsvåg Nv,ikke-medikamentell,ferskvannsbehandling,,,,,hele lokaliteten,1149,KARMØY,11,Rogaland,59.410816,5.21725,3,Karmøy til Sotra,0
21,2026,32457,Dalsvåg Nv,ikke-medikamentell,termisk behandling,,,,,hele lokaliteten,1149,KARMØY,11,Rogaland,59.410816,5.21725,3,Karmøy til Sotra,0
21,2026,26595,Djupevika,ikke-medikamentell,ferskvannsbehandling,,,,,deler av lokaliteten,4616,TYSNES,46,Vestland,60.035816,5.342217,3,Karmøy til Sotra,5
21,2026,26595,Djupevika,ikke-medikamentell,termisk behandling,,,,,deler av lokaliteten,4616,TYSNES,46,Vestland,60.035816,5.342217,3,Karmøy til Sotra,5
21,2026,12033,Dysvik,ikke-medikamentell,termisk behandling,,,,,hele lokaliteten,4622,KVAM,46,Vestland,60.191017,5.967617,3,Karmøy til Sotra,0
21,2026,33077,Elveneset,ikke-medikamentell,annen behandling,,,,,deler av lokaliteten,4637,HYLLESTAD,46,Vestland,61.205833,5.131717,4,Nordhordaland til Stadt,1
21,2026,19115,Fugløya,ikke-medikamentell,mekanisk behandling,,,,,deler av lokaliteten,5056,HITRA,50,Trøndelag,63.475918,9.109833,6,Nordmøre og Sør-Trøndelag,1
21,2026,10318,Gulestø,ikke-medikamentell,termisk behandling,,,,,hele lokaliteten,4648,BREMANGER,46,Vestland,61.75802,5.069883,4,Nordhordaland til Stadt,0
21,2026,16755,Hageberg,ikke-medikamentell,termisk behandling,,,,,deler av lokaliteten,4615,FITJAR,46,Vestland,59.944218,5.434733,3,Karmøy til Sotra,4
21,2026,31577,Haneholmen,medikamentell,fôrbehandling,Annet virkestoff,,,,hele lokaliteten,4650,GLOPPEN,46,Vestland,61.840916,6.099,4,Nordhordaland til Stadt,0
21,2026,30257,Hausan,ikke-medikamentell,ferskvannsbehandling,,,,,deler av lokaliteten,5055,HEIM,50,Trøndelag,63.458317,8.955683,6,Nordmøre og Sør-Trøndelag,1
21,2026,30257,Hausan,ikke-medikamentell,mekanisk behandling,,,,,deler av lokaliteten,5055,HEIM,50,Trøndelag,63.458317,8.955683,6,Nordmøre og Sør-Trøndelag,1
21,2026,30257,Hausan,ikke-medikamentell,ferskvannsbehandling,,,,,deler av lokaliteten,5055,HEIM,50,Trøndelag,63.458317,8.955683,6,Nordmøre og Sør-Trøndelag,2
21,2026,30257,Hausan,ikke-medikamentell,mekanisk behandling,,,,,deler av lokaliteten,5055,HEIM,50,Trøndelag,63.458317,8.955683,6,Nordmøre og Sør-Trøndelag,2
21,2026,25235,Humulen,ikke-medikamentell,mekanisk behandling,,,,,deler av lokaliteten,5060,NÆRØYSUND,50,Trøndelag,64.94605,11.372467,7,Nord-Trøndelag med Bindal,6
21,2026,36817,Kariskjæret,ikke-medikamentell,mekanisk behandling,,,,,deler av lokaliteten,1804,BODØ,18,Nordland,67.38288,14.380617,9,Vestfjorden og Vesterålen,4
21,2026,28976,Kelvesteinen,ikke-medikamentell,termisk behandling,,,,,deler av lokaliteten,4626,ØYGARDEN,46,Vestland,60.403,5.0635,3,Karmøy til Sotra,2
21,2026,28976,Kelvesteinen,ikke-medikamentell,mekanisk behandling,,,,,deler av lokaliteten,4626,ØYGARDEN,46,Vestland,60.403,5.0635,3,Karmøy til Sotra,2
21,2026,36297,Kjeringeholmen,ikke-medikamentell,annen behandling,,,,,deler av lokaliteten,4645,ASKVOLL,46,Vestland,61.391,4.982833,4,Nordhordaland til Stadt,2
21,2026,26135,Kjørsvikgrunn,ikke-medikamentell,mekanisk behandling,,,,,deler av lokaliteten,5055,HEIM,50,Trøndelag,63.457718,9.0756,6,Nordmøre og Sør-Trøndelag,1
21,2026,12239,Kråknes,medikamentell,fôrbehandling,Emamectin benzoat,,,,hele lokaliteten,1547,AUKRA,15,Møre og Romsdal,62.83185,6.9624,5,Stadt til Hustadvika,0
21,2026,32518,Kuøyna,ikke-medikamentell,termisk behandling,,,,,deler av lokaliteten,4635,GULEN,46,Vestland,60.996418,4.897983,4,Nordhordaland til Stadt,2
21,2026,34637,Langholmen N,medikamentell,fôrbehandling,Emamectin benzoat,,,,hele lokaliteten,1866,HADSEL,18,Nordland,68.66638,14.914717,9,Vestfjorden og Vesterålen,0
21,2026,37297,Larstangen,ikke-medikamentell,mekanisk behandling,,,,,deler av lokaliteten,5534,KARLSØY,55,Troms,70.0834,20.092167,11,Kvaløya til Loppa,7
21,2026,13340,Leiholmane,ikke-medikamentell,termisk behandling,,,,,deler av lokaliteten,4635,GULEN,46,Vestland,60.980633,4.87435,4,Nordhordaland til Stadt,1
21,2026,21397,Midt Femris,ikke-medikamentell,mekanisk behandling,,,,,hele lokaliteten,1838,GILDESKÅL,18,Nordland,67.036934,13.967767,8,Helgeland til Bodø,
21,2026,45140,Nordskaftet,ikke-medikamentell,termisk behandling,,,,,deler av lokaliteten,1836,RØDØY,18,Nordland,66.629684,13.10985,8,Helgeland til Bodø,4
21,2026,35897,Nye Hessvik,medikamentell,fôrbehandling,Emamectin benzoat,,,,hele lokaliteten,4618,ULLENSVANG,46,Vestland,60.130184,6.126617,3,Karmøy til Sotra,0
21,2026,24495,Nystølvågen,medikamentell,badebehandling,Annet virkestoff,,,,hele lokaliteten,4624,BJØRNAFJORDEN,46,Vestland,60.052334,5.79345,3,Karmøy til Sotra,0
21,2026,45077,Ørnhaugneset,ikke-medikamentell,annen behandling,,,,,deler av lokaliteten,1875,HAMARØY,18,Nordland,67.98025,15.5878,9,Vestfjorden og Vesterålen,3
21,2026,22796,Renga S,ikke-medikamentell,termisk behandling,,,,,deler av lokaliteten,1836,RØDØY,18,Nordland,66.58757,13.09655,8,Helgeland til Bodø,4
21,2026,29276,Rongøy,ikke-medikamentell,termisk behandling,,,,,deler av lokaliteten,4626,ØYGARDEN,46,Vestland,60.509335,4.9317,4,Nordhordaland til Stadt,1
21,2026,45050,Skarvhammaren,ikke-medikamentell,mekanisk behandling,,,,,deler av lokaliteten,1820,ALSTAHAUG,18,Nordland,65.834015,12.553983,8,Helgeland til Bodø,1
21,2026,33157,Skogsholmen,ikke-medikamentell,mekanisk behandling,,,,,deler av lokaliteten,1815,VEGA,18,Nordland,65.83141,12.070533,8,Helgeland til Bodø,3
21,2026,25896,Skorpo,medikamentell,fôrbehandling,Diflubenzuron,,,,hele lokaliteten,4616,TYSNES,46,Vestland,59.875767,5.638817,3,Karmøy til Sotra,
21,2026,13865,Spergittklubben,ikke-medikamentell,termisk behandling,,,,,deler av lokaliteten,5605,SØR-VARANGER,56,Finnmark,69.7948,30.395617,13,Øst-Finnmark,1
21,2026,13865,Spergittklubben,ikke-medikamentell,mekanisk behandling,,,,,deler av lokaliteten,5605,SØR-VARANGER,56,Finnmark,69.7948,30.395617,13,Øst-Finnmark,1
21,2026,13865,Spergittklubben,ikke-medikamentell,termisk behandling,,,,,deler av lokaliteten,5605,SØR-VARANGER,56,Finnmark,69.7948,30.395617,13,Øst-Finnmark,1
21,2026,13865,Spergittklubben,ikke-medikamentell,mekanisk behandling,,,,,deler av lokaliteten,5605,SØR-VARANGER,56,Finnmark,69.7948,30.395617,13,Øst-Finnmark,1
21,2026,13865,Spergittklubben,ikke-medikamentell,termisk behandling,,,,,deler av lokaliteten,5605,SØR-VARANGER,56,Finnmark,69.7948,30.395617,13,Øst-Finnmark,1
21,2026,13865,Spergittklubben,ikke-medikamentell,mekanisk behandling,,,,,deler av lokaliteten,5605,SØR-VARANGER,56,Finnmark,69.7948,30.395617,13,Øst-Finnmark,1
21,2026,22335,Storvika,medikamentell,fôrbehandling,Emamectin benzoat,,,,hele lokaliteten,1579,HUSTADVIKA,15,Møre og Romsdal,62.8021,6.977733,5,Stadt til Hustadvika,0
21,2026,23055,Storvika V,ikke-medikamentell,mekanisk behandling,,,,,deler av lokaliteten,5528,DYRØY,55,Troms,69.043915,17.357317,10,Andøya til Senja,1
21,2026,10421,Storvikbukta,ikke-medikamentell,termisk behandling,,,,,deler av lokaliteten,5060,NÆRØYSUND,50,Trøndelag,64.92828,11.91045,7,Nord-Trøndelag med Bindal,1
21,2026,10421,Storvikbukta,ikke-medikamentell,mekanisk behandling,,,,,deler av lokaliteten,5060,NÆRØYSUND,50,Trøndelag,64.92828,11.91045,7,Nord-Trøndelag med Bindal,6
21,2026,26235,Stualand,ikke-medikamentell,mekanisk behandling,,,,,deler av lokaliteten,4612,SVEIO,46,Vestland,59.6088,5.5269,3,Karmøy til Sotra,1
21,2026,12074,Svåsandneset,ikke-medikamentell,termisk behandling,,,,,deler av lokaliteten,4618,ULLENSVANG,46,Vestland,60.32422,6.318983,3,Karmøy til Sotra,1
21,2026,12074,Svåsandneset,ikke-medikamentell,mekanisk behandling,,,,,deler av lokaliteten,4618,ULLENSVANG,46,Vestland,60.32422,6.318983,3,Karmøy til Sotra,1
21,2026,13196,Syltøy,ikke-medikamentell,mekanisk behandling,,,,,hele lokaliteten,4626,ØYGARDEN,46,Vestland,60.304432,4.968967,3,Karmøy til Sotra,0
21,2026,16165,Tårnvika,ikke-medikamentell,mekanisk behandling,,,,,deler av lokaliteten,1804,BODØ,18,Nordland,67.57312,15.1288,9,Vestfjorden og Vesterålen,2
21,2026,21755,Tendalsvik,ikke-medikamentell,termisk behandling,,,,,deler av lokaliteten,4611,ETNE,46,Vestland,59.736465,5.885317,3,Karmøy til Sotra,1
21,2026,12662,Ternskjæret II,ikke-medikamentell,mekanisk behandling,,,,,deler av lokaliteten,5007,NAMSOS,50,Trøndelag,64.77713,11.639767,7,Nord-Trøndelag med Bindal,12
21,2026,10029,Tuholmane Ø,medikamentell,badebehandling,Annet virkestoff,,,,hele lokaliteten,1149,KARMØY,11,Rogaland,59.371235,5.216333,3,Karmøy til Sotra,0
21,2026,14081,Tveit,ikke-medikamentell,termisk behandling,,,,,deler av lokaliteten,4637,HYLLESTAD,46,Vestland,61.110085,5.340483,4,Nordhordaland til Stadt,6
21,2026,37717,Vassgåsholmen,ikke-medikamentell,mekanisk behandling,,,,,deler av lokaliteten,5059,ORKLAND,50,Trøndelag,63.592167,9.339833,6,Nordmøre og Sør-Trøndelag,2
21,2026,11303,Veggfjell,ikke-medikamentell,annen behandling,,,,,deler av lokaliteten,1875,HAMARØY,18,Nordland,67.96265,15.808267,9,Vestfjorden og Vesterålen,7
20,2026,24695,Årnes,ikke-medikamentell,mekanisk behandling,,,,,deler av lokaliteten,5007,NAMSOS,50,Trøndelag,64.59637,11.272917,7,Nord-Trøndelag med Bindal,1
20,2026,25055,Bekksneset,ikke-medikamentell,termisk behandling,,,,,hele lokaliteten,4637,HYLLESTAD,46,Vestland,61.07675,5.386017,4,Nordhordaland til Stadt,0
20,2026,31857,Blomsøråsa,ikke-medikamentell,mekanisk behandling,,,,,deler av lokaliteten,1820,ALSTAHAUG,18,Nordland,65.85623,12.311983,8,Helgeland til Bodø,3
20,2026,12594,Breidvika,ikke-medikamentell,termisk behandling,,,,,deler av lokaliteten,5020,OSEN,50,Trøndelag,64.29718,10.393433,6,Nordmøre og Sør-Trøndelag,3
20,2026,32457,Dalsvåg Nv,medikamentell,badebehandling,Annet virkestoff,,,,hele lokaliteten,1149,KARMØY,11,Rogaland,59.410816,5.21725,3,Karmøy til Sotra,0
20,2026,24575,Farmannsøya,ikke-medikamentell,mekanisk behandling,,,,,deler av lokaliteten,5058,ÅFJORD,50,Trøndelag,64.18452,10.1222,6,Nordmøre og Sør-Trøndelag,2
20,2026,29296,Fleina,ikke-medikamentell,termisk behandling,,,,,deler av lokaliteten,1838,GILDESKÅL,18,Nordland,67.0951,13.875217,8,Helgeland til Bodø,3
20,2026,19115,Fugløya,ikke-medikamentell,mekanisk behandling,,,,,deler av lokaliteten,5056,HITRA,50,Trøndelag,63.475918,9.109833,6,Nordmøre og Sør-Trøndelag,2
20,2026,11559,Grimsholmen,ikke-medikamentell,ferskvannsbehandling,,,,,hele lokaliteten,4612,SVEIO,46,Vestland,59.65735,5.404167,3,Karmøy til Sotra,0
20,2026,11559,Grimsholmen,ikke-medikamentell,termisk behandling,,,,,hele lokaliteten,4612,SVEIO,46,Vestland,59.65735,5.404167,3,Karmøy til Sotra,0
20,2026,31577,Haneholmen,medikamentell,fôrbehandling,Annet virkestoff,,,,hele lokaliteten,4650,GLOPPEN,46,Vestland,61.840916,6.099,4,Nordhordaland til Stadt,0
20,2026,10425,Heggvika,ikke-medikamentell,mekanisk behandling,,,,,deler av lokaliteten,1811,BINDAL,18,Nordland,65.12658,12.071983,7,Nord-Trøndelag med Bindal,1
20,2026,45080,Hestvik,ikke-medikamentell,mekanisk behandling,,,,,hele lokaliteten,1836,RØDØY,18,Nordland,66.581764,13.206917,8,Helgeland til Bodø,0
20,2026,32417,Hjartholmosen,ikke-medikamentell,termisk behandling,,,,,hele lokaliteten,4625,AUSTEVOLL,46,Vestland,60.00458,5.2287,3,Karmøy til Sotra,0
20,2026,32777,Hundbergan,ikke-medikamentell,mekanisk behandling,,,,,deler av lokaliteten,5530,SENJA,55,Troms,69.5569,17.610233,10,Andøya til Senja,5
20,2026,26135,Kjørsvikgrunn,ikke-medikamentell,mekanisk behandling,,,,,deler av lokaliteten,5055,HEIM,50,Trøndelag,63.457718,9.0756,6,Nordmøre og Sør-Trøndelag,2
20,2026,32577,Klammerholmen,ikke-medikamentell,ferskvannsbehandling,,,,,deler av lokaliteten,4625,AUSTEVOLL,46,Vestland,60.08165,5.168567,3,Karmøy til Sotra,3
20,2026,32577,Klammerholmen,ikke-medikamentell,termisk behandling,,,,,deler av lokaliteten,4625,AUSTEVOLL,46,Vestland,60.08165,5.168567,3,Karmøy til Sotra,3
20,2026,13764,Kokvika,ikke-medikamentell,termisk behandling,,,,,deler av lokaliteten,1834,LURØY,18,Nordland,66.41295,12.95735,8,Helgeland til Bodø,5
20,2026,12239,Kråknes,medikamentell,fôrbehandling,Emamectin benzoat,,,,hele lokaliteten,1547,AUKRA,15,Møre og Romsdal,62.83185,6.9624,5,Stadt til Hustadvika,0
20,2026,10898,Lamholmen,medikamentell,badebehandling,Azamethiphos,,,,hele lokaliteten,1813,BRØNNØY,18,Nordland,65.47138,12.135,8,Helgeland til Bodø,
20,2026,21397,Midt Femris,ikke-medikamentell,mekanisk behandling,,,,,hele lokaliteten,1838,GILDESKÅL,18,Nordland,67.036934,13.967767,8,Helgeland til Bodø,
20,2026,34477,Nausttaren,ikke-medikamentell,mekanisk behandling,,,,,deler av lokaliteten,5020,OSEN,50,Trøndelag,64.389565,10.512533,6,Nordmøre og Sør-Trøndelag,2
20,2026,10050,Ospøy Ø,ikke-medikamentell,termisk behandling,,,,,hele lokaliteten,4613,BØMLO,46,Vestland,59.866566,5.228133,3,Karmøy til Sotra,0
20,2026,11972,Prestholmane,ikke-medikamentell,annen behandling,,,,,deler av lokaliteten,1103,STAVANGER,11,Rogaland,59.117016,5.852033,2,Ryfylke,4
20,2026,31777,Reinvika,ikke-medikamentell,termisk behandling,,,,,deler av lokaliteten,1845,SØRFOLD,18,Nordland,67.60568,15.368483,9,Vestfjorden og Vesterålen,4
20,2026,22796,Renga S,ikke-medikamentell,termisk behandling,,,,,deler av lokaliteten,1836,RØDØY,18,Nordland,66.58757,13.09655,8,Helgeland til Bodø,4
20,2026,12784,Ringholmen,ikke-medikamentell,mekanisk behandling,,,,,deler av lokaliteten,5056,HITRA,50,Trøndelag,63.55995,9.409567,6,Nordmøre og Sør-Trøndelag,1
20,2026,12784,Ringholmen,ikke-medikamentell,ferskvannsbehandling,,,,,deler av lokaliteten,5056,HITRA,50,Trøndelag,63.55995,9.409567,6,Nordmøre og Sør-Trøndelag,1
20,2026,12784,Ringholmen,ikke-medikamentell,ferskvannsbehandling,,,,,deler av lokaliteten,5056,HITRA,50,Trøndelag,63.55995,9.409567,6,Nordmøre og Sør-Trøndelag,1
20,2026,12784,Ringholmen,ikke-medikamentell,mekanisk behandling,,,,,deler av lokaliteten,5056,HITRA,50,Trøndelag,63.55995,9.409567,6,Nordmøre og Sør-Trøndelag,1
20,2026,12784,Ringholmen,ikke-medikamentell,mekanisk behandling,,,,,deler av lokaliteten,5056,HITRA,50,Trøndelag,63.55995,9.409567,6,Nordmøre og Sør-Trøndelag,1
20,2026,12784,Ringholmen,ikke-medikamentell,ferskvannsbehandling,,,,,deler av lokaliteten,5056,HITRA,50,Trøndelag,63.55995,9.409567,6,Nordmøre og Sør-Trøndelag,1
20,2026,29276,Rongøy,ikke-medikamentell,termisk behandling,,,,,deler av lokaliteten,4626,ØYGARDEN,46,Vestland,60.509335,4.9317,4,Nordhordaland til Stadt,1
20,2026,13249,Sagelva,medikamentell,fôrbehandling,Emamectin benzoat,,,,hele lokaliteten,1520,ØRSTA,15,Møre og Romsdal,62.33795,6.3815,5,Stadt til Hustadvika,0
20,2026,10328,Sagvik,ikke-medikamentell,termisk behandling,,,,,deler av lokaliteten,4622,KVAM,46,Vestland,60.141033,5.906933,3,Karmøy til Sotra,2
20,2026,16255,Skarvfjell,ikke-medikamentell,ferskvannsbehandling,,,,,deler av lokaliteten,5605,SØR-VARANGER,56,Finnmark,69.73117,30.415333,13,Øst-Finnmark,1
20,2026,16255,Skarvfjell,ikke-medikamentell,termisk behandling,,,,,deler av lokaliteten,5605,SØR-VARANGER,56,Finnmark,69.73117,30.415333,13,Øst-Finnmark,1
20,2026,16255,Skarvfjell,ikke-medikamentell,ferskvannsbehandling,,,,,deler av lokaliteten,5605,SØR-VARANGER,56,Finnmark,69.73117,30.415333,13,Øst-Finnmark,1
20,2026,16255,Skarvfjell,ikke-medikamentell,termisk behandling,,,,,deler av lokaliteten,5605,SØR-VARANGER,56,Finnmark,69.73117,30.415333,13,Øst-Finnmark,1
20,2026,16255,Skarvfjell,ikke-medikamentell,termisk behandling,,,,,deler av lokaliteten,5605,SØR-VARANGER,56,Finnmark,69.73117,30.415333,13,Øst-Finnmark,1
20,2026,16255,Skarvfjell,ikke-medikamentell,mekanisk behandling,,,,,deler av lokaliteten,5605,SØR-VARANGER,56,Finnmark,69.73117,30.415333,13,Øst-Finnmark,1
20,2026,45050,Skarvhammaren,ikke-medikamentell,mekanisk behandling,,,,,deler av lokaliteten,1820,ALSTAHAUG,18,Nordland,65.834015,12.553983,8,Helgeland til Bodø,3
20,2026,25896,Skorpo,medikamentell,fôrbehandling,Diflubenzuron,,,,hele lokaliteten,4616,TYSNES,46,Vestland,59.875767,5.638817,3,Karmøy til Sotra,
20,2026,29356,Smineset N,ikke-medikamentell,mekanisk behandling,,,,,deler av lokaliteten,5007,NAMSOS,50,Trøndelag,64.75597,11.54245,7,Nord-Trøndelag med Bindal,3
20,2026,11605,Soløy Ø,ikke-medikamentell,termisk behandling,,,,,deler av lokaliteten,4615,FITJAR,46,Vestland,59.90715,5.159333,3,Karmøy til Sotra,2
20,2026,15456,Søreide,ikke-medikamentell,termisk behandling,,,,,deler av lokaliteten,4638,HØYANGER,46,Vestland,61.1056,5.8536,4,Nordhordaland til Stadt,1
20,2026,28896,Stangholmen,ikke-medikamentell,termisk behandling,,,,,deler av lokaliteten,1836,RØDØY,18,Nordland,66.61802,12.954667,8,Helgeland til Bodø,8
20,2026,31217,Stokkasjøen,ikke-medikamentell,mekanisk behandling,,,,,deler av lokaliteten,1816,VEVELSTAD,18,Nordland,65.78252,12.591783,8,Helgeland til Bodø,3
20,2026,22335,Storvika,medikamentell,fôrbehandling,Emamectin benzoat,,,,hele lokaliteten,1579,HUSTADVIKA,15,Møre og Romsdal,62.8021,6.977733,5,Stadt til Hustadvika,0
20,2026,23055,Storvika V,ikke-medikamentell,mekanisk behandling,,,,,deler av lokaliteten,5528,DYRØY,55,Troms,69.043915,17.357317,10,Andøya til Senja,6
20,2026,26235,Stualand,ikke-medikamentell,termisk behandling,,,,,deler av lokaliteten,4612,SVEIO,46,Vestland,59.6088,5.5269,3,Karmøy til Sotra,2
20,2026,16165,Tårnvika,ikke-medikamentell,mekanisk behandling,,,,,deler av lokaliteten,1804,BODØ,18,Nordland,67.57312,15.1288,9,Vestfjorden og Vesterålen,3
20,2026,13057,Teigland I,ikke-medikamentell,termisk behandling,,,,,hele lokaliteten,4622,KVAM,46,Vestland,60.17935,5.959917,3,Karmøy til Sotra,0
20,2026,29776,Teksmona,ikke-medikamentell,mekanisk behandling,,,,,deler av lokaliteten,1837,MELØY,18,Nordland,66.868416,13.601383,8,Helgeland til Bodø,2
20,2026,12449,Tennøya,ikke-medikamentell,mekanisk behandling,,,,,deler av lokaliteten,5014,FRØYA,50,Trøndelag,63.805035,8.4444,6,Nordmøre og Sør-Trøndelag,3
20,2026,12662,Ternskjæret II,ikke-medikamentell,mekanisk behandling,,,,,deler av lokaliteten,5007,NAMSOS,50,Trøndelag,64.77713,11.639767,7,Nord-Trøndelag med Bindal,1
20,2026,11303,Veggfjell,ikke-medikamentell,annen behandling,,,,,deler av lokaliteten,1875,HAMARØY,18,Nordland,67.96265,15.808267,9,Vestfjorden og Vesterålen,1
19,2026,24695,Årnes,ikke-medikamentell,mekanisk behandling,,,,,deler av lokaliteten,5007,NAMSOS,50,Trøndelag,64.59637,11.272917,7,Nord-Trøndelag med Bindal,4
19,2026,22455,Bjørlykkestranda,medikamentell,fôrbehandling,Emamectin benzoat,,,,hele lokaliteten,1511,VANYLVEN,15,Møre og Romsdal,62.16655,5.5954,5,Stadt til Hustadvika,0
19,2026,31857,Blomsøråsa,ikke-medikamentell,mekanisk behandling,,,,,deler av lokaliteten,1820,ALSTAHAUG,18,Nordland,65.85623,12.311983,8,Helgeland til Bodø,3
19,2026,10256,Bondøya,ikke-medikamentell,mekanisk behandling,,,,,deler av lokaliteten,5060,NÆRØYSUND,50,Trøndelag,64.8168,10.7427,7,Nord-Trøndelag med Bindal,4
19,2026,11015,Brattholmen,ikke-medikamentell,mekanisk behandling,,,,,deler av lokaliteten,1818,HERØY I NORDLAND,18,Nordland,65.90735,12.220967,8,Helgeland til Bodø,3
19,2026,33537,Buholmen,ikke-medikamentell,mekanisk behandling,,,,,deler av lokaliteten,5058,ÅFJORD,50,Trøndelag,64.1569,10.008917,6,Nordmøre og Sør-Trøndelag,4
19,2026,11857,Buksevika,ikke-medikamentell,mekanisk behandling,,,,,hele lokaliteten,4207,FLEKKEFJORD,42,Agder,58.2079,6.636067,1,Svenskegrensen til Jæren,0
19,2026,12109,Ebne,ikke-medikamentell,mekanisk behandling,,,,,hele lokaliteten,4611,ETNE,46,Vestland,59.71443,5.8238,3,Karmøy til Sotra,
19,2026,24575,Farmannsøya,ikke-medikamentell,mekanisk behandling,,,,,deler av lokaliteten,5058,ÅFJORD,50,Trøndelag,64.18452,10.1222,6,Nordmøre og Sør-Trøndelag,1
19,2026,29296,Fleina,ikke-medikamentell,termisk behandling,,,,,deler av lokaliteten,1838,GILDESKÅL,18,Nordland,67.0951,13.875217,8,Helgeland til Bodø,1
19,2026,10317,Garvik,ikke-medikamentell,annen behandling,,,,,hele lokaliteten,4645,ASKVOLL,46,Vestland,61.31663,4.979333,4,Nordhordaland til Stadt,0
19,2026,11690,Grasholmen,ikke-medikamentell,termisk behandling,,,,,deler av lokaliteten,4631,ALVER,46,Vestland,60.595768,5.159717,4,Nordhordaland til Stadt,3
19,2026,10425,Heggvika,ikke-medikamentell,mekanisk behandling,,,,,deler av lokaliteten,1811,BINDAL,18,Nordland,65.12658,12.071983,7,Nord-Trøndelag med Bindal,2
19,2026,12590,Helligholmen,ikke-medikamentell,mekanisk behandling,,,,,deler av lokaliteten,5060,NÆRØYSUND,50,Trøndelag,64.83839,10.665517,7,Nord-Trøndelag med Bindal,4
19,2026,22596,Hesbygrunnen,ikke-medikamentell,annen behandling,,,,,deler av lokaliteten,1103,STAVANGER,11,Rogaland,59.1944,5.801317,2,Ryfylke,1
19,2026,11571,Holevik,ikke-medikamentell,annen behandling,,,,,hele lokaliteten,4613,BØMLO,46,Vestland,59.776566,5.32265,3,Karmøy til Sotra,0
19,2026,12599,Indre Skjervøy,ikke-medikamentell,termisk behandling,,,,,deler av lokaliteten,5020,OSEN,50,Trøndelag,64.2858,10.30905,6,Nordmøre og Sør-Trøndelag,2
19,2026,12660,Kipholmen,ikke-medikamentell,mekanisk behandling,,,,,deler av lokaliteten,5060,NÆRØYSUND,50,Trøndelag,64.79403,11.690367,7,Nord-Trøndelag med Bindal,1
19,2026,18217,Kvaløy Ø,medikamentell,badebehandling,Annet virkestoff,,,,hele lokaliteten,1149,KARMØY,11,Rogaland,59.397385,5.174033,3,Karmøy til Sotra,0
19,2026,11116,Langholmen,ikke-medikamentell,mekanisk behandling,,,,,deler av lokaliteten,1838,GILDESKÅL,18,Nordland,67.05783,14.025333,8,Helgeland til Bodø,1
19,2026,28036,Langskjæran,ikke-medikamentell,mekanisk behandling,,,,,deler av lokaliteten,1838,GILDESKÅL,18,Nordland,67.118385,13.898417,8,Helgeland til Bodø,5
19,2026,10303,Nappeholmane,ikke-medikamentell,termisk behandling,,,,,deler av lokaliteten,4613,BØMLO,46,Vestland,59.742985,5.363633,3,Karmøy til Sotra,1
19,2026,13345,Oterstegdalen,ikke-medikamentell,termisk behandling,,,,,hele lokaliteten,4624,BJØRNAFJORDEN,46,Vestland,60.23545,5.638267,3,Karmøy til Sotra,0
19,2026,13345,Oterstegdalen,ikke-medikamentell,ferskvannsbehandling,,,,,hele lokaliteten,4624,BJØRNAFJORDEN,46,Vestland,60.23545,5.638267,3,Karmøy til Sotra,0
19,2026,11854,Pinnen,ikke-medikamentell,mekanisk behandling,,,,,hele lokaliteten,4207,FLEKKEFJORD,42,Agder,58.221966,6.68495,1,Svenskegrensen til Jæren,0
19,2026,45198,Purkholmen,ikke-medikamentell,mekanisk behandling,,,,,deler av lokaliteten,5060,NÆRØYSUND,50,Trøndelag,64.80645,10.565933,7,Nord-Trøndelag med Bindal,1
19,2026,22796,Renga S,ikke-medikamentell,termisk behandling,,,,,deler av lokaliteten,1836,RØDØY,18,Nordland,66.58757,13.09655,8,Helgeland til Bodø,2
19,2026,17357,Rennaren,medikamentell,badebehandling,Azamethiphos,,,,deler av lokaliteten,1103,STAVANGER,11,Rogaland,59.13252,5.721883,2,Ryfylke,0
19,2026,12784,Ringholmen,ikke-medikamentell,mekanisk behandling,,,,,deler av lokaliteten,5056,HITRA,50,Trøndelag,63.55995,9.409567,6,Nordmøre og Sør-Trøndelag,1
19,2026,12784,Ringholmen,ikke-medikamentell,ferskvannsbehandling,,,,,deler av lokaliteten,5056,HITRA,50,Trøndelag,63.55995,9.409567,6,Nordmøre og Sør-Trøndelag,1
19,2026,29276,Rongøy,ikke-medikamentell,termisk behandling,,,,,deler av lokaliteten,4626,ØYGARDEN,46,Vestland,60.509335,4.9317,4,Nordhordaland til Stadt,1
19,2026,13249,Sagelva,medikamentell,fôrbehandling,Emamectin benzoat,,,,hele lokaliteten,1520,ØRSTA,15,Møre og Romsdal,62.33795,6.3815,5,Stadt til Hustadvika,0
19,2026,13035,Sauaneset I,ikke-medikamentell,termisk behandling,,,,,deler av lokaliteten,4625,AUSTEVOLL,46,Vestland,60.088516,5.266183,3,Karmøy til Sotra,9
19,2026,17015,Seglberget,ikke-medikamentell,termisk behandling,,,,,deler av lokaliteten,4617,KVINNHERAD,46,Vestland,59.730434,5.788733,3,Karmøy til Sotra,1
19,2026,33157,Skogsholmen,ikke-medikamentell,mekanisk behandling,,,,,deler av lokaliteten,1815,VEGA,18,Nordland,65.83141,12.070533,8,Helgeland til Bodø,2
19,2026,15456,Søreide,ikke-medikamentell,termisk behandling,,,,,deler av lokaliteten,4638,HØYANGER,46,Vestland,61.1056,5.8536,4,Nordhordaland til Stadt,2
19,2026,31217,Stokkasjøen,ikke-medikamentell,mekanisk behandling,,,,,deler av lokaliteten,1816,VEVELSTAD,18,Nordland,65.78252,12.591783,8,Helgeland til Bodø,1
19,2026,13125,Storvika,ikke-medikamentell,termisk behandling,,,,,deler av lokaliteten,1837,MELØY,18,Nordland,66.80845,13.24255,8,Helgeland til Bodø,2
19,2026,45166,Storvikneset,ikke-medikamentell,termisk behandling,,,,,hele lokaliteten,1828,NESNA,18,Nordland,66.28207,12.996967,8,Helgeland til Bodø,0
19,2026,11144,Svinvær,ikke-medikamentell,termisk behandling,,,,,hele lokaliteten,1836,RØDØY,18,Nordland,66.769485,13.171383,8,Helgeland til Bodø,0
19,2026,12449,Tennøya,ikke-medikamentell,mekanisk behandling,,,,,deler av lokaliteten,5014,FRØYA,50,Trøndelag,63.805035,8.4444,6,Nordmøre og Sør-Trøndelag,2
19,2026,33677,Torvund,ikke-medikamentell,termisk behandling,,,,,deler av lokaliteten,4638,HØYANGER,46,Vestland,61.14467,5.656367,4,Nordhordaland til Stadt,3
19,2026,45025,Vegglandet,ikke-medikamentell,ferskvannsbehandling,,,,,deler av lokaliteten,5603,HAMMERFEST,56,Finnmark,70.54208,23.241882,12,Vest-Finnmark,1
19,2026,45025,Vegglandet,ikke-medikamentell,mekanisk behandling,,,,,deler av lokaliteten,5603,HAMMERFEST,56,Finnmark,70.54208,23.241882,12,Vest-Finnmark,1
19,2026,45025,Vegglandet,ikke-medikamentell,ferskvannsbehandling,,,,,deler av lokaliteten,5603,HAMMERFEST,56,Finnmark,70.54208,23.241882,12,Vest-Finnmark,1
19,2026,45025,Vegglandet,ikke-medikamentell,mekanisk behandling,,,,,deler av lokaliteten,5603,HAMMERFEST,56,Finnmark,70.54208,23.241882,12,Vest-Finnmark,1
19,2026,45025,Vegglandet,ikke-medikamentell,ferskvannsbehandling,,,,,deler av lokaliteten,5603,HAMMERFEST,56,Finnmark,70.54208,23.241882,12,Vest-Finnmark,1
19,2026,45025,Vegglandet,ikke-medikamentell,mekanisk behandling,,,,,deler av lokaliteten,5603,HAMMERFEST,56,Finnmark,70.54208,23.241882,12,Vest-Finnmark,1
19,2026,45025,Vegglandet,ikke-medikamentell,ferskvannsbehandling,,,,,deler av lokaliteten,5603,HAMMERFEST,56,Finnmark,70.54208,23.241882,12,Vest-Finnmark,1
19,2026,45025,Vegglandet,ikke-medikamentell,mekanisk behandling,,,,,deler av lokaliteten,5603,HAMMERFEST,56,Finnmark,70.54208,23.241882,12,Vest-Finnmark,1
19,2026,45025,Vegglandet,ikke-medikamentell,mekanisk behandling,,,,,deler av lokaliteten,5603,HAMMERFEST,56,Finnmark,70.54208,23.241882,12,Vest-Finnmark,1
19,2026,45025,Vegglandet,ikke-medikamentell,ferskvannsbehandling,,,,,deler av lokaliteten,5603,HAMMERFEST,56,Finnmark,70.54208,23.241882,12,Vest-Finnmark,1
19,2026,45025,Vegglandet,ikke-medikamentell,ferskvannsbehandling,,,,,deler av lokaliteten,5603,HAMMERFEST,56,Finnmark,70.54208,23.241882,12,Vest-Finnmark,1
19,2026,45025,Vegglandet,ikke-medikamentell,mekanisk behandling,,,,,deler av lokaliteten,5603,HAMMERFEST,56,Finnmark,70.54208,23.241882,12,Vest-Finnmark,1
19,2026,45025,Vegglandet,ikke-medikamentell,ferskvannsbehandling,,,,,deler av lokaliteten,5603,HAMMERFEST,56,Finnmark,70.54208,23.241882,12,Vest-Finnmark,1
19,2026,45025,Vegglandet,ikke-medikamentell,mekanisk behandling,,,,,deler av lokaliteten,5603,HAMMERFEST,56,Finnmark,70.54208,23.241882,12,Vest-Finnmark,1
19,2026,45025,Vegglandet,ikke-medikamentell,mekanisk behandling,,,,,deler av lokaliteten,5603,HAMMERFEST,56,Finnmark,70.54208,23.241882,12,Vest-Finnmark,1
19,2026,45025,Vegglandet,ikke-medikamentell,ferskvannsbehandling,,,,,deler av lokaliteten,5603,HAMMERFEST,56,Finnmark,70.54208,23.241882,12,Vest-Finnmark,1
19,2026,45025,Vegglandet,ikke-medikamentell,ferskvannsbehandling,,,,,deler av lokaliteten,5603,HAMMERFEST,56,Finnmark,70.54208,23.241882,12,Vest-Finnmark,1
19,2026,45025,Vegglandet,ikke-medikamentell,mekanisk behandling,,,,,deler av lokaliteten,5603,HAMMERFEST,56,Finnmark,70.54208,23.241882,12,Vest-Finnmark,1
18,2026,13572,Badstuvika,ikke-medikamentell,mekanisk behandling,,,,,deler av lokaliteten,5056,HITRA,50,Trøndelag,63.53398,9.1469,6,Nordmøre og Sør-Trøndelag,1
18,2026,22455,Bjørlykkestranda,medikamentell,fôrbehandling,Emamectin benzoat,,,,hele lokaliteten,1511,VANYLVEN,15,Møre og Romsdal,62.16655,5.5954,5,Stadt til Hustadvika,0
18,2026,13209,Bognøy,ikke-medikamentell,termisk behandling,,,,,hele lokaliteten,4631,ALVER,46,Vestland,60.604416,5.075833,4,Nordhordaland til Stadt,0
18,2026,10256,Bondøya,ikke-medikamentell,mekanisk behandling,,,,,deler av lokaliteten,5060,NÆRØYSUND,50,Trøndelag,64.8168,10.7427,7,Nord-Trøndelag med Bindal,2
18,2026,11015,Brattholmen,ikke-medikamentell,mekanisk behandling,,,,,deler av lokaliteten,1818,HERØY I NORDLAND,18,Nordland,65.90735,12.220967,8,Helgeland til Bodø,5
18,2026,27976,Bukkholmen,ikke-medikamentell,mekanisk behandling,,,,,hele lokaliteten,1820,ALSTAHAUG,18,Nordland,65.91832,12.244583,8,Helgeland til Bodø,0
18,2026,33077,Elveneset,ikke-medikamentell,annen behandling,,,,,deler av lokaliteten,4637,HYLLESTAD,46,Vestland,61.205833,5.131717,4,Nordhordaland til Stadt,1
18,2026,30257,Hausan,ikke-medikamentell,ferskvannsbehandling,,,,,deler av lokaliteten,5055,HEIM,50,Trøndelag,63.458317,8.955683,6,Nordmøre og Sør-Trøndelag,1
18,2026,30257,Hausan,ikke-medikamentell,mekanisk behandling,,,,,deler av lokaliteten,5055,HEIM,50,Trøndelag,63.458317,8.955683,6,Nordmøre og Sør-Trøndelag,1
18,2026,30257,Hausan,ikke-medikamentell,ferskvannsbehandling,,,,,deler av lokaliteten,5055,HEIM,50,Trøndelag,63.458317,8.955683,6,Nordmøre og Sør-Trøndelag,1
18,2026,30257,Hausan,ikke-medikamentell,mekanisk behandling,,,,,deler av lokaliteten,5055,HEIM,50,Trøndelag,63.458317,8.955683,6,Nordmøre og Sør-Trøndelag,1
18,2026,22596,Hesbygrunnen,medikamentell,badebehandling,Annet virkestoff,,,,deler av lokaliteten,1103,STAVANGER,11,Rogaland,59.1944,5.801317,2,Ryfylke,0
18,2026,22596,Hesbygrunnen,ikke-medikamentell,annen behandling,,,,,deler av lokaliteten,1103,STAVANGER,11,Rogaland,59.1944,5.801317,2,Ryfylke,1
18,2026,18015,Hestabyneset,ikke-medikamentell,ferskvannsbehandling,,,,,deler av lokaliteten,4616,TYSNES,46,Vestland,59.953632,5.4514,3,Karmøy til Sotra,1
18,2026,18015,Hestabyneset,ikke-medikamentell,termisk behandling,,,,,deler av lokaliteten,4616,TYSNES,46,Vestland,59.953632,5.4514,3,Karmøy til Sotra,1
18,2026,18015,Hestabyneset,ikke-medikamentell,ferskvannsbehandling,,,,,deler av lokaliteten,4616,TYSNES,46,Vestland,59.953632,5.4514,3,Karmøy til Sotra,1
18,2026,18015,Hestabyneset,ikke-medikamentell,termisk behandling,,,,,deler av lokaliteten,4616,TYSNES,46,Vestland,59.953632,5.4514,3,Karmøy til Sotra,1
18,2026,10410,Hindholmen,ikke-medikamentell,termisk behandling,,,,,hele lokaliteten,5060,NÆRØYSUND,50,Trøndelag,64.77393,11.44087,7,Nord-Trøndelag med Bindal,0
18,2026,29656,Juvika,ikke-medikamentell,ferskvannsbehandling,,,,,deler av lokaliteten,4636,SOLUND,46,Vestland,61.1051,5.019933,4,Nordhordaland til Stadt,1
18,2026,29656,Juvika,ikke-medikamentell,termisk behandling,,,,,deler av lokaliteten,4636,SOLUND,46,Vestland,61.1051,5.019933,4,Nordhordaland til Stadt,1
18,2026,28976,Kelvesteinen,ikke-medikamentell,termisk behandling,,,,,deler av lokaliteten,4626,ØYGARDEN,46,Vestland,60.403,5.0635,3,Karmøy til Sotra,1
18,2026,12660,Kipholmen,ikke-medikamentell,mekanisk behandling,,,,,deler av lokaliteten,5060,NÆRØYSUND,50,Trøndelag,64.79403,11.690367,7,Nord-Trøndelag med Bindal,5
18,2026,18755,Klungset,medikamentell,badebehandling,Deltamethrin,,,,deler av lokaliteten,5060,NÆRØYSUND,50,Trøndelag,64.74997,11.394183,7,Nord-Trøndelag med Bindal,0
18,2026,45002,Korsvika,ikke-medikamentell,annen behandling,,,,,deler av lokaliteten,1834,LURØY,18,Nordland,66.57847,12.691067,8,Helgeland til Bodø,2
18,2026,39197,Kverhelleskjeret,medikamentell,fôrbehandling,Emamectin benzoat,,,,deler av lokaliteten,4636,SOLUND,46,Vestland,60.99405,4.69375,4,Nordhordaland til Stadt,0
18,2026,24975,Kvernavika,ikke-medikamentell,ferskvannsbehandling,,,,,deler av lokaliteten,4616,TYSNES,46,Vestland,60.069283,5.351183,3,Karmøy til Sotra,1
18,2026,24975,Kvernavika,ikke-medikamentell,termisk behandling,,,,,deler av lokaliteten,4616,TYSNES,46,Vestland,60.069283,5.351183,3,Karmøy til Sotra,1
18,2026,24975,Kvernavika,ikke-medikamentell,ferskvannsbehandling,,,,,deler av lokaliteten,4616,TYSNES,46,Vestland,60.069283,5.351183,3,Karmøy til Sotra,1
18,2026,24975,Kvernavika,ikke-medikamentell,termisk behandling,,,,,deler av lokaliteten,4616,TYSNES,46,Vestland,60.069283,5.351183,3,Karmøy til Sotra,1
18,2026,24975,Kvernavika,ikke-medikamentell,ferskvannsbehandling,,,,,deler av lokaliteten,4616,TYSNES,46,Vestland,60.069283,5.351183,3,Karmøy til Sotra,1
18,2026,24975,Kvernavika,ikke-medikamentell,termisk behandling,,,,,deler av lokaliteten,4616,TYSNES,46,Vestland,60.069283,5.351183,3,Karmøy til Sotra,1
18,2026,24975,Kvernavika,ikke-medikamentell,ferskvannsbehandling,,,,,deler av lokaliteten,4616,TYSNES,46,Vestland,60.069283,5.351183,3,Karmøy til Sotra,1
18,2026,24975,Kvernavika,ikke-medikamentell,termisk behandling,,,,,deler av lokaliteten,4616,TYSNES,46,Vestland,60.069283,5.351183,3,Karmøy til Sotra,1
18,2026,24975,Kvernavika,ikke-medikamentell,ferskvannsbehandling,,,,,deler av lokaliteten,4616,TYSNES,46,Vestland,60.069283,5.351183,3,Karmøy til Sotra,1
18,2026,24975,Kvernavika,ikke-medikamentell,termisk behandling,,,,,deler av lokaliteten,4616,TYSNES,46,Vestland,60.069283,5.351183,3,Karmøy til Sotra,1
18,2026,24975,Kvernavika,ikke-medikamentell,ferskvannsbehandling,,,,,deler av lokaliteten,4616,TYSNES,46,Vestland,60.069283,5.351183,3,Karmøy til Sotra,1
18,2026,24975,Kvernavika,ikke-medikamentell,termisk behandling,,,,,deler av lokaliteten,4616,TYSNES,46,Vestland,60.069283,5.351183,3,Karmøy til Sotra,1
18,2026,13549,Løypingneset,ikke-medikamentell,termisk behandling,,,,,deler av lokaliteten,4648,BREMANGER,46,Vestland,61.821335,5.250533,4,Nordhordaland til Stadt,4
18,2026,10303,Nappeholmane,ikke-medikamentell,termisk behandling,,,,,deler av lokaliteten,4613,BØMLO,46,Vestland,59.742985,5.363633,3,Karmøy til Sotra,2
18,2026,10375,Nord Leksa,ikke-medikamentell,mekanisk behandling,,,,,deler av lokaliteten,5059,ORKLAND,50,Trøndelag,63.589367,9.409217,6,Nordmøre og Sør-Trøndelag,2
18,2026,11687,Ramsvik,ikke-medikamentell,termisk behandling,,,,,hele lokaliteten,4631,ALVER,46,Vestland,60.578133,5.190433,4,Nordhordaland til Stadt,0
18,2026,28636,Rataren,ikke-medikamentell,mekanisk behandling,,,,,deler av lokaliteten,5014,FRØYA,50,Trøndelag,63.7813,8.521533,6,Nordmøre og Sør-Trøndelag,7
18,2026,37197,Ruggstein,ikke-medikamentell,mekanisk behandling,,,,,deler av lokaliteten,5014,FRØYA,50,Trøndelag,63.770084,8.476033,6,Nordmøre og Sør-Trøndelag,5
18,2026,34857,Salatskjæra,ikke-medikamentell,mekanisk behandling,,,,,deler av lokaliteten,5014,FRØYA,50,Trøndelag,63.90485,8.589133,6,Nordmøre og Sør-Trøndelag,2
18,2026,13243,Sandvika,ikke-medikamentell,termisk behandling,,,,,deler av lokaliteten,1577,VOLDA,15,Møre og Romsdal,62.195667,5.904417,5,Stadt til Hustadvika,5
18,2026,11758,Sauøy,ikke-medikamentell,termisk behandling,,,,,deler av lokaliteten,4626,ØYGARDEN,46,Vestland,60.59395,4.86125,4,Nordhordaland til Stadt,1
18,2026,22315,Skavhella,ikke-medikamentell,termisk behandling,,,,,deler av lokaliteten,4624,BJØRNAFJORDEN,46,Vestland,60.218933,5.5593,3,Karmøy til Sotra,1
18,2026,22315,Skavhella,ikke-medikamentell,ferskvannsbehandling,,,,,deler av lokaliteten,4624,BJØRNAFJORDEN,46,Vestland,60.218933,5.5593,3,Karmøy til Sotra,1
18,2026,11649,Stolane,ikke-medikamentell,termisk behandling,,,,,deler av lokaliteten,4631,ALVER,46,Vestland,60.60465,5.126483,4,Nordhordaland til Stadt,4
18,2026,13125,Storvika,ikke-medikamentell,termisk behandling,,,,,deler av lokaliteten,1837,MELØY,18,Nordland,66.80845,13.24255,8,Helgeland til Bodø,7
18,2026,10309,Syrtangen,ikke-medikamentell,termisk behandling,,,,,hele lokaliteten,4626,ØYGARDEN,46,Vestland,60.46773,4.968667,4,Nordhordaland til Stadt,0
18,2026,12662,Ternskjæret II,ikke-medikamentell,mekanisk behandling,,,,,deler av lokaliteten,5007,NAMSOS,50,Trøndelag,64.77713,11.639767,7,Nord-Trøndelag med Bindal,10
18,2026,10029,Tuholmane Ø,medikamentell,badebehandling,Annet virkestoff,,,,hele lokaliteten,1149,KARMØY,11,Rogaland,59.371235,5.216333,3,Karmøy til Sotra,0
17,2026,45078,Almbakkevika,ikke-medikamentell,mekanisk behandling,,,,,hele lokaliteten,4602,KINN,46,Vestland,61.620335,5.271967,4,Nordhordaland til Stadt,0
17,2026,24695,Årnes,ikke-medikamentell,mekanisk behandling,,,,,deler av lokaliteten,5007,NAMSOS,50,Trøndelag,64.59637,11.272917,7,Nord-Trøndelag med Bindal,4
17,2026,11800,Austneståa,ikke-medikamentell,mekanisk behandling,,,,,deler av lokaliteten,4602,KINN,46,Vestland,61.490868,5.17265,4,Nordhordaland til Stadt,3
17,2026,13572,Badstuvika,ikke-medikamentell,mekanisk behandling,,,,,deler av lokaliteten,5056,HITRA,50,Trøndelag,63.53398,9.1469,6,Nordmøre og Sør-Trøndelag,1
17,2026,13845,Beitveit,ikke-medikamentell,termisk behandling,,,,,hele lokaliteten,4649,STAD,46,Vestland,62.140835,5.3275,5,Stadt til Hustadvika,0
17,2026,45072,Bleket,ikke-medikamentell,termisk behandling,,,,,deler av lokaliteten,4602,KINN,46,Vestland,61.911667,5.092217,4,Nordhordaland til Stadt,4
17,2026,45072,Bleket,ikke-medikamentell,ferskvannsbehandling,,,,,deler av lokaliteten,4602,KINN,46,Vestland,61.911667,5.092217,4,Nordhordaland til Stadt,4
17,2026,32457,Dalsvåg Nv,medikamentell,badebehandling,Annet virkestoff,,,,hele lokaliteten,1149,KARMØY,11,Rogaland,59.410816,5.21725,3,Karmøy til Sotra,0
17,2026,10045,Eidholmen,ikke-medikamentell,ferskvannsbehandling,,,,,hele lokaliteten,4625,AUSTEVOLL,46,Vestland,60.08808,5.120633,3,Karmøy til Sotra,
17,2026,10045,Eidholmen,ikke-medikamentell,termisk behandling,,,,,hele lokaliteten,4625,AUSTEVOLL,46,Vestland,60.08808,5.120633,3,Karmøy til Sotra,
17,2026,11667,Gardskråneset,ikke-medikamentell,termisk behandling,,,,,hele lokaliteten,4626,ØYGARDEN,46,Vestland,60.5399,4.904617,4,Nordhordaland til Stadt,0
17,2026,11907,Gråtnes,ikke-medikamentell,ferskvannsbehandling,,,,,deler av lokaliteten,1108,SANDNES,11,Rogaland,58.87195,6.123217,2,Ryfylke,6
17,2026,12435,Grøttingsøy,ikke-medikamentell,mekanisk behandling,,,,,deler av lokaliteten,5014,FRØYA,50,Trøndelag,63.87955,8.547883,6,Nordmøre og Sør-Trøndelag,7
17,2026,12265,Gudmundset,medikamentell,badebehandling,Azamethiphos,,,,hele lokaliteten,1508,ÅLESUND,15,Møre og Romsdal,62.45252,6.6021,5,Stadt til Hustadvika,
17,2026,11783,Hella,ikke-medikamentell,ferskvannsbehandling,,,,,deler av lokaliteten,4645,ASKVOLL,46,Vestland,61.40663,5.080817,4,Nordhordaland til Stadt,2
17,2026,11783,Hella,ikke-medikamentell,termisk behandling,,,,,deler av lokaliteten,4645,ASKVOLL,46,Vestland,61.40663,5.080817,4,Nordhordaland til Stadt,2
17,2026,11783,Hella,ikke-medikamentell,ferskvannsbehandling,,,,,deler av lokaliteten,4645,ASKVOLL,46,Vestland,61.40663,5.080817,4,Nordhordaland til Stadt,2
17,2026,11783,Hella,ikke-medikamentell,termisk behandling,,,,,deler av lokaliteten,4645,ASKVOLL,46,Vestland,61.40663,5.080817,4,Nordhordaland til Stadt,2
17,2026,12590,Helligholmen,medikamentell,badebehandling,Azamethiphos,,,,deler av lokaliteten,5060,NÆRØYSUND,50,Trøndelag,64.83839,10.665517,7,Nord-Trøndelag med Bindal,0
17,2026,13643,Hjartholm,ikke-medikamentell,termisk behandling,,,,,deler av lokaliteten,4635,GULEN,46,Vestland,61.03512,5.33105,4,Nordhordaland til Stadt,2
17,2026,12599,Indre Skjervøy,ikke-medikamentell,termisk behandling,,,,,deler av lokaliteten,5020,OSEN,50,Trøndelag,64.2858,10.30905,6,Nordmøre og Sør-Trøndelag,1
17,2026,45260,Korshamn,ikke-medikamentell,mekanisk behandling,,,,,deler av lokaliteten,5056,HITRA,50,Trøndelag,63.441116,8.595233,6,Nordmøre og Sør-Trøndelag,8
17,2026,19195,Korsholman,ikke-medikamentell,termisk behandling,,,,,deler av lokaliteten,5056,HITRA,50,Trøndelag,63.597218,8.51575,6,Nordmøre og Sør-Trøndelag,4
17,2026,45002,Korsvika,ikke-medikamentell,annen behandling,,,,,deler av lokaliteten,1834,LURØY,18,Nordland,66.57847,12.691067,8,Helgeland til Bodø,2
17,2026,18217,Kvaløy Ø,medikamentell,badebehandling,Annet virkestoff,,,,hele lokaliteten,1149,KARMØY,11,Rogaland,59.397385,5.174033,3,Karmøy til Sotra,0
17,2026,12213,Kvangardsnes,ikke-medikamentell,ferskvannsbehandling,,,,,deler av lokaliteten,1577,VOLDA,15,Møre og Romsdal,62.145317,5.94545,5,Stadt til Hustadvika,1
17,2026,12213,Kvangardsnes,ikke-medikamentell,termisk behandling,,,,,deler av lokaliteten,1577,VOLDA,15,Møre og Romsdal,62.145317,5.94545,5,Stadt til Hustadvika,1
17,2026,12213,Kvangardsnes,ikke-medikamentell,ferskvannsbehandling,,,,,deler av lokaliteten,1577,VOLDA,15,Møre og Romsdal,62.145317,5.94545,5,Stadt til Hustadvika,1
17,2026,12213,Kvangardsnes,ikke-medikamentell,termisk behandling,,,,,deler av lokaliteten,1577,VOLDA,15,Møre og Romsdal,62.145317,5.94545,5,Stadt til Hustadvika,1
17,2026,12213,Kvangardsnes,ikke-medikamentell,ferskvannsbehandling,,,,,deler av lokaliteten,1577,VOLDA,15,Møre og Romsdal,62.145317,5.94545,5,Stadt til Hustadvika,1
17,2026,12213,Kvangardsnes,ikke-medikamentell,termisk behandling,,,,,deler av lokaliteten,1577,VOLDA,15,Møre og Romsdal,62.145317,5.94545,5,Stadt til Hustadvika,1
17,2026,12213,Kvangardsnes,ikke-medikamentell,ferskvannsbehandling,,,,,deler av lokaliteten,1577,VOLDA,15,Møre og Romsdal,62.145317,5.94545,5,Stadt til Hustadvika,1
17,2026,12213,Kvangardsnes,ikke-medikamentell,termisk behandling,,,,,deler av lokaliteten,1577,VOLDA,15,Møre og Romsdal,62.145317,5.94545,5,Stadt til Hustadvika,1
17,2026,12213,Kvangardsnes,ikke-medikamentell,ferskvannsbehandling,,,,,deler av lokaliteten,1577,VOLDA,15,Møre og Romsdal,62.145317,5.94545,5,Stadt til Hustadvika,1
17,2026,12213,Kvangardsnes,ikke-medikamentell,termisk behandling,,,,,deler av lokaliteten,1577,VOLDA,15,Møre og Romsdal,62.145317,5.94545,5,Stadt til Hustadvika,1
17,2026,39197,Kverhelleskjeret,medikamentell,fôrbehandling,Emamectin benzoat,,,,hele lokaliteten,4636,SOLUND,46,Vestland,60.99405,4.69375,4,Nordhordaland til Stadt,0
17,2026,10041,Kviksholmen,ikke-medikamentell,termisk behandling,,,,,hele lokaliteten,4625,AUSTEVOLL,46,Vestland,60.054317,5.090733,3,Karmøy til Sotra,
17,2026,10041,Kviksholmen,ikke-medikamentell,ferskvannsbehandling,,,,,hele lokaliteten,4625,AUSTEVOLL,46,Vestland,60.054317,5.090733,3,Karmøy til Sotra,
17,2026,10989,Labukta V,ikke-medikamentell,termisk behandling,,,,,hele lokaliteten,1818,HERØY I NORDLAND,18,Nordland,66.01325,12.350567,8,Helgeland til Bodø,0
17,2026,13055,Langøyna Ø,ikke-medikamentell,termisk behandling,,,,,deler av lokaliteten,1146,TYSVÆR,11,Rogaland,59.2983,5.713333,2,Ryfylke,2
17,2026,35977,Lian,ikke-medikamentell,mekanisk behandling,,,,,deler av lokaliteten,1836,RØDØY,18,Nordland,66.55787,13.525907,8,Helgeland til Bodø,8
17,2026,13549,Løypingneset,ikke-medikamentell,termisk behandling,,,,,deler av lokaliteten,4648,BREMANGER,46,Vestland,61.821335,5.250533,4,Nordhordaland til Stadt,3
17,2026,10375,Nord Leksa,ikke-medikamentell,termisk behandling,,,,,deler av lokaliteten,5059,ORKLAND,50,Trøndelag,63.589367,9.409217,6,Nordmøre og Sør-Trøndelag,1
17,2026,10375,Nord Leksa,ikke-medikamentell,mekanisk behandling,,,,,deler av lokaliteten,5059,ORKLAND,50,Trøndelag,63.589367,9.409217,6,Nordmøre og Sør-Trøndelag,1
17,2026,10375,Nord Leksa,ikke-medikamentell,mekanisk behandling,,,,,deler av lokaliteten,5059,ORKLAND,50,Trøndelag,63.589367,9.409217,6,Nordmøre og Sør-Trøndelag,1
17,2026,10375,Nord Leksa,ikke-medikamentell,termisk behandling,,,,,deler av lokaliteten,5059,ORKLAND,50,Trøndelag,63.589367,9.409217,6,Nordmøre og Sør-Trøndelag,1
17,2026,10375,Nord Leksa,ikke-medikamentell,termisk behandling,,,,,deler av lokaliteten,5059,ORKLAND,50,Trøndelag,63.589367,9.409217,6,Nordmøre og Sør-Trøndelag,1
17,2026,10375,Nord Leksa,ikke-medikamentell,mekanisk behandling,,,,,deler av lokaliteten,5059,ORKLAND,50,Trøndelag,63.589367,9.409217,6,Nordmøre og Sør-Trøndelag,1
17,2026,10375,Nord Leksa,ikke-medikamentell,mekanisk behandling,,,,,deler av lokaliteten,5059,ORKLAND,50,Trøndelag,63.589367,9.409217,6,Nordmøre og Sør-Trøndelag,1
17,2026,10375,Nord Leksa,ikke-medikamentell,termisk behandling,,,,,deler av lokaliteten,5059,ORKLAND,50,Trøndelag,63.589367,9.409217,6,Nordmøre og Sør-Trøndelag,1
17,2026,12071,Ommundsteigen,medikamentell,badebehandling,Azamethiphos,,,,hele lokaliteten,1134,SULDAL,11,Rogaland,59.55078,6.5131,2,Ryfylke,0
17,2026,11688,Portevika,ikke-medikamentell,ferskvannsbehandling,,,,,deler av lokaliteten,4637,HYLLESTAD,46,Vestland,61.190666,5.081683,4,Nordhordaland til Stadt,2
17,2026,11688,Portevika,ikke-medikamentell,termisk behandling,,,,,deler av lokaliteten,4637,HYLLESTAD,46,Vestland,61.190666,5.081683,4,Nordhordaland til Stadt,2
17,2026,45198,Purkholmen,ikke-medikamentell,annen behandling,,,,,deler av lokaliteten,5060,NÆRØYSUND,50,Trøndelag,64.80645,10.565933,7,Nord-Trøndelag med Bindal,1
17,2026,45198,Purkholmen,ikke-medikamentell,mekanisk behandling,,,,,deler av lokaliteten,5060,NÆRØYSUND,50,Trøndelag,64.80645,10.565933,7,Nord-Trøndelag med Bindal,1
17,2026,10149,Rafdal,ikke-medikamentell,mekanisk behandling,,,,,deler av lokaliteten,4611,ETNE,46,Vestland,59.790085,6.17615,3,Karmøy til Sotra,2
17,2026,11651,Ramsøy S,ikke-medikamentell,termisk behandling,,,,,deler av lokaliteten,4627,ASKØY,46,Vestland,60.432617,5.061917,3,Karmøy til Sotra,4
17,2026,12784,Ringholmen,ikke-medikamentell,ferskvannsbehandling,,,,,deler av lokaliteten,5056,HITRA,50,Trøndelag,63.55995,9.409567,6,Nordmøre og Sør-Trøndelag,1
17,2026,12784,Ringholmen,ikke-medikamentell,mekanisk behandling,,,,,deler av lokaliteten,5056,HITRA,50,Trøndelag,63.55995,9.409567,6,Nordmøre og Sør-Trøndelag,1
17,2026,12784,Ringholmen,ikke-medikamentell,ferskvannsbehandling,,,,,deler av lokaliteten,5056,HITRA,50,Trøndelag,63.55995,9.409567,6,Nordmøre og Sør-Trøndelag,1
17,2026,12784,Ringholmen,ikke-medikamentell,mekanisk behandling,,,,,deler av lokaliteten,5056,HITRA,50,Trøndelag,63.55995,9.409567,6,Nordmøre og Sør-Trøndelag,1
17,2026,12209,Rønstad,ikke-medikamentell,termisk behandling,,,,,hele lokaliteten,1577,VOLDA,15,Møre og Romsdal,62.135117,6.021433,5,Stadt til Hustadvika,0
17,2026,34857,Salatskjæra,ikke-medikamentell,mekanisk behandling,,,,,deler av lokaliteten,5014,FRØYA,50,Trøndelag,63.90485,8.589133,6,Nordmøre og Sør-Trøndelag,4
17,2026,13243,Sandvika,ikke-medikamentell,termisk behandling,,,,,deler av lokaliteten,1577,VOLDA,15,Møre og Romsdal,62.195667,5.904417,5,Stadt til Hustadvika,4
17,2026,13035,Sauaneset I,ikke-medikamentell,mekanisk behandling,,,,,deler av lokaliteten,4625,AUSTEVOLL,46,Vestland,60.088516,5.266183,3,Karmøy til Sotra,3
17,2026,22315,Skavhella,ikke-medikamentell,termisk behandling,,,,,deler av lokaliteten,4624,BJØRNAFJORDEN,46,Vestland,60.218933,5.5593,3,Karmøy til Sotra,5
17,2026,22315,Skavhella,ikke-medikamentell,ferskvannsbehandling,,,,,deler av lokaliteten,4624,BJØRNAFJORDEN,46,Vestland,60.218933,5.5593,3,Karmøy til Sotra,5
17,2026,11861,Skipningsdalen,medikamentell,badebehandling,Azamethiphos,,,,deler av lokaliteten,4207,FLEKKEFJORD,42,Agder,58.24148,6.5958,1,Svenskegrensen til Jæren,0
17,2026,11492,Storevikholmen,ikke-medikamentell,termisk behandling,,,,,deler av lokaliteten,4615,FITJAR,46,Vestland,59.83808,5.30565,3,Karmøy til Sotra,4
17,2026,13124,Storstrompan,ikke-medikamentell,mekanisk behandling,,,,,hele lokaliteten,1836,RØDØY,18,Nordland,66.54552,13.41915,8,Helgeland til Bodø,0
17,2026,26575,Teigane,medikamentell,badebehandling,Azamethiphos,,,,deler av lokaliteten,1134,SULDAL,11,Rogaland,59.520332,6.337233,2,Ryfylke,0
16,2026,15196,Aga Ø,ikke-medikamentell,termisk behandling,,,,,deler av lokaliteten,4613,BØMLO,46,Vestland,59.845917,5.26075,3,Karmøy til Sotra,3
16,2026,24695,Årnes,ikke-medikamentell,mekanisk behandling,,,,,deler av lokaliteten,5007,NAMSOS,50,Trøndelag,64.59637,11.272917,7,Nord-Trøndelag med Bindal,6
16,2026,25055,Bekksneset,ikke-medikamentell,termisk behandling,,,,,hele lokaliteten,4637,HYLLESTAD,46,Vestland,61.07675,5.386017,4,Nordhordaland til Stadt,0
16,2026,34197,Brennholmen,ikke-medikamentell,mekanisk behandling,,,,,deler av lokaliteten,1818,HERØY I NORDLAND,18,Nordland,65.978714,12.16355,8,Helgeland til Bodø,1
16,2026,33537,Buholmen,ikke-medikamentell,mekanisk behandling,,,,,deler av lokaliteten,5058,ÅFJORD,50,Trøndelag,64.1569,10.008917,6,Nordmøre og Sør-Trøndelag,2
16,2026,11543,Buholmen,ikke-medikamentell,termisk behandling,,,,,deler av lokaliteten,4625,AUSTEVOLL,46,Vestland,60.020466,5.080083,3,Karmøy til Sotra,2
16,2026,11857,Buksevika,medikamentell,badebehandling,Azamethiphos,,,,deler av lokaliteten,4207,FLEKKEFJORD,42,Agder,58.2079,6.636067,1,Svenskegrensen til Jæren,0
16,2026,37177,Djuptaren,ikke-medikamentell,termisk behandling,,,,,hele lokaliteten,5060,NÆRØYSUND,50,Trøndelag,64.769264,10.629017,7,Nord-Trøndelag med Bindal,0
16,2026,32197,Dryna,ikke-medikamentell,mekanisk behandling,,,,,deler av lokaliteten,1506,MOLDE,15,Møre og Romsdal,62.64467,6.557633,5,Stadt til Hustadvika,2
16,2026,39957,Flatøyan,ikke-medikamentell,mekanisk behandling,,,,,deler av lokaliteten,5014,FRØYA,50,Trøndelag,63.873585,8.4714,6,Nordmøre og Sør-Trøndelag,3
16,2026,12011,Håøya Nø,ikke-medikamentell,termisk behandling,,,,,deler av lokaliteten,1146,TYSVÆR,11,Rogaland,59.290417,5.6765,2,Ryfylke,1
16,2026,38217,Hardbakkeneset,medikamentell,fôrbehandling,Emamectin benzoat,,,,deler av lokaliteten,4635,GULEN,46,Vestland,61.01673,4.950517,4,Nordhordaland til Stadt,0
16,2026,18015,Hestabyneset,ikke-medikamentell,ferskvannsbehandling,,,,,deler av lokaliteten,4616,TYSNES,46,Vestland,59.953632,5.4514,3,Karmøy til Sotra,1
16,2026,18015,Hestabyneset,ikke-medikamentell,termisk behandling,,,,,deler av lokaliteten,4616,TYSNES,46,Vestland,59.953632,5.4514,3,Karmøy til Sotra,1
16,2026,18015,Hestabyneset,ikke-medikamentell,ferskvannsbehandling,,,,,deler av lokaliteten,4616,TYSNES,46,Vestland,59.953632,5.4514,3,Karmøy til Sotra,1
16,2026,18015,Hestabyneset,ikke-medikamentell,termisk behandling,,,,,deler av lokaliteten,4616,TYSNES,46,Vestland,59.953632,5.4514,3,Karmøy til Sotra,1
16,2026,13643,Hjartholm,ikke-medikamentell,termisk behandling,,,,,deler av lokaliteten,4635,GULEN,46,Vestland,61.03512,5.33105,4,Nordhordaland til Stadt,4
16,2026,27095,Ihlholmen,ikke-medikamentell,ferskvannsbehandling,,,,,deler av lokaliteten,1160,VINDAFJORD,11,Rogaland,59.7215,5.586633,3,Karmøy til Sotra,4
16,2026,27095,Ihlholmen,ikke-medikamentell,mekanisk behandling,,,,,deler av lokaliteten,1160,VINDAFJORD,11,Rogaland,59.7215,5.586633,3,Karmøy til Sotra,4
16,2026,12599,Indre Skjervøy,ikke-medikamentell,mekanisk behandling,,,,,deler av lokaliteten,5020,OSEN,50,Trøndelag,64.2858,10.30905,6,Nordmøre og Sør-Trøndelag,4
16,2026,29656,Juvika,ikke-medikamentell,ferskvannsbehandling,,,,,deler av lokaliteten,4636,SOLUND,46,Vestland,61.1051,5.019933,4,Nordhordaland til Stadt,2
16,2026,29656,Juvika,ikke-medikamentell,termisk behandling,,,,,deler av lokaliteten,4636,SOLUND,46,Vestland,61.1051,5.019933,4,Nordhordaland til Stadt,2
16,2026,18275,Kjeringå,ikke-medikamentell,termisk behandling,,,,,deler av lokaliteten,1103,STAVANGER,11,Rogaland,59.19203,5.870017,2,Ryfylke,5
16,2026,18275,Kjeringå,ikke-medikamentell,ferskvannsbehandling,,,,,deler av lokaliteten,1103,STAVANGER,11,Rogaland,59.19203,5.870017,2,Ryfylke,6
16,2026,36297,Kjeringeholmen,ikke-medikamentell,annen behandling,,,,,deler av lokaliteten,4645,ASKVOLL,46,Vestland,61.391,4.982833,4,Nordhordaland til Stadt,1
16,2026,18755,Klungset,ikke-medikamentell,mekanisk behandling,,,,,deler av lokaliteten,5060,NÆRØYSUND,50,Trøndelag,64.74997,11.394183,7,Nord-Trøndelag med Bindal,3
16,2026,39197,Kverhelleskjeret,medikamentell,fôrbehandling,Emamectin benzoat,,,,deler av lokaliteten,4636,SOLUND,46,Vestland,60.99405,4.69375,4,Nordhordaland til Stadt,0
16,2026,11116,Langholmen,ikke-medikamentell,mekanisk behandling,,,,,deler av lokaliteten,1838,GILDESKÅL,18,Nordland,67.05783,14.025333,8,Helgeland til Bodø,15
16,2026,12380,Langøya Kvaløya,ikke-medikamentell,mekanisk behandling,,,,,deler av lokaliteten,5014,FRØYA,50,Trøndelag,63.791965,8.60175,6,Nordmøre og Sør-Trøndelag,6
16,2026,13055,Langøyna Ø,ikke-medikamentell,termisk behandling,,,,,deler av lokaliteten,1146,TYSVÆR,11,Rogaland,59.2983,5.713333,2,Ryfylke,1
16,2026,13340,Leiholmane,ikke-medikamentell,annen behandling,,,,,deler av lokaliteten,4635,GULEN,46,Vestland,60.980633,4.87435,4,Nordhordaland til Stadt,2
16,2026,35977,Lian,ikke-medikamentell,mekanisk behandling,,,,,deler av lokaliteten,1836,RØDØY,18,Nordland,66.55787,13.525907,8,Helgeland til Bodø,1
16,2026,45066,Lingaholmane,ikke-medikamentell,termisk behandling,,,,,hele lokaliteten,4622,KVAM,46,Vestland,60.249382,6.05955,3,Karmøy til Sotra,0
16,2026,12978,Lyngholmen,medikamentell,fôrbehandling,Emamectin benzoat,,,,deler av lokaliteten,4635,GULEN,46,Vestland,61.016933,5.007033,4,Nordhordaland til Stadt,0
16,2026,10232,Mannbruholmen,ikke-medikamentell,mekanisk behandling,,,,,deler av lokaliteten,5014,FRØYA,50,Trøndelag,63.84705,8.536867,6,Nordmøre og Sør-Trøndelag,7
16,2026,28956,Meløysjøen,ikke-medikamentell,mekanisk behandling,,,,,deler av lokaliteten,1837,MELØY,18,Nordland,66.819984,13.461467,8,Helgeland til Bodø,7
16,2026,11864,Napp,medikamentell,badebehandling,Azamethiphos,,,,hele lokaliteten,4207,FLEKKEFJORD,42,Agder,58.249035,6.536783,1,Svenskegrensen til Jæren,0
16,2026,11972,Prestholmane,medikamentell,badebehandling,Annet virkestoff,,,,deler av lokaliteten,1103,STAVANGER,11,Rogaland,59.117016,5.852033,2,Ryfylke,0
16,2026,11972,Prestholmane,ikke-medikamentell,termisk behandling,,,,,deler av lokaliteten,1103,STAVANGER,11,Rogaland,59.117016,5.852033,2,Ryfylke,1
16,2026,45198,Purkholmen,ikke-medikamentell,annen behandling,,,,,deler av lokaliteten,5060,NÆRØYSUND,50,Trøndelag,64.80645,10.565933,7,Nord-Trøndelag med Bindal,5
16,2026,13867,Raunevågen,ikke-medikamentell,termisk behandling,,,,,hele lokaliteten,4612,SVEIO,46,Vestland,59.65798,5.533667,3,Karmøy til Sotra,0
16,2026,12784,Ringholmen,ikke-medikamentell,ferskvannsbehandling,,,,,deler av lokaliteten,5056,HITRA,50,Trøndelag,63.55995,9.409567,6,Nordmøre og Sør-Trøndelag,1
16,2026,12784,Ringholmen,ikke-medikamentell,mekanisk behandling,,,,,deler av lokaliteten,5056,HITRA,50,Trøndelag,63.55995,9.409567,6,Nordmøre og Sør-Trøndelag,1
16,2026,12784,Ringholmen,ikke-medikamentell,ferskvannsbehandling,,,,,deler av lokaliteten,5056,HITRA,50,Trøndelag,63.55995,9.409567,6,Nordmøre og Sør-Trøndelag,1
16,2026,12784,Ringholmen,ikke-medikamentell,mekanisk behandling,,,,,deler av lokaliteten,5056,HITRA,50,Trøndelag,63.55995,9.409567,6,Nordmøre og Sør-Trøndelag,1
16,2026,12784,Ringholmen,ikke-medikamentell,ferskvannsbehandling,,,,,deler av lokaliteten,5056,HITRA,50,Trøndelag,63.55995,9.409567,6,Nordmøre og Sør-Trøndelag,1
16,2026,12784,Ringholmen,ikke-medikamentell,mekanisk behandling,,,,,deler av lokaliteten,5056,HITRA,50,Trøndelag,63.55995,9.409567,6,Nordmøre og Sør-Trøndelag,1
16,2026,12003,Rossholmen N,ikke-medikamentell,termisk behandling,,,,,deler av lokaliteten,1103,STAVANGER,11,Rogaland,59.06428,5.722617,2,Ryfylke,1
16,2026,12794,Rundklumpen,ikke-medikamentell,termisk behandling,,,,,hele lokaliteten,5057,ØRLAND,50,Trøndelag,63.801315,9.607583,6,Nordmøre og Sør-Trøndelag,0
16,2026,34857,Salatskjæra,ikke-medikamentell,mekanisk behandling,,,,,deler av lokaliteten,5014,FRØYA,50,Trøndelag,63.90485,8.589133,6,Nordmøre og Sør-Trøndelag,2
16,2026,11861,Skipningsdalen,medikamentell,badebehandling,Azamethiphos,,,,deler av lokaliteten,4207,FLEKKEFJORD,42,Agder,58.24148,6.5958,1,Svenskegrensen til Jæren,0
16,2026,20815,Slettvika,ikke-medikamentell,ferskvannsbehandling,,,,,deler av lokaliteten,1520,ØRSTA,15,Møre og Romsdal,62.334,6.157667,5,Stadt til Hustadvika,2
16,2026,20815,Slettvika,ikke-medikamentell,termisk behandling,,,,,deler av lokaliteten,1520,ØRSTA,15,Møre og Romsdal,62.334,6.157667,5,Stadt til Hustadvika,2
16,2026,20815,Slettvika,ikke-medikamentell,ferskvannsbehandling,,,,,deler av lokaliteten,1520,ØRSTA,15,Møre og Romsdal,62.334,6.157667,5,Stadt til Hustadvika,2
16,2026,20815,Slettvika,ikke-medikamentell,termisk behandling,,,,,deler av lokaliteten,1520,ØRSTA,15,Møre og Romsdal,62.334,6.157667,5,Stadt til Hustadvika,2
16,2026,45046,Stasøya,ikke-medikamentell,termisk behandling,,,,,deler av lokaliteten,5060,NÆRØYSUND,50,Trøndelag,64.80155,11.633783,7,Nord-Trøndelag med Bindal,1
16,2026,20776,Storoksen,ikke-medikamentell,ferskvannsbehandling,,,,,deler av lokaliteten,4627,ASKØY,46,Vestland,60.530884,4.97325,4,Nordhordaland til Stadt,1
16,2026,20776,Storoksen,ikke-medikamentell,termisk behandling,,,,,deler av lokaliteten,4627,ASKØY,46,Vestland,60.530884,4.97325,4,Nordhordaland til Stadt,1
16,2026,20776,Storoksen,ikke-medikamentell,ferskvannsbehandling,,,,,deler av lokaliteten,4627,ASKØY,46,Vestland,60.530884,4.97325,4,Nordhordaland til Stadt,1
16,2026,20776,Storoksen,ikke-medikamentell,termisk behandling,,,,,deler av lokaliteten,4627,ASKØY,46,Vestland,60.530884,4.97325,4,Nordhordaland til Stadt,1
16,2026,26235,Stualand,ikke-medikamentell,termisk behandling,,,,,deler av lokaliteten,4612,SVEIO,46,Vestland,59.6088,5.5269,3,Karmøy til Sotra,5
16,2026,26575,Teigane,medikamentell,badebehandling,Azamethiphos,,,,deler av lokaliteten,1134,SULDAL,11,Rogaland,59.520332,6.337233,2,Ryfylke,0
16,2026,12449,Tennøya,ikke-medikamentell,mekanisk behandling,,,,,deler av lokaliteten,5014,FRØYA,50,Trøndelag,63.805035,8.4444,6,Nordmøre og Sør-Trøndelag,7
16,2026,12662,Ternskjæret II,ikke-medikamentell,mekanisk behandling,,,,,deler av lokaliteten,5007,NAMSOS,50,Trøndelag,64.77713,11.639767,7,Nord-Trøndelag med Bindal,3
16,2026,33677,Torvund,ikke-medikamentell,termisk behandling,,,,,deler av lokaliteten,4638,HØYANGER,46,Vestland,61.14467,5.656367,4,Nordhordaland til Stadt,3
16,2026,14081,Tveit,ikke-medikamentell,termisk behandling,,,,,deler av lokaliteten,4637,HYLLESTAD,46,Vestland,61.110085,5.340483,4,Nordhordaland til Stadt,1
16,2026,45058,Urdaneset,ikke-medikamentell,termisk behandling,,,,,hele lokaliteten,1525,STRANDA,15,Møre og Romsdal,62.318333,6.977,5,Stadt til Hustadvika,
16,2026,45058,Urdaneset,ikke-medikamentell,ferskvannsbehandling,,,,,hele lokaliteten,1525,STRANDA,15,Møre og Romsdal,62.318333,6.977,5,Stadt til Hustadvika,
16,2026,24135,Utåker,ikke-medikamentell,mekanisk behandling,,,,,deler av lokaliteten,4617,KVINNHERAD,46,Vestland,59.77833,5.9024,3,Karmøy til Sotra,2
16,2026,37717,Vassgåsholmen,ikke-medikamentell,ferskvannsbehandling,,,,,deler av lokaliteten,5059,ORKLAND,50,Trøndelag,63.592167,9.339833,6,Nordmøre og Sør-Trøndelag,1
16,2026,37717,Vassgåsholmen,ikke-medikamentell,mekanisk behandling,,,,,deler av lokaliteten,5059,ORKLAND,50,Trøndelag,63.592167,9.339833,6,Nordmøre og Sør-Trøndelag,1
16,2026,37717,Vassgåsholmen,ikke-medikamentell,ferskvannsbehandling,,,,,deler av lokaliteten,5059,ORKLAND,50,Trøndelag,63.592167,9.339833,6,Nordmøre og Sør-Trøndelag,1
16,2026,37717,Vassgåsholmen,ikke-medikamentell,mekanisk behandling,,,,,deler av lokaliteten,5059,ORKLAND,50,Trøndelag,63.592167,9.339833,6,Nordmøre og Sør-Trøndelag,1
16,2026,37717,Vassgåsholmen,ikke-medikamentell,ferskvannsbehandling,,,,,deler av lokaliteten,5059,ORKLAND,50,Trøndelag,63.592167,9.339833,6,Nordmøre og Sør-Trøndelag,1
16,2026,37717,Vassgåsholmen,ikke-medikamentell,mekanisk behandling,,,,,deler av lokaliteten,5059,ORKLAND,50,Trøndelag,63.592167,9.339833,6,Nordmøre og Sør-Trøndelag,1
16,2026,13837,Verpeide,ikke-medikamentell,mekanisk behandling,,,,,hele lokaliteten,4602,KINN,46,Vestland,61.902218,5.209233,4,Nordhordaland til Stadt,0
16,2026,12839,Vindsnes,ikke-medikamentell,termisk behandling,,,,,deler av lokaliteten,1578,FJORD,15,Møre og Romsdal,62.285217,7.281017,5,Stadt til Hustadvika,4
16,2026,12839,Vindsnes,ikke-medikamentell,ferskvannsbehandling,,,,,deler av lokaliteten,1578,FJORD,15,Møre og Romsdal,62.285217,7.281017,5,Stadt til Hustadvika,4
15,2026,23436,Bjørnholmen,ikke-medikamentell,ferskvannsbehandling,,,,,hele lokaliteten,4636,SOLUND,46,Vestland,61.20625,4.935933,4,Nordhordaland til Stadt,0
15,2026,23436,Bjørnholmen,ikke-medikamentell,termisk behandling,,,,,hele lokaliteten,4636,SOLUND,46,Vestland,61.20625,4.935933,4,Nordhordaland til Stadt,0
15,2026,11488,Brattavika,ikke-medikamentell,termisk behandling,,,,,deler av lokaliteten,4625,AUSTEVOLL,46,Vestland,60.044117,5.303317,3,Karmøy til Sotra,5
15,2026,10223,Bremnessvaet,ikke-medikamentell,termisk behandling,,,,,deler av lokaliteten,1573,SMØLA,15,Møre og Romsdal,63.398018,8.213567,6,Nordmøre og Sør-Trøndelag,6
15,2026,13229,Djupedalen,ikke-medikamentell,termisk behandling,,,,,deler av lokaliteten,4624,BJØRNAFJORDEN,46,Vestland,60.2308,5.673117,3,Karmøy til Sotra,2
15,2026,13229,Djupedalen,ikke-medikamentell,ferskvannsbehandling,,,,,deler av lokaliteten,4624,BJØRNAFJORDEN,46,Vestland,60.2308,5.673117,3,Karmøy til Sotra,2
15,2026,10110,Djupevik,ikke-medikamentell,mekanisk behandling,,,,,hele lokaliteten,1103,STAVANGER,11,Rogaland,59.1474,5.863783,2,Ryfylke,0
15,2026,32197,Dryna,ikke-medikamentell,mekanisk behandling,,,,,deler av lokaliteten,1506,MOLDE,15,Møre og Romsdal,62.64467,6.557633,5,Stadt til Hustadvika,3
15,2026,14041,Edøya,ikke-medikamentell,ferskvannsbehandling,,,,,deler av lokaliteten,5056,HITRA,50,Trøndelag,63.65835,8.694417,6,Nordmøre og Sør-Trøndelag,1
15,2026,14041,Edøya,ikke-medikamentell,mekanisk behandling,,,,,deler av lokaliteten,5056,HITRA,50,Trøndelag,63.65835,8.694417,6,Nordmøre og Sør-Trøndelag,1
15,2026,14041,Edøya,ikke-medikamentell,mekanisk behandling,,,,,deler av lokaliteten,5056,HITRA,50,Trøndelag,63.65835,8.694417,6,Nordmøre og Sør-Trøndelag,1
15,2026,14041,Edøya,ikke-medikamentell,ferskvannsbehandling,,,,,deler av lokaliteten,5056,HITRA,50,Trøndelag,63.65835,8.694417,6,Nordmøre og Sør-Trøndelag,1
15,2026,14041,Edøya,ikke-medikamentell,ferskvannsbehandling,,,,,deler av lokaliteten,5056,HITRA,50,Trøndelag,63.65835,8.694417,6,Nordmøre og Sør-Trøndelag,1
15,2026,14041,Edøya,ikke-medikamentell,mekanisk behandling,,,,,deler av lokaliteten,5056,HITRA,50,Trøndelag,63.65835,8.694417,6,Nordmøre og Sør-Trøndelag,1
15,2026,14041,Edøya,ikke-medikamentell,ferskvannsbehandling,,,,,deler av lokaliteten,5056,HITRA,50,Trøndelag,63.65835,8.694417,6,Nordmøre og Sør-Trøndelag,1
15,2026,14041,Edøya,ikke-medikamentell,mekanisk behandling,,,,,deler av lokaliteten,5056,HITRA,50,Trøndelag,63.65835,8.694417,6,Nordmøre og Sør-Trøndelag,1
15,2026,30137,Edøya II,ikke-medikamentell,ferskvannsbehandling,,,,,deler av lokaliteten,5056,HITRA,50,Trøndelag,63.65805,8.683667,6,Nordmøre og Sør-Trøndelag,1
15,2026,30137,Edøya II,ikke-medikamentell,mekanisk behandling,,,,,deler av lokaliteten,5056,HITRA,50,Trøndelag,63.65805,8.683667,6,Nordmøre og Sør-Trøndelag,1
15,2026,30137,Edøya II,ikke-medikamentell,ferskvannsbehandling,,,,,deler av lokaliteten,5056,HITRA,50,Trøndelag,63.65805,8.683667,6,Nordmøre og Sør-Trøndelag,1
15,2026,30137,Edøya II,ikke-medikamentell,mekanisk behandling,,,,,deler av lokaliteten,5056,HITRA,50,Trøndelag,63.65805,8.683667,6,Nordmøre og Sør-Trøndelag,1
15,2026,30137,Edøya II,ikke-medikamentell,ferskvannsbehandling,,,,,deler av lokaliteten,5056,HITRA,50,Trøndelag,63.65805,8.683667,6,Nordmøre og Sør-Trøndelag,1
15,2026,30137,Edøya II,ikke-medikamentell,mekanisk behandling,,,,,deler av lokaliteten,5056,HITRA,50,Trøndelag,63.65805,8.683667,6,Nordmøre og Sør-Trøndelag,1
15,2026,32317,Guriøyna,ikke-medikamentell,termisk behandling,,,,,hele lokaliteten,4645,ASKVOLL,46,Vestland,61.297768,4.660867,4,Nordhordaland til Stadt,
15,2026,30257,Hausan,ikke-medikamentell,ferskvannsbehandling,,,,,deler av lokaliteten,5055,HEIM,50,Trøndelag,63.458317,8.955683,6,Nordmøre og Sør-Trøndelag,1
15,2026,30257,Hausan,ikke-medikamentell,mekanisk behandling,,,,,deler av lokaliteten,5055,HEIM,50,Trøndelag,63.458317,8.955683,6,Nordmøre og Sør-Trøndelag,1
15,2026,18015,Hestabyneset,ikke-medikamentell,ferskvannsbehandling,,,,,deler av lokaliteten,4616,TYSNES,46,Vestland,59.953632,5.4514,3,Karmøy til Sotra,1
15,2026,18015,Hestabyneset,ikke-medikamentell,termisk behandling,,,,,deler av lokaliteten,4616,TYSNES,46,Vestland,59.953632,5.4514,3,Karmøy til Sotra,1
15,2026,18015,Hestabyneset,ikke-medikamentell,ferskvannsbehandling,,,,,deler av lokaliteten,4616,TYSNES,46,Vestland,59.953632,5.4514,3,Karmøy til Sotra,1
15,2026,18015,Hestabyneset,ikke-medikamentell,termisk behandling,,,,,deler av lokaliteten,4616,TYSNES,46,Vestland,59.953632,5.4514,3,Karmøy til Sotra,1
15,2026,10410,Hindholmen,ikke-medikamentell,mekanisk behandling,,,,,hele lokaliteten,5060,NÆRØYSUND,50,Trøndelag,64.77393,11.44087,7,Nord-Trøndelag med Bindal,0
15,2026,12036,Hisdalen,ikke-medikamentell,annen behandling,,,,,deler av lokaliteten,4617,KVINNHERAD,46,Vestland,60.126118,5.9305,3,Karmøy til Sotra,1
15,2026,14042,Kattholmen,medikamentell,badebehandling,Azamethiphos,,,,deler av lokaliteten,5014,FRØYA,50,Trøndelag,63.867683,8.677683,6,Nordmøre og Sør-Trøndelag,0
15,2026,36297,Kjeringeholmen,ikke-medikamentell,annen behandling,,,,,deler av lokaliteten,4645,ASKVOLL,46,Vestland,61.391,4.982833,4,Nordhordaland til Stadt,1
15,2026,13339,Klungervikneset,ikke-medikamentell,ferskvannsbehandling,,,,,hele lokaliteten,4613,BØMLO,46,Vestland,59.74687,5.3433,3,Karmøy til Sotra,
15,2026,13339,Klungervikneset,ikke-medikamentell,mekanisk behandling,,,,,hele lokaliteten,4613,BØMLO,46,Vestland,59.74687,5.3433,3,Karmøy til Sotra,
15,2026,18755,Klungset,ikke-medikamentell,mekanisk behandling,,,,,deler av lokaliteten,5060,NÆRØYSUND,50,Trøndelag,64.74997,11.394183,7,Nord-Trøndelag med Bindal,2
15,2026,32518,Kuøyna,ikke-medikamentell,termisk behandling,,,,,deler av lokaliteten,4635,GULEN,46,Vestland,60.996418,4.897983,4,Nordhordaland til Stadt,1
15,2026,35377,Kveitskjeret,ikke-medikamentell,mekanisk behandling,,,,,hele lokaliteten,5014,FRØYA,50,Trøndelag,63.82503,8.444633,6,Nordmøre og Sør-Trøndelag,0
15,2026,11775,Kviteskjeret,ikke-medikamentell,ferskvannsbehandling,,,,,hele lokaliteten,4645,ASKVOLL,46,Vestland,61.467815,5.2203,4,Nordhordaland til Stadt,
15,2026,11775,Kviteskjeret,ikke-medikamentell,termisk behandling,,,,,hele lokaliteten,4645,ASKVOLL,46,Vestland,61.467815,5.2203,4,Nordhordaland til Stadt,
15,2026,12993,Lamøya,ikke-medikamentell,ferskvannsbehandling,,,,,deler av lokaliteten,5014,FRØYA,50,Trøndelag,63.73305,8.854983,6,Nordmøre og Sør-Trøndelag,1
15,2026,12993,Lamøya,ikke-medikamentell,termisk behandling,,,,,deler av lokaliteten,5014,FRØYA,50,Trøndelag,63.73305,8.854983,6,Nordmøre og Sør-Trøndelag,1
15,2026,12993,Lamøya,ikke-medikamentell,ferskvannsbehandling,,,,,deler av lokaliteten,5014,FRØYA,50,Trøndelag,63.73305,8.854983,6,Nordmøre og Sør-Trøndelag,2
15,2026,12993,Lamøya,ikke-medikamentell,termisk behandling,,,,,deler av lokaliteten,5014,FRØYA,50,Trøndelag,63.73305,8.854983,6,Nordmøre og Sør-Trøndelag,2
15,2026,11116,Langholmen,ikke-medikamentell,mekanisk behandling,,,,,deler av lokaliteten,1838,GILDESKÅL,18,Nordland,67.05783,14.025333,8,Helgeland til Bodø,1
15,2026,45236,Langtaren,ikke-medikamentell,ferskvannsbehandling,,,,,hele lokaliteten,5014,FRØYA,50,Trøndelag,63.75285,8.9278,6,Nordmøre og Sør-Trøndelag,0
15,2026,45236,Langtaren,ikke-medikamentell,termisk behandling,,,,,hele lokaliteten,5014,FRØYA,50,Trøndelag,63.75285,8.9278,6,Nordmøre og Sør-Trøndelag,0
15,2026,13340,Leiholmane,ikke-medikamentell,annen behandling,,,,,deler av lokaliteten,4635,GULEN,46,Vestland,60.980633,4.87435,4,Nordhordaland til Stadt,1
15,2026,13340,Leiholmane,ikke-medikamentell,termisk behandling,,,,,deler av lokaliteten,4635,GULEN,46,Vestland,60.980633,4.87435,4,Nordhordaland til Stadt,1
15,2026,12392,Lille Torsøy,ikke-medikamentell,termisk behandling,,,,,deler av lokaliteten,5056,HITRA,50,Trøndelag,63.60615,8.492133,6,Nordmøre og Sør-Trøndelag,3
15,2026,14435,Ljøsøy N,ikke-medikamentell,termisk behandling,,,,,hele lokaliteten,4626,ØYGARDEN,46,Vestland,60.565132,4.878417,4,Nordhordaland til Stadt,0
15,2026,28956,Meløysjøen,ikke-medikamentell,mekanisk behandling,,,,,deler av lokaliteten,1837,MELØY,18,Nordland,66.819984,13.461467,8,Helgeland til Bodø,2
15,2026,13554,Overåneset,ikke-medikamentell,ferskvannsbehandling,,,,,hele lokaliteten,1525,STRANDA,15,Møre og Romsdal,62.294285,7.12155,5,Stadt til Hustadvika,
15,2026,13554,Overåneset,ikke-medikamentell,termisk behandling,,,,,hele lokaliteten,1525,STRANDA,15,Møre og Romsdal,62.294285,7.12155,5,Stadt til Hustadvika,
15,2026,11688,Portevika,ikke-medikamentell,ferskvannsbehandling,,,,,deler av lokaliteten,4637,HYLLESTAD,46,Vestland,61.190666,5.081683,4,Nordhordaland til Stadt,2
15,2026,11688,Portevika,ikke-medikamentell,termisk behandling,,,,,deler av lokaliteten,4637,HYLLESTAD,46,Vestland,61.190666,5.081683,4,Nordhordaland til Stadt,2
15,2026,45198,Purkholmen,ikke-medikamentell,mekanisk behandling,,,,,deler av lokaliteten,5060,NÆRØYSUND,50,Trøndelag,64.80645,10.565933,7,Nord-Trøndelag med Bindal,2
15,2026,28636,Rataren,ikke-medikamentell,mekanisk behandling,,,,,deler av lokaliteten,5014,FRØYA,50,Trøndelag,63.7813,8.521533,6,Nordmøre og Sør-Trøndelag,1
15,2026,31777,Reinvika,ikke-medikamentell,termisk behandling,,,,,deler av lokaliteten,1845,SØRFOLD,18,Nordland,67.60568,15.368483,9,Vestfjorden og Vesterålen,5
15,2026,12003,Rossholmen N,ikke-medikamentell,termisk behandling,,,,,deler av lokaliteten,1103,STAVANGER,11,Rogaland,59.06428,5.722617,2,Ryfylke,1
15,2026,34857,Salatskjæra,ikke-medikamentell,mekanisk behandling,,,,,deler av lokaliteten,5014,FRØYA,50,Trøndelag,63.90485,8.589133,6,Nordmøre og Sør-Trøndelag,8
15,2026,11758,Sauøy,ikke-medikamentell,termisk behandling,,,,,deler av lokaliteten,4626,ØYGARDEN,46,Vestland,60.59395,4.86125,4,Nordhordaland til Stadt,1
15,2026,11758,Sauøy,ikke-medikamentell,ferskvannsbehandling,,,,,deler av lokaliteten,4626,ØYGARDEN,46,Vestland,60.59395,4.86125,4,Nordhordaland til Stadt,1
15,2026,24115,Singsholmen,ikke-medikamentell,mekanisk behandling,,,,,deler av lokaliteten,5056,HITRA,50,Trøndelag,63.419617,8.4127,6,Nordmøre og Sør-Trøndelag,10
15,2026,23375,Sørevik,ikke-medikamentell,termisk behandling,,,,,deler av lokaliteten,4638,HØYANGER,46,Vestland,61.099983,5.729967,4,Nordhordaland til Stadt,3
15,2026,45046,Stasøya,ikke-medikamentell,termisk behandling,,,,,deler av lokaliteten,5060,NÆRØYSUND,50,Trøndelag,64.80155,11.633783,7,Nord-Trøndelag med Bindal,7
15,2026,13568,Storevik,ikke-medikamentell,ferskvannsbehandling,,,,,hele lokaliteten,4645,ASKVOLL,46,Vestland,61.47627,5.285,4,Nordhordaland til Stadt,0
15,2026,13568,Storevik,ikke-medikamentell,termisk behandling,,,,,hele lokaliteten,4645,ASKVOLL,46,Vestland,61.47627,5.285,4,Nordhordaland til Stadt,0
15,2026,12449,Tennøya,ikke-medikamentell,mekanisk behandling,,,,,deler av lokaliteten,5014,FRØYA,50,Trøndelag,63.805035,8.4444,6,Nordmøre og Sør-Trøndelag,2
15,2026,10054,Tobbeholmane,ikke-medikamentell,ferskvannsbehandling,,,,,deler av lokaliteten,4625,AUSTEVOLL,46,Vestland,60.02558,5.309083,3,Karmøy til Sotra,4
15,2026,10054,Tobbeholmane,ikke-medikamentell,termisk behandling,,,,,deler av lokaliteten,4625,AUSTEVOLL,46,Vestland,60.02558,5.309083,3,Karmøy til Sotra,4
15,2026,14081,Tveit,ikke-medikamentell,termisk behandling,,,,,deler av lokaliteten,4637,HYLLESTAD,46,Vestland,61.110085,5.340483,4,Nordhordaland til Stadt,7
15,2026,24197,Værøya Ø,ikke-medikamentell,mekanisk behandling,,,,,deler av lokaliteten,5056,HITRA,50,Trøndelag,63.415966,8.483883,6,Nordmøre og Sør-Trøndelag,1
15,2026,12839,Vindsnes,ikke-medikamentell,termisk behandling,,,,,deler av lokaliteten,1578,FJORD,15,Møre og Romsdal,62.285217,7.281017,5,Stadt til Hustadvika,5
15,2026,12839,Vindsnes,ikke-medikamentell,ferskvannsbehandling,,,,,deler av lokaliteten,1578,FJORD,15,Møre og Romsdal,62.285217,7.281017,5,Stadt til Hustadvika,5
14,2026,10256,Bondøya,ikke-medikamentell,annen behandling,,,,,deler av lokaliteten,5060,NÆRØYSUND,50,Trøndelag,64.8168,10.7427,7,Nord-Trøndelag med Bindal,3
14,2026,11574,Breivik S,ikke-medikamentell,annen behandling,,,,,hele lokaliteten,4613,BØMLO,46,Vestland,59.671185,5.31215,3,Karmøy til Sotra,0
14,2026,10223,Bremnessvaet,ikke-medikamentell,termisk behandling,,,,,deler av lokaliteten,1573,SMØLA,15,Møre og Romsdal,63.398018,8.213567,6,Nordmøre og Sør-Trøndelag,3
14,2026,12237,Brudevika,ikke-medikamentell,termisk behandling,,,,,deler av lokaliteten,1511,VANYLVEN,15,Møre og Romsdal,62.116566,5.420717,5,Stadt til Hustadvika,1
14,2026,13841,Brunsvik,ikke-medikamentell,mekanisk behandling,,,,,deler av lokaliteten,4602,KINN,46,Vestland,61.910183,5.29085,4,Nordhordaland til Stadt,1
14,2026,21336,Djupeleget,ikke-medikamentell,ferskvannsbehandling,,,,,deler av lokaliteten,4638,HØYANGER,46,Vestland,61.16942,5.80735,4,Nordhordaland til Stadt,2
14,2026,21336,Djupeleget,ikke-medikamentell,termisk behandling,,,,,deler av lokaliteten,4638,HØYANGER,46,Vestland,61.16942,5.80735,4,Nordhordaland til Stadt,2
14,2026,32197,Dryna,ikke-medikamentell,mekanisk behandling,,,,,deler av lokaliteten,1506,MOLDE,15,Møre og Romsdal,62.64467,6.557633,5,Stadt til Hustadvika,3
14,2026,13036,Gjengane,ikke-medikamentell,ferskvannsbehandling,,,,,deler av lokaliteten,4625,AUSTEVOLL,46,Vestland,60.070934,5.305417,3,Karmøy til Sotra,1
14,2026,13036,Gjengane,ikke-medikamentell,termisk behandling,,,,,deler av lokaliteten,4625,AUSTEVOLL,46,Vestland,60.070934,5.305417,3,Karmøy til Sotra,1
14,2026,13036,Gjengane,ikke-medikamentell,ferskvannsbehandling,,,,,deler av lokaliteten,4625,AUSTEVOLL,46,Vestland,60.070934,5.305417,3,Karmøy til Sotra,1
14,2026,13036,Gjengane,ikke-medikamentell,termisk behandling,,,,,deler av lokaliteten,4625,AUSTEVOLL,46,Vestland,60.070934,5.305417,3,Karmøy til Sotra,1
14,2026,13036,Gjengane,ikke-medikamentell,ferskvannsbehandling,,,,,deler av lokaliteten,4625,AUSTEVOLL,46,Vestland,60.070934,5.305417,3,Karmøy til Sotra,1
14,2026,13036,Gjengane,ikke-medikamentell,termisk behandling,,,,,deler av lokaliteten,4625,AUSTEVOLL,46,Vestland,60.070934,5.305417,3,Karmøy til Sotra,1
14,2026,13036,Gjengane,ikke-medikamentell,ferskvannsbehandling,,,,,deler av lokaliteten,4625,AUSTEVOLL,46,Vestland,60.070934,5.305417,3,Karmøy til Sotra,1
14,2026,13036,Gjengane,ikke-medikamentell,termisk behandling,,,,,deler av lokaliteten,4625,AUSTEVOLL,46,Vestland,60.070934,5.305417,3,Karmøy til Sotra,1
14,2026,13036,Gjengane,ikke-medikamentell,ferskvannsbehandling,,,,,deler av lokaliteten,4625,AUSTEVOLL,46,Vestland,60.070934,5.305417,3,Karmøy til Sotra,1
14,2026,13036,Gjengane,ikke-medikamentell,termisk behandling,,,,,deler av lokaliteten,4625,AUSTEVOLL,46,Vestland,60.070934,5.305417,3,Karmøy til Sotra,1
14,2026,10318,Gulestø,ikke-medikamentell,termisk behandling,,,,,deler av lokaliteten,4648,BREMANGER,46,Vestland,61.75802,5.069883,4,Nordhordaland til Stadt,3
14,2026,30257,Hausan,ikke-medikamentell,ferskvannsbehandling,,,,,deler av lokaliteten,5055,HEIM,50,Trøndelag,63.458317,8.955683,6,Nordmøre og Sør-Trøndelag,1
14,2026,30257,Hausan,ikke-medikamentell,mekanisk behandling,,,,,deler av lokaliteten,5055,HEIM,50,Trøndelag,63.458317,8.955683,6,Nordmøre og Sør-Trøndelag,1
14,2026,30257,Hausan,ikke-medikamentell,ferskvannsbehandling,,,,,deler av lokaliteten,5055,HEIM,50,Trøndelag,63.458317,8.955683,6,Nordmøre og Sør-Trøndelag,1
14,2026,30257,Hausan,ikke-medikamentell,mekanisk behandling,,,,,deler av lokaliteten,5055,HEIM,50,Trøndelag,63.458317,8.955683,6,Nordmøre og Sør-Trøndelag,1
14,2026,30257,Hausan,ikke-medikamentell,ferskvannsbehandling,,,,,deler av lokaliteten,5055,HEIM,50,Trøndelag,63.458317,8.955683,6,Nordmøre og Sør-Trøndelag,1
14,2026,30257,Hausan,ikke-medikamentell,mekanisk behandling,,,,,deler av lokaliteten,5055,HEIM,50,Trøndelag,63.458317,8.955683,6,Nordmøre og Sør-Trøndelag,1
14,2026,30257,Hausan,ikke-medikamentell,ferskvannsbehandling,,,,,deler av lokaliteten,5055,HEIM,50,Trøndelag,63.458317,8.955683,6,Nordmøre og Sør-Trøndelag,1
14,2026,30257,Hausan,ikke-medikamentell,mekanisk behandling,,,,,deler av lokaliteten,5055,HEIM,50,Trøndelag,63.458317,8.955683,6,Nordmøre og Sør-Trøndelag,1
14,2026,30257,Hausan,ikke-medikamentell,termisk behandling,,,,,deler av lokaliteten,5055,HEIM,50,Trøndelag,63.458317,8.955683,6,Nordmøre og Sør-Trøndelag,1
14,2026,30257,Hausan,ikke-medikamentell,mekanisk behandling,,,,,deler av lokaliteten,5055,HEIM,50,Trøndelag,63.458317,8.955683,6,Nordmøre og Sør-Trøndelag,1
14,2026,30257,Hausan,ikke-medikamentell,termisk behandling,,,,,deler av lokaliteten,5055,HEIM,50,Trøndelag,63.458317,8.955683,6,Nordmøre og Sør-Trøndelag,1
14,2026,30257,Hausan,ikke-medikamentell,mekanisk behandling,,,,,deler av lokaliteten,5055,HEIM,50,Trøndelag,63.458317,8.955683,6,Nordmøre og Sør-Trøndelag,1
14,2026,45127,Hellerflesa,medikamentell,fôrbehandling,Annet virkestoff,,,,hele lokaliteten,5060,NÆRØYSUND,50,Trøndelag,65.03512,11.730767,7,Nord-Trøndelag med Bindal,0
14,2026,12036,Hisdalen,ikke-medikamentell,termisk behandling,,,,,deler av lokaliteten,4617,KVINNHERAD,46,Vestland,60.126118,5.9305,3,Karmøy til Sotra,1
14,2026,11571,Holevik,ikke-medikamentell,termisk behandling,,,,,deler av lokaliteten,4613,BØMLO,46,Vestland,59.776566,5.32265,3,Karmøy til Sotra,2
14,2026,38997,Ilsøya 2,ikke-medikamentell,ferskvannsbehandling,,,,,deler av lokaliteten,5014,FRØYA,50,Trøndelag,63.66275,8.447833,6,Nordmøre og Sør-Trøndelag,3
14,2026,38997,Ilsøya 2,ikke-medikamentell,mekanisk behandling,,,,,deler av lokaliteten,5014,FRØYA,50,Trøndelag,63.66275,8.447833,6,Nordmøre og Sør-Trøndelag,3
14,2026,38997,Ilsøya 2,ikke-medikamentell,ferskvannsbehandling,,,,,deler av lokaliteten,5014,FRØYA,50,Trøndelag,63.66275,8.447833,6,Nordmøre og Sør-Trøndelag,3
14,2026,38997,Ilsøya 2,ikke-medikamentell,mekanisk behandling,,,,,deler av lokaliteten,5014,FRØYA,50,Trøndelag,63.66275,8.447833,6,Nordmøre og Sør-Trøndelag,3
14,2026,38997,Ilsøya 2,ikke-medikamentell,ferskvannsbehandling,,,,,deler av lokaliteten,5014,FRØYA,50,Trøndelag,63.66275,8.447833,6,Nordmøre og Sør-Trøndelag,1
14,2026,38997,Ilsøya 2,ikke-medikamentell,mekanisk behandling,,,,,deler av lokaliteten,5014,FRØYA,50,Trøndelag,63.66275,8.447833,6,Nordmøre og Sør-Trøndelag,1
14,2026,14245,Jakobsteinsvika,medikamentell,fôrbehandling,Emamectin benzoat,,,,deler av lokaliteten,5052,LEKA,50,Trøndelag,65.11235,11.792967,7,Nord-Trøndelag med Bindal,0
14,2026,28976,Kelvesteinen,ikke-medikamentell,termisk behandling,,,,,deler av lokaliteten,4626,ØYGARDEN,46,Vestland,60.403,5.0635,3,Karmøy til Sotra,5
14,2026,12660,Kipholmen,ikke-medikamentell,mekanisk behandling,,,,,hele lokaliteten,5060,NÆRØYSUND,50,Trøndelag,64.79403,11.690367,7,Nord-Trøndelag med Bindal,0
14,2026,36297,Kjeringeholmen,ikke-medikamentell,annen behandling,,,,,deler av lokaliteten,4645,ASKVOLL,46,Vestland,61.391,4.982833,4,Nordhordaland til Stadt,2
14,2026,11714,Kvernhusvika,ikke-medikamentell,ferskvannsbehandling,,,,,hele lokaliteten,4636,SOLUND,46,Vestland,61.0675,4.94345,4,Nordhordaland til Stadt,
14,2026,11714,Kvernhusvika,ikke-medikamentell,termisk behandling,,,,,hele lokaliteten,4636,SOLUND,46,Vestland,61.0675,4.94345,4,Nordhordaland til Stadt,
14,2026,12392,Lille Torsøy,ikke-medikamentell,termisk behandling,,,,,deler av lokaliteten,5056,HITRA,50,Trøndelag,63.60615,8.492133,6,Nordmøre og Sør-Trøndelag,2
14,2026,12392,Lille Torsøy,ikke-medikamentell,termisk behandling,,,,,deler av lokaliteten,5056,HITRA,50,Trøndelag,63.60615,8.492133,6,Nordmøre og Sør-Trøndelag,2
14,2026,12394,Ørnøya,ikke-medikamentell,mekanisk behandling,,,,,deler av lokaliteten,5014,FRØYA,50,Trøndelag,63.760017,8.4477,6,Nordmøre og Sør-Trøndelag,2
14,2026,13345,Oterstegdalen,ikke-medikamentell,termisk behandling,,,,,deler av lokaliteten,4624,BJØRNAFJORDEN,46,Vestland,60.23545,5.638267,3,Karmøy til Sotra,1
14,2026,45198,Purkholmen,ikke-medikamentell,mekanisk behandling,,,,,deler av lokaliteten,5060,NÆRØYSUND,50,Trøndelag,64.80645,10.565933,7,Nord-Trøndelag med Bindal,1
14,2026,37197,Ruggstein,ikke-medikamentell,mekanisk behandling,,,,,deler av lokaliteten,5014,FRØYA,50,Trøndelag,63.770084,8.476033,6,Nordmøre og Sør-Trøndelag,6
14,2026,17015,Seglberget,medikamentell,badebehandling,Azamethiphos,,,,hele lokaliteten,4617,KVINNHERAD,46,Vestland,59.730434,5.788733,3,Karmøy til Sotra,
14,2026,13566,Storskrebukti,ikke-medikamentell,termisk behandling,,,,,deler av lokaliteten,4631,ALVER,46,Vestland,60.653732,5.4192,4,Nordhordaland til Stadt,7
14,2026,24197,Værøya Ø,ikke-medikamentell,mekanisk behandling,,,,,deler av lokaliteten,5056,HITRA,50,Trøndelag,63.415966,8.483883,6,Nordmøre og Sør-Trøndelag,6
13,2026,24695,Årnes,ikke-medikamentell,mekanisk behandling,,,,,deler av lokaliteten,5007,NAMSOS,50,Trøndelag,64.59637,11.272917,7,Nord-Trøndelag med Bindal,1
13,2026,12178,Bjønnspjotneset,ikke-medikamentell,termisk behandling,,,,,deler av lokaliteten,4638,HØYANGER,46,Vestland,61.098083,5.82545,4,Nordhordaland til Stadt,2
13,2026,10256,Bondøya,ikke-medikamentell,annen behandling,,,,,deler av lokaliteten,5060,NÆRØYSUND,50,Trøndelag,64.8168,10.7427,7,Nord-Trøndelag med Bindal,2
13,2026,11015,Brattholmen,ikke-medikamentell,mekanisk behandling,,,,,deler av lokaliteten,1818,HERØY I NORDLAND,18,Nordland,65.90735,12.220967,8,Helgeland til Bodø,2
13,2026,21336,Djupeleget,ikke-medikamentell,ferskvannsbehandling,,,,,deler av lokaliteten,4638,HØYANGER,46,Vestland,61.16942,5.80735,4,Nordhordaland til Stadt,2
13,2026,21336,Djupeleget,ikke-medikamentell,termisk behandling,,,,,deler av lokaliteten,4638,HØYANGER,46,Vestland,61.16942,5.80735,4,Nordhordaland til Stadt,2
13,2026,26595,Djupevika,ikke-medikamentell,termisk behandling,,,,,deler av lokaliteten,4616,TYSNES,46,Vestland,60.035816,5.342217,3,Karmøy til Sotra,1
13,2026,26595,Djupevika,ikke-medikamentell,ferskvannsbehandling,,,,,deler av lokaliteten,4616,TYSNES,46,Vestland,60.035816,5.342217,3,Karmøy til Sotra,1
13,2026,26595,Djupevika,ikke-medikamentell,ferskvannsbehandling,,,,,deler av lokaliteten,4616,TYSNES,46,Vestland,60.035816,5.342217,3,Karmøy til Sotra,1
13,2026,26595,Djupevika,ikke-medikamentell,termisk behandling,,,,,deler av lokaliteten,4616,TYSNES,46,Vestland,60.035816,5.342217,3,Karmøy til Sotra,1
13,2026,26595,Djupevika,ikke-medikamentell,ferskvannsbehandling,,,,,deler av lokaliteten,4616,TYSNES,46,Vestland,60.035816,5.342217,3,Karmøy til Sotra,1
13,2026,26595,Djupevika,ikke-medikamentell,termisk behandling,,,,,deler av lokaliteten,4616,TYSNES,46,Vestland,60.035816,5.342217,3,Karmøy til Sotra,1
13,2026,26595,Djupevika,ikke-medikamentell,termisk behandling,,,,,deler av lokaliteten,4616,TYSNES,46,Vestland,60.035816,5.342217,3,Karmøy til Sotra,1
13,2026,26595,Djupevika,ikke-medikamentell,ferskvannsbehandling,,,,,deler av lokaliteten,4616,TYSNES,46,Vestland,60.035816,5.342217,3,Karmøy til Sotra,1
13,2026,26595,Djupevika,ikke-medikamentell,ferskvannsbehandling,,,,,deler av lokaliteten,4616,TYSNES,46,Vestland,60.035816,5.342217,3,Karmøy til Sotra,2
13,2026,26595,Djupevika,ikke-medikamentell,termisk behandling,,,,,deler av lokaliteten,4616,TYSNES,46,Vestland,60.035816,5.342217,3,Karmøy til Sotra,2
13,2026,33077,Elveneset,ikke-medikamentell,annen behandling,,,,,deler av lokaliteten,4637,HYLLESTAD,46,Vestland,61.205833,5.131717,4,Nordhordaland til Stadt,3
13,2026,32677,Espnestaren,ikke-medikamentell,termisk behandling,,,,,deler av lokaliteten,5014,FRØYA,50,Trøndelag,63.677883,8.667,6,Nordmøre og Sør-Trøndelag,1
13,2026,32677,Espnestaren,ikke-medikamentell,mekanisk behandling,,,,,deler av lokaliteten,5014,FRØYA,50,Trøndelag,63.677883,8.667,6,Nordmøre og Sør-Trøndelag,1
13,2026,32677,Espnestaren,ikke-medikamentell,termisk behandling,,,,,deler av lokaliteten,5014,FRØYA,50,Trøndelag,63.677883,8.667,6,Nordmøre og Sør-Trøndelag,1
13,2026,32677,Espnestaren,ikke-medikamentell,mekanisk behandling,,,,,deler av lokaliteten,5014,FRØYA,50,Trøndelag,63.677883,8.667,6,Nordmøre og Sør-Trøndelag,1
13,2026,32677,Espnestaren,ikke-medikamentell,termisk behandling,,,,,deler av lokaliteten,5014,FRØYA,50,Trøndelag,63.677883,8.667,6,Nordmøre og Sør-Trøndelag,1
13,2026,32677,Espnestaren,ikke-medikamentell,mekanisk behandling,,,,,deler av lokaliteten,5014,FRØYA,50,Trøndelag,63.677883,8.667,6,Nordmøre og Sør-Trøndelag,1
13,2026,32677,Espnestaren,ikke-medikamentell,termisk behandling,,,,,deler av lokaliteten,5014,FRØYA,50,Trøndelag,63.677883,8.667,6,Nordmøre og Sør-Trøndelag,1
13,2026,32677,Espnestaren,ikke-medikamentell,mekanisk behandling,,,,,deler av lokaliteten,5014,FRØYA,50,Trøndelag,63.677883,8.667,6,Nordmøre og Sør-Trøndelag,1
13,2026,32677,Espnestaren,ikke-medikamentell,termisk behandling,,,,,deler av lokaliteten,5014,FRØYA,50,Trøndelag,63.677883,8.667,6,Nordmøre og Sør-Trøndelag,1
13,2026,32677,Espnestaren,ikke-medikamentell,mekanisk behandling,,,,,deler av lokaliteten,5014,FRØYA,50,Trøndelag,63.677883,8.667,6,Nordmøre og Sør-Trøndelag,1
13,2026,32677,Espnestaren,ikke-medikamentell,ferskvannsbehandling,,,,,deler av lokaliteten,5014,FRØYA,50,Trøndelag,63.677883,8.667,6,Nordmøre og Sør-Trøndelag,1
13,2026,32677,Espnestaren,ikke-medikamentell,mekanisk behandling,,,,,deler av lokaliteten,5014,FRØYA,50,Trøndelag,63.677883,8.667,6,Nordmøre og Sør-Trøndelag,1
13,2026,32677,Espnestaren,ikke-medikamentell,ferskvannsbehandling,,,,,deler av lokaliteten,5014,FRØYA,50,Trøndelag,63.677883,8.667,6,Nordmøre og Sør-Trøndelag,1
13,2026,32677,Espnestaren,ikke-medikamentell,mekanisk behandling,,,,,deler av lokaliteten,5014,FRØYA,50,Trøndelag,63.677883,8.667,6,Nordmøre og Sør-Trøndelag,1
13,2026,32677,Espnestaren,ikke-medikamentell,ferskvannsbehandling,,,,,deler av lokaliteten,5014,FRØYA,50,Trøndelag,63.677883,8.667,6,Nordmøre og Sør-Trøndelag,1
13,2026,32677,Espnestaren,ikke-medikamentell,mekanisk behandling,,,,,deler av lokaliteten,5014,FRØYA,50,Trøndelag,63.677883,8.667,6,Nordmøre og Sør-Trøndelag,1
13,2026,32677,Espnestaren,ikke-medikamentell,ferskvannsbehandling,,,,,deler av lokaliteten,5014,FRØYA,50,Trøndelag,63.677883,8.667,6,Nordmøre og Sør-Trøndelag,1
13,2026,32677,Espnestaren,ikke-medikamentell,mekanisk behandling,,,,,deler av lokaliteten,5014,FRØYA,50,Trøndelag,63.677883,8.667,6,Nordmøre og Sør-Trøndelag,1
13,2026,10318,Gulestø,ikke-medikamentell,termisk behandling,,,,,deler av lokaliteten,4648,BREMANGER,46,Vestland,61.75802,5.069883,4,Nordhordaland til Stadt,4
13,2026,45127,Hellerflesa,medikamentell,fôrbehandling,Annet virkestoff,,,,hele lokaliteten,5060,NÆRØYSUND,50,Trøndelag,65.03512,11.730767,7,Nord-Trøndelag med Bindal,0
13,2026,10410,Hindholmen,ikke-medikamentell,termisk behandling,,,,,hele lokaliteten,5060,NÆRØYSUND,50,Trøndelag,64.77393,11.44087,7,Nord-Trøndelag med Bindal,0
13,2026,11571,Holevik,ikke-medikamentell,termisk behandling,,,,,deler av lokaliteten,4613,BØMLO,46,Vestland,59.776566,5.32265,3,Karmøy til Sotra,1
13,2026,39477,Hundvika Aust,ikke-medikamentell,ferskvannsbehandling,,,,,deler av lokaliteten,4649,STAD,46,Vestland,61.872215,5.953667,4,Nordhordaland til Stadt,1
13,2026,39477,Hundvika Aust,ikke-medikamentell,termisk behandling,,,,,deler av lokaliteten,4649,STAD,46,Vestland,61.872215,5.953667,4,Nordhordaland til Stadt,1
13,2026,18755,Klungset,ikke-medikamentell,mekanisk behandling,,,,,deler av lokaliteten,5060,NÆRØYSUND,50,Trøndelag,64.74997,11.394183,7,Nord-Trøndelag med Bindal,1
13,2026,11116,Langholmen,ikke-medikamentell,mekanisk behandling,,,,,deler av lokaliteten,1838,GILDESKÅL,18,Nordland,67.05783,14.025333,8,Helgeland til Bodø,20
13,2026,45124,Laukelandsøyna,ikke-medikamentell,annen behandling,,,,,hele lokaliteten,4645,ASKVOLL,46,Vestland,61.317833,4.915,4,Nordhordaland til Stadt,0
13,2026,13876,Litletveitholane,ikke-medikamentell,termisk behandling,,,,,deler av lokaliteten,4630,OSTERØY,46,Vestland,60.479782,5.443633,4,Nordhordaland til Stadt,3
13,2026,10232,Mannbruholmen,ikke-medikamentell,mekanisk behandling,,,,,deler av lokaliteten,5014,FRØYA,50,Trøndelag,63.84705,8.536867,6,Nordmøre og Sør-Trøndelag,2
13,2026,12370,Måøydraga,ikke-medikamentell,mekanisk behandling,,,,,deler av lokaliteten,5014,FRØYA,50,Trøndelag,63.676434,8.757283,6,Nordmøre og Sør-Trøndelag,3
13,2026,12370,Måøydraga,ikke-medikamentell,ferskvannsbehandling,,,,,deler av lokaliteten,5014,FRØYA,50,Trøndelag,63.676434,8.757283,6,Nordmøre og Sør-Trøndelag,3
13,2026,12134,Maradalen,medikamentell,badebehandling,Azamethiphos,,,,deler av lokaliteten,4617,KVINNHERAD,46,Vestland,59.762115,5.687317,3,Karmøy til Sotra,5
13,2026,38797,Oløya N,ikke-medikamentell,mekanisk behandling,,,,,deler av lokaliteten,5014,FRØYA,50,Trøndelag,63.852734,8.591083,6,Nordmøre og Sør-Trøndelag,2
13,2026,12394,Ørnøya,ikke-medikamentell,mekanisk behandling,,,,,deler av lokaliteten,5014,FRØYA,50,Trøndelag,63.760017,8.4477,6,Nordmøre og Sør-Trøndelag,4
13,2026,13345,Oterstegdalen,ikke-medikamentell,termisk behandling,,,,,deler av lokaliteten,4624,BJØRNAFJORDEN,46,Vestland,60.23545,5.638267,3,Karmøy til Sotra,3
13,2026,10149,Rafdal,ikke-medikamentell,termisk behandling,,,,,deler av lokaliteten,4611,ETNE,46,Vestland,59.790085,6.17615,3,Karmøy til Sotra,1
13,2026,10149,Rafdal,ikke-medikamentell,termisk behandling,,,,,deler av lokaliteten,4611,ETNE,46,Vestland,59.790085,6.17615,3,Karmøy til Sotra,1
13,2026,10149,Rafdal,ikke-medikamentell,termisk behandling,,,,,deler av lokaliteten,4611,ETNE,46,Vestland,59.790085,6.17615,3,Karmøy til Sotra,2
13,2026,11651,Ramsøy S,ikke-medikamentell,termisk behandling,,,,,deler av lokaliteten,4627,ASKØY,46,Vestland,60.432617,5.061917,3,Karmøy til Sotra,1
13,2026,28636,Rataren,ikke-medikamentell,mekanisk behandling,,,,,deler av lokaliteten,5014,FRØYA,50,Trøndelag,63.7813,8.521533,6,Nordmøre og Sør-Trøndelag,2
13,2026,37197,Ruggstein,ikke-medikamentell,mekanisk behandling,,,,,deler av lokaliteten,5014,FRØYA,50,Trøndelag,63.770084,8.476033,6,Nordmøre og Sør-Trøndelag,1
13,2026,13612,Rundreimstranda,ikke-medikamentell,termisk behandling,,,,,hele lokaliteten,4649,STAD,46,Vestland,62.01035,5.3303,4,Nordhordaland til Stadt,0
13,2026,11758,Sauøy,ikke-medikamentell,termisk behandling,,,,,deler av lokaliteten,4626,ØYGARDEN,46,Vestland,60.59395,4.86125,4,Nordhordaland til Stadt,1
13,2026,11758,Sauøy,ikke-medikamentell,ferskvannsbehandling,,,,,deler av lokaliteten,4626,ØYGARDEN,46,Vestland,60.59395,4.86125,4,Nordhordaland til Stadt,1
13,2026,11758,Sauøy,ikke-medikamentell,termisk behandling,,,,,deler av lokaliteten,4626,ØYGARDEN,46,Vestland,60.59395,4.86125,4,Nordhordaland til Stadt,1
13,2026,11758,Sauøy,ikke-medikamentell,ferskvannsbehandling,,,,,deler av lokaliteten,4626,ØYGARDEN,46,Vestland,60.59395,4.86125,4,Nordhordaland til Stadt,1
13,2026,29356,Smineset N,ikke-medikamentell,annen behandling,,,,,deler av lokaliteten,5007,NAMSOS,50,Trøndelag,64.75597,11.54245,7,Nord-Trøndelag med Bindal,2
13,2026,15456,Søreide,ikke-medikamentell,termisk behandling,,,,,deler av lokaliteten,4638,HØYANGER,46,Vestland,61.1056,5.8536,4,Nordhordaland til Stadt,3
13,2026,31217,Stokkasjøen,medikamentell,badebehandling,Azamethiphos,,,,deler av lokaliteten,1816,VEVELSTAD,18,Nordland,65.78252,12.591783,8,Helgeland til Bodø,0
13,2026,12074,Svåsandneset,ikke-medikamentell,termisk behandling,,,,,deler av lokaliteten,4618,ULLENSVANG,46,Vestland,60.32422,6.318983,3,Karmøy til Sotra,2
13,2026,16165,Tårnvika,ikke-medikamentell,ferskvannsbehandling,,,,,deler av lokaliteten,1804,BODØ,18,Nordland,67.57312,15.1288,9,Vestfjorden og Vesterålen,1
13,2026,33677,Torvund,ikke-medikamentell,termisk behandling,,,,,deler av lokaliteten,4638,HØYANGER,46,Vestland,61.14467,5.656367,4,Nordhordaland til Stadt,2
13,2026,24135,Utåker,ikke-medikamentell,mekanisk behandling,,,,,deler av lokaliteten,4617,KVINNHERAD,46,Vestland,59.77833,5.9024,3,Karmøy til Sotra,3
13,2026,36337,Vardskjæret S,ikke-medikamentell,annen behandling,,,,,deler av lokaliteten,1834,LURØY,18,Nordland,66.350266,12.469867,8,Helgeland til Bodø,3
13,2026,37717,Vassgåsholmen,ikke-medikamentell,termisk behandling,,,,,deler av lokaliteten,5059,ORKLAND,50,Trøndelag,63.592167,9.339833,6,Nordmøre og Sør-Trøndelag,1
13,2026,37717,Vassgåsholmen,ikke-medikamentell,mekanisk behandling,,,,,deler av lokaliteten,5059,ORKLAND,50,Trøndelag,63.592167,9.339833,6,Nordmøre og Sør-Trøndelag,1
13,2026,37717,Vassgåsholmen,ikke-medikamentell,termisk behandling,,,,,deler av lokaliteten,5059,ORKLAND,50,Trøndelag,63.592167,9.339833,6,Nordmøre og Sør-Trøndelag,1
13,2026,37717,Vassgåsholmen,ikke-medikamentell,mekanisk behandling,,,,,deler av lokaliteten,5059,ORKLAND,50,Trøndelag,63.592167,9.339833,6,Nordmøre og Sør-Trøndelag,1
13,2026,37717,Vassgåsholmen,ikke-medikamentell,termisk behandling,,,,,deler av lokaliteten,5059,ORKLAND,50,Trøndelag,63.592167,9.339833,6,Nordmøre og Sør-Trøndelag,1
13,2026,37717,Vassgåsholmen,ikke-medikamentell,mekanisk behandling,,,,,deler av lokaliteten,5059,ORKLAND,50,Trøndelag,63.592167,9.339833,6,Nordmøre og Sør-Trøndelag,1
12,2026,13227,Altaneset,medikamentell,badebehandling,Azamethiphos,,,,deler av lokaliteten,4624,BJØRNAFJORDEN,46,Vestland,60.248016,5.633883,3,Karmøy til Sotra,0
12,2026,24695,Årnes,ikke-medikamentell,mekanisk behandling,,,,,deler av lokaliteten,5007,NAMSOS,50,Trøndelag,64.59637,11.272917,7,Nord-Trøndelag med Bindal,3
12,2026,12178,Bjønnspjotneset,ikke-medikamentell,termisk behandling,,,,,deler av lokaliteten,4638,HØYANGER,46,Vestland,61.098083,5.82545,4,Nordhordaland til Stadt,2
12,2026,13209,Bognøy,ikke-medikamentell,termisk behandling,,,,,hele lokaliteten,4631,ALVER,46,Vestland,60.604416,5.075833,4,Nordhordaland til Stadt,0
12,2026,11015,Brattholmen,ikke-medikamentell,mekanisk behandling,,,,,deler av lokaliteten,1818,HERØY I NORDLAND,18,Nordland,65.90735,12.220967,8,Helgeland til Bodø,2
12,2026,27976,Bukkholmen,ikke-medikamentell,mekanisk behandling,,,,,deler av lokaliteten,1820,ALSTAHAUG,18,Nordland,65.91832,12.244583,8,Helgeland til Bodø,3
12,2026,11644,Duesund,ikke-medikamentell,termisk behandling,,,,,hele lokaliteten,4634,MASFJORDEN,46,Vestland,60.807835,5.2946,4,Nordhordaland til Stadt,0
12,2026,12109,Ebne,medikamentell,badebehandling,Azamethiphos,,,,deler av lokaliteten,4611,ETNE,46,Vestland,59.71443,5.8238,3,Karmøy til Sotra,3
12,2026,39957,Flatøyan,medikamentell,badebehandling,Azamethiphos,,,,deler av lokaliteten,5014,FRØYA,50,Trøndelag,63.873585,8.4714,6,Nordmøre og Sør-Trøndelag,0
12,2026,11690,Grasholmen,ikke-medikamentell,termisk behandling,,,,,deler av lokaliteten,4631,ALVER,46,Vestland,60.595768,5.159717,4,Nordhordaland til Stadt,4
12,2026,11690,Grasholmen,ikke-medikamentell,ferskvannsbehandling,,,,,deler av lokaliteten,4631,ALVER,46,Vestland,60.595768,5.159717,4,Nordhordaland til Stadt,1
12,2026,10318,Gulestø,ikke-medikamentell,termisk behandling,,,,,deler av lokaliteten,4648,BREMANGER,46,Vestland,61.75802,5.069883,4,Nordhordaland til Stadt,1
12,2026,12590,Helligholmen,medikamentell,badebehandling,Azamethiphos,,,,deler av lokaliteten,5060,NÆRØYSUND,50,Trøndelag,64.83839,10.665517,7,Nord-Trøndelag med Bindal,0
12,2026,11571,Holevik,medikamentell,badebehandling,Annet virkestoff,,,,deler av lokaliteten,4613,BØMLO,46,Vestland,59.776566,5.32265,3,Karmøy til Sotra,0
12,2026,11571,Holevik,ikke-medikamentell,termisk behandling,,,,,deler av lokaliteten,4613,BØMLO,46,Vestland,59.776566,5.32265,3,Karmøy til Sotra,1
12,2026,39477,Hundvika Aust,ikke-medikamentell,ferskvannsbehandling,,,,,deler av lokaliteten,4649,STAD,46,Vestland,61.872215,5.953667,4,Nordhordaland til Stadt,6
12,2026,39477,Hundvika Aust,ikke-medikamentell,termisk behandling,,,,,deler av lokaliteten,4649,STAD,46,Vestland,61.872215,5.953667,4,Nordhordaland til Stadt,6
12,2026,12224,Isane,ikke-medikamentell,annen behandling,,,,,hele lokaliteten,4648,BREMANGER,46,Vestland,61.87715,5.723383,4,Nordhordaland til Stadt,0
12,2026,12212,Lindeneset,ikke-medikamentell,ferskvannsbehandling,,,,,deler av lokaliteten,4650,GLOPPEN,46,Vestland,61.80282,5.979733,4,Nordhordaland til Stadt,2
12,2026,12212,Lindeneset,ikke-medikamentell,termisk behandling,,,,,deler av lokaliteten,4650,GLOPPEN,46,Vestland,61.80282,5.979733,4,Nordhordaland til Stadt,2
12,2026,13549,Løypingneset,ikke-medikamentell,termisk behandling,,,,,deler av lokaliteten,4648,BREMANGER,46,Vestland,61.821335,5.250533,4,Nordhordaland til Stadt,1
12,2026,10232,Mannbruholmen,ikke-medikamentell,mekanisk behandling,,,,,deler av lokaliteten,5014,FRØYA,50,Trøndelag,63.84705,8.536867,6,Nordmøre og Sør-Trøndelag,9
12,2026,12134,Maradalen,medikamentell,badebehandling,Azamethiphos,,,,deler av lokaliteten,4617,KVINNHERAD,46,Vestland,59.762115,5.687317,3,Karmøy til Sotra,1
12,2026,11687,Ramsvik,ikke-medikamentell,termisk behandling,,,,,deler av lokaliteten,4631,ALVER,46,Vestland,60.578133,5.190433,4,Nordhordaland til Stadt,3
12,2026,11687,Ramsvik,ikke-medikamentell,ferskvannsbehandling,,,,,deler av lokaliteten,4631,ALVER,46,Vestland,60.578133,5.190433,4,Nordhordaland til Stadt,3
12,2026,28636,Rataren,ikke-medikamentell,mekanisk behandling,,,,,deler av lokaliteten,5014,FRØYA,50,Trøndelag,63.7813,8.521533,6,Nordmøre og Sør-Trøndelag,4
12,2026,29276,Rongøy,ikke-medikamentell,termisk behandling,,,,,deler av lokaliteten,4626,ØYGARDEN,46,Vestland,60.509335,4.9317,4,Nordhordaland til Stadt,1
12,2026,29276,Rongøy,ikke-medikamentell,ferskvannsbehandling,,,,,deler av lokaliteten,4626,ØYGARDEN,46,Vestland,60.509335,4.9317,4,Nordhordaland til Stadt,1
12,2026,29276,Rongøy,ikke-medikamentell,termisk behandling,,,,,deler av lokaliteten,4626,ØYGARDEN,46,Vestland,60.509335,4.9317,4,Nordhordaland til Stadt,1
12,2026,29276,Rongøy,ikke-medikamentell,ferskvannsbehandling,,,,,deler av lokaliteten,4626,ØYGARDEN,46,Vestland,60.509335,4.9317,4,Nordhordaland til Stadt,1
12,2026,29356,Smineset N,ikke-medikamentell,annen behandling,,,,,deler av lokaliteten,5007,NAMSOS,50,Trøndelag,64.75597,11.54245,7,Nord-Trøndelag med Bindal,2
12,2026,15456,Søreide,ikke-medikamentell,termisk behandling,,,,,deler av lokaliteten,4638,HØYANGER,46,Vestland,61.1056,5.8536,4,Nordhordaland til Stadt,3
12,2026,31217,Stokkasjøen,medikamentell,badebehandling,Azamethiphos,,,,deler av lokaliteten,1816,VEVELSTAD,18,Nordland,65.78252,12.591783,8,Helgeland til Bodø,0
12,2026,11649,Stolane,ikke-medikamentell,termisk behandling,,,,,deler av lokaliteten,4631,ALVER,46,Vestland,60.60465,5.126483,4,Nordhordaland til Stadt,4
12,2026,11649,Stolane,ikke-medikamentell,ferskvannsbehandling,,,,,deler av lokaliteten,4631,ALVER,46,Vestland,60.60465,5.126483,4,Nordhordaland til Stadt,1
12,2026,11649,Stolane,ikke-medikamentell,termisk behandling,,,,,deler av lokaliteten,4631,ALVER,46,Vestland,60.60465,5.126483,4,Nordhordaland til Stadt,1
12,2026,16165,Tårnvika,ikke-medikamentell,ferskvannsbehandling,,,,,deler av lokaliteten,1804,BODØ,18,Nordland,67.57312,15.1288,9,Vestfjorden og Vesterålen,4
12,2026,12662,Ternskjæret II,ikke-medikamentell,annen behandling,,,,,deler av lokaliteten,5007,NAMSOS,50,Trøndelag,64.77713,11.639767,7,Nord-Trøndelag med Bindal,5
12,2026,45135,Voravika,ikke-medikamentell,termisk behandling,,,,,hele lokaliteten,1514,SANDE I MØRE OG ROMSDAL,15,Møre og Romsdal,62.229916,5.49525,5,Stadt til Hustadvika,0
11,2026,13227,Altaneset,medikamentell,badebehandling,Azamethiphos,,,,deler av lokaliteten,4624,BJØRNAFJORDEN,46,Vestland,60.248016,5.633883,3,Karmøy til Sotra,0
11,2026,24695,Årnes,ikke-medikamentell,mekanisk behandling,,,,,deler av lokaliteten,5007,NAMSOS,50,Trøndelag,64.59637,11.272917,7,Nord-Trøndelag med Bindal,6
11,2026,13572,Badstuvika,ikke-medikamentell,ferskvannsbehandling,,,,,deler av lokaliteten,5056,HITRA,50,Trøndelag,63.53398,9.1469,6,Nordmøre og Sør-Trøndelag,1
11,2026,13572,Badstuvika,ikke-medikamentell,mekanisk behandling,,,,,deler av lokaliteten,5056,HITRA,50,Trøndelag,63.53398,9.1469,6,Nordmøre og Sør-Trøndelag,1
11,2026,12033,Dysvik,ikke-medikamentell,ferskvannsbehandling,,,,,hele lokaliteten,4622,KVAM,46,Vestland,60.191017,5.967617,3,Karmøy til Sotra,0
11,2026,12033,Dysvik,ikke-medikamentell,termisk behandling,,,,,hele lokaliteten,4622,KVAM,46,Vestland,60.191017,5.967617,3,Karmøy til Sotra,0
11,2026,12435,Grøttingsøy,ikke-medikamentell,mekanisk behandling,,,,,deler av lokaliteten,5014,FRØYA,50,Trøndelag,63.87955,8.547883,6,Nordmøre og Sør-Trøndelag,10
11,2026,33597,Grytøyraholmen,medikamentell,fôrbehandling,Emamectin benzoat,,,,deler av lokaliteten,4646,FJALER,46,Vestland,61.29278,5.014117,4,Nordhordaland til Stadt,0
11,2026,12660,Kipholmen,ikke-medikamentell,mekanisk behandling,,,,,deler av lokaliteten,5060,NÆRØYSUND,50,Trøndelag,64.79403,11.690367,7,Nord-Trøndelag med Bindal,3
11,2026,26135,Kjørsvikgrunn,ikke-medikamentell,mekanisk behandling,,,,,deler av lokaliteten,5055,HEIM,50,Trøndelag,63.457718,9.0756,6,Nordmøre og Sør-Trøndelag,1
11,2026,26135,Kjørsvikgrunn,ikke-medikamentell,ferskvannsbehandling,,,,,deler av lokaliteten,5055,HEIM,50,Trøndelag,63.457718,9.0756,6,Nordmøre og Sør-Trøndelag,1
11,2026,26135,Kjørsvikgrunn,ikke-medikamentell,mekanisk behandling,,,,,deler av lokaliteten,5055,HEIM,50,Trøndelag,63.457718,9.0756,6,Nordmøre og Sør-Trøndelag,1
11,2026,26135,Kjørsvikgrunn,ikke-medikamentell,ferskvannsbehandling,,,,,deler av lokaliteten,5055,HEIM,50,Trøndelag,63.457718,9.0756,6,Nordmøre og Sør-Trøndelag,1
11,2026,18755,Klungset,ikke-medikamentell,mekanisk behandling,,,,,deler av lokaliteten,5060,NÆRØYSUND,50,Trøndelag,64.74997,11.394183,7,Nord-Trøndelag med Bindal,3
11,2026,13340,Leiholmane,ikke-medikamentell,annen behandling,,,,,deler av lokaliteten,4635,GULEN,46,Vestland,60.980633,4.87435,4,Nordhordaland til Stadt,3
11,2026,13876,Litletveitholane,ikke-medikamentell,termisk behandling,,,,,deler av lokaliteten,4630,OSTERØY,46,Vestland,60.479782,5.443633,4,Nordhordaland til Stadt,1
11,2026,21915,Matløyso,ikke-medikamentell,termisk behandling,,,,,hele lokaliteten,4615,FITJAR,46,Vestland,59.952084,5.284933,3,Karmøy til Sotra,0
11,2026,45140,Nordskaftet,medikamentell,badebehandling,Azamethiphos,,,,hele lokaliteten,1836,RØDØY,18,Nordland,66.629684,13.10985,8,Helgeland til Bodø,0
11,2026,11908,Oltesvik,ikke-medikamentell,annen behandling,,,,,deler av lokaliteten,1122,GJESDAL,11,Rogaland,58.85533,6.125717,2,Ryfylke,8
11,2026,11651,Ramsøy S,ikke-medikamentell,termisk behandling,,,,,deler av lokaliteten,4627,ASKØY,46,Vestland,60.432617,5.061917,3,Karmøy til Sotra,3
11,2026,11651,Ramsøy S,ikke-medikamentell,termisk behandling,,,,,deler av lokaliteten,4627,ASKØY,46,Vestland,60.432617,5.061917,3,Karmøy til Sotra,1
11,2026,11651,Ramsøy S,ikke-medikamentell,ferskvannsbehandling,,,,,deler av lokaliteten,4627,ASKØY,46,Vestland,60.432617,5.061917,3,Karmøy til Sotra,1
11,2026,28636,Rataren,ikke-medikamentell,mekanisk behandling,,,,,deler av lokaliteten,5014,FRØYA,50,Trøndelag,63.7813,8.521533,6,Nordmøre og Sør-Trøndelag,1
11,2026,29356,Smineset N,ikke-medikamentell,annen behandling,,,,,deler av lokaliteten,5007,NAMSOS,50,Trøndelag,64.75597,11.54245,7,Nord-Trøndelag med Bindal,2
11,2026,31217,Stokkasjøen,medikamentell,badebehandling,Azamethiphos,,,,deler av lokaliteten,1816,VEVELSTAD,18,Nordland,65.78252,12.591783,8,Helgeland til Bodø,0
11,2026,13566,Storskrebukti,ikke-medikamentell,termisk behandling,,,,,deler av lokaliteten,4631,ALVER,46,Vestland,60.653732,5.4192,4,Nordhordaland til Stadt,3
11,2026,21755,Tendalsvik,ikke-medikamentell,mekanisk behandling,,,,,deler av lokaliteten,4611,ETNE,46,Vestland,59.736465,5.885317,3,Karmøy til Sotra,3
11,2026,12662,Ternskjæret II,ikke-medikamentell,mekanisk behandling,,,,,deler av lokaliteten,5007,NAMSOS,50,Trøndelag,64.77713,11.639767,7,Nord-Trøndelag med Bindal,1
11,2026,12662,Ternskjæret II,ikke-medikamentell,annen behandling,,,,,deler av lokaliteten,5007,NAMSOS,50,Trøndelag,64.77713,11.639767,7,Nord-Trøndelag med Bindal,7
11,2026,31557,Valøyan,ikke-medikamentell,mekanisk behandling,,,,,deler av lokaliteten,5014,FRØYA,50,Trøndelag,63.81835,8.463817,6,Nordmøre og Sør-Trøndelag,1
11,2026,13246,Voldnes,ikke-medikamentell,termisk behandling,,,,,hele lokaliteten,1515,HERØY I MØRE OG ROMSDAL,15,Møre og Romsdal,62.2097,5.7849,5,Stadt til Hustadvika,0
10,2026,24695,Årnes,ikke-medikamentell,mekanisk behandling,,,,,deler av lokaliteten,5007,NAMSOS,50,Trøndelag,64.59637,11.272917,7,Nord-Trøndelag med Bindal,1
10,2026,13572,Badstuvika,ikke-medikamentell,ferskvannsbehandling,,,,,deler av lokaliteten,5056,HITRA,50,Trøndelag,63.53398,9.1469,6,Nordmøre og Sør-Trøndelag,1
10,2026,13572,Badstuvika,ikke-medikamentell,mekanisk behandling,,,,,deler av lokaliteten,5056,HITRA,50,Trøndelag,63.53398,9.1469,6,Nordmøre og Sør-Trøndelag,1
10,2026,13572,Badstuvika,ikke-medikamentell,ferskvannsbehandling,,,,,deler av lokaliteten,5056,HITRA,50,Trøndelag,63.53398,9.1469,6,Nordmøre og Sør-Trøndelag,1
10,2026,13572,Badstuvika,ikke-medikamentell,mekanisk behandling,,,,,deler av lokaliteten,5056,HITRA,50,Trøndelag,63.53398,9.1469,6,Nordmøre og Sør-Trøndelag,1
10,2026,13572,Badstuvika,ikke-medikamentell,ferskvannsbehandling,,,,,deler av lokaliteten,5056,HITRA,50,Trøndelag,63.53398,9.1469,6,Nordmøre og Sør-Trøndelag,1
10,2026,13572,Badstuvika,ikke-medikamentell,mekanisk behandling,,,,,deler av lokaliteten,5056,HITRA,50,Trøndelag,63.53398,9.1469,6,Nordmøre og Sør-Trøndelag,1
10,2026,13572,Badstuvika,ikke-medikamentell,mekanisk behandling,,,,,deler av lokaliteten,5056,HITRA,50,Trøndelag,63.53398,9.1469,6,Nordmøre og Sør-Trøndelag,1
10,2026,13572,Badstuvika,ikke-medikamentell,ferskvannsbehandling,,,,,deler av lokaliteten,5056,HITRA,50,Trøndelag,63.53398,9.1469,6,Nordmøre og Sør-Trøndelag,1
10,2026,32457,Dalsvåg Nv,medikamentell,badebehandling,Annet virkestoff,,,,deler av lokaliteten,1149,KARMØY,11,Rogaland,59.410816,5.21725,3,Karmøy til Sotra,0
10,2026,26595,Djupevika,ikke-medikamentell,ferskvannsbehandling,,,,,deler av lokaliteten,4616,TYSNES,46,Vestland,60.035816,5.342217,3,Karmøy til Sotra,2
10,2026,26595,Djupevika,ikke-medikamentell,termisk behandling,,,,,deler av lokaliteten,4616,TYSNES,46,Vestland,60.035816,5.342217,3,Karmøy til Sotra,2
10,2026,26595,Djupevika,ikke-medikamentell,ferskvannsbehandling,,,,,deler av lokaliteten,4616,TYSNES,46,Vestland,60.035816,5.342217,3,Karmøy til Sotra,3
10,2026,26595,Djupevika,ikke-medikamentell,termisk behandling,,,,,deler av lokaliteten,4616,TYSNES,46,Vestland,60.035816,5.342217,3,Karmøy til Sotra,3
10,2026,11667,Gardskråneset,ikke-medikamentell,termisk behandling,,,,,hele lokaliteten,4626,ØYGARDEN,46,Vestland,60.5399,4.904617,4,Nordhordaland til Stadt,0
10,2026,33597,Grytøyraholmen,medikamentell,fôrbehandling,Emamectin benzoat,,,,deler av lokaliteten,4646,FJALER,46,Vestland,61.29278,5.014117,4,Nordhordaland til Stadt,0
10,2026,33597,Grytøyraholmen,medikamentell,fôrbehandling,Emamectin benzoat,,,,deler av lokaliteten,4646,FJALER,46,Vestland,61.29278,5.014117,4,Nordhordaland til Stadt,0
10,2026,10410,Hindholmen,ikke-medikamentell,termisk behandling,,,,,hele lokaliteten,5060,NÆRØYSUND,50,Trøndelag,64.77393,11.44087,7,Nord-Trøndelag med Bindal,0
10,2026,14042,Kattholmen,ikke-medikamentell,mekanisk behandling,,,,,deler av lokaliteten,5014,FRØYA,50,Trøndelag,63.867683,8.677683,6,Nordmøre og Sør-Trøndelag,5
10,2026,18755,Klungset,ikke-medikamentell,mekanisk behandling,,,,,deler av lokaliteten,5060,NÆRØYSUND,50,Trøndelag,64.74997,11.394183,7,Nord-Trøndelag med Bindal,1
10,2026,13340,Leiholmane,ikke-medikamentell,annen behandling,,,,,deler av lokaliteten,4635,GULEN,46,Vestland,60.980633,4.87435,4,Nordhordaland til Stadt,2
10,2026,13554,Overåneset,medikamentell,badebehandling,Azamethiphos,,,,deler av lokaliteten,1525,STRANDA,15,Møre og Romsdal,62.294285,7.12155,5,Stadt til Hustadvika,1
10,2026,10328,Sagvik,ikke-medikamentell,termisk behandling,,,,,deler av lokaliteten,4622,KVAM,46,Vestland,60.141033,5.906933,3,Karmøy til Sotra,1
10,2026,10328,Sagvik,ikke-medikamentell,mekanisk behandling,,,,,deler av lokaliteten,4622,KVAM,46,Vestland,60.141033,5.906933,3,Karmøy til Sotra,1
10,2026,13035,Sauaneset I,ikke-medikamentell,termisk behandling,,,,,deler av lokaliteten,4625,AUSTEVOLL,46,Vestland,60.088516,5.266183,3,Karmøy til Sotra,9
10,2026,26155,Slåttholmen,ikke-medikamentell,ferskvannsbehandling,,,,,deler av lokaliteten,5055,HEIM,50,Trøndelag,63.44779,8.958173,6,Nordmøre og Sør-Trøndelag,1
10,2026,26155,Slåttholmen,ikke-medikamentell,mekanisk behandling,,,,,deler av lokaliteten,5055,HEIM,50,Trøndelag,63.44779,8.958173,6,Nordmøre og Sør-Trøndelag,1
10,2026,26155,Slåttholmen,ikke-medikamentell,ferskvannsbehandling,,,,,deler av lokaliteten,5055,HEIM,50,Trøndelag,63.44779,8.958173,6,Nordmøre og Sør-Trøndelag,1
10,2026,26155,Slåttholmen,ikke-medikamentell,mekanisk behandling,,,,,deler av lokaliteten,5055,HEIM,50,Trøndelag,63.44779,8.958173,6,Nordmøre og Sør-Trøndelag,1
10,2026,26155,Slåttholmen,ikke-medikamentell,ferskvannsbehandling,,,,,deler av lokaliteten,5055,HEIM,50,Trøndelag,63.44779,8.958173,6,Nordmøre og Sør-Trøndelag,1
10,2026,26155,Slåttholmen,ikke-medikamentell,mekanisk behandling,,,,,deler av lokaliteten,5055,HEIM,50,Trøndelag,63.44779,8.958173,6,Nordmøre og Sør-Trøndelag,1
10,2026,29356,Smineset N,ikke-medikamentell,annen behandling,,,,,deler av lokaliteten,5007,NAMSOS,50,Trøndelag,64.75597,11.54245,7,Nord-Trøndelag med Bindal,2
10,2026,12154,Smørdalen,ikke-medikamentell,annen behandling,,,,,deler av lokaliteten,4634,MASFJORDEN,46,Vestland,60.868183,5.551717,4,Nordhordaland til Stadt,15
10,2026,45046,Stasøya,medikamentell,badebehandling,Azamethiphos,,,,deler av lokaliteten,5060,NÆRØYSUND,50,Trøndelag,64.80155,11.633783,7,Nord-Trøndelag med Bindal,4
10,2026,11971,Store Teistholmen Ø,medikamentell,badebehandling,Azamethiphos,,,,deler av lokaliteten,1108,SANDNES,11,Rogaland,58.977768,5.867,2,Ryfylke,0
10,2026,12449,Tennøya,ikke-medikamentell,mekanisk behandling,,,,,deler av lokaliteten,5014,FRØYA,50,Trøndelag,63.805035,8.4444,6,Nordmøre og Sør-Trøndelag,4
10,2026,27315,Vikane 1,ikke-medikamentell,annen behandling,,,,,hele lokaliteten,4618,ULLENSVANG,46,Vestland,60.263668,6.208383,3,Karmøy til Sotra,0
9,2026,13845,Beitveit,ikke-medikamentell,termisk behandling,,,,,hele lokaliteten,4649,STAD,46,Vestland,62.140835,5.3275,5,Stadt til Hustadvika,0
9,2026,45072,Bleket,ikke-medikamentell,termisk behandling,,,,,deler av lokaliteten,4602,KINN,46,Vestland,61.911667,5.092217,4,Nordhordaland til Stadt,3
9,2026,45072,Bleket,ikke-medikamentell,ferskvannsbehandling,,,,,deler av lokaliteten,4602,KINN,46,Vestland,61.911667,5.092217,4,Nordhordaland til Stadt,3
9,2026,11574,Breivik S,medikamentell,badebehandling,Annet virkestoff,,,,deler av lokaliteten,4613,BØMLO,46,Vestland,59.671185,5.31215,3,Karmøy til Sotra,0
9,2026,37177,Djuptaren,ikke-medikamentell,termisk behandling,,,,,deler av lokaliteten,5060,NÆRØYSUND,50,Trøndelag,64.769264,10.629017,7,Nord-Trøndelag med Bindal,3
9,2026,19115,Fugløya,ikke-medikamentell,ferskvannsbehandling,,,,,deler av lokaliteten,5056,HITRA,50,Trøndelag,63.475918,9.109833,6,Nordmøre og Sør-Trøndelag,1
9,2026,19115,Fugløya,ikke-medikamentell,mekanisk behandling,,,,,deler av lokaliteten,5056,HITRA,50,Trøndelag,63.475918,9.109833,6,Nordmøre og Sør-Trøndelag,1
9,2026,19115,Fugløya,ikke-medikamentell,ferskvannsbehandling,,,,,deler av lokaliteten,5056,HITRA,50,Trøndelag,63.475918,9.109833,6,Nordmøre og Sør-Trøndelag,1
9,2026,19115,Fugløya,ikke-medikamentell,mekanisk behandling,,,,,deler av lokaliteten,5056,HITRA,50,Trøndelag,63.475918,9.109833,6,Nordmøre og Sør-Trøndelag,1
9,2026,19115,Fugløya,ikke-medikamentell,ferskvannsbehandling,,,,,deler av lokaliteten,5056,HITRA,50,Trøndelag,63.475918,9.109833,6,Nordmøre og Sør-Trøndelag,1
9,2026,19115,Fugløya,ikke-medikamentell,mekanisk behandling,,,,,deler av lokaliteten,5056,HITRA,50,Trøndelag,63.475918,9.109833,6,Nordmøre og Sør-Trøndelag,1
9,2026,10747,Futnes,medikamentell,fôrbehandling,Emamectin benzoat,,,,hele lokaliteten,5534,KARLSØY,55,Troms,69.95135,19.587732,11,Kvaløya til Loppa,0
9,2026,11667,Gardskråneset,ikke-medikamentell,termisk behandling,,,,,hele lokaliteten,4626,ØYGARDEN,46,Vestland,60.5399,4.904617,4,Nordhordaland til Stadt,0
9,2026,10317,Garvik,ikke-medikamentell,annen behandling,,,,,hele lokaliteten,4645,ASKVOLL,46,Vestland,61.31663,4.979333,4,Nordhordaland til Stadt,0
9,2026,11907,Gråtnes,medikamentell,badebehandling,Azamethiphos,,,,deler av lokaliteten,1108,SANDNES,11,Rogaland,58.87195,6.123217,2,Ryfylke,6
9,2026,33597,Grytøyraholmen,medikamentell,fôrbehandling,Emamectin benzoat,,,,deler av lokaliteten,4646,FJALER,46,Vestland,61.29278,5.014117,4,Nordhordaland til Stadt,0
9,2026,33597,Grytøyraholmen,medikamentell,fôrbehandling,Emamectin benzoat,,,,deler av lokaliteten,4646,FJALER,46,Vestland,61.29278,5.014117,4,Nordhordaland til Stadt,0
9,2026,25235,Humulen,ikke-medikamentell,annen behandling,,,,,deler av lokaliteten,5060,NÆRØYSUND,50,Trøndelag,64.94605,11.372467,7,Nord-Trøndelag med Bindal,4
9,2026,27095,Ihlholmen,medikamentell,badebehandling,Azamethiphos,,,,hele lokaliteten,1160,VINDAFJORD,11,Rogaland,59.7215,5.586633,3,Karmøy til Sotra,
9,2026,36297,Kjeringeholmen,ikke-medikamentell,termisk behandling,,,,,deler av lokaliteten,4645,ASKVOLL,46,Vestland,61.391,4.982833,4,Nordhordaland til Stadt,3
9,2026,36297,Kjeringeholmen,ikke-medikamentell,annen behandling,,,,,deler av lokaliteten,4645,ASKVOLL,46,Vestland,61.391,4.982833,4,Nordhordaland til Stadt,1
9,2026,26135,Kjørsvikgrunn,ikke-medikamentell,mekanisk behandling,,,,,deler av lokaliteten,5055,HEIM,50,Trøndelag,63.457718,9.0756,6,Nordmøre og Sør-Trøndelag,1
9,2026,26135,Kjørsvikgrunn,ikke-medikamentell,ferskvannsbehandling,,,,,deler av lokaliteten,5055,HEIM,50,Trøndelag,63.457718,9.0756,6,Nordmøre og Sør-Trøndelag,1
9,2026,26135,Kjørsvikgrunn,ikke-medikamentell,mekanisk behandling,,,,,deler av lokaliteten,5055,HEIM,50,Trøndelag,63.457718,9.0756,6,Nordmøre og Sør-Trøndelag,1
9,2026,26135,Kjørsvikgrunn,ikke-medikamentell,ferskvannsbehandling,,,,,deler av lokaliteten,5055,HEIM,50,Trøndelag,63.457718,9.0756,6,Nordmøre og Sør-Trøndelag,1
9,2026,32577,Klammerholmen,medikamentell,badebehandling,Azamethiphos,,,,deler av lokaliteten,4625,AUSTEVOLL,46,Vestland,60.08165,5.168567,3,Karmøy til Sotra,3
9,2026,32577,Klammerholmen,ikke-medikamentell,termisk behandling,,,,,deler av lokaliteten,4625,AUSTEVOLL,46,Vestland,60.08165,5.168567,3,Karmøy til Sotra,1
9,2026,32518,Kuøyna,ikke-medikamentell,annen behandling,,,,,deler av lokaliteten,4635,GULEN,46,Vestland,60.996418,4.897983,4,Nordhordaland til Stadt,2
9,2026,35377,Kveitskjeret,ikke-medikamentell,mekanisk behandling,,,,,deler av lokaliteten,5014,FRØYA,50,Trøndelag,63.82503,8.444633,6,Nordmøre og Sør-Trøndelag,2
9,2026,11116,Langholmen,ikke-medikamentell,mekanisk behandling,,,,,deler av lokaliteten,1838,GILDESKÅL,18,Nordland,67.05783,14.025333,8,Helgeland til Bodø,4
9,2026,13340,Leiholmane,medikamentell,fôrbehandling,Emamectin benzoat,,,,deler av lokaliteten,4635,GULEN,46,Vestland,60.980633,4.87435,4,Nordhordaland til Stadt,0
9,2026,12022,Ljonesbjørgene,ikke-medikamentell,termisk behandling,,,,,hele lokaliteten,4622,KVAM,46,Vestland,60.2564,6.16585,3,Karmøy til Sotra,0
9,2026,12022,Ljonesbjørgene,ikke-medikamentell,ferskvannsbehandling,,,,,hele lokaliteten,4622,KVAM,46,Vestland,60.2564,6.16585,3,Karmøy til Sotra,0
9,2026,10303,Nappeholmane,medikamentell,badebehandling,Azamethiphos,,,,deler av lokaliteten,4613,BØMLO,46,Vestland,59.742985,5.363633,3,Karmøy til Sotra,3
9,2026,37077,Oksbåsen,medikamentell,badebehandling,Azamethiphos,,,,deler av lokaliteten,1811,BINDAL,18,Nordland,65.19105,12.6723,7,Nord-Trøndelag med Bindal,1
9,2026,31697,Oksen,medikamentell,fôrbehandling,Emamectin benzoat,,,,hele lokaliteten,4626,ØYGARDEN,46,Vestland,60.43418,4.94065,3,Karmøy til Sotra,0
9,2026,13554,Overåneset,ikke-medikamentell,termisk behandling,,,,,deler av lokaliteten,1525,STRANDA,15,Møre og Romsdal,62.294285,7.12155,5,Stadt til Hustadvika,1
9,2026,13554,Overåneset,ikke-medikamentell,ferskvannsbehandling,,,,,deler av lokaliteten,1525,STRANDA,15,Møre og Romsdal,62.294285,7.12155,5,Stadt til Hustadvika,1
9,2026,10328,Sagvik,ikke-medikamentell,mekanisk behandling,,,,,deler av lokaliteten,4622,KVAM,46,Vestland,60.141033,5.906933,3,Karmøy til Sotra,2
9,2026,10328,Sagvik,ikke-medikamentell,termisk behandling,,,,,deler av lokaliteten,4622,KVAM,46,Vestland,60.141033,5.906933,3,Karmøy til Sotra,2
9,2026,12973,Saltkjelen I,ikke-medikamentell,termisk behandling,,,,,deler av lokaliteten,4622,KVAM,46,Vestland,60.31815,6.183183,3,Karmøy til Sotra,2
9,2026,12973,Saltkjelen I,ikke-medikamentell,ferskvannsbehandling,,,,,deler av lokaliteten,4622,KVAM,46,Vestland,60.31815,6.183183,3,Karmøy til Sotra,2
9,2026,12154,Smørdalen,ikke-medikamentell,annen behandling,,,,,deler av lokaliteten,4634,MASFJORDEN,46,Vestland,60.868183,5.551717,4,Nordhordaland til Stadt,15
9,2026,45046,Stasøya,medikamentell,badebehandling,Azamethiphos,,,,deler av lokaliteten,5060,NÆRØYSUND,50,Trøndelag,64.80155,11.633783,7,Nord-Trøndelag med Bindal,3
9,2026,45046,Stasøya,ikke-medikamentell,ferskvannsbehandling,,,,,deler av lokaliteten,5060,NÆRØYSUND,50,Trøndelag,64.80155,11.633783,7,Nord-Trøndelag med Bindal,
9,2026,45046,Stasøya,ikke-medikamentell,mekanisk behandling,,,,,deler av lokaliteten,5060,NÆRØYSUND,50,Trøndelag,64.80155,11.633783,7,Nord-Trøndelag med Bindal,
9,2026,11971,Store Teistholmen Ø,medikamentell,badebehandling,Azamethiphos,,,,deler av lokaliteten,1108,SANDNES,11,Rogaland,58.977768,5.867,2,Ryfylke,0
9,2026,13057,Teigland I,ikke-medikamentell,termisk behandling,,,,,deler av lokaliteten,4622,KVAM,46,Vestland,60.17935,5.959917,3,Karmøy til Sotra,4
9,2026,12449,Tennøya,ikke-medikamentell,mekanisk behandling,,,,,deler av lokaliteten,5014,FRØYA,50,Trøndelag,63.805035,8.4444,6,Nordmøre og Sør-Trøndelag,2
9,2026,12449,Tennøya,ikke-medikamentell,termisk behandling,,,,,deler av lokaliteten,5014,FRØYA,50,Trøndelag,63.805035,8.4444,6,Nordmøre og Sør-Trøndelag,3
9,2026,25815,Tittelsnes,ikke-medikamentell,annen behandling,,,,,deler av lokaliteten,4612,SVEIO,46,Vestland,59.72365,5.534383,3,Karmøy til Sotra,1
9,2026,17575,Tollaksholmen,medikamentell,badebehandling,Azamethiphos,,,,deler av lokaliteten,1145,BOKN,11,Rogaland,59.251984,5.3895,2,Ryfylke,0
9,2026,45058,Urdaneset,ikke-medikamentell,termisk behandling,,,,,hele lokaliteten,1525,STRANDA,15,Møre og Romsdal,62.318333,6.977,5,Stadt til Hustadvika,
9,2026,45058,Urdaneset,ikke-medikamentell,ferskvannsbehandling,,,,,hele lokaliteten,1525,STRANDA,15,Møre og Romsdal,62.318333,6.977,5,Stadt til Hustadvika,
9,2026,31557,Valøyan,ikke-medikamentell,mekanisk behandling,,,,,deler av lokaliteten,5014,FRØYA,50,Trøndelag,63.81835,8.463817,6,Nordmøre og Sør-Trøndelag,4
9,2026,13837,Verpeide,ikke-medikamentell,mekanisk behandling,,,,,hele lokaliteten,4602,KINN,46,Vestland,61.902218,5.209233,4,Nordhordaland til Stadt,0
9,2026,12839,Vindsnes,ikke-medikamentell,termisk behandling,,,,,deler av lokaliteten,1578,FJORD,15,Møre og Romsdal,62.285217,7.281017,5,Stadt til Hustadvika,2
9,2026,12839,Vindsnes,ikke-medikamentell,ferskvannsbehandling,,,,,deler av lokaliteten,1578,FJORD,15,Møre og Romsdal,62.285217,7.281017,5,Stadt til Hustadvika,2
8,2026,45072,Bleket,ikke-medikamentell,termisk behandling,,,,,deler av lokaliteten,4602,KINN,46,Vestland,61.911667,5.092217,4,Nordhordaland til Stadt,2
8,2026,45072,Bleket,ikke-medikamentell,ferskvannsbehandling,,,,,deler av lokaliteten,4602,KINN,46,Vestland,61.911667,5.092217,4,Nordhordaland til Stadt,2
8,2026,13841,Brunsvik,ikke-medikamentell,mekanisk behandling,,,,,deler av lokaliteten,4602,KINN,46,Vestland,61.910183,5.29085,4,Nordhordaland til Stadt,3
8,2026,11543,Buholmen,ikke-medikamentell,termisk behandling,,,,,deler av lokaliteten,4625,AUSTEVOLL,46,Vestland,60.020466,5.080083,3,Karmøy til Sotra,3
8,2026,13229,Djupedalen,ikke-medikamentell,ferskvannsbehandling,,,,,hele lokaliteten,4624,BJØRNAFJORDEN,46,Vestland,60.2308,5.673117,3,Karmøy til Sotra,
8,2026,13229,Djupedalen,ikke-medikamentell,termisk behandling,,,,,hele lokaliteten,4624,BJØRNAFJORDEN,46,Vestland,60.2308,5.673117,3,Karmøy til Sotra,
8,2026,37177,Djuptaren,ikke-medikamentell,termisk behandling,,,,,deler av lokaliteten,5060,NÆRØYSUND,50,Trøndelag,64.769264,10.629017,7,Nord-Trøndelag med Bindal,3
8,2026,35497,Drøno,ikke-medikamentell,termisk behandling,,,,,hele lokaliteten,4625,AUSTEVOLL,46,Vestland,60.08077,5.192033,3,Karmøy til Sotra,0
8,2026,33077,Elveneset,ikke-medikamentell,termisk behandling,,,,,deler av lokaliteten,4637,HYLLESTAD,46,Vestland,61.205833,5.131717,4,Nordhordaland til Stadt,1
8,2026,19115,Fugløya,ikke-medikamentell,ferskvannsbehandling,,,,,deler av lokaliteten,5056,HITRA,50,Trøndelag,63.475918,9.109833,6,Nordmøre og Sør-Trøndelag,1
8,2026,19115,Fugløya,ikke-medikamentell,mekanisk behandling,,,,,deler av lokaliteten,5056,HITRA,50,Trøndelag,63.475918,9.109833,6,Nordmøre og Sør-Trøndelag,1
8,2026,19115,Fugløya,ikke-medikamentell,ferskvannsbehandling,,,,,deler av lokaliteten,5056,HITRA,50,Trøndelag,63.475918,9.109833,6,Nordmøre og Sør-Trøndelag,1
8,2026,19115,Fugløya,ikke-medikamentell,mekanisk behandling,,,,,deler av lokaliteten,5056,HITRA,50,Trøndelag,63.475918,9.109833,6,Nordmøre og Sør-Trøndelag,1
8,2026,38217,Hardbakkeneset,medikamentell,fôrbehandling,Emamectin benzoat,,,,hele lokaliteten,4635,GULEN,46,Vestland,61.01673,4.950517,4,Nordhordaland til Stadt,0
8,2026,36297,Kjeringeholmen,ikke-medikamentell,termisk behandling,,,,,deler av lokaliteten,4645,ASKVOLL,46,Vestland,61.391,4.982833,4,Nordhordaland til Stadt,1
8,2026,26135,Kjørsvikgrunn,ikke-medikamentell,mekanisk behandling,,,,,deler av lokaliteten,5055,HEIM,50,Trøndelag,63.457718,9.0756,6,Nordmøre og Sør-Trøndelag,1
8,2026,26135,Kjørsvikgrunn,ikke-medikamentell,ferskvannsbehandling,,,,,deler av lokaliteten,5055,HEIM,50,Trøndelag,63.457718,9.0756,6,Nordmøre og Sør-Trøndelag,1
8,2026,26135,Kjørsvikgrunn,ikke-medikamentell,mekanisk behandling,,,,,deler av lokaliteten,5055,HEIM,50,Trøndelag,63.457718,9.0756,6,Nordmøre og Sør-Trøndelag,1
8,2026,26135,Kjørsvikgrunn,ikke-medikamentell,ferskvannsbehandling,,,,,deler av lokaliteten,5055,HEIM,50,Trøndelag,63.457718,9.0756,6,Nordmøre og Sør-Trøndelag,1
8,2026,13339,Klungervikneset,medikamentell,badebehandling,Azamethiphos,,,,hele lokaliteten,4613,BØMLO,46,Vestland,59.74687,5.3433,3,Karmøy til Sotra,
8,2026,45002,Korsvika,ikke-medikamentell,annen behandling,,,,,deler av lokaliteten,1834,LURØY,18,Nordland,66.57847,12.691067,8,Helgeland til Bodø,3
8,2026,32518,Kuøyna,ikke-medikamentell,termisk behandling,,,,,deler av lokaliteten,4635,GULEN,46,Vestland,60.996418,4.897983,4,Nordhordaland til Stadt,1
8,2026,35377,Kveitskjeret,ikke-medikamentell,mekanisk behandling,,,,,deler av lokaliteten,5014,FRØYA,50,Trøndelag,63.82503,8.444633,6,Nordmøre og Sør-Trøndelag,1
8,2026,11116,Langholmen,ikke-medikamentell,mekanisk behandling,,,,,deler av lokaliteten,1838,GILDESKÅL,18,Nordland,67.05783,14.025333,8,Helgeland til Bodø,25
8,2026,12978,Lyngholmen,medikamentell,fôrbehandling,Emamectin benzoat,,,,hele lokaliteten,4635,GULEN,46,Vestland,61.016933,5.007033,4,Nordhordaland til Stadt,0
8,2026,10303,Nappeholmane,medikamentell,badebehandling,Azamethiphos,,,,deler av lokaliteten,4613,BØMLO,46,Vestland,59.742985,5.363633,3,Karmøy til Sotra,2
8,2026,37077,Oksbåsen,medikamentell,badebehandling,Azamethiphos,,,,deler av lokaliteten,1811,BINDAL,18,Nordland,65.19105,12.6723,7,Nord-Trøndelag med Bindal,1
8,2026,10050,Ospøy Ø,ikke-medikamentell,termisk behandling,,,,,hele lokaliteten,4613,BØMLO,46,Vestland,59.866566,5.228133,3,Karmøy til Sotra,
8,2026,11972,Prestholmane,medikamentell,badebehandling,Annet virkestoff,,,,deler av lokaliteten,1103,STAVANGER,11,Rogaland,59.117016,5.852033,2,Ryfylke,4
8,2026,11687,Ramsvik,ikke-medikamentell,ferskvannsbehandling,,,,,deler av lokaliteten,4631,ALVER,46,Vestland,60.578133,5.190433,4,Nordhordaland til Stadt,2
8,2026,11687,Ramsvik,ikke-medikamentell,termisk behandling,,,,,deler av lokaliteten,4631,ALVER,46,Vestland,60.578133,5.190433,4,Nordhordaland til Stadt,2
8,2026,12784,Ringholmen,ikke-medikamentell,termisk behandling,,,,,deler av lokaliteten,5056,HITRA,50,Trøndelag,63.55995,9.409567,6,Nordmøre og Sør-Trøndelag,1
8,2026,12784,Ringholmen,ikke-medikamentell,mekanisk behandling,,,,,deler av lokaliteten,5056,HITRA,50,Trøndelag,63.55995,9.409567,6,Nordmøre og Sør-Trøndelag,1
8,2026,12784,Ringholmen,ikke-medikamentell,termisk behandling,,,,,deler av lokaliteten,5056,HITRA,50,Trøndelag,63.55995,9.409567,6,Nordmøre og Sør-Trøndelag,1
8,2026,12784,Ringholmen,ikke-medikamentell,mekanisk behandling,,,,,deler av lokaliteten,5056,HITRA,50,Trøndelag,63.55995,9.409567,6,Nordmøre og Sør-Trøndelag,1
8,2026,12784,Ringholmen,ikke-medikamentell,termisk behandling,,,,,deler av lokaliteten,5056,HITRA,50,Trøndelag,63.55995,9.409567,6,Nordmøre og Sør-Trøndelag,1
8,2026,12784,Ringholmen,ikke-medikamentell,mekanisk behandling,,,,,deler av lokaliteten,5056,HITRA,50,Trøndelag,63.55995,9.409567,6,Nordmøre og Sør-Trøndelag,1
8,2026,37197,Ruggstein,ikke-medikamentell,mekanisk behandling,,,,,deler av lokaliteten,5014,FRØYA,50,Trøndelag,63.770084,8.476033,6,Nordmøre og Sør-Trøndelag,2
8,2026,10328,Sagvik,ikke-medikamentell,termisk behandling,,,,,deler av lokaliteten,4622,KVAM,46,Vestland,60.141033,5.906933,3,Karmøy til Sotra,2
8,2026,10328,Sagvik,ikke-medikamentell,mekanisk behandling,,,,,deler av lokaliteten,4622,KVAM,46,Vestland,60.141033,5.906933,3,Karmøy til Sotra,2
8,2026,12973,Saltkjelen I,ikke-medikamentell,termisk behandling,,,,,deler av lokaliteten,4622,KVAM,46,Vestland,60.31815,6.183183,3,Karmøy til Sotra,4
8,2026,12973,Saltkjelen I,ikke-medikamentell,ferskvannsbehandling,,,,,deler av lokaliteten,4622,KVAM,46,Vestland,60.31815,6.183183,3,Karmøy til Sotra,4
8,2026,39577,Silda,ikke-medikamentell,termisk behandling,,,,,deler av lokaliteten,4602,KINN,46,Vestland,62.016468,5.21165,4,Nordhordaland til Stadt,1
8,2026,12154,Smørdalen,ikke-medikamentell,annen behandling,,,,,deler av lokaliteten,4634,MASFJORDEN,46,Vestland,60.868183,5.551717,4,Nordhordaland til Stadt,15
8,2026,36017,Sørværet,medikamentell,badebehandling,Deltamethrin,,,,deler av lokaliteten,1818,HERØY I NORDLAND,18,Nordland,65.88035,11.93045,8,Helgeland til Bodø,0
8,2026,11971,Store Teistholmen Ø,medikamentell,badebehandling,Azamethiphos,,,,deler av lokaliteten,1108,SANDNES,11,Rogaland,58.977768,5.867,2,Ryfylke,0
8,2026,10311,Storlia,ikke-medikamentell,termisk behandling,,,,,deler av lokaliteten,4637,HYLLESTAD,46,Vestland,61.203133,5.193833,4,Nordhordaland til Stadt,3
8,2026,26235,Stualand,ikke-medikamentell,termisk behandling,,,,,deler av lokaliteten,4612,SVEIO,46,Vestland,59.6088,5.5269,3,Karmøy til Sotra,4
8,2026,16165,Tårnvika,medikamentell,badebehandling,Azamethiphos,,,,hele lokaliteten,1804,BODØ,18,Nordland,67.57312,15.1288,9,Vestfjorden og Vesterålen,
8,2026,13057,Teigland I,ikke-medikamentell,termisk behandling,,,,,deler av lokaliteten,4622,KVAM,46,Vestland,60.17935,5.959917,3,Karmøy til Sotra,2
8,2026,13057,Teigland I,ikke-medikamentell,ferskvannsbehandling,,,,,deler av lokaliteten,4622,KVAM,46,Vestland,60.17935,5.959917,3,Karmøy til Sotra,2
8,2026,25815,Tittelsnes,ikke-medikamentell,annen behandling,,,,,deler av lokaliteten,4612,SVEIO,46,Vestland,59.72365,5.534383,3,Karmøy til Sotra,3
8,2026,12839,Vindsnes,ikke-medikamentell,termisk behandling,,,,,deler av lokaliteten,1578,FJORD,15,Møre og Romsdal,62.285217,7.281017,5,Stadt til Hustadvika,7
8,2026,12839,Vindsnes,ikke-medikamentell,ferskvannsbehandling,,,,,deler av lokaliteten,1578,FJORD,15,Møre og Romsdal,62.285217,7.281017,5,Stadt til Hustadvika,7
8,2026,45003,Ystøya,ikke-medikamentell,ferskvannsbehandling,,,,,deler av lokaliteten,1820,ALSTAHAUG,18,Nordland,65.7725,12.245217,8,Helgeland til Bodø,1
8,2026,45003,Ystøya,ikke-medikamentell,termisk behandling,,,,,deler av lokaliteten,1820,ALSTAHAUG,18,Nordland,65.7725,12.245217,8,Helgeland til Bodø,1
8,2026,45003,Ystøya,ikke-medikamentell,ferskvannsbehandling,,,,,deler av lokaliteten,1820,ALSTAHAUG,18,Nordland,65.7725,12.245217,8,Helgeland til Bodø,1
8,2026,45003,Ystøya,ikke-medikamentell,termisk behandling,,,,,deler av lokaliteten,1820,ALSTAHAUG,18,Nordland,65.7725,12.245217,8,Helgeland til Bodø,1
7,2026,12095,Bergadalen,ikke-medikamentell,termisk behandling,,,,,deler av lokaliteten,4622,KVAM,46,Vestland,60.1216,5.908883,3,Karmøy til Sotra,3
7,2026,12095,Bergadalen,ikke-medikamentell,ferskvannsbehandling,,,,,deler av lokaliteten,4622,KVAM,46,Vestland,60.1216,5.908883,3,Karmøy til Sotra,3
7,2026,10256,Bondøya,ikke-medikamentell,annen behandling,,,,,deler av lokaliteten,5060,NÆRØYSUND,50,Trøndelag,64.8168,10.7427,7,Nord-Trøndelag med Bindal,5
7,2026,34197,Brennholmen,medikamentell,badebehandling,Azamethiphos,,,,deler av lokaliteten,1818,HERØY I NORDLAND,18,Nordland,65.978714,12.16355,8,Helgeland til Bodø,3
7,2026,11543,Buholmen,ikke-medikamentell,termisk behandling,,,,,deler av lokaliteten,4625,AUSTEVOLL,46,Vestland,60.020466,5.080083,3,Karmøy til Sotra,1
7,2026,33077,Elveneset,ikke-medikamentell,termisk behandling,,,,,deler av lokaliteten,4637,HYLLESTAD,46,Vestland,61.205833,5.131717,4,Nordhordaland til Stadt,3
7,2026,32677,Espnestaren,ikke-medikamentell,termisk behandling,,,,,deler av lokaliteten,5014,FRØYA,50,Trøndelag,63.677883,8.667,6,Nordmøre og Sør-Trøndelag,3
7,2026,26775,Fjølværet Ø,medikamentell,badebehandling,Azamethiphos,,,,hele lokaliteten,5014,FRØYA,50,Trøndelag,63.819233,8.636133,6,Nordmøre og Sør-Trøndelag,
7,2026,19115,Fugløya,ikke-medikamentell,mekanisk behandling,,,,,deler av lokaliteten,5056,HITRA,50,Trøndelag,63.475918,9.109833,6,Nordmøre og Sør-Trøndelag,1
7,2026,19115,Fugløya,ikke-medikamentell,ferskvannsbehandling,,,,,deler av lokaliteten,5056,HITRA,50,Trøndelag,63.475918,9.109833,6,Nordmøre og Sør-Trøndelag,1
7,2026,36737,Hallsteinhamn I,ikke-medikamentell,termisk behandling,,,,,hele lokaliteten,1804,BODØ,18,Nordland,67.44185,14.71595,9,Vestfjorden og Vesterålen,
7,2026,26135,Kjørsvikgrunn,ikke-medikamentell,mekanisk behandling,,,,,deler av lokaliteten,5055,HEIM,50,Trøndelag,63.457718,9.0756,6,Nordmøre og Sør-Trøndelag,1
7,2026,26135,Kjørsvikgrunn,ikke-medikamentell,ferskvannsbehandling,,,,,deler av lokaliteten,5055,HEIM,50,Trøndelag,63.457718,9.0756,6,Nordmøre og Sør-Trøndelag,1
7,2026,26135,Kjørsvikgrunn,ikke-medikamentell,mekanisk behandling,,,,,deler av lokaliteten,5055,HEIM,50,Trøndelag,63.457718,9.0756,6,Nordmøre og Sør-Trøndelag,1
7,2026,26135,Kjørsvikgrunn,ikke-medikamentell,ferskvannsbehandling,,,,,deler av lokaliteten,5055,HEIM,50,Trøndelag,63.457718,9.0756,6,Nordmøre og Sør-Trøndelag,1
7,2026,26135,Kjørsvikgrunn,ikke-medikamentell,mekanisk behandling,,,,,deler av lokaliteten,5055,HEIM,50,Trøndelag,63.457718,9.0756,6,Nordmøre og Sør-Trøndelag,1
7,2026,26135,Kjørsvikgrunn,ikke-medikamentell,ferskvannsbehandling,,,,,deler av lokaliteten,5055,HEIM,50,Trøndelag,63.457718,9.0756,6,Nordmøre og Sør-Trøndelag,1
7,2026,26135,Kjørsvikgrunn,ikke-medikamentell,mekanisk behandling,,,,,deler av lokaliteten,5055,HEIM,50,Trøndelag,63.457718,9.0756,6,Nordmøre og Sør-Trøndelag,1
7,2026,26135,Kjørsvikgrunn,ikke-medikamentell,ferskvannsbehandling,,,,,deler av lokaliteten,5055,HEIM,50,Trøndelag,63.457718,9.0756,6,Nordmøre og Sør-Trøndelag,1
7,2026,18755,Klungset,medikamentell,badebehandling,Azamethiphos,,,,deler av lokaliteten,5060,NÆRØYSUND,50,Trøndelag,64.74997,11.394183,7,Nord-Trøndelag med Bindal,4
7,2026,18755,Klungset,ikke-medikamentell,mekanisk behandling,,,,,deler av lokaliteten,5060,NÆRØYSUND,50,Trøndelag,64.74997,11.394183,7,Nord-Trøndelag med Bindal,2
7,2026,32518,Kuøyna,ikke-medikamentell,annen behandling,,,,,deler av lokaliteten,4635,GULEN,46,Vestland,60.996418,4.897983,4,Nordhordaland til Stadt,2
7,2026,35377,Kveitskjeret,ikke-medikamentell,mekanisk behandling,,,,,deler av lokaliteten,5014,FRØYA,50,Trøndelag,63.82503,8.444633,6,Nordmøre og Sør-Trøndelag,3
7,2026,24975,Kvernavika,ikke-medikamentell,ferskvannsbehandling,,,,,deler av lokaliteten,4616,TYSNES,46,Vestland,60.069283,5.351183,3,Karmøy til Sotra,1
7,2026,24975,Kvernavika,ikke-medikamentell,termisk behandling,,,,,deler av lokaliteten,4616,TYSNES,46,Vestland,60.069283,5.351183,3,Karmøy til Sotra,1
7,2026,20595,Kyrholmen S,ikke-medikamentell,ferskvannsbehandling,,,,,deler av lokaliteten,4625,AUSTEVOLL,46,Vestland,60.161583,5.207633,3,Karmøy til Sotra,1
7,2026,20595,Kyrholmen S,ikke-medikamentell,termisk behandling,,,,,deler av lokaliteten,4625,AUSTEVOLL,46,Vestland,60.161583,5.207633,3,Karmøy til Sotra,1
7,2026,11116,Langholmen,ikke-medikamentell,mekanisk behandling,,,,,deler av lokaliteten,1838,GILDESKÅL,18,Nordland,67.05783,14.025333,8,Helgeland til Bodø,27
7,2026,12380,Langøya Kvaløya,medikamentell,badebehandling,Azamethiphos,,,,deler av lokaliteten,5014,FRØYA,50,Trøndelag,63.791965,8.60175,6,Nordmøre og Sør-Trøndelag,4
7,2026,45066,Lingaholmane,ikke-medikamentell,termisk behandling,,,,,hele lokaliteten,4622,KVAM,46,Vestland,60.249382,6.05955,3,Karmøy til Sotra,
7,2026,45066,Lingaholmane,ikke-medikamentell,ferskvannsbehandling,,,,,hele lokaliteten,4622,KVAM,46,Vestland,60.249382,6.05955,3,Karmøy til Sotra,
7,2026,12127,Mælen,medikamentell,badebehandling,Azamethiphos,,,,hele lokaliteten,4617,KVINNHERAD,46,Vestland,59.69998,5.723617,3,Karmøy til Sotra,
7,2026,12370,Måøydraga,ikke-medikamentell,termisk behandling,,,,,hele lokaliteten,5014,FRØYA,50,Trøndelag,63.676434,8.757283,6,Nordmøre og Sør-Trøndelag,0
7,2026,37077,Oksbåsen,medikamentell,badebehandling,Azamethiphos,,,,deler av lokaliteten,1811,BINDAL,18,Nordland,65.19105,12.6723,7,Nord-Trøndelag med Bindal,5
7,2026,12784,Ringholmen,ikke-medikamentell,termisk behandling,,,,,deler av lokaliteten,5056,HITRA,50,Trøndelag,63.55995,9.409567,6,Nordmøre og Sør-Trøndelag,1
7,2026,12784,Ringholmen,ikke-medikamentell,mekanisk behandling,,,,,deler av lokaliteten,5056,HITRA,50,Trøndelag,63.55995,9.409567,6,Nordmøre og Sør-Trøndelag,1
7,2026,12784,Ringholmen,ikke-medikamentell,termisk behandling,,,,,deler av lokaliteten,5056,HITRA,50,Trøndelag,63.55995,9.409567,6,Nordmøre og Sør-Trøndelag,1
7,2026,12784,Ringholmen,ikke-medikamentell,mekanisk behandling,,,,,deler av lokaliteten,5056,HITRA,50,Trøndelag,63.55995,9.409567,6,Nordmøre og Sør-Trøndelag,1
7,2026,12784,Ringholmen,ikke-medikamentell,termisk behandling,,,,,deler av lokaliteten,5056,HITRA,50,Trøndelag,63.55995,9.409567,6,Nordmøre og Sør-Trøndelag,1
7,2026,12784,Ringholmen,ikke-medikamentell,mekanisk behandling,,,,,deler av lokaliteten,5056,HITRA,50,Trøndelag,63.55995,9.409567,6,Nordmøre og Sør-Trøndelag,1
7,2026,12784,Ringholmen,ikke-medikamentell,termisk behandling,,,,,deler av lokaliteten,5056,HITRA,50,Trøndelag,63.55995,9.409567,6,Nordmøre og Sør-Trøndelag,1
7,2026,12784,Ringholmen,ikke-medikamentell,mekanisk behandling,,,,,deler av lokaliteten,5056,HITRA,50,Trøndelag,63.55995,9.409567,6,Nordmøre og Sør-Trøndelag,1
7,2026,12209,Rønstad,ikke-medikamentell,termisk behandling,,,,,hele lokaliteten,1577,VOLDA,15,Møre og Romsdal,62.135117,6.021433,5,Stadt til Hustadvika,
7,2026,37197,Ruggstein,ikke-medikamentell,mekanisk behandling,,,,,deler av lokaliteten,5014,FRØYA,50,Trøndelag,63.770084,8.476033,6,Nordmøre og Sør-Trøndelag,6
7,2026,13243,Sandvika,ikke-medikamentell,termisk behandling,,,,,deler av lokaliteten,1577,VOLDA,15,Møre og Romsdal,62.195667,5.904417,5,Stadt til Hustadvika,4
7,2026,45050,Skarvhammaren,medikamentell,badebehandling,Azamethiphos,,,,deler av lokaliteten,1820,ALSTAHAUG,18,Nordland,65.834015,12.553983,8,Helgeland til Bodø,1
7,2026,22315,Skavhella,ikke-medikamentell,ferskvannsbehandling,,,,,hele lokaliteten,4624,BJØRNAFJORDEN,46,Vestland,60.218933,5.5593,3,Karmøy til Sotra,
7,2026,22315,Skavhella,ikke-medikamentell,termisk behandling,,,,,hele lokaliteten,4624,BJØRNAFJORDEN,46,Vestland,60.218933,5.5593,3,Karmøy til Sotra,
7,2026,23375,Sørevik,ikke-medikamentell,termisk behandling,,,,,deler av lokaliteten,4638,HØYANGER,46,Vestland,61.099983,5.729967,4,Nordhordaland til Stadt,1
7,2026,10311,Storlia,ikke-medikamentell,termisk behandling,,,,,deler av lokaliteten,4637,HYLLESTAD,46,Vestland,61.203133,5.193833,4,Nordhordaland til Stadt,1
7,2026,12074,Svåsandneset,ikke-medikamentell,termisk behandling,,,,,deler av lokaliteten,4618,ULLENSVANG,46,Vestland,60.32422,6.318983,3,Karmøy til Sotra,2
7,2026,21755,Tendalsvik,ikke-medikamentell,mekanisk behandling,,,,,deler av lokaliteten,4611,ETNE,46,Vestland,59.736465,5.885317,3,Karmøy til Sotra,1
7,2026,35517,Vadholmen,ikke-medikamentell,ferskvannsbehandling,,,,,hele lokaliteten,4626,ØYGARDEN,46,Vestland,60.695,4.761117,4,Nordhordaland til Stadt,
7,2026,35517,Vadholmen,ikke-medikamentell,termisk behandling,,,,,hele lokaliteten,4626,ØYGARDEN,46,Vestland,60.695,4.761117,4,Nordhordaland til Stadt,
6,2026,13572,Badstuvika,ikke-medikamentell,termisk behandling,,,,,deler av lokaliteten,5056,HITRA,50,Trøndelag,63.53398,9.1469,6,Nordmøre og Sør-Trøndelag,1
6,2026,13572,Badstuvika,ikke-medikamentell,mekanisk behandling,,,,,deler av lokaliteten,5056,HITRA,50,Trøndelag,63.53398,9.1469,6,Nordmøre og Sør-Trøndelag,1
6,2026,12095,Bergadalen,ikke-medikamentell,termisk behandling,,,,,deler av lokaliteten,4622,KVAM,46,Vestland,60.1216,5.908883,3,Karmøy til Sotra,3
6,2026,12095,Bergadalen,ikke-medikamentell,ferskvannsbehandling,,,,,deler av lokaliteten,4622,KVAM,46,Vestland,60.1216,5.908883,3,Karmøy til Sotra,3
6,2026,34997,Bjørnøya,ikke-medikamentell,ferskvannsbehandling,,,,,deler av lokaliteten,1804,BODØ,18,Nordland,67.41632,14.430617,9,Vestfjorden og Vesterålen,1
6,2026,10256,Bondøya,ikke-medikamentell,annen behandling,,,,,deler av lokaliteten,5060,NÆRØYSUND,50,Trøndelag,64.8168,10.7427,7,Nord-Trøndelag med Bindal,4
6,2026,11574,Breivik S,medikamentell,badebehandling,Annet virkestoff,,,,deler av lokaliteten,4613,BØMLO,46,Vestland,59.671185,5.31215,3,Karmøy til Sotra,2
6,2026,26775,Fjølværet Ø,ikke-medikamentell,termisk behandling,,,,,deler av lokaliteten,5014,FRØYA,50,Trøndelag,63.819233,8.636133,6,Nordmøre og Sør-Trøndelag,3
6,2026,19115,Fugløya,ikke-medikamentell,ferskvannsbehandling,,,,,deler av lokaliteten,5056,HITRA,50,Trøndelag,63.475918,9.109833,6,Nordmøre og Sør-Trøndelag,1
6,2026,19115,Fugløya,ikke-medikamentell,mekanisk behandling,,,,,deler av lokaliteten,5056,HITRA,50,Trøndelag,63.475918,9.109833,6,Nordmøre og Sør-Trøndelag,1
6,2026,45080,Hestvik,ikke-medikamentell,termisk behandling,,,,,deler av lokaliteten,1836,RØDØY,18,Nordland,66.581764,13.206917,8,Helgeland til Bodø,5
6,2026,10410,Hindholmen,ikke-medikamentell,termisk behandling,,,,,hele lokaliteten,5060,NÆRØYSUND,50,Trøndelag,64.77393,11.44087,7,Nord-Trøndelag med Bindal,
6,2026,10410,Hindholmen,ikke-medikamentell,ferskvannsbehandling,,,,,hele lokaliteten,5060,NÆRØYSUND,50,Trøndelag,64.77393,11.44087,7,Nord-Trøndelag med Bindal,
6,2026,12599,Indre Skjervøy,ikke-medikamentell,termisk behandling,,,,,deler av lokaliteten,5020,OSEN,50,Trøndelag,64.2858,10.30905,6,Nordmøre og Sør-Trøndelag,1
6,2026,10876,Istervika,medikamentell,fôrbehandling,Emamectin benzoat,,,,deler av lokaliteten,1813,BRØNNØY,18,Nordland,65.44635,12.562867,8,Helgeland til Bodø,4
6,2026,28976,Kelvesteinen,ikke-medikamentell,ferskvannsbehandling,,,,,deler av lokaliteten,4626,ØYGARDEN,46,Vestland,60.403,5.0635,3,Karmøy til Sotra,1
6,2026,28976,Kelvesteinen,ikke-medikamentell,termisk behandling,,,,,deler av lokaliteten,4626,ØYGARDEN,46,Vestland,60.403,5.0635,3,Karmøy til Sotra,1
6,2026,28976,Kelvesteinen,ikke-medikamentell,termisk behandling,,,,,deler av lokaliteten,4626,ØYGARDEN,46,Vestland,60.403,5.0635,3,Karmøy til Sotra,1
6,2026,28976,Kelvesteinen,ikke-medikamentell,ferskvannsbehandling,,,,,deler av lokaliteten,4626,ØYGARDEN,46,Vestland,60.403,5.0635,3,Karmøy til Sotra,1
6,2026,12660,Kipholmen,ikke-medikamentell,annen behandling,,,,,deler av lokaliteten,5060,NÆRØYSUND,50,Trøndelag,64.79403,11.690367,7,Nord-Trøndelag med Bindal,3
6,2026,24975,Kvernavika,ikke-medikamentell,ferskvannsbehandling,,,,,deler av lokaliteten,4616,TYSNES,46,Vestland,60.069283,5.351183,3,Karmøy til Sotra,1
6,2026,24975,Kvernavika,ikke-medikamentell,termisk behandling,,,,,deler av lokaliteten,4616,TYSNES,46,Vestland,60.069283,5.351183,3,Karmøy til Sotra,1
6,2026,24975,Kvernavika,ikke-medikamentell,ferskvannsbehandling,,,,,deler av lokaliteten,4616,TYSNES,46,Vestland,60.069283,5.351183,3,Karmøy til Sotra,1
6,2026,24975,Kvernavika,ikke-medikamentell,termisk behandling,,,,,deler av lokaliteten,4616,TYSNES,46,Vestland,60.069283,5.351183,3,Karmøy til Sotra,1
6,2026,24975,Kvernavika,ikke-medikamentell,ferskvannsbehandling,,,,,deler av lokaliteten,4616,TYSNES,46,Vestland,60.069283,5.351183,3,Karmøy til Sotra,1
6,2026,24975,Kvernavika,ikke-medikamentell,termisk behandling,,,,,deler av lokaliteten,4616,TYSNES,46,Vestland,60.069283,5.351183,3,Karmøy til Sotra,1
6,2026,24975,Kvernavika,ikke-medikamentell,ferskvannsbehandling,,,,,deler av lokaliteten,4616,TYSNES,46,Vestland,60.069283,5.351183,3,Karmøy til Sotra,1
6,2026,24975,Kvernavika,ikke-medikamentell,termisk behandling,,,,,deler av lokaliteten,4616,TYSNES,46,Vestland,60.069283,5.351183,3,Karmøy til Sotra,1
6,2026,24975,Kvernavika,ikke-medikamentell,ferskvannsbehandling,,,,,deler av lokaliteten,4616,TYSNES,46,Vestland,60.069283,5.351183,3,Karmøy til Sotra,1
6,2026,24975,Kvernavika,ikke-medikamentell,termisk behandling,,,,,deler av lokaliteten,4616,TYSNES,46,Vestland,60.069283,5.351183,3,Karmøy til Sotra,1
6,2026,10041,Kviksholmen,ikke-medikamentell,ferskvannsbehandling,,,,,deler av lokaliteten,4625,AUSTEVOLL,46,Vestland,60.054317,5.090733,3,Karmøy til Sotra,3
6,2026,10041,Kviksholmen,ikke-medikamentell,termisk behandling,,,,,deler av lokaliteten,4625,AUSTEVOLL,46,Vestland,60.054317,5.090733,3,Karmøy til Sotra,3
6,2026,11775,Kviteskjeret,ikke-medikamentell,ferskvannsbehandling,,,,,hele lokaliteten,4645,ASKVOLL,46,Vestland,61.467815,5.2203,4,Nordhordaland til Stadt,
6,2026,11775,Kviteskjeret,ikke-medikamentell,termisk behandling,,,,,hele lokaliteten,4645,ASKVOLL,46,Vestland,61.467815,5.2203,4,Nordhordaland til Stadt,
6,2026,20595,Kyrholmen S,ikke-medikamentell,ferskvannsbehandling,,,,,deler av lokaliteten,4625,AUSTEVOLL,46,Vestland,60.161583,5.207633,3,Karmøy til Sotra,1
6,2026,20595,Kyrholmen S,ikke-medikamentell,termisk behandling,,,,,deler av lokaliteten,4625,AUSTEVOLL,46,Vestland,60.161583,5.207633,3,Karmøy til Sotra,1
6,2026,20595,Kyrholmen S,ikke-medikamentell,ferskvannsbehandling,,,,,deler av lokaliteten,4625,AUSTEVOLL,46,Vestland,60.161583,5.207633,3,Karmøy til Sotra,1
6,2026,20595,Kyrholmen S,ikke-medikamentell,termisk behandling,,,,,deler av lokaliteten,4625,AUSTEVOLL,46,Vestland,60.161583,5.207633,3,Karmøy til Sotra,1
6,2026,10989,Labukta V,ikke-medikamentell,termisk behandling,,,,,hele lokaliteten,1818,HERØY I NORDLAND,18,Nordland,66.01325,12.350567,8,Helgeland til Bodø,
6,2026,13876,Litletveitholane,ikke-medikamentell,termisk behandling,,,,,hele lokaliteten,4630,OSTERØY,46,Vestland,60.479782,5.443633,4,Nordhordaland til Stadt,
6,2026,13549,Løypingneset,ikke-medikamentell,termisk behandling,,,,,hele lokaliteten,4648,BREMANGER,46,Vestland,61.821335,5.250533,4,Nordhordaland til Stadt,
6,2026,10611,Marøya,ikke-medikamentell,termisk behandling,,,,,deler av lokaliteten,5614,LOPPA,56,Finnmark,70.249916,21.706083,12,Vest-Finnmark,3
6,2026,33297,Nye Skorpa,ikke-medikamentell,termisk behandling,,,,,hele lokaliteten,1827,DØNNA,18,Nordland,66.03093,12.481483,8,Helgeland til Bodø,
6,2026,45077,Ørnhaugneset,ikke-medikamentell,annen behandling,,,,,deler av lokaliteten,1875,HAMARØY,18,Nordland,67.98025,15.5878,9,Vestfjorden og Vesterålen,4
6,2026,45077,Ørnhaugneset,ikke-medikamentell,mekanisk behandling,,,,,deler av lokaliteten,1875,HAMARØY,18,Nordland,67.98025,15.5878,9,Vestfjorden og Vesterålen,1
6,2026,13867,Raunevågen,ikke-medikamentell,ferskvannsbehandling,,,,,deler av lokaliteten,4612,SVEIO,46,Vestland,59.65798,5.533667,3,Karmøy til Sotra,1
6,2026,13867,Raunevågen,ikke-medikamentell,termisk behandling,,,,,deler av lokaliteten,4612,SVEIO,46,Vestland,59.65798,5.533667,3,Karmøy til Sotra,1
6,2026,13867,Raunevågen,ikke-medikamentell,ferskvannsbehandling,,,,,deler av lokaliteten,4612,SVEIO,46,Vestland,59.65798,5.533667,3,Karmøy til Sotra,1
6,2026,13867,Raunevågen,ikke-medikamentell,termisk behandling,,,,,deler av lokaliteten,4612,SVEIO,46,Vestland,59.65798,5.533667,3,Karmøy til Sotra,1
6,2026,13612,Rundreimstranda,medikamentell,fôrbehandling,Emamectin benzoat,,,,hele lokaliteten,4649,STAD,46,Vestland,62.01035,5.3303,4,Nordhordaland til Stadt,
6,2026,10328,Sagvik,medikamentell,badebehandling,Annet virkestoff,,,,deler av lokaliteten,4622,KVAM,46,Vestland,60.141033,5.906933,3,Karmøy til Sotra,3
6,2026,10328,Sagvik,medikamentell,badebehandling,Annet virkestoff,,,,deler av lokaliteten,4622,KVAM,46,Vestland,60.141033,5.906933,3,Karmøy til Sotra,2
6,2026,11856,Salvågvika,ikke-medikamentell,mekanisk behandling,,,,,deler av lokaliteten,4207,FLEKKEFJORD,42,Agder,58.227165,6.632767,1,Svenskegrensen til Jæren,1
6,2026,13243,Sandvika,ikke-medikamentell,termisk behandling,,,,,deler av lokaliteten,1577,VOLDA,15,Møre og Romsdal,62.195667,5.904417,5,Stadt til Hustadvika,6
6,2026,11758,Sauøy,ikke-medikamentell,ferskvannsbehandling,,,,,deler av lokaliteten,4626,ØYGARDEN,46,Vestland,60.59395,4.86125,4,Nordhordaland til Stadt,2
6,2026,11758,Sauøy,ikke-medikamentell,termisk behandling,,,,,deler av lokaliteten,4626,ØYGARDEN,46,Vestland,60.59395,4.86125,4,Nordhordaland til Stadt,2
6,2026,45050,Skarvhammaren,medikamentell,badebehandling,Azamethiphos,,,,deler av lokaliteten,1820,ALSTAHAUG,18,Nordland,65.834015,12.553983,8,Helgeland til Bodø,4
6,2026,11966,Skigelstrand,ikke-medikamentell,termisk behandling,,,,,hele lokaliteten,1160,VINDAFJORD,11,Rogaland,59.494118,5.846567,2,Ryfylke,
6,2026,26155,Slåttholmen,ikke-medikamentell,mekanisk behandling,,,,,deler av lokaliteten,5055,HEIM,50,Trøndelag,63.44779,8.958173,6,Nordmøre og Sør-Trøndelag,2
6,2026,26155,Slåttholmen,ikke-medikamentell,termisk behandling,,,,,deler av lokaliteten,5055,HEIM,50,Trøndelag,63.44779,8.958173,6,Nordmøre og Sør-Trøndelag,2
6,2026,15456,Søreide,ikke-medikamentell,termisk behandling,,,,,deler av lokaliteten,4638,HØYANGER,46,Vestland,61.1056,5.8536,4,Nordhordaland til Stadt,1
6,2026,23375,Sørevik,ikke-medikamentell,termisk behandling,,,,,deler av lokaliteten,4638,HØYANGER,46,Vestland,61.099983,5.729967,4,Nordhordaland til Stadt,1
6,2026,36017,Sørværet,ikke-medikamentell,mekanisk behandling,,,,,hele lokaliteten,1818,HERØY I NORDLAND,18,Nordland,65.88035,11.93045,8,Helgeland til Bodø,
6,2026,45166,Storvikneset,ikke-medikamentell,termisk behandling,,,,,deler av lokaliteten,1828,NESNA,18,Nordland,66.28207,12.996967,8,Helgeland til Bodø,1
6,2026,26235,Stualand,ikke-medikamentell,ferskvannsbehandling,,,,,deler av lokaliteten,4612,SVEIO,46,Vestland,59.6088,5.5269,3,Karmøy til Sotra,1
6,2026,26235,Stualand,ikke-medikamentell,termisk behandling,,,,,deler av lokaliteten,4612,SVEIO,46,Vestland,59.6088,5.5269,3,Karmøy til Sotra,1
6,2026,10309,Syrtangen,ikke-medikamentell,termisk behandling,,,,,hele lokaliteten,4626,ØYGARDEN,46,Vestland,60.46773,4.968667,4,Nordhordaland til Stadt,
6,2026,13057,Teigland I,medikamentell,badebehandling,Annet virkestoff,,,,deler av lokaliteten,4622,KVAM,46,Vestland,60.17935,5.959917,3,Karmøy til Sotra,2
6,2026,21755,Tendalsvik,ikke-medikamentell,mekanisk behandling,,,,,deler av lokaliteten,4611,ETNE,46,Vestland,59.736465,5.885317,3,Karmøy til Sotra,2
5,2026,11513,Andal,ikke-medikamentell,ferskvannsbehandling,,,,,deler av lokaliteten,4613,BØMLO,46,Vestland,59.636482,5.247117,3,Karmøy til Sotra,1
5,2026,24695,Årnes,ikke-medikamentell,annen behandling,,,,,deler av lokaliteten,5007,NAMSOS,50,Trøndelag,64.59637,11.272917,7,Nord-Trøndelag med Bindal,6
5,2026,13572,Badstuvika,ikke-medikamentell,termisk behandling,,,,,deler av lokaliteten,5056,HITRA,50,Trøndelag,63.53398,9.1469,6,Nordmøre og Sør-Trøndelag,6
5,2026,13572,Badstuvika,ikke-medikamentell,mekanisk behandling,,,,,deler av lokaliteten,5056,HITRA,50,Trøndelag,63.53398,9.1469,6,Nordmøre og Sør-Trøndelag,6
5,2026,25055,Bekksneset,ikke-medikamentell,termisk behandling,,,,,deler av lokaliteten,4637,HYLLESTAD,46,Vestland,61.07675,5.386017,4,Nordhordaland til Stadt,4
5,2026,12178,Bjønnspjotneset,ikke-medikamentell,termisk behandling,,,,,deler av lokaliteten,4638,HØYANGER,46,Vestland,61.098083,5.82545,4,Nordhordaland til Stadt,2
5,2026,12178,Bjønnspjotneset,ikke-medikamentell,termisk behandling,,,,,deler av lokaliteten,4638,HØYANGER,46,Vestland,61.098083,5.82545,4,Nordhordaland til Stadt,2
5,2026,34197,Brennholmen,ikke-medikamentell,termisk behandling,,,,,deler av lokaliteten,1818,HERØY I NORDLAND,18,Nordland,65.978714,12.16355,8,Helgeland til Bodø,3
5,2026,13841,Brunsvik,ikke-medikamentell,mekanisk behandling,,,,,deler av lokaliteten,4602,KINN,46,Vestland,61.910183,5.29085,4,Nordhordaland til Stadt,2
5,2026,45134,Bugane,ikke-medikamentell,termisk behandling,,,,,deler av lokaliteten,1528,SYKKYLVEN,15,Møre og Romsdal,62.438816,6.816167,5,Stadt til Hustadvika,1
5,2026,11857,Buksevika,ikke-medikamentell,mekanisk behandling,,,,,hele lokaliteten,4207,FLEKKEFJORD,42,Agder,58.2079,6.636067,1,Svenskegrensen til Jæren,
5,2026,12033,Dysvik,medikamentell,badebehandling,Annet virkestoff,,,,deler av lokaliteten,4622,KVAM,46,Vestland,60.191017,5.967617,3,Karmøy til Sotra,1
5,2026,12033,Dysvik,medikamentell,badebehandling,Annet virkestoff,,,,deler av lokaliteten,4622,KVAM,46,Vestland,60.191017,5.967617,3,Karmøy til Sotra,5
5,2026,29537,Eldviktaren,ikke-medikamentell,termisk behandling,,,,,deler av lokaliteten,5049,FLATANGER,50,Trøndelag,64.454636,10.630717,7,Nord-Trøndelag med Bindal,2
5,2026,33077,Elveneset,ikke-medikamentell,termisk behandling,,,,,deler av lokaliteten,4637,HYLLESTAD,46,Vestland,61.205833,5.131717,4,Nordhordaland til Stadt,1
5,2026,31157,Fiksneset,ikke-medikamentell,termisk behandling,,,,,deler av lokaliteten,4626,ØYGARDEN,46,Vestland,60.176884,5.124833,3,Karmøy til Sotra,2
5,2026,31157,Fiksneset,ikke-medikamentell,ferskvannsbehandling,,,,,deler av lokaliteten,4626,ØYGARDEN,46,Vestland,60.176884,5.124833,3,Karmøy til Sotra,2
5,2026,19115,Fugløya,ikke-medikamentell,ferskvannsbehandling,,,,,deler av lokaliteten,5056,HITRA,50,Trøndelag,63.475918,9.109833,6,Nordmøre og Sør-Trøndelag,3
5,2026,19115,Fugløya,ikke-medikamentell,mekanisk behandling,,,,,deler av lokaliteten,5056,HITRA,50,Trøndelag,63.475918,9.109833,6,Nordmøre og Sør-Trøndelag,3
5,2026,31357,Geitryggen,ikke-medikamentell,mekanisk behandling,,,,,hele lokaliteten,5060,NÆRØYSUND,50,Trøndelag,64.75127,11.189217,7,Nord-Trøndelag med Bindal,
5,2026,12265,Gudmundset,ikke-medikamentell,termisk behandling,,,,,deler av lokaliteten,1508,ÅLESUND,15,Møre og Romsdal,62.45252,6.6021,5,Stadt til Hustadvika,4
5,2026,32317,Guriøyna,ikke-medikamentell,termisk behandling,,,,,hele lokaliteten,4645,ASKVOLL,46,Vestland,61.297768,4.660867,4,Nordhordaland til Stadt,
5,2026,12011,Håøya Nø,medikamentell,fôrbehandling,Diflubenzuron,,,,hele lokaliteten,1146,TYSVÆR,11,Rogaland,59.290417,5.6765,2,Ryfylke,
5,2026,12590,Helligholmen,ikke-medikamentell,ferskvannsbehandling,,,,,deler av lokaliteten,5060,NÆRØYSUND,50,Trøndelag,64.83839,10.665517,7,Nord-Trøndelag med Bindal,5
5,2026,12590,Helligholmen,ikke-medikamentell,termisk behandling,,,,,deler av lokaliteten,5060,NÆRØYSUND,50,Trøndelag,64.83839,10.665517,7,Nord-Trøndelag med Bindal,2
5,2026,12590,Helligholmen,ikke-medikamentell,ferskvannsbehandling,,,,,deler av lokaliteten,5060,NÆRØYSUND,50,Trøndelag,64.83839,10.665517,7,Nord-Trøndelag med Bindal,2
5,2026,45080,Hestvik,ikke-medikamentell,termisk behandling,,,,,deler av lokaliteten,1836,RØDØY,18,Nordland,66.581764,13.206917,8,Helgeland til Bodø,1
5,2026,11786,Høyvika,ikke-medikamentell,termisk behandling,,,,,deler av lokaliteten,4645,ASKVOLL,46,Vestland,61.37475,4.965133,4,Nordhordaland til Stadt,2
5,2026,11786,Høyvika,ikke-medikamentell,ferskvannsbehandling,,,,,deler av lokaliteten,4645,ASKVOLL,46,Vestland,61.37475,4.965133,4,Nordhordaland til Stadt,2
5,2026,10876,Istervika,medikamentell,fôrbehandling,Emamectin benzoat,,,,hele lokaliteten,1813,BRØNNØY,18,Nordland,65.44635,12.562867,8,Helgeland til Bodø,
5,2026,29656,Juvika,ikke-medikamentell,ferskvannsbehandling,,,,,hele lokaliteten,4636,SOLUND,46,Vestland,61.1051,5.019933,4,Nordhordaland til Stadt,
5,2026,29656,Juvika,ikke-medikamentell,termisk behandling,,,,,hele lokaliteten,4636,SOLUND,46,Vestland,61.1051,5.019933,4,Nordhordaland til Stadt,
5,2026,22915,Kalsøyflu,ikke-medikamentell,ferskvannsbehandling,,,,,hele lokaliteten,4625,AUSTEVOLL,46,Vestland,60.03818,5.114417,3,Karmøy til Sotra,
5,2026,22915,Kalsøyflu,ikke-medikamentell,termisk behandling,,,,,hele lokaliteten,4625,AUSTEVOLL,46,Vestland,60.03818,5.114417,3,Karmøy til Sotra,
5,2026,28976,Kelvesteinen,ikke-medikamentell,ferskvannsbehandling,,,,,deler av lokaliteten,4626,ØYGARDEN,46,Vestland,60.403,5.0635,3,Karmøy til Sotra,4
5,2026,28976,Kelvesteinen,ikke-medikamentell,termisk behandling,,,,,deler av lokaliteten,4626,ØYGARDEN,46,Vestland,60.403,5.0635,3,Karmøy til Sotra,4
5,2026,32518,Kuøyna,ikke-medikamentell,termisk behandling,,,,,deler av lokaliteten,4635,GULEN,46,Vestland,60.996418,4.897983,4,Nordhordaland til Stadt,1
5,2026,30076,Kyrøyene,ikke-medikamentell,mekanisk behandling,,,,,deler av lokaliteten,5060,NÆRØYSUND,50,Trøndelag,64.764015,10.806633,7,Nord-Trøndelag med Bindal,5
5,2026,13699,Leirvika,ikke-medikamentell,termisk behandling,,,,,hele lokaliteten,4634,MASFJORDEN,46,Vestland,60.7411,5.342433,4,Nordhordaland til Stadt,
5,2026,35977,Lian,medikamentell,badebehandling,Azamethiphos,,,,deler av lokaliteten,1836,RØDØY,18,Nordland,66.55787,13.525907,8,Helgeland til Bodø,8
5,2026,11611,Naveide,ikke-medikamentell,ferskvannsbehandling,,,,,deler av lokaliteten,4625,AUSTEVOLL,46,Vestland,60.1386,5.110533,3,Karmøy til Sotra,2
5,2026,11611,Naveide,ikke-medikamentell,termisk behandling,,,,,deler av lokaliteten,4625,AUSTEVOLL,46,Vestland,60.1386,5.110533,3,Karmøy til Sotra,2
5,2026,10513,Nedre Kvarv,medikamentell,fôrbehandling,Emamectin benzoat,,,,deler av lokaliteten,1845,SØRFOLD,18,Nordland,67.45868,15.51075,9,Vestfjorden og Vesterålen,4
5,2026,10375,Nord Leksa,ikke-medikamentell,mekanisk behandling,,,,,deler av lokaliteten,5059,ORKLAND,50,Trøndelag,63.589367,9.409217,6,Nordmøre og Sør-Trøndelag,3
5,2026,10375,Nord Leksa,ikke-medikamentell,ferskvannsbehandling,,,,,deler av lokaliteten,5059,ORKLAND,50,Trøndelag,63.589367,9.409217,6,Nordmøre og Sør-Trøndelag,3
5,2026,27055,Oddane,ikke-medikamentell,mekanisk behandling,,,,,hele lokaliteten,4602,KINN,46,Vestland,61.540367,4.968933,4,Nordhordaland til Stadt,
5,2026,11688,Portevika,ikke-medikamentell,ferskvannsbehandling,,,,,hele lokaliteten,4637,HYLLESTAD,46,Vestland,61.190666,5.081683,4,Nordhordaland til Stadt,
5,2026,11688,Portevika,ikke-medikamentell,termisk behandling,,,,,hele lokaliteten,4637,HYLLESTAD,46,Vestland,61.190666,5.081683,4,Nordhordaland til Stadt,
5,2026,13867,Raunevågen,ikke-medikamentell,ferskvannsbehandling,,,,,deler av lokaliteten,4612,SVEIO,46,Vestland,59.65798,5.533667,3,Karmøy til Sotra,3
5,2026,13867,Raunevågen,ikke-medikamentell,termisk behandling,,,,,deler av lokaliteten,4612,SVEIO,46,Vestland,59.65798,5.533667,3,Karmøy til Sotra,3
5,2026,13612,Rundreimstranda,medikamentell,fôrbehandling,Emamectin benzoat,,,,hele lokaliteten,4649,STAD,46,Vestland,62.01035,5.3303,4,Nordhordaland til Stadt,
5,2026,45013,Sandskjæret,ikke-medikamentell,mekanisk behandling,,,,,hele lokaliteten,1812,SØMNA,18,Nordland,65.3103,12.326,7,Nord-Trøndelag med Bindal,
5,2026,11605,Soløy Ø,ikke-medikamentell,termisk behandling,,,,,hele lokaliteten,4615,FITJAR,46,Vestland,59.90715,5.159333,3,Karmøy til Sotra,
5,2026,15456,Søreide,ikke-medikamentell,termisk behandling,,,,,deler av lokaliteten,4638,HØYANGER,46,Vestland,61.1056,5.8536,4,Nordhordaland til Stadt,1
5,2026,15456,Søreide,ikke-medikamentell,termisk behandling,,,,,deler av lokaliteten,4638,HØYANGER,46,Vestland,61.1056,5.8536,4,Nordhordaland til Stadt,1
5,2026,23375,Sørevik,medikamentell,fôrbehandling,Emamectin benzoat,,,,deler av lokaliteten,4638,HØYANGER,46,Vestland,61.099983,5.729967,4,Nordhordaland til Stadt,2
5,2026,20776,Storoksen,ikke-medikamentell,ferskvannsbehandling,,,,,deler av lokaliteten,4627,ASKØY,46,Vestland,60.530884,4.97325,4,Nordhordaland til Stadt,2
5,2026,20776,Storoksen,ikke-medikamentell,termisk behandling,,,,,deler av lokaliteten,4627,ASKØY,46,Vestland,60.530884,4.97325,4,Nordhordaland til Stadt,2
5,2026,13124,Storstrompan,medikamentell,badebehandling,Azamethiphos,,,,deler av lokaliteten,1836,RØDØY,18,Nordland,66.54552,13.41915,8,Helgeland til Bodø,1
5,2026,45166,Storvikneset,ikke-medikamentell,termisk behandling,,,,,deler av lokaliteten,1828,NESNA,18,Nordland,66.28207,12.996967,8,Helgeland til Bodø,2
5,2026,13057,Teigland I,medikamentell,badebehandling,Annet virkestoff,,,,deler av lokaliteten,4622,KVAM,46,Vestland,60.17935,5.959917,3,Karmøy til Sotra,2
5,2026,12662,Ternskjæret II,medikamentell,badebehandling,Azamethiphos,,,,deler av lokaliteten,5007,NAMSOS,50,Trøndelag,64.77713,11.639767,7,Nord-Trøndelag med Bindal,7
5,2026,31497,Toska N,ikke-medikamentell,termisk behandling,,,,,deler av lokaliteten,4631,ALVER,46,Vestland,60.670033,4.9192,4,Nordhordaland til Stadt,1
5,2026,31497,Toska N,ikke-medikamentell,ferskvannsbehandling,,,,,deler av lokaliteten,4631,ALVER,46,Vestland,60.670033,4.9192,4,Nordhordaland til Stadt,1
5,2026,11303,Veggfjell,ikke-medikamentell,mekanisk behandling,,,,,deler av lokaliteten,1875,HAMARØY,18,Nordland,67.96265,15.808267,9,Vestfjorden og Vesterålen,8
5,2026,45135,Voravika,medikamentell,fôrbehandling,Emamectin benzoat,,,,deler av lokaliteten,1514,SANDE I MØRE OG ROMSDAL,15,Møre og Romsdal,62.229916,5.49525,5,Stadt til Hustadvika,5
5,2026,45003,Ystøya,ikke-medikamentell,termisk behandling,,,,,deler av lokaliteten,1820,ALSTAHAUG,18,Nordland,65.7725,12.245217,8,Helgeland til Bodø,5
4,2026,35297,Ådnøy Sø,medikamentell,badebehandling,Azamethiphos,,,,deler av lokaliteten,1108,SANDNES,11,Rogaland,58.91455,6.028583,2,Ryfylke,2
4,2026,24695,Årnes,ikke-medikamentell,annen behandling,,,,,deler av lokaliteten,5007,NAMSOS,50,Trøndelag,64.59637,11.272917,7,Nord-Trøndelag med Bindal,2
4,2026,26795,Austvika,ikke-medikamentell,termisk behandling,,,,,deler av lokaliteten,5049,FLATANGER,50,Trøndelag,64.41853,10.696033,7,Nord-Trøndelag med Bindal,4
4,2026,25055,Bekksneset,ikke-medikamentell,termisk behandling,,,,,deler av lokaliteten,4637,HYLLESTAD,46,Vestland,61.07675,5.386017,4,Nordhordaland til Stadt,4
4,2026,23436,Bjørnholmen,ikke-medikamentell,ferskvannsbehandling,,,,,hele lokaliteten,4636,SOLUND,46,Vestland,61.20625,4.935933,4,Nordhordaland til Stadt,
4,2026,23436,Bjørnholmen,ikke-medikamentell,termisk behandling,,,,,hele lokaliteten,4636,SOLUND,46,Vestland,61.20625,4.935933,4,Nordhordaland til Stadt,
4,2026,34997,Bjørnøya,ikke-medikamentell,termisk behandling,,,,,deler av lokaliteten,1804,BODØ,18,Nordland,67.41632,14.430617,9,Vestfjorden og Vesterålen,5
4,2026,34997,Bjørnøya,ikke-medikamentell,ferskvannsbehandling,,,,,deler av lokaliteten,1804,BODØ,18,Nordland,67.41632,14.430617,9,Vestfjorden og Vesterålen,5
4,2026,11488,Brattavika,ikke-medikamentell,termisk behandling,,,,,deler av lokaliteten,4625,AUSTEVOLL,46,Vestland,60.044117,5.303317,3,Karmøy til Sotra,2
4,2026,34197,Brennholmen,medikamentell,badebehandling,Azamethiphos,,,,deler av lokaliteten,1818,HERØY I NORDLAND,18,Nordland,65.978714,12.16355,8,Helgeland til Bodø,2
4,2026,13841,Brunsvik,ikke-medikamentell,mekanisk behandling,,,,,deler av lokaliteten,4602,KINN,46,Vestland,61.910183,5.29085,4,Nordhordaland til Stadt,2
4,2026,45134,Bugane,ikke-medikamentell,termisk behandling,,,,,deler av lokaliteten,1528,SYKKYLVEN,15,Møre og Romsdal,62.438816,6.816167,5,Stadt til Hustadvika,5
4,2026,45134,Bugane,ikke-medikamentell,ferskvannsbehandling,,,,,deler av lokaliteten,1528,SYKKYLVEN,15,Møre og Romsdal,62.438816,6.816167,5,Stadt til Hustadvika,5
4,2026,37557,Davatluft,ikke-medikamentell,ferskvannsbehandling,,,,,deler av lokaliteten,5601,ALTA,56,Finnmark,70.245384,22.87385,12,Vest-Finnmark,1
4,2026,37557,Davatluft,ikke-medikamentell,mekanisk behandling,,,,,deler av lokaliteten,5601,ALTA,56,Finnmark,70.245384,22.87385,12,Vest-Finnmark,1
4,2026,37557,Davatluft,ikke-medikamentell,ferskvannsbehandling,,,,,deler av lokaliteten,5601,ALTA,56,Finnmark,70.245384,22.87385,12,Vest-Finnmark,1
4,2026,37557,Davatluft,ikke-medikamentell,mekanisk behandling,,,,,deler av lokaliteten,5601,ALTA,56,Finnmark,70.245384,22.87385,12,Vest-Finnmark,1
4,2026,37557,Davatluft,ikke-medikamentell,ferskvannsbehandling,,,,,deler av lokaliteten,5601,ALTA,56,Finnmark,70.245384,22.87385,12,Vest-Finnmark,1
4,2026,37557,Davatluft,ikke-medikamentell,mekanisk behandling,,,,,deler av lokaliteten,5601,ALTA,56,Finnmark,70.245384,22.87385,12,Vest-Finnmark,1
4,2026,37557,Davatluft,ikke-medikamentell,ferskvannsbehandling,,,,,deler av lokaliteten,5601,ALTA,56,Finnmark,70.245384,22.87385,12,Vest-Finnmark,1
4,2026,37557,Davatluft,ikke-medikamentell,mekanisk behandling,,,,,deler av lokaliteten,5601,ALTA,56,Finnmark,70.245384,22.87385,12,Vest-Finnmark,1
4,2026,37557,Davatluft,ikke-medikamentell,ferskvannsbehandling,,,,,deler av lokaliteten,5601,ALTA,56,Finnmark,70.245384,22.87385,12,Vest-Finnmark,1
4,2026,37557,Davatluft,ikke-medikamentell,mekanisk behandling,,,,,deler av lokaliteten,5601,ALTA,56,Finnmark,70.245384,22.87385,12,Vest-Finnmark,1
4,2026,37557,Davatluft,ikke-medikamentell,ferskvannsbehandling,,,,,deler av lokaliteten,5601,ALTA,56,Finnmark,70.245384,22.87385,12,Vest-Finnmark,1
4,2026,37557,Davatluft,ikke-medikamentell,mekanisk behandling,,,,,deler av lokaliteten,5601,ALTA,56,Finnmark,70.245384,22.87385,12,Vest-Finnmark,1
4,2026,37557,Davatluft,ikke-medikamentell,ferskvannsbehandling,,,,,deler av lokaliteten,5601,ALTA,56,Finnmark,70.245384,22.87385,12,Vest-Finnmark,1
4,2026,37557,Davatluft,ikke-medikamentell,mekanisk behandling,,,,,deler av lokaliteten,5601,ALTA,56,Finnmark,70.245384,22.87385,12,Vest-Finnmark,1
4,2026,37557,Davatluft,ikke-medikamentell,ferskvannsbehandling,,,,,deler av lokaliteten,5601,ALTA,56,Finnmark,70.245384,22.87385,12,Vest-Finnmark,1
4,2026,37557,Davatluft,ikke-medikamentell,mekanisk behandling,,,,,deler av lokaliteten,5601,ALTA,56,Finnmark,70.245384,22.87385,12,Vest-Finnmark,1
4,2026,13229,Djupedalen,ikke-medikamentell,termisk behandling,,,,,hele lokaliteten,4624,BJØRNAFJORDEN,46,Vestland,60.2308,5.673117,3,Karmøy til Sotra,
4,2026,37177,Djuptaren,medikamentell,badebehandling,Azamethiphos,,,,deler av lokaliteten,5060,NÆRØYSUND,50,Trøndelag,64.769264,10.629017,7,Nord-Trøndelag med Bindal,3
4,2026,11644,Duesund,ikke-medikamentell,termisk behandling,,,,,deler av lokaliteten,4634,MASFJORDEN,46,Vestland,60.807835,5.2946,4,Nordhordaland til Stadt,2
4,2026,31157,Fiksneset,ikke-medikamentell,termisk behandling,,,,,deler av lokaliteten,4626,ØYGARDEN,46,Vestland,60.176884,5.124833,3,Karmøy til Sotra,3
4,2026,31157,Fiksneset,ikke-medikamentell,ferskvannsbehandling,,,,,deler av lokaliteten,4626,ØYGARDEN,46,Vestland,60.176884,5.124833,3,Karmøy til Sotra,3
4,2026,29296,Fleina,ikke-medikamentell,termisk behandling,,,,,hele lokaliteten,1838,GILDESKÅL,18,Nordland,67.0951,13.875217,8,Helgeland til Bodø,
4,2026,13996,Hamnefjord,ikke-medikamentell,termisk behandling,,,,,deler av lokaliteten,5603,HAMMERFEST,56,Finnmark,70.56623,23.024616,12,Vest-Finnmark,2
4,2026,12011,Håøya Nø,medikamentell,fôrbehandling,Diflubenzuron,,,,hele lokaliteten,1146,TYSVÆR,11,Rogaland,59.290417,5.6765,2,Ryfylke,
4,2026,11511,Hattasteinen,medikamentell,badebehandling,Annet virkestoff,,,,hele lokaliteten,4613,BØMLO,46,Vestland,59.627968,5.252483,3,Karmøy til Sotra,
4,2026,11783,Hella,ikke-medikamentell,ferskvannsbehandling,,,,,hele lokaliteten,4645,ASKVOLL,46,Vestland,61.40663,5.080817,4,Nordhordaland til Stadt,
4,2026,11783,Hella,ikke-medikamentell,termisk behandling,,,,,hele lokaliteten,4645,ASKVOLL,46,Vestland,61.40663,5.080817,4,Nordhordaland til Stadt,
4,2026,12036,Hisdalen,ikke-medikamentell,annen behandling,,,,,deler av lokaliteten,4617,KVINNHERAD,46,Vestland,60.126118,5.9305,3,Karmøy til Sotra,7
4,2026,11571,Holevik,ikke-medikamentell,annen behandling,,,,,deler av lokaliteten,4613,BØMLO,46,Vestland,59.776566,5.32265,3,Karmøy til Sotra,3
4,2026,11786,Høyvika,ikke-medikamentell,termisk behandling,,,,,deler av lokaliteten,4645,ASKVOLL,46,Vestland,61.37475,4.965133,4,Nordhordaland til Stadt,3
4,2026,11786,Høyvika,ikke-medikamentell,ferskvannsbehandling,,,,,deler av lokaliteten,4645,ASKVOLL,46,Vestland,61.37475,4.965133,4,Nordhordaland til Stadt,3
4,2026,12660,Kipholmen,ikke-medikamentell,annen behandling,,,,,deler av lokaliteten,5060,NÆRØYSUND,50,Trøndelag,64.79403,11.690367,7,Nord-Trøndelag med Bindal,3
4,2026,45002,Korsvika,ikke-medikamentell,annen behandling,,,,,deler av lokaliteten,1834,LURØY,18,Nordland,66.57847,12.691067,8,Helgeland til Bodø,3
4,2026,12213,Kvangardsnes,ikke-medikamentell,ferskvannsbehandling,,,,,hele lokaliteten,1577,VOLDA,15,Møre og Romsdal,62.145317,5.94545,5,Stadt til Hustadvika,
4,2026,12213,Kvangardsnes,ikke-medikamentell,termisk behandling,,,,,hele lokaliteten,1577,VOLDA,15,Møre og Romsdal,62.145317,5.94545,5,Stadt til Hustadvika,
4,2026,30076,Kyrøyene,ikke-medikamentell,mekanisk behandling,,,,,deler av lokaliteten,5060,NÆRØYSUND,50,Trøndelag,64.764015,10.806633,7,Nord-Trøndelag med Bindal,2
4,2026,12993,Lamøya,medikamentell,fôrbehandling,Emamectin benzoat,,,,deler av lokaliteten,5014,FRØYA,50,Trøndelag,63.73305,8.854983,6,Nordmøre og Sør-Trøndelag,2
4,2026,11116,Langholmen,ikke-medikamentell,mekanisk behandling,,,,,deler av lokaliteten,1838,GILDESKÅL,18,Nordland,67.05783,14.025333,8,Helgeland til Bodø,15
4,2026,28036,Langskjæran,ikke-medikamentell,mekanisk behandling,,,,,hele lokaliteten,1838,GILDESKÅL,18,Nordland,67.118385,13.898417,8,Helgeland til Bodø,
4,2026,37297,Larstangen,ikke-medikamentell,mekanisk behandling,,,,,deler av lokaliteten,5534,KARLSØY,55,Troms,70.0834,20.092167,11,Kvaløya til Loppa,3
4,2026,35977,Lian,medikamentell,badebehandling,Azamethiphos,,,,deler av lokaliteten,1836,RØDØY,18,Nordland,66.55787,13.525907,8,Helgeland til Bodø,1
4,2026,14435,Ljøsøy N,ikke-medikamentell,termisk behandling,,,,,hele lokaliteten,4626,ØYGARDEN,46,Vestland,60.565132,4.878417,4,Nordhordaland til Stadt,
4,2026,10232,Mannbruholmen,ikke-medikamentell,termisk behandling,,,,,deler av lokaliteten,5014,FRØYA,50,Trøndelag,63.84705,8.536867,6,Nordmøre og Sør-Trøndelag,2
4,2026,10213,Naustneset,ikke-medikamentell,ferskvannsbehandling,,,,,deler av lokaliteten,1557,GJEMNES,15,Møre og Romsdal,62.9424,8.0756,6,Nordmøre og Sør-Trøndelag,1
4,2026,11611,Naveide,ikke-medikamentell,ferskvannsbehandling,,,,,deler av lokaliteten,4625,AUSTEVOLL,46,Vestland,60.1386,5.110533,3,Karmøy til Sotra,2
4,2026,11611,Naveide,ikke-medikamentell,termisk behandling,,,,,deler av lokaliteten,4625,AUSTEVOLL,46,Vestland,60.1386,5.110533,3,Karmøy til Sotra,2
4,2026,10513,Nedre Kvarv,medikamentell,fôrbehandling,Emamectin benzoat,,,,deler av lokaliteten,1845,SØRFOLD,18,Nordland,67.45868,15.51075,9,Vestfjorden og Vesterålen,5
4,2026,10375,Nord Leksa,ikke-medikamentell,ferskvannsbehandling,,,,,deler av lokaliteten,5059,ORKLAND,50,Trøndelag,63.589367,9.409217,6,Nordmøre og Sør-Trøndelag,3
4,2026,10375,Nord Leksa,ikke-medikamentell,mekanisk behandling,,,,,deler av lokaliteten,5059,ORKLAND,50,Trøndelag,63.589367,9.409217,6,Nordmøre og Sør-Trøndelag,3
4,2026,26315,Nordgjæslingan,ikke-medikamentell,termisk behandling,,,,,deler av lokaliteten,5060,NÆRØYSUND,50,Trøndelag,64.76597,10.913767,7,Nord-Trøndelag med Bindal,1
4,2026,45198,Purkholmen,ikke-medikamentell,mekanisk behandling,,,,,deler av lokaliteten,5060,NÆRØYSUND,50,Trøndelag,64.80645,10.565933,7,Nord-Trøndelag med Bindal,6
4,2026,13581,Ramstadholmen,ikke-medikamentell,mekanisk behandling,,,,,hele lokaliteten,5060,NÆRØYSUND,50,Trøndelag,64.75425,11.242283,7,Nord-Trøndelag med Bindal,
4,2026,11687,Ramsvik,ikke-medikamentell,ferskvannsbehandling,,,,,deler av lokaliteten,4631,ALVER,46,Vestland,60.578133,5.190433,4,Nordhordaland til Stadt,1
4,2026,11687,Ramsvik,ikke-medikamentell,termisk behandling,,,,,deler av lokaliteten,4631,ALVER,46,Vestland,60.578133,5.190433,4,Nordhordaland til Stadt,1
4,2026,34857,Salatskjæra,ikke-medikamentell,annen behandling,,,,,deler av lokaliteten,5014,FRØYA,50,Trøndelag,63.90485,8.589133,6,Nordmøre og Sør-Trøndelag,1
4,2026,34857,Salatskjæra,ikke-medikamentell,annen behandling,,,,,deler av lokaliteten,5014,FRØYA,50,Trøndelag,63.90485,8.589133,6,Nordmøre og Sør-Trøndelag,1
4,2026,12884,Sandnesbukta,ikke-medikamentell,mekanisk behandling,,,,,hele lokaliteten,1506,MOLDE,15,Møre og Romsdal,62.737415,7.878516,5,Stadt til Hustadvika,
4,2026,13035,Sauaneset I,ikke-medikamentell,termisk behandling,,,,,deler av lokaliteten,4625,AUSTEVOLL,46,Vestland,60.088516,5.266183,3,Karmøy til Sotra,6
4,2026,13706,Seljeset,medikamentell,fôrbehandling,Emamectin benzoat,,,,hele lokaliteten,4602,KINN,46,Vestland,61.5771,5.237383,4,Nordhordaland til Stadt,
4,2026,24115,Singsholmen,ikke-medikamentell,mekanisk behandling,,,,,deler av lokaliteten,5056,HITRA,50,Trøndelag,63.419617,8.4127,6,Nordmøre og Sør-Trøndelag,10
4,2026,16255,Skarvfjell,ikke-medikamentell,annen behandling,,,,,deler av lokaliteten,5605,SØR-VARANGER,56,Finnmark,69.73117,30.415333,13,Øst-Finnmark,1
4,2026,16255,Skarvfjell,ikke-medikamentell,annen behandling,,,,,deler av lokaliteten,5605,SØR-VARANGER,56,Finnmark,69.73117,30.415333,13,Øst-Finnmark,1
4,2026,16255,Skarvfjell,ikke-medikamentell,annen behandling,,,,,deler av lokaliteten,5605,SØR-VARANGER,56,Finnmark,69.73117,30.415333,13,Øst-Finnmark,1
4,2026,16255,Skarvfjell,ikke-medikamentell,annen behandling,,,,,deler av lokaliteten,5605,SØR-VARANGER,56,Finnmark,69.73117,30.415333,13,Øst-Finnmark,1
4,2026,16255,Skarvfjell,ikke-medikamentell,annen behandling,,,,,deler av lokaliteten,5605,SØR-VARANGER,56,Finnmark,69.73117,30.415333,13,Øst-Finnmark,1
4,2026,39657,Skipperdalsneset,medikamentell,fôrbehandling,Emamectin benzoat,,,,hele lokaliteten,4648,BREMANGER,46,Vestland,61.80602,5.0683,4,Nordhordaland til Stadt,
4,2026,20115,Skjerholmen N,ikke-medikamentell,ferskvannsbehandling,,,,,deler av lokaliteten,4626,ØYGARDEN,46,Vestland,60.249966,5.174483,3,Karmøy til Sotra,1
4,2026,20115,Skjerholmen N,ikke-medikamentell,termisk behandling,,,,,deler av lokaliteten,4626,ØYGARDEN,46,Vestland,60.249966,5.174483,3,Karmøy til Sotra,1
4,2026,45231,Slønga,ikke-medikamentell,annen behandling,,,,,deler av lokaliteten,1834,LURØY,18,Nordland,66.55033,12.575617,8,Helgeland til Bodø,2
4,2026,23375,Sørevik,medikamentell,fôrbehandling,Emamectin benzoat,,,,deler av lokaliteten,4638,HØYANGER,46,Vestland,61.099983,5.729967,4,Nordhordaland til Stadt,2
4,2026,36017,Sørværet,medikamentell,badebehandling,Azamethiphos,,,,deler av lokaliteten,1818,HERØY I NORDLAND,18,Nordland,65.88035,11.93045,8,Helgeland til Bodø,7
4,2026,10311,Storlia,ikke-medikamentell,termisk behandling,,,,,deler av lokaliteten,4637,HYLLESTAD,46,Vestland,61.203133,5.193833,4,Nordhordaland til Stadt,1
4,2026,10311,Storlia,ikke-medikamentell,annen behandling,,,,,deler av lokaliteten,4637,HYLLESTAD,46,Vestland,61.203133,5.193833,4,Nordhordaland til Stadt,2
4,2026,13566,Storskrebukti,ikke-medikamentell,ferskvannsbehandling,,,,,deler av lokaliteten,4631,ALVER,46,Vestland,60.653732,5.4192,4,Nordhordaland til Stadt,4
4,2026,13566,Storskrebukti,ikke-medikamentell,termisk behandling,,,,,deler av lokaliteten,4631,ALVER,46,Vestland,60.653732,5.4192,4,Nordhordaland til Stadt,4
4,2026,13124,Storstrompan,medikamentell,badebehandling,Azamethiphos,,,,deler av lokaliteten,1836,RØDØY,18,Nordland,66.54552,13.41915,8,Helgeland til Bodø,7
4,2026,13057,Teigland I,ikke-medikamentell,termisk behandling,,,,,deler av lokaliteten,4622,KVAM,46,Vestland,60.17935,5.959917,3,Karmøy til Sotra,2
4,2026,12662,Ternskjæret II,medikamentell,badebehandling,Azamethiphos,,,,deler av lokaliteten,5007,NAMSOS,50,Trøndelag,64.77713,11.639767,7,Nord-Trøndelag med Bindal,4
4,2026,10054,Tobbeholmane,ikke-medikamentell,ferskvannsbehandling,,,,,deler av lokaliteten,4625,AUSTEVOLL,46,Vestland,60.02558,5.309083,3,Karmøy til Sotra,3
4,2026,10054,Tobbeholmane,ikke-medikamentell,termisk behandling,,,,,deler av lokaliteten,4625,AUSTEVOLL,46,Vestland,60.02558,5.309083,3,Karmøy til Sotra,3
4,2026,33677,Torvund,ikke-medikamentell,termisk behandling,,,,,deler av lokaliteten,4638,HØYANGER,46,Vestland,61.14467,5.656367,4,Nordhordaland til Stadt,3
4,2026,31497,Toska N,ikke-medikamentell,termisk behandling,,,,,deler av lokaliteten,4631,ALVER,46,Vestland,60.670033,4.9192,4,Nordhordaland til Stadt,2
4,2026,31497,Toska N,ikke-medikamentell,ferskvannsbehandling,,,,,deler av lokaliteten,4631,ALVER,46,Vestland,60.670033,4.9192,4,Nordhordaland til Stadt,2
4,2026,14081,Tveit,ikke-medikamentell,termisk behandling,,,,,deler av lokaliteten,4637,HYLLESTAD,46,Vestland,61.110085,5.340483,4,Nordhordaland til Stadt,3
4,2026,31557,Valøyan,ikke-medikamentell,termisk behandling,,,,,deler av lokaliteten,5014,FRØYA,50,Trøndelag,63.81835,8.463817,6,Nordmøre og Sør-Trøndelag,2
4,2026,45135,Voravika,medikamentell,fôrbehandling,Emamectin benzoat,,,,hele lokaliteten,1514,SANDE I MØRE OG ROMSDAL,15,Møre og Romsdal,62.229916,5.49525,5,Stadt til Hustadvika,
3,2026,13227,Altaneset,ikke-medikamentell,ferskvannsbehandling,,,,,hele lokaliteten,4624,BJØRNAFJORDEN,46,Vestland,60.248016,5.633883,3,Karmøy til Sotra,
3,2026,13227,Altaneset,ikke-medikamentell,termisk behandling,,,,,hele lokaliteten,4624,BJØRNAFJORDEN,46,Vestland,60.248016,5.633883,3,Karmøy til Sotra,
3,2026,11513,Andal,medikamentell,badebehandling,Azamethiphos,,,,hele lokaliteten,4613,BØMLO,46,Vestland,59.636482,5.247117,3,Karmøy til Sotra,
3,2026,24695,Årnes,ikke-medikamentell,annen behandling,,,,,deler av lokaliteten,5007,NAMSOS,50,Trøndelag,64.59637,11.272917,7,Nord-Trøndelag med Bindal,4
3,2026,26795,Austvika,ikke-medikamentell,termisk behandling,,,,,deler av lokaliteten,5049,FLATANGER,50,Trøndelag,64.41853,10.696033,7,Nord-Trøndelag med Bindal,3
3,2026,12095,Bergadalen,medikamentell,badebehandling,Annet virkestoff,,,,deler av lokaliteten,4622,KVAM,46,Vestland,60.1216,5.908883,3,Karmøy til Sotra,2
3,2026,13205,Brattholmen,ikke-medikamentell,termisk behandling,,,,,hele lokaliteten,4636,SOLUND,46,Vestland,61.068382,4.713817,4,Nordhordaland til Stadt,
3,2026,11015,Brattholmen,ikke-medikamentell,mekanisk behandling,,,,,deler av lokaliteten,1818,HERØY I NORDLAND,18,Nordland,65.90735,12.220967,8,Helgeland til Bodø,3
3,2026,27976,Bukkholmen,ikke-medikamentell,mekanisk behandling,,,,,deler av lokaliteten,1820,ALSTAHAUG,18,Nordland,65.91832,12.244583,8,Helgeland til Bodø,3
3,2026,32457,Dalsvåg Nv,ikke-medikamentell,termisk behandling,,,,,deler av lokaliteten,1149,KARMØY,11,Rogaland,59.410816,5.21725,3,Karmøy til Sotra,4
3,2026,32457,Dalsvåg Nv,ikke-medikamentell,ferskvannsbehandling,,,,,deler av lokaliteten,1149,KARMØY,11,Rogaland,59.410816,5.21725,3,Karmøy til Sotra,4
3,2026,37177,Djuptaren,medikamentell,badebehandling,Azamethiphos,,,,deler av lokaliteten,5060,NÆRØYSUND,50,Trøndelag,64.769264,10.629017,7,Nord-Trøndelag med Bindal,4
3,2026,14041,Edøya,ikke-medikamentell,mekanisk behandling,,,,,deler av lokaliteten,5056,HITRA,50,Trøndelag,63.65835,8.694417,6,Nordmøre og Sør-Trøndelag,3
3,2026,14041,Edøya,ikke-medikamentell,termisk behandling,,,,,deler av lokaliteten,5056,HITRA,50,Trøndelag,63.65835,8.694417,6,Nordmøre og Sør-Trøndelag,3
3,2026,30137,Edøya II,ikke-medikamentell,termisk behandling,,,,,hele lokaliteten,5056,HITRA,50,Trøndelag,63.65805,8.683667,6,Nordmøre og Sør-Trøndelag,
3,2026,30137,Edøya II,ikke-medikamentell,mekanisk behandling,,,,,hele lokaliteten,5056,HITRA,50,Trøndelag,63.65805,8.683667,6,Nordmøre og Sør-Trøndelag,
3,2026,33077,Elveneset,ikke-medikamentell,annen behandling,,,,,deler av lokaliteten,4637,HYLLESTAD,46,Vestland,61.205833,5.131717,4,Nordhordaland til Stadt,1
3,2026,25835,Flatøyflu,ikke-medikamentell,ferskvannsbehandling,,,,,deler av lokaliteten,4625,AUSTEVOLL,46,Vestland,60.156033,5.2315,3,Karmøy til Sotra,2
3,2026,25835,Flatøyflu,ikke-medikamentell,termisk behandling,,,,,deler av lokaliteten,4625,AUSTEVOLL,46,Vestland,60.156033,5.2315,3,Karmøy til Sotra,2
3,2026,35597,Follesøy,ikke-medikamentell,ferskvannsbehandling,,,,,deler av lokaliteten,5542,SKJERVØY,55,Troms,69.912735,20.59435,11,Kvaløya til Loppa,4
3,2026,35597,Follesøy,ikke-medikamentell,ferskvannsbehandling,,,,,deler av lokaliteten,5542,SKJERVØY,55,Troms,69.912735,20.59435,11,Kvaløya til Loppa,1
3,2026,11657,Gråvika,ikke-medikamentell,termisk behandling,,,,,deler av lokaliteten,4635,GULEN,46,Vestland,60.863083,4.935283,4,Nordhordaland til Stadt,4
3,2026,12435,Grøttingsøy,ikke-medikamentell,termisk behandling,,,,,deler av lokaliteten,5014,FRØYA,50,Trøndelag,63.87955,8.547883,6,Nordmøre og Sør-Trøndelag,3
3,2026,36737,Hallsteinhamn I,ikke-medikamentell,mekanisk behandling,,,,,hele lokaliteten,1804,BODØ,18,Nordland,67.44185,14.71595,9,Vestfjorden og Vesterålen,
3,2026,12011,Håøya Nø,medikamentell,fôrbehandling,Diflubenzuron,,,,hele lokaliteten,1146,TYSVÆR,11,Rogaland,59.290417,5.6765,2,Ryfylke,
3,2026,30257,Hausan,ikke-medikamentell,mekanisk behandling,,,,,deler av lokaliteten,5055,HEIM,50,Trøndelag,63.458317,8.955683,6,Nordmøre og Sør-Trøndelag,7
3,2026,30257,Hausan,ikke-medikamentell,ferskvannsbehandling,,,,,deler av lokaliteten,5055,HEIM,50,Trøndelag,63.458317,8.955683,6,Nordmøre og Sør-Trøndelag,7
3,2026,11920,Herøy,ikke-medikamentell,mekanisk behandling,,,,,deler av lokaliteten,1160,VINDAFJORD,11,Rogaland,59.46635,6.0258,2,Ryfylke,3
3,2026,10300,Hillersvik,medikamentell,fôrbehandling,Diflubenzuron,,,,deler av lokaliteten,4612,SVEIO,46,Vestland,59.6084,5.311917,3,Karmøy til Sotra,3
3,2026,10410,Hindholmen,ikke-medikamentell,termisk behandling,,,,,hele lokaliteten,5060,NÆRØYSUND,50,Trøndelag,64.77393,11.44087,7,Nord-Trøndelag med Bindal,
3,2026,11571,Holevik,ikke-medikamentell,annen behandling,,,,,deler av lokaliteten,4613,BØMLO,46,Vestland,59.776566,5.32265,3,Karmøy til Sotra,2
3,2026,12035,Hondskår,ikke-medikamentell,annen behandling,,,,,deler av lokaliteten,4617,KVINNHERAD,46,Vestland,60.109,5.9405,3,Karmøy til Sotra,3
3,2026,10518,Horsvågen,medikamentell,fôrbehandling,Emamectin benzoat,,,,hele lokaliteten,1875,HAMARØY,18,Nordland,68.0213,15.29955,9,Vestfjorden og Vesterålen,
3,2026,39437,Hovden,ikke-medikamentell,termisk behandling,,,,,deler av lokaliteten,4602,KINN,46,Vestland,61.707684,4.911383,4,Nordhordaland til Stadt,2
3,2026,39437,Hovden,ikke-medikamentell,ferskvannsbehandling,,,,,deler av lokaliteten,4602,KINN,46,Vestland,61.707684,4.911383,4,Nordhordaland til Stadt,2
3,2026,36217,Kalvhylla,medikamentell,badebehandling,Azamethiphos,,,,deler av lokaliteten,1816,VEVELSTAD,18,Nordland,65.74827,12.540533,8,Helgeland til Bodø,4
3,2026,36297,Kjeringeholmen,ikke-medikamentell,annen behandling,,,,,deler av lokaliteten,4645,ASKVOLL,46,Vestland,61.391,4.982833,4,Nordhordaland til Stadt,1
3,2026,45002,Korsvika,ikke-medikamentell,annen behandling,,,,,deler av lokaliteten,1834,LURØY,18,Nordland,66.57847,12.691067,8,Helgeland til Bodø,2
3,2026,11714,Kvernhusvika,ikke-medikamentell,ferskvannsbehandling,,,,,deler av lokaliteten,4636,SOLUND,46,Vestland,61.0675,4.94345,4,Nordhordaland til Stadt,3
3,2026,11714,Kvernhusvika,ikke-medikamentell,termisk behandling,,,,,deler av lokaliteten,4636,SOLUND,46,Vestland,61.0675,4.94345,4,Nordhordaland til Stadt,3
3,2026,12993,Lamøya,medikamentell,fôrbehandling,Emamectin benzoat,,,,hele lokaliteten,5014,FRØYA,50,Trøndelag,63.73305,8.854983,6,Nordmøre og Sør-Trøndelag,
3,2026,12380,Langøya Kvaløya,ikke-medikamentell,termisk behandling,,,,,deler av lokaliteten,5014,FRØYA,50,Trøndelag,63.791515,8.6066,6,Nordmøre og Sør-Trøndelag,3
3,2026,12380,Langøya Kvaløya,ikke-medikamentell,mekanisk behandling,,,,,deler av lokaliteten,5014,FRØYA,50,Trøndelag,63.791515,8.6066,6,Nordmøre og Sør-Trøndelag,3
3,2026,12380,Langøya Kvaløya,ikke-medikamentell,termisk behandling,,,,,deler av lokaliteten,5014,FRØYA,50,Trøndelag,63.791515,8.6066,6,Nordmøre og Sør-Trøndelag,1
3,2026,12380,Langøya Kvaløya,ikke-medikamentell,ferskvannsbehandling,,,,,deler av lokaliteten,5014,FRØYA,50,Trøndelag,63.791515,8.6066,6,Nordmøre og Sør-Trøndelag,1
3,2026,13055,Langøyna Ø,medikamentell,fôrbehandling,Diflubenzuron,,,,hele lokaliteten,1146,TYSVÆR,11,Rogaland,59.2983,5.713333,2,Ryfylke,
3,2026,13340,Leiholmane,medikamentell,fôrbehandling,Emamectin benzoat,,,,deler av lokaliteten,4635,GULEN,46,Vestland,60.980633,4.87435,4,Nordhordaland til Stadt,0
3,2026,13340,Leiholmane,ikke-medikamentell,annen behandling,,,,,deler av lokaliteten,4635,GULEN,46,Vestland,60.980633,4.87435,4,Nordhordaland til Stadt,1
3,2026,13340,Leiholmane,ikke-medikamentell,ferskvannsbehandling,,,,,deler av lokaliteten,4635,GULEN,46,Vestland,60.980633,4.87435,4,Nordhordaland til Stadt,1
3,2026,27215,Myrane,ikke-medikamentell,mekanisk behandling,,,,,deler av lokaliteten,1535,VESTNES,15,Møre og Romsdal,62.6505,6.726683,5,Stadt til Hustadvika,4
3,2026,10513,Nedre Kvarv,medikamentell,fôrbehandling,Emamectin benzoat,,,,deler av lokaliteten,1845,SØRFOLD,18,Nordland,67.45868,15.51075,9,Vestfjorden og Vesterålen,5
3,2026,33737,Olausskjæret,ikke-medikamentell,annen behandling,,,,,deler av lokaliteten,5014,FRØYA,50,Trøndelag,63.7917,8.504717,6,Nordmøre og Sør-Trøndelag,1
3,2026,13345,Oterstegdalen,ikke-medikamentell,ferskvannsbehandling,,,,,hele lokaliteten,4624,BJØRNAFJORDEN,46,Vestland,60.23545,5.638267,3,Karmøy til Sotra,
3,2026,13345,Oterstegdalen,ikke-medikamentell,termisk behandling,,,,,hele lokaliteten,4624,BJØRNAFJORDEN,46,Vestland,60.23545,5.638267,3,Karmøy til Sotra,
3,2026,13554,Overåneset,ikke-medikamentell,ferskvannsbehandling,,,,,hele lokaliteten,1525,STRANDA,15,Møre og Romsdal,62.294285,7.12155,5,Stadt til Hustadvika,
3,2026,13554,Overåneset,ikke-medikamentell,termisk behandling,,,,,hele lokaliteten,1525,STRANDA,15,Møre og Romsdal,62.294285,7.12155,5,Stadt til Hustadvika,
3,2026,45198,Purkholmen,ikke-medikamentell,mekanisk behandling,,,,,deler av lokaliteten,5060,NÆRØYSUND,50,Trøndelag,64.80645,10.565933,7,Nord-Trøndelag med Bindal,2
3,2026,29276,Rongøy,ikke-medikamentell,ferskvannsbehandling,,,,,deler av lokaliteten,4626,ØYGARDEN,46,Vestland,60.509335,4.9317,4,Nordhordaland til Stadt,2
3,2026,29276,Rongøy,ikke-medikamentell,termisk behandling,,,,,deler av lokaliteten,4626,ØYGARDEN,46,Vestland,60.509335,4.9317,4,Nordhordaland til Stadt,2
3,2026,34857,Salatskjæra,ikke-medikamentell,annen behandling,,,,,deler av lokaliteten,5014,FRØYA,50,Trøndelag,63.90485,8.589133,6,Nordmøre og Sør-Trøndelag,2
3,2026,34857,Salatskjæra,ikke-medikamentell,annen behandling,,,,,deler av lokaliteten,5014,FRØYA,50,Trøndelag,63.90485,8.589133,6,Nordmøre og Sør-Trøndelag,4
3,2026,13035,Sauaneset I,ikke-medikamentell,termisk behandling,,,,,deler av lokaliteten,4625,AUSTEVOLL,46,Vestland,60.088516,5.266183,3,Karmøy til Sotra,3
3,2026,11758,Sauøy,ikke-medikamentell,ferskvannsbehandling,,,,,deler av lokaliteten,4626,ØYGARDEN,46,Vestland,60.59395,4.86125,4,Nordhordaland til Stadt,2
3,2026,11758,Sauøy,ikke-medikamentell,termisk behandling,,,,,deler av lokaliteten,4626,ØYGARDEN,46,Vestland,60.59395,4.86125,4,Nordhordaland til Stadt,2
3,2026,13284,Sjølyst,ikke-medikamentell,mekanisk behandling,,,,,deler av lokaliteten,1827,DØNNA,18,Nordland,66.11311,12.487683,8,Helgeland til Bodø,8
3,2026,10961,Skonseng,ikke-medikamentell,annen behandling,,,,,deler av lokaliteten,1824,VEFSN,18,Nordland,65.80763,12.6242,8,Helgeland til Bodø,4
3,2026,24456,Slettholmene,ikke-medikamentell,mekanisk behandling,,,,,deler av lokaliteten,5014,FRØYA,50,Trøndelag,63.88,8.559183,6,Nordmøre og Sør-Trøndelag,1
3,2026,15456,Søreide,ikke-medikamentell,termisk behandling,,,,,hele lokaliteten,4638,HØYANGER,46,Vestland,61.1056,5.8536,4,Nordhordaland til Stadt,
3,2026,36017,Sørværet,medikamentell,badebehandling,Azamethiphos,,,,deler av lokaliteten,1818,HERØY I NORDLAND,18,Nordland,65.88035,11.93045,8,Helgeland til Bodø,4
3,2026,45046,Stasøya,ikke-medikamentell,mekanisk behandling,,,,,deler av lokaliteten,5060,NÆRØYSUND,50,Trøndelag,64.80155,11.633783,7,Nord-Trøndelag med Bindal,1
3,2026,45046,Stasøya,ikke-medikamentell,ferskvannsbehandling,,,,,deler av lokaliteten,5060,NÆRØYSUND,50,Trøndelag,64.80155,11.633783,7,Nord-Trøndelag med Bindal,1
3,2026,45046,Stasøya,ikke-medikamentell,termisk behandling,,,,,deler av lokaliteten,5060,NÆRØYSUND,50,Trøndelag,64.80155,11.633783,7,Nord-Trøndelag med Bindal,2
3,2026,45046,Stasøya,ikke-medikamentell,ferskvannsbehandling,,,,,deler av lokaliteten,5060,NÆRØYSUND,50,Trøndelag,64.80155,11.633783,7,Nord-Trøndelag med Bindal,2
3,2026,13290,Stigvika,ikke-medikamentell,mekanisk behandling,,,,,hele lokaliteten,1838,GILDESKÅL,18,Nordland,67.06895,14.076583,8,Helgeland til Bodø,
3,2026,31217,Stokkasjøen,ikke-medikamentell,annen behandling,,,,,deler av lokaliteten,1816,VEVELSTAD,18,Nordland,65.78252,12.591783,8,Helgeland til Bodø,3
3,2026,10311,Storlia,ikke-medikamentell,annen behandling,,,,,deler av lokaliteten,4637,HYLLESTAD,46,Vestland,61.203133,5.193833,4,Nordhordaland til Stadt,1
3,2026,12449,Tennøya,ikke-medikamentell,termisk behandling,,,,,deler av lokaliteten,5014,FRØYA,50,Trøndelag,63.805035,8.4444,6,Nordmøre og Sør-Trøndelag,2
3,2026,33677,Torvund,ikke-medikamentell,termisk behandling,,,,,deler av lokaliteten,4638,HØYANGER,46,Vestland,61.14467,5.656367,4,Nordhordaland til Stadt,1
3,2026,14081,Tveit,ikke-medikamentell,termisk behandling,,,,,deler av lokaliteten,4637,HYLLESTAD,46,Vestland,61.110085,5.340483,4,Nordhordaland til Stadt,4
3,2026,45058,Urdaneset,ikke-medikamentell,termisk behandling,,,,,hele lokaliteten,1525,STRANDA,15,Møre og Romsdal,62.318333,6.977,5,Stadt til Hustadvika,
3,2026,45058,Urdaneset,ikke-medikamentell,ferskvannsbehandling,,,,,hele lokaliteten,1525,STRANDA,15,Møre og Romsdal,62.318333,6.977,5,Stadt til Hustadvika,
3,2026,31557,Valøyan,ikke-medikamentell,termisk behandling,,,,,deler av lokaliteten,5014,FRØYA,50,Trøndelag,63.81835,8.463817,6,Nordmøre og Sør-Trøndelag,1
3,2026,27315,Vikane 1,medikamentell,badebehandling,Azamethiphos,,,,deler av lokaliteten,4618,ULLENSVANG,46,Vestland,60.263668,6.208383,3,Karmøy til Sotra,4
3,2026,13246,Voldnes,medikamentell,fôrbehandling,Emamectin benzoat,,,,deler av lokaliteten,1515,HERØY I MØRE OG ROMSDAL,15,Møre og Romsdal,62.2097,5.7849,5,Stadt til Hustadvika,6
3,2026,13246,Voldnes,medikamentell,fôrbehandling,Emamectin benzoat,,,,deler av lokaliteten,1515,HERØY I MØRE OG ROMSDAL,15,Møre og Romsdal,62.2097,5.7849,5,Stadt til Hustadvika,3
2,2026,15196,Aga Ø,ikke-medikamentell,termisk behandling,,,,,hele lokaliteten,4613,BØMLO,46,Vestland,59.845917,5.26075,3,Karmøy til Sotra,
2,2026,13845,Beitveit,ikke-medikamentell,termisk behandling,,,,,deler av lokaliteten,4649,STAD,46,Vestland,62.140835,5.3275,5,Stadt til Hustadvika,3
2,2026,12095,Bergadalen,medikamentell,badebehandling,Annet virkestoff,,,,deler av lokaliteten,4622,KVAM,46,Vestland,60.1216,5.908883,3,Karmøy til Sotra,3
2,2026,12178,Bjønnspjotneset,ikke-medikamentell,termisk behandling,,,,,deler av lokaliteten,4638,HØYANGER,46,Vestland,61.098083,5.82545,4,Nordhordaland til Stadt,1
2,2026,32457,Dalsvåg Nv,ikke-medikamentell,termisk behandling,,,,,deler av lokaliteten,1149,KARMØY,11,Rogaland,59.410816,5.21725,3,Karmøy til Sotra,4
2,2026,32457,Dalsvåg Nv,ikke-medikamentell,ferskvannsbehandling,,,,,deler av lokaliteten,1149,KARMØY,11,Rogaland,59.410816,5.21725,3,Karmøy til Sotra,4
2,2026,26595,Djupevika,ikke-medikamentell,ferskvannsbehandling,,,,,deler av lokaliteten,4616,TYSNES,46,Vestland,60.035816,5.342217,3,Karmøy til Sotra,3
2,2026,26595,Djupevika,ikke-medikamentell,termisk behandling,,,,,deler av lokaliteten,4616,TYSNES,46,Vestland,60.035816,5.342217,3,Karmøy til Sotra,3
2,2026,32197,Dryna,ikke-medikamentell,mekanisk behandling,,,,,deler av lokaliteten,1506,MOLDE,15,Møre og Romsdal,62.64467,6.557633,5,Stadt til Hustadvika,10
2,2026,12109,Ebne,ikke-medikamentell,ferskvannsbehandling,,,,,deler av lokaliteten,4611,ETNE,46,Vestland,59.71443,5.8238,3,Karmøy til Sotra,3
2,2026,29537,Eldviktaren,ikke-medikamentell,annen behandling,,,,,deler av lokaliteten,5049,FLATANGER,50,Trøndelag,64.454636,10.630717,7,Nord-Trøndelag med Bindal,2
2,2026,29537,Eldviktaren,ikke-medikamentell,ferskvannsbehandling,,,,,deler av lokaliteten,5049,FLATANGER,50,Trøndelag,64.454636,10.630717,7,Nord-Trøndelag med Bindal,1
2,2026,25835,Flatøyflu,ikke-medikamentell,ferskvannsbehandling,,,,,deler av lokaliteten,4625,AUSTEVOLL,46,Vestland,60.156033,5.2315,3,Karmøy til Sotra,2
2,2026,25835,Flatøyflu,ikke-medikamentell,termisk behandling,,,,,deler av lokaliteten,4625,AUSTEVOLL,46,Vestland,60.156033,5.2315,3,Karmøy til Sotra,2
2,2026,11667,Gardskråneset,ikke-medikamentell,termisk behandling,,,,,deler av lokaliteten,4626,ØYGARDEN,46,Vestland,60.5399,4.904617,4,Nordhordaland til Stadt,5
2,2026,12011,Håøya Nø,medikamentell,fôrbehandling,Diflubenzuron,,,,hele lokaliteten,1146,TYSVÆR,11,Rogaland,59.290417,5.6765,2,Ryfylke,
2,2026,30257,Hausan,ikke-medikamentell,ferskvannsbehandling,,,,,deler av lokaliteten,5055,HEIM,50,Trøndelag,63.458317,8.955683,6,Nordmøre og Sør-Trøndelag,4
2,2026,30257,Hausan,ikke-medikamentell,mekanisk behandling,,,,,deler av lokaliteten,5055,HEIM,50,Trøndelag,63.458317,8.955683,6,Nordmøre og Sør-Trøndelag,4
2,2026,30257,Hausan,ikke-medikamentell,termisk behandling,,,,,deler av lokaliteten,5055,HEIM,50,Trøndelag,63.458317,8.955683,6,Nordmøre og Sør-Trøndelag,1
2,2026,30257,Hausan,ikke-medikamentell,mekanisk behandling,,,,,deler av lokaliteten,5055,HEIM,50,Trøndelag,63.458317,8.955683,6,Nordmøre og Sør-Trøndelag,1
2,2026,11920,Herøy,ikke-medikamentell,mekanisk behandling,,,,,deler av lokaliteten,1160,VINDAFJORD,11,Rogaland,59.46635,6.0258,2,Ryfylke,2
2,2026,10518,Horsvågen,medikamentell,fôrbehandling,Emamectin benzoat,,,,hele lokaliteten,1875,HAMARØY,18,Nordland,68.0213,15.29955,9,Vestfjorden og Vesterålen,
2,2026,32777,Hundbergan,ikke-medikamentell,mekanisk behandling,,,,,hele lokaliteten,5530,SENJA,55,Troms,69.5569,17.610233,10,Andøya til Senja,
2,2026,39477,Hundvika Aust,ikke-medikamentell,ferskvannsbehandling,,,,,hele lokaliteten,4649,STAD,46,Vestland,61.872215,5.953667,4,Nordhordaland til Stadt,
2,2026,39477,Hundvika Aust,ikke-medikamentell,termisk behandling,,,,,hele lokaliteten,4649,STAD,46,Vestland,61.872215,5.953667,4,Nordhordaland til Stadt,
2,2026,38997,Ilsøya 2,ikke-medikamentell,ferskvannsbehandling,,,,,deler av lokaliteten,5014,FRØYA,50,Trøndelag,63.66275,8.447833,6,Nordmøre og Sør-Trøndelag,5
2,2026,38997,Ilsøya 2,ikke-medikamentell,termisk behandling,,,,,deler av lokaliteten,5014,FRØYA,50,Trøndelag,63.66275,8.447833,6,Nordmøre og Sør-Trøndelag,5
2,2026,12224,Isane,ikke-medikamentell,annen behandling,,,,,hele lokaliteten,4648,BREMANGER,46,Vestland,61.87715,5.723383,4,Nordhordaland til Stadt,
2,2026,36817,Kariskjæret,ikke-medikamentell,termisk behandling,,,,,deler av lokaliteten,1804,BODØ,18,Nordland,67.38288,14.380617,9,Vestfjorden og Vesterålen,2
2,2026,36297,Kjeringeholmen,ikke-medikamentell,ferskvannsbehandling,,,,,deler av lokaliteten,4645,ASKVOLL,46,Vestland,61.391,4.982833,4,Nordhordaland til Stadt,1
2,2026,36297,Kjeringeholmen,ikke-medikamentell,termisk behandling,,,,,deler av lokaliteten,4645,ASKVOLL,46,Vestland,61.391,4.982833,4,Nordhordaland til Stadt,6
2,2026,35377,Kveitskjeret,medikamentell,badebehandling,Azamethiphos,,,,deler av lokaliteten,5014,FRØYA,50,Trøndelag,63.82503,8.444633,6,Nordmøre og Sør-Trøndelag,3
2,2026,30076,Kyrøyene,ikke-medikamentell,mekanisk behandling,,,,,deler av lokaliteten,5060,NÆRØYSUND,50,Trøndelag,64.764015,10.806633,7,Nord-Trøndelag med Bindal,1
2,2026,12993,Lamøya,medikamentell,fôrbehandling,Emamectin benzoat,,,,hele lokaliteten,5014,FRØYA,50,Trøndelag,63.73305,8.854983,6,Nordmøre og Sør-Trøndelag,
2,2026,12380,Langøya Kvaløya,medikamentell,badebehandling,Azamethiphos,,,,deler av lokaliteten,5014,FRØYA,50,Trøndelag,63.791515,8.6066,6,Nordmøre og Sør-Trøndelag,1
2,2026,13055,Langøyna Ø,medikamentell,fôrbehandling,Diflubenzuron,,,,hele lokaliteten,1146,TYSVÆR,11,Rogaland,59.2983,5.713333,2,Ryfylke,
2,2026,20559,Langskjæra,ikke-medikamentell,ferskvannsbehandling,,,,,deler av lokaliteten,5014,FRØYA,50,Trøndelag,63.8225,8.75505,6,Nordmøre og Sør-Trøndelag,3
2,2026,20559,Langskjæra,ikke-medikamentell,mekanisk behandling,,,,,deler av lokaliteten,5014,FRØYA,50,Trøndelag,63.8225,8.75505,6,Nordmøre og Sør-Trøndelag,3
2,2026,37297,Larstangen,ikke-medikamentell,mekanisk behandling,,,,,deler av lokaliteten,5534,KARLSØY,55,Troms,70.0834,20.092167,11,Kvaløya til Loppa,3
2,2026,45124,Laukelandsøyna,ikke-medikamentell,annen behandling,,,,,hele lokaliteten,4645,ASKVOLL,46,Vestland,61.317833,4.915,4,Nordhordaland til Stadt,
2,2026,45066,Lingaholmane,medikamentell,badebehandling,Annet virkestoff,,,,hele lokaliteten,4622,KVAM,46,Vestland,60.249382,6.05955,3,Karmøy til Sotra,
2,2026,12047,Mjåneset,medikamentell,badebehandling,Azamethiphos,,,,hele lokaliteten,4624,BJØRNAFJORDEN,46,Vestland,60.177216,5.72195,3,Karmøy til Sotra,
2,2026,27215,Myrane,ikke-medikamentell,mekanisk behandling,,,,,deler av lokaliteten,1535,VESTNES,15,Møre og Romsdal,62.6505,6.726683,5,Stadt til Hustadvika,1
2,2026,10513,Nedre Kvarv,medikamentell,fôrbehandling,Emamectin benzoat,,,,deler av lokaliteten,1845,SØRFOLD,18,Nordland,67.45868,15.51075,9,Vestfjorden og Vesterålen,5
2,2026,14495,Nordeimsøyna,ikke-medikamentell,mekanisk behandling,,,,,deler av lokaliteten,1103,STAVANGER,11,Rogaland,59.28955,5.811533,2,Ryfylke,1
2,2026,14495,Nordeimsøyna,ikke-medikamentell,ferskvannsbehandling,,,,,deler av lokaliteten,1103,STAVANGER,11,Rogaland,59.28955,5.811533,2,Ryfylke,1
2,2026,33737,Olausskjæret,ikke-medikamentell,annen behandling,,,,,deler av lokaliteten,5014,FRØYA,50,Trøndelag,63.7917,8.504717,6,Nordmøre og Sør-Trøndelag,1
2,2026,10149,Rafdal,ikke-medikamentell,termisk behandling,,,,,hele lokaliteten,4611,ETNE,46,Vestland,59.790085,6.17615,3,Karmøy til Sotra,
2,2026,10806,Rakkenes,ikke-medikamentell,mekanisk behandling,,,,,deler av lokaliteten,5546,KVÆNANGEN,55,Troms,69.88507,21.729982,11,Kvaløya til Loppa,1
2,2026,31777,Reinvika,ikke-medikamentell,termisk behandling,,,,,deler av lokaliteten,1845,SØRFOLD,18,Nordland,67.60568,15.368483,9,Vestfjorden og Vesterålen,5
2,2026,31777,Reinvika,ikke-medikamentell,termisk behandling,,,,,deler av lokaliteten,1845,SØRFOLD,18,Nordland,67.60568,15.368483,9,Vestfjorden og Vesterålen,2
2,2026,29276,Rongøy,ikke-medikamentell,ferskvannsbehandling,,,,,deler av lokaliteten,4626,ØYGARDEN,46,Vestland,60.509335,4.9317,4,Nordhordaland til Stadt,6
2,2026,29276,Rongøy,ikke-medikamentell,termisk behandling,,,,,deler av lokaliteten,4626,ØYGARDEN,46,Vestland,60.509335,4.9317,4,Nordhordaland til Stadt,6
2,2026,37197,Ruggstein,ikke-medikamentell,annen behandling,,,,,deler av lokaliteten,5014,FRØYA,50,Trøndelag,63.770084,8.476033,6,Nordmøre og Sør-Trøndelag,5
2,2026,45050,Skarvhammaren,ikke-medikamentell,termisk behandling,,,,,deler av lokaliteten,1820,ALSTAHAUG,18,Nordland,65.834015,12.553983,8,Helgeland til Bodø,5
2,2026,12048,Skiftesneset N,ikke-medikamentell,ferskvannsbehandling,,,,,hele lokaliteten,4624,BJØRNAFJORDEN,46,Vestland,60.07472,5.736783,3,Karmøy til Sotra,
2,2026,12048,Skiftesneset N,ikke-medikamentell,termisk behandling,,,,,hele lokaliteten,4624,BJØRNAFJORDEN,46,Vestland,60.07472,5.736783,3,Karmøy til Sotra,
2,2026,11861,Skipningsdalen,medikamentell,badebehandling,Azamethiphos,,,,deler av lokaliteten,4207,FLEKKEFJORD,42,Agder,58.24148,6.5958,1,Svenskegrensen til Jæren,1
2,2026,11861,Skipningsdalen,ikke-medikamentell,mekanisk behandling,,,,,deler av lokaliteten,4207,FLEKKEFJORD,42,Agder,58.24148,6.5958,1,Svenskegrensen til Jæren,8
2,2026,13291,Soløya,ikke-medikamentell,termisk behandling,,,,,deler av lokaliteten,1859,FLAKSTAD,18,Nordland,68.00445,13.18255,9,Vestfjorden og Vesterålen,2
2,2026,45046,Stasøya,ikke-medikamentell,ferskvannsbehandling,,,,,deler av lokaliteten,5060,NÆRØYSUND,50,Trøndelag,64.80155,11.633783,7,Nord-Trøndelag med Bindal,5
2,2026,45046,Stasøya,ikke-medikamentell,termisk behandling,,,,,deler av lokaliteten,5060,NÆRØYSUND,50,Trøndelag,64.80155,11.633783,7,Nord-Trøndelag med Bindal,5
2,2026,13568,Storevik,ikke-medikamentell,ferskvannsbehandling,,,,,hele lokaliteten,4645,ASKVOLL,46,Vestland,61.47627,5.285,4,Nordhordaland til Stadt,
2,2026,13568,Storevik,ikke-medikamentell,termisk behandling,,,,,hele lokaliteten,4645,ASKVOLL,46,Vestland,61.47627,5.285,4,Nordhordaland til Stadt,
2,2026,11492,Storevikholmen,medikamentell,badebehandling,Azamethiphos,,,,deler av lokaliteten,4615,FITJAR,46,Vestland,59.83808,5.30565,3,Karmøy til Sotra,1
2,2026,11492,Storevikholmen,ikke-medikamentell,ferskvannsbehandling,,,,,deler av lokaliteten,4615,FITJAR,46,Vestland,59.83808,5.30565,3,Karmøy til Sotra,3
2,2026,11492,Storevikholmen,ikke-medikamentell,termisk behandling,,,,,deler av lokaliteten,4615,FITJAR,46,Vestland,59.83808,5.30565,3,Karmøy til Sotra,3
2,2026,13566,Storskrebukti,ikke-medikamentell,termisk behandling,,,,,deler av lokaliteten,4631,ALVER,46,Vestland,60.653732,5.4192,4,Nordhordaland til Stadt,6
2,2026,12449,Tennøya,ikke-medikamentell,termisk behandling,,,,,deler av lokaliteten,5014,FRØYA,50,Trøndelag,63.805035,8.4444,6,Nordmøre og Sør-Trøndelag,7
2,2026,25815,Tittelsnes,medikamentell,badebehandling,Azamethiphos,,,,deler av lokaliteten,4612,SVEIO,46,Vestland,59.72365,5.534383,3,Karmøy til Sotra,4
2,2026,10652,Vedbotn,ikke-medikamentell,ferskvannsbehandling,,,,,deler av lokaliteten,5620,NORDKAPP,56,Finnmark,70.7514,25.636984,12,Vest-Finnmark,1
2,2026,10652,Vedbotn,ikke-medikamentell,mekanisk behandling,,,,,deler av lokaliteten,5620,NORDKAPP,56,Finnmark,70.7514,25.636984,12,Vest-Finnmark,1
2,2026,10652,Vedbotn,ikke-medikamentell,ferskvannsbehandling,,,,,deler av lokaliteten,5620,NORDKAPP,56,Finnmark,70.7514,25.636984,12,Vest-Finnmark,1
2,2026,10652,Vedbotn,ikke-medikamentell,mekanisk behandling,,,,,deler av lokaliteten,5620,NORDKAPP,56,Finnmark,70.7514,25.636984,12,Vest-Finnmark,1
2,2026,10652,Vedbotn,ikke-medikamentell,ferskvannsbehandling,,,,,deler av lokaliteten,5620,NORDKAPP,56,Finnmark,70.7514,25.636984,12,Vest-Finnmark,1
2,2026,10652,Vedbotn,ikke-medikamentell,mekanisk behandling,,,,,deler av lokaliteten,5620,NORDKAPP,56,Finnmark,70.7514,25.636984,12,Vest-Finnmark,1
2,2026,10652,Vedbotn,ikke-medikamentell,ferskvannsbehandling,,,,,deler av lokaliteten,5620,NORDKAPP,56,Finnmark,70.7514,25.636984,12,Vest-Finnmark,1
2,2026,10652,Vedbotn,ikke-medikamentell,mekanisk behandling,,,,,deler av lokaliteten,5620,NORDKAPP,56,Finnmark,70.7514,25.636984,12,Vest-Finnmark,1
2,2026,10652,Vedbotn,ikke-medikamentell,ferskvannsbehandling,,,,,deler av lokaliteten,5620,NORDKAPP,56,Finnmark,70.7514,25.636984,12,Vest-Finnmark,1
2,2026,10652,Vedbotn,ikke-medikamentell,mekanisk behandling,,,,,deler av lokaliteten,5620,NORDKAPP,56,Finnmark,70.7514,25.636984,12,Vest-Finnmark,1
2,2026,10652,Vedbotn,ikke-medikamentell,ferskvannsbehandling,,,,,deler av lokaliteten,5620,NORDKAPP,56,Finnmark,70.7514,25.636984,12,Vest-Finnmark,1
2,2026,10652,Vedbotn,ikke-medikamentell,mekanisk behandling,,,,,deler av lokaliteten,5620,NORDKAPP,56,Finnmark,70.7514,25.636984,12,Vest-Finnmark,1
2,2026,10652,Vedbotn,ikke-medikamentell,ferskvannsbehandling,,,,,deler av lokaliteten,5620,NORDKAPP,56,Finnmark,70.7514,25.636984,12,Vest-Finnmark,1
2,2026,10652,Vedbotn,ikke-medikamentell,mekanisk behandling,,,,,deler av lokaliteten,5620,NORDKAPP,56,Finnmark,70.7514,25.636984,12,Vest-Finnmark,1
2,2026,10652,Vedbotn,ikke-medikamentell,ferskvannsbehandling,,,,,deler av lokaliteten,5620,NORDKAPP,56,Finnmark,70.7514,25.636984,12,Vest-Finnmark,1
2,2026,10652,Vedbotn,ikke-medikamentell,mekanisk behandling,,,,,deler av lokaliteten,5620,NORDKAPP,56,Finnmark,70.7514,25.636984,12,Vest-Finnmark,1
2,2026,13837,Verpeide,ikke-medikamentell,mekanisk behandling,,,,,deler av lokaliteten,4602,KINN,46,Vestland,61.902218,5.209233,4,Nordhordaland til Stadt,5
2,2026,12839,Vindsnes,ikke-medikamentell,termisk behandling,,,,,hele lokaliteten,1578,FJORD,15,Møre og Romsdal,62.28533,7.2802,5,Stadt til Hustadvika,
2,2026,12839,Vindsnes,ikke-medikamentell,ferskvannsbehandling,,,,,hele lokaliteten,1578,FJORD,15,Møre og Romsdal,62.28533,7.2802,5,Stadt til Hustadvika,
2,2026,13246,Voldnes,medikamentell,fôrbehandling,Emamectin benzoat,,,,deler av lokaliteten,1515,HERØY I MØRE OG ROMSDAL,15,Møre og Romsdal,62.2097,5.7849,5,Stadt til Hustadvika,6
2,2026,13246,Voldnes,medikamentell,fôrbehandling,Emamectin benzoat,,,,deler av lokaliteten,1515,HERØY I MØRE OG ROMSDAL,15,Møre og Romsdal,62.2097,5.7849,5,Stadt til Hustadvika,3
1,2026,13845,Beitveit,ikke-medikamentell,mekanisk behandling,,,,,deler av lokaliteten,4649,STAD,46,Vestland,62.140835,5.3275,5,Stadt til Hustadvika,6
1,2026,13845,Beitveit,ikke-medikamentell,termisk behandling,,,,,deler av lokaliteten,4649,STAD,46,Vestland,62.140835,5.3275,5,Stadt til Hustadvika,6
1,2026,12095,Bergadalen,medikamentell,badebehandling,Annet virkestoff,,,,deler av lokaliteten,4622,KVAM,46,Vestland,60.1216,5.908883,3,Karmøy til Sotra,2
1,2026,12178,Bjønnspjotneset,ikke-medikamentell,termisk behandling,,,,,deler av lokaliteten,4638,HØYANGER,46,Vestland,61.098083,5.82545,4,Nordhordaland til Stadt,3
1,2026,45072,Bleket,ikke-medikamentell,termisk behandling,,,,,hele lokaliteten,4602,KINN,46,Vestland,61.911667,5.092217,4,Nordhordaland til Stadt,
1,2026,45072,Bleket,ikke-medikamentell,ferskvannsbehandling,,,,,hele lokaliteten,4602,KINN,46,Vestland,61.911667,5.092217,4,Nordhordaland til Stadt,
1,2026,10256,Bondøya,ikke-medikamentell,mekanisk behandling,,,,,deler av lokaliteten,5060,NÆRØYSUND,50,Trøndelag,64.8168,10.7427,7,Nord-Trøndelag med Bindal,2
1,2026,11488,Brattavika,ikke-medikamentell,termisk behandling,,,,,deler av lokaliteten,4625,AUSTEVOLL,46,Vestland,60.044117,5.303317,3,Karmøy til Sotra,3
1,2026,11015,Brattholmen,ikke-medikamentell,termisk behandling,,,,,deler av lokaliteten,1818,HERØY I NORDLAND,18,Nordland,65.90735,12.220967,8,Helgeland til Bodø,5
1,2026,11543,Buholmen,ikke-medikamentell,termisk behandling,,,,,deler av lokaliteten,4625,AUSTEVOLL,46,Vestland,60.020466,5.080083,3,Karmøy til Sotra,1
1,2026,11543,Buholmen,ikke-medikamentell,termisk behandling,,,,,deler av lokaliteten,4625,AUSTEVOLL,46,Vestland,60.020466,5.080083,3,Karmøy til Sotra,1
1,2026,11543,Buholmen,ikke-medikamentell,termisk behandling,,,,,deler av lokaliteten,4625,AUSTEVOLL,46,Vestland,60.020466,5.080083,3,Karmøy til Sotra,1
1,2026,26595,Djupevika,ikke-medikamentell,ferskvannsbehandling,,,,,deler av lokaliteten,4616,TYSNES,46,Vestland,60.035816,5.342217,3,Karmøy til Sotra,7
1,2026,26595,Djupevika,ikke-medikamentell,termisk behandling,,,,,deler av lokaliteten,4616,TYSNES,46,Vestland,60.035816,5.342217,3,Karmøy til Sotra,7
1,2026,10505,Dragnes,medikamentell,fôrbehandling,Emamectin benzoat,,,,hele lokaliteten,1866,HADSEL,18,Nordland,68.58393,14.707267,9,Vestfjorden og Vesterålen,
1,2026,12435,Grøttingsøy,ikke-medikamentell,mekanisk behandling,,,,,deler av lokaliteten,5014,FRØYA,50,Trøndelag,63.879467,8.543083,6,Nordmøre og Sør-Trøndelag,2
1,2026,36737,Hallsteinhamn I,ikke-medikamentell,termisk behandling,,,,,deler av lokaliteten,1804,BODØ,18,Nordland,67.44185,14.71595,9,Vestfjorden og Vesterålen,1
1,2026,24035,Håvikvågen S,ikke-medikamentell,ferskvannsbehandling,,,,,deler av lokaliteten,4624,BJØRNAFJORDEN,46,Vestland,60.170483,5.699283,3,Karmøy til Sotra,3
1,2026,13503,Heggvika,ikke-medikamentell,mekanisk behandling,,,,,deler av lokaliteten,5056,HITRA,50,Trøndelag,63.610733,9.0523,6,Nordmøre og Sør-Trøndelag,1
1,2026,13503,Heggvika,ikke-medikamentell,termisk behandling,,,,,deler av lokaliteten,5056,HITRA,50,Trøndelag,63.610733,9.0523,6,Nordmøre og Sør-Trøndelag,1
1,2026,13643,Hjartholm,ikke-medikamentell,mekanisk behandling,,,,,deler av lokaliteten,4635,GULEN,46,Vestland,61.03512,5.33105,4,Nordhordaland til Stadt,1
1,2026,13643,Hjartholm,ikke-medikamentell,termisk behandling,,,,,deler av lokaliteten,4635,GULEN,46,Vestland,61.03512,5.33105,4,Nordhordaland til Stadt,1
1,2026,32417,Hjartholmosen,ikke-medikamentell,termisk behandling,,,,,hele lokaliteten,4625,AUSTEVOLL,46,Vestland,60.00458,5.2287,3,Karmøy til Sotra,
1,2026,10518,Horsvågen,medikamentell,fôrbehandling,Emamectin benzoat,,,,hele lokaliteten,1875,HAMARØY,18,Nordland,68.0213,15.29955,9,Vestfjorden og Vesterålen,
1,2026,38997,Ilsøya 2,ikke-medikamentell,mekanisk behandling,,,,,deler av lokaliteten,5014,FRØYA,50,Trøndelag,63.66275,8.447833,6,Nordmøre og Sør-Trøndelag,1
1,2026,13236,Indre Oppedal,ikke-medikamentell,termisk behandling,,,,,deler av lokaliteten,4635,GULEN,46,Vestland,61.067883,5.563833,4,Nordhordaland til Stadt,4
1,2026,24295,Isbergan,ikke-medikamentell,annen behandling,,,,,deler av lokaliteten,1837,MELØY,18,Nordland,66.81468,13.678183,8,Helgeland til Bodø,2
1,2026,10804,Karvika,ikke-medikamentell,mekanisk behandling,,,,,hele lokaliteten,5546,KVÆNANGEN,55,Troms,69.85198,21.828983,11,Kvaløya til Loppa,
1,2026,26135,Kjørsvikgrunn,ikke-medikamentell,termisk behandling,,,,,deler av lokaliteten,5055,HEIM,50,Trøndelag,63.457718,9.0756,6,Nordmøre og Sør-Trøndelag,5
1,2026,26135,Kjørsvikgrunn,ikke-medikamentell,mekanisk behandling,,,,,deler av lokaliteten,5055,HEIM,50,Trøndelag,63.457718,9.0756,6,Nordmøre og Sør-Trøndelag,5
1,2026,35377,Kveitskjeret,medikamentell,badebehandling,Azamethiphos,,,,deler av lokaliteten,5014,FRØYA,50,Trøndelag,63.82503,8.444633,6,Nordmøre og Sør-Trøndelag,5
1,2026,13055,Langøyna Ø,medikamentell,fôrbehandling,Diflubenzuron,,,,hele lokaliteten,1146,TYSVÆR,11,Rogaland,59.2983,5.713333,2,Ryfylke,
1,2026,20559,Langskjæra,ikke-medikamentell,ferskvannsbehandling,,,,,deler av lokaliteten,5014,FRØYA,50,Trøndelag,63.8225,8.75505,6,Nordmøre og Sør-Trøndelag,2
1,2026,20559,Langskjæra,ikke-medikamentell,mekanisk behandling,,,,,deler av lokaliteten,5014,FRØYA,50,Trøndelag,63.8225,8.75505,6,Nordmøre og Sør-Trøndelag,2
1,2026,28036,Langskjæran,ikke-medikamentell,termisk behandling,,,,,hele lokaliteten,1838,GILDESKÅL,18,Nordland,67.118385,13.898417,8,Helgeland til Bodø,
1,2026,13549,Løypingneset,medikamentell,fôrbehandling,Emamectin benzoat,,,,hele lokaliteten,4648,BREMANGER,46,Vestland,61.821335,5.250533,4,Nordhordaland til Stadt,
1,2026,10232,Mannbruholmen,ikke-medikamentell,mekanisk behandling,,,,,deler av lokaliteten,5014,FRØYA,50,Trøndelag,63.84705,8.536867,6,Nordmøre og Sør-Trøndelag,10
1,2026,12134,Maradalen,ikke-medikamentell,ferskvannsbehandling,,,,,deler av lokaliteten,4617,KVINNHERAD,46,Vestland,59.762115,5.687317,3,Karmøy til Sotra,2
1,2026,12134,Maradalen,ikke-medikamentell,termisk behandling,,,,,deler av lokaliteten,4617,KVINNHERAD,46,Vestland,59.762115,5.687317,3,Karmøy til Sotra,2
1,2026,21915,Matløyso,ikke-medikamentell,ferskvannsbehandling,,,,,deler av lokaliteten,4615,FITJAR,46,Vestland,59.952084,5.284933,3,Karmøy til Sotra,3
1,2026,21915,Matløyso,ikke-medikamentell,termisk behandling,,,,,deler av lokaliteten,4615,FITJAR,46,Vestland,59.952084,5.284933,3,Karmøy til Sotra,3
1,2026,11651,Ramsøy S,ikke-medikamentell,ferskvannsbehandling,,,,,hele lokaliteten,4627,ASKØY,46,Vestland,60.432617,5.061917,3,Karmøy til Sotra,
1,2026,11651,Ramsøy S,ikke-medikamentell,termisk behandling,,,,,hele lokaliteten,4627,ASKØY,46,Vestland,60.432617,5.061917,3,Karmøy til Sotra,
1,2026,12784,Ringholmen,ikke-medikamentell,ferskvannsbehandling,,,,,deler av lokaliteten,5056,HITRA,50,Trøndelag,63.55995,9.409567,6,Nordmøre og Sør-Trøndelag,1
1,2026,37197,Ruggstein,ikke-medikamentell,annen behandling,,,,,deler av lokaliteten,5014,FRØYA,50,Trøndelag,63.770084,8.476033,6,Nordmøre og Sør-Trøndelag,3
1,2026,45211,Saltskår,ikke-medikamentell,annen behandling,,,,,hele lokaliteten,4636,SOLUND,46,Vestland,61.193134,4.8148,4,Nordhordaland til Stadt,
1,2026,13035,Sauaneset I,ikke-medikamentell,mekanisk behandling,,,,,deler av lokaliteten,4625,AUSTEVOLL,46,Vestland,60.088516,5.266183,3,Karmøy til Sotra,3
1,2026,22315,Skavhella,medikamentell,badebehandling,Azamethiphos,,,,hele lokaliteten,4624,BJØRNAFJORDEN,46,Vestland,60.218933,5.5593,3,Karmøy til Sotra,
1,2026,11966,Skigelstrand,ikke-medikamentell,termisk behandling,,,,,hele lokaliteten,1160,VINDAFJORD,11,Rogaland,59.494118,5.846567,2,Ryfylke,
1,2026,23375,Sørevik,ikke-medikamentell,termisk behandling,,,,,hele lokaliteten,4638,HØYANGER,46,Vestland,61.099983,5.729967,4,Nordhordaland til Stadt,
1,2026,31217,Stokkasjøen,ikke-medikamentell,annen behandling,,,,,deler av lokaliteten,1816,VEVELSTAD,18,Nordland,65.78252,12.591783,8,Helgeland til Bodø,2
1,2026,26235,Stualand,ikke-medikamentell,ferskvannsbehandling,,,,,deler av lokaliteten,4612,SVEIO,46,Vestland,59.6088,5.5269,3,Karmøy til Sotra,3
1,2026,26235,Stualand,ikke-medikamentell,termisk behandling,,,,,deler av lokaliteten,4612,SVEIO,46,Vestland,59.6088,5.5269,3,Karmøy til Sotra,3
1,2026,13196,Syltøy,medikamentell,fôrbehandling,Emamectin benzoat,,,,hele lokaliteten,4626,ØYGARDEN,46,Vestland,60.304432,4.968967,3,Karmøy til Sotra,
1,2026,25815,Tittelsnes,medikamentell,badebehandling,Azamethiphos,,,,deler av lokaliteten,4612,SVEIO,46,Vestland,59.72365,5.534383,3,Karmøy til Sotra,1
1,2026,33677,Torvund,medikamentell,fôrbehandling,Emamectin benzoat,,,,deler av lokaliteten,4638,HØYANGER,46,Vestland,61.14467,5.656367,4,Nordhordaland til Stadt,2
1,2026,33677,Torvund,ikke-medikamentell,termisk behandling,,,,,deler av lokaliteten,4638,HØYANGER,46,Vestland,61.14467,5.656367,4,Nordhordaland til Stadt,1
1,2026,13837,Verpeide,ikke-medikamentell,mekanisk behandling,,,,,deler av lokaliteten,4602,KINN,46,Vestland,61.902218,5.209233,4,Nordhordaland til Stadt,1
1,2026,13226,Vindsvik,ikke-medikamentell,ferskvannsbehandling,,,,,deler av lokaliteten,1133,HJELMELAND,11,Rogaland,59.299816,6.32245,2,Ryfylke,1
