Uke,År,Lokalitetsnummer,Lokalitetsnavn,Tiltak,Type behandling,Virkestoff,ArtsId,Rensefisk,Antall,Omfang,Kommunenummer,Kommune,Fylkesnummer,Fylke,Lat,Lon,ProduksjonsområdeId,Produksjonsområde,Antall merder
33,2018,15196,Aga Ø,ikke-medikamentell,,,,,,deler av lokaliteten,1219,BØMLO,12,Hordaland,59.8451,5.261367,3,Karmøy til Sotra,
33,2018,10298,Ålforo,ikke-medikamentell,,,,,,hele lokaliteten,1222,FITJAR,12,Hordaland,59.8665,5.244133,3,Karmøy til Sotra,
33,2018,32017,Ånholmen,ikke-medikamentell,,,,,,deler av lokaliteten,5048,FOSNES,50,Trøndelag,64.7198,11.461683,7,Nord-Trøndelag med Bindal,
33,2018,11800,Austneståa,ikke-medikamentell,,,,,,deler av lokaliteten,1401,FLORA,14,Sogn og Fjordane,61.490818,5.171167,4,Nordhordaland til Stadt,
33,2018,13572,Badstuvika,ikke-medikamentell,,,,,,deler av lokaliteten,5013,HITRA,50,Trøndelag,63.53398,9.1469,6,Nordmøre og Sør-Trøndelag,
33,2018,37237,Børfjord,ikke-medikamentell,,,,,,deler av lokaliteten,2015,HASVIK,20,Finnmark,70.64533,22.694317,12,Vest-Finnmark,
33,2018,34897,Brandsfjorden,ikke-medikamentell,,,,,,deler av lokaliteten,5019,ROAN,50,Trøndelag,64.22307,10.279933,6,Nordmøre og Sør-Trøndelag,
33,2018,33537,Buholmen,ikke-medikamentell,,,,,,deler av lokaliteten,5019,ROAN,50,Trøndelag,64.1569,10.008917,6,Nordmøre og Sør-Trøndelag,
33,2018,11857,Buksevika,ikke-medikamentell,,,,,,deler av lokaliteten,1004,FLEKKEFJORD,10,Vest-Agder,58.2074,6.63505,1,Svenskegrensen til Jæren,
33,2018,32457,Dalsvåg Nv,ikke-medikamentell,,,,,,deler av lokaliteten,1149,KARMØY,11,Rogaland,59.410816,5.21725,3,Karmøy til Sotra,
33,2018,11076,Digermulen,ikke-medikamentell,,,,,,hele lokaliteten,1836,RØDØY,18,Nordland,66.67648,13.316867,8,Helgeland til Bodø,
33,2018,11363,Enkeltstein,ikke-medikamentell,,,,,,deler av lokaliteten,1917,IBESTAD,19,Troms,68.7276,16.910467,10,Andøya til Senja,
33,2018,32677,Espnestaren,ikke-medikamentell,,,,,,deler av lokaliteten,5014,FRØYA,50,Trøndelag,63.678017,8.66685,6,Nordmøre og Sør-Trøndelag,
33,2018,24575,Farmannsøya,ikke-medikamentell,,,,,,deler av lokaliteten,5019,ROAN,50,Trøndelag,64.18452,10.1222,6,Nordmøre og Sør-Trøndelag,
33,2018,26775,Fjølværet Ø,ikke-medikamentell,,,,,,deler av lokaliteten,5014,FRØYA,50,Trøndelag,63.819233,8.636133,6,Nordmøre og Sør-Trøndelag,
33,2018,19115,Fugløya S,ikke-medikamentell,,,,,,deler av lokaliteten,5012,SNILLFJORD,50,Trøndelag,63.460682,9.1444,6,Nordmøre og Sør-Trøndelag,
33,2018,31357,Geitryggen,ikke-medikamentell,,,,,,deler av lokaliteten,5051,NÆRØY,50,Trøndelag,64.75085,11.189033,7,Nord-Trøndelag med Bindal,
33,2018,24315,Gjæsingen,ikke-medikamentell,,,,,,deler av lokaliteten,5018,ÅFJORD,50,Trøndelag,64.117615,9.981417,6,Nordmøre og Sør-Trøndelag,
33,2018,33597,Grytøyraholmen,ikke-medikamentell,,,,,,deler av lokaliteten,1429,FJALER,14,Sogn og Fjordane,61.29278,5.014117,4,Nordhordaland til Stadt,
33,2018,12789,Gunnarøya,ikke-medikamentell,,,,,,deler av lokaliteten,5012,SNILLFJORD,50,Trøndelag,63.569485,9.467983,6,Nordmøre og Sør-Trøndelag,
33,2018,36737,Hallsteinhamn I,ikke-medikamentell,,,,,,hele lokaliteten,1804,BODØ,18,Nordland,67.44185,14.71595,9,Vestfjorden og Vesterålen,
33,2018,36937,Hallvardsøya,ikke-medikamentell,,,,,,deler av lokaliteten,1927,TRANØY,19,Troms,69.15137,16.906532,10,Andøya til Senja,
33,2018,11740,Haverøy,ikke-medikamentell,,,,,,hele lokaliteten,1246,FJELL,12,Hordaland,60.404766,4.93995,3,Karmøy til Sotra,
33,2018,22596,Hesbygrunnen,ikke-medikamentell,,,,,,hele lokaliteten,1141,FINNØY,11,Rogaland,59.1941,5.799133,2,Ryfylke,
33,2018,13006,Hestholmen N,medikamentell,fôrbehandling,Emamectin benzoat,,,,hele lokaliteten,1838,GILDESKÅL,18,Nordland,67.14678,14.016533,8,Helgeland til Bodø,
33,2018,34017,Hilbåan,ikke-medikamentell,,,,,,hele lokaliteten,5013,HITRA,50,Trøndelag,63.6686,8.844717,6,Nordmøre og Sør-Trøndelag,
33,2018,15655,Hjartøy N,medikamentell,badebehandling,Deltamethrin,,,,hele lokaliteten,1828,NESNA,18,Nordland,66.23579,12.709967,8,Helgeland til Bodø,
33,2018,33957,Hofsøya,medikamentell,fôrbehandling,Emamectin benzoat,,,,deler av lokaliteten,5014,FRØYA,50,Trøndelag,63.722168,8.913317,6,Nordmøre og Sør-Trøndelag,
33,2018,33957,Hofsøya,medikamentell,fôrbehandling,Emamectin benzoat,,,,deler av lokaliteten,5014,FRØYA,50,Trøndelag,63.722168,8.913317,6,Nordmøre og Sør-Trøndelag,
33,2018,33218,Hosenøyan,ikke-medikamentell,,,,,,deler av lokaliteten,5018,ÅFJORD,50,Trøndelag,64.08518,9.884683,6,Nordmøre og Sør-Trøndelag,
33,2018,12599,Indre Skjervøy,ikke-medikamentell,,,,,,deler av lokaliteten,5020,OSEN,50,Trøndelag,64.2858,10.30905,6,Nordmøre og Sør-Trøndelag,
33,2018,36297,Kjeringeholmen,ikke-medikamentell,,,,,,deler av lokaliteten,1428,ASKVOLL,14,Sogn og Fjordane,61.38997,4.98405,4,Nordhordaland til Stadt,
33,2018,36037,Klipen,medikamentell,fôrbehandling,Emamectin benzoat,,,,hele lokaliteten,1822,LEIRFJORD,18,Nordland,66.1336,12.851983,8,Helgeland til Bodø,
33,2018,33998,Klubben,ikke-medikamentell,,,,,,deler av lokaliteten,2015,HASVIK,20,Finnmark,70.66345,22.621733,12,Vest-Finnmark,
33,2018,18755,Klungset,ikke-medikamentell,,,,,,hele lokaliteten,5051,NÆRØY,50,Trøndelag,64.74997,11.394183,7,Nord-Trøndelag med Bindal,
33,2018,19195,Korsholman,ikke-medikamentell,,,,,,deler av lokaliteten,5013,HITRA,50,Trøndelag,63.597218,8.51575,6,Nordmøre og Sør-Trøndelag,
33,2018,32518,Kuøyna,ikke-medikamentell,,,,,,hele lokaliteten,1411,GULEN,14,Sogn og Fjordane,60.996983,4.897467,4,Nordhordaland til Stadt,
33,2018,18217,Kvaløy Ø,ikke-medikamentell,,,,,,deler av lokaliteten,1149,KARMØY,11,Rogaland,59.396633,5.171083,3,Karmøy til Sotra,
33,2018,11074,Kvalvika,ikke-medikamentell,,,,,,deler av lokaliteten,1836,RØDØY,18,Nordland,66.66908,13.391633,8,Helgeland til Bodø,
33,2018,11775,Kviteskjeret,ikke-medikamentell,,,,,,hele lokaliteten,1428,ASKVOLL,14,Sogn og Fjordane,61.467815,5.2203,4,Nordhordaland til Stadt,
33,2018,35777,Kvitskjæret,medikamentell,fôrbehandling,Emamectin benzoat,,,,deler av lokaliteten,1818,HERØY I NORDLAND,18,Nordland,66.1008,12.157333,8,Helgeland til Bodø,
33,2018,10898,Lamholmen,ikke-medikamentell,,,,,,deler av lokaliteten,1813,BRØNNØY,18,Nordland,65.47093,12.1338,8,Helgeland til Bodø,
33,2018,11116,Langholmen,ikke-medikamentell,,,,,,deler av lokaliteten,1838,GILDESKÅL,18,Nordland,67.05783,14.025333,8,Helgeland til Bodø,
33,2018,13340,Leiholmane,ikke-medikamentell,,,,,,deler av lokaliteten,1411,GULEN,14,Sogn og Fjordane,60.982216,4.875017,4,Nordhordaland til Stadt,
33,2018,34257,Lekafjorden II,medikamentell,fôrbehandling,Emamectin benzoat,,,,hele lokaliteten,5052,LEKA,50,Trøndelag,65.07878,11.724033,7,Nord-Trøndelag med Bindal,
33,2018,12392,Lille Torsøy,ikke-medikamentell,,,,,,deler av lokaliteten,5013,HITRA,50,Trøndelag,63.605633,8.48855,6,Nordmøre og Sør-Trøndelag,
33,2018,29056,Lille Torsøy II,ikke-medikamentell,,,,,,deler av lokaliteten,5013,HITRA,50,Trøndelag,63.60803,8.494633,6,Nordmøre og Sør-Trøndelag,
33,2018,14076,Lismåsøy,ikke-medikamentell,,,,,,hele lokaliteten,1813,BRØNNØY,18,Nordland,65.4933,12.169217,8,Helgeland til Bodø,
33,2018,10794,Mortensnes,medikamentell,fôrbehandling,Emamectin benzoat,,,,hele lokaliteten,2012,ALTA,20,Finnmark,70.12487,23.223034,12,Vest-Finnmark,
33,2018,30157,Movik,medikamentell,badebehandling,Azamethiphos,,,,hele lokaliteten,1845,SØRFOLD,18,Nordland,67.63265,15.26325,9,Vestfjorden og Vesterålen,
33,2018,33997,Næringsbukta,medikamentell,badebehandling,Annet virkestoff,,,,deler av lokaliteten,2015,HASVIK,20,Finnmark,70.65926,22.640932,12,Vest-Finnmark,
33,2018,10303,Nappeholmane,ikke-medikamentell,,,,,,hele lokaliteten,1219,BØMLO,12,Hordaland,59.742985,5.363633,3,Karmøy til Sotra,
33,2018,11041,Nord Gåsvær,medikamentell,fôrbehandling,Emamectin benzoat,,,,hele lokaliteten,1818,HERØY I NORDLAND,18,Nordland,66.07035,12.065617,8,Helgeland til Bodø,
33,2018,23816,Nordbotnet,medikamentell,fôrbehandling,Emamectin benzoat,,,,hele lokaliteten,1828,NESNA,18,Nordland,66.25612,12.8942,8,Helgeland til Bodø,
33,2018,26315,Nordgjæslingan,ikke-medikamentell,,,,,,deler av lokaliteten,5050,VIKNA,50,Trøndelag,64.7659,10.9128,7,Nord-Trøndelag med Bindal,
33,2018,31697,Oksen,ikke-medikamentell,,,,,,hele lokaliteten,1246,FJELL,12,Hordaland,60.4336,4.940617,3,Karmøy til Sotra,
33,2018,12383,Omsøyholman,ikke-medikamentell,,,,,,deler av lokaliteten,5013,HITRA,50,Trøndelag,63.631966,8.575567,6,Nordmøre og Sør-Trøndelag,
33,2018,10197,Opshaugvik,ikke-medikamentell,,,,,,deler av lokaliteten,1525,STRANDA,15,Møre og Romsdal,62.28765,6.990333,5,Stadt til Hustadvika,
33,2018,10050,Ospøy Ø,ikke-medikamentell,,,,,,deler av lokaliteten,1219,BØMLO,12,Hordaland,59.866566,5.228133,3,Karmøy til Sotra,
33,2018,12281,Rogne,ikke-medikamentell,,,,,,hele lokaliteten,1534,HARAM,15,Møre og Romsdal,62.6695,6.356833,5,Stadt til Hustadvika,
33,2018,11856,Salvågvika,ikke-medikamentell,,,,,,deler av lokaliteten,1004,FLEKKEFJORD,10,Vest-Agder,58.227165,6.632767,1,Svenskegrensen til Jæren,
33,2018,19135,Sandøya III,ikke-medikamentell,,,,,,deler av lokaliteten,5019,ROAN,50,Trøndelag,64.243385,10.26445,6,Nordmøre og Sør-Trøndelag,
33,2018,13035,Sauaneset I,ikke-medikamentell,,,,,,deler av lokaliteten,1244,AUSTEVOLL,12,Hordaland,60.089085,5.267967,3,Karmøy til Sotra,
33,2018,37797,Skjortneset II,ikke-medikamentell,,,,,,deler av lokaliteten,1526,STORDAL,15,Møre og Romsdal,62.379368,6.889433,5,Stadt til Hustadvika,
33,2018,35337,Småvær,medikamentell,fôrbehandling,Emamectin benzoat,,,,hele lokaliteten,1902,TROMSØ,19,Troms,69.896866,18.486267,11,Kvaløya til Loppa,
33,2018,11605,Soløy Ø,ikke-medikamentell,,,,,,deler av lokaliteten,1222,FITJAR,12,Hordaland,59.90708,5.159833,3,Karmøy til Sotra,
33,2018,35318,Sortevika,ikke-medikamentell,,,,,,hele lokaliteten,1926,DYRØY,19,Troms,69.0188,17.520067,10,Andøya til Senja,
33,2018,34297,Stabben,medikamentell,fôrbehandling,Emamectin benzoat,,,,hele lokaliteten,1852,TJELDSUND,18,Nordland,68.40072,16.216984,9,Vestfjorden og Vesterålen,
33,2018,10311,Storlia,ikke-medikamentell,,,,,,hele lokaliteten,1413,HYLLESTAD,14,Sogn og Fjordane,61.203133,5.193833,4,Nordhordaland til Stadt,
33,2018,19016,Storskogøya,ikke-medikamentell,,,,,,deler av lokaliteten,5012,SNILLFJORD,50,Trøndelag,63.506065,9.19075,6,Nordmøre og Sør-Trøndelag,
33,2018,29376,Sundsøy,medikamentell,badebehandling,Deltamethrin,,,,deler av lokaliteten,1827,DØNNA,18,Nordland,66.17637,12.770283,8,Helgeland til Bodø,
33,2018,11312,Svartfjell,medikamentell,badebehandling,Azamethiphos,,,,deler av lokaliteten,1848,STEIGEN,18,Nordland,67.93948,15.503168,9,Vestfjorden og Vesterålen,
33,2018,11776,Sveholmane,ikke-medikamentell,,,,,,hele lokaliteten,1401,FLORA,14,Sogn og Fjordane,61.557716,5.215333,4,Nordhordaland til Stadt,
33,2018,12268,Terningen,ikke-medikamentell,,,,,,deler av lokaliteten,1545,MIDSUND,15,Møre og Romsdal,62.6431,6.54805,5,Stadt til Hustadvika,
33,2018,10054,Tobbeholmane,ikke-medikamentell,,,,,,deler av lokaliteten,1244,AUSTEVOLL,12,Hordaland,60.02432,5.30815,3,Karmøy til Sotra,
33,2018,31297,Tortenneset,medikamentell,fôrbehandling,Emamectin benzoat,,,,hele lokaliteten,1805,NARVIK,18,Nordland,68.485916,17.338667,9,Vestfjorden og Vesterålen,
33,2018,32717,Tranøya N,ikke-medikamentell,,,,,,hele lokaliteten,5017,BJUGN,50,Trøndelag,63.872032,9.769783,6,Nordmøre og Sør-Trøndelag,
33,2018,11315,Vinkfjorden,medikamentell,fôrbehandling,Emamectin benzoat,,,,hele lokaliteten,1848,STEIGEN,18,Nordland,67.7267,15.3812,9,Vestfjorden og Vesterålen,
32,2018,15196,Aga Ø,ikke-medikamentell,,,,,,deler av lokaliteten,1219,BØMLO,12,Hordaland,59.8451,5.261367,3,Karmøy til Sotra,
32,2018,32017,Ånholmen,ikke-medikamentell,,,,,,deler av lokaliteten,5048,FOSNES,50,Trøndelag,64.7198,11.461683,7,Nord-Trøndelag med Bindal,
32,2018,11800,Austneståa,ikke-medikamentell,,,,,,deler av lokaliteten,1401,FLORA,14,Sogn og Fjordane,61.490818,5.171167,4,Nordhordaland til Stadt,
32,2018,12730,Båfjorden,ikke-medikamentell,,,,,,deler av lokaliteten,5051,NÆRØY,50,Trøndelag,64.94988,11.5733,7,Nord-Trøndelag med Bindal,
32,2018,11749,Bårøy,ikke-medikamentell,,,,,,hele lokaliteten,1411,GULEN,14,Sogn og Fjordane,60.945866,4.845383,4,Nordhordaland til Stadt,
32,2018,13284,Bollhaugen,medikamentell,fôrbehandling,Emamectin benzoat,,,,deler av lokaliteten,1827,DØNNA,18,Nordland,66.11311,12.487683,8,Helgeland til Bodø,
32,2018,10256,Bondøya,ikke-medikamentell,,,,,,deler av lokaliteten,5050,VIKNA,50,Trøndelag,64.8168,10.7427,7,Nord-Trøndelag med Bindal,
32,2018,34897,Brandsfjorden,ikke-medikamentell,,,,,,deler av lokaliteten,5019,ROAN,50,Trøndelag,64.22307,10.279933,6,Nordmøre og Sør-Trøndelag,
32,2018,11015,Brattholmen,ikke-medikamentell,,,,,,deler av lokaliteten,1818,HERØY I NORDLAND,18,Nordland,65.90735,12.220967,8,Helgeland til Bodø,
32,2018,36118,Bremnesøya,medikamentell,fôrbehandling,Annet virkestoff,,,,hele lokaliteten,1870,SORTLAND,18,Nordland,68.82377,15.400217,9,Vestfjorden og Vesterålen,
32,2018,27976,Bukkholmen,ikke-medikamentell,,,,,,deler av lokaliteten,1820,ALSTAHAUG,18,Nordland,65.918816,12.24605,8,Helgeland til Bodø,
32,2018,11857,Buksevika,ikke-medikamentell,,,,,,deler av lokaliteten,1004,FLEKKEFJORD,10,Vest-Agder,58.2074,6.63505,1,Svenskegrensen til Jæren,
32,2018,32497,Daljorda,medikamentell,fôrbehandling,Annet virkestoff,,,,hele lokaliteten,1870,SORTLAND,18,Nordland,68.697,14.963383,9,Vestfjorden og Vesterålen,
32,2018,14799,Djupestallen,ikke-medikamentell,,,,,,hele lokaliteten,1223,TYSNES,12,Hordaland,60.058735,5.453,3,Karmøy til Sotra,
32,2018,14041,Edøya,ikke-medikamentell,,,,,,deler av lokaliteten,5013,HITRA,50,Trøndelag,63.65835,8.694417,6,Nordmøre og Sør-Trøndelag,
32,2018,32677,Espnestaren,ikke-medikamentell,,,,,,deler av lokaliteten,5014,FRØYA,50,Trøndelag,63.678017,8.66685,6,Nordmøre og Sør-Trøndelag,
32,2018,24575,Farmannsøya,ikke-medikamentell,,,,,,deler av lokaliteten,5019,ROAN,50,Trøndelag,64.18452,10.1222,6,Nordmøre og Sør-Trøndelag,
32,2018,26775,Fjølværet Ø,ikke-medikamentell,,,,,,deler av lokaliteten,5014,FRØYA,50,Trøndelag,63.819233,8.636133,6,Nordmøre og Sør-Trøndelag,
32,2018,19115,Fugløya S,ikke-medikamentell,,,,,,deler av lokaliteten,5012,SNILLFJORD,50,Trøndelag,63.460682,9.1444,6,Nordmøre og Sør-Trøndelag,
32,2018,31357,Geitryggen,ikke-medikamentell,,,,,,deler av lokaliteten,5051,NÆRØY,50,Trøndelag,64.75085,11.189033,7,Nord-Trøndelag med Bindal,
32,2018,11365,Gjervika,medikamentell,fôrbehandling,Emamectin benzoat,,,,deler av lokaliteten,1927,TRANØY,19,Troms,69.050316,16.887266,10,Andøya til Senja,
32,2018,13886,Hallarøy V,ikke-medikamentell,,,,,,deler av lokaliteten,5014,FRØYA,50,Trøndelag,63.998116,9.129283,6,Nordmøre og Sør-Trøndelag,
32,2018,11740,Haverøy,ikke-medikamentell,,,,,,deler av lokaliteten,1246,FJELL,12,Hordaland,60.404766,4.93995,3,Karmøy til Sotra,
32,2018,33957,Hofsøya,medikamentell,fôrbehandling,Emamectin benzoat,,,,deler av lokaliteten,5014,FRØYA,50,Trøndelag,63.722168,8.913317,6,Nordmøre og Sør-Trøndelag,
32,2018,33957,Hofsøya,medikamentell,fôrbehandling,Emamectin benzoat,,,,deler av lokaliteten,5014,FRØYA,50,Trøndelag,63.722168,8.913317,6,Nordmøre og Sør-Trøndelag,
32,2018,33218,Hosenøyan,ikke-medikamentell,,,,,,deler av lokaliteten,5018,ÅFJORD,50,Trøndelag,64.08518,9.884683,6,Nordmøre og Sør-Trøndelag,
32,2018,12599,Indre Skjervøy,ikke-medikamentell,,,,,,deler av lokaliteten,5020,OSEN,50,Trøndelag,64.2858,10.30905,6,Nordmøre og Sør-Trøndelag,
32,2018,34797,Kalvhagan II,medikamentell,fôrbehandling,Emamectin benzoat,,,,hele lokaliteten,5051,NÆRØY,50,Trøndelag,64.95078,12.0567,7,Nord-Trøndelag med Bindal,
32,2018,10087,Kalvøya N,ikke-medikamentell,,,,,,hele lokaliteten,1428,ASKVOLL,14,Sogn og Fjordane,61.319366,4.707167,4,Nordhordaland til Stadt,
32,2018,36297,Kjeringeholmen,ikke-medikamentell,,,,,,deler av lokaliteten,1428,ASKVOLL,14,Sogn og Fjordane,61.38997,4.98405,4,Nordhordaland til Stadt,
32,2018,36037,Klipen,medikamentell,fôrbehandling,Emamectin benzoat,,,,hele lokaliteten,1822,LEIRFJORD,18,Nordland,66.1336,12.851983,8,Helgeland til Bodø,
32,2018,18755,Klungset,ikke-medikamentell,,,,,,deler av lokaliteten,5051,NÆRØY,50,Trøndelag,64.74997,11.394183,7,Nord-Trøndelag med Bindal,
32,2018,19195,Korsholman,ikke-medikamentell,,,,,,deler av lokaliteten,5013,HITRA,50,Trøndelag,63.597218,8.51575,6,Nordmøre og Sør-Trøndelag,
32,2018,11074,Kvalvika,ikke-medikamentell,,,,,,deler av lokaliteten,1836,RØDØY,18,Nordland,66.66908,13.391633,8,Helgeland til Bodø,
32,2018,24975,Kvernavika,medikamentell,badebehandling,Deltamethrin,,,,deler av lokaliteten,1223,TYSNES,12,Hordaland,60.069283,5.351183,3,Karmøy til Sotra,
32,2018,30076,Kyrøyene,ikke-medikamentell,,,,,,deler av lokaliteten,5050,VIKNA,50,Trøndelag,64.764015,10.806633,7,Nord-Trøndelag med Bindal,
32,2018,11116,Langholmen,ikke-medikamentell,,,,,,deler av lokaliteten,1838,GILDESKÅL,18,Nordland,67.05783,14.025333,8,Helgeland til Bodø,
32,2018,34257,Lekafjorden II,medikamentell,fôrbehandling,Emamectin benzoat,,,,hele lokaliteten,5052,LEKA,50,Trøndelag,65.07878,11.724033,7,Nord-Trøndelag med Bindal,
32,2018,35317,Litjevika,ikke-medikamentell,,,,,,deler av lokaliteten,1926,DYRØY,19,Troms,69.00265,17.440567,10,Andøya til Senja,
32,2018,28996,Loddetå,ikke-medikamentell,,,,,,hele lokaliteten,1216,SVEIO,12,Hordaland,59.691643,5.54298,3,Karmøy til Sotra,
32,2018,12370,Måøydraga,ikke-medikamentell,,,,,,deler av lokaliteten,5014,FRØYA,50,Trøndelag,63.676434,8.757283,6,Nordmøre og Sør-Trøndelag,
32,2018,31637,Melkøya,ikke-medikamentell,,,,,,deler av lokaliteten,1818,HERØY I NORDLAND,18,Nordland,66.08231,12.201167,8,Helgeland til Bodø,
32,2018,13541,Midtflua,ikke-medikamentell,,,,,,hele lokaliteten,1223,TYSNES,12,Hordaland,60.076267,5.466533,3,Karmøy til Sotra,
32,2018,10794,Mortensnes,medikamentell,fôrbehandling,Emamectin benzoat,,,,hele lokaliteten,2012,ALTA,20,Finnmark,70.12487,23.223034,12,Vest-Finnmark,
32,2018,11041,Nord Gåsvær,medikamentell,fôrbehandling,Emamectin benzoat,,,,hele lokaliteten,1818,HERØY I NORDLAND,18,Nordland,66.07035,12.065617,8,Helgeland til Bodø,
32,2018,10375,Nord Leksa,medikamentell,fôrbehandling,Emamectin benzoat,,,,deler av lokaliteten,5016,AGDENES,50,Trøndelag,63.589367,9.409217,6,Nordmøre og Sør-Trøndelag,
32,2018,23816,Nordbotnet,medikamentell,fôrbehandling,Emamectin benzoat,,,,hele lokaliteten,1828,NESNA,18,Nordland,66.25612,12.8942,8,Helgeland til Bodø,
32,2018,11129,Nordfugløy,ikke-medikamentell,,,,,,deler av lokaliteten,1838,GILDESKÅL,18,Nordland,67.083916,13.85685,8,Helgeland til Bodø,
32,2018,13020,Nygård,ikke-medikamentell,,,,,,deler av lokaliteten,1242,SAMNANGER,12,Hordaland,60.358067,5.683283,3,Karmøy til Sotra,
32,2018,31697,Oksen,ikke-medikamentell,,,,,,deler av lokaliteten,1246,FJELL,12,Hordaland,60.4336,4.940617,3,Karmøy til Sotra,
32,2018,12383,Omsøyholman,ikke-medikamentell,,,,,,deler av lokaliteten,5013,HITRA,50,Trøndelag,63.631966,8.575567,6,Nordmøre og Sør-Trøndelag,
32,2018,12179,Oslandsurda,medikamentell,badebehandling,Deltamethrin,,,,hele lokaliteten,1416,HØYANGER,14,Sogn og Fjordane,61.0795,5.8099,4,Nordhordaland til Stadt,
32,2018,33477,Reinsnesøya,medikamentell,fôrbehandling,Annet virkestoff,,,,hele lokaliteten,1870,SORTLAND,18,Nordland,68.772835,15.446583,9,Vestfjorden og Vesterålen,
32,2018,12281,Rogne,ikke-medikamentell,,,,,,deler av lokaliteten,1534,HARAM,15,Møre og Romsdal,62.6695,6.356833,5,Stadt til Hustadvika,
32,2018,37197,Ruggstein,ikke-medikamentell,,,,,,deler av lokaliteten,5014,FRØYA,50,Trøndelag,63.770084,8.476033,6,Nordmøre og Sør-Trøndelag,
32,2018,11413,Sandan Sø,medikamentell,fôrbehandling,Annet virkestoff,,,,hele lokaliteten,1868,ØKSNES,18,Nordland,68.88583,15.314567,9,Vestfjorden og Vesterålen,
32,2018,19135,Sandøya III,ikke-medikamentell,,,,,,deler av lokaliteten,5019,ROAN,50,Trøndelag,64.243385,10.26445,6,Nordmøre og Sør-Trøndelag,
32,2018,10398,Seiskjæra,medikamentell,fôrbehandling,Emamectin benzoat,,,,hele lokaliteten,5018,ÅFJORD,50,Trøndelag,64.09225,10.115983,6,Nordmøre og Sør-Trøndelag,
32,2018,37857,Seiskjæret,medikamentell,fôrbehandling,Emamectin benzoat,,,,hele lokaliteten,1818,HERØY I NORDLAND,18,Nordland,65.93428,12.071567,8,Helgeland til Bodø,
32,2018,24115,Singsholmen,ikke-medikamentell,,,,,,deler av lokaliteten,5013,HITRA,50,Trøndelag,63.419617,8.4127,6,Nordmøre og Sør-Trøndelag,
32,2018,22315,Skavhella,ikke-medikamentell,,,,,,hele lokaliteten,1243,OS I HORDALAND,12,Hordaland,60.218933,5.5593,3,Karmøy til Sotra,
32,2018,37797,Skjortneset II,ikke-medikamentell,,,,,,deler av lokaliteten,1526,STORDAL,15,Møre og Romsdal,62.379368,6.889433,5,Stadt til Hustadvika,
32,2018,23695,Skotungneset,ikke-medikamentell,,,,,,hele lokaliteten,1525,STRANDA,15,Møre og Romsdal,62.34895,6.910767,5,Stadt til Hustadvika,
32,2018,20815,Slettvika,ikke-medikamentell,,,,,,hele lokaliteten,1520,ØRSTA,15,Møre og Romsdal,62.334,6.157667,5,Stadt til Hustadvika,
32,2018,35337,Småvær,medikamentell,fôrbehandling,Emamectin benzoat,,,,hele lokaliteten,1902,TROMSØ,19,Troms,69.896866,18.486267,11,Kvaløya til Loppa,
32,2018,29356,Smineset N,ikke-medikamentell,,,,,,deler av lokaliteten,5051,NÆRØY,50,Trøndelag,64.75597,11.54245,7,Nord-Trøndelag med Bindal,
32,2018,15375,Sørøyflesa,ikke-medikamentell,,,,,,deler av lokaliteten,5014,FRØYA,50,Trøndelag,63.98405,9.057067,6,Nordmøre og Sør-Trøndelag,
32,2018,35318,Sortevika,ikke-medikamentell,,,,,,hele lokaliteten,1926,DYRØY,19,Troms,69.0188,17.520067,10,Andøya til Senja,
32,2018,34297,Stabben,medikamentell,fôrbehandling,Emamectin benzoat,,,,hele lokaliteten,1852,TJELDSUND,18,Nordland,68.40072,16.216984,9,Vestfjorden og Vesterålen,
32,2018,13566,Storskrebukti,ikke-medikamentell,,,,,,deler av lokaliteten,1263,LINDÅS,12,Hordaland,60.653732,5.4192,4,Nordhordaland til Stadt,
32,2018,31817,Svartskjær,ikke-medikamentell,,,,,,deler av lokaliteten,1917,IBESTAD,19,Troms,68.71893,16.7745,10,Andøya til Senja,
32,2018,31297,Tortenneset,medikamentell,fôrbehandling,Emamectin benzoat,,,,hele lokaliteten,1805,NARVIK,18,Nordland,68.485916,17.338667,9,Vestfjorden og Vesterålen,
32,2018,24197,Værøya Ø,ikke-medikamentell,,,,,,deler av lokaliteten,5013,HITRA,50,Trøndelag,63.415966,8.483883,6,Nordmøre og Sør-Trøndelag,
32,2018,10091,Vågsøya,ikke-medikamentell,,,,,,deler av lokaliteten,1401,FLORA,14,Sogn og Fjordane,61.490383,5.0247,4,Nordhordaland til Stadt,
31,2018,15196,Aga Ø,ikke-medikamentell,,,,,,deler av lokaliteten,1219,BØMLO,12,Hordaland,59.8451,5.261367,3,Karmøy til Sotra,
31,2018,11793,Ånnaholmane,ikke-medikamentell,,,,,,hele lokaliteten,1428,ASKVOLL,14,Sogn og Fjordane,61.284267,4.725433,4,Nordhordaland til Stadt,
31,2018,25055,Bekksneset,ikke-medikamentell,,,,,,deler av lokaliteten,1413,HYLLESTAD,14,Sogn og Fjordane,61.07662,5.38595,4,Nordhordaland til Stadt,
31,2018,12178,Bjønnspjotneset,ikke-medikamentell,,,,,,deler av lokaliteten,1416,HØYANGER,14,Sogn og Fjordane,61.098083,5.82545,4,Nordhordaland til Stadt,
31,2018,13284,Bollhaugen,medikamentell,fôrbehandling,Emamectin benzoat,,,,deler av lokaliteten,1827,DØNNA,18,Nordland,66.11311,12.487683,8,Helgeland til Bodø,
31,2018,11488,Brattavika,ikke-medikamentell,,,,,,deler av lokaliteten,1244,AUSTEVOLL,12,Hordaland,60.044117,5.303317,3,Karmøy til Sotra,
31,2018,36118,Bremnesøya,medikamentell,fôrbehandling,Annet virkestoff,,,,hele lokaliteten,1870,SORTLAND,18,Nordland,68.82377,15.400217,9,Vestfjorden og Vesterålen,
31,2018,12361,Bukkholmen S,ikke-medikamentell,,,,,,deler av lokaliteten,5014,FRØYA,50,Trøndelag,63.72378,8.8621,6,Nordmøre og Sør-Trøndelag,
31,2018,22035,Buktodden Nø,medikamentell,fôrbehandling,Emamectin benzoat,,,,hele lokaliteten,1833,RANA,18,Nordland,66.30817,13.432333,8,Helgeland til Bodø,
31,2018,32497,Daljorda,medikamentell,fôrbehandling,Annet virkestoff,,,,hele lokaliteten,1870,SORTLAND,18,Nordland,68.697,14.963383,9,Vestfjorden og Vesterålen,
31,2018,32117,Dyrholmen Ø,ikke-medikamentell,,,,,,hele lokaliteten,1222,FITJAR,12,Hordaland,59.9332,5.239467,3,Karmøy til Sotra,
31,2018,12109,Ebne,ikke-medikamentell,,,,,,hele lokaliteten,1211,ETNE,12,Hordaland,59.71443,5.8238,3,Karmøy til Sotra,
31,2018,14041,Edøya,ikke-medikamentell,,,,,,deler av lokaliteten,5013,HITRA,50,Trøndelag,63.65835,8.694417,6,Nordmøre og Sør-Trøndelag,
31,2018,30137,Edøya II,ikke-medikamentell,,,,,,hele lokaliteten,5013,HITRA,50,Trøndelag,63.65805,8.683667,6,Nordmøre og Sør-Trøndelag,
31,2018,15456,Eidesberget,ikke-medikamentell,,,,,,deler av lokaliteten,1416,HØYANGER,14,Sogn og Fjordane,61.105118,5.853883,4,Nordhordaland til Stadt,
31,2018,34717,Eidisholman,medikamentell,fôrbehandling,Emamectin benzoat,,,,hele lokaliteten,1860,VESTVÅGØY,18,Nordland,68.13462,13.867217,9,Vestfjorden og Vesterålen,
31,2018,34717,Eidisholman,medikamentell,fôrbehandling,Emamectin benzoat,,,,hele lokaliteten,1860,VESTVÅGØY,18,Nordland,68.13462,13.867217,9,Vestfjorden og Vesterålen,
31,2018,29537,Eldviktaren,ikke-medikamentell,,,,,,deler av lokaliteten,5049,FLATANGER,50,Trøndelag,64.454636,10.630717,7,Nord-Trøndelag med Bindal,
31,2018,31398,Finnvik,medikamentell,fôrbehandling,Emamectin benzoat,,,,hele lokaliteten,1902,TROMSØ,19,Troms,69.89297,18.807934,11,Kvaløya til Loppa,
31,2018,26775,Fjølværet Ø,ikke-medikamentell,,,,,,deler av lokaliteten,5014,FRØYA,50,Trøndelag,63.819233,8.636133,6,Nordmøre og Sør-Trøndelag,
31,2018,33697,Forrahammaren,ikke-medikamentell,,,,,,deler av lokaliteten,5012,SNILLFJORD,50,Trøndelag,63.350433,9.23325,6,Nordmøre og Sør-Trøndelag,
31,2018,11193,Gamskjæran,medikamentell,fôrbehandling,Emamectin benzoat,,,,hele lokaliteten,1860,VESTVÅGØY,18,Nordland,68.11055,13.74305,9,Vestfjorden og Vesterålen,
31,2018,11193,Gamskjæran,medikamentell,fôrbehandling,Emamectin benzoat,,,,hele lokaliteten,1860,VESTVÅGØY,18,Nordland,68.11055,13.74305,9,Vestfjorden og Vesterålen,
31,2018,32917,Gregusvika,ikke-medikamentell,,,,,,deler av lokaliteten,1917,IBESTAD,19,Troms,68.81875,17.34635,10,Andøya til Senja,
31,2018,36737,Hallsteinhamn I,ikke-medikamentell,,,,,,hele lokaliteten,1804,BODØ,18,Nordland,67.44185,14.71595,9,Vestfjorden og Vesterålen,
31,2018,36937,Hallvardsøya,ikke-medikamentell,,,,,,deler av lokaliteten,1927,TRANØY,19,Troms,69.15137,16.906532,10,Andøya til Senja,
31,2018,13592,Hammer,medikamentell,fôrbehandling,Emamectin benzoat,,,,hele lokaliteten,1848,STEIGEN,18,Nordland,67.95877,15.171667,9,Vestfjorden og Vesterålen,
31,2018,30257,Hausan,ikke-medikamentell,,,,,,hele lokaliteten,5011,HEMNE,50,Trøndelag,63.458317,8.955683,6,Nordmøre og Sør-Trøndelag,
31,2018,11740,Haverøy,ikke-medikamentell,,,,,,deler av lokaliteten,1246,FJELL,12,Hordaland,60.404766,4.93995,3,Karmøy til Sotra,
31,2018,30897,Havsundet,medikamentell,fôrbehandling,Emamectin benzoat,,,,hele lokaliteten,5017,BJUGN,50,Trøndelag,63.79933,9.440483,6,Nordmøre og Sør-Trøndelag,
31,2018,14679,Hellfjorden,medikamentell,fôrbehandling,Emamectin benzoat,,,,hele lokaliteten,1867,BØ I NORDLAND,18,Nordland,68.66825,14.80025,9,Vestfjorden og Vesterålen,
31,2018,12036,Hisdalen,ikke-medikamentell,,,,,,hele lokaliteten,1224,KVINNHERAD,12,Hordaland,60.126118,5.9305,3,Karmøy til Sotra,
31,2018,33218,Hosenøyan,ikke-medikamentell,,,,,,deler av lokaliteten,5018,ÅFJORD,50,Trøndelag,64.08518,9.884683,6,Nordmøre og Sør-Trøndelag,
31,2018,11405,Innerbrokløysa,ikke-medikamentell,,,,,,hele lokaliteten,1870,SORTLAND,18,Nordland,68.630714,15.483317,9,Vestfjorden og Vesterålen,
31,2018,34797,Kalvhagan II,medikamentell,fôrbehandling,Emamectin benzoat,,,,hele lokaliteten,5051,NÆRØY,50,Trøndelag,64.95078,12.0567,7,Nord-Trøndelag med Bindal,
31,2018,11689,Kjerringneset,ikke-medikamentell,,,,,,hele lokaliteten,1411,GULEN,14,Sogn og Fjordane,60.960182,5.106783,4,Nordhordaland til Stadt,
31,2018,15860,Kvenbukta V,medikamentell,badebehandling,Annet virkestoff,,,,hele lokaliteten,1928,TORSKEN,19,Troms,69.23299,17.089417,10,Andøya til Senja,
31,2018,11116,Langholmen,ikke-medikamentell,,,,,,deler av lokaliteten,1838,GILDESKÅL,18,Nordland,67.05783,14.025333,8,Helgeland til Bodø,
31,2018,11350,Lavika,medikamentell,badebehandling,Annet virkestoff,,,,hele lokaliteten,1928,TORSKEN,19,Troms,69.25753,17.0887,10,Andøya til Senja,
31,2018,23056,Lekangsund II,medikamentell,fôrbehandling,Emamectin benzoat,,,,hele lokaliteten,1927,TRANØY,19,Troms,69.03788,17.264183,10,Andøya til Senja,
31,2018,13549,Løypingneset,ikke-medikamentell,,,,,,hele lokaliteten,1438,BREMANGER,14,Sogn og Fjordane,61.82007,5.247533,4,Nordhordaland til Stadt,
31,2018,10375,Nord Leksa,medikamentell,fôrbehandling,Emamectin benzoat,,,,deler av lokaliteten,5016,AGDENES,50,Trøndelag,63.589367,9.409217,6,Nordmøre og Sør-Trøndelag,
31,2018,10375,Nord Leksa,ikke-medikamentell,,,,,,deler av lokaliteten,5016,AGDENES,50,Trøndelag,63.589367,9.409217,6,Nordmøre og Sør-Trøndelag,
31,2018,31697,Oksen,ikke-medikamentell,,,,,,deler av lokaliteten,1246,FJELL,12,Hordaland,60.4336,4.940617,3,Karmøy til Sotra,
31,2018,12383,Omsøyholman,ikke-medikamentell,,,,,,deler av lokaliteten,5013,HITRA,50,Trøndelag,63.631966,8.575567,6,Nordmøre og Sør-Trøndelag,
31,2018,10197,Opshaugvik,ikke-medikamentell,,,,,,hele lokaliteten,1525,STRANDA,15,Møre og Romsdal,62.28765,6.990333,5,Stadt til Hustadvika,
31,2018,31959,Rataren II,ikke-medikamentell,,,,,,deler av lokaliteten,5014,FRØYA,50,Trøndelag,63.782383,8.52635,6,Nordmøre og Sør-Trøndelag,
31,2018,33477,Reinsnesøya,medikamentell,fôrbehandling,Annet virkestoff,,,,hele lokaliteten,1870,SORTLAND,18,Nordland,68.772835,15.446583,9,Vestfjorden og Vesterålen,
31,2018,10086,Rekeviki,ikke-medikamentell,,,,,,deler av lokaliteten,1263,LINDÅS,12,Hordaland,60.723415,5.328583,4,Nordhordaland til Stadt,
31,2018,11413,Sandan Sø,medikamentell,fôrbehandling,Annet virkestoff,,,,hele lokaliteten,1868,ØKSNES,18,Nordland,68.88583,15.314567,9,Vestfjorden og Vesterålen,
31,2018,19135,Sandøya III,ikke-medikamentell,,,,,,deler av lokaliteten,5019,ROAN,50,Trøndelag,64.243385,10.26445,6,Nordmøre og Sør-Trøndelag,
31,2018,10398,Seiskjæra,medikamentell,fôrbehandling,Emamectin benzoat,,,,deler av lokaliteten,5018,ÅFJORD,50,Trøndelag,64.09225,10.115983,6,Nordmøre og Sør-Trøndelag,
31,2018,37857,Seiskjæret,medikamentell,fôrbehandling,Emamectin benzoat,,,,hele lokaliteten,1818,HERØY I NORDLAND,18,Nordland,65.93428,12.071567,8,Helgeland til Bodø,
31,2018,24115,Singsholmen,ikke-medikamentell,,,,,,deler av lokaliteten,5013,HITRA,50,Trøndelag,63.419617,8.4127,6,Nordmøre og Sør-Trøndelag,
31,2018,11357,Skarvberget,ikke-medikamentell,,,,,,deler av lokaliteten,1927,TRANØY,19,Troms,69.14665,17.010267,10,Andøya til Senja,
31,2018,27436,Solværet,ikke-medikamentell,,,,,,deler av lokaliteten,1573,SMØLA,15,Møre og Romsdal,63.255,7.856933,6,Nordmøre og Sør-Trøndelag,
31,2018,36017,Sørværet,ikke-medikamentell,,,,,,deler av lokaliteten,1818,HERØY I NORDLAND,18,Nordland,65.88035,11.93045,8,Helgeland til Bodø,
31,2018,13708,Steinvik,ikke-medikamentell,,,,,,deler av lokaliteten,1401,FLORA,14,Sogn og Fjordane,61.565266,5.31025,4,Nordhordaland til Stadt,
31,2018,19015,Stokkvika,ikke-medikamentell,,,,,,deler av lokaliteten,5011,HEMNE,50,Trøndelag,63.333534,9.180583,6,Nordmøre og Sør-Trøndelag,
31,2018,10974,Store Bukkøy N,medikamentell,fôrbehandling,Emamectin benzoat,,,,hele lokaliteten,1834,LURØY,18,Nordland,66.40135,12.420717,8,Helgeland til Bodø,
31,2018,19016,Storskogøya,ikke-medikamentell,,,,,,deler av lokaliteten,5012,SNILLFJORD,50,Trøndelag,63.506065,9.19075,6,Nordmøre og Sør-Trøndelag,
31,2018,10309,Syrtangen,ikke-medikamentell,,,,,,deler av lokaliteten,1259,ØYGARDEN,12,Hordaland,60.46773,4.968667,4,Nordhordaland til Stadt,
31,2018,12662,Ternskjæret II,ikke-medikamentell,,,,,,hele lokaliteten,5051,NÆRØY,50,Trøndelag,64.77713,11.639767,7,Nord-Trøndelag med Bindal,
31,2018,26055,Toppsund Ø,medikamentell,fôrbehandling,Emamectin benzoat,,,,hele lokaliteten,1903,HARSTAD,19,Troms,68.863716,16.403032,10,Andøya til Senja,
31,2018,30236,Toppsund V,medikamentell,fôrbehandling,Emamectin benzoat,,,,hele lokaliteten,1903,HARSTAD,19,Troms,68.91164,16.2927,10,Andøya til Senja,
31,2018,30177,Torgerhaugen,medikamentell,fôrbehandling,Emamectin benzoat,,,,hele lokaliteten,5051,NÆRØY,50,Trøndelag,64.89295,11.763017,7,Nord-Trøndelag med Bindal,
31,2018,13562,Uføro,ikke-medikamentell,,,,,,hele lokaliteten,1221,STORD,12,Hordaland,59.87835,5.526917,3,Karmøy til Sotra,
31,2018,31557,Valøyan,ikke-medikamentell,,,,,,deler av lokaliteten,5014,FRØYA,50,Trøndelag,63.81735,8.462483,6,Nordmøre og Sør-Trøndelag,
31,2018,12678,Vedøya,ikke-medikamentell,,,,,,deler av lokaliteten,5048,FOSNES,50,Trøndelag,64.60743,11.354817,7,Nord-Trøndelag med Bindal,
30,2018,15196,Aga Ø,ikke-medikamentell,,,,,,deler av lokaliteten,1219,BØMLO,12,Hordaland,59.8451,5.261367,3,Karmøy til Sotra,
30,2018,12357,Aursøysva,medikamentell,fôrbehandling,Emamectin benzoat,,,,hele lokaliteten,5014,FRØYA,50,Trøndelag,63.801968,8.910767,6,Nordmøre og Sør-Trøndelag,
30,2018,25055,Bekksneset,ikke-medikamentell,,,,,,deler av lokaliteten,1413,HYLLESTAD,14,Sogn og Fjordane,61.07662,5.38595,4,Nordhordaland til Stadt,
30,2018,23436,Bjørnholmen,ikke-medikamentell,,,,,,deler av lokaliteten,1412,SOLUND,14,Sogn og Fjordane,61.20635,4.938083,4,Nordhordaland til Stadt,
30,2018,34897,Brandsfjorden,ikke-medikamentell,,,,,,deler av lokaliteten,5019,ROAN,50,Trøndelag,64.22307,10.279933,6,Nordmøre og Sør-Trøndelag,
30,2018,11574,Breivik S,ikke-medikamentell,,,,,,hele lokaliteten,1219,BØMLO,12,Hordaland,59.671185,5.31215,3,Karmøy til Sotra,
30,2018,22035,Buktodden Nø,medikamentell,fôrbehandling,Emamectin benzoat,,,,hele lokaliteten,1833,RANA,18,Nordland,66.30817,13.432333,8,Helgeland til Bodø,
30,2018,10110,Djupevik,ikke-medikamentell,,,,,,deler av lokaliteten,1141,FINNØY,11,Rogaland,59.1474,5.863783,2,Ryfylke,
30,2018,32197,Dryna,ikke-medikamentell,,,,,,deler av lokaliteten,1545,MIDSUND,15,Møre og Romsdal,62.6444,6.5568,5,Stadt til Hustadvika,
30,2018,30137,Edøya II,ikke-medikamentell,,,,,,deler av lokaliteten,5013,HITRA,50,Trøndelag,63.65805,8.683667,6,Nordmøre og Sør-Trøndelag,
30,2018,34717,Eidisholman,medikamentell,fôrbehandling,Emamectin benzoat,,,,hele lokaliteten,1860,VESTVÅGØY,18,Nordland,68.13462,13.867217,9,Vestfjorden og Vesterålen,
30,2018,34717,Eidisholman,medikamentell,fôrbehandling,Emamectin benzoat,,,,hele lokaliteten,1860,VESTVÅGØY,18,Nordland,68.13462,13.867217,9,Vestfjorden og Vesterålen,
30,2018,32677,Espnestaren,ikke-medikamentell,,,,,,deler av lokaliteten,5014,FRØYA,50,Trøndelag,63.678017,8.66685,6,Nordmøre og Sør-Trøndelag,
30,2018,31398,Finnvik,medikamentell,fôrbehandling,Emamectin benzoat,,,,hele lokaliteten,1902,TROMSØ,19,Troms,69.89297,18.807934,11,Kvaløya til Loppa,
30,2018,16939,Fornes,medikamentell,fôrbehandling,Emamectin benzoat,,,,hele lokaliteten,1851,LØDINGEN,18,Nordland,68.410484,15.435433,9,Vestfjorden og Vesterålen,
30,2018,33697,Forrahammaren,ikke-medikamentell,,,,,,deler av lokaliteten,5012,SNILLFJORD,50,Trøndelag,63.350433,9.23325,6,Nordmøre og Sør-Trøndelag,
30,2018,19115,Fugløya S,ikke-medikamentell,,,,,,deler av lokaliteten,5012,SNILLFJORD,50,Trøndelag,63.460682,9.1444,6,Nordmøre og Sør-Trøndelag,
30,2018,11193,Gamskjæran,medikamentell,fôrbehandling,Emamectin benzoat,,,,hele lokaliteten,1860,VESTVÅGØY,18,Nordland,68.11055,13.74305,9,Vestfjorden og Vesterålen,
30,2018,11193,Gamskjæran,medikamentell,fôrbehandling,Emamectin benzoat,,,,hele lokaliteten,1860,VESTVÅGØY,18,Nordland,68.11055,13.74305,9,Vestfjorden og Vesterålen,
30,2018,24196,Gjelsøya,ikke-medikamentell,,,,,,deler av lokaliteten,5013,HITRA,50,Trøndelag,63.48245,8.27885,6,Nordmøre og Sør-Trøndelag,
30,2018,10324,Gjerdeviksflua,ikke-medikamentell,,,,,,deler av lokaliteten,1241,FUSA,12,Hordaland,60.223083,5.641167,3,Karmøy til Sotra,
30,2018,12435,Grøttingsøy,ikke-medikamentell,,,,,,deler av lokaliteten,5014,FRØYA,50,Trøndelag,63.879684,8.543767,6,Nordmøre og Sør-Trøndelag,
30,2018,33597,Grytøyraholmen,ikke-medikamentell,,,,,,deler av lokaliteten,1429,FJALER,14,Sogn og Fjordane,61.29278,5.014117,4,Nordhordaland til Stadt,
30,2018,12789,Gunnarøya,ikke-medikamentell,,,,,,deler av lokaliteten,5012,SNILLFJORD,50,Trøndelag,63.569485,9.467983,6,Nordmøre og Sør-Trøndelag,
30,2018,11318,Hallvardøy,medikamentell,fôrbehandling,Emamectin benzoat,,,,hele lokaliteten,1851,LØDINGEN,18,Nordland,68.37497,15.317333,9,Vestfjorden og Vesterålen,
30,2018,13592,Hammer,medikamentell,fôrbehandling,Emamectin benzoat,,,,hele lokaliteten,1848,STEIGEN,18,Nordland,67.95877,15.171667,9,Vestfjorden og Vesterålen,
30,2018,30897,Havsundet,medikamentell,fôrbehandling,Emamectin benzoat,,,,hele lokaliteten,5017,BJUGN,50,Trøndelag,63.79933,9.440483,6,Nordmøre og Sør-Trøndelag,
30,2018,14679,Hellfjorden,medikamentell,fôrbehandling,Emamectin benzoat,,,,hele lokaliteten,1867,BØ I NORDLAND,18,Nordland,68.66825,14.80025,9,Vestfjorden og Vesterålen,
30,2018,13931,Hjartøy Ø,medikamentell,fôrbehandling,Emamectin benzoat,,,,deler av lokaliteten,1848,STEIGEN,18,Nordland,67.6562,15.118567,9,Vestfjorden og Vesterålen,
30,2018,33957,Hofsøya,ikke-medikamentell,,,,,,deler av lokaliteten,5014,FRØYA,50,Trøndelag,63.722168,8.913317,6,Nordmøre og Sør-Trøndelag,
30,2018,12260,Juvika,ikke-medikamentell,,,,,,deler av lokaliteten,1545,MIDSUND,15,Møre og Romsdal,62.66477,6.696767,5,Stadt til Hustadvika,
30,2018,34797,Kalvhagan II,medikamentell,fôrbehandling,Emamectin benzoat,,,,hele lokaliteten,5051,NÆRØY,50,Trøndelag,64.95078,12.0567,7,Nord-Trøndelag med Bindal,
30,2018,28976,Kelvesteinen,ikke-medikamentell,,,,,,deler av lokaliteten,1246,FJELL,12,Hordaland,60.4029,5.063717,3,Karmøy til Sotra,
30,2018,26135,Kjørsvikgrunn,ikke-medikamentell,,,,,,deler av lokaliteten,5011,HEMNE,50,Trøndelag,63.457565,9.076,6,Nordmøre og Sør-Trøndelag,
30,2018,21337,Kveitholmen,ikke-medikamentell,,,,,,deler av lokaliteten,1834,LURØY,18,Nordland,66.3242,12.647583,8,Helgeland til Bodø,
30,2018,11775,Kviteskjeret,ikke-medikamentell,,,,,,hele lokaliteten,1428,ASKVOLL,14,Sogn og Fjordane,61.467815,5.2203,4,Nordhordaland til Stadt,
30,2018,13234,Kysnes,ikke-medikamentell,,,,,,hele lokaliteten,1227,JONDAL,12,Hordaland,60.19877,6.09685,3,Karmøy til Sotra,
30,2018,24715,Langholmen,ikke-medikamentell,,,,,,deler av lokaliteten,1141,FINNØY,11,Rogaland,59.097282,5.835917,2,Ryfylke,
30,2018,11438,Lauplandsholmen,ikke-medikamentell,,,,,,deler av lokaliteten,1145,BOKN,11,Rogaland,59.179733,5.472633,2,Ryfylke,
30,2018,23056,Lekangsund II,medikamentell,fôrbehandling,Emamectin benzoat,,,,hele lokaliteten,1927,TRANØY,19,Troms,69.03788,17.264183,10,Andøya til Senja,
30,2018,12370,Måøydraga,ikke-medikamentell,,,,,,deler av lokaliteten,5014,FRØYA,50,Trøndelag,63.676434,8.757283,6,Nordmøre og Sør-Trøndelag,
30,2018,11807,Marøytåa,ikke-medikamentell,,,,,,deler av lokaliteten,1401,FLORA,14,Sogn og Fjordane,61.506767,5.118367,4,Nordhordaland til Stadt,
30,2018,10375,Nord Leksa,ikke-medikamentell,,,,,,deler av lokaliteten,5016,AGDENES,50,Trøndelag,63.589367,9.409217,6,Nordmøre og Sør-Trøndelag,
30,2018,26315,Nordgjæslingan,ikke-medikamentell,,,,,,hele lokaliteten,5050,VIKNA,50,Trøndelag,64.7659,10.9128,7,Nord-Trøndelag med Bindal,
30,2018,11908,Oltesvik,ikke-medikamentell,,,,,,hele lokaliteten,1122,GJESDAL,11,Rogaland,58.854916,6.124417,2,Ryfylke,
30,2018,12383,Omsøyholman,ikke-medikamentell,,,,,,deler av lokaliteten,5013,HITRA,50,Trøndelag,63.631966,8.575567,6,Nordmøre og Sør-Trøndelag,
30,2018,10197,Opshaugvik,ikke-medikamentell,,,,,,hele lokaliteten,1525,STRANDA,15,Møre og Romsdal,62.28765,6.990333,5,Stadt til Hustadvika,
30,2018,19655,Ospeneset,ikke-medikamentell,,,,,,hele lokaliteten,1263,LINDÅS,12,Hordaland,60.74687,5.268483,4,Nordhordaland til Stadt,
30,2018,11688,Portevika,ikke-medikamentell,,,,,,hele lokaliteten,1413,HYLLESTAD,14,Sogn og Fjordane,61.18885,5.090017,4,Nordhordaland til Stadt,
30,2018,13249,Sagelva,ikke-medikamentell,,,,,,hele lokaliteten,1520,ØRSTA,15,Møre og Romsdal,62.33795,6.3815,5,Stadt til Hustadvika,
30,2018,19135,Sandøya III,ikke-medikamentell,,,,,,deler av lokaliteten,5019,ROAN,50,Trøndelag,64.243385,10.26445,6,Nordmøre og Sør-Trøndelag,
30,2018,36517,Selsøyvær,ikke-medikamentell,,,,,,deler av lokaliteten,1836,RØDØY,18,Nordland,66.5896,12.84965,8,Helgeland til Bodø,
30,2018,24115,Singsholmen,ikke-medikamentell,,,,,,deler av lokaliteten,5013,HITRA,50,Trøndelag,63.41975,8.411617,6,Nordmøre og Sør-Trøndelag,
30,2018,37797,Skjortneset II,ikke-medikamentell,,,,,,hele lokaliteten,1526,STORDAL,15,Møre og Romsdal,62.379368,6.889433,5,Stadt til Hustadvika,
30,2018,23695,Skotungneset,ikke-medikamentell,,,,,,hele lokaliteten,1525,STRANDA,15,Møre og Romsdal,62.34895,6.910767,5,Stadt til Hustadvika,
30,2018,11605,Soløy Ø,ikke-medikamentell,,,,,,deler av lokaliteten,1222,FITJAR,12,Hordaland,59.90708,5.159833,3,Karmøy til Sotra,
30,2018,27436,Solværet,ikke-medikamentell,,,,,,deler av lokaliteten,1573,SMØLA,15,Møre og Romsdal,63.255,7.856933,6,Nordmøre og Sør-Trøndelag,
30,2018,10417,Storbukta,medikamentell,fôrbehandling,Emamectin benzoat,,,,hele lokaliteten,5051,NÆRØY,50,Trøndelag,64.9591,11.6157,7,Nord-Trøndelag med Bindal,
30,2018,19016,Storskogøya,ikke-medikamentell,,,,,,deler av lokaliteten,5012,SNILLFJORD,50,Trøndelag,63.506065,9.19075,6,Nordmøre og Sør-Trøndelag,
30,2018,12081,Straumneset,ikke-medikamentell,,,,,,deler av lokaliteten,1227,JONDAL,12,Hordaland,60.220966,6.139567,3,Karmøy til Sotra,
30,2018,12449,Tennøya,ikke-medikamentell,,,,,,deler av lokaliteten,5014,FRØYA,50,Trøndelag,63.805035,8.4444,6,Nordmøre og Sør-Trøndelag,
30,2018,26055,Toppsund Ø,medikamentell,fôrbehandling,Emamectin benzoat,,,,hele lokaliteten,1903,HARSTAD,19,Troms,68.863716,16.403032,10,Andøya til Senja,
30,2018,30236,Toppsund V,medikamentell,fôrbehandling,Emamectin benzoat,,,,hele lokaliteten,1903,HARSTAD,19,Troms,68.91164,16.2927,10,Andøya til Senja,
30,2018,30177,Torgerhaugen,medikamentell,fôrbehandling,Emamectin benzoat,,,,hele lokaliteten,5051,NÆRØY,50,Trøndelag,64.89295,11.763017,7,Nord-Trøndelag med Bindal,
30,2018,33677,Torvund,ikke-medikamentell,,,,,,deler av lokaliteten,1416,HØYANGER,14,Sogn og Fjordane,61.14467,5.656367,4,Nordhordaland til Stadt,
30,2018,14081,Tveit,ikke-medikamentell,,,,,,deler av lokaliteten,1413,HYLLESTAD,14,Sogn og Fjordane,61.110085,5.340483,4,Nordhordaland til Stadt,
30,2018,24197,Værøya Ø,ikke-medikamentell,,,,,,deler av lokaliteten,5013,HITRA,50,Trøndelag,63.415966,8.483883,6,Nordmøre og Sør-Trøndelag,
30,2018,10091,Vågsøya,ikke-medikamentell,,,,,,hele lokaliteten,1401,FLORA,14,Sogn og Fjordane,61.490383,5.0247,4,Nordhordaland til Stadt,
30,2018,32337,Veiesund,ikke-medikamentell,,,,,,hele lokaliteten,1401,FLORA,14,Sogn og Fjordane,61.57187,5.047283,4,Nordhordaland til Stadt,
30,2018,12839,Vindsnes,medikamentell,fôrbehandling,Emamectin benzoat,,,,hele lokaliteten,1524,NORDDAL,15,Møre og Romsdal,62.28505,7.279633,5,Stadt til Hustadvika,
29,2018,11574,Breivik S,ikke-medikamentell,,,,,,deler av lokaliteten,1219,BØMLO,12,Hordaland,59.671185,5.31215,3,Karmøy til Sotra,
29,2018,10223,Bremnessvaet,medikamentell,fôrbehandling,Emamectin benzoat,,,,deler av lokaliteten,1573,SMØLA,15,Møre og Romsdal,63.39795,8.214317,6,Nordmøre og Sør-Trøndelag,
29,2018,27976,Bukkholmen,ikke-medikamentell,,,,,,deler av lokaliteten,1820,ALSTAHAUG,18,Nordland,65.918816,12.24605,8,Helgeland til Bodø,
29,2018,12007,Dale II,ikke-medikamentell,,,,,,deler av lokaliteten,1142,RENNESØY,11,Rogaland,59.08215,5.71055,2,Ryfylke,
29,2018,11076,Digermulen,ikke-medikamentell,,,,,,hele lokaliteten,1836,RØDØY,18,Nordland,66.67648,13.316867,8,Helgeland til Bodø,
29,2018,13229,Djupedalen,ikke-medikamentell,,,,,,hele lokaliteten,1241,FUSA,12,Hordaland,60.230865,5.6733,3,Karmøy til Sotra,
29,2018,36917,Drevflesa,ikke-medikamentell,,,,,,hele lokaliteten,5019,ROAN,50,Trøndelag,64.21093,10.115183,6,Nordmøre og Sør-Trøndelag,
29,2018,14041,Edøya,ikke-medikamentell,,,,,,deler av lokaliteten,5013,HITRA,50,Trøndelag,63.65835,8.694417,6,Nordmøre og Sør-Trøndelag,
29,2018,30137,Edøya II,ikke-medikamentell,,,,,,deler av lokaliteten,5013,HITRA,50,Trøndelag,63.65805,8.683667,6,Nordmøre og Sør-Trøndelag,
29,2018,24575,Farmannsøya,ikke-medikamentell,,,,,,deler av lokaliteten,5019,ROAN,50,Trøndelag,64.18452,10.1222,6,Nordmøre og Sør-Trøndelag,
29,2018,31398,Finnvik,medikamentell,fôrbehandling,Emamectin benzoat,,,,hele lokaliteten,1902,TROMSØ,19,Troms,69.89297,18.807934,11,Kvaløya til Loppa,
29,2018,31398,Finnvik,medikamentell,fôrbehandling,Emamectin benzoat,,,,hele lokaliteten,1902,TROMSØ,19,Troms,69.89297,18.807934,11,Kvaløya til Loppa,
29,2018,31398,Finnvik,medikamentell,fôrbehandling,Emamectin benzoat,,,,hele lokaliteten,1902,TROMSØ,19,Troms,69.89297,18.807934,11,Kvaløya til Loppa,
29,2018,16939,Fornes,medikamentell,fôrbehandling,Emamectin benzoat,,,,hele lokaliteten,1851,LØDINGEN,18,Nordland,68.410484,15.435433,9,Vestfjorden og Vesterålen,
29,2018,19115,Fugløya S,ikke-medikamentell,,,,,,deler av lokaliteten,5012,SNILLFJORD,50,Trøndelag,63.460682,9.1444,6,Nordmøre og Sør-Trøndelag,
29,2018,25695,Gjerde,ikke-medikamentell,,,,,,hele lokaliteten,1516,ULSTEIN,15,Møre og Romsdal,62.259983,5.929183,5,Stadt til Hustadvika,
29,2018,12714,Gjerdinga,medikamentell,fôrbehandling,Emamectin benzoat,,,,hele lokaliteten,5051,NÆRØY,50,Trøndelag,64.9464,11.4623,7,Nord-Trøndelag med Bindal,
29,2018,12435,Grøttingsøy,ikke-medikamentell,,,,,,deler av lokaliteten,5014,FRØYA,50,Trøndelag,63.879684,8.543767,6,Nordmøre og Sør-Trøndelag,
29,2018,12789,Gunnarøya,ikke-medikamentell,,,,,,deler av lokaliteten,5012,SNILLFJORD,50,Trøndelag,63.569485,9.467983,6,Nordmøre og Sør-Trøndelag,
29,2018,36737,Hallsteinhamn I,ikke-medikamentell,,,,,,deler av lokaliteten,1804,BODØ,18,Nordland,67.44185,14.71595,9,Vestfjorden og Vesterålen,
29,2018,11318,Hallvardøy,medikamentell,fôrbehandling,Emamectin benzoat,,,,hele lokaliteten,1851,LØDINGEN,18,Nordland,68.37497,15.317333,9,Vestfjorden og Vesterålen,
29,2018,11740,Haverøy,ikke-medikamentell,,,,,,deler av lokaliteten,1246,FJELL,12,Hordaland,60.404766,4.93995,3,Karmøy til Sotra,
29,2018,33797,Hidlekjerringa,ikke-medikamentell,,,,,,hele lokaliteten,1130,STRAND,11,Rogaland,59.067284,5.839383,2,Ryfylke,
29,2018,34017,Hilbåan,ikke-medikamentell,,,,,,deler av lokaliteten,5013,HITRA,50,Trøndelag,63.6686,8.844717,6,Nordmøre og Sør-Trøndelag,
29,2018,13931,Hjartøy Ø,medikamentell,fôrbehandling,Emamectin benzoat,,,,deler av lokaliteten,1848,STEIGEN,18,Nordland,67.6562,15.118567,9,Vestfjorden og Vesterålen,
29,2018,12035,Hondskår,ikke-medikamentell,,,,,,hele lokaliteten,1224,KVINNHERAD,12,Hordaland,60.10687,5.939133,3,Karmøy til Sotra,
29,2018,29576,Kalvik,medikamentell,fôrbehandling,Emamectin benzoat,,,,deler av lokaliteten,1845,SØRFOLD,18,Nordland,67.51317,15.570433,9,Vestfjorden og Vesterålen,
29,2018,28976,Kelvesteinen,ikke-medikamentell,,,,,,deler av lokaliteten,1246,FJELL,12,Hordaland,60.4029,5.063717,3,Karmøy til Sotra,
29,2018,13339,Klungervikneset,ikke-medikamentell,,,,,,hele lokaliteten,1219,BØMLO,12,Hordaland,59.74668,5.3424,3,Karmøy til Sotra,
29,2018,11074,Kvalvika,ikke-medikamentell,,,,,,hele lokaliteten,1836,RØDØY,18,Nordland,66.66908,13.391633,8,Helgeland til Bodø,
29,2018,30216,Kvitfloget,medikamentell,fôrbehandling,Emamectin benzoat,,,,hele lokaliteten,1927,TRANØY,19,Troms,69.14508,17.6465,10,Andøya til Senja,
29,2018,11116,Langholmen,ikke-medikamentell,,,,,,deler av lokaliteten,1838,GILDESKÅL,18,Nordland,67.05783,14.025333,8,Helgeland til Bodø,
29,2018,26295,Langøy,ikke-medikamentell,,,,,,hele lokaliteten,1263,LINDÅS,12,Hordaland,60.77947,5.16,4,Nordhordaland til Stadt,
29,2018,11438,Lauplandsholmen,ikke-medikamentell,,,,,,deler av lokaliteten,1145,BOKN,11,Rogaland,59.179733,5.472633,2,Ryfylke,
29,2018,23056,Lekangsund II,medikamentell,fôrbehandling,Emamectin benzoat,,,,hele lokaliteten,1927,TRANØY,19,Troms,69.03788,17.264183,10,Andøya til Senja,
29,2018,23056,Lekangsund II,medikamentell,fôrbehandling,Emamectin benzoat,,,,hele lokaliteten,1927,TRANØY,19,Troms,69.03788,17.264183,10,Andøya til Senja,
29,2018,23056,Lekangsund II,medikamentell,fôrbehandling,Emamectin benzoat,,,,hele lokaliteten,1927,TRANØY,19,Troms,69.03788,17.264183,10,Andøya til Senja,
29,2018,28996,Loddetå,ikke-medikamentell,,,,,,deler av lokaliteten,1216,SVEIO,12,Hordaland,59.691643,5.54298,3,Karmøy til Sotra,
29,2018,10232,Mannbruholmen,ikke-medikamentell,,,,,,deler av lokaliteten,5014,FRØYA,50,Trøndelag,63.8473,8.53675,6,Nordmøre og Sør-Trøndelag,
29,2018,12134,Maradalen,ikke-medikamentell,,,,,,hele lokaliteten,1224,KVINNHERAD,12,Hordaland,59.76077,5.686767,3,Karmøy til Sotra,
29,2018,11807,Marøytåa,ikke-medikamentell,,,,,,deler av lokaliteten,1401,FLORA,14,Sogn og Fjordane,61.506767,5.118367,4,Nordhordaland til Stadt,
29,2018,37057,Mjøsund Vest,ikke-medikamentell,,,,,,hele lokaliteten,1917,IBESTAD,19,Troms,68.90805,17.407818,10,Andøya til Senja,
29,2018,10375,Nord Leksa,ikke-medikamentell,,,,,,deler av lokaliteten,5016,AGDENES,50,Trøndelag,63.589367,9.409217,6,Nordmøre og Sør-Trøndelag,
29,2018,11129,Nordfugløy,ikke-medikamentell,,,,,,deler av lokaliteten,1838,GILDESKÅL,18,Nordland,67.083916,13.85685,8,Helgeland til Bodø,
29,2018,26315,Nordgjæslingan,ikke-medikamentell,,,,,,hele lokaliteten,5050,VIKNA,50,Trøndelag,64.7659,10.9128,7,Nord-Trøndelag med Bindal,
29,2018,33937,Nørholmen,medikamentell,fôrbehandling,Emamectin benzoat,,,,deler av lokaliteten,1573,SMØLA,15,Møre og Romsdal,63.338917,8.2718,6,Nordmøre og Sør-Trøndelag,
29,2018,11320,Oksøy,ikke-medikamentell,,,,,,deler av lokaliteten,1848,STEIGEN,18,Nordland,67.97493,15.310767,9,Vestfjorden og Vesterålen,
29,2018,17357,Rennaren,ikke-medikamentell,,,,,,deler av lokaliteten,1142,RENNESØY,11,Rogaland,59.131584,5.72165,2,Ryfylke,
29,2018,12784,Ringholmen,ikke-medikamentell,,,,,,deler av lokaliteten,5012,SNILLFJORD,50,Trøndelag,63.56,9.41005,6,Nordmøre og Sør-Trøndelag,
29,2018,12973,Saltkjelen I,ikke-medikamentell,,,,,,deler av lokaliteten,1238,KVAM,12,Hordaland,60.31815,6.183183,3,Karmøy til Sotra,
29,2018,19135,Sandøya III,ikke-medikamentell,,,,,,deler av lokaliteten,5019,ROAN,50,Trøndelag,64.243385,10.26445,6,Nordmøre og Sør-Trøndelag,
29,2018,37857,Seiskjæret,ikke-medikamentell,,,,,,deler av lokaliteten,1818,HERØY I NORDLAND,18,Nordland,65.93428,12.071567,8,Helgeland til Bodø,
29,2018,22315,Skavhella,ikke-medikamentell,,,,,,hele lokaliteten,1243,OS I HORDALAND,12,Hordaland,60.218933,5.5593,3,Karmøy til Sotra,
29,2018,37797,Skjortneset II,ikke-medikamentell,,,,,,deler av lokaliteten,1526,STORDAL,15,Møre og Romsdal,62.379368,6.889433,5,Stadt til Hustadvika,
29,2018,12192,Skorva,ikke-medikamentell,,,,,,hele lokaliteten,1428,ASKVOLL,14,Sogn og Fjordane,61.467117,5.3136,4,Nordhordaland til Stadt,
29,2018,20815,Slettvika,medikamentell,fôrbehandling,Emamectin benzoat,,,,hele lokaliteten,1520,ØRSTA,15,Møre og Romsdal,62.334,6.157667,5,Stadt til Hustadvika,
29,2018,19015,Stokkvika,ikke-medikamentell,,,,,,deler av lokaliteten,5011,HEMNE,50,Trøndelag,63.333534,9.180583,6,Nordmøre og Sør-Trøndelag,
29,2018,10417,Storbukta,medikamentell,fôrbehandling,Emamectin benzoat,,,,hele lokaliteten,5051,NÆRØY,50,Trøndelag,64.9591,11.6157,7,Nord-Trøndelag med Bindal,
29,2018,11971,Store Teistholmen Ø,ikke-medikamentell,,,,,,deler av lokaliteten,1102,SANDNES,11,Rogaland,58.97685,5.867383,2,Ryfylke,
29,2018,10311,Storlia,ikke-medikamentell,,,,,,deler av lokaliteten,1413,HYLLESTAD,14,Sogn og Fjordane,61.203133,5.193833,4,Nordhordaland til Stadt,
29,2018,19016,Storskogøya,ikke-medikamentell,,,,,,deler av lokaliteten,5012,SNILLFJORD,50,Trøndelag,63.506065,9.19075,6,Nordmøre og Sør-Trøndelag,
29,2018,13566,Storskrebukti,ikke-medikamentell,,,,,,deler av lokaliteten,1263,LINDÅS,12,Hordaland,60.653732,5.4192,4,Nordhordaland til Stadt,
29,2018,11776,Sveholmane,ikke-medikamentell,,,,,,hele lokaliteten,1401,FLORA,14,Sogn og Fjordane,61.557716,5.215333,4,Nordhordaland til Stadt,
29,2018,32717,Tranøya N,medikamentell,badebehandling,Azamethiphos,,,,hele lokaliteten,5017,BJUGN,50,Trøndelag,63.872032,9.769783,6,Nordmøre og Sør-Trøndelag,
29,2018,12839,Vindsnes,medikamentell,fôrbehandling,Emamectin benzoat,,,,hele lokaliteten,1524,NORDDAL,15,Møre og Romsdal,62.28505,7.279633,5,Stadt til Hustadvika,
29,2018,12839,Vindsnes,medikamentell,fôrbehandling,Emamectin benzoat,,,,hele lokaliteten,1524,NORDDAL,15,Møre og Romsdal,62.28505,7.279633,5,Stadt til Hustadvika,
28,2018,10331,Åkre,ikke-medikamentell,,,,,,deler av lokaliteten,1224,KVINNHERAD,12,Hordaland,60.112434,6.042483,3,Karmøy til Sotra,
28,2018,12086,Alsåkervik,ikke-medikamentell,,,,,,deler av lokaliteten,1224,KVINNHERAD,12,Hordaland,59.7601,6.074183,3,Karmøy til Sotra,
28,2018,13572,Badstuvika,ikke-medikamentell,,,,,,deler av lokaliteten,5013,HITRA,50,Trøndelag,63.53398,9.1469,6,Nordmøre og Sør-Trøndelag,
28,2018,34897,Brandsfjorden,ikke-medikamentell,,,,,,deler av lokaliteten,5019,ROAN,50,Trøndelag,64.22307,10.279933,6,Nordmøre og Sør-Trøndelag,
28,2018,11015,Brattholmen,ikke-medikamentell,,,,,,deler av lokaliteten,1818,HERØY I NORDLAND,18,Nordland,65.90735,12.220967,8,Helgeland til Bodø,
28,2018,10223,Bremnessvaet,medikamentell,fôrbehandling,Emamectin benzoat,,,,hele lokaliteten,1573,SMØLA,15,Møre og Romsdal,63.39795,8.214317,6,Nordmøre og Sør-Trøndelag,
28,2018,12466,Brettingen,medikamentell,fôrbehandling,Emamectin benzoat,,,,hele lokaliteten,1573,SMØLA,15,Møre og Romsdal,63.3582,8.237267,6,Nordmøre og Sør-Trøndelag,
28,2018,12466,Brettingen,medikamentell,fôrbehandling,Emamectin benzoat,,,,hele lokaliteten,1573,SMØLA,15,Møre og Romsdal,63.3582,8.237267,6,Nordmøre og Sør-Trøndelag,
28,2018,14041,Edøya,ikke-medikamentell,,,,,,deler av lokaliteten,5013,HITRA,50,Trøndelag,63.65835,8.694417,6,Nordmøre og Sør-Trøndelag,
28,2018,32677,Espnestaren,ikke-medikamentell,,,,,,hele lokaliteten,5014,FRØYA,50,Trøndelag,63.678017,8.66685,6,Nordmøre og Sør-Trøndelag,
28,2018,13058,Fusavika,ikke-medikamentell,,,,,,hele lokaliteten,1241,FUSA,12,Hordaland,60.207634,5.613817,3,Karmøy til Sotra,
28,2018,11667,Gardskråneset,ikke-medikamentell,,,,,,deler av lokaliteten,1259,ØYGARDEN,12,Hordaland,60.5399,4.904617,4,Nordhordaland til Stadt,
28,2018,31357,Geitryggen,ikke-medikamentell,,,,,,hele lokaliteten,5051,NÆRØY,50,Trøndelag,64.75085,11.189033,7,Nord-Trøndelag med Bindal,
28,2018,10324,Gjerdeviksflua,ikke-medikamentell,,,,,,hele lokaliteten,1241,FUSA,12,Hordaland,60.223083,5.641167,3,Karmøy til Sotra,
28,2018,12714,Gjerdinga,medikamentell,fôrbehandling,Emamectin benzoat,,,,hele lokaliteten,5051,NÆRØY,50,Trøndelag,64.9464,11.4623,7,Nord-Trøndelag med Bindal,
28,2018,12435,Grøttingsøy,ikke-medikamentell,,,,,,deler av lokaliteten,5014,FRØYA,50,Trøndelag,63.879684,8.543767,6,Nordmøre og Sør-Trøndelag,
28,2018,12789,Gunnarøya,ikke-medikamentell,,,,,,deler av lokaliteten,5012,SNILLFJORD,50,Trøndelag,63.569485,9.467983,6,Nordmøre og Sør-Trøndelag,
28,2018,10300,Hillersvik,ikke-medikamentell,,,,,,deler av lokaliteten,1216,SVEIO,12,Hordaland,59.6084,5.311917,3,Karmøy til Sotra,
28,2018,13931,Hjartøy Ø,medikamentell,fôrbehandling,Emamectin benzoat,,,,deler av lokaliteten,1848,STEIGEN,18,Nordland,67.6562,15.118567,9,Vestfjorden og Vesterålen,
28,2018,11571,Holevik,ikke-medikamentell,,,,,,hele lokaliteten,1219,BØMLO,12,Hordaland,59.776585,5.321817,3,Karmøy til Sotra,
28,2018,29576,Kalvik,medikamentell,fôrbehandling,Emamectin benzoat,,,,hele lokaliteten,1845,SØRFOLD,18,Nordland,67.51317,15.570433,9,Vestfjorden og Vesterålen,
28,2018,36297,Kjeringeholmen,ikke-medikamentell,,,,,,deler av lokaliteten,1428,ASKVOLL,14,Sogn og Fjordane,61.38997,4.98405,4,Nordhordaland til Stadt,
28,2018,26135,Kjørsvikgrunn,ikke-medikamentell,,,,,,deler av lokaliteten,5011,HEMNE,50,Trøndelag,63.457565,9.076,6,Nordmøre og Sør-Trøndelag,
28,2018,10614,Kråkevik,ikke-medikamentell,,,,,,deler av lokaliteten,2012,ALTA,20,Finnmark,70.262634,23.30475,12,Vest-Finnmark,
28,2018,32518,Kuøyna,ikke-medikamentell,,,,,,deler av lokaliteten,1411,GULEN,14,Sogn og Fjordane,60.996983,4.897467,4,Nordhordaland til Stadt,
28,2018,10041,Kviksholmen,medikamentell,fôrbehandling,Emamectin benzoat,,,,hele lokaliteten,1244,AUSTEVOLL,12,Hordaland,60.054317,5.090733,3,Karmøy til Sotra,
28,2018,10041,Kviksholmen,medikamentell,fôrbehandling,Emamectin benzoat,,,,hele lokaliteten,1244,AUSTEVOLL,12,Hordaland,60.054317,5.090733,3,Karmøy til Sotra,
28,2018,30216,Kvitfloget,medikamentell,fôrbehandling,Emamectin benzoat,,,,hele lokaliteten,1927,TRANØY,19,Troms,69.14508,17.6465,10,Andøya til Senja,
28,2018,26295,Langøy,ikke-medikamentell,,,,,,hele lokaliteten,1263,LINDÅS,12,Hordaland,60.77947,5.16,4,Nordhordaland til Stadt,
28,2018,12392,Lille Torsøy,ikke-medikamentell,,,,,,deler av lokaliteten,5013,HITRA,50,Trøndelag,63.605633,8.48855,6,Nordmøre og Sør-Trøndelag,
28,2018,12022,Ljonesbjørgene,ikke-medikamentell,,,,,,deler av lokaliteten,1238,KVAM,12,Hordaland,60.2564,6.16585,3,Karmøy til Sotra,
28,2018,14435,Ljøsøy N,ikke-medikamentell,,,,,,deler av lokaliteten,1259,ØYGARDEN,12,Hordaland,60.565132,4.878417,4,Nordhordaland til Stadt,
28,2018,28996,Loddetå,ikke-medikamentell,,,,,,deler av lokaliteten,1216,SVEIO,12,Hordaland,59.691643,5.54298,3,Karmøy til Sotra,
28,2018,10232,Mannbruholmen,ikke-medikamentell,,,,,,deler av lokaliteten,5014,FRØYA,50,Trøndelag,63.8473,8.53675,6,Nordmøre og Sør-Trøndelag,
28,2018,12370,Måøydraga,ikke-medikamentell,,,,,,deler av lokaliteten,5014,FRØYA,50,Trøndelag,63.676434,8.757283,6,Nordmøre og Sør-Trøndelag,
28,2018,13550,Marøy Nø,medikamentell,fôrbehandling,Emamectin benzoat,,,,hele lokaliteten,1438,BREMANGER,14,Sogn og Fjordane,61.847935,5.295383,4,Nordhordaland til Stadt,
28,2018,34057,Mohamn,medikamentell,fôrbehandling,Emamectin benzoat,,,,hele lokaliteten,1926,DYRØY,19,Troms,69.12883,17.79755,10,Andøya til Senja,
28,2018,13629,Munkholmen,ikke-medikamentell,,,,,,deler av lokaliteten,1146,TYSVÆR,11,Rogaland,59.285484,5.631317,2,Ryfylke,
28,2018,11129,Nordfugløy,ikke-medikamentell,,,,,,deler av lokaliteten,1838,GILDESKÅL,18,Nordland,67.083916,13.85685,8,Helgeland til Bodø,
28,2018,33937,Nørholmen,medikamentell,fôrbehandling,Emamectin benzoat,,,,deler av lokaliteten,1573,SMØLA,15,Møre og Romsdal,63.338917,8.2718,6,Nordmøre og Sør-Trøndelag,
28,2018,31697,Oksen,ikke-medikamentell,,,,,,deler av lokaliteten,1246,FJELL,12,Hordaland,60.4336,4.940617,3,Karmøy til Sotra,
28,2018,11320,Oksøy,ikke-medikamentell,,,,,,deler av lokaliteten,1848,STEIGEN,18,Nordland,67.97493,15.310767,9,Vestfjorden og Vesterålen,
28,2018,12383,Omsøyholman,ikke-medikamentell,,,,,,deler av lokaliteten,5013,HITRA,50,Trøndelag,63.631966,8.575567,6,Nordmøre og Sør-Trøndelag,
28,2018,10050,Ospøy Ø,ikke-medikamentell,,,,,,deler av lokaliteten,1219,BØMLO,12,Hordaland,59.866566,5.228133,3,Karmøy til Sotra,
28,2018,13581,Ramstadholmen,ikke-medikamentell,,,,,,deler av lokaliteten,5051,NÆRØY,50,Trøndelag,64.754814,11.246033,7,Nord-Trøndelag med Bindal,
28,2018,12784,Ringholmen,ikke-medikamentell,,,,,,deler av lokaliteten,5012,SNILLFJORD,50,Trøndelag,63.56,9.41005,6,Nordmøre og Sør-Trøndelag,
28,2018,13597,Salangslia,ikke-medikamentell,,,,,,hele lokaliteten,1923,SALANGEN,19,Troms,68.85463,17.520884,10,Andøya til Senja,
28,2018,17015,Seglberget,ikke-medikamentell,,,,,,deler av lokaliteten,1224,KVINNHERAD,12,Hordaland,59.730434,5.788733,3,Karmøy til Sotra,
28,2018,36517,Selsøyvær,ikke-medikamentell,,,,,,deler av lokaliteten,1836,RØDØY,18,Nordland,66.5896,12.84965,8,Helgeland til Bodø,
28,2018,24115,Singsholmen,ikke-medikamentell,,,,,,deler av lokaliteten,5013,HITRA,50,Trøndelag,63.41975,8.411617,6,Nordmøre og Sør-Trøndelag,
28,2018,13531,Skogshavn,medikamentell,fôrbehandling,Emamectin benzoat,,,,hele lokaliteten,1926,DYRØY,19,Troms,69.09098,17.514784,10,Andøya til Senja,
28,2018,20815,Slettvika,medikamentell,fôrbehandling,Emamectin benzoat,,,,hele lokaliteten,1520,ØRSTA,15,Møre og Romsdal,62.334,6.157667,5,Stadt til Hustadvika,
28,2018,29356,Smineset N,ikke-medikamentell,,,,,,deler av lokaliteten,5051,NÆRØY,50,Trøndelag,64.75597,11.54245,7,Nord-Trøndelag med Bindal,
28,2018,11971,Store Teistholmen Ø,ikke-medikamentell,,,,,,deler av lokaliteten,1102,SANDNES,11,Rogaland,58.97685,5.867383,2,Ryfylke,
28,2018,35817,Storevika,medikamentell,fôrbehandling,Emamectin benzoat,,,,hele lokaliteten,1804,BODØ,18,Nordland,67.18557,14.388433,8,Helgeland til Bodø,
28,2018,19016,Storskogøya,ikke-medikamentell,,,,,,deler av lokaliteten,5012,SNILLFJORD,50,Trøndelag,63.506065,9.19075,6,Nordmøre og Sør-Trøndelag,
28,2018,10309,Syrtangen,ikke-medikamentell,,,,,,deler av lokaliteten,1259,ØYGARDEN,12,Hordaland,60.46773,4.968667,4,Nordhordaland til Stadt,
28,2018,25815,Tittelsnes,ikke-medikamentell,,,,,,deler av lokaliteten,1216,SVEIO,12,Hordaland,59.72365,5.534383,3,Karmøy til Sotra,
28,2018,24197,Værøya Ø,ikke-medikamentell,,,,,,deler av lokaliteten,5013,HITRA,50,Trøndelag,63.415966,8.483883,6,Nordmøre og Sør-Trøndelag,
28,2018,31557,Valøyan,ikke-medikamentell,,,,,,hele lokaliteten,5014,FRØYA,50,Trøndelag,63.81735,8.462483,6,Nordmøre og Sør-Trøndelag,
28,2018,19235,Vindvika,medikamentell,fôrbehandling,Emamectin benzoat,,,,deler av lokaliteten,1804,BODØ,18,Nordland,67.533165,15.165583,9,Vestfjorden og Vesterålen,
27,2018,13572,Badstuvika,ikke-medikamentell,,,,,,deler av lokaliteten,5013,HITRA,50,Trøndelag,63.53398,9.1469,6,Nordmøre og Sør-Trøndelag,
27,2018,11749,Bårøy,ikke-medikamentell,,,,,,hele lokaliteten,1411,GULEN,14,Sogn og Fjordane,60.945866,4.845383,4,Nordhordaland til Stadt,
27,2018,12095,Bergadalen,ikke-medikamentell,,,,,,deler av lokaliteten,1238,KVAM,12,Hordaland,60.1216,5.908883,3,Karmøy til Sotra,
27,2018,11015,Brattholmen,ikke-medikamentell,,,,,,deler av lokaliteten,1818,HERØY I NORDLAND,18,Nordland,65.90735,12.220967,8,Helgeland til Bodø,
27,2018,14041,Edøya,ikke-medikamentell,,,,,,deler av lokaliteten,5013,HITRA,50,Trøndelag,63.65835,8.694417,6,Nordmøre og Sør-Trøndelag,
27,2018,11736,Fureholmen S,ikke-medikamentell,,,,,,hele lokaliteten,1412,SOLUND,14,Sogn og Fjordane,61.056084,4.867017,4,Nordhordaland til Stadt,
27,2018,10324,Gjerdeviksflua,ikke-medikamentell,,,,,,deler av lokaliteten,1241,FUSA,12,Hordaland,60.223083,5.641167,3,Karmøy til Sotra,
27,2018,32037,Grasholman,medikamentell,fôrbehandling,Emamectin benzoat,,,,hele lokaliteten,1834,LURØY,18,Nordland,66.34873,12.779417,8,Helgeland til Bodø,
27,2018,32037,Grasholman,ikke-medikamentell,,,,,,deler av lokaliteten,1834,LURØY,18,Nordland,66.34873,12.779417,8,Helgeland til Bodø,
27,2018,33597,Grytøyraholmen,ikke-medikamentell,,,,,,deler av lokaliteten,1429,FJALER,14,Sogn og Fjordane,61.29278,5.014117,4,Nordhordaland til Stadt,
27,2018,36737,Hallsteinhamn I,ikke-medikamentell,,,,,,deler av lokaliteten,1804,BODØ,18,Nordland,67.44185,14.71595,9,Vestfjorden og Vesterålen,
27,2018,36178,Haukøya Ø,ikke-medikamentell,,,,,,deler av lokaliteten,1941,SKJERVØY,19,Troms,70.046135,21.282034,11,Kvaløya til Loppa,
27,2018,30257,Hausan,ikke-medikamentell,,,,,,deler av lokaliteten,5011,HEMNE,50,Trøndelag,63.458317,8.955683,6,Nordmøre og Sør-Trøndelag,
27,2018,11740,Haverøy,ikke-medikamentell,,,,,,hele lokaliteten,1246,FJELL,12,Hordaland,60.404766,4.93995,3,Karmøy til Sotra,
27,2018,12036,Hisdalen,ikke-medikamentell,,,,,,hele lokaliteten,1224,KVINNHERAD,12,Hordaland,60.126118,5.9305,3,Karmøy til Sotra,
27,2018,13931,Hjartøy Ø,medikamentell,fôrbehandling,Emamectin benzoat,,,,deler av lokaliteten,1848,STEIGEN,18,Nordland,67.6562,15.118567,9,Vestfjorden og Vesterålen,
27,2018,12035,Hondskår,ikke-medikamentell,,,,,,deler av lokaliteten,1224,KVINNHERAD,12,Hordaland,60.10687,5.939133,3,Karmøy til Sotra,
27,2018,19195,Korsholman,ikke-medikamentell,,,,,,deler av lokaliteten,5013,HITRA,50,Trøndelag,63.597218,8.51575,6,Nordmøre og Sør-Trøndelag,
27,2018,21337,Kveitholmen,ikke-medikamentell,,,,,,deler av lokaliteten,1834,LURØY,18,Nordland,66.3242,12.647583,8,Helgeland til Bodø,
27,2018,10041,Kviksholmen,medikamentell,fôrbehandling,Emamectin benzoat,,,,hele lokaliteten,1244,AUSTEVOLL,12,Hordaland,60.054317,5.090733,3,Karmøy til Sotra,
27,2018,10041,Kviksholmen,medikamentell,fôrbehandling,Emamectin benzoat,,,,hele lokaliteten,1244,AUSTEVOLL,12,Hordaland,60.054317,5.090733,3,Karmøy til Sotra,
27,2018,30216,Kvitfloget,medikamentell,fôrbehandling,Emamectin benzoat,,,,hele lokaliteten,1927,TRANØY,19,Troms,69.14508,17.6465,10,Andøya til Senja,
27,2018,30076,Kyrøyene,ikke-medikamentell,,,,,,deler av lokaliteten,5050,VIKNA,50,Trøndelag,64.764015,10.806633,7,Nord-Trøndelag med Bindal,
27,2018,12380,Langøya Kvaløya,ikke-medikamentell,,,,,,deler av lokaliteten,5014,FRØYA,50,Trøndelag,63.791515,8.6066,6,Nordmøre og Sør-Trøndelag,
27,2018,26675,Leirholmen,ikke-medikamentell,,,,,,deler av lokaliteten,1834,LURØY,18,Nordland,66.3565,12.530117,8,Helgeland til Bodø,
27,2018,12392,Lille Torsøy,ikke-medikamentell,,,,,,deler av lokaliteten,5013,HITRA,50,Trøndelag,63.605633,8.48855,6,Nordmøre og Sør-Trøndelag,
27,2018,29056,Lille Torsøy II,ikke-medikamentell,,,,,,hele lokaliteten,5013,HITRA,50,Trøndelag,63.60803,8.494633,6,Nordmøre og Sør-Trøndelag,
27,2018,28996,Loddetå,ikke-medikamentell,,,,,,deler av lokaliteten,1216,SVEIO,12,Hordaland,59.691643,5.54298,3,Karmøy til Sotra,
27,2018,33337,Lyngnes,medikamentell,fôrbehandling,Emamectin benzoat,,,,hele lokaliteten,1241,FUSA,12,Hordaland,60.1197,5.720917,3,Karmøy til Sotra,
27,2018,12370,Måøydraga,ikke-medikamentell,,,,,,deler av lokaliteten,5014,FRØYA,50,Trøndelag,63.676434,8.757283,6,Nordmøre og Sør-Trøndelag,
27,2018,13550,Marøy Nø,medikamentell,fôrbehandling,Emamectin benzoat,,,,hele lokaliteten,1438,BREMANGER,14,Sogn og Fjordane,61.847935,5.295383,4,Nordhordaland til Stadt,
27,2018,34057,Mohamn,medikamentell,fôrbehandling,Emamectin benzoat,,,,hele lokaliteten,1926,DYRØY,19,Troms,69.12883,17.79755,10,Andøya til Senja,
27,2018,10303,Nappeholmane,ikke-medikamentell,,,,,,hele lokaliteten,1219,BØMLO,12,Hordaland,59.742985,5.363633,3,Karmøy til Sotra,
27,2018,33937,Nørholmen,medikamentell,fôrbehandling,Emamectin benzoat,,,,deler av lokaliteten,1573,SMØLA,15,Møre og Romsdal,63.338917,8.2718,6,Nordmøre og Sør-Trøndelag,
27,2018,12383,Omsøyholman,ikke-medikamentell,,,,,,deler av lokaliteten,5013,HITRA,50,Trøndelag,63.631966,8.575567,6,Nordmøre og Sør-Trøndelag,
27,2018,13345,Oterstegdalen,ikke-medikamentell,,,,,,deler av lokaliteten,1241,FUSA,12,Hordaland,60.23545,5.638267,3,Karmøy til Sotra,
27,2018,33417,Persflua,medikamentell,fôrbehandling,Emamectin benzoat,,,,hele lokaliteten,5017,BJUGN,50,Trøndelag,63.91345,9.826433,6,Nordmøre og Sør-Trøndelag,
27,2018,11688,Portevika,ikke-medikamentell,,,,,,hele lokaliteten,1413,HYLLESTAD,14,Sogn og Fjordane,61.18885,5.090017,4,Nordhordaland til Stadt,
27,2018,13867,Raunevågen,ikke-medikamentell,,,,,,deler av lokaliteten,1216,SVEIO,12,Hordaland,59.65798,5.533667,3,Karmøy til Sotra,
27,2018,12784,Ringholmen,ikke-medikamentell,,,,,,deler av lokaliteten,5012,SNILLFJORD,50,Trøndelag,63.56,9.41005,6,Nordmøre og Sør-Trøndelag,
27,2018,12281,Rogne,ikke-medikamentell,,,,,,deler av lokaliteten,1534,HARAM,15,Møre og Romsdal,62.6695,6.356833,5,Stadt til Hustadvika,
27,2018,37197,Ruggstein,ikke-medikamentell,,,,,,deler av lokaliteten,5014,FRØYA,50,Trøndelag,63.770084,8.476033,6,Nordmøre og Sør-Trøndelag,
27,2018,36517,Selsøyvær,ikke-medikamentell,,,,,,deler av lokaliteten,1836,RØDØY,18,Nordland,66.5896,12.84965,8,Helgeland til Bodø,
27,2018,13531,Skogshavn,medikamentell,fôrbehandling,Emamectin benzoat,,,,hele lokaliteten,1926,DYRØY,19,Troms,69.09098,17.514784,10,Andøya til Senja,
27,2018,23695,Skotungneset,ikke-medikamentell,,,,,,hele lokaliteten,1525,STRANDA,15,Møre og Romsdal,62.34895,6.910767,5,Stadt til Hustadvika,
27,2018,26155,Slåttholmen,ikke-medikamentell,,,,,,deler av lokaliteten,5011,HEMNE,50,Trøndelag,63.44779,8.958173,6,Nordmøre og Sør-Trøndelag,
27,2018,28896,Stangholmen,medikamentell,fôrbehandling,Emamectin benzoat,,,,hele lokaliteten,1836,RØDØY,18,Nordland,66.61825,12.954583,8,Helgeland til Bodø,
27,2018,22955,Svollandsneset,ikke-medikamentell,,,,,,deler av lokaliteten,1160,VINDAFJORD,11,Rogaland,59.685,5.589917,3,Karmøy til Sotra,
27,2018,25815,Tittelsnes,ikke-medikamentell,,,,,,deler av lokaliteten,1216,SVEIO,12,Hordaland,59.72365,5.534383,3,Karmøy til Sotra,
27,2018,11385,Vestnes,ikke-medikamentell,,,,,,deler av lokaliteten,1903,HARSTAD,19,Troms,68.98158,16.48835,10,Andøya til Senja,
27,2018,19235,Vindvika,medikamentell,fôrbehandling,Emamectin benzoat,,,,hele lokaliteten,1804,BODØ,18,Nordland,67.533165,15.165583,9,Vestfjorden og Vesterålen,
26,2018,11793,Ånnaholmane,ikke-medikamentell,,,,,,hele lokaliteten,1428,ASKVOLL,14,Sogn og Fjordane,61.284267,4.725433,4,Nordhordaland til Stadt,
26,2018,12178,Bjønnspjotneset,ikke-medikamentell,,,,,,deler av lokaliteten,1416,HØYANGER,14,Sogn og Fjordane,61.098083,5.82545,4,Nordhordaland til Stadt,
26,2018,23436,Bjørnholmen,ikke-medikamentell,,,,,,deler av lokaliteten,1412,SOLUND,14,Sogn og Fjordane,61.20635,4.938083,4,Nordhordaland til Stadt,
26,2018,34997,Bjørnøya,medikamentell,fôrbehandling,Emamectin benzoat,,,,hele lokaliteten,1804,BODØ,18,Nordland,67.4164,14.428667,9,Vestfjorden og Vesterålen,
26,2018,34997,Bjørnøya,medikamentell,fôrbehandling,Emamectin benzoat,,,,hele lokaliteten,1804,BODØ,18,Nordland,67.4164,14.428667,9,Vestfjorden og Vesterålen,
26,2018,10256,Bondøya,ikke-medikamentell,,,,,,deler av lokaliteten,5050,VIKNA,50,Trøndelag,64.8168,10.7427,7,Nord-Trøndelag med Bindal,
26,2018,11488,Brattavika,ikke-medikamentell,,,,,,hele lokaliteten,1244,AUSTEVOLL,12,Hordaland,60.044117,5.303317,3,Karmøy til Sotra,
26,2018,11015,Brattholmen,ikke-medikamentell,,,,,,deler av lokaliteten,1818,HERØY I NORDLAND,18,Nordland,65.90735,12.220967,8,Helgeland til Bodø,
26,2018,12007,Dale II,ikke-medikamentell,,,,,,deler av lokaliteten,1142,RENNESØY,11,Rogaland,59.08215,5.71055,2,Ryfylke,
26,2018,12109,Ebne,ikke-medikamentell,,,,,,hele lokaliteten,1211,ETNE,12,Hordaland,59.71443,5.8238,3,Karmøy til Sotra,
26,2018,14041,Edøya,ikke-medikamentell,,,,,,deler av lokaliteten,5013,HITRA,50,Trøndelag,63.65835,8.694417,6,Nordmøre og Sør-Trøndelag,
26,2018,26775,Fjølværet Ø,ikke-medikamentell,,,,,,deler av lokaliteten,5014,FRØYA,50,Trøndelag,63.819233,8.636133,6,Nordmøre og Sør-Trøndelag,
26,2018,19115,Fugløya S,ikke-medikamentell,,,,,,deler av lokaliteten,5012,SNILLFJORD,50,Trøndelag,63.460682,9.1444,6,Nordmøre og Sør-Trøndelag,
26,2018,11740,Haverøy,ikke-medikamentell,,,,,,deler av lokaliteten,1246,FJELL,12,Hordaland,60.404766,4.93995,3,Karmøy til Sotra,
26,2018,10300,Hillersvik,ikke-medikamentell,,,,,,deler av lokaliteten,1216,SVEIO,12,Hordaland,59.6084,5.311917,3,Karmøy til Sotra,
26,2018,12036,Hisdalen,ikke-medikamentell,,,,,,hele lokaliteten,1224,KVINNHERAD,12,Hordaland,60.126118,5.9305,3,Karmøy til Sotra,
26,2018,15655,Hjartøy N,medikamentell,badebehandling,Deltamethrin,,,,hele lokaliteten,1828,NESNA,18,Nordland,66.23579,12.709967,8,Helgeland til Bodø,
26,2018,13931,Hjartøy Ø,medikamentell,fôrbehandling,Emamectin benzoat,,,,deler av lokaliteten,1848,STEIGEN,18,Nordland,67.6562,15.118567,9,Vestfjorden og Vesterålen,
26,2018,12599,Indre Skjervøy,ikke-medikamentell,,,,,,deler av lokaliteten,5020,OSEN,50,Trøndelag,64.2858,10.30905,6,Nordmøre og Sør-Trøndelag,
26,2018,12260,Juvika,ikke-medikamentell,,,,,,deler av lokaliteten,1545,MIDSUND,15,Møre og Romsdal,62.66477,6.696767,5,Stadt til Hustadvika,
26,2018,30437,Kattholmen II,ikke-medikamentell,,,,,,deler av lokaliteten,5014,FRØYA,50,Trøndelag,63.864784,8.676583,6,Nordmøre og Sør-Trøndelag,
26,2018,28976,Kelvesteinen,ikke-medikamentell,,,,,,deler av lokaliteten,1246,FJELL,12,Hordaland,60.4029,5.063717,3,Karmøy til Sotra,
26,2018,36297,Kjeringeholmen,ikke-medikamentell,,,,,,deler av lokaliteten,1428,ASKVOLL,14,Sogn og Fjordane,61.38997,4.98405,4,Nordhordaland til Stadt,
26,2018,26135,Kjørsvikgrunn,ikke-medikamentell,,,,,,deler av lokaliteten,5011,HEMNE,50,Trøndelag,63.457565,9.076,6,Nordmøre og Sør-Trøndelag,
26,2018,21337,Kveitholmen,ikke-medikamentell,,,,,,deler av lokaliteten,1834,LURØY,18,Nordland,66.3242,12.647583,8,Helgeland til Bodø,
26,2018,10041,Kviksholmen,medikamentell,fôrbehandling,Emamectin benzoat,,,,hele lokaliteten,1244,AUSTEVOLL,12,Hordaland,60.054317,5.090733,3,Karmøy til Sotra,
26,2018,10041,Kviksholmen,medikamentell,fôrbehandling,Emamectin benzoat,,,,hele lokaliteten,1244,AUSTEVOLL,12,Hordaland,60.054317,5.090733,3,Karmøy til Sotra,
26,2018,11775,Kviteskjeret,ikke-medikamentell,,,,,,hele lokaliteten,1428,ASKVOLL,14,Sogn og Fjordane,61.467815,5.2203,4,Nordhordaland til Stadt,
26,2018,30076,Kyrøyene,ikke-medikamentell,,,,,,deler av lokaliteten,5050,VIKNA,50,Trøndelag,64.764015,10.806633,7,Nord-Trøndelag med Bindal,
26,2018,20559,Langskjæra,ikke-medikamentell,,,,,,hele lokaliteten,5014,FRØYA,50,Trøndelag,63.8225,8.75505,6,Nordmøre og Sør-Trøndelag,
26,2018,26675,Leirholmen,ikke-medikamentell,,,,,,deler av lokaliteten,1834,LURØY,18,Nordland,66.3565,12.530117,8,Helgeland til Bodø,
26,2018,10990,Lille Åsvær,medikamentell,fôrbehandling,Emamectin benzoat,,,,hele lokaliteten,1827,DØNNA,18,Nordland,66.22988,12.317533,8,Helgeland til Bodø,
26,2018,33337,Lyngnes,medikamentell,fôrbehandling,Emamectin benzoat,,,,hele lokaliteten,1241,FUSA,12,Hordaland,60.1197,5.720917,3,Karmøy til Sotra,
26,2018,12127,Mælen,ikke-medikamentell,,,,,,deler av lokaliteten,1224,KVINNHERAD,12,Hordaland,59.69998,5.722917,3,Karmøy til Sotra,
26,2018,10447,Mefaldskjæret,ikke-medikamentell,,,,,,deler av lokaliteten,1820,ALSTAHAUG,18,Nordland,65.85145,12.2872,8,Helgeland til Bodø,
26,2018,31637,Melkøya,ikke-medikamentell,,,,,,deler av lokaliteten,1818,HERØY I NORDLAND,18,Nordland,66.08231,12.201167,8,Helgeland til Bodø,
26,2018,12047,Mjåneset,medikamentell,fôrbehandling,Emamectin benzoat,,,,hele lokaliteten,1241,FUSA,12,Hordaland,60.176,5.7244,3,Karmøy til Sotra,
26,2018,12179,Oslandsurda,ikke-medikamentell,,,,,,deler av lokaliteten,1416,HØYANGER,14,Sogn og Fjordane,61.0795,5.8099,4,Nordhordaland til Stadt,
26,2018,19655,Ospeneset,medikamentell,fôrbehandling,Emamectin benzoat,,,,hele lokaliteten,1263,LINDÅS,12,Hordaland,60.74687,5.268483,4,Nordhordaland til Stadt,
26,2018,33417,Persflua,medikamentell,fôrbehandling,Emamectin benzoat,,,,hele lokaliteten,5017,BJUGN,50,Trøndelag,63.91345,9.826433,6,Nordmøre og Sør-Trøndelag,
26,2018,11651,Ramsøy S,ikke-medikamentell,,,,,,deler av lokaliteten,1247,ASKØY,12,Hordaland,60.434082,5.062733,3,Karmøy til Sotra,
26,2018,31959,Rataren II,ikke-medikamentell,,,,,,deler av lokaliteten,5014,FRØYA,50,Trøndelag,63.782383,8.52635,6,Nordmøre og Sør-Trøndelag,
26,2018,12784,Ringholmen,ikke-medikamentell,,,,,,deler av lokaliteten,5012,SNILLFJORD,50,Trøndelag,63.56,9.41005,6,Nordmøre og Sør-Trøndelag,
26,2018,10328,Sagvik,ikke-medikamentell,,,,,,hele lokaliteten,1238,KVAM,12,Hordaland,60.141033,5.906933,3,Karmøy til Sotra,
26,2018,34117,Skåtholmen,ikke-medikamentell,,,,,,hele lokaliteten,1241,FUSA,12,Hordaland,60.17177,5.563633,3,Karmøy til Sotra,
26,2018,22315,Skavhella,ikke-medikamentell,,,,,,hele lokaliteten,1243,OS I HORDALAND,12,Hordaland,60.218933,5.5593,3,Karmøy til Sotra,
26,2018,33157,Skogsholmen,ikke-medikamentell,,,,,,deler av lokaliteten,1815,VEGA,18,Nordland,65.83141,12.070533,8,Helgeland til Bodø,
26,2018,28896,Stangholmen,medikamentell,fôrbehandling,Emamectin benzoat,,,,hele lokaliteten,1836,RØDØY,18,Nordland,66.61825,12.954583,8,Helgeland til Bodø,
26,2018,35817,Storevika,medikamentell,fôrbehandling,Emamectin benzoat,,,,hele lokaliteten,1804,BODØ,18,Nordland,67.18557,14.388433,8,Helgeland til Bodø,
26,2018,29376,Sundsøy,medikamentell,badebehandling,Deltamethrin,,,,hele lokaliteten,1827,DØNNA,18,Nordland,66.17637,12.770283,8,Helgeland til Bodø,
26,2018,14081,Tveit,ikke-medikamentell,,,,,,hele lokaliteten,1413,HYLLESTAD,14,Sogn og Fjordane,61.110085,5.340483,4,Nordhordaland til Stadt,
26,2018,24135,Utåker,ikke-medikamentell,,,,,,deler av lokaliteten,1224,KVINNHERAD,12,Hordaland,59.77833,5.9024,3,Karmøy til Sotra,
25,2018,15196,Aga Ø,ikke-medikamentell,,,,,,deler av lokaliteten,1219,BØMLO,12,Hordaland,59.8451,5.261367,3,Karmøy til Sotra,
25,2018,12067,Aldalen,ikke-medikamentell,,,,,,deler av lokaliteten,1243,OS I HORDALAND,12,Hordaland,60.24995,5.571917,3,Karmøy til Sotra,
25,2018,12095,Bergadalen,ikke-medikamentell,,,,,,hele lokaliteten,1238,KVAM,12,Hordaland,60.1216,5.908883,3,Karmøy til Sotra,
25,2018,34997,Bjørnøya,medikamentell,fôrbehandling,Emamectin benzoat,,,,hele lokaliteten,1804,BODØ,18,Nordland,67.4164,14.428667,9,Vestfjorden og Vesterålen,
25,2018,34997,Bjørnøya,medikamentell,fôrbehandling,Emamectin benzoat,,,,hele lokaliteten,1804,BODØ,18,Nordland,67.4164,14.428667,9,Vestfjorden og Vesterålen,
25,2018,10256,Bondøya,ikke-medikamentell,,,,,,deler av lokaliteten,5050,VIKNA,50,Trøndelag,64.8168,10.7427,7,Nord-Trøndelag med Bindal,
25,2018,32897,Breivika S,ikke-medikamentell,,,,,,deler av lokaliteten,1827,DØNNA,18,Nordland,66.1581,12.682017,8,Helgeland til Bodø,
25,2018,30137,Edøya II,ikke-medikamentell,,,,,,deler av lokaliteten,5013,HITRA,50,Trøndelag,63.65805,8.683667,6,Nordmøre og Sør-Trøndelag,
25,2018,26775,Fjølværet Ø,ikke-medikamentell,,,,,,deler av lokaliteten,5014,FRØYA,50,Trøndelag,63.819233,8.636133,6,Nordmøre og Sør-Trøndelag,
25,2018,19115,Fugløya S,ikke-medikamentell,,,,,,deler av lokaliteten,5012,SNILLFJORD,50,Trøndelag,63.460682,9.1444,6,Nordmøre og Sør-Trøndelag,
25,2018,11667,Gardskråneset,ikke-medikamentell,,,,,,hele lokaliteten,1259,ØYGARDEN,12,Hordaland,60.5399,4.904617,4,Nordhordaland til Stadt,
25,2018,25695,Gjerde,ikke-medikamentell,,,,,,hele lokaliteten,1516,ULSTEIN,15,Møre og Romsdal,62.259983,5.929183,5,Stadt til Hustadvika,
25,2018,10324,Gjerdeviksflua,ikke-medikamentell,,,,,,hele lokaliteten,1241,FUSA,12,Hordaland,60.223083,5.641167,3,Karmøy til Sotra,
25,2018,33597,Grytøyraholmen,ikke-medikamentell,,,,,,deler av lokaliteten,1429,FJALER,14,Sogn og Fjordane,61.29278,5.014117,4,Nordhordaland til Stadt,
25,2018,32317,Guriøyna,medikamentell,fôrbehandling,Emamectin benzoat,,,,hele lokaliteten,1428,ASKVOLL,14,Sogn og Fjordane,61.297916,4.66045,4,Nordhordaland til Stadt,
25,2018,10300,Hillersvik,ikke-medikamentell,,,,,,deler av lokaliteten,1216,SVEIO,12,Hordaland,59.6084,5.311917,3,Karmøy til Sotra,
25,2018,10410,Hindholmen,ikke-medikamentell,,,,,,hele lokaliteten,5051,NÆRØY,50,Trøndelag,64.77393,11.44087,7,Nord-Trøndelag med Bindal,
25,2018,11571,Holevik,ikke-medikamentell,,,,,,deler av lokaliteten,1219,BØMLO,12,Hordaland,59.776585,5.321817,3,Karmøy til Sotra,
25,2018,12035,Hondskår,ikke-medikamentell,,,,,,deler av lokaliteten,1224,KVINNHERAD,12,Hordaland,60.10687,5.939133,3,Karmøy til Sotra,
25,2018,27095,Ihlholmen,ikke-medikamentell,,,,,,hele lokaliteten,1160,VINDAFJORD,11,Rogaland,59.7215,5.586633,3,Karmøy til Sotra,
25,2018,14245,Jakobsteinsvika,medikamentell,fôrbehandling,Emamectin benzoat,,,,hele lokaliteten,5052,LEKA,50,Trøndelag,65.11265,11.792867,7,Nord-Trøndelag med Bindal,
25,2018,36297,Kjeringeholmen,ikke-medikamentell,,,,,,deler av lokaliteten,1428,ASKVOLL,14,Sogn og Fjordane,61.38997,4.98405,4,Nordhordaland til Stadt,
25,2018,12213,Kvangardsnes,ikke-medikamentell,,,,,,hele lokaliteten,1519,VOLDA,15,Møre og Romsdal,62.145317,5.94545,5,Stadt til Hustadvika,
25,2018,11116,Langholmen,medikamentell,fôrbehandling,Emamectin benzoat,,,,deler av lokaliteten,1838,GILDESKÅL,18,Nordland,67.05783,14.025333,8,Helgeland til Bodø,
25,2018,26295,Langøy,ikke-medikamentell,,,,,,deler av lokaliteten,1263,LINDÅS,12,Hordaland,60.779133,5.1608,4,Nordhordaland til Stadt,
25,2018,26675,Leirholmen,ikke-medikamentell,,,,,,deler av lokaliteten,1834,LURØY,18,Nordland,66.3565,12.530117,8,Helgeland til Bodø,
25,2018,10990,Lille Åsvær,medikamentell,fôrbehandling,Emamectin benzoat,,,,hele lokaliteten,1827,DØNNA,18,Nordland,66.22988,12.317533,8,Helgeland til Bodø,
25,2018,12134,Maradalen,ikke-medikamentell,,,,,,hele lokaliteten,1224,KVINNHERAD,12,Hordaland,59.76077,5.686767,3,Karmøy til Sotra,
25,2018,10447,Mefaldskjæret,ikke-medikamentell,,,,,,hele lokaliteten,1820,ALSTAHAUG,18,Nordland,65.85145,12.2872,8,Helgeland til Bodø,
25,2018,12047,Mjåneset,medikamentell,fôrbehandling,Emamectin benzoat,,,,deler av lokaliteten,1241,FUSA,12,Hordaland,60.176,5.7244,3,Karmøy til Sotra,
25,2018,13629,Munkholmen,ikke-medikamentell,,,,,,deler av lokaliteten,1146,TYSVÆR,11,Rogaland,59.285484,5.631317,2,Ryfylke,
25,2018,26315,Nordgjæslingan,ikke-medikamentell,,,,,,deler av lokaliteten,5050,VIKNA,50,Trøndelag,64.7659,10.9128,7,Nord-Trøndelag med Bindal,
25,2018,19655,Ospeneset,medikamentell,fôrbehandling,Emamectin benzoat,,,,hele lokaliteten,1263,LINDÅS,12,Hordaland,60.74687,5.268483,4,Nordhordaland til Stadt,
25,2018,31959,Rataren II,ikke-medikamentell,,,,,,deler av lokaliteten,5014,FRØYA,50,Trøndelag,63.782383,8.52635,6,Nordmøre og Sør-Trøndelag,
25,2018,13867,Raunevågen,ikke-medikamentell,,,,,,deler av lokaliteten,1216,SVEIO,12,Hordaland,59.65798,5.533667,3,Karmøy til Sotra,
25,2018,12784,Ringholmen,ikke-medikamentell,,,,,,deler av lokaliteten,5012,SNILLFJORD,50,Trøndelag,63.56,9.41005,6,Nordmøre og Sør-Trøndelag,
25,2018,13530,Sjåneset,ikke-medikamentell,,,,,,deler av lokaliteten,1868,ØKSNES,18,Nordland,68.903534,15.037333,9,Vestfjorden og Vesterålen,
25,2018,11357,Skarvberget,ikke-medikamentell,,,,,,deler av lokaliteten,1927,TRANØY,19,Troms,69.14665,17.010267,10,Andøya til Senja,
25,2018,29356,Smineset N,ikke-medikamentell,,,,,,deler av lokaliteten,5051,NÆRØY,50,Trøndelag,64.75597,11.54245,7,Nord-Trøndelag med Bindal,
25,2018,11605,Soløy Ø,ikke-medikamentell,,,,,,hele lokaliteten,1222,FITJAR,12,Hordaland,59.90708,5.159833,3,Karmøy til Sotra,
25,2018,36017,Sørværet,ikke-medikamentell,,,,,,deler av lokaliteten,1818,HERØY I NORDLAND,18,Nordland,65.88035,11.93045,8,Helgeland til Bodø,
25,2018,28896,Stangholmen,ikke-medikamentell,,,,,,deler av lokaliteten,1836,RØDØY,18,Nordland,66.61825,12.954583,8,Helgeland til Bodø,
25,2018,19016,Storskogøya,ikke-medikamentell,,,,,,deler av lokaliteten,5012,SNILLFJORD,50,Trøndelag,63.506065,9.19075,6,Nordmøre og Sør-Trøndelag,
25,2018,21755,Tendalsvik,ikke-medikamentell,,,,,,hele lokaliteten,1211,ETNE,12,Hordaland,59.73605,5.884,3,Karmøy til Sotra,
25,2018,10054,Tobbeholmane,medikamentell,badebehandling,Deltamethrin,,,,deler av lokaliteten,1244,AUSTEVOLL,12,Hordaland,60.02432,5.30815,3,Karmøy til Sotra,
25,2018,10054,Tobbeholmane,ikke-medikamentell,,,,,,hele lokaliteten,1244,AUSTEVOLL,12,Hordaland,60.02432,5.30815,3,Karmøy til Sotra,
25,2018,13594,Trolløya Sv,medikamentell,fôrbehandling,Annet virkestoff,,,,hele lokaliteten,1870,SORTLAND,18,Nordland,68.704384,15.014804,9,Vestfjorden og Vesterålen,
25,2018,13562,Uføro,ikke-medikamentell,,,,,,hele lokaliteten,1221,STORD,12,Hordaland,59.87835,5.526917,3,Karmøy til Sotra,
25,2018,32337,Veiesund,medikamentell,fôrbehandling,Emamectin benzoat,,,,hele lokaliteten,1401,FLORA,14,Sogn og Fjordane,61.57187,5.047283,4,Nordhordaland til Stadt,
24,2018,11574,Breivik S,ikke-medikamentell,,,,,,deler av lokaliteten,1219,BØMLO,12,Hordaland,59.671185,5.31215,3,Karmøy til Sotra,
24,2018,26335,Geitholmen,ikke-medikamentell,,,,,,hele lokaliteten,5050,VIKNA,50,Trøndelag,64.79955,11.025933,7,Nord-Trøndelag med Bindal,
24,2018,31357,Geitryggen,ikke-medikamentell,,,,,,deler av lokaliteten,5051,NÆRØY,50,Trøndelag,64.75085,11.189033,7,Nord-Trøndelag med Bindal,
24,2018,17177,Grunneneset,ikke-medikamentell,,,,,,deler av lokaliteten,1438,BREMANGER,14,Sogn og Fjordane,61.89493,5.348667,4,Nordhordaland til Stadt,
24,2018,33597,Grytøyraholmen,ikke-medikamentell,,,,,,deler av lokaliteten,1429,FJALER,14,Sogn og Fjordane,61.29278,5.014117,4,Nordhordaland til Stadt,
24,2018,32317,Guriøyna,medikamentell,fôrbehandling,Emamectin benzoat,,,,hele lokaliteten,1428,ASKVOLL,14,Sogn og Fjordane,61.297916,4.66045,4,Nordhordaland til Stadt,
24,2018,32317,Guriøyna,medikamentell,fôrbehandling,Emamectin benzoat,,,,hele lokaliteten,1428,ASKVOLL,14,Sogn og Fjordane,61.297916,4.66045,4,Nordhordaland til Stadt,
24,2018,11511,Hattasteinen,ikke-medikamentell,,,,,,hele lokaliteten,1219,BØMLO,12,Hordaland,59.626266,5.250717,3,Karmøy til Sotra,
24,2018,11740,Haverøy,ikke-medikamentell,,,,,,deler av lokaliteten,1246,FJELL,12,Hordaland,60.404766,4.93995,3,Karmøy til Sotra,
24,2018,10300,Hillersvik,ikke-medikamentell,,,,,,deler av lokaliteten,1216,SVEIO,12,Hordaland,59.6084,5.311917,3,Karmøy til Sotra,
24,2018,12036,Hisdalen,ikke-medikamentell,,,,,,hele lokaliteten,1224,KVINNHERAD,12,Hordaland,60.126118,5.9305,3,Karmøy til Sotra,
24,2018,11571,Holevik,ikke-medikamentell,,,,,,deler av lokaliteten,1219,BØMLO,12,Hordaland,59.776585,5.321817,3,Karmøy til Sotra,
24,2018,12035,Hondskår,ikke-medikamentell,,,,,,deler av lokaliteten,1224,KVINNHERAD,12,Hordaland,60.10687,5.939133,3,Karmøy til Sotra,
24,2018,14245,Jakobsteinsvika,medikamentell,fôrbehandling,Emamectin benzoat,,,,hele lokaliteten,5052,LEKA,50,Trøndelag,65.11265,11.792867,7,Nord-Trøndelag med Bindal,
24,2018,29656,Juvika,ikke-medikamentell,,,,,,hele lokaliteten,1412,SOLUND,14,Sogn og Fjordane,61.104767,5.018483,4,Nordhordaland til Stadt,
24,2018,10409,Kjelneset,medikamentell,fôrbehandling,Emamectin benzoat,,,,hele lokaliteten,5048,FOSNES,50,Trøndelag,64.64391,11.388517,7,Nord-Trøndelag med Bindal,
24,2018,26295,Langøy,ikke-medikamentell,,,,,,hele lokaliteten,1263,LINDÅS,12,Hordaland,60.779133,5.1608,4,Nordhordaland til Stadt,
24,2018,11238,Langøyhovden,ikke-medikamentell,,,,,,deler av lokaliteten,1868,ØKSNES,18,Nordland,68.80405,14.8663,9,Vestfjorden og Vesterålen,
24,2018,12134,Maradalen,ikke-medikamentell,,,,,,hele lokaliteten,1224,KVINNHERAD,12,Hordaland,59.76077,5.686767,3,Karmøy til Sotra,
24,2018,10447,Mefaldskjæret,ikke-medikamentell,,,,,,deler av lokaliteten,1820,ALSTAHAUG,18,Nordland,65.85145,12.2872,8,Helgeland til Bodø,
24,2018,26435,Mjølsvik,medikamentell,fôrbehandling,Emamectin benzoat,,,,hele lokaliteten,1416,HØYANGER,14,Sogn og Fjordane,61.111584,6.0423,4,Nordhordaland til Stadt,
24,2018,13629,Munkholmen,ikke-medikamentell,,,,,,deler av lokaliteten,1146,TYSVÆR,11,Rogaland,59.285484,5.631317,2,Ryfylke,
24,2018,27215,Myrane,ikke-medikamentell,,,,,,deler av lokaliteten,1535,VESTNES,15,Møre og Romsdal,62.6505,6.726683,5,Stadt til Hustadvika,
24,2018,31697,Oksen,ikke-medikamentell,,,,,,deler av lokaliteten,1246,FJELL,12,Hordaland,60.4336,4.940617,3,Karmøy til Sotra,
24,2018,13867,Raunevågen,ikke-medikamentell,,,,,,deler av lokaliteten,1216,SVEIO,12,Hordaland,59.65798,5.533667,3,Karmøy til Sotra,
24,2018,11770,Rotøy,medikamentell,fôrbehandling,Emamectin benzoat,,,,hele lokaliteten,1259,ØYGARDEN,12,Hordaland,60.682816,4.759617,4,Nordhordaland til Stadt,
24,2018,16015,Russelva,ikke-medikamentell,,,,,,deler av lokaliteten,1942,NORDREISA,19,Troms,69.88975,20.769016,11,Kvaløya til Loppa,
24,2018,11758,Sauøy,ikke-medikamentell,,,,,,hele lokaliteten,1259,ØYGARDEN,12,Hordaland,60.59395,4.86125,4,Nordhordaland til Stadt,
24,2018,17015,Seglberget,ikke-medikamentell,,,,,,deler av lokaliteten,1224,KVINNHERAD,12,Hordaland,59.730434,5.788733,3,Karmøy til Sotra,
24,2018,13566,Storskrebukti,ikke-medikamentell,,,,,,deler av lokaliteten,1263,LINDÅS,12,Hordaland,60.653732,5.4192,4,Nordhordaland til Stadt,
24,2018,10309,Syrtangen,ikke-medikamentell,,,,,,hele lokaliteten,1259,ØYGARDEN,12,Hordaland,60.46773,4.968667,4,Nordhordaland til Stadt,
24,2018,12662,Ternskjæret II,ikke-medikamentell,,,,,,deler av lokaliteten,5051,NÆRØY,50,Trøndelag,64.77713,11.639767,7,Nord-Trøndelag med Bindal,
24,2018,32717,Tranøya N,medikamentell,badebehandling,Azamethiphos,,,,hele lokaliteten,5017,BJUGN,50,Trøndelag,63.872032,9.769783,6,Nordmøre og Sør-Trøndelag,
24,2018,10091,Vågsøya,ikke-medikamentell,,,,,,hele lokaliteten,1401,FLORA,14,Sogn og Fjordane,61.490383,5.0247,4,Nordhordaland til Stadt,
24,2018,10504,Vedvika,ikke-medikamentell,,,,,,deler av lokaliteten,1867,BØ I NORDLAND,18,Nordland,68.78194,14.6153,9,Vestfjorden og Vesterålen,
24,2018,32337,Veiesund,medikamentell,fôrbehandling,Emamectin benzoat,,,,hele lokaliteten,1401,FLORA,14,Sogn og Fjordane,61.57187,5.047283,4,Nordhordaland til Stadt,
23,2018,12095,Bergadalen,ikke-medikamentell,,,,,,deler av lokaliteten,1238,KVAM,12,Hordaland,60.1216,5.908883,3,Karmøy til Sotra,
23,2018,12178,Bjønnspjotneset,ikke-medikamentell,,,,,,deler av lokaliteten,1416,HØYANGER,14,Sogn og Fjordane,61.098083,5.82545,4,Nordhordaland til Stadt,
23,2018,33077,Elveneset,ikke-medikamentell,,,,,,deler av lokaliteten,1413,HYLLESTAD,14,Sogn og Fjordane,61.206,5.131733,4,Nordhordaland til Stadt,
23,2018,25895,Flornes,medikamentell,fôrbehandling,Emamectin benzoat,,,,hele lokaliteten,1223,TYSNES,12,Hordaland,59.890984,5.665983,3,Karmøy til Sotra,
23,2018,11740,Haverøy,ikke-medikamentell,,,,,,deler av lokaliteten,1246,FJELL,12,Hordaland,60.404766,4.93995,3,Karmøy til Sotra,
23,2018,11783,Hella,ikke-medikamentell,,,,,,hele lokaliteten,1428,ASKVOLL,14,Sogn og Fjordane,61.40663,5.080817,4,Nordhordaland til Stadt,
23,2018,14136,Hestholmen Ø,medikamentell,fôrbehandling,Emamectin benzoat,,,,hele lokaliteten,1144,KVITSØY,11,Rogaland,59.061516,5.445683,2,Ryfylke,
23,2018,14136,Hestholmen Ø,medikamentell,fôrbehandling,Emamectin benzoat,,,,hele lokaliteten,1144,KVITSØY,11,Rogaland,59.061516,5.445683,2,Ryfylke,
23,2018,14136,Hestholmen Ø,medikamentell,fôrbehandling,Emamectin benzoat,,,,hele lokaliteten,1144,KVITSØY,11,Rogaland,59.061516,5.445683,2,Ryfylke,
23,2018,14136,Hestholmen Ø,medikamentell,fôrbehandling,Emamectin benzoat,,,,hele lokaliteten,1144,KVITSØY,11,Rogaland,59.061516,5.445683,2,Ryfylke,
23,2018,12035,Hondskår,ikke-medikamentell,,,,,,deler av lokaliteten,1224,KVINNHERAD,12,Hordaland,60.10687,5.939133,3,Karmøy til Sotra,
23,2018,10409,Kjelneset,medikamentell,fôrbehandling,Emamectin benzoat,,,,hele lokaliteten,5048,FOSNES,50,Trøndelag,64.64391,11.388517,7,Nord-Trøndelag med Bindal,
23,2018,24715,Langholmen,ikke-medikamentell,,,,,,deler av lokaliteten,1141,FINNØY,11,Rogaland,59.097282,5.835917,2,Ryfylke,
23,2018,14435,Ljøsøy N,ikke-medikamentell,,,,,,deler av lokaliteten,1259,ØYGARDEN,12,Hordaland,60.565132,4.878417,4,Nordhordaland til Stadt,
23,2018,28996,Loddetå,ikke-medikamentell,,,,,,hele lokaliteten,1216,SVEIO,12,Hordaland,59.691643,5.54298,3,Karmøy til Sotra,
23,2018,32057,Lyngøy,ikke-medikamentell,,,,,,deler av lokaliteten,5050,VIKNA,50,Trøndelag,64.81865,10.935217,7,Nord-Trøndelag med Bindal,
23,2018,26435,Mjølsvik,medikamentell,fôrbehandling,Emamectin benzoat,,,,hele lokaliteten,1416,HØYANGER,14,Sogn og Fjordane,61.111584,6.0423,4,Nordhordaland til Stadt,
23,2018,27215,Myrane,ikke-medikamentell,,,,,,deler av lokaliteten,1535,VESTNES,15,Møre og Romsdal,62.6505,6.726683,5,Stadt til Hustadvika,
23,2018,24937,Nebbo,medikamentell,fôrbehandling,Emamectin benzoat,,,,hele lokaliteten,1224,KVINNHERAD,12,Hordaland,59.87075,5.725017,3,Karmøy til Sotra,
23,2018,11129,Nordfugløy,ikke-medikamentell,,,,,,deler av lokaliteten,1838,GILDESKÅL,18,Nordland,67.083916,13.85685,8,Helgeland til Bodø,
23,2018,31697,Oksen,ikke-medikamentell,,,,,,deler av lokaliteten,1246,FJELL,12,Hordaland,60.4336,4.940617,3,Karmøy til Sotra,
23,2018,13345,Oterstegdalen,ikke-medikamentell,,,,,,deler av lokaliteten,1241,FUSA,12,Hordaland,60.23545,5.638267,3,Karmøy til Sotra,
23,2018,12794,Rundklumpen,ikke-medikamentell,,,,,,hele lokaliteten,5017,BJUGN,50,Trøndelag,63.8012,9.607983,6,Nordmøre og Sør-Trøndelag,
23,2018,25896,Skorpo,medikamentell,fôrbehandling,Emamectin benzoat,,,,hele lokaliteten,1223,TYSNES,12,Hordaland,59.875767,5.638817,3,Karmøy til Sotra,
23,2018,30997,Skrubbholmen,ikke-medikamentell,,,,,,deler av lokaliteten,5051,NÆRØY,50,Trøndelag,64.801735,11.162183,7,Nord-Trøndelag med Bindal,
23,2018,11776,Sveholmane,ikke-medikamentell,,,,,,hele lokaliteten,1401,FLORA,14,Sogn og Fjordane,61.557716,5.215333,4,Nordhordaland til Stadt,
23,2018,10309,Syrtangen,ikke-medikamentell,,,,,,hele lokaliteten,1259,ØYGARDEN,12,Hordaland,60.46773,4.968667,4,Nordhordaland til Stadt,
23,2018,25815,Tittelsnes,ikke-medikamentell,,,,,,hele lokaliteten,1216,SVEIO,12,Hordaland,59.72365,5.534383,3,Karmøy til Sotra,
23,2018,33677,Torvund,ikke-medikamentell,,,,,,hele lokaliteten,1416,HØYANGER,14,Sogn og Fjordane,61.14467,5.656367,4,Nordhordaland til Stadt,
23,2018,32337,Veiesund,medikamentell,fôrbehandling,Emamectin benzoat,,,,hele lokaliteten,1401,FLORA,14,Sogn og Fjordane,61.57187,5.047283,4,Nordhordaland til Stadt,
23,2018,29936,Ystadneset,medikamentell,fôrbehandling,Emamectin benzoat,,,,hele lokaliteten,1224,KVINNHERAD,12,Hordaland,59.977932,5.77565,3,Karmøy til Sotra,
22,2018,12067,Aldalen,ikke-medikamentell,,,,,,deler av lokaliteten,1243,OS I HORDALAND,12,Hordaland,60.24995,5.571917,3,Karmøy til Sotra,
22,2018,12086,Alsåkervik,ikke-medikamentell,,,,,,deler av lokaliteten,1224,KVINNHERAD,12,Hordaland,59.7601,6.074183,3,Karmøy til Sotra,
22,2018,12085,Aplavika,ikke-medikamentell,,,,,,deler av lokaliteten,1238,KVAM,12,Hordaland,60.258583,6.055517,3,Karmøy til Sotra,
22,2018,12095,Bergadalen,ikke-medikamentell,,,,,,deler av lokaliteten,1238,KVAM,12,Hordaland,60.1216,5.908883,3,Karmøy til Sotra,
22,2018,12040,Brandaskuta,medikamentell,fôrbehandling,Teflubenzuron,,,,hele lokaliteten,1224,KVINNHERAD,12,Hordaland,59.975735,5.909183,3,Karmøy til Sotra,
22,2018,11015,Brattholmen,ikke-medikamentell,,,,,,hele lokaliteten,1818,HERØY I NORDLAND,18,Nordland,65.90735,12.220967,8,Helgeland til Bodø,
22,2018,21336,Djupeleget,medikamentell,fôrbehandling,Teflubenzuron,,,,hele lokaliteten,1416,HØYANGER,14,Sogn og Fjordane,61.16942,5.80735,4,Nordhordaland til Stadt,
22,2018,25895,Flornes,medikamentell,fôrbehandling,Diflubenzuron,,,,hele lokaliteten,1223,TYSNES,12,Hordaland,59.890984,5.665983,3,Karmøy til Sotra,
22,2018,25895,Flornes,medikamentell,fôrbehandling,Emamectin benzoat,,,,hele lokaliteten,1223,TYSNES,12,Hordaland,59.890984,5.665983,3,Karmøy til Sotra,
22,2018,22095,Hågardsneset,medikamentell,fôrbehandling,Teflubenzuron,,,,hele lokaliteten,1224,KVINNHERAD,12,Hordaland,59.9844,5.929967,3,Karmøy til Sotra,
22,2018,16755,Hageberg,medikamentell,fôrbehandling,Teflubenzuron,,,,deler av lokaliteten,1222,FITJAR,12,Hordaland,59.944218,5.434733,3,Karmøy til Sotra,
22,2018,14136,Hestholmen Ø,medikamentell,fôrbehandling,Emamectin benzoat,,,,hele lokaliteten,1144,KVITSØY,11,Rogaland,59.061516,5.445683,2,Ryfylke,
22,2018,14136,Hestholmen Ø,medikamentell,fôrbehandling,Emamectin benzoat,,,,hele lokaliteten,1144,KVITSØY,11,Rogaland,59.061516,5.445683,2,Ryfylke,
22,2018,10410,Hindholmen,medikamentell,fôrbehandling,Emamectin benzoat,,,,hele lokaliteten,5051,NÆRØY,50,Trøndelag,64.77393,11.44087,7,Nord-Trøndelag med Bindal,
22,2018,33577,Kjeholmen II,medikamentell,fôrbehandling,Emamectin benzoat,,,,hele lokaliteten,1003,FARSUND,10,Vest-Agder,58.06008,6.885683,1,Svenskegrensen til Jæren,
22,2018,10409,Kjelneset,medikamentell,fôrbehandling,Emamectin benzoat,,,,hele lokaliteten,5048,FOSNES,50,Trøndelag,64.64391,11.388517,7,Nord-Trøndelag med Bindal,
22,2018,26135,Kjørsvikgrunn,ikke-medikamentell,,,,,,deler av lokaliteten,5011,HEMNE,50,Trøndelag,63.457565,9.076,6,Nordmøre og Sør-Trøndelag,
22,2018,12215,Kleppeneset,medikamentell,fôrbehandling,Emamectin benzoat,,,,hele lokaliteten,1445,GLOPPEN,14,Sogn og Fjordane,61.785934,5.977233,4,Nordhordaland til Stadt,
22,2018,10113,Kobbavika,ikke-medikamentell,,,,,,hele lokaliteten,1141,FINNØY,11,Rogaland,59.12232,5.934433,2,Ryfylke,
22,2018,13234,Kysnes,medikamentell,fôrbehandling,Teflubenzuron,,,,hele lokaliteten,1227,JONDAL,12,Hordaland,60.19877,6.09685,3,Karmøy til Sotra,
22,2018,11116,Langholmen,ikke-medikamentell,,,,,,deler av lokaliteten,1838,GILDESKÅL,18,Nordland,67.05783,14.025333,8,Helgeland til Bodø,
22,2018,13550,Marøy Nø,medikamentell,fôrbehandling,Diflubenzuron,,,,deler av lokaliteten,1438,BREMANGER,14,Sogn og Fjordane,61.847935,5.295383,4,Nordhordaland til Stadt,
22,2018,26435,Mjølsvik,medikamentell,fôrbehandling,Diflubenzuron,,,,hele lokaliteten,1416,HØYANGER,14,Sogn og Fjordane,61.111584,6.0423,4,Nordhordaland til Stadt,
22,2018,24937,Nebbo,medikamentell,fôrbehandling,Emamectin benzoat,,,,hele lokaliteten,1224,KVINNHERAD,12,Hordaland,59.87075,5.725017,3,Karmøy til Sotra,
22,2018,11129,Nordfugløy,ikke-medikamentell,,,,,,hele lokaliteten,1838,GILDESKÅL,18,Nordland,67.083916,13.85685,8,Helgeland til Bodø,
22,2018,10181,Oksebåsen V,medikamentell,fôrbehandling,Emamectin benzoat,,,,hele lokaliteten,1532,GISKE,15,Møre og Romsdal,62.517033,6.157833,5,Stadt til Hustadvika,
22,2018,10181,Oksebåsen V,medikamentell,fôrbehandling,Emamectin benzoat,,,,hele lokaliteten,1532,GISKE,15,Møre og Romsdal,62.517033,6.157833,5,Stadt til Hustadvika,
22,2018,12366,Raskjæret,ikke-medikamentell,,,,,,deler av lokaliteten,5014,FRØYA,50,Trøndelag,63.793617,8.854567,6,Nordmøre og Sør-Trøndelag,
22,2018,31777,Reinvika,ikke-medikamentell,,,,,,deler av lokaliteten,1845,SØRFOLD,18,Nordland,67.60568,15.368483,9,Vestfjorden og Vesterålen,
22,2018,12003,Rossholmen N,medikamentell,fôrbehandling,Emamectin benzoat,,,,hele lokaliteten,1142,RENNESØY,11,Rogaland,59.06428,5.722617,2,Ryfylke,
22,2018,11770,Rotøy,medikamentell,fôrbehandling,Teflubenzuron,,,,hele lokaliteten,1259,ØYGARDEN,12,Hordaland,60.682816,4.759617,4,Nordhordaland til Stadt,
22,2018,12298,Røysa,medikamentell,fôrbehandling,Emamectin benzoat,,,,hele lokaliteten,1532,GISKE,15,Møre og Romsdal,62.54865,6.1417,5,Stadt til Hustadvika,
22,2018,12298,Røysa,medikamentell,fôrbehandling,Emamectin benzoat,,,,hele lokaliteten,1532,GISKE,15,Møre og Romsdal,62.54865,6.1417,5,Stadt til Hustadvika,
22,2018,12794,Rundklumpen,ikke-medikamentell,,,,,,deler av lokaliteten,5017,BJUGN,50,Trøndelag,63.8012,9.607983,6,Nordmøre og Sør-Trøndelag,
22,2018,13249,Sagelva,ikke-medikamentell,,,,,,hele lokaliteten,1520,ØRSTA,15,Møre og Romsdal,62.33795,6.3815,5,Stadt til Hustadvika,
22,2018,25896,Skorpo,medikamentell,fôrbehandling,Diflubenzuron,,,,hele lokaliteten,1223,TYSNES,12,Hordaland,59.875767,5.638817,3,Karmøy til Sotra,
22,2018,25896,Skorpo,medikamentell,fôrbehandling,Emamectin benzoat,,,,hele lokaliteten,1223,TYSNES,12,Hordaland,59.875767,5.638817,3,Karmøy til Sotra,
22,2018,12192,Skorva,ikke-medikamentell,,,,,,hele lokaliteten,1428,ASKVOLL,14,Sogn og Fjordane,61.467117,5.3136,4,Nordhordaland til Stadt,
22,2018,23695,Skotungneset,ikke-medikamentell,,,,,,hele lokaliteten,1525,STRANDA,15,Møre og Romsdal,62.34895,6.910767,5,Stadt til Hustadvika,
22,2018,10311,Storlia,ikke-medikamentell,,,,,,deler av lokaliteten,1413,HYLLESTAD,14,Sogn og Fjordane,61.201717,5.170933,4,Nordhordaland til Stadt,
22,2018,10332,Trommo,ikke-medikamentell,,,,,,deler av lokaliteten,1224,KVINNHERAD,12,Hordaland,60.08243,6.080067,3,Karmøy til Sotra,
22,2018,14678,Uvåg,medikamentell,fôrbehandling,Emamectin benzoat,,,,hele lokaliteten,1867,BØ I NORDLAND,18,Nordland,68.6599,14.67875,9,Vestfjorden og Vesterålen,
22,2018,32337,Veiesund,medikamentell,fôrbehandling,Emamectin benzoat,,,,hele lokaliteten,1401,FLORA,14,Sogn og Fjordane,61.57187,5.047283,4,Nordhordaland til Stadt,
22,2018,29936,Ystadneset,medikamentell,fôrbehandling,Diflubenzuron,,,,hele lokaliteten,1224,KVINNHERAD,12,Hordaland,59.977932,5.77565,3,Karmøy til Sotra,
22,2018,29936,Ystadneset,medikamentell,fôrbehandling,Emamectin benzoat,,,,hele lokaliteten,1224,KVINNHERAD,12,Hordaland,59.977932,5.77565,3,Karmøy til Sotra,
21,2018,12067,Aldalen,ikke-medikamentell,,,,,,deler av lokaliteten,1243,OS I HORDALAND,12,Hordaland,60.24995,5.571917,3,Karmøy til Sotra,
21,2018,13227,Altaneset,ikke-medikamentell,,,,,,deler av lokaliteten,1241,FUSA,12,Hordaland,60.247116,5.63475,3,Karmøy til Sotra,
21,2018,11364,Årberg,medikamentell,badebehandling,Hydrogenperoksid,,,,deler av lokaliteten,1928,TORSKEN,19,Troms,69.1959,16.91595,10,Andøya til Senja,
21,2018,12095,Bergadalen,ikke-medikamentell,,,,,,deler av lokaliteten,1238,KVAM,12,Hordaland,60.1216,5.908883,3,Karmøy til Sotra,
21,2018,12040,Brandaskuta,medikamentell,fôrbehandling,Teflubenzuron,,,,hele lokaliteten,1224,KVINNHERAD,12,Hordaland,59.975735,5.909183,3,Karmøy til Sotra,
21,2018,11488,Brattavika,ikke-medikamentell,,,,,,deler av lokaliteten,1244,AUSTEVOLL,12,Hordaland,60.044117,5.303317,3,Karmøy til Sotra,
21,2018,25895,Flornes,medikamentell,fôrbehandling,Diflubenzuron,,,,hele lokaliteten,1223,TYSNES,12,Hordaland,59.890984,5.665983,3,Karmøy til Sotra,
21,2018,19115,Fugløya S,ikke-medikamentell,,,,,,deler av lokaliteten,5012,SNILLFJORD,50,Trøndelag,63.460682,9.1444,6,Nordmøre og Sør-Trøndelag,
21,2018,11736,Fureholmen S,medikamentell,badebehandling,Deltamethrin,,,,deler av lokaliteten,1412,SOLUND,14,Sogn og Fjordane,61.056084,4.867017,4,Nordhordaland til Stadt,
21,2018,22095,Hågardsneset,medikamentell,fôrbehandling,Teflubenzuron,,,,hele lokaliteten,1224,KVINNHERAD,12,Hordaland,59.9844,5.929967,3,Karmøy til Sotra,
21,2018,10410,Hindholmen,medikamentell,fôrbehandling,Emamectin benzoat,,,,hele lokaliteten,5051,NÆRØY,50,Trøndelag,64.77393,11.44087,7,Nord-Trøndelag med Bindal,
21,2018,10536,Høgholmen,medikamentell,badebehandling,Azamethiphos,,,,deler av lokaliteten,1903,HARSTAD,19,Troms,69.031586,16.481867,10,Andøya til Senja,
21,2018,11571,Holevik,ikke-medikamentell,,,,,,deler av lokaliteten,1219,BØMLO,12,Hordaland,59.776585,5.321817,3,Karmøy til Sotra,
21,2018,29756,Indre Bringenes,ikke-medikamentell,,,,,,deler av lokaliteten,1929,BERG,19,Troms,69.48227,17.57155,10,Andøya til Senja,
21,2018,11405,Innerbrokløysa,ikke-medikamentell,,,,,,deler av lokaliteten,1870,SORTLAND,18,Nordland,68.630714,15.483317,9,Vestfjorden og Vesterålen,
21,2018,33577,Kjeholmen II,medikamentell,fôrbehandling,Emamectin benzoat,,,,hele lokaliteten,1003,FARSUND,10,Vest-Agder,58.06008,6.885683,1,Svenskegrensen til Jæren,
21,2018,33577,Kjeholmen II,medikamentell,fôrbehandling,Emamectin benzoat,,,,hele lokaliteten,1003,FARSUND,10,Vest-Agder,58.06008,6.885683,1,Svenskegrensen til Jæren,
21,2018,11112,Kjerkvika,ikke-medikamentell,,,,,,deler av lokaliteten,1838,GILDESKÅL,18,Nordland,67.107864,14.268983,8,Helgeland til Bodø,
21,2018,12215,Kleppeneset,medikamentell,fôrbehandling,Emamectin benzoat,,,,hele lokaliteten,1445,GLOPPEN,14,Sogn og Fjordane,61.785934,5.977233,4,Nordhordaland til Stadt,
21,2018,13550,Marøy Nø,medikamentell,fôrbehandling,Diflubenzuron,,,,deler av lokaliteten,1438,BREMANGER,14,Sogn og Fjordane,61.847935,5.295383,4,Nordhordaland til Stadt,
21,2018,26435,Mjølsvik,medikamentell,fôrbehandling,Diflubenzuron,,,,deler av lokaliteten,1416,HØYANGER,14,Sogn og Fjordane,61.111584,6.0423,4,Nordhordaland til Stadt,
21,2018,30157,Movik,medikamentell,badebehandling,Hydrogenperoksid,,,,hele lokaliteten,1845,SØRFOLD,18,Nordland,67.63265,15.26325,9,Vestfjorden og Vesterålen,
21,2018,26315,Nordgjæslingan,ikke-medikamentell,,,,,,hele lokaliteten,5050,VIKNA,50,Trøndelag,64.7659,10.9128,7,Nord-Trøndelag med Bindal,
21,2018,10181,Oksebåsen V,medikamentell,fôrbehandling,Emamectin benzoat,,,,hele lokaliteten,1532,GISKE,15,Møre og Romsdal,62.517033,6.157833,5,Stadt til Hustadvika,
21,2018,10181,Oksebåsen V,medikamentell,fôrbehandling,Emamectin benzoat,,,,hele lokaliteten,1532,GISKE,15,Møre og Romsdal,62.517033,6.157833,5,Stadt til Hustadvika,
21,2018,13345,Oterstegdalen,ikke-medikamentell,,,,,,deler av lokaliteten,1241,FUSA,12,Hordaland,60.23545,5.638267,3,Karmøy til Sotra,
21,2018,11688,Portevika,ikke-medikamentell,,,,,,deler av lokaliteten,1413,HYLLESTAD,14,Sogn og Fjordane,61.18885,5.090017,4,Nordhordaland til Stadt,
21,2018,12003,Rossholmen N,medikamentell,fôrbehandling,Emamectin benzoat,,,,hele lokaliteten,1142,RENNESØY,11,Rogaland,59.06428,5.722617,2,Ryfylke,
21,2018,13597,Salangslia,ikke-medikamentell,,,,,,hele lokaliteten,1923,SALANGEN,19,Troms,68.85463,17.520884,10,Andøya til Senja,
21,2018,25896,Skorpo,medikamentell,fôrbehandling,Diflubenzuron,,,,hele lokaliteten,1223,TYSNES,12,Hordaland,59.875767,5.638817,3,Karmøy til Sotra,
21,2018,20776,Storoksen,ikke-medikamentell,,,,,,deler av lokaliteten,1247,ASKØY,12,Hordaland,60.530884,4.97325,4,Nordhordaland til Stadt,
21,2018,13566,Storskrebukti,ikke-medikamentell,,,,,,deler av lokaliteten,1263,LINDÅS,12,Hordaland,60.653732,5.4192,4,Nordhordaland til Stadt,
21,2018,31817,Svartskjær,ikke-medikamentell,,,,,,deler av lokaliteten,1917,IBESTAD,19,Troms,68.71893,16.7745,10,Andøya til Senja,
21,2018,14678,Uvåg,medikamentell,fôrbehandling,Emamectin benzoat,,,,hele lokaliteten,1867,BØ I NORDLAND,18,Nordland,68.6599,14.67875,9,Vestfjorden og Vesterålen,
21,2018,32337,Veiesund,medikamentell,fôrbehandling,Emamectin benzoat,,,,hele lokaliteten,1401,FLORA,14,Sogn og Fjordane,61.57187,5.047283,4,Nordhordaland til Stadt,
21,2018,11385,Vestnes,medikamentell,badebehandling,Azamethiphos,,,,hele lokaliteten,1903,HARSTAD,19,Troms,68.98158,16.48835,10,Andøya til Senja,
21,2018,29936,Ystadneset,medikamentell,fôrbehandling,Diflubenzuron,,,,hele lokaliteten,1224,KVINNHERAD,12,Hordaland,59.977932,5.77565,3,Karmøy til Sotra,
20,2018,32017,Ånholmen,medikamentell,fôrbehandling,Emamectin benzoat,,,,hele lokaliteten,5048,FOSNES,50,Trøndelag,64.7198,11.461683,7,Nord-Trøndelag med Bindal,
20,2018,11749,Bårøy,ikke-medikamentell,,,,,,deler av lokaliteten,1411,GULEN,14,Sogn og Fjordane,60.945866,4.845383,4,Nordhordaland til Stadt,
20,2018,12095,Bergadalen,ikke-medikamentell,,,,,,deler av lokaliteten,1238,KVAM,12,Hordaland,60.1216,5.908883,3,Karmøy til Sotra,
20,2018,12007,Dale II,ikke-medikamentell,,,,,,deler av lokaliteten,1142,RENNESØY,11,Rogaland,59.08215,5.71055,2,Ryfylke,
20,2018,21415,Dyrholmen,ikke-medikamentell,,,,,,deler av lokaliteten,1141,FINNØY,11,Rogaland,59.285484,5.8583,2,Ryfylke,
20,2018,25895,Flornes,medikamentell,fôrbehandling,Diflubenzuron,,,,hele lokaliteten,1223,TYSNES,12,Hordaland,59.890984,5.665983,3,Karmøy til Sotra,
20,2018,13058,Fusavika,ikke-medikamentell,,,,,,deler av lokaliteten,1241,FUSA,12,Hordaland,60.207634,5.613817,3,Karmøy til Sotra,
20,2018,32917,Gregusvika,medikamentell,badebehandling,Hydrogenperoksid,,,,deler av lokaliteten,1917,IBESTAD,19,Troms,68.81875,17.34635,10,Andøya til Senja,
20,2018,11783,Hella,ikke-medikamentell,,,,,,deler av lokaliteten,1428,ASKVOLL,14,Sogn og Fjordane,61.40663,5.080817,4,Nordhordaland til Stadt,
20,2018,36817,Kariskjæret,ikke-medikamentell,,,,,,deler av lokaliteten,1804,BODØ,18,Nordland,67.38345,14.381967,9,Vestfjorden og Vesterålen,
20,2018,12213,Kvangardsnes,ikke-medikamentell,,,,,,hele lokaliteten,1519,VOLDA,15,Møre og Romsdal,62.145317,5.94545,5,Stadt til Hustadvika,
20,2018,10041,Kviksholmen,medikamentell,fôrbehandling,Diflubenzuron,,,,hele lokaliteten,1244,AUSTEVOLL,12,Hordaland,60.054317,5.090733,3,Karmøy til Sotra,
20,2018,11116,Langholmen,ikke-medikamentell,,,,,,deler av lokaliteten,1838,GILDESKÅL,18,Nordland,67.05783,14.025333,8,Helgeland til Bodø,
20,2018,13550,Marøy Nø,medikamentell,fôrbehandling,Diflubenzuron,,,,deler av lokaliteten,1438,BREMANGER,14,Sogn og Fjordane,61.847935,5.295383,4,Nordhordaland til Stadt,
20,2018,11807,Marøytåa,ikke-medikamentell,,,,,,deler av lokaliteten,1401,FLORA,14,Sogn og Fjordane,61.506767,5.118367,4,Nordhordaland til Stadt,
20,2018,21397,Midt Femris,medikamentell,fôrbehandling,Emamectin benzoat,,,,hele lokaliteten,1838,GILDESKÅL,18,Nordland,67.033165,13.96735,8,Helgeland til Bodø,
20,2018,26435,Mjølsvik,medikamentell,fôrbehandling,Diflubenzuron,,,,deler av lokaliteten,1416,HØYANGER,14,Sogn og Fjordane,61.111584,6.0423,4,Nordhordaland til Stadt,
20,2018,10149,Rafdal,ikke-medikamentell,,,,,,deler av lokaliteten,1211,ETNE,12,Hordaland,59.790916,6.176567,3,Karmøy til Sotra,
20,2018,12794,Rundklumpen,ikke-medikamentell,,,,,,deler av lokaliteten,5017,BJUGN,50,Trøndelag,63.8012,9.607983,6,Nordmøre og Sør-Trøndelag,
20,2018,13530,Sjåneset,medikamentell,badebehandling,Hydrogenperoksid,,,,hele lokaliteten,1868,ØKSNES,18,Nordland,68.903534,15.037333,9,Vestfjorden og Vesterålen,
20,2018,25896,Skorpo,medikamentell,fôrbehandling,Diflubenzuron,,,,hele lokaliteten,1223,TYSNES,12,Hordaland,59.875767,5.638817,3,Karmøy til Sotra,
20,2018,20776,Storoksen,medikamentell,badebehandling,Deltamethrin,,,,deler av lokaliteten,1247,ASKØY,12,Hordaland,60.530884,4.97325,4,Nordhordaland til Stadt,
20,2018,20776,Storoksen,ikke-medikamentell,,,,,,deler av lokaliteten,1247,ASKØY,12,Hordaland,60.530884,4.97325,4,Nordhordaland til Stadt,
20,2018,17077,Trettevik,medikamentell,badebehandling,Annet virkestoff,,,,deler av lokaliteten,1931,LENVIK,19,Troms,69.51037,18.0218,10,Andøya til Senja,
20,2018,14678,Uvåg,medikamentell,fôrbehandling,Emamectin benzoat,,,,hele lokaliteten,1867,BØ I NORDLAND,18,Nordland,68.6599,14.67875,9,Vestfjorden og Vesterålen,
20,2018,36717,Vindhammarneset,ikke-medikamentell,,,,,,deler av lokaliteten,1929,BERG,19,Troms,69.468414,17.606182,10,Andøya til Senja,
20,2018,29936,Ystadneset,medikamentell,fôrbehandling,Diflubenzuron,,,,hele lokaliteten,1224,KVINNHERAD,12,Hordaland,59.977932,5.77565,3,Karmøy til Sotra,
19,2018,15196,Aga Ø,ikke-medikamentell,,,,,,deler av lokaliteten,1219,BØMLO,12,Hordaland,59.8451,5.261367,3,Karmøy til Sotra,
19,2018,13227,Altaneset,ikke-medikamentell,,,,,,deler av lokaliteten,1241,FUSA,12,Hordaland,60.247116,5.63475,3,Karmøy til Sotra,
19,2018,32017,Ånholmen,medikamentell,fôrbehandling,Emamectin benzoat,,,,hele lokaliteten,5048,FOSNES,50,Trøndelag,64.7198,11.461683,7,Nord-Trøndelag med Bindal,
19,2018,11749,Bårøy,ikke-medikamentell,,,,,,deler av lokaliteten,1411,GULEN,14,Sogn og Fjordane,60.945866,4.845383,4,Nordhordaland til Stadt,
19,2018,23436,Bjørnholmen,ikke-medikamentell,,,,,,deler av lokaliteten,1412,SOLUND,14,Sogn og Fjordane,61.20635,4.938083,4,Nordhordaland til Stadt,
19,2018,26595,Djupevika,medikamentell,badebehandling,Hydrogenperoksid,,,,deler av lokaliteten,1223,TYSNES,12,Hordaland,60.035816,5.342217,3,Karmøy til Sotra,
19,2018,32197,Dryna,ikke-medikamentell,,,,,,deler av lokaliteten,1545,MIDSUND,15,Møre og Romsdal,62.6444,6.5568,5,Stadt til Hustadvika,
19,2018,17177,Grunneneset,ikke-medikamentell,,,,,,deler av lokaliteten,1438,BREMANGER,14,Sogn og Fjordane,61.89385,5.34825,4,Nordhordaland til Stadt,
19,2018,36737,Hallsteinhamn I,ikke-medikamentell,,,,,,deler av lokaliteten,1804,BODØ,18,Nordland,67.44185,14.71595,9,Vestfjorden og Vesterålen,
19,2018,33797,Hidlekjerringa,ikke-medikamentell,,,,,,deler av lokaliteten,1130,STRAND,11,Rogaland,59.067284,5.839383,2,Ryfylke,
19,2018,10300,Hillersvik,ikke-medikamentell,,,,,,deler av lokaliteten,1216,SVEIO,12,Hordaland,59.6084,5.311917,3,Karmøy til Sotra,
19,2018,29656,Juvika,ikke-medikamentell,,,,,,hele lokaliteten,1412,SOLUND,14,Sogn og Fjordane,61.104767,5.018483,4,Nordhordaland til Stadt,
19,2018,16736,Kåvika,medikamentell,badebehandling,Hydrogenperoksid,,,,deler av lokaliteten,1941,SKJERVØY,19,Troms,69.95783,20.69315,11,Kvaløya til Loppa,
19,2018,28976,Kelvesteinen,ikke-medikamentell,,,,,,deler av lokaliteten,1246,FJELL,12,Hordaland,60.4029,5.063717,3,Karmøy til Sotra,
19,2018,36297,Kjeringeholmen,ikke-medikamentell,,,,,,deler av lokaliteten,1428,ASKVOLL,14,Sogn og Fjordane,61.38997,4.98405,4,Nordhordaland til Stadt,
19,2018,10041,Kviksholmen,medikamentell,fôrbehandling,Diflubenzuron,,,,hele lokaliteten,1244,AUSTEVOLL,12,Hordaland,60.054317,5.090733,3,Karmøy til Sotra,
19,2018,26295,Langøy,ikke-medikamentell,,,,,,hele lokaliteten,1263,LINDÅS,12,Hordaland,60.779133,5.1608,4,Nordhordaland til Stadt,
19,2018,21397,Midt Femris,medikamentell,fôrbehandling,Emamectin benzoat,,,,hele lokaliteten,1838,GILDESKÅL,18,Nordland,67.033165,13.96735,8,Helgeland til Bodø,
19,2018,19655,Ospeneset,ikke-medikamentell,,,,,,hele lokaliteten,1263,LINDÅS,12,Hordaland,60.74687,5.268483,4,Nordhordaland til Stadt,
19,2018,10149,Rafdal,ikke-medikamentell,,,,,,deler av lokaliteten,1211,ETNE,12,Hordaland,59.790916,6.176567,3,Karmøy til Sotra,
19,2018,29276,Rongøy,ikke-medikamentell,,,,,,deler av lokaliteten,1259,ØYGARDEN,12,Hordaland,60.509335,4.9317,4,Nordhordaland til Stadt,
19,2018,34137,Skårliodden,medikamentell,badebehandling,Annet virkestoff,,,,deler av lokaliteten,1931,LENVIK,19,Troms,69.47495,18.065416,10,Andøya til Senja,
19,2018,23375,Sørevik,ikke-medikamentell,,,,,,deler av lokaliteten,1416,HØYANGER,14,Sogn og Fjordane,61.099983,5.729967,4,Nordhordaland til Stadt,
19,2018,10054,Tobbeholmane,medikamentell,badebehandling,Hydrogenperoksid,,,,deler av lokaliteten,1244,AUSTEVOLL,12,Hordaland,60.02432,5.30815,3,Karmøy til Sotra,
19,2018,32717,Tranøya N,medikamentell,badebehandling,Azamethiphos,,,,hele lokaliteten,5017,BJUGN,50,Trøndelag,63.872032,9.769783,6,Nordmøre og Sør-Trøndelag,
19,2018,17077,Trettevik,medikamentell,badebehandling,Annet virkestoff,,,,deler av lokaliteten,1931,LENVIK,19,Troms,69.51037,18.0218,10,Andøya til Senja,
19,2018,10616,Vinnalandet,medikamentell,badebehandling,Annet virkestoff,,,,deler av lokaliteten,2004,HAMMERFEST,20,Finnmark,70.57315,23.397882,12,Vest-Finnmark,
19,2018,10616,Vinnalandet,medikamentell,badebehandling,Deltamethrin,,,,deler av lokaliteten,2004,HAMMERFEST,20,Finnmark,70.57315,23.397882,12,Vest-Finnmark,
18,2018,13341,Bakjestranda,medikamentell,fôrbehandling,Emamectin benzoat,,,,hele lokaliteten,1438,BREMANGER,14,Sogn og Fjordane,61.82025,4.940267,4,Nordhordaland til Stadt,
18,2018,12007,Dale II,ikke-medikamentell,,,,,,deler av lokaliteten,1142,RENNESØY,11,Rogaland,59.08215,5.71055,2,Ryfylke,
18,2018,21415,Dyrholmen,ikke-medikamentell,,,,,,deler av lokaliteten,1141,FINNØY,11,Rogaland,59.285484,5.8583,2,Ryfylke,
18,2018,17177,Grunneneset,ikke-medikamentell,,,,,,deler av lokaliteten,1438,BREMANGER,14,Sogn og Fjordane,61.89385,5.34825,4,Nordhordaland til Stadt,
18,2018,36737,Hallsteinhamn I,ikke-medikamentell,,,,,,deler av lokaliteten,1804,BODØ,18,Nordland,67.44185,14.71595,9,Vestfjorden og Vesterålen,
18,2018,10300,Hillersvik,ikke-medikamentell,,,,,,deler av lokaliteten,1216,SVEIO,12,Hordaland,59.6084,5.311917,3,Karmøy til Sotra,
18,2018,36817,Kariskjæret,ikke-medikamentell,,,,,,deler av lokaliteten,1804,BODØ,18,Nordland,67.38345,14.381967,9,Vestfjorden og Vesterålen,
18,2018,36297,Kjeringeholmen,ikke-medikamentell,,,,,,deler av lokaliteten,1428,ASKVOLL,14,Sogn og Fjordane,61.38997,4.98405,4,Nordhordaland til Stadt,
18,2018,10041,Kviksholmen,medikamentell,fôrbehandling,Diflubenzuron,,,,hele lokaliteten,1244,AUSTEVOLL,12,Hordaland,60.054317,5.090733,3,Karmøy til Sotra,
18,2018,10898,Lamholmen,medikamentell,fôrbehandling,Emamectin benzoat,,,,deler av lokaliteten,1813,BRØNNØY,18,Nordland,65.47093,12.1338,8,Helgeland til Bodø,
18,2018,11116,Langholmen,medikamentell,fôrbehandling,Emamectin benzoat,,,,deler av lokaliteten,1838,GILDESKÅL,18,Nordland,67.05783,14.025333,8,Helgeland til Bodø,
18,2018,24715,Langholmen,ikke-medikamentell,,,,,,deler av lokaliteten,1141,FINNØY,11,Rogaland,59.097282,5.835917,2,Ryfylke,
18,2018,32977,Måren,ikke-medikamentell,,,,,,hele lokaliteten,1416,HØYANGER,14,Sogn og Fjordane,61.152668,6.1167,4,Nordhordaland til Stadt,
18,2018,11864,Napp,medikamentell,badebehandling,Azamethiphos,,,,hele lokaliteten,1004,FLEKKEFJORD,10,Vest-Agder,58.24867,6.53675,1,Svenskegrensen til Jæren,
18,2018,31697,Oksen,ikke-medikamentell,,,,,,deler av lokaliteten,1246,FJELL,12,Hordaland,60.4336,4.940617,3,Karmøy til Sotra,
18,2018,13867,Raunevågen,ikke-medikamentell,,,,,,deler av lokaliteten,1216,SVEIO,12,Hordaland,59.65798,5.533667,3,Karmøy til Sotra,
18,2018,11758,Sauøy Ø,ikke-medikamentell,,,,,,deler av lokaliteten,1259,ØYGARDEN,12,Hordaland,60.592335,4.857833,4,Nordhordaland til Stadt,
18,2018,14081,Tveit,ikke-medikamentell,,,,,,hele lokaliteten,1413,HYLLESTAD,14,Sogn og Fjordane,61.110085,5.340483,4,Nordhordaland til Stadt,
18,2018,13837,Verpeide,ikke-medikamentell,,,,,,hele lokaliteten,1439,VÅGSØY,14,Sogn og Fjordane,61.902218,5.209233,4,Nordhordaland til Stadt,
17,2018,32017,Ånholmen,ikke-medikamentell,,,,,,deler av lokaliteten,5048,FOSNES,50,Trøndelag,64.7198,11.461683,7,Nord-Trøndelag med Bindal,
17,2018,12085,Aplavika,ikke-medikamentell,,,,,,deler av lokaliteten,1238,KVAM,12,Hordaland,60.25865,6.055333,3,Karmøy til Sotra,
17,2018,12178,Bjønnspjotneset,ikke-medikamentell,,,,,,deler av lokaliteten,1416,HØYANGER,14,Sogn og Fjordane,61.098083,5.82545,4,Nordhordaland til Stadt,
17,2018,10256,Bondøya,ikke-medikamentell,,,,,,deler av lokaliteten,5050,VIKNA,50,Trøndelag,64.8168,10.7427,7,Nord-Trøndelag med Bindal,
17,2018,13205,Brattholmen,ikke-medikamentell,,,,,,hele lokaliteten,1412,SOLUND,14,Sogn og Fjordane,61.068382,4.713817,4,Nordhordaland til Stadt,
17,2018,35497,Drøno,medikamentell,badebehandling,Hydrogenperoksid,,,,hele lokaliteten,1244,AUSTEVOLL,12,Hordaland,60.08077,5.192033,3,Karmøy til Sotra,
17,2018,15456,Eidesberget,medikamentell,fôrbehandling,Emamectin benzoat,,,,deler av lokaliteten,1416,HØYANGER,14,Sogn og Fjordane,61.105118,5.853883,4,Nordhordaland til Stadt,
17,2018,16939,Fornes,medikamentell,fôrbehandling,Annet virkestoff,,,,deler av lokaliteten,1851,LØDINGEN,18,Nordland,68.410484,15.435433,9,Vestfjorden og Vesterålen,
17,2018,11736,Fureholmen S,medikamentell,badebehandling,Annet virkestoff,,,,deler av lokaliteten,1412,SOLUND,14,Sogn og Fjordane,61.056084,4.867017,4,Nordhordaland til Stadt,
17,2018,11667,Gardskråneset,ikke-medikamentell,,,,,,deler av lokaliteten,1259,ØYGARDEN,12,Hordaland,60.5399,4.904617,4,Nordhordaland til Stadt,
17,2018,17177,Grunneneset,ikke-medikamentell,,,,,,deler av lokaliteten,1438,BREMANGER,14,Sogn og Fjordane,61.89385,5.34825,4,Nordhordaland til Stadt,
17,2018,36937,Hallvardsøya,medikamentell,badebehandling,Hydrogenperoksid,,,,hele lokaliteten,1927,TRANØY,19,Troms,69.15137,16.906532,10,Andøya til Senja,
17,2018,11783,Hella,ikke-medikamentell,,,,,,deler av lokaliteten,1428,ASKVOLL,14,Sogn og Fjordane,61.40663,5.080817,4,Nordhordaland til Stadt,
17,2018,10087,Kalvøya N,ikke-medikamentell,,,,,,hele lokaliteten,1428,ASKVOLL,14,Sogn og Fjordane,61.319366,4.707167,4,Nordhordaland til Stadt,
17,2018,32577,Klammerholmen,medikamentell,badebehandling,Hydrogenperoksid,,,,deler av lokaliteten,1244,AUSTEVOLL,12,Hordaland,60.08165,5.168567,3,Karmøy til Sotra,
17,2018,30076,Kyrøyene,ikke-medikamentell,,,,,,deler av lokaliteten,5050,VIKNA,50,Trøndelag,64.764015,10.806633,7,Nord-Trøndelag med Bindal,
17,2018,10898,Lamholmen,medikamentell,fôrbehandling,Emamectin benzoat,,,,deler av lokaliteten,1813,BRØNNØY,18,Nordland,65.47093,12.1338,8,Helgeland til Bodø,
17,2018,10898,Lamholmen,medikamentell,fôrbehandling,Emamectin benzoat,,,,deler av lokaliteten,1813,BRØNNØY,18,Nordland,65.47093,12.1338,8,Helgeland til Bodø,
17,2018,11116,Langholmen,ikke-medikamentell,,,,,,deler av lokaliteten,1838,GILDESKÅL,18,Nordland,67.05783,14.025333,8,Helgeland til Bodø,
17,2018,14435,Ljøsøy N,ikke-medikamentell,,,,,,deler av lokaliteten,1259,ØYGARDEN,12,Hordaland,60.565132,4.878417,4,Nordhordaland til Stadt,
17,2018,14495,Nordeimsøyna,ikke-medikamentell,,,,,,deler av lokaliteten,1141,FINNØY,11,Rogaland,59.28695,5.812483,2,Ryfylke,
17,2018,27055,Oddane,ikke-medikamentell,,,,,,hele lokaliteten,1401,FLORA,14,Sogn og Fjordane,61.5417,4.968867,4,Nordhordaland til Stadt,
17,2018,31697,Oksen,ikke-medikamentell,,,,,,deler av lokaliteten,1246,FJELL,12,Hordaland,60.4336,4.940617,3,Karmøy til Sotra,
17,2018,11856,Salvågvika,medikamentell,badebehandling,Azamethiphos,,,,hele lokaliteten,1004,FLEKKEFJORD,10,Vest-Agder,58.227165,6.632767,1,Svenskegrensen til Jæren,
17,2018,10309,Syrtangen,ikke-medikamentell,,,,,,hele lokaliteten,1259,ØYGARDEN,12,Hordaland,60.46773,4.968667,4,Nordhordaland til Stadt,
17,2018,30837,Torangskjeret,medikamentell,badebehandling,Hydrogenperoksid,,,,hele lokaliteten,1244,AUSTEVOLL,12,Hordaland,60.130184,5.176033,3,Karmøy til Sotra,
16,2018,15196,Aga Ø,ikke-medikamentell,,,,,,deler av lokaliteten,1219,BØMLO,12,Hordaland,59.8451,5.261367,3,Karmøy til Sotra,
16,2018,12086,Alsåkervik,medikamentell,badebehandling,Hydrogenperoksid,,,,hele lokaliteten,1224,KVINNHERAD,12,Hordaland,59.7601,6.074183,3,Karmøy til Sotra,
16,2018,11513,Andal,ikke-medikamentell,,,,,,deler av lokaliteten,1219,BØMLO,12,Hordaland,59.636482,5.247117,3,Karmøy til Sotra,
16,2018,12095,Bergadalen,ikke-medikamentell,,,,,,deler av lokaliteten,1238,KVAM,12,Hordaland,60.1216,5.908883,3,Karmøy til Sotra,
16,2018,12178,Bjønnspjotneset,ikke-medikamentell,,,,,,deler av lokaliteten,1416,HØYANGER,14,Sogn og Fjordane,61.098083,5.82545,4,Nordhordaland til Stadt,
16,2018,10256,Bondøya,ikke-medikamentell,,,,,,deler av lokaliteten,5050,VIKNA,50,Trøndelag,64.8168,10.7427,7,Nord-Trøndelag med Bindal,
16,2018,11248,Bonhammaren,medikamentell,badebehandling,Hydrogenperoksid,,,,hele lokaliteten,1867,BØ I NORDLAND,18,Nordland,68.81738,14.7101,9,Vestfjorden og Vesterålen,
16,2018,11574,Breivik S,ikke-medikamentell,,,,,,hele lokaliteten,1219,BØMLO,12,Hordaland,59.671185,5.31215,3,Karmøy til Sotra,
16,2018,15456,Eidesberget,medikamentell,fôrbehandling,Emamectin benzoat,,,,deler av lokaliteten,1416,HØYANGER,14,Sogn og Fjordane,61.105118,5.853883,4,Nordhordaland til Stadt,
16,2018,19115,Fugløya S,ikke-medikamentell,,,,,,deler av lokaliteten,5012,SNILLFJORD,50,Trøndelag,63.460682,9.1444,6,Nordmøre og Sør-Trøndelag,
16,2018,11667,Gardskråneset,ikke-medikamentell,,,,,,deler av lokaliteten,1259,ØYGARDEN,12,Hordaland,60.5399,4.904617,4,Nordhordaland til Stadt,
16,2018,25695,Gjerde,ikke-medikamentell,,,,,,hele lokaliteten,1516,ULSTEIN,15,Møre og Romsdal,62.259983,5.929183,5,Stadt til Hustadvika,
16,2018,17177,Grunneneset,ikke-medikamentell,,,,,,deler av lokaliteten,1438,BREMANGER,14,Sogn og Fjordane,61.89385,5.34825,4,Nordhordaland til Stadt,
16,2018,33597,Grytøyraholmen,ikke-medikamentell,,,,,,deler av lokaliteten,1429,FJALER,14,Sogn og Fjordane,61.29278,5.014117,4,Nordhordaland til Stadt,
16,2018,10410,Hindholmen,ikke-medikamentell,,,,,,hele lokaliteten,5051,NÆRØY,50,Trøndelag,64.77393,11.44087,7,Nord-Trøndelag med Bindal,
16,2018,12035,Hondskår,ikke-medikamentell,,,,,,deler av lokaliteten,1224,KVINNHERAD,12,Hordaland,60.10687,5.939133,3,Karmøy til Sotra,
16,2018,26135,Kjørsvikgrunn,ikke-medikamentell,,,,,,deler av lokaliteten,5011,HEMNE,50,Trøndelag,63.457565,9.076,6,Nordmøre og Sør-Trøndelag,
16,2018,32577,Klammerholmen,medikamentell,badebehandling,Hydrogenperoksid,,,,deler av lokaliteten,1244,AUSTEVOLL,12,Hordaland,60.08165,5.168567,3,Karmøy til Sotra,
16,2018,18755,Klungset,medikamentell,fôrbehandling,Emamectin benzoat,,,,hele lokaliteten,5051,NÆRØY,50,Trøndelag,64.74997,11.394183,7,Nord-Trøndelag med Bindal,
16,2018,11775,Kviteskjeret,ikke-medikamentell,,,,,,deler av lokaliteten,1428,ASKVOLL,14,Sogn og Fjordane,61.467815,5.2203,4,Nordhordaland til Stadt,
16,2018,26295,Langøy,ikke-medikamentell,,,,,,deler av lokaliteten,1263,LINDÅS,12,Hordaland,60.779133,5.1608,4,Nordhordaland til Stadt,
16,2018,14435,Ljøsøy N,ikke-medikamentell,,,,,,deler av lokaliteten,1259,ØYGARDEN,12,Hordaland,60.565132,4.878417,4,Nordhordaland til Stadt,
16,2018,12134,Maradalen,ikke-medikamentell,,,,,,hele lokaliteten,1224,KVINNHERAD,12,Hordaland,59.76077,5.686767,3,Karmøy til Sotra,
16,2018,13629,Munkholmen,ikke-medikamentell,,,,,,deler av lokaliteten,1146,TYSVÆR,11,Rogaland,59.285484,5.631317,2,Ryfylke,
16,2018,15403,Olderøy,ikke-medikamentell,,,,,,deler av lokaliteten,1412,SOLUND,14,Sogn og Fjordane,61.103283,4.712233,4,Nordhordaland til Stadt,
16,2018,10149,Rafdal,medikamentell,badebehandling,Hydrogenperoksid,,,,hele lokaliteten,1211,ETNE,12,Hordaland,59.790916,6.176567,3,Karmøy til Sotra,
16,2018,10149,Rafdal,ikke-medikamentell,,,,,,deler av lokaliteten,1211,ETNE,12,Hordaland,59.790916,6.176567,3,Karmøy til Sotra,
16,2018,11651,Ramsøy S,medikamentell,badebehandling,Hydrogenperoksid,,,,deler av lokaliteten,1247,ASKØY,12,Hordaland,60.434082,5.062733,3,Karmøy til Sotra,
16,2018,12366,Raskjæret,medikamentell,fôrbehandling,Emamectin benzoat,,,,hele lokaliteten,5014,FRØYA,50,Trøndelag,63.793617,8.854567,6,Nordmøre og Sør-Trøndelag,
16,2018,13867,Raunevågen,ikke-medikamentell,,,,,,deler av lokaliteten,1216,SVEIO,12,Hordaland,59.65798,5.533667,3,Karmøy til Sotra,
16,2018,11856,Salvågvika,medikamentell,badebehandling,Azamethiphos,,,,hele lokaliteten,1004,FLEKKEFJORD,10,Vest-Agder,58.227165,6.632767,1,Svenskegrensen til Jæren,
16,2018,22315,Skavhella,ikke-medikamentell,,,,,,hele lokaliteten,1243,OS I HORDALAND,12,Hordaland,60.218933,5.5593,3,Karmøy til Sotra,
16,2018,11861,Skipningsdalen,medikamentell,badebehandling,Azamethiphos,,,,hele lokaliteten,1004,FLEKKEFJORD,10,Vest-Agder,58.24148,6.5958,1,Svenskegrensen til Jæren,
16,2018,13566,Storskrebukti,ikke-medikamentell,,,,,,deler av lokaliteten,1263,LINDÅS,12,Hordaland,60.653732,5.4192,4,Nordhordaland til Stadt,
16,2018,33677,Torvund,ikke-medikamentell,,,,,,deler av lokaliteten,1416,HØYANGER,14,Sogn og Fjordane,61.14467,5.656367,4,Nordhordaland til Stadt,
15,2018,11793,Ånnaholmane,ikke-medikamentell,,,,,,hele lokaliteten,1428,ASKVOLL,14,Sogn og Fjordane,61.284267,4.725433,4,Nordhordaland til Stadt,
15,2018,12178,Bjønnspjotneset,ikke-medikamentell,,,,,,deler av lokaliteten,1416,HØYANGER,14,Sogn og Fjordane,61.098083,5.82545,4,Nordhordaland til Stadt,
15,2018,12040,Brandaskuta,rensefisk,,,2221,Rognkjeks (felles),11429,hele lokaliteten,1224,KVINNHERAD,12,Hordaland,59.975735,5.909183,3,Karmøy til Sotra,
15,2018,10223,Bremnessvaet,rensefisk,,,2221,Rognkjeks (felles),74114,deler av lokaliteten,1573,SMØLA,15,Møre og Romsdal,63.39795,8.214317,6,Nordmøre og Sør-Trøndelag,
15,2018,12466,Brettingen,rensefisk,,,2221,Rognkjeks (felles),63414,deler av lokaliteten,1573,SMØLA,15,Møre og Romsdal,63.3582,8.237267,6,Nordmøre og Sør-Trøndelag,
15,2018,11857,Buksevika,medikamentell,badebehandling,Azamethiphos,,,,hele lokaliteten,1004,FLEKKEFJORD,10,Vest-Agder,58.2074,6.63505,1,Svenskegrensen til Jæren,
15,2018,32197,Dryna,rensefisk,,,1694,Grøngylt,13,deler av lokaliteten,1545,MIDSUND,15,Møre og Romsdal,62.6444,6.5568,5,Stadt til Hustadvika,
15,2018,32197,Dryna,rensefisk,,,1693,Bergnebb,1410,deler av lokaliteten,1545,MIDSUND,15,Møre og Romsdal,62.6444,6.5568,5,Stadt til Hustadvika,
15,2018,32197,Dryna,rensefisk,,,1691,Berggylt,1027,deler av lokaliteten,1545,MIDSUND,15,Møre og Romsdal,62.6444,6.5568,5,Stadt til Hustadvika,
15,2018,15456,Eidesberget,medikamentell,fôrbehandling,Emamectin benzoat,,,,deler av lokaliteten,1416,HØYANGER,14,Sogn og Fjordane,61.105118,5.853883,4,Nordhordaland til Stadt,
15,2018,10324,Gjerdeviksflua,ikke-medikamentell,,,,,,hele lokaliteten,1241,FUSA,12,Hordaland,60.223083,5.641167,3,Karmøy til Sotra,
15,2018,22095,Hågardsneset,rensefisk,,,2221,Rognkjeks (felles),44168,hele lokaliteten,1224,KVINNHERAD,12,Hordaland,59.9844,5.929967,3,Karmøy til Sotra,
15,2018,31577,Haneholmen,ikke-medikamentell,,,,,,deler av lokaliteten,1445,GLOPPEN,14,Sogn og Fjordane,61.84045,6.10055,4,Nordhordaland til Stadt,
15,2018,11511,Hattasteinen,ikke-medikamentell,,,,,,deler av lokaliteten,1219,BØMLO,12,Hordaland,59.626266,5.250717,3,Karmøy til Sotra,
15,2018,33797,Hidlekjerringa,ikke-medikamentell,,,,,,hele lokaliteten,1130,STRAND,11,Rogaland,59.067284,5.839383,2,Ryfylke,
15,2018,12035,Hondskår,ikke-medikamentell,,,,,,deler av lokaliteten,1224,KVINNHERAD,12,Hordaland,60.10687,5.939133,3,Karmøy til Sotra,
15,2018,10876,Istervika,medikamentell,badebehandling,Deltamethrin,,,,hele lokaliteten,1813,BRØNNØY,18,Nordland,65.446884,12.56175,8,Helgeland til Bodø,
15,2018,28976,Kelvesteinen,medikamentell,badebehandling,Hydrogenperoksid,,,,deler av lokaliteten,1246,FJELL,12,Hordaland,60.4029,5.063717,3,Karmøy til Sotra,
15,2018,33577,Kjeholmen II,rensefisk,,,1693,Bergnebb,8400,hele lokaliteten,1003,FARSUND,10,Vest-Agder,58.06008,6.885683,1,Svenskegrensen til Jæren,
15,2018,26135,Kjørsvikgrunn,medikamentell,fôrbehandling,Emamectin benzoat,,,,deler av lokaliteten,5011,HEMNE,50,Trøndelag,63.457565,9.076,6,Nordmøre og Sør-Trøndelag,
15,2018,13339,Klungervikneset,rensefisk,,,222120,Rognkjeks (hun),10028,hele lokaliteten,1219,BØMLO,12,Hordaland,59.74668,5.3424,3,Karmøy til Sotra,
15,2018,18755,Klungset,medikamentell,fôrbehandling,Emamectin benzoat,,,,hele lokaliteten,5051,NÆRØY,50,Trøndelag,64.74997,11.394183,7,Nord-Trøndelag med Bindal,
15,2018,10224,Korsneset,rensefisk,,,222120,Rognkjeks (hun),4105,deler av lokaliteten,1571,HALSA,15,Møre og Romsdal,63.14268,8.225383,6,Nordmøre og Sør-Trøndelag,
15,2018,32097,Korsneset 2,rensefisk,,,222120,Rognkjeks (hun),35653,hele lokaliteten,1571,HALSA,15,Møre og Romsdal,63.14123,8.21375,6,Nordmøre og Sør-Trøndelag,
15,2018,13055,Langøyna Ø,ikke-medikamentell,,,,,,deler av lokaliteten,1146,TYSVÆR,11,Rogaland,59.2983,5.713333,2,Ryfylke,
15,2018,13549,Løypingneset,rensefisk,,,2221,Rognkjeks (felles),36328,hele lokaliteten,1438,BREMANGER,14,Sogn og Fjordane,61.819534,5.247667,4,Nordhordaland til Stadt,
15,2018,21915,Matløyso,ikke-medikamentell,,,,,,deler av lokaliteten,1222,FITJAR,12,Hordaland,59.95238,5.283167,3,Karmøy til Sotra,
15,2018,10375,Nord Leksa,rensefisk,,,222120,Rognkjeks (hun),30184,deler av lokaliteten,5016,AGDENES,50,Trøndelag,63.589367,9.409217,6,Nordmøre og Sør-Trøndelag,
15,2018,12366,Raskjæret,medikamentell,fôrbehandling,Emamectin benzoat,,,,hele lokaliteten,5014,FRØYA,50,Trøndelag,63.793617,8.854567,6,Nordmøre og Sør-Trøndelag,
15,2018,10086,Rekeviki,ikke-medikamentell,,,,,,hele lokaliteten,1263,LINDÅS,12,Hordaland,60.723415,5.328583,4,Nordhordaland til Stadt,
15,2018,29276,Rongøy,medikamentell,badebehandling,Hydrogenperoksid,,,,deler av lokaliteten,1259,ØYGARDEN,12,Hordaland,60.509335,4.9317,4,Nordhordaland til Stadt,
15,2018,17015,Seglberget,ikke-medikamentell,,,,,,hele lokaliteten,1224,KVINNHERAD,12,Hordaland,59.730434,5.788733,3,Karmøy til Sotra,
15,2018,30997,Skrubbholmen,ikke-medikamentell,,,,,,deler av lokaliteten,5051,NÆRØY,50,Trøndelag,64.801735,11.162183,7,Nord-Trøndelag med Bindal,
15,2018,11605,Soløy Ø,ikke-medikamentell,,,,,,deler av lokaliteten,1222,FITJAR,12,Hordaland,59.90708,5.159833,3,Karmøy til Sotra,
15,2018,13708,Steinvik,medikamentell,badebehandling,Deltamethrin,,,,hele lokaliteten,1401,FLORA,14,Sogn og Fjordane,61.565266,5.31025,4,Nordhordaland til Stadt,
15,2018,13708,Steinvik,medikamentell,badebehandling,Deltamethrin,,,,hele lokaliteten,1401,FLORA,14,Sogn og Fjordane,61.565266,5.31025,4,Nordhordaland til Stadt,
15,2018,13708,Steinvik,medikamentell,badebehandling,Deltamethrin,,,,hele lokaliteten,1401,FLORA,14,Sogn og Fjordane,61.565266,5.31025,4,Nordhordaland til Stadt,
15,2018,20776,Storoksen,medikamentell,badebehandling,Hydrogenperoksid,,,,deler av lokaliteten,1247,ASKØY,12,Hordaland,60.530884,4.97325,4,Nordhordaland til Stadt,
15,2018,17575,Tollaksholmen,ikke-medikamentell,,,,,,deler av lokaliteten,1145,BOKN,11,Rogaland,59.2522,5.390517,2,Ryfylke,
15,2018,33677,Torvund,ikke-medikamentell,,,,,,deler av lokaliteten,1416,HØYANGER,14,Sogn og Fjordane,61.14467,5.656367,4,Nordhordaland til Stadt,
15,2018,13704,Vikane,ikke-medikamentell,,,,,,hele lokaliteten,1266,MASFJORDEN,12,Hordaland,60.7125,5.403633,4,Nordhordaland til Stadt,
14,2018,15196,Aga Ø,medikamentell,badebehandling,Annet virkestoff,,,,deler av lokaliteten,1219,BØMLO,12,Hordaland,59.8451,5.261367,3,Karmøy til Sotra,
14,2018,12067,Aldalen,ikke-medikamentell,,,,,,deler av lokaliteten,1243,OS I HORDALAND,12,Hordaland,60.24995,5.571917,3,Karmøy til Sotra,
14,2018,12086,Alsåkervik,medikamentell,fôrbehandling,Emamectin benzoat,,,,deler av lokaliteten,1224,KVINNHERAD,12,Hordaland,59.7601,6.074183,3,Karmøy til Sotra,
14,2018,29816,Apalvikneset,rensefisk,,,2221,Rognkjeks (felles),14022,deler av lokaliteten,1227,JONDAL,12,Hordaland,60.146217,6.121133,3,Karmøy til Sotra,
14,2018,13845,Beitveit,rensefisk,,,2221,Rognkjeks (felles),37876,deler av lokaliteten,1441,SELJE,14,Sogn og Fjordane,62.141335,5.3397,5,Stadt til Hustadvika,
14,2018,12237,Brudevika,rensefisk,,,2221,Rognkjeks (felles),10133,hele lokaliteten,1511,VANYLVEN,15,Møre og Romsdal,62.116566,5.420717,5,Stadt til Hustadvika,
14,2018,11857,Buksevika,medikamentell,badebehandling,Azamethiphos,,,,hele lokaliteten,1004,FLEKKEFJORD,10,Vest-Agder,58.2074,6.63505,1,Svenskegrensen til Jæren,
14,2018,10110,Djupevik,ikke-medikamentell,,,,,,deler av lokaliteten,1141,FINNØY,11,Rogaland,59.1474,5.863783,2,Ryfylke,
14,2018,12033,Dysvik,ikke-medikamentell,,,,,,hele lokaliteten,1238,KVAM,12,Hordaland,60.191017,5.967617,3,Karmøy til Sotra,
14,2018,15456,Eidesberget,medikamentell,fôrbehandling,Emamectin benzoat,,,,deler av lokaliteten,1416,HØYANGER,14,Sogn og Fjordane,61.105118,5.853883,4,Nordhordaland til Stadt,
14,2018,31157,Fiksneset,ikke-medikamentell,,,,,,deler av lokaliteten,1245,SUND,12,Hordaland,60.176884,5.124833,3,Karmøy til Sotra,
14,2018,13058,Fusavika,ikke-medikamentell,,,,,,deler av lokaliteten,1241,FUSA,12,Hordaland,60.207634,5.613817,3,Karmøy til Sotra,
14,2018,11559,Grimsholmen,medikamentell,badebehandling,Hydrogenperoksid,,,,hele lokaliteten,1216,SVEIO,12,Hordaland,59.65735,5.404167,3,Karmøy til Sotra,
14,2018,33597,Grytøyraholmen,ikke-medikamentell,,,,,,deler av lokaliteten,1429,FJALER,14,Sogn og Fjordane,61.29278,5.014117,4,Nordhordaland til Stadt,
14,2018,12789,Gunnarøya,rensefisk,,,222120,Rognkjeks (hun),16896,hele lokaliteten,5012,SNILLFJORD,50,Trøndelag,63.569485,9.467983,6,Nordmøre og Sør-Trøndelag,
14,2018,11740,Haverøy,ikke-medikamentell,,,,,,deler av lokaliteten,1246,FJELL,12,Hordaland,60.404766,4.93995,3,Karmøy til Sotra,
14,2018,27095,Ihlholmen,ikke-medikamentell,,,,,,hele lokaliteten,1160,VINDAFJORD,11,Rogaland,59.7215,5.586633,3,Karmøy til Sotra,
14,2018,33577,Kjeholmen II,rensefisk,,,1693,Bergnebb,8400,hele lokaliteten,1003,FARSUND,10,Vest-Agder,58.06008,6.885683,1,Svenskegrensen til Jæren,
14,2018,26135,Kjørsvikgrunn,medikamentell,fôrbehandling,Emamectin benzoat,,,,deler av lokaliteten,5011,HEMNE,50,Trøndelag,63.457565,9.076,6,Nordmøre og Sør-Trøndelag,
14,2018,32577,Klammerholmen,rensefisk,,,2221,Rognkjeks (felles),10000,hele lokaliteten,1244,AUSTEVOLL,12,Hordaland,60.08165,5.168567,3,Karmøy til Sotra,
14,2018,19195,Korsholman,rensefisk,,,2221,Rognkjeks (felles),8554,deler av lokaliteten,5013,HITRA,50,Trøndelag,63.597218,8.51575,6,Nordmøre og Sør-Trøndelag,
14,2018,11809,Krabbestig,rensefisk,,,2221,Rognkjeks (felles),1,deler av lokaliteten,1439,VÅGSØY,14,Sogn og Fjordane,61.894566,5.0616,4,Nordhordaland til Stadt,
14,2018,11809,Krabbestig,rensefisk,,,1694,Grøngylt,1,deler av lokaliteten,1439,VÅGSØY,14,Sogn og Fjordane,61.894566,5.0616,4,Nordhordaland til Stadt,
14,2018,11809,Krabbestig,rensefisk,,,1693,Bergnebb,1,deler av lokaliteten,1439,VÅGSØY,14,Sogn og Fjordane,61.894566,5.0616,4,Nordhordaland til Stadt,
14,2018,11809,Krabbestig,rensefisk,,,1691,Berggylt,1,deler av lokaliteten,1439,VÅGSØY,14,Sogn og Fjordane,61.894566,5.0616,4,Nordhordaland til Stadt,
14,2018,29056,Lille Torsøy II,rensefisk,,,2221,Rognkjeks (felles),17085,deler av lokaliteten,5013,HITRA,50,Trøndelag,63.60803,8.494633,6,Nordmøre og Sør-Trøndelag,
14,2018,12022,Ljonesbjørgene,rensefisk,,,222120,Rognkjeks (hun),39519,hele lokaliteten,1238,KVAM,12,Hordaland,60.2564,6.16585,3,Karmøy til Sotra,
14,2018,10232,Mannbruholmen,rensefisk,,,2221,Rognkjeks (felles),29899,deler av lokaliteten,5014,FRØYA,50,Trøndelag,63.8473,8.53675,6,Nordmøre og Sør-Trøndelag,
14,2018,13345,Oterstegdalen,ikke-medikamentell,,,,,,hele lokaliteten,1241,FUSA,12,Hordaland,60.23545,5.638267,3,Karmøy til Sotra,
14,2018,12784,Ringholmen,rensefisk,,,222120,Rognkjeks (hun),38922,hele lokaliteten,5012,SNILLFJORD,50,Trøndelag,63.56,9.41005,6,Nordmøre og Sør-Trøndelag,
14,2018,30997,Skrubbholmen,ikke-medikamentell,,,,,,deler av lokaliteten,5051,NÆRØY,50,Trøndelag,64.801735,11.162183,7,Nord-Trøndelag med Bindal,
14,2018,11605,Soløy Ø,ikke-medikamentell,,,,,,deler av lokaliteten,1222,FITJAR,12,Hordaland,59.90708,5.159833,3,Karmøy til Sotra,
14,2018,20776,Storoksen,medikamentell,badebehandling,Hydrogenperoksid,,,,deler av lokaliteten,1247,ASKØY,12,Hordaland,60.530884,4.97325,4,Nordhordaland til Stadt,
14,2018,13057,Teigland I,ikke-medikamentell,,,,,,deler av lokaliteten,1238,KVAM,12,Hordaland,60.17935,5.959917,3,Karmøy til Sotra,
14,2018,11925,Vintraviki,rensefisk,,,222120,Rognkjeks (hun),9654,hele lokaliteten,1134,SULDAL,11,Rogaland,59.399384,6.020533,2,Ryfylke,
13,2018,12067,Aldalen,ikke-medikamentell,,,,,,deler av lokaliteten,1243,OS I HORDALAND,12,Hordaland,60.24995,5.571917,3,Karmøy til Sotra,
13,2018,12086,Alsåkervik,medikamentell,fôrbehandling,Emamectin benzoat,,,,deler av lokaliteten,1224,KVINNHERAD,12,Hordaland,59.7601,6.074183,3,Karmøy til Sotra,
13,2018,12109,Ebne,ikke-medikamentell,,,,,,hele lokaliteten,1211,ETNE,12,Hordaland,59.71443,5.8238,3,Karmøy til Sotra,
13,2018,12036,Hisdalen,ikke-medikamentell,,,,,,hele lokaliteten,1224,KVINNHERAD,12,Hordaland,60.126118,5.9305,3,Karmøy til Sotra,
13,2018,33577,Kjeholmen II,rensefisk,,,1693,Bergnebb,8400,hele lokaliteten,1003,FARSUND,10,Vest-Agder,58.06008,6.885683,1,Svenskegrensen til Jæren,
13,2018,26135,Kjørsvikgrunn,medikamentell,fôrbehandling,Emamectin benzoat,,,,deler av lokaliteten,5011,HEMNE,50,Trøndelag,63.457565,9.076,6,Nordmøre og Sør-Trøndelag,
13,2018,10224,Korsneset,rensefisk,,,222120,Rognkjeks (hun),21646,deler av lokaliteten,1571,HALSA,15,Møre og Romsdal,63.14268,8.225383,6,Nordmøre og Sør-Trøndelag,
13,2018,32097,Korsneset 2,rensefisk,,,222120,Rognkjeks (hun),12000,deler av lokaliteten,1571,HALSA,15,Møre og Romsdal,63.14123,8.21375,6,Nordmøre og Sør-Trøndelag,
13,2018,11809,Krabbestig,ikke-medikamentell,,,,,,deler av lokaliteten,1439,VÅGSØY,14,Sogn og Fjordane,61.894566,5.0616,4,Nordhordaland til Stadt,
13,2018,12213,Kvangardsnes,ikke-medikamentell,,,,,,hele lokaliteten,1519,VOLDA,15,Møre og Romsdal,62.145317,5.94545,5,Stadt til Hustadvika,
13,2018,13549,Løypingneset,rensefisk,,,2221,Rognkjeks (felles),27193,deler av lokaliteten,1438,BREMANGER,14,Sogn og Fjordane,61.819534,5.247667,4,Nordhordaland til Stadt,
13,2018,10197,Opshaugvik,ikke-medikamentell,,,,,,hele lokaliteten,1525,STRANDA,15,Møre og Romsdal,62.28765,6.990333,5,Stadt til Hustadvika,
13,2018,37197,Ruggstein,rensefisk,,,222120,Rognkjeks (hun),17063,hele lokaliteten,5014,FRØYA,50,Trøndelag,63.770084,8.476033,6,Nordmøre og Sør-Trøndelag,
13,2018,24115,Singsholmen,rensefisk,,,222120,Rognkjeks (hun),14031,deler av lokaliteten,5013,HITRA,50,Trøndelag,63.41975,8.411617,6,Nordmøre og Sør-Trøndelag,
13,2018,20796,Skarbukta,rensefisk,,,1694,Grøngylt,494,hele lokaliteten,1539,RAUMA,15,Møre og Romsdal,62.59785,7.367717,5,Stadt til Hustadvika,
13,2018,20796,Skarbukta,rensefisk,,,1693,Bergnebb,410,hele lokaliteten,1539,RAUMA,15,Møre og Romsdal,62.59785,7.367717,5,Stadt til Hustadvika,
13,2018,20796,Skarbukta,rensefisk,,,222120,Rognkjeks (hun),7708,hele lokaliteten,1539,RAUMA,15,Møre og Romsdal,62.59785,7.367717,5,Stadt til Hustadvika,
13,2018,26155,Slåttholmen,ikke-medikamentell,,,,,,deler av lokaliteten,5011,HEMNE,50,Trøndelag,63.44779,8.958173,6,Nordmøre og Sør-Trøndelag,
13,2018,27436,Solværet,rensefisk,,,222120,Rognkjeks (hun),15387,deler av lokaliteten,1573,SMØLA,15,Møre og Romsdal,63.255,7.856933,6,Nordmøre og Sør-Trøndelag,
13,2018,15375,Sørøyflesa,rensefisk,,,222120,Rognkjeks (hun),4698,deler av lokaliteten,5014,FRØYA,50,Trøndelag,63.98405,9.057067,6,Nordmøre og Sør-Trøndelag,
13,2018,24197,Værøya Ø,rensefisk,,,222120,Rognkjeks (hun),8060,deler av lokaliteten,5013,HITRA,50,Trøndelag,63.415966,8.483883,6,Nordmøre og Sør-Trøndelag,
13,2018,27315,Vikane 1,rensefisk,,,2221,Rognkjeks (felles),8932,deler av lokaliteten,1227,JONDAL,12,Hordaland,60.26125,6.225083,3,Karmøy til Sotra,
13,2018,17495,Vullum,rensefisk,,,222120,Rognkjeks (hun),15495,hele lokaliteten,1571,HALSA,15,Møre og Romsdal,63.04895,8.21635,6,Nordmøre og Sør-Trøndelag,
12,2018,12085,Aplavika,ikke-medikamentell,,,,,,deler av lokaliteten,1238,KVAM,12,Hordaland,60.25865,6.055333,3,Karmøy til Sotra,
12,2018,11930,Bjelkavik,rensefisk,,,222120,Rognkjeks (hun),16117,deler av lokaliteten,1134,SULDAL,11,Rogaland,59.45165,5.991917,2,Ryfylke,
12,2018,12178,Bjønnspjotneset,ikke-medikamentell,,,,,,deler av lokaliteten,1416,HØYANGER,14,Sogn og Fjordane,61.098083,5.82545,4,Nordhordaland til Stadt,
12,2018,11488,Brattavika,medikamentell,fôrbehandling,Diflubenzuron,,,,deler av lokaliteten,1244,AUSTEVOLL,12,Hordaland,60.044117,5.303317,3,Karmøy til Sotra,
12,2018,13841,Brunsvik,ikke-medikamentell,,,,,,deler av lokaliteten,1439,VÅGSØY,14,Sogn og Fjordane,61.910183,5.29085,4,Nordhordaland til Stadt,
12,2018,33077,Elveneset,ikke-medikamentell,,,,,,deler av lokaliteten,1413,HYLLESTAD,14,Sogn og Fjordane,61.206,5.131733,4,Nordhordaland til Stadt,
12,2018,32677,Espnestaren,rensefisk,,,222120,Rognkjeks (hun),6983,deler av lokaliteten,5014,FRØYA,50,Trøndelag,63.678017,8.66685,6,Nordmøre og Sør-Trøndelag,
12,2018,31577,Haneholmen,ikke-medikamentell,,,,,,deler av lokaliteten,1445,GLOPPEN,14,Sogn og Fjordane,61.84045,6.10055,4,Nordhordaland til Stadt,
12,2018,11783,Hella,ikke-medikamentell,,,,,,hele lokaliteten,1428,ASKVOLL,14,Sogn og Fjordane,61.40663,5.080817,4,Nordhordaland til Stadt,
12,2018,11920,Herøy,ikke-medikamentell,,,,,,hele lokaliteten,1160,VINDAFJORD,11,Rogaland,59.4664,6.0262,2,Ryfylke,
12,2018,33957,Hofsøya,rensefisk,,,222120,Rognkjeks (hun),32753,hele lokaliteten,5014,FRØYA,50,Trøndelag,63.722168,8.913317,6,Nordmøre og Sør-Trøndelag,
12,2018,12599,Indre Skjervøy,rensefisk,,,2221,Rognkjeks (felles),38112,deler av lokaliteten,5020,OSEN,50,Trøndelag,64.2858,10.30905,6,Nordmøre og Sør-Trøndelag,
12,2018,33577,Kjeholmen II,rensefisk,,,1693,Bergnebb,8400,hele lokaliteten,1003,FARSUND,10,Vest-Agder,58.06008,6.885683,1,Svenskegrensen til Jæren,
12,2018,32577,Klammerholmen,rensefisk,,,2221,Rognkjeks (felles),29570,hele lokaliteten,1244,AUSTEVOLL,12,Hordaland,60.08165,5.168567,3,Karmøy til Sotra,
12,2018,12380,Langøya Kvaløya,rensefisk,,,222120,Rognkjeks (hun),8375,hele lokaliteten,5014,FRØYA,50,Trøndelag,63.791515,8.6066,6,Nordmøre og Sør-Trøndelag,
12,2018,12022,Ljonesbjørgene,ikke-medikamentell,,,,,,hele lokaliteten,1238,KVAM,12,Hordaland,60.2564,6.16585,3,Karmøy til Sotra,
12,2018,33337,Lyngnes,rensefisk,,,2221,Rognkjeks (felles),7380,deler av lokaliteten,1241,FUSA,12,Hordaland,60.1197,5.720917,3,Karmøy til Sotra,
12,2018,10197,Opshaugvik,ikke-medikamentell,,,,,,hele lokaliteten,1525,STRANDA,15,Møre og Romsdal,62.28765,6.990333,5,Stadt til Hustadvika,
12,2018,10328,Sagvik,ikke-medikamentell,,,,,,deler av lokaliteten,1238,KVAM,12,Hordaland,60.141033,5.906933,3,Karmøy til Sotra,
12,2018,12973,Saltkjelen I,ikke-medikamentell,,,,,,hele lokaliteten,1238,KVAM,12,Hordaland,60.31815,6.183183,3,Karmøy til Sotra,
12,2018,12019,Saltkjelen II,rensefisk,,,2221,Rognkjeks (felles),18033,deler av lokaliteten,1227,JONDAL,12,Hordaland,60.248016,6.2014,3,Karmøy til Sotra,
12,2018,12244,Setevika,rensefisk,,,222120,Rognkjeks (hun),26020,hele lokaliteten,1545,MIDSUND,15,Møre og Romsdal,62.728065,6.939283,5,Stadt til Hustadvika,
12,2018,11640,Skorpeosen,rensefisk,,,2221,Rognkjeks (felles),18432,deler av lokaliteten,1246,FJELL,12,Hordaland,60.332535,4.942783,3,Karmøy til Sotra,
12,2018,23375,Sørevik,ikke-medikamentell,,,,,,deler av lokaliteten,1416,HØYANGER,14,Sogn og Fjordane,61.099983,5.729967,4,Nordhordaland til Stadt,
12,2018,11700,Storeneset,ikke-medikamentell,,,,,,deler av lokaliteten,1411,GULEN,14,Sogn og Fjordane,60.8763,5.02805,4,Nordhordaland til Stadt,
12,2018,10311,Storlia,ikke-medikamentell,,,,,,deler av lokaliteten,1413,HYLLESTAD,14,Sogn og Fjordane,61.201717,5.170933,4,Nordhordaland til Stadt,
12,2018,13057,Teigland I,ikke-medikamentell,,,,,,deler av lokaliteten,1238,KVAM,12,Hordaland,60.17935,5.959917,3,Karmøy til Sotra,
12,2018,10054,Tobbeholmane,rensefisk,,,222120,Rognkjeks (hun),21887,hele lokaliteten,1244,AUSTEVOLL,12,Hordaland,60.02432,5.30815,3,Karmøy til Sotra,
11,2018,12095,Bergadalen,ikke-medikamentell,,,,,,hele lokaliteten,1238,KVAM,12,Hordaland,60.1216,5.908883,3,Karmøy til Sotra,
11,2018,11488,Brattavika,medikamentell,fôrbehandling,Diflubenzuron,,,,deler av lokaliteten,1244,AUSTEVOLL,12,Hordaland,60.044117,5.303317,3,Karmøy til Sotra,
11,2018,13841,Brunsvik,ikke-medikamentell,,,,,,deler av lokaliteten,1439,VÅGSØY,14,Sogn og Fjordane,61.910183,5.29085,4,Nordhordaland til Stadt,
11,2018,35497,Drøno,rensefisk,,,2221,Rognkjeks (felles),12000,hele lokaliteten,1244,AUSTEVOLL,12,Hordaland,60.08077,5.192033,3,Karmøy til Sotra,
11,2018,14041,Edøya,rensefisk,,,222120,Rognkjeks (hun),14862,hele lokaliteten,5013,HITRA,50,Trøndelag,63.65835,8.694417,6,Nordmøre og Sør-Trøndelag,
11,2018,30137,Edøya II,rensefisk,,,222120,Rognkjeks (hun),19952,hele lokaliteten,5013,HITRA,50,Trøndelag,63.65805,8.683667,6,Nordmøre og Sør-Trøndelag,
11,2018,33077,Elveneset,ikke-medikamentell,,,,,,deler av lokaliteten,1413,HYLLESTAD,14,Sogn og Fjordane,61.206,5.131733,4,Nordhordaland til Stadt,
11,2018,19995,Hagahammaren,rensefisk,,,222120,Rognkjeks (hun),22024,hele lokaliteten,1576,AURE,15,Møre og Romsdal,63.137768,8.03015,6,Nordmøre og Sør-Trøndelag,
11,2018,12895,Halsbukta,rensefisk,,,222120,Rognkjeks (hun),10893,hele lokaliteten,1560,TINGVOLL,15,Møre og Romsdal,63.077686,8.143622,6,Nordmøre og Sør-Trøndelag,
11,2018,15655,Hjartøy N,rensefisk,,,2221,Rognkjeks (felles),11333,deler av lokaliteten,1828,NESNA,18,Nordland,66.23579,12.709967,8,Helgeland til Bodø,
11,2018,18936,Igerøy Ø,rensefisk,,,2221,Rognkjeks (felles),21533,deler av lokaliteten,1815,VEGA,18,Nordland,65.68622,12.138533,8,Helgeland til Bodø,
11,2018,36217,Kalvhylla,rensefisk,,,2221,Rognkjeks (felles),18392,deler av lokaliteten,1816,VEVELSTAD,18,Nordland,65.74827,12.540533,8,Helgeland til Bodø,
11,2018,36297,Kjeringeholmen,ikke-medikamentell,,,,,,deler av lokaliteten,1428,ASKVOLL,14,Sogn og Fjordane,61.38997,4.98405,4,Nordhordaland til Stadt,
11,2018,11809,Krabbestig,rensefisk,,,2221,Rognkjeks (felles),45313,hele lokaliteten,1439,VÅGSØY,14,Sogn og Fjordane,61.894566,5.0616,4,Nordhordaland til Stadt,
11,2018,10041,Kviksholmen,rensefisk,,,2221,Rognkjeks (felles),18985,deler av lokaliteten,1244,AUSTEVOLL,12,Hordaland,60.054317,5.090733,3,Karmøy til Sotra,
11,2018,11775,Kviteskjeret,rensefisk,,,2221,Rognkjeks (felles),28238,deler av lokaliteten,1428,ASKVOLL,14,Sogn og Fjordane,61.467815,5.2203,4,Nordhordaland til Stadt,
11,2018,13234,Kysnes,rensefisk,,,2221,Rognkjeks (felles),10885,deler av lokaliteten,1227,JONDAL,12,Hordaland,60.19877,6.09685,3,Karmøy til Sotra,
11,2018,20559,Langskjæra,rensefisk,,,222120,Rognkjeks (hun),3880,deler av lokaliteten,5014,FRØYA,50,Trøndelag,63.8225,8.75505,6,Nordmøre og Sør-Trøndelag,
11,2018,20559,Langskjæra,rensefisk,,,1693,Bergnebb,2933,deler av lokaliteten,5014,FRØYA,50,Trøndelag,63.8225,8.75505,6,Nordmøre og Sør-Trøndelag,
11,2018,20559,Langskjæra,rensefisk,,,1691,Berggylt,490,deler av lokaliteten,5014,FRØYA,50,Trøndelag,63.8225,8.75505,6,Nordmøre og Sør-Trøndelag,
11,2018,13340,Leiholmane,ikke-medikamentell,,,,,,deler av lokaliteten,1411,GULEN,14,Sogn og Fjordane,60.982216,4.875017,4,Nordhordaland til Stadt,
11,2018,13549,Løypingneset,medikamentell,badebehandling,Hydrogenperoksid,,,,deler av lokaliteten,1438,BREMANGER,14,Sogn og Fjordane,61.819534,5.247667,4,Nordhordaland til Stadt,
11,2018,13549,Løypingneset,ikke-medikamentell,,,,,,deler av lokaliteten,1438,BREMANGER,14,Sogn og Fjordane,61.819534,5.247667,4,Nordhordaland til Stadt,
11,2018,31697,Oksen,ikke-medikamentell,,,,,,deler av lokaliteten,1246,FJELL,12,Hordaland,60.4336,4.940617,3,Karmøy til Sotra,
11,2018,29276,Rongøy,medikamentell,badebehandling,Hydrogenperoksid,,,,deler av lokaliteten,1259,ØYGARDEN,12,Hordaland,60.509335,4.9317,4,Nordhordaland til Stadt,
11,2018,12298,Røysa,rensefisk,,,2221,Rognkjeks (felles),8358,deler av lokaliteten,1532,GISKE,15,Møre og Romsdal,62.54865,6.1417,5,Stadt til Hustadvika,
11,2018,12019,Saltkjelen II,rensefisk,,,2221,Rognkjeks (felles),15698,deler av lokaliteten,1227,JONDAL,12,Hordaland,60.248016,6.2014,3,Karmøy til Sotra,
11,2018,10216,Skåren,rensefisk,,,222120,Rognkjeks (hun),3349,deler av lokaliteten,1571,HALSA,15,Møre og Romsdal,63.076733,8.19315,6,Nordmøre og Sør-Trøndelag,
11,2018,23695,Skotungneset,ikke-medikamentell,,,,,,deler av lokaliteten,1525,STRANDA,15,Møre og Romsdal,62.34895,6.910767,5,Stadt til Hustadvika,
11,2018,26155,Slåttholmen,ikke-medikamentell,,,,,,deler av lokaliteten,5011,HEMNE,50,Trøndelag,63.44779,8.958173,6,Nordmøre og Sør-Trøndelag,
11,2018,29376,Sundsøy,rensefisk,,,2221,Rognkjeks (felles),14574,deler av lokaliteten,1827,DØNNA,18,Nordland,66.17637,12.770283,8,Helgeland til Bodø,
11,2018,30837,Torangskjeret,rensefisk,,,2221,Rognkjeks (felles),20000,hele lokaliteten,1244,AUSTEVOLL,12,Hordaland,60.130184,5.176033,3,Karmøy til Sotra,
11,2018,13837,Verpeide,rensefisk,,,2221,Rognkjeks (felles),12772,deler av lokaliteten,1439,VÅGSØY,14,Sogn og Fjordane,61.902218,5.209233,4,Nordhordaland til Stadt,
11,2018,27315,Vikane 1,rensefisk,,,2221,Rognkjeks (felles),15510,deler av lokaliteten,1227,JONDAL,12,Hordaland,60.26125,6.225083,3,Karmøy til Sotra,
11,2018,17495,Vullum,rensefisk,,,222120,Rognkjeks (hun),17599,hele lokaliteten,1571,HALSA,15,Møre og Romsdal,63.04895,8.21635,6,Nordmøre og Sør-Trøndelag,
10,2018,12086,Alsåkervik,ikke-medikamentell,,,,,,deler av lokaliteten,1224,KVINNHERAD,12,Hordaland,59.7601,6.074183,3,Karmøy til Sotra,
10,2018,11793,Ånnaholmane,ikke-medikamentell,,,,,,deler av lokaliteten,1428,ASKVOLL,14,Sogn og Fjordane,61.284267,4.725433,4,Nordhordaland til Stadt,
10,2018,11749,Bårøy,ikke-medikamentell,,,,,,hele lokaliteten,1411,GULEN,14,Sogn og Fjordane,60.945866,4.845383,4,Nordhordaland til Stadt,
10,2018,11488,Brattavika,medikamentell,fôrbehandling,Diflubenzuron,,,,deler av lokaliteten,1244,AUSTEVOLL,12,Hordaland,60.044117,5.303317,3,Karmøy til Sotra,
10,2018,32197,Dryna,rensefisk,,,222120,Rognkjeks (hun),9537,deler av lokaliteten,1545,MIDSUND,15,Møre og Romsdal,62.6444,6.5568,5,Stadt til Hustadvika,
10,2018,25835,Flatøyflu,ikke-medikamentell,,,,,,deler av lokaliteten,1244,AUSTEVOLL,12,Hordaland,60.156033,5.2315,3,Karmøy til Sotra,
10,2018,17177,Grunneneset,ikke-medikamentell,,,,,,hele lokaliteten,1438,BREMANGER,14,Sogn og Fjordane,61.89385,5.34825,4,Nordhordaland til Stadt,
10,2018,33218,Hosenøyan,rensefisk,,,222120,Rognkjeks (hun),47677,hele lokaliteten,5018,ÅFJORD,50,Trøndelag,64.08518,9.884683,6,Nordmøre og Sør-Trøndelag,
10,2018,28976,Kelvesteinen,medikamentell,badebehandling,Hydrogenperoksid,,,,deler av lokaliteten,1246,FJELL,12,Hordaland,60.4029,5.063717,3,Karmøy til Sotra,
10,2018,33577,Kjeholmen II,rensefisk,,,1693,Bergnebb,8400,hele lokaliteten,1003,FARSUND,10,Vest-Agder,58.06008,6.885683,1,Svenskegrensen til Jæren,
10,2018,36297,Kjeringeholmen,ikke-medikamentell,,,,,,deler av lokaliteten,1428,ASKVOLL,14,Sogn og Fjordane,61.38997,4.98405,4,Nordhordaland til Stadt,
10,2018,26135,Kjørsvikgrunn,rensefisk,,,222120,Rognkjeks (hun),32850,hele lokaliteten,5011,HEMNE,50,Trøndelag,63.457565,9.076,6,Nordmøre og Sør-Trøndelag,
10,2018,11775,Kviteskjeret,rensefisk,,,2221,Rognkjeks (felles),28660,deler av lokaliteten,1428,ASKVOLL,14,Sogn og Fjordane,61.467815,5.2203,4,Nordhordaland til Stadt,
10,2018,13055,Langøyna Ø,rensefisk,,,222120,Rognkjeks (hun),82307,deler av lokaliteten,1146,TYSVÆR,11,Rogaland,59.2983,5.713333,2,Ryfylke,
10,2018,20559,Langskjæra,rensefisk,,,222120,Rognkjeks (hun),523,deler av lokaliteten,5014,FRØYA,50,Trøndelag,63.8225,8.75505,6,Nordmøre og Sør-Trøndelag,
10,2018,20559,Langskjæra,rensefisk,,,1693,Bergnebb,363,deler av lokaliteten,5014,FRØYA,50,Trøndelag,63.8225,8.75505,6,Nordmøre og Sør-Trøndelag,
10,2018,20559,Langskjæra,rensefisk,,,1691,Berggylt,49,deler av lokaliteten,5014,FRØYA,50,Trøndelag,63.8225,8.75505,6,Nordmøre og Sør-Trøndelag,
10,2018,33557,Langskjæra II,rensefisk,,,1693,Bergnebb,3114,deler av lokaliteten,5014,FRØYA,50,Trøndelag,63.82245,8.74075,6,Nordmøre og Sør-Trøndelag,
10,2018,33557,Langskjæra II,rensefisk,,,1691,Berggylt,464,deler av lokaliteten,5014,FRØYA,50,Trøndelag,63.82245,8.74075,6,Nordmøre og Sør-Trøndelag,
10,2018,10181,Oksebåsen V,rensefisk,,,2221,Rognkjeks (felles),56804,hele lokaliteten,1532,GISKE,15,Møre og Romsdal,62.517033,6.157833,5,Stadt til Hustadvika,
10,2018,30657,Revøy,rensefisk,,,1694,Grøngylt,2200,hele lokaliteten,1032,LYNGDAL,10,Vest-Agder,58.0243,7.0268,1,Svenskegrensen til Jæren,
10,2018,30657,Revøy,rensefisk,,,1691,Berggylt,4200,hele lokaliteten,1032,LYNGDAL,10,Vest-Agder,58.0243,7.0268,1,Svenskegrensen til Jæren,
10,2018,12298,Røysa,rensefisk,,,2221,Rognkjeks (felles),46283,deler av lokaliteten,1532,GISKE,15,Møre og Romsdal,62.54865,6.1417,5,Stadt til Hustadvika,
10,2018,12884,Sandnesbukta,rensefisk,,,222120,Rognkjeks (hun),11900,hele lokaliteten,1543,NESSET,15,Møre og Romsdal,62.7369,7.8775,5,Stadt til Hustadvika,
10,2018,11640,Skorpeosen,ikke-medikamentell,,,,,,deler av lokaliteten,1246,FJELL,12,Hordaland,60.332535,4.942783,3,Karmøy til Sotra,
10,2018,30997,Skrubbholmen,medikamentell,badebehandling,Hydrogenperoksid,,,,deler av lokaliteten,5051,NÆRØY,50,Trøndelag,64.801735,11.162183,7,Nord-Trøndelag med Bindal,
10,2018,35657,Varden,ikke-medikamentell,,,,,,deler av lokaliteten,5013,HITRA,50,Trøndelag,63.635715,9.186467,6,Nordmøre og Sør-Trøndelag,
10,2018,10504,Vedvika,medikamentell,badebehandling,Hydrogenperoksid,,,,hele lokaliteten,1867,BØ I NORDLAND,18,Nordland,68.78194,14.6153,9,Vestfjorden og Vesterålen,
9,2018,12086,Alsåkervik,ikke-medikamentell,,,,,,deler av lokaliteten,1224,KVINNHERAD,12,Hordaland,59.7601,6.074183,3,Karmøy til Sotra,
9,2018,11793,Ånnaholmane,ikke-medikamentell,,,,,,hele lokaliteten,1428,ASKVOLL,14,Sogn og Fjordane,61.284267,4.725433,4,Nordhordaland til Stadt,
9,2018,12085,Aplavika,ikke-medikamentell,,,,,,deler av lokaliteten,1238,KVAM,12,Hordaland,60.25865,6.055333,3,Karmøy til Sotra,
9,2018,24695,Årnes,rensefisk,,,222120,Rognkjeks (hun),15444,deler av lokaliteten,5005,NAMSOS,50,Trøndelag,64.5961,11.273417,7,Nord-Trøndelag med Bindal,
9,2018,13572,Badstuvika,rensefisk,,,222120,Rognkjeks (hun),30014,hele lokaliteten,5013,HITRA,50,Trøndelag,63.53398,9.1469,6,Nordmøre og Sør-Trøndelag,
9,2018,13341,Bakjestranda,medikamentell,fôrbehandling,Diflubenzuron,,,,hele lokaliteten,1438,BREMANGER,14,Sogn og Fjordane,61.82025,4.940267,4,Nordhordaland til Stadt,
9,2018,13341,Bakjestranda,medikamentell,fôrbehandling,Diflubenzuron,,,,hele lokaliteten,1438,BREMANGER,14,Sogn og Fjordane,61.82025,4.940267,4,Nordhordaland til Stadt,
9,2018,25055,Bekksneset,rensefisk,,,2221,Rognkjeks (felles),52511,hele lokaliteten,1413,HYLLESTAD,14,Sogn og Fjordane,61.07662,5.38595,4,Nordhordaland til Stadt,
9,2018,11930,Bjelkavik,rensefisk,,,222120,Rognkjeks (hun),39589,deler av lokaliteten,1134,SULDAL,11,Rogaland,59.45165,5.991917,2,Ryfylke,
9,2018,23436,Bjørnholmen,ikke-medikamentell,,,,,,deler av lokaliteten,1412,SOLUND,14,Sogn og Fjordane,61.20635,4.938083,4,Nordhordaland til Stadt,
9,2018,11488,Brattavika,medikamentell,fôrbehandling,Diflubenzuron,,,,deler av lokaliteten,1244,AUSTEVOLL,12,Hordaland,60.044117,5.303317,3,Karmøy til Sotra,
9,2018,10110,Djupevik,rensefisk,,,2221,Rognkjeks (felles),52229,hele lokaliteten,1141,FINNØY,11,Rogaland,59.1474,5.863783,2,Ryfylke,
9,2018,26595,Djupevika,rensefisk,,,222120,Rognkjeks (hun),23811,deler av lokaliteten,1223,TYSNES,12,Hordaland,60.035816,5.342217,3,Karmøy til Sotra,
9,2018,35497,Drøno,rensefisk,,,2221,Rognkjeks (felles),10000,hele lokaliteten,1244,AUSTEVOLL,12,Hordaland,60.08077,5.192033,3,Karmøy til Sotra,
9,2018,32597,Fjordprakken,rensefisk,,,222120,Rognkjeks (hun),11142,hele lokaliteten,1573,SMØLA,15,Møre og Romsdal,63.256516,7.928067,6,Nordmøre og Sør-Trøndelag,
9,2018,25835,Flatøyflu,ikke-medikamentell,,,,,,deler av lokaliteten,1244,AUSTEVOLL,12,Hordaland,60.156033,5.2315,3,Karmøy til Sotra,
9,2018,13036,Gjengane,rensefisk,,,222120,Rognkjeks (hun),10963,hele lokaliteten,1244,AUSTEVOLL,12,Hordaland,60.071518,5.306383,3,Karmøy til Sotra,
9,2018,31577,Haneholmen,rensefisk,,,2221,Rognkjeks (felles),12700,deler av lokaliteten,1445,GLOPPEN,14,Sogn og Fjordane,61.84045,6.10055,4,Nordhordaland til Stadt,
9,2018,12599,Indre Skjervøy,rensefisk,,,2221,Rognkjeks (felles),68401,deler av lokaliteten,5020,OSEN,50,Trøndelag,64.2858,10.30905,6,Nordmøre og Sør-Trøndelag,
9,2018,33577,Kjeholmen II,rensefisk,,,1693,Bergnebb,8400,hele lokaliteten,1003,FARSUND,10,Vest-Agder,58.06008,6.885683,1,Svenskegrensen til Jæren,
9,2018,21676,Kråkholmen,ikke-medikamentell,,,,,,deler av lokaliteten,5049,FLATANGER,50,Trøndelag,64.60255,10.854067,7,Nord-Trøndelag med Bindal,
9,2018,24975,Kvernavika,rensefisk,,,222120,Rognkjeks (hun),16764,hele lokaliteten,1223,TYSNES,12,Hordaland,60.069283,5.351183,3,Karmøy til Sotra,
9,2018,24715,Langholmen,rensefisk,,,2221,Rognkjeks (felles),6776,hele lokaliteten,1141,FINNØY,11,Rogaland,59.097282,5.835917,2,Ryfylke,
9,2018,13055,Langøyna Ø,rensefisk,,,222120,Rognkjeks (hun),41854,deler av lokaliteten,1146,TYSVÆR,11,Rogaland,59.2983,5.713333,2,Ryfylke,
9,2018,14435,Ljøsøy N,ikke-medikamentell,,,,,,deler av lokaliteten,1259,ØYGARDEN,12,Hordaland,60.565132,4.878417,4,Nordhordaland til Stadt,
9,2018,13629,Munkholmen,rensefisk,,,2221,Rognkjeks (felles),51242,deler av lokaliteten,1146,TYSVÆR,11,Rogaland,59.285484,5.631317,2,Ryfylke,
9,2018,27215,Myrane,rensefisk,,,222120,Rognkjeks (hun),2375,deler av lokaliteten,1535,VESTNES,15,Møre og Romsdal,62.6505,6.726683,5,Stadt til Hustadvika,
9,2018,31397,Oterneset,medikamentell,badebehandling,Hydrogenperoksid,,,,deler av lokaliteten,1903,HARSTAD,19,Troms,68.929665,16.701433,10,Andøya til Senja,
9,2018,11651,Ramsøy S,medikamentell,badebehandling,Hydrogenperoksid,,,,deler av lokaliteten,1247,ASKØY,12,Hordaland,60.434082,5.062733,3,Karmøy til Sotra,
9,2018,30657,Revøy,rensefisk,,,1694,Grøngylt,2200,hele lokaliteten,1032,LYNGDAL,10,Vest-Agder,58.0243,7.0268,1,Svenskegrensen til Jæren,
9,2018,30657,Revøy,rensefisk,,,1691,Berggylt,4200,hele lokaliteten,1032,LYNGDAL,10,Vest-Agder,58.0243,7.0268,1,Svenskegrensen til Jæren,
9,2018,29276,Rongøy,ikke-medikamentell,,,,,,deler av lokaliteten,1259,ØYGARDEN,12,Hordaland,60.509335,4.9317,4,Nordhordaland til Stadt,
9,2018,10328,Sagvik,ikke-medikamentell,,,,,,deler av lokaliteten,1238,KVAM,12,Hordaland,60.141033,5.906933,3,Karmøy til Sotra,
9,2018,11758,Sauøy Ø,medikamentell,badebehandling,Hydrogenperoksid,,,,hele lokaliteten,1259,ØYGARDEN,12,Hordaland,60.592335,4.857833,4,Nordhordaland til Stadt,
9,2018,11758,Sauøy Ø,ikke-medikamentell,,,,,,deler av lokaliteten,1259,ØYGARDEN,12,Hordaland,60.592335,4.857833,4,Nordhordaland til Stadt,
9,2018,24115,Singsholmen,rensefisk,,,222120,Rognkjeks (hun),17426,deler av lokaliteten,5013,HITRA,50,Trøndelag,63.41975,8.411617,6,Nordmøre og Sør-Trøndelag,
9,2018,22315,Skavhella,ikke-medikamentell,,,,,,deler av lokaliteten,1243,OS I HORDALAND,12,Hordaland,60.218933,5.5593,3,Karmøy til Sotra,
9,2018,10961,Skonseng,rensefisk,,,2221,Rognkjeks (felles),24949,deler av lokaliteten,1824,VEFSN,18,Nordland,65.80763,12.6242,8,Helgeland til Bodø,
9,2018,27436,Solværet,rensefisk,,,222120,Rognkjeks (hun),14797,deler av lokaliteten,1573,SMØLA,15,Møre og Romsdal,63.255,7.856933,6,Nordmøre og Sør-Trøndelag,
9,2018,26235,Stualand,ikke-medikamentell,,,,,,deler av lokaliteten,1216,SVEIO,12,Hordaland,59.6088,5.5269,3,Karmøy til Sotra,
9,2018,10309,Syrtangen,ikke-medikamentell,,,,,,hele lokaliteten,1259,ØYGARDEN,12,Hordaland,60.46773,4.968667,4,Nordhordaland til Stadt,
9,2018,10054,Tobbeholmane,rensefisk,,,222120,Rognkjeks (hun),32313,hele lokaliteten,1244,AUSTEVOLL,12,Hordaland,60.02432,5.30815,3,Karmøy til Sotra,
9,2018,30837,Torangskjeret,rensefisk,,,2221,Rognkjeks (felles),7000,deler av lokaliteten,1244,AUSTEVOLL,12,Hordaland,60.130184,5.176033,3,Karmøy til Sotra,
8,2018,12086,Alsåkervik,ikke-medikamentell,,,,,,deler av lokaliteten,1224,KVINNHERAD,12,Hordaland,59.7601,6.074183,3,Karmøy til Sotra,
8,2018,11513,Andal,ikke-medikamentell,,,,,,deler av lokaliteten,1219,BØMLO,12,Hordaland,59.636482,5.247117,3,Karmøy til Sotra,
8,2018,13341,Bakjestranda,medikamentell,fôrbehandling,Diflubenzuron,,,,hele lokaliteten,1438,BREMANGER,14,Sogn og Fjordane,61.819984,4.940183,4,Nordhordaland til Stadt,
8,2018,23436,Bjørnholmen,ikke-medikamentell,,,,,,deler av lokaliteten,1412,SOLUND,14,Sogn og Fjordane,61.20635,4.938083,4,Nordhordaland til Stadt,
8,2018,26775,Fjølværet Ø,rensefisk,,,222120,Rognkjeks (hun),19465,deler av lokaliteten,5014,FRØYA,50,Trøndelag,63.819233,8.636133,6,Nordmøre og Sør-Trøndelag,
8,2018,19115,Fugløya S,rensefisk,,,222120,Rognkjeks (hun),26071,deler av lokaliteten,5012,SNILLFJORD,50,Trøndelag,63.460682,9.1444,6,Nordmøre og Sør-Trøndelag,
8,2018,11667,Gardskråneset,ikke-medikamentell,,,,,,hele lokaliteten,1259,ØYGARDEN,12,Hordaland,60.5399,4.904617,4,Nordhordaland til Stadt,
8,2018,32037,Grasholman,rensefisk,,,222120,Rognkjeks (hun),3000,deler av lokaliteten,1834,LURØY,18,Nordland,66.34873,12.779417,8,Helgeland til Bodø,
8,2018,33597,Grytøyraholmen,medikamentell,fôrbehandling,Emamectin benzoat,,,,deler av lokaliteten,1429,FJALER,14,Sogn og Fjordane,61.29278,5.014117,4,Nordhordaland til Stadt,
8,2018,31577,Haneholmen,ikke-medikamentell,,,,,,deler av lokaliteten,1445,GLOPPEN,14,Sogn og Fjordane,61.84045,6.10055,4,Nordhordaland til Stadt,
8,2018,10300,Hillersvik,ikke-medikamentell,,,,,,deler av lokaliteten,1216,SVEIO,12,Hordaland,59.6084,5.311917,3,Karmøy til Sotra,
8,2018,10410,Hindholmen,rensefisk,,,2221,Rognkjeks (felles),6050,hele lokaliteten,5051,NÆRØY,50,Trøndelag,64.77393,11.44087,7,Nord-Trøndelag med Bindal,
8,2018,15655,Hjartøy N,rensefisk,,,2221,Rognkjeks (felles),5230,deler av lokaliteten,1828,NESNA,18,Nordland,66.23579,12.709967,8,Helgeland til Bodø,
8,2018,34397,Hyseneset,ikke-medikamentell,,,,,,deler av lokaliteten,1411,GULEN,14,Sogn og Fjordane,60.861485,4.964867,4,Nordhordaland til Stadt,
8,2018,33577,Kjeholmen II,rensefisk,,,1693,Bergnebb,8400,hele lokaliteten,1003,FARSUND,10,Vest-Agder,58.06008,6.885683,1,Svenskegrensen til Jæren,
8,2018,10409,Kjelneset,rensefisk,,,2221,Rognkjeks (felles),58603,hele lokaliteten,5048,FOSNES,50,Trøndelag,64.64391,11.388517,7,Nord-Trøndelag med Bindal,
8,2018,11112,Kjerkvika,ikke-medikamentell,,,,,,hele lokaliteten,1838,GILDESKÅL,18,Nordland,67.107864,14.268983,8,Helgeland til Bodø,
8,2018,13339,Klungervikneset,ikke-medikamentell,,,,,,hele lokaliteten,1219,BØMLO,12,Hordaland,59.74668,5.3424,3,Karmøy til Sotra,
8,2018,18755,Klungset,rensefisk,,,2221,Rognkjeks (felles),52873,hele lokaliteten,5051,NÆRØY,50,Trøndelag,64.74997,11.394183,7,Nord-Trøndelag med Bindal,
8,2018,32518,Kuøyna,ikke-medikamentell,,,,,,hele lokaliteten,1411,GULEN,14,Sogn og Fjordane,60.996983,4.897467,4,Nordhordaland til Stadt,
8,2018,21337,Kveitholmen,rensefisk,,,222120,Rognkjeks (hun),5500,deler av lokaliteten,1834,LURØY,18,Nordland,66.3242,12.647583,8,Helgeland til Bodø,
8,2018,24975,Kvernavika,rensefisk,,,222120,Rognkjeks (hun),16543,hele lokaliteten,1223,TYSNES,12,Hordaland,60.069283,5.351183,3,Karmøy til Sotra,
8,2018,11775,Kviteskjeret,rensefisk,,,2221,Rognkjeks (felles),27790,deler av lokaliteten,1428,ASKVOLL,14,Sogn og Fjordane,61.467815,5.2203,4,Nordhordaland til Stadt,
8,2018,11803,Kyravika,ikke-medikamentell,,,,,,deler av lokaliteten,1429,FJALER,14,Sogn og Fjordane,61.316433,5.1563,4,Nordhordaland til Stadt,
8,2018,12380,Langøya Kvaløya,rensefisk,,,222120,Rognkjeks (hun),4195,hele lokaliteten,5014,FRØYA,50,Trøndelag,63.791515,8.6066,6,Nordmøre og Sør-Trøndelag,
8,2018,26675,Leirholmen,rensefisk,,,222120,Rognkjeks (hun),5700,deler av lokaliteten,1834,LURØY,18,Nordland,66.3565,12.530117,8,Helgeland til Bodø,
8,2018,32057,Lyngøy,ikke-medikamentell,,,,,,deler av lokaliteten,5050,VIKNA,50,Trøndelag,64.81865,10.935217,7,Nord-Trøndelag med Bindal,
8,2018,12127,Mælen,ikke-medikamentell,,,,,,hele lokaliteten,1224,KVINNHERAD,12,Hordaland,59.69998,5.722917,3,Karmøy til Sotra,
8,2018,10611,Marøya,medikamentell,badebehandling,Deltamethrin,,,,hele lokaliteten,2014,LOPPA,20,Finnmark,70.24958,21.706633,12,Vest-Finnmark,
8,2018,31637,Melkøya,rensefisk,,,2221,Rognkjeks (felles),23357,deler av lokaliteten,1818,HERØY I NORDLAND,18,Nordland,66.08231,12.201167,8,Helgeland til Bodø,
8,2018,10375,Nord Leksa,rensefisk,,,222120,Rognkjeks (hun),16899,deler av lokaliteten,5016,AGDENES,50,Trøndelag,63.589466,9.409383,6,Nordmøre og Sør-Trøndelag,
8,2018,26315,Nordgjæslingan,ikke-medikamentell,,,,,,hele lokaliteten,5050,VIKNA,50,Trøndelag,64.7659,10.9128,7,Nord-Trøndelag med Bindal,
8,2018,11651,Ramsøy S,ikke-medikamentell,,,,,,deler av lokaliteten,1247,ASKØY,12,Hordaland,60.434082,5.062733,3,Karmøy til Sotra,
8,2018,30657,Revøy,rensefisk,,,1694,Grøngylt,2200,hele lokaliteten,1032,LYNGDAL,10,Vest-Agder,58.0243,7.0268,1,Svenskegrensen til Jæren,
8,2018,30657,Revøy,rensefisk,,,1691,Berggylt,4200,hele lokaliteten,1032,LYNGDAL,10,Vest-Agder,58.0243,7.0268,1,Svenskegrensen til Jæren,
8,2018,10216,Skåren,rensefisk,,,222120,Rognkjeks (hun),10025,deler av lokaliteten,1571,HALSA,15,Møre og Romsdal,63.076733,8.19315,6,Nordmøre og Sør-Trøndelag,
8,2018,33157,Skogsholmen,rensefisk,,,2221,Rognkjeks (felles),23833,hele lokaliteten,1815,VEGA,18,Nordland,65.83141,12.070533,8,Helgeland til Bodø,
8,2018,32237,Sloppegrunn,medikamentell,badebehandling,Deltamethrin,,,,deler av lokaliteten,2014,LOPPA,20,Finnmark,70.22045,21.809067,12,Vest-Finnmark,
8,2018,12154,Smørdalen,ikke-medikamentell,,,,,,deler av lokaliteten,1266,MASFJORDEN,12,Hordaland,60.8675,5.55215,4,Nordhordaland til Stadt,
8,2018,13708,Steinvik,rensefisk,,,2221,Rognkjeks (felles),49343,hele lokaliteten,1401,FLORA,14,Sogn og Fjordane,61.565266,5.31025,4,Nordhordaland til Stadt,
8,2018,31217,Stokkasjøen,rensefisk,,,2221,Rognkjeks (felles),31615,hele lokaliteten,1816,VEVELSTAD,18,Nordland,65.782715,12.592317,8,Helgeland til Bodø,
8,2018,11776,Sveholmane,rensefisk,,,2221,Rognkjeks (felles),88117,hele lokaliteten,1401,FLORA,14,Sogn og Fjordane,61.557716,5.215333,4,Nordhordaland til Stadt,
8,2018,24135,Utåker,ikke-medikamentell,,,,,,deler av lokaliteten,1224,KVINNHERAD,12,Hordaland,59.77833,5.9024,3,Karmøy til Sotra,
7,2018,13341,Bakjestranda,medikamentell,fôrbehandling,Diflubenzuron,,,,hele lokaliteten,1438,BREMANGER,14,Sogn og Fjordane,61.819984,4.940183,4,Nordhordaland til Stadt,
7,2018,13341,Bakjestranda,medikamentell,fôrbehandling,Diflubenzuron,,,,hele lokaliteten,1438,BREMANGER,14,Sogn og Fjordane,61.819984,4.940183,4,Nordhordaland til Stadt,
7,2018,11930,Bjelkavik,ikke-medikamentell,,,,,,hele lokaliteten,1134,SULDAL,11,Rogaland,59.45165,5.991917,2,Ryfylke,
7,2018,11488,Brattavika,medikamentell,fôrbehandling,Diflubenzuron,,,,deler av lokaliteten,1244,AUSTEVOLL,12,Hordaland,60.044117,5.303317,3,Karmøy til Sotra,
7,2018,11488,Brattavika,medikamentell,fôrbehandling,Diflubenzuron,,,,deler av lokaliteten,1244,AUSTEVOLL,12,Hordaland,60.044117,5.303317,3,Karmøy til Sotra,
7,2018,33697,Forrahammaren,rensefisk,,,222120,Rognkjeks (hun),10060,deler av lokaliteten,5012,SNILLFJORD,50,Trøndelag,63.350433,9.23325,6,Nordmøre og Sør-Trøndelag,
7,2018,10747,Futnes,medikamentell,badebehandling,Hydrogenperoksid,,,,deler av lokaliteten,1936,KARLSØY,19,Troms,69.95137,19.587868,11,Kvaløya til Loppa,
7,2018,11667,Gardskråneset,ikke-medikamentell,,,,,,deler av lokaliteten,1259,ØYGARDEN,12,Hordaland,60.5399,4.904617,4,Nordhordaland til Stadt,
7,2018,33597,Grytøyraholmen,medikamentell,fôrbehandling,Emamectin benzoat,,,,deler av lokaliteten,1429,FJALER,14,Sogn og Fjordane,61.29278,5.014117,4,Nordhordaland til Stadt,
7,2018,30257,Hausan,rensefisk,,,222120,Rognkjeks (hun),30157,deler av lokaliteten,5011,HEMNE,50,Trøndelag,63.45838,8.955683,6,Nordmøre og Sør-Trøndelag,
7,2018,11740,Haverøy,ikke-medikamentell,,,,,,deler av lokaliteten,1246,FJELL,12,Hordaland,60.404766,4.93995,3,Karmøy til Sotra,
7,2018,13838,Hegnes,ikke-medikamentell,,,,,,deler av lokaliteten,1429,FJALER,14,Sogn og Fjordane,61.356335,5.284667,4,Nordhordaland til Stadt,
7,2018,33797,Hidlekjerringa,rensefisk,,,2221,Rognkjeks (felles),12670,hele lokaliteten,1130,STRAND,11,Rogaland,59.067284,5.839383,2,Ryfylke,
7,2018,11571,Holevik,ikke-medikamentell,,,,,,deler av lokaliteten,1219,BØMLO,12,Hordaland,59.776585,5.321817,3,Karmøy til Sotra,
7,2018,34397,Hyseneset,ikke-medikamentell,,,,,,deler av lokaliteten,1411,GULEN,14,Sogn og Fjordane,60.861485,4.964867,4,Nordhordaland til Stadt,
7,2018,13236,Indre Oppedal,rensefisk,,,2221,Rognkjeks (felles),27000,hele lokaliteten,1411,GULEN,14,Sogn og Fjordane,61.067883,5.563833,4,Nordhordaland til Stadt,
7,2018,24295,Isbergan,rensefisk,,,2221,Rognkjeks (felles),22111,hele lokaliteten,1837,MELØY,18,Nordland,66.81468,13.678183,8,Helgeland til Bodø,
7,2018,29656,Juvika,ikke-medikamentell,,,,,,hele lokaliteten,1412,SOLUND,14,Sogn og Fjordane,61.104767,5.018483,4,Nordhordaland til Stadt,
7,2018,13242,Juvika B,ikke-medikamentell,,,,,,hele lokaliteten,1438,BREMANGER,14,Sogn og Fjordane,61.895683,5.6331,4,Nordhordaland til Stadt,
7,2018,33577,Kjeholmen II,rensefisk,,,1693,Bergnebb,8400,hele lokaliteten,1003,FARSUND,10,Vest-Agder,58.06008,6.885683,1,Svenskegrensen til Jæren,
7,2018,32577,Klammerholmen,rensefisk,,,2221,Rognkjeks (felles),12176,deler av lokaliteten,1244,AUSTEVOLL,12,Hordaland,60.08165,5.168567,3,Karmøy til Sotra,
7,2018,13764,Kokvika,rensefisk,,,2221,Rognkjeks (felles),7033,hele lokaliteten,1834,LURØY,18,Nordland,66.41282,12.956867,8,Helgeland til Bodø,
7,2018,10041,Kviksholmen,rensefisk,,,2221,Rognkjeks (felles),28000,hele lokaliteten,1244,AUSTEVOLL,12,Hordaland,60.054317,5.090733,3,Karmøy til Sotra,
7,2018,11775,Kviteskjeret,medikamentell,badebehandling,Deltamethrin,,,,deler av lokaliteten,1428,ASKVOLL,14,Sogn og Fjordane,61.467815,5.2203,4,Nordhordaland til Stadt,
7,2018,30076,Kyrøyene,ikke-medikamentell,,,,,,deler av lokaliteten,5050,VIKNA,50,Trøndelag,64.764015,10.806633,7,Nord-Trøndelag med Bindal,
7,2018,34457,Langås,medikamentell,badebehandling,Hydrogenperoksid,,,,deler av lokaliteten,1936,KARLSØY,19,Troms,70.01058,19.666616,11,Kvaløya til Loppa,
7,2018,11116,Langholmen,ikke-medikamentell,,,,,,deler av lokaliteten,1838,GILDESKÅL,18,Nordland,67.05783,14.025333,8,Helgeland til Bodø,
7,2018,30857,Leirvik,ikke-medikamentell,,,,,,deler av lokaliteten,1838,GILDESKÅL,18,Nordland,67.0267,14.126283,8,Helgeland til Bodø,
7,2018,14435,Ljøsøy N,ikke-medikamentell,,,,,,deler av lokaliteten,1259,ØYGARDEN,12,Hordaland,60.565132,4.878417,4,Nordhordaland til Stadt,
7,2018,11772,Moldøyosen,ikke-medikamentell,,,,,,hele lokaliteten,1265,FEDJE,12,Hordaland,60.789635,4.70075,4,Nordhordaland til Stadt,
7,2018,13629,Munkholmen,ikke-medikamentell,,,,,,hele lokaliteten,1146,TYSVÆR,11,Rogaland,59.285484,5.631317,2,Ryfylke,
7,2018,11688,Portevika,ikke-medikamentell,,,,,,hele lokaliteten,1413,HYLLESTAD,14,Sogn og Fjordane,61.18885,5.090017,4,Nordhordaland til Stadt,
7,2018,11651,Ramsøy S,rensefisk,,,222120,Rognkjeks (hun),48426,hele lokaliteten,1247,ASKØY,12,Hordaland,60.434082,5.062733,3,Karmøy til Sotra,
7,2018,13867,Raunevågen,ikke-medikamentell,,,,,,hele lokaliteten,1216,SVEIO,12,Hordaland,59.65798,5.533667,3,Karmøy til Sotra,
7,2018,30657,Revøy,rensefisk,,,1694,Grøngylt,2200,hele lokaliteten,1032,LYNGDAL,10,Vest-Agder,58.0243,7.0268,1,Svenskegrensen til Jæren,
7,2018,30657,Revøy,rensefisk,,,1691,Berggylt,4200,hele lokaliteten,1032,LYNGDAL,10,Vest-Agder,58.0243,7.0268,1,Svenskegrensen til Jæren,
7,2018,26155,Slåttholmen,rensefisk,,,222120,Rognkjeks (hun),17902,hele lokaliteten,5011,HEMNE,50,Trøndelag,63.44779,8.958173,6,Nordmøre og Sør-Trøndelag,
7,2018,19015,Stokkvika,rensefisk,,,222120,Rognkjeks (hun),2298,deler av lokaliteten,5011,HEMNE,50,Trøndelag,63.333534,9.180583,6,Nordmøre og Sør-Trøndelag,
7,2018,19016,Storskogøya,rensefisk,,,222120,Rognkjeks (hun),24666,hele lokaliteten,5012,SNILLFJORD,50,Trøndelag,63.506065,9.19075,6,Nordmøre og Sør-Trøndelag,
7,2018,13125,Storvika,rensefisk,,,2221,Rognkjeks (felles),4499,hele lokaliteten,1837,MELØY,18,Nordland,66.80855,13.242333,8,Helgeland til Bodø,
7,2018,11144,Svinvær,rensefisk,,,2221,Rognkjeks (felles),15996,hele lokaliteten,1836,RØDØY,18,Nordland,66.76923,13.170633,8,Helgeland til Bodø,
7,2018,29776,Teksmona,rensefisk,,,2221,Rognkjeks (felles),17109,hele lokaliteten,1837,MELØY,18,Nordland,66.868416,13.601383,8,Helgeland til Bodø,
7,2018,11414,Toften,medikamentell,badebehandling,Deltamethrin,,,,hele lokaliteten,1868,ØKSNES,18,Nordland,68.86898,15.30105,9,Vestfjorden og Vesterålen,
7,2018,31497,Toska N,ikke-medikamentell,,,,,,deler av lokaliteten,1260,RADØY,12,Hordaland,60.66987,4.9172,4,Nordhordaland til Stadt,
7,2018,13677,Trøan Bjørklibukta,rensefisk,,,222120,Rognkjeks (hun),494,deler av lokaliteten,5011,HEMNE,50,Trøndelag,63.33155,9.1231,6,Nordmøre og Sør-Trøndelag,
7,2018,14081,Tveit,rensefisk,,,2221,Rognkjeks (felles),27000,deler av lokaliteten,1413,HYLLESTAD,14,Sogn og Fjordane,61.110085,5.340483,4,Nordhordaland til Stadt,
7,2018,32437,Urda,ikke-medikamentell,,,,,,hele lokaliteten,1566,SURNADAL,15,Møre og Romsdal,63.000534,8.325633,6,Nordmøre og Sør-Trøndelag,
7,2018,13837,Verpeide,rensefisk,,,2221,Rognkjeks (felles),30230,hele lokaliteten,1439,VÅGSØY,14,Sogn og Fjordane,61.902218,5.209233,4,Nordhordaland til Stadt,
7,2018,24155,Ytre Jøvik,medikamentell,badebehandling,Deltamethrin,,,,deler av lokaliteten,1929,BERG,19,Troms,69.42052,17.33755,10,Andøya til Senja,
6,2018,11800,Austneståa,medikamentell,fôrbehandling,Emamectin benzoat,,,,deler av lokaliteten,1401,FLORA,14,Sogn og Fjordane,61.490818,5.171167,4,Nordhordaland til Stadt,
6,2018,11857,Buksevika,rensefisk,,,2221,Rognkjeks (felles),28000,deler av lokaliteten,1004,FLEKKEFJORD,10,Vest-Agder,58.2074,6.63505,1,Svenskegrensen til Jæren,
6,2018,31137,Danielsnes,medikamentell,badebehandling,Deltamethrin,,,,hele lokaliteten,2014,LOPPA,20,Finnmark,70.19172,22.321016,12,Vest-Finnmark,
6,2018,26595,Djupevika,rensefisk,,,222120,Rognkjeks (hun),2661,deler av lokaliteten,1223,TYSNES,12,Hordaland,60.035816,5.342217,3,Karmøy til Sotra,
6,2018,21415,Dyrholmen,ikke-medikamentell,,,,,,deler av lokaliteten,1141,FINNØY,11,Rogaland,59.285484,5.8583,2,Ryfylke,
6,2018,13711,Dyvika,ikke-medikamentell,,,,,,deler av lokaliteten,1428,ASKVOLL,14,Sogn og Fjordane,61.478584,5.375967,4,Nordhordaland til Stadt,
6,2018,31157,Fiksneset,rensefisk,,,222120,Rognkjeks (hun),35526,hele lokaliteten,1245,SUND,12,Hordaland,60.176884,5.124833,3,Karmøy til Sotra,
6,2018,11433,Finnvika S,medikamentell,badebehandling,Annet virkestoff,,,,hele lokaliteten,1931,LENVIK,19,Troms,69.500565,17.919018,10,Andøya til Senja,
6,2018,29876,Flotaren,ikke-medikamentell,,,,,,deler av lokaliteten,5049,FLATANGER,50,Trøndelag,64.52398,10.761667,7,Nord-Trøndelag med Bindal,
6,2018,31357,Geitryggen,ikke-medikamentell,,,,,,hele lokaliteten,5051,NÆRØY,50,Trøndelag,64.75085,11.189033,7,Nord-Trøndelag med Bindal,
6,2018,33597,Grytøyraholmen,medikamentell,fôrbehandling,Emamectin benzoat,,,,deler av lokaliteten,1429,FJALER,14,Sogn og Fjordane,61.29278,5.014117,4,Nordhordaland til Stadt,
6,2018,36737,Hallsteinhamn I,ikke-medikamentell,,,,,,hele lokaliteten,1804,BODØ,18,Nordland,67.4421,14.71295,9,Vestfjorden og Vesterålen,
6,2018,31577,Haneholmen,ikke-medikamentell,,,,,,deler av lokaliteten,1445,GLOPPEN,14,Sogn og Fjordane,61.84045,6.10055,4,Nordhordaland til Stadt,
6,2018,30257,Hausan,ikke-medikamentell,,,,,,deler av lokaliteten,5011,HEMNE,50,Trøndelag,63.45838,8.955683,6,Nordmøre og Sør-Trøndelag,
6,2018,11920,Herøy,ikke-medikamentell,,,,,,deler av lokaliteten,1160,VINDAFJORD,11,Rogaland,59.4664,6.0262,2,Ryfylke,
6,2018,22596,Hesbygrunnen,ikke-medikamentell,,,,,,deler av lokaliteten,1141,FINNØY,11,Rogaland,59.194416,5.800183,2,Ryfylke,
6,2018,34397,Hyseneset,ikke-medikamentell,,,,,,deler av lokaliteten,1411,GULEN,14,Sogn og Fjordane,60.861485,4.964867,4,Nordhordaland til Stadt,
6,2018,10885,Jektvika II,ikke-medikamentell,,,,,,hele lokaliteten,1812,SØMNA,18,Nordland,65.31274,12.4022,7,Nord-Trøndelag med Bindal,
6,2018,28976,Kelvesteinen,rensefisk,,,222120,Rognkjeks (hun),39805,deler av lokaliteten,1246,FJELL,12,Hordaland,60.4029,5.063717,3,Karmøy til Sotra,
6,2018,33577,Kjeholmen II,rensefisk,,,1693,Bergnebb,8400,hele lokaliteten,1003,FARSUND,10,Vest-Agder,58.06008,6.885683,1,Svenskegrensen til Jæren,
6,2018,30076,Kyrøyene,ikke-medikamentell,,,,,,deler av lokaliteten,5050,VIKNA,50,Trøndelag,64.764015,10.806633,7,Nord-Trøndelag med Bindal,
6,2018,13055,Langøyna Ø,medikamentell,fôrbehandling,Emamectin benzoat,,,,hele lokaliteten,1146,TYSVÆR,11,Rogaland,59.2983,5.713333,2,Ryfylke,
6,2018,30857,Leirvik,ikke-medikamentell,,,,,,deler av lokaliteten,1838,GILDESKÅL,18,Nordland,67.0267,14.126283,8,Helgeland til Bodø,
6,2018,12966,Lindvik,ikke-medikamentell,,,,,,deler av lokaliteten,1160,VINDAFJORD,11,Rogaland,59.474068,5.976433,2,Ryfylke,
6,2018,12022,Ljonesbjørgene,rensefisk,,,222120,Rognkjeks (hun),17965,deler av lokaliteten,1238,KVAM,12,Hordaland,60.2564,6.16585,3,Karmøy til Sotra,
6,2018,10232,Mannbruholmen,rensefisk,,,2221,Rognkjeks (felles),9374,deler av lokaliteten,5014,FRØYA,50,Trøndelag,63.8473,8.53675,6,Nordmøre og Sør-Trøndelag,
6,2018,12134,Maradalen,ikke-medikamentell,,,,,,deler av lokaliteten,1224,KVINNHERAD,12,Hordaland,59.76077,5.686767,3,Karmøy til Sotra,
6,2018,12134,Maradalen,rensefisk,,,222120,Rognkjeks (hun),42500,deler av lokaliteten,1224,KVINNHERAD,12,Hordaland,59.76077,5.686767,3,Karmøy til Sotra,
6,2018,12107,Molnes,medikamentell,fôrbehandling,Diflubenzuron,,,,hele lokaliteten,1211,ETNE,12,Hordaland,59.719917,5.857983,3,Karmøy til Sotra,
6,2018,11864,Napp,rensefisk,,,2221,Rognkjeks (felles),9000,hele lokaliteten,1004,FLEKKEFJORD,10,Vest-Agder,58.24867,6.53675,1,Svenskegrensen til Jæren,
6,2018,10303,Nappeholmane,ikke-medikamentell,,,,,,deler av lokaliteten,1219,BØMLO,12,Hordaland,59.742985,5.363633,3,Karmøy til Sotra,
6,2018,31697,Oksen,ikke-medikamentell,,,,,,deler av lokaliteten,1246,FJELL,12,Hordaland,60.4336,4.940617,3,Karmøy til Sotra,
6,2018,10795,Olaneset,medikamentell,badebehandling,Deltamethrin,,,,hele lokaliteten,2014,LOPPA,20,Finnmark,70.2122,22.2785,12,Vest-Finnmark,
6,2018,10197,Opshaugvik,ikke-medikamentell,,,,,,hele lokaliteten,1525,STRANDA,15,Møre og Romsdal,62.28765,6.990333,5,Stadt til Hustadvika,
6,2018,10050,Ospøy Ø,medikamentell,fôrbehandling,Emamectin benzoat,,,,deler av lokaliteten,1219,BØMLO,12,Hordaland,59.866566,5.228133,3,Karmøy til Sotra,
6,2018,13581,Ramstadholmen,ikke-medikamentell,,,,,,hele lokaliteten,5051,NÆRØY,50,Trøndelag,64.754814,11.246033,7,Nord-Trøndelag med Bindal,
6,2018,30657,Revøy,rensefisk,,,1694,Grøngylt,2200,hele lokaliteten,1032,LYNGDAL,10,Vest-Agder,58.0243,7.0268,1,Svenskegrensen til Jæren,
6,2018,30657,Revøy,rensefisk,,,1691,Berggylt,4200,hele lokaliteten,1032,LYNGDAL,10,Vest-Agder,58.0243,7.0268,1,Svenskegrensen til Jæren,
6,2018,12281,Rogne,rensefisk,,,2221,Rognkjeks (felles),36296,hele lokaliteten,1534,HARAM,15,Møre og Romsdal,62.6695,6.356833,5,Stadt til Hustadvika,
6,2018,12018,Rossholmen,rensefisk,,,222120,Rognkjeks (hun),1990,hele lokaliteten,1238,KVAM,12,Hordaland,60.394608,6.275128,3,Karmøy til Sotra,
6,2018,17015,Seglberget,ikke-medikamentell,,,,,,deler av lokaliteten,1224,KVINNHERAD,12,Hordaland,59.730434,5.788733,3,Karmøy til Sotra,
6,2018,11861,Skipningsdalen,rensefisk,,,2221,Rognkjeks (felles),6000,deler av lokaliteten,1004,FLEKKEFJORD,10,Vest-Agder,58.24148,6.5958,1,Svenskegrensen til Jæren,
6,2018,20776,Storoksen,ikke-medikamentell,,,,,,hele lokaliteten,1247,ASKØY,12,Hordaland,60.530884,4.97325,4,Nordhordaland til Stadt,
6,2018,10552,Storvika III,medikamentell,badebehandling,Deltamethrin,,,,deler av lokaliteten,1923,SALANGEN,19,Troms,68.89622,17.487316,10,Andøya til Senja,
6,2018,12449,Tennøya,rensefisk,,,2221,Rognkjeks (felles),2914,deler av lokaliteten,5014,FRØYA,50,Trøndelag,63.805035,8.4444,6,Nordmøre og Sør-Trøndelag,
6,2018,10054,Tobbeholmane,rensefisk,,,222120,Rognkjeks (hun),17890,hele lokaliteten,1244,AUSTEVOLL,12,Hordaland,60.02432,5.30815,3,Karmøy til Sotra,
6,2018,29336,Trælsøyosen,ikke-medikamentell,,,,,,deler av lokaliteten,1244,AUSTEVOLL,12,Hordaland,60.1178,5.2702,3,Karmøy til Sotra,
6,2018,11533,Usholmsvika,rensefisk,,,222120,Rognkjeks (hun),8500,hele lokaliteten,1245,SUND,12,Hordaland,60.1749,5.0917,3,Karmøy til Sotra,
6,2018,11925,Vintraviki,ikke-medikamentell,,,,,,hele lokaliteten,1134,SULDAL,11,Rogaland,59.399384,6.020533,2,Ryfylke,
5,2018,11793,Ånnaholmane,ikke-medikamentell,,,,,,hele lokaliteten,1428,ASKVOLL,14,Sogn og Fjordane,61.284267,4.725433,4,Nordhordaland til Stadt,
5,2018,24695,Årnes,rensefisk,,,222120,Rognkjeks (hun),13933,deler av lokaliteten,5005,NAMSOS,50,Trøndelag,64.5961,11.273417,7,Nord-Trøndelag med Bindal,
5,2018,11248,Bonhammaren,ikke-medikamentell,,,,,,deler av lokaliteten,1867,BØ I NORDLAND,18,Nordland,68.81738,14.7101,9,Vestfjorden og Vesterålen,
5,2018,11488,Brattavika,ikke-medikamentell,,,,,,hele lokaliteten,1244,AUSTEVOLL,12,Hordaland,60.044117,5.303317,3,Karmøy til Sotra,
5,2018,11574,Breivik S,ikke-medikamentell,,,,,,deler av lokaliteten,1219,BØMLO,12,Hordaland,59.671185,5.31215,3,Karmøy til Sotra,
5,2018,13841,Brunsvik,rensefisk,,,2221,Rognkjeks (felles),79319,deler av lokaliteten,1439,VÅGSØY,14,Sogn og Fjordane,61.910183,5.29085,4,Nordhordaland til Stadt,
5,2018,12033,Dysvik,ikke-medikamentell,,,,,,deler av lokaliteten,1238,KVAM,12,Hordaland,60.191017,5.967617,3,Karmøy til Sotra,
5,2018,31157,Fiksneset,rensefisk,,,222120,Rognkjeks (hun),35526,hele lokaliteten,1245,SUND,12,Hordaland,60.176884,5.124833,3,Karmøy til Sotra,
5,2018,19336,Flatholmen,ikke-medikamentell,,,,,,deler av lokaliteten,1106,HAUGESUND,11,Rogaland,59.4293,5.114483,3,Karmøy til Sotra,
5,2018,13058,Fusavika,ikke-medikamentell,,,,,,hele lokaliteten,1241,FUSA,12,Hordaland,60.207634,5.613817,3,Karmøy til Sotra,
5,2018,31357,Geitryggen,ikke-medikamentell,,,,,,deler av lokaliteten,5051,NÆRØY,50,Trøndelag,64.75085,11.189033,7,Nord-Trøndelag med Bindal,
5,2018,36737,Hallsteinhamn I,ikke-medikamentell,,,,,,deler av lokaliteten,1804,BODØ,18,Nordland,67.4421,14.71295,9,Vestfjorden og Vesterålen,
5,2018,11511,Hattasteinen,ikke-medikamentell,,,,,,hele lokaliteten,1219,BØMLO,12,Hordaland,59.626266,5.250717,3,Karmøy til Sotra,
5,2018,11783,Hella,ikke-medikamentell,,,,,,hele lokaliteten,1428,ASKVOLL,14,Sogn og Fjordane,61.40663,5.080817,4,Nordhordaland til Stadt,
5,2018,10300,Hillersvik,ikke-medikamentell,,,,,,deler av lokaliteten,1216,SVEIO,12,Hordaland,59.6084,5.311917,3,Karmøy til Sotra,
5,2018,32757,Horgefjorden,rensefisk,,,2221,Rognkjeks (felles),2792,deler av lokaliteten,1244,AUSTEVOLL,12,Hordaland,60.100834,5.117067,3,Karmøy til Sotra,
5,2018,27095,Ihlholmen,ikke-medikamentell,,,,,,deler av lokaliteten,1160,VINDAFJORD,11,Rogaland,59.7215,5.586633,3,Karmøy til Sotra,
5,2018,11957,Indre Slettavikneset,rensefisk,,,2221,Rognkjeks (felles),8590,deler av lokaliteten,1102,SANDNES,11,Rogaland,58.9542,5.943617,2,Ryfylke,
5,2018,12224,Isane,medikamentell,badebehandling,Annet virkestoff,,,,hele lokaliteten,1438,BREMANGER,14,Sogn og Fjordane,61.876568,5.721517,4,Nordhordaland til Stadt,
5,2018,10876,Istervika,ikke-medikamentell,,,,,,deler av lokaliteten,1813,BRØNNØY,18,Nordland,65.446884,12.56175,8,Helgeland til Bodø,
5,2018,13220,Kalhag,rensefisk,,,2221,Rognkjeks (felles),9250,hele lokaliteten,1130,STRAND,11,Rogaland,58.974716,5.93595,2,Ryfylke,
5,2018,33577,Kjeholmen II,rensefisk,,,1693,Bergnebb,8400,hele lokaliteten,1003,FARSUND,10,Vest-Agder,58.06008,6.885683,1,Svenskegrensen til Jæren,
5,2018,27015,Kjøsen,medikamentell,badebehandling,Deltamethrin,,,,hele lokaliteten,2014,LOPPA,20,Finnmark,70.14118,22.245033,12,Vest-Finnmark,
5,2018,24455,Klavelandet,ikke-medikamentell,,,,,,deler av lokaliteten,1401,FLORA,14,Sogn og Fjordane,61.60395,5.186533,4,Nordhordaland til Stadt,
5,2018,11763,Knappen,ikke-medikamentell,,,,,,hele lokaliteten,1259,ØYGARDEN,12,Hordaland,60.5735,4.818517,4,Nordhordaland til Stadt,
5,2018,11809,Krabbestig,rensefisk,,,2221,Rognkjeks (felles),33469,hele lokaliteten,1439,VÅGSØY,14,Sogn og Fjordane,61.894566,5.0616,4,Nordhordaland til Stadt,
5,2018,11633,Krossholmen,ikke-medikamentell,,,,,,deler av lokaliteten,1219,BØMLO,12,Hordaland,59.7879,5.100533,3,Karmøy til Sotra,
5,2018,20595,Kyrholmen S,ikke-medikamentell,,,,,,deler av lokaliteten,1244,AUSTEVOLL,12,Hordaland,60.161583,5.207633,3,Karmøy til Sotra,
5,2018,30076,Kyrøyene,ikke-medikamentell,,,,,,deler av lokaliteten,5050,VIKNA,50,Trøndelag,64.764015,10.806633,7,Nord-Trøndelag med Bindal,
5,2018,13055,Langøyna Ø,medikamentell,fôrbehandling,Emamectin benzoat,,,,hele lokaliteten,1146,TYSVÆR,11,Rogaland,59.2983,5.713333,2,Ryfylke,
5,2018,30857,Leirvik,ikke-medikamentell,,,,,,hele lokaliteten,1838,GILDESKÅL,18,Nordland,67.0267,14.126283,8,Helgeland til Bodø,
5,2018,14086,Lelandsholmen,ikke-medikamentell,,,,,,deler av lokaliteten,1219,BØMLO,12,Hordaland,59.728535,5.153067,3,Karmøy til Sotra,
5,2018,12966,Lindvik,ikke-medikamentell,,,,,,deler av lokaliteten,1160,VINDAFJORD,11,Rogaland,59.474068,5.976433,2,Ryfylke,
5,2018,14435,Ljøsøy N,medikamentell,badebehandling,Azamethiphos,,,,deler av lokaliteten,1259,ØYGARDEN,12,Hordaland,60.565132,4.878417,4,Nordhordaland til Stadt,
5,2018,32057,Lyngøy,ikke-medikamentell,,,,,,deler av lokaliteten,5050,VIKNA,50,Trøndelag,64.81865,10.935217,7,Nord-Trøndelag med Bindal,
5,2018,12134,Maradalen,ikke-medikamentell,,,,,,deler av lokaliteten,1224,KVINNHERAD,12,Hordaland,59.76077,5.686767,3,Karmøy til Sotra,
5,2018,28956,Meløysjøen,rensefisk,,,2221,Rognkjeks (felles),42598,hele lokaliteten,1837,MELØY,18,Nordland,66.819984,13.461467,8,Helgeland til Bodø,
5,2018,11129,Nordfugløy,ikke-medikamentell,,,,,,hele lokaliteten,1838,GILDESKÅL,18,Nordland,67.083916,13.85685,8,Helgeland til Bodø,
5,2018,31697,Oksen,ikke-medikamentell,,,,,,deler av lokaliteten,1246,FJELL,12,Hordaland,60.4336,4.940617,3,Karmøy til Sotra,
5,2018,10197,Opshaugvik,ikke-medikamentell,,,,,,hele lokaliteten,1525,STRANDA,15,Møre og Romsdal,62.28765,6.990333,5,Stadt til Hustadvika,
5,2018,10050,Ospøy Ø,medikamentell,fôrbehandling,Emamectin benzoat,,,,deler av lokaliteten,1219,BØMLO,12,Hordaland,59.866566,5.228133,3,Karmøy til Sotra,
5,2018,13345,Oterstegdalen,ikke-medikamentell,,,,,,deler av lokaliteten,1241,FUSA,12,Hordaland,60.23545,5.638267,3,Karmøy til Sotra,
5,2018,10086,Rekeviki,ikke-medikamentell,,,,,,hele lokaliteten,1263,LINDÅS,12,Hordaland,60.723415,5.328583,4,Nordhordaland til Stadt,
5,2018,22796,Renga S,rensefisk,,,2221,Rognkjeks (felles),37340,deler av lokaliteten,1836,RØDØY,18,Nordland,66.58763,13.096633,8,Helgeland til Bodø,
5,2018,30657,Revøy,rensefisk,,,1694,Grøngylt,2200,hele lokaliteten,1032,LYNGDAL,10,Vest-Agder,58.0243,7.0268,1,Svenskegrensen til Jæren,
5,2018,30657,Revøy,rensefisk,,,1691,Berggylt,4200,hele lokaliteten,1032,LYNGDAL,10,Vest-Agder,58.0243,7.0268,1,Svenskegrensen til Jæren,
5,2018,10328,Sagvik,rensefisk,,,2221,Rognkjeks (felles),10600,deler av lokaliteten,1238,KVAM,12,Hordaland,60.141033,5.906933,3,Karmøy til Sotra,
5,2018,11758,Sauøy Ø,rensefisk,,,222120,Rognkjeks (hun),41490,hele lokaliteten,1259,ØYGARDEN,12,Hordaland,60.592335,4.857833,4,Nordhordaland til Stadt,
5,2018,12048,Skiftesneset N,ikke-medikamentell,,,,,,hele lokaliteten,1241,FUSA,12,Hordaland,60.0711,5.736867,3,Karmøy til Sotra,
5,2018,33097,Skjervøy V,medikamentell,badebehandling,Deltamethrin,,,,hele lokaliteten,1941,SKJERVØY,19,Troms,70.04375,20.94965,11,Kvaløya til Loppa,
5,2018,13531,Skogshavn,rensefisk,,,222120,Rognkjeks (hun),36567,deler av lokaliteten,1926,DYRØY,19,Troms,69.09098,17.514784,10,Andøya til Senja,
5,2018,10825,Steinviknes,medikamentell,badebehandling,Deltamethrin,,,,hele lokaliteten,2014,LOPPA,20,Finnmark,70.1517,22.312668,12,Vest-Finnmark,
5,2018,26575,Teigane,medikamentell,fôrbehandling,Emamectin benzoat,,,,hele lokaliteten,1134,SULDAL,11,Rogaland,59.520332,6.337233,2,Ryfylke,
5,2018,30837,Torangskjeret,rensefisk,,,2221,Rognkjeks (felles),15000,hele lokaliteten,1244,AUSTEVOLL,12,Hordaland,60.130184,5.176033,3,Karmøy til Sotra,
5,2018,13562,Uføro,ikke-medikamentell,,,,,,hele lokaliteten,1221,STORD,12,Hordaland,59.87835,5.526917,3,Karmøy til Sotra,
5,2018,11533,Usholmsvika,rensefisk,,,222120,Rognkjeks (hun),8500,hele lokaliteten,1245,SUND,12,Hordaland,60.1749,5.0917,3,Karmøy til Sotra,
5,2018,13837,Verpeide,ikke-medikamentell,,,,,,hele lokaliteten,1439,VÅGSØY,14,Sogn og Fjordane,61.902218,5.209233,4,Nordhordaland til Stadt,
5,2018,13837,Verpeide,rensefisk,,,2221,Rognkjeks (felles),1,deler av lokaliteten,1439,VÅGSØY,14,Sogn og Fjordane,61.902218,5.209233,4,Nordhordaland til Stadt,
5,2018,13837,Verpeide,rensefisk,,,1694,Grøngylt,1,deler av lokaliteten,1439,VÅGSØY,14,Sogn og Fjordane,61.902218,5.209233,4,Nordhordaland til Stadt,
5,2018,13837,Verpeide,rensefisk,,,1693,Bergnebb,1,deler av lokaliteten,1439,VÅGSØY,14,Sogn og Fjordane,61.902218,5.209233,4,Nordhordaland til Stadt,
5,2018,13837,Verpeide,rensefisk,,,1691,Berggylt,1,deler av lokaliteten,1439,VÅGSØY,14,Sogn og Fjordane,61.902218,5.209233,4,Nordhordaland til Stadt,
5,2018,13226,Vindsvik,ikke-medikamentell,,,,,,deler av lokaliteten,1133,HJELMELAND,11,Rogaland,59.299816,6.322467,2,Ryfylke,
4,2018,13227,Altaneset,medikamentell,badebehandling,Hydrogenperoksid,,,,deler av lokaliteten,1241,FUSA,12,Hordaland,60.247116,5.63475,3,Karmøy til Sotra,
4,2018,11793,Ånnaholmane,ikke-medikamentell,,,,,,hele lokaliteten,1428,ASKVOLL,14,Sogn og Fjordane,61.284267,4.725433,4,Nordhordaland til Stadt,
4,2018,12085,Aplavika,ikke-medikamentell,,,,,,deler av lokaliteten,1238,KVAM,12,Hordaland,60.25865,6.055333,3,Karmøy til Sotra,
4,2018,26795,Austvika,rensefisk,,,2221,Rognkjeks (felles),39536,deler av lokaliteten,5049,FLATANGER,50,Trøndelag,64.41853,10.696033,7,Nord-Trøndelag med Bindal,
4,2018,11248,Bonhammaren,ikke-medikamentell,,,,,,deler av lokaliteten,1867,BØ I NORDLAND,18,Nordland,68.81738,14.7101,9,Vestfjorden og Vesterålen,
4,2018,11488,Brattavika,ikke-medikamentell,,,,,,hele lokaliteten,1244,AUSTEVOLL,12,Hordaland,60.044117,5.303317,3,Karmøy til Sotra,
4,2018,11435,Bryggelandsholmane,medikamentell,fôrbehandling,Emamectin benzoat,,,,hele lokaliteten,1106,HAUGESUND,11,Rogaland,59.429016,5.096417,3,Karmøy til Sotra,
4,2018,13412,Dypeidet,ikke-medikamentell,,,,,,hele lokaliteten,1868,ØKSNES,18,Nordland,68.82935,14.776017,9,Vestfjorden og Vesterålen,
4,2018,13711,Dyvika,ikke-medikamentell,,,,,,deler av lokaliteten,1428,ASKVOLL,14,Sogn og Fjordane,61.478584,5.375967,4,Nordhordaland til Stadt,
4,2018,13527,Finnkjerka,medikamentell,badebehandling,Hydrogenperoksid,,,,hele lokaliteten,1866,HADSEL,18,Nordland,68.33945,15.0358,9,Vestfjorden og Vesterålen,
4,2018,25835,Flatøyflu,ikke-medikamentell,,,,,,deler av lokaliteten,1244,AUSTEVOLL,12,Hordaland,60.156033,5.2315,3,Karmøy til Sotra,
4,2018,29876,Flotaren,ikke-medikamentell,,,,,,deler av lokaliteten,5049,FLATANGER,50,Trøndelag,64.52398,10.761667,7,Nord-Trøndelag med Bindal,
4,2018,26335,Geitholmen,ikke-medikamentell,,,,,,deler av lokaliteten,5050,VIKNA,50,Trøndelag,64.79955,11.025933,7,Nord-Trøndelag med Bindal,
4,2018,25695,Gjerde,medikamentell,fôrbehandling,Emamectin benzoat,,,,hele lokaliteten,1516,ULSTEIN,15,Møre og Romsdal,62.259983,5.929183,5,Stadt til Hustadvika,
4,2018,10324,Gjerdeviksflua,ikke-medikamentell,,,,,,hele lokaliteten,1241,FUSA,12,Hordaland,60.223083,5.641167,3,Karmøy til Sotra,
4,2018,11559,Grimsholmen,ikke-medikamentell,,,,,,hele lokaliteten,1216,SVEIO,12,Hordaland,59.65735,5.404167,3,Karmøy til Sotra,
4,2018,17177,Grunneneset,ikke-medikamentell,,,,,,hele lokaliteten,1438,BREMANGER,14,Sogn og Fjordane,61.89385,5.34825,4,Nordhordaland til Stadt,
4,2018,33597,Grytøyraholmen,ikke-medikamentell,,,,,,deler av lokaliteten,1429,FJALER,14,Sogn og Fjordane,61.29278,5.014117,4,Nordhordaland til Stadt,
4,2018,31577,Haneholmen,medikamentell,fôrbehandling,Emamectin benzoat,,,,deler av lokaliteten,1445,GLOPPEN,14,Sogn og Fjordane,61.84045,6.10055,4,Nordhordaland til Stadt,
4,2018,31577,Haneholmen,rensefisk,,,2221,Rognkjeks (felles),13600,deler av lokaliteten,1445,GLOPPEN,14,Sogn og Fjordane,61.84045,6.10055,4,Nordhordaland til Stadt,
4,2018,36617,Harbakholmen,ikke-medikamentell,,,,,,deler av lokaliteten,5050,VIKNA,50,Trøndelag,64.953316,11.195717,7,Nord-Trøndelag med Bindal,
4,2018,30257,Hausan,rensefisk,,,222120,Rognkjeks (hun),18943,deler av lokaliteten,5011,HEMNE,50,Trøndelag,63.45838,8.955683,6,Nordmøre og Sør-Trøndelag,
4,2018,13838,Hegnes,ikke-medikamentell,,,,,,deler av lokaliteten,1429,FJALER,14,Sogn og Fjordane,61.356335,5.284667,4,Nordhordaland til Stadt,
4,2018,11571,Holevik,ikke-medikamentell,,,,,,deler av lokaliteten,1219,BØMLO,12,Hordaland,59.776585,5.321817,3,Karmøy til Sotra,
4,2018,27095,Ihlholmen,ikke-medikamentell,,,,,,deler av lokaliteten,1160,VINDAFJORD,11,Rogaland,59.7215,5.586633,3,Karmøy til Sotra,
4,2018,29756,Indre Bringenes,medikamentell,badebehandling,Azamethiphos,,,,deler av lokaliteten,1929,BERG,19,Troms,69.48227,17.57155,10,Andøya til Senja,
4,2018,30036,Jørstadskjera,ikke-medikamentell,,,,,,hele lokaliteten,1141,FINNØY,11,Rogaland,59.296318,5.936933,2,Ryfylke,
4,2018,22915,Kalsøyflu,ikke-medikamentell,,,,,,deler av lokaliteten,1244,AUSTEVOLL,12,Hordaland,60.03818,5.114417,3,Karmøy til Sotra,
4,2018,22915,Kalsøyflu,rensefisk,,,2221,Rognkjeks (felles),19000,deler av lokaliteten,1244,AUSTEVOLL,12,Hordaland,60.03818,5.114417,3,Karmøy til Sotra,
4,2018,28976,Kelvesteinen,ikke-medikamentell,,,,,,deler av lokaliteten,1246,FJELL,12,Hordaland,60.4029,5.063717,3,Karmøy til Sotra,
4,2018,33577,Kjeholmen II,rensefisk,,,1693,Bergnebb,8400,hele lokaliteten,1003,FARSUND,10,Vest-Agder,58.06008,6.885683,1,Svenskegrensen til Jæren,
4,2018,13339,Klungervikneset,medikamentell,fôrbehandling,Emamectin benzoat,,,,hele lokaliteten,1219,BØMLO,12,Hordaland,59.74668,5.3424,3,Karmøy til Sotra,
4,2018,11633,Krossholmen,ikke-medikamentell,,,,,,deler av lokaliteten,1219,BØMLO,12,Hordaland,59.7879,5.100533,3,Karmøy til Sotra,
4,2018,10041,Kviksholmen,rensefisk,,,2221,Rognkjeks (felles),15000,deler av lokaliteten,1244,AUSTEVOLL,12,Hordaland,60.054317,5.090733,3,Karmøy til Sotra,
4,2018,11775,Kviteskjeret,medikamentell,badebehandling,Deltamethrin,,,,deler av lokaliteten,1428,ASKVOLL,14,Sogn og Fjordane,61.467815,5.2203,4,Nordhordaland til Stadt,
4,2018,30216,Kvitfloget,rensefisk,,,222120,Rognkjeks (hun),166577,hele lokaliteten,1927,TRANØY,19,Troms,69.14508,17.6465,10,Andøya til Senja,
4,2018,30076,Kyrøyene,ikke-medikamentell,,,,,,deler av lokaliteten,5050,VIKNA,50,Trøndelag,64.764015,10.806633,7,Nord-Trøndelag med Bindal,
4,2018,34457,Langås,medikamentell,badebehandling,Hydrogenperoksid,,,,deler av lokaliteten,1936,KARLSØY,19,Troms,70.01058,19.666616,11,Kvaløya til Loppa,
4,2018,20559,Langskjæra,rensefisk,,,222120,Rognkjeks (hun),4422,deler av lokaliteten,5014,FRØYA,50,Trøndelag,63.8225,8.75505,6,Nordmøre og Sør-Trøndelag,
4,2018,20559,Langskjæra,rensefisk,,,1691,Berggylt,20,deler av lokaliteten,5014,FRØYA,50,Trøndelag,63.8225,8.75505,6,Nordmøre og Sør-Trøndelag,
4,2018,33557,Langskjæra II,rensefisk,,,222120,Rognkjeks (hun),17346,hele lokaliteten,5014,FRØYA,50,Trøndelag,63.82245,8.74075,6,Nordmøre og Sør-Trøndelag,
4,2018,19355,Låva,ikke-medikamentell,,,,,,hele lokaliteten,1141,FINNØY,11,Rogaland,59.29677,5.9888,2,Ryfylke,
4,2018,12633,Lyrnesset,ikke-medikamentell,,,,,,deler av lokaliteten,5049,FLATANGER,50,Trøndelag,64.5256,10.748133,7,Nord-Trøndelag med Bindal,
4,2018,10814,Mårsanjarga,rensefisk,,,222120,Rognkjeks (hun),22544,deler av lokaliteten,2012,ALTA,20,Finnmark,70.24095,23.28445,12,Vest-Finnmark,
4,2018,13629,Munkholmen,ikke-medikamentell,,,,,,deler av lokaliteten,1146,TYSVÆR,11,Rogaland,59.285484,5.631317,2,Ryfylke,
4,2018,27876,Olderbakken,ikke-medikamentell,,,,,,deler av lokaliteten,1812,SØMNA,18,Nordland,65.31118,12.368633,7,Nord-Trøndelag med Bindal,
4,2018,19655,Ospeneset,medikamentell,badebehandling,Annet virkestoff,,,,hele lokaliteten,1263,LINDÅS,12,Hordaland,60.74687,5.268483,4,Nordhordaland til Stadt,
4,2018,10149,Rafdal,medikamentell,badebehandling,Azamethiphos,,,,hele lokaliteten,1211,ETNE,12,Hordaland,59.790916,6.176567,3,Karmøy til Sotra,
4,2018,22796,Renga S,rensefisk,,,2221,Rognkjeks (felles),37233,deler av lokaliteten,1836,RØDØY,18,Nordland,66.58763,13.096633,8,Helgeland til Bodø,
4,2018,30657,Revøy,rensefisk,,,1694,Grøngylt,2200,hele lokaliteten,1032,LYNGDAL,10,Vest-Agder,58.0243,7.0268,1,Svenskegrensen til Jæren,
4,2018,30657,Revøy,rensefisk,,,1691,Berggylt,4200,hele lokaliteten,1032,LYNGDAL,10,Vest-Agder,58.0243,7.0268,1,Svenskegrensen til Jæren,
4,2018,29276,Rongøy,ikke-medikamentell,,,,,,deler av lokaliteten,1259,ØYGARDEN,12,Hordaland,60.509335,4.9317,4,Nordhordaland til Stadt,
4,2018,12018,Rossholmen,ikke-medikamentell,,,,,,deler av lokaliteten,1238,KVAM,12,Hordaland,60.394608,6.275128,3,Karmøy til Sotra,
4,2018,13035,Sauaneset I,rensefisk,,,2221,Rognkjeks (felles),2000,deler av lokaliteten,1244,AUSTEVOLL,12,Hordaland,60.089085,5.267967,3,Karmøy til Sotra,
4,2018,10961,Skonseng,rensefisk,,,2221,Rognkjeks (felles),24937,deler av lokaliteten,1824,VEFSN,18,Nordland,65.80763,12.6242,8,Helgeland til Bodø,
4,2018,27476,Solheim,medikamentell,badebehandling,Hydrogenperoksid,,,,deler av lokaliteten,1936,KARLSØY,19,Troms,69.83117,19.520384,11,Kvaløya til Loppa,
4,2018,26575,Teigane,medikamentell,fôrbehandling,Emamectin benzoat,,,,hele lokaliteten,1134,SULDAL,11,Rogaland,59.520332,6.337233,2,Ryfylke,
4,2018,31497,Toska N,ikke-medikamentell,,,,,,hele lokaliteten,1260,RADØY,12,Hordaland,60.66987,4.9172,4,Nordhordaland til Stadt,
4,2018,13562,Uføro,ikke-medikamentell,,,,,,hele lokaliteten,1221,STORD,12,Hordaland,59.87835,5.526917,3,Karmøy til Sotra,
4,2018,35657,Varden,ikke-medikamentell,,,,,,deler av lokaliteten,5013,HITRA,50,Trøndelag,63.635715,9.186467,6,Nordmøre og Sør-Trøndelag,
4,2018,13704,Vikane,ikke-medikamentell,,,,,,hele lokaliteten,1266,MASFJORDEN,12,Hordaland,60.7125,5.403633,4,Nordhordaland til Stadt,
4,2018,36717,Vindhammarneset,medikamentell,badebehandling,Azamethiphos,,,,deler av lokaliteten,1929,BERG,19,Troms,69.468414,17.606182,10,Andøya til Senja,
3,2018,12067,Aldalen,ikke-medikamentell,,,,,,hele lokaliteten,1243,OS I HORDALAND,12,Hordaland,60.24995,5.571917,3,Karmøy til Sotra,
3,2018,11793,Ånnaholmane,ikke-medikamentell,,,,,,hele lokaliteten,1428,ASKVOLL,14,Sogn og Fjordane,61.284267,4.725433,4,Nordhordaland til Stadt,
3,2018,13873,Barlingebotten,ikke-medikamentell,,,,,,hele lokaliteten,1266,MASFJORDEN,12,Hordaland,60.863083,5.364017,4,Nordhordaland til Stadt,
3,2018,25055,Bekksneset,medikamentell,badebehandling,Hydrogenperoksid,,,,hele lokaliteten,1413,HYLLESTAD,14,Sogn og Fjordane,61.07662,5.38595,4,Nordhordaland til Stadt,
3,2018,25055,Bekksneset,ikke-medikamentell,,,,,,deler av lokaliteten,1413,HYLLESTAD,14,Sogn og Fjordane,61.07662,5.38595,4,Nordhordaland til Stadt,
3,2018,12095,Bergadalen,ikke-medikamentell,,,,,,deler av lokaliteten,1238,KVAM,12,Hordaland,60.1216,5.908883,3,Karmøy til Sotra,
3,2018,11248,Bonhammaren,ikke-medikamentell,,,,,,hele lokaliteten,1867,BØ I NORDLAND,18,Nordland,68.81738,14.7101,9,Vestfjorden og Vesterålen,
3,2018,13205,Brattholmen,ikke-medikamentell,,,,,,hele lokaliteten,1412,SOLUND,14,Sogn og Fjordane,61.068382,4.713817,4,Nordhordaland til Stadt,
3,2018,11435,Bryggelandsholmane,medikamentell,fôrbehandling,Emamectin benzoat,,,,hele lokaliteten,1106,HAUGESUND,11,Rogaland,59.429016,5.096417,3,Karmøy til Sotra,
3,2018,11857,Buksevika,rensefisk,,,2221,Rognkjeks (felles),8000,deler av lokaliteten,1004,FLEKKEFJORD,10,Vest-Agder,58.2074,6.63505,1,Svenskegrensen til Jæren,
3,2018,26595,Djupevika,ikke-medikamentell,,,,,,deler av lokaliteten,1223,TYSNES,12,Hordaland,60.035816,5.342217,3,Karmøy til Sotra,
3,2018,12033,Dysvik,rensefisk,,,2221,Rognkjeks (felles),18150,hele lokaliteten,1238,KVAM,12,Hordaland,60.191017,5.967617,3,Karmøy til Sotra,
3,2018,12109,Ebne,medikamentell,fôrbehandling,Emamectin benzoat,,,,deler av lokaliteten,1211,ETNE,12,Hordaland,59.71443,5.8238,3,Karmøy til Sotra,
3,2018,13527,Finnkjerka,medikamentell,badebehandling,Hydrogenperoksid,,,,hele lokaliteten,1866,HADSEL,18,Nordland,68.33945,15.0358,9,Vestfjorden og Vesterålen,
3,2018,26775,Fjølværet Ø,rensefisk,,,222120,Rognkjeks (hun),30670,hele lokaliteten,5014,FRØYA,50,Trøndelag,63.819233,8.636133,6,Nordmøre og Sør-Trøndelag,
3,2018,29876,Flotaren,ikke-medikamentell,,,,,,deler av lokaliteten,5049,FLATANGER,50,Trøndelag,64.52398,10.761667,7,Nord-Trøndelag med Bindal,
3,2018,31577,Haneholmen,medikamentell,fôrbehandling,Emamectin benzoat,,,,deler av lokaliteten,1445,GLOPPEN,14,Sogn og Fjordane,61.84045,6.10055,4,Nordhordaland til Stadt,
3,2018,31577,Haneholmen,rensefisk,,,2221,Rognkjeks (felles),13400,deler av lokaliteten,1445,GLOPPEN,14,Sogn og Fjordane,61.84045,6.10055,4,Nordhordaland til Stadt,
3,2018,36617,Harbakholmen,ikke-medikamentell,,,,,,deler av lokaliteten,5050,VIKNA,50,Trøndelag,64.953316,11.195717,7,Nord-Trøndelag med Bindal,
3,2018,11920,Herøy,ikke-medikamentell,,,,,,deler av lokaliteten,1160,VINDAFJORD,11,Rogaland,59.4664,6.0262,2,Ryfylke,
3,2018,12036,Hisdalen,medikamentell,badebehandling,Annet virkestoff,,,,deler av lokaliteten,1224,KVINNHERAD,12,Hordaland,60.126118,5.9305,3,Karmøy til Sotra,
3,2018,13643,Hjartholm,medikamentell,badebehandling,Hydrogenperoksid,,,,hele lokaliteten,1411,GULEN,14,Sogn og Fjordane,61.03512,5.33105,4,Nordhordaland til Stadt,
3,2018,11571,Holevik,ikke-medikamentell,,,,,,deler av lokaliteten,1219,BØMLO,12,Hordaland,59.776585,5.321817,3,Karmøy til Sotra,
3,2018,32757,Horgefjorden,rensefisk,,,2221,Rognkjeks (felles),2500,deler av lokaliteten,1244,AUSTEVOLL,12,Hordaland,60.100834,5.117067,3,Karmøy til Sotra,
3,2018,30036,Jørstadskjera,ikke-medikamentell,,,,,,hele lokaliteten,1141,FINNØY,11,Rogaland,59.296318,5.936933,2,Ryfylke,
3,2018,28976,Kelvesteinen,ikke-medikamentell,,,,,,deler av lokaliteten,1246,FJELL,12,Hordaland,60.4029,5.063717,3,Karmøy til Sotra,
3,2018,33577,Kjeholmen II,rensefisk,,,1693,Bergnebb,8400,hele lokaliteten,1003,FARSUND,10,Vest-Agder,58.06008,6.885683,1,Svenskegrensen til Jæren,
3,2018,13339,Klungervikneset,medikamentell,fôrbehandling,Emamectin benzoat,,,,hele lokaliteten,1219,BØMLO,12,Hordaland,59.74668,5.3424,3,Karmøy til Sotra,
3,2018,20316,Korsnes,medikamentell,badebehandling,Hydrogenperoksid,,,,deler av lokaliteten,1866,HADSEL,18,Nordland,68.33148,14.948217,9,Vestfjorden og Vesterålen,
3,2018,12213,Kvangardsnes,ikke-medikamentell,,,,,,hele lokaliteten,1519,VOLDA,15,Møre og Romsdal,62.145317,5.94545,5,Stadt til Hustadvika,
3,2018,11775,Kviteskjeret,medikamentell,badebehandling,Deltamethrin,,,,deler av lokaliteten,1428,ASKVOLL,14,Sogn og Fjordane,61.467815,5.2203,4,Nordhordaland til Stadt,
3,2018,11775,Kviteskjeret,medikamentell,badebehandling,Hydrogenperoksid,,,,deler av lokaliteten,1428,ASKVOLL,14,Sogn og Fjordane,61.467815,5.2203,4,Nordhordaland til Stadt,
3,2018,11116,Langholmen,ikke-medikamentell,,,,,,deler av lokaliteten,1838,GILDESKÅL,18,Nordland,67.05783,14.025333,8,Helgeland til Bodø,
3,2018,26295,Langøy,medikamentell,badebehandling,Annet virkestoff,,,,hele lokaliteten,1263,LINDÅS,12,Hordaland,60.779133,5.1608,4,Nordhordaland til Stadt,
3,2018,12380,Langøya Kvaløya,rensefisk,,,222120,Rognkjeks (hun),13910,hele lokaliteten,5014,FRØYA,50,Trøndelag,63.791515,8.6066,6,Nordmøre og Sør-Trøndelag,
3,2018,20559,Langskjæra,rensefisk,,,1693,Bergnebb,126,deler av lokaliteten,5014,FRØYA,50,Trøndelag,63.8225,8.75505,6,Nordmøre og Sør-Trøndelag,
3,2018,20559,Langskjæra,rensefisk,,,1691,Berggylt,5,deler av lokaliteten,5014,FRØYA,50,Trøndelag,63.8225,8.75505,6,Nordmøre og Sør-Trøndelag,
3,2018,19355,Låva,ikke-medikamentell,,,,,,deler av lokaliteten,1141,FINNØY,11,Rogaland,59.29677,5.9888,2,Ryfylke,
3,2018,12966,Lindvik,ikke-medikamentell,,,,,,deler av lokaliteten,1160,VINDAFJORD,11,Rogaland,59.474068,5.976433,2,Ryfylke,
3,2018,14076,Lismåsøy,rensefisk,,,2221,Rognkjeks (felles),39209,deler av lokaliteten,1813,BRØNNØY,18,Nordland,65.4933,12.169217,8,Helgeland til Bodø,
3,2018,14435,Ljøsøy N,ikke-medikamentell,,,,,,hele lokaliteten,1259,ØYGARDEN,12,Hordaland,60.565132,4.878417,4,Nordhordaland til Stadt,
3,2018,12370,Måøydraga,rensefisk,,,222120,Rognkjeks (hun),13178,hele lokaliteten,5014,FRØYA,50,Trøndelag,63.676964,8.75625,6,Nordmøre og Sør-Trøndelag,
3,2018,32977,Måren,ikke-medikamentell,,,,,,deler av lokaliteten,1416,HØYANGER,14,Sogn og Fjordane,61.152668,6.1167,4,Nordhordaland til Stadt,
3,2018,10303,Nappeholmane,medikamentell,fôrbehandling,Emamectin benzoat,,,,deler av lokaliteten,1219,BØMLO,12,Hordaland,59.742985,5.363633,3,Karmøy til Sotra,
3,2018,10375,Nord Leksa,rensefisk,,,222120,Rognkjeks (hun),16843,deler av lokaliteten,5016,AGDENES,50,Trøndelag,63.589466,9.409383,6,Nordmøre og Sør-Trøndelag,
3,2018,27055,Oddane,ikke-medikamentell,,,,,,hele lokaliteten,1401,FLORA,14,Sogn og Fjordane,61.5417,4.968867,4,Nordhordaland til Stadt,
3,2018,11168,Oddværsætra,medikamentell,badebehandling,Hydrogenperoksid,,,,hele lokaliteten,1865,VÅGAN,18,Nordland,68.270386,14.769483,9,Vestfjorden og Vesterålen,
3,2018,31697,Oksen,ikke-medikamentell,,,,,,deler av lokaliteten,1246,FJELL,12,Hordaland,60.4336,4.940617,3,Karmøy til Sotra,
3,2018,30559,Øksneset,ikke-medikamentell,,,,,,hele lokaliteten,1264,AUSTRHEIM,12,Hordaland,60.81255,4.862317,4,Nordhordaland til Stadt,
3,2018,12383,Omsøyholman,rensefisk,,,222120,Rognkjeks (hun),47900,hele lokaliteten,5013,HITRA,50,Trøndelag,63.63162,8.574817,6,Nordmøre og Sør-Trøndelag,
3,2018,30657,Revøy,rensefisk,,,1694,Grøngylt,2200,hele lokaliteten,1032,LYNGDAL,10,Vest-Agder,58.0243,7.0268,1,Svenskegrensen til Jæren,
3,2018,30657,Revøy,rensefisk,,,1691,Berggylt,4200,hele lokaliteten,1032,LYNGDAL,10,Vest-Agder,58.0243,7.0268,1,Svenskegrensen til Jæren,
3,2018,12784,Ringholmen,rensefisk,,,222120,Rognkjeks (hun),27073,deler av lokaliteten,5012,SNILLFJORD,50,Trøndelag,63.56,9.41005,6,Nordmøre og Sør-Trøndelag,
3,2018,29276,Rongøy,ikke-medikamentell,,,,,,deler av lokaliteten,1259,ØYGARDEN,12,Hordaland,60.509335,4.9317,4,Nordhordaland til Stadt,
3,2018,12209,Rønstad,ikke-medikamentell,,,,,,deler av lokaliteten,1519,VOLDA,15,Møre og Romsdal,62.135117,6.021433,5,Stadt til Hustadvika,
3,2018,13597,Salangslia,medikamentell,badebehandling,Annet virkestoff,,,,hele lokaliteten,1923,SALANGEN,19,Troms,68.85463,17.520884,10,Andøya til Senja,
3,2018,13597,Salangslia,medikamentell,badebehandling,Hydrogenperoksid,,,,hele lokaliteten,1923,SALANGEN,19,Troms,68.85463,17.520884,10,Andøya til Senja,
3,2018,13035,Sauaneset I,ikke-medikamentell,,,,,,deler av lokaliteten,1244,AUSTEVOLL,12,Hordaland,60.089085,5.267967,3,Karmøy til Sotra,
3,2018,11758,Sauøy Ø,ikke-medikamentell,,,,,,deler av lokaliteten,1259,ØYGARDEN,12,Hordaland,60.592335,4.857833,4,Nordhordaland til Stadt,
3,2018,17015,Seglberget,ikke-medikamentell,,,,,,deler av lokaliteten,1224,KVINNHERAD,12,Hordaland,59.730434,5.788733,3,Karmøy til Sotra,
3,2018,13530,Sjåneset,ikke-medikamentell,,,,,,hele lokaliteten,1868,ØKSNES,18,Nordland,68.903534,15.037333,9,Vestfjorden og Vesterålen,
3,2018,11861,Skipningsdalen,rensefisk,,,2221,Rognkjeks (felles),12000,deler av lokaliteten,1004,FLEKKEFJORD,10,Vest-Agder,58.24148,6.5958,1,Svenskegrensen til Jæren,
3,2018,30757,Skog,medikamentell,badebehandling,Hydrogenperoksid,,,,hele lokaliteten,1931,LENVIK,19,Troms,69.474335,17.878683,10,Andøya til Senja,
3,2018,23695,Skotungneset,ikke-medikamentell,,,,,,hele lokaliteten,1525,STRANDA,15,Møre og Romsdal,62.34895,6.910767,5,Stadt til Hustadvika,
3,2018,26155,Slåttholmen,rensefisk,,,222120,Rognkjeks (hun),17183,hele lokaliteten,5011,HEMNE,50,Trøndelag,63.44779,8.958173,6,Nordmøre og Sør-Trøndelag,
3,2018,20815,Slettvika,ikke-medikamentell,,,,,,hele lokaliteten,1520,ØRSTA,15,Møre og Romsdal,62.334,6.157667,5,Stadt til Hustadvika,
3,2018,27476,Solheim,medikamentell,badebehandling,Hydrogenperoksid,,,,deler av lokaliteten,1936,KARLSØY,19,Troms,69.83117,19.520384,11,Kvaløya til Loppa,
3,2018,11605,Soløy Ø,medikamentell,badebehandling,Hydrogenperoksid,,,,deler av lokaliteten,1222,FITJAR,12,Hordaland,59.90708,5.159833,3,Karmøy til Sotra,
3,2018,11605,Soløy Ø,medikamentell,badebehandling,Hydrogenperoksid,,,,deler av lokaliteten,1222,FITJAR,12,Hordaland,59.90708,5.159833,3,Karmøy til Sotra,
3,2018,23375,Sørevik,ikke-medikamentell,,,,,,deler av lokaliteten,1416,HØYANGER,14,Sogn og Fjordane,61.099983,5.729967,4,Nordhordaland til Stadt,
3,2018,13566,Storskrebukti,ikke-medikamentell,,,,,,deler av lokaliteten,1263,LINDÅS,12,Hordaland,60.653732,5.4192,4,Nordhordaland til Stadt,
3,2018,10309,Syrtangen,ikke-medikamentell,,,,,,hele lokaliteten,1259,ØYGARDEN,12,Hordaland,60.46773,4.968667,4,Nordhordaland til Stadt,
3,2018,13057,Teigland I,rensefisk,,,2221,Rognkjeks (felles),14000,deler av lokaliteten,1238,KVAM,12,Hordaland,60.17935,5.959917,3,Karmøy til Sotra,
3,2018,25815,Tittelsnes,medikamentell,badebehandling,Hydrogenperoksid,,,,hele lokaliteten,1216,SVEIO,12,Hordaland,59.72365,5.534383,3,Karmøy til Sotra,
3,2018,30837,Torangskjeret,rensefisk,,,2221,Rognkjeks (felles),9000,hele lokaliteten,1244,AUSTEVOLL,12,Hordaland,60.130184,5.176033,3,Karmøy til Sotra,
3,2018,13226,Vindsvik,ikke-medikamentell,,,,,,deler av lokaliteten,1133,HJELMELAND,11,Rogaland,59.299816,6.322467,2,Ryfylke,
2,2018,15196,Aga Ø,ikke-medikamentell,,,,,,deler av lokaliteten,1219,BØMLO,12,Hordaland,59.8451,5.261367,3,Karmøy til Sotra,
2,2018,13227,Altaneset,medikamentell,badebehandling,Hydrogenperoksid,,,,deler av lokaliteten,1241,FUSA,12,Hordaland,60.247116,5.63475,3,Karmøy til Sotra,
2,2018,24695,Årnes,rensefisk,,,222120,Rognkjeks (hun),19646,deler av lokaliteten,5005,NAMSOS,50,Trøndelag,64.5961,11.273417,7,Nord-Trøndelag med Bindal,
2,2018,11800,Austneståa,medikamentell,fôrbehandling,Emamectin benzoat,,,,deler av lokaliteten,1401,FLORA,14,Sogn og Fjordane,61.490818,5.171167,4,Nordhordaland til Stadt,
2,2018,26795,Austvika,rensefisk,,,2221,Rognkjeks (felles),48500,deler av lokaliteten,5049,FLATANGER,50,Trøndelag,64.41853,10.696033,7,Nord-Trøndelag med Bindal,
2,2018,25055,Bekksneset,medikamentell,badebehandling,Hydrogenperoksid,,,,hele lokaliteten,1413,HYLLESTAD,14,Sogn og Fjordane,61.07662,5.38595,4,Nordhordaland til Stadt,
2,2018,25055,Bekksneset,ikke-medikamentell,,,,,,deler av lokaliteten,1413,HYLLESTAD,14,Sogn og Fjordane,61.07662,5.38595,4,Nordhordaland til Stadt,
2,2018,12095,Bergadalen,ikke-medikamentell,,,,,,deler av lokaliteten,1238,KVAM,12,Hordaland,60.1216,5.908883,3,Karmøy til Sotra,
2,2018,11930,Bjelkavik,ikke-medikamentell,,,,,,hele lokaliteten,1134,SULDAL,11,Rogaland,59.45165,5.991917,2,Ryfylke,
2,2018,22455,Bjørlykkestranda,rensefisk,,,2221,Rognkjeks (felles),48766,deler av lokaliteten,1511,VANYLVEN,15,Møre og Romsdal,62.16655,5.5954,5,Stadt til Hustadvika,
2,2018,31038,Buarøy,ikke-medikamentell,,,,,,deler av lokaliteten,1245,SUND,12,Hordaland,60.220066,5.21455,3,Karmøy til Sotra,
2,2018,11857,Buksevika,rensefisk,,,2221,Rognkjeks (felles),12000,deler av lokaliteten,1004,FLEKKEFJORD,10,Vest-Agder,58.2074,6.63505,1,Svenskegrensen til Jæren,
2,2018,36917,Drevflesa,rensefisk,,,222120,Rognkjeks (hun),27412,hele lokaliteten,5019,ROAN,50,Trøndelag,64.21093,10.115183,6,Nordmøre og Sør-Trøndelag,
2,2018,12109,Ebne,medikamentell,fôrbehandling,Emamectin benzoat,,,,deler av lokaliteten,1211,ETNE,12,Hordaland,59.71443,5.8238,3,Karmøy til Sotra,
2,2018,29537,Eldviktaren,rensefisk,,,222120,Rognkjeks (hun),21406,deler av lokaliteten,5049,FLATANGER,50,Trøndelag,64.454636,10.630717,7,Nord-Trøndelag med Bindal,
2,2018,11433,Finnvika S,medikamentell,badebehandling,Hydrogenperoksid,,,,hele lokaliteten,1931,LENVIK,19,Troms,69.500565,17.919018,10,Andøya til Senja,
2,2018,29876,Flotaren,ikke-medikamentell,,,,,,deler av lokaliteten,5049,FLATANGER,50,Trøndelag,64.52398,10.761667,7,Nord-Trøndelag med Bindal,
2,2018,10324,Gjerdeviksflua,medikamentell,fôrbehandling,Teflubenzuron,,,,deler av lokaliteten,1241,FUSA,12,Hordaland,60.223083,5.641167,3,Karmøy til Sotra,
2,2018,17177,Grunneneset,medikamentell,badebehandling,Deltamethrin,,,,hele lokaliteten,1438,BREMANGER,14,Sogn og Fjordane,61.89385,5.34825,4,Nordhordaland til Stadt,
2,2018,11511,Hattasteinen,ikke-medikamentell,,,,,,deler av lokaliteten,1219,BØMLO,12,Hordaland,59.626266,5.250717,3,Karmøy til Sotra,
2,2018,11920,Herøy,medikamentell,badebehandling,Annet virkestoff,,,,hele lokaliteten,1160,VINDAFJORD,11,Rogaland,59.4664,6.0262,2,Ryfylke,
2,2018,11920,Herøy,ikke-medikamentell,,,,,,deler av lokaliteten,1160,VINDAFJORD,11,Rogaland,59.4664,6.0262,2,Ryfylke,
2,2018,13643,Hjartholm,medikamentell,badebehandling,Hydrogenperoksid,,,,hele lokaliteten,1411,GULEN,14,Sogn og Fjordane,61.03512,5.33105,4,Nordhordaland til Stadt,
2,2018,12035,Hondskår,medikamentell,badebehandling,Annet virkestoff,,,,hele lokaliteten,1224,KVINNHERAD,12,Hordaland,60.10687,5.939133,3,Karmøy til Sotra,
2,2018,12224,Isane,medikamentell,badebehandling,Annet virkestoff,,,,deler av lokaliteten,1438,BREMANGER,14,Sogn og Fjordane,61.876568,5.721517,4,Nordhordaland til Stadt,
2,2018,13242,Juvika B,medikamentell,badebehandling,Annet virkestoff,,,,deler av lokaliteten,1438,BREMANGER,14,Sogn og Fjordane,61.895683,5.6331,4,Nordhordaland til Stadt,
2,2018,13242,Juvika B,ikke-medikamentell,,,,,,deler av lokaliteten,1438,BREMANGER,14,Sogn og Fjordane,61.895683,5.6331,4,Nordhordaland til Stadt,
2,2018,22915,Kalsøyflu,ikke-medikamentell,,,,,,deler av lokaliteten,1244,AUSTEVOLL,12,Hordaland,60.03818,5.114417,3,Karmøy til Sotra,
2,2018,22915,Kalsøyflu,rensefisk,,,2221,Rognkjeks (felles),15000,deler av lokaliteten,1244,AUSTEVOLL,12,Hordaland,60.03818,5.114417,3,Karmøy til Sotra,
2,2018,33577,Kjeholmen II,rensefisk,,,1693,Bergnebb,8400,hele lokaliteten,1003,FARSUND,10,Vest-Agder,58.06008,6.885683,1,Svenskegrensen til Jæren,
2,2018,26135,Kjørsvikgrunn,rensefisk,,,222120,Rognkjeks (hun),51237,deler av lokaliteten,5011,HEMNE,50,Trøndelag,63.457565,9.076,6,Nordmøre og Sør-Trøndelag,
2,2018,11809,Krabbestig,medikamentell,badebehandling,Annet virkestoff,,,,hele lokaliteten,1439,VÅGSØY,14,Sogn og Fjordane,61.894566,5.0616,4,Nordhordaland til Stadt,
2,2018,32518,Kuøyna,ikke-medikamentell,,,,,,deler av lokaliteten,1411,GULEN,14,Sogn og Fjordane,60.996983,4.897467,4,Nordhordaland til Stadt,
2,2018,11775,Kviteskjeret,rensefisk,,,2221,Rognkjeks (felles),29000,deler av lokaliteten,1428,ASKVOLL,14,Sogn og Fjordane,61.467815,5.2203,4,Nordhordaland til Stadt,
2,2018,11116,Langholmen,ikke-medikamentell,,,,,,deler av lokaliteten,1838,GILDESKÅL,18,Nordland,67.05783,14.025333,8,Helgeland til Bodø,
2,2018,19355,Låva,ikke-medikamentell,,,,,,deler av lokaliteten,1141,FINNØY,11,Rogaland,59.29677,5.9888,2,Ryfylke,
2,2018,13340,Leiholmane,ikke-medikamentell,,,,,,deler av lokaliteten,1411,GULEN,14,Sogn og Fjordane,60.982216,4.875017,4,Nordhordaland til Stadt,
2,2018,14086,Lelandsholmen,ikke-medikamentell,,,,,,deler av lokaliteten,1219,BØMLO,12,Hordaland,59.728535,5.153067,3,Karmøy til Sotra,
2,2018,13549,Løypingneset,medikamentell,badebehandling,Deltamethrin,,,,deler av lokaliteten,1438,BREMANGER,14,Sogn og Fjordane,61.819534,5.247667,4,Nordhordaland til Stadt,
2,2018,32057,Lyngøy,ikke-medikamentell,,,,,,deler av lokaliteten,5050,VIKNA,50,Trøndelag,64.81865,10.935217,7,Nord-Trøndelag med Bindal,
2,2018,10814,Mårsanjarga,rensefisk,,,222120,Rognkjeks (hun),37019,deler av lokaliteten,2012,ALTA,20,Finnmark,70.24095,23.28445,12,Vest-Finnmark,
2,2018,13293,Molgavlen,ikke-medikamentell,,,,,,deler av lokaliteten,1865,VÅGAN,18,Nordland,68.30537,14.949933,9,Vestfjorden og Vesterålen,
2,2018,30157,Movik,rensefisk,,,2221,Rognkjeks (felles),11358,deler av lokaliteten,1845,SØRFOLD,18,Nordland,67.63265,15.26325,9,Vestfjorden og Vesterålen,
2,2018,10303,Nappeholmane,medikamentell,fôrbehandling,Emamectin benzoat,,,,deler av lokaliteten,1219,BØMLO,12,Hordaland,59.742985,5.363633,3,Karmøy til Sotra,
2,2018,27055,Oddane,ikke-medikamentell,,,,,,deler av lokaliteten,1401,FLORA,14,Sogn og Fjordane,61.5417,4.968867,4,Nordhordaland til Stadt,
2,2018,10181,Oksebåsen V,rensefisk,,,2221,Rognkjeks (felles),50098,deler av lokaliteten,1532,GISKE,15,Møre og Romsdal,62.517033,6.157833,5,Stadt til Hustadvika,
2,2018,15403,Olderøy,ikke-medikamentell,,,,,,hele lokaliteten,1412,SOLUND,14,Sogn og Fjordane,61.103283,4.712233,4,Nordhordaland til Stadt,
2,2018,11972,Prestholmane,medikamentell,fôrbehandling,Emamectin benzoat,,,,hele lokaliteten,1141,FINNØY,11,Rogaland,59.116768,5.8545,2,Ryfylke,
2,2018,11651,Ramsøy S,rensefisk,,,222120,Rognkjeks (hun),19077,deler av lokaliteten,1247,ASKØY,12,Hordaland,60.434082,5.062733,3,Karmøy til Sotra,
2,2018,13867,Raunevågen,ikke-medikamentell,,,,,,hele lokaliteten,1216,SVEIO,12,Hordaland,59.65798,5.533667,3,Karmøy til Sotra,
2,2018,31777,Reinvika,rensefisk,,,2221,Rognkjeks (felles),2773,deler av lokaliteten,1845,SØRFOLD,18,Nordland,67.60568,15.368483,9,Vestfjorden og Vesterålen,
2,2018,30657,Revøy,rensefisk,,,1694,Grøngylt,2200,hele lokaliteten,1032,LYNGDAL,10,Vest-Agder,58.0243,7.0268,1,Svenskegrensen til Jæren,
2,2018,30657,Revøy,rensefisk,,,1691,Berggylt,4200,hele lokaliteten,1032,LYNGDAL,10,Vest-Agder,58.0243,7.0268,1,Svenskegrensen til Jæren,
2,2018,12784,Ringholmen,rensefisk,,,222120,Rognkjeks (hun),11758,deler av lokaliteten,5012,SNILLFJORD,50,Trøndelag,63.56,9.41005,6,Nordmøre og Sør-Trøndelag,
2,2018,13804,Rogndalen,medikamentell,fôrbehandling,Emamectin benzoat,,,,hele lokaliteten,1902,TROMSØ,19,Troms,69.787964,18.6531,11,Kvaløya til Loppa,
2,2018,12281,Rogne,rensefisk,,,2221,Rognkjeks (felles),70833,hele lokaliteten,1534,HARAM,15,Møre og Romsdal,62.6695,6.356833,5,Stadt til Hustadvika,
2,2018,12298,Røysa,rensefisk,,,2221,Rognkjeks (felles),50098,deler av lokaliteten,1532,GISKE,15,Møre og Romsdal,62.54865,6.1417,5,Stadt til Hustadvika,
2,2018,11758,Sauøy Ø,ikke-medikamentell,,,,,,deler av lokaliteten,1259,ØYGARDEN,12,Hordaland,60.592335,4.857833,4,Nordhordaland til Stadt,
2,2018,13530,Sjåneset,ikke-medikamentell,,,,,,deler av lokaliteten,1868,ØKSNES,18,Nordland,68.903534,15.037333,9,Vestfjorden og Vesterålen,
2,2018,11357,Skarvberget,medikamentell,badebehandling,Hydrogenperoksid,,,,deler av lokaliteten,1927,TRANØY,19,Troms,69.14665,17.010267,10,Andøya til Senja,
2,2018,33157,Skogsholmen,rensefisk,,,2221,Rognkjeks (felles),54539,hele lokaliteten,1815,VEGA,18,Nordland,65.83141,12.070533,8,Helgeland til Bodø,
2,2018,23695,Skotungneset,ikke-medikamentell,,,,,,deler av lokaliteten,1525,STRANDA,15,Møre og Romsdal,62.34895,6.910767,5,Stadt til Hustadvika,
2,2018,30997,Skrubbholmen,ikke-medikamentell,,,,,,deler av lokaliteten,5051,NÆRØY,50,Trøndelag,64.801735,11.162183,7,Nord-Trøndelag med Bindal,
2,2018,26155,Slåttholmen,ikke-medikamentell,,,,,,hele lokaliteten,5011,HEMNE,50,Trøndelag,63.44779,8.958173,6,Nordmøre og Sør-Trøndelag,
2,2018,23375,Sørevik,ikke-medikamentell,,,,,,deler av lokaliteten,1416,HØYANGER,14,Sogn og Fjordane,61.099983,5.729967,4,Nordhordaland til Stadt,
2,2018,11700,Storeneset,ikke-medikamentell,,,,,,deler av lokaliteten,1411,GULEN,14,Sogn og Fjordane,60.8763,5.02805,4,Nordhordaland til Stadt,
2,2018,13566,Storskrebukti,ikke-medikamentell,,,,,,deler av lokaliteten,1263,LINDÅS,12,Hordaland,60.653732,5.4192,4,Nordhordaland til Stadt,
2,2018,33677,Torvund,ikke-medikamentell,,,,,,deler av lokaliteten,1416,HØYANGER,14,Sogn og Fjordane,61.14467,5.656367,4,Nordhordaland til Stadt,
2,2018,32437,Urda,rensefisk,,,222120,Rognkjeks (hun),7010,hele lokaliteten,1566,SURNADAL,15,Møre og Romsdal,63.000534,8.325633,6,Nordmøre og Sør-Trøndelag,
2,2018,32637,Veidnes,medikamentell,badebehandling,Deltamethrin,,,,deler av lokaliteten,2028,BÅTSFJORD,20,Finnmark,70.54017,30.136118,13,Øst-Finnmark,
2,2018,10616,Vinnalandet,medikamentell,badebehandling,Hydrogenperoksid,,,,deler av lokaliteten,2004,HAMMERFEST,20,Finnmark,70.57315,23.397882,12,Vest-Finnmark,
2,2018,13246,Voldnes,ikke-medikamentell,,,,,,deler av lokaliteten,1515,HERØY I MØRE OG ROMSDAL,15,Møre og Romsdal,62.2097,5.7849,5,Stadt til Hustadvika,
2,2018,24175,Ytre Lavollsfjord,medikamentell,badebehandling,Deltamethrin,,,,hele lokaliteten,1929,BERG,19,Troms,69.419464,17.287567,10,Andøya til Senja,
1,2018,12982,Aldeøyna,ikke-medikamentell,,,,,,hele lokaliteten,1428,ASKVOLL,14,Sogn og Fjordane,61.31025,4.76905,4,Nordhordaland til Stadt,
1,2018,10298,Ålforo,ikke-medikamentell,,,,,,deler av lokaliteten,1222,FITJAR,12,Hordaland,59.8665,5.244133,3,Karmøy til Sotra,
1,2018,11513,Andal,ikke-medikamentell,,,,,,deler av lokaliteten,1219,BØMLO,12,Hordaland,59.636482,5.247117,3,Karmøy til Sotra,
1,2018,13518,Angstauren,medikamentell,fôrbehandling,Emamectin benzoat,,,,hele lokaliteten,1902,TROMSØ,19,Troms,69.695335,18.170267,11,Kvaløya til Loppa,
1,2018,11793,Ånnaholmane,ikke-medikamentell,,,,,,hele lokaliteten,1428,ASKVOLL,14,Sogn og Fjordane,61.284267,4.725433,4,Nordhordaland til Stadt,
1,2018,12085,Aplavika,ikke-medikamentell,,,,,,deler av lokaliteten,1238,KVAM,12,Hordaland,60.25865,6.055333,3,Karmøy til Sotra,
1,2018,11364,Årberg,medikamentell,badebehandling,Hydrogenperoksid,,,,hele lokaliteten,1928,TORSKEN,19,Troms,69.1959,16.91595,10,Andøya til Senja,
1,2018,24695,Årnes,rensefisk,,,222120,Rognkjeks (hun),2558,deler av lokaliteten,5005,NAMSOS,50,Trøndelag,64.5961,11.273417,7,Nord-Trøndelag med Bindal,
1,2018,11800,Austneståa,medikamentell,fôrbehandling,Emamectin benzoat,,,,deler av lokaliteten,1401,FLORA,14,Sogn og Fjordane,61.490818,5.171167,4,Nordhordaland til Stadt,
1,2018,11749,Bårøy,ikke-medikamentell,,,,,,hele lokaliteten,1411,GULEN,14,Sogn og Fjordane,60.945866,4.845383,4,Nordhordaland til Stadt,
1,2018,31877,Barøya,rensefisk,,,222120,Rognkjeks (hun),14126,hele lokaliteten,5005,NAMSOS,50,Trøndelag,64.62117,11.234133,7,Nord-Trøndelag med Bindal,
1,2018,12178,Bjønnspjotneset,medikamentell,fôrbehandling,Emamectin benzoat,,,,deler av lokaliteten,1416,HØYANGER,14,Sogn og Fjordane,61.098083,5.82545,4,Nordhordaland til Stadt,
1,2018,10256,Bondøya,ikke-medikamentell,,,,,,deler av lokaliteten,5050,VIKNA,50,Trøndelag,64.8168,10.7427,7,Nord-Trøndelag med Bindal,
1,2018,11248,Bonhammaren,medikamentell,fôrbehandling,Emamectin benzoat,,,,hele lokaliteten,1867,BØ I NORDLAND,18,Nordland,68.81738,14.7101,9,Vestfjorden og Vesterålen,
1,2018,15796,Borgarliflot,ikke-medikamentell,,,,,,deler av lokaliteten,1134,SULDAL,11,Rogaland,59.3892,5.924733,2,Ryfylke,
1,2018,13765,Breiviken,rensefisk,,,2221,Rognkjeks (felles),16695,hele lokaliteten,1834,LURØY,18,Nordland,66.46165,12.958033,8,Helgeland til Bodø,
1,2018,33537,Buholmen,rensefisk,,,222120,Rognkjeks (hun),2050,deler av lokaliteten,5019,ROAN,50,Trøndelag,64.1569,10.008917,6,Nordmøre og Sør-Trøndelag,
1,2018,29537,Eldviktaren,rensefisk,,,222120,Rognkjeks (hun),49200,deler av lokaliteten,5049,FLATANGER,50,Trøndelag,64.454636,10.630717,7,Nord-Trøndelag med Bindal,
1,2018,24575,Farmannsøya,rensefisk,,,222120,Rognkjeks (hun),28568,deler av lokaliteten,5019,ROAN,50,Trøndelag,64.18452,10.1222,6,Nordmøre og Sør-Trøndelag,
1,2018,10544,Flakstadvåg,medikamentell,badebehandling,Hydrogenperoksid,,,,deler av lokaliteten,1928,TORSKEN,19,Troms,69.18692,17.013733,10,Andøya til Senja,
1,2018,32037,Grasholman,rensefisk,,,222120,Rognkjeks (hun),4000,deler av lokaliteten,1834,LURØY,18,Nordland,66.34873,12.779417,8,Helgeland til Bodø,
1,2018,11559,Grimsholmen,ikke-medikamentell,,,,,,hele lokaliteten,1216,SVEIO,12,Hordaland,59.65735,5.404167,3,Karmøy til Sotra,
1,2018,30257,Hausan,rensefisk,,,222120,Rognkjeks (hun),57965,hele lokaliteten,5011,HEMNE,50,Trøndelag,63.45838,8.955683,6,Nordmøre og Sør-Trøndelag,
1,2018,36778,Havstein Sør,rensefisk,,,2221,Rognkjeks (felles),22000,hele lokaliteten,1827,DØNNA,18,Nordland,66.16405,12.400767,8,Helgeland til Bodø,
1,2018,10300,Hillersvik,ikke-medikamentell,,,,,,hele lokaliteten,1216,SVEIO,12,Hordaland,59.6084,5.311917,3,Karmøy til Sotra,
1,2018,11571,Holevik,medikamentell,fôrbehandling,Emamectin benzoat,,,,deler av lokaliteten,1219,BØMLO,12,Hordaland,59.776585,5.321817,3,Karmøy til Sotra,
1,2018,11571,Holevik,rensefisk,,,2221,Rognkjeks (felles),31750,deler av lokaliteten,1219,BØMLO,12,Hordaland,59.776585,5.321817,3,Karmøy til Sotra,
1,2018,32757,Horgefjorden,rensefisk,,,2221,Rognkjeks (felles),10000,hele lokaliteten,1244,AUSTEVOLL,12,Hordaland,60.100834,5.117067,3,Karmøy til Sotra,
1,2018,13242,Juvika B,ikke-medikamentell,,,,,,deler av lokaliteten,1438,BREMANGER,14,Sogn og Fjordane,61.895683,5.6331,4,Nordhordaland til Stadt,
1,2018,13225,Kilaneset,medikamentell,badebehandling,Annet virkestoff,,,,hele lokaliteten,1134,SULDAL,11,Rogaland,59.31335,6.2672,2,Ryfylke,
1,2018,13225,Kilaneset,medikamentell,badebehandling,Annet virkestoff,,,,hele lokaliteten,1134,SULDAL,11,Rogaland,59.31335,6.2672,2,Ryfylke,
1,2018,33577,Kjeholmen II,rensefisk,,,1693,Bergnebb,8400,hele lokaliteten,1003,FARSUND,10,Vest-Agder,58.06008,6.885683,1,Svenskegrensen til Jæren,
1,2018,26135,Kjørsvikgrunn,rensefisk,,,222120,Rognkjeks (hun),51503,deler av lokaliteten,5011,HEMNE,50,Trøndelag,63.457565,9.076,6,Nordmøre og Sør-Trøndelag,
1,2018,11534,Klungsholmen,ikke-medikamentell,,,,,,deler av lokaliteten,1219,BØMLO,12,Hordaland,59.596783,5.161567,3,Karmøy til Sotra,
1,2018,36797,Korsnes,medikamentell,badebehandling,Hydrogenperoksid,,,,hele lokaliteten,1936,KARLSØY,19,Troms,69.986916,19.931633,11,Kvaløya til Loppa,
1,2018,21337,Kveitholmen,rensefisk,,,222120,Rognkjeks (hun),5700,deler av lokaliteten,1834,LURØY,18,Nordland,66.3242,12.647583,8,Helgeland til Bodø,
1,2018,35997,Kviteberg,medikamentell,badebehandling,Deltamethrin,,,,hele lokaliteten,1943,KVÆNANGEN,19,Troms,69.953865,21.88035,11,Kvaløya til Loppa,
1,2018,11803,Kyravika,ikke-medikamentell,,,,,,deler av lokaliteten,1429,FJALER,14,Sogn og Fjordane,61.316433,5.1563,4,Nordhordaland til Stadt,
1,2018,11116,Langholmen,ikke-medikamentell,,,,,,deler av lokaliteten,1838,GILDESKÅL,18,Nordland,67.05783,14.025333,8,Helgeland til Bodø,
1,2018,20559,Langskjæra,rensefisk,,,1691,Berggylt,122,deler av lokaliteten,5014,FRØYA,50,Trøndelag,63.8225,8.75505,6,Nordmøre og Sør-Trøndelag,
1,2018,33557,Langskjæra II,rensefisk,,,222120,Rognkjeks (hun),1261,deler av lokaliteten,5014,FRØYA,50,Trøndelag,63.82245,8.74075,6,Nordmøre og Sør-Trøndelag,
1,2018,33557,Langskjæra II,rensefisk,,,1693,Bergnebb,2936,deler av lokaliteten,5014,FRØYA,50,Trøndelag,63.82245,8.74075,6,Nordmøre og Sør-Trøndelag,
1,2018,33557,Langskjæra II,rensefisk,,,1691,Berggylt,600,deler av lokaliteten,5014,FRØYA,50,Trøndelag,63.82245,8.74075,6,Nordmøre og Sør-Trøndelag,
1,2018,26675,Leirholmen,rensefisk,,,222120,Rognkjeks (hun),10875,deler av lokaliteten,1834,LURØY,18,Nordland,66.3565,12.530117,8,Helgeland til Bodø,
1,2018,12966,Lindvik,ikke-medikamentell,,,,,,hele lokaliteten,1160,VINDAFJORD,11,Rogaland,59.474068,5.976433,2,Ryfylke,
1,2018,12127,Mælen,ikke-medikamentell,,,,,,hele lokaliteten,1224,KVINNHERAD,12,Hordaland,59.69998,5.722917,3,Karmøy til Sotra,
1,2018,10375,Nord Leksa,rensefisk,,,222120,Rognkjeks (hun),13506,deler av lokaliteten,5016,AGDENES,50,Trøndelag,63.589466,9.409383,6,Nordmøre og Sør-Trøndelag,
1,2018,11972,Prestholmane,medikamentell,fôrbehandling,Emamectin benzoat,,,,hele lokaliteten,1141,FINNØY,11,Rogaland,59.116768,5.8545,2,Ryfylke,
1,2018,11651,Ramsøy S,rensefisk,,,222120,Rognkjeks (hun),19816,deler av lokaliteten,1247,ASKØY,12,Hordaland,60.434082,5.062733,3,Karmøy til Sotra,
1,2018,30657,Revøy,rensefisk,,,1694,Grøngylt,2200,hele lokaliteten,1032,LYNGDAL,10,Vest-Agder,58.0243,7.0268,1,Svenskegrensen til Jæren,
1,2018,30657,Revøy,rensefisk,,,1691,Berggylt,4200,hele lokaliteten,1032,LYNGDAL,10,Vest-Agder,58.0243,7.0268,1,Svenskegrensen til Jæren,
1,2018,29276,Rongøy,ikke-medikamentell,,,,,,deler av lokaliteten,1259,ØYGARDEN,12,Hordaland,60.509335,4.9317,4,Nordhordaland til Stadt,
1,2018,13748,Saltkjelvika,rensefisk,,,222120,Rognkjeks (hun),31452,hele lokaliteten,5005,NAMSOS,50,Trøndelag,64.59887,11.2662,7,Nord-Trøndelag med Bindal,
1,2018,13296,Sandnes Ø,ikke-medikamentell,,,,,,deler av lokaliteten,1866,HADSEL,18,Nordland,68.582535,14.941883,9,Vestfjorden og Vesterålen,
1,2018,11758,Sauøy Ø,ikke-medikamentell,,,,,,deler av lokaliteten,1259,ØYGARDEN,12,Hordaland,60.592335,4.857833,4,Nordhordaland til Stadt,
1,2018,11357,Skarvberget,medikamentell,badebehandling,Hydrogenperoksid,,,,deler av lokaliteten,1927,TRANØY,19,Troms,69.14665,17.010267,10,Andøya til Senja,
1,2018,13531,Skogshavn,rensefisk,,,222120,Rognkjeks (hun),91953,deler av lokaliteten,1926,DYRØY,19,Troms,69.09098,17.514784,10,Andøya til Senja,
1,2018,30997,Skrubbholmen,ikke-medikamentell,,,,,,deler av lokaliteten,5051,NÆRØY,50,Trøndelag,64.801735,11.162183,7,Nord-Trøndelag med Bindal,
1,2018,26155,Slåttholmen,rensefisk,,,222120,Rognkjeks (hun),5269,deler av lokaliteten,5011,HEMNE,50,Trøndelag,63.44779,8.958173,6,Nordmøre og Sør-Trøndelag,
1,2018,11492,Storevikholmen,ikke-medikamentell,,,,,,deler av lokaliteten,1222,FITJAR,12,Hordaland,59.83808,5.30565,3,Karmøy til Sotra,
1,2018,26235,Stualand,ikke-medikamentell,,,,,,deler av lokaliteten,1216,SVEIO,12,Hordaland,59.6088,5.5269,3,Karmøy til Sotra,
1,2018,22955,Svollandsneset,medikamentell,badebehandling,Annet virkestoff,,,,hele lokaliteten,1160,VINDAFJORD,11,Rogaland,59.685,5.589917,3,Karmøy til Sotra,
1,2018,29336,Trælsøyosen,ikke-medikamentell,,,,,,deler av lokaliteten,1244,AUSTEVOLL,12,Hordaland,60.1178,5.2702,3,Karmøy til Sotra,
1,2018,12678,Vedøya,rensefisk,,,222120,Rognkjeks (hun),20800,hele lokaliteten,5048,FOSNES,50,Trøndelag,64.60743,11.354817,7,Nord-Trøndelag med Bindal,
1,2018,13226,Vindsvik,ikke-medikamentell,,,,,,deler av lokaliteten,1133,HJELMELAND,11,Rogaland,59.299816,6.322467,2,Ryfylke,
