Uke,År,Lokalitetsnummer,Lokalitetsnavn,Tiltak,Type behandling,Virkestoff,ArtsId,Rensefisk,Antall,Omfang,Kommunenummer,Kommune,Fylkesnummer,Fylke,Lat,Lon,ProduksjonsområdeId,Produksjonsområde,Antall merder
33,2017,15196,Aga Ø,rensefisk,,,1692,Annen leppefisk,839,hele lokaliteten,1219,BØMLO,12,Hordaland,59.8451,5.261367,3,Karmøy til Sotra,
33,2017,15196,Aga Ø,rensefisk,,,1694,Grøngylt,602,hele lokaliteten,1219,BØMLO,12,Hordaland,59.8451,5.261367,3,Karmøy til Sotra,
33,2017,15196,Aga Ø,rensefisk,,,1693,Bergnebb,2559,hele lokaliteten,1219,BØMLO,12,Hordaland,59.8451,5.261367,3,Karmøy til Sotra,
33,2017,10298,Ålforo,rensefisk,,,1694,Grøngylt,15044,hele lokaliteten,1222,FITJAR,12,Hordaland,59.8665,5.244133,3,Karmøy til Sotra,
33,2017,10298,Ålforo,rensefisk,,,1691,Berggylt,1625,hele lokaliteten,1222,FITJAR,12,Hordaland,59.8665,5.244133,3,Karmøy til Sotra,
33,2017,10298,Ålforo,rensefisk,,,222120,Rognkjeks (hun),42175,hele lokaliteten,1222,FITJAR,12,Hordaland,59.8665,5.244133,3,Karmøy til Sotra,
33,2017,13227,Altaneset,rensefisk,,,1694,Grøngylt,263,deler av lokaliteten,1241,FUSA,12,Hordaland,60.247116,5.63475,3,Karmøy til Sotra,
33,2017,11330,Åmundsvika,ikke-medikamentell,,,,,,deler av lokaliteten,1919,GRATANGEN,19,Troms,68.72655,17.343483,10,Andøya til Senja,
33,2017,11513,Andal,rensefisk,,,1691,Berggylt,409,deler av lokaliteten,1219,BØMLO,12,Hordaland,59.636333,5.247717,3,Karmøy til Sotra,
33,2017,11513,Andal,rensefisk,,,1694,Grøngylt,4858,deler av lokaliteten,1219,BØMLO,12,Hordaland,59.636333,5.247717,3,Karmøy til Sotra,
33,2017,11513,Andal,rensefisk,,,1692,Annen leppefisk,278,deler av lokaliteten,1219,BØMLO,12,Hordaland,59.636333,5.247717,3,Karmøy til Sotra,
33,2017,11513,Andal,rensefisk,,,1693,Bergnebb,1746,deler av lokaliteten,1219,BØMLO,12,Hordaland,59.636333,5.247717,3,Karmøy til Sotra,
33,2017,32277,Andholmen 1,ikke-medikamentell,,,,,,deler av lokaliteten,1573,SMØLA,15,Møre og Romsdal,63.469784,7.8556,6,Nordmøre og Sør-Trøndelag,
33,2017,32277,Andholmen 1,rensefisk,,,1694,Grøngylt,3145,deler av lokaliteten,1573,SMØLA,15,Møre og Romsdal,63.469784,7.8556,6,Nordmøre og Sør-Trøndelag,
33,2017,32277,Andholmen 1,rensefisk,,,1691,Berggylt,9245,deler av lokaliteten,1573,SMØLA,15,Møre og Romsdal,63.469784,7.8556,6,Nordmøre og Sør-Trøndelag,
33,2017,32297,Andholmen 2,ikke-medikamentell,,,,,,deler av lokaliteten,1573,SMØLA,15,Møre og Romsdal,63.46745,7.847167,6,Nordmøre og Sør-Trøndelag,
33,2017,29816,Apalvikneset,rensefisk,,,1694,Grøngylt,2812,deler av lokaliteten,1227,JONDAL,12,Hordaland,60.146217,6.121133,3,Karmøy til Sotra,
33,2017,29816,Apalvikneset,rensefisk,,,1691,Berggylt,296,deler av lokaliteten,1227,JONDAL,12,Hordaland,60.146217,6.121133,3,Karmøy til Sotra,
33,2017,13254,Aukan,rensefisk,,,1693,Bergnebb,1272,deler av lokaliteten,1554,AVERØY,15,Møre og Romsdal,63.0603,7.594283,6,Nordmøre og Sør-Trøndelag,
33,2017,12988,Aukrasanden,ikke-medikamentell,,,,,,deler av lokaliteten,1547,AUKRA,15,Møre og Romsdal,62.783417,6.92605,5,Stadt til Hustadvika,
33,2017,26795,Austvika,rensefisk,,,1694,Grøngylt,21,deler av lokaliteten,1749,FLATANGER,17,Nord-Trøndelag,64.41853,10.696033,7,Nord-Trøndelag med Bindal,
33,2017,26795,Austvika,rensefisk,,,1693,Bergnebb,4099,deler av lokaliteten,1749,FLATANGER,17,Nord-Trøndelag,64.41853,10.696033,7,Nord-Trøndelag med Bindal,
33,2017,26795,Austvika,rensefisk,,,1691,Berggylt,49,deler av lokaliteten,1749,FLATANGER,17,Nord-Trøndelag,64.41853,10.696033,7,Nord-Trøndelag med Bindal,
33,2017,10862,Båsen,ikke-medikamentell,,,,,,deler av lokaliteten,1811,BINDAL,18,Nordland,65.11767,12.321467,7,Nord-Trøndelag med Bindal,
33,2017,13845,Beitveit,rensefisk,,,1694,Grøngylt,5244,deler av lokaliteten,1441,SELJE,14,Sogn og Fjordane,62.141216,5.32675,5,Stadt til Hustadvika,
33,2017,13845,Beitveit,rensefisk,,,1691,Berggylt,863,deler av lokaliteten,1441,SELJE,14,Sogn og Fjordane,62.141216,5.32675,5,Stadt til Hustadvika,
33,2017,11930,Bjelkavik,rensefisk,,,1692,Annen leppefisk,25000,hele lokaliteten,1134,SULDAL,11,Rogaland,59.45165,5.991917,2,Ryfylke,
33,2017,22455,Bjørlykkestranda,rensefisk,,,1694,Grøngylt,6865,deler av lokaliteten,1511,VANYLVEN,15,Møre og Romsdal,62.16655,5.5954,5,Stadt til Hustadvika,
33,2017,22455,Bjørlykkestranda,rensefisk,,,1693,Bergnebb,10920,deler av lokaliteten,1511,VANYLVEN,15,Møre og Romsdal,62.16655,5.5954,5,Stadt til Hustadvika,
33,2017,22455,Bjørlykkestranda,rensefisk,,,1691,Berggylt,1872,deler av lokaliteten,1511,VANYLVEN,15,Møre og Romsdal,62.16655,5.5954,5,Stadt til Hustadvika,
33,2017,12308,Bjørndal,rensefisk,,,1694,Grøngylt,21477,hele lokaliteten,1520,ØRSTA,15,Møre og Romsdal,62.274883,6.00285,5,Stadt til Hustadvika,
33,2017,12308,Bjørndal,rensefisk,,,1691,Berggylt,2591,hele lokaliteten,1520,ØRSTA,15,Møre og Romsdal,62.274883,6.00285,5,Stadt til Hustadvika,
33,2017,10212,Bogen,rensefisk,,,1693,Bergnebb,7273,hele lokaliteten,1505,KRISTIANSUND,15,Møre og Romsdal,63.077667,7.90345,6,Nordmøre og Sør-Trøndelag,
33,2017,10212,Bogen,rensefisk,,,1691,Berggylt,4369,hele lokaliteten,1505,KRISTIANSUND,15,Møre og Romsdal,63.077667,7.90345,6,Nordmøre og Sør-Trøndelag,
33,2017,10212,Bogen,rensefisk,,,222120,Rognkjeks (hun),28533,hele lokaliteten,1505,KRISTIANSUND,15,Møre og Romsdal,63.077667,7.90345,6,Nordmøre og Sør-Trøndelag,
33,2017,10212,Bogen,rensefisk,,,1694,Grøngylt,11807,hele lokaliteten,1505,KRISTIANSUND,15,Møre og Romsdal,63.077667,7.90345,6,Nordmøre og Sør-Trøndelag,
33,2017,13143,Bondejorda,medikamentell,badebehandling,Deltamethrin,,,,deler av lokaliteten,2022,LEBESBY,20,Finnmark,70.81695,27.563717,12,Vest-Finnmark,
33,2017,10256,Bondøya,medikamentell,fôrbehandling,Emamectin benzoat,,,,hele lokaliteten,1750,VIKNA,17,Nord-Trøndelag,64.8168,10.7427,7,Nord-Trøndelag med Bindal,
33,2017,10256,Bondøya,rensefisk,,,1693,Bergnebb,29841,deler av lokaliteten,1750,VIKNA,17,Nord-Trøndelag,64.8168,10.7427,7,Nord-Trøndelag med Bindal,
33,2017,15796,Borgarliflot,rensefisk,,,1692,Annen leppefisk,20000,hele lokaliteten,1134,SULDAL,11,Rogaland,59.3892,5.924733,2,Ryfylke,
33,2017,13205,Brattholmen,rensefisk,,,1694,Grøngylt,885,deler av lokaliteten,1412,SOLUND,14,Sogn og Fjordane,61.068382,4.713817,4,Nordhordaland til Stadt,
33,2017,13205,Brattholmen,rensefisk,,,1691,Berggylt,95,deler av lokaliteten,1412,SOLUND,14,Sogn og Fjordane,61.068382,4.713817,4,Nordhordaland til Stadt,
33,2017,10223,Bremnessvaet,rensefisk,,,1694,Grøngylt,1655,deler av lokaliteten,1573,SMØLA,15,Møre og Romsdal,63.39795,8.214317,6,Nordmøre og Sør-Trøndelag,
33,2017,10223,Bremnessvaet,rensefisk,,,1691,Berggylt,1020,deler av lokaliteten,1573,SMØLA,15,Møre og Romsdal,63.39795,8.214317,6,Nordmøre og Sør-Trøndelag,
33,2017,12237,Brudevika,rensefisk,,,1694,Grøngylt,1403,deler av lokaliteten,1511,VANYLVEN,15,Møre og Romsdal,62.116566,5.420717,5,Stadt til Hustadvika,
33,2017,12237,Brudevika,rensefisk,,,1691,Berggylt,343,deler av lokaliteten,1511,VANYLVEN,15,Møre og Romsdal,62.116566,5.420717,5,Stadt til Hustadvika,
33,2017,13841,Brunsvik,rensefisk,,,1694,Grøngylt,6505,deler av lokaliteten,1439,VÅGSØY,14,Sogn og Fjordane,61.910183,5.29085,4,Nordhordaland til Stadt,
33,2017,13841,Brunsvik,rensefisk,,,1693,Bergnebb,4498,deler av lokaliteten,1439,VÅGSØY,14,Sogn og Fjordane,61.910183,5.29085,4,Nordhordaland til Stadt,
33,2017,31038,Buarøy,rensefisk,,,1692,Annen leppefisk,4252,deler av lokaliteten,1245,SUND,12,Hordaland,60.220066,5.21455,3,Karmøy til Sotra,
33,2017,31038,Buarøy,rensefisk,,,1693,Bergnebb,6288,deler av lokaliteten,1245,SUND,12,Hordaland,60.220066,5.21455,3,Karmøy til Sotra,
33,2017,31038,Buarøy,rensefisk,,,222120,Rognkjeks (hun),18069,deler av lokaliteten,1245,SUND,12,Hordaland,60.220066,5.21455,3,Karmøy til Sotra,
33,2017,31038,Buarøy,rensefisk,,,1694,Grøngylt,6078,deler av lokaliteten,1245,SUND,12,Hordaland,60.220066,5.21455,3,Karmøy til Sotra,
33,2017,31038,Buarøy,rensefisk,,,1691,Berggylt,1536,deler av lokaliteten,1245,SUND,12,Hordaland,60.220066,5.21455,3,Karmøy til Sotra,
33,2017,11543,Buholmen,ikke-medikamentell,,,,,,deler av lokaliteten,1244,AUSTEVOLL,12,Hordaland,60.020916,5.081517,3,Karmøy til Sotra,
33,2017,33537,Buholmen,rensefisk,,,1694,Grøngylt,79,hele lokaliteten,1632,ROAN,16,Sør-Trøndelag,64.1569,10.008917,6,Nordmøre og Sør-Trøndelag,
33,2017,33537,Buholmen,rensefisk,,,1693,Bergnebb,13537,hele lokaliteten,1632,ROAN,16,Sør-Trøndelag,64.1569,10.008917,6,Nordmøre og Sør-Trøndelag,
33,2017,33537,Buholmen,rensefisk,,,1691,Berggylt,440,hele lokaliteten,1632,ROAN,16,Sør-Trøndelag,64.1569,10.008917,6,Nordmøre og Sør-Trøndelag,
33,2017,11543,Buholmen,rensefisk,,,1692,Annen leppefisk,2179,deler av lokaliteten,1244,AUSTEVOLL,12,Hordaland,60.020916,5.081517,3,Karmøy til Sotra,
33,2017,11543,Buholmen,rensefisk,,,1691,Berggylt,2989,deler av lokaliteten,1244,AUSTEVOLL,12,Hordaland,60.020916,5.081517,3,Karmøy til Sotra,
33,2017,11543,Buholmen,rensefisk,,,1694,Grøngylt,24243,deler av lokaliteten,1244,AUSTEVOLL,12,Hordaland,60.020916,5.081517,3,Karmøy til Sotra,
33,2017,14799,Djupestallen,rensefisk,,,1691,Berggylt,8,deler av lokaliteten,1223,TYSNES,12,Hordaland,60.058735,5.453,3,Karmøy til Sotra,
33,2017,14799,Djupestallen,rensefisk,,,1692,Annen leppefisk,46,deler av lokaliteten,1223,TYSNES,12,Hordaland,60.058735,5.453,3,Karmøy til Sotra,
33,2017,14799,Djupestallen,rensefisk,,,1694,Grøngylt,1779,deler av lokaliteten,1223,TYSNES,12,Hordaland,60.058735,5.453,3,Karmøy til Sotra,
33,2017,32197,Dryna,rensefisk,,,1694,Grøngylt,11694,hele lokaliteten,1545,MIDSUND,15,Møre og Romsdal,62.6444,6.5568,5,Stadt til Hustadvika,
33,2017,32197,Dryna,rensefisk,,,1691,Berggylt,655,hele lokaliteten,1545,MIDSUND,15,Møre og Romsdal,62.6444,6.5568,5,Stadt til Hustadvika,
33,2017,32197,Dryna,rensefisk,,,1693,Bergnebb,36180,hele lokaliteten,1545,MIDSUND,15,Møre og Romsdal,62.6444,6.5568,5,Stadt til Hustadvika,
33,2017,21415,Dyrholmen,rensefisk,,,1691,Berggylt,39118,deler av lokaliteten,1141,FINNØY,11,Rogaland,59.285484,5.8583,2,Ryfylke,
33,2017,12109,Ebne,rensefisk,,,1692,Annen leppefisk,20000,hele lokaliteten,1211,ETNE,12,Hordaland,59.71443,5.8238,3,Karmøy til Sotra,
33,2017,29537,Eldviktaren,rensefisk,,,1693,Bergnebb,5276,deler av lokaliteten,1749,FLATANGER,17,Nord-Trøndelag,64.454636,10.630717,7,Nord-Trøndelag med Bindal,
33,2017,12879,Endresetbukta,rensefisk,,,1693,Bergnebb,1133,deler av lokaliteten,1505,KRISTIANSUND,15,Møre og Romsdal,63.03018,7.71615,6,Nordmøre og Sør-Trøndelag,
33,2017,12879,Endresetbukta,rensefisk,,,1691,Berggylt,3628,deler av lokaliteten,1505,KRISTIANSUND,15,Møre og Romsdal,63.03018,7.71615,6,Nordmøre og Sør-Trøndelag,
33,2017,12879,Endresetbukta,rensefisk,,,1694,Grøngylt,4957,deler av lokaliteten,1505,KRISTIANSUND,15,Møre og Romsdal,63.03018,7.71615,6,Nordmøre og Sør-Trøndelag,
33,2017,12879,Endresetbukta,rensefisk,,,222120,Rognkjeks (hun),35597,deler av lokaliteten,1505,KRISTIANSUND,15,Møre og Romsdal,63.03018,7.71615,6,Nordmøre og Sør-Trøndelag,
33,2017,32677,Espnestaren,rensefisk,,,222120,Rognkjeks (hun),19498,deler av lokaliteten,1620,FRØYA,16,Sør-Trøndelag,63.678017,8.66685,6,Nordmøre og Sør-Trøndelag,
33,2017,32677,Espnestaren,rensefisk,,,1693,Bergnebb,17294,deler av lokaliteten,1620,FRØYA,16,Sør-Trøndelag,63.678017,8.66685,6,Nordmøre og Sør-Trøndelag,
33,2017,24575,Farmannsøya,rensefisk,,,1693,Bergnebb,279,deler av lokaliteten,1632,ROAN,16,Sør-Trøndelag,64.18452,10.1222,6,Nordmøre og Sør-Trøndelag,
33,2017,10544,Flakstadvåg,medikamentell,badebehandling,Deltamethrin,,,,deler av lokaliteten,1928,TORSKEN,19,Troms,69.18692,17.013733,10,Andøya til Senja,
33,2017,11833,Flåtegrunnen,rensefisk,,,1694,Grøngylt,9606,deler av lokaliteten,1401,FLORA,14,Sogn og Fjordane,61.57615,4.807333,4,Nordhordaland til Stadt,
33,2017,11833,Flåtegrunnen,rensefisk,,,1693,Bergnebb,1928,deler av lokaliteten,1401,FLORA,14,Sogn og Fjordane,61.57615,4.807333,4,Nordhordaland til Stadt,
33,2017,11833,Flåtegrunnen,rensefisk,,,1691,Berggylt,7671,deler av lokaliteten,1401,FLORA,14,Sogn og Fjordane,61.57615,4.807333,4,Nordhordaland til Stadt,
33,2017,19336,Flatholmen,rensefisk,,,1692,Annen leppefisk,15000,hele lokaliteten,1106,HAUGESUND,11,Rogaland,59.4293,5.114483,3,Karmøy til Sotra,
33,2017,25835,Flatøyflu,rensefisk,,,1694,Grøngylt,9604,deler av lokaliteten,1244,AUSTEVOLL,12,Hordaland,60.156033,5.2315,3,Karmøy til Sotra,
33,2017,25835,Flatøyflu,rensefisk,,,1693,Bergnebb,2632,deler av lokaliteten,1244,AUSTEVOLL,12,Hordaland,60.156033,5.2315,3,Karmøy til Sotra,
33,2017,25835,Flatøyflu,rensefisk,,,1691,Berggylt,1535,deler av lokaliteten,1244,AUSTEVOLL,12,Hordaland,60.156033,5.2315,3,Karmøy til Sotra,
33,2017,29876,Flotaren,ikke-medikamentell,,,,,,deler av lokaliteten,1749,FLATANGER,17,Nord-Trøndelag,64.52398,10.761667,7,Nord-Trøndelag med Bindal,
33,2017,21055,Foldøy Ø,rensefisk,,,1693,Bergnebb,4442,deler av lokaliteten,1134,SULDAL,11,Rogaland,59.337482,5.987767,2,Ryfylke,
33,2017,11893,Fosså,rensefisk,,,1694,Grøngylt,4780,deler av lokaliteten,1133,HJELMELAND,11,Rogaland,59.2699,6.14295,2,Ryfylke,
33,2017,11893,Fosså,rensefisk,,,1691,Berggylt,1102,deler av lokaliteten,1133,HJELMELAND,11,Rogaland,59.2699,6.14295,2,Ryfylke,
33,2017,31437,Fuglåsen,ikke-medikamentell,,,,,,deler av lokaliteten,1573,SMØLA,15,Møre og Romsdal,63.44715,8.167767,6,Nordmøre og Sør-Trøndelag,
33,2017,19115,Fugløya S,rensefisk,,,1693,Bergnebb,58619,hele lokaliteten,1613,SNILLFJORD,16,Sør-Trøndelag,63.460682,9.1444,6,Nordmøre og Sør-Trøndelag,
33,2017,22015,Fureneset,ikke-medikamentell,,,,,,deler av lokaliteten,1412,SOLUND,14,Sogn og Fjordane,61.16562,5.052417,4,Nordhordaland til Stadt,
33,2017,13669,Furneset,rensefisk,,,1694,Grøngylt,6722,deler av lokaliteten,1535,VESTNES,15,Møre og Romsdal,62.6461,7.101183,5,Stadt til Hustadvika,
33,2017,13669,Furneset,rensefisk,,,1691,Berggylt,3516,deler av lokaliteten,1535,VESTNES,15,Møre og Romsdal,62.6461,7.101183,5,Stadt til Hustadvika,
33,2017,13058,Fusavika,rensefisk,,,1694,Grøngylt,2746,deler av lokaliteten,1241,FUSA,12,Hordaland,60.207634,5.613817,3,Karmøy til Sotra,
33,2017,31357,Geitryggen,rensefisk,,,1694,Grøngylt,93,deler av lokaliteten,1751,NÆRØY,17,Nord-Trøndelag,64.75085,11.189033,7,Nord-Trøndelag med Bindal,
33,2017,31357,Geitryggen,rensefisk,,,1693,Bergnebb,81210,deler av lokaliteten,1751,NÆRØY,17,Nord-Trøndelag,64.75085,11.189033,7,Nord-Trøndelag med Bindal,
33,2017,31357,Geitryggen,rensefisk,,,1691,Berggylt,101,deler av lokaliteten,1751,NÆRØY,17,Nord-Trøndelag,64.75085,11.189033,7,Nord-Trøndelag med Bindal,
33,2017,24315,Gjæsingen,rensefisk,,,1693,Bergnebb,6797,hele lokaliteten,1630,ÅFJORD,16,Sør-Trøndelag,64.117615,9.981417,6,Nordmøre og Sør-Trøndelag,
33,2017,24196,Gjelsøya,rensefisk,,,1693,Bergnebb,4743,deler av lokaliteten,1617,HITRA,16,Sør-Trøndelag,63.48245,8.27885,6,Nordmøre og Sør-Trøndelag,
33,2017,24196,Gjelsøya,rensefisk,,,1694,Grøngylt,1110,deler av lokaliteten,1617,HITRA,16,Sør-Trøndelag,63.48245,8.27885,6,Nordmøre og Sør-Trøndelag,
33,2017,24196,Gjelsøya,rensefisk,,,1691,Berggylt,751,deler av lokaliteten,1617,HITRA,16,Sør-Trøndelag,63.48245,8.27885,6,Nordmøre og Sør-Trøndelag,
33,2017,13852,Gjermundnes,ikke-medikamentell,,,,,,deler av lokaliteten,1535,VESTNES,15,Møre og Romsdal,62.6275,7.192817,5,Stadt til Hustadvika,
33,2017,13852,Gjermundnes,rensefisk,,,1694,Grøngylt,601,deler av lokaliteten,1535,VESTNES,15,Møre og Romsdal,62.6275,7.192817,5,Stadt til Hustadvika,
33,2017,13852,Gjermundnes,rensefisk,,,1691,Berggylt,101,deler av lokaliteten,1535,VESTNES,15,Møre og Romsdal,62.6275,7.192817,5,Stadt til Hustadvika,
33,2017,31717,Gjerset V,rensefisk,,,1694,Grøngylt,9817,hele lokaliteten,1534,HARAM,15,Møre og Romsdal,62.53023,6.428783,5,Stadt til Hustadvika,
33,2017,31717,Gjerset V,rensefisk,,,1691,Berggylt,1595,hele lokaliteten,1534,HARAM,15,Møre og Romsdal,62.53023,6.428783,5,Stadt til Hustadvika,
33,2017,32037,Grasholman,rensefisk,,,1694,Grøngylt,2000,hele lokaliteten,1834,LURØY,18,Nordland,66.34873,12.779417,8,Helgeland til Bodø,
33,2017,32037,Grasholman,rensefisk,,,1693,Bergnebb,9800,hele lokaliteten,1834,LURØY,18,Nordland,66.34873,12.779417,8,Helgeland til Bodø,
33,2017,11559,Grimsholmen,rensefisk,,,1692,Annen leppefisk,648,deler av lokaliteten,1216,SVEIO,12,Hordaland,59.65735,5.404167,3,Karmøy til Sotra,
33,2017,11559,Grimsholmen,rensefisk,,,1694,Grøngylt,167,deler av lokaliteten,1216,SVEIO,12,Hordaland,59.65735,5.404167,3,Karmøy til Sotra,
33,2017,11771,Grisholmsundet,rensefisk,,,1691,Berggylt,37,deler av lokaliteten,1265,FEDJE,12,Hordaland,60.792717,4.693633,4,Nordhordaland til Stadt,
33,2017,12435,Grøttingsøy,rensefisk,,,1694,Grøngylt,393,deler av lokaliteten,1620,FRØYA,16,Sør-Trøndelag,63.879684,8.543767,6,Nordmøre og Sør-Trøndelag,
33,2017,12435,Grøttingsøy,rensefisk,,,1693,Bergnebb,24782,deler av lokaliteten,1620,FRØYA,16,Sør-Trøndelag,63.879684,8.543767,6,Nordmøre og Sør-Trøndelag,
33,2017,12435,Grøttingsøy,rensefisk,,,1691,Berggylt,666,deler av lokaliteten,1620,FRØYA,16,Sør-Trøndelag,63.879684,8.543767,6,Nordmøre og Sør-Trøndelag,
33,2017,10318,Gulestø,rensefisk,,,1694,Grøngylt,2098,deler av lokaliteten,1438,BREMANGER,14,Sogn og Fjordane,61.75802,5.069883,4,Nordhordaland til Stadt,
33,2017,10318,Gulestø,rensefisk,,,1691,Berggylt,1191,deler av lokaliteten,1438,BREMANGER,14,Sogn og Fjordane,61.75802,5.069883,4,Nordhordaland til Stadt,
33,2017,24735,Gulholmen,rensefisk,,,1692,Annen leppefisk,7380,deler av lokaliteten,1243,OS I HORDALAND,12,Hordaland,60.1282,5.400467,3,Karmøy til Sotra,
33,2017,24735,Gulholmen,rensefisk,,,1694,Grøngylt,9602,deler av lokaliteten,1243,OS I HORDALAND,12,Hordaland,60.1282,5.400467,3,Karmøy til Sotra,
33,2017,24735,Gulholmen,rensefisk,,,1693,Bergnebb,79,deler av lokaliteten,1243,OS I HORDALAND,12,Hordaland,60.1282,5.400467,3,Karmøy til Sotra,
33,2017,24735,Gulholmen,rensefisk,,,1691,Berggylt,871,deler av lokaliteten,1243,OS I HORDALAND,12,Hordaland,60.1282,5.400467,3,Karmøy til Sotra,
33,2017,29697,Hafsmo,rensefisk,,,222120,Rognkjeks (hun),194,deler av lokaliteten,1613,SNILLFJORD,16,Sør-Trøndelag,63.3667,9.245217,6,Nordmøre og Sør-Trøndelag,
33,2017,13886,Hallarøy V,rensefisk,,,1694,Grøngylt,2036,deler av lokaliteten,1620,FRØYA,16,Sør-Trøndelag,63.998116,9.129283,6,Nordmøre og Sør-Trøndelag,
33,2017,13886,Hallarøy V,rensefisk,,,1693,Bergnebb,19491,deler av lokaliteten,1620,FRØYA,16,Sør-Trøndelag,63.998116,9.129283,6,Nordmøre og Sør-Trøndelag,
33,2017,18639,Halsavika,rensefisk,,,1694,Grøngylt,24889,deler av lokaliteten,1146,TYSVÆR,11,Rogaland,59.39232,5.883333,2,Ryfylke,
33,2017,18639,Halsavika,rensefisk,,,1693,Bergnebb,540,deler av lokaliteten,1146,TYSVÆR,11,Rogaland,59.39232,5.883333,2,Ryfylke,
33,2017,18639,Halsavika,rensefisk,,,1692,Annen leppefisk,666,deler av lokaliteten,1146,TYSVÆR,11,Rogaland,59.39232,5.883333,2,Ryfylke,
33,2017,18639,Halsavika,rensefisk,,,1691,Berggylt,1849,deler av lokaliteten,1146,TYSVÆR,11,Rogaland,59.39232,5.883333,2,Ryfylke,
33,2017,36617,Harbakholmen,ikke-medikamentell,,,,,,deler av lokaliteten,1750,VIKNA,17,Nord-Trøndelag,64.953316,11.195717,7,Nord-Trøndelag med Bindal,
33,2017,11643,Hatlem Ø,ikke-medikamentell,,,,,,deler av lokaliteten,1413,HYLLESTAD,14,Sogn og Fjordane,61.200916,5.262117,4,Nordhordaland til Stadt,
33,2017,11511,Hattasteinen,rensefisk,,,1693,Bergnebb,6727,hele lokaliteten,1219,BØMLO,12,Hordaland,59.626266,5.250717,3,Karmøy til Sotra,
33,2017,11511,Hattasteinen,rensefisk,,,1691,Berggylt,608,hele lokaliteten,1219,BØMLO,12,Hordaland,59.626266,5.250717,3,Karmøy til Sotra,
33,2017,11511,Hattasteinen,rensefisk,,,1694,Grøngylt,4639,hele lokaliteten,1219,BØMLO,12,Hordaland,59.626266,5.250717,3,Karmøy til Sotra,
33,2017,36778,Havstein Sør,ikke-medikamentell,,,,,,hele lokaliteten,1827,DØNNA,18,Nordland,66.16405,12.400767,8,Helgeland til Bodø,
33,2017,11920,Herøy,rensefisk,,,1694,Grøngylt,1170,deler av lokaliteten,1160,VINDAFJORD,11,Rogaland,59.4664,6.0262,2,Ryfylke,
33,2017,11920,Herøy,rensefisk,,,1693,Bergnebb,183,deler av lokaliteten,1160,VINDAFJORD,11,Rogaland,59.4664,6.0262,2,Ryfylke,
33,2017,11920,Herøy,rensefisk,,,1692,Annen leppefisk,256,deler av lokaliteten,1160,VINDAFJORD,11,Rogaland,59.4664,6.0262,2,Ryfylke,
33,2017,11920,Herøy,rensefisk,,,1691,Berggylt,310,deler av lokaliteten,1160,VINDAFJORD,11,Rogaland,59.4664,6.0262,2,Ryfylke,
33,2017,34677,Hestøya,rensefisk,,,1694,Grøngylt,1859,deler av lokaliteten,1573,SMØLA,15,Møre og Romsdal,63.3095,8.115567,6,Nordmøre og Sør-Trøndelag,
33,2017,34677,Hestøya,rensefisk,,,1691,Berggylt,847,deler av lokaliteten,1573,SMØLA,15,Møre og Romsdal,63.3095,8.115567,6,Nordmøre og Sør-Trøndelag,
33,2017,10291,Hiskholmen,rensefisk,,,1694,Grøngylt,20000,hele lokaliteten,1219,BØMLO,12,Hordaland,59.72663,5.145617,3,Karmøy til Sotra,
33,2017,10291,Hiskholmen,rensefisk,,,1691,Berggylt,4000,hele lokaliteten,1219,BØMLO,12,Hordaland,59.72663,5.145617,3,Karmøy til Sotra,
33,2017,12483,Hjortholman,ikke-medikamentell,,,,,,deler av lokaliteten,1573,SMØLA,15,Møre og Romsdal,63.457733,7.8561,6,Nordmøre og Sør-Trøndelag,
33,2017,12483,Hjortholman,rensefisk,,,1694,Grøngylt,928,deler av lokaliteten,1573,SMØLA,15,Møre og Romsdal,63.457733,7.8561,6,Nordmøre og Sør-Trøndelag,
33,2017,12483,Hjortholman,rensefisk,,,1691,Berggylt,3648,deler av lokaliteten,1573,SMØLA,15,Møre og Romsdal,63.457733,7.8561,6,Nordmøre og Sør-Trøndelag,
33,2017,12871,Hogsnes,ikke-medikamentell,,,,,,deler av lokaliteten,1554,AVERØY,15,Møre og Romsdal,63.093033,7.675883,6,Nordmøre og Sør-Trøndelag,
33,2017,12871,Hogsnes,rensefisk,,,1694,Grøngylt,425,deler av lokaliteten,1554,AVERØY,15,Møre og Romsdal,63.093033,7.675883,6,Nordmøre og Sør-Trøndelag,
33,2017,12871,Hogsnes,rensefisk,,,1691,Berggylt,582,deler av lokaliteten,1554,AVERØY,15,Møre og Romsdal,63.093033,7.675883,6,Nordmøre og Sør-Trøndelag,
33,2017,12871,Hogsnes,rensefisk,,,1693,Bergnebb,426,deler av lokaliteten,1554,AVERØY,15,Møre og Romsdal,63.093033,7.675883,6,Nordmøre og Sør-Trøndelag,
33,2017,30377,Hogsneset N,ikke-medikamentell,,,,,,deler av lokaliteten,1554,AVERØY,15,Møre og Romsdal,63.099934,7.670267,6,Nordmøre og Sør-Trøndelag,
33,2017,30377,Hogsneset N,rensefisk,,,1694,Grøngylt,690,deler av lokaliteten,1554,AVERØY,15,Møre og Romsdal,63.099934,7.670267,6,Nordmøre og Sør-Trøndelag,
33,2017,30377,Hogsneset N,rensefisk,,,1693,Bergnebb,864,deler av lokaliteten,1554,AVERØY,15,Møre og Romsdal,63.099934,7.670267,6,Nordmøre og Sør-Trøndelag,
33,2017,30377,Hogsneset N,rensefisk,,,1691,Berggylt,6218,deler av lokaliteten,1554,AVERØY,15,Møre og Romsdal,63.099934,7.670267,6,Nordmøre og Sør-Trøndelag,
33,2017,11571,Holevik,rensefisk,,,1694,Grøngylt,11101,deler av lokaliteten,1219,BØMLO,12,Hordaland,59.776585,5.321817,3,Karmøy til Sotra,
33,2017,11571,Holevik,rensefisk,,,1693,Bergnebb,86787,deler av lokaliteten,1219,BØMLO,12,Hordaland,59.776585,5.321817,3,Karmøy til Sotra,
33,2017,33218,Hosenøyan,rensefisk,,,1694,Grøngylt,2887,deler av lokaliteten,1630,ÅFJORD,16,Sør-Trøndelag,64.08518,9.884683,6,Nordmøre og Sør-Trøndelag,
33,2017,33218,Hosenøyan,rensefisk,,,1693,Bergnebb,11211,deler av lokaliteten,1630,ÅFJORD,16,Sør-Trøndelag,64.08518,9.884683,6,Nordmøre og Sør-Trøndelag,
33,2017,33218,Hosenøyan,rensefisk,,,1691,Berggylt,299,deler av lokaliteten,1630,ÅFJORD,16,Sør-Trøndelag,64.08518,9.884683,6,Nordmøre og Sør-Trøndelag,
33,2017,13337,Hovdenakken,medikamentell,badebehandling,Deltamethrin,,,,hele lokaliteten,2022,LEBESBY,20,Finnmark,70.81175,27.500334,12,Vest-Finnmark,
33,2017,12890,Høybuvika,ikke-medikamentell,,,,,,deler av lokaliteten,1557,GJEMNES,15,Møre og Romsdal,62.9563,8.049217,6,Nordmøre og Sør-Trøndelag,
33,2017,27095,Ihlholmen,rensefisk,,,1692,Annen leppefisk,8000,hele lokaliteten,1160,VINDAFJORD,11,Rogaland,59.7215,5.586633,3,Karmøy til Sotra,
33,2017,12599,Indre Skjervøy,rensefisk,,,1694,Grøngylt,160,deler av lokaliteten,1633,OSEN,16,Sør-Trøndelag,64.2858,10.30905,6,Nordmøre og Sør-Trøndelag,
33,2017,12599,Indre Skjervøy,rensefisk,,,1693,Bergnebb,18197,deler av lokaliteten,1633,OSEN,16,Sør-Trøndelag,64.2858,10.30905,6,Nordmøre og Sør-Trøndelag,
33,2017,12599,Indre Skjervøy,rensefisk,,,1691,Berggylt,173,deler av lokaliteten,1633,OSEN,16,Sør-Trøndelag,64.2858,10.30905,6,Nordmøre og Sør-Trøndelag,
33,2017,11405,Innerbrokløysa,medikamentell,fôrbehandling,Emamectin benzoat,,,,hele lokaliteten,1870,SORTLAND,18,Nordland,68.630714,15.483317,9,Vestfjorden og Vesterålen,
33,2017,12260,Juvika,rensefisk,,,1693,Bergnebb,1000,hele lokaliteten,1545,MIDSUND,15,Møre og Romsdal,62.66477,6.696767,5,Stadt til Hustadvika,
33,2017,12260,Juvika,rensefisk,,,1694,Grøngylt,800,hele lokaliteten,1545,MIDSUND,15,Møre og Romsdal,62.66477,6.696767,5,Stadt til Hustadvika,
33,2017,13242,Juvika B,rensefisk,,,1694,Grøngylt,4212,deler av lokaliteten,1438,BREMANGER,14,Sogn og Fjordane,61.895683,5.6331,4,Nordhordaland til Stadt,
33,2017,13242,Juvika B,rensefisk,,,1691,Berggylt,763,deler av lokaliteten,1438,BREMANGER,14,Sogn og Fjordane,61.895683,5.6331,4,Nordhordaland til Stadt,
33,2017,22915,Kalsøyflu,rensefisk,,,1691,Berggylt,2525,hele lokaliteten,1244,AUSTEVOLL,12,Hordaland,60.03818,5.114417,3,Karmøy til Sotra,
33,2017,22915,Kalsøyflu,rensefisk,,,1694,Grøngylt,19623,hele lokaliteten,1244,AUSTEVOLL,12,Hordaland,60.03818,5.114417,3,Karmøy til Sotra,
33,2017,15118,Kalvøya,ikke-medikamentell,,,,,,deler av lokaliteten,1834,LURØY,18,Nordland,66.39365,12.79975,8,Helgeland til Bodø,
33,2017,14042,Kattholmen,rensefisk,,,1694,Grøngylt,46,deler av lokaliteten,1620,FRØYA,16,Sør-Trøndelag,63.870968,8.679017,6,Nordmøre og Sør-Trøndelag,
33,2017,14042,Kattholmen,rensefisk,,,1693,Bergnebb,8960,deler av lokaliteten,1620,FRØYA,16,Sør-Trøndelag,63.870968,8.679017,6,Nordmøre og Sør-Trøndelag,
33,2017,14042,Kattholmen,rensefisk,,,1691,Berggylt,1004,deler av lokaliteten,1620,FRØYA,16,Sør-Trøndelag,63.870968,8.679017,6,Nordmøre og Sør-Trøndelag,
33,2017,12872,Kattholmen,rensefisk,,,222120,Rognkjeks (hun),14637,deler av lokaliteten,1505,KRISTIANSUND,15,Møre og Romsdal,63.055332,7.695317,6,Nordmøre og Sør-Trøndelag,
33,2017,12872,Kattholmen,rensefisk,,,1694,Grøngylt,7223,deler av lokaliteten,1505,KRISTIANSUND,15,Møre og Romsdal,63.055332,7.695317,6,Nordmøre og Sør-Trøndelag,
33,2017,12872,Kattholmen,rensefisk,,,1691,Berggylt,1424,deler av lokaliteten,1505,KRISTIANSUND,15,Møre og Romsdal,63.055332,7.695317,6,Nordmøre og Sør-Trøndelag,
33,2017,30437,Kattholmen II,rensefisk,,,1693,Bergnebb,2488,deler av lokaliteten,1620,FRØYA,16,Sør-Trøndelag,63.864784,8.676583,6,Nordmøre og Sør-Trøndelag,
33,2017,11913,Kjeahola,ikke-medikamentell,,,,,,deler av lokaliteten,1141,FINNØY,11,Rogaland,59.2933,6.0729,2,Ryfylke,
33,2017,10409,Kjelneset,rensefisk,,,1693,Bergnebb,15225,deler av lokaliteten,1748,FOSNES,17,Nord-Trøndelag,64.64391,11.388517,7,Nord-Trøndelag med Bindal,
33,2017,26135,Kjørsvikgrunn,rensefisk,,,1693,Bergnebb,42199,hele lokaliteten,1612,HEMNE,16,Sør-Trøndelag,63.457565,9.076,6,Nordmøre og Sør-Trøndelag,
33,2017,26135,Kjørsvikgrunn,rensefisk,,,222120,Rognkjeks (hun),18848,hele lokaliteten,1612,HEMNE,16,Sør-Trøndelag,63.457565,9.076,6,Nordmøre og Sør-Trøndelag,
33,2017,32257,Kjøtta V,ikke-medikamentell,,,,,,deler av lokaliteten,1903,HARSTAD,19,Troms,68.8658,16.670218,10,Andøya til Senja,
33,2017,29476,Klokkardalen,medikamentell,badebehandling,Deltamethrin,,,,deler av lokaliteten,1902,TROMSØ,19,Troms,69.70953,18.363983,11,Kvaløya til Loppa,
33,2017,30297,Krabbholmen,medikamentell,fôrbehandling,Emamectin benzoat,,,,deler av lokaliteten,1630,ÅFJORD,16,Sør-Trøndelag,63.94438,9.880667,6,Nordmøre og Sør-Trøndelag,
33,2017,30297,Krabbholmen,ikke-medikamentell,,,,,,deler av lokaliteten,1630,ÅFJORD,16,Sør-Trøndelag,63.94438,9.880667,6,Nordmøre og Sør-Trøndelag,
33,2017,33177,Krabbholmen II,medikamentell,fôrbehandling,Emamectin benzoat,,,,deler av lokaliteten,1630,ÅFJORD,16,Sør-Trøndelag,63.94,9.886633,6,Nordmøre og Sør-Trøndelag,
33,2017,33177,Krabbholmen II,ikke-medikamentell,,,,,,deler av lokaliteten,1630,ÅFJORD,16,Sør-Trøndelag,63.94,9.886633,6,Nordmøre og Sør-Trøndelag,
33,2017,11633,Krossholmen,rensefisk,,,1694,Grøngylt,11708,deler av lokaliteten,1219,BØMLO,12,Hordaland,59.7879,5.100533,3,Karmøy til Sotra,
33,2017,11633,Krossholmen,rensefisk,,,1693,Bergnebb,173,deler av lokaliteten,1219,BØMLO,12,Hordaland,59.7879,5.100533,3,Karmøy til Sotra,
33,2017,11633,Krossholmen,rensefisk,,,1691,Berggylt,1837,deler av lokaliteten,1219,BØMLO,12,Hordaland,59.7879,5.100533,3,Karmøy til Sotra,
33,2017,36457,Kvingra,rensefisk,,,222120,Rognkjeks (hun),37735,hele lokaliteten,1755,LEKA,17,Nord-Trøndelag,65.20317,11.569,7,Nord-Trøndelag med Bindal,
33,2017,11803,Kyravika,rensefisk,,,1694,Grøngylt,9000,deler av lokaliteten,1429,FJALER,14,Sogn og Fjordane,61.316433,5.1563,4,Nordhordaland til Stadt,
33,2017,20595,Kyrholmen S,rensefisk,,,1692,Annen leppefisk,1593,deler av lokaliteten,1244,AUSTEVOLL,12,Hordaland,60.161583,5.207633,3,Karmøy til Sotra,
33,2017,20595,Kyrholmen S,rensefisk,,,1694,Grøngylt,2899,deler av lokaliteten,1244,AUSTEVOLL,12,Hordaland,60.161583,5.207633,3,Karmøy til Sotra,
33,2017,11116,Langholmen,ikke-medikamentell,,,,,,deler av lokaliteten,1838,GILDESKÅL,18,Nordland,67.05783,14.025333,8,Helgeland til Bodø,
33,2017,20559,Langskjæra,rensefisk,,,1693,Bergnebb,1220,deler av lokaliteten,1620,FRØYA,16,Sør-Trøndelag,63.8225,8.75505,6,Nordmøre og Sør-Trøndelag,
33,2017,20559,Langskjæra,rensefisk,,,1691,Berggylt,340,deler av lokaliteten,1620,FRØYA,16,Sør-Trøndelag,63.8225,8.75505,6,Nordmøre og Sør-Trøndelag,
33,2017,33557,Langskjæra II,rensefisk,,,1693,Bergnebb,1570,deler av lokaliteten,1620,FRØYA,16,Sør-Trøndelag,63.82245,8.74075,6,Nordmøre og Sør-Trøndelag,
33,2017,11438,Lauplandsholmen,rensefisk,,,1693,Bergnebb,20618,deler av lokaliteten,1145,BOKN,11,Rogaland,59.179733,5.472633,2,Ryfylke,
33,2017,19355,Låva,rensefisk,,,1694,Grøngylt,6363,deler av lokaliteten,1141,FINNØY,11,Rogaland,59.29677,5.9888,2,Ryfylke,
33,2017,19355,Låva,rensefisk,,,1691,Berggylt,1179,deler av lokaliteten,1141,FINNØY,11,Rogaland,59.29677,5.9888,2,Ryfylke,
33,2017,11350,Lavika,ikke-medikamentell,,,,,,hele lokaliteten,1928,TORSKEN,19,Troms,69.25753,17.0887,10,Andøya til Senja,
33,2017,13317,Lille Kvalfjord,rensefisk,,,222120,Rognkjeks (hun),12866,deler av lokaliteten,2012,ALTA,20,Finnmark,70.30338,22.937983,12,Vest-Finnmark,
33,2017,28396,Lindarholmen,rensefisk,,,1692,Annen leppefisk,5000,hele lokaliteten,1223,TYSNES,12,Hordaland,60.084034,5.638667,3,Karmøy til Sotra,
33,2017,13876,Litletveitholane,rensefisk,,,1693,Bergnebb,4749,deler av lokaliteten,1253,OSTERØY,12,Hordaland,60.479782,5.443633,4,Nordhordaland til Stadt,
33,2017,28996,Loddetå,rensefisk,,,1694,Grøngylt,473,deler av lokaliteten,1216,SVEIO,12,Hordaland,59.691643,5.54298,3,Karmøy til Sotra,
33,2017,28996,Loddetå,rensefisk,,,1693,Bergnebb,650,deler av lokaliteten,1216,SVEIO,12,Hordaland,59.691643,5.54298,3,Karmøy til Sotra,
33,2017,10292,Lyklingholmen N,rensefisk,,,1692,Annen leppefisk,1150,deler av lokaliteten,1219,BØMLO,12,Hordaland,59.714535,5.15405,3,Karmøy til Sotra,
33,2017,10292,Lyklingholmen N,rensefisk,,,1691,Berggylt,1305,deler av lokaliteten,1219,BØMLO,12,Hordaland,59.714535,5.15405,3,Karmøy til Sotra,
33,2017,10292,Lyklingholmen N,rensefisk,,,1694,Grøngylt,1800,deler av lokaliteten,1219,BØMLO,12,Hordaland,59.714535,5.15405,3,Karmøy til Sotra,
33,2017,33337,Lyngnes,rensefisk,,,1694,Grøngylt,4845,deler av lokaliteten,1241,FUSA,12,Hordaland,60.1197,5.720917,3,Karmøy til Sotra,
33,2017,12633,Lyrnesset,ikke-medikamentell,,,,,,deler av lokaliteten,1749,FLATANGER,17,Nord-Trøndelag,64.5256,10.748133,7,Nord-Trøndelag med Bindal,
33,2017,12127,Mælen,rensefisk,,,1692,Annen leppefisk,5482,deler av lokaliteten,1224,KVINNHERAD,12,Hordaland,59.69998,5.722917,3,Karmøy til Sotra,
33,2017,12370,Måøydraga,rensefisk,,,1694,Grøngylt,55,hele lokaliteten,1620,FRØYA,16,Sør-Trøndelag,63.676964,8.75625,6,Nordmøre og Sør-Trøndelag,
33,2017,12370,Måøydraga,rensefisk,,,1693,Bergnebb,740,hele lokaliteten,1620,FRØYA,16,Sør-Trøndelag,63.676964,8.75625,6,Nordmøre og Sør-Trøndelag,
33,2017,12134,Maradalen,rensefisk,,,1692,Annen leppefisk,5000,hele lokaliteten,1224,KVINNHERAD,12,Hordaland,59.76077,5.686767,3,Karmøy til Sotra,
33,2017,31637,Melkøya,medikamentell,fôrbehandling,Emamectin benzoat,,,,deler av lokaliteten,1818,HERØY I NORDLAND,18,Nordland,66.08231,12.201167,8,Helgeland til Bodø,
33,2017,10858,Mulingen,ikke-medikamentell,,,,,,hele lokaliteten,1811,BINDAL,18,Nordland,65.10865,12.442233,7,Nord-Trøndelag med Bindal,
33,2017,13629,Munkholmen,rensefisk,,,1694,Grøngylt,781,deler av lokaliteten,1146,TYSVÆR,11,Rogaland,59.285484,5.631317,2,Ryfylke,
33,2017,13629,Munkholmen,rensefisk,,,1693,Bergnebb,398,deler av lokaliteten,1146,TYSVÆR,11,Rogaland,59.285484,5.631317,2,Ryfylke,
33,2017,13629,Munkholmen,rensefisk,,,1691,Berggylt,106,deler av lokaliteten,1146,TYSVÆR,11,Rogaland,59.285484,5.631317,2,Ryfylke,
33,2017,29957,Nakkestad,rensefisk,,,1694,Grøngylt,2500,hele lokaliteten,1032,LYNGDAL,10,Vest-Agder,58.055832,7.06875,1,Svenskegrensen til Jæren,
33,2017,29957,Nakkestad,rensefisk,,,1693,Bergnebb,11000,hele lokaliteten,1032,LYNGDAL,10,Vest-Agder,58.055832,7.06875,1,Svenskegrensen til Jæren,
33,2017,10303,Nappeholmane,rensefisk,,,1692,Annen leppefisk,13833,hele lokaliteten,1219,BØMLO,12,Hordaland,59.743034,5.363783,3,Karmøy til Sotra,
33,2017,10213,Naustneset,ikke-medikamentell,,,,,,deler av lokaliteten,1557,GJEMNES,15,Møre og Romsdal,62.9424,8.0756,6,Nordmøre og Sør-Trøndelag,
33,2017,11611,Naveide,rensefisk,,,1692,Annen leppefisk,5617,deler av lokaliteten,1244,AUSTEVOLL,12,Hordaland,60.13907,5.112783,3,Karmøy til Sotra,
33,2017,11611,Naveide,rensefisk,,,1691,Berggylt,1883,deler av lokaliteten,1244,AUSTEVOLL,12,Hordaland,60.13907,5.112783,3,Karmøy til Sotra,
33,2017,11611,Naveide,rensefisk,,,1694,Grøngylt,10535,deler av lokaliteten,1244,AUSTEVOLL,12,Hordaland,60.13907,5.112783,3,Karmøy til Sotra,
33,2017,11041,Nord Gåsvær,ikke-medikamentell,,,,,,hele lokaliteten,1818,HERØY I NORDLAND,18,Nordland,66.07035,12.065617,8,Helgeland til Bodø,
33,2017,33937,Nørholmen,medikamentell,badebehandling,Annet virkestoff,,,,hele lokaliteten,1573,SMØLA,15,Møre og Romsdal,63.338917,8.2718,6,Nordmøre og Sør-Trøndelag,
33,2017,33297,Nye Skorpa,medikamentell,fôrbehandling,Emamectin benzoat,,,,hele lokaliteten,1827,DØNNA,18,Nordland,66.03093,12.481483,8,Helgeland til Bodø,
33,2017,15403,Olderøy,rensefisk,,,1694,Grøngylt,11860,deler av lokaliteten,1412,SOLUND,14,Sogn og Fjordane,61.103283,4.712233,4,Nordhordaland til Stadt,
33,2017,15403,Olderøy,rensefisk,,,1693,Bergnebb,6585,deler av lokaliteten,1412,SOLUND,14,Sogn og Fjordane,61.103283,4.712233,4,Nordhordaland til Stadt,
33,2017,15403,Olderøy,rensefisk,,,1691,Berggylt,820,deler av lokaliteten,1412,SOLUND,14,Sogn og Fjordane,61.103283,4.712233,4,Nordhordaland til Stadt,
33,2017,12383,Omsøyholman,rensefisk,,,222120,Rognkjeks (hun),69261,hele lokaliteten,1617,HITRA,16,Sør-Trøndelag,63.63162,8.574817,6,Nordmøre og Sør-Trøndelag,
33,2017,10136,Onarøy,rensefisk,,,1692,Annen leppefisk,5000,hele lokaliteten,1223,TYSNES,12,Hordaland,59.95335,5.669683,3,Karmøy til Sotra,
33,2017,12394,Ørnøya,rensefisk,,,1694,Grøngylt,48,deler av lokaliteten,1620,FRØYA,16,Sør-Trøndelag,63.761868,8.445183,6,Nordmøre og Sør-Trøndelag,
33,2017,12394,Ørnøya,rensefisk,,,1693,Bergnebb,842,deler av lokaliteten,1620,FRØYA,16,Sør-Trøndelag,63.761868,8.445183,6,Nordmøre og Sør-Trøndelag,
33,2017,12394,Ørnøya,rensefisk,,,1691,Berggylt,241,deler av lokaliteten,1620,FRØYA,16,Sør-Trøndelag,63.761868,8.445183,6,Nordmøre og Sør-Trøndelag,
33,2017,24696,Ørnøya II,rensefisk,,,1694,Grøngylt,2177,deler av lokaliteten,1620,FRØYA,16,Sør-Trøndelag,63.758484,8.450367,6,Nordmøre og Sør-Trøndelag,
33,2017,24696,Ørnøya II,rensefisk,,,1693,Bergnebb,11441,deler av lokaliteten,1620,FRØYA,16,Sør-Trøndelag,63.758484,8.450367,6,Nordmøre og Sør-Trøndelag,
33,2017,13888,Osholmen,medikamentell,fôrbehandling,Emamectin benzoat,,,,hele lokaliteten,1617,HITRA,16,Sør-Trøndelag,63.661983,9.135583,6,Nordmøre og Sør-Trøndelag,
33,2017,13888,Osholmen,ikke-medikamentell,,,,,,deler av lokaliteten,1617,HITRA,16,Sør-Trøndelag,63.661983,9.135583,6,Nordmøre og Sør-Trøndelag,
33,2017,31397,Oterneset,rensefisk,,,222120,Rognkjeks (hun),39900,deler av lokaliteten,1903,HARSTAD,19,Troms,68.929665,16.701433,10,Andøya til Senja,
33,2017,13345,Oterstegdalen,rensefisk,,,1694,Grøngylt,12901,deler av lokaliteten,1241,FUSA,12,Hordaland,60.23545,5.638267,3,Karmøy til Sotra,
33,2017,11854,Pinnen,rensefisk,,,169520,Rødnebb,150,hele lokaliteten,1004,FLEKKEFJORD,10,Vest-Agder,58.225533,6.682717,1,Svenskegrensen til Jæren,
33,2017,11854,Pinnen,rensefisk,,,1694,Grøngylt,2797,hele lokaliteten,1004,FLEKKEFJORD,10,Vest-Agder,58.225533,6.682717,1,Svenskegrensen til Jæren,
33,2017,11854,Pinnen,rensefisk,,,1691,Berggylt,2137,hele lokaliteten,1004,FLEKKEFJORD,10,Vest-Agder,58.225533,6.682717,1,Svenskegrensen til Jæren,
33,2017,10996,Ramnøya S,ikke-medikamentell,,,,,,deler av lokaliteten,1827,DØNNA,18,Nordland,66.23212,12.280317,8,Helgeland til Bodø,
33,2017,11651,Ramsøy S,rensefisk,,,1693,Bergnebb,14144,deler av lokaliteten,1247,ASKØY,12,Hordaland,60.434082,5.062733,3,Karmøy til Sotra,
33,2017,11651,Ramsøy S,rensefisk,,,1692,Annen leppefisk,12099,deler av lokaliteten,1247,ASKØY,12,Hordaland,60.434082,5.062733,3,Karmøy til Sotra,
33,2017,31959,Rataren II,rensefisk,,,1694,Grøngylt,2121,deler av lokaliteten,1620,FRØYA,16,Sør-Trøndelag,63.782383,8.52635,6,Nordmøre og Sør-Trøndelag,
33,2017,31959,Rataren II,rensefisk,,,1693,Bergnebb,7128,deler av lokaliteten,1620,FRØYA,16,Sør-Trøndelag,63.782383,8.52635,6,Nordmøre og Sør-Trøndelag,
33,2017,31959,Rataren II,rensefisk,,,1691,Berggylt,3514,deler av lokaliteten,1620,FRØYA,16,Sør-Trøndelag,63.782383,8.52635,6,Nordmøre og Sør-Trøndelag,
33,2017,13867,Raunevågen,rensefisk,,,1691,Berggylt,155,deler av lokaliteten,1216,SVEIO,12,Hordaland,59.65798,5.533667,3,Karmøy til Sotra,
33,2017,13867,Raunevågen,rensefisk,,,1693,Bergnebb,6223,deler av lokaliteten,1216,SVEIO,12,Hordaland,59.65798,5.533667,3,Karmøy til Sotra,
33,2017,13867,Raunevågen,rensefisk,,,1694,Grøngylt,3020,deler av lokaliteten,1216,SVEIO,12,Hordaland,59.65798,5.533667,3,Karmøy til Sotra,
33,2017,11072,Rendalsvik,ikke-medikamentell,,,,,,deler av lokaliteten,1837,MELØY,18,Nordland,66.69935,13.624117,8,Helgeland til Bodø,
33,2017,17357,Rennaren,rensefisk,,,1693,Bergnebb,7376,hele lokaliteten,1142,RENNESØY,11,Rogaland,59.131584,5.72165,2,Ryfylke,
33,2017,29896,Renndalen,rensefisk,,,222120,Rognkjeks (hun),26705,hele lokaliteten,1571,HALSA,15,Møre og Romsdal,63.176167,8.616817,6,Nordmøre og Sør-Trøndelag,
33,2017,29896,Renndalen,rensefisk,,,1693,Bergnebb,5881,hele lokaliteten,1571,HALSA,15,Møre og Romsdal,63.176167,8.616817,6,Nordmøre og Sør-Trøndelag,
33,2017,29896,Renndalen,rensefisk,,,1694,Grøngylt,23135,hele lokaliteten,1571,HALSA,15,Møre og Romsdal,63.176167,8.616817,6,Nordmøre og Sør-Trøndelag,
33,2017,29896,Renndalen,rensefisk,,,1691,Berggylt,10055,hele lokaliteten,1571,HALSA,15,Møre og Romsdal,63.176167,8.616817,6,Nordmøre og Sør-Trøndelag,
33,2017,30657,Revøy,rensefisk,,,1693,Bergnebb,16000,hele lokaliteten,1032,LYNGDAL,10,Vest-Agder,58.0243,7.0268,1,Svenskegrensen til Jæren,
33,2017,11964,Ringja,rensefisk,,,169520,Rødnebb,126,hele lokaliteten,1146,TYSVÆR,11,Rogaland,59.405468,5.8631,2,Ryfylke,
33,2017,11964,Ringja,rensefisk,,,169510,Blåstål,87,hele lokaliteten,1146,TYSVÆR,11,Rogaland,59.405468,5.8631,2,Ryfylke,
33,2017,11964,Ringja,rensefisk,,,1694,Grøngylt,31921,hele lokaliteten,1146,TYSVÆR,11,Rogaland,59.405468,5.8631,2,Ryfylke,
33,2017,11964,Ringja,rensefisk,,,1692,Annen leppefisk,139,hele lokaliteten,1146,TYSVÆR,11,Rogaland,59.405468,5.8631,2,Ryfylke,
33,2017,11964,Ringja,rensefisk,,,1691,Berggylt,2802,hele lokaliteten,1146,TYSVÆR,11,Rogaland,59.405468,5.8631,2,Ryfylke,
33,2017,12281,Rogne,rensefisk,,,1694,Grøngylt,6199,hele lokaliteten,1534,HARAM,15,Møre og Romsdal,62.6695,6.356833,5,Stadt til Hustadvika,
33,2017,12281,Rogne,rensefisk,,,1693,Bergnebb,7931,hele lokaliteten,1534,HARAM,15,Møre og Romsdal,62.6695,6.356833,5,Stadt til Hustadvika,
33,2017,12281,Rogne,rensefisk,,,1691,Berggylt,546,hele lokaliteten,1534,HARAM,15,Møre og Romsdal,62.6695,6.356833,5,Stadt til Hustadvika,
33,2017,29276,Rongøy,rensefisk,,,1691,Berggylt,1592,deler av lokaliteten,1259,ØYGARDEN,12,Hordaland,60.509335,4.9317,4,Nordhordaland til Stadt,
33,2017,29276,Rongøy,rensefisk,,,1693,Bergnebb,22396,deler av lokaliteten,1259,ØYGARDEN,12,Hordaland,60.509335,4.9317,4,Nordhordaland til Stadt,
33,2017,29276,Rongøy,rensefisk,,,1694,Grøngylt,13466,deler av lokaliteten,1259,ØYGARDEN,12,Hordaland,60.509335,4.9317,4,Nordhordaland til Stadt,
33,2017,12209,Rønstad,rensefisk,,,1694,Grøngylt,6514,hele lokaliteten,1519,VOLDA,15,Møre og Romsdal,62.135117,6.021433,5,Stadt til Hustadvika,
33,2017,12209,Rønstad,rensefisk,,,1693,Bergnebb,8135,hele lokaliteten,1519,VOLDA,15,Møre og Romsdal,62.135117,6.021433,5,Stadt til Hustadvika,
33,2017,12209,Rønstad,rensefisk,,,1691,Berggylt,363,hele lokaliteten,1519,VOLDA,15,Møre og Romsdal,62.135117,6.021433,5,Stadt til Hustadvika,
33,2017,37197,Ruggstein,rensefisk,,,1691,Berggylt,3597,hele lokaliteten,1620,FRØYA,16,Sør-Trøndelag,63.770084,8.476033,6,Nordmøre og Sør-Trøndelag,
33,2017,37197,Ruggstein,rensefisk,,,1693,Bergnebb,36117,hele lokaliteten,1620,FRØYA,16,Sør-Trøndelag,63.770084,8.476033,6,Nordmøre og Sør-Trøndelag,
33,2017,13612,Rundreimstranda,rensefisk,,,1694,Grøngylt,2645,deler av lokaliteten,1441,SELJE,14,Sogn og Fjordane,62.009968,5.331917,4,Nordhordaland til Stadt,
33,2017,13612,Rundreimstranda,rensefisk,,,1691,Berggylt,2394,deler av lokaliteten,1441,SELJE,14,Sogn og Fjordane,62.009968,5.331917,4,Nordhordaland til Stadt,
33,2017,13249,Sagelva,rensefisk,,,1694,Grøngylt,3504,deler av lokaliteten,1520,ØRSTA,15,Møre og Romsdal,62.33795,6.38165,5,Stadt til Hustadvika,
33,2017,13249,Sagelva,rensefisk,,,1693,Bergnebb,1292,deler av lokaliteten,1520,ØRSTA,15,Møre og Romsdal,62.33795,6.38165,5,Stadt til Hustadvika,
33,2017,13249,Sagelva,rensefisk,,,1691,Berggylt,295,deler av lokaliteten,1520,ØRSTA,15,Møre og Romsdal,62.33795,6.38165,5,Stadt til Hustadvika,
33,2017,10328,Sagvik,rensefisk,,,1694,Grøngylt,3478,deler av lokaliteten,1238,KVAM,12,Hordaland,60.141033,5.906933,3,Karmøy til Sotra,
33,2017,10328,Sagvik,rensefisk,,,1693,Bergnebb,2899,deler av lokaliteten,1238,KVAM,12,Hordaland,60.141033,5.906933,3,Karmøy til Sotra,
33,2017,10328,Sagvik,rensefisk,,,1691,Berggylt,605,deler av lokaliteten,1238,KVAM,12,Hordaland,60.141033,5.906933,3,Karmøy til Sotra,
33,2017,31677,Sandholmane,ikke-medikamentell,,,,,,deler av lokaliteten,1546,SANDØY,15,Møre og Romsdal,62.796284,6.669933,5,Stadt til Hustadvika,
33,2017,31677,Sandholmane,rensefisk,,,1691,Berggylt,1035,deler av lokaliteten,1546,SANDØY,15,Møre og Romsdal,62.796284,6.669933,5,Stadt til Hustadvika,
33,2017,31677,Sandholmane,rensefisk,,,1693,Bergnebb,4209,deler av lokaliteten,1546,SANDØY,15,Møre og Romsdal,62.796284,6.669933,5,Stadt til Hustadvika,
33,2017,31677,Sandholmane,rensefisk,,,1694,Grøngylt,8612,deler av lokaliteten,1546,SANDØY,15,Møre og Romsdal,62.796284,6.669933,5,Stadt til Hustadvika,
33,2017,12884,Sandnesbukta,rensefisk,,,1693,Bergnebb,10715,deler av lokaliteten,1543,NESSET,15,Møre og Romsdal,62.7369,7.8775,5,Stadt til Hustadvika,
33,2017,11888,Sandvik,rensefisk,,,1694,Grøngylt,10994,deler av lokaliteten,1134,SULDAL,11,Rogaland,59.31445,6.170917,2,Ryfylke,
33,2017,11888,Sandvik,rensefisk,,,1691,Berggylt,737,deler av lokaliteten,1134,SULDAL,11,Rogaland,59.31445,6.170917,2,Ryfylke,
33,2017,13243,Sandvika,rensefisk,,,1694,Grøngylt,16234,deler av lokaliteten,1519,VOLDA,15,Møre og Romsdal,62.195667,5.904417,5,Stadt til Hustadvika,
33,2017,13243,Sandvika,rensefisk,,,1693,Bergnebb,8234,deler av lokaliteten,1519,VOLDA,15,Møre og Romsdal,62.195667,5.904417,5,Stadt til Hustadvika,
33,2017,13243,Sandvika,rensefisk,,,1691,Berggylt,977,deler av lokaliteten,1519,VOLDA,15,Møre og Romsdal,62.195667,5.904417,5,Stadt til Hustadvika,
33,2017,11758,Sauøy Ø,rensefisk,,,1691,Berggylt,153,deler av lokaliteten,1259,ØYGARDEN,12,Hordaland,60.592335,4.857833,4,Nordhordaland til Stadt,
33,2017,19855,Segelråa,ikke-medikamentell,,,,,,deler av lokaliteten,1576,AURE,15,Møre og Romsdal,63.149746,8.12855,6,Nordmøre og Sør-Trøndelag,
33,2017,19855,Segelråa,rensefisk,,,1691,Berggylt,733,deler av lokaliteten,1576,AURE,15,Møre og Romsdal,63.149746,8.12855,6,Nordmøre og Sør-Trøndelag,
33,2017,19855,Segelråa,rensefisk,,,1694,Grøngylt,1709,deler av lokaliteten,1576,AURE,15,Møre og Romsdal,63.149746,8.12855,6,Nordmøre og Sør-Trøndelag,
33,2017,17015,Seglberget,rensefisk,,,1692,Annen leppefisk,7000,hele lokaliteten,1224,KVINNHERAD,12,Hordaland,59.730434,5.788733,3,Karmøy til Sotra,
33,2017,24115,Singsholmen,rensefisk,,,1694,Grøngylt,3091,hele lokaliteten,1617,HITRA,16,Sør-Trøndelag,63.41975,8.411617,6,Nordmøre og Sør-Trøndelag,
33,2017,24115,Singsholmen,rensefisk,,,1693,Bergnebb,9743,hele lokaliteten,1617,HITRA,16,Sør-Trøndelag,63.41975,8.411617,6,Nordmøre og Sør-Trøndelag,
33,2017,11138,Skålsvika,ikke-medikamentell,,,,,,hele lokaliteten,1837,MELØY,18,Nordland,66.7146,13.561517,8,Helgeland til Bodø,
33,2017,22315,Skavhella,rensefisk,,,1694,Grøngylt,2651,hele lokaliteten,1243,OS I HORDALAND,12,Hordaland,60.218933,5.5593,3,Karmøy til Sotra,
33,2017,12048,Skiftesneset N,rensefisk,,,1694,Grøngylt,3748,deler av lokaliteten,1241,FUSA,12,Hordaland,60.0711,5.736867,3,Karmøy til Sotra,
33,2017,20115,Skjerholmen N,rensefisk,,,1693,Bergnebb,5846,deler av lokaliteten,1245,SUND,12,Hordaland,60.2496,5.174017,3,Karmøy til Sotra,
33,2017,20115,Skjerholmen N,rensefisk,,,1691,Berggylt,3287,deler av lokaliteten,1245,SUND,12,Hordaland,60.2496,5.174017,3,Karmøy til Sotra,
33,2017,20115,Skjerholmen N,rensefisk,,,1692,Annen leppefisk,754,deler av lokaliteten,1245,SUND,12,Hordaland,60.2496,5.174017,3,Karmøy til Sotra,
33,2017,20115,Skjerholmen N,rensefisk,,,1694,Grøngylt,8065,deler av lokaliteten,1245,SUND,12,Hordaland,60.2496,5.174017,3,Karmøy til Sotra,
33,2017,11640,Skorpeosen,rensefisk,,,1694,Grøngylt,2980,deler av lokaliteten,1246,FJELL,12,Hordaland,60.332535,4.942783,3,Karmøy til Sotra,
33,2017,11640,Skorpeosen,rensefisk,,,1693,Bergnebb,651,deler av lokaliteten,1246,FJELL,12,Hordaland,60.332535,4.942783,3,Karmøy til Sotra,
33,2017,11640,Skorpeosen,rensefisk,,,1692,Annen leppefisk,423,deler av lokaliteten,1246,FJELL,12,Hordaland,60.332535,4.942783,3,Karmøy til Sotra,
33,2017,11640,Skorpeosen,rensefisk,,,1691,Berggylt,98,deler av lokaliteten,1246,FJELL,12,Hordaland,60.332535,4.942783,3,Karmøy til Sotra,
33,2017,25896,Skorpo,rensefisk,,,1692,Annen leppefisk,15000,hele lokaliteten,1223,TYSNES,12,Hordaland,59.875767,5.638817,3,Karmøy til Sotra,
33,2017,32877,Skorpo,rensefisk,,,1694,Grøngylt,11550,deler av lokaliteten,1243,OS I HORDALAND,12,Hordaland,60.173317,5.293683,3,Karmøy til Sotra,
33,2017,32877,Skorpo,rensefisk,,,1691,Berggylt,724,deler av lokaliteten,1243,OS I HORDALAND,12,Hordaland,60.173317,5.293683,3,Karmøy til Sotra,
33,2017,30997,Skrubbholmen,rensefisk,,,1693,Bergnebb,13123,deler av lokaliteten,1751,NÆRØY,17,Nord-Trøndelag,64.801735,11.162183,7,Nord-Trøndelag med Bindal,
33,2017,20815,Slettvika,rensefisk,,,1694,Grøngylt,2480,hele lokaliteten,1520,ØRSTA,15,Møre og Romsdal,62.334,6.157667,5,Stadt til Hustadvika,
33,2017,20815,Slettvika,rensefisk,,,1691,Berggylt,1740,hele lokaliteten,1520,ØRSTA,15,Møre og Romsdal,62.334,6.157667,5,Stadt til Hustadvika,
33,2017,13032,Sølvøyane,rensefisk,,,1694,Grøngylt,5147,deler av lokaliteten,1219,BØMLO,12,Hordaland,59.609516,5.133367,3,Karmøy til Sotra,
33,2017,13032,Sølvøyane,rensefisk,,,1691,Berggylt,561,deler av lokaliteten,1219,BØMLO,12,Hordaland,59.609516,5.133367,3,Karmøy til Sotra,
33,2017,15375,Sørøyflesa,rensefisk,,,1693,Bergnebb,7356,hele lokaliteten,1620,FRØYA,16,Sør-Trøndelag,63.98405,9.057067,6,Nordmøre og Sør-Trøndelag,
33,2017,15375,Sørøyflesa,rensefisk,,,1691,Berggylt,421,hele lokaliteten,1620,FRØYA,16,Sør-Trøndelag,63.98405,9.057067,6,Nordmøre og Sør-Trøndelag,
33,2017,36017,Sørværet,rensefisk,,,1693,Bergnebb,46377,hele lokaliteten,1818,HERØY I NORDLAND,18,Nordland,65.88035,11.93045,8,Helgeland til Bodø,
33,2017,11649,Stolane,rensefisk,,,1693,Bergnebb,19339,deler av lokaliteten,1260,RADØY,12,Hordaland,60.605118,5.1257,4,Nordhordaland til Stadt,
33,2017,10974,Store Bukkøy N,ikke-medikamentell,,,,,,deler av lokaliteten,1834,LURØY,18,Nordland,66.40135,12.420717,8,Helgeland til Bodø,
33,2017,10974,Store Bukkøy N,rensefisk,,,1691,Berggylt,400,deler av lokaliteten,1834,LURØY,18,Nordland,66.40135,12.420717,8,Helgeland til Bodø,
33,2017,10974,Store Bukkøy N,rensefisk,,,1694,Grøngylt,3600,deler av lokaliteten,1834,LURØY,18,Nordland,66.40135,12.420717,8,Helgeland til Bodø,
33,2017,31338,Storskjeret,ikke-medikamentell,,,,,,deler av lokaliteten,1576,AURE,15,Møre og Romsdal,63.26985,8.228283,6,Nordmøre og Sør-Trøndelag,
33,2017,26235,Stualand,rensefisk,,,1694,Grøngylt,2047,deler av lokaliteten,1216,SVEIO,12,Hordaland,59.6088,5.5269,3,Karmøy til Sotra,
33,2017,26235,Stualand,rensefisk,,,1693,Bergnebb,18,deler av lokaliteten,1216,SVEIO,12,Hordaland,59.6088,5.5269,3,Karmøy til Sotra,
33,2017,26235,Stualand,rensefisk,,,1691,Berggylt,750,deler av lokaliteten,1216,SVEIO,12,Hordaland,59.6088,5.5269,3,Karmøy til Sotra,
33,2017,36100,Suholmen,ikke-medikamentell,,,,,,deler av lokaliteten,1573,SMØLA,15,Møre og Romsdal,63.494934,8.02235,6,Nordmøre og Sør-Trøndelag,
33,2017,11144,Svinvær,ikke-medikamentell,,,,,,deler av lokaliteten,1836,RØDØY,18,Nordland,66.76923,13.170633,8,Helgeland til Bodø,
33,2017,10582,Tarmevikodden,rensefisk,,,169520,Rødnebb,150,hele lokaliteten,1004,FLEKKEFJORD,10,Vest-Agder,58.21977,6.685633,1,Svenskegrensen til Jæren,
33,2017,10582,Tarmevikodden,rensefisk,,,1694,Grøngylt,2797,hele lokaliteten,1004,FLEKKEFJORD,10,Vest-Agder,58.21977,6.685633,1,Svenskegrensen til Jæren,
33,2017,10582,Tarmevikodden,rensefisk,,,1691,Berggylt,2137,hele lokaliteten,1004,FLEKKEFJORD,10,Vest-Agder,58.21977,6.685633,1,Svenskegrensen til Jæren,
33,2017,12268,Terningen,rensefisk,,,1691,Berggylt,1206,deler av lokaliteten,1545,MIDSUND,15,Møre og Romsdal,62.6431,6.54805,5,Stadt til Hustadvika,
33,2017,12268,Terningen,rensefisk,,,1693,Bergnebb,6300,deler av lokaliteten,1545,MIDSUND,15,Møre og Romsdal,62.6431,6.54805,5,Stadt til Hustadvika,
33,2017,25815,Tittelsnes,rensefisk,,,1694,Grøngylt,1192,deler av lokaliteten,1216,SVEIO,12,Hordaland,59.72365,5.534383,3,Karmøy til Sotra,
33,2017,25815,Tittelsnes,rensefisk,,,1693,Bergnebb,3924,deler av lokaliteten,1216,SVEIO,12,Hordaland,59.72365,5.534383,3,Karmøy til Sotra,
33,2017,17575,Tollaksholmen,rensefisk,,,1692,Annen leppefisk,11755,deler av lokaliteten,1145,BOKN,11,Rogaland,59.2522,5.390517,2,Ryfylke,
33,2017,17575,Tollaksholmen,rensefisk,,,1691,Berggylt,1960,deler av lokaliteten,1145,BOKN,11,Rogaland,59.2522,5.390517,2,Ryfylke,
33,2017,29336,Trælsøyosen,rensefisk,,,1694,Grøngylt,13500,deler av lokaliteten,1244,AUSTEVOLL,12,Hordaland,60.1178,5.2702,3,Karmøy til Sotra,
33,2017,29336,Trælsøyosen,rensefisk,,,1692,Annen leppefisk,1140,deler av lokaliteten,1244,AUSTEVOLL,12,Hordaland,60.1178,5.2702,3,Karmøy til Sotra,
33,2017,29336,Trælsøyosen,rensefisk,,,1691,Berggylt,1560,deler av lokaliteten,1244,AUSTEVOLL,12,Hordaland,60.1178,5.2702,3,Karmøy til Sotra,
33,2017,30560,Tristeinen,rensefisk,,,1694,Grøngylt,23295,hele lokaliteten,1627,BJUGN,16,Sør-Trøndelag,63.86895,9.6204,6,Nordmøre og Sør-Trøndelag,
33,2017,30560,Tristeinen,rensefisk,,,1693,Bergnebb,13086,hele lokaliteten,1627,BJUGN,16,Sør-Trøndelag,63.86895,9.6204,6,Nordmøre og Sør-Trøndelag,
33,2017,30560,Tristeinen,rensefisk,,,1691,Berggylt,8679,hele lokaliteten,1627,BJUGN,16,Sør-Trøndelag,63.86895,9.6204,6,Nordmøre og Sør-Trøndelag,
33,2017,35517,Vadholmen,rensefisk,,,1693,Bergnebb,7150,hele lokaliteten,1259,ØYGARDEN,12,Hordaland,60.695,4.761117,4,Nordhordaland til Stadt,
33,2017,36337,Vardskjæret S,rensefisk,,,1691,Berggylt,600,deler av lokaliteten,1834,LURØY,18,Nordland,66.35017,12.469267,8,Helgeland til Bodø,
33,2017,13837,Verpeide,rensefisk,,,1694,Grøngylt,1750,deler av lokaliteten,1439,VÅGSØY,14,Sogn og Fjordane,61.902218,5.209233,4,Nordhordaland til Stadt,
33,2017,13837,Verpeide,rensefisk,,,1693,Bergnebb,6779,deler av lokaliteten,1439,VÅGSØY,14,Sogn og Fjordane,61.902218,5.209233,4,Nordhordaland til Stadt,
33,2017,13837,Verpeide,rensefisk,,,1691,Berggylt,244,deler av lokaliteten,1439,VÅGSØY,14,Sogn og Fjordane,61.902218,5.209233,4,Nordhordaland til Stadt,
33,2017,12885,Vikageilen,rensefisk,,,1691,Berggylt,2846,hele lokaliteten,1505,KRISTIANSUND,15,Møre og Romsdal,63.075783,7.906067,6,Nordmøre og Sør-Trøndelag,
33,2017,12885,Vikageilen,rensefisk,,,1693,Bergnebb,6429,hele lokaliteten,1505,KRISTIANSUND,15,Møre og Romsdal,63.075783,7.906067,6,Nordmøre og Sør-Trøndelag,
33,2017,12885,Vikageilen,rensefisk,,,1694,Grøngylt,8598,hele lokaliteten,1505,KRISTIANSUND,15,Møre og Romsdal,63.075783,7.906067,6,Nordmøre og Sør-Trøndelag,
33,2017,12885,Vikageilen,rensefisk,,,222120,Rognkjeks (hun),16200,hele lokaliteten,1505,KRISTIANSUND,15,Møre og Romsdal,63.075783,7.906067,6,Nordmøre og Sør-Trøndelag,
33,2017,36717,Vindhammarneset,ikke-medikamentell,,,,,,deler av lokaliteten,1929,BERG,19,Troms,69.468414,17.606182,10,Andøya til Senja,
33,2017,19235,Vindvika,medikamentell,badebehandling,Azamethiphos,,,,hele lokaliteten,1804,BODØ,18,Nordland,67.533165,15.165583,9,Vestfjorden og Vesterålen,
33,2017,13246,Voldnes,rensefisk,,,1694,Grøngylt,20480,deler av lokaliteten,1515,HERØY I MØRE OG ROMSDAL,15,Møre og Romsdal,62.2097,5.7849,5,Stadt til Hustadvika,
33,2017,13246,Voldnes,rensefisk,,,1693,Bergnebb,9503,deler av lokaliteten,1515,HERØY I MØRE OG ROMSDAL,15,Møre og Romsdal,62.2097,5.7849,5,Stadt til Hustadvika,
33,2017,13246,Voldnes,rensefisk,,,1691,Berggylt,7275,deler av lokaliteten,1515,HERØY I MØRE OG ROMSDAL,15,Møre og Romsdal,62.2097,5.7849,5,Stadt til Hustadvika,
33,2017,13306,Ystevika,ikke-medikamentell,,,,,,deler av lokaliteten,1913,SKÅNLAND,19,Troms,68.69432,17.05325,10,Andøya til Senja,
32,2017,10331,Åkre,rensefisk,,,1694,Grøngylt,6280,deler av lokaliteten,1224,KVINNHERAD,12,Hordaland,60.112434,6.042483,3,Karmøy til Sotra,
32,2017,10331,Åkre,rensefisk,,,1691,Berggylt,1644,deler av lokaliteten,1224,KVINNHERAD,12,Hordaland,60.112434,6.042483,3,Karmøy til Sotra,
32,2017,12067,Aldalen,rensefisk,,,1694,Grøngylt,2164,deler av lokaliteten,1243,OS I HORDALAND,12,Hordaland,60.24995,5.571917,3,Karmøy til Sotra,
32,2017,12067,Aldalen,rensefisk,,,1693,Bergnebb,171,deler av lokaliteten,1243,OS I HORDALAND,12,Hordaland,60.24995,5.571917,3,Karmøy til Sotra,
32,2017,12067,Aldalen,rensefisk,,,1692,Annen leppefisk,150,deler av lokaliteten,1243,OS I HORDALAND,12,Hordaland,60.24995,5.571917,3,Karmøy til Sotra,
32,2017,12067,Aldalen,rensefisk,,,1691,Berggylt,41,deler av lokaliteten,1243,OS I HORDALAND,12,Hordaland,60.24995,5.571917,3,Karmøy til Sotra,
32,2017,13227,Altaneset,rensefisk,,,1694,Grøngylt,378,deler av lokaliteten,1241,FUSA,12,Hordaland,60.247116,5.63475,3,Karmøy til Sotra,
32,2017,11513,Andal,rensefisk,,,1692,Annen leppefisk,170,deler av lokaliteten,1219,BØMLO,12,Hordaland,59.636333,5.247717,3,Karmøy til Sotra,
32,2017,11513,Andal,rensefisk,,,1694,Grøngylt,5389,deler av lokaliteten,1219,BØMLO,12,Hordaland,59.636333,5.247717,3,Karmøy til Sotra,
32,2017,11513,Andal,rensefisk,,,1693,Bergnebb,1238,deler av lokaliteten,1219,BØMLO,12,Hordaland,59.636333,5.247717,3,Karmøy til Sotra,
32,2017,11513,Andal,rensefisk,,,1691,Berggylt,467,deler av lokaliteten,1219,BØMLO,12,Hordaland,59.636333,5.247717,3,Karmøy til Sotra,
32,2017,32277,Andholmen 1,ikke-medikamentell,,,,,,deler av lokaliteten,1573,SMØLA,15,Møre og Romsdal,63.469784,7.8556,6,Nordmøre og Sør-Trøndelag,
32,2017,29816,Apalvikneset,rensefisk,,,1694,Grøngylt,2435,deler av lokaliteten,1227,JONDAL,12,Hordaland,60.146217,6.121133,3,Karmøy til Sotra,
32,2017,29816,Apalvikneset,rensefisk,,,1691,Berggylt,210,deler av lokaliteten,1227,JONDAL,12,Hordaland,60.146217,6.121133,3,Karmøy til Sotra,
32,2017,13254,Aukan,rensefisk,,,1693,Bergnebb,1181,deler av lokaliteten,1554,AVERØY,15,Møre og Romsdal,63.0603,7.594283,6,Nordmøre og Sør-Trøndelag,
32,2017,12988,Aukrasanden,ikke-medikamentell,,,,,,deler av lokaliteten,1547,AUKRA,15,Møre og Romsdal,62.783417,6.92605,5,Stadt til Hustadvika,
32,2017,26795,Austvika,rensefisk,,,1693,Bergnebb,44434,deler av lokaliteten,1749,FLATANGER,17,Nord-Trøndelag,64.41853,10.696033,7,Nord-Trøndelag med Bindal,
32,2017,13572,Badstuvika,rensefisk,,,1693,Bergnebb,15848,hele lokaliteten,1617,HITRA,16,Sør-Trøndelag,63.53398,9.1469,6,Nordmøre og Sør-Trøndelag,
32,2017,22455,Bjørlykkestranda,rensefisk,,,1694,Grøngylt,7888,deler av lokaliteten,1511,VANYLVEN,15,Møre og Romsdal,62.16655,5.5954,5,Stadt til Hustadvika,
32,2017,22455,Bjørlykkestranda,rensefisk,,,1693,Bergnebb,6805,deler av lokaliteten,1511,VANYLVEN,15,Møre og Romsdal,62.16655,5.5954,5,Stadt til Hustadvika,
32,2017,22455,Bjørlykkestranda,rensefisk,,,1692,Annen leppefisk,525,deler av lokaliteten,1511,VANYLVEN,15,Møre og Romsdal,62.16655,5.5954,5,Stadt til Hustadvika,
32,2017,22455,Bjørlykkestranda,rensefisk,,,1691,Berggylt,1644,deler av lokaliteten,1511,VANYLVEN,15,Møre og Romsdal,62.16655,5.5954,5,Stadt til Hustadvika,
32,2017,12308,Bjørndal,rensefisk,,,1694,Grøngylt,50132,hele lokaliteten,1520,ØRSTA,15,Møre og Romsdal,62.274883,6.00285,5,Stadt til Hustadvika,
32,2017,12308,Bjørndal,rensefisk,,,1691,Berggylt,5042,hele lokaliteten,1520,ØRSTA,15,Møre og Romsdal,62.274883,6.00285,5,Stadt til Hustadvika,
32,2017,10212,Bogen,ikke-medikamentell,,,,,,deler av lokaliteten,1505,KRISTIANSUND,15,Møre og Romsdal,63.077667,7.90345,6,Nordmøre og Sør-Trøndelag,
32,2017,10212,Bogen,rensefisk,,,1691,Berggylt,2125,deler av lokaliteten,1505,KRISTIANSUND,15,Møre og Romsdal,63.077667,7.90345,6,Nordmøre og Sør-Trøndelag,
32,2017,10212,Bogen,rensefisk,,,1694,Grøngylt,6599,deler av lokaliteten,1505,KRISTIANSUND,15,Møre og Romsdal,63.077667,7.90345,6,Nordmøre og Sør-Trøndelag,
32,2017,10212,Bogen,rensefisk,,,1693,Bergnebb,1242,deler av lokaliteten,1505,KRISTIANSUND,15,Møre og Romsdal,63.077667,7.90345,6,Nordmøre og Sør-Trøndelag,
32,2017,10256,Bondøya,medikamentell,fôrbehandling,Emamectin benzoat,,,,hele lokaliteten,1750,VIKNA,17,Nord-Trøndelag,64.8168,10.7427,7,Nord-Trøndelag med Bindal,
32,2017,10256,Bondøya,rensefisk,,,1693,Bergnebb,35557,deler av lokaliteten,1750,VIKNA,17,Nord-Trøndelag,64.8168,10.7427,7,Nord-Trøndelag med Bindal,
32,2017,15796,Borgarliflot,rensefisk,,,1692,Annen leppefisk,5628,deler av lokaliteten,1134,SULDAL,11,Rogaland,59.3892,5.924733,2,Ryfylke,
32,2017,12040,Brandaskuta,rensefisk,,,1694,Grøngylt,6660,hele lokaliteten,1224,KVINNHERAD,12,Hordaland,59.975735,5.909183,3,Karmøy til Sotra,
32,2017,13205,Brattholmen,rensefisk,,,1694,Grøngylt,3453,deler av lokaliteten,1412,SOLUND,14,Sogn og Fjordane,61.068382,4.713817,4,Nordhordaland til Stadt,
32,2017,13205,Brattholmen,rensefisk,,,1691,Berggylt,1651,deler av lokaliteten,1412,SOLUND,14,Sogn og Fjordane,61.068382,4.713817,4,Nordhordaland til Stadt,
32,2017,10223,Bremnessvaet,rensefisk,,,2221,Rognkjeks (felles),22259,deler av lokaliteten,1573,SMØLA,15,Møre og Romsdal,63.39795,8.214317,6,Nordmøre og Sør-Trøndelag,
32,2017,10223,Bremnessvaet,rensefisk,,,1694,Grøngylt,991,deler av lokaliteten,1573,SMØLA,15,Møre og Romsdal,63.39795,8.214317,6,Nordmøre og Sør-Trøndelag,
32,2017,10223,Bremnessvaet,rensefisk,,,1691,Berggylt,709,deler av lokaliteten,1573,SMØLA,15,Møre og Romsdal,63.39795,8.214317,6,Nordmøre og Sør-Trøndelag,
32,2017,13841,Brunsvik,rensefisk,,,1694,Grøngylt,1657,deler av lokaliteten,1439,VÅGSØY,14,Sogn og Fjordane,61.910183,5.29085,4,Nordhordaland til Stadt,
32,2017,13841,Brunsvik,rensefisk,,,1693,Bergnebb,3947,deler av lokaliteten,1439,VÅGSØY,14,Sogn og Fjordane,61.910183,5.29085,4,Nordhordaland til Stadt,
32,2017,31038,Buarøy,rensefisk,,,1691,Berggylt,2859,deler av lokaliteten,1245,SUND,12,Hordaland,60.220066,5.21455,3,Karmøy til Sotra,
32,2017,31038,Buarøy,rensefisk,,,1694,Grøngylt,6233,deler av lokaliteten,1245,SUND,12,Hordaland,60.220066,5.21455,3,Karmøy til Sotra,
32,2017,31038,Buarøy,rensefisk,,,1692,Annen leppefisk,3096,deler av lokaliteten,1245,SUND,12,Hordaland,60.220066,5.21455,3,Karmøy til Sotra,
32,2017,31038,Buarøy,rensefisk,,,1693,Bergnebb,3085,deler av lokaliteten,1245,SUND,12,Hordaland,60.220066,5.21455,3,Karmøy til Sotra,
32,2017,11543,Buholmen,rensefisk,,,1694,Grøngylt,9627,deler av lokaliteten,1244,AUSTEVOLL,12,Hordaland,60.020916,5.081517,3,Karmøy til Sotra,
32,2017,11543,Buholmen,rensefisk,,,1691,Berggylt,1048,deler av lokaliteten,1244,AUSTEVOLL,12,Hordaland,60.020916,5.081517,3,Karmøy til Sotra,
32,2017,11543,Buholmen,rensefisk,,,222120,Rognkjeks (hun),39942,deler av lokaliteten,1244,AUSTEVOLL,12,Hordaland,60.020916,5.081517,3,Karmøy til Sotra,
32,2017,11543,Buholmen,rensefisk,,,1692,Annen leppefisk,1781,deler av lokaliteten,1244,AUSTEVOLL,12,Hordaland,60.020916,5.081517,3,Karmøy til Sotra,
32,2017,33537,Buholmen,rensefisk,,,1694,Grøngylt,120,deler av lokaliteten,1632,ROAN,16,Sør-Trøndelag,64.1569,10.008917,6,Nordmøre og Sør-Trøndelag,
32,2017,33537,Buholmen,rensefisk,,,1693,Bergnebb,26777,deler av lokaliteten,1632,ROAN,16,Sør-Trøndelag,64.1569,10.008917,6,Nordmøre og Sør-Trøndelag,
32,2017,33537,Buholmen,rensefisk,,,1691,Berggylt,402,deler av lokaliteten,1632,ROAN,16,Sør-Trøndelag,64.1569,10.008917,6,Nordmøre og Sør-Trøndelag,
32,2017,11087,Bukkøya Ø,rensefisk,,,1693,Bergnebb,6150,deler av lokaliteten,1836,RØDØY,18,Nordland,66.64097,12.994583,8,Helgeland til Bodø,
32,2017,21336,Djupeleget,rensefisk,,,1694,Grøngylt,1122,deler av lokaliteten,1416,HØYANGER,14,Sogn og Fjordane,61.16942,5.807467,4,Nordhordaland til Stadt,
32,2017,21336,Djupeleget,rensefisk,,,1691,Berggylt,34,deler av lokaliteten,1416,HØYANGER,14,Sogn og Fjordane,61.16942,5.807467,4,Nordhordaland til Stadt,
32,2017,14799,Djupestallen,rensefisk,,,1692,Annen leppefisk,430,deler av lokaliteten,1223,TYSNES,12,Hordaland,60.058735,5.453,3,Karmøy til Sotra,
32,2017,14799,Djupestallen,rensefisk,,,1691,Berggylt,797,deler av lokaliteten,1223,TYSNES,12,Hordaland,60.058735,5.453,3,Karmøy til Sotra,
32,2017,14799,Djupestallen,rensefisk,,,1694,Grøngylt,6454,deler av lokaliteten,1223,TYSNES,12,Hordaland,60.058735,5.453,3,Karmøy til Sotra,
32,2017,32197,Dryna,rensefisk,,,1694,Grøngylt,8033,deler av lokaliteten,1545,MIDSUND,15,Møre og Romsdal,62.6444,6.5568,5,Stadt til Hustadvika,
32,2017,32197,Dryna,rensefisk,,,1693,Bergnebb,7412,deler av lokaliteten,1545,MIDSUND,15,Møre og Romsdal,62.6444,6.5568,5,Stadt til Hustadvika,
32,2017,32197,Dryna,rensefisk,,,1691,Berggylt,2041,deler av lokaliteten,1545,MIDSUND,15,Møre og Romsdal,62.6444,6.5568,5,Stadt til Hustadvika,
32,2017,12109,Ebne,rensefisk,,,1692,Annen leppefisk,15000,hele lokaliteten,1211,ETNE,12,Hordaland,59.71443,5.8238,3,Karmøy til Sotra,
32,2017,14041,Edøya,rensefisk,,,222120,Rognkjeks (hun),10382,hele lokaliteten,1617,HITRA,16,Sør-Trøndelag,63.65835,8.694417,6,Nordmøre og Sør-Trøndelag,
32,2017,14041,Edøya,rensefisk,,,1693,Bergnebb,13260,hele lokaliteten,1617,HITRA,16,Sør-Trøndelag,63.65835,8.694417,6,Nordmøre og Sør-Trøndelag,
32,2017,30137,Edøya II,rensefisk,,,1693,Bergnebb,26520,hele lokaliteten,1617,HITRA,16,Sør-Trøndelag,63.65805,8.683667,6,Nordmøre og Sør-Trøndelag,
32,2017,30137,Edøya II,rensefisk,,,222120,Rognkjeks (hun),5426,hele lokaliteten,1617,HITRA,16,Sør-Trøndelag,63.65805,8.683667,6,Nordmøre og Sør-Trøndelag,
32,2017,29537,Eldviktaren,rensefisk,,,1693,Bergnebb,12414,hele lokaliteten,1749,FLATANGER,17,Nord-Trøndelag,64.454636,10.630717,7,Nord-Trøndelag med Bindal,
32,2017,12236,Endal Ø,rensefisk,,,2221,Rognkjeks (felles),13738,deler av lokaliteten,1438,BREMANGER,14,Sogn og Fjordane,61.9076,5.493317,4,Nordhordaland til Stadt,
32,2017,12879,Endresetbukta,ikke-medikamentell,,,,,,deler av lokaliteten,1505,KRISTIANSUND,15,Møre og Romsdal,63.03018,7.71615,6,Nordmøre og Sør-Trøndelag,
32,2017,12879,Endresetbukta,rensefisk,,,1694,Grøngylt,2380,deler av lokaliteten,1505,KRISTIANSUND,15,Møre og Romsdal,63.03018,7.71615,6,Nordmøre og Sør-Trøndelag,
32,2017,12879,Endresetbukta,rensefisk,,,1691,Berggylt,45299,deler av lokaliteten,1505,KRISTIANSUND,15,Møre og Romsdal,63.03018,7.71615,6,Nordmøre og Sør-Trøndelag,
32,2017,26775,Fjølværet Ø,rensefisk,,,1693,Bergnebb,11476,deler av lokaliteten,1620,FRØYA,16,Sør-Trøndelag,63.819233,8.636133,6,Nordmøre og Sør-Trøndelag,
32,2017,26775,Fjølværet Ø,rensefisk,,,1691,Berggylt,313,deler av lokaliteten,1620,FRØYA,16,Sør-Trøndelag,63.819233,8.636133,6,Nordmøre og Sør-Trøndelag,
32,2017,32597,Fjordprakken,ikke-medikamentell,,,,,,deler av lokaliteten,1573,SMØLA,15,Møre og Romsdal,63.256516,7.928067,6,Nordmøre og Sør-Trøndelag,
32,2017,11833,Flåtegrunnen,rensefisk,,,1694,Grøngylt,1866,deler av lokaliteten,1401,FLORA,14,Sogn og Fjordane,61.57615,4.807333,4,Nordhordaland til Stadt,
32,2017,11833,Flåtegrunnen,rensefisk,,,1693,Bergnebb,346,deler av lokaliteten,1401,FLORA,14,Sogn og Fjordane,61.57615,4.807333,4,Nordhordaland til Stadt,
32,2017,11833,Flåtegrunnen,rensefisk,,,1691,Berggylt,1645,deler av lokaliteten,1401,FLORA,14,Sogn og Fjordane,61.57615,4.807333,4,Nordhordaland til Stadt,
32,2017,19336,Flatholmen,rensefisk,,,1692,Annen leppefisk,22884,deler av lokaliteten,1106,HAUGESUND,11,Rogaland,59.4293,5.114483,3,Karmøy til Sotra,
32,2017,25835,Flatøyflu,rensefisk,,,1691,Berggylt,1738,deler av lokaliteten,1244,AUSTEVOLL,12,Hordaland,60.156033,5.2315,3,Karmøy til Sotra,
32,2017,11355,Flesen,ikke-medikamentell,,,,,,hele lokaliteten,1928,TORSKEN,19,Troms,69.24668,17.025682,10,Andøya til Senja,
32,2017,21055,Foldøy Ø,rensefisk,,,1693,Bergnebb,10655,deler av lokaliteten,1134,SULDAL,11,Rogaland,59.337482,5.987767,2,Ryfylke,
32,2017,11893,Fosså,rensefisk,,,1694,Grøngylt,2292,deler av lokaliteten,1133,HJELMELAND,11,Rogaland,59.2699,6.14295,2,Ryfylke,
32,2017,11893,Fosså,rensefisk,,,1691,Berggylt,490,deler av lokaliteten,1133,HJELMELAND,11,Rogaland,59.2699,6.14295,2,Ryfylke,
32,2017,19115,Fugløya S,rensefisk,,,1693,Bergnebb,41246,hele lokaliteten,1613,SNILLFJORD,16,Sør-Trøndelag,63.460682,9.1444,6,Nordmøre og Sør-Trøndelag,
32,2017,13669,Furneset,ikke-medikamentell,,,,,,deler av lokaliteten,1535,VESTNES,15,Møre og Romsdal,62.6461,7.101183,5,Stadt til Hustadvika,
32,2017,31357,Geitryggen,rensefisk,,,1693,Bergnebb,9055,deler av lokaliteten,1751,NÆRØY,17,Nord-Trøndelag,64.75085,11.189033,7,Nord-Trøndelag med Bindal,
32,2017,13852,Gjermundnes,rensefisk,,,1694,Grøngylt,4931,deler av lokaliteten,1535,VESTNES,15,Møre og Romsdal,62.6275,7.192817,5,Stadt til Hustadvika,
32,2017,13852,Gjermundnes,rensefisk,,,1691,Berggylt,2393,deler av lokaliteten,1535,VESTNES,15,Møre og Romsdal,62.6275,7.192817,5,Stadt til Hustadvika,
32,2017,31717,Gjerset V,rensefisk,,,1694,Grøngylt,3198,deler av lokaliteten,1534,HARAM,15,Møre og Romsdal,62.53023,6.428783,5,Stadt til Hustadvika,
32,2017,31717,Gjerset V,rensefisk,,,1691,Berggylt,460,deler av lokaliteten,1534,HARAM,15,Møre og Romsdal,62.53023,6.428783,5,Stadt til Hustadvika,
32,2017,32037,Grasholman,rensefisk,,,1691,Berggylt,1000,hele lokaliteten,1834,LURØY,18,Nordland,66.34873,12.779417,8,Helgeland til Bodø,
32,2017,32037,Grasholman,rensefisk,,,222120,Rognkjeks (hun),14000,hele lokaliteten,1834,LURØY,18,Nordland,66.34873,12.779417,8,Helgeland til Bodø,
32,2017,32037,Grasholman,rensefisk,,,1693,Bergnebb,4000,hele lokaliteten,1834,LURØY,18,Nordland,66.34873,12.779417,8,Helgeland til Bodø,
32,2017,11771,Grisholmsundet,rensefisk,,,1691,Berggylt,118,deler av lokaliteten,1265,FEDJE,12,Hordaland,60.792717,4.693633,4,Nordhordaland til Stadt,
32,2017,17177,Grunneneset,rensefisk,,,2221,Rognkjeks (felles),26340,deler av lokaliteten,1438,BREMANGER,14,Sogn og Fjordane,61.89385,5.34825,4,Nordhordaland til Stadt,
32,2017,17177,Grunneneset,rensefisk,,,1694,Grøngylt,327,deler av lokaliteten,1438,BREMANGER,14,Sogn og Fjordane,61.89385,5.34825,4,Nordhordaland til Stadt,
32,2017,17177,Grunneneset,rensefisk,,,1693,Bergnebb,35,deler av lokaliteten,1438,BREMANGER,14,Sogn og Fjordane,61.89385,5.34825,4,Nordhordaland til Stadt,
32,2017,17177,Grunneneset,rensefisk,,,1691,Berggylt,537,deler av lokaliteten,1438,BREMANGER,14,Sogn og Fjordane,61.89385,5.34825,4,Nordhordaland til Stadt,
32,2017,10318,Gulestø,ikke-medikamentell,,,,,,deler av lokaliteten,1438,BREMANGER,14,Sogn og Fjordane,61.75802,5.069883,4,Nordhordaland til Stadt,
32,2017,10318,Gulestø,rensefisk,,,1694,Grøngylt,2570,deler av lokaliteten,1438,BREMANGER,14,Sogn og Fjordane,61.75802,5.069883,4,Nordhordaland til Stadt,
32,2017,10318,Gulestø,rensefisk,,,1691,Berggylt,1610,deler av lokaliteten,1438,BREMANGER,14,Sogn og Fjordane,61.75802,5.069883,4,Nordhordaland til Stadt,
32,2017,24735,Gulholmen,rensefisk,,,1691,Berggylt,138,deler av lokaliteten,1243,OS I HORDALAND,12,Hordaland,60.1282,5.400467,3,Karmøy til Sotra,
32,2017,24735,Gulholmen,rensefisk,,,1694,Grøngylt,11679,deler av lokaliteten,1243,OS I HORDALAND,12,Hordaland,60.1282,5.400467,3,Karmøy til Sotra,
32,2017,18639,Halsavika,rensefisk,,,1694,Grøngylt,1780,deler av lokaliteten,1146,TYSVÆR,11,Rogaland,59.39232,5.883333,2,Ryfylke,
32,2017,18639,Halsavika,rensefisk,,,1692,Annen leppefisk,244,deler av lokaliteten,1146,TYSVÆR,11,Rogaland,59.39232,5.883333,2,Ryfylke,
32,2017,18639,Halsavika,rensefisk,,,1691,Berggylt,455,deler av lokaliteten,1146,TYSVÆR,11,Rogaland,59.39232,5.883333,2,Ryfylke,
32,2017,36617,Harbakholmen,ikke-medikamentell,,,,,,deler av lokaliteten,1750,VIKNA,17,Nord-Trøndelag,64.953316,11.195717,7,Nord-Trøndelag med Bindal,
32,2017,11511,Hattasteinen,rensefisk,,,1694,Grøngylt,5505,hele lokaliteten,1219,BØMLO,12,Hordaland,59.626266,5.250717,3,Karmøy til Sotra,
32,2017,11511,Hattasteinen,rensefisk,,,1693,Bergnebb,31900,hele lokaliteten,1219,BØMLO,12,Hordaland,59.626266,5.250717,3,Karmøy til Sotra,
32,2017,30257,Hausan,rensefisk,,,1691,Berggylt,2892,hele lokaliteten,1612,HEMNE,16,Sør-Trøndelag,63.45838,8.955683,6,Nordmøre og Sør-Trøndelag,
32,2017,30257,Hausan,rensefisk,,,1694,Grøngylt,3476,hele lokaliteten,1612,HEMNE,16,Sør-Trøndelag,63.45838,8.955683,6,Nordmøre og Sør-Trøndelag,
32,2017,30257,Hausan,rensefisk,,,1693,Bergnebb,43882,hele lokaliteten,1612,HEMNE,16,Sør-Trøndelag,63.45838,8.955683,6,Nordmøre og Sør-Trøndelag,
32,2017,11740,Haverøy,rensefisk,,,1694,Grøngylt,5632,hele lokaliteten,1246,FJELL,12,Hordaland,60.404766,4.93995,3,Karmøy til Sotra,
32,2017,11740,Haverøy,rensefisk,,,1693,Bergnebb,23079,hele lokaliteten,1246,FJELL,12,Hordaland,60.404766,4.93995,3,Karmøy til Sotra,
32,2017,11740,Haverøy,rensefisk,,,1691,Berggylt,345,hele lokaliteten,1246,FJELL,12,Hordaland,60.404766,4.93995,3,Karmøy til Sotra,
32,2017,11783,Hella,rensefisk,,,1694,Grøngylt,25552,hele lokaliteten,1428,ASKVOLL,14,Sogn og Fjordane,61.40663,5.080817,4,Nordhordaland til Stadt,
32,2017,11783,Hella,rensefisk,,,1693,Bergnebb,3786,hele lokaliteten,1428,ASKVOLL,14,Sogn og Fjordane,61.40663,5.080817,4,Nordhordaland til Stadt,
32,2017,11783,Hella,rensefisk,,,1691,Berggylt,1029,hele lokaliteten,1428,ASKVOLL,14,Sogn og Fjordane,61.40663,5.080817,4,Nordhordaland til Stadt,
32,2017,10194,Hellaren,rensefisk,,,1691,Berggylt,50,deler av lokaliteten,1545,MIDSUND,15,Møre og Romsdal,62.735832,6.74745,5,Stadt til Hustadvika,
32,2017,10194,Hellaren,rensefisk,,,1694,Grøngylt,770,deler av lokaliteten,1545,MIDSUND,15,Møre og Romsdal,62.735832,6.74745,5,Stadt til Hustadvika,
32,2017,10194,Hellaren,rensefisk,,,1691,Berggylt,800,deler av lokaliteten,1545,MIDSUND,15,Møre og Romsdal,62.735832,6.74745,5,Stadt til Hustadvika,
32,2017,11920,Herøy,rensefisk,,,1694,Grøngylt,15580,hele lokaliteten,1160,VINDAFJORD,11,Rogaland,59.4664,6.0262,2,Ryfylke,
32,2017,11920,Herøy,rensefisk,,,1693,Bergnebb,841,hele lokaliteten,1160,VINDAFJORD,11,Rogaland,59.4664,6.0262,2,Ryfylke,
32,2017,11920,Herøy,rensefisk,,,1692,Annen leppefisk,497,hele lokaliteten,1160,VINDAFJORD,11,Rogaland,59.4664,6.0262,2,Ryfylke,
32,2017,11920,Herøy,rensefisk,,,1691,Berggylt,1911,hele lokaliteten,1160,VINDAFJORD,11,Rogaland,59.4664,6.0262,2,Ryfylke,
32,2017,14136,Hestholmen Ø,rensefisk,,,1694,Grøngylt,584,deler av lokaliteten,1144,KVITSØY,11,Rogaland,59.061516,5.445683,2,Ryfylke,
32,2017,14136,Hestholmen Ø,rensefisk,,,1691,Berggylt,119,deler av lokaliteten,1144,KVITSØY,11,Rogaland,59.061516,5.445683,2,Ryfylke,
32,2017,10300,Hillersvik,rensefisk,,,1694,Grøngylt,1674,hele lokaliteten,1216,SVEIO,12,Hordaland,59.6084,5.311917,3,Karmøy til Sotra,
32,2017,10300,Hillersvik,rensefisk,,,1693,Bergnebb,9816,hele lokaliteten,1216,SVEIO,12,Hordaland,59.6084,5.311917,3,Karmøy til Sotra,
32,2017,10300,Hillersvik,rensefisk,,,1692,Annen leppefisk,1056,hele lokaliteten,1216,SVEIO,12,Hordaland,59.6084,5.311917,3,Karmøy til Sotra,
32,2017,10300,Hillersvik,rensefisk,,,1691,Berggylt,1726,hele lokaliteten,1216,SVEIO,12,Hordaland,59.6084,5.311917,3,Karmøy til Sotra,
32,2017,12036,Hisdalen,rensefisk,,,1694,Grøngylt,18430,deler av lokaliteten,1224,KVINNHERAD,12,Hordaland,60.126118,5.9305,3,Karmøy til Sotra,
32,2017,13931,Hjartøy Ø,ikke-medikamentell,,,,,,deler av lokaliteten,1848,STEIGEN,18,Nordland,67.6562,15.118567,9,Vestfjorden og Vesterålen,
32,2017,12483,Hjortholman,ikke-medikamentell,,,,,,deler av lokaliteten,1573,SMØLA,15,Møre og Romsdal,63.457733,7.8561,6,Nordmøre og Sør-Trøndelag,
32,2017,12871,Hogsnes,ikke-medikamentell,,,,,,deler av lokaliteten,1554,AVERØY,15,Møre og Romsdal,63.093033,7.675883,6,Nordmøre og Sør-Trøndelag,
32,2017,12871,Hogsnes,rensefisk,,,1693,Bergnebb,3102,deler av lokaliteten,1554,AVERØY,15,Møre og Romsdal,63.093033,7.675883,6,Nordmøre og Sør-Trøndelag,
32,2017,12871,Hogsnes,rensefisk,,,1691,Berggylt,2246,deler av lokaliteten,1554,AVERØY,15,Møre og Romsdal,63.093033,7.675883,6,Nordmøre og Sør-Trøndelag,
32,2017,12871,Hogsnes,rensefisk,,,1694,Grøngylt,1269,deler av lokaliteten,1554,AVERØY,15,Møre og Romsdal,63.093033,7.675883,6,Nordmøre og Sør-Trøndelag,
32,2017,30377,Hogsneset N,rensefisk,,,1693,Bergnebb,4511,hele lokaliteten,1554,AVERØY,15,Møre og Romsdal,63.099934,7.670267,6,Nordmøre og Sør-Trøndelag,
32,2017,30377,Hogsneset N,rensefisk,,,1694,Grøngylt,3453,hele lokaliteten,1554,AVERØY,15,Møre og Romsdal,63.099934,7.670267,6,Nordmøre og Sør-Trøndelag,
32,2017,30377,Hogsneset N,rensefisk,,,1691,Berggylt,3095,hele lokaliteten,1554,AVERØY,15,Møre og Romsdal,63.099934,7.670267,6,Nordmøre og Sør-Trøndelag,
32,2017,11571,Holevik,rensefisk,,,1694,Grøngylt,2736,deler av lokaliteten,1219,BØMLO,12,Hordaland,59.776585,5.321817,3,Karmøy til Sotra,
32,2017,11571,Holevik,rensefisk,,,1693,Bergnebb,4104,deler av lokaliteten,1219,BØMLO,12,Hordaland,59.776585,5.321817,3,Karmøy til Sotra,
32,2017,12035,Hondskår,rensefisk,,,1694,Grøngylt,10477,deler av lokaliteten,1224,KVINNHERAD,12,Hordaland,60.10687,5.939133,3,Karmøy til Sotra,
32,2017,33218,Hosenøyan,rensefisk,,,1693,Bergnebb,5200,hele lokaliteten,1630,ÅFJORD,16,Sør-Trøndelag,64.08518,9.884683,6,Nordmøre og Sør-Trøndelag,
32,2017,33218,Hosenøyan,rensefisk,,,1692,Annen leppefisk,17277,hele lokaliteten,1630,ÅFJORD,16,Sør-Trøndelag,64.08518,9.884683,6,Nordmøre og Sør-Trøndelag,
32,2017,12890,Høybuvika,rensefisk,,,1694,Grøngylt,1520,deler av lokaliteten,1557,GJEMNES,15,Møre og Romsdal,62.9563,8.049217,6,Nordmøre og Sør-Trøndelag,
32,2017,12890,Høybuvika,rensefisk,,,1691,Berggylt,122,deler av lokaliteten,1557,GJEMNES,15,Møre og Romsdal,62.9563,8.049217,6,Nordmøre og Sør-Trøndelag,
32,2017,18936,Igerøy Ø,rensefisk,,,2221,Rognkjeks (felles),29009,deler av lokaliteten,1815,VEGA,18,Nordland,65.68622,12.138533,8,Helgeland til Bodø,
32,2017,27095,Ihlholmen,rensefisk,,,1692,Annen leppefisk,15000,hele lokaliteten,1160,VINDAFJORD,11,Rogaland,59.7215,5.586633,3,Karmøy til Sotra,
32,2017,12599,Indre Skjervøy,rensefisk,,,1694,Grøngylt,73,deler av lokaliteten,1633,OSEN,16,Sør-Trøndelag,64.2858,10.30905,6,Nordmøre og Sør-Trøndelag,
32,2017,12599,Indre Skjervøy,rensefisk,,,1693,Bergnebb,13798,deler av lokaliteten,1633,OSEN,16,Sør-Trøndelag,64.2858,10.30905,6,Nordmøre og Sør-Trøndelag,
32,2017,12599,Indre Skjervøy,rensefisk,,,1691,Berggylt,111,deler av lokaliteten,1633,OSEN,16,Sør-Trøndelag,64.2858,10.30905,6,Nordmøre og Sør-Trøndelag,
32,2017,11405,Innerbrokløysa,medikamentell,fôrbehandling,Emamectin benzoat,,,,hele lokaliteten,1870,SORTLAND,18,Nordland,68.630714,15.483317,9,Vestfjorden og Vesterålen,
32,2017,12224,Isane,rensefisk,,,1694,Grøngylt,2265,deler av lokaliteten,1438,BREMANGER,14,Sogn og Fjordane,61.876534,5.722767,4,Nordhordaland til Stadt,
32,2017,12224,Isane,rensefisk,,,1691,Berggylt,755,deler av lokaliteten,1438,BREMANGER,14,Sogn og Fjordane,61.876534,5.722767,4,Nordhordaland til Stadt,
32,2017,19977,Jektholmen,ikke-medikamentell,,,,,,hele lokaliteten,1630,ÅFJORD,16,Sør-Trøndelag,63.99495,9.928317,6,Nordmøre og Sør-Trøndelag,
32,2017,10885,Jektvika II,medikamentell,fôrbehandling,Emamectin benzoat,,,,hele lokaliteten,1812,SØMNA,18,Nordland,65.31274,12.4022,7,Nord-Trøndelag med Bindal,
32,2017,30036,Jørstadskjera,rensefisk,,,1694,Grøngylt,15181,deler av lokaliteten,1141,FINNØY,11,Rogaland,59.296318,5.936933,2,Ryfylke,
32,2017,30036,Jørstadskjera,rensefisk,,,1691,Berggylt,2496,deler av lokaliteten,1141,FINNØY,11,Rogaland,59.296318,5.936933,2,Ryfylke,
32,2017,12260,Juvika,rensefisk,,,1693,Bergnebb,3600,hele lokaliteten,1545,MIDSUND,15,Møre og Romsdal,62.66477,6.696767,5,Stadt til Hustadvika,
32,2017,12260,Juvika,rensefisk,,,1694,Grøngylt,3500,hele lokaliteten,1545,MIDSUND,15,Møre og Romsdal,62.66477,6.696767,5,Stadt til Hustadvika,
32,2017,13220,Kalhag,rensefisk,,,1694,Grøngylt,4844,deler av lokaliteten,1130,STRAND,11,Rogaland,58.974716,5.93595,2,Ryfylke,
32,2017,13220,Kalhag,rensefisk,,,1693,Bergnebb,1659,deler av lokaliteten,1130,STRAND,11,Rogaland,58.974716,5.93595,2,Ryfylke,
32,2017,13220,Kalhag,rensefisk,,,1691,Berggylt,43,deler av lokaliteten,1130,STRAND,11,Rogaland,58.974716,5.93595,2,Ryfylke,
32,2017,22915,Kalsøyflu,rensefisk,,,1691,Berggylt,2589,hele lokaliteten,1244,AUSTEVOLL,12,Hordaland,60.03818,5.114417,3,Karmøy til Sotra,
32,2017,22915,Kalsøyflu,rensefisk,,,1694,Grøngylt,23338,hele lokaliteten,1244,AUSTEVOLL,12,Hordaland,60.03818,5.114417,3,Karmøy til Sotra,
32,2017,36217,Kalvhylla,rensefisk,,,2221,Rognkjeks (felles),31890,deler av lokaliteten,1816,VEVELSTAD,18,Nordland,65.74827,12.540533,8,Helgeland til Bodø,
32,2017,15118,Kalvøya,ikke-medikamentell,,,,,,deler av lokaliteten,1834,LURØY,18,Nordland,66.39365,12.79975,8,Helgeland til Bodø,
32,2017,14042,Kattholmen,rensefisk,,,1693,Bergnebb,6723,hele lokaliteten,1620,FRØYA,16,Sør-Trøndelag,63.870968,8.679017,6,Nordmøre og Sør-Trøndelag,
32,2017,14042,Kattholmen,rensefisk,,,1691,Berggylt,3304,hele lokaliteten,1620,FRØYA,16,Sør-Trøndelag,63.870968,8.679017,6,Nordmøre og Sør-Trøndelag,
32,2017,14042,Kattholmen,rensefisk,,,1694,Grøngylt,12401,hele lokaliteten,1620,FRØYA,16,Sør-Trøndelag,63.870968,8.679017,6,Nordmøre og Sør-Trøndelag,
32,2017,12872,Kattholmen,rensefisk,,,1694,Grøngylt,6627,deler av lokaliteten,1505,KRISTIANSUND,15,Møre og Romsdal,63.055332,7.695317,6,Nordmøre og Sør-Trøndelag,
32,2017,12872,Kattholmen,rensefisk,,,1691,Berggylt,1355,deler av lokaliteten,1505,KRISTIANSUND,15,Møre og Romsdal,63.055332,7.695317,6,Nordmøre og Sør-Trøndelag,
32,2017,30437,Kattholmen II,rensefisk,,,1694,Grøngylt,7062,hele lokaliteten,1620,FRØYA,16,Sør-Trøndelag,63.864784,8.676583,6,Nordmøre og Sør-Trøndelag,
32,2017,30437,Kattholmen II,rensefisk,,,1693,Bergnebb,23826,hele lokaliteten,1620,FRØYA,16,Sør-Trøndelag,63.864784,8.676583,6,Nordmøre og Sør-Trøndelag,
32,2017,13573,Kistvika,rensefisk,,,1691,Berggylt,642,deler av lokaliteten,1612,HEMNE,16,Sør-Trøndelag,63.38117,9.164317,6,Nordmøre og Sør-Trøndelag,
32,2017,11913,Kjeahola,ikke-medikamentell,,,,,,deler av lokaliteten,1141,FINNØY,11,Rogaland,59.2933,6.0729,2,Ryfylke,
32,2017,10409,Kjelneset,rensefisk,,,1693,Bergnebb,12577,deler av lokaliteten,1748,FOSNES,17,Nord-Trøndelag,64.64391,11.388517,7,Nord-Trøndelag med Bindal,
32,2017,13764,Kokvika,ikke-medikamentell,,,,,,deler av lokaliteten,1834,LURØY,18,Nordland,66.41282,12.956867,8,Helgeland til Bodø,
32,2017,12855,Kornstad,rensefisk,,,1694,Grøngylt,3531,deler av lokaliteten,1554,AVERØY,15,Møre og Romsdal,62.960384,7.45015,6,Nordmøre og Sør-Trøndelag,
32,2017,12855,Kornstad,rensefisk,,,1691,Berggylt,645,deler av lokaliteten,1554,AVERØY,15,Møre og Romsdal,62.960384,7.45015,6,Nordmøre og Sør-Trøndelag,
32,2017,30297,Krabbholmen,medikamentell,fôrbehandling,Emamectin benzoat,,,,deler av lokaliteten,1630,ÅFJORD,16,Sør-Trøndelag,63.94438,9.880667,6,Nordmøre og Sør-Trøndelag,
32,2017,30297,Krabbholmen,ikke-medikamentell,,,,,,deler av lokaliteten,1630,ÅFJORD,16,Sør-Trøndelag,63.94438,9.880667,6,Nordmøre og Sør-Trøndelag,
32,2017,33177,Krabbholmen II,medikamentell,fôrbehandling,Emamectin benzoat,,,,deler av lokaliteten,1630,ÅFJORD,16,Sør-Trøndelag,63.94,9.886633,6,Nordmøre og Sør-Trøndelag,
32,2017,33177,Krabbholmen II,ikke-medikamentell,,,,,,deler av lokaliteten,1630,ÅFJORD,16,Sør-Trøndelag,63.94,9.886633,6,Nordmøre og Sør-Trøndelag,
32,2017,21676,Kråkholmen,ikke-medikamentell,,,,,,deler av lokaliteten,1749,FLATANGER,17,Nord-Trøndelag,64.60212,10.85345,7,Nord-Trøndelag med Bindal,
32,2017,12239,Kråknes,ikke-medikamentell,,,,,,hele lokaliteten,1547,AUKRA,15,Møre og Romsdal,62.83145,6.962733,5,Stadt til Hustadvika,
32,2017,11633,Krossholmen,rensefisk,,,1694,Grøngylt,7466,deler av lokaliteten,1219,BØMLO,12,Hordaland,59.7879,5.100533,3,Karmøy til Sotra,
32,2017,11633,Krossholmen,rensefisk,,,1693,Bergnebb,59,deler av lokaliteten,1219,BØMLO,12,Hordaland,59.7879,5.100533,3,Karmøy til Sotra,
32,2017,11633,Krossholmen,rensefisk,,,1691,Berggylt,1313,deler av lokaliteten,1219,BØMLO,12,Hordaland,59.7879,5.100533,3,Karmøy til Sotra,
32,2017,12213,Kvangardsnes,rensefisk,,,1694,Grøngylt,23273,hele lokaliteten,1519,VOLDA,15,Møre og Romsdal,62.145317,5.94545,5,Stadt til Hustadvika,
32,2017,12213,Kvangardsnes,rensefisk,,,1691,Berggylt,2810,hele lokaliteten,1519,VOLDA,15,Møre og Romsdal,62.145317,5.94545,5,Stadt til Hustadvika,
32,2017,20595,Kyrholmen S,rensefisk,,,1694,Grøngylt,3174,deler av lokaliteten,1244,AUSTEVOLL,12,Hordaland,60.161583,5.207633,3,Karmøy til Sotra,
32,2017,20595,Kyrholmen S,rensefisk,,,1692,Annen leppefisk,716,deler av lokaliteten,1244,AUSTEVOLL,12,Hordaland,60.161583,5.207633,3,Karmøy til Sotra,
32,2017,30076,Kyrøyene,rensefisk,,,222120,Rognkjeks (hun),40900,hele lokaliteten,1750,VIKNA,17,Nord-Trøndelag,64.764015,10.806633,7,Nord-Trøndelag med Bindal,
32,2017,30076,Kyrøyene,rensefisk,,,2221,Rognkjeks (felles),40900,hele lokaliteten,1750,VIKNA,17,Nord-Trøndelag,64.764015,10.806633,7,Nord-Trøndelag med Bindal,
32,2017,11116,Langholmen,rensefisk,,,2221,Rognkjeks (felles),1500,deler av lokaliteten,1838,GILDESKÅL,18,Nordland,67.05783,14.025333,8,Helgeland til Bodø,
32,2017,26295,Langøy,rensefisk,,,1694,Grøngylt,17574,hele lokaliteten,1263,LINDÅS,12,Hordaland,60.779133,5.1608,4,Nordhordaland til Stadt,
32,2017,26295,Langøy,rensefisk,,,1691,Berggylt,707,hele lokaliteten,1263,LINDÅS,12,Hordaland,60.779133,5.1608,4,Nordhordaland til Stadt,
32,2017,33557,Langskjæra II,medikamentell,fôrbehandling,Emamectin benzoat,,,,hele lokaliteten,1620,FRØYA,16,Sør-Trøndelag,63.82245,8.74075,6,Nordmøre og Sør-Trøndelag,
32,2017,11438,Lauplandsholmen,rensefisk,,,1693,Bergnebb,13387,deler av lokaliteten,1145,BOKN,11,Rogaland,59.179733,5.472633,2,Ryfylke,
32,2017,26675,Leirholmen,rensefisk,,,222120,Rognkjeks (hun),20000,hele lokaliteten,1834,LURØY,18,Nordland,66.3565,12.530117,8,Helgeland til Bodø,
32,2017,26675,Leirholmen,rensefisk,,,1693,Bergnebb,11463,hele lokaliteten,1834,LURØY,18,Nordland,66.3565,12.530117,8,Helgeland til Bodø,
32,2017,12870,Leite,medikamentell,badebehandling,Annet virkestoff,,,,hele lokaliteten,1554,AVERØY,15,Møre og Romsdal,63.035984,7.678117,6,Nordmøre og Sør-Trøndelag,
32,2017,12870,Leite,ikke-medikamentell,,,,,,deler av lokaliteten,1554,AVERØY,15,Møre og Romsdal,63.035984,7.678117,6,Nordmøre og Sør-Trøndelag,
32,2017,12870,Leite,rensefisk,,,1694,Grøngylt,4707,deler av lokaliteten,1554,AVERØY,15,Møre og Romsdal,63.035984,7.678117,6,Nordmøre og Sør-Trøndelag,
32,2017,12870,Leite,rensefisk,,,1693,Bergnebb,1770,deler av lokaliteten,1554,AVERØY,15,Møre og Romsdal,63.035984,7.678117,6,Nordmøre og Sør-Trøndelag,
32,2017,12870,Leite,rensefisk,,,1691,Berggylt,3508,deler av lokaliteten,1554,AVERØY,15,Møre og Romsdal,63.035984,7.678117,6,Nordmøre og Sør-Trøndelag,
32,2017,12392,Lille Torsøy,rensefisk,,,1693,Bergnebb,23400,deler av lokaliteten,1617,HITRA,16,Sør-Trøndelag,63.605633,8.48855,6,Nordmøre og Sør-Trøndelag,
32,2017,28396,Lindarholmen,rensefisk,,,1692,Annen leppefisk,12000,hele lokaliteten,1223,TYSNES,12,Hordaland,60.084034,5.638667,3,Karmøy til Sotra,
32,2017,12966,Lindvik,rensefisk,,,1694,Grøngylt,3545,deler av lokaliteten,1160,VINDAFJORD,11,Rogaland,59.474068,5.976433,2,Ryfylke,
32,2017,12966,Lindvik,rensefisk,,,1693,Bergnebb,274,deler av lokaliteten,1160,VINDAFJORD,11,Rogaland,59.474068,5.976433,2,Ryfylke,
32,2017,12966,Lindvik,rensefisk,,,1692,Annen leppefisk,20,deler av lokaliteten,1160,VINDAFJORD,11,Rogaland,59.474068,5.976433,2,Ryfylke,
32,2017,12966,Lindvik,rensefisk,,,1691,Berggylt,357,deler av lokaliteten,1160,VINDAFJORD,11,Rogaland,59.474068,5.976433,2,Ryfylke,
32,2017,10292,Lyklingholmen N,rensefisk,,,1692,Annen leppefisk,3525,deler av lokaliteten,1219,BØMLO,12,Hordaland,59.714535,5.15405,3,Karmøy til Sotra,
32,2017,10292,Lyklingholmen N,rensefisk,,,1694,Grøngylt,5700,deler av lokaliteten,1219,BØMLO,12,Hordaland,59.714535,5.15405,3,Karmøy til Sotra,
32,2017,32057,Lyngøy,rensefisk,,,222120,Rognkjeks (hun),15309,hele lokaliteten,1750,VIKNA,17,Nord-Trøndelag,64.81865,10.935217,7,Nord-Trøndelag med Bindal,
32,2017,12633,Lyrnesset,ikke-medikamentell,,,,,,deler av lokaliteten,1749,FLATANGER,17,Nord-Trøndelag,64.5256,10.748133,7,Nord-Trøndelag med Bindal,
32,2017,12127,Mælen,rensefisk,,,1692,Annen leppefisk,12000,deler av lokaliteten,1224,KVINNHERAD,12,Hordaland,59.69998,5.722917,3,Karmøy til Sotra,
32,2017,35477,Makrellskjæret,ikke-medikamentell,,,,,,deler av lokaliteten,1749,FLATANGER,17,Nord-Trøndelag,64.54919,10.7341,7,Nord-Trøndelag med Bindal,
32,2017,35477,Makrellskjæret,rensefisk,,,1691,Berggylt,2021,deler av lokaliteten,1749,FLATANGER,17,Nord-Trøndelag,64.54919,10.7341,7,Nord-Trøndelag med Bindal,
32,2017,35477,Makrellskjæret,rensefisk,,,1694,Grøngylt,15906,deler av lokaliteten,1749,FLATANGER,17,Nord-Trøndelag,64.54919,10.7341,7,Nord-Trøndelag med Bindal,
32,2017,12370,Måøydraga,rensefisk,,,1693,Bergnebb,2982,hele lokaliteten,1620,FRØYA,16,Sør-Trøndelag,63.676964,8.75625,6,Nordmøre og Sør-Trøndelag,
32,2017,12370,Måøydraga,rensefisk,,,1691,Berggylt,653,hele lokaliteten,1620,FRØYA,16,Sør-Trøndelag,63.676964,8.75625,6,Nordmøre og Sør-Trøndelag,
32,2017,12134,Maradalen,rensefisk,,,1692,Annen leppefisk,12000,deler av lokaliteten,1224,KVINNHERAD,12,Hordaland,59.76077,5.686767,3,Karmøy til Sotra,
32,2017,31637,Melkøya,medikamentell,fôrbehandling,Emamectin benzoat,,,,deler av lokaliteten,1818,HERØY I NORDLAND,18,Nordland,66.08231,12.201167,8,Helgeland til Bodø,
32,2017,10858,Mulingen,ikke-medikamentell,,,,,,hele lokaliteten,1811,BINDAL,18,Nordland,65.10865,12.442233,7,Nord-Trøndelag med Bindal,
32,2017,13629,Munkholmen,rensefisk,,,1694,Grøngylt,1963,deler av lokaliteten,1146,TYSVÆR,11,Rogaland,59.285484,5.631317,2,Ryfylke,
32,2017,13629,Munkholmen,rensefisk,,,1691,Berggylt,299,deler av lokaliteten,1146,TYSVÆR,11,Rogaland,59.285484,5.631317,2,Ryfylke,
32,2017,29957,Nakkestad,rensefisk,,,1694,Grøngylt,2500,hele lokaliteten,1032,LYNGDAL,10,Vest-Agder,58.055832,7.06875,1,Svenskegrensen til Jæren,
32,2017,29957,Nakkestad,rensefisk,,,1693,Bergnebb,11000,hele lokaliteten,1032,LYNGDAL,10,Vest-Agder,58.055832,7.06875,1,Svenskegrensen til Jæren,
32,2017,10303,Nappeholmane,rensefisk,,,1692,Annen leppefisk,15000,hele lokaliteten,1219,BØMLO,12,Hordaland,59.743034,5.363783,3,Karmøy til Sotra,
32,2017,11611,Naveide,rensefisk,,,1691,Berggylt,988,deler av lokaliteten,1244,AUSTEVOLL,12,Hordaland,60.13907,5.112783,3,Karmøy til Sotra,
32,2017,11611,Naveide,rensefisk,,,1692,Annen leppefisk,2741,deler av lokaliteten,1244,AUSTEVOLL,12,Hordaland,60.13907,5.112783,3,Karmøy til Sotra,
32,2017,11611,Naveide,rensefisk,,,1694,Grøngylt,7790,deler av lokaliteten,1244,AUSTEVOLL,12,Hordaland,60.13907,5.112783,3,Karmøy til Sotra,
32,2017,11611,Naveide,rensefisk,,,222120,Rognkjeks (hun),43976,deler av lokaliteten,1244,AUSTEVOLL,12,Hordaland,60.13907,5.112783,3,Karmøy til Sotra,
32,2017,11041,Nord Gåsvær,ikke-medikamentell,,,,,,hele lokaliteten,1818,HERØY I NORDLAND,18,Nordland,66.07035,12.065617,8,Helgeland til Bodø,
32,2017,11129,Nordfugløy,rensefisk,,,2221,Rognkjeks (felles),55256,deler av lokaliteten,1838,GILDESKÅL,18,Nordland,67.083916,13.85685,8,Helgeland til Bodø,
32,2017,30559,Øksneset,rensefisk,,,1692,Annen leppefisk,8000,hele lokaliteten,1264,AUSTRHEIM,12,Hordaland,60.81255,4.862317,4,Nordhordaland til Stadt,
32,2017,30559,Øksneset,rensefisk,,,1691,Berggylt,5000,hele lokaliteten,1264,AUSTRHEIM,12,Hordaland,60.81255,4.862317,4,Nordhordaland til Stadt,
32,2017,15403,Olderøy,rensefisk,,,1694,Grøngylt,2740,deler av lokaliteten,1412,SOLUND,14,Sogn og Fjordane,61.103283,4.712233,4,Nordhordaland til Stadt,
32,2017,15403,Olderøy,rensefisk,,,1693,Bergnebb,13298,deler av lokaliteten,1412,SOLUND,14,Sogn og Fjordane,61.103283,4.712233,4,Nordhordaland til Stadt,
32,2017,15403,Olderøy,rensefisk,,,1692,Annen leppefisk,2174,deler av lokaliteten,1412,SOLUND,14,Sogn og Fjordane,61.103283,4.712233,4,Nordhordaland til Stadt,
32,2017,15403,Olderøy,rensefisk,,,1691,Berggylt,225,deler av lokaliteten,1412,SOLUND,14,Sogn og Fjordane,61.103283,4.712233,4,Nordhordaland til Stadt,
32,2017,28676,Olvika,ikke-medikamentell,,,,,,hele lokaliteten,1834,LURØY,18,Nordland,66.43864,13.1274,8,Helgeland til Bodø,
32,2017,12383,Omsøyholman,rensefisk,,,1691,Berggylt,5144,hele lokaliteten,1617,HITRA,16,Sør-Trøndelag,63.63162,8.574817,6,Nordmøre og Sør-Trøndelag,
32,2017,12383,Omsøyholman,rensefisk,,,1694,Grøngylt,8828,hele lokaliteten,1617,HITRA,16,Sør-Trøndelag,63.63162,8.574817,6,Nordmøre og Sør-Trøndelag,
32,2017,10136,Onarøy,rensefisk,,,1692,Annen leppefisk,12000,deler av lokaliteten,1223,TYSNES,12,Hordaland,59.95335,5.669683,3,Karmøy til Sotra,
32,2017,13888,Osholmen,ikke-medikamentell,,,,,,deler av lokaliteten,1617,HITRA,16,Sør-Trøndelag,63.661983,9.135583,6,Nordmøre og Sør-Trøndelag,
32,2017,13888,Osholmen,rensefisk,,,1694,Grøngylt,500,deler av lokaliteten,1617,HITRA,16,Sør-Trøndelag,63.661983,9.135583,6,Nordmøre og Sør-Trøndelag,
32,2017,13888,Osholmen,rensefisk,,,1691,Berggylt,4891,deler av lokaliteten,1617,HITRA,16,Sør-Trøndelag,63.661983,9.135583,6,Nordmøre og Sør-Trøndelag,
32,2017,11205,Oterholmen I,medikamentell,fôrbehandling,Emamectin benzoat,,,,deler av lokaliteten,1860,VESTVÅGØY,18,Nordland,68.092636,13.634483,9,Vestfjorden og Vesterålen,
32,2017,11854,Pinnen,rensefisk,,,1694,Grøngylt,1122,deler av lokaliteten,1004,FLEKKEFJORD,10,Vest-Agder,58.225533,6.682717,1,Svenskegrensen til Jæren,
32,2017,11854,Pinnen,rensefisk,,,1691,Berggylt,541,deler av lokaliteten,1004,FLEKKEFJORD,10,Vest-Agder,58.225533,6.682717,1,Svenskegrensen til Jæren,
32,2017,28636,Rataren,rensefisk,,,1694,Grøngylt,1462,deler av lokaliteten,1620,FRØYA,16,Sør-Trøndelag,63.780884,8.517383,6,Nordmøre og Sør-Trøndelag,
32,2017,28636,Rataren,rensefisk,,,1693,Bergnebb,7795,deler av lokaliteten,1620,FRØYA,16,Sør-Trøndelag,63.780884,8.517383,6,Nordmøre og Sør-Trøndelag,
32,2017,13867,Raunevågen,rensefisk,,,1691,Berggylt,938,deler av lokaliteten,1216,SVEIO,12,Hordaland,59.65798,5.533667,3,Karmøy til Sotra,
32,2017,17357,Rennaren,rensefisk,,,1693,Bergnebb,7846,hele lokaliteten,1142,RENNESØY,11,Rogaland,59.131584,5.72165,2,Ryfylke,
32,2017,30657,Revøy,rensefisk,,,1693,Bergnebb,16000,hele lokaliteten,1032,LYNGDAL,10,Vest-Agder,58.0243,7.0268,1,Svenskegrensen til Jæren,
32,2017,11964,Ringja,rensefisk,,,1694,Grøngylt,1081,deler av lokaliteten,1146,TYSVÆR,11,Rogaland,59.405468,5.8631,2,Ryfylke,
32,2017,11964,Ringja,rensefisk,,,1691,Berggylt,306,deler av lokaliteten,1146,TYSVÆR,11,Rogaland,59.405468,5.8631,2,Ryfylke,
32,2017,12281,Rogne,rensefisk,,,1694,Grøngylt,16958,hele lokaliteten,1534,HARAM,15,Møre og Romsdal,62.6695,6.356833,5,Stadt til Hustadvika,
32,2017,12281,Rogne,rensefisk,,,1693,Bergnebb,13438,hele lokaliteten,1534,HARAM,15,Møre og Romsdal,62.6695,6.356833,5,Stadt til Hustadvika,
32,2017,12281,Rogne,rensefisk,,,1691,Berggylt,2523,hele lokaliteten,1534,HARAM,15,Møre og Romsdal,62.6695,6.356833,5,Stadt til Hustadvika,
32,2017,29276,Rongøy,rensefisk,,,1691,Berggylt,1516,deler av lokaliteten,1259,ØYGARDEN,12,Hordaland,60.509335,4.9317,4,Nordhordaland til Stadt,
32,2017,29276,Rongøy,rensefisk,,,1692,Annen leppefisk,1227,deler av lokaliteten,1259,ØYGARDEN,12,Hordaland,60.509335,4.9317,4,Nordhordaland til Stadt,
32,2017,29276,Rongøy,rensefisk,,,1693,Bergnebb,21061,deler av lokaliteten,1259,ØYGARDEN,12,Hordaland,60.509335,4.9317,4,Nordhordaland til Stadt,
32,2017,29276,Rongøy,rensefisk,,,1694,Grøngylt,16633,deler av lokaliteten,1259,ØYGARDEN,12,Hordaland,60.509335,4.9317,4,Nordhordaland til Stadt,
32,2017,37197,Ruggstein,rensefisk,,,1694,Grøngylt,5386,deler av lokaliteten,1620,FRØYA,16,Sør-Trøndelag,63.770084,8.476033,6,Nordmøre og Sør-Trøndelag,
32,2017,37197,Ruggstein,rensefisk,,,1693,Bergnebb,29302,deler av lokaliteten,1620,FRØYA,16,Sør-Trøndelag,63.770084,8.476033,6,Nordmøre og Sør-Trøndelag,
32,2017,13612,Rundreimstranda,rensefisk,,,1694,Grøngylt,1883,deler av lokaliteten,1441,SELJE,14,Sogn og Fjordane,62.009968,5.331917,4,Nordhordaland til Stadt,
32,2017,13612,Rundreimstranda,rensefisk,,,1691,Berggylt,2538,deler av lokaliteten,1441,SELJE,14,Sogn og Fjordane,62.009968,5.331917,4,Nordhordaland til Stadt,
32,2017,10328,Sagvik,rensefisk,,,1694,Grøngylt,4474,deler av lokaliteten,1238,KVAM,12,Hordaland,60.141033,5.906933,3,Karmøy til Sotra,
32,2017,10328,Sagvik,rensefisk,,,1693,Bergnebb,1805,deler av lokaliteten,1238,KVAM,12,Hordaland,60.141033,5.906933,3,Karmøy til Sotra,
32,2017,10328,Sagvik,rensefisk,,,1691,Berggylt,410,deler av lokaliteten,1238,KVAM,12,Hordaland,60.141033,5.906933,3,Karmøy til Sotra,
32,2017,31677,Sandholmane,rensefisk,,,1691,Berggylt,1145,deler av lokaliteten,1546,SANDØY,15,Møre og Romsdal,62.796284,6.669933,5,Stadt til Hustadvika,
32,2017,31677,Sandholmane,rensefisk,,,1694,Grøngylt,16272,deler av lokaliteten,1546,SANDØY,15,Møre og Romsdal,62.796284,6.669933,5,Stadt til Hustadvika,
32,2017,31677,Sandholmane,rensefisk,,,1693,Bergnebb,3644,deler av lokaliteten,1546,SANDØY,15,Møre og Romsdal,62.796284,6.669933,5,Stadt til Hustadvika,
32,2017,11888,Sandvik,rensefisk,,,1694,Grøngylt,3683,deler av lokaliteten,1134,SULDAL,11,Rogaland,59.31445,6.170917,2,Ryfylke,
32,2017,11888,Sandvik,rensefisk,,,1691,Berggylt,240,deler av lokaliteten,1134,SULDAL,11,Rogaland,59.31445,6.170917,2,Ryfylke,
32,2017,13243,Sandvika,ikke-medikamentell,,,,,,deler av lokaliteten,1519,VOLDA,15,Møre og Romsdal,62.195667,5.904417,5,Stadt til Hustadvika,
32,2017,13243,Sandvika,rensefisk,,,1694,Grøngylt,7408,deler av lokaliteten,1519,VOLDA,15,Møre og Romsdal,62.195667,5.904417,5,Stadt til Hustadvika,
32,2017,13243,Sandvika,rensefisk,,,1693,Bergnebb,3502,deler av lokaliteten,1519,VOLDA,15,Møre og Romsdal,62.195667,5.904417,5,Stadt til Hustadvika,
32,2017,13243,Sandvika,rensefisk,,,1691,Berggylt,256,deler av lokaliteten,1519,VOLDA,15,Møre og Romsdal,62.195667,5.904417,5,Stadt til Hustadvika,
32,2017,11758,Sauøy Ø,rensefisk,,,1693,Bergnebb,4550,deler av lokaliteten,1259,ØYGARDEN,12,Hordaland,60.592335,4.857833,4,Nordhordaland til Stadt,
32,2017,11758,Sauøy Ø,rensefisk,,,1691,Berggylt,254,deler av lokaliteten,1259,ØYGARDEN,12,Hordaland,60.592335,4.857833,4,Nordhordaland til Stadt,
32,2017,19855,Segelråa,ikke-medikamentell,,,,,,deler av lokaliteten,1576,AURE,15,Møre og Romsdal,63.149746,8.12855,6,Nordmøre og Sør-Trøndelag,
32,2017,19855,Segelråa,rensefisk,,,1691,Berggylt,381,deler av lokaliteten,1576,AURE,15,Møre og Romsdal,63.149746,8.12855,6,Nordmøre og Sør-Trøndelag,
32,2017,17015,Seglberget,rensefisk,,,1691,Berggylt,760,deler av lokaliteten,1224,KVINNHERAD,12,Hordaland,59.730434,5.788733,3,Karmøy til Sotra,
32,2017,17015,Seglberget,rensefisk,,,1692,Annen leppefisk,4370,deler av lokaliteten,1224,KVINNHERAD,12,Hordaland,59.730434,5.788733,3,Karmøy til Sotra,
32,2017,12244,Setevika,ikke-medikamentell,,,,,,deler av lokaliteten,1545,MIDSUND,15,Møre og Romsdal,62.728065,6.939283,5,Stadt til Hustadvika,
32,2017,11357,Skarvberget,medikamentell,fôrbehandling,Emamectin benzoat,,,,deler av lokaliteten,1927,TRANØY,19,Troms,69.14665,17.010267,10,Andøya til Senja,
32,2017,12048,Skiftesneset N,rensefisk,,,1694,Grøngylt,4371,deler av lokaliteten,1241,FUSA,12,Hordaland,60.0711,5.736867,3,Karmøy til Sotra,
32,2017,36177,Skjellesvika,ikke-medikamentell,,,,,,hele lokaliteten,1903,HARSTAD,19,Troms,68.91143,16.645132,10,Andøya til Senja,
32,2017,32877,Skorpo,rensefisk,,,1694,Grøngylt,9869,hele lokaliteten,1243,OS I HORDALAND,12,Hordaland,60.173317,5.293683,3,Karmøy til Sotra,
32,2017,32877,Skorpo,rensefisk,,,222120,Rognkjeks (hun),37216,hele lokaliteten,1243,OS I HORDALAND,12,Hordaland,60.173317,5.293683,3,Karmøy til Sotra,
32,2017,32877,Skorpo,rensefisk,,,1691,Berggylt,376,hele lokaliteten,1243,OS I HORDALAND,12,Hordaland,60.173317,5.293683,3,Karmøy til Sotra,
32,2017,25896,Skorpo,rensefisk,,,1692,Annen leppefisk,30000,hele lokaliteten,1223,TYSNES,12,Hordaland,59.875767,5.638817,3,Karmøy til Sotra,
32,2017,30997,Skrubbholmen,rensefisk,,,1693,Bergnebb,14659,deler av lokaliteten,1751,NÆRØY,17,Nord-Trøndelag,64.801735,11.162183,7,Nord-Trøndelag med Bindal,
32,2017,26155,Slåttholmen,rensefisk,,,1693,Bergnebb,24292,hele lokaliteten,1612,HEMNE,16,Sør-Trøndelag,63.44779,8.958173,6,Nordmøre og Sør-Trøndelag,
32,2017,20815,Slettvika,rensefisk,,,1694,Grøngylt,4245,hele lokaliteten,1520,ØRSTA,15,Møre og Romsdal,62.334,6.157667,5,Stadt til Hustadvika,
32,2017,20815,Slettvika,rensefisk,,,1691,Berggylt,5427,hele lokaliteten,1520,ØRSTA,15,Møre og Romsdal,62.334,6.157667,5,Stadt til Hustadvika,
32,2017,27436,Solværet,ikke-medikamentell,,,,,,deler av lokaliteten,1573,SMØLA,15,Møre og Romsdal,63.255,7.856933,6,Nordmøre og Sør-Trøndelag,
32,2017,13032,Sølvøyane,rensefisk,,,1694,Grøngylt,2201,deler av lokaliteten,1219,BØMLO,12,Hordaland,59.609516,5.133367,3,Karmøy til Sotra,
32,2017,13032,Sølvøyane,rensefisk,,,1691,Berggylt,755,deler av lokaliteten,1219,BØMLO,12,Hordaland,59.609516,5.133367,3,Karmøy til Sotra,
32,2017,15375,Sørøyflesa,rensefisk,,,1693,Bergnebb,4223,deler av lokaliteten,1620,FRØYA,16,Sør-Trøndelag,63.98405,9.057067,6,Nordmøre og Sør-Trøndelag,
32,2017,15375,Sørøyflesa,rensefisk,,,1691,Berggylt,319,deler av lokaliteten,1620,FRØYA,16,Sør-Trøndelag,63.98405,9.057067,6,Nordmøre og Sør-Trøndelag,
32,2017,13936,Sørvika,ikke-medikamentell,,,,,,deler av lokaliteten,1866,HADSEL,18,Nordland,68.47335,15.222633,9,Vestfjorden og Vesterålen,
32,2017,30537,Steinflesa,medikamentell,badebehandling,Azamethiphos,,,,hele lokaliteten,1755,LEKA,17,Nord-Trøndelag,65.1345,11.51565,7,Nord-Trøndelag med Bindal,
32,2017,30537,Steinflesa,medikamentell,badebehandling,Deltamethrin,,,,hele lokaliteten,1755,LEKA,17,Nord-Trøndelag,65.1345,11.51565,7,Nord-Trøndelag med Bindal,
32,2017,13708,Steinvik,rensefisk,,,1694,Grøngylt,19920,hele lokaliteten,1401,FLORA,14,Sogn og Fjordane,61.565266,5.31025,4,Nordhordaland til Stadt,
32,2017,13708,Steinvik,rensefisk,,,1693,Bergnebb,4665,hele lokaliteten,1401,FLORA,14,Sogn og Fjordane,61.565266,5.31025,4,Nordhordaland til Stadt,
32,2017,13708,Steinvik,rensefisk,,,1691,Berggylt,1375,hele lokaliteten,1401,FLORA,14,Sogn og Fjordane,61.565266,5.31025,4,Nordhordaland til Stadt,
32,2017,11649,Stolane,rensefisk,,,1693,Bergnebb,13470,deler av lokaliteten,1260,RADØY,12,Hordaland,60.605118,5.1257,4,Nordhordaland til Stadt,
32,2017,10974,Store Bukkøy N,ikke-medikamentell,,,,,,deler av lokaliteten,1834,LURØY,18,Nordland,66.40135,12.420717,8,Helgeland til Bodø,
32,2017,10974,Store Bukkøy N,rensefisk,,,1694,Grøngylt,750,deler av lokaliteten,1834,LURØY,18,Nordland,66.40135,12.420717,8,Helgeland til Bodø,
32,2017,10974,Store Bukkøy N,rensefisk,,,1693,Bergnebb,875,deler av lokaliteten,1834,LURØY,18,Nordland,66.40135,12.420717,8,Helgeland til Bodø,
32,2017,10974,Store Bukkøy N,rensefisk,,,1691,Berggylt,240,deler av lokaliteten,1834,LURØY,18,Nordland,66.40135,12.420717,8,Helgeland til Bodø,
32,2017,26235,Stualand,rensefisk,,,1693,Bergnebb,65,hele lokaliteten,1216,SVEIO,12,Hordaland,59.6088,5.5269,3,Karmøy til Sotra,
32,2017,26235,Stualand,rensefisk,,,1691,Berggylt,1010,hele lokaliteten,1216,SVEIO,12,Hordaland,59.6088,5.5269,3,Karmøy til Sotra,
32,2017,26235,Stualand,rensefisk,,,1692,Annen leppefisk,2753,hele lokaliteten,1216,SVEIO,12,Hordaland,59.6088,5.5269,3,Karmøy til Sotra,
32,2017,26235,Stualand,rensefisk,,,1694,Grøngylt,7047,hele lokaliteten,1216,SVEIO,12,Hordaland,59.6088,5.5269,3,Karmøy til Sotra,
32,2017,36100,Suholmen,ikke-medikamentell,,,,,,deler av lokaliteten,1573,SMØLA,15,Møre og Romsdal,63.494934,8.02235,6,Nordmøre og Sør-Trøndelag,
32,2017,36100,Suholmen,rensefisk,,,1691,Berggylt,4073,deler av lokaliteten,1573,SMØLA,15,Møre og Romsdal,63.494934,8.02235,6,Nordmøre og Sør-Trøndelag,
32,2017,29376,Sundsøy,rensefisk,,,2221,Rognkjeks (felles),26535,deler av lokaliteten,1827,DØNNA,18,Nordland,66.17637,12.770283,8,Helgeland til Bodø,
32,2017,10582,Tarmevikodden,rensefisk,,,169520,Rødnebb,143,deler av lokaliteten,1004,FLEKKEFJORD,10,Vest-Agder,58.21977,6.685633,1,Svenskegrensen til Jæren,
32,2017,10582,Tarmevikodden,rensefisk,,,1694,Grøngylt,904,deler av lokaliteten,1004,FLEKKEFJORD,10,Vest-Agder,58.21977,6.685633,1,Svenskegrensen til Jæren,
32,2017,10582,Tarmevikodden,rensefisk,,,1691,Berggylt,570,deler av lokaliteten,1004,FLEKKEFJORD,10,Vest-Agder,58.21977,6.685633,1,Svenskegrensen til Jæren,
32,2017,21755,Tendalsvik,rensefisk,,,169520,Rødnebb,181,deler av lokaliteten,1211,ETNE,12,Hordaland,59.73605,5.884,3,Karmøy til Sotra,
32,2017,21755,Tendalsvik,rensefisk,,,1694,Grøngylt,5675,deler av lokaliteten,1211,ETNE,12,Hordaland,59.73605,5.884,3,Karmøy til Sotra,
32,2017,21755,Tendalsvik,rensefisk,,,1693,Bergnebb,954,deler av lokaliteten,1211,ETNE,12,Hordaland,59.73605,5.884,3,Karmøy til Sotra,
32,2017,21755,Tendalsvik,rensefisk,,,1692,Annen leppefisk,478,deler av lokaliteten,1211,ETNE,12,Hordaland,59.73605,5.884,3,Karmøy til Sotra,
32,2017,21755,Tendalsvik,rensefisk,,,1691,Berggylt,168,deler av lokaliteten,1211,ETNE,12,Hordaland,59.73605,5.884,3,Karmøy til Sotra,
32,2017,25815,Tittelsnes,rensefisk,,,1694,Grøngylt,5809,deler av lokaliteten,1216,SVEIO,12,Hordaland,59.72365,5.534383,3,Karmøy til Sotra,
32,2017,25815,Tittelsnes,rensefisk,,,1693,Bergnebb,4911,deler av lokaliteten,1216,SVEIO,12,Hordaland,59.72365,5.534383,3,Karmøy til Sotra,
32,2017,17575,Tollaksholmen,rensefisk,,,1692,Annen leppefisk,16070,deler av lokaliteten,1145,BOKN,11,Rogaland,59.2522,5.390517,2,Ryfylke,
32,2017,17575,Tollaksholmen,rensefisk,,,1691,Berggylt,3898,deler av lokaliteten,1145,BOKN,11,Rogaland,59.2522,5.390517,2,Ryfylke,
32,2017,17575,Tollaksholmen,rensefisk,,,1693,Bergnebb,12804,deler av lokaliteten,1145,BOKN,11,Rogaland,59.2522,5.390517,2,Ryfylke,
32,2017,29336,Trælsøyosen,rensefisk,,,1694,Grøngylt,23444,deler av lokaliteten,1244,AUSTEVOLL,12,Hordaland,60.1178,5.2702,3,Karmøy til Sotra,
32,2017,29336,Trælsøyosen,rensefisk,,,1692,Annen leppefisk,2978,deler av lokaliteten,1244,AUSTEVOLL,12,Hordaland,60.1178,5.2702,3,Karmøy til Sotra,
32,2017,29336,Trælsøyosen,rensefisk,,,1691,Berggylt,2786,deler av lokaliteten,1244,AUSTEVOLL,12,Hordaland,60.1178,5.2702,3,Karmøy til Sotra,
32,2017,35517,Vadholmen,rensefisk,,,1693,Bergnebb,12087,deler av lokaliteten,1259,ØYGARDEN,12,Hordaland,60.695,4.761117,4,Nordhordaland til Stadt,
32,2017,31557,Valøyan,rensefisk,,,1693,Bergnebb,779,deler av lokaliteten,1620,FRØYA,16,Sør-Trøndelag,63.81735,8.462483,6,Nordmøre og Sør-Trøndelag,
32,2017,31557,Valøyan,rensefisk,,,1691,Berggylt,129,deler av lokaliteten,1620,FRØYA,16,Sør-Trøndelag,63.81735,8.462483,6,Nordmøre og Sør-Trøndelag,
32,2017,35657,Varden,ikke-medikamentell,,,,,,deler av lokaliteten,1617,HITRA,16,Sør-Trøndelag,63.635715,9.186467,6,Nordmøre og Sør-Trøndelag,
32,2017,35657,Varden,rensefisk,,,1694,Grøngylt,12115,deler av lokaliteten,1617,HITRA,16,Sør-Trøndelag,63.635715,9.186467,6,Nordmøre og Sør-Trøndelag,
32,2017,36337,Vardskjæret S,ikke-medikamentell,,,,,,deler av lokaliteten,1834,LURØY,18,Nordland,66.35017,12.469267,8,Helgeland til Bodø,
32,2017,36337,Vardskjæret S,rensefisk,,,222120,Rognkjeks (hun),9000,deler av lokaliteten,1834,LURØY,18,Nordland,66.35017,12.469267,8,Helgeland til Bodø,
32,2017,13837,Verpeide,rensefisk,,,1694,Grøngylt,953,hele lokaliteten,1439,VÅGSØY,14,Sogn og Fjordane,61.902218,5.209233,4,Nordhordaland til Stadt,
32,2017,13837,Verpeide,rensefisk,,,1693,Bergnebb,4708,hele lokaliteten,1439,VÅGSØY,14,Sogn og Fjordane,61.902218,5.209233,4,Nordhordaland til Stadt,
32,2017,13837,Verpeide,rensefisk,,,1691,Berggylt,132,hele lokaliteten,1439,VÅGSØY,14,Sogn og Fjordane,61.902218,5.209233,4,Nordhordaland til Stadt,
32,2017,12885,Vikageilen,rensefisk,,,222120,Rognkjeks (hun),8012,hele lokaliteten,1505,KRISTIANSUND,15,Møre og Romsdal,63.075783,7.906067,6,Nordmøre og Sør-Trøndelag,
32,2017,12885,Vikageilen,rensefisk,,,1693,Bergnebb,2621,hele lokaliteten,1505,KRISTIANSUND,15,Møre og Romsdal,63.075783,7.906067,6,Nordmøre og Sør-Trøndelag,
32,2017,12885,Vikageilen,rensefisk,,,1694,Grøngylt,23341,hele lokaliteten,1505,KRISTIANSUND,15,Møre og Romsdal,63.075783,7.906067,6,Nordmøre og Sør-Trøndelag,
32,2017,12885,Vikageilen,rensefisk,,,1691,Berggylt,5105,hele lokaliteten,1505,KRISTIANSUND,15,Møre og Romsdal,63.075783,7.906067,6,Nordmøre og Sør-Trøndelag,
32,2017,13226,Vindsvik,ikke-medikamentell,,,,,,deler av lokaliteten,1133,HJELMELAND,11,Rogaland,59.299816,6.322467,2,Ryfylke,
32,2017,13226,Vindsvik,rensefisk,,,1694,Grøngylt,7108,deler av lokaliteten,1133,HJELMELAND,11,Rogaland,59.299816,6.322467,2,Ryfylke,
32,2017,13226,Vindsvik,rensefisk,,,1693,Bergnebb,1727,deler av lokaliteten,1133,HJELMELAND,11,Rogaland,59.299816,6.322467,2,Ryfylke,
32,2017,13246,Voldnes,rensefisk,,,2221,Rognkjeks (felles),19272,deler av lokaliteten,1515,HERØY I MØRE OG ROMSDAL,15,Møre og Romsdal,62.2097,5.7849,5,Stadt til Hustadvika,
31,2017,10331,Åkre,rensefisk,,,1694,Grøngylt,16260,deler av lokaliteten,1224,KVINNHERAD,12,Hordaland,60.112434,6.042483,3,Karmøy til Sotra,
31,2017,10331,Åkre,rensefisk,,,1691,Berggylt,2260,deler av lokaliteten,1224,KVINNHERAD,12,Hordaland,60.112434,6.042483,3,Karmøy til Sotra,
31,2017,12067,Aldalen,rensefisk,,,1694,Grøngylt,830,deler av lokaliteten,1243,OS I HORDALAND,12,Hordaland,60.24995,5.571917,3,Karmøy til Sotra,
31,2017,12067,Aldalen,rensefisk,,,1692,Annen leppefisk,20,deler av lokaliteten,1243,OS I HORDALAND,12,Hordaland,60.24995,5.571917,3,Karmøy til Sotra,
31,2017,12067,Aldalen,rensefisk,,,1691,Berggylt,21,deler av lokaliteten,1243,OS I HORDALAND,12,Hordaland,60.24995,5.571917,3,Karmøy til Sotra,
31,2017,13227,Altaneset,rensefisk,,,1694,Grøngylt,17994,deler av lokaliteten,1241,FUSA,12,Hordaland,60.247116,5.63475,3,Karmøy til Sotra,
31,2017,11513,Andal,rensefisk,,,1694,Grøngylt,665,deler av lokaliteten,1219,BØMLO,12,Hordaland,59.636333,5.247717,3,Karmøy til Sotra,
31,2017,11513,Andal,rensefisk,,,1692,Annen leppefisk,300,deler av lokaliteten,1219,BØMLO,12,Hordaland,59.636333,5.247717,3,Karmøy til Sotra,
31,2017,11513,Andal,rensefisk,,,1693,Bergnebb,1800,deler av lokaliteten,1219,BØMLO,12,Hordaland,59.636333,5.247717,3,Karmøy til Sotra,
31,2017,32297,Andholmen 2,ikke-medikamentell,,,,,,deler av lokaliteten,1573,SMØLA,15,Møre og Romsdal,63.46745,7.847167,6,Nordmøre og Sør-Trøndelag,
31,2017,30156,Anevik,medikamentell,badebehandling,Azamethiphos,,,,deler av lokaliteten,1848,STEIGEN,18,Nordland,68.00592,15.264333,9,Vestfjorden og Vesterålen,
31,2017,30156,Anevik,ikke-medikamentell,,,,,,deler av lokaliteten,1848,STEIGEN,18,Nordland,68.00592,15.264333,9,Vestfjorden og Vesterålen,
31,2017,12085,Aplavika,rensefisk,,,1692,Annen leppefisk,50,deler av lokaliteten,1238,KVAM,12,Hordaland,60.25865,6.055333,3,Karmøy til Sotra,
31,2017,12085,Aplavika,rensefisk,,,1694,Grøngylt,114,deler av lokaliteten,1238,KVAM,12,Hordaland,60.25865,6.055333,3,Karmøy til Sotra,
31,2017,12085,Aplavika,rensefisk,,,1691,Berggylt,40,deler av lokaliteten,1238,KVAM,12,Hordaland,60.25865,6.055333,3,Karmøy til Sotra,
31,2017,13254,Aukan,rensefisk,,,1693,Bergnebb,293,deler av lokaliteten,1554,AVERØY,15,Møre og Romsdal,63.0603,7.594283,6,Nordmøre og Sør-Trøndelag,
31,2017,13845,Beitveit,ikke-medikamentell,,,,,,hele lokaliteten,1441,SELJE,14,Sogn og Fjordane,62.141216,5.32675,5,Stadt til Hustadvika,
31,2017,12095,Bergadalen,rensefisk,,,1693,Bergnebb,84,deler av lokaliteten,1238,KVAM,12,Hordaland,60.1216,5.908883,3,Karmøy til Sotra,
31,2017,12095,Bergadalen,rensefisk,,,1691,Berggylt,30,deler av lokaliteten,1238,KVAM,12,Hordaland,60.1216,5.908883,3,Karmøy til Sotra,
31,2017,12095,Bergadalen,rensefisk,,,1694,Grøngylt,5067,deler av lokaliteten,1238,KVAM,12,Hordaland,60.1216,5.908883,3,Karmøy til Sotra,
31,2017,11930,Bjelkavik,rensefisk,,,1692,Annen leppefisk,10000,hele lokaliteten,1134,SULDAL,11,Rogaland,59.45165,5.991917,2,Ryfylke,
31,2017,12625,Bjørgan,ikke-medikamentell,,,,,,hele lokaliteten,1749,FLATANGER,17,Nord-Trøndelag,64.59268,10.908333,7,Nord-Trøndelag med Bindal,
31,2017,12308,Bjørndal,rensefisk,,,1694,Grøngylt,29699,hele lokaliteten,1520,ØRSTA,15,Møre og Romsdal,62.274883,6.00285,5,Stadt til Hustadvika,
31,2017,12308,Bjørndal,rensefisk,,,1691,Berggylt,2583,hele lokaliteten,1520,ØRSTA,15,Møre og Romsdal,62.274883,6.00285,5,Stadt til Hustadvika,
31,2017,10212,Bogen,rensefisk,,,1693,Bergnebb,5,hele lokaliteten,1505,KRISTIANSUND,15,Møre og Romsdal,63.077667,7.90345,6,Nordmøre og Sør-Trøndelag,
31,2017,10212,Bogen,rensefisk,,,222120,Rognkjeks (hun),1436,hele lokaliteten,1505,KRISTIANSUND,15,Møre og Romsdal,63.077667,7.90345,6,Nordmøre og Sør-Trøndelag,
31,2017,10212,Bogen,rensefisk,,,1691,Berggylt,3556,hele lokaliteten,1505,KRISTIANSUND,15,Møre og Romsdal,63.077667,7.90345,6,Nordmøre og Sør-Trøndelag,
31,2017,10256,Bondøya,rensefisk,,,1693,Bergnebb,27161,deler av lokaliteten,1750,VIKNA,17,Nord-Trøndelag,64.8168,10.7427,7,Nord-Trøndelag med Bindal,
31,2017,12040,Brandaskuta,rensefisk,,,1694,Grøngylt,5736,hele lokaliteten,1224,KVINNHERAD,12,Hordaland,59.975735,5.909183,3,Karmøy til Sotra,
31,2017,10223,Bremnessvaet,medikamentell,badebehandling,Annet virkestoff,,,,deler av lokaliteten,1573,SMØLA,15,Møre og Romsdal,63.39795,8.214317,6,Nordmøre og Sør-Trøndelag,
31,2017,10223,Bremnessvaet,ikke-medikamentell,,,,,,deler av lokaliteten,1573,SMØLA,15,Møre og Romsdal,63.39795,8.214317,6,Nordmøre og Sør-Trøndelag,
31,2017,10223,Bremnessvaet,rensefisk,,,1694,Grøngylt,1607,deler av lokaliteten,1573,SMØLA,15,Møre og Romsdal,63.39795,8.214317,6,Nordmøre og Sør-Trøndelag,
31,2017,10223,Bremnessvaet,rensefisk,,,1691,Berggylt,1336,deler av lokaliteten,1573,SMØLA,15,Møre og Romsdal,63.39795,8.214317,6,Nordmøre og Sør-Trøndelag,
31,2017,12466,Brettingen,medikamentell,badebehandling,Annet virkestoff,,,,deler av lokaliteten,1573,SMØLA,15,Møre og Romsdal,63.3582,8.237267,6,Nordmøre og Sør-Trøndelag,
31,2017,12466,Brettingen,ikke-medikamentell,,,,,,hele lokaliteten,1573,SMØLA,15,Møre og Romsdal,63.3582,8.237267,6,Nordmøre og Sør-Trøndelag,
31,2017,12237,Brudevika,rensefisk,,,2221,Rognkjeks (felles),14240,deler av lokaliteten,1511,VANYLVEN,15,Møre og Romsdal,62.116566,5.420717,5,Stadt til Hustadvika,
31,2017,13841,Brunsvik,rensefisk,,,1694,Grøngylt,10387,deler av lokaliteten,1439,VÅGSØY,14,Sogn og Fjordane,61.910183,5.29085,4,Nordhordaland til Stadt,
31,2017,13841,Brunsvik,rensefisk,,,1693,Bergnebb,11960,deler av lokaliteten,1439,VÅGSØY,14,Sogn og Fjordane,61.910183,5.29085,4,Nordhordaland til Stadt,
31,2017,13841,Brunsvik,rensefisk,,,1691,Berggylt,1709,deler av lokaliteten,1439,VÅGSØY,14,Sogn og Fjordane,61.910183,5.29085,4,Nordhordaland til Stadt,
31,2017,31038,Buarøy,rensefisk,,,1691,Berggylt,1534,deler av lokaliteten,1245,SUND,12,Hordaland,60.220066,5.21455,3,Karmøy til Sotra,
31,2017,31038,Buarøy,rensefisk,,,1694,Grøngylt,2285,deler av lokaliteten,1245,SUND,12,Hordaland,60.220066,5.21455,3,Karmøy til Sotra,
31,2017,11543,Buholmen,rensefisk,,,1693,Bergnebb,153,deler av lokaliteten,1244,AUSTEVOLL,12,Hordaland,60.020916,5.081517,3,Karmøy til Sotra,
31,2017,11543,Buholmen,rensefisk,,,1692,Annen leppefisk,10127,deler av lokaliteten,1244,AUSTEVOLL,12,Hordaland,60.020916,5.081517,3,Karmøy til Sotra,
31,2017,11543,Buholmen,rensefisk,,,1691,Berggylt,1379,deler av lokaliteten,1244,AUSTEVOLL,12,Hordaland,60.020916,5.081517,3,Karmøy til Sotra,
31,2017,11543,Buholmen,rensefisk,,,1694,Grøngylt,22778,deler av lokaliteten,1244,AUSTEVOLL,12,Hordaland,60.020916,5.081517,3,Karmøy til Sotra,
31,2017,22035,Buktodden Nø,rensefisk,,,2221,Rognkjeks (felles),17771,deler av lokaliteten,1833,RANA,18,Nordland,66.30817,13.432333,8,Helgeland til Bodø,
31,2017,14799,Djupestallen,rensefisk,,,1692,Annen leppefisk,239,deler av lokaliteten,1223,TYSNES,12,Hordaland,60.058735,5.453,3,Karmøy til Sotra,
31,2017,14799,Djupestallen,rensefisk,,,1691,Berggylt,832,deler av lokaliteten,1223,TYSNES,12,Hordaland,60.058735,5.453,3,Karmøy til Sotra,
31,2017,14799,Djupestallen,rensefisk,,,1694,Grøngylt,4572,deler av lokaliteten,1223,TYSNES,12,Hordaland,60.058735,5.453,3,Karmøy til Sotra,
31,2017,32197,Dryna,rensefisk,,,1694,Grøngylt,1604,deler av lokaliteten,1545,MIDSUND,15,Møre og Romsdal,62.6444,6.5568,5,Stadt til Hustadvika,
31,2017,32197,Dryna,rensefisk,,,1691,Berggylt,564,deler av lokaliteten,1545,MIDSUND,15,Møre og Romsdal,62.6444,6.5568,5,Stadt til Hustadvika,
31,2017,32197,Dryna,rensefisk,,,1693,Bergnebb,4543,deler av lokaliteten,1545,MIDSUND,15,Møre og Romsdal,62.6444,6.5568,5,Stadt til Hustadvika,
31,2017,29537,Eldviktaren,rensefisk,,,1693,Bergnebb,8896,hele lokaliteten,1749,FLATANGER,17,Nord-Trøndelag,64.454636,10.630717,7,Nord-Trøndelag med Bindal,
31,2017,13527,Finnkjerka,rensefisk,,,2221,Rognkjeks (felles),41000,hele lokaliteten,1866,HADSEL,18,Nordland,68.33945,15.0358,9,Vestfjorden og Vesterålen,
31,2017,26775,Fjølværet Ø,rensefisk,,,1693,Bergnebb,6760,deler av lokaliteten,1620,FRØYA,16,Sør-Trøndelag,63.819233,8.636133,6,Nordmøre og Sør-Trøndelag,
31,2017,11833,Flåtegrunnen,rensefisk,,,1694,Grøngylt,4583,deler av lokaliteten,1401,FLORA,14,Sogn og Fjordane,61.57615,4.807333,4,Nordhordaland til Stadt,
31,2017,11833,Flåtegrunnen,rensefisk,,,1693,Bergnebb,919,deler av lokaliteten,1401,FLORA,14,Sogn og Fjordane,61.57615,4.807333,4,Nordhordaland til Stadt,
31,2017,11833,Flåtegrunnen,rensefisk,,,1691,Berggylt,2867,deler av lokaliteten,1401,FLORA,14,Sogn og Fjordane,61.57615,4.807333,4,Nordhordaland til Stadt,
31,2017,19336,Flatholmen,rensefisk,,,1692,Annen leppefisk,12359,deler av lokaliteten,1106,HAUGESUND,11,Rogaland,59.4293,5.114483,3,Karmøy til Sotra,
31,2017,25835,Flatøyflu,rensefisk,,,1691,Berggylt,184,deler av lokaliteten,1244,AUSTEVOLL,12,Hordaland,60.156033,5.2315,3,Karmøy til Sotra,
31,2017,25835,Flatøyflu,rensefisk,,,1693,Bergnebb,2023,deler av lokaliteten,1244,AUSTEVOLL,12,Hordaland,60.156033,5.2315,3,Karmøy til Sotra,
31,2017,25835,Flatøyflu,rensefisk,,,1692,Annen leppefisk,2017,deler av lokaliteten,1244,AUSTEVOLL,12,Hordaland,60.156033,5.2315,3,Karmøy til Sotra,
31,2017,25835,Flatøyflu,rensefisk,,,1694,Grøngylt,17710,deler av lokaliteten,1244,AUSTEVOLL,12,Hordaland,60.156033,5.2315,3,Karmøy til Sotra,
31,2017,29876,Flotaren,rensefisk,,,1691,Berggylt,3511,hele lokaliteten,1749,FLATANGER,17,Nord-Trøndelag,64.52398,10.761667,7,Nord-Trøndelag med Bindal,
31,2017,29876,Flotaren,rensefisk,,,1694,Grøngylt,4787,hele lokaliteten,1749,FLATANGER,17,Nord-Trøndelag,64.52398,10.761667,7,Nord-Trøndelag med Bindal,
31,2017,21055,Foldøy Ø,rensefisk,,,1693,Bergnebb,14756,hele lokaliteten,1134,SULDAL,11,Rogaland,59.337482,5.987767,2,Ryfylke,
31,2017,19115,Fugløya S,rensefisk,,,1693,Bergnebb,12411,deler av lokaliteten,1613,SNILLFJORD,16,Sør-Trøndelag,63.460682,9.1444,6,Nordmøre og Sør-Trøndelag,
31,2017,13669,Furneset,rensefisk,,,1694,Grøngylt,1290,deler av lokaliteten,1535,VESTNES,15,Møre og Romsdal,62.6461,7.101183,5,Stadt til Hustadvika,
31,2017,13669,Furneset,rensefisk,,,1691,Berggylt,89,deler av lokaliteten,1535,VESTNES,15,Møre og Romsdal,62.6461,7.101183,5,Stadt til Hustadvika,
31,2017,13058,Fusavika,rensefisk,,,1692,Annen leppefisk,1849,deler av lokaliteten,1241,FUSA,12,Hordaland,60.207634,5.613817,3,Karmøy til Sotra,
31,2017,10747,Futnes,rensefisk,,,222120,Rognkjeks (hun),7435,deler av lokaliteten,1936,KARLSØY,19,Troms,69.95137,19.587868,11,Kvaløya til Loppa,
31,2017,31357,Geitryggen,medikamentell,fôrbehandling,Emamectin benzoat,,,,hele lokaliteten,1751,NÆRØY,17,Nord-Trøndelag,64.75085,11.189033,7,Nord-Trøndelag med Bindal,
31,2017,13852,Gjermundnes,rensefisk,,,1694,Grøngylt,3072,deler av lokaliteten,1535,VESTNES,15,Møre og Romsdal,62.6275,7.192817,5,Stadt til Hustadvika,
31,2017,13852,Gjermundnes,rensefisk,,,1691,Berggylt,1218,deler av lokaliteten,1535,VESTNES,15,Møre og Romsdal,62.6275,7.192817,5,Stadt til Hustadvika,
31,2017,31717,Gjerset V,rensefisk,,,1694,Grøngylt,5156,deler av lokaliteten,1534,HARAM,15,Møre og Romsdal,62.53023,6.428783,5,Stadt til Hustadvika,
31,2017,31717,Gjerset V,rensefisk,,,1691,Berggylt,2000,deler av lokaliteten,1534,HARAM,15,Møre og Romsdal,62.53023,6.428783,5,Stadt til Hustadvika,
31,2017,11559,Grimsholmen,rensefisk,,,1693,Bergnebb,14103,deler av lokaliteten,1216,SVEIO,12,Hordaland,59.65735,5.404167,3,Karmøy til Sotra,
31,2017,11559,Grimsholmen,rensefisk,,,1694,Grøngylt,3030,deler av lokaliteten,1216,SVEIO,12,Hordaland,59.65735,5.404167,3,Karmøy til Sotra,
31,2017,11559,Grimsholmen,rensefisk,,,1692,Annen leppefisk,1154,deler av lokaliteten,1216,SVEIO,12,Hordaland,59.65735,5.404167,3,Karmøy til Sotra,
31,2017,10318,Gulestø,ikke-medikamentell,,,,,,deler av lokaliteten,1438,BREMANGER,14,Sogn og Fjordane,61.75802,5.069883,4,Nordhordaland til Stadt,
31,2017,10318,Gulestø,rensefisk,,,1694,Grøngylt,1023,deler av lokaliteten,1438,BREMANGER,14,Sogn og Fjordane,61.75802,5.069883,4,Nordhordaland til Stadt,
31,2017,10318,Gulestø,rensefisk,,,1691,Berggylt,721,deler av lokaliteten,1438,BREMANGER,14,Sogn og Fjordane,61.75802,5.069883,4,Nordhordaland til Stadt,
31,2017,24735,Gulholmen,rensefisk,,,1694,Grøngylt,13609,deler av lokaliteten,1243,OS I HORDALAND,12,Hordaland,60.1282,5.400467,3,Karmøy til Sotra,
31,2017,24735,Gulholmen,rensefisk,,,1691,Berggylt,187,deler av lokaliteten,1243,OS I HORDALAND,12,Hordaland,60.1282,5.400467,3,Karmøy til Sotra,
31,2017,29697,Hafsmo,ikke-medikamentell,,,,,,deler av lokaliteten,1613,SNILLFJORD,16,Sør-Trøndelag,63.3667,9.245217,6,Nordmøre og Sør-Trøndelag,
31,2017,11318,Hallvardøy,ikke-medikamentell,,,,,,deler av lokaliteten,1851,LØDINGEN,18,Nordland,68.37497,15.317333,9,Vestfjorden og Vesterålen,
31,2017,18639,Halsavika,rensefisk,,,1694,Grøngylt,5065,deler av lokaliteten,1146,TYSVÆR,11,Rogaland,59.39232,5.883333,2,Ryfylke,
31,2017,18639,Halsavika,rensefisk,,,1693,Bergnebb,4,deler av lokaliteten,1146,TYSVÆR,11,Rogaland,59.39232,5.883333,2,Ryfylke,
31,2017,18639,Halsavika,rensefisk,,,1692,Annen leppefisk,995,deler av lokaliteten,1146,TYSVÆR,11,Rogaland,59.39232,5.883333,2,Ryfylke,
31,2017,18639,Halsavika,rensefisk,,,1691,Berggylt,1829,deler av lokaliteten,1146,TYSVÆR,11,Rogaland,59.39232,5.883333,2,Ryfylke,
31,2017,36617,Harbakholmen,ikke-medikamentell,,,,,,deler av lokaliteten,1750,VIKNA,17,Nord-Trøndelag,64.953316,11.195717,7,Nord-Trøndelag med Bindal,
31,2017,11511,Hattasteinen,rensefisk,,,1694,Grøngylt,5751,hele lokaliteten,1219,BØMLO,12,Hordaland,59.626266,5.250717,3,Karmøy til Sotra,
31,2017,11511,Hattasteinen,rensefisk,,,1693,Bergnebb,8724,hele lokaliteten,1219,BØMLO,12,Hordaland,59.626266,5.250717,3,Karmøy til Sotra,
31,2017,30257,Hausan,medikamentell,fôrbehandling,Emamectin benzoat,,,,hele lokaliteten,1612,HEMNE,16,Sør-Trøndelag,63.45838,8.955683,6,Nordmøre og Sør-Trøndelag,
31,2017,30257,Hausan,medikamentell,fôrbehandling,Emamectin benzoat,,,,hele lokaliteten,1612,HEMNE,16,Sør-Trøndelag,63.45838,8.955683,6,Nordmøre og Sør-Trøndelag,
31,2017,30257,Hausan,rensefisk,,,1694,Grøngylt,3036,deler av lokaliteten,1612,HEMNE,16,Sør-Trøndelag,63.45838,8.955683,6,Nordmøre og Sør-Trøndelag,
31,2017,30257,Hausan,rensefisk,,,1693,Bergnebb,16629,deler av lokaliteten,1612,HEMNE,16,Sør-Trøndelag,63.45838,8.955683,6,Nordmøre og Sør-Trøndelag,
31,2017,30257,Hausan,rensefisk,,,1691,Berggylt,2933,deler av lokaliteten,1612,HEMNE,16,Sør-Trøndelag,63.45838,8.955683,6,Nordmøre og Sør-Trøndelag,
31,2017,11740,Haverøy,rensefisk,,,1694,Grøngylt,5667,deler av lokaliteten,1246,FJELL,12,Hordaland,60.404766,4.93995,3,Karmøy til Sotra,
31,2017,11740,Haverøy,rensefisk,,,1693,Bergnebb,9686,deler av lokaliteten,1246,FJELL,12,Hordaland,60.404766,4.93995,3,Karmøy til Sotra,
31,2017,11740,Haverøy,rensefisk,,,1691,Berggylt,262,deler av lokaliteten,1246,FJELL,12,Hordaland,60.404766,4.93995,3,Karmøy til Sotra,
31,2017,32737,Heldalen,medikamentell,fôrbehandling,Emamectin benzoat,,,,hele lokaliteten,1860,VESTVÅGØY,18,Nordland,68.10022,13.620333,9,Vestfjorden og Vesterålen,
31,2017,10194,Hellaren,ikke-medikamentell,,,,,,hele lokaliteten,1545,MIDSUND,15,Møre og Romsdal,62.735832,6.74745,5,Stadt til Hustadvika,
31,2017,13235,Hessvik,rensefisk,,,1694,Grøngylt,3859,deler av lokaliteten,1224,KVINNHERAD,12,Hordaland,60.127934,6.149933,3,Karmøy til Sotra,
31,2017,13235,Hessvik,rensefisk,,,1691,Berggylt,96,deler av lokaliteten,1224,KVINNHERAD,12,Hordaland,60.127934,6.149933,3,Karmøy til Sotra,
31,2017,14136,Hestholmen Ø,rensefisk,,,1694,Grøngylt,4499,deler av lokaliteten,1144,KVITSØY,11,Rogaland,59.061516,5.445683,2,Ryfylke,
31,2017,14136,Hestholmen Ø,rensefisk,,,1691,Berggylt,1269,deler av lokaliteten,1144,KVITSØY,11,Rogaland,59.061516,5.445683,2,Ryfylke,
31,2017,12036,Hisdalen,rensefisk,,,1694,Grøngylt,19981,hele lokaliteten,1224,KVINNHERAD,12,Hordaland,60.126118,5.9305,3,Karmøy til Sotra,
31,2017,33957,Hofsøya,ikke-medikamentell,,,,,,deler av lokaliteten,1620,FRØYA,16,Sør-Trøndelag,63.722168,8.913317,6,Nordmøre og Sør-Trøndelag,
31,2017,12871,Hogsnes,ikke-medikamentell,,,,,,deler av lokaliteten,1554,AVERØY,15,Møre og Romsdal,63.093033,7.675883,6,Nordmøre og Sør-Trøndelag,
31,2017,12871,Hogsnes,rensefisk,,,1694,Grøngylt,4487,deler av lokaliteten,1554,AVERØY,15,Møre og Romsdal,63.093033,7.675883,6,Nordmøre og Sør-Trøndelag,
31,2017,12871,Hogsnes,rensefisk,,,1693,Bergnebb,418,deler av lokaliteten,1554,AVERØY,15,Møre og Romsdal,63.093033,7.675883,6,Nordmøre og Sør-Trøndelag,
31,2017,12871,Hogsnes,rensefisk,,,1691,Berggylt,1033,deler av lokaliteten,1554,AVERØY,15,Møre og Romsdal,63.093033,7.675883,6,Nordmøre og Sør-Trøndelag,
31,2017,30377,Hogsneset N,ikke-medikamentell,,,,,,deler av lokaliteten,1554,AVERØY,15,Møre og Romsdal,63.099934,7.670267,6,Nordmøre og Sør-Trøndelag,
31,2017,30377,Hogsneset N,rensefisk,,,1694,Grøngylt,6240,hele lokaliteten,1554,AVERØY,15,Møre og Romsdal,63.099934,7.670267,6,Nordmøre og Sør-Trøndelag,
31,2017,30377,Hogsneset N,rensefisk,,,1691,Berggylt,3982,hele lokaliteten,1554,AVERØY,15,Møre og Romsdal,63.099934,7.670267,6,Nordmøre og Sør-Trøndelag,
31,2017,30377,Hogsneset N,rensefisk,,,1693,Bergnebb,2567,hele lokaliteten,1554,AVERØY,15,Møre og Romsdal,63.099934,7.670267,6,Nordmøre og Sør-Trøndelag,
31,2017,12035,Hondskår,rensefisk,,,1694,Grøngylt,25054,hele lokaliteten,1224,KVINNHERAD,12,Hordaland,60.10687,5.939133,3,Karmøy til Sotra,
31,2017,12890,Høybuvika,rensefisk,,,222120,Rognkjeks (hun),17802,hele lokaliteten,1557,GJEMNES,15,Møre og Romsdal,62.9563,8.049217,6,Nordmøre og Sør-Trøndelag,
31,2017,12890,Høybuvika,rensefisk,,,1691,Berggylt,4373,hele lokaliteten,1557,GJEMNES,15,Møre og Romsdal,62.9563,8.049217,6,Nordmøre og Sør-Trøndelag,
31,2017,19939,Høysteinen,ikke-medikamentell,,,,,,deler av lokaliteten,1224,KVINNHERAD,12,Hordaland,60.157417,6.050117,3,Karmøy til Sotra,
31,2017,27095,Ihlholmen,rensefisk,,,1692,Annen leppefisk,22000,hele lokaliteten,1160,VINDAFJORD,11,Rogaland,59.7215,5.586633,3,Karmøy til Sotra,
31,2017,12599,Indre Skjervøy,rensefisk,,,1694,Grøngylt,147,hele lokaliteten,1633,OSEN,16,Sør-Trøndelag,64.2858,10.30905,6,Nordmøre og Sør-Trøndelag,
31,2017,12599,Indre Skjervøy,rensefisk,,,1693,Bergnebb,61002,hele lokaliteten,1633,OSEN,16,Sør-Trøndelag,64.2858,10.30905,6,Nordmøre og Sør-Trøndelag,
31,2017,12599,Indre Skjervøy,rensefisk,,,1691,Berggylt,181,hele lokaliteten,1633,OSEN,16,Sør-Trøndelag,64.2858,10.30905,6,Nordmøre og Sør-Trøndelag,
31,2017,12224,Isane,rensefisk,,,1694,Grøngylt,1147,deler av lokaliteten,1438,BREMANGER,14,Sogn og Fjordane,61.876534,5.722767,4,Nordhordaland til Stadt,
31,2017,12224,Isane,rensefisk,,,1691,Berggylt,492,deler av lokaliteten,1438,BREMANGER,14,Sogn og Fjordane,61.876534,5.722767,4,Nordhordaland til Stadt,
31,2017,10885,Jektvika II,medikamentell,fôrbehandling,Emamectin benzoat,,,,hele lokaliteten,1812,SØMNA,18,Nordland,65.31274,12.4022,7,Nord-Trøndelag med Bindal,
31,2017,30036,Jørstadskjera,ikke-medikamentell,,,,,,deler av lokaliteten,1141,FINNØY,11,Rogaland,59.296318,5.936933,2,Ryfylke,
31,2017,30036,Jørstadskjera,rensefisk,,,1694,Grøngylt,12205,deler av lokaliteten,1141,FINNØY,11,Rogaland,59.296318,5.936933,2,Ryfylke,
31,2017,30036,Jørstadskjera,rensefisk,,,1691,Berggylt,1652,deler av lokaliteten,1141,FINNØY,11,Rogaland,59.296318,5.936933,2,Ryfylke,
31,2017,12260,Juvika,rensefisk,,,1693,Bergnebb,3500,hele lokaliteten,1545,MIDSUND,15,Møre og Romsdal,62.66477,6.696767,5,Stadt til Hustadvika,
31,2017,12260,Juvika,rensefisk,,,1694,Grøngylt,5310,hele lokaliteten,1545,MIDSUND,15,Møre og Romsdal,62.66477,6.696767,5,Stadt til Hustadvika,
31,2017,29656,Juvika,rensefisk,,,1691,Berggylt,658,deler av lokaliteten,1412,SOLUND,14,Sogn og Fjordane,61.104767,5.018483,4,Nordhordaland til Stadt,
31,2017,29656,Juvika,rensefisk,,,1694,Grøngylt,11970,deler av lokaliteten,1412,SOLUND,14,Sogn og Fjordane,61.104767,5.018483,4,Nordhordaland til Stadt,
31,2017,13242,Juvika B,ikke-medikamentell,,,,,,deler av lokaliteten,1438,BREMANGER,14,Sogn og Fjordane,61.895683,5.6331,4,Nordhordaland til Stadt,
31,2017,22915,Kalsøyflu,rensefisk,,,1691,Berggylt,786,hele lokaliteten,1244,AUSTEVOLL,12,Hordaland,60.03818,5.114417,3,Karmøy til Sotra,
31,2017,22915,Kalsøyflu,rensefisk,,,1694,Grøngylt,7307,hele lokaliteten,1244,AUSTEVOLL,12,Hordaland,60.03818,5.114417,3,Karmøy til Sotra,
31,2017,12872,Kattholmen,rensefisk,,,1694,Grøngylt,3117,deler av lokaliteten,1505,KRISTIANSUND,15,Møre og Romsdal,63.055332,7.695317,6,Nordmøre og Sør-Trøndelag,
31,2017,12872,Kattholmen,rensefisk,,,1691,Berggylt,395,deler av lokaliteten,1505,KRISTIANSUND,15,Møre og Romsdal,63.055332,7.695317,6,Nordmøre og Sør-Trøndelag,
31,2017,14042,Kattholmen,rensefisk,,,1693,Bergnebb,1995,deler av lokaliteten,1620,FRØYA,16,Sør-Trøndelag,63.870968,8.679017,6,Nordmøre og Sør-Trøndelag,
31,2017,14042,Kattholmen,rensefisk,,,1691,Berggylt,413,deler av lokaliteten,1620,FRØYA,16,Sør-Trøndelag,63.870968,8.679017,6,Nordmøre og Sør-Trøndelag,
31,2017,30437,Kattholmen II,rensefisk,,,1693,Bergnebb,1345,deler av lokaliteten,1620,FRØYA,16,Sør-Trøndelag,63.864784,8.676583,6,Nordmøre og Sør-Trøndelag,
31,2017,13573,Kistvika,rensefisk,,,1694,Grøngylt,4900,deler av lokaliteten,1612,HEMNE,16,Sør-Trøndelag,63.38117,9.164317,6,Nordmøre og Sør-Trøndelag,
31,2017,13573,Kistvika,rensefisk,,,1691,Berggylt,1526,deler av lokaliteten,1612,HEMNE,16,Sør-Trøndelag,63.38117,9.164317,6,Nordmøre og Sør-Trøndelag,
31,2017,11913,Kjeahola,rensefisk,,,1694,Grøngylt,12788,deler av lokaliteten,1141,FINNØY,11,Rogaland,59.2933,6.0729,2,Ryfylke,
31,2017,11913,Kjeahola,rensefisk,,,1691,Berggylt,4158,deler av lokaliteten,1141,FINNØY,11,Rogaland,59.2933,6.0729,2,Ryfylke,
31,2017,26135,Kjørsvikgrunn,rensefisk,,,1691,Berggylt,2000,hele lokaliteten,1612,HEMNE,16,Sør-Trøndelag,63.457565,9.076,6,Nordmøre og Sør-Trøndelag,
31,2017,26135,Kjørsvikgrunn,rensefisk,,,1693,Bergnebb,38050,hele lokaliteten,1612,HEMNE,16,Sør-Trøndelag,63.457565,9.076,6,Nordmøre og Sør-Trøndelag,
31,2017,12980,Klubben,ikke-medikamentell,,,,,,deler av lokaliteten,1412,SOLUND,14,Sogn og Fjordane,61.175716,5.0051,4,Nordhordaland til Stadt,
31,2017,11534,Klungsholmen,rensefisk,,,1694,Grøngylt,3339,deler av lokaliteten,1219,BØMLO,12,Hordaland,59.596783,5.161567,3,Karmøy til Sotra,
31,2017,11534,Klungsholmen,rensefisk,,,1691,Berggylt,1022,deler av lokaliteten,1219,BØMLO,12,Hordaland,59.596783,5.161567,3,Karmøy til Sotra,
31,2017,13764,Kokvika,ikke-medikamentell,,,,,,deler av lokaliteten,1834,LURØY,18,Nordland,66.41282,12.956867,8,Helgeland til Bodø,
31,2017,11809,Krabbestig,rensefisk,,,1694,Grøngylt,20822,hele lokaliteten,1439,VÅGSØY,14,Sogn og Fjordane,61.894566,5.0616,4,Nordhordaland til Stadt,
31,2017,11809,Krabbestig,rensefisk,,,1693,Bergnebb,49906,hele lokaliteten,1439,VÅGSØY,14,Sogn og Fjordane,61.894566,5.0616,4,Nordhordaland til Stadt,
31,2017,33177,Krabbholmen II,ikke-medikamentell,,,,,,deler av lokaliteten,1630,ÅFJORD,16,Sør-Trøndelag,63.94,9.886633,6,Nordmøre og Sør-Trøndelag,
31,2017,11719,Kråkenes,rensefisk,,,1691,Berggylt,499,deler av lokaliteten,1412,SOLUND,14,Sogn og Fjordane,61.05835,4.921317,4,Nordhordaland til Stadt,
31,2017,11719,Kråkenes,rensefisk,,,1694,Grøngylt,2130,deler av lokaliteten,1412,SOLUND,14,Sogn og Fjordane,61.05835,4.921317,4,Nordhordaland til Stadt,
31,2017,21676,Kråkholmen,ikke-medikamentell,,,,,,deler av lokaliteten,1749,FLATANGER,17,Nord-Trøndelag,64.60212,10.85345,7,Nord-Trøndelag med Bindal,
31,2017,12239,Kråknes,ikke-medikamentell,,,,,,deler av lokaliteten,1547,AUKRA,15,Møre og Romsdal,62.83145,6.962733,5,Stadt til Hustadvika,
31,2017,11633,Krossholmen,rensefisk,,,1694,Grøngylt,3251,deler av lokaliteten,1219,BØMLO,12,Hordaland,59.7879,5.100533,3,Karmøy til Sotra,
31,2017,11633,Krossholmen,rensefisk,,,1691,Berggylt,822,deler av lokaliteten,1219,BØMLO,12,Hordaland,59.7879,5.100533,3,Karmøy til Sotra,
31,2017,20595,Kyrholmen S,rensefisk,,,1694,Grøngylt,22228,deler av lokaliteten,1244,AUSTEVOLL,12,Hordaland,60.161583,5.207633,3,Karmøy til Sotra,
31,2017,20595,Kyrholmen S,rensefisk,,,1693,Bergnebb,4072,deler av lokaliteten,1244,AUSTEVOLL,12,Hordaland,60.161583,5.207633,3,Karmøy til Sotra,
31,2017,20595,Kyrholmen S,rensefisk,,,1691,Berggylt,2143,deler av lokaliteten,1244,AUSTEVOLL,12,Hordaland,60.161583,5.207633,3,Karmøy til Sotra,
31,2017,20595,Kyrholmen S,rensefisk,,,1692,Annen leppefisk,6558,deler av lokaliteten,1244,AUSTEVOLL,12,Hordaland,60.161583,5.207633,3,Karmøy til Sotra,
31,2017,10898,Lamholmen,ikke-medikamentell,,,,,,deler av lokaliteten,1813,BRØNNØY,18,Nordland,65.47093,12.1338,8,Helgeland til Bodø,
31,2017,34457,Langås,rensefisk,,,222120,Rognkjeks (hun),19812,deler av lokaliteten,1936,KARLSØY,19,Troms,70.01058,19.666616,11,Kvaløya til Loppa,
31,2017,20559,Langskjæra,rensefisk,,,1691,Berggylt,5843,hele lokaliteten,1620,FRØYA,16,Sør-Trøndelag,63.8225,8.75505,6,Nordmøre og Sør-Trøndelag,
31,2017,20559,Langskjæra,rensefisk,,,1693,Bergnebb,16516,hele lokaliteten,1620,FRØYA,16,Sør-Trøndelag,63.8225,8.75505,6,Nordmøre og Sør-Trøndelag,
31,2017,33557,Langskjæra II,medikamentell,fôrbehandling,Emamectin benzoat,,,,hele lokaliteten,1620,FRØYA,16,Sør-Trøndelag,63.82245,8.74075,6,Nordmøre og Sør-Trøndelag,
31,2017,33557,Langskjæra II,rensefisk,,,1691,Berggylt,210,hele lokaliteten,1620,FRØYA,16,Sør-Trøndelag,63.82245,8.74075,6,Nordmøre og Sør-Trøndelag,
31,2017,33557,Langskjæra II,rensefisk,,,1693,Bergnebb,62433,hele lokaliteten,1620,FRØYA,16,Sør-Trøndelag,63.82245,8.74075,6,Nordmøre og Sør-Trøndelag,
31,2017,11438,Lauplandsholmen,rensefisk,,,1693,Bergnebb,11086,deler av lokaliteten,1145,BOKN,11,Rogaland,59.179733,5.472633,2,Ryfylke,
31,2017,19355,Låva,rensefisk,,,1694,Grøngylt,4141,deler av lokaliteten,1141,FINNØY,11,Rogaland,59.29677,5.9888,2,Ryfylke,
31,2017,19355,Låva,rensefisk,,,1691,Berggylt,679,deler av lokaliteten,1141,FINNØY,11,Rogaland,59.29677,5.9888,2,Ryfylke,
31,2017,10990,Lille Åsvær,medikamentell,badebehandling,Annet virkestoff,,,,hele lokaliteten,1827,DØNNA,18,Nordland,66.22988,12.317533,8,Helgeland til Bodø,
31,2017,28396,Lindarholmen,rensefisk,,,1692,Annen leppefisk,15000,hele lokaliteten,1223,TYSNES,12,Hordaland,60.084034,5.638667,3,Karmøy til Sotra,
31,2017,13876,Litletveitholane,rensefisk,,,1694,Grøngylt,3800,deler av lokaliteten,1253,OSTERØY,12,Hordaland,60.479782,5.443633,4,Nordhordaland til Stadt,
31,2017,13876,Litletveitholane,rensefisk,,,1693,Bergnebb,3000,deler av lokaliteten,1253,OSTERØY,12,Hordaland,60.479782,5.443633,4,Nordhordaland til Stadt,
31,2017,28996,Loddetå,rensefisk,,,169520,Rødnebb,400,hele lokaliteten,1216,SVEIO,12,Hordaland,59.691643,5.54298,3,Karmøy til Sotra,
31,2017,28996,Loddetå,rensefisk,,,169510,Blåstål,160,hele lokaliteten,1216,SVEIO,12,Hordaland,59.691643,5.54298,3,Karmøy til Sotra,
31,2017,28996,Loddetå,rensefisk,,,1694,Grøngylt,7690,hele lokaliteten,1216,SVEIO,12,Hordaland,59.691643,5.54298,3,Karmøy til Sotra,
31,2017,28996,Loddetå,rensefisk,,,1693,Bergnebb,3594,hele lokaliteten,1216,SVEIO,12,Hordaland,59.691643,5.54298,3,Karmøy til Sotra,
31,2017,28996,Loddetå,rensefisk,,,1691,Berggylt,50,hele lokaliteten,1216,SVEIO,12,Hordaland,59.691643,5.54298,3,Karmøy til Sotra,
31,2017,10292,Lyklingholmen N,rensefisk,,,1692,Annen leppefisk,7110,deler av lokaliteten,1219,BØMLO,12,Hordaland,59.714535,5.15405,3,Karmøy til Sotra,
31,2017,10292,Lyklingholmen N,rensefisk,,,1691,Berggylt,1707,deler av lokaliteten,1219,BØMLO,12,Hordaland,59.714535,5.15405,3,Karmøy til Sotra,
31,2017,10292,Lyklingholmen N,rensefisk,,,1694,Grøngylt,8476,deler av lokaliteten,1219,BØMLO,12,Hordaland,59.714535,5.15405,3,Karmøy til Sotra,
31,2017,33337,Lyngnes,rensefisk,,,1694,Grøngylt,13678,deler av lokaliteten,1241,FUSA,12,Hordaland,60.1197,5.720917,3,Karmøy til Sotra,
31,2017,12633,Lyrnesset,rensefisk,,,1691,Berggylt,2826,deler av lokaliteten,1749,FLATANGER,17,Nord-Trøndelag,64.5256,10.748133,7,Nord-Trøndelag med Bindal,
31,2017,12633,Lyrnesset,rensefisk,,,1694,Grøngylt,4086,deler av lokaliteten,1749,FLATANGER,17,Nord-Trøndelag,64.5256,10.748133,7,Nord-Trøndelag med Bindal,
31,2017,12127,Mælen,rensefisk,,,1692,Annen leppefisk,12000,deler av lokaliteten,1224,KVINNHERAD,12,Hordaland,59.69998,5.722917,3,Karmøy til Sotra,
31,2017,12370,Måøydraga,rensefisk,,,1693,Bergnebb,9240,hele lokaliteten,1620,FRØYA,16,Sør-Trøndelag,63.676964,8.75625,6,Nordmøre og Sør-Trøndelag,
31,2017,12370,Måøydraga,rensefisk,,,1691,Berggylt,924,hele lokaliteten,1620,FRØYA,16,Sør-Trøndelag,63.676964,8.75625,6,Nordmøre og Sør-Trøndelag,
31,2017,12134,Maradalen,rensefisk,,,1692,Annen leppefisk,20000,deler av lokaliteten,1224,KVINNHERAD,12,Hordaland,59.76077,5.686767,3,Karmøy til Sotra,
31,2017,32977,Måren,ikke-medikamentell,,,,,,deler av lokaliteten,1416,HØYANGER,14,Sogn og Fjordane,61.152668,6.1167,4,Nordhordaland til Stadt,
31,2017,13550,Marøy Nø,ikke-medikamentell,,,,,,deler av lokaliteten,1438,BREMANGER,14,Sogn og Fjordane,61.847935,5.295383,4,Nordhordaland til Stadt,
31,2017,11772,Moldøyosen,rensefisk,,,1694,Grøngylt,103,deler av lokaliteten,1265,FEDJE,12,Hordaland,60.789635,4.70075,4,Nordhordaland til Stadt,
31,2017,11772,Moldøyosen,rensefisk,,,1691,Berggylt,117,deler av lokaliteten,1265,FEDJE,12,Hordaland,60.789635,4.70075,4,Nordhordaland til Stadt,
31,2017,10858,Mulingen,ikke-medikamentell,,,,,,deler av lokaliteten,1811,BINDAL,18,Nordland,65.10865,12.442233,7,Nord-Trøndelag med Bindal,
31,2017,29957,Nakkestad,rensefisk,,,1694,Grøngylt,2500,hele lokaliteten,1032,LYNGDAL,10,Vest-Agder,58.055832,7.06875,1,Svenskegrensen til Jæren,
31,2017,29957,Nakkestad,rensefisk,,,1693,Bergnebb,11000,hele lokaliteten,1032,LYNGDAL,10,Vest-Agder,58.055832,7.06875,1,Svenskegrensen til Jæren,
31,2017,10213,Naustneset,rensefisk,,,222120,Rognkjeks (hun),2642,hele lokaliteten,1557,GJEMNES,15,Møre og Romsdal,62.9424,8.0756,6,Nordmøre og Sør-Trøndelag,
31,2017,10213,Naustneset,rensefisk,,,1691,Berggylt,99,hele lokaliteten,1557,GJEMNES,15,Møre og Romsdal,62.9424,8.0756,6,Nordmøre og Sør-Trøndelag,
31,2017,10213,Naustneset,rensefisk,,,1694,Grøngylt,15111,hele lokaliteten,1557,GJEMNES,15,Møre og Romsdal,62.9424,8.0756,6,Nordmøre og Sør-Trøndelag,
31,2017,11611,Naveide,rensefisk,,,1692,Annen leppefisk,2613,deler av lokaliteten,1244,AUSTEVOLL,12,Hordaland,60.13907,5.112783,3,Karmøy til Sotra,
31,2017,11611,Naveide,rensefisk,,,1694,Grøngylt,13744,deler av lokaliteten,1244,AUSTEVOLL,12,Hordaland,60.13907,5.112783,3,Karmøy til Sotra,
31,2017,11611,Naveide,rensefisk,,,1691,Berggylt,2701,deler av lokaliteten,1244,AUSTEVOLL,12,Hordaland,60.13907,5.112783,3,Karmøy til Sotra,
31,2017,11041,Nord Gåsvær,ikke-medikamentell,,,,,,hele lokaliteten,1818,HERØY I NORDLAND,18,Nordland,66.07035,12.065617,8,Helgeland til Bodø,
31,2017,30559,Øksneset,rensefisk,,,1692,Annen leppefisk,40000,hele lokaliteten,1264,AUSTRHEIM,12,Hordaland,60.81255,4.862317,4,Nordhordaland til Stadt,
31,2017,30559,Øksneset,rensefisk,,,1691,Berggylt,20000,hele lokaliteten,1264,AUSTRHEIM,12,Hordaland,60.81255,4.862317,4,Nordhordaland til Stadt,
31,2017,14019,Øksningen,ikke-medikamentell,,,,,,deler av lokaliteten,1811,BINDAL,18,Nordland,65.13924,12.31975,7,Nord-Trøndelag med Bindal,
31,2017,10136,Onarøy,rensefisk,,,1692,Annen leppefisk,10000,deler av lokaliteten,1223,TYSNES,12,Hordaland,59.95335,5.669683,3,Karmøy til Sotra,
31,2017,12394,Ørnøya,rensefisk,,,1693,Bergnebb,2738,deler av lokaliteten,1620,FRØYA,16,Sør-Trøndelag,63.761868,8.445183,6,Nordmøre og Sør-Trøndelag,
31,2017,24696,Ørnøya II,rensefisk,,,1693,Bergnebb,2712,deler av lokaliteten,1620,FRØYA,16,Sør-Trøndelag,63.758484,8.450367,6,Nordmøre og Sør-Trøndelag,
31,2017,13888,Osholmen,ikke-medikamentell,,,,,,hele lokaliteten,1617,HITRA,16,Sør-Trøndelag,63.661983,9.135583,6,Nordmøre og Sør-Trøndelag,
31,2017,11205,Oterholmen I,medikamentell,fôrbehandling,Annet virkestoff,,,,deler av lokaliteten,1860,VESTVÅGØY,18,Nordland,68.092636,13.634483,9,Vestfjorden og Vesterålen,
31,2017,11205,Oterholmen I,medikamentell,fôrbehandling,Emamectin benzoat,,,,deler av lokaliteten,1860,VESTVÅGØY,18,Nordland,68.092636,13.634483,9,Vestfjorden og Vesterålen,
31,2017,11854,Pinnen,rensefisk,,,169520,Rødnebb,250,hele lokaliteten,1004,FLEKKEFJORD,10,Vest-Agder,58.225533,6.682717,1,Svenskegrensen til Jæren,
31,2017,11854,Pinnen,rensefisk,,,1694,Grøngylt,2919,hele lokaliteten,1004,FLEKKEFJORD,10,Vest-Agder,58.225533,6.682717,1,Svenskegrensen til Jæren,
31,2017,11854,Pinnen,rensefisk,,,1691,Berggylt,2841,hele lokaliteten,1004,FLEKKEFJORD,10,Vest-Agder,58.225533,6.682717,1,Svenskegrensen til Jæren,
31,2017,10996,Ramnøya S,medikamentell,badebehandling,Annet virkestoff,,,,hele lokaliteten,1827,DØNNA,18,Nordland,66.23212,12.280317,8,Helgeland til Bodø,
31,2017,11651,Ramsøy S,rensefisk,,,1694,Grøngylt,1755,deler av lokaliteten,1247,ASKØY,12,Hordaland,60.434082,5.062733,3,Karmøy til Sotra,
31,2017,11651,Ramsøy S,rensefisk,,,1693,Bergnebb,8190,deler av lokaliteten,1247,ASKØY,12,Hordaland,60.434082,5.062733,3,Karmøy til Sotra,
31,2017,11651,Ramsøy S,rensefisk,,,1692,Annen leppefisk,1755,deler av lokaliteten,1247,ASKØY,12,Hordaland,60.434082,5.062733,3,Karmøy til Sotra,
31,2017,28636,Rataren,rensefisk,,,1694,Grøngylt,1263,deler av lokaliteten,1620,FRØYA,16,Sør-Trøndelag,63.780884,8.517383,6,Nordmøre og Sør-Trøndelag,
31,2017,28636,Rataren,rensefisk,,,1693,Bergnebb,5014,deler av lokaliteten,1620,FRØYA,16,Sør-Trøndelag,63.780884,8.517383,6,Nordmøre og Sør-Trøndelag,
31,2017,13867,Raunevågen,rensefisk,,,1694,Grøngylt,9133,deler av lokaliteten,1216,SVEIO,12,Hordaland,59.65798,5.533667,3,Karmøy til Sotra,
31,2017,13867,Raunevågen,rensefisk,,,1691,Berggylt,1711,deler av lokaliteten,1216,SVEIO,12,Hordaland,59.65798,5.533667,3,Karmøy til Sotra,
31,2017,13867,Raunevågen,rensefisk,,,1692,Annen leppefisk,2485,deler av lokaliteten,1216,SVEIO,12,Hordaland,59.65798,5.533667,3,Karmøy til Sotra,
31,2017,29116,Reiråklakken,ikke-medikamentell,,,,,,deler av lokaliteten,1573,SMØLA,15,Møre og Romsdal,63.450333,8.167717,6,Nordmøre og Sør-Trøndelag,
31,2017,11072,Rendalsvik,ikke-medikamentell,,,,,,deler av lokaliteten,1837,MELØY,18,Nordland,66.69935,13.624117,8,Helgeland til Bodø,
31,2017,17357,Rennaren,rensefisk,,,1693,Bergnebb,5495,hele lokaliteten,1142,RENNESØY,11,Rogaland,59.131584,5.72165,2,Ryfylke,
31,2017,30657,Revøy,rensefisk,,,1693,Bergnebb,16000,hele lokaliteten,1032,LYNGDAL,10,Vest-Agder,58.0243,7.0268,1,Svenskegrensen til Jæren,
31,2017,11964,Ringja,rensefisk,,,1694,Grøngylt,3206,deler av lokaliteten,1146,TYSVÆR,11,Rogaland,59.405468,5.8631,2,Ryfylke,
31,2017,11964,Ringja,rensefisk,,,1693,Bergnebb,16,deler av lokaliteten,1146,TYSVÆR,11,Rogaland,59.405468,5.8631,2,Ryfylke,
31,2017,11964,Ringja,rensefisk,,,1692,Annen leppefisk,114,deler av lokaliteten,1146,TYSVÆR,11,Rogaland,59.405468,5.8631,2,Ryfylke,
31,2017,11964,Ringja,rensefisk,,,1691,Berggylt,729,deler av lokaliteten,1146,TYSVÆR,11,Rogaland,59.405468,5.8631,2,Ryfylke,
31,2017,29276,Rongøy,rensefisk,,,222120,Rognkjeks (hun),42718,deler av lokaliteten,1259,ØYGARDEN,12,Hordaland,60.509335,4.9317,4,Nordhordaland til Stadt,
31,2017,29276,Rongøy,rensefisk,,,1692,Annen leppefisk,1393,deler av lokaliteten,1259,ØYGARDEN,12,Hordaland,60.509335,4.9317,4,Nordhordaland til Stadt,
31,2017,29276,Rongøy,rensefisk,,,1691,Berggylt,1513,deler av lokaliteten,1259,ØYGARDEN,12,Hordaland,60.509335,4.9317,4,Nordhordaland til Stadt,
31,2017,29276,Rongøy,rensefisk,,,1694,Grøngylt,15861,deler av lokaliteten,1259,ØYGARDEN,12,Hordaland,60.509335,4.9317,4,Nordhordaland til Stadt,
31,2017,29276,Rongøy,rensefisk,,,1693,Bergnebb,32980,deler av lokaliteten,1259,ØYGARDEN,12,Hordaland,60.509335,4.9317,4,Nordhordaland til Stadt,
31,2017,12209,Rønstad,ikke-medikamentell,,,,,,hele lokaliteten,1519,VOLDA,15,Møre og Romsdal,62.135117,6.021433,5,Stadt til Hustadvika,
31,2017,13887,Røytholmen Ø,rensefisk,,,1694,Grøngylt,17777,deler av lokaliteten,1617,HITRA,16,Sør-Trøndelag,63.6177,9.130033,6,Nordmøre og Sør-Trøndelag,
31,2017,13612,Rundreimstranda,rensefisk,,,1694,Grøngylt,4310,deler av lokaliteten,1441,SELJE,14,Sogn og Fjordane,62.009968,5.331917,4,Nordhordaland til Stadt,
31,2017,13612,Rundreimstranda,rensefisk,,,1691,Berggylt,2732,deler av lokaliteten,1441,SELJE,14,Sogn og Fjordane,62.009968,5.331917,4,Nordhordaland til Stadt,
31,2017,13249,Sagelva,rensefisk,,,1694,Grøngylt,3558,deler av lokaliteten,1520,ØRSTA,15,Møre og Romsdal,62.33795,6.38165,5,Stadt til Hustadvika,
31,2017,13249,Sagelva,rensefisk,,,1693,Bergnebb,291,deler av lokaliteten,1520,ØRSTA,15,Møre og Romsdal,62.33795,6.38165,5,Stadt til Hustadvika,
31,2017,13249,Sagelva,rensefisk,,,1691,Berggylt,153,deler av lokaliteten,1520,ØRSTA,15,Møre og Romsdal,62.33795,6.38165,5,Stadt til Hustadvika,
31,2017,31677,Sandholmane,ikke-medikamentell,,,,,,hele lokaliteten,1546,SANDØY,15,Møre og Romsdal,62.796284,6.669933,5,Stadt til Hustadvika,
31,2017,11888,Sandvik,rensefisk,,,1694,Grøngylt,3689,deler av lokaliteten,1134,SULDAL,11,Rogaland,59.31445,6.170917,2,Ryfylke,
31,2017,11888,Sandvik,rensefisk,,,1691,Berggylt,241,deler av lokaliteten,1134,SULDAL,11,Rogaland,59.31445,6.170917,2,Ryfylke,
31,2017,13243,Sandvika,rensefisk,,,1694,Grøngylt,2493,deler av lokaliteten,1519,VOLDA,15,Møre og Romsdal,62.195667,5.904417,5,Stadt til Hustadvika,
31,2017,13243,Sandvika,rensefisk,,,1693,Bergnebb,1760,deler av lokaliteten,1519,VOLDA,15,Møre og Romsdal,62.195667,5.904417,5,Stadt til Hustadvika,
31,2017,11758,Sauøy Ø,rensefisk,,,1693,Bergnebb,4549,deler av lokaliteten,1259,ØYGARDEN,12,Hordaland,60.592335,4.857833,4,Nordhordaland til Stadt,
31,2017,11758,Sauøy Ø,rensefisk,,,1694,Grøngylt,1033,deler av lokaliteten,1259,ØYGARDEN,12,Hordaland,60.592335,4.857833,4,Nordhordaland til Stadt,
31,2017,11758,Sauøy Ø,rensefisk,,,1691,Berggylt,267,deler av lokaliteten,1259,ØYGARDEN,12,Hordaland,60.592335,4.857833,4,Nordhordaland til Stadt,
31,2017,19855,Segelråa,ikke-medikamentell,,,,,,deler av lokaliteten,1576,AURE,15,Møre og Romsdal,63.149746,8.12855,6,Nordmøre og Sør-Trøndelag,
31,2017,19855,Segelråa,rensefisk,,,1694,Grøngylt,5798,deler av lokaliteten,1576,AURE,15,Møre og Romsdal,63.149746,8.12855,6,Nordmøre og Sør-Trøndelag,
31,2017,19855,Segelråa,rensefisk,,,1691,Berggylt,818,deler av lokaliteten,1576,AURE,15,Møre og Romsdal,63.149746,8.12855,6,Nordmøre og Sør-Trøndelag,
31,2017,19855,Segelråa,rensefisk,,,222120,Rognkjeks (hun),22902,deler av lokaliteten,1576,AURE,15,Møre og Romsdal,63.149746,8.12855,6,Nordmøre og Sør-Trøndelag,
31,2017,17015,Seglberget,rensefisk,,,1692,Annen leppefisk,12000,hele lokaliteten,1224,KVINNHERAD,12,Hordaland,59.730434,5.788733,3,Karmøy til Sotra,
31,2017,10398,Seiskjæra,ikke-medikamentell,,,,,,hele lokaliteten,1630,ÅFJORD,16,Sør-Trøndelag,64.09225,10.115983,6,Nordmøre og Sør-Trøndelag,
31,2017,12844,Seterneset,rensefisk,,,1691,Berggylt,1,hele lokaliteten,1502,MOLDE,15,Møre og Romsdal,62.67393,7.31415,5,Stadt til Hustadvika,
31,2017,12844,Seterneset,rensefisk,,,1694,Grøngylt,3824,hele lokaliteten,1502,MOLDE,15,Møre og Romsdal,62.67393,7.31415,5,Stadt til Hustadvika,
31,2017,12844,Seterneset,rensefisk,,,1693,Bergnebb,3943,hele lokaliteten,1502,MOLDE,15,Møre og Romsdal,62.67393,7.31415,5,Stadt til Hustadvika,
31,2017,12244,Setevika,ikke-medikamentell,,,,,,deler av lokaliteten,1545,MIDSUND,15,Møre og Romsdal,62.728065,6.939283,5,Stadt til Hustadvika,
31,2017,11357,Skarvberget,medikamentell,fôrbehandling,Emamectin benzoat,,,,deler av lokaliteten,1927,TRANØY,19,Troms,69.14665,17.010267,10,Andøya til Senja,
31,2017,11357,Skarvberget,rensefisk,,,222120,Rognkjeks (hun),12692,hele lokaliteten,1927,TRANØY,19,Troms,69.14665,17.010267,10,Andøya til Senja,
31,2017,34117,Skåtholmen,ikke-medikamentell,,,,,,hele lokaliteten,1241,FUSA,12,Hordaland,60.17177,5.563633,3,Karmøy til Sotra,
31,2017,12048,Skiftesneset N,rensefisk,,,2221,Rognkjeks (felles),23,deler av lokaliteten,1241,FUSA,12,Hordaland,60.0711,5.736867,3,Karmøy til Sotra,
31,2017,12048,Skiftesneset N,rensefisk,,,1694,Grøngylt,12844,deler av lokaliteten,1241,FUSA,12,Hordaland,60.0711,5.736867,3,Karmøy til Sotra,
31,2017,20115,Skjerholmen N,rensefisk,,,1692,Annen leppefisk,275,deler av lokaliteten,1245,SUND,12,Hordaland,60.2496,5.174017,3,Karmøy til Sotra,
31,2017,20115,Skjerholmen N,rensefisk,,,1693,Bergnebb,2782,deler av lokaliteten,1245,SUND,12,Hordaland,60.2496,5.174017,3,Karmøy til Sotra,
31,2017,20115,Skjerholmen N,rensefisk,,,1691,Berggylt,608,deler av lokaliteten,1245,SUND,12,Hordaland,60.2496,5.174017,3,Karmøy til Sotra,
31,2017,20115,Skjerholmen N,rensefisk,,,1694,Grøngylt,506,deler av lokaliteten,1245,SUND,12,Hordaland,60.2496,5.174017,3,Karmøy til Sotra,
31,2017,11640,Skorpeosen,rensefisk,,,1694,Grøngylt,6677,deler av lokaliteten,1246,FJELL,12,Hordaland,60.332535,4.942783,3,Karmøy til Sotra,
31,2017,11640,Skorpeosen,rensefisk,,,1693,Bergnebb,255,deler av lokaliteten,1246,FJELL,12,Hordaland,60.332535,4.942783,3,Karmøy til Sotra,
31,2017,11640,Skorpeosen,rensefisk,,,1692,Annen leppefisk,860,deler av lokaliteten,1246,FJELL,12,Hordaland,60.332535,4.942783,3,Karmøy til Sotra,
31,2017,11640,Skorpeosen,rensefisk,,,1691,Berggylt,118,deler av lokaliteten,1246,FJELL,12,Hordaland,60.332535,4.942783,3,Karmøy til Sotra,
31,2017,32877,Skorpo,rensefisk,,,1694,Grøngylt,10174,deler av lokaliteten,1243,OS I HORDALAND,12,Hordaland,60.173317,5.293683,3,Karmøy til Sotra,
31,2017,32877,Skorpo,rensefisk,,,1691,Berggylt,253,deler av lokaliteten,1243,OS I HORDALAND,12,Hordaland,60.173317,5.293683,3,Karmøy til Sotra,
31,2017,25896,Skorpo,rensefisk,,,1692,Annen leppefisk,32329,deler av lokaliteten,1223,TYSNES,12,Hordaland,59.875767,5.638817,3,Karmøy til Sotra,
31,2017,30997,Skrubbholmen,rensefisk,,,1693,Bergnebb,23377,deler av lokaliteten,1751,NÆRØY,17,Nord-Trøndelag,64.801735,11.162183,7,Nord-Trøndelag med Bindal,
31,2017,26155,Slåttholmen,medikamentell,fôrbehandling,Emamectin benzoat,,,,hele lokaliteten,1612,HEMNE,16,Sør-Trøndelag,63.44779,8.958173,6,Nordmøre og Sør-Trøndelag,
31,2017,20815,Slettvika,ikke-medikamentell,,,,,,hele lokaliteten,1520,ØRSTA,15,Møre og Romsdal,62.334,6.157667,5,Stadt til Hustadvika,
31,2017,20815,Slettvika,rensefisk,,,1694,Grøngylt,7316,hele lokaliteten,1520,ØRSTA,15,Møre og Romsdal,62.334,6.157667,5,Stadt til Hustadvika,
31,2017,20815,Slettvika,rensefisk,,,1691,Berggylt,2627,hele lokaliteten,1520,ØRSTA,15,Møre og Romsdal,62.334,6.157667,5,Stadt til Hustadvika,
31,2017,27436,Solværet,ikke-medikamentell,,,,,,deler av lokaliteten,1573,SMØLA,15,Møre og Romsdal,63.255,7.856933,6,Nordmøre og Sør-Trøndelag,
31,2017,13032,Sølvøyane,ikke-medikamentell,,,,,,deler av lokaliteten,1219,BØMLO,12,Hordaland,59.609516,5.133367,3,Karmøy til Sotra,
31,2017,15375,Sørøyflesa,rensefisk,,,1691,Berggylt,459,deler av lokaliteten,1620,FRØYA,16,Sør-Trøndelag,63.98405,9.057067,6,Nordmøre og Sør-Trøndelag,
31,2017,15375,Sørøyflesa,rensefisk,,,1693,Bergnebb,3449,deler av lokaliteten,1620,FRØYA,16,Sør-Trøndelag,63.98405,9.057067,6,Nordmøre og Sør-Trøndelag,
31,2017,36017,Sørværet,rensefisk,,,2221,Rognkjeks (felles),23229,deler av lokaliteten,1818,HERØY I NORDLAND,18,Nordland,65.88035,11.93045,8,Helgeland til Bodø,
31,2017,36017,Sørværet,rensefisk,,,1693,Bergnebb,68636,deler av lokaliteten,1818,HERØY I NORDLAND,18,Nordland,65.88035,11.93045,8,Helgeland til Bodø,
31,2017,30537,Steinflesa,medikamentell,fôrbehandling,Emamectin benzoat,,,,hele lokaliteten,1755,LEKA,17,Nord-Trøndelag,65.1345,11.51565,7,Nord-Trøndelag med Bindal,
31,2017,20776,Storoksen,rensefisk,,,1692,Annen leppefisk,570,deler av lokaliteten,1247,ASKØY,12,Hordaland,60.530884,4.97325,4,Nordhordaland til Stadt,
31,2017,20776,Storoksen,rensefisk,,,1694,Grøngylt,4919,deler av lokaliteten,1247,ASKØY,12,Hordaland,60.530884,4.97325,4,Nordhordaland til Stadt,
31,2017,20776,Storoksen,rensefisk,,,1693,Bergnebb,4678,deler av lokaliteten,1247,ASKØY,12,Hordaland,60.530884,4.97325,4,Nordhordaland til Stadt,
31,2017,31338,Storskjeret,ikke-medikamentell,,,,,,deler av lokaliteten,1576,AURE,15,Møre og Romsdal,63.26985,8.228283,6,Nordmøre og Sør-Trøndelag,
31,2017,19016,Storskogøya,rensefisk,,,1693,Bergnebb,30878,hele lokaliteten,1613,SNILLFJORD,16,Sør-Trøndelag,63.506065,9.19075,6,Nordmøre og Sør-Trøndelag,
31,2017,19016,Storskogøya,rensefisk,,,222120,Rognkjeks (hun),38366,hele lokaliteten,1613,SNILLFJORD,16,Sør-Trøndelag,63.506065,9.19075,6,Nordmøre og Sør-Trøndelag,
31,2017,13566,Storskrebukti,rensefisk,,,1692,Annen leppefisk,124,deler av lokaliteten,1263,LINDÅS,12,Hordaland,60.653732,5.4192,4,Nordhordaland til Stadt,
31,2017,13566,Storskrebukti,rensefisk,,,1694,Grøngylt,1475,deler av lokaliteten,1263,LINDÅS,12,Hordaland,60.653732,5.4192,4,Nordhordaland til Stadt,
31,2017,13125,Storvika,ikke-medikamentell,,,,,,deler av lokaliteten,1837,MELØY,18,Nordland,66.80855,13.242333,8,Helgeland til Bodø,
31,2017,22955,Svollandsneset,rensefisk,,,1694,Grøngylt,8035,deler av lokaliteten,1160,VINDAFJORD,11,Rogaland,59.685,5.589917,3,Karmøy til Sotra,
31,2017,22955,Svollandsneset,rensefisk,,,1693,Bergnebb,4745,deler av lokaliteten,1160,VINDAFJORD,11,Rogaland,59.685,5.589917,3,Karmøy til Sotra,
31,2017,10582,Tarmevikodden,rensefisk,,,169520,Rødnebb,296,hele lokaliteten,1004,FLEKKEFJORD,10,Vest-Agder,58.21977,6.685633,1,Svenskegrensen til Jæren,
31,2017,10582,Tarmevikodden,rensefisk,,,1694,Grøngylt,2401,hele lokaliteten,1004,FLEKKEFJORD,10,Vest-Agder,58.21977,6.685633,1,Svenskegrensen til Jæren,
31,2017,10582,Tarmevikodden,rensefisk,,,1691,Berggylt,1106,hele lokaliteten,1004,FLEKKEFJORD,10,Vest-Agder,58.21977,6.685633,1,Svenskegrensen til Jæren,
31,2017,21755,Tendalsvik,rensefisk,,,1694,Grøngylt,17639,hele lokaliteten,1211,ETNE,12,Hordaland,59.73605,5.884,3,Karmøy til Sotra,
31,2017,21755,Tendalsvik,rensefisk,,,1693,Bergnebb,4254,hele lokaliteten,1211,ETNE,12,Hordaland,59.73605,5.884,3,Karmøy til Sotra,
31,2017,21755,Tendalsvik,rensefisk,,,1692,Annen leppefisk,5950,hele lokaliteten,1211,ETNE,12,Hordaland,59.73605,5.884,3,Karmøy til Sotra,
31,2017,21755,Tendalsvik,rensefisk,,,1691,Berggylt,438,hele lokaliteten,1211,ETNE,12,Hordaland,59.73605,5.884,3,Karmøy til Sotra,
31,2017,25815,Tittelsnes,rensefisk,,,1694,Grøngylt,452,deler av lokaliteten,1216,SVEIO,12,Hordaland,59.72365,5.534383,3,Karmøy til Sotra,
31,2017,25815,Tittelsnes,rensefisk,,,1693,Bergnebb,11973,deler av lokaliteten,1216,SVEIO,12,Hordaland,59.72365,5.534383,3,Karmøy til Sotra,
31,2017,17575,Tollaksholmen,rensefisk,,,1693,Bergnebb,8342,deler av lokaliteten,1145,BOKN,11,Rogaland,59.2522,5.390517,2,Ryfylke,
31,2017,17575,Tollaksholmen,rensefisk,,,1692,Annen leppefisk,15055,deler av lokaliteten,1145,BOKN,11,Rogaland,59.2522,5.390517,2,Ryfylke,
31,2017,17575,Tollaksholmen,rensefisk,,,1691,Berggylt,2373,deler av lokaliteten,1145,BOKN,11,Rogaland,59.2522,5.390517,2,Ryfylke,
31,2017,29336,Trælsøyosen,rensefisk,,,1694,Grøngylt,22126,deler av lokaliteten,1244,AUSTEVOLL,12,Hordaland,60.1178,5.2702,3,Karmøy til Sotra,
31,2017,29336,Trælsøyosen,rensefisk,,,1692,Annen leppefisk,3622,deler av lokaliteten,1244,AUSTEVOLL,12,Hordaland,60.1178,5.2702,3,Karmøy til Sotra,
31,2017,29336,Trælsøyosen,rensefisk,,,1691,Berggylt,2596,deler av lokaliteten,1244,AUSTEVOLL,12,Hordaland,60.1178,5.2702,3,Karmøy til Sotra,
31,2017,32717,Tranøya N,rensefisk,,,1693,Bergnebb,22000,hele lokaliteten,1627,BJUGN,16,Sør-Trøndelag,63.872032,9.769783,6,Nordmøre og Sør-Trøndelag,
31,2017,30560,Tristeinen,ikke-medikamentell,,,,,,deler av lokaliteten,1627,BJUGN,16,Sør-Trøndelag,63.86895,9.6204,6,Nordmøre og Sør-Trøndelag,
31,2017,30560,Tristeinen,rensefisk,,,1691,Berggylt,1018,deler av lokaliteten,1627,BJUGN,16,Sør-Trøndelag,63.86895,9.6204,6,Nordmøre og Sør-Trøndelag,
31,2017,30560,Tristeinen,rensefisk,,,1693,Bergnebb,15269,deler av lokaliteten,1627,BJUGN,16,Sør-Trøndelag,63.86895,9.6204,6,Nordmøre og Sør-Trøndelag,
31,2017,30560,Tristeinen,rensefisk,,,1694,Grøngylt,2894,deler av lokaliteten,1627,BJUGN,16,Sør-Trøndelag,63.86895,9.6204,6,Nordmøre og Sør-Trøndelag,
31,2017,13562,Uføro,rensefisk,,,1692,Annen leppefisk,15000,hele lokaliteten,1221,STORD,12,Hordaland,59.87835,5.526917,3,Karmøy til Sotra,
31,2017,13562,Uføro,rensefisk,,,1693,Bergnebb,15000,hele lokaliteten,1221,STORD,12,Hordaland,59.87835,5.526917,3,Karmøy til Sotra,
31,2017,13562,Uføro,rensefisk,,,1691,Berggylt,7000,hele lokaliteten,1221,STORD,12,Hordaland,59.87835,5.526917,3,Karmøy til Sotra,
31,2017,35517,Vadholmen,rensefisk,,,1693,Bergnebb,19254,hele lokaliteten,1259,ØYGARDEN,12,Hordaland,60.695,4.761117,4,Nordhordaland til Stadt,
31,2017,35517,Vadholmen,rensefisk,,,1691,Berggylt,3598,hele lokaliteten,1259,ØYGARDEN,12,Hordaland,60.695,4.761117,4,Nordhordaland til Stadt,
31,2017,35657,Varden,ikke-medikamentell,,,,,,deler av lokaliteten,1617,HITRA,16,Sør-Trøndelag,63.635715,9.186467,6,Nordmøre og Sør-Trøndelag,
31,2017,32337,Veiesund,ikke-medikamentell,,,,,,hele lokaliteten,1401,FLORA,14,Sogn og Fjordane,61.572067,5.0466,4,Nordhordaland til Stadt,
31,2017,13837,Verpeide,rensefisk,,,1694,Grøngylt,10126,hele lokaliteten,1439,VÅGSØY,14,Sogn og Fjordane,61.902218,5.209233,4,Nordhordaland til Stadt,
31,2017,13837,Verpeide,rensefisk,,,1693,Bergnebb,34852,hele lokaliteten,1439,VÅGSØY,14,Sogn og Fjordane,61.902218,5.209233,4,Nordhordaland til Stadt,
31,2017,13837,Verpeide,rensefisk,,,1691,Berggylt,108,hele lokaliteten,1439,VÅGSØY,14,Sogn og Fjordane,61.902218,5.209233,4,Nordhordaland til Stadt,
31,2017,12885,Vikageilen,ikke-medikamentell,,,,,,deler av lokaliteten,1505,KRISTIANSUND,15,Møre og Romsdal,63.075783,7.906067,6,Nordmøre og Sør-Trøndelag,
31,2017,12885,Vikageilen,rensefisk,,,1693,Bergnebb,1003,deler av lokaliteten,1505,KRISTIANSUND,15,Møre og Romsdal,63.075783,7.906067,6,Nordmøre og Sør-Trøndelag,
31,2017,12885,Vikageilen,rensefisk,,,1691,Berggylt,2288,deler av lokaliteten,1505,KRISTIANSUND,15,Møre og Romsdal,63.075783,7.906067,6,Nordmøre og Sør-Trøndelag,
31,2017,12885,Vikageilen,rensefisk,,,1694,Grøngylt,13211,deler av lokaliteten,1505,KRISTIANSUND,15,Møre og Romsdal,63.075783,7.906067,6,Nordmøre og Sør-Trøndelag,
31,2017,13226,Vindsvik,rensefisk,,,1694,Grøngylt,3800,deler av lokaliteten,1133,HJELMELAND,11,Rogaland,59.299816,6.322467,2,Ryfylke,
31,2017,13226,Vindsvik,rensefisk,,,1693,Bergnebb,225,deler av lokaliteten,1133,HJELMELAND,11,Rogaland,59.299816,6.322467,2,Ryfylke,
31,2017,13246,Voldnes,rensefisk,,,1694,Grøngylt,5210,deler av lokaliteten,1515,HERØY I MØRE OG ROMSDAL,15,Møre og Romsdal,62.2097,5.7849,5,Stadt til Hustadvika,
31,2017,13246,Voldnes,rensefisk,,,1691,Berggylt,1204,deler av lokaliteten,1515,HERØY I MØRE OG ROMSDAL,15,Møre og Romsdal,62.2097,5.7849,5,Stadt til Hustadvika,
31,2017,17495,Vullum,rensefisk,,,1694,Grøngylt,743,deler av lokaliteten,1571,HALSA,15,Møre og Romsdal,63.04895,8.21635,6,Nordmøre og Sør-Trøndelag,
31,2017,17495,Vullum,rensefisk,,,1691,Berggylt,294,deler av lokaliteten,1571,HALSA,15,Møre og Romsdal,63.04895,8.21635,6,Nordmøre og Sør-Trøndelag,
30,2017,12067,Aldalen,rensefisk,,,1694,Grøngylt,4680,deler av lokaliteten,1243,OS I HORDALAND,12,Hordaland,60.24995,5.571917,3,Karmøy til Sotra,
30,2017,12067,Aldalen,rensefisk,,,1693,Bergnebb,12,deler av lokaliteten,1243,OS I HORDALAND,12,Hordaland,60.24995,5.571917,3,Karmøy til Sotra,
30,2017,12067,Aldalen,rensefisk,,,1692,Annen leppefisk,748,deler av lokaliteten,1243,OS I HORDALAND,12,Hordaland,60.24995,5.571917,3,Karmøy til Sotra,
30,2017,12067,Aldalen,rensefisk,,,1691,Berggylt,71,deler av lokaliteten,1243,OS I HORDALAND,12,Hordaland,60.24995,5.571917,3,Karmøy til Sotra,
30,2017,13227,Altaneset,rensefisk,,,1694,Grøngylt,5694,deler av lokaliteten,1241,FUSA,12,Hordaland,60.247116,5.63475,3,Karmøy til Sotra,
30,2017,11513,Andal,rensefisk,,,1694,Grøngylt,707,deler av lokaliteten,1219,BØMLO,12,Hordaland,59.636333,5.247717,3,Karmøy til Sotra,
30,2017,11513,Andal,rensefisk,,,1692,Annen leppefisk,680,deler av lokaliteten,1219,BØMLO,12,Hordaland,59.636333,5.247717,3,Karmøy til Sotra,
30,2017,11513,Andal,rensefisk,,,1693,Bergnebb,824,deler av lokaliteten,1219,BØMLO,12,Hordaland,59.636333,5.247717,3,Karmøy til Sotra,
30,2017,32277,Andholmen 1,rensefisk,,,1693,Bergnebb,8724,deler av lokaliteten,1573,SMØLA,15,Møre og Romsdal,63.469784,7.8556,6,Nordmøre og Sør-Trøndelag,
30,2017,30156,Anevik,medikamentell,badebehandling,Azamethiphos,,,,hele lokaliteten,1848,STEIGEN,18,Nordland,68.00592,15.264333,9,Vestfjorden og Vesterålen,
30,2017,30156,Anevik,ikke-medikamentell,,,,,,hele lokaliteten,1848,STEIGEN,18,Nordland,68.00592,15.264333,9,Vestfjorden og Vesterålen,
30,2017,11364,Årberg,medikamentell,fôrbehandling,Emamectin benzoat,,,,deler av lokaliteten,1928,TORSKEN,19,Troms,69.1959,16.91595,10,Andøya til Senja,
30,2017,12095,Bergadalen,rensefisk,,,1694,Grøngylt,4122,deler av lokaliteten,1238,KVAM,12,Hordaland,60.1216,5.908883,3,Karmøy til Sotra,
30,2017,12095,Bergadalen,rensefisk,,,1693,Bergnebb,66,deler av lokaliteten,1238,KVAM,12,Hordaland,60.1216,5.908883,3,Karmøy til Sotra,
30,2017,12095,Bergadalen,rensefisk,,,1691,Berggylt,28,deler av lokaliteten,1238,KVAM,12,Hordaland,60.1216,5.908883,3,Karmøy til Sotra,
30,2017,11930,Bjelkavik,rensefisk,,,1692,Annen leppefisk,10000,hele lokaliteten,1134,SULDAL,11,Rogaland,59.45165,5.991917,2,Ryfylke,
30,2017,22455,Bjørlykkestranda,rensefisk,,,1694,Grøngylt,4210,deler av lokaliteten,1511,VANYLVEN,15,Møre og Romsdal,62.16655,5.5954,5,Stadt til Hustadvika,
30,2017,22455,Bjørlykkestranda,rensefisk,,,1693,Bergnebb,16450,deler av lokaliteten,1511,VANYLVEN,15,Møre og Romsdal,62.16655,5.5954,5,Stadt til Hustadvika,
30,2017,12308,Bjørndal,ikke-medikamentell,,,,,,hele lokaliteten,1520,ØRSTA,15,Møre og Romsdal,62.274883,6.00285,5,Stadt til Hustadvika,
30,2017,10212,Bogen,rensefisk,,,1691,Berggylt,4071,hele lokaliteten,1505,KRISTIANSUND,15,Møre og Romsdal,63.077667,7.90345,6,Nordmøre og Sør-Trøndelag,
30,2017,13284,Bollhaugen,ikke-medikamentell,,,,,,deler av lokaliteten,1827,DØNNA,18,Nordland,66.11311,12.487683,8,Helgeland til Bodø,
30,2017,15796,Borgarliflot,rensefisk,,,1692,Annen leppefisk,40000,deler av lokaliteten,1134,SULDAL,11,Rogaland,59.3892,5.924733,2,Ryfylke,
30,2017,10223,Bremnessvaet,medikamentell,badebehandling,Annet virkestoff,,,,deler av lokaliteten,1573,SMØLA,15,Møre og Romsdal,63.39795,8.214317,6,Nordmøre og Sør-Trøndelag,
30,2017,10223,Bremnessvaet,medikamentell,badebehandling,Annet virkestoff,,,,deler av lokaliteten,1573,SMØLA,15,Møre og Romsdal,63.39795,8.214317,6,Nordmøre og Sør-Trøndelag,
30,2017,10223,Bremnessvaet,ikke-medikamentell,,,,,,deler av lokaliteten,1573,SMØLA,15,Møre og Romsdal,63.39795,8.214317,6,Nordmøre og Sør-Trøndelag,
30,2017,34197,Brennholmen,ikke-medikamentell,,,,,,deler av lokaliteten,1818,HERØY I NORDLAND,18,Nordland,65.978714,12.16355,8,Helgeland til Bodø,
30,2017,12466,Brettingen,medikamentell,badebehandling,Annet virkestoff,,,,deler av lokaliteten,1573,SMØLA,15,Møre og Romsdal,63.3582,8.237267,6,Nordmøre og Sør-Trøndelag,
30,2017,12237,Brudevika,ikke-medikamentell,,,,,,hele lokaliteten,1511,VANYLVEN,15,Møre og Romsdal,62.116566,5.420717,5,Stadt til Hustadvika,
30,2017,11543,Buholmen,rensefisk,,,1693,Bergnebb,153,hele lokaliteten,1244,AUSTEVOLL,12,Hordaland,60.020916,5.081517,3,Karmøy til Sotra,
30,2017,11543,Buholmen,rensefisk,,,1691,Berggylt,4983,hele lokaliteten,1244,AUSTEVOLL,12,Hordaland,60.020916,5.081517,3,Karmøy til Sotra,
30,2017,11543,Buholmen,rensefisk,,,1694,Grøngylt,31047,hele lokaliteten,1244,AUSTEVOLL,12,Hordaland,60.020916,5.081517,3,Karmøy til Sotra,
30,2017,11543,Buholmen,rensefisk,,,1692,Annen leppefisk,11385,hele lokaliteten,1244,AUSTEVOLL,12,Hordaland,60.020916,5.081517,3,Karmøy til Sotra,
30,2017,12361,Bukkholmen S,ikke-medikamentell,,,,,,deler av lokaliteten,1620,FRØYA,16,Sør-Trøndelag,63.72368,8.8631,6,Nordmøre og Sør-Trøndelag,
30,2017,14799,Djupestallen,rensefisk,,,1692,Annen leppefisk,1328,deler av lokaliteten,1223,TYSNES,12,Hordaland,60.058735,5.453,3,Karmøy til Sotra,
30,2017,14799,Djupestallen,rensefisk,,,1691,Berggylt,1159,deler av lokaliteten,1223,TYSNES,12,Hordaland,60.058735,5.453,3,Karmøy til Sotra,
30,2017,14799,Djupestallen,rensefisk,,,1694,Grøngylt,9143,deler av lokaliteten,1223,TYSNES,12,Hordaland,60.058735,5.453,3,Karmøy til Sotra,
30,2017,30097,Djupvik,ikke-medikamentell,,,,,,deler av lokaliteten,1836,RØDØY,18,Nordland,66.73299,13.33115,8,Helgeland til Bodø,
30,2017,12879,Endresetbukta,ikke-medikamentell,,,,,,deler av lokaliteten,1505,KRISTIANSUND,15,Møre og Romsdal,63.03018,7.71615,6,Nordmøre og Sør-Trøndelag,
30,2017,13527,Finnkjerka,rensefisk,,,2221,Rognkjeks (felles),41000,hele lokaliteten,1866,HADSEL,18,Nordland,68.33945,15.0358,9,Vestfjorden og Vesterålen,
30,2017,32597,Fjordprakken,ikke-medikamentell,,,,,,deler av lokaliteten,1573,SMØLA,15,Møre og Romsdal,63.256516,7.928067,6,Nordmøre og Sør-Trøndelag,
30,2017,11833,Flåtegrunnen,rensefisk,,,1694,Grøngylt,6568,deler av lokaliteten,1401,FLORA,14,Sogn og Fjordane,61.57615,4.807333,4,Nordhordaland til Stadt,
30,2017,11833,Flåtegrunnen,rensefisk,,,1693,Bergnebb,1987,deler av lokaliteten,1401,FLORA,14,Sogn og Fjordane,61.57615,4.807333,4,Nordhordaland til Stadt,
30,2017,11833,Flåtegrunnen,rensefisk,,,1691,Berggylt,5753,deler av lokaliteten,1401,FLORA,14,Sogn og Fjordane,61.57615,4.807333,4,Nordhordaland til Stadt,
30,2017,19336,Flatholmen,rensefisk,,,1692,Annen leppefisk,20000,deler av lokaliteten,1106,HAUGESUND,11,Rogaland,59.4293,5.114483,3,Karmøy til Sotra,
30,2017,25835,Flatøyflu,rensefisk,,,1693,Bergnebb,963,deler av lokaliteten,1244,AUSTEVOLL,12,Hordaland,60.156033,5.2315,3,Karmøy til Sotra,
30,2017,25835,Flatøyflu,rensefisk,,,1692,Annen leppefisk,3243,deler av lokaliteten,1244,AUSTEVOLL,12,Hordaland,60.156033,5.2315,3,Karmøy til Sotra,
30,2017,25835,Flatøyflu,rensefisk,,,1694,Grøngylt,24770,deler av lokaliteten,1244,AUSTEVOLL,12,Hordaland,60.156033,5.2315,3,Karmøy til Sotra,
30,2017,25835,Flatøyflu,rensefisk,,,1691,Berggylt,1599,deler av lokaliteten,1244,AUSTEVOLL,12,Hordaland,60.156033,5.2315,3,Karmøy til Sotra,
30,2017,29876,Flotaren,rensefisk,,,1694,Grøngylt,4801,hele lokaliteten,1749,FLATANGER,17,Nord-Trøndelag,64.52398,10.761667,7,Nord-Trøndelag med Bindal,
30,2017,29876,Flotaren,rensefisk,,,1691,Berggylt,3530,hele lokaliteten,1749,FLATANGER,17,Nord-Trøndelag,64.52398,10.761667,7,Nord-Trøndelag med Bindal,
30,2017,21055,Foldøy Ø,rensefisk,,,1693,Bergnebb,13343,deler av lokaliteten,1134,SULDAL,11,Rogaland,59.337482,5.987767,2,Ryfylke,
30,2017,11893,Fosså,rensefisk,,,1694,Grøngylt,2115,deler av lokaliteten,1133,HJELMELAND,11,Rogaland,59.2699,6.14295,2,Ryfylke,
30,2017,19115,Fugløya S,rensefisk,,,1693,Bergnebb,38525,hele lokaliteten,1613,SNILLFJORD,16,Sør-Trøndelag,63.460682,9.1444,6,Nordmøre og Sør-Trøndelag,
30,2017,22015,Fureneset,ikke-medikamentell,,,,,,deler av lokaliteten,1412,SOLUND,14,Sogn og Fjordane,61.16562,5.052417,4,Nordhordaland til Stadt,
30,2017,13058,Fusavika,rensefisk,,,1694,Grøngylt,4907,deler av lokaliteten,1241,FUSA,12,Hordaland,60.207634,5.613817,3,Karmøy til Sotra,
30,2017,10747,Futnes,rensefisk,,,222120,Rognkjeks (hun),7448,deler av lokaliteten,1936,KARLSØY,19,Troms,69.95137,19.587868,11,Kvaløya til Loppa,
30,2017,11667,Gardskråneset,rensefisk,,,1694,Grøngylt,10053,deler av lokaliteten,1259,ØYGARDEN,12,Hordaland,60.5399,4.904617,4,Nordhordaland til Stadt,
30,2017,11667,Gardskråneset,rensefisk,,,1693,Bergnebb,2124,deler av lokaliteten,1259,ØYGARDEN,12,Hordaland,60.5399,4.904617,4,Nordhordaland til Stadt,
30,2017,11667,Gardskråneset,rensefisk,,,1691,Berggylt,2124,deler av lokaliteten,1259,ØYGARDEN,12,Hordaland,60.5399,4.904617,4,Nordhordaland til Stadt,
30,2017,31357,Geitryggen,medikamentell,fôrbehandling,Emamectin benzoat,,,,hele lokaliteten,1751,NÆRØY,17,Nord-Trøndelag,64.75085,11.189033,7,Nord-Trøndelag med Bindal,
30,2017,11530,Gissøysundet S,rensefisk,,,1694,Grøngylt,3447,deler av lokaliteten,1219,BØMLO,12,Hordaland,59.623585,5.160067,3,Karmøy til Sotra,
30,2017,11530,Gissøysundet S,rensefisk,,,1691,Berggylt,451,deler av lokaliteten,1219,BØMLO,12,Hordaland,59.623585,5.160067,3,Karmøy til Sotra,
30,2017,31717,Gjerset V,ikke-medikamentell,,,,,,deler av lokaliteten,1534,HARAM,15,Møre og Romsdal,62.53023,6.428783,5,Stadt til Hustadvika,
30,2017,31717,Gjerset V,rensefisk,,,1694,Grøngylt,2103,deler av lokaliteten,1534,HARAM,15,Møre og Romsdal,62.53023,6.428783,5,Stadt til Hustadvika,
30,2017,31717,Gjerset V,rensefisk,,,1691,Berggylt,336,deler av lokaliteten,1534,HARAM,15,Møre og Romsdal,62.53023,6.428783,5,Stadt til Hustadvika,
30,2017,11559,Grimsholmen,rensefisk,,,1692,Annen leppefisk,1358,deler av lokaliteten,1216,SVEIO,12,Hordaland,59.65735,5.404167,3,Karmøy til Sotra,
30,2017,11559,Grimsholmen,rensefisk,,,1693,Bergnebb,9824,deler av lokaliteten,1216,SVEIO,12,Hordaland,59.65735,5.404167,3,Karmøy til Sotra,
30,2017,11559,Grimsholmen,rensefisk,,,1694,Grøngylt,6779,deler av lokaliteten,1216,SVEIO,12,Hordaland,59.65735,5.404167,3,Karmøy til Sotra,
30,2017,10318,Gulestø,ikke-medikamentell,,,,,,deler av lokaliteten,1438,BREMANGER,14,Sogn og Fjordane,61.75802,5.069883,4,Nordhordaland til Stadt,
30,2017,24735,Gulholmen,rensefisk,,,1694,Grøngylt,26708,hele lokaliteten,1243,OS I HORDALAND,12,Hordaland,60.1282,5.400467,3,Karmøy til Sotra,
30,2017,24735,Gulholmen,rensefisk,,,1691,Berggylt,775,hele lokaliteten,1243,OS I HORDALAND,12,Hordaland,60.1282,5.400467,3,Karmøy til Sotra,
30,2017,29697,Hafsmo,ikke-medikamentell,,,,,,deler av lokaliteten,1613,SNILLFJORD,16,Sør-Trøndelag,63.3667,9.245217,6,Nordmøre og Sør-Trøndelag,
30,2017,11318,Hallvardøy,ikke-medikamentell,,,,,,deler av lokaliteten,1851,LØDINGEN,18,Nordland,68.37497,15.317333,9,Vestfjorden og Vesterålen,
30,2017,11511,Hattasteinen,rensefisk,,,1694,Grøngylt,1569,hele lokaliteten,1219,BØMLO,12,Hordaland,59.626266,5.250717,3,Karmøy til Sotra,
30,2017,11511,Hattasteinen,rensefisk,,,1693,Bergnebb,7326,hele lokaliteten,1219,BØMLO,12,Hordaland,59.626266,5.250717,3,Karmøy til Sotra,
30,2017,11511,Hattasteinen,rensefisk,,,1691,Berggylt,75,hele lokaliteten,1219,BØMLO,12,Hordaland,59.626266,5.250717,3,Karmøy til Sotra,
30,2017,36178,Haukøya Ø,medikamentell,fôrbehandling,Emamectin benzoat,,,,hele lokaliteten,1941,SKJERVØY,19,Troms,70.046135,21.282034,11,Kvaløya til Loppa,
30,2017,30257,Hausan,rensefisk,,,1691,Berggylt,3520,hele lokaliteten,1612,HEMNE,16,Sør-Trøndelag,63.45838,8.955683,6,Nordmøre og Sør-Trøndelag,
30,2017,30257,Hausan,rensefisk,,,1693,Bergnebb,50074,hele lokaliteten,1612,HEMNE,16,Sør-Trøndelag,63.45838,8.955683,6,Nordmøre og Sør-Trøndelag,
30,2017,30257,Hausan,rensefisk,,,1694,Grøngylt,8088,hele lokaliteten,1612,HEMNE,16,Sør-Trøndelag,63.45838,8.955683,6,Nordmøre og Sør-Trøndelag,
30,2017,11740,Haverøy,rensefisk,,,1694,Grøngylt,7266,deler av lokaliteten,1246,FJELL,12,Hordaland,60.404766,4.93995,3,Karmøy til Sotra,
30,2017,11740,Haverøy,rensefisk,,,1693,Bergnebb,6496,deler av lokaliteten,1246,FJELL,12,Hordaland,60.404766,4.93995,3,Karmøy til Sotra,
30,2017,11740,Haverøy,rensefisk,,,1692,Annen leppefisk,130,deler av lokaliteten,1246,FJELL,12,Hordaland,60.404766,4.93995,3,Karmøy til Sotra,
30,2017,11740,Haverøy,rensefisk,,,1691,Berggylt,190,deler av lokaliteten,1246,FJELL,12,Hordaland,60.404766,4.93995,3,Karmøy til Sotra,
30,2017,36778,Havstein Sør,ikke-medikamentell,,,,,,hele lokaliteten,1827,DØNNA,18,Nordland,66.16405,12.400767,8,Helgeland til Bodø,
30,2017,32737,Heldalen,medikamentell,fôrbehandling,Emamectin benzoat,,,,hele lokaliteten,1860,VESTVÅGØY,18,Nordland,68.10022,13.620333,9,Vestfjorden og Vesterålen,
30,2017,18015,Hestabyneset,rensefisk,,,1694,Grøngylt,3133,deler av lokaliteten,1223,TYSNES,12,Hordaland,59.953632,5.4514,3,Karmøy til Sotra,
30,2017,18015,Hestabyneset,rensefisk,,,1691,Berggylt,4728,deler av lokaliteten,1223,TYSNES,12,Hordaland,59.953632,5.4514,3,Karmøy til Sotra,
30,2017,14136,Hestholmen Ø,rensefisk,,,1694,Grøngylt,1460,deler av lokaliteten,1144,KVITSØY,11,Rogaland,59.061516,5.445683,2,Ryfylke,
30,2017,14136,Hestholmen Ø,rensefisk,,,1691,Berggylt,660,deler av lokaliteten,1144,KVITSØY,11,Rogaland,59.061516,5.445683,2,Ryfylke,
30,2017,34677,Hestøya,ikke-medikamentell,,,,,,hele lokaliteten,1573,SMØLA,15,Møre og Romsdal,63.3095,8.115567,6,Nordmøre og Sør-Trøndelag,
30,2017,10300,Hillersvik,rensefisk,,,2221,Rognkjeks (felles),27132,deler av lokaliteten,1216,SVEIO,12,Hordaland,59.6084,5.311917,3,Karmøy til Sotra,
30,2017,10300,Hillersvik,rensefisk,,,1694,Grøngylt,12046,deler av lokaliteten,1216,SVEIO,12,Hordaland,59.6084,5.311917,3,Karmøy til Sotra,
30,2017,10300,Hillersvik,rensefisk,,,1693,Bergnebb,8456,deler av lokaliteten,1216,SVEIO,12,Hordaland,59.6084,5.311917,3,Karmøy til Sotra,
30,2017,10300,Hillersvik,rensefisk,,,1691,Berggylt,828,deler av lokaliteten,1216,SVEIO,12,Hordaland,59.6084,5.311917,3,Karmøy til Sotra,
30,2017,12483,Hjortholman,rensefisk,,,1694,Grøngylt,5063,deler av lokaliteten,1573,SMØLA,15,Møre og Romsdal,63.457733,7.8561,6,Nordmøre og Sør-Trøndelag,
30,2017,12483,Hjortholman,rensefisk,,,1691,Berggylt,814,deler av lokaliteten,1573,SMØLA,15,Møre og Romsdal,63.457733,7.8561,6,Nordmøre og Sør-Trøndelag,
30,2017,27095,Ihlholmen,rensefisk,,,1692,Annen leppefisk,15000,hele lokaliteten,1160,VINDAFJORD,11,Rogaland,59.7215,5.586633,3,Karmøy til Sotra,
30,2017,10240,Ilsøya Ø,rensefisk,,,1693,Bergnebb,11700,hele lokaliteten,1617,HITRA,16,Sør-Trøndelag,63.651974,8.88687,6,Nordmøre og Sør-Trøndelag,
30,2017,19977,Jektholmen,ikke-medikamentell,,,,,,hele lokaliteten,1630,ÅFJORD,16,Sør-Trøndelag,63.99495,9.928317,6,Nordmøre og Sør-Trøndelag,
30,2017,26495,Jevik,medikamentell,fôrbehandling,Emamectin benzoat,,,,hele lokaliteten,1854,BALLANGEN,18,Nordland,68.412636,16.526934,9,Vestfjorden og Vesterålen,
30,2017,30036,Jørstadskjera,rensefisk,,,1694,Grøngylt,6598,deler av lokaliteten,1141,FINNØY,11,Rogaland,59.296318,5.936933,2,Ryfylke,
30,2017,30036,Jørstadskjera,rensefisk,,,1691,Berggylt,1134,deler av lokaliteten,1141,FINNØY,11,Rogaland,59.296318,5.936933,2,Ryfylke,
30,2017,29656,Juvika,rensefisk,,,1693,Bergnebb,2705,deler av lokaliteten,1412,SOLUND,14,Sogn og Fjordane,61.104767,5.018483,4,Nordhordaland til Stadt,
30,2017,29656,Juvika,rensefisk,,,1694,Grøngylt,3381,deler av lokaliteten,1412,SOLUND,14,Sogn og Fjordane,61.104767,5.018483,4,Nordhordaland til Stadt,
30,2017,29656,Juvika,rensefisk,,,1691,Berggylt,315,deler av lokaliteten,1412,SOLUND,14,Sogn og Fjordane,61.104767,5.018483,4,Nordhordaland til Stadt,
30,2017,13242,Juvika B,ikke-medikamentell,,,,,,deler av lokaliteten,1438,BREMANGER,14,Sogn og Fjordane,61.895683,5.6331,4,Nordhordaland til Stadt,
30,2017,12348,Kåholmen,medikamentell,badebehandling,Annet virkestoff,,,,deler av lokaliteten,1617,HITRA,16,Sør-Trøndelag,63.617184,8.994133,6,Nordmøre og Sør-Trøndelag,
30,2017,13220,Kalhag,rensefisk,,,1694,Grøngylt,22398,deler av lokaliteten,1130,STRAND,11,Rogaland,58.974716,5.93595,2,Ryfylke,
30,2017,13220,Kalhag,rensefisk,,,1693,Bergnebb,1683,deler av lokaliteten,1130,STRAND,11,Rogaland,58.974716,5.93595,2,Ryfylke,
30,2017,13220,Kalhag,rensefisk,,,1691,Berggylt,535,deler av lokaliteten,1130,STRAND,11,Rogaland,58.974716,5.93595,2,Ryfylke,
30,2017,22915,Kalsøyflu,rensefisk,,,1691,Berggylt,5896,hele lokaliteten,1244,AUSTEVOLL,12,Hordaland,60.03818,5.114417,3,Karmøy til Sotra,
30,2017,22915,Kalsøyflu,rensefisk,,,1694,Grøngylt,54837,hele lokaliteten,1244,AUSTEVOLL,12,Hordaland,60.03818,5.114417,3,Karmøy til Sotra,
30,2017,31757,Kasteberget,medikamentell,badebehandling,Hydrogenperoksid,,,,deler av lokaliteten,1917,IBESTAD,19,Troms,68.79125,16.914017,10,Andøya til Senja,
30,2017,12872,Kattholmen,ikke-medikamentell,,,,,,deler av lokaliteten,1505,KRISTIANSUND,15,Møre og Romsdal,63.055332,7.695317,6,Nordmøre og Sør-Trøndelag,
30,2017,11913,Kjeahola,rensefisk,,,1694,Grøngylt,14770,deler av lokaliteten,1141,FINNØY,11,Rogaland,59.2933,6.0729,2,Ryfylke,
30,2017,11913,Kjeahola,rensefisk,,,1691,Berggylt,480,deler av lokaliteten,1141,FINNØY,11,Rogaland,59.2933,6.0729,2,Ryfylke,
30,2017,13764,Kokvika,ikke-medikamentell,,,,,,deler av lokaliteten,1834,LURØY,18,Nordland,66.41282,12.956867,8,Helgeland til Bodø,
30,2017,30297,Krabbholmen,ikke-medikamentell,,,,,,deler av lokaliteten,1630,ÅFJORD,16,Sør-Trøndelag,63.94438,9.880667,6,Nordmøre og Sør-Trøndelag,
30,2017,11719,Kråkenes,rensefisk,,,1694,Grøngylt,3030,deler av lokaliteten,1412,SOLUND,14,Sogn og Fjordane,61.05835,4.921317,4,Nordhordaland til Stadt,
30,2017,11719,Kråkenes,rensefisk,,,1691,Berggylt,1080,deler av lokaliteten,1412,SOLUND,14,Sogn og Fjordane,61.05835,4.921317,4,Nordhordaland til Stadt,
30,2017,14040,Krigsholmen,rensefisk,,,1691,Berggylt,965,hele lokaliteten,1244,AUSTEVOLL,12,Hordaland,60.081383,5.124117,3,Karmøy til Sotra,
30,2017,14040,Krigsholmen,rensefisk,,,1693,Bergnebb,1828,hele lokaliteten,1244,AUSTEVOLL,12,Hordaland,60.081383,5.124117,3,Karmøy til Sotra,
30,2017,14040,Krigsholmen,rensefisk,,,1694,Grøngylt,4049,hele lokaliteten,1244,AUSTEVOLL,12,Hordaland,60.081383,5.124117,3,Karmøy til Sotra,
30,2017,11633,Krossholmen,ikke-medikamentell,,,,,,hele lokaliteten,1219,BØMLO,12,Hordaland,59.7879,5.100533,3,Karmøy til Sotra,
30,2017,11633,Krossholmen,rensefisk,,,1694,Grøngylt,170,deler av lokaliteten,1219,BØMLO,12,Hordaland,59.7879,5.100533,3,Karmøy til Sotra,
30,2017,11633,Krossholmen,rensefisk,,,1691,Berggylt,140,deler av lokaliteten,1219,BØMLO,12,Hordaland,59.7879,5.100533,3,Karmøy til Sotra,
30,2017,13222,Kunes,rensefisk,,,1692,Annen leppefisk,9554,deler av lokaliteten,1141,FINNØY,11,Rogaland,59.21137,5.9532,2,Ryfylke,
30,2017,12213,Kvangardsnes,rensefisk,,,1694,Grøngylt,29326,hele lokaliteten,1519,VOLDA,15,Møre og Romsdal,62.145317,5.94545,5,Stadt til Hustadvika,
30,2017,12213,Kvangardsnes,rensefisk,,,1691,Berggylt,2938,hele lokaliteten,1519,VOLDA,15,Møre og Romsdal,62.145317,5.94545,5,Stadt til Hustadvika,
30,2017,35997,Kviteberg,rensefisk,,,2221,Rognkjeks (felles),62295,hele lokaliteten,1943,KVÆNANGEN,19,Troms,69.953865,21.88035,11,Kvaløya til Loppa,
30,2017,11803,Kyravika,ikke-medikamentell,,,,,,deler av lokaliteten,1429,FJALER,14,Sogn og Fjordane,61.316433,5.1563,4,Nordhordaland til Stadt,
30,2017,20595,Kyrholmen S,rensefisk,,,1693,Bergnebb,1223,deler av lokaliteten,1244,AUSTEVOLL,12,Hordaland,60.161583,5.207633,3,Karmøy til Sotra,
30,2017,20595,Kyrholmen S,rensefisk,,,1694,Grøngylt,22892,deler av lokaliteten,1244,AUSTEVOLL,12,Hordaland,60.161583,5.207633,3,Karmøy til Sotra,
30,2017,20595,Kyrholmen S,rensefisk,,,1691,Berggylt,2563,deler av lokaliteten,1244,AUSTEVOLL,12,Hordaland,60.161583,5.207633,3,Karmøy til Sotra,
30,2017,20595,Kyrholmen S,rensefisk,,,1692,Annen leppefisk,10320,deler av lokaliteten,1244,AUSTEVOLL,12,Hordaland,60.161583,5.207633,3,Karmøy til Sotra,
30,2017,34457,Langås,rensefisk,,,222120,Rognkjeks (hun),54188,deler av lokaliteten,1936,KARLSØY,19,Troms,70.01058,19.666616,11,Kvaløya til Loppa,
30,2017,11116,Langholmen,medikamentell,fôrbehandling,Emamectin benzoat,,,,deler av lokaliteten,1838,GILDESKÅL,18,Nordland,67.05783,14.025333,8,Helgeland til Bodø,
30,2017,26295,Langøy,rensefisk,,,1694,Grøngylt,19935,hele lokaliteten,1263,LINDÅS,12,Hordaland,60.779133,5.1608,4,Nordhordaland til Stadt,
30,2017,26295,Langøy,rensefisk,,,1691,Berggylt,1071,hele lokaliteten,1263,LINDÅS,12,Hordaland,60.779133,5.1608,4,Nordhordaland til Stadt,
30,2017,20559,Langskjæra,medikamentell,fôrbehandling,Emamectin benzoat,,,,hele lokaliteten,1620,FRØYA,16,Sør-Trøndelag,63.8225,8.75505,6,Nordmøre og Sør-Trøndelag,
30,2017,20559,Langskjæra,rensefisk,,,222120,Rognkjeks (hun),12536,hele lokaliteten,1620,FRØYA,16,Sør-Trøndelag,63.8225,8.75505,6,Nordmøre og Sør-Trøndelag,
30,2017,33557,Langskjæra II,rensefisk,,,222120,Rognkjeks (hun),10757,hele lokaliteten,1620,FRØYA,16,Sør-Trøndelag,63.82245,8.74075,6,Nordmøre og Sør-Trøndelag,
30,2017,28036,Langskjæran,rensefisk,,,2221,Rognkjeks (felles),43235,deler av lokaliteten,1838,GILDESKÅL,18,Nordland,67.118385,13.898417,8,Helgeland til Bodø,
30,2017,11438,Lauplandsholmen,rensefisk,,,1693,Bergnebb,8808,deler av lokaliteten,1145,BOKN,11,Rogaland,59.179733,5.472633,2,Ryfylke,
30,2017,19355,Låva,rensefisk,,,1694,Grøngylt,4612,deler av lokaliteten,1141,FINNØY,11,Rogaland,59.29677,5.9888,2,Ryfylke,
30,2017,19355,Låva,rensefisk,,,1691,Berggylt,713,deler av lokaliteten,1141,FINNØY,11,Rogaland,59.29677,5.9888,2,Ryfylke,
30,2017,26675,Leirholmen,rensefisk,,,1693,Bergnebb,4000,deler av lokaliteten,1834,LURØY,18,Nordland,66.3565,12.530117,8,Helgeland til Bodø,
30,2017,12870,Leite,medikamentell,badebehandling,Annet virkestoff,,,,hele lokaliteten,1554,AVERØY,15,Møre og Romsdal,63.035984,7.678117,6,Nordmøre og Sør-Trøndelag,
30,2017,12870,Leite,ikke-medikamentell,,,,,,deler av lokaliteten,1554,AVERØY,15,Møre og Romsdal,63.035984,7.678117,6,Nordmøre og Sør-Trøndelag,
30,2017,28396,Lindarholmen,rensefisk,,,1692,Annen leppefisk,27312,hele lokaliteten,1223,TYSNES,12,Hordaland,60.084034,5.638667,3,Karmøy til Sotra,
30,2017,14435,Ljøsøy N,rensefisk,,,1694,Grøngylt,4760,hele lokaliteten,1259,ØYGARDEN,12,Hordaland,60.565132,4.878417,4,Nordhordaland til Stadt,
30,2017,14435,Ljøsøy N,rensefisk,,,1691,Berggylt,1020,hele lokaliteten,1259,ØYGARDEN,12,Hordaland,60.565132,4.878417,4,Nordhordaland til Stadt,
30,2017,14435,Ljøsøy N,rensefisk,,,1691,Berggylt,1020,hele lokaliteten,1259,ØYGARDEN,12,Hordaland,60.565132,4.878417,4,Nordhordaland til Stadt,
30,2017,10292,Lyklingholmen N,rensefisk,,,1692,Annen leppefisk,1250,hele lokaliteten,1219,BØMLO,12,Hordaland,59.714535,5.15405,3,Karmøy til Sotra,
30,2017,10292,Lyklingholmen N,rensefisk,,,1691,Berggylt,1184,hele lokaliteten,1219,BØMLO,12,Hordaland,59.714535,5.15405,3,Karmøy til Sotra,
30,2017,10292,Lyklingholmen N,rensefisk,,,1694,Grøngylt,3750,hele lokaliteten,1219,BØMLO,12,Hordaland,59.714535,5.15405,3,Karmøy til Sotra,
30,2017,12385,Lyngvær Ø II,rensefisk,,,1694,Grøngylt,14907,hele lokaliteten,1620,FRØYA,16,Sør-Trøndelag,63.80621,8.567418,6,Nordmøre og Sør-Trøndelag,
30,2017,12385,Lyngvær Ø II,rensefisk,,,1693,Bergnebb,21617,hele lokaliteten,1620,FRØYA,16,Sør-Trøndelag,63.80621,8.567418,6,Nordmøre og Sør-Trøndelag,
30,2017,12385,Lyngvær Ø II,rensefisk,,,1691,Berggylt,4295,hele lokaliteten,1620,FRØYA,16,Sør-Trøndelag,63.80621,8.567418,6,Nordmøre og Sør-Trøndelag,
30,2017,12633,Lyrnesset,rensefisk,,,1694,Grøngylt,4107,deler av lokaliteten,1749,FLATANGER,17,Nord-Trøndelag,64.5256,10.748133,7,Nord-Trøndelag med Bindal,
30,2017,12633,Lyrnesset,rensefisk,,,1691,Berggylt,2856,deler av lokaliteten,1749,FLATANGER,17,Nord-Trøndelag,64.5256,10.748133,7,Nord-Trøndelag med Bindal,
30,2017,12370,Måøydraga,rensefisk,,,222120,Rognkjeks (hun),11000,hele lokaliteten,1620,FRØYA,16,Sør-Trøndelag,63.676964,8.75625,6,Nordmøre og Sør-Trøndelag,
30,2017,12134,Maradalen,rensefisk,,,1693,Bergnebb,15000,hele lokaliteten,1224,KVINNHERAD,12,Hordaland,59.76077,5.686767,3,Karmøy til Sotra,
30,2017,13550,Marøy Nø,ikke-medikamentell,,,,,,deler av lokaliteten,1438,BREMANGER,14,Sogn og Fjordane,61.847935,5.295383,4,Nordhordaland til Stadt,
30,2017,13541,Midtflua,rensefisk,,,1692,Annen leppefisk,51,deler av lokaliteten,1223,TYSNES,12,Hordaland,60.076267,5.466533,3,Karmøy til Sotra,
30,2017,13541,Midtflua,rensefisk,,,1694,Grøngylt,7159,deler av lokaliteten,1223,TYSNES,12,Hordaland,60.076267,5.466533,3,Karmøy til Sotra,
30,2017,13541,Midtflua,rensefisk,,,1691,Berggylt,684,deler av lokaliteten,1223,TYSNES,12,Hordaland,60.076267,5.466533,3,Karmøy til Sotra,
30,2017,11772,Moldøyosen,rensefisk,,,1694,Grøngylt,68,deler av lokaliteten,1265,FEDJE,12,Hordaland,60.789635,4.70075,4,Nordhordaland til Stadt,
30,2017,11772,Moldøyosen,rensefisk,,,1691,Berggylt,106,deler av lokaliteten,1265,FEDJE,12,Hordaland,60.789635,4.70075,4,Nordhordaland til Stadt,
30,2017,29957,Nakkestad,rensefisk,,,1694,Grøngylt,2500,hele lokaliteten,1032,LYNGDAL,10,Vest-Agder,58.055832,7.06875,1,Svenskegrensen til Jæren,
30,2017,29957,Nakkestad,rensefisk,,,1693,Bergnebb,11000,hele lokaliteten,1032,LYNGDAL,10,Vest-Agder,58.055832,7.06875,1,Svenskegrensen til Jæren,
30,2017,11611,Naveide,rensefisk,,,1694,Grøngylt,17161,hele lokaliteten,1244,AUSTEVOLL,12,Hordaland,60.13907,5.112783,3,Karmøy til Sotra,
30,2017,11611,Naveide,rensefisk,,,1693,Bergnebb,18,hele lokaliteten,1244,AUSTEVOLL,12,Hordaland,60.13907,5.112783,3,Karmøy til Sotra,
30,2017,11611,Naveide,rensefisk,,,1692,Annen leppefisk,8224,hele lokaliteten,1244,AUSTEVOLL,12,Hordaland,60.13907,5.112783,3,Karmøy til Sotra,
30,2017,11611,Naveide,rensefisk,,,1691,Berggylt,3010,hele lokaliteten,1244,AUSTEVOLL,12,Hordaland,60.13907,5.112783,3,Karmøy til Sotra,
30,2017,11041,Nord Gåsvær,ikke-medikamentell,,,,,,hele lokaliteten,1818,HERØY I NORDLAND,18,Nordland,66.07035,12.065617,8,Helgeland til Bodø,
30,2017,14495,Nordeimsøyna,rensefisk,,,1693,Bergnebb,2663,deler av lokaliteten,1141,FINNØY,11,Rogaland,59.28695,5.812483,2,Ryfylke,
30,2017,11129,Nordfugløy,rensefisk,,,1691,Berggylt,30721,deler av lokaliteten,1838,GILDESKÅL,18,Nordland,67.083916,13.85685,8,Helgeland til Bodø,
30,2017,33297,Nye Skorpa,rensefisk,,,1693,Bergnebb,48871,hele lokaliteten,1827,DØNNA,18,Nordland,66.03093,12.481483,8,Helgeland til Bodø,
30,2017,14019,Øksningen,ikke-medikamentell,,,,,,deler av lokaliteten,1811,BINDAL,18,Nordland,65.13924,12.31975,7,Nord-Trøndelag med Bindal,
30,2017,10136,Onarøy,ikke-medikamentell,,,,,,deler av lokaliteten,1223,TYSNES,12,Hordaland,59.95335,5.669683,3,Karmøy til Sotra,
30,2017,10136,Onarøy,rensefisk,,,1692,Annen leppefisk,20000,deler av lokaliteten,1223,TYSNES,12,Hordaland,59.95335,5.669683,3,Karmøy til Sotra,
30,2017,12394,Ørnøya,rensefisk,,,1693,Bergnebb,2741,deler av lokaliteten,1620,FRØYA,16,Sør-Trøndelag,63.761868,8.445183,6,Nordmøre og Sør-Trøndelag,
30,2017,24696,Ørnøya II,rensefisk,,,1693,Bergnebb,2740,deler av lokaliteten,1620,FRØYA,16,Sør-Trøndelag,63.758484,8.450367,6,Nordmøre og Sør-Trøndelag,
30,2017,13345,Oterstegdalen,rensefisk,,,1694,Grøngylt,2068,deler av lokaliteten,1241,FUSA,12,Hordaland,60.23545,5.638267,3,Karmøy til Sotra,
30,2017,13345,Oterstegdalen,rensefisk,,,1693,Bergnebb,28,deler av lokaliteten,1241,FUSA,12,Hordaland,60.23545,5.638267,3,Karmøy til Sotra,
30,2017,13345,Oterstegdalen,rensefisk,,,1692,Annen leppefisk,456,deler av lokaliteten,1241,FUSA,12,Hordaland,60.23545,5.638267,3,Karmøy til Sotra,
30,2017,13345,Oterstegdalen,rensefisk,,,1691,Berggylt,54,deler av lokaliteten,1241,FUSA,12,Hordaland,60.23545,5.638267,3,Karmøy til Sotra,
30,2017,11854,Pinnen,rensefisk,,,169520,Rødnebb,125,deler av lokaliteten,1004,FLEKKEFJORD,10,Vest-Agder,58.225533,6.682717,1,Svenskegrensen til Jæren,
30,2017,11854,Pinnen,rensefisk,,,1694,Grøngylt,2401,deler av lokaliteten,1004,FLEKKEFJORD,10,Vest-Agder,58.225533,6.682717,1,Svenskegrensen til Jæren,
30,2017,11854,Pinnen,rensefisk,,,1691,Berggylt,947,deler av lokaliteten,1004,FLEKKEFJORD,10,Vest-Agder,58.225533,6.682717,1,Svenskegrensen til Jæren,
30,2017,13867,Raunevågen,rensefisk,,,1692,Annen leppefisk,2927,deler av lokaliteten,1216,SVEIO,12,Hordaland,59.65798,5.533667,3,Karmøy til Sotra,
30,2017,13867,Raunevågen,rensefisk,,,1694,Grøngylt,7324,deler av lokaliteten,1216,SVEIO,12,Hordaland,59.65798,5.533667,3,Karmøy til Sotra,
30,2017,13867,Raunevågen,rensefisk,,,1691,Berggylt,874,deler av lokaliteten,1216,SVEIO,12,Hordaland,59.65798,5.533667,3,Karmøy til Sotra,
30,2017,12406,Rauodden,rensefisk,,,1693,Bergnebb,11700,hele lokaliteten,1617,HITRA,16,Sør-Trøndelag,63.66453,8.884083,6,Nordmøre og Sør-Trøndelag,
30,2017,29896,Renndalen,ikke-medikamentell,,,,,,deler av lokaliteten,1571,HALSA,15,Møre og Romsdal,63.176167,8.616817,6,Nordmøre og Sør-Trøndelag,
30,2017,30657,Revøy,rensefisk,,,1693,Bergnebb,16000,hele lokaliteten,1032,LYNGDAL,10,Vest-Agder,58.0243,7.0268,1,Svenskegrensen til Jæren,
30,2017,11964,Ringja,rensefisk,,,169520,Rødnebb,15,deler av lokaliteten,1146,TYSVÆR,11,Rogaland,59.405468,5.8631,2,Ryfylke,
30,2017,11964,Ringja,rensefisk,,,1694,Grøngylt,3828,deler av lokaliteten,1146,TYSVÆR,11,Rogaland,59.405468,5.8631,2,Ryfylke,
30,2017,11964,Ringja,rensefisk,,,1693,Bergnebb,2,deler av lokaliteten,1146,TYSVÆR,11,Rogaland,59.405468,5.8631,2,Ryfylke,
30,2017,11964,Ringja,rensefisk,,,1692,Annen leppefisk,186,deler av lokaliteten,1146,TYSVÆR,11,Rogaland,59.405468,5.8631,2,Ryfylke,
30,2017,11964,Ringja,rensefisk,,,1691,Berggylt,715,deler av lokaliteten,1146,TYSVÆR,11,Rogaland,59.405468,5.8631,2,Ryfylke,
30,2017,29276,Rongøy,rensefisk,,,1692,Annen leppefisk,260,deler av lokaliteten,1259,ØYGARDEN,12,Hordaland,60.509335,4.9317,4,Nordhordaland til Stadt,
30,2017,29276,Rongøy,rensefisk,,,1691,Berggylt,170,deler av lokaliteten,1259,ØYGARDEN,12,Hordaland,60.509335,4.9317,4,Nordhordaland til Stadt,
30,2017,29276,Rongøy,rensefisk,,,1693,Bergnebb,2347,deler av lokaliteten,1259,ØYGARDEN,12,Hordaland,60.509335,4.9317,4,Nordhordaland til Stadt,
30,2017,29276,Rongøy,rensefisk,,,1694,Grøngylt,240,deler av lokaliteten,1259,ØYGARDEN,12,Hordaland,60.509335,4.9317,4,Nordhordaland til Stadt,
30,2017,13612,Rundreimstranda,ikke-medikamentell,,,,,,hele lokaliteten,1441,SELJE,14,Sogn og Fjordane,62.009968,5.331917,4,Nordhordaland til Stadt,
30,2017,11888,Sandvik,rensefisk,,,1694,Grøngylt,1006,deler av lokaliteten,1134,SULDAL,11,Rogaland,59.31445,6.170917,2,Ryfylke,
30,2017,11888,Sandvik,rensefisk,,,1691,Berggylt,127,deler av lokaliteten,1134,SULDAL,11,Rogaland,59.31445,6.170917,2,Ryfylke,
30,2017,13035,Sauaneset I,rensefisk,,,1693,Bergnebb,1920,hele lokaliteten,1244,AUSTEVOLL,12,Hordaland,60.089085,5.267967,3,Karmøy til Sotra,
30,2017,11758,Sauøy Ø,rensefisk,,,1691,Berggylt,458,hele lokaliteten,1259,ØYGARDEN,12,Hordaland,60.592335,4.857833,4,Nordhordaland til Stadt,
30,2017,11758,Sauøy Ø,rensefisk,,,1693,Bergnebb,16273,hele lokaliteten,1259,ØYGARDEN,12,Hordaland,60.592335,4.857833,4,Nordhordaland til Stadt,
30,2017,11758,Sauøy Ø,rensefisk,,,222120,Rognkjeks (hun),57496,hele lokaliteten,1259,ØYGARDEN,12,Hordaland,60.592335,4.857833,4,Nordhordaland til Stadt,
30,2017,11758,Sauøy Ø,rensefisk,,,1694,Grøngylt,19558,hele lokaliteten,1259,ØYGARDEN,12,Hordaland,60.592335,4.857833,4,Nordhordaland til Stadt,
30,2017,19855,Segelråa,ikke-medikamentell,,,,,,deler av lokaliteten,1576,AURE,15,Møre og Romsdal,63.149746,8.12855,6,Nordmøre og Sør-Trøndelag,
30,2017,19855,Segelråa,rensefisk,,,1693,Bergnebb,11009,deler av lokaliteten,1576,AURE,15,Møre og Romsdal,63.149746,8.12855,6,Nordmøre og Sør-Trøndelag,
30,2017,19855,Segelråa,rensefisk,,,1694,Grøngylt,15202,deler av lokaliteten,1576,AURE,15,Møre og Romsdal,63.149746,8.12855,6,Nordmøre og Sør-Trøndelag,
30,2017,17015,Seglberget,rensefisk,,,1693,Bergnebb,20000,hele lokaliteten,1224,KVINNHERAD,12,Hordaland,59.730434,5.788733,3,Karmøy til Sotra,
30,2017,10216,Skåren,rensefisk,,,1693,Bergnebb,4467,deler av lokaliteten,1571,HALSA,15,Møre og Romsdal,63.076733,8.19315,6,Nordmøre og Sør-Trøndelag,
30,2017,12048,Skiftesneset N,rensefisk,,,1694,Grøngylt,5001,deler av lokaliteten,1241,FUSA,12,Hordaland,60.0711,5.736867,3,Karmøy til Sotra,
30,2017,20115,Skjerholmen N,rensefisk,,,1694,Grøngylt,1861,deler av lokaliteten,1245,SUND,12,Hordaland,60.2496,5.174017,3,Karmøy til Sotra,
30,2017,20115,Skjerholmen N,rensefisk,,,1691,Berggylt,1534,deler av lokaliteten,1245,SUND,12,Hordaland,60.2496,5.174017,3,Karmøy til Sotra,
30,2017,11640,Skorpeosen,rensefisk,,,1694,Grøngylt,6677,deler av lokaliteten,1246,FJELL,12,Hordaland,60.332535,4.942783,3,Karmøy til Sotra,
30,2017,11640,Skorpeosen,rensefisk,,,1693,Bergnebb,255,deler av lokaliteten,1246,FJELL,12,Hordaland,60.332535,4.942783,3,Karmøy til Sotra,
30,2017,11640,Skorpeosen,rensefisk,,,1692,Annen leppefisk,860,deler av lokaliteten,1246,FJELL,12,Hordaland,60.332535,4.942783,3,Karmøy til Sotra,
30,2017,11640,Skorpeosen,rensefisk,,,1691,Berggylt,118,deler av lokaliteten,1246,FJELL,12,Hordaland,60.332535,4.942783,3,Karmøy til Sotra,
30,2017,32877,Skorpo,rensefisk,,,1694,Grøngylt,10364,deler av lokaliteten,1243,OS I HORDALAND,12,Hordaland,60.173317,5.293683,3,Karmøy til Sotra,
30,2017,32877,Skorpo,rensefisk,,,1691,Berggylt,394,deler av lokaliteten,1243,OS I HORDALAND,12,Hordaland,60.173317,5.293683,3,Karmøy til Sotra,
30,2017,25896,Skorpo,rensefisk,,,1692,Annen leppefisk,30000,deler av lokaliteten,1223,TYSNES,12,Hordaland,59.875767,5.638817,3,Karmøy til Sotra,
30,2017,12108,Skorpo Nv,ikke-medikamentell,,,,,,deler av lokaliteten,1224,KVINNHERAD,12,Hordaland,59.95323,5.827133,3,Karmøy til Sotra,
30,2017,26155,Slåttholmen,rensefisk,,,1693,Bergnebb,24881,hele lokaliteten,1612,HEMNE,16,Sør-Trøndelag,63.44779,8.958173,6,Nordmøre og Sør-Trøndelag,
30,2017,27436,Solværet,ikke-medikamentell,,,,,,deler av lokaliteten,1573,SMØLA,15,Møre og Romsdal,63.255,7.856933,6,Nordmøre og Sør-Trøndelag,
30,2017,13032,Sølvøyane,ikke-medikamentell,,,,,,deler av lokaliteten,1219,BØMLO,12,Hordaland,59.609516,5.133367,3,Karmøy til Sotra,
30,2017,23375,Sørevik,medikamentell,badebehandling,Cypermethrin,,,,deler av lokaliteten,1416,HØYANGER,14,Sogn og Fjordane,61.099983,5.729967,4,Nordhordaland til Stadt,
30,2017,30537,Steinflesa,ikke-medikamentell,,,,,,deler av lokaliteten,1755,LEKA,17,Nord-Trøndelag,65.1345,11.51565,7,Nord-Trøndelag med Bindal,
30,2017,10974,Store Bukkøy N,rensefisk,,,1694,Grøngylt,3850,deler av lokaliteten,1834,LURØY,18,Nordland,66.40135,12.420717,8,Helgeland til Bodø,
30,2017,10974,Store Bukkøy N,rensefisk,,,1693,Bergnebb,7000,deler av lokaliteten,1834,LURØY,18,Nordland,66.40135,12.420717,8,Helgeland til Bodø,
30,2017,31338,Storskjeret,ikke-medikamentell,,,,,,deler av lokaliteten,1576,AURE,15,Møre og Romsdal,63.26985,8.228283,6,Nordmøre og Sør-Trøndelag,
30,2017,19016,Storskogøya,medikamentell,fôrbehandling,Emamectin benzoat,,,,deler av lokaliteten,1613,SNILLFJORD,16,Sør-Trøndelag,63.506065,9.19075,6,Nordmøre og Sør-Trøndelag,
30,2017,19016,Storskogøya,rensefisk,,,222120,Rognkjeks (hun),38898,hele lokaliteten,1613,SNILLFJORD,16,Sør-Trøndelag,63.506065,9.19075,6,Nordmøre og Sør-Trøndelag,
30,2017,26235,Stualand,rensefisk,,,1693,Bergnebb,32,deler av lokaliteten,1216,SVEIO,12,Hordaland,59.6088,5.5269,3,Karmøy til Sotra,
30,2017,26235,Stualand,rensefisk,,,1694,Grøngylt,152,deler av lokaliteten,1216,SVEIO,12,Hordaland,59.6088,5.5269,3,Karmøy til Sotra,
30,2017,26235,Stualand,rensefisk,,,1692,Annen leppefisk,12,deler av lokaliteten,1216,SVEIO,12,Hordaland,59.6088,5.5269,3,Karmøy til Sotra,
30,2017,26235,Stualand,rensefisk,,,1691,Berggylt,4,deler av lokaliteten,1216,SVEIO,12,Hordaland,59.6088,5.5269,3,Karmøy til Sotra,
30,2017,22955,Svollandsneset,rensefisk,,,1694,Grøngylt,8397,deler av lokaliteten,1160,VINDAFJORD,11,Rogaland,59.685,5.589917,3,Karmøy til Sotra,
30,2017,22955,Svollandsneset,rensefisk,,,1693,Bergnebb,6259,deler av lokaliteten,1160,VINDAFJORD,11,Rogaland,59.685,5.589917,3,Karmøy til Sotra,
30,2017,10582,Tarmevikodden,rensefisk,,,169520,Rødnebb,139,hele lokaliteten,1004,FLEKKEFJORD,10,Vest-Agder,58.21977,6.685633,1,Svenskegrensen til Jæren,
30,2017,10582,Tarmevikodden,rensefisk,,,1694,Grøngylt,2574,hele lokaliteten,1004,FLEKKEFJORD,10,Vest-Agder,58.21977,6.685633,1,Svenskegrensen til Jæren,
30,2017,10582,Tarmevikodden,rensefisk,,,1691,Berggylt,1955,hele lokaliteten,1004,FLEKKEFJORD,10,Vest-Agder,58.21977,6.685633,1,Svenskegrensen til Jæren,
30,2017,13057,Teigland I,rensefisk,,,1694,Grøngylt,1200,deler av lokaliteten,1238,KVAM,12,Hordaland,60.17935,5.959917,3,Karmøy til Sotra,
30,2017,13057,Teigland I,rensefisk,,,1693,Bergnebb,1250,deler av lokaliteten,1238,KVAM,12,Hordaland,60.17935,5.959917,3,Karmøy til Sotra,
30,2017,13057,Teigland I,rensefisk,,,1691,Berggylt,300,deler av lokaliteten,1238,KVAM,12,Hordaland,60.17935,5.959917,3,Karmøy til Sotra,
30,2017,25815,Tittelsnes,rensefisk,,,1694,Grøngylt,796,deler av lokaliteten,1216,SVEIO,12,Hordaland,59.72365,5.534383,3,Karmøy til Sotra,
30,2017,25815,Tittelsnes,rensefisk,,,1693,Bergnebb,119,deler av lokaliteten,1216,SVEIO,12,Hordaland,59.72365,5.534383,3,Karmøy til Sotra,
30,2017,17575,Tollaksholmen,rensefisk,,,1692,Annen leppefisk,6005,deler av lokaliteten,1145,BOKN,11,Rogaland,59.2522,5.390517,2,Ryfylke,
30,2017,17575,Tollaksholmen,rensefisk,,,1691,Berggylt,981,deler av lokaliteten,1145,BOKN,11,Rogaland,59.2522,5.390517,2,Ryfylke,
30,2017,29336,Trælsøyosen,rensefisk,,,1691,Berggylt,2705,deler av lokaliteten,1244,AUSTEVOLL,12,Hordaland,60.1178,5.2702,3,Karmøy til Sotra,
30,2017,29336,Trælsøyosen,rensefisk,,,1694,Grøngylt,29500,deler av lokaliteten,1244,AUSTEVOLL,12,Hordaland,60.1178,5.2702,3,Karmøy til Sotra,
30,2017,29336,Trælsøyosen,rensefisk,,,1692,Annen leppefisk,3979,deler av lokaliteten,1244,AUSTEVOLL,12,Hordaland,60.1178,5.2702,3,Karmøy til Sotra,
30,2017,30560,Tristeinen,ikke-medikamentell,,,,,,deler av lokaliteten,1627,BJUGN,16,Sør-Trøndelag,63.86895,9.6204,6,Nordmøre og Sør-Trøndelag,
30,2017,13570,Ulværholmen,rensefisk,,,1691,Berggylt,1705,deler av lokaliteten,1617,HITRA,16,Sør-Trøndelag,63.598217,9.116583,6,Nordmøre og Sør-Trøndelag,
30,2017,36337,Vardskjæret S,rensefisk,,,1693,Bergnebb,8250,deler av lokaliteten,1834,LURØY,18,Nordland,66.35017,12.469267,8,Helgeland til Bodø,
30,2017,36337,Vardskjæret S,rensefisk,,,1694,Grøngylt,3700,deler av lokaliteten,1834,LURØY,18,Nordland,66.35017,12.469267,8,Helgeland til Bodø,
30,2017,36337,Vardskjæret S,rensefisk,,,1691,Berggylt,473,deler av lokaliteten,1834,LURØY,18,Nordland,66.35017,12.469267,8,Helgeland til Bodø,
30,2017,13837,Verpeide,rensefisk,,,1694,Grøngylt,2757,deler av lokaliteten,1439,VÅGSØY,14,Sogn og Fjordane,61.902218,5.209233,4,Nordhordaland til Stadt,
30,2017,13837,Verpeide,rensefisk,,,1693,Bergnebb,30084,deler av lokaliteten,1439,VÅGSØY,14,Sogn og Fjordane,61.902218,5.209233,4,Nordhordaland til Stadt,
30,2017,12885,Vikageilen,rensefisk,,,1691,Berggylt,3576,hele lokaliteten,1505,KRISTIANSUND,15,Møre og Romsdal,63.075783,7.906067,6,Nordmøre og Sør-Trøndelag,
30,2017,13226,Vindsvik,rensefisk,,,1694,Grøngylt,10006,deler av lokaliteten,1133,HJELMELAND,11,Rogaland,59.299816,6.322467,2,Ryfylke,
30,2017,13226,Vindsvik,rensefisk,,,1693,Bergnebb,668,deler av lokaliteten,1133,HJELMELAND,11,Rogaland,59.299816,6.322467,2,Ryfylke,
30,2017,13226,Vindsvik,rensefisk,,,1692,Annen leppefisk,196,deler av lokaliteten,1133,HJELMELAND,11,Rogaland,59.299816,6.322467,2,Ryfylke,
30,2017,13226,Vindsvik,rensefisk,,,1691,Berggylt,159,deler av lokaliteten,1133,HJELMELAND,11,Rogaland,59.299816,6.322467,2,Ryfylke,
30,2017,17495,Vullum,ikke-medikamentell,,,,,,deler av lokaliteten,1571,HALSA,15,Møre og Romsdal,63.04895,8.21635,6,Nordmøre og Sør-Trøndelag,
30,2017,17495,Vullum,rensefisk,,,222120,Rognkjeks (hun),184,deler av lokaliteten,1571,HALSA,15,Møre og Romsdal,63.04895,8.21635,6,Nordmøre og Sør-Trøndelag,
30,2017,17495,Vullum,rensefisk,,,1693,Bergnebb,10882,deler av lokaliteten,1571,HALSA,15,Møre og Romsdal,63.04895,8.21635,6,Nordmøre og Sør-Trøndelag,
29,2017,10331,Åkre,ikke-medikamentell,,,,,,deler av lokaliteten,1224,KVINNHERAD,12,Hordaland,60.112434,6.042483,3,Karmøy til Sotra,
29,2017,11364,Årberg,medikamentell,fôrbehandling,Emamectin benzoat,,,,deler av lokaliteten,1928,TORSKEN,19,Troms,69.1959,16.91595,10,Andøya til Senja,
29,2017,12988,Aukrasanden,ikke-medikamentell,,,,,,deler av lokaliteten,1547,AUKRA,15,Møre og Romsdal,62.783417,6.92605,5,Stadt til Hustadvika,
29,2017,11930,Bjelkavik,rensefisk,,,1692,Annen leppefisk,20000,hele lokaliteten,1134,SULDAL,11,Rogaland,59.45165,5.991917,2,Ryfylke,
29,2017,10212,Bogen,rensefisk,,,222120,Rognkjeks (hun),11231,deler av lokaliteten,1505,KRISTIANSUND,15,Møre og Romsdal,63.077667,7.90345,6,Nordmøre og Sør-Trøndelag,
29,2017,13284,Bollhaugen,rensefisk,,,2221,Rognkjeks (felles),4500,hele lokaliteten,1827,DØNNA,18,Nordland,66.11311,12.487683,8,Helgeland til Bodø,
29,2017,15796,Borgarliflot,rensefisk,,,1692,Annen leppefisk,20000,hele lokaliteten,1134,SULDAL,11,Rogaland,59.3892,5.924733,2,Ryfylke,
29,2017,28336,Breivika,medikamentell,fôrbehandling,Emamectin benzoat,,,,hele lokaliteten,1827,DØNNA,18,Nordland,66.1609,12.681467,8,Helgeland til Bodø,
29,2017,32897,Breivika S,medikamentell,fôrbehandling,Emamectin benzoat,,,,hele lokaliteten,1827,DØNNA,18,Nordland,66.1581,12.682017,8,Helgeland til Bodø,
29,2017,10223,Bremnessvaet,medikamentell,badebehandling,Annet virkestoff,,,,hele lokaliteten,1573,SMØLA,15,Møre og Romsdal,63.39795,8.214317,6,Nordmøre og Sør-Trøndelag,
29,2017,10223,Bremnessvaet,ikke-medikamentell,,,,,,deler av lokaliteten,1573,SMØLA,15,Møre og Romsdal,63.39795,8.214317,6,Nordmøre og Sør-Trøndelag,
29,2017,12466,Brettingen,medikamentell,badebehandling,Annet virkestoff,,,,deler av lokaliteten,1573,SMØLA,15,Møre og Romsdal,63.3582,8.237267,6,Nordmøre og Sør-Trøndelag,
29,2017,12466,Brettingen,ikke-medikamentell,,,,,,deler av lokaliteten,1573,SMØLA,15,Møre og Romsdal,63.3582,8.237267,6,Nordmøre og Sør-Trøndelag,
29,2017,31038,Buarøy,rensefisk,,,1691,Berggylt,356,deler av lokaliteten,1245,SUND,12,Hordaland,60.220066,5.21455,3,Karmøy til Sotra,
29,2017,31038,Buarøy,rensefisk,,,1694,Grøngylt,1470,deler av lokaliteten,1245,SUND,12,Hordaland,60.220066,5.21455,3,Karmøy til Sotra,
29,2017,31038,Buarøy,rensefisk,,,1693,Bergnebb,4759,deler av lokaliteten,1245,SUND,12,Hordaland,60.220066,5.21455,3,Karmøy til Sotra,
29,2017,31038,Buarøy,rensefisk,,,1692,Annen leppefisk,1858,deler av lokaliteten,1245,SUND,12,Hordaland,60.220066,5.21455,3,Karmøy til Sotra,
29,2017,11543,Buholmen,rensefisk,,,1694,Grøngylt,14296,deler av lokaliteten,1244,AUSTEVOLL,12,Hordaland,60.020916,5.081517,3,Karmøy til Sotra,
29,2017,11543,Buholmen,rensefisk,,,1692,Annen leppefisk,5651,deler av lokaliteten,1244,AUSTEVOLL,12,Hordaland,60.020916,5.081517,3,Karmøy til Sotra,
29,2017,11543,Buholmen,rensefisk,,,1691,Berggylt,2592,deler av lokaliteten,1244,AUSTEVOLL,12,Hordaland,60.020916,5.081517,3,Karmøy til Sotra,
29,2017,14799,Djupestallen,ikke-medikamentell,,,,,,deler av lokaliteten,1223,TYSNES,12,Hordaland,60.058735,5.453,3,Karmøy til Sotra,
29,2017,14799,Djupestallen,rensefisk,,,1691,Berggylt,343,deler av lokaliteten,1223,TYSNES,12,Hordaland,60.058735,5.453,3,Karmøy til Sotra,
29,2017,14799,Djupestallen,rensefisk,,,1692,Annen leppefisk,283,deler av lokaliteten,1223,TYSNES,12,Hordaland,60.058735,5.453,3,Karmøy til Sotra,
29,2017,14799,Djupestallen,rensefisk,,,1694,Grøngylt,2628,deler av lokaliteten,1223,TYSNES,12,Hordaland,60.058735,5.453,3,Karmøy til Sotra,
29,2017,12236,Endal Ø,ikke-medikamentell,,,,,,deler av lokaliteten,1438,BREMANGER,14,Sogn og Fjordane,61.9076,5.493317,4,Nordhordaland til Stadt,
29,2017,31157,Fiksneset,rensefisk,,,2221,Rognkjeks (felles),14953,hele lokaliteten,1245,SUND,12,Hordaland,60.176884,5.124833,3,Karmøy til Sotra,
29,2017,13527,Finnkjerka,rensefisk,,,2221,Rognkjeks (felles),41000,hele lokaliteten,1866,HADSEL,18,Nordland,68.33945,15.0358,9,Vestfjorden og Vesterålen,
29,2017,19336,Flatholmen,rensefisk,,,1692,Annen leppefisk,34000,hele lokaliteten,1106,HAUGESUND,11,Rogaland,59.4293,5.114483,3,Karmøy til Sotra,
29,2017,25835,Flatøyflu,rensefisk,,,1692,Annen leppefisk,600,deler av lokaliteten,1244,AUSTEVOLL,12,Hordaland,60.156033,5.2315,3,Karmøy til Sotra,
29,2017,25835,Flatøyflu,rensefisk,,,1694,Grøngylt,8779,deler av lokaliteten,1244,AUSTEVOLL,12,Hordaland,60.156033,5.2315,3,Karmøy til Sotra,
29,2017,25835,Flatøyflu,rensefisk,,,1691,Berggylt,1179,deler av lokaliteten,1244,AUSTEVOLL,12,Hordaland,60.156033,5.2315,3,Karmøy til Sotra,
29,2017,11893,Fosså,rensefisk,,,1694,Grøngylt,1700,deler av lokaliteten,1133,HJELMELAND,11,Rogaland,59.2699,6.14295,2,Ryfylke,
29,2017,11893,Fosså,rensefisk,,,1691,Berggylt,747,deler av lokaliteten,1133,HJELMELAND,11,Rogaland,59.2699,6.14295,2,Ryfylke,
29,2017,31437,Fuglåsen,ikke-medikamentell,,,,,,deler av lokaliteten,1573,SMØLA,15,Møre og Romsdal,63.44715,8.167767,6,Nordmøre og Sør-Trøndelag,
29,2017,10747,Futnes,rensefisk,,,222120,Rognkjeks (hun),35189,deler av lokaliteten,1936,KARLSØY,19,Troms,69.95137,19.587868,11,Kvaløya til Loppa,
29,2017,13852,Gjermundnes,ikke-medikamentell,,,,,,deler av lokaliteten,1535,VESTNES,15,Møre og Romsdal,62.6275,7.192817,5,Stadt til Hustadvika,
29,2017,11559,Grimsholmen,rensefisk,,,1692,Annen leppefisk,398,hele lokaliteten,1216,SVEIO,12,Hordaland,59.65735,5.404167,3,Karmøy til Sotra,
29,2017,11559,Grimsholmen,rensefisk,,,1693,Bergnebb,10048,hele lokaliteten,1216,SVEIO,12,Hordaland,59.65735,5.404167,3,Karmøy til Sotra,
29,2017,11559,Grimsholmen,rensefisk,,,1694,Grøngylt,7363,hele lokaliteten,1216,SVEIO,12,Hordaland,59.65735,5.404167,3,Karmøy til Sotra,
29,2017,10318,Gulestø,ikke-medikamentell,,,,,,deler av lokaliteten,1438,BREMANGER,14,Sogn og Fjordane,61.75802,5.069883,4,Nordhordaland til Stadt,
29,2017,24735,Gulholmen,rensefisk,,,1691,Berggylt,600,deler av lokaliteten,1243,OS I HORDALAND,12,Hordaland,60.1282,5.400467,3,Karmøy til Sotra,
29,2017,24735,Gulholmen,rensefisk,,,1694,Grøngylt,1800,deler av lokaliteten,1243,OS I HORDALAND,12,Hordaland,60.1282,5.400467,3,Karmøy til Sotra,
29,2017,24735,Gulholmen,rensefisk,,,1692,Annen leppefisk,500,deler av lokaliteten,1243,OS I HORDALAND,12,Hordaland,60.1282,5.400467,3,Karmøy til Sotra,
29,2017,11643,Hatlem Ø,medikamentell,badebehandling,Deltamethrin,,,,deler av lokaliteten,1413,HYLLESTAD,14,Sogn og Fjordane,61.200916,5.262117,4,Nordhordaland til Stadt,
29,2017,36178,Haukøya Ø,medikamentell,fôrbehandling,Emamectin benzoat,,,,hele lokaliteten,1941,SKJERVØY,19,Troms,70.046135,21.282034,11,Kvaløya til Loppa,
29,2017,10194,Hellaren,ikke-medikamentell,,,,,,deler av lokaliteten,1545,MIDSUND,15,Møre og Romsdal,62.735832,6.74745,5,Stadt til Hustadvika,
29,2017,18015,Hestabyneset,rensefisk,,,1694,Grøngylt,3196,deler av lokaliteten,1223,TYSNES,12,Hordaland,59.953632,5.4514,3,Karmøy til Sotra,
29,2017,18015,Hestabyneset,rensefisk,,,1691,Berggylt,4758,deler av lokaliteten,1223,TYSNES,12,Hordaland,59.953632,5.4514,3,Karmøy til Sotra,
29,2017,14136,Hestholmen Ø,ikke-medikamentell,,,,,,deler av lokaliteten,1144,KVITSØY,11,Rogaland,59.061516,5.445683,2,Ryfylke,
29,2017,14136,Hestholmen Ø,rensefisk,,,1694,Grøngylt,12705,deler av lokaliteten,1144,KVITSØY,11,Rogaland,59.061516,5.445683,2,Ryfylke,
29,2017,14136,Hestholmen Ø,rensefisk,,,1691,Berggylt,5720,deler av lokaliteten,1144,KVITSØY,11,Rogaland,59.061516,5.445683,2,Ryfylke,
29,2017,12871,Hogsnes,ikke-medikamentell,,,,,,deler av lokaliteten,1554,AVERØY,15,Møre og Romsdal,63.093033,7.675883,6,Nordmøre og Sør-Trøndelag,
29,2017,30377,Hogsneset N,ikke-medikamentell,,,,,,deler av lokaliteten,1554,AVERØY,15,Møre og Romsdal,63.099934,7.670267,6,Nordmøre og Sør-Trøndelag,
29,2017,12035,Hondskår,rensefisk,,,1694,Grøngylt,11645,deler av lokaliteten,1224,KVINNHERAD,12,Hordaland,60.10687,5.939133,3,Karmøy til Sotra,
29,2017,19939,Høysteinen,ikke-medikamentell,,,,,,deler av lokaliteten,1224,KVINNHERAD,12,Hordaland,60.157417,6.050117,3,Karmøy til Sotra,
29,2017,27095,Ihlholmen,rensefisk,,,1692,Annen leppefisk,30000,hele lokaliteten,1160,VINDAFJORD,11,Rogaland,59.7215,5.586633,3,Karmøy til Sotra,
29,2017,10876,Istervika,rensefisk,,,2221,Rognkjeks (felles),49698,deler av lokaliteten,1813,BRØNNØY,18,Nordland,65.446884,12.56175,8,Helgeland til Bodø,
29,2017,26495,Jevik,medikamentell,fôrbehandling,Emamectin benzoat,,,,hele lokaliteten,1854,BALLANGEN,18,Nordland,68.412636,16.526934,9,Vestfjorden og Vesterålen,
29,2017,30036,Jørstadskjera,ikke-medikamentell,,,,,,deler av lokaliteten,1141,FINNØY,11,Rogaland,59.296318,5.936933,2,Ryfylke,
29,2017,30036,Jørstadskjera,rensefisk,,,1694,Grøngylt,529,deler av lokaliteten,1141,FINNØY,11,Rogaland,59.296318,5.936933,2,Ryfylke,
29,2017,30036,Jørstadskjera,rensefisk,,,1693,Bergnebb,8,deler av lokaliteten,1141,FINNØY,11,Rogaland,59.296318,5.936933,2,Ryfylke,
29,2017,30036,Jørstadskjera,rensefisk,,,1691,Berggylt,217,deler av lokaliteten,1141,FINNØY,11,Rogaland,59.296318,5.936933,2,Ryfylke,
29,2017,31757,Kasteberget,medikamentell,badebehandling,Hydrogenperoksid,,,,deler av lokaliteten,1917,IBESTAD,19,Troms,68.79125,16.914017,10,Andøya til Senja,
29,2017,28976,Kelvesteinen,rensefisk,,,222120,Rognkjeks (hun),55191,deler av lokaliteten,1246,FJELL,12,Hordaland,60.4029,5.063717,3,Karmøy til Sotra,
29,2017,13573,Kistvika,ikke-medikamentell,,,,,,deler av lokaliteten,1612,HEMNE,16,Sør-Trøndelag,63.38117,9.164317,6,Nordmøre og Sør-Trøndelag,
29,2017,11913,Kjeahola,ikke-medikamentell,,,,,,deler av lokaliteten,1141,FINNØY,11,Rogaland,59.2933,6.0729,2,Ryfylke,
29,2017,24455,Klavelandet,ikke-medikamentell,,,,,,hele lokaliteten,1401,FLORA,14,Sogn og Fjordane,61.60395,5.186533,4,Nordhordaland til Stadt,
29,2017,13764,Kokvika,ikke-medikamentell,,,,,,deler av lokaliteten,1834,LURØY,18,Nordland,66.41282,12.956867,8,Helgeland til Bodø,
29,2017,30297,Krabbholmen,ikke-medikamentell,,,,,,deler av lokaliteten,1630,ÅFJORD,16,Sør-Trøndelag,63.94438,9.880667,6,Nordmøre og Sør-Trøndelag,
29,2017,33177,Krabbholmen II,ikke-medikamentell,,,,,,deler av lokaliteten,1630,ÅFJORD,16,Sør-Trøndelag,63.94,9.886633,6,Nordmøre og Sør-Trøndelag,
29,2017,11714,Kvernhusvika,ikke-medikamentell,,,,,,hele lokaliteten,1412,SOLUND,14,Sogn og Fjordane,61.0678,4.94225,4,Nordhordaland til Stadt,
29,2017,36457,Kvingra,ikke-medikamentell,,,,,,hele lokaliteten,1755,LEKA,17,Nord-Trøndelag,65.20317,11.569,7,Nord-Trøndelag med Bindal,
29,2017,20595,Kyrholmen S,rensefisk,,,1693,Bergnebb,1122,deler av lokaliteten,1244,AUSTEVOLL,12,Hordaland,60.161583,5.207633,3,Karmøy til Sotra,
29,2017,20595,Kyrholmen S,rensefisk,,,1691,Berggylt,2854,deler av lokaliteten,1244,AUSTEVOLL,12,Hordaland,60.161583,5.207633,3,Karmøy til Sotra,
29,2017,20595,Kyrholmen S,rensefisk,,,1692,Annen leppefisk,4722,deler av lokaliteten,1244,AUSTEVOLL,12,Hordaland,60.161583,5.207633,3,Karmøy til Sotra,
29,2017,20595,Kyrholmen S,rensefisk,,,1694,Grøngylt,18496,deler av lokaliteten,1244,AUSTEVOLL,12,Hordaland,60.161583,5.207633,3,Karmøy til Sotra,
29,2017,30076,Kyrøyene,rensefisk,,,222120,Rognkjeks (hun),43605,hele lokaliteten,1750,VIKNA,17,Nord-Trøndelag,64.764015,10.806633,7,Nord-Trøndelag med Bindal,
29,2017,34457,Langås,rensefisk,,,222120,Rognkjeks (hun),31584,deler av lokaliteten,1936,KARLSØY,19,Troms,70.01058,19.666616,11,Kvaløya til Loppa,
29,2017,11116,Langholmen,medikamentell,fôrbehandling,Emamectin benzoat,,,,deler av lokaliteten,1838,GILDESKÅL,18,Nordland,67.05783,14.025333,8,Helgeland til Bodø,
29,2017,26295,Langøy,rensefisk,,,1694,Grøngylt,6351,deler av lokaliteten,1263,LINDÅS,12,Hordaland,60.779133,5.1608,4,Nordhordaland til Stadt,
29,2017,26295,Langøy,rensefisk,,,1691,Berggylt,596,deler av lokaliteten,1263,LINDÅS,12,Hordaland,60.779133,5.1608,4,Nordhordaland til Stadt,
29,2017,20559,Langskjæra,medikamentell,fôrbehandling,Emamectin benzoat,,,,hele lokaliteten,1620,FRØYA,16,Sør-Trøndelag,63.8225,8.75505,6,Nordmøre og Sør-Trøndelag,
29,2017,28036,Langskjæran,ikke-medikamentell,,,,,,hele lokaliteten,1838,GILDESKÅL,18,Nordland,67.118385,13.898417,8,Helgeland til Bodø,
29,2017,11438,Lauplandsholmen,rensefisk,,,1693,Bergnebb,22576,deler av lokaliteten,1145,BOKN,11,Rogaland,59.179733,5.472633,2,Ryfylke,
29,2017,12870,Leite,rensefisk,,,2221,Rognkjeks (felles),49706,deler av lokaliteten,1554,AVERØY,15,Møre og Romsdal,63.035984,7.678117,6,Nordmøre og Sør-Trøndelag,
29,2017,28396,Lindarholmen,rensefisk,,,1692,Annen leppefisk,15000,hele lokaliteten,1223,TYSNES,12,Hordaland,60.084034,5.638667,3,Karmøy til Sotra,
29,2017,10292,Lyklingholmen N,rensefisk,,,1692,Annen leppefisk,1057,deler av lokaliteten,1219,BØMLO,12,Hordaland,59.714535,5.15405,3,Karmøy til Sotra,
29,2017,10292,Lyklingholmen N,rensefisk,,,1691,Berggylt,618,deler av lokaliteten,1219,BØMLO,12,Hordaland,59.714535,5.15405,3,Karmøy til Sotra,
29,2017,10292,Lyklingholmen N,rensefisk,,,1694,Grøngylt,5931,deler av lokaliteten,1219,BØMLO,12,Hordaland,59.714535,5.15405,3,Karmøy til Sotra,
29,2017,32057,Lyngøy,rensefisk,,,222120,Rognkjeks (hun),12988,hele lokaliteten,1750,VIKNA,17,Nord-Trøndelag,64.81865,10.935217,7,Nord-Trøndelag med Bindal,
29,2017,13541,Midtflua,ikke-medikamentell,,,,,,deler av lokaliteten,1223,TYSNES,12,Hordaland,60.076267,5.466533,3,Karmøy til Sotra,
29,2017,13541,Midtflua,rensefisk,,,1691,Berggylt,2726,deler av lokaliteten,1223,TYSNES,12,Hordaland,60.076267,5.466533,3,Karmøy til Sotra,
29,2017,13541,Midtflua,rensefisk,,,1692,Annen leppefisk,3201,deler av lokaliteten,1223,TYSNES,12,Hordaland,60.076267,5.466533,3,Karmøy til Sotra,
29,2017,13541,Midtflua,rensefisk,,,1694,Grøngylt,18595,deler av lokaliteten,1223,TYSNES,12,Hordaland,60.076267,5.466533,3,Karmøy til Sotra,
29,2017,29957,Nakkestad,rensefisk,,,1694,Grøngylt,2500,hele lokaliteten,1032,LYNGDAL,10,Vest-Agder,58.055832,7.06875,1,Svenskegrensen til Jæren,
29,2017,29957,Nakkestad,rensefisk,,,1693,Bergnebb,11000,hele lokaliteten,1032,LYNGDAL,10,Vest-Agder,58.055832,7.06875,1,Svenskegrensen til Jæren,
29,2017,11611,Naveide,rensefisk,,,1691,Berggylt,501,deler av lokaliteten,1244,AUSTEVOLL,12,Hordaland,60.13907,5.112783,3,Karmøy til Sotra,
29,2017,11611,Naveide,rensefisk,,,1692,Annen leppefisk,3793,deler av lokaliteten,1244,AUSTEVOLL,12,Hordaland,60.13907,5.112783,3,Karmøy til Sotra,
29,2017,11611,Naveide,rensefisk,,,1694,Grøngylt,10752,deler av lokaliteten,1244,AUSTEVOLL,12,Hordaland,60.13907,5.112783,3,Karmøy til Sotra,
29,2017,11611,Naveide,rensefisk,,,1693,Bergnebb,1687,deler av lokaliteten,1244,AUSTEVOLL,12,Hordaland,60.13907,5.112783,3,Karmøy til Sotra,
29,2017,11041,Nord Gåsvær,ikke-medikamentell,,,,,,hele lokaliteten,1818,HERØY I NORDLAND,18,Nordland,66.07035,12.065617,8,Helgeland til Bodø,
29,2017,14019,Øksningen,ikke-medikamentell,,,,,,deler av lokaliteten,1811,BINDAL,18,Nordland,65.13924,12.31975,7,Nord-Trøndelag med Bindal,
29,2017,27876,Olderbakken,medikamentell,fôrbehandling,Emamectin benzoat,,,,hele lokaliteten,1812,SØMNA,18,Nordland,65.31118,12.368633,7,Nord-Trøndelag med Bindal,
29,2017,10136,Onarøy,rensefisk,,,1692,Annen leppefisk,10000,deler av lokaliteten,1223,TYSNES,12,Hordaland,59.95335,5.669683,3,Karmøy til Sotra,
29,2017,13888,Osholmen,ikke-medikamentell,,,,,,hele lokaliteten,1617,HITRA,16,Sør-Trøndelag,63.661983,9.135583,6,Nordmøre og Sør-Trøndelag,
29,2017,28636,Rataren,rensefisk,,,222120,Rognkjeks (hun),2841,deler av lokaliteten,1620,FRØYA,16,Sør-Trøndelag,63.780884,8.517383,6,Nordmøre og Sør-Trøndelag,
29,2017,31959,Rataren II,rensefisk,,,222120,Rognkjeks (hun),14117,deler av lokaliteten,1620,FRØYA,16,Sør-Trøndelag,63.782383,8.52635,6,Nordmøre og Sør-Trøndelag,
29,2017,13867,Raunevågen,rensefisk,,,1691,Berggylt,1686,deler av lokaliteten,1216,SVEIO,12,Hordaland,59.65798,5.533667,3,Karmøy til Sotra,
29,2017,13867,Raunevågen,rensefisk,,,1692,Annen leppefisk,3289,deler av lokaliteten,1216,SVEIO,12,Hordaland,59.65798,5.533667,3,Karmøy til Sotra,
29,2017,13867,Raunevågen,rensefisk,,,1694,Grøngylt,5878,deler av lokaliteten,1216,SVEIO,12,Hordaland,59.65798,5.533667,3,Karmøy til Sotra,
29,2017,29896,Renndalen,rensefisk,,,222120,Rognkjeks (hun),33952,deler av lokaliteten,1571,HALSA,15,Møre og Romsdal,63.176167,8.616817,6,Nordmøre og Sør-Trøndelag,
29,2017,30657,Revøy,rensefisk,,,1693,Bergnebb,16000,hele lokaliteten,1032,LYNGDAL,10,Vest-Agder,58.0243,7.0268,1,Svenskegrensen til Jæren,
29,2017,11964,Ringja,rensefisk,,,1694,Grøngylt,944,deler av lokaliteten,1146,TYSVÆR,11,Rogaland,59.405468,5.8631,2,Ryfylke,
29,2017,11964,Ringja,rensefisk,,,1693,Bergnebb,2,deler av lokaliteten,1146,TYSVÆR,11,Rogaland,59.405468,5.8631,2,Ryfylke,
29,2017,11964,Ringja,rensefisk,,,1692,Annen leppefisk,37,deler av lokaliteten,1146,TYSVÆR,11,Rogaland,59.405468,5.8631,2,Ryfylke,
29,2017,11964,Ringja,rensefisk,,,1691,Berggylt,132,deler av lokaliteten,1146,TYSVÆR,11,Rogaland,59.405468,5.8631,2,Ryfylke,
29,2017,29276,Rongøy,rensefisk,,,1692,Annen leppefisk,476,deler av lokaliteten,1259,ØYGARDEN,12,Hordaland,60.509335,4.9317,4,Nordhordaland til Stadt,
29,2017,29276,Rongøy,rensefisk,,,1691,Berggylt,873,deler av lokaliteten,1259,ØYGARDEN,12,Hordaland,60.509335,4.9317,4,Nordhordaland til Stadt,
29,2017,29276,Rongøy,rensefisk,,,1693,Bergnebb,13796,deler av lokaliteten,1259,ØYGARDEN,12,Hordaland,60.509335,4.9317,4,Nordhordaland til Stadt,
29,2017,29276,Rongøy,rensefisk,,,1694,Grøngylt,1873,deler av lokaliteten,1259,ØYGARDEN,12,Hordaland,60.509335,4.9317,4,Nordhordaland til Stadt,
29,2017,16015,Russelva,medikamentell,fôrbehandling,Emamectin benzoat,,,,hele lokaliteten,1942,NORDREISA,19,Troms,69.88975,20.769016,11,Kvaløya til Loppa,
29,2017,11888,Sandvik,rensefisk,,,1694,Grøngylt,3089,deler av lokaliteten,1134,SULDAL,11,Rogaland,59.31445,6.170917,2,Ryfylke,
29,2017,11888,Sandvik,rensefisk,,,1691,Berggylt,310,deler av lokaliteten,1134,SULDAL,11,Rogaland,59.31445,6.170917,2,Ryfylke,
29,2017,11758,Sauøy Ø,rensefisk,,,1693,Bergnebb,4571,deler av lokaliteten,1259,ØYGARDEN,12,Hordaland,60.592335,4.857833,4,Nordhordaland til Stadt,
29,2017,11758,Sauøy Ø,rensefisk,,,1692,Annen leppefisk,1044,deler av lokaliteten,1259,ØYGARDEN,12,Hordaland,60.592335,4.857833,4,Nordhordaland til Stadt,
29,2017,11758,Sauøy Ø,rensefisk,,,1694,Grøngylt,9411,deler av lokaliteten,1259,ØYGARDEN,12,Hordaland,60.592335,4.857833,4,Nordhordaland til Stadt,
29,2017,19855,Segelråa,ikke-medikamentell,,,,,,deler av lokaliteten,1576,AURE,15,Møre og Romsdal,63.149746,8.12855,6,Nordmøre og Sør-Trøndelag,
29,2017,17015,Seglberget,rensefisk,,,1692,Annen leppefisk,35000,hele lokaliteten,1224,KVINNHERAD,12,Hordaland,59.730434,5.788733,3,Karmøy til Sotra,
29,2017,10398,Seiskjæra,ikke-medikamentell,,,,,,deler av lokaliteten,1630,ÅFJORD,16,Sør-Trøndelag,64.09225,10.115983,6,Nordmøre og Sør-Trøndelag,
29,2017,12244,Setevika,ikke-medikamentell,,,,,,deler av lokaliteten,1545,MIDSUND,15,Møre og Romsdal,62.728065,6.939283,5,Stadt til Hustadvika,
29,2017,33017,Setevika N,ikke-medikamentell,,,,,,deler av lokaliteten,1545,MIDSUND,15,Møre og Romsdal,62.73835,6.937667,5,Stadt til Hustadvika,
29,2017,34137,Skårliodden,rensefisk,,,222120,Rognkjeks (hun),77054,deler av lokaliteten,1931,LENVIK,19,Troms,69.47495,18.065416,10,Andøya til Senja,
29,2017,21795,Skarvhausen,medikamentell,fôrbehandling,Emamectin benzoat,,,,hele lokaliteten,1851,LØDINGEN,18,Nordland,68.339714,15.38435,9,Vestfjorden og Vesterålen,
29,2017,20115,Skjerholmen N,rensefisk,,,1694,Grøngylt,1332,deler av lokaliteten,1245,SUND,12,Hordaland,60.2496,5.174017,3,Karmøy til Sotra,
29,2017,20115,Skjerholmen N,rensefisk,,,1691,Berggylt,1128,deler av lokaliteten,1245,SUND,12,Hordaland,60.2496,5.174017,3,Karmøy til Sotra,
29,2017,32877,Skorpo,rensefisk,,,1691,Berggylt,560,deler av lokaliteten,1243,OS I HORDALAND,12,Hordaland,60.173317,5.293683,3,Karmøy til Sotra,
29,2017,32877,Skorpo,rensefisk,,,1694,Grøngylt,16466,deler av lokaliteten,1243,OS I HORDALAND,12,Hordaland,60.173317,5.293683,3,Karmøy til Sotra,
29,2017,25896,Skorpo,rensefisk,,,1692,Annen leppefisk,30000,hele lokaliteten,1223,TYSNES,12,Hordaland,59.875767,5.638817,3,Karmøy til Sotra,
29,2017,18657,Skredstivik,ikke-medikamentell,,,,,,deler av lokaliteten,1413,HYLLESTAD,14,Sogn og Fjordane,61.1567,5.133983,4,Nordhordaland til Stadt,
29,2017,19015,Stokkvika,ikke-medikamentell,,,,,,deler av lokaliteten,1612,HEMNE,16,Sør-Trøndelag,63.333534,9.180583,6,Nordmøre og Sør-Trøndelag,
29,2017,20776,Storoksen,rensefisk,,,1691,Berggylt,1189,deler av lokaliteten,1247,ASKØY,12,Hordaland,60.530884,4.97325,4,Nordhordaland til Stadt,
29,2017,20776,Storoksen,rensefisk,,,1692,Annen leppefisk,1000,deler av lokaliteten,1247,ASKØY,12,Hordaland,60.530884,4.97325,4,Nordhordaland til Stadt,
29,2017,20776,Storoksen,rensefisk,,,1693,Bergnebb,7242,deler av lokaliteten,1247,ASKØY,12,Hordaland,60.530884,4.97325,4,Nordhordaland til Stadt,
29,2017,20776,Storoksen,rensefisk,,,1694,Grøngylt,7242,deler av lokaliteten,1247,ASKØY,12,Hordaland,60.530884,4.97325,4,Nordhordaland til Stadt,
29,2017,20776,Storoksen,rensefisk,,,222120,Rognkjeks (hun),31731,deler av lokaliteten,1247,ASKØY,12,Hordaland,60.530884,4.97325,4,Nordhordaland til Stadt,
29,2017,31338,Storskjeret,ikke-medikamentell,,,,,,deler av lokaliteten,1576,AURE,15,Møre og Romsdal,63.26985,8.228283,6,Nordmøre og Sør-Trøndelag,
29,2017,19016,Storskogøya,medikamentell,fôrbehandling,Emamectin benzoat,,,,deler av lokaliteten,1613,SNILLFJORD,16,Sør-Trøndelag,63.506065,9.19075,6,Nordmøre og Sør-Trøndelag,
29,2017,19016,Storskogøya,rensefisk,,,1693,Bergnebb,30286,deler av lokaliteten,1613,SNILLFJORD,16,Sør-Trøndelag,63.506065,9.19075,6,Nordmøre og Sør-Trøndelag,
29,2017,13125,Storvika,ikke-medikamentell,,,,,,deler av lokaliteten,1837,MELØY,18,Nordland,66.80855,13.242333,8,Helgeland til Bodø,
29,2017,26235,Stualand,rensefisk,,,1692,Annen leppefisk,997,deler av lokaliteten,1216,SVEIO,12,Hordaland,59.6088,5.5269,3,Karmøy til Sotra,
29,2017,26235,Stualand,rensefisk,,,1691,Berggylt,443,deler av lokaliteten,1216,SVEIO,12,Hordaland,59.6088,5.5269,3,Karmøy til Sotra,
29,2017,26235,Stualand,rensefisk,,,1694,Grøngylt,2047,deler av lokaliteten,1216,SVEIO,12,Hordaland,59.6088,5.5269,3,Karmøy til Sotra,
29,2017,22955,Svollandsneset,rensefisk,,,1694,Grøngylt,8113,deler av lokaliteten,1160,VINDAFJORD,11,Rogaland,59.685,5.589917,3,Karmøy til Sotra,
29,2017,22955,Svollandsneset,rensefisk,,,1693,Bergnebb,3157,deler av lokaliteten,1160,VINDAFJORD,11,Rogaland,59.685,5.589917,3,Karmøy til Sotra,
29,2017,17575,Tollaksholmen,rensefisk,,,1692,Annen leppefisk,15800,deler av lokaliteten,1145,BOKN,11,Rogaland,59.2522,5.390517,2,Ryfylke,
29,2017,29336,Trælsøyosen,rensefisk,,,1692,Annen leppefisk,1200,deler av lokaliteten,1244,AUSTEVOLL,12,Hordaland,60.1178,5.2702,3,Karmøy til Sotra,
29,2017,29336,Trælsøyosen,rensefisk,,,1694,Grøngylt,21000,deler av lokaliteten,1244,AUSTEVOLL,12,Hordaland,60.1178,5.2702,3,Karmøy til Sotra,
29,2017,29336,Trælsøyosen,rensefisk,,,1693,Bergnebb,228,deler av lokaliteten,1244,AUSTEVOLL,12,Hordaland,60.1178,5.2702,3,Karmøy til Sotra,
29,2017,29336,Trælsøyosen,rensefisk,,,1691,Berggylt,1525,deler av lokaliteten,1244,AUSTEVOLL,12,Hordaland,60.1178,5.2702,3,Karmøy til Sotra,
29,2017,10332,Trommo,ikke-medikamentell,,,,,,deler av lokaliteten,1224,KVINNHERAD,12,Hordaland,60.08243,6.080067,3,Karmøy til Sotra,
29,2017,13570,Ulværholmen,ikke-medikamentell,,,,,,hele lokaliteten,1617,HITRA,16,Sør-Trøndelag,63.598217,9.116583,6,Nordmøre og Sør-Trøndelag,
29,2017,13570,Ulværholmen,rensefisk,,,1691,Berggylt,1903,deler av lokaliteten,1617,HITRA,16,Sør-Trøndelag,63.598217,9.116583,6,Nordmøre og Sør-Trøndelag,
29,2017,35657,Varden,ikke-medikamentell,,,,,,deler av lokaliteten,1617,HITRA,16,Sør-Trøndelag,63.635715,9.186467,6,Nordmøre og Sør-Trøndelag,
29,2017,10968,Vardskjær Ø,medikamentell,fôrbehandling,Emamectin benzoat,,,,hele lokaliteten,1834,LURØY,18,Nordland,66.35845,12.485017,8,Helgeland til Bodø,
29,2017,13837,Verpeide,medikamentell,fôrbehandling,Emamectin benzoat,,,,deler av lokaliteten,1439,VÅGSØY,14,Sogn og Fjordane,61.902218,5.209233,4,Nordhordaland til Stadt,
29,2017,12885,Vikageilen,rensefisk,,,222120,Rognkjeks (hun),19626,hele lokaliteten,1505,KRISTIANSUND,15,Møre og Romsdal,63.075783,7.906067,6,Nordmøre og Sør-Trøndelag,
29,2017,17495,Vullum,ikke-medikamentell,,,,,,deler av lokaliteten,1571,HALSA,15,Møre og Romsdal,63.04895,8.21635,6,Nordmøre og Sør-Trøndelag,
29,2017,29417,Ytre Vassholmen,rensefisk,,,2221,Rognkjeks (felles),78000,hele lokaliteten,1818,HERØY I NORDLAND,18,Nordland,65.93497,12.139133,8,Helgeland til Bodø,
28,2017,10331,Åkre,ikke-medikamentell,,,,,,deler av lokaliteten,1224,KVINNHERAD,12,Hordaland,60.112434,6.042483,3,Karmøy til Sotra,
28,2017,32277,Andholmen 1,ikke-medikamentell,,,,,,deler av lokaliteten,1573,SMØLA,15,Møre og Romsdal,63.469784,7.8556,6,Nordmøre og Sør-Trøndelag,
28,2017,32297,Andholmen 2,ikke-medikamentell,,,,,,deler av lokaliteten,1573,SMØLA,15,Møre og Romsdal,63.46745,7.847167,6,Nordmøre og Sør-Trøndelag,
28,2017,35797,Årsetfjorden,ikke-medikamentell,,,,,,deler av lokaliteten,1751,NÆRØY,17,Nord-Trøndelag,65.00819,11.746417,7,Nord-Trøndelag med Bindal,
28,2017,13572,Badstuvika,rensefisk,,,222120,Rognkjeks (hun),37268,deler av lokaliteten,1617,HITRA,16,Sør-Trøndelag,63.53398,9.1469,6,Nordmøre og Sør-Trøndelag,
28,2017,13845,Beitveit,rensefisk,,,2221,Rognkjeks (felles),19038,deler av lokaliteten,1441,SELJE,14,Sogn og Fjordane,62.141216,5.32675,5,Stadt til Hustadvika,
28,2017,28336,Breivika,medikamentell,fôrbehandling,Emamectin benzoat,,,,hele lokaliteten,1827,DØNNA,18,Nordland,66.1609,12.681467,8,Helgeland til Bodø,
28,2017,32897,Breivika S,medikamentell,fôrbehandling,Emamectin benzoat,,,,hele lokaliteten,1827,DØNNA,18,Nordland,66.1581,12.682017,8,Helgeland til Bodø,
28,2017,36118,Bremnesøya,ikke-medikamentell,,,,,,hele lokaliteten,1870,SORTLAND,18,Nordland,68.82377,15.400217,9,Vestfjorden og Vesterålen,
28,2017,12237,Brudevika,rensefisk,,,2221,Rognkjeks (felles),8220,deler av lokaliteten,1511,VANYLVEN,15,Møre og Romsdal,62.116566,5.420717,5,Stadt til Hustadvika,
28,2017,30097,Djupvik,ikke-medikamentell,,,,,,deler av lokaliteten,1836,RØDØY,18,Nordland,66.73299,13.33115,8,Helgeland til Bodø,
28,2017,12879,Endresetbukta,ikke-medikamentell,,,,,,deler av lokaliteten,1505,KRISTIANSUND,15,Møre og Romsdal,63.03018,7.71615,6,Nordmøre og Sør-Trøndelag,
28,2017,11433,Finnvika S,rensefisk,,,222120,Rognkjeks (hun),14955,hele lokaliteten,1931,LENVIK,19,Troms,69.500565,17.919018,10,Andøya til Senja,
28,2017,25835,Flatøyflu,rensefisk,,,222120,Rognkjeks (hun),29168,deler av lokaliteten,1244,AUSTEVOLL,12,Hordaland,60.156033,5.2315,3,Karmøy til Sotra,
28,2017,19278,Forsåstorvika,medikamentell,fôrbehandling,Emamectin benzoat,,,,hele lokaliteten,1850,TYSFJORD,18,Nordland,68.170715,16.153233,9,Vestfjorden og Vesterålen,
28,2017,31437,Fuglåsen,ikke-medikamentell,,,,,,deler av lokaliteten,1573,SMØLA,15,Møre og Romsdal,63.44715,8.167767,6,Nordmøre og Sør-Trøndelag,
28,2017,10747,Futnes,rensefisk,,,222120,Rognkjeks (hun),68514,deler av lokaliteten,1936,KARLSØY,19,Troms,69.95137,19.587868,11,Kvaløya til Loppa,
28,2017,13235,Hessvik,ikke-medikamentell,,,,,,hele lokaliteten,1224,KVINNHERAD,12,Hordaland,60.127934,6.149933,3,Karmøy til Sotra,
28,2017,14136,Hestholmen Ø,ikke-medikamentell,,,,,,deler av lokaliteten,1144,KVITSØY,11,Rogaland,59.061516,5.445683,2,Ryfylke,
28,2017,34677,Hestøya,medikamentell,fôrbehandling,Emamectin benzoat,,,,deler av lokaliteten,1573,SMØLA,15,Møre og Romsdal,63.3095,8.115567,6,Nordmøre og Sør-Trøndelag,
28,2017,10291,Hiskholmen,ikke-medikamentell,,,,,,deler av lokaliteten,1219,BØMLO,12,Hordaland,59.72663,5.145617,3,Karmøy til Sotra,
28,2017,12871,Hogsnes,ikke-medikamentell,,,,,,deler av lokaliteten,1554,AVERØY,15,Møre og Romsdal,63.093033,7.675883,6,Nordmøre og Sør-Trøndelag,
28,2017,19977,Jektholmen,ikke-medikamentell,,,,,,hele lokaliteten,1630,ÅFJORD,16,Sør-Trøndelag,63.99495,9.928317,6,Nordmøre og Sør-Trøndelag,
28,2017,10885,Jektvika II,rensefisk,,,2221,Rognkjeks (felles),36932,deler av lokaliteten,1812,SØMNA,18,Nordland,65.31274,12.4022,7,Nord-Trøndelag med Bindal,
28,2017,12348,Kåholmen,medikamentell,badebehandling,Annet virkestoff,,,,hele lokaliteten,1617,HITRA,16,Sør-Trøndelag,63.617184,8.994133,6,Nordmøre og Sør-Trøndelag,
28,2017,12348,Kåholmen,ikke-medikamentell,,,,,,hele lokaliteten,1617,HITRA,16,Sør-Trøndelag,63.617184,8.994133,6,Nordmøre og Sør-Trøndelag,
28,2017,36817,Kariskjæret,medikamentell,fôrbehandling,Emamectin benzoat,,,,hele lokaliteten,1804,BODØ,18,Nordland,67.38345,14.381967,9,Vestfjorden og Vesterålen,
28,2017,36817,Kariskjæret,medikamentell,fôrbehandling,Emamectin benzoat,,,,hele lokaliteten,1804,BODØ,18,Nordland,67.38345,14.381967,9,Vestfjorden og Vesterålen,
28,2017,28976,Kelvesteinen,rensefisk,,,222120,Rognkjeks (hun),25947,deler av lokaliteten,1246,FJELL,12,Hordaland,60.4029,5.063717,3,Karmøy til Sotra,
28,2017,13225,Kilaneset,ikke-medikamentell,,,,,,hele lokaliteten,1134,SULDAL,11,Rogaland,59.31335,6.2672,2,Ryfylke,
28,2017,11689,Kjerringneset,ikke-medikamentell,,,,,,hele lokaliteten,1411,GULEN,14,Sogn og Fjordane,60.960182,5.106783,4,Nordhordaland til Stadt,
28,2017,26135,Kjørsvikgrunn,rensefisk,,,222120,Rognkjeks (hun),18485,deler av lokaliteten,1612,HEMNE,16,Sør-Trøndelag,63.457565,9.076,6,Nordmøre og Sør-Trøndelag,
28,2017,12855,Kornstad,rensefisk,,,2221,Rognkjeks (felles),16833,deler av lokaliteten,1554,AVERØY,15,Møre og Romsdal,62.960384,7.45015,6,Nordmøre og Sør-Trøndelag,
28,2017,30297,Krabbholmen,ikke-medikamentell,,,,,,deler av lokaliteten,1630,ÅFJORD,16,Sør-Trøndelag,63.94438,9.880667,6,Nordmøre og Sør-Trøndelag,
28,2017,33177,Krabbholmen II,ikke-medikamentell,,,,,,deler av lokaliteten,1630,ÅFJORD,16,Sør-Trøndelag,63.94,9.886633,6,Nordmøre og Sør-Trøndelag,
28,2017,21676,Kråkholmen,ikke-medikamentell,,,,,,deler av lokaliteten,1749,FLATANGER,17,Nord-Trøndelag,64.60212,10.85345,7,Nord-Trøndelag med Bindal,
28,2017,20595,Kyrholmen S,ikke-medikamentell,,,,,,deler av lokaliteten,1244,AUSTEVOLL,12,Hordaland,60.161583,5.207633,3,Karmøy til Sotra,
28,2017,20595,Kyrholmen S,rensefisk,,,222120,Rognkjeks (hun),53729,deler av lokaliteten,1244,AUSTEVOLL,12,Hordaland,60.161583,5.207633,3,Karmøy til Sotra,
28,2017,30076,Kyrøyene,rensefisk,,,222120,Rognkjeks (hun),42800,hele lokaliteten,1750,VIKNA,17,Nord-Trøndelag,64.764015,10.806633,7,Nord-Trøndelag med Bindal,
28,2017,26675,Leirholmen,medikamentell,fôrbehandling,Emamectin benzoat,,,,deler av lokaliteten,1834,LURØY,18,Nordland,66.3565,12.530117,8,Helgeland til Bodø,
28,2017,14086,Lelandsholmen,ikke-medikamentell,,,,,,deler av lokaliteten,1219,BØMLO,12,Hordaland,59.728535,5.153067,3,Karmøy til Sotra,
28,2017,12978,Lyngholmen,ikke-medikamentell,,,,,,hele lokaliteten,1411,GULEN,14,Sogn og Fjordane,61.01525,5.004667,4,Nordhordaland til Stadt,
28,2017,32977,Måren,ikke-medikamentell,,,,,,deler av lokaliteten,1416,HØYANGER,14,Sogn og Fjordane,61.152668,6.1167,4,Nordhordaland til Stadt,
28,2017,13550,Marøy Nø,ikke-medikamentell,,,,,,deler av lokaliteten,1438,BREMANGER,14,Sogn og Fjordane,61.847935,5.295383,4,Nordhordaland til Stadt,
28,2017,13541,Midtflua,ikke-medikamentell,,,,,,deler av lokaliteten,1223,TYSNES,12,Hordaland,60.076267,5.466533,3,Karmøy til Sotra,
28,2017,10078,Mjånes,ikke-medikamentell,,,,,,deler av lokaliteten,1411,GULEN,14,Sogn og Fjordane,60.997734,5.0304,4,Nordhordaland til Stadt,
28,2017,29957,Nakkestad,rensefisk,,,1694,Grøngylt,2500,hele lokaliteten,1032,LYNGDAL,10,Vest-Agder,58.055832,7.06875,1,Svenskegrensen til Jæren,
28,2017,29957,Nakkestad,rensefisk,,,1693,Bergnebb,11000,hele lokaliteten,1032,LYNGDAL,10,Vest-Agder,58.055832,7.06875,1,Svenskegrensen til Jæren,
28,2017,11168,Oddværsætra,rensefisk,,,2221,Rognkjeks (felles),50000,hele lokaliteten,1865,VÅGAN,18,Nordland,68.270386,14.769483,9,Vestfjorden og Vesterålen,
28,2017,31697,Oksen,rensefisk,,,1691,Berggylt,1800,deler av lokaliteten,1246,FJELL,12,Hordaland,60.4336,4.940617,3,Karmøy til Sotra,
28,2017,27876,Olderbakken,medikamentell,fôrbehandling,Emamectin benzoat,,,,hele lokaliteten,1812,SØMNA,18,Nordland,65.31118,12.368633,7,Nord-Trøndelag med Bindal,
28,2017,27876,Olderbakken,rensefisk,,,2221,Rognkjeks (felles),52666,deler av lokaliteten,1812,SØMNA,18,Nordland,65.31118,12.368633,7,Nord-Trøndelag med Bindal,
28,2017,29116,Reiråklakken,ikke-medikamentell,,,,,,deler av lokaliteten,1573,SMØLA,15,Møre og Romsdal,63.450333,8.167717,6,Nordmøre og Sør-Trøndelag,
28,2017,29896,Renndalen,ikke-medikamentell,,,,,,deler av lokaliteten,1571,HALSA,15,Møre og Romsdal,63.176167,8.616817,6,Nordmøre og Sør-Trøndelag,
28,2017,30657,Revøy,rensefisk,,,1693,Bergnebb,16000,hele lokaliteten,1032,LYNGDAL,10,Vest-Agder,58.0243,7.0268,1,Svenskegrensen til Jæren,
28,2017,13887,Røytholmen Ø,rensefisk,,,1693,Bergnebb,2327,deler av lokaliteten,1617,HITRA,16,Sør-Trøndelag,63.6177,9.130033,6,Nordmøre og Sør-Trøndelag,
28,2017,13887,Røytholmen Ø,rensefisk,,,222120,Rognkjeks (hun),50085,deler av lokaliteten,1617,HITRA,16,Sør-Trøndelag,63.6177,9.130033,6,Nordmøre og Sør-Trøndelag,
28,2017,16015,Russelva,medikamentell,fôrbehandling,Emamectin benzoat,,,,hele lokaliteten,1942,NORDREISA,19,Troms,69.88975,20.769016,11,Kvaløya til Loppa,
28,2017,31677,Sandholmane,ikke-medikamentell,,,,,,deler av lokaliteten,1546,SANDØY,15,Møre og Romsdal,62.796284,6.669933,5,Stadt til Hustadvika,
28,2017,11888,Sandvik,ikke-medikamentell,,,,,,hele lokaliteten,1134,SULDAL,11,Rogaland,59.31445,6.170917,2,Ryfylke,
28,2017,19855,Segelråa,ikke-medikamentell,,,,,,deler av lokaliteten,1576,AURE,15,Møre og Romsdal,63.149746,8.12855,6,Nordmøre og Sør-Trøndelag,
28,2017,12244,Setevika,ikke-medikamentell,,,,,,deler av lokaliteten,1545,MIDSUND,15,Møre og Romsdal,62.728065,6.939283,5,Stadt til Hustadvika,
28,2017,10216,Skåren,ikke-medikamentell,,,,,,deler av lokaliteten,1571,HALSA,15,Møre og Romsdal,63.076733,8.19315,6,Nordmøre og Sør-Trøndelag,
28,2017,21795,Skarvhausen,medikamentell,fôrbehandling,Emamectin benzoat,,,,hele lokaliteten,1851,LØDINGEN,18,Nordland,68.339714,15.38435,9,Vestfjorden og Vesterålen,
28,2017,30757,Skog,rensefisk,,,222120,Rognkjeks (hun),5583,deler av lokaliteten,1931,LENVIK,19,Troms,69.474335,17.878683,10,Andøya til Senja,
28,2017,18657,Skredstivik,ikke-medikamentell,,,,,,deler av lokaliteten,1413,HYLLESTAD,14,Sogn og Fjordane,61.1567,5.133983,4,Nordhordaland til Stadt,
28,2017,26155,Slåttholmen,rensefisk,,,222120,Rognkjeks (hun),17488,hele lokaliteten,1612,HEMNE,16,Sør-Trøndelag,63.44779,8.958173,6,Nordmøre og Sør-Trøndelag,
28,2017,27436,Solværet,ikke-medikamentell,,,,,,deler av lokaliteten,1573,SMØLA,15,Møre og Romsdal,63.255,7.856933,6,Nordmøre og Sør-Trøndelag,
28,2017,10974,Store Bukkøy N,ikke-medikamentell,,,,,,deler av lokaliteten,1834,LURØY,18,Nordland,66.40135,12.420717,8,Helgeland til Bodø,
28,2017,13125,Storvika,ikke-medikamentell,,,,,,deler av lokaliteten,1837,MELØY,18,Nordland,66.80855,13.242333,8,Helgeland til Bodø,
28,2017,11552,Stuholmen,rensefisk,,,2221,Rognkjeks (felles),10816,hele lokaliteten,1245,SUND,12,Hordaland,60.249683,4.978117,3,Karmøy til Sotra,
28,2017,36100,Suholmen,ikke-medikamentell,,,,,,deler av lokaliteten,1573,SMØLA,15,Møre og Romsdal,63.494934,8.02235,6,Nordmøre og Sør-Trøndelag,
28,2017,11144,Svinvær,ikke-medikamentell,,,,,,deler av lokaliteten,1836,RØDØY,18,Nordland,66.76923,13.170633,8,Helgeland til Bodø,
28,2017,10332,Trommo,ikke-medikamentell,,,,,,deler av lokaliteten,1224,KVINNHERAD,12,Hordaland,60.08243,6.080067,3,Karmøy til Sotra,
28,2017,13570,Ulværholmen,rensefisk,,,222120,Rognkjeks (hun),4146,deler av lokaliteten,1617,HITRA,16,Sør-Trøndelag,63.598217,9.116583,6,Nordmøre og Sør-Trøndelag,
28,2017,35657,Varden,rensefisk,,,1694,Grøngylt,4434,deler av lokaliteten,1617,HITRA,16,Sør-Trøndelag,63.635715,9.186467,6,Nordmøre og Sør-Trøndelag,
28,2017,35657,Varden,rensefisk,,,1691,Berggylt,1607,deler av lokaliteten,1617,HITRA,16,Sør-Trøndelag,63.635715,9.186467,6,Nordmøre og Sør-Trøndelag,
28,2017,36337,Vardskjæret S,medikamentell,fôrbehandling,Emamectin benzoat,,,,deler av lokaliteten,1834,LURØY,18,Nordland,66.35017,12.469267,8,Helgeland til Bodø,
28,2017,32337,Veiesund,ikke-medikamentell,,,,,,deler av lokaliteten,1401,FLORA,14,Sogn og Fjordane,61.572067,5.0466,4,Nordhordaland til Stadt,
28,2017,13837,Verpeide,medikamentell,fôrbehandling,Emamectin benzoat,,,,deler av lokaliteten,1439,VÅGSØY,14,Sogn og Fjordane,61.902218,5.209233,4,Nordhordaland til Stadt,
27,2017,32297,Andholmen 2,ikke-medikamentell,,,,,,deler av lokaliteten,1573,SMØLA,15,Møre og Romsdal,63.46745,7.847167,6,Nordmøre og Sør-Trøndelag,
27,2017,22455,Bjørlykkestranda,rensefisk,,,1691,Berggylt,23572,deler av lokaliteten,1511,VANYLVEN,15,Møre og Romsdal,62.16655,5.5954,5,Stadt til Hustadvika,
27,2017,10212,Bogen,rensefisk,,,1691,Berggylt,319,hele lokaliteten,1505,KRISTIANSUND,15,Møre og Romsdal,63.077667,7.90345,6,Nordmøre og Sør-Trøndelag,
27,2017,10212,Bogen,rensefisk,,,222120,Rognkjeks (hun),12558,hele lokaliteten,1505,KRISTIANSUND,15,Møre og Romsdal,63.077667,7.90345,6,Nordmøre og Sør-Trøndelag,
27,2017,10212,Bogen,rensefisk,,,1693,Bergnebb,79,hele lokaliteten,1505,KRISTIANSUND,15,Møre og Romsdal,63.077667,7.90345,6,Nordmøre og Sør-Trøndelag,
27,2017,11754,Bøøy,ikke-medikamentell,,,,,,hele lokaliteten,1260,RADØY,12,Hordaland,60.727882,4.8641,4,Nordhordaland til Stadt,
27,2017,10223,Bremnessvaet,medikamentell,badebehandling,Annet virkestoff,,,,hele lokaliteten,1573,SMØLA,15,Møre og Romsdal,63.39795,8.214317,6,Nordmøre og Sør-Trøndelag,
27,2017,10223,Bremnessvaet,ikke-medikamentell,,,,,,deler av lokaliteten,1573,SMØLA,15,Møre og Romsdal,63.39795,8.214317,6,Nordmøre og Sør-Trøndelag,
27,2017,12237,Brudevika,ikke-medikamentell,,,,,,deler av lokaliteten,1511,VANYLVEN,15,Møre og Romsdal,62.116566,5.420717,5,Stadt til Hustadvika,
27,2017,12237,Brudevika,rensefisk,,,2221,Rognkjeks (felles),15294,deler av lokaliteten,1511,VANYLVEN,15,Møre og Romsdal,62.116566,5.420717,5,Stadt til Hustadvika,
27,2017,13841,Brunsvik,medikamentell,fôrbehandling,Emamectin benzoat,,,,hele lokaliteten,1439,VÅGSØY,14,Sogn og Fjordane,61.910183,5.29085,4,Nordhordaland til Stadt,
27,2017,11543,Buholmen,ikke-medikamentell,,,,,,deler av lokaliteten,1244,AUSTEVOLL,12,Hordaland,60.020916,5.081517,3,Karmøy til Sotra,
27,2017,14799,Djupestallen,ikke-medikamentell,,,,,,deler av lokaliteten,1223,TYSNES,12,Hordaland,60.058735,5.453,3,Karmøy til Sotra,
27,2017,33077,Elveneset,ikke-medikamentell,,,,,,deler av lokaliteten,1413,HYLLESTAD,14,Sogn og Fjordane,61.206,5.131733,4,Nordhordaland til Stadt,
27,2017,12879,Endresetbukta,ikke-medikamentell,,,,,,deler av lokaliteten,1505,KRISTIANSUND,15,Møre og Romsdal,63.03018,7.71615,6,Nordmøre og Sør-Trøndelag,
27,2017,10229,Fætten,ikke-medikamentell,,,,,,deler av lokaliteten,1571,HALSA,15,Møre og Romsdal,63.144585,8.459567,6,Nordmøre og Sør-Trøndelag,
27,2017,32597,Fjordprakken,ikke-medikamentell,,,,,,deler av lokaliteten,1573,SMØLA,15,Møre og Romsdal,63.256516,7.928067,6,Nordmøre og Sør-Trøndelag,
27,2017,25835,Flatøyflu,rensefisk,,,222120,Rognkjeks (hun),46495,deler av lokaliteten,1244,AUSTEVOLL,12,Hordaland,60.156033,5.2315,3,Karmøy til Sotra,
27,2017,31437,Fuglåsen,ikke-medikamentell,,,,,,deler av lokaliteten,1573,SMØLA,15,Møre og Romsdal,63.44715,8.167767,6,Nordmøre og Sør-Trøndelag,
27,2017,26335,Geitholmen,rensefisk,,,222120,Rognkjeks (hun),18515,deler av lokaliteten,1750,VIKNA,17,Nord-Trøndelag,64.79955,11.025933,7,Nord-Trøndelag med Bindal,
27,2017,31717,Gjerset V,ikke-medikamentell,,,,,,deler av lokaliteten,1534,HARAM,15,Møre og Romsdal,62.53023,6.428783,5,Stadt til Hustadvika,
27,2017,36617,Harbakholmen,ikke-medikamentell,,,,,,deler av lokaliteten,1750,VIKNA,17,Nord-Trøndelag,64.953316,11.195717,7,Nord-Trøndelag med Bindal,
27,2017,30257,Hausan,rensefisk,,,1693,Bergnebb,5074,deler av lokaliteten,1612,HEMNE,16,Sør-Trøndelag,63.45838,8.955683,6,Nordmøre og Sør-Trøndelag,
27,2017,13503,Heggvika,medikamentell,fôrbehandling,Emamectin benzoat,,,,deler av lokaliteten,1617,HITRA,16,Sør-Trøndelag,63.6106,9.050733,6,Nordmøre og Sør-Trøndelag,
27,2017,10194,Hellaren,ikke-medikamentell,,,,,,deler av lokaliteten,1545,MIDSUND,15,Møre og Romsdal,62.735832,6.74745,5,Stadt til Hustadvika,
27,2017,18015,Hestabyneset,medikamentell,badebehandling,Deltamethrin,,,,deler av lokaliteten,1223,TYSNES,12,Hordaland,59.953632,5.4514,3,Karmøy til Sotra,
27,2017,34677,Hestøya,medikamentell,fôrbehandling,Emamectin benzoat,,,,deler av lokaliteten,1573,SMØLA,15,Møre og Romsdal,63.3095,8.115567,6,Nordmøre og Sør-Trøndelag,
27,2017,34677,Hestøya,medikamentell,fôrbehandling,Emamectin benzoat,,,,deler av lokaliteten,1573,SMØLA,15,Møre og Romsdal,63.3095,8.115567,6,Nordmøre og Sør-Trøndelag,
27,2017,33957,Hofsøya,ikke-medikamentell,,,,,,hele lokaliteten,1620,FRØYA,16,Sør-Trøndelag,63.722168,8.913317,6,Nordmøre og Sør-Trøndelag,
27,2017,25235,Humulen,ikke-medikamentell,,,,,,deler av lokaliteten,1750,VIKNA,17,Nord-Trøndelag,64.94605,11.372467,7,Nord-Trøndelag med Bindal,
27,2017,22915,Kalsøyflu,medikamentell,fôrbehandling,Emamectin benzoat,,,,hele lokaliteten,1244,AUSTEVOLL,12,Hordaland,60.03818,5.114417,3,Karmøy til Sotra,
27,2017,36817,Kariskjæret,medikamentell,fôrbehandling,Emamectin benzoat,,,,hele lokaliteten,1804,BODØ,18,Nordland,67.38345,14.381967,9,Vestfjorden og Vesterålen,
27,2017,36817,Kariskjæret,medikamentell,fôrbehandling,Emamectin benzoat,,,,hele lokaliteten,1804,BODØ,18,Nordland,67.38345,14.381967,9,Vestfjorden og Vesterålen,
27,2017,14042,Kattholmen,rensefisk,,,222120,Rognkjeks (hun),18946,hele lokaliteten,1620,FRØYA,16,Sør-Trøndelag,63.870968,8.679017,6,Nordmøre og Sør-Trøndelag,
27,2017,12872,Kattholmen,rensefisk,,,222120,Rognkjeks (hun),20896,deler av lokaliteten,1505,KRISTIANSUND,15,Møre og Romsdal,63.055332,7.695317,6,Nordmøre og Sør-Trøndelag,
27,2017,30297,Krabbholmen,ikke-medikamentell,,,,,,deler av lokaliteten,1630,ÅFJORD,16,Sør-Trøndelag,63.94438,9.880667,6,Nordmøre og Sør-Trøndelag,
27,2017,33177,Krabbholmen II,ikke-medikamentell,,,,,,deler av lokaliteten,1630,ÅFJORD,16,Sør-Trøndelag,63.94,9.886633,6,Nordmøre og Sør-Trøndelag,
27,2017,21676,Kråkholmen,ikke-medikamentell,,,,,,deler av lokaliteten,1749,FLATANGER,17,Nord-Trøndelag,64.60212,10.85345,7,Nord-Trøndelag med Bindal,
27,2017,12239,Kråknes,ikke-medikamentell,,,,,,deler av lokaliteten,1547,AUKRA,15,Møre og Romsdal,62.83145,6.962733,5,Stadt til Hustadvika,
27,2017,18217,Kvaløy Ø,ikke-medikamentell,,,,,,deler av lokaliteten,1149,KARMØY,11,Rogaland,59.396633,5.171083,3,Karmøy til Sotra,
27,2017,19356,Kvalrosskjæret,ikke-medikamentell,,,,,,deler av lokaliteten,1749,FLATANGER,17,Nord-Trøndelag,64.53883,10.87705,7,Nord-Trøndelag med Bindal,
27,2017,11803,Kyravika,ikke-medikamentell,,,,,,deler av lokaliteten,1429,FJALER,14,Sogn og Fjordane,61.316433,5.1563,4,Nordhordaland til Stadt,
27,2017,30076,Kyrøyene,rensefisk,,,222120,Rognkjeks (hun),37800,hele lokaliteten,1750,VIKNA,17,Nord-Trøndelag,64.764015,10.806633,7,Nord-Trøndelag med Bindal,
27,2017,11350,Lavika,ikke-medikamentell,,,,,,hele lokaliteten,1928,TORSKEN,19,Troms,69.25753,17.0887,10,Andøya til Senja,
27,2017,26675,Leirholmen,medikamentell,fôrbehandling,Emamectin benzoat,,,,deler av lokaliteten,1834,LURØY,18,Nordland,66.3565,12.530117,8,Helgeland til Bodø,
27,2017,26675,Leirholmen,rensefisk,,,222120,Rognkjeks (hun),4000,deler av lokaliteten,1834,LURØY,18,Nordland,66.3565,12.530117,8,Helgeland til Bodø,
27,2017,28396,Lindarholmen,ikke-medikamentell,,,,,,hele lokaliteten,1223,TYSNES,12,Hordaland,60.084034,5.638667,3,Karmøy til Sotra,
27,2017,16216,Lønskog,medikamentell,fôrbehandling,Emamectin benzoat,,,,hele lokaliteten,1868,ØKSNES,18,Nordland,68.86298,15.092383,9,Vestfjorden og Vesterålen,
27,2017,10292,Lyklingholmen N,ikke-medikamentell,,,,,,deler av lokaliteten,1219,BØMLO,12,Hordaland,59.714535,5.15405,3,Karmøy til Sotra,
27,2017,32057,Lyngøy,rensefisk,,,222120,Rognkjeks (hun),49799,hele lokaliteten,1750,VIKNA,17,Nord-Trøndelag,64.81865,10.935217,7,Nord-Trøndelag med Bindal,
27,2017,13550,Marøy Nø,ikke-medikamentell,,,,,,deler av lokaliteten,1438,BREMANGER,14,Sogn og Fjordane,61.847935,5.295383,4,Nordhordaland til Stadt,
27,2017,13541,Midtflua,ikke-medikamentell,,,,,,deler av lokaliteten,1223,TYSNES,12,Hordaland,60.076267,5.466533,3,Karmøy til Sotra,
27,2017,29957,Nakkestad,rensefisk,,,1694,Grøngylt,2500,hele lokaliteten,1032,LYNGDAL,10,Vest-Agder,58.055832,7.06875,1,Svenskegrensen til Jæren,
27,2017,29957,Nakkestad,rensefisk,,,1693,Bergnebb,11000,hele lokaliteten,1032,LYNGDAL,10,Vest-Agder,58.055832,7.06875,1,Svenskegrensen til Jæren,
27,2017,11611,Naveide,ikke-medikamentell,,,,,,deler av lokaliteten,1244,AUSTEVOLL,12,Hordaland,60.13907,5.112783,3,Karmøy til Sotra,
27,2017,11129,Nordfugløy,medikamentell,fôrbehandling,Emamectin benzoat,,,,hele lokaliteten,1838,GILDESKÅL,18,Nordland,67.083916,13.85685,8,Helgeland til Bodø,
27,2017,26315,Nordgjæslingan,rensefisk,,,222120,Rognkjeks (hun),10000,deler av lokaliteten,1750,VIKNA,17,Nord-Trøndelag,64.7659,10.9128,7,Nord-Trøndelag med Bindal,
27,2017,15403,Olderøy,rensefisk,,,1691,Berggylt,21895,deler av lokaliteten,1412,SOLUND,14,Sogn og Fjordane,61.103283,4.712233,4,Nordhordaland til Stadt,
27,2017,33417,Persflua,medikamentell,badebehandling,Azamethiphos,,,,deler av lokaliteten,1627,BJUGN,16,Sør-Trøndelag,63.91345,9.826433,6,Nordmøre og Sør-Trøndelag,
27,2017,33417,Persflua,ikke-medikamentell,,,,,,deler av lokaliteten,1627,BJUGN,16,Sør-Trøndelag,63.91345,9.826433,6,Nordmøre og Sør-Trøndelag,
27,2017,11688,Portevika,medikamentell,fôrbehandling,Emamectin benzoat,,,,hele lokaliteten,1413,HYLLESTAD,14,Sogn og Fjordane,61.18885,5.090017,4,Nordhordaland til Stadt,
27,2017,10996,Ramnøya S,rensefisk,,,2221,Rognkjeks (felles),8975,deler av lokaliteten,1827,DØNNA,18,Nordland,66.23212,12.280317,8,Helgeland til Bodø,
27,2017,29116,Reiråklakken,ikke-medikamentell,,,,,,deler av lokaliteten,1573,SMØLA,15,Møre og Romsdal,63.450333,8.167717,6,Nordmøre og Sør-Trøndelag,
27,2017,29896,Renndalen,ikke-medikamentell,,,,,,deler av lokaliteten,1571,HALSA,15,Møre og Romsdal,63.176167,8.616817,6,Nordmøre og Sør-Trøndelag,
27,2017,30657,Revøy,rensefisk,,,1693,Bergnebb,16000,hele lokaliteten,1032,LYNGDAL,10,Vest-Agder,58.0243,7.0268,1,Svenskegrensen til Jæren,
27,2017,13887,Røytholmen Ø,rensefisk,,,1693,Bergnebb,2289,deler av lokaliteten,1617,HITRA,16,Sør-Trøndelag,63.6177,9.130033,6,Nordmøre og Sør-Trøndelag,
27,2017,13887,Røytholmen Ø,rensefisk,,,222120,Rognkjeks (hun),33590,deler av lokaliteten,1617,HITRA,16,Sør-Trøndelag,63.6177,9.130033,6,Nordmøre og Sør-Trøndelag,
27,2017,37197,Ruggstein,rensefisk,,,222120,Rognkjeks (hun),18000,hele lokaliteten,1620,FRØYA,16,Sør-Trøndelag,63.770084,8.476033,6,Nordmøre og Sør-Trøndelag,
27,2017,12794,Rundklumpen,rensefisk,,,2221,Rognkjeks (felles),3992,deler av lokaliteten,1627,BJUGN,16,Sør-Trøndelag,63.8012,9.607983,6,Nordmøre og Sør-Trøndelag,
27,2017,12019,Saltkjelen II,ikke-medikamentell,,,,,,deler av lokaliteten,1227,JONDAL,12,Hordaland,60.248016,6.2014,3,Karmøy til Sotra,
27,2017,12244,Setevika,ikke-medikamentell,,,,,,deler av lokaliteten,1545,MIDSUND,15,Møre og Romsdal,62.728065,6.939283,5,Stadt til Hustadvika,
27,2017,33017,Setevika N,ikke-medikamentell,,,,,,deler av lokaliteten,1545,MIDSUND,15,Møre og Romsdal,62.73835,6.937667,5,Stadt til Hustadvika,
27,2017,20796,Skarbukta,ikke-medikamentell,,,,,,deler av lokaliteten,1539,RAUMA,15,Møre og Romsdal,62.59785,7.367717,5,Stadt til Hustadvika,
27,2017,10216,Skåren,rensefisk,,,1693,Bergnebb,68,deler av lokaliteten,1571,HALSA,15,Møre og Romsdal,63.076733,8.19315,6,Nordmøre og Sør-Trøndelag,
27,2017,21795,Skarvhausen,medikamentell,fôrbehandling,Emamectin benzoat,,,,hele lokaliteten,1851,LØDINGEN,18,Nordland,68.339714,15.38435,9,Vestfjorden og Vesterålen,
27,2017,34117,Skåtholmen,medikamentell,badebehandling,Deltamethrin,,,,deler av lokaliteten,1241,FUSA,12,Hordaland,60.17177,5.563633,3,Karmøy til Sotra,
27,2017,30757,Skog,rensefisk,,,222120,Rognkjeks (hun),41966,deler av lokaliteten,1931,LENVIK,19,Troms,69.474335,17.878683,10,Andøya til Senja,
27,2017,12108,Skorpo Nv,ikke-medikamentell,,,,,,deler av lokaliteten,1224,KVINNHERAD,12,Hordaland,59.95323,5.827133,3,Karmøy til Sotra,
27,2017,18657,Skredstivik,ikke-medikamentell,,,,,,deler av lokaliteten,1413,HYLLESTAD,14,Sogn og Fjordane,61.1567,5.133983,4,Nordhordaland til Stadt,
27,2017,27436,Solværet,ikke-medikamentell,,,,,,deler av lokaliteten,1573,SMØLA,15,Møre og Romsdal,63.255,7.856933,6,Nordmøre og Sør-Trøndelag,
27,2017,10974,Store Bukkøy N,ikke-medikamentell,,,,,,deler av lokaliteten,1834,LURØY,18,Nordland,66.40135,12.420717,8,Helgeland til Bodø,
27,2017,10974,Store Bukkøy N,rensefisk,,,222120,Rognkjeks (hun),9800,deler av lokaliteten,1834,LURØY,18,Nordland,66.40135,12.420717,8,Helgeland til Bodø,
27,2017,31338,Storskjeret,ikke-medikamentell,,,,,,deler av lokaliteten,1576,AURE,15,Møre og Romsdal,63.26985,8.228283,6,Nordmøre og Sør-Trøndelag,
27,2017,36100,Suholmen,ikke-medikamentell,,,,,,deler av lokaliteten,1573,SMØLA,15,Møre og Romsdal,63.494934,8.02235,6,Nordmøre og Sør-Trøndelag,
27,2017,11144,Svinvær,ikke-medikamentell,,,,,,deler av lokaliteten,1836,RØDØY,18,Nordland,66.76923,13.170633,8,Helgeland til Bodø,
27,2017,17575,Tollaksholmen,ikke-medikamentell,,,,,,hele lokaliteten,1145,BOKN,11,Rogaland,59.2522,5.390517,2,Ryfylke,
27,2017,32717,Tranøya N,rensefisk,,,2221,Rognkjeks (felles),11008,hele lokaliteten,1627,BJUGN,16,Sør-Trøndelag,63.872032,9.769783,6,Nordmøre og Sør-Trøndelag,
27,2017,32717,Tranøya N,rensefisk,,,1691,Berggylt,6723,hele lokaliteten,1627,BJUGN,16,Sør-Trøndelag,63.872032,9.769783,6,Nordmøre og Sør-Trøndelag,
27,2017,13570,Ulværholmen,rensefisk,,,222120,Rognkjeks (hun),5028,deler av lokaliteten,1617,HITRA,16,Sør-Trøndelag,63.598217,9.116583,6,Nordmøre og Sør-Trøndelag,
27,2017,35657,Varden,ikke-medikamentell,,,,,,deler av lokaliteten,1617,HITRA,16,Sør-Trøndelag,63.635715,9.186467,6,Nordmøre og Sør-Trøndelag,
27,2017,35657,Varden,rensefisk,,,2221,Rognkjeks (felles),30012,deler av lokaliteten,1617,HITRA,16,Sør-Trøndelag,63.635715,9.186467,6,Nordmøre og Sør-Trøndelag,
27,2017,36337,Vardskjæret S,rensefisk,,,222120,Rognkjeks (hun),8000,deler av lokaliteten,1834,LURØY,18,Nordland,66.35017,12.469267,8,Helgeland til Bodø,
27,2017,32337,Veiesund,ikke-medikamentell,,,,,,deler av lokaliteten,1401,FLORA,14,Sogn og Fjordane,61.572067,5.0466,4,Nordhordaland til Stadt,
27,2017,13837,Verpeide,medikamentell,fôrbehandling,Emamectin benzoat,,,,hele lokaliteten,1439,VÅGSØY,14,Sogn og Fjordane,61.902218,5.209233,4,Nordhordaland til Stadt,
27,2017,12885,Vikageilen,rensefisk,,,222120,Rognkjeks (hun),10298,hele lokaliteten,1505,KRISTIANSUND,15,Møre og Romsdal,63.075783,7.906067,6,Nordmøre og Sør-Trøndelag,
27,2017,12885,Vikageilen,rensefisk,,,1693,Bergnebb,86,hele lokaliteten,1505,KRISTIANSUND,15,Møre og Romsdal,63.075783,7.906067,6,Nordmøre og Sør-Trøndelag,
27,2017,12885,Vikageilen,rensefisk,,,1691,Berggylt,25,hele lokaliteten,1505,KRISTIANSUND,15,Møre og Romsdal,63.075783,7.906067,6,Nordmøre og Sør-Trøndelag,
27,2017,11252,Vindhammeren,medikamentell,fôrbehandling,Emamectin benzoat,,,,hele lokaliteten,1867,BØ I NORDLAND,18,Nordland,68.78075,14.593733,9,Vestfjorden og Vesterålen,
27,2017,17495,Vullum,ikke-medikamentell,,,,,,deler av lokaliteten,1571,HALSA,15,Møre og Romsdal,63.04895,8.21635,6,Nordmøre og Sør-Trøndelag,
27,2017,29417,Ytre Vassholmen,medikamentell,fôrbehandling,Emamectin benzoat,,,,hele lokaliteten,1818,HERØY I NORDLAND,18,Nordland,65.93497,12.139133,8,Helgeland til Bodø,
26,2017,13572,Badstuvika,rensefisk,,,222120,Rognkjeks (hun),20491,hele lokaliteten,1617,HITRA,16,Sør-Trøndelag,63.53398,9.1469,6,Nordmøre og Sør-Trøndelag,
26,2017,13845,Beitveit,ikke-medikamentell,,,,,,deler av lokaliteten,1441,SELJE,14,Sogn og Fjordane,62.141216,5.32675,5,Stadt til Hustadvika,
26,2017,22455,Bjørlykkestranda,rensefisk,,,1691,Berggylt,11920,deler av lokaliteten,1511,VANYLVEN,15,Møre og Romsdal,62.16655,5.5954,5,Stadt til Hustadvika,
26,2017,12308,Bjørndal,ikke-medikamentell,,,,,,deler av lokaliteten,1520,ØRSTA,15,Møre og Romsdal,62.274883,6.00285,5,Stadt til Hustadvika,
26,2017,10212,Bogen,ikke-medikamentell,,,,,,deler av lokaliteten,1505,KRISTIANSUND,15,Møre og Romsdal,63.077667,7.90345,6,Nordmøre og Sør-Trøndelag,
26,2017,13205,Brattholmen,rensefisk,,,1691,Berggylt,6280,hele lokaliteten,1412,SOLUND,14,Sogn og Fjordane,61.068382,4.713817,4,Nordhordaland til Stadt,
26,2017,10223,Bremnessvaet,medikamentell,badebehandling,Annet virkestoff,,,,deler av lokaliteten,1573,SMØLA,15,Møre og Romsdal,63.39795,8.214317,6,Nordmøre og Sør-Trøndelag,
26,2017,10223,Bremnessvaet,medikamentell,badebehandling,Annet virkestoff,,,,deler av lokaliteten,1573,SMØLA,15,Møre og Romsdal,63.39795,8.214317,6,Nordmøre og Sør-Trøndelag,
26,2017,10223,Bremnessvaet,ikke-medikamentell,,,,,,deler av lokaliteten,1573,SMØLA,15,Møre og Romsdal,63.39795,8.214317,6,Nordmøre og Sør-Trøndelag,
26,2017,34197,Brennholmen,medikamentell,fôrbehandling,Emamectin benzoat,,,,deler av lokaliteten,1818,HERØY I NORDLAND,18,Nordland,65.978714,12.16355,8,Helgeland til Bodø,
26,2017,12237,Brudevika,ikke-medikamentell,,,,,,deler av lokaliteten,1511,VANYLVEN,15,Møre og Romsdal,62.116566,5.420717,5,Stadt til Hustadvika,
26,2017,13841,Brunsvik,medikamentell,fôrbehandling,Emamectin benzoat,,,,hele lokaliteten,1439,VÅGSØY,14,Sogn og Fjordane,61.910183,5.29085,4,Nordhordaland til Stadt,
26,2017,13841,Brunsvik,rensefisk,,,1691,Berggylt,9212,deler av lokaliteten,1439,VÅGSØY,14,Sogn og Fjordane,61.910183,5.29085,4,Nordhordaland til Stadt,
26,2017,22035,Buktodden Nø,medikamentell,fôrbehandling,Emamectin benzoat,,,,hele lokaliteten,1833,RANA,18,Nordland,66.30817,13.432333,8,Helgeland til Bodø,
26,2017,21336,Djupeleget,ikke-medikamentell,,,,,,hele lokaliteten,1416,HØYANGER,14,Sogn og Fjordane,61.16942,5.807467,4,Nordhordaland til Stadt,
26,2017,33077,Elveneset,ikke-medikamentell,,,,,,deler av lokaliteten,1413,HYLLESTAD,14,Sogn og Fjordane,61.206,5.131733,4,Nordhordaland til Stadt,
26,2017,12236,Endal Ø,ikke-medikamentell,,,,,,deler av lokaliteten,1438,BREMANGER,14,Sogn og Fjordane,61.9076,5.493317,4,Nordhordaland til Stadt,
26,2017,25835,Flatøyflu,ikke-medikamentell,,,,,,deler av lokaliteten,1244,AUSTEVOLL,12,Hordaland,60.156033,5.2315,3,Karmøy til Sotra,
26,2017,29876,Flotaren,rensefisk,,,222120,Rognkjeks (hun),13404,hele lokaliteten,1749,FLATANGER,17,Nord-Trøndelag,64.52398,10.761667,7,Nord-Trøndelag med Bindal,
26,2017,19115,Fugløya S,rensefisk,,,222120,Rognkjeks (hun),23073,hele lokaliteten,1613,SNILLFJORD,16,Sør-Trøndelag,63.460682,9.1444,6,Nordmøre og Sør-Trøndelag,
26,2017,22015,Fureneset,ikke-medikamentell,,,,,,deler av lokaliteten,1412,SOLUND,14,Sogn og Fjordane,61.16562,5.052417,4,Nordhordaland til Stadt,
26,2017,26335,Geitholmen,medikamentell,fôrbehandling,Annet virkestoff,,,,deler av lokaliteten,1750,VIKNA,17,Nord-Trøndelag,64.79955,11.025933,7,Nord-Trøndelag med Bindal,
26,2017,13886,Hallarøy V,rensefisk,,,222120,Rognkjeks (hun),28363,hele lokaliteten,1620,FRØYA,16,Sør-Trøndelag,63.998116,9.129283,6,Nordmøre og Sør-Trøndelag,
26,2017,13503,Heggvika,medikamentell,badebehandling,Annet virkestoff,,,,deler av lokaliteten,1617,HITRA,16,Sør-Trøndelag,63.6106,9.050733,6,Nordmøre og Sør-Trøndelag,
26,2017,13503,Heggvika,medikamentell,fôrbehandling,Emamectin benzoat,,,,hele lokaliteten,1617,HITRA,16,Sør-Trøndelag,63.6106,9.050733,6,Nordmøre og Sør-Trøndelag,
26,2017,11920,Herøy,rensefisk,,,1691,Berggylt,10040,deler av lokaliteten,1160,VINDAFJORD,11,Rogaland,59.4664,6.0262,2,Ryfylke,
26,2017,14245,Jakobsteinsvika,ikke-medikamentell,,,,,,deler av lokaliteten,1755,LEKA,17,Nord-Trøndelag,65.11265,11.792867,7,Nord-Trøndelag med Bindal,
26,2017,12260,Juvika,medikamentell,fôrbehandling,Emamectin benzoat,,,,deler av lokaliteten,1545,MIDSUND,15,Møre og Romsdal,62.66477,6.696767,5,Stadt til Hustadvika,
26,2017,22915,Kalsøyflu,medikamentell,fôrbehandling,Emamectin benzoat,,,,hele lokaliteten,1244,AUSTEVOLL,12,Hordaland,60.03818,5.114417,3,Karmøy til Sotra,
26,2017,15118,Kalvøya,ikke-medikamentell,,,,,,hele lokaliteten,1834,LURØY,18,Nordland,66.39365,12.79975,8,Helgeland til Bodø,
26,2017,36817,Kariskjæret,medikamentell,fôrbehandling,Emamectin benzoat,,,,hele lokaliteten,1804,BODØ,18,Nordland,67.38345,14.381967,9,Vestfjorden og Vesterålen,
26,2017,36817,Kariskjæret,medikamentell,fôrbehandling,Emamectin benzoat,,,,hele lokaliteten,1804,BODØ,18,Nordland,67.38345,14.381967,9,Vestfjorden og Vesterålen,
26,2017,36817,Kariskjæret,medikamentell,fôrbehandling,Emamectin benzoat,,,,hele lokaliteten,1804,BODØ,18,Nordland,67.38345,14.381967,9,Vestfjorden og Vesterålen,
26,2017,12980,Klubben,ikke-medikamentell,,,,,,hele lokaliteten,1412,SOLUND,14,Sogn og Fjordane,61.175716,5.0051,4,Nordhordaland til Stadt,
26,2017,30297,Krabbholmen,ikke-medikamentell,,,,,,deler av lokaliteten,1630,ÅFJORD,16,Sør-Trøndelag,63.94438,9.880667,6,Nordmøre og Sør-Trøndelag,
26,2017,33177,Krabbholmen II,ikke-medikamentell,,,,,,deler av lokaliteten,1630,ÅFJORD,16,Sør-Trøndelag,63.94,9.886633,6,Nordmøre og Sør-Trøndelag,
26,2017,20595,Kyrholmen S,medikamentell,badebehandling,Annet virkestoff,,,,deler av lokaliteten,1244,AUSTEVOLL,12,Hordaland,60.161583,5.207633,3,Karmøy til Sotra,
26,2017,11438,Lauplandsholmen,medikamentell,fôrbehandling,Emamectin benzoat,,,,hele lokaliteten,1145,BOKN,11,Rogaland,59.179733,5.472633,2,Ryfylke,
26,2017,10990,Lille Åsvær,ikke-medikamentell,,,,,,deler av lokaliteten,1827,DØNNA,18,Nordland,66.22988,12.317533,8,Helgeland til Bodø,
26,2017,12966,Lindvik,rensefisk,,,1691,Berggylt,17127,hele lokaliteten,1160,VINDAFJORD,11,Rogaland,59.474068,5.976433,2,Ryfylke,
26,2017,12385,Lyngvær Ø II,medikamentell,fôrbehandling,Emamectin benzoat,,,,hele lokaliteten,1620,FRØYA,16,Sør-Trøndelag,63.80621,8.567418,6,Nordmøre og Sør-Trøndelag,
26,2017,12633,Lyrnesset,rensefisk,,,1694,Grøngylt,1752,hele lokaliteten,1749,FLATANGER,17,Nord-Trøndelag,64.5256,10.748133,7,Nord-Trøndelag med Bindal,
26,2017,12633,Lyrnesset,rensefisk,,,222120,Rognkjeks (hun),11688,hele lokaliteten,1749,FLATANGER,17,Nord-Trøndelag,64.5256,10.748133,7,Nord-Trøndelag med Bindal,
26,2017,35477,Makrellskjæret,rensefisk,,,222120,Rognkjeks (hun),4689,hele lokaliteten,1749,FLATANGER,17,Nord-Trøndelag,64.54919,10.7341,7,Nord-Trøndelag med Bindal,
26,2017,35477,Makrellskjæret,rensefisk,,,1691,Berggylt,3016,hele lokaliteten,1749,FLATANGER,17,Nord-Trøndelag,64.54919,10.7341,7,Nord-Trøndelag med Bindal,
26,2017,32977,Måren,ikke-medikamentell,,,,,,deler av lokaliteten,1416,HØYANGER,14,Sogn og Fjordane,61.152668,6.1167,4,Nordhordaland til Stadt,
26,2017,10447,Mefaldskjæret,medikamentell,fôrbehandling,Emamectin benzoat,,,,hele lokaliteten,1820,ALSTAHAUG,18,Nordland,65.85145,12.2872,8,Helgeland til Bodø,
26,2017,31637,Melkøya,medikamentell,fôrbehandling,Emamectin benzoat,,,,hele lokaliteten,1818,HERØY I NORDLAND,18,Nordland,66.08231,12.201167,8,Helgeland til Bodø,
26,2017,29957,Nakkestad,rensefisk,,,1694,Grøngylt,2500,hele lokaliteten,1032,LYNGDAL,10,Vest-Agder,58.055832,7.06875,1,Svenskegrensen til Jæren,
26,2017,29957,Nakkestad,rensefisk,,,1693,Bergnebb,11000,hele lokaliteten,1032,LYNGDAL,10,Vest-Agder,58.055832,7.06875,1,Svenskegrensen til Jæren,
26,2017,11129,Nordfugløy,medikamentell,fôrbehandling,Emamectin benzoat,,,,hele lokaliteten,1838,GILDESKÅL,18,Nordland,67.083916,13.85685,8,Helgeland til Bodø,
26,2017,28676,Olvika,ikke-medikamentell,,,,,,hele lokaliteten,1834,LURØY,18,Nordland,66.43864,13.1274,8,Helgeland til Bodø,
26,2017,10136,Onarøy,ikke-medikamentell,,,,,,deler av lokaliteten,1223,TYSNES,12,Hordaland,59.95335,5.669683,3,Karmøy til Sotra,
26,2017,12394,Ørnøya,rensefisk,,,222120,Rognkjeks (hun),13643,deler av lokaliteten,1620,FRØYA,16,Sør-Trøndelag,63.761868,8.445183,6,Nordmøre og Sør-Trøndelag,
26,2017,24696,Ørnøya II,rensefisk,,,222120,Rognkjeks (hun),7930,deler av lokaliteten,1620,FRØYA,16,Sør-Trøndelag,63.758484,8.450367,6,Nordmøre og Sør-Trøndelag,
26,2017,33417,Persflua,medikamentell,badebehandling,Azamethiphos,,,,deler av lokaliteten,1627,BJUGN,16,Sør-Trøndelag,63.91345,9.826433,6,Nordmøre og Sør-Trøndelag,
26,2017,11688,Portevika,medikamentell,fôrbehandling,Emamectin benzoat,,,,hele lokaliteten,1413,HYLLESTAD,14,Sogn og Fjordane,61.18885,5.090017,4,Nordhordaland til Stadt,
26,2017,10996,Ramnøya S,ikke-medikamentell,,,,,,hele lokaliteten,1827,DØNNA,18,Nordland,66.23212,12.280317,8,Helgeland til Bodø,
26,2017,28636,Rataren,rensefisk,,,222120,Rognkjeks (hun),8970,deler av lokaliteten,1620,FRØYA,16,Sør-Trøndelag,63.780884,8.517383,6,Nordmøre og Sør-Trøndelag,
26,2017,31959,Rataren II,rensefisk,,,222120,Rognkjeks (hun),6449,deler av lokaliteten,1620,FRØYA,16,Sør-Trøndelag,63.782383,8.52635,6,Nordmøre og Sør-Trøndelag,
26,2017,29896,Renndalen,ikke-medikamentell,,,,,,deler av lokaliteten,1571,HALSA,15,Møre og Romsdal,63.176167,8.616817,6,Nordmøre og Sør-Trøndelag,
26,2017,30657,Revøy,rensefisk,,,1693,Bergnebb,16000,hele lokaliteten,1032,LYNGDAL,10,Vest-Agder,58.0243,7.0268,1,Svenskegrensen til Jæren,
26,2017,12281,Rogne,rensefisk,,,1691,Berggylt,31837,deler av lokaliteten,1534,HARAM,15,Møre og Romsdal,62.6695,6.356833,5,Stadt til Hustadvika,
26,2017,12794,Rundklumpen,medikamentell,badebehandling,Annet virkestoff,,,,hele lokaliteten,1627,BJUGN,16,Sør-Trøndelag,63.8012,9.607983,6,Nordmøre og Sør-Trøndelag,
26,2017,13249,Sagelva,medikamentell,fôrbehandling,Emamectin benzoat,,,,hele lokaliteten,1520,ØRSTA,15,Møre og Romsdal,62.33795,6.38165,5,Stadt til Hustadvika,
26,2017,19855,Segelråa,ikke-medikamentell,,,,,,deler av lokaliteten,1576,AURE,15,Møre og Romsdal,63.149746,8.12855,6,Nordmøre og Sør-Trøndelag,
26,2017,10398,Seiskjæra,ikke-medikamentell,,,,,,deler av lokaliteten,1630,ÅFJORD,16,Sør-Trøndelag,64.09225,10.115983,6,Nordmøre og Sør-Trøndelag,
26,2017,25896,Skorpo,ikke-medikamentell,,,,,,deler av lokaliteten,1223,TYSNES,12,Hordaland,59.875767,5.638817,3,Karmøy til Sotra,
26,2017,12108,Skorpo Nv,ikke-medikamentell,,,,,,deler av lokaliteten,1224,KVINNHERAD,12,Hordaland,59.95323,5.827133,3,Karmøy til Sotra,
26,2017,14676,Slapøya N,medikamentell,fôrbehandling,Emamectin benzoat,,,,deler av lokaliteten,1827,DØNNA,18,Nordland,66.15808,12.38975,8,Helgeland til Bodø,
26,2017,27436,Solværet,ikke-medikamentell,,,,,,deler av lokaliteten,1573,SMØLA,15,Møre og Romsdal,63.255,7.856933,6,Nordmøre og Sør-Trøndelag,
26,2017,23375,Sørevik,medikamentell,fôrbehandling,Emamectin benzoat,,,,deler av lokaliteten,1416,HØYANGER,14,Sogn og Fjordane,61.099983,5.729967,4,Nordhordaland til Stadt,
26,2017,15375,Sørøyflesa,rensefisk,,,222120,Rognkjeks (hun),18307,hele lokaliteten,1620,FRØYA,16,Sør-Trøndelag,63.98405,9.057067,6,Nordmøre og Sør-Trøndelag,
26,2017,31338,Storskjeret,ikke-medikamentell,,,,,,deler av lokaliteten,1576,AURE,15,Møre og Romsdal,63.26985,8.228283,6,Nordmøre og Sør-Trøndelag,
26,2017,19016,Storskogøya,rensefisk,,,222120,Rognkjeks (hun),28010,hele lokaliteten,1613,SNILLFJORD,16,Sør-Trøndelag,63.506065,9.19075,6,Nordmøre og Sør-Trøndelag,
26,2017,11552,Stuholmen,ikke-medikamentell,,,,,,hele lokaliteten,1245,SUND,12,Hordaland,60.249683,4.978117,3,Karmøy til Sotra,
26,2017,11144,Svinvær,ikke-medikamentell,,,,,,deler av lokaliteten,1836,RØDØY,18,Nordland,66.76923,13.170633,8,Helgeland til Bodø,
26,2017,29336,Trælsøyosen,rensefisk,,,222120,Rognkjeks (hun),42410,hele lokaliteten,1244,AUSTEVOLL,12,Hordaland,60.1178,5.2702,3,Karmøy til Sotra,
26,2017,32717,Tranøya N,medikamentell,fôrbehandling,Emamectin benzoat,,,,hele lokaliteten,1627,BJUGN,16,Sør-Trøndelag,63.872032,9.769783,6,Nordmøre og Sør-Trøndelag,
26,2017,13570,Ulværholmen,medikamentell,fôrbehandling,Emamectin benzoat,,,,hele lokaliteten,1617,HITRA,16,Sør-Trøndelag,63.598217,9.116583,6,Nordmøre og Sør-Trøndelag,
26,2017,12885,Vikageilen,ikke-medikamentell,,,,,,deler av lokaliteten,1505,KRISTIANSUND,15,Møre og Romsdal,63.075783,7.906067,6,Nordmøre og Sør-Trøndelag,
26,2017,11252,Vindhammeren,medikamentell,fôrbehandling,Emamectin benzoat,,,,hele lokaliteten,1867,BØ I NORDLAND,18,Nordland,68.78075,14.593733,9,Vestfjorden og Vesterålen,
26,2017,13246,Voldnes,ikke-medikamentell,,,,,,hele lokaliteten,1515,HERØY I MØRE OG ROMSDAL,15,Møre og Romsdal,62.2097,5.7849,5,Stadt til Hustadvika,
25,2017,10331,Åkre,ikke-medikamentell,,,,,,deler av lokaliteten,1224,KVINNHERAD,12,Hordaland,60.112434,6.042483,3,Karmøy til Sotra,
25,2017,11793,Ånnaholmane,medikamentell,fôrbehandling,Emamectin benzoat,,,,hele lokaliteten,1428,ASKVOLL,14,Sogn og Fjordane,61.284267,4.725433,4,Nordhordaland til Stadt,
25,2017,11793,Ånnaholmane,medikamentell,fôrbehandling,Emamectin benzoat,,,,hele lokaliteten,1428,ASKVOLL,14,Sogn og Fjordane,61.284267,4.725433,4,Nordhordaland til Stadt,
25,2017,11364,Årberg,medikamentell,badebehandling,Deltamethrin,,,,deler av lokaliteten,1928,TORSKEN,19,Troms,69.1959,16.91595,10,Andøya til Senja,
25,2017,12988,Aukrasanden,ikke-medikamentell,,,,,,deler av lokaliteten,1547,AUKRA,15,Møre og Romsdal,62.783417,6.92605,5,Stadt til Hustadvika,
25,2017,13845,Beitveit,ikke-medikamentell,,,,,,deler av lokaliteten,1441,SELJE,14,Sogn og Fjordane,62.141216,5.32675,5,Stadt til Hustadvika,
25,2017,22455,Bjørlykkestranda,medikamentell,fôrbehandling,Emamectin benzoat,,,,deler av lokaliteten,1511,VANYLVEN,15,Møre og Romsdal,62.16655,5.5954,5,Stadt til Hustadvika,
25,2017,10212,Bogen,ikke-medikamentell,,,,,,deler av lokaliteten,1505,KRISTIANSUND,15,Møre og Romsdal,63.077667,7.90345,6,Nordmøre og Sør-Trøndelag,
25,2017,11248,Bonhammaren,medikamentell,fôrbehandling,Emamectin benzoat,,,,hele lokaliteten,1867,BØ I NORDLAND,18,Nordland,68.81738,14.7101,9,Vestfjorden og Vesterålen,
25,2017,11015,Brattholmen,rensefisk,,,1691,Berggylt,76578,hele lokaliteten,1818,HERØY I NORDLAND,18,Nordland,65.90735,12.220967,8,Helgeland til Bodø,
25,2017,10223,Bremnessvaet,medikamentell,badebehandling,Annet virkestoff,,,,deler av lokaliteten,1573,SMØLA,15,Møre og Romsdal,63.39795,8.214317,6,Nordmøre og Sør-Trøndelag,
25,2017,10223,Bremnessvaet,ikke-medikamentell,,,,,,deler av lokaliteten,1573,SMØLA,15,Møre og Romsdal,63.39795,8.214317,6,Nordmøre og Sør-Trøndelag,
25,2017,34197,Brennholmen,medikamentell,fôrbehandling,Emamectin benzoat,,,,deler av lokaliteten,1818,HERØY I NORDLAND,18,Nordland,65.978714,12.16355,8,Helgeland til Bodø,
25,2017,31038,Buarøy,ikke-medikamentell,,,,,,deler av lokaliteten,1245,SUND,12,Hordaland,60.220066,5.21455,3,Karmøy til Sotra,
25,2017,12361,Bukkholmen S,ikke-medikamentell,,,,,,deler av lokaliteten,1620,FRØYA,16,Sør-Trøndelag,63.72368,8.8631,6,Nordmøre og Sør-Trøndelag,
25,2017,22035,Buktodden Nø,medikamentell,fôrbehandling,Emamectin benzoat,,,,hele lokaliteten,1833,RANA,18,Nordland,66.30817,13.432333,8,Helgeland til Bodø,
25,2017,10229,Fætten,ikke-medikamentell,,,,,,deler av lokaliteten,1571,HALSA,15,Møre og Romsdal,63.144585,8.459567,6,Nordmøre og Sør-Trøndelag,
25,2017,31157,Fiksneset,rensefisk,,,2221,Rognkjeks (felles),33284,hele lokaliteten,1245,SUND,12,Hordaland,60.176884,5.124833,3,Karmøy til Sotra,
25,2017,26775,Fjølværet Ø,rensefisk,,,222120,Rognkjeks (hun),30842,deler av lokaliteten,1620,FRØYA,16,Sør-Trøndelag,63.819233,8.636133,6,Nordmøre og Sør-Trøndelag,
25,2017,25835,Flatøyflu,ikke-medikamentell,,,,,,deler av lokaliteten,1244,AUSTEVOLL,12,Hordaland,60.156033,5.2315,3,Karmøy til Sotra,
25,2017,31437,Fuglåsen,ikke-medikamentell,,,,,,deler av lokaliteten,1573,SMØLA,15,Møre og Romsdal,63.44715,8.167767,6,Nordmøre og Sør-Trøndelag,
25,2017,22015,Fureneset,ikke-medikamentell,,,,,,deler av lokaliteten,1412,SOLUND,14,Sogn og Fjordane,61.16562,5.052417,4,Nordhordaland til Stadt,
25,2017,11667,Gardskråneset,medikamentell,fôrbehandling,Emamectin benzoat,,,,deler av lokaliteten,1259,ØYGARDEN,12,Hordaland,60.5399,4.904617,4,Nordhordaland til Stadt,
25,2017,26335,Geitholmen,medikamentell,fôrbehandling,Annet virkestoff,,,,deler av lokaliteten,1750,VIKNA,17,Nord-Trøndelag,64.79955,11.025933,7,Nord-Trøndelag med Bindal,
25,2017,26335,Geitholmen,medikamentell,fôrbehandling,Annet virkestoff,,,,deler av lokaliteten,1750,VIKNA,17,Nord-Trøndelag,64.79955,11.025933,7,Nord-Trøndelag med Bindal,
25,2017,31717,Gjerset V,ikke-medikamentell,,,,,,deler av lokaliteten,1534,HARAM,15,Møre og Romsdal,62.53023,6.428783,5,Stadt til Hustadvika,
25,2017,11643,Hatlem Ø,ikke-medikamentell,,,,,,deler av lokaliteten,1413,HYLLESTAD,14,Sogn og Fjordane,61.200916,5.262117,4,Nordhordaland til Stadt,
25,2017,11783,Hella,medikamentell,fôrbehandling,Emamectin benzoat,,,,hele lokaliteten,1428,ASKVOLL,14,Sogn og Fjordane,61.40663,5.080817,4,Nordhordaland til Stadt,
25,2017,18015,Hestabyneset,ikke-medikamentell,,,,,,deler av lokaliteten,1223,TYSNES,12,Hordaland,59.953632,5.4514,3,Karmøy til Sotra,
25,2017,35197,Hjortøya,ikke-medikamentell,,,,,,deler av lokaliteten,1750,VIKNA,17,Nord-Trøndelag,64.9848,11.135467,7,Nord-Trøndelag med Bindal,
25,2017,19939,Høysteinen,ikke-medikamentell,,,,,,deler av lokaliteten,1224,KVINNHERAD,12,Hordaland,60.157417,6.050117,3,Karmøy til Sotra,
25,2017,12260,Juvika,medikamentell,fôrbehandling,Emamectin benzoat,,,,deler av lokaliteten,1545,MIDSUND,15,Møre og Romsdal,62.66477,6.696767,5,Stadt til Hustadvika,
25,2017,12872,Kattholmen,medikamentell,fôrbehandling,Emamectin benzoat,,,,hele lokaliteten,1505,KRISTIANSUND,15,Møre og Romsdal,63.055332,7.695317,6,Nordmøre og Sør-Trøndelag,
25,2017,24455,Klavelandet,ikke-medikamentell,,,,,,hele lokaliteten,1401,FLORA,14,Sogn og Fjordane,61.60395,5.186533,4,Nordhordaland til Stadt,
25,2017,11534,Klungsholmen,rensefisk,,,1691,Berggylt,3600,hele lokaliteten,1219,BØMLO,12,Hordaland,59.596783,5.161567,3,Karmøy til Sotra,
25,2017,11763,Knappen,medikamentell,fôrbehandling,Emamectin benzoat,,,,hele lokaliteten,1259,ØYGARDEN,12,Hordaland,60.5735,4.818517,4,Nordhordaland til Stadt,
25,2017,13764,Kokvika,ikke-medikamentell,,,,,,deler av lokaliteten,1834,LURØY,18,Nordland,66.41282,12.956867,8,Helgeland til Bodø,
25,2017,12239,Kråknes,ikke-medikamentell,,,,,,deler av lokaliteten,1547,AUKRA,15,Møre og Romsdal,62.83145,6.962733,5,Stadt til Hustadvika,
25,2017,11714,Kvernhusvika,ikke-medikamentell,,,,,,hele lokaliteten,1412,SOLUND,14,Sogn og Fjordane,61.0678,4.94225,4,Nordhordaland til Stadt,
25,2017,20595,Kyrholmen S,ikke-medikamentell,,,,,,deler av lokaliteten,1244,AUSTEVOLL,12,Hordaland,60.161583,5.207633,3,Karmøy til Sotra,
25,2017,11116,Langholmen,ikke-medikamentell,,,,,,deler av lokaliteten,1838,GILDESKÅL,18,Nordland,67.05783,14.025333,8,Helgeland til Bodø,
25,2017,26295,Langøy,medikamentell,fôrbehandling,Emamectin benzoat,,,,hele lokaliteten,1263,LINDÅS,12,Hordaland,60.779133,5.1608,4,Nordhordaland til Stadt,
25,2017,12380,Langøya Kvaløya,rensefisk,,,222120,Rognkjeks (hun),1859,hele lokaliteten,1620,FRØYA,16,Sør-Trøndelag,63.791096,8.60728,6,Nordmøre og Sør-Trøndelag,
25,2017,11438,Lauplandsholmen,medikamentell,fôrbehandling,Emamectin benzoat,,,,hele lokaliteten,1145,BOKN,11,Rogaland,59.179733,5.472633,2,Ryfylke,
25,2017,14435,Ljøsøy N,medikamentell,fôrbehandling,Emamectin benzoat,,,,hele lokaliteten,1259,ØYGARDEN,12,Hordaland,60.565132,4.878417,4,Nordhordaland til Stadt,
25,2017,10447,Mefaldskjæret,medikamentell,fôrbehandling,Emamectin benzoat,,,,hele lokaliteten,1820,ALSTAHAUG,18,Nordland,65.85145,12.2872,8,Helgeland til Bodø,
25,2017,31637,Melkøya,medikamentell,fôrbehandling,Emamectin benzoat,,,,hele lokaliteten,1818,HERØY I NORDLAND,18,Nordland,66.08231,12.201167,8,Helgeland til Bodø,
25,2017,13541,Midtflua,ikke-medikamentell,,,,,,deler av lokaliteten,1223,TYSNES,12,Hordaland,60.076267,5.466533,3,Karmøy til Sotra,
25,2017,29957,Nakkestad,rensefisk,,,1694,Grøngylt,2500,hele lokaliteten,1032,LYNGDAL,10,Vest-Agder,58.055832,7.06875,1,Svenskegrensen til Jæren,
25,2017,29957,Nakkestad,rensefisk,,,1693,Bergnebb,11000,hele lokaliteten,1032,LYNGDAL,10,Vest-Agder,58.055832,7.06875,1,Svenskegrensen til Jæren,
25,2017,11129,Nordfugløy,medikamentell,fôrbehandling,Emamectin benzoat,,,,hele lokaliteten,1838,GILDESKÅL,18,Nordland,67.083916,13.85685,8,Helgeland til Bodø,
25,2017,26315,Nordgjæslingan,medikamentell,fôrbehandling,Annet virkestoff,,,,hele lokaliteten,1750,VIKNA,17,Nord-Trøndelag,64.7659,10.9128,7,Nord-Trøndelag med Bindal,
25,2017,26315,Nordgjæslingan,rensefisk,,,222120,Rognkjeks (hun),17479,deler av lokaliteten,1750,VIKNA,17,Nord-Trøndelag,64.7659,10.9128,7,Nord-Trøndelag med Bindal,
25,2017,31697,Oksen,medikamentell,fôrbehandling,Emamectin benzoat,,,,deler av lokaliteten,1246,FJELL,12,Hordaland,60.4336,4.940617,3,Karmøy til Sotra,
25,2017,31697,Oksen,ikke-medikamentell,,,,,,hele lokaliteten,1246,FJELL,12,Hordaland,60.4336,4.940617,3,Karmøy til Sotra,
25,2017,30559,Øksneset,ikke-medikamentell,,,,,,hele lokaliteten,1264,AUSTRHEIM,12,Hordaland,60.81255,4.862317,4,Nordhordaland til Stadt,
25,2017,27876,Olderbakken,rensefisk,,,2221,Rognkjeks (felles),48241,deler av lokaliteten,1812,SØMNA,18,Nordland,65.31118,12.368633,7,Nord-Trøndelag med Bindal,
25,2017,15403,Olderøy,medikamentell,badebehandling,Hydrogenperoksid,,,,hele lokaliteten,1412,SOLUND,14,Sogn og Fjordane,61.103283,4.712233,4,Nordhordaland til Stadt,
25,2017,10136,Onarøy,ikke-medikamentell,,,,,,deler av lokaliteten,1223,TYSNES,12,Hordaland,59.95335,5.669683,3,Karmøy til Sotra,
25,2017,33417,Persflua,medikamentell,badebehandling,Azamethiphos,,,,deler av lokaliteten,1627,BJUGN,16,Sør-Trøndelag,63.91345,9.826433,6,Nordmøre og Sør-Trøndelag,
25,2017,33417,Persflua,ikke-medikamentell,,,,,,deler av lokaliteten,1627,BJUGN,16,Sør-Trøndelag,63.91345,9.826433,6,Nordmøre og Sør-Trøndelag,
25,2017,10149,Rafdal,medikamentell,badebehandling,Annet virkestoff,,,,deler av lokaliteten,1211,ETNE,12,Hordaland,59.790916,6.176567,3,Karmøy til Sotra,
25,2017,29116,Reiråklakken,ikke-medikamentell,,,,,,deler av lokaliteten,1573,SMØLA,15,Møre og Romsdal,63.450333,8.167717,6,Nordmøre og Sør-Trøndelag,
25,2017,30657,Revøy,rensefisk,,,1693,Bergnebb,16000,hele lokaliteten,1032,LYNGDAL,10,Vest-Agder,58.0243,7.0268,1,Svenskegrensen til Jæren,
25,2017,13887,Røytholmen Ø,medikamentell,fôrbehandling,Emamectin benzoat,,,,deler av lokaliteten,1617,HITRA,16,Sør-Trøndelag,63.6177,9.130033,6,Nordmøre og Sør-Trøndelag,
25,2017,13243,Sandvika,medikamentell,badebehandling,Annet virkestoff,,,,hele lokaliteten,1519,VOLDA,15,Møre og Romsdal,62.195667,5.904417,5,Stadt til Hustadvika,
25,2017,13243,Sandvika,ikke-medikamentell,,,,,,deler av lokaliteten,1519,VOLDA,15,Møre og Romsdal,62.195667,5.904417,5,Stadt til Hustadvika,
25,2017,19855,Segelråa,ikke-medikamentell,,,,,,deler av lokaliteten,1576,AURE,15,Møre og Romsdal,63.149746,8.12855,6,Nordmøre og Sør-Trøndelag,
25,2017,10398,Seiskjæra,ikke-medikamentell,,,,,,deler av lokaliteten,1630,ÅFJORD,16,Sør-Trøndelag,64.09225,10.115983,6,Nordmøre og Sør-Trøndelag,
25,2017,20796,Skarbukta,ikke-medikamentell,,,,,,deler av lokaliteten,1539,RAUMA,15,Møre og Romsdal,62.59785,7.367717,5,Stadt til Hustadvika,
25,2017,19635,Skatleia,medikamentell,badebehandling,Hydrogenperoksid,,,,hele lokaliteten,1867,BØ I NORDLAND,18,Nordland,68.8001,14.593767,9,Vestfjorden og Vesterålen,
25,2017,32877,Skorpo,rensefisk,,,222120,Rognkjeks (hun),31171,deler av lokaliteten,1243,OS I HORDALAND,12,Hordaland,60.173317,5.293683,3,Karmøy til Sotra,
25,2017,12108,Skorpo Nv,ikke-medikamentell,,,,,,deler av lokaliteten,1224,KVINNHERAD,12,Hordaland,59.95323,5.827133,3,Karmøy til Sotra,
25,2017,18657,Skredstivik,ikke-medikamentell,,,,,,deler av lokaliteten,1413,HYLLESTAD,14,Sogn og Fjordane,61.1567,5.133983,4,Nordhordaland til Stadt,
25,2017,14676,Slapøya N,medikamentell,fôrbehandling,Emamectin benzoat,,,,deler av lokaliteten,1827,DØNNA,18,Nordland,66.15808,12.38975,8,Helgeland til Bodø,
25,2017,27436,Solværet,ikke-medikamentell,,,,,,deler av lokaliteten,1573,SMØLA,15,Møre og Romsdal,63.255,7.856933,6,Nordmøre og Sør-Trøndelag,
25,2017,13032,Sølvøyane,ikke-medikamentell,,,,,,deler av lokaliteten,1219,BØMLO,12,Hordaland,59.609516,5.133367,3,Karmøy til Sotra,
25,2017,13032,Sølvøyane,rensefisk,,,2221,Rognkjeks (felles),20445,deler av lokaliteten,1219,BØMLO,12,Hordaland,59.609516,5.133367,3,Karmøy til Sotra,
25,2017,23375,Sørevik,medikamentell,fôrbehandling,Emamectin benzoat,,,,deler av lokaliteten,1416,HØYANGER,14,Sogn og Fjordane,61.099983,5.729967,4,Nordhordaland til Stadt,
25,2017,13708,Steinvik,medikamentell,fôrbehandling,Emamectin benzoat,,,,hele lokaliteten,1401,FLORA,14,Sogn og Fjordane,61.565266,5.31025,4,Nordhordaland til Stadt,
25,2017,31338,Storskjeret,ikke-medikamentell,,,,,,deler av lokaliteten,1576,AURE,15,Møre og Romsdal,63.26985,8.228283,6,Nordmøre og Sør-Trøndelag,
25,2017,13196,Syltøy,medikamentell,fôrbehandling,Emamectin benzoat,,,,deler av lokaliteten,1245,SUND,12,Hordaland,60.3046,4.96645,3,Karmøy til Sotra,
25,2017,29336,Trælsøyosen,ikke-medikamentell,,,,,,deler av lokaliteten,1244,AUSTEVOLL,12,Hordaland,60.1178,5.2702,3,Karmøy til Sotra,
25,2017,10332,Trommo,ikke-medikamentell,,,,,,deler av lokaliteten,1224,KVINNHERAD,12,Hordaland,60.08243,6.080067,3,Karmøy til Sotra,
25,2017,10504,Vedvika,medikamentell,badebehandling,Hydrogenperoksid,,,,hele lokaliteten,1867,BØ I NORDLAND,18,Nordland,68.77659,14.613858,9,Vestfjorden og Vesterålen,
25,2017,11252,Vindhammeren,medikamentell,fôrbehandling,Emamectin benzoat,,,,hele lokaliteten,1867,BØ I NORDLAND,18,Nordland,68.78075,14.593733,9,Vestfjorden og Vesterålen,
25,2017,11252,Vindhammeren,medikamentell,badebehandling,Hydrogenperoksid,,,,hele lokaliteten,1867,BØ I NORDLAND,18,Nordland,68.78075,14.593733,9,Vestfjorden og Vesterålen,
25,2017,19235,Vindvika,ikke-medikamentell,,,,,,deler av lokaliteten,1804,BODØ,18,Nordland,67.533165,15.165583,9,Vestfjorden og Vesterålen,
25,2017,29936,Ystadneset,ikke-medikamentell,,,,,,deler av lokaliteten,1224,KVINNHERAD,12,Hordaland,59.977932,5.77565,3,Karmøy til Sotra,
24,2017,11513,Andal,rensefisk,,,222120,Rognkjeks (hun),4958,deler av lokaliteten,1219,BØMLO,12,Hordaland,59.636333,5.247717,3,Karmøy til Sotra,
24,2017,11793,Ånnaholmane,medikamentell,fôrbehandling,Emamectin benzoat,,,,hele lokaliteten,1428,ASKVOLL,14,Sogn og Fjordane,61.284267,4.725433,4,Nordhordaland til Stadt,
24,2017,11793,Ånnaholmane,medikamentell,fôrbehandling,Emamectin benzoat,,,,hele lokaliteten,1428,ASKVOLL,14,Sogn og Fjordane,61.284267,4.725433,4,Nordhordaland til Stadt,
24,2017,29816,Apalvikneset,ikke-medikamentell,,,,,,deler av lokaliteten,1227,JONDAL,12,Hordaland,60.146217,6.121133,3,Karmøy til Sotra,
24,2017,22455,Bjørlykkestranda,medikamentell,fôrbehandling,Emamectin benzoat,,,,deler av lokaliteten,1511,VANYLVEN,15,Møre og Romsdal,62.16655,5.5954,5,Stadt til Hustadvika,
24,2017,12308,Bjørndal,ikke-medikamentell,,,,,,deler av lokaliteten,1520,ØRSTA,15,Møre og Romsdal,62.274883,6.00285,5,Stadt til Hustadvika,
24,2017,10212,Bogen,rensefisk,,,1691,Berggylt,2737,hele lokaliteten,1505,KRISTIANSUND,15,Møre og Romsdal,63.077667,7.90345,6,Nordmøre og Sør-Trøndelag,
24,2017,10212,Bogen,rensefisk,,,222120,Rognkjeks (hun),24302,hele lokaliteten,1505,KRISTIANSUND,15,Møre og Romsdal,63.077667,7.90345,6,Nordmøre og Sør-Trøndelag,
24,2017,10256,Bondøya,rensefisk,,,222120,Rognkjeks (hun),23053,deler av lokaliteten,1750,VIKNA,17,Nord-Trøndelag,64.8168,10.7427,7,Nord-Trøndelag med Bindal,
24,2017,13205,Brattholmen,medikamentell,fôrbehandling,Emamectin benzoat,,,,deler av lokaliteten,1412,SOLUND,14,Sogn og Fjordane,61.068382,4.713817,4,Nordhordaland til Stadt,
24,2017,26775,Fjølværet Ø,rensefisk,,,222120,Rognkjeks (hun),32376,deler av lokaliteten,1620,FRØYA,16,Sør-Trøndelag,63.819233,8.636133,6,Nordmøre og Sør-Trøndelag,
24,2017,32597,Fjordprakken,ikke-medikamentell,,,,,,deler av lokaliteten,1573,SMØLA,15,Møre og Romsdal,63.256516,7.928067,6,Nordmøre og Sør-Trøndelag,
24,2017,11833,Flåtegrunnen,ikke-medikamentell,,,,,,hele lokaliteten,1401,FLORA,14,Sogn og Fjordane,61.57615,4.807333,4,Nordhordaland til Stadt,
24,2017,25895,Flornes,ikke-medikamentell,,,,,,deler av lokaliteten,1223,TYSNES,12,Hordaland,59.890984,5.665983,3,Karmøy til Sotra,
24,2017,31437,Fuglåsen,ikke-medikamentell,,,,,,deler av lokaliteten,1573,SMØLA,15,Møre og Romsdal,63.44715,8.167767,6,Nordmøre og Sør-Trøndelag,
24,2017,11667,Gardskråneset,medikamentell,fôrbehandling,Emamectin benzoat,,,,deler av lokaliteten,1259,ØYGARDEN,12,Hordaland,60.5399,4.904617,4,Nordhordaland til Stadt,
24,2017,26335,Geitholmen,medikamentell,fôrbehandling,Annet virkestoff,,,,deler av lokaliteten,1750,VIKNA,17,Nord-Trøndelag,64.79955,11.025933,7,Nord-Trøndelag med Bindal,
24,2017,31717,Gjerset V,ikke-medikamentell,,,,,,deler av lokaliteten,1534,HARAM,15,Møre og Romsdal,62.53023,6.428783,5,Stadt til Hustadvika,
24,2017,22095,Hågardsneset,medikamentell,badebehandling,Annet virkestoff,,,,deler av lokaliteten,1224,KVINNHERAD,12,Hordaland,59.9844,5.929967,3,Karmøy til Sotra,
24,2017,22095,Hågardsneset,ikke-medikamentell,,,,,,deler av lokaliteten,1224,KVINNHERAD,12,Hordaland,59.9844,5.929967,3,Karmøy til Sotra,
24,2017,30257,Hausan,rensefisk,,,222120,Rognkjeks (hun),38996,hele lokaliteten,1612,HEMNE,16,Sør-Trøndelag,63.45838,8.955683,6,Nordmøre og Sør-Trøndelag,
24,2017,11783,Hella,medikamentell,fôrbehandling,Emamectin benzoat,,,,hele lokaliteten,1428,ASKVOLL,14,Sogn og Fjordane,61.40663,5.080817,4,Nordhordaland til Stadt,
24,2017,34677,Hestøya,medikamentell,fôrbehandling,Emamectin benzoat,,,,deler av lokaliteten,1573,SMØLA,15,Møre og Romsdal,63.3095,8.115567,6,Nordmøre og Sør-Trøndelag,
24,2017,19939,Høysteinen,ikke-medikamentell,,,,,,deler av lokaliteten,1224,KVINNHERAD,12,Hordaland,60.157417,6.050117,3,Karmøy til Sotra,
24,2017,29656,Juvika,medikamentell,fôrbehandling,Diflubenzuron,,,,deler av lokaliteten,1412,SOLUND,14,Sogn og Fjordane,61.104767,5.018483,4,Nordhordaland til Stadt,
24,2017,12872,Kattholmen,medikamentell,fôrbehandling,Emamectin benzoat,,,,hele lokaliteten,1505,KRISTIANSUND,15,Møre og Romsdal,63.055332,7.695317,6,Nordmøre og Sør-Trøndelag,
24,2017,12872,Kattholmen,ikke-medikamentell,,,,,,deler av lokaliteten,1505,KRISTIANSUND,15,Møre og Romsdal,63.055332,7.695317,6,Nordmøre og Sør-Trøndelag,
24,2017,26135,Kjørsvikgrunn,rensefisk,,,222120,Rognkjeks (hun),42358,hele lokaliteten,1612,HEMNE,16,Sør-Trøndelag,63.457565,9.076,6,Nordmøre og Sør-Trøndelag,
24,2017,13764,Kokvika,ikke-medikamentell,,,,,,deler av lokaliteten,1834,LURØY,18,Nordland,66.41282,12.956867,8,Helgeland til Bodø,
24,2017,30297,Krabbholmen,ikke-medikamentell,,,,,,deler av lokaliteten,1630,ÅFJORD,16,Sør-Trøndelag,63.94438,9.880667,6,Nordmøre og Sør-Trøndelag,
24,2017,33177,Krabbholmen II,ikke-medikamentell,,,,,,deler av lokaliteten,1630,ÅFJORD,16,Sør-Trøndelag,63.94,9.886633,6,Nordmøre og Sør-Trøndelag,
24,2017,11633,Krossholmen,ikke-medikamentell,,,,,,deler av lokaliteten,1219,BØMLO,12,Hordaland,59.7879,5.100533,3,Karmøy til Sotra,
24,2017,26295,Langøy,medikamentell,fôrbehandling,Emamectin benzoat,,,,hele lokaliteten,1263,LINDÅS,12,Hordaland,60.779133,5.1608,4,Nordhordaland til Stadt,
24,2017,14435,Ljøsøy N,medikamentell,fôrbehandling,Emamectin benzoat,,,,hele lokaliteten,1259,ØYGARDEN,12,Hordaland,60.565132,4.878417,4,Nordhordaland til Stadt,
24,2017,10292,Lyklingholmen N,ikke-medikamentell,,,,,,deler av lokaliteten,1219,BØMLO,12,Hordaland,59.714535,5.15405,3,Karmøy til Sotra,
24,2017,12978,Lyngholmen,ikke-medikamentell,,,,,,hele lokaliteten,1411,GULEN,14,Sogn og Fjordane,61.01525,5.004667,4,Nordhordaland til Stadt,
24,2017,10232,Mannbruholmen,rensefisk,,,2221,Rognkjeks (felles),30224,deler av lokaliteten,1620,FRØYA,16,Sør-Trøndelag,63.8473,8.53675,6,Nordmøre og Sør-Trøndelag,
24,2017,13550,Marøy Nø,ikke-medikamentell,,,,,,deler av lokaliteten,1438,BREMANGER,14,Sogn og Fjordane,61.847935,5.295383,4,Nordhordaland til Stadt,
24,2017,36117,Matvika,medikamentell,badebehandling,Azamethiphos,,,,deler av lokaliteten,1845,SØRFOLD,18,Nordland,67.528,15.359683,9,Vestfjorden og Vesterålen,
24,2017,36117,Matvika,medikamentell,badebehandling,Deltamethrin,,,,deler av lokaliteten,1845,SØRFOLD,18,Nordland,67.528,15.359683,9,Vestfjorden og Vesterålen,
24,2017,29957,Nakkestad,rensefisk,,,1694,Grøngylt,2500,hele lokaliteten,1032,LYNGDAL,10,Vest-Agder,58.055832,7.06875,1,Svenskegrensen til Jæren,
24,2017,29957,Nakkestad,rensefisk,,,1693,Bergnebb,11000,hele lokaliteten,1032,LYNGDAL,10,Vest-Agder,58.055832,7.06875,1,Svenskegrensen til Jæren,
24,2017,26315,Nordgjæslingan,medikamentell,fôrbehandling,Annet virkestoff,,,,hele lokaliteten,1750,VIKNA,17,Nord-Trøndelag,64.7659,10.9128,7,Nord-Trøndelag med Bindal,
24,2017,26315,Nordgjæslingan,rensefisk,,,222120,Rognkjeks (hun),17479,deler av lokaliteten,1750,VIKNA,17,Nord-Trøndelag,64.7659,10.9128,7,Nord-Trøndelag med Bindal,
24,2017,29116,Reiråklakken,ikke-medikamentell,,,,,,deler av lokaliteten,1573,SMØLA,15,Møre og Romsdal,63.450333,8.167717,6,Nordmøre og Sør-Trøndelag,
24,2017,30657,Revøy,rensefisk,,,1693,Bergnebb,16000,hele lokaliteten,1032,LYNGDAL,10,Vest-Agder,58.0243,7.0268,1,Svenskegrensen til Jæren,
24,2017,12281,Rogne,medikamentell,fôrbehandling,Emamectin benzoat,,,,hele lokaliteten,1534,HARAM,15,Møre og Romsdal,62.6695,6.356833,5,Stadt til Hustadvika,
24,2017,13887,Røytholmen Ø,medikamentell,fôrbehandling,Emamectin benzoat,,,,deler av lokaliteten,1617,HITRA,16,Sør-Trøndelag,63.6177,9.130033,6,Nordmøre og Sør-Trøndelag,
24,2017,12794,Rundklumpen,medikamentell,fôrbehandling,Emamectin benzoat,,,,deler av lokaliteten,1627,BJUGN,16,Sør-Trøndelag,63.8012,9.607983,6,Nordmøre og Sør-Trøndelag,
24,2017,13612,Rundreimstranda,ikke-medikamentell,,,,,,hele lokaliteten,1441,SELJE,14,Sogn og Fjordane,62.009968,5.331917,4,Nordhordaland til Stadt,
24,2017,13243,Sandvika,ikke-medikamentell,,,,,,deler av lokaliteten,1519,VOLDA,15,Møre og Romsdal,62.195667,5.904417,5,Stadt til Hustadvika,
24,2017,13035,Sauaneset I,ikke-medikamentell,,,,,,deler av lokaliteten,1244,AUSTEVOLL,12,Hordaland,60.089085,5.267967,3,Karmøy til Sotra,
24,2017,19855,Segelråa,ikke-medikamentell,,,,,,deler av lokaliteten,1576,AURE,15,Møre og Romsdal,63.149746,8.12855,6,Nordmøre og Sør-Trøndelag,
24,2017,12244,Setevika,ikke-medikamentell,,,,,,deler av lokaliteten,1545,MIDSUND,15,Møre og Romsdal,62.728065,6.939283,5,Stadt til Hustadvika,
24,2017,33017,Setevika N,ikke-medikamentell,,,,,,deler av lokaliteten,1545,MIDSUND,15,Møre og Romsdal,62.73835,6.937667,5,Stadt til Hustadvika,
24,2017,34137,Skårliodden,rensefisk,,,222120,Rognkjeks (hun),42446,deler av lokaliteten,1931,LENVIK,19,Troms,69.47495,18.065416,10,Andøya til Senja,
24,2017,34117,Skåtholmen,ikke-medikamentell,,,,,,deler av lokaliteten,1241,FUSA,12,Hordaland,60.17177,5.563633,3,Karmøy til Sotra,
24,2017,19635,Skatleia,medikamentell,badebehandling,Hydrogenperoksid,,,,hele lokaliteten,1867,BØ I NORDLAND,18,Nordland,68.8001,14.593767,9,Vestfjorden og Vesterålen,
24,2017,32877,Skorpo,rensefisk,,,222120,Rognkjeks (hun),29432,deler av lokaliteten,1243,OS I HORDALAND,12,Hordaland,60.173317,5.293683,3,Karmøy til Sotra,
24,2017,12108,Skorpo Nv,ikke-medikamentell,,,,,,deler av lokaliteten,1224,KVINNHERAD,12,Hordaland,59.95323,5.827133,3,Karmøy til Sotra,
24,2017,14676,Slapøya N,medikamentell,fôrbehandling,Emamectin benzoat,,,,deler av lokaliteten,1827,DØNNA,18,Nordland,66.15808,12.38975,8,Helgeland til Bodø,
24,2017,27436,Solværet,ikke-medikamentell,,,,,,deler av lokaliteten,1573,SMØLA,15,Møre og Romsdal,63.255,7.856933,6,Nordmøre og Sør-Trøndelag,
24,2017,13708,Steinvik,medikamentell,fôrbehandling,Emamectin benzoat,,,,hele lokaliteten,1401,FLORA,14,Sogn og Fjordane,61.565266,5.31025,4,Nordhordaland til Stadt,
24,2017,13125,Storvika,ikke-medikamentell,,,,,,deler av lokaliteten,1837,MELØY,18,Nordland,66.80855,13.242333,8,Helgeland til Bodø,
24,2017,11312,Svartfjell,rensefisk,,,2221,Rognkjeks (felles),29814,deler av lokaliteten,1848,STEIGEN,18,Nordland,67.93948,15.503168,9,Vestfjorden og Vesterålen,
24,2017,10332,Trommo,ikke-medikamentell,,,,,,deler av lokaliteten,1224,KVINNHERAD,12,Hordaland,60.08243,6.080067,3,Karmøy til Sotra,
24,2017,32337,Veiesund,ikke-medikamentell,,,,,,hele lokaliteten,1401,FLORA,14,Sogn og Fjordane,61.572067,5.0466,4,Nordhordaland til Stadt,
24,2017,12885,Vikageilen,rensefisk,,,1694,Grøngylt,2949,hele lokaliteten,1505,KRISTIANSUND,15,Møre og Romsdal,63.075783,7.906067,6,Nordmøre og Sør-Trøndelag,
24,2017,12885,Vikageilen,rensefisk,,,1691,Berggylt,3226,hele lokaliteten,1505,KRISTIANSUND,15,Møre og Romsdal,63.075783,7.906067,6,Nordmøre og Sør-Trøndelag,
24,2017,12885,Vikageilen,rensefisk,,,222120,Rognkjeks (hun),25831,hele lokaliteten,1505,KRISTIANSUND,15,Møre og Romsdal,63.075783,7.906067,6,Nordmøre og Sør-Trøndelag,
24,2017,19235,Vindvika,ikke-medikamentell,,,,,,deler av lokaliteten,1804,BODØ,18,Nordland,67.533165,15.165583,9,Vestfjorden og Vesterålen,
23,2017,11513,Andal,rensefisk,,,222120,Rognkjeks (hun),21978,deler av lokaliteten,1219,BØMLO,12,Hordaland,59.636333,5.247717,3,Karmøy til Sotra,
23,2017,29816,Apalvikneset,ikke-medikamentell,,,,,,deler av lokaliteten,1227,JONDAL,12,Hordaland,60.146217,6.121133,3,Karmøy til Sotra,
23,2017,11364,Årberg,medikamentell,fôrbehandling,Emamectin benzoat,,,,deler av lokaliteten,1928,TORSKEN,19,Troms,69.1959,16.91595,10,Andøya til Senja,
23,2017,22455,Bjørlykkestranda,medikamentell,fôrbehandling,Emamectin benzoat,,,,deler av lokaliteten,1511,VANYLVEN,15,Møre og Romsdal,62.16655,5.5954,5,Stadt til Hustadvika,
23,2017,13284,Bollhaugen,ikke-medikamentell,,,,,,deler av lokaliteten,1827,DØNNA,18,Nordland,66.11311,12.487683,8,Helgeland til Bodø,
23,2017,12040,Brandaskuta,ikke-medikamentell,,,,,,deler av lokaliteten,1224,KVINNHERAD,12,Hordaland,59.975735,5.909183,3,Karmøy til Sotra,
23,2017,13205,Brattholmen,medikamentell,fôrbehandling,Emamectin benzoat,,,,hele lokaliteten,1412,SOLUND,14,Sogn og Fjordane,61.068382,4.713817,4,Nordhordaland til Stadt,
23,2017,28336,Breivika,rensefisk,,,2221,Rognkjeks (felles),21985,deler av lokaliteten,1827,DØNNA,18,Nordland,66.1609,12.681467,8,Helgeland til Bodø,
23,2017,32897,Breivika S,rensefisk,,,2221,Rognkjeks (felles),25023,deler av lokaliteten,1827,DØNNA,18,Nordland,66.1581,12.682017,8,Helgeland til Bodø,
23,2017,22035,Buktodden Nø,rensefisk,,,2221,Rognkjeks (felles),11992,deler av lokaliteten,1833,RANA,18,Nordland,66.30817,13.432333,8,Helgeland til Bodø,
23,2017,14799,Djupestallen,ikke-medikamentell,,,,,,deler av lokaliteten,1223,TYSNES,12,Hordaland,60.058735,5.453,3,Karmøy til Sotra,
23,2017,20455,Djupevika,ikke-medikamentell,,,,,,deler av lokaliteten,1224,KVINNHERAD,12,Hordaland,60.0406,6.010917,3,Karmøy til Sotra,
23,2017,30097,Djupvik,rensefisk,,,2221,Rognkjeks (felles),20259,deler av lokaliteten,1836,RØDØY,18,Nordland,66.73299,13.33115,8,Helgeland til Bodø,
23,2017,32197,Dryna,rensefisk,,,222120,Rognkjeks (hun),22780,hele lokaliteten,1545,MIDSUND,15,Møre og Romsdal,62.6444,6.5568,5,Stadt til Hustadvika,
23,2017,32157,Dyrholmen V,ikke-medikamentell,,,,,,hele lokaliteten,1222,FITJAR,12,Hordaland,59.928234,5.230717,3,Karmøy til Sotra,
23,2017,12879,Endresetbukta,rensefisk,,,222120,Rognkjeks (hun),35986,hele lokaliteten,1505,KRISTIANSUND,15,Møre og Romsdal,63.03018,7.71615,6,Nordmøre og Sør-Trøndelag,
23,2017,25895,Flornes,ikke-medikamentell,,,,,,deler av lokaliteten,1223,TYSNES,12,Hordaland,59.890984,5.665983,3,Karmøy til Sotra,
23,2017,31717,Gjerset V,rensefisk,,,222120,Rognkjeks (hun),14135,hele lokaliteten,1534,HARAM,15,Møre og Romsdal,62.53023,6.428783,5,Stadt til Hustadvika,
23,2017,10318,Gulestø,ikke-medikamentell,,,,,,deler av lokaliteten,1438,BREMANGER,14,Sogn og Fjordane,61.75802,5.069883,4,Nordhordaland til Stadt,
23,2017,11318,Hallvardøy,medikamentell,badebehandling,Hydrogenperoksid,,,,hele lokaliteten,1851,LØDINGEN,18,Nordland,68.37497,15.317333,9,Vestfjorden og Vesterålen,
23,2017,18639,Halsavika,rensefisk,,,2221,Rognkjeks (felles),22500,deler av lokaliteten,1146,TYSVÆR,11,Rogaland,59.39232,5.883333,2,Ryfylke,
23,2017,36778,Havstein Sør,rensefisk,,,2221,Rognkjeks (felles),16000,deler av lokaliteten,1827,DØNNA,18,Nordland,66.16405,12.400767,8,Helgeland til Bodø,
23,2017,13782,Helgeneshamn,medikamentell,badebehandling,Hydrogenperoksid,,,,deler av lokaliteten,1866,HADSEL,18,Nordland,68.491585,15.2339,9,Vestfjorden og Vesterålen,
23,2017,11783,Hella,medikamentell,fôrbehandling,Emamectin benzoat,,,,hele lokaliteten,1428,ASKVOLL,14,Sogn og Fjordane,61.40663,5.080817,4,Nordhordaland til Stadt,
23,2017,13235,Hessvik,ikke-medikamentell,,,,,,hele lokaliteten,1224,KVINNHERAD,12,Hordaland,60.127934,6.149933,3,Karmøy til Sotra,
23,2017,34677,Hestøya,medikamentell,fôrbehandling,Emamectin benzoat,,,,deler av lokaliteten,1573,SMØLA,15,Møre og Romsdal,63.3095,8.115567,6,Nordmøre og Sør-Trøndelag,
23,2017,10300,Hillersvik,medikamentell,fôrbehandling,Emamectin benzoat,,,,deler av lokaliteten,1216,SVEIO,12,Hordaland,59.6084,5.311917,3,Karmøy til Sotra,
23,2017,10291,Hiskholmen,ikke-medikamentell,,,,,,deler av lokaliteten,1219,BØMLO,12,Hordaland,59.72663,5.145617,3,Karmøy til Sotra,
23,2017,12871,Hogsnes,medikamentell,fôrbehandling,Emamectin benzoat,,,,deler av lokaliteten,1554,AVERØY,15,Møre og Romsdal,63.093033,7.675883,6,Nordmøre og Sør-Trøndelag,
23,2017,30377,Hogsneset N,medikamentell,fôrbehandling,Emamectin benzoat,,,,deler av lokaliteten,1554,AVERØY,15,Møre og Romsdal,63.099934,7.670267,6,Nordmøre og Sør-Trøndelag,
23,2017,29656,Juvika,medikamentell,fôrbehandling,Diflubenzuron,,,,deler av lokaliteten,1412,SOLUND,14,Sogn og Fjordane,61.104767,5.018483,4,Nordhordaland til Stadt,
23,2017,13225,Kilaneset,ikke-medikamentell,,,,,,deler av lokaliteten,1134,SULDAL,11,Rogaland,59.31335,6.2672,2,Ryfylke,
23,2017,11534,Klungsholmen,rensefisk,,,222120,Rognkjeks (hun),5000,deler av lokaliteten,1219,BØMLO,12,Hordaland,59.596783,5.161567,3,Karmøy til Sotra,
23,2017,30076,Kyrøyene,rensefisk,,,222120,Rognkjeks (hun),25200,deler av lokaliteten,1750,VIKNA,17,Nord-Trøndelag,64.764015,10.806633,7,Nord-Trøndelag med Bindal,
23,2017,12993,Lamøya,ikke-medikamentell,,,,,,hele lokaliteten,1620,FRØYA,16,Sør-Trøndelag,63.732586,8.856378,6,Nordmøre og Sør-Trøndelag,
23,2017,20559,Langskjæra,rensefisk,,,1691,Berggylt,1997,hele lokaliteten,1620,FRØYA,16,Sør-Trøndelag,63.8225,8.75505,6,Nordmøre og Sør-Trøndelag,
23,2017,14086,Lelandsholmen,ikke-medikamentell,,,,,,deler av lokaliteten,1219,BØMLO,12,Hordaland,59.728535,5.153067,3,Karmøy til Sotra,
23,2017,10990,Lille Åsvær,ikke-medikamentell,,,,,,hele lokaliteten,1827,DØNNA,18,Nordland,66.22988,12.317533,8,Helgeland til Bodø,
23,2017,28396,Lindarholmen,ikke-medikamentell,,,,,,hele lokaliteten,1223,TYSNES,12,Hordaland,60.084034,5.638667,3,Karmøy til Sotra,
23,2017,10292,Lyklingholmen N,ikke-medikamentell,,,,,,deler av lokaliteten,1219,BØMLO,12,Hordaland,59.714535,5.15405,3,Karmøy til Sotra,
23,2017,13550,Marøy Nø,ikke-medikamentell,,,,,,hele lokaliteten,1438,BREMANGER,14,Sogn og Fjordane,61.847935,5.295383,4,Nordhordaland til Stadt,
23,2017,10078,Mjånes,ikke-medikamentell,,,,,,hele lokaliteten,1411,GULEN,14,Sogn og Fjordane,60.997734,5.0304,4,Nordhordaland til Stadt,
23,2017,30157,Movik,rensefisk,,,2221,Rognkjeks (felles),25369,hele lokaliteten,1845,SØRFOLD,18,Nordland,67.63177,15.26225,9,Vestfjorden og Vesterålen,
23,2017,29957,Nakkestad,rensefisk,,,1694,Grøngylt,2500,hele lokaliteten,1032,LYNGDAL,10,Vest-Agder,58.055832,7.06875,1,Svenskegrensen til Jæren,
23,2017,29957,Nakkestad,rensefisk,,,1693,Bergnebb,11000,hele lokaliteten,1032,LYNGDAL,10,Vest-Agder,58.055832,7.06875,1,Svenskegrensen til Jæren,
23,2017,10213,Naustneset,rensefisk,,,222120,Rognkjeks (hun),40000,hele lokaliteten,1557,GJEMNES,15,Møre og Romsdal,62.9424,8.0756,6,Nordmøre og Sør-Trøndelag,
23,2017,11611,Naveide,ikke-medikamentell,,,,,,deler av lokaliteten,1244,AUSTEVOLL,12,Hordaland,60.13907,5.112783,3,Karmøy til Sotra,
23,2017,15403,Olderøy,medikamentell,fôrbehandling,Emamectin benzoat,,,,hele lokaliteten,1412,SOLUND,14,Sogn og Fjordane,61.103283,4.712233,4,Nordhordaland til Stadt,
23,2017,30657,Revøy,rensefisk,,,1693,Bergnebb,16000,hele lokaliteten,1032,LYNGDAL,10,Vest-Agder,58.0243,7.0268,1,Svenskegrensen til Jæren,
23,2017,11964,Ringja,rensefisk,,,2221,Rognkjeks (felles),12000,deler av lokaliteten,1146,TYSVÆR,11,Rogaland,59.405468,5.8631,2,Ryfylke,
23,2017,12281,Rogne,medikamentell,fôrbehandling,Emamectin benzoat,,,,hele lokaliteten,1534,HARAM,15,Møre og Romsdal,62.6695,6.356833,5,Stadt til Hustadvika,
23,2017,13887,Røytholmen Ø,medikamentell,fôrbehandling,Emamectin benzoat,,,,deler av lokaliteten,1617,HITRA,16,Sør-Trøndelag,63.6177,9.130033,6,Nordmøre og Sør-Trøndelag,
23,2017,13887,Røytholmen Ø,rensefisk,,,1693,Bergnebb,4633,deler av lokaliteten,1617,HITRA,16,Sør-Trøndelag,63.6177,9.130033,6,Nordmøre og Sør-Trøndelag,
23,2017,13887,Røytholmen Ø,rensefisk,,,1691,Berggylt,3296,deler av lokaliteten,1617,HITRA,16,Sør-Trøndelag,63.6177,9.130033,6,Nordmøre og Sør-Trøndelag,
23,2017,13887,Røytholmen Ø,rensefisk,,,222120,Rognkjeks (hun),14193,deler av lokaliteten,1617,HITRA,16,Sør-Trøndelag,63.6177,9.130033,6,Nordmøre og Sør-Trøndelag,
23,2017,12884,Sandnesbukta,rensefisk,,,222120,Rognkjeks (hun),18115,hele lokaliteten,1543,NESSET,15,Møre og Romsdal,62.7369,7.8775,5,Stadt til Hustadvika,
23,2017,11888,Sandvik,ikke-medikamentell,,,,,,deler av lokaliteten,1134,SULDAL,11,Rogaland,59.31445,6.170917,2,Ryfylke,
23,2017,11758,Sauøy Ø,rensefisk,,,222120,Rognkjeks (hun),5172,deler av lokaliteten,1259,ØYGARDEN,12,Hordaland,60.592335,4.857833,4,Nordhordaland til Stadt,
23,2017,19855,Segelråa,rensefisk,,,222120,Rognkjeks (hun),2511,deler av lokaliteten,1576,AURE,15,Møre og Romsdal,63.149746,8.12855,6,Nordmøre og Sør-Trøndelag,
23,2017,12244,Setevika,ikke-medikamentell,,,,,,deler av lokaliteten,1545,MIDSUND,15,Møre og Romsdal,62.728065,6.939283,5,Stadt til Hustadvika,
23,2017,33017,Setevika N,ikke-medikamentell,,,,,,deler av lokaliteten,1545,MIDSUND,15,Møre og Romsdal,62.73835,6.937667,5,Stadt til Hustadvika,
23,2017,20796,Skarbukta,rensefisk,,,222120,Rognkjeks (hun),2670,hele lokaliteten,1539,RAUMA,15,Møre og Romsdal,62.59785,7.367717,5,Stadt til Hustadvika,
23,2017,30117,Skognes,medikamentell,badebehandling,Annet virkestoff,,,,hele lokaliteten,1941,SKJERVØY,19,Troms,69.96132,20.978268,11,Kvaløya til Loppa,
23,2017,32877,Skorpo,rensefisk,,,222120,Rognkjeks (hun),29111,deler av lokaliteten,1243,OS I HORDALAND,12,Hordaland,60.173317,5.293683,3,Karmøy til Sotra,
23,2017,12108,Skorpo Nv,ikke-medikamentell,,,,,,deler av lokaliteten,1224,KVINNHERAD,12,Hordaland,59.95323,5.827133,3,Karmøy til Sotra,
23,2017,18657,Skredstivik,ikke-medikamentell,,,,,,deler av lokaliteten,1413,HYLLESTAD,14,Sogn og Fjordane,61.1567,5.133983,4,Nordhordaland til Stadt,
23,2017,12705,Skrosen,ikke-medikamentell,,,,,,deler av lokaliteten,1755,LEKA,17,Nord-Trøndelag,65.122986,11.674517,7,Nord-Trøndelag med Bindal,
23,2017,14676,Slapøya N,rensefisk,,,2221,Rognkjeks (felles),1000,deler av lokaliteten,1827,DØNNA,18,Nordland,66.15808,12.38975,8,Helgeland til Bodø,
23,2017,14676,Slapøya N,rensefisk,,,2221,Rognkjeks (felles),7000,deler av lokaliteten,1827,DØNNA,18,Nordland,66.15808,12.38975,8,Helgeland til Bodø,
23,2017,13032,Sølvøyane,ikke-medikamentell,,,,,,deler av lokaliteten,1219,BØMLO,12,Hordaland,59.609516,5.133367,3,Karmøy til Sotra,
23,2017,36017,Sørværet,rensefisk,,,2221,Rognkjeks (felles),27927,deler av lokaliteten,1818,HERØY I NORDLAND,18,Nordland,65.88035,11.93045,8,Helgeland til Bodø,
23,2017,13708,Steinvik,medikamentell,fôrbehandling,Emamectin benzoat,,,,hele lokaliteten,1401,FLORA,14,Sogn og Fjordane,61.565266,5.31025,4,Nordhordaland til Stadt,
23,2017,11700,Storeneset,ikke-medikamentell,,,,,,hele lokaliteten,1411,GULEN,14,Sogn og Fjordane,60.8763,5.02805,4,Nordhordaland til Stadt,
23,2017,13125,Storvika,ikke-medikamentell,,,,,,deler av lokaliteten,1837,MELØY,18,Nordland,66.80855,13.242333,8,Helgeland til Bodø,
23,2017,22955,Svollandsneset,medikamentell,fôrbehandling,Emamectin benzoat,,,,hele lokaliteten,1160,VINDAFJORD,11,Rogaland,59.685,5.589917,3,Karmøy til Sotra,
23,2017,12268,Terningen,rensefisk,,,222120,Rognkjeks (hun),16486,hele lokaliteten,1545,MIDSUND,15,Møre og Romsdal,62.6431,6.54805,5,Stadt til Hustadvika,
23,2017,17575,Tollaksholmen,ikke-medikamentell,,,,,,hele lokaliteten,1145,BOKN,11,Rogaland,59.2522,5.390517,2,Ryfylke,
23,2017,30560,Tristeinen,rensefisk,,,222120,Rognkjeks (hun),32609,hele lokaliteten,1627,BJUGN,16,Sør-Trøndelag,63.86895,9.6204,6,Nordmøre og Sør-Trøndelag,
23,2017,13570,Ulværholmen,rensefisk,,,1691,Berggylt,1581,deler av lokaliteten,1617,HITRA,16,Sør-Trøndelag,63.598217,9.116583,6,Nordmøre og Sør-Trøndelag,
23,2017,35517,Vadholmen,medikamentell,fôrbehandling,Emamectin benzoat,,,,hele lokaliteten,1259,ØYGARDEN,12,Hordaland,60.695,4.761117,4,Nordhordaland til Stadt,
23,2017,35657,Varden,medikamentell,badebehandling,Annet virkestoff,,,,hele lokaliteten,1617,HITRA,16,Sør-Trøndelag,63.635715,9.186467,6,Nordmøre og Sør-Trøndelag,
22,2017,11513,Andal,rensefisk,,,222120,Rognkjeks (hun),26733,hele lokaliteten,1219,BØMLO,12,Hordaland,59.636333,5.247717,3,Karmøy til Sotra,
22,2017,11364,Årberg,medikamentell,fôrbehandling,Emamectin benzoat,,,,deler av lokaliteten,1928,TORSKEN,19,Troms,69.1959,16.91595,10,Andøya til Senja,
22,2017,11364,Årberg,medikamentell,badebehandling,Hydrogenperoksid,,,,deler av lokaliteten,1928,TORSKEN,19,Troms,69.1959,16.91595,10,Andøya til Senja,
22,2017,12988,Aukrasanden,ikke-medikamentell,,,,,,deler av lokaliteten,1547,AUKRA,15,Møre og Romsdal,62.783417,6.92605,5,Stadt til Hustadvika,
22,2017,13205,Brattholmen,medikamentell,fôrbehandling,Emamectin benzoat,,,,hele lokaliteten,1412,SOLUND,14,Sogn og Fjordane,61.068382,4.713817,4,Nordhordaland til Stadt,
22,2017,13592,Hammer,ikke-medikamentell,,,,,,deler av lokaliteten,1848,STEIGEN,18,Nordland,67.95877,15.171667,9,Vestfjorden og Vesterålen,
22,2017,11511,Hattasteinen,medikamentell,fôrbehandling,Emamectin benzoat,,,,hele lokaliteten,1219,BØMLO,12,Hordaland,59.626266,5.250717,3,Karmøy til Sotra,
22,2017,11511,Hattasteinen,medikamentell,fôrbehandling,Emamectin benzoat,,,,hele lokaliteten,1219,BØMLO,12,Hordaland,59.626266,5.250717,3,Karmøy til Sotra,
22,2017,30257,Hausan,rensefisk,,,222120,Rognkjeks (hun),2501,deler av lokaliteten,1612,HEMNE,16,Sør-Trøndelag,63.45838,8.955683,6,Nordmøre og Sør-Trøndelag,
22,2017,13782,Helgeneshamn,ikke-medikamentell,,,,,,deler av lokaliteten,1866,HADSEL,18,Nordland,68.491585,15.2339,9,Vestfjorden og Vesterålen,
22,2017,18015,Hestabyneset,ikke-medikamentell,,,,,,deler av lokaliteten,1223,TYSNES,12,Hordaland,59.953632,5.4514,3,Karmøy til Sotra,
22,2017,10300,Hillersvik,medikamentell,fôrbehandling,Emamectin benzoat,,,,hele lokaliteten,1216,SVEIO,12,Hordaland,59.6084,5.311917,3,Karmøy til Sotra,
22,2017,10300,Hillersvik,ikke-medikamentell,,,,,,deler av lokaliteten,1216,SVEIO,12,Hordaland,59.6084,5.311917,3,Karmøy til Sotra,
22,2017,33957,Hofsøya,rensefisk,,,1693,Bergnebb,90,deler av lokaliteten,1620,FRØYA,16,Sør-Trøndelag,63.722168,8.913317,6,Nordmøre og Sør-Trøndelag,
22,2017,33957,Hofsøya,rensefisk,,,222120,Rognkjeks (hun),1711,deler av lokaliteten,1620,FRØYA,16,Sør-Trøndelag,63.722168,8.913317,6,Nordmøre og Sør-Trøndelag,
22,2017,12871,Hogsnes,medikamentell,fôrbehandling,Emamectin benzoat,,,,deler av lokaliteten,1554,AVERØY,15,Møre og Romsdal,63.093033,7.675883,6,Nordmøre og Sør-Trøndelag,
22,2017,30377,Hogsneset N,medikamentell,fôrbehandling,Emamectin benzoat,,,,deler av lokaliteten,1554,AVERØY,15,Møre og Romsdal,63.099934,7.670267,6,Nordmøre og Sør-Trøndelag,
22,2017,11269,Jektvika I,medikamentell,badebehandling,Azamethiphos,,,,deler av lokaliteten,1845,SØRFOLD,18,Nordland,67.53132,15.443567,9,Vestfjorden og Vesterålen,
22,2017,11269,Jektvika I,medikamentell,badebehandling,Deltamethrin,,,,deler av lokaliteten,1845,SØRFOLD,18,Nordland,67.53132,15.443567,9,Vestfjorden og Vesterålen,
22,2017,11269,Jektvika I,ikke-medikamentell,,,,,,deler av lokaliteten,1845,SØRFOLD,18,Nordland,67.53132,15.443567,9,Vestfjorden og Vesterålen,
22,2017,29656,Juvika,medikamentell,fôrbehandling,Diflubenzuron,,,,deler av lokaliteten,1412,SOLUND,14,Sogn og Fjordane,61.104767,5.018483,4,Nordhordaland til Stadt,
22,2017,15118,Kalvøya,ikke-medikamentell,,,,,,deler av lokaliteten,1834,LURØY,18,Nordland,66.39365,12.79975,8,Helgeland til Bodø,
22,2017,31757,Kasteberget,medikamentell,badebehandling,Hydrogenperoksid,,,,deler av lokaliteten,1917,IBESTAD,19,Troms,68.79125,16.914017,10,Andøya til Senja,
22,2017,11689,Kjerringneset,ikke-medikamentell,,,,,,hele lokaliteten,1411,GULEN,14,Sogn og Fjordane,60.960182,5.106783,4,Nordhordaland til Stadt,
22,2017,26135,Kjørsvikgrunn,rensefisk,,,222120,Rognkjeks (hun),18747,hele lokaliteten,1612,HEMNE,16,Sør-Trøndelag,63.457565,9.076,6,Nordmøre og Sør-Trøndelag,
22,2017,11763,Knappen,medikamentell,fôrbehandling,Diflubenzuron,,,,hele lokaliteten,1259,ØYGARDEN,12,Hordaland,60.5735,4.818517,4,Nordhordaland til Stadt,
22,2017,12239,Kråknes,ikke-medikamentell,,,,,,deler av lokaliteten,1547,AUKRA,15,Møre og Romsdal,62.83145,6.962733,5,Stadt til Hustadvika,
22,2017,11116,Langholmen,ikke-medikamentell,,,,,,deler av lokaliteten,1838,GILDESKÅL,18,Nordland,67.05783,14.025333,8,Helgeland til Bodø,
22,2017,12380,Langøya Kvaløya,rensefisk,,,222120,Rognkjeks (hun),30202,hele lokaliteten,1620,FRØYA,16,Sør-Trøndelag,63.791096,8.60728,6,Nordmøre og Sør-Trøndelag,
22,2017,20559,Langskjæra,rensefisk,,,222120,Rognkjeks (hun),12789,hele lokaliteten,1620,FRØYA,16,Sør-Trøndelag,63.8225,8.75505,6,Nordmøre og Sør-Trøndelag,
22,2017,33557,Langskjæra II,rensefisk,,,222120,Rognkjeks (hun),16835,hele lokaliteten,1620,FRØYA,16,Sør-Trøndelag,63.82245,8.74075,6,Nordmøre og Sør-Trøndelag,
22,2017,19355,Låva,rensefisk,,,2221,Rognkjeks (felles),19549,deler av lokaliteten,1141,FINNØY,11,Rogaland,59.29677,5.9888,2,Ryfylke,
22,2017,28996,Loddetå,medikamentell,fôrbehandling,Emamectin benzoat,,,,hele lokaliteten,1216,SVEIO,12,Hordaland,59.691643,5.54298,3,Karmøy til Sotra,
22,2017,36117,Matvika,ikke-medikamentell,,,,,,deler av lokaliteten,1845,SØRFOLD,18,Nordland,67.528,15.359683,9,Vestfjorden og Vesterålen,
22,2017,13541,Midtflua,rensefisk,,,1694,Grøngylt,1451,deler av lokaliteten,1223,TYSNES,12,Hordaland,60.076267,5.466533,3,Karmøy til Sotra,
22,2017,13541,Midtflua,rensefisk,,,1691,Berggylt,2504,deler av lokaliteten,1223,TYSNES,12,Hordaland,60.076267,5.466533,3,Karmøy til Sotra,
22,2017,29957,Nakkestad,rensefisk,,,1694,Grøngylt,2500,hele lokaliteten,1032,LYNGDAL,10,Vest-Agder,58.055832,7.06875,1,Svenskegrensen til Jæren,
22,2017,29957,Nakkestad,rensefisk,,,1693,Bergnebb,11000,hele lokaliteten,1032,LYNGDAL,10,Vest-Agder,58.055832,7.06875,1,Svenskegrensen til Jæren,
22,2017,10513,Nedre Kvarv,medikamentell,badebehandling,Azamethiphos,,,,deler av lokaliteten,1845,SØRFOLD,18,Nordland,67.45849,15.511583,9,Vestfjorden og Vesterålen,
22,2017,10513,Nedre Kvarv,medikamentell,badebehandling,Deltamethrin,,,,deler av lokaliteten,1845,SØRFOLD,18,Nordland,67.45849,15.511583,9,Vestfjorden og Vesterålen,
22,2017,15403,Olderøy,medikamentell,fôrbehandling,Emamectin benzoat,,,,hele lokaliteten,1412,SOLUND,14,Sogn og Fjordane,61.103283,4.712233,4,Nordhordaland til Stadt,
22,2017,10149,Rafdal,medikamentell,fôrbehandling,Teflubenzuron,,,,deler av lokaliteten,1211,ETNE,12,Hordaland,59.790916,6.176567,3,Karmøy til Sotra,
22,2017,30657,Revøy,rensefisk,,,1693,Bergnebb,16000,hele lokaliteten,1032,LYNGDAL,10,Vest-Agder,58.0243,7.0268,1,Svenskegrensen til Jæren,
22,2017,29276,Rongøy,rensefisk,,,222120,Rognkjeks (hun),35402,deler av lokaliteten,1259,ØYGARDEN,12,Hordaland,60.509335,4.9317,4,Nordhordaland til Stadt,
22,2017,37197,Ruggstein,rensefisk,,,222120,Rognkjeks (hun),58470,hele lokaliteten,1620,FRØYA,16,Sør-Trøndelag,63.770084,8.476033,6,Nordmøre og Sør-Trøndelag,
22,2017,13612,Rundreimstranda,rensefisk,,,2221,Rognkjeks (felles),21999,deler av lokaliteten,1441,SELJE,14,Sogn og Fjordane,62.009968,5.331917,4,Nordhordaland til Stadt,
22,2017,13035,Sauaneset I,rensefisk,,,1691,Berggylt,250,deler av lokaliteten,1244,AUSTEVOLL,12,Hordaland,60.089085,5.267967,3,Karmøy til Sotra,
22,2017,12244,Setevika,ikke-medikamentell,,,,,,deler av lokaliteten,1545,MIDSUND,15,Møre og Romsdal,62.728065,6.939283,5,Stadt til Hustadvika,
22,2017,10216,Skåren,rensefisk,,,222120,Rognkjeks (hun),14461,deler av lokaliteten,1571,HALSA,15,Møre og Romsdal,63.076733,8.19315,6,Nordmøre og Sør-Trøndelag,
22,2017,32877,Skorpo,rensefisk,,,1691,Berggylt,4664,deler av lokaliteten,1243,OS I HORDALAND,12,Hordaland,60.173317,5.293683,3,Karmøy til Sotra,
22,2017,32877,Skorpo,rensefisk,,,1694,Grøngylt,4000,deler av lokaliteten,1243,OS I HORDALAND,12,Hordaland,60.173317,5.293683,3,Karmøy til Sotra,
22,2017,26155,Slåttholmen,rensefisk,,,222120,Rognkjeks (hun),6522,deler av lokaliteten,1612,HEMNE,16,Sør-Trøndelag,63.44779,8.958173,6,Nordmøre og Sør-Trøndelag,
22,2017,20815,Slettvika,ikke-medikamentell,,,,,,hele lokaliteten,1520,ØRSTA,15,Møre og Romsdal,62.334,6.157667,5,Stadt til Hustadvika,
22,2017,13032,Sølvøyane,ikke-medikamentell,,,,,,deler av lokaliteten,1219,BØMLO,12,Hordaland,59.609516,5.133367,3,Karmøy til Sotra,
22,2017,23375,Sørevik,medikamentell,fôrbehandling,Diflubenzuron,,,,deler av lokaliteten,1416,HØYANGER,14,Sogn og Fjordane,61.099983,5.729967,4,Nordhordaland til Stadt,
22,2017,23375,Sørevik,medikamentell,fôrbehandling,Emamectin benzoat,,,,deler av lokaliteten,1416,HØYANGER,14,Sogn og Fjordane,61.099983,5.729967,4,Nordhordaland til Stadt,
22,2017,36100,Suholmen,rensefisk,,,1691,Berggylt,5528,hele lokaliteten,1573,SMØLA,15,Møre og Romsdal,63.494934,8.02235,6,Nordmøre og Sør-Trøndelag,
22,2017,36100,Suholmen,rensefisk,,,1694,Grøngylt,14908,hele lokaliteten,1573,SMØLA,15,Møre og Romsdal,63.494934,8.02235,6,Nordmøre og Sør-Trøndelag,
22,2017,13196,Syltøy,medikamentell,fôrbehandling,Emamectin benzoat,,,,deler av lokaliteten,1245,SUND,12,Hordaland,60.3046,4.96645,3,Karmøy til Sotra,
22,2017,13057,Teigland I,medikamentell,fôrbehandling,Diflubenzuron,,,,deler av lokaliteten,1238,KVAM,12,Hordaland,60.17935,5.959917,3,Karmøy til Sotra,
22,2017,25815,Tittelsnes,medikamentell,fôrbehandling,Emamectin benzoat,,,,hele lokaliteten,1216,SVEIO,12,Hordaland,59.72365,5.534383,3,Karmøy til Sotra,
22,2017,13562,Uføro,medikamentell,fôrbehandling,Teflubenzuron,,,,hele lokaliteten,1221,STORD,12,Hordaland,59.87835,5.526917,3,Karmøy til Sotra,
22,2017,13570,Ulværholmen,rensefisk,,,222120,Rognkjeks (hun),5190,deler av lokaliteten,1617,HITRA,16,Sør-Trøndelag,63.598217,9.116583,6,Nordmøre og Sør-Trøndelag,
22,2017,17495,Vullum,rensefisk,,,222120,Rognkjeks (hun),18281,deler av lokaliteten,1571,HALSA,15,Møre og Romsdal,63.04895,8.21635,6,Nordmøre og Sør-Trøndelag,
21,2017,12982,Aldeøyna,ikke-medikamentell,,,,,,hele lokaliteten,1428,ASKVOLL,14,Sogn og Fjordane,61.31025,4.76905,4,Nordhordaland til Stadt,
21,2017,11364,Årberg,medikamentell,fôrbehandling,Emamectin benzoat,,,,deler av lokaliteten,1928,TORSKEN,19,Troms,69.1959,16.91595,10,Andøya til Senja,
21,2017,12237,Brudevika,ikke-medikamentell,,,,,,deler av lokaliteten,1511,VANYLVEN,15,Møre og Romsdal,62.116566,5.420717,5,Stadt til Hustadvika,
21,2017,12237,Brudevika,rensefisk,,,2221,Rognkjeks (felles),1897,deler av lokaliteten,1511,VANYLVEN,15,Møre og Romsdal,62.116566,5.420717,5,Stadt til Hustadvika,
21,2017,21336,Djupeleget,medikamentell,fôrbehandling,Diflubenzuron,,,,hele lokaliteten,1416,HØYANGER,14,Sogn og Fjordane,61.16942,5.807467,4,Nordhordaland til Stadt,
21,2017,13711,Dyvika,medikamentell,fôrbehandling,Diflubenzuron,,,,hele lokaliteten,1428,ASKVOLL,14,Sogn og Fjordane,61.478584,5.375967,4,Nordhordaland til Stadt,
21,2017,10229,Fætten,ikke-medikamentell,,,,,,deler av lokaliteten,1571,HALSA,15,Møre og Romsdal,63.144585,8.459567,6,Nordmøre og Sør-Trøndelag,
21,2017,13527,Finnkjerka,rensefisk,,,2221,Rognkjeks (felles),40672,hele lokaliteten,1866,HADSEL,18,Nordland,68.33945,15.0358,9,Vestfjorden og Vesterålen,
21,2017,11355,Flesen,medikamentell,fôrbehandling,Emamectin benzoat,,,,hele lokaliteten,1928,TORSKEN,19,Troms,69.24668,17.025682,10,Andøya til Senja,
21,2017,18639,Halsavika,medikamentell,fôrbehandling,Diflubenzuron,,,,deler av lokaliteten,1146,TYSVÆR,11,Rogaland,59.39232,5.883333,2,Ryfylke,
21,2017,18639,Halsavika,ikke-medikamentell,,,,,,deler av lokaliteten,1146,TYSVÆR,11,Rogaland,59.39232,5.883333,2,Ryfylke,
21,2017,11511,Hattasteinen,medikamentell,fôrbehandling,Emamectin benzoat,,,,hele lokaliteten,1219,BØMLO,12,Hordaland,59.626266,5.250717,3,Karmøy til Sotra,
21,2017,11511,Hattasteinen,medikamentell,fôrbehandling,Emamectin benzoat,,,,hele lokaliteten,1219,BØMLO,12,Hordaland,59.626266,5.250717,3,Karmøy til Sotra,
21,2017,10300,Hillersvik,medikamentell,fôrbehandling,Diflubenzuron,,,,hele lokaliteten,1216,SVEIO,12,Hordaland,59.6084,5.311917,3,Karmøy til Sotra,
21,2017,33957,Hofsøya,ikke-medikamentell,,,,,,deler av lokaliteten,1620,FRØYA,16,Sør-Trøndelag,63.722168,8.913317,6,Nordmøre og Sør-Trøndelag,
21,2017,33957,Hofsøya,rensefisk,,,222120,Rognkjeks (hun),32676,hele lokaliteten,1620,FRØYA,16,Sør-Trøndelag,63.722168,8.913317,6,Nordmøre og Sør-Trøndelag,
21,2017,12871,Hogsnes,medikamentell,fôrbehandling,Emamectin benzoat,,,,deler av lokaliteten,1554,AVERØY,15,Møre og Romsdal,63.093033,7.675883,6,Nordmøre og Sør-Trøndelag,
21,2017,12871,Hogsnes,rensefisk,,,222120,Rognkjeks (hun),7852,hele lokaliteten,1554,AVERØY,15,Møre og Romsdal,63.093033,7.675883,6,Nordmøre og Sør-Trøndelag,
21,2017,30377,Hogsneset N,medikamentell,fôrbehandling,Emamectin benzoat,,,,deler av lokaliteten,1554,AVERØY,15,Møre og Romsdal,63.099934,7.670267,6,Nordmøre og Sør-Trøndelag,
21,2017,30377,Hogsneset N,rensefisk,,,222120,Rognkjeks (hun),23203,hele lokaliteten,1554,AVERØY,15,Møre og Romsdal,63.099934,7.670267,6,Nordmøre og Sør-Trøndelag,
21,2017,12890,Høybuvika,medikamentell,fôrbehandling,Emamectin benzoat,,,,hele lokaliteten,1557,GJEMNES,15,Møre og Romsdal,62.9563,8.049217,6,Nordmøre og Sør-Trøndelag,
21,2017,18936,Igerøy Ø,rensefisk,,,2221,Rognkjeks (felles),45829,deler av lokaliteten,1815,VEGA,18,Nordland,65.68622,12.138533,8,Helgeland til Bodø,
21,2017,11269,Jektvika I,ikke-medikamentell,,,,,,deler av lokaliteten,1845,SØRFOLD,18,Nordland,67.53132,15.443567,9,Vestfjorden og Vesterålen,
21,2017,11913,Kjeahola,medikamentell,fôrbehandling,Diflubenzuron,,,,deler av lokaliteten,1141,FINNØY,11,Rogaland,59.2933,6.0729,2,Ryfylke,
21,2017,11763,Knappen,medikamentell,fôrbehandling,Diflubenzuron,,,,hele lokaliteten,1259,ØYGARDEN,12,Hordaland,60.5735,4.818517,4,Nordhordaland til Stadt,
21,2017,11719,Kråkenes,medikamentell,fôrbehandling,Annet virkestoff,,,,deler av lokaliteten,1412,SOLUND,14,Sogn og Fjordane,61.05835,4.921317,4,Nordhordaland til Stadt,
21,2017,14040,Krigsholmen,rensefisk,,,2221,Rognkjeks (felles),10896,hele lokaliteten,1244,AUSTEVOLL,12,Hordaland,60.081383,5.124117,3,Karmøy til Sotra,
21,2017,18217,Kvaløy Ø,ikke-medikamentell,,,,,,deler av lokaliteten,1149,KARMØY,11,Rogaland,59.396633,5.171083,3,Karmøy til Sotra,
21,2017,12213,Kvangardsnes,medikamentell,fôrbehandling,Emamectin benzoat,,,,hele lokaliteten,1519,VOLDA,15,Møre og Romsdal,62.145317,5.94545,5,Stadt til Hustadvika,
21,2017,11116,Langholmen,ikke-medikamentell,,,,,,deler av lokaliteten,1838,GILDESKÅL,18,Nordland,67.05783,14.025333,8,Helgeland til Bodø,
21,2017,19355,Låva,medikamentell,badebehandling,Hydrogenperoksid,,,,hele lokaliteten,1141,FINNØY,11,Rogaland,59.29677,5.9888,2,Ryfylke,
21,2017,26675,Leirholmen,rensefisk,,,222120,Rognkjeks (hun),1000,deler av lokaliteten,1834,LURØY,18,Nordland,66.3565,12.530117,8,Helgeland til Bodø,
21,2017,14039,Litle Lunnøy,rensefisk,,,2221,Rognkjeks (felles),10896,hele lokaliteten,1244,AUSTEVOLL,12,Hordaland,60.02005,5.169533,3,Karmøy til Sotra,
21,2017,11410,Litleøya,ikke-medikamentell,,,,,,hele lokaliteten,1870,SORTLAND,18,Nordland,68.611664,15.381083,9,Vestfjorden og Vesterålen,
21,2017,29957,Nakkestad,rensefisk,,,1694,Grøngylt,2500,hele lokaliteten,1032,LYNGDAL,10,Vest-Agder,58.055832,7.06875,1,Svenskegrensen til Jæren,
21,2017,29957,Nakkestad,rensefisk,,,1693,Bergnebb,11000,hele lokaliteten,1032,LYNGDAL,10,Vest-Agder,58.055832,7.06875,1,Svenskegrensen til Jæren,
21,2017,10213,Naustneset,medikamentell,fôrbehandling,Emamectin benzoat,,,,hele lokaliteten,1557,GJEMNES,15,Møre og Romsdal,62.9424,8.0756,6,Nordmøre og Sør-Trøndelag,
21,2017,30657,Revøy,rensefisk,,,1693,Bergnebb,16000,hele lokaliteten,1032,LYNGDAL,10,Vest-Agder,58.0243,7.0268,1,Svenskegrensen til Jæren,
21,2017,11964,Ringja,medikamentell,fôrbehandling,Diflubenzuron,,,,hele lokaliteten,1146,TYSVÆR,11,Rogaland,59.405468,5.8631,2,Ryfylke,
21,2017,12019,Saltkjelen II,ikke-medikamentell,,,,,,deler av lokaliteten,1227,JONDAL,12,Hordaland,60.248016,6.2014,3,Karmøy til Sotra,
21,2017,19855,Segelråa,ikke-medikamentell,,,,,,deler av lokaliteten,1576,AURE,15,Møre og Romsdal,63.149746,8.12855,6,Nordmøre og Sør-Trøndelag,
21,2017,10398,Seiskjæra,ikke-medikamentell,,,,,,deler av lokaliteten,1630,ÅFJORD,16,Sør-Trøndelag,64.09225,10.115983,6,Nordmøre og Sør-Trøndelag,
21,2017,12892,Sjølsvik,medikamentell,fôrbehandling,Emamectin benzoat,,,,hele lokaliteten,1557,GJEMNES,15,Møre og Romsdal,62.9066,8.11095,6,Nordmøre og Sør-Trøndelag,
21,2017,10216,Skåren,rensefisk,,,1691,Berggylt,1787,deler av lokaliteten,1571,HALSA,15,Møre og Romsdal,63.076733,8.19315,6,Nordmøre og Sør-Trøndelag,
21,2017,10216,Skåren,rensefisk,,,1694,Grøngylt,3792,deler av lokaliteten,1571,HALSA,15,Møre og Romsdal,63.076733,8.19315,6,Nordmøre og Sør-Trøndelag,
21,2017,11357,Skarvberget,rensefisk,,,222120,Rognkjeks (hun),42000,hele lokaliteten,1927,TRANØY,19,Troms,69.14665,17.010267,10,Andøya til Senja,
21,2017,34117,Skåtholmen,ikke-medikamentell,,,,,,deler av lokaliteten,1241,FUSA,12,Hordaland,60.17177,5.563633,3,Karmøy til Sotra,
21,2017,10961,Skonseng,rensefisk,,,2221,Rognkjeks (felles),48033,deler av lokaliteten,1824,VEFSN,18,Nordland,65.80763,12.6242,8,Helgeland til Bodø,
21,2017,11640,Skorpeosen,medikamentell,fôrbehandling,Emamectin benzoat,,,,deler av lokaliteten,1246,FJELL,12,Hordaland,60.332535,4.942783,3,Karmøy til Sotra,
21,2017,32877,Skorpo,ikke-medikamentell,,,,,,deler av lokaliteten,1243,OS I HORDALAND,12,Hordaland,60.173317,5.293683,3,Karmøy til Sotra,
21,2017,18657,Skredstivik,ikke-medikamentell,,,,,,hele lokaliteten,1413,HYLLESTAD,14,Sogn og Fjordane,61.1567,5.133983,4,Nordhordaland til Stadt,
21,2017,20815,Slettvika,medikamentell,fôrbehandling,Emamectin benzoat,,,,hele lokaliteten,1520,ØRSTA,15,Møre og Romsdal,62.334,6.157667,5,Stadt til Hustadvika,
21,2017,13032,Sølvøyane,ikke-medikamentell,,,,,,deler av lokaliteten,1219,BØMLO,12,Hordaland,59.609516,5.133367,3,Karmøy til Sotra,
21,2017,23375,Sørevik,medikamentell,fôrbehandling,Diflubenzuron,,,,deler av lokaliteten,1416,HØYANGER,14,Sogn og Fjordane,61.099983,5.729967,4,Nordhordaland til Stadt,
21,2017,23375,Sørevik,medikamentell,fôrbehandling,Emamectin benzoat,,,,deler av lokaliteten,1416,HØYANGER,14,Sogn og Fjordane,61.099983,5.729967,4,Nordhordaland til Stadt,
21,2017,10974,Store Bukkøy N,rensefisk,,,222120,Rognkjeks (hun),8500,deler av lokaliteten,1834,LURØY,18,Nordland,66.40135,12.420717,8,Helgeland til Bodø,
21,2017,31338,Storskjeret,ikke-medikamentell,,,,,,deler av lokaliteten,1576,AURE,15,Møre og Romsdal,63.26985,8.228283,6,Nordmøre og Sør-Trøndelag,
21,2017,11312,Svartfjell,rensefisk,,,2221,Rognkjeks (felles),69125,deler av lokaliteten,1848,STEIGEN,18,Nordland,67.93948,15.503168,9,Vestfjorden og Vesterålen,
21,2017,11813,Svinøy V,ikke-medikamentell,,,,,,deler av lokaliteten,1429,FJALER,14,Sogn og Fjordane,61.303116,5.101167,4,Nordhordaland til Stadt,
21,2017,13562,Uføro,medikamentell,fôrbehandling,Teflubenzuron,,,,hele lokaliteten,1221,STORD,12,Hordaland,59.87835,5.526917,3,Karmøy til Sotra,
21,2017,13570,Ulværholmen,rensefisk,,,1693,Bergnebb,1312,hele lokaliteten,1617,HITRA,16,Sør-Trøndelag,63.598217,9.116583,6,Nordmøre og Sør-Trøndelag,
21,2017,13570,Ulværholmen,rensefisk,,,222120,Rognkjeks (hun),30916,hele lokaliteten,1617,HITRA,16,Sør-Trøndelag,63.598217,9.116583,6,Nordmøre og Sør-Trøndelag,
21,2017,10968,Vardskjær Ø,medikamentell,badebehandling,Hydrogenperoksid,,,,deler av lokaliteten,1834,LURØY,18,Nordland,66.35845,12.485017,8,Helgeland til Bodø,
21,2017,10968,Vardskjær Ø,rensefisk,,,222120,Rognkjeks (hun),2500,deler av lokaliteten,1834,LURØY,18,Nordland,66.35845,12.485017,8,Helgeland til Bodø,
21,2017,36337,Vardskjæret S,ikke-medikamentell,,,,,,deler av lokaliteten,1834,LURØY,18,Nordland,66.35017,12.469267,8,Helgeland til Bodø,
21,2017,36337,Vardskjæret S,rensefisk,,,222120,Rognkjeks (hun),17000,hele lokaliteten,1834,LURØY,18,Nordland,66.35017,12.469267,8,Helgeland til Bodø,
21,2017,27315,Vikane 1,ikke-medikamentell,,,,,,hele lokaliteten,1227,JONDAL,12,Hordaland,60.26125,6.225083,3,Karmøy til Sotra,
21,2017,19235,Vindvika,ikke-medikamentell,,,,,,deler av lokaliteten,1804,BODØ,18,Nordland,67.533165,15.165583,9,Vestfjorden og Vesterålen,
21,2017,17495,Vullum,rensefisk,,,1691,Berggylt,1701,deler av lokaliteten,1571,HALSA,15,Møre og Romsdal,63.04895,8.21635,6,Nordmøre og Sør-Trøndelag,
21,2017,17495,Vullum,rensefisk,,,1694,Grøngylt,2825,deler av lokaliteten,1571,HALSA,15,Møre og Romsdal,63.04895,8.21635,6,Nordmøre og Sør-Trøndelag,
20,2017,12067,Aldalen,medikamentell,fôrbehandling,Diflubenzuron,,,,deler av lokaliteten,1243,OS I HORDALAND,12,Hordaland,60.24995,5.571917,3,Karmøy til Sotra,
20,2017,11399,Bogelva,medikamentell,badebehandling,Deltamethrin,,,,hele lokaliteten,1911,KVÆFJORD,19,Troms,68.6565,15.90035,10,Andøya til Senja,
20,2017,10212,Bogen,rensefisk,,,222120,Rognkjeks (hun),13159,deler av lokaliteten,1505,KRISTIANSUND,15,Møre og Romsdal,63.077667,7.90345,6,Nordmøre og Sør-Trøndelag,
20,2017,10223,Bremnessvaet,medikamentell,fôrbehandling,Emamectin benzoat,,,,deler av lokaliteten,1573,SMØLA,15,Møre og Romsdal,63.39795,8.214317,6,Nordmøre og Sør-Trøndelag,
20,2017,10223,Bremnessvaet,rensefisk,,,2221,Rognkjeks (felles),30423,deler av lokaliteten,1573,SMØLA,15,Møre og Romsdal,63.39795,8.214317,6,Nordmøre og Sør-Trøndelag,
20,2017,34197,Brennholmen,medikamentell,badebehandling,Hydrogenperoksid,,,,deler av lokaliteten,1818,HERØY I NORDLAND,18,Nordland,65.978714,12.16355,8,Helgeland til Bodø,
20,2017,12466,Brettingen,rensefisk,,,2221,Rognkjeks (felles),15001,deler av lokaliteten,1573,SMØLA,15,Møre og Romsdal,63.3582,8.237267,6,Nordmøre og Sør-Trøndelag,
20,2017,12237,Brudevika,rensefisk,,,2221,Rognkjeks (felles),1,deler av lokaliteten,1511,VANYLVEN,15,Møre og Romsdal,62.116566,5.420717,5,Stadt til Hustadvika,
20,2017,11543,Buholmen,ikke-medikamentell,,,,,,deler av lokaliteten,1244,AUSTEVOLL,12,Hordaland,60.020916,5.081517,3,Karmøy til Sotra,
20,2017,35957,Danielsvika,medikamentell,badebehandling,Deltamethrin,,,,deler av lokaliteten,2017,KVALSUND,20,Finnmark,70.67102,24.487232,12,Vest-Finnmark,
20,2017,21336,Djupeleget,medikamentell,fôrbehandling,Diflubenzuron,,,,hele lokaliteten,1416,HØYANGER,14,Sogn og Fjordane,61.16942,5.807467,4,Nordhordaland til Stadt,
20,2017,20455,Djupevika,ikke-medikamentell,,,,,,deler av lokaliteten,1224,KVINNHERAD,12,Hordaland,60.0406,6.010917,3,Karmøy til Sotra,
20,2017,13711,Dyvika,medikamentell,fôrbehandling,Diflubenzuron,,,,hele lokaliteten,1428,ASKVOLL,14,Sogn og Fjordane,61.478584,5.375967,4,Nordhordaland til Stadt,
20,2017,12879,Endresetbukta,medikamentell,fôrbehandling,Emamectin benzoat,,,,hele lokaliteten,1505,KRISTIANSUND,15,Møre og Romsdal,63.03018,7.71615,6,Nordmøre og Sør-Trøndelag,
20,2017,10229,Fætten,ikke-medikamentell,,,,,,deler av lokaliteten,1571,HALSA,15,Møre og Romsdal,63.144585,8.459567,6,Nordmøre og Sør-Trøndelag,
20,2017,25835,Flatøyflu,ikke-medikamentell,,,,,,deler av lokaliteten,1244,AUSTEVOLL,12,Hordaland,60.156033,5.2315,3,Karmøy til Sotra,
20,2017,11355,Flesen,medikamentell,fôrbehandling,Emamectin benzoat,,,,hele lokaliteten,1928,TORSKEN,19,Troms,69.24668,17.025682,10,Andøya til Senja,
20,2017,13058,Fusavika,medikamentell,fôrbehandling,Diflubenzuron,,,,deler av lokaliteten,1241,FUSA,12,Hordaland,60.207634,5.613817,3,Karmøy til Sotra,
20,2017,17177,Grunneneset,rensefisk,,,2221,Rognkjeks (felles),81000,hele lokaliteten,1438,BREMANGER,14,Sogn og Fjordane,61.89385,5.34825,4,Nordhordaland til Stadt,
20,2017,18639,Halsavika,medikamentell,fôrbehandling,Diflubenzuron,,,,hele lokaliteten,1146,TYSVÆR,11,Rogaland,59.39232,5.883333,2,Ryfylke,
20,2017,18639,Halsavika,rensefisk,,,2221,Rognkjeks (felles),7500,deler av lokaliteten,1146,TYSVÆR,11,Rogaland,59.39232,5.883333,2,Ryfylke,
20,2017,11643,Hatlem Ø,ikke-medikamentell,,,,,,deler av lokaliteten,1413,HYLLESTAD,14,Sogn og Fjordane,61.200916,5.262117,4,Nordhordaland til Stadt,
20,2017,11740,Haverøy,medikamentell,fôrbehandling,Emamectin benzoat,,,,deler av lokaliteten,1246,FJELL,12,Hordaland,60.404766,4.93995,3,Karmøy til Sotra,
20,2017,24035,Håvikvågen S,ikke-medikamentell,,,,,,hele lokaliteten,1241,FUSA,12,Hordaland,60.169834,5.69645,3,Karmøy til Sotra,
20,2017,30897,Havsundet,ikke-medikamentell,,,,,,deler av lokaliteten,1627,BJUGN,16,Sør-Trøndelag,63.799534,9.440667,6,Nordmøre og Sør-Trøndelag,
20,2017,11920,Herøy,medikamentell,fôrbehandling,Diflubenzuron,,,,deler av lokaliteten,1160,VINDAFJORD,11,Rogaland,59.4664,6.0262,2,Ryfylke,
20,2017,11920,Herøy,rensefisk,,,1691,Berggylt,16000,deler av lokaliteten,1160,VINDAFJORD,11,Rogaland,59.4664,6.0262,2,Ryfylke,
20,2017,34677,Hestøya,ikke-medikamentell,,,,,,deler av lokaliteten,1573,SMØLA,15,Møre og Romsdal,63.3095,8.115567,6,Nordmøre og Sør-Trøndelag,
20,2017,10300,Hillersvik,medikamentell,fôrbehandling,Diflubenzuron,,,,hele lokaliteten,1216,SVEIO,12,Hordaland,59.6084,5.311917,3,Karmøy til Sotra,
20,2017,12871,Hogsnes,ikke-medikamentell,,,,,,deler av lokaliteten,1554,AVERØY,15,Møre og Romsdal,63.093033,7.675883,6,Nordmøre og Sør-Trøndelag,
20,2017,30377,Hogsneset N,ikke-medikamentell,,,,,,deler av lokaliteten,1554,AVERØY,15,Møre og Romsdal,63.099934,7.670267,6,Nordmøre og Sør-Trøndelag,
20,2017,12035,Hondskår,medikamentell,fôrbehandling,Diflubenzuron,,,,hele lokaliteten,1224,KVINNHERAD,12,Hordaland,60.10687,5.939133,3,Karmøy til Sotra,
20,2017,12890,Høybuvika,medikamentell,fôrbehandling,Emamectin benzoat,,,,hele lokaliteten,1557,GJEMNES,15,Møre og Romsdal,62.9563,8.049217,6,Nordmøre og Sør-Trøndelag,
20,2017,12890,Høybuvika,rensefisk,,,222120,Rognkjeks (hun),13262,hele lokaliteten,1557,GJEMNES,15,Møre og Romsdal,62.9563,8.049217,6,Nordmøre og Sør-Trøndelag,
20,2017,27095,Ihlholmen,medikamentell,fôrbehandling,Emamectin benzoat,,,,hele lokaliteten,1160,VINDAFJORD,11,Rogaland,59.7215,5.586633,3,Karmøy til Sotra,
20,2017,11269,Jektvika I,ikke-medikamentell,,,,,,deler av lokaliteten,1845,SØRFOLD,18,Nordland,67.53132,15.443567,9,Vestfjorden og Vesterålen,
20,2017,12872,Kattholmen,rensefisk,,,222120,Rognkjeks (hun),22989,hele lokaliteten,1505,KRISTIANSUND,15,Møre og Romsdal,63.055332,7.695317,6,Nordmøre og Sør-Trøndelag,
20,2017,13573,Kistvika,rensefisk,,,222120,Rognkjeks (hun),11879,deler av lokaliteten,1612,HEMNE,16,Sør-Trøndelag,63.38117,9.164317,6,Nordmøre og Sør-Trøndelag,
20,2017,11913,Kjeahola,medikamentell,fôrbehandling,Diflubenzuron,,,,deler av lokaliteten,1141,FINNØY,11,Rogaland,59.2933,6.0729,2,Ryfylke,
20,2017,11913,Kjeahola,ikke-medikamentell,,,,,,deler av lokaliteten,1141,FINNØY,11,Rogaland,59.2933,6.0729,2,Ryfylke,
20,2017,11652,Kjeppevikholmen,ikke-medikamentell,,,,,,deler av lokaliteten,1256,MELAND,12,Hordaland,60.54283,5.0378,4,Nordhordaland til Stadt,
20,2017,24455,Klavelandet,rensefisk,,,2221,Rognkjeks (felles),88100,hele lokaliteten,1401,FLORA,14,Sogn og Fjordane,61.60395,5.186533,4,Nordhordaland til Stadt,
20,2017,12980,Klubben,ikke-medikamentell,,,,,,deler av lokaliteten,1412,SOLUND,14,Sogn og Fjordane,61.175716,5.0051,4,Nordhordaland til Stadt,
20,2017,11534,Klungsholmen,medikamentell,badebehandling,Hydrogenperoksid,,,,deler av lokaliteten,1219,BØMLO,12,Hordaland,59.596783,5.161567,3,Karmøy til Sotra,
20,2017,11534,Klungsholmen,ikke-medikamentell,,,,,,deler av lokaliteten,1219,BØMLO,12,Hordaland,59.596783,5.161567,3,Karmøy til Sotra,
20,2017,11719,Kråkenes,medikamentell,fôrbehandling,Annet virkestoff,,,,deler av lokaliteten,1412,SOLUND,14,Sogn og Fjordane,61.05835,4.921317,4,Nordhordaland til Stadt,
20,2017,12239,Kråknes,ikke-medikamentell,,,,,,deler av lokaliteten,1547,AUKRA,15,Møre og Romsdal,62.83145,6.962733,5,Stadt til Hustadvika,
20,2017,20595,Kyrholmen S,ikke-medikamentell,,,,,,deler av lokaliteten,1244,AUSTEVOLL,12,Hordaland,60.161583,5.207633,3,Karmøy til Sotra,
20,2017,11116,Langholmen,medikamentell,fôrbehandling,Emamectin benzoat,,,,deler av lokaliteten,1838,GILDESKÅL,18,Nordland,67.05783,14.025333,8,Helgeland til Bodø,
20,2017,11116,Langholmen,ikke-medikamentell,,,,,,deler av lokaliteten,1838,GILDESKÅL,18,Nordland,67.05783,14.025333,8,Helgeland til Bodø,
20,2017,12966,Lindvik,medikamentell,fôrbehandling,Diflubenzuron,,,,hele lokaliteten,1160,VINDAFJORD,11,Rogaland,59.474068,5.976433,2,Ryfylke,
20,2017,12127,Mælen,medikamentell,fôrbehandling,Emamectin benzoat,,,,hele lokaliteten,1224,KVINNHERAD,12,Hordaland,59.69998,5.722917,3,Karmøy til Sotra,
20,2017,12134,Maradalen,medikamentell,fôrbehandling,Emamectin benzoat,,,,hele lokaliteten,1224,KVINNHERAD,12,Hordaland,59.76077,5.686767,3,Karmøy til Sotra,
20,2017,13541,Midtflua,ikke-medikamentell,,,,,,deler av lokaliteten,1223,TYSNES,12,Hordaland,60.076267,5.466533,3,Karmøy til Sotra,
20,2017,12047,Mjåneset,ikke-medikamentell,,,,,,deler av lokaliteten,1241,FUSA,12,Hordaland,60.176,5.7244,3,Karmøy til Sotra,
20,2017,29957,Nakkestad,rensefisk,,,1694,Grøngylt,2500,hele lokaliteten,1032,LYNGDAL,10,Vest-Agder,58.055832,7.06875,1,Svenskegrensen til Jæren,
20,2017,29957,Nakkestad,rensefisk,,,1693,Bergnebb,11000,hele lokaliteten,1032,LYNGDAL,10,Vest-Agder,58.055832,7.06875,1,Svenskegrensen til Jæren,
20,2017,10213,Naustneset,medikamentell,fôrbehandling,Emamectin benzoat,,,,hele lokaliteten,1557,GJEMNES,15,Møre og Romsdal,62.9424,8.0756,6,Nordmøre og Sør-Trøndelag,
20,2017,19875,Or,rensefisk,,,222120,Rognkjeks (hun),4000,hele lokaliteten,1505,KRISTIANSUND,15,Møre og Romsdal,63.040718,7.8497,6,Nordmøre og Sør-Trøndelag,
20,2017,30657,Revøy,rensefisk,,,1693,Bergnebb,16000,hele lokaliteten,1032,LYNGDAL,10,Vest-Agder,58.0243,7.0268,1,Svenskegrensen til Jæren,
20,2017,11964,Ringja,medikamentell,fôrbehandling,Diflubenzuron,,,,hele lokaliteten,1146,TYSVÆR,11,Rogaland,59.405468,5.8631,2,Ryfylke,
20,2017,11964,Ringja,rensefisk,,,2221,Rognkjeks (felles),22500,deler av lokaliteten,1146,TYSVÆR,11,Rogaland,59.405468,5.8631,2,Ryfylke,
20,2017,12281,Rogne,rensefisk,,,1691,Berggylt,7020,deler av lokaliteten,1534,HARAM,15,Møre og Romsdal,62.6695,6.356833,5,Stadt til Hustadvika,
20,2017,12019,Saltkjelen II,ikke-medikamentell,,,,,,deler av lokaliteten,1227,JONDAL,12,Hordaland,60.248016,6.2014,3,Karmøy til Sotra,
20,2017,11888,Sandvik,medikamentell,badebehandling,Hydrogenperoksid,,,,hele lokaliteten,1134,SULDAL,11,Rogaland,59.31445,6.170917,2,Ryfylke,
20,2017,12892,Sjølsvik,medikamentell,fôrbehandling,Emamectin benzoat,,,,hele lokaliteten,1557,GJEMNES,15,Møre og Romsdal,62.9066,8.11095,6,Nordmøre og Sør-Trøndelag,
20,2017,12892,Sjølsvik,rensefisk,,,222120,Rognkjeks (hun),9767,hele lokaliteten,1557,GJEMNES,15,Møre og Romsdal,62.9066,8.11095,6,Nordmøre og Sør-Trøndelag,
20,2017,19635,Skatleia,medikamentell,badebehandling,Hydrogenperoksid,,,,hele lokaliteten,1867,BØ I NORDLAND,18,Nordland,68.8001,14.593767,9,Vestfjorden og Vesterålen,
20,2017,20115,Skjerholmen N,ikke-medikamentell,,,,,,deler av lokaliteten,1245,SUND,12,Hordaland,60.2496,5.174017,3,Karmøy til Sotra,
20,2017,32877,Skorpo,ikke-medikamentell,,,,,,deler av lokaliteten,1243,OS I HORDALAND,12,Hordaland,60.173317,5.293683,3,Karmøy til Sotra,
20,2017,20815,Slettvika,medikamentell,fôrbehandling,Emamectin benzoat,,,,hele lokaliteten,1520,ØRSTA,15,Møre og Romsdal,62.334,6.157667,5,Stadt til Hustadvika,
20,2017,27436,Solværet,ikke-medikamentell,,,,,,deler av lokaliteten,1573,SMØLA,15,Møre og Romsdal,63.255,7.856933,6,Nordmøre og Sør-Trøndelag,
20,2017,13032,Sølvøyane,ikke-medikamentell,,,,,,deler av lokaliteten,1219,BØMLO,12,Hordaland,59.609516,5.133367,3,Karmøy til Sotra,
20,2017,23375,Sørevik,medikamentell,fôrbehandling,Diflubenzuron,,,,deler av lokaliteten,1416,HØYANGER,14,Sogn og Fjordane,61.099983,5.729967,4,Nordhordaland til Stadt,
20,2017,13708,Steinvik,rensefisk,,,2221,Rognkjeks (felles),33000,hele lokaliteten,1401,FLORA,14,Sogn og Fjordane,61.565266,5.31025,4,Nordhordaland til Stadt,
20,2017,10974,Store Bukkøy N,medikamentell,fôrbehandling,Emamectin benzoat,,,,deler av lokaliteten,1834,LURØY,18,Nordland,66.40135,12.420717,8,Helgeland til Bodø,
20,2017,31338,Storskjeret,ikke-medikamentell,,,,,,deler av lokaliteten,1576,AURE,15,Møre og Romsdal,63.26985,8.228283,6,Nordmøre og Sør-Trøndelag,
20,2017,21755,Tendalsvik,rensefisk,,,1691,Berggylt,7400,deler av lokaliteten,1211,ETNE,12,Hordaland,59.73605,5.884,3,Karmøy til Sotra,
20,2017,11414,Toften,medikamentell,badebehandling,Hydrogenperoksid,,,,hele lokaliteten,1868,ØKSNES,18,Nordland,68.86898,15.30105,9,Vestfjorden og Vesterålen,
20,2017,24135,Utåker,rensefisk,,,1691,Berggylt,12000,deler av lokaliteten,1224,KVINNHERAD,12,Hordaland,59.77833,5.9024,3,Karmøy til Sotra,
20,2017,35657,Varden,medikamentell,fôrbehandling,Emamectin benzoat,,,,deler av lokaliteten,1617,HITRA,16,Sør-Trøndelag,63.635715,9.186467,6,Nordmøre og Sør-Trøndelag,
20,2017,10504,Vedvika,medikamentell,badebehandling,Hydrogenperoksid,,,,hele lokaliteten,1867,BØ I NORDLAND,18,Nordland,68.77659,14.613858,9,Vestfjorden og Vesterålen,
20,2017,12885,Vikageilen,rensefisk,,,222120,Rognkjeks (hun),10078,deler av lokaliteten,1505,KRISTIANSUND,15,Møre og Romsdal,63.075783,7.906067,6,Nordmøre og Sør-Trøndelag,
20,2017,11252,Vindhammeren,medikamentell,badebehandling,Hydrogenperoksid,,,,hele lokaliteten,1867,BØ I NORDLAND,18,Nordland,68.78075,14.593733,9,Vestfjorden og Vesterålen,
20,2017,12839,Vindsnes,ikke-medikamentell,,,,,,hele lokaliteten,1524,NORDDAL,15,Møre og Romsdal,62.28505,7.279633,5,Stadt til Hustadvika,
20,2017,13226,Vindsvik,rensefisk,,,1691,Berggylt,15040,hele lokaliteten,1133,HJELMELAND,11,Rogaland,59.299816,6.322467,2,Ryfylke,
19,2017,10331,Åkre,ikke-medikamentell,,,,,,deler av lokaliteten,1224,KVINNHERAD,12,Hordaland,60.112434,6.042483,3,Karmøy til Sotra,
19,2017,29816,Apalvikneset,ikke-medikamentell,,,,,,deler av lokaliteten,1227,JONDAL,12,Hordaland,60.146217,6.121133,3,Karmøy til Sotra,
19,2017,13845,Beitveit,rensefisk,,,2221,Rognkjeks (felles),6005,deler av lokaliteten,1441,SELJE,14,Sogn og Fjordane,62.141216,5.32675,5,Stadt til Hustadvika,
19,2017,13284,Bollhaugen,ikke-medikamentell,,,,,,deler av lokaliteten,1827,DØNNA,18,Nordland,66.11311,12.487683,8,Helgeland til Bodø,
19,2017,12040,Brandaskuta,medikamentell,fôrbehandling,Diflubenzuron,,,,deler av lokaliteten,1224,KVINNHERAD,12,Hordaland,59.975735,5.909183,3,Karmøy til Sotra,
19,2017,13765,Breiviken,rensefisk,,,2221,Rognkjeks (felles),17851,hele lokaliteten,1834,LURØY,18,Nordland,66.46165,12.958033,8,Helgeland til Bodø,
19,2017,10223,Bremnessvaet,medikamentell,badebehandling,Annet virkestoff,,,,deler av lokaliteten,1573,SMØLA,15,Møre og Romsdal,63.39795,8.214317,6,Nordmøre og Sør-Trøndelag,
19,2017,10223,Bremnessvaet,medikamentell,fôrbehandling,Emamectin benzoat,,,,deler av lokaliteten,1573,SMØLA,15,Møre og Romsdal,63.39795,8.214317,6,Nordmøre og Sør-Trøndelag,
19,2017,12466,Brettingen,medikamentell,fôrbehandling,Emamectin benzoat,,,,hele lokaliteten,1573,SMØLA,15,Møre og Romsdal,63.3582,8.237267,6,Nordmøre og Sør-Trøndelag,
19,2017,12237,Brudevika,ikke-medikamentell,,,,,,deler av lokaliteten,1511,VANYLVEN,15,Møre og Romsdal,62.116566,5.420717,5,Stadt til Hustadvika,
19,2017,12237,Brudevika,rensefisk,,,2221,Rognkjeks (felles),1,deler av lokaliteten,1511,VANYLVEN,15,Møre og Romsdal,62.116566,5.420717,5,Stadt til Hustadvika,
19,2017,12361,Bukkholmen S,ikke-medikamentell,,,,,,deler av lokaliteten,1620,FRØYA,16,Sør-Trøndelag,63.72368,8.8631,6,Nordmøre og Sør-Trøndelag,
19,2017,14799,Djupestallen,ikke-medikamentell,,,,,,deler av lokaliteten,1223,TYSNES,12,Hordaland,60.058735,5.453,3,Karmøy til Sotra,
19,2017,13412,Dypeidet,medikamentell,fôrbehandling,Emamectin benzoat,,,,hele lokaliteten,1868,ØKSNES,18,Nordland,68.82935,14.776017,9,Vestfjorden og Vesterålen,
19,2017,13870,Eikebærånæ,medikamentell,fôrbehandling,Diflubenzuron,,,,hele lokaliteten,1263,LINDÅS,12,Hordaland,60.563435,5.353017,4,Nordhordaland til Stadt,
19,2017,12879,Endresetbukta,medikamentell,fôrbehandling,Emamectin benzoat,,,,hele lokaliteten,1505,KRISTIANSUND,15,Møre og Romsdal,63.03018,7.71615,6,Nordmøre og Sør-Trøndelag,
19,2017,10229,Fætten,rensefisk,,,222120,Rognkjeks (hun),9706,deler av lokaliteten,1571,HALSA,15,Møre og Romsdal,63.144585,8.459567,6,Nordmøre og Sør-Trøndelag,
19,2017,13669,Furneset,ikke-medikamentell,,,,,,deler av lokaliteten,1535,VESTNES,15,Møre og Romsdal,62.6461,7.101183,5,Stadt til Hustadvika,
19,2017,11667,Gardskråneset,medikamentell,fôrbehandling,Diflubenzuron,,,,hele lokaliteten,1259,ØYGARDEN,12,Hordaland,60.5399,4.904617,4,Nordhordaland til Stadt,
19,2017,13852,Gjermundnes,ikke-medikamentell,,,,,,deler av lokaliteten,1535,VESTNES,15,Møre og Romsdal,62.6275,7.192817,5,Stadt til Hustadvika,
19,2017,17177,Grunneneset,medikamentell,fôrbehandling,Teflubenzuron,,,,deler av lokaliteten,1438,BREMANGER,14,Sogn og Fjordane,61.89385,5.34825,4,Nordhordaland til Stadt,
19,2017,18639,Halsavika,medikamentell,fôrbehandling,Diflubenzuron,,,,hele lokaliteten,1146,TYSVÆR,11,Rogaland,59.39232,5.883333,2,Ryfylke,
19,2017,11643,Hatlem Ø,ikke-medikamentell,,,,,,deler av lokaliteten,1413,HYLLESTAD,14,Sogn og Fjordane,61.200916,5.262117,4,Nordhordaland til Stadt,
19,2017,13782,Helgeneshamn,medikamentell,badebehandling,Hydrogenperoksid,,,,deler av lokaliteten,1866,HADSEL,18,Nordland,68.491585,15.2339,9,Vestfjorden og Vesterålen,
19,2017,11920,Herøy,medikamentell,fôrbehandling,Diflubenzuron,,,,hele lokaliteten,1160,VINDAFJORD,11,Rogaland,59.4664,6.0262,2,Ryfylke,
19,2017,34677,Hestøya,ikke-medikamentell,,,,,,deler av lokaliteten,1573,SMØLA,15,Møre og Romsdal,63.3095,8.115567,6,Nordmøre og Sør-Trøndelag,
19,2017,10300,Hillersvik,medikamentell,fôrbehandling,Diflubenzuron,,,,hele lokaliteten,1216,SVEIO,12,Hordaland,59.6084,5.311917,3,Karmøy til Sotra,
19,2017,12035,Hondskår,medikamentell,fôrbehandling,Diflubenzuron,,,,hele lokaliteten,1224,KVINNHERAD,12,Hordaland,60.10687,5.939133,3,Karmøy til Sotra,
19,2017,12890,Høybuvika,rensefisk,,,222120,Rognkjeks (hun),14494,hele lokaliteten,1557,GJEMNES,15,Møre og Romsdal,62.9563,8.049217,6,Nordmøre og Sør-Trøndelag,
19,2017,27095,Ihlholmen,medikamentell,fôrbehandling,Emamectin benzoat,,,,hele lokaliteten,1160,VINDAFJORD,11,Rogaland,59.7215,5.586633,3,Karmøy til Sotra,
19,2017,12224,Isane,medikamentell,fôrbehandling,Teflubenzuron,,,,hele lokaliteten,1438,BREMANGER,14,Sogn og Fjordane,61.876534,5.722767,4,Nordhordaland til Stadt,
19,2017,12224,Isane,medikamentell,fôrbehandling,Teflubenzuron,,,,hele lokaliteten,1438,BREMANGER,14,Sogn og Fjordane,61.876534,5.722767,4,Nordhordaland til Stadt,
19,2017,30036,Jørstadskjera,medikamentell,badebehandling,Hydrogenperoksid,,,,deler av lokaliteten,1141,FINNØY,11,Rogaland,59.296318,5.936933,2,Ryfylke,
19,2017,15118,Kalvøya,medikamentell,badebehandling,Hydrogenperoksid,,,,deler av lokaliteten,1834,LURØY,18,Nordland,66.39365,12.79975,8,Helgeland til Bodø,
19,2017,11913,Kjeahola,medikamentell,fôrbehandling,Diflubenzuron,,,,deler av lokaliteten,1141,FINNØY,11,Rogaland,59.2933,6.0729,2,Ryfylke,
19,2017,11689,Kjerringneset,ikke-medikamentell,,,,,,hele lokaliteten,1411,GULEN,14,Sogn og Fjordane,60.960182,5.106783,4,Nordhordaland til Stadt,
19,2017,11763,Knappen,medikamentell,fôrbehandling,Diflubenzuron,,,,hele lokaliteten,1259,ØYGARDEN,12,Hordaland,60.5735,4.818517,4,Nordhordaland til Stadt,
19,2017,11719,Kråkenes,medikamentell,fôrbehandling,Annet virkestoff,,,,deler av lokaliteten,1412,SOLUND,14,Sogn og Fjordane,61.05835,4.921317,4,Nordhordaland til Stadt,
19,2017,12239,Kråknes,ikke-medikamentell,,,,,,deler av lokaliteten,1547,AUKRA,15,Møre og Romsdal,62.83145,6.962733,5,Stadt til Hustadvika,
19,2017,11714,Kvernhusvika,ikke-medikamentell,,,,,,deler av lokaliteten,1412,SOLUND,14,Sogn og Fjordane,61.0678,4.94225,4,Nordhordaland til Stadt,
19,2017,11803,Kyravika,medikamentell,badebehandling,Hydrogenperoksid,,,,hele lokaliteten,1429,FJALER,14,Sogn og Fjordane,61.316433,5.1563,4,Nordhordaland til Stadt,
19,2017,30076,Kyrøyene,rensefisk,,,2221,Rognkjeks (felles),21372,hele lokaliteten,1750,VIKNA,17,Nord-Trøndelag,64.764015,10.806633,7,Nord-Trøndelag med Bindal,
19,2017,13234,Kysnes,ikke-medikamentell,,,,,,deler av lokaliteten,1227,JONDAL,12,Hordaland,60.19877,6.09685,3,Karmøy til Sotra,
19,2017,12993,Lamøya,ikke-medikamentell,,,,,,deler av lokaliteten,1620,FRØYA,16,Sør-Trøndelag,63.732586,8.856378,6,Nordmøre og Sør-Trøndelag,
19,2017,11116,Langholmen,medikamentell,fôrbehandling,Emamectin benzoat,,,,deler av lokaliteten,1838,GILDESKÅL,18,Nordland,67.05783,14.025333,8,Helgeland til Bodø,
19,2017,11116,Langholmen,ikke-medikamentell,,,,,,deler av lokaliteten,1838,GILDESKÅL,18,Nordland,67.05783,14.025333,8,Helgeland til Bodø,
19,2017,11350,Lavika,medikamentell,badebehandling,Hydrogenperoksid,,,,deler av lokaliteten,1928,TORSKEN,19,Troms,69.25753,17.0887,10,Andøya til Senja,
19,2017,11350,Lavika,ikke-medikamentell,,,,,,deler av lokaliteten,1928,TORSKEN,19,Troms,69.25753,17.0887,10,Andøya til Senja,
19,2017,12966,Lindvik,medikamentell,fôrbehandling,Diflubenzuron,,,,hele lokaliteten,1160,VINDAFJORD,11,Rogaland,59.474068,5.976433,2,Ryfylke,
19,2017,14039,Litle Lunnøy,ikke-medikamentell,,,,,,hele lokaliteten,1244,AUSTEVOLL,12,Hordaland,60.02005,5.169533,3,Karmøy til Sotra,
19,2017,32057,Lyngøy,rensefisk,,,2221,Rognkjeks (felles),16800,hele lokaliteten,1750,VIKNA,17,Nord-Trøndelag,64.81865,10.935217,7,Nord-Trøndelag med Bindal,
19,2017,12127,Mælen,medikamentell,fôrbehandling,Emamectin benzoat,,,,hele lokaliteten,1224,KVINNHERAD,12,Hordaland,59.69998,5.722917,3,Karmøy til Sotra,
19,2017,12134,Maradalen,medikamentell,fôrbehandling,Emamectin benzoat,,,,hele lokaliteten,1224,KVINNHERAD,12,Hordaland,59.76077,5.686767,3,Karmøy til Sotra,
19,2017,12047,Mjåneset,ikke-medikamentell,,,,,,deler av lokaliteten,1241,FUSA,12,Hordaland,60.176,5.7244,3,Karmøy til Sotra,
19,2017,29957,Nakkestad,rensefisk,,,1694,Grøngylt,2500,hele lokaliteten,1032,LYNGDAL,10,Vest-Agder,58.055832,7.06875,1,Svenskegrensen til Jæren,
19,2017,29957,Nakkestad,rensefisk,,,1693,Bergnebb,11000,hele lokaliteten,1032,LYNGDAL,10,Vest-Agder,58.055832,7.06875,1,Svenskegrensen til Jæren,
19,2017,11611,Naveide,ikke-medikamentell,,,,,,deler av lokaliteten,1244,AUSTEVOLL,12,Hordaland,60.13907,5.112783,3,Karmøy til Sotra,
19,2017,11611,Naveide,rensefisk,,,222120,Rognkjeks (hun),12847,deler av lokaliteten,1244,AUSTEVOLL,12,Hordaland,60.13907,5.112783,3,Karmøy til Sotra,
19,2017,11041,Nord Gåsvær,medikamentell,badebehandling,Hydrogenperoksid,,,,deler av lokaliteten,1818,HERØY I NORDLAND,18,Nordland,66.07035,12.065617,8,Helgeland til Bodø,
19,2017,10136,Onarøy,ikke-medikamentell,,,,,,deler av lokaliteten,1223,TYSNES,12,Hordaland,59.95335,5.669683,3,Karmøy til Sotra,
19,2017,17235,Ørnes,rensefisk,,,2221,Rognkjeks (felles),53112,hele lokaliteten,1834,LURØY,18,Nordland,66.42008,13.018033,8,Helgeland til Bodø,
19,2017,30657,Revøy,rensefisk,,,1693,Bergnebb,16000,hele lokaliteten,1032,LYNGDAL,10,Vest-Agder,58.0243,7.0268,1,Svenskegrensen til Jæren,
19,2017,11964,Ringja,medikamentell,fôrbehandling,Diflubenzuron,,,,hele lokaliteten,1146,TYSVÆR,11,Rogaland,59.405468,5.8631,2,Ryfylke,
19,2017,13612,Rundreimstranda,ikke-medikamentell,,,,,,hele lokaliteten,1441,SELJE,14,Sogn og Fjordane,62.009968,5.331917,4,Nordhordaland til Stadt,
19,2017,31677,Sandholmane,ikke-medikamentell,,,,,,deler av lokaliteten,1546,SANDØY,15,Møre og Romsdal,62.796284,6.669933,5,Stadt til Hustadvika,
19,2017,11758,Sauøy Ø,rensefisk,,,222120,Rognkjeks (hun),18136,deler av lokaliteten,1259,ØYGARDEN,12,Hordaland,60.592335,4.857833,4,Nordhordaland til Stadt,
19,2017,19855,Segelråa,rensefisk,,,222120,Rognkjeks (hun),9333,hele lokaliteten,1576,AURE,15,Møre og Romsdal,63.149746,8.12855,6,Nordmøre og Sør-Trøndelag,
19,2017,10398,Seiskjæra,ikke-medikamentell,,,,,,deler av lokaliteten,1630,ÅFJORD,16,Sør-Trøndelag,64.09225,10.115983,6,Nordmøre og Sør-Trøndelag,
19,2017,12892,Sjølsvik,rensefisk,,,222120,Rognkjeks (hun),17274,deler av lokaliteten,1557,GJEMNES,15,Møre og Romsdal,62.9066,8.11095,6,Nordmøre og Sør-Trøndelag,
19,2017,34117,Skåtholmen,ikke-medikamentell,,,,,,deler av lokaliteten,1241,FUSA,12,Hordaland,60.17177,5.563633,3,Karmøy til Sotra,
19,2017,19635,Skatleia,medikamentell,badebehandling,Hydrogenperoksid,,,,hele lokaliteten,1867,BØ I NORDLAND,18,Nordland,68.8001,14.593767,9,Vestfjorden og Vesterålen,
19,2017,12048,Skiftesneset N,medikamentell,fôrbehandling,Diflubenzuron,,,,deler av lokaliteten,1241,FUSA,12,Hordaland,60.0711,5.736867,3,Karmøy til Sotra,
19,2017,20115,Skjerholmen N,ikke-medikamentell,,,,,,deler av lokaliteten,1245,SUND,12,Hordaland,60.2496,5.174017,3,Karmøy til Sotra,
19,2017,12108,Skorpo Nv,ikke-medikamentell,,,,,,deler av lokaliteten,1224,KVINNHERAD,12,Hordaland,59.95323,5.827133,3,Karmøy til Sotra,
19,2017,31117,Skrubbo,medikamentell,badebehandling,Annet virkestoff,,,,deler av lokaliteten,1241,FUSA,12,Hordaland,60.15632,5.713217,3,Karmøy til Sotra,
19,2017,31117,Skrubbo,ikke-medikamentell,,,,,,deler av lokaliteten,1241,FUSA,12,Hordaland,60.15632,5.713217,3,Karmøy til Sotra,
19,2017,27436,Solværet,ikke-medikamentell,,,,,,deler av lokaliteten,1573,SMØLA,15,Møre og Romsdal,63.255,7.856933,6,Nordmøre og Sør-Trøndelag,
19,2017,23375,Sørevik,medikamentell,fôrbehandling,Diflubenzuron,,,,deler av lokaliteten,1416,HØYANGER,14,Sogn og Fjordane,61.099983,5.729967,4,Nordhordaland til Stadt,
19,2017,20776,Storoksen,rensefisk,,,222120,Rognkjeks (hun),23478,deler av lokaliteten,1247,ASKØY,12,Hordaland,60.530884,4.97325,4,Nordhordaland til Stadt,
19,2017,25815,Tittelsnes,rensefisk,,,2221,Rognkjeks (felles),34000,deler av lokaliteten,1216,SVEIO,12,Hordaland,59.72365,5.534383,3,Karmøy til Sotra,
19,2017,10054,Tobbeholmane,rensefisk,,,222120,Rognkjeks (hun),10972,hele lokaliteten,1244,AUSTEVOLL,12,Hordaland,60.02432,5.30815,3,Karmøy til Sotra,
19,2017,12077,Tveitnesvik,ikke-medikamentell,,,,,,hele lokaliteten,1224,KVINNHERAD,12,Hordaland,60.10592,6.20525,3,Karmøy til Sotra,
19,2017,35657,Varden,medikamentell,fôrbehandling,Emamectin benzoat,,,,hele lokaliteten,1617,HITRA,16,Sør-Trøndelag,63.635715,9.186467,6,Nordmøre og Sør-Trøndelag,
19,2017,32337,Veiesund,ikke-medikamentell,,,,,,hele lokaliteten,1401,FLORA,14,Sogn og Fjordane,61.572067,5.0466,4,Nordhordaland til Stadt,
19,2017,12885,Vikageilen,ikke-medikamentell,,,,,,deler av lokaliteten,1505,KRISTIANSUND,15,Møre og Romsdal,63.075783,7.906067,6,Nordmøre og Sør-Trøndelag,
19,2017,12839,Vindsnes,ikke-medikamentell,,,,,,deler av lokaliteten,1524,NORDDAL,15,Møre og Romsdal,62.28505,7.279633,5,Stadt til Hustadvika,
19,2017,13226,Vindsvik,ikke-medikamentell,,,,,,deler av lokaliteten,1133,HJELMELAND,11,Rogaland,59.299816,6.322467,2,Ryfylke,
18,2017,10331,Åkre,ikke-medikamentell,,,,,,deler av lokaliteten,1224,KVINNHERAD,12,Hordaland,60.112434,6.042483,3,Karmøy til Sotra,
18,2017,32277,Andholmen 1,medikamentell,fôrbehandling,Emamectin benzoat,,,,hele lokaliteten,1573,SMØLA,15,Møre og Romsdal,63.469784,7.8556,6,Nordmøre og Sør-Trøndelag,
18,2017,13254,Aukan,rensefisk,,,2221,Rognkjeks (felles),3750,hele lokaliteten,1554,AVERØY,15,Møre og Romsdal,63.0603,7.594283,6,Nordmøre og Sør-Trøndelag,
18,2017,12988,Aukrasanden,ikke-medikamentell,,,,,,deler av lokaliteten,1547,AUKRA,15,Møre og Romsdal,62.783417,6.92605,5,Stadt til Hustadvika,
18,2017,10212,Bogen,rensefisk,,,1693,Bergnebb,1116,deler av lokaliteten,1505,KRISTIANSUND,15,Møre og Romsdal,63.077667,7.90345,6,Nordmøre og Sør-Trøndelag,
18,2017,10212,Bogen,rensefisk,,,222120,Rognkjeks (hun),3262,deler av lokaliteten,1505,KRISTIANSUND,15,Møre og Romsdal,63.077667,7.90345,6,Nordmøre og Sør-Trøndelag,
18,2017,12040,Brandaskuta,medikamentell,fôrbehandling,Diflubenzuron,,,,deler av lokaliteten,1224,KVINNHERAD,12,Hordaland,59.975735,5.909183,3,Karmøy til Sotra,
18,2017,10223,Bremnessvaet,medikamentell,badebehandling,Annet virkestoff,,,,deler av lokaliteten,1573,SMØLA,15,Møre og Romsdal,63.39795,8.214317,6,Nordmøre og Sør-Trøndelag,
18,2017,10223,Bremnessvaet,medikamentell,fôrbehandling,Emamectin benzoat,,,,deler av lokaliteten,1573,SMØLA,15,Møre og Romsdal,63.39795,8.214317,6,Nordmøre og Sør-Trøndelag,
18,2017,12466,Brettingen,medikamentell,badebehandling,Annet virkestoff,,,,deler av lokaliteten,1573,SMØLA,15,Møre og Romsdal,63.3582,8.237267,6,Nordmøre og Sør-Trøndelag,
18,2017,12466,Brettingen,medikamentell,fôrbehandling,Emamectin benzoat,,,,hele lokaliteten,1573,SMØLA,15,Møre og Romsdal,63.3582,8.237267,6,Nordmøre og Sør-Trøndelag,
18,2017,21336,Djupeleget,ikke-medikamentell,,,,,,hele lokaliteten,1416,HØYANGER,14,Sogn og Fjordane,61.16942,5.807467,4,Nordhordaland til Stadt,
18,2017,20455,Djupevika,ikke-medikamentell,,,,,,deler av lokaliteten,1224,KVINNHERAD,12,Hordaland,60.0406,6.010917,3,Karmøy til Sotra,
18,2017,20455,Djupevika,rensefisk,,,222120,Rognkjeks (hun),30290,hele lokaliteten,1224,KVINNHERAD,12,Hordaland,60.0406,6.010917,3,Karmøy til Sotra,
18,2017,13412,Dypeidet,medikamentell,fôrbehandling,Emamectin benzoat,,,,hele lokaliteten,1868,ØKSNES,18,Nordland,68.82935,14.776017,9,Vestfjorden og Vesterålen,
18,2017,12879,Endresetbukta,ikke-medikamentell,,,,,,deler av lokaliteten,1505,KRISTIANSUND,15,Møre og Romsdal,63.03018,7.71615,6,Nordmøre og Sør-Trøndelag,
18,2017,25895,Flornes,ikke-medikamentell,,,,,,deler av lokaliteten,1223,TYSNES,12,Hordaland,59.890984,5.665983,3,Karmøy til Sotra,
18,2017,29876,Flotaren,medikamentell,fôrbehandling,Emamectin benzoat,,,,hele lokaliteten,1749,FLATANGER,17,Nord-Trøndelag,64.52398,10.761667,7,Nord-Trøndelag med Bindal,
18,2017,31437,Fuglåsen,ikke-medikamentell,,,,,,deler av lokaliteten,1573,SMØLA,15,Møre og Romsdal,63.44715,8.167767,6,Nordmøre og Sør-Trøndelag,
18,2017,22015,Fureneset,ikke-medikamentell,,,,,,hele lokaliteten,1412,SOLUND,14,Sogn og Fjordane,61.16562,5.052417,4,Nordhordaland til Stadt,
18,2017,11667,Gardskråneset,medikamentell,fôrbehandling,Diflubenzuron,,,,hele lokaliteten,1259,ØYGARDEN,12,Hordaland,60.5399,4.904617,4,Nordhordaland til Stadt,
18,2017,17177,Grunneneset,medikamentell,fôrbehandling,Teflubenzuron,,,,deler av lokaliteten,1438,BREMANGER,14,Sogn og Fjordane,61.89385,5.34825,4,Nordhordaland til Stadt,
18,2017,30257,Hausan,rensefisk,,,222120,Rognkjeks (hun),16434,deler av lokaliteten,1612,HEMNE,16,Sør-Trøndelag,63.45838,8.955683,6,Nordmøre og Sør-Trøndelag,
18,2017,30897,Havsundet,ikke-medikamentell,,,,,,deler av lokaliteten,1627,BJUGN,16,Sør-Trøndelag,63.799534,9.440667,6,Nordmøre og Sør-Trøndelag,
18,2017,11920,Herøy,medikamentell,fôrbehandling,Diflubenzuron,,,,hele lokaliteten,1160,VINDAFJORD,11,Rogaland,59.4664,6.0262,2,Ryfylke,
18,2017,13235,Hessvik,ikke-medikamentell,,,,,,hele lokaliteten,1224,KVINNHERAD,12,Hordaland,60.127934,6.149933,3,Karmøy til Sotra,
18,2017,12035,Hondskår,medikamentell,fôrbehandling,Diflubenzuron,,,,hele lokaliteten,1224,KVINNHERAD,12,Hordaland,60.10687,5.939133,3,Karmøy til Sotra,
18,2017,12035,Hondskår,rensefisk,,,2221,Rognkjeks (felles),20200,deler av lokaliteten,1224,KVINNHERAD,12,Hordaland,60.10687,5.939133,3,Karmøy til Sotra,
18,2017,12897,Honnhammarvika,ikke-medikamentell,,,,,,deler av lokaliteten,1560,TINGVOLL,15,Møre og Romsdal,62.863365,8.157583,6,Nordmøre og Sør-Trøndelag,
18,2017,25235,Humulen,ikke-medikamentell,,,,,,deler av lokaliteten,1750,VIKNA,17,Nord-Trøndelag,64.94605,11.372467,7,Nord-Trøndelag med Bindal,
18,2017,18936,Igerøy Ø,rensefisk,,,2221,Rognkjeks (felles),26385,deler av lokaliteten,1815,VEGA,18,Nordland,65.68622,12.138533,8,Helgeland til Bodø,
18,2017,12224,Isane,medikamentell,fôrbehandling,Teflubenzuron,,,,hele lokaliteten,1438,BREMANGER,14,Sogn og Fjordane,61.876534,5.722767,4,Nordhordaland til Stadt,
18,2017,22915,Kalsøyflu,rensefisk,,,2221,Rognkjeks (felles),17000,hele lokaliteten,1244,AUSTEVOLL,12,Hordaland,60.03818,5.114417,3,Karmøy til Sotra,
18,2017,10087,Kalvøya N,ikke-medikamentell,,,,,,hele lokaliteten,1428,ASKVOLL,14,Sogn og Fjordane,61.319366,4.707167,4,Nordhordaland til Stadt,
18,2017,26135,Kjørsvikgrunn,rensefisk,,,222120,Rognkjeks (hun),23960,hele lokaliteten,1612,HEMNE,16,Sør-Trøndelag,63.457565,9.076,6,Nordmøre og Sør-Trøndelag,
18,2017,12980,Klubben,ikke-medikamentell,,,,,,deler av lokaliteten,1412,SOLUND,14,Sogn og Fjordane,61.175716,5.0051,4,Nordhordaland til Stadt,
18,2017,30297,Krabbholmen,ikke-medikamentell,,,,,,deler av lokaliteten,1630,ÅFJORD,16,Sør-Trøndelag,63.94438,9.880667,6,Nordmøre og Sør-Trøndelag,
18,2017,33177,Krabbholmen II,ikke-medikamentell,,,,,,deler av lokaliteten,1630,ÅFJORD,16,Sør-Trøndelag,63.94,9.886633,6,Nordmøre og Sør-Trøndelag,
18,2017,11719,Kråkenes,medikamentell,badebehandling,Annet virkestoff,,,,deler av lokaliteten,1412,SOLUND,14,Sogn og Fjordane,61.05835,4.921317,4,Nordhordaland til Stadt,
18,2017,21676,Kråkholmen,rensefisk,,,2221,Rognkjeks (felles),12927,deler av lokaliteten,1749,FLATANGER,17,Nord-Trøndelag,64.60212,10.85345,7,Nord-Trøndelag med Bindal,
18,2017,14040,Krigsholmen,ikke-medikamentell,,,,,,hele lokaliteten,1244,AUSTEVOLL,12,Hordaland,60.081383,5.124117,3,Karmøy til Sotra,
18,2017,11633,Krossholmen,ikke-medikamentell,,,,,,deler av lokaliteten,1219,BØMLO,12,Hordaland,59.7879,5.100533,3,Karmøy til Sotra,
18,2017,12993,Lamøya,ikke-medikamentell,,,,,,deler av lokaliteten,1620,FRØYA,16,Sør-Trøndelag,63.732586,8.856378,6,Nordmøre og Sør-Trøndelag,
18,2017,12966,Lindvik,medikamentell,fôrbehandling,Diflubenzuron,,,,hele lokaliteten,1160,VINDAFJORD,11,Rogaland,59.474068,5.976433,2,Ryfylke,
18,2017,11410,Litleøya,medikamentell,badebehandling,Hydrogenperoksid,,,,deler av lokaliteten,1870,SORTLAND,18,Nordland,68.611664,15.381083,9,Vestfjorden og Vesterålen,
18,2017,14435,Ljøsøy N,medikamentell,fôrbehandling,Diflubenzuron,,,,hele lokaliteten,1259,ØYGARDEN,12,Hordaland,60.565132,4.878417,4,Nordhordaland til Stadt,
18,2017,10292,Lyklingholmen N,ikke-medikamentell,,,,,,hele lokaliteten,1219,BØMLO,12,Hordaland,59.714535,5.15405,3,Karmøy til Sotra,
18,2017,33337,Lyngnes,medikamentell,fôrbehandling,Diflubenzuron,,,,deler av lokaliteten,1241,FUSA,12,Hordaland,60.1197,5.720917,3,Karmøy til Sotra,
18,2017,12633,Lyrnesset,medikamentell,fôrbehandling,Emamectin benzoat,,,,hele lokaliteten,1749,FLATANGER,17,Nord-Trøndelag,64.5256,10.748133,7,Nord-Trøndelag med Bindal,
18,2017,12134,Maradalen,medikamentell,fôrbehandling,Emamectin benzoat,,,,hele lokaliteten,1224,KVINNHERAD,12,Hordaland,59.76077,5.686767,3,Karmøy til Sotra,
18,2017,26435,Mjølsvik,ikke-medikamentell,,,,,,deler av lokaliteten,1416,HØYANGER,14,Sogn og Fjordane,61.111584,6.0423,4,Nordhordaland til Stadt,
18,2017,29957,Nakkestad,rensefisk,,,1694,Grøngylt,2500,hele lokaliteten,1032,LYNGDAL,10,Vest-Agder,58.055832,7.06875,1,Svenskegrensen til Jæren,
18,2017,29957,Nakkestad,rensefisk,,,1693,Bergnebb,11000,hele lokaliteten,1032,LYNGDAL,10,Vest-Agder,58.055832,7.06875,1,Svenskegrensen til Jæren,
18,2017,11041,Nord Gåsvær,ikke-medikamentell,,,,,,hele lokaliteten,1818,HERØY I NORDLAND,18,Nordland,66.07035,12.065617,8,Helgeland til Bodø,
18,2017,33937,Nørholmen,medikamentell,fôrbehandling,Emamectin benzoat,,,,deler av lokaliteten,1573,SMØLA,15,Møre og Romsdal,63.338917,8.2718,6,Nordmøre og Sør-Trøndelag,
18,2017,10136,Onarøy,ikke-medikamentell,,,,,,deler av lokaliteten,1223,TYSNES,12,Hordaland,59.95335,5.669683,3,Karmøy til Sotra,
18,2017,19875,Or,ikke-medikamentell,,,,,,hele lokaliteten,1505,KRISTIANSUND,15,Møre og Romsdal,63.040718,7.8497,6,Nordmøre og Sør-Trøndelag,
18,2017,20315,Overåneset V,ikke-medikamentell,,,,,,hele lokaliteten,1525,STRANDA,15,Møre og Romsdal,62.30065,7.085433,5,Stadt til Hustadvika,
18,2017,33477,Reinsnesøya,medikamentell,badebehandling,Hydrogenperoksid,,,,hele lokaliteten,1870,SORTLAND,18,Nordland,68.772835,15.446583,9,Vestfjorden og Vesterålen,
18,2017,29896,Renndalen,rensefisk,,,222120,Rognkjeks (hun),9475,hele lokaliteten,1571,HALSA,15,Møre og Romsdal,63.176167,8.616817,6,Nordmøre og Sør-Trøndelag,
18,2017,30657,Revøy,rensefisk,,,1693,Bergnebb,16000,hele lokaliteten,1032,LYNGDAL,10,Vest-Agder,58.0243,7.0268,1,Svenskegrensen til Jæren,
18,2017,13612,Rundreimstranda,ikke-medikamentell,,,,,,hele lokaliteten,1441,SELJE,14,Sogn og Fjordane,62.009968,5.331917,4,Nordhordaland til Stadt,
18,2017,13243,Sandvika,medikamentell,fôrbehandling,Emamectin benzoat,,,,deler av lokaliteten,1519,VOLDA,15,Møre og Romsdal,62.195667,5.904417,5,Stadt til Hustadvika,
18,2017,13243,Sandvika,rensefisk,,,2221,Rognkjeks (felles),20460,deler av lokaliteten,1519,VOLDA,15,Møre og Romsdal,62.195667,5.904417,5,Stadt til Hustadvika,
18,2017,13035,Sauaneset I,ikke-medikamentell,,,,,,deler av lokaliteten,1244,AUSTEVOLL,12,Hordaland,60.089085,5.267967,3,Karmøy til Sotra,
18,2017,12244,Setevika,ikke-medikamentell,,,,,,deler av lokaliteten,1545,MIDSUND,15,Møre og Romsdal,62.728065,6.939283,5,Stadt til Hustadvika,
18,2017,33017,Setevika N,ikke-medikamentell,,,,,,deler av lokaliteten,1545,MIDSUND,15,Møre og Romsdal,62.73835,6.937667,5,Stadt til Hustadvika,
18,2017,12892,Sjølsvik,rensefisk,,,222120,Rognkjeks (hun),12806,deler av lokaliteten,1557,GJEMNES,15,Møre og Romsdal,62.9066,8.11095,6,Nordmøre og Sør-Trøndelag,
18,2017,12892,Sjølsvik,rensefisk,,,1693,Bergnebb,9623,deler av lokaliteten,1557,GJEMNES,15,Møre og Romsdal,62.9066,8.11095,6,Nordmøre og Sør-Trøndelag,
18,2017,10216,Skåren,rensefisk,,,222120,Rognkjeks (hun),8178,deler av lokaliteten,1571,HALSA,15,Møre og Romsdal,63.076733,8.19315,6,Nordmøre og Sør-Trøndelag,
18,2017,33157,Skogsholmen,rensefisk,,,2221,Rognkjeks (felles),6867,deler av lokaliteten,1815,VEGA,18,Nordland,65.83141,12.070533,8,Helgeland til Bodø,
18,2017,12108,Skorpo Nv,ikke-medikamentell,,,,,,deler av lokaliteten,1224,KVINNHERAD,12,Hordaland,59.95323,5.827133,3,Karmøy til Sotra,
18,2017,31117,Skrubbo,medikamentell,badebehandling,Annet virkestoff,,,,deler av lokaliteten,1241,FUSA,12,Hordaland,60.15632,5.713217,3,Karmøy til Sotra,
18,2017,31117,Skrubbo,ikke-medikamentell,,,,,,deler av lokaliteten,1241,FUSA,12,Hordaland,60.15632,5.713217,3,Karmøy til Sotra,
18,2017,28096,Slåttenes,medikamentell,badebehandling,Annet virkestoff,,,,deler av lokaliteten,1224,KVINNHERAD,12,Hordaland,59.83222,5.984267,3,Karmøy til Sotra,
18,2017,27436,Solværet,ikke-medikamentell,,,,,,deler av lokaliteten,1573,SMØLA,15,Møre og Romsdal,63.255,7.856933,6,Nordmøre og Sør-Trøndelag,
18,2017,13032,Sølvøyane,ikke-medikamentell,,,,,,deler av lokaliteten,1219,BØMLO,12,Hordaland,59.609516,5.133367,3,Karmøy til Sotra,
18,2017,23375,Sørevik,medikamentell,fôrbehandling,Diflubenzuron,,,,deler av lokaliteten,1416,HØYANGER,14,Sogn og Fjordane,61.099983,5.729967,4,Nordhordaland til Stadt,
18,2017,31338,Storskjeret,ikke-medikamentell,,,,,,deler av lokaliteten,1576,AURE,15,Møre og Romsdal,63.26985,8.228283,6,Nordmøre og Sør-Trøndelag,
18,2017,19016,Storskogøya,rensefisk,,,2221,Rognkjeks (felles),20849,deler av lokaliteten,1613,SNILLFJORD,16,Sør-Trøndelag,63.506065,9.19075,6,Nordmøre og Sør-Trøndelag,
18,2017,15517,Tinnlandet,medikamentell,badebehandling,Deltamethrin,,,,deler av lokaliteten,2004,HAMMERFEST,20,Finnmark,70.5295,23.2287,12,Vest-Finnmark,
18,2017,10332,Trommo,ikke-medikamentell,,,,,,deler av lokaliteten,1224,KVINNHERAD,12,Hordaland,60.08243,6.080067,3,Karmøy til Sotra,
18,2017,35517,Vadholmen,medikamentell,fôrbehandling,Diflubenzuron,,,,hele lokaliteten,1259,ØYGARDEN,12,Hordaland,60.695,4.761117,4,Nordhordaland til Stadt,
18,2017,35657,Varden,medikamentell,fôrbehandling,Emamectin benzoat,,,,hele lokaliteten,1617,HITRA,16,Sør-Trøndelag,63.635715,9.186467,6,Nordmøre og Sør-Trøndelag,
18,2017,12885,Vikageilen,ikke-medikamentell,,,,,,deler av lokaliteten,1505,KRISTIANSUND,15,Møre og Romsdal,63.075783,7.906067,6,Nordmøre og Sør-Trøndelag,
18,2017,12885,Vikageilen,rensefisk,,,1693,Bergnebb,118,deler av lokaliteten,1505,KRISTIANSUND,15,Møre og Romsdal,63.075783,7.906067,6,Nordmøre og Sør-Trøndelag,
18,2017,13226,Vindsvik,ikke-medikamentell,,,,,,deler av lokaliteten,1133,HJELMELAND,11,Rogaland,59.299816,6.322467,2,Ryfylke,
18,2017,17495,Vullum,rensefisk,,,222120,Rognkjeks (hun),7885,hele lokaliteten,1571,HALSA,15,Møre og Romsdal,63.04895,8.21635,6,Nordmøre og Sør-Trøndelag,
17,2017,32277,Andholmen 1,medikamentell,fôrbehandling,Emamectin benzoat,,,,hele lokaliteten,1573,SMØLA,15,Møre og Romsdal,63.469784,7.8556,6,Nordmøre og Sør-Trøndelag,
17,2017,32297,Andholmen 2,medikamentell,fôrbehandling,Emamectin benzoat,,,,hele lokaliteten,1573,SMØLA,15,Møre og Romsdal,63.46745,7.847167,6,Nordmøre og Sør-Trøndelag,
17,2017,13518,Angstauren,medikamentell,badebehandling,Cypermethrin,,,,deler av lokaliteten,1902,TROMSØ,19,Troms,69.695335,18.170267,11,Kvaløya til Loppa,
17,2017,29816,Apalvikneset,ikke-medikamentell,,,,,,deler av lokaliteten,1227,JONDAL,12,Hordaland,60.146217,6.121133,3,Karmøy til Sotra,
17,2017,12178,Bjønnspjotneset,medikamentell,badebehandling,Hydrogenperoksid,,,,hele lokaliteten,1416,HØYANGER,14,Sogn og Fjordane,61.098083,5.82545,4,Nordhordaland til Stadt,
17,2017,12178,Bjønnspjotneset,medikamentell,badebehandling,Hydrogenperoksid,,,,hele lokaliteten,1416,HØYANGER,14,Sogn og Fjordane,61.098083,5.82545,4,Nordhordaland til Stadt,
17,2017,12178,Bjønnspjotneset,medikamentell,badebehandling,Hydrogenperoksid,,,,hele lokaliteten,1416,HØYANGER,14,Sogn og Fjordane,61.098083,5.82545,4,Nordhordaland til Stadt,
17,2017,12178,Bjønnspjotneset,medikamentell,badebehandling,Hydrogenperoksid,,,,hele lokaliteten,1416,HØYANGER,14,Sogn og Fjordane,61.098083,5.82545,4,Nordhordaland til Stadt,
17,2017,10212,Bogen,ikke-medikamentell,,,,,,deler av lokaliteten,1505,KRISTIANSUND,15,Møre og Romsdal,63.077667,7.90345,6,Nordmøre og Sør-Trøndelag,
17,2017,12040,Brandaskuta,ikke-medikamentell,,,,,,hele lokaliteten,1224,KVINNHERAD,12,Hordaland,59.975735,5.909183,3,Karmøy til Sotra,
17,2017,36118,Bremnesøya,ikke-medikamentell,,,,,,hele lokaliteten,1870,SORTLAND,18,Nordland,68.82377,15.400217,9,Vestfjorden og Vesterålen,
17,2017,10223,Bremnessvaet,medikamentell,badebehandling,Annet virkestoff,,,,deler av lokaliteten,1573,SMØLA,15,Møre og Romsdal,63.39795,8.214317,6,Nordmøre og Sør-Trøndelag,
17,2017,10223,Bremnessvaet,ikke-medikamentell,,,,,,deler av lokaliteten,1573,SMØLA,15,Møre og Romsdal,63.39795,8.214317,6,Nordmøre og Sør-Trøndelag,
17,2017,12466,Brettingen,medikamentell,badebehandling,Annet virkestoff,,,,deler av lokaliteten,1573,SMØLA,15,Møre og Romsdal,63.3582,8.237267,6,Nordmøre og Sør-Trøndelag,
17,2017,12466,Brettingen,medikamentell,badebehandling,Annet virkestoff,,,,deler av lokaliteten,1573,SMØLA,15,Møre og Romsdal,63.3582,8.237267,6,Nordmøre og Sør-Trøndelag,
17,2017,12466,Brettingen,ikke-medikamentell,,,,,,deler av lokaliteten,1573,SMØLA,15,Møre og Romsdal,63.3582,8.237267,6,Nordmøre og Sør-Trøndelag,
17,2017,12466,Brettingen,rensefisk,,,2221,Rognkjeks (felles),29934,deler av lokaliteten,1573,SMØLA,15,Møre og Romsdal,63.3582,8.237267,6,Nordmøre og Sør-Trøndelag,
17,2017,12361,Bukkholmen S,ikke-medikamentell,,,,,,deler av lokaliteten,1620,FRØYA,16,Sør-Trøndelag,63.72368,8.8631,6,Nordmøre og Sør-Trøndelag,
17,2017,20455,Djupevika,ikke-medikamentell,,,,,,deler av lokaliteten,1224,KVINNHERAD,12,Hordaland,60.0406,6.010917,3,Karmøy til Sotra,
17,2017,12236,Endal Ø,ikke-medikamentell,,,,,,hele lokaliteten,1438,BREMANGER,14,Sogn og Fjordane,61.9076,5.493317,4,Nordhordaland til Stadt,
17,2017,12879,Endresetbukta,ikke-medikamentell,,,,,,deler av lokaliteten,1505,KRISTIANSUND,15,Møre og Romsdal,63.03018,7.71615,6,Nordmøre og Sør-Trøndelag,
17,2017,10229,Fætten,rensefisk,,,222120,Rognkjeks (hun),13053,deler av lokaliteten,1571,HALSA,15,Møre og Romsdal,63.144585,8.459567,6,Nordmøre og Sør-Trøndelag,
17,2017,32597,Fjordprakken,ikke-medikamentell,,,,,,deler av lokaliteten,1573,SMØLA,15,Møre og Romsdal,63.256516,7.928067,6,Nordmøre og Sør-Trøndelag,
17,2017,11833,Flåtegrunnen,rensefisk,,,2221,Rognkjeks (felles),26051,deler av lokaliteten,1401,FLORA,14,Sogn og Fjordane,61.57615,4.807333,4,Nordhordaland til Stadt,
17,2017,11355,Flesen,medikamentell,badebehandling,Hydrogenperoksid,,,,hele lokaliteten,1928,TORSKEN,19,Troms,69.24668,17.025682,10,Andøya til Senja,
17,2017,29876,Flotaren,medikamentell,fôrbehandling,Emamectin benzoat,,,,hele lokaliteten,1749,FLATANGER,17,Nord-Trøndelag,64.52398,10.761667,7,Nord-Trøndelag med Bindal,
17,2017,22015,Fureneset,ikke-medikamentell,,,,,,deler av lokaliteten,1412,SOLUND,14,Sogn og Fjordane,61.16562,5.052417,4,Nordhordaland til Stadt,
17,2017,11667,Gardskråneset,medikamentell,fôrbehandling,Diflubenzuron,,,,hele lokaliteten,1259,ØYGARDEN,12,Hordaland,60.5399,4.904617,4,Nordhordaland til Stadt,
17,2017,10318,Gulestø,rensefisk,,,2221,Rognkjeks (felles),23470,hele lokaliteten,1438,BREMANGER,14,Sogn og Fjordane,61.75802,5.069883,4,Nordhordaland til Stadt,
17,2017,22095,Hågardsneset,medikamentell,badebehandling,Annet virkestoff,,,,hele lokaliteten,1224,KVINNHERAD,12,Hordaland,59.9844,5.929967,3,Karmøy til Sotra,
17,2017,22095,Hågardsneset,ikke-medikamentell,,,,,,hele lokaliteten,1224,KVINNHERAD,12,Hordaland,59.9844,5.929967,3,Karmøy til Sotra,
17,2017,24035,Håvikvågen S,ikke-medikamentell,,,,,,deler av lokaliteten,1241,FUSA,12,Hordaland,60.169834,5.69645,3,Karmøy til Sotra,
17,2017,11920,Herøy,medikamentell,fôrbehandling,Diflubenzuron,,,,hele lokaliteten,1160,VINDAFJORD,11,Rogaland,59.4664,6.0262,2,Ryfylke,
17,2017,33957,Hofsøya,ikke-medikamentell,,,,,,deler av lokaliteten,1620,FRØYA,16,Sør-Trøndelag,63.722168,8.913317,6,Nordmøre og Sør-Trøndelag,
17,2017,12890,Høybuvika,ikke-medikamentell,,,,,,deler av lokaliteten,1557,GJEMNES,15,Møre og Romsdal,62.9563,8.049217,6,Nordmøre og Sør-Trøndelag,
17,2017,19939,Høysteinen,ikke-medikamentell,,,,,,deler av lokaliteten,1224,KVINNHERAD,12,Hordaland,60.157417,6.050117,3,Karmøy til Sotra,
17,2017,11405,Innerbrokløysa,medikamentell,fôrbehandling,Emamectin benzoat,,,,hele lokaliteten,1870,SORTLAND,18,Nordland,68.630714,15.483317,9,Vestfjorden og Vesterålen,
17,2017,14042,Kattholmen,rensefisk,,,222120,Rognkjeks (hun),7068,deler av lokaliteten,1620,FRØYA,16,Sør-Trøndelag,63.870968,8.679017,6,Nordmøre og Sør-Trøndelag,
17,2017,30437,Kattholmen II,rensefisk,,,222120,Rognkjeks (hun),33946,hele lokaliteten,1620,FRØYA,16,Sør-Trøndelag,63.864784,8.676583,6,Nordmøre og Sør-Trøndelag,
17,2017,24455,Klavelandet,rensefisk,,,2221,Rognkjeks (felles),108000,hele lokaliteten,1401,FLORA,14,Sogn og Fjordane,61.60395,5.186533,4,Nordhordaland til Stadt,
17,2017,12980,Klubben,ikke-medikamentell,,,,,,deler av lokaliteten,1412,SOLUND,14,Sogn og Fjordane,61.175716,5.0051,4,Nordhordaland til Stadt,
17,2017,11633,Krossholmen,ikke-medikamentell,,,,,,deler av lokaliteten,1219,BØMLO,12,Hordaland,59.7879,5.100533,3,Karmøy til Sotra,
17,2017,18217,Kvaløy Ø,ikke-medikamentell,,,,,,deler av lokaliteten,1149,KARMØY,11,Rogaland,59.396633,5.171083,3,Karmøy til Sotra,
17,2017,12993,Lamøya,ikke-medikamentell,,,,,,deler av lokaliteten,1620,FRØYA,16,Sør-Trøndelag,63.732586,8.856378,6,Nordmøre og Sør-Trøndelag,
17,2017,28396,Lindarholmen,ikke-medikamentell,,,,,,deler av lokaliteten,1223,TYSNES,12,Hordaland,60.084034,5.638667,3,Karmøy til Sotra,
17,2017,12966,Lindvik,medikamentell,fôrbehandling,Diflubenzuron,,,,hele lokaliteten,1160,VINDAFJORD,11,Rogaland,59.474068,5.976433,2,Ryfylke,
17,2017,14435,Ljøsøy N,medikamentell,fôrbehandling,Diflubenzuron,,,,hele lokaliteten,1259,ØYGARDEN,12,Hordaland,60.565132,4.878417,4,Nordhordaland til Stadt,
17,2017,12978,Lyngholmen,ikke-medikamentell,,,,,,hele lokaliteten,1411,GULEN,14,Sogn og Fjordane,61.01525,5.004667,4,Nordhordaland til Stadt,
17,2017,12633,Lyrnesset,medikamentell,fôrbehandling,Emamectin benzoat,,,,hele lokaliteten,1749,FLATANGER,17,Nord-Trøndelag,64.5256,10.748133,7,Nord-Trøndelag med Bindal,
17,2017,35477,Makrellskjæret,medikamentell,fôrbehandling,Emamectin benzoat,,,,hele lokaliteten,1749,FLATANGER,17,Nord-Trøndelag,64.54919,10.7341,7,Nord-Trøndelag med Bindal,
17,2017,29957,Nakkestad,rensefisk,,,1694,Grøngylt,2500,hele lokaliteten,1032,LYNGDAL,10,Vest-Agder,58.055832,7.06875,1,Svenskegrensen til Jæren,
17,2017,29957,Nakkestad,rensefisk,,,1693,Bergnebb,11000,hele lokaliteten,1032,LYNGDAL,10,Vest-Agder,58.055832,7.06875,1,Svenskegrensen til Jæren,
17,2017,33937,Nørholmen,medikamentell,badebehandling,Annet virkestoff,,,,deler av lokaliteten,1573,SMØLA,15,Møre og Romsdal,63.338917,8.2718,6,Nordmøre og Sør-Trøndelag,
17,2017,33937,Nørholmen,medikamentell,fôrbehandling,Emamectin benzoat,,,,deler av lokaliteten,1573,SMØLA,15,Møre og Romsdal,63.338917,8.2718,6,Nordmøre og Sør-Trøndelag,
17,2017,33937,Nørholmen,ikke-medikamentell,,,,,,deler av lokaliteten,1573,SMØLA,15,Møre og Romsdal,63.338917,8.2718,6,Nordmøre og Sør-Trøndelag,
17,2017,10181,Oksebåsen V,ikke-medikamentell,,,,,,deler av lokaliteten,1532,GISKE,15,Møre og Romsdal,62.5174,6.15805,5,Stadt til Hustadvika,
17,2017,12394,Ørnøya,rensefisk,,,222120,Rognkjeks (hun),9580,deler av lokaliteten,1620,FRØYA,16,Sør-Trøndelag,63.761868,8.445183,6,Nordmøre og Sør-Trøndelag,
17,2017,11738,Otterholmen,rensefisk,,,222120,Rognkjeks (hun),88000,hele lokaliteten,1260,RADØY,12,Hordaland,60.686417,4.908683,4,Nordhordaland til Stadt,
17,2017,28636,Rataren,rensefisk,,,222120,Rognkjeks (hun),17436,deler av lokaliteten,1620,FRØYA,16,Sør-Trøndelag,63.780884,8.517383,6,Nordmøre og Sør-Trøndelag,
17,2017,31959,Rataren II,rensefisk,,,222120,Rognkjeks (hun),43722,hele lokaliteten,1620,FRØYA,16,Sør-Trøndelag,63.782383,8.52635,6,Nordmøre og Sør-Trøndelag,
17,2017,29116,Reiråklakken,ikke-medikamentell,,,,,,deler av lokaliteten,1573,SMØLA,15,Møre og Romsdal,63.450333,8.167717,6,Nordmøre og Sør-Trøndelag,
17,2017,30657,Revøy,rensefisk,,,1693,Bergnebb,16000,hele lokaliteten,1032,LYNGDAL,10,Vest-Agder,58.0243,7.0268,1,Svenskegrensen til Jæren,
17,2017,13243,Sandvika,medikamentell,fôrbehandling,Emamectin benzoat,,,,deler av lokaliteten,1519,VOLDA,15,Møre og Romsdal,62.195667,5.904417,5,Stadt til Hustadvika,
17,2017,10398,Seiskjæra,ikke-medikamentell,,,,,,deler av lokaliteten,1630,ÅFJORD,16,Sør-Trøndelag,64.09225,10.115983,6,Nordmøre og Sør-Trøndelag,
17,2017,11357,Skarvberget,rensefisk,,,222120,Rognkjeks (hun),44420,hele lokaliteten,1927,TRANØY,19,Troms,69.14665,17.010267,10,Andøya til Senja,
17,2017,12048,Skiftesneset N,medikamentell,fôrbehandling,Diflubenzuron,,,,deler av lokaliteten,1241,FUSA,12,Hordaland,60.0711,5.736867,3,Karmøy til Sotra,
17,2017,18657,Skredstivik,ikke-medikamentell,,,,,,deler av lokaliteten,1413,HYLLESTAD,14,Sogn og Fjordane,61.1567,5.133983,4,Nordhordaland til Stadt,
17,2017,31117,Skrubbo,medikamentell,badebehandling,Annet virkestoff,,,,deler av lokaliteten,1241,FUSA,12,Hordaland,60.15632,5.713217,3,Karmøy til Sotra,
17,2017,31117,Skrubbo,ikke-medikamentell,,,,,,deler av lokaliteten,1241,FUSA,12,Hordaland,60.15632,5.713217,3,Karmøy til Sotra,
17,2017,27436,Solværet,ikke-medikamentell,,,,,,deler av lokaliteten,1573,SMØLA,15,Møre og Romsdal,63.255,7.856933,6,Nordmøre og Sør-Trøndelag,
17,2017,31338,Storskjeret,ikke-medikamentell,,,,,,deler av lokaliteten,1576,AURE,15,Møre og Romsdal,63.26985,8.228283,6,Nordmøre og Sør-Trøndelag,
17,2017,19016,Storskogøya,rensefisk,,,222120,Rognkjeks (hun),44868,hele lokaliteten,1613,SNILLFJORD,16,Sør-Trøndelag,63.506065,9.19075,6,Nordmøre og Sør-Trøndelag,
17,2017,13125,Storvika,medikamentell,badebehandling,Hydrogenperoksid,,,,deler av lokaliteten,1837,MELØY,18,Nordland,66.80855,13.242333,8,Helgeland til Bodø,
17,2017,36100,Suholmen,medikamentell,fôrbehandling,Emamectin benzoat,,,,hele lokaliteten,1573,SMØLA,15,Møre og Romsdal,63.494934,8.02235,6,Nordmøre og Sør-Trøndelag,
17,2017,11144,Svinvær,medikamentell,badebehandling,Hydrogenperoksid,,,,deler av lokaliteten,1836,RØDØY,18,Nordland,66.76923,13.170633,8,Helgeland til Bodø,
17,2017,12885,Vikageilen,ikke-medikamentell,,,,,,deler av lokaliteten,1505,KRISTIANSUND,15,Møre og Romsdal,63.075783,7.906067,6,Nordmøre og Sør-Trøndelag,
17,2017,27315,Vikane 1,ikke-medikamentell,,,,,,deler av lokaliteten,1227,JONDAL,12,Hordaland,60.26125,6.225083,3,Karmøy til Sotra,
17,2017,29936,Ystadneset,ikke-medikamentell,,,,,,deler av lokaliteten,1224,KVINNHERAD,12,Hordaland,59.977932,5.77565,3,Karmøy til Sotra,
16,2017,10331,Åkre,ikke-medikamentell,,,,,,deler av lokaliteten,1224,KVINNHERAD,12,Hordaland,60.112434,6.042483,3,Karmøy til Sotra,
16,2017,32277,Andholmen 1,medikamentell,fôrbehandling,Emamectin benzoat,,,,hele lokaliteten,1573,SMØLA,15,Møre og Romsdal,63.469784,7.8556,6,Nordmøre og Sør-Trøndelag,
16,2017,32297,Andholmen 2,medikamentell,fôrbehandling,Emamectin benzoat,,,,hele lokaliteten,1573,SMØLA,15,Møre og Romsdal,63.46745,7.847167,6,Nordmøre og Sør-Trøndelag,
16,2017,12308,Bjørndal,ikke-medikamentell,,,,,,hele lokaliteten,1520,ØRSTA,15,Møre og Romsdal,62.274883,6.00285,5,Stadt til Hustadvika,
16,2017,28336,Breivika,rensefisk,,,2221,Rognkjeks (felles),36089,hele lokaliteten,1827,DØNNA,18,Nordland,66.1609,12.681467,8,Helgeland til Bodø,
16,2017,32897,Breivika S,rensefisk,,,2221,Rognkjeks (felles),40136,deler av lokaliteten,1827,DØNNA,18,Nordland,66.1581,12.682017,8,Helgeland til Bodø,
16,2017,10223,Bremnessvaet,medikamentell,fôrbehandling,Emamectin benzoat,,,,hele lokaliteten,1573,SMØLA,15,Møre og Romsdal,63.39795,8.214317,6,Nordmøre og Sør-Trøndelag,
16,2017,12466,Brettingen,medikamentell,fôrbehandling,Emamectin benzoat,,,,hele lokaliteten,1573,SMØLA,15,Møre og Romsdal,63.3582,8.237267,6,Nordmøre og Sør-Trøndelag,
16,2017,31038,Buarøy,ikke-medikamentell,,,,,,deler av lokaliteten,1245,SUND,12,Hordaland,60.220066,5.21455,3,Karmøy til Sotra,
16,2017,12361,Bukkholmen S,ikke-medikamentell,,,,,,deler av lokaliteten,1620,FRØYA,16,Sør-Trøndelag,63.72368,8.8631,6,Nordmøre og Sør-Trøndelag,
16,2017,21415,Dyrholmen,ikke-medikamentell,,,,,,deler av lokaliteten,1141,FINNØY,11,Rogaland,59.285484,5.8583,2,Ryfylke,
16,2017,13711,Dyvika,ikke-medikamentell,,,,,,hele lokaliteten,1428,ASKVOLL,14,Sogn og Fjordane,61.478584,5.375967,4,Nordhordaland til Stadt,
16,2017,25895,Flornes,ikke-medikamentell,,,,,,deler av lokaliteten,1223,TYSNES,12,Hordaland,59.890984,5.665983,3,Karmøy til Sotra,
16,2017,11893,Fosså,rensefisk,,,2221,Rognkjeks (felles),52424,hele lokaliteten,1133,HJELMELAND,11,Rogaland,59.2699,6.14295,2,Ryfylke,
16,2017,19115,Fugløya S,rensefisk,,,222120,Rognkjeks (hun),17611,hele lokaliteten,1613,SNILLFJORD,16,Sør-Trøndelag,63.460682,9.1444,6,Nordmøre og Sør-Trøndelag,
16,2017,24315,Gjæsingen,ikke-medikamentell,,,,,,deler av lokaliteten,1630,ÅFJORD,16,Sør-Trøndelag,64.117615,9.981417,6,Nordmøre og Sør-Trøndelag,
16,2017,31717,Gjerset V,ikke-medikamentell,,,,,,hele lokaliteten,1534,HARAM,15,Møre og Romsdal,62.53023,6.428783,5,Stadt til Hustadvika,
16,2017,16755,Hageberg,ikke-medikamentell,,,,,,hele lokaliteten,1222,FITJAR,12,Hordaland,59.944218,5.434733,3,Karmøy til Sotra,
16,2017,34677,Hestøya,ikke-medikamentell,,,,,,hele lokaliteten,1573,SMØLA,15,Møre og Romsdal,63.3095,8.115567,6,Nordmøre og Sør-Trøndelag,
16,2017,33957,Hofsøya,ikke-medikamentell,,,,,,deler av lokaliteten,1620,FRØYA,16,Sør-Trøndelag,63.722168,8.913317,6,Nordmøre og Sør-Trøndelag,
16,2017,12897,Honnhammarvika,ikke-medikamentell,,,,,,deler av lokaliteten,1560,TINGVOLL,15,Møre og Romsdal,62.863365,8.157583,6,Nordmøre og Sør-Trøndelag,
16,2017,12890,Høybuvika,rensefisk,,,222120,Rognkjeks (hun),6844,deler av lokaliteten,1557,GJEMNES,15,Møre og Romsdal,62.9563,8.049217,6,Nordmøre og Sør-Trøndelag,
16,2017,11405,Innerbrokløysa,medikamentell,fôrbehandling,Emamectin benzoat,,,,hele lokaliteten,1870,SORTLAND,18,Nordland,68.630714,15.483317,9,Vestfjorden og Vesterålen,
16,2017,12224,Isane,medikamentell,badebehandling,Annet virkestoff,,,,hele lokaliteten,1438,BREMANGER,14,Sogn og Fjordane,61.876534,5.722767,4,Nordhordaland til Stadt,
16,2017,14245,Jakobsteinsvika,ikke-medikamentell,,,,,,deler av lokaliteten,1755,LEKA,17,Nord-Trøndelag,65.11265,11.792867,7,Nord-Trøndelag med Bindal,
16,2017,30036,Jørstadskjera,ikke-medikamentell,,,,,,deler av lokaliteten,1141,FINNØY,11,Rogaland,59.296318,5.936933,2,Ryfylke,
16,2017,24455,Klavelandet,medikamentell,badebehandling,Hydrogenperoksid,,,,deler av lokaliteten,1401,FLORA,14,Sogn og Fjordane,61.60395,5.186533,4,Nordhordaland til Stadt,
16,2017,12239,Kråknes,ikke-medikamentell,,,,,,deler av lokaliteten,1547,AUKRA,15,Møre og Romsdal,62.83145,6.962733,5,Stadt til Hustadvika,
16,2017,14040,Krigsholmen,rensefisk,,,2221,Rognkjeks (felles),12014,hele lokaliteten,1244,AUSTEVOLL,12,Hordaland,60.081383,5.124117,3,Karmøy til Sotra,
16,2017,12993,Lamøya,ikke-medikamentell,,,,,,deler av lokaliteten,1620,FRØYA,16,Sør-Trøndelag,63.732586,8.856378,6,Nordmøre og Sør-Trøndelag,
16,2017,13055,Langøyna Ø,medikamentell,badebehandling,Hydrogenperoksid,,,,deler av lokaliteten,1146,TYSVÆR,11,Rogaland,59.2983,5.713333,2,Ryfylke,
16,2017,14039,Litle Lunnøy,rensefisk,,,2221,Rognkjeks (felles),12014,hele lokaliteten,1244,AUSTEVOLL,12,Hordaland,60.02005,5.169533,3,Karmøy til Sotra,
16,2017,28996,Loddetå,rensefisk,,,2221,Rognkjeks (felles),11900,deler av lokaliteten,1216,SVEIO,12,Hordaland,59.691643,5.54298,3,Karmøy til Sotra,
16,2017,33337,Lyngnes,ikke-medikamentell,,,,,,deler av lokaliteten,1241,FUSA,12,Hordaland,60.1197,5.720917,3,Karmøy til Sotra,
16,2017,35477,Makrellskjæret,medikamentell,fôrbehandling,Emamectin benzoat,,,,hele lokaliteten,1749,FLATANGER,17,Nord-Trøndelag,64.54919,10.7341,7,Nord-Trøndelag med Bindal,
16,2017,10078,Mjånes,ikke-medikamentell,,,,,,deler av lokaliteten,1411,GULEN,14,Sogn og Fjordane,60.997734,5.0304,4,Nordhordaland til Stadt,
16,2017,29957,Nakkestad,rensefisk,,,1694,Grøngylt,2500,hele lokaliteten,1032,LYNGDAL,10,Vest-Agder,58.055832,7.06875,1,Svenskegrensen til Jæren,
16,2017,29957,Nakkestad,rensefisk,,,1693,Bergnebb,11000,hele lokaliteten,1032,LYNGDAL,10,Vest-Agder,58.055832,7.06875,1,Svenskegrensen til Jæren,
16,2017,10213,Naustneset,rensefisk,,,222120,Rognkjeks (hun),12089,hele lokaliteten,1557,GJEMNES,15,Møre og Romsdal,62.9424,8.0756,6,Nordmøre og Sør-Trøndelag,
16,2017,11611,Naveide,ikke-medikamentell,,,,,,deler av lokaliteten,1244,AUSTEVOLL,12,Hordaland,60.13907,5.112783,3,Karmøy til Sotra,
16,2017,33937,Nørholmen,medikamentell,badebehandling,Annet virkestoff,,,,deler av lokaliteten,1573,SMØLA,15,Møre og Romsdal,63.338917,8.2718,6,Nordmøre og Sør-Trøndelag,
16,2017,33937,Nørholmen,medikamentell,fôrbehandling,Emamectin benzoat,,,,deler av lokaliteten,1573,SMØLA,15,Møre og Romsdal,63.338917,8.2718,6,Nordmøre og Sør-Trøndelag,
16,2017,28636,Rataren,rensefisk,,,222120,Rognkjeks (hun),17447,deler av lokaliteten,1620,FRØYA,16,Sør-Trøndelag,63.780884,8.517383,6,Nordmøre og Sør-Trøndelag,
16,2017,31959,Rataren II,rensefisk,,,222120,Rognkjeks (hun),43743,hele lokaliteten,1620,FRØYA,16,Sør-Trøndelag,63.782383,8.52635,6,Nordmøre og Sør-Trøndelag,
16,2017,30657,Revøy,rensefisk,,,1693,Bergnebb,16000,hele lokaliteten,1032,LYNGDAL,10,Vest-Agder,58.0243,7.0268,1,Svenskegrensen til Jæren,
16,2017,19855,Segelråa,medikamentell,fôrbehandling,Emamectin benzoat,,,,hele lokaliteten,1576,AURE,15,Møre og Romsdal,63.149746,8.12855,6,Nordmøre og Sør-Trøndelag,
16,2017,12892,Sjølsvik,ikke-medikamentell,,,,,,deler av lokaliteten,1557,GJEMNES,15,Møre og Romsdal,62.9066,8.11095,6,Nordmøre og Sør-Trøndelag,
16,2017,12892,Sjølsvik,rensefisk,,,222120,Rognkjeks (hun),1065,deler av lokaliteten,1557,GJEMNES,15,Møre og Romsdal,62.9066,8.11095,6,Nordmøre og Sør-Trøndelag,
16,2017,11357,Skarvberget,rensefisk,,,222120,Rognkjeks (hun),25000,hele lokaliteten,1927,TRANØY,19,Troms,69.14665,17.010267,10,Andøya til Senja,
16,2017,12048,Skiftesneset N,medikamentell,fôrbehandling,Diflubenzuron,,,,deler av lokaliteten,1241,FUSA,12,Hordaland,60.0711,5.736867,3,Karmøy til Sotra,
16,2017,12048,Skiftesneset N,ikke-medikamentell,,,,,,deler av lokaliteten,1241,FUSA,12,Hordaland,60.0711,5.736867,3,Karmøy til Sotra,
16,2017,30117,Skognes,medikamentell,badebehandling,Azamethiphos,,,,hele lokaliteten,1941,SKJERVØY,19,Troms,69.96132,20.978268,11,Kvaløya til Loppa,
16,2017,12108,Skorpo Nv,rensefisk,,,222120,Rognkjeks (hun),13567,deler av lokaliteten,1224,KVINNHERAD,12,Hordaland,59.95323,5.827133,3,Karmøy til Sotra,
16,2017,18657,Skredstivik,ikke-medikamentell,,,,,,deler av lokaliteten,1413,HYLLESTAD,14,Sogn og Fjordane,61.1567,5.133983,4,Nordhordaland til Stadt,
16,2017,28096,Slåttenes,medikamentell,badebehandling,Annet virkestoff,,,,deler av lokaliteten,1224,KVINNHERAD,12,Hordaland,59.83222,5.984267,3,Karmøy til Sotra,
16,2017,20815,Slettvika,ikke-medikamentell,,,,,,hele lokaliteten,1520,ØRSTA,15,Møre og Romsdal,62.334,6.157667,5,Stadt til Hustadvika,
16,2017,11971,Store Teistholmen Ø,ikke-medikamentell,,,,,,deler av lokaliteten,1102,SANDNES,11,Rogaland,58.97685,5.867383,2,Ryfylke,
16,2017,31338,Storskjeret,ikke-medikamentell,,,,,,deler av lokaliteten,1576,AURE,15,Møre og Romsdal,63.26985,8.228283,6,Nordmøre og Sør-Trøndelag,
16,2017,11813,Svinøy V,medikamentell,fôrbehandling,Emamectin benzoat,,,,hele lokaliteten,1429,FJALER,14,Sogn og Fjordane,61.303116,5.101167,4,Nordhordaland til Stadt,
16,2017,13057,Teigland I,medikamentell,fôrbehandling,Emamectin benzoat,,,,deler av lokaliteten,1238,KVAM,12,Hordaland,60.17935,5.959917,3,Karmøy til Sotra,
16,2017,17575,Tollaksholmen,ikke-medikamentell,,,,,,hele lokaliteten,1145,BOKN,11,Rogaland,59.2522,5.390517,2,Ryfylke,
16,2017,10332,Trommo,ikke-medikamentell,,,,,,deler av lokaliteten,1224,KVINNHERAD,12,Hordaland,60.08243,6.080067,3,Karmøy til Sotra,
16,2017,27315,Vikane 1,ikke-medikamentell,,,,,,deler av lokaliteten,1227,JONDAL,12,Hordaland,60.26125,6.225083,3,Karmøy til Sotra,
15,2017,15796,Borgarliflot,medikamentell,badebehandling,Hydrogenperoksid,,,,deler av lokaliteten,1134,SULDAL,11,Rogaland,59.3892,5.924733,2,Ryfylke,
15,2017,10223,Bremnessvaet,rensefisk,,,2221,Rognkjeks (felles),41637,deler av lokaliteten,1573,SMØLA,15,Møre og Romsdal,63.39795,8.214317,6,Nordmøre og Sør-Trøndelag,
15,2017,34197,Brennholmen,rensefisk,,,2221,Rognkjeks (felles),20000,deler av lokaliteten,1818,HERØY I NORDLAND,18,Nordland,65.978714,12.16355,8,Helgeland til Bodø,
15,2017,12466,Brettingen,rensefisk,,,2221,Rognkjeks (felles),47433,hele lokaliteten,1573,SMØLA,15,Møre og Romsdal,63.3582,8.237267,6,Nordmøre og Sør-Trøndelag,
15,2017,14799,Djupestallen,ikke-medikamentell,,,,,,deler av lokaliteten,1223,TYSNES,12,Hordaland,60.058735,5.453,3,Karmøy til Sotra,
15,2017,31437,Fuglåsen,ikke-medikamentell,,,,,,deler av lokaliteten,1573,SMØLA,15,Møre og Romsdal,63.44715,8.167767,6,Nordmøre og Sør-Trøndelag,
15,2017,24315,Gjæsingen,ikke-medikamentell,,,,,,deler av lokaliteten,1630,ÅFJORD,16,Sør-Trøndelag,64.117615,9.981417,6,Nordmøre og Sør-Trøndelag,
15,2017,13852,Gjermundnes,medikamentell,fôrbehandling,Emamectin benzoat,,,,hele lokaliteten,1535,VESTNES,15,Møre og Romsdal,62.6275,7.192817,5,Stadt til Hustadvika,
15,2017,13852,Gjermundnes,medikamentell,fôrbehandling,Emamectin benzoat,,,,hele lokaliteten,1535,VESTNES,15,Møre og Romsdal,62.6275,7.192817,5,Stadt til Hustadvika,
15,2017,11657,Gråvika,ikke-medikamentell,,,,,,hele lokaliteten,1411,GULEN,14,Sogn og Fjordane,60.861782,4.934883,4,Nordhordaland til Stadt,
15,2017,11559,Grimsholmen,rensefisk,,,222120,Rognkjeks (hun),6098,deler av lokaliteten,1216,SVEIO,12,Hordaland,59.65735,5.404167,3,Karmøy til Sotra,
15,2017,11771,Grisholmsundet,ikke-medikamentell,,,,,,deler av lokaliteten,1265,FEDJE,12,Hordaland,60.792717,4.693633,4,Nordhordaland til Stadt,
15,2017,31577,Haneholmen,medikamentell,badebehandling,Azamethiphos,,,,deler av lokaliteten,1445,GLOPPEN,14,Sogn og Fjordane,61.84045,6.10055,4,Nordhordaland til Stadt,
15,2017,14136,Hestholmen Ø,ikke-medikamentell,,,,,,deler av lokaliteten,1144,KVITSØY,11,Rogaland,59.061516,5.445683,2,Ryfylke,
15,2017,12897,Honnhammarvika,ikke-medikamentell,,,,,,deler av lokaliteten,1560,TINGVOLL,15,Møre og Romsdal,62.863365,8.157583,6,Nordmøre og Sør-Trøndelag,
15,2017,11405,Innerbrokløysa,medikamentell,fôrbehandling,Emamectin benzoat,,,,hele lokaliteten,1870,SORTLAND,18,Nordland,68.630714,15.483317,9,Vestfjorden og Vesterålen,
15,2017,11652,Kjeppevikholmen,ikke-medikamentell,,,,,,hele lokaliteten,1256,MELAND,12,Hordaland,60.54283,5.0378,4,Nordhordaland til Stadt,
15,2017,11112,Kjerkvika,medikamentell,fôrbehandling,Emamectin benzoat,,,,hele lokaliteten,1838,GILDESKÅL,18,Nordland,67.107864,14.268983,8,Helgeland til Bodø,
15,2017,24455,Klavelandet,ikke-medikamentell,,,,,,deler av lokaliteten,1401,FLORA,14,Sogn og Fjordane,61.60395,5.186533,4,Nordhordaland til Stadt,
15,2017,11575,Koløy N,ikke-medikamentell,,,,,,hele lokaliteten,1222,FITJAR,12,Hordaland,59.8616,5.288267,3,Karmøy til Sotra,
15,2017,11633,Krossholmen,rensefisk,,,2221,Rognkjeks (felles),11560,deler av lokaliteten,1219,BØMLO,12,Hordaland,59.7879,5.100533,3,Karmøy til Sotra,
15,2017,13831,Kvamme,ikke-medikamentell,,,,,,deler av lokaliteten,1253,OSTERØY,12,Hordaland,60.518333,5.3811,4,Nordhordaland til Stadt,
15,2017,10080,Laksevika,ikke-medikamentell,,,,,,hele lokaliteten,1256,MELAND,12,Hordaland,60.53015,5.11575,4,Nordhordaland til Stadt,
15,2017,13055,Langøyna Ø,medikamentell,badebehandling,Hydrogenperoksid,,,,deler av lokaliteten,1146,TYSVÆR,11,Rogaland,59.2983,5.713333,2,Ryfylke,
15,2017,20559,Langskjæra,rensefisk,,,222120,Rognkjeks (hun),23913,hele lokaliteten,1620,FRØYA,16,Sør-Trøndelag,63.8225,8.75505,6,Nordmøre og Sør-Trøndelag,
15,2017,13550,Marøy Nø,ikke-medikamentell,,,,,,hele lokaliteten,1438,BREMANGER,14,Sogn og Fjordane,61.847935,5.295383,4,Nordhordaland til Stadt,
15,2017,29957,Nakkestad,rensefisk,,,1694,Grøngylt,2500,hele lokaliteten,1032,LYNGDAL,10,Vest-Agder,58.055832,7.06875,1,Svenskegrensen til Jæren,
15,2017,29957,Nakkestad,rensefisk,,,1693,Bergnebb,11000,hele lokaliteten,1032,LYNGDAL,10,Vest-Agder,58.055832,7.06875,1,Svenskegrensen til Jæren,
15,2017,24937,Nebbo,ikke-medikamentell,,,,,,deler av lokaliteten,1224,KVINNHERAD,12,Hordaland,59.87075,5.725017,3,Karmøy til Sotra,
15,2017,10136,Onarøy,ikke-medikamentell,,,,,,deler av lokaliteten,1223,TYSNES,12,Hordaland,59.95335,5.669683,3,Karmøy til Sotra,
15,2017,29116,Reiråklakken,ikke-medikamentell,,,,,,deler av lokaliteten,1573,SMØLA,15,Møre og Romsdal,63.450333,8.167717,6,Nordmøre og Sør-Trøndelag,
15,2017,30657,Revøy,rensefisk,,,1693,Bergnebb,16000,hele lokaliteten,1032,LYNGDAL,10,Vest-Agder,58.0243,7.0268,1,Svenskegrensen til Jæren,
15,2017,12003,Rossholmen N,medikamentell,badebehandling,Hydrogenperoksid,,,,deler av lokaliteten,1142,RENNESØY,11,Rogaland,59.06428,5.722617,2,Ryfylke,
15,2017,12019,Saltkjelen II,ikke-medikamentell,,,,,,deler av lokaliteten,1227,JONDAL,12,Hordaland,60.248016,6.2014,3,Karmøy til Sotra,
15,2017,19855,Segelråa,medikamentell,fôrbehandling,Emamectin benzoat,,,,hele lokaliteten,1576,AURE,15,Møre og Romsdal,63.149746,8.12855,6,Nordmøre og Sør-Trøndelag,
15,2017,10398,Seiskjæra,ikke-medikamentell,,,,,,deler av lokaliteten,1630,ÅFJORD,16,Sør-Trøndelag,64.09225,10.115983,6,Nordmøre og Sør-Trøndelag,
15,2017,10216,Skåren,medikamentell,fôrbehandling,Emamectin benzoat,,,,deler av lokaliteten,1571,HALSA,15,Møre og Romsdal,63.076733,8.19315,6,Nordmøre og Sør-Trøndelag,
15,2017,12108,Skorpo Nv,rensefisk,,,222120,Rognkjeks (hun),52199,deler av lokaliteten,1224,KVINNHERAD,12,Hordaland,59.95323,5.827133,3,Karmøy til Sotra,
15,2017,31338,Storskjeret,ikke-medikamentell,,,,,,deler av lokaliteten,1576,AURE,15,Møre og Romsdal,63.26985,8.228283,6,Nordmøre og Sør-Trøndelag,
15,2017,12074,Svåsandneset,ikke-medikamentell,,,,,,deler av lokaliteten,1227,JONDAL,12,Hordaland,60.32422,6.318983,3,Karmøy til Sotra,
15,2017,11813,Svinøy V,medikamentell,fôrbehandling,Emamectin benzoat,,,,hele lokaliteten,1429,FJALER,14,Sogn og Fjordane,61.303116,5.101167,4,Nordhordaland til Stadt,
15,2017,35517,Vadholmen,rensefisk,,,2221,Rognkjeks (felles),45000,deler av lokaliteten,1259,ØYGARDEN,12,Hordaland,60.695,4.761117,4,Nordhordaland til Stadt,
15,2017,35657,Varden,medikamentell,badebehandling,Annet virkestoff,,,,hele lokaliteten,1617,HITRA,16,Sør-Trøndelag,63.635715,9.186467,6,Nordmøre og Sør-Trøndelag,
15,2017,35657,Varden,ikke-medikamentell,,,,,,deler av lokaliteten,1617,HITRA,16,Sør-Trøndelag,63.635715,9.186467,6,Nordmøre og Sør-Trøndelag,
15,2017,27315,Vikane 1,ikke-medikamentell,,,,,,deler av lokaliteten,1227,JONDAL,12,Hordaland,60.26125,6.225083,3,Karmøy til Sotra,
14,2017,12988,Aukrasanden,ikke-medikamentell,,,,,,deler av lokaliteten,1547,AUKRA,15,Møre og Romsdal,62.783417,6.92605,5,Stadt til Hustadvika,
14,2017,11800,Austneståa,ikke-medikamentell,,,,,,hele lokaliteten,1401,FLORA,14,Sogn og Fjordane,61.490818,5.171167,4,Nordhordaland til Stadt,
14,2017,10212,Bogen,medikamentell,fôrbehandling,Emamectin benzoat,,,,hele lokaliteten,1505,KRISTIANSUND,15,Møre og Romsdal,63.077667,7.90345,6,Nordmøre og Sør-Trøndelag,
14,2017,15796,Borgarliflot,medikamentell,badebehandling,Hydrogenperoksid,,,,deler av lokaliteten,1134,SULDAL,11,Rogaland,59.3892,5.924733,2,Ryfylke,
14,2017,12237,Brudevika,rensefisk,,,2221,Rognkjeks (felles),7996,hele lokaliteten,1511,VANYLVEN,15,Møre og Romsdal,62.116566,5.420717,5,Stadt til Hustadvika,
14,2017,31038,Buarøy,ikke-medikamentell,,,,,,deler av lokaliteten,1245,SUND,12,Hordaland,60.220066,5.21455,3,Karmøy til Sotra,
14,2017,11543,Buholmen,ikke-medikamentell,,,,,,deler av lokaliteten,1244,AUSTEVOLL,12,Hordaland,60.020916,5.081517,3,Karmøy til Sotra,
14,2017,11543,Buholmen,rensefisk,,,222120,Rognkjeks (hun),15016,deler av lokaliteten,1244,AUSTEVOLL,12,Hordaland,60.020916,5.081517,3,Karmøy til Sotra,
14,2017,14799,Djupestallen,ikke-medikamentell,,,,,,deler av lokaliteten,1223,TYSNES,12,Hordaland,60.058735,5.453,3,Karmøy til Sotra,
14,2017,10110,Djupevik,ikke-medikamentell,,,,,,deler av lokaliteten,1141,FINNØY,11,Rogaland,59.1474,5.863783,2,Ryfylke,
14,2017,32117,Dyrholmen Ø,ikke-medikamentell,,,,,,hele lokaliteten,1222,FITJAR,12,Hordaland,59.9332,5.239467,3,Karmøy til Sotra,
14,2017,10229,Fætten,ikke-medikamentell,,,,,,deler av lokaliteten,1571,HALSA,15,Møre og Romsdal,63.144585,8.459567,6,Nordmøre og Sør-Trøndelag,
14,2017,29876,Flotaren,rensefisk,,,222120,Rognkjeks (hun),31561,hele lokaliteten,1749,FLATANGER,17,Nord-Trøndelag,64.52398,10.761667,7,Nord-Trøndelag med Bindal,
14,2017,13852,Gjermundnes,medikamentell,fôrbehandling,Emamectin benzoat,,,,hele lokaliteten,1535,VESTNES,15,Møre og Romsdal,62.6275,7.192817,5,Stadt til Hustadvika,
14,2017,13852,Gjermundnes,medikamentell,fôrbehandling,Emamectin benzoat,,,,hele lokaliteten,1535,VESTNES,15,Møre og Romsdal,62.6275,7.192817,5,Stadt til Hustadvika,
14,2017,24735,Gulholmen,ikke-medikamentell,,,,,,deler av lokaliteten,1243,OS I HORDALAND,12,Hordaland,60.1282,5.400467,3,Karmøy til Sotra,
14,2017,18639,Halsavika,ikke-medikamentell,,,,,,deler av lokaliteten,1146,TYSVÆR,11,Rogaland,59.39232,5.883333,2,Ryfylke,
14,2017,14136,Hestholmen Ø,ikke-medikamentell,,,,,,deler av lokaliteten,1144,KVITSØY,11,Rogaland,59.061516,5.445683,2,Ryfylke,
14,2017,13242,Juvika B,rensefisk,,,2221,Rognkjeks (felles),10637,deler av lokaliteten,1438,BREMANGER,14,Sogn og Fjordane,61.895683,5.6331,4,Nordhordaland til Stadt,
14,2017,14042,Kattholmen,rensefisk,,,222120,Rognkjeks (hun),12576,deler av lokaliteten,1620,FRØYA,16,Sør-Trøndelag,63.870968,8.679017,6,Nordmøre og Sør-Trøndelag,
14,2017,11913,Kjeahola,rensefisk,,,2221,Rognkjeks (felles),41111,deler av lokaliteten,1141,FINNØY,11,Rogaland,59.2933,6.0729,2,Ryfylke,
14,2017,12855,Kornstad,rensefisk,,,2221,Rognkjeks (felles),30560,deler av lokaliteten,1554,AVERØY,15,Møre og Romsdal,62.960384,7.45015,6,Nordmøre og Sør-Trøndelag,
14,2017,21676,Kråkholmen,rensefisk,,,2221,Rognkjeks (felles),16451,deler av lokaliteten,1749,FLATANGER,17,Nord-Trøndelag,64.60212,10.85345,7,Nord-Trøndelag med Bindal,
14,2017,12239,Kråknes,ikke-medikamentell,,,,,,deler av lokaliteten,1547,AUKRA,15,Møre og Romsdal,62.83145,6.962733,5,Stadt til Hustadvika,
14,2017,19356,Kvalrosskjæret,rensefisk,,,2221,Rognkjeks (felles),8770,deler av lokaliteten,1749,FLATANGER,17,Nord-Trøndelag,64.53883,10.87705,7,Nord-Trøndelag med Bindal,
14,2017,20595,Kyrholmen S,rensefisk,,,222120,Rognkjeks (hun),2859,deler av lokaliteten,1244,AUSTEVOLL,12,Hordaland,60.161583,5.207633,3,Karmøy til Sotra,
14,2017,10080,Laksevika,ikke-medikamentell,,,,,,deler av lokaliteten,1256,MELAND,12,Hordaland,60.53015,5.11575,4,Nordhordaland til Stadt,
14,2017,11116,Langholmen,ikke-medikamentell,,,,,,deler av lokaliteten,1838,GILDESKÅL,18,Nordland,67.05783,14.025333,8,Helgeland til Bodø,
14,2017,12870,Leite,rensefisk,,,2221,Rognkjeks (felles),45400,hele lokaliteten,1554,AVERØY,15,Møre og Romsdal,63.035984,7.678117,6,Nordmøre og Sør-Trøndelag,
14,2017,12633,Lyrnesset,rensefisk,,,222120,Rognkjeks (hun),28337,hele lokaliteten,1749,FLATANGER,17,Nord-Trøndelag,64.5256,10.748133,7,Nord-Trøndelag med Bindal,
14,2017,35477,Makrellskjæret,rensefisk,,,222120,Rognkjeks (hun),28022,hele lokaliteten,1749,FLATANGER,17,Nord-Trøndelag,64.54919,10.7341,7,Nord-Trøndelag med Bindal,
14,2017,32977,Måren,ikke-medikamentell,,,,,,deler av lokaliteten,1416,HØYANGER,14,Sogn og Fjordane,61.152668,6.1167,4,Nordhordaland til Stadt,
14,2017,13541,Midtflua,ikke-medikamentell,,,,,,deler av lokaliteten,1223,TYSNES,12,Hordaland,60.076267,5.466533,3,Karmøy til Sotra,
14,2017,14495,Nordeimsøyna,medikamentell,badebehandling,Hydrogenperoksid,,,,hele lokaliteten,1141,FINNØY,11,Rogaland,59.28695,5.812483,2,Ryfylke,
14,2017,30559,Øksneset,ikke-medikamentell,,,,,,hele lokaliteten,1264,AUSTRHEIM,12,Hordaland,60.81255,4.862317,4,Nordhordaland til Stadt,
14,2017,10136,Onarøy,ikke-medikamentell,,,,,,deler av lokaliteten,1223,TYSNES,12,Hordaland,59.95335,5.669683,3,Karmøy til Sotra,
14,2017,24696,Ørnøya II,rensefisk,,,222120,Rognkjeks (hun),40911,hele lokaliteten,1620,FRØYA,16,Sør-Trøndelag,63.758484,8.450367,6,Nordmøre og Sør-Trøndelag,
14,2017,19655,Ospeneset,ikke-medikamentell,,,,,,hele lokaliteten,1263,LINDÅS,12,Hordaland,60.74618,5.2701,4,Nordhordaland til Stadt,
14,2017,13554,Overåneset,ikke-medikamentell,,,,,,hele lokaliteten,1525,STRANDA,15,Møre og Romsdal,62.296516,7.123917,5,Stadt til Hustadvika,
14,2017,11854,Pinnen,rensefisk,,,2221,Rognkjeks (felles),40929,hele lokaliteten,1004,FLEKKEFJORD,10,Vest-Agder,58.225533,6.682717,1,Svenskegrensen til Jæren,
14,2017,29896,Renndalen,medikamentell,fôrbehandling,Emamectin benzoat,,,,hele lokaliteten,1571,HALSA,15,Møre og Romsdal,63.176167,8.616817,6,Nordmøre og Sør-Trøndelag,
14,2017,31677,Sandholmane,rensefisk,,,2221,Rognkjeks (felles),32882,deler av lokaliteten,1546,SANDØY,15,Møre og Romsdal,62.796284,6.669933,5,Stadt til Hustadvika,
14,2017,13706,Seljeset,ikke-medikamentell,,,,,,hele lokaliteten,1401,FLORA,14,Sogn og Fjordane,61.580868,5.243233,4,Nordhordaland til Stadt,
14,2017,12244,Setevika,ikke-medikamentell,,,,,,hele lokaliteten,1545,MIDSUND,15,Møre og Romsdal,62.728065,6.939283,5,Stadt til Hustadvika,
14,2017,33017,Setevika N,ikke-medikamentell,,,,,,hele lokaliteten,1545,MIDSUND,15,Møre og Romsdal,62.73835,6.937667,5,Stadt til Hustadvika,
14,2017,10216,Skåren,medikamentell,fôrbehandling,Emamectin benzoat,,,,deler av lokaliteten,1571,HALSA,15,Møre og Romsdal,63.076733,8.19315,6,Nordmøre og Sør-Trøndelag,
14,2017,21795,Skarvhausen,medikamentell,fôrbehandling,Emamectin benzoat,,,,hele lokaliteten,1851,LØDINGEN,18,Nordland,68.339714,15.38435,9,Vestfjorden og Vesterålen,
14,2017,20115,Skjerholmen N,ikke-medikamentell,,,,,,deler av lokaliteten,1245,SUND,12,Hordaland,60.2496,5.174017,3,Karmøy til Sotra,
14,2017,32877,Skorpo,ikke-medikamentell,,,,,,deler av lokaliteten,1243,OS I HORDALAND,12,Hordaland,60.173317,5.293683,3,Karmøy til Sotra,
14,2017,18657,Skredstivik,ikke-medikamentell,,,,,,deler av lokaliteten,1413,HYLLESTAD,14,Sogn og Fjordane,61.1567,5.133983,4,Nordhordaland til Stadt,
14,2017,31117,Skrubbo,ikke-medikamentell,,,,,,deler av lokaliteten,1241,FUSA,12,Hordaland,60.15632,5.713217,3,Karmøy til Sotra,
14,2017,14676,Slapøya N,rensefisk,,,2221,Rognkjeks (felles),18000,deler av lokaliteten,1827,DØNNA,18,Nordland,66.15808,12.38975,8,Helgeland til Bodø,
14,2017,26155,Slåttholmen,rensefisk,,,222120,Rognkjeks (hun),14746,deler av lokaliteten,1612,HEMNE,16,Sør-Trøndelag,63.44779,8.958173,6,Nordmøre og Sør-Trøndelag,
14,2017,13032,Sølvøyane,ikke-medikamentell,,,,,,deler av lokaliteten,1219,BØMLO,12,Hordaland,59.609516,5.133367,3,Karmøy til Sotra,
14,2017,31338,Storskjeret,ikke-medikamentell,,,,,,deler av lokaliteten,1576,AURE,15,Møre og Romsdal,63.26985,8.228283,6,Nordmøre og Sør-Trøndelag,
14,2017,10582,Tarmevikodden,rensefisk,,,2221,Rognkjeks (felles),41344,hele lokaliteten,1004,FLEKKEFJORD,10,Vest-Agder,58.21977,6.685633,1,Svenskegrensen til Jæren,
14,2017,35657,Varden,ikke-medikamentell,,,,,,deler av lokaliteten,1617,HITRA,16,Sør-Trøndelag,63.635715,9.186467,6,Nordmøre og Sør-Trøndelag,
14,2017,32337,Veiesund,ikke-medikamentell,,,,,,hele lokaliteten,1401,FLORA,14,Sogn og Fjordane,61.572067,5.0466,4,Nordhordaland til Stadt,
14,2017,12885,Vikageilen,medikamentell,fôrbehandling,Emamectin benzoat,,,,hele lokaliteten,1505,KRISTIANSUND,15,Møre og Romsdal,63.075783,7.906067,6,Nordmøre og Sør-Trøndelag,
14,2017,17495,Vullum,medikamentell,fôrbehandling,Emamectin benzoat,,,,deler av lokaliteten,1571,HALSA,15,Møre og Romsdal,63.04895,8.21635,6,Nordmøre og Sør-Trøndelag,
13,2017,12988,Aukrasanden,ikke-medikamentell,,,,,,deler av lokaliteten,1547,AUKRA,15,Møre og Romsdal,62.783417,6.92605,5,Stadt til Hustadvika,
13,2017,10212,Bogen,medikamentell,fôrbehandling,Emamectin benzoat,,,,hele lokaliteten,1505,KRISTIANSUND,15,Møre og Romsdal,63.077667,7.90345,6,Nordmøre og Sør-Trøndelag,
13,2017,10212,Bogen,rensefisk,,,222120,Rognkjeks (hun),14607,hele lokaliteten,1505,KRISTIANSUND,15,Møre og Romsdal,63.077667,7.90345,6,Nordmøre og Sør-Trøndelag,
13,2017,31038,Buarøy,rensefisk,,,222120,Rognkjeks (hun),31235,hele lokaliteten,1245,SUND,12,Hordaland,60.220066,5.21455,3,Karmøy til Sotra,
13,2017,11543,Buholmen,rensefisk,,,222120,Rognkjeks (hun),16588,deler av lokaliteten,1244,AUSTEVOLL,12,Hordaland,60.020916,5.081517,3,Karmøy til Sotra,
13,2017,12361,Bukkholmen S,ikke-medikamentell,,,,,,deler av lokaliteten,1620,FRØYA,16,Sør-Trøndelag,63.72368,8.8631,6,Nordmøre og Sør-Trøndelag,
13,2017,21336,Djupeleget,ikke-medikamentell,,,,,,hele lokaliteten,1416,HØYANGER,14,Sogn og Fjordane,61.16942,5.807467,4,Nordhordaland til Stadt,
13,2017,14799,Djupestallen,ikke-medikamentell,,,,,,deler av lokaliteten,1223,TYSNES,12,Hordaland,60.058735,5.453,3,Karmøy til Sotra,
13,2017,10110,Djupevik,ikke-medikamentell,,,,,,deler av lokaliteten,1141,FINNØY,11,Rogaland,59.1474,5.863783,2,Ryfylke,
13,2017,30097,Djupvik,rensefisk,,,2221,Rognkjeks (felles),47527,deler av lokaliteten,1836,RØDØY,18,Nordland,66.73299,13.33115,8,Helgeland til Bodø,
13,2017,12236,Endal Ø,ikke-medikamentell,,,,,,hele lokaliteten,1438,BREMANGER,14,Sogn og Fjordane,61.9076,5.493317,4,Nordhordaland til Stadt,
13,2017,10229,Fætten,medikamentell,fôrbehandling,Emamectin benzoat,,,,deler av lokaliteten,1571,HALSA,15,Møre og Romsdal,63.144585,8.459567,6,Nordmøre og Sør-Trøndelag,
13,2017,10229,Fætten,rensefisk,,,222120,Rognkjeks (hun),12944,deler av lokaliteten,1571,HALSA,15,Møre og Romsdal,63.144585,8.459567,6,Nordmøre og Sør-Trøndelag,
13,2017,30257,Hausan,rensefisk,,,222120,Rognkjeks (hun),18692,deler av lokaliteten,1612,HEMNE,16,Sør-Trøndelag,63.45838,8.955683,6,Nordmøre og Sør-Trøndelag,
13,2017,24035,Håvikvågen S,ikke-medikamentell,,,,,,deler av lokaliteten,1241,FUSA,12,Hordaland,60.169834,5.69645,3,Karmøy til Sotra,
13,2017,10194,Hellaren,ikke-medikamentell,,,,,,hele lokaliteten,1545,MIDSUND,15,Møre og Romsdal,62.735832,6.74745,5,Stadt til Hustadvika,
13,2017,11920,Herøy,ikke-medikamentell,,,,,,deler av lokaliteten,1160,VINDAFJORD,11,Rogaland,59.4664,6.0262,2,Ryfylke,
13,2017,18015,Hestabyneset,ikke-medikamentell,,,,,,deler av lokaliteten,1223,TYSNES,12,Hordaland,59.954018,5.451667,3,Karmøy til Sotra,
13,2017,18015,Hestabyneset,rensefisk,,,222120,Rognkjeks (hun),13756,deler av lokaliteten,1223,TYSNES,12,Hordaland,59.954018,5.451667,3,Karmøy til Sotra,
13,2017,32757,Horgefjorden,medikamentell,fôrbehandling,Emamectin benzoat,,,,deler av lokaliteten,1244,AUSTEVOLL,12,Hordaland,60.100834,5.117067,3,Karmøy til Sotra,
13,2017,14042,Kattholmen,rensefisk,,,222120,Rognkjeks (hun),11142,deler av lokaliteten,1620,FRØYA,16,Sør-Trøndelag,63.870968,8.679017,6,Nordmøre og Sør-Trøndelag,
13,2017,13339,Klungervikneset,ikke-medikamentell,,,,,,hele lokaliteten,1219,BØMLO,12,Hordaland,59.74668,5.3424,3,Karmøy til Sotra,
13,2017,18217,Kvaløy Ø,ikke-medikamentell,,,,,,deler av lokaliteten,1149,KARMØY,11,Rogaland,59.396633,5.171083,3,Karmøy til Sotra,
13,2017,13831,Kvamme,ikke-medikamentell,,,,,,deler av lokaliteten,1253,OSTERØY,12,Hordaland,60.518333,5.3811,4,Nordhordaland til Stadt,
13,2017,11803,Kyravika,ikke-medikamentell,,,,,,deler av lokaliteten,1429,FJALER,14,Sogn og Fjordane,61.316433,5.1563,4,Nordhordaland til Stadt,
13,2017,20595,Kyrholmen S,rensefisk,,,222120,Rognkjeks (hun),19420,deler av lokaliteten,1244,AUSTEVOLL,12,Hordaland,60.161583,5.207633,3,Karmøy til Sotra,
13,2017,12993,Lamøya,ikke-medikamentell,,,,,,deler av lokaliteten,1620,FRØYA,16,Sør-Trøndelag,63.732586,8.856378,6,Nordmøre og Sør-Trøndelag,
13,2017,11116,Langholmen,rensefisk,,,2221,Rognkjeks (felles),100,deler av lokaliteten,1838,GILDESKÅL,18,Nordland,67.05783,14.025333,8,Helgeland til Bodø,
13,2017,13541,Midtflua,ikke-medikamentell,,,,,,deler av lokaliteten,1223,TYSNES,12,Hordaland,60.076267,5.466533,3,Karmøy til Sotra,
13,2017,12394,Ørnøya,rensefisk,,,222120,Rognkjeks (hun),34977,hele lokaliteten,1620,FRØYA,16,Sør-Trøndelag,63.761868,8.445183,6,Nordmøre og Sør-Trøndelag,
13,2017,28636,Rataren,rensefisk,,,222120,Rognkjeks (hun),11177,deler av lokaliteten,1620,FRØYA,16,Sør-Trøndelag,63.780884,8.517383,6,Nordmøre og Sør-Trøndelag,
13,2017,29896,Renndalen,medikamentell,fôrbehandling,Emamectin benzoat,,,,hele lokaliteten,1571,HALSA,15,Møre og Romsdal,63.176167,8.616817,6,Nordmøre og Sør-Trøndelag,
13,2017,30657,Revøy,rensefisk,,,1693,Bergnebb,16000,hele lokaliteten,1032,LYNGDAL,10,Vest-Agder,58.0243,7.0268,1,Svenskegrensen til Jæren,
13,2017,29276,Rongøy,rensefisk,,,222120,Rognkjeks (hun),23582,deler av lokaliteten,1259,ØYGARDEN,12,Hordaland,60.509335,4.9317,4,Nordhordaland til Stadt,
13,2017,12794,Rundklumpen,rensefisk,,,2221,Rognkjeks (felles),2018,deler av lokaliteten,1627,BJUGN,16,Sør-Trøndelag,63.8012,9.607983,6,Nordmøre og Sør-Trøndelag,
13,2017,11758,Sauøy Ø,rensefisk,,,222120,Rognkjeks (hun),38448,hele lokaliteten,1259,ØYGARDEN,12,Hordaland,60.592335,4.857833,4,Nordhordaland til Stadt,
13,2017,19855,Segelråa,rensefisk,,,222120,Rognkjeks (hun),6800,hele lokaliteten,1576,AURE,15,Møre og Romsdal,63.149746,8.12855,6,Nordmøre og Sør-Trøndelag,
13,2017,11138,Skålsvika,rensefisk,,,2221,Rognkjeks (felles),9870,deler av lokaliteten,1837,MELØY,18,Nordland,66.7146,13.561517,8,Helgeland til Bodø,
13,2017,10216,Skåren,medikamentell,fôrbehandling,Emamectin benzoat,,,,deler av lokaliteten,1571,HALSA,15,Møre og Romsdal,63.076733,8.19315,6,Nordmøre og Sør-Trøndelag,
13,2017,21795,Skarvhausen,medikamentell,fôrbehandling,Emamectin benzoat,,,,hele lokaliteten,1851,LØDINGEN,18,Nordland,68.339714,15.38435,9,Vestfjorden og Vesterålen,
13,2017,34117,Skåtholmen,ikke-medikamentell,,,,,,deler av lokaliteten,1241,FUSA,12,Hordaland,60.17177,5.563633,3,Karmøy til Sotra,
13,2017,31117,Skrubbo,medikamentell,badebehandling,Annet virkestoff,,,,deler av lokaliteten,1241,FUSA,12,Hordaland,60.15632,5.713217,3,Karmøy til Sotra,
13,2017,31117,Skrubbo,ikke-medikamentell,,,,,,deler av lokaliteten,1241,FUSA,12,Hordaland,60.15632,5.713217,3,Karmøy til Sotra,
13,2017,26155,Slåttholmen,rensefisk,,,222120,Rognkjeks (hun),18137,hele lokaliteten,1612,HEMNE,16,Sør-Trøndelag,63.44779,8.958173,6,Nordmøre og Sør-Trøndelag,
13,2017,11700,Storeneset,ikke-medikamentell,,,,,,hele lokaliteten,1411,GULEN,14,Sogn og Fjordane,60.8763,5.02805,4,Nordhordaland til Stadt,
13,2017,20776,Storoksen,rensefisk,,,222120,Rognkjeks (hun),11912,deler av lokaliteten,1247,ASKØY,12,Hordaland,60.530884,4.97325,4,Nordhordaland til Stadt,
13,2017,13125,Storvika,medikamentell,badebehandling,Hydrogenperoksid,,,,deler av lokaliteten,1837,MELØY,18,Nordland,66.80855,13.242333,8,Helgeland til Bodø,
13,2017,25855,Tussøya,medikamentell,badebehandling,Azamethiphos,,,,deler av lokaliteten,1902,TROMSØ,19,Troms,69.66272,18.17765,11,Kvaløya til Loppa,
13,2017,25855,Tussøya,medikamentell,badebehandling,Cypermethrin,,,,deler av lokaliteten,1902,TROMSØ,19,Troms,69.66272,18.17765,11,Kvaløya til Loppa,
13,2017,12885,Vikageilen,medikamentell,fôrbehandling,Emamectin benzoat,,,,hele lokaliteten,1505,KRISTIANSUND,15,Møre og Romsdal,63.075783,7.906067,6,Nordmøre og Sør-Trøndelag,
13,2017,12885,Vikageilen,rensefisk,,,222120,Rognkjeks (hun),3163,hele lokaliteten,1505,KRISTIANSUND,15,Møre og Romsdal,63.075783,7.906067,6,Nordmøre og Sør-Trøndelag,
13,2017,12839,Vindsnes,ikke-medikamentell,,,,,,hele lokaliteten,1524,NORDDAL,15,Møre og Romsdal,62.28505,7.279633,5,Stadt til Hustadvika,
13,2017,13246,Voldnes,rensefisk,,,2221,Rognkjeks (felles),24748,deler av lokaliteten,1515,HERØY I MØRE OG ROMSDAL,15,Møre og Romsdal,62.2097,5.7849,5,Stadt til Hustadvika,
13,2017,17495,Vullum,medikamentell,fôrbehandling,Emamectin benzoat,,,,deler av lokaliteten,1571,HALSA,15,Møre og Romsdal,63.04895,8.21635,6,Nordmøre og Sør-Trøndelag,
12,2017,25055,Bekksneset,ikke-medikamentell,,,,,,hele lokaliteten,1413,HYLLESTAD,14,Sogn og Fjordane,61.07662,5.38595,4,Nordhordaland til Stadt,
12,2017,31038,Buarøy,ikke-medikamentell,,,,,,deler av lokaliteten,1245,SUND,12,Hordaland,60.220066,5.21455,3,Karmøy til Sotra,
12,2017,10229,Fætten,medikamentell,fôrbehandling,Emamectin benzoat,,,,deler av lokaliteten,1571,HALSA,15,Møre og Romsdal,63.144585,8.459567,6,Nordmøre og Sør-Trøndelag,
12,2017,26775,Fjølværet Ø,rensefisk,,,222120,Rognkjeks (hun),51998,hele lokaliteten,1620,FRØYA,16,Sør-Trøndelag,63.819233,8.636133,6,Nordmøre og Sør-Trøndelag,
12,2017,12078,Gangdal,medikamentell,badebehandling,Annet virkestoff,,,,hele lokaliteten,1227,JONDAL,12,Hordaland,60.215935,6.156667,3,Karmøy til Sotra,
12,2017,11643,Hatlem Ø,ikke-medikamentell,,,,,,hele lokaliteten,1413,HYLLESTAD,14,Sogn og Fjordane,61.200916,5.262117,4,Nordhordaland til Stadt,
12,2017,24035,Håvikvågen S,ikke-medikamentell,,,,,,deler av lokaliteten,1241,FUSA,12,Hordaland,60.169834,5.69645,3,Karmøy til Sotra,
12,2017,11920,Herøy,medikamentell,badebehandling,Annet virkestoff,,,,hele lokaliteten,1160,VINDAFJORD,11,Rogaland,59.4664,6.0262,2,Ryfylke,
12,2017,13235,Hessvik,ikke-medikamentell,,,,,,hele lokaliteten,1224,KVINNHERAD,12,Hordaland,60.127934,6.149933,3,Karmøy til Sotra,
12,2017,11405,Innerbrokløysa,medikamentell,fôrbehandling,Emamectin benzoat,,,,hele lokaliteten,1870,SORTLAND,18,Nordland,68.630714,15.483317,9,Vestfjorden og Vesterålen,
12,2017,12224,Isane,medikamentell,fôrbehandling,Emamectin benzoat,,,,hele lokaliteten,1438,BREMANGER,14,Sogn og Fjordane,61.876534,5.722767,4,Nordhordaland til Stadt,
12,2017,11913,Kjeahola,ikke-medikamentell,,,,,,deler av lokaliteten,1141,FINNØY,11,Rogaland,59.2933,6.0729,2,Ryfylke,
12,2017,33577,Kjeholmen II,rensefisk,,,1694,Grøngylt,10000,hele lokaliteten,1003,FARSUND,10,Vest-Agder,58.06008,6.885683,1,Svenskegrensen til Jæren,
12,2017,33577,Kjeholmen II,rensefisk,,,1694,Grøngylt,7000,hele lokaliteten,1003,FARSUND,10,Vest-Agder,58.06008,6.885683,1,Svenskegrensen til Jæren,
12,2017,11689,Kjerringneset,ikke-medikamentell,,,,,,deler av lokaliteten,1411,GULEN,14,Sogn og Fjordane,60.960182,5.106783,4,Nordhordaland til Stadt,
12,2017,11633,Krossholmen,rensefisk,,,2221,Rognkjeks (felles),4500,deler av lokaliteten,1219,BØMLO,12,Hordaland,59.7879,5.100533,3,Karmøy til Sotra,
12,2017,18217,Kvaløy Ø,ikke-medikamentell,,,,,,deler av lokaliteten,1149,KARMØY,11,Rogaland,59.396633,5.171083,3,Karmøy til Sotra,
12,2017,11775,Kviteskjeret,ikke-medikamentell,,,,,,hele lokaliteten,1428,ASKVOLL,14,Sogn og Fjordane,61.467815,5.2203,4,Nordhordaland til Stadt,
12,2017,11803,Kyravika,ikke-medikamentell,,,,,,deler av lokaliteten,1429,FJALER,14,Sogn og Fjordane,61.316433,5.1563,4,Nordhordaland til Stadt,
12,2017,20595,Kyrholmen S,ikke-medikamentell,,,,,,deler av lokaliteten,1244,AUSTEVOLL,12,Hordaland,60.161583,5.207633,3,Karmøy til Sotra,
12,2017,12993,Lamøya,ikke-medikamentell,,,,,,deler av lokaliteten,1620,FRØYA,16,Sør-Trøndelag,63.732586,8.856378,6,Nordmøre og Sør-Trøndelag,
12,2017,11116,Langholmen,ikke-medikamentell,,,,,,deler av lokaliteten,1838,GILDESKÅL,18,Nordland,67.05783,14.025333,8,Helgeland til Bodø,
12,2017,33557,Langskjæra II,rensefisk,,,222120,Rognkjeks (hun),36744,hele lokaliteten,1620,FRØYA,16,Sør-Trøndelag,63.82245,8.74075,6,Nordmøre og Sør-Trøndelag,
12,2017,12047,Mjåneset,ikke-medikamentell,,,,,,deler av lokaliteten,1241,FUSA,12,Hordaland,60.176,5.7244,3,Karmøy til Sotra,
12,2017,29957,Nakkestad,rensefisk,,,1694,Grøngylt,2500,hele lokaliteten,1032,LYNGDAL,10,Vest-Agder,58.055832,7.06875,1,Svenskegrensen til Jæren,
12,2017,29957,Nakkestad,rensefisk,,,1693,Bergnebb,11000,hele lokaliteten,1032,LYNGDAL,10,Vest-Agder,58.055832,7.06875,1,Svenskegrensen til Jæren,
12,2017,30657,Revøy,rensefisk,,,1693,Bergnebb,16000,hele lokaliteten,1032,LYNGDAL,10,Vest-Agder,58.0243,7.0268,1,Svenskegrensen til Jæren,
12,2017,21795,Skarvhausen,medikamentell,fôrbehandling,Emamectin benzoat,,,,hele lokaliteten,1851,LØDINGEN,18,Nordland,68.339714,15.38435,9,Vestfjorden og Vesterålen,
12,2017,34117,Skåtholmen,ikke-medikamentell,,,,,,deler av lokaliteten,1241,FUSA,12,Hordaland,60.17177,5.563633,3,Karmøy til Sotra,
12,2017,20115,Skjerholmen N,ikke-medikamentell,,,,,,deler av lokaliteten,1245,SUND,12,Hordaland,60.2496,5.174017,3,Karmøy til Sotra,
12,2017,12081,Straumneset,ikke-medikamentell,,,,,,deler av lokaliteten,1227,JONDAL,12,Hordaland,60.220966,6.139567,3,Karmøy til Sotra,
12,2017,11776,Sveholmane,ikke-medikamentell,,,,,,deler av lokaliteten,1401,FLORA,14,Sogn og Fjordane,61.557716,5.215333,4,Nordhordaland til Stadt,
12,2017,11813,Svinøy V,ikke-medikamentell,,,,,,hele lokaliteten,1429,FJALER,14,Sogn og Fjordane,61.303116,5.101167,4,Nordhordaland til Stadt,
12,2017,22955,Svollandsneset,rensefisk,,,2221,Rognkjeks (felles),80000,hele lokaliteten,1160,VINDAFJORD,11,Rogaland,59.685,5.589917,3,Karmøy til Sotra,
12,2017,13644,Tepstad,ikke-medikamentell,,,,,,deler av lokaliteten,1253,OSTERØY,12,Hordaland,60.553032,5.385317,4,Nordhordaland til Stadt,
12,2017,13226,Vindsvik,ikke-medikamentell,,,,,,hele lokaliteten,1133,HJELMELAND,11,Rogaland,59.299816,6.322467,2,Ryfylke,
11,2017,13873,Barlingebotten,medikamentell,badebehandling,Annet virkestoff,,,,deler av lokaliteten,1266,MASFJORDEN,12,Hordaland,60.863083,5.364017,4,Nordhordaland til Stadt,
11,2017,13872,Bergsvik,medikamentell,badebehandling,Annet virkestoff,,,,deler av lokaliteten,1266,MASFJORDEN,12,Hordaland,60.86295,5.3474,4,Nordhordaland til Stadt,
11,2017,11930,Bjelkavik,rensefisk,,,222120,Rognkjeks (hun),51177,hele lokaliteten,1134,SULDAL,11,Rogaland,59.45165,5.991917,2,Ryfylke,
11,2017,12466,Brettingen,rensefisk,,,2221,Rognkjeks (felles),16913,deler av lokaliteten,1573,SMØLA,15,Møre og Romsdal,63.3582,8.237267,6,Nordmøre og Sør-Trøndelag,
11,2017,12007,Dale II,ikke-medikamentell,,,,,,hele lokaliteten,1142,RENNESØY,11,Rogaland,59.08215,5.71055,2,Ryfylke,
11,2017,26935,Frovågneset,medikamentell,badebehandling,Azamethiphos,,,,deler av lokaliteten,1927,TRANØY,19,Troms,69.06865,17.061447,10,Andøya til Senja,
11,2017,26935,Frovågneset,medikamentell,badebehandling,Deltamethrin,,,,deler av lokaliteten,1927,TRANØY,19,Troms,69.06865,17.061447,10,Andøya til Senja,
11,2017,26935,Frovågneset,medikamentell,badebehandling,Deltamethrin,,,,deler av lokaliteten,1927,TRANØY,19,Troms,69.06865,17.061447,10,Andøya til Senja,
11,2017,13874,Fyllingsnes S,medikamentell,badebehandling,Annet virkestoff,,,,hele lokaliteten,1263,LINDÅS,12,Hordaland,60.5821,5.4001,4,Nordhordaland til Stadt,
11,2017,13874,Fyllingsnes S,ikke-medikamentell,,,,,,hele lokaliteten,1263,LINDÅS,12,Hordaland,60.5821,5.4001,4,Nordhordaland til Stadt,
11,2017,12078,Gangdal,medikamentell,badebehandling,Annet virkestoff,,,,hele lokaliteten,1227,JONDAL,12,Hordaland,60.215935,6.156667,3,Karmøy til Sotra,
11,2017,29697,Hafsmo,rensefisk,,,222120,Rognkjeks (hun),2777,hele lokaliteten,1613,SNILLFJORD,16,Sør-Trøndelag,63.3667,9.245217,6,Nordmøre og Sør-Trøndelag,
11,2017,13592,Hammer,rensefisk,,,2221,Rognkjeks (felles),31456,deler av lokaliteten,1848,STEIGEN,18,Nordland,67.95877,15.171667,9,Vestfjorden og Vesterålen,
11,2017,30257,Hausan,rensefisk,,,222120,Rognkjeks (hun),21527,deler av lokaliteten,1612,HEMNE,16,Sør-Trøndelag,63.45838,8.955683,6,Nordmøre og Sør-Trøndelag,
11,2017,11920,Herøy,ikke-medikamentell,,,,,,deler av lokaliteten,1160,VINDAFJORD,11,Rogaland,59.4664,6.0262,2,Ryfylke,
11,2017,13931,Hjartøy Ø,medikamentell,fôrbehandling,Emamectin benzoat,,,,hele lokaliteten,1848,STEIGEN,18,Nordland,67.6562,15.118567,9,Vestfjorden og Vesterålen,
11,2017,12897,Honnhammarvika,rensefisk,,,222120,Rognkjeks (hun),11696,hele lokaliteten,1560,TINGVOLL,15,Møre og Romsdal,62.863365,8.157583,6,Nordmøre og Sør-Trøndelag,
11,2017,11405,Innerbrokløysa,medikamentell,fôrbehandling,Emamectin benzoat,,,,hele lokaliteten,1870,SORTLAND,18,Nordland,68.630714,15.483317,9,Vestfjorden og Vesterålen,
11,2017,12224,Isane,medikamentell,fôrbehandling,Emamectin benzoat,,,,hele lokaliteten,1438,BREMANGER,14,Sogn og Fjordane,61.876534,5.722767,4,Nordhordaland til Stadt,
11,2017,22915,Kalsøyflu,rensefisk,,,2221,Rognkjeks (felles),28500,hele lokaliteten,1244,AUSTEVOLL,12,Hordaland,60.03818,5.114417,3,Karmøy til Sotra,
11,2017,33577,Kjeholmen II,rensefisk,,,1694,Grøngylt,10000,hele lokaliteten,1003,FARSUND,10,Vest-Agder,58.06008,6.885683,1,Svenskegrensen til Jæren,
11,2017,33577,Kjeholmen II,rensefisk,,,1694,Grøngylt,7000,hele lokaliteten,1003,FARSUND,10,Vest-Agder,58.06008,6.885683,1,Svenskegrensen til Jæren,
11,2017,12239,Kråknes,ikke-medikamentell,,,,,,deler av lokaliteten,1547,AUKRA,15,Møre og Romsdal,62.83145,6.962733,5,Stadt til Hustadvika,
11,2017,11714,Kvernhusvika,ikke-medikamentell,,,,,,hele lokaliteten,1412,SOLUND,14,Sogn og Fjordane,61.0678,4.94225,4,Nordhordaland til Stadt,
11,2017,13234,Kysnes,ikke-medikamentell,,,,,,hele lokaliteten,1227,JONDAL,12,Hordaland,60.19877,6.09685,3,Karmøy til Sotra,
11,2017,12904,Merraberget,rensefisk,,,222120,Rognkjeks (hun),3200,deler av lokaliteten,1543,NESSET,15,Møre og Romsdal,62.7838,8.27825,6,Nordmøre og Sør-Trøndelag,
11,2017,12047,Mjåneset,ikke-medikamentell,,,,,,deler av lokaliteten,1241,FUSA,12,Hordaland,60.176,5.7244,3,Karmøy til Sotra,
11,2017,26435,Mjølsvik,ikke-medikamentell,,,,,,deler av lokaliteten,1416,HØYANGER,14,Sogn og Fjordane,61.111584,6.0423,4,Nordhordaland til Stadt,
11,2017,29957,Nakkestad,rensefisk,,,1694,Grøngylt,2500,hele lokaliteten,1032,LYNGDAL,10,Vest-Agder,58.055832,7.06875,1,Svenskegrensen til Jæren,
11,2017,29957,Nakkestad,rensefisk,,,1693,Bergnebb,11000,hele lokaliteten,1032,LYNGDAL,10,Vest-Agder,58.055832,7.06875,1,Svenskegrensen til Jæren,
11,2017,11611,Naveide,rensefisk,,,222120,Rognkjeks (hun),8857,hele lokaliteten,1244,AUSTEVOLL,12,Hordaland,60.13907,5.112783,3,Karmøy til Sotra,
11,2017,10136,Onarøy,ikke-medikamentell,,,,,,deler av lokaliteten,1223,TYSNES,12,Hordaland,59.95335,5.669683,3,Karmøy til Sotra,
11,2017,33417,Persflua,rensefisk,,,2221,Rognkjeks (felles),41113,deler av lokaliteten,1627,BJUGN,16,Sør-Trøndelag,63.91345,9.826433,6,Nordmøre og Sør-Trøndelag,
11,2017,30657,Revøy,rensefisk,,,1693,Bergnebb,16000,hele lokaliteten,1032,LYNGDAL,10,Vest-Agder,58.0243,7.0268,1,Svenskegrensen til Jæren,
11,2017,11770,Rotøy,medikamentell,badebehandling,Annet virkestoff,,,,deler av lokaliteten,1259,ØYGARDEN,12,Hordaland,60.682816,4.759617,4,Nordhordaland til Stadt,
11,2017,10216,Skåren,rensefisk,,,222120,Rognkjeks (hun),9786,deler av lokaliteten,1571,HALSA,15,Møre og Romsdal,63.076733,8.19315,6,Nordmøre og Sør-Trøndelag,
11,2017,12108,Skorpo Nv,ikke-medikamentell,,,,,,deler av lokaliteten,1224,KVINNHERAD,12,Hordaland,59.95323,5.827133,3,Karmøy til Sotra,
11,2017,19015,Stokkvika,rensefisk,,,222120,Rognkjeks (hun),6254,deler av lokaliteten,1612,HEMNE,16,Sør-Trøndelag,63.333534,9.180583,6,Nordmøre og Sør-Trøndelag,
11,2017,12081,Straumneset,medikamentell,badebehandling,Annet virkestoff,,,,deler av lokaliteten,1227,JONDAL,12,Hordaland,60.220966,6.139567,3,Karmøy til Sotra,
11,2017,12074,Svåsandneset,ikke-medikamentell,,,,,,deler av lokaliteten,1227,JONDAL,12,Hordaland,60.32422,6.318983,3,Karmøy til Sotra,
11,2017,13644,Tepstad,ikke-medikamentell,,,,,,deler av lokaliteten,1253,OSTERØY,12,Hordaland,60.553032,5.385317,4,Nordhordaland til Stadt,
11,2017,12077,Tveitnesvik,ikke-medikamentell,,,,,,hele lokaliteten,1224,KVINNHERAD,12,Hordaland,60.10592,6.20525,3,Karmøy til Sotra,
11,2017,17495,Vullum,rensefisk,,,222120,Rognkjeks (hun),20621,hele lokaliteten,1571,HALSA,15,Møre og Romsdal,63.04895,8.21635,6,Nordmøre og Sør-Trøndelag,
10,2017,10331,Åkre,ikke-medikamentell,,,,,,deler av lokaliteten,1224,KVINNHERAD,12,Hordaland,60.112434,6.042483,3,Karmøy til Sotra,
10,2017,24695,Årnes,ikke-medikamentell,,,,,,deler av lokaliteten,1703,NAMSOS,17,Nord-Trøndelag,64.5961,11.273417,7,Nord-Trøndelag med Bindal,
10,2017,11543,Buholmen,rensefisk,,,222120,Rognkjeks (hun),29772,deler av lokaliteten,1244,AUSTEVOLL,12,Hordaland,60.020916,5.081517,3,Karmøy til Sotra,
10,2017,12361,Bukkholmen S,rensefisk,,,222120,Rognkjeks (hun),15835,deler av lokaliteten,1620,FRØYA,16,Sør-Trøndelag,63.72368,8.8631,6,Nordmøre og Sør-Trøndelag,
10,2017,26595,Djupevika,medikamentell,badebehandling,Annet virkestoff,,,,deler av lokaliteten,1223,TYSNES,12,Hordaland,60.035816,5.342217,3,Karmøy til Sotra,
10,2017,11833,Flåtegrunnen,rensefisk,,,2221,Rognkjeks (felles),17724,deler av lokaliteten,1401,FLORA,14,Sogn og Fjordane,61.57615,4.807333,4,Nordhordaland til Stadt,
10,2017,12078,Gangdal,medikamentell,badebehandling,Annet virkestoff,,,,hele lokaliteten,1227,JONDAL,12,Hordaland,60.215935,6.156667,3,Karmøy til Sotra,
10,2017,30257,Hausan,rensefisk,,,222120,Rognkjeks (hun),35371,hele lokaliteten,1612,HEMNE,16,Sør-Trøndelag,63.45838,8.955683,6,Nordmøre og Sør-Trøndelag,
10,2017,13931,Hjartøy Ø,medikamentell,fôrbehandling,Emamectin benzoat,,,,hele lokaliteten,1848,STEIGEN,18,Nordland,67.6562,15.118567,9,Vestfjorden og Vesterålen,
10,2017,19939,Høysteinen,medikamentell,badebehandling,Annet virkestoff,,,,hele lokaliteten,1224,KVINNHERAD,12,Hordaland,60.157417,6.050117,3,Karmøy til Sotra,
10,2017,33577,Kjeholmen II,rensefisk,,,1694,Grøngylt,10000,hele lokaliteten,1003,FARSUND,10,Vest-Agder,58.06008,6.885683,1,Svenskegrensen til Jæren,
10,2017,33577,Kjeholmen II,rensefisk,,,1694,Grøngylt,7000,hele lokaliteten,1003,FARSUND,10,Vest-Agder,58.06008,6.885683,1,Svenskegrensen til Jæren,
10,2017,12239,Kråknes,ikke-medikamentell,,,,,,deler av lokaliteten,1547,AUKRA,15,Møre og Romsdal,62.83145,6.962733,5,Stadt til Hustadvika,
10,2017,13831,Kvamme,ikke-medikamentell,,,,,,deler av lokaliteten,1253,OSTERØY,12,Hordaland,60.518333,5.3811,4,Nordhordaland til Stadt,
10,2017,13234,Kysnes,medikamentell,badebehandling,Annet virkestoff,,,,hele lokaliteten,1227,JONDAL,12,Hordaland,60.19877,6.09685,3,Karmøy til Sotra,
10,2017,12993,Lamøya,rensefisk,,,222120,Rognkjeks (hun),13936,deler av lokaliteten,1620,FRØYA,16,Sør-Trøndelag,63.732586,8.856378,6,Nordmøre og Sør-Trøndelag,
10,2017,28396,Lindarholmen,rensefisk,,,222120,Rognkjeks (hun),4044,deler av lokaliteten,1223,TYSNES,12,Hordaland,60.084034,5.638667,3,Karmøy til Sotra,
10,2017,12966,Lindvik,ikke-medikamentell,,,,,,deler av lokaliteten,1160,VINDAFJORD,11,Rogaland,59.474068,5.976433,2,Ryfylke,
10,2017,13541,Midtflua,rensefisk,,,222120,Rognkjeks (hun),195571,deler av lokaliteten,1223,TYSNES,12,Hordaland,60.076267,5.466533,3,Karmøy til Sotra,
10,2017,29957,Nakkestad,rensefisk,,,1694,Grøngylt,2500,hele lokaliteten,1032,LYNGDAL,10,Vest-Agder,58.055832,7.06875,1,Svenskegrensen til Jæren,
10,2017,29957,Nakkestad,rensefisk,,,1693,Bergnebb,11000,hele lokaliteten,1032,LYNGDAL,10,Vest-Agder,58.055832,7.06875,1,Svenskegrensen til Jæren,
10,2017,11041,Nord Gåsvær,rensefisk,,,222120,Rognkjeks (hun),21745,deler av lokaliteten,1818,HERØY I NORDLAND,18,Nordland,66.07035,12.065617,8,Helgeland til Bodø,
10,2017,33937,Nørholmen,medikamentell,badebehandling,Annet virkestoff,,,,deler av lokaliteten,1573,SMØLA,15,Møre og Romsdal,63.338917,8.2718,6,Nordmøre og Sør-Trøndelag,
10,2017,10136,Onarøy,rensefisk,,,2221,Rognkjeks (felles),35000,deler av lokaliteten,1223,TYSNES,12,Hordaland,59.95335,5.669683,3,Karmøy til Sotra,
10,2017,30657,Revøy,rensefisk,,,1693,Bergnebb,16000,hele lokaliteten,1032,LYNGDAL,10,Vest-Agder,58.0243,7.0268,1,Svenskegrensen til Jæren,
10,2017,12003,Rossholmen N,rensefisk,,,222120,Rognkjeks (hun),42086,deler av lokaliteten,1142,RENNESØY,11,Rogaland,59.06428,5.722617,2,Ryfylke,
10,2017,11770,Rotøy,medikamentell,badebehandling,Annet virkestoff,,,,deler av lokaliteten,1259,ØYGARDEN,12,Hordaland,60.682816,4.759617,4,Nordhordaland til Stadt,
10,2017,13035,Sauaneset I,rensefisk,,,2221,Rognkjeks (felles),300,hele lokaliteten,1244,AUSTEVOLL,12,Hordaland,60.089085,5.267967,3,Karmøy til Sotra,
10,2017,12108,Skorpo Nv,ikke-medikamentell,,,,,,deler av lokaliteten,1224,KVINNHERAD,12,Hordaland,59.95323,5.827133,3,Karmøy til Sotra,
10,2017,31338,Storskjeret,ikke-medikamentell,,,,,,deler av lokaliteten,1576,AURE,15,Møre og Romsdal,63.26985,8.228283,6,Nordmøre og Sør-Trøndelag,
10,2017,12081,Straumneset,medikamentell,badebehandling,Annet virkestoff,,,,hele lokaliteten,1227,JONDAL,12,Hordaland,60.220966,6.139567,3,Karmøy til Sotra,
10,2017,25855,Tussøya,rensefisk,,,222120,Rognkjeks (hun),8,deler av lokaliteten,1902,TROMSØ,19,Troms,69.66272,18.17765,11,Kvaløya til Loppa,
9,2017,29816,Apalvikneset,ikke-medikamentell,,,,,,hele lokaliteten,1227,JONDAL,12,Hordaland,60.146217,6.121133,3,Karmøy til Sotra,
9,2017,11364,Årberg,rensefisk,,,222120,Rognkjeks (hun),17578,deler av lokaliteten,1928,TORSKEN,19,Troms,69.1959,16.91595,10,Andøya til Senja,
9,2017,32537,Baltsfjord,rensefisk,,,222120,Rognkjeks (hun),15394,deler av lokaliteten,1931,LENVIK,19,Troms,69.5463,17.7697,10,Andøya til Senja,
9,2017,31038,Buarøy,rensefisk,,,222120,Rognkjeks (hun),23604,hele lokaliteten,1245,SUND,12,Hordaland,60.220066,5.21455,3,Karmøy til Sotra,
9,2017,14799,Djupestallen,ikke-medikamentell,,,,,,deler av lokaliteten,1223,TYSNES,12,Hordaland,60.058735,5.453,3,Karmøy til Sotra,
9,2017,20455,Djupevika,ikke-medikamentell,,,,,,hele lokaliteten,1224,KVINNHERAD,12,Hordaland,60.0406,6.010917,3,Karmøy til Sotra,
9,2017,20455,Djupevika,rensefisk,,,222120,Rognkjeks (hun),28895,hele lokaliteten,1224,KVINNHERAD,12,Hordaland,60.0406,6.010917,3,Karmøy til Sotra,
9,2017,11363,Enkeltstein,medikamentell,fôrbehandling,Emamectin benzoat,,,,hele lokaliteten,1917,IBESTAD,19,Troms,68.7276,16.910467,10,Andøya til Senja,
9,2017,11833,Flåtegrunnen,ikke-medikamentell,,,,,,deler av lokaliteten,1401,FLORA,14,Sogn og Fjordane,61.57615,4.807333,4,Nordhordaland til Stadt,
9,2017,12078,Gangdal,medikamentell,badebehandling,Annet virkestoff,,,,deler av lokaliteten,1227,JONDAL,12,Hordaland,60.215935,6.156667,3,Karmøy til Sotra,
9,2017,34677,Hestøya,ikke-medikamentell,,,,,,deler av lokaliteten,1573,SMØLA,15,Møre og Romsdal,63.3095,8.115567,6,Nordmøre og Sør-Trøndelag,
9,2017,10291,Hiskholmen,medikamentell,fôrbehandling,Emamectin benzoat,,,,deler av lokaliteten,1219,BØMLO,12,Hordaland,59.72663,5.145617,3,Karmøy til Sotra,
9,2017,13643,Hjartholm,ikke-medikamentell,,,,,,deler av lokaliteten,1411,GULEN,14,Sogn og Fjordane,61.03512,5.33105,4,Nordhordaland til Stadt,
9,2017,13931,Hjartøy Ø,rensefisk,,,2221,Rognkjeks (felles),19029,deler av lokaliteten,1848,STEIGEN,18,Nordland,67.6562,15.118567,9,Vestfjorden og Vesterålen,
9,2017,12890,Høybuvika,rensefisk,,,222120,Rognkjeks (hun),7259,hele lokaliteten,1557,GJEMNES,15,Møre og Romsdal,62.9563,8.049217,6,Nordmøre og Sør-Trøndelag,
9,2017,13242,Juvika B,rensefisk,,,2221,Rognkjeks (felles),29934,hele lokaliteten,1438,BREMANGER,14,Sogn og Fjordane,61.895683,5.6331,4,Nordhordaland til Stadt,
9,2017,12660,Kipholmen,ikke-medikamentell,,,,,,hele lokaliteten,1751,NÆRØY,17,Nord-Trøndelag,64.79387,11.689533,7,Nord-Trøndelag med Bindal,
9,2017,33577,Kjeholmen II,rensefisk,,,1694,Grøngylt,10000,hele lokaliteten,1003,FARSUND,10,Vest-Agder,58.06008,6.885683,1,Svenskegrensen til Jæren,
9,2017,33577,Kjeholmen II,rensefisk,,,1694,Grøngylt,7000,hele lokaliteten,1003,FARSUND,10,Vest-Agder,58.06008,6.885683,1,Svenskegrensen til Jæren,
9,2017,11652,Kjeppevikholmen,ikke-medikamentell,,,,,,hele lokaliteten,1256,MELAND,12,Hordaland,60.54283,5.0378,4,Nordhordaland til Stadt,
9,2017,36037,Klipen,medikamentell,badebehandling,Hydrogenperoksid,,,,deler av lokaliteten,1822,LEIRFJORD,18,Nordland,66.1336,12.851983,8,Helgeland til Bodø,
9,2017,18217,Kvaløy Ø,ikke-medikamentell,,,,,,deler av lokaliteten,1149,KARMØY,11,Rogaland,59.396633,5.171083,3,Karmøy til Sotra,
9,2017,13234,Kysnes,medikamentell,badebehandling,Annet virkestoff,,,,hele lokaliteten,1227,JONDAL,12,Hordaland,60.19877,6.09685,3,Karmøy til Sotra,
9,2017,26435,Mjølsvik,ikke-medikamentell,,,,,,deler av lokaliteten,1416,HØYANGER,14,Sogn og Fjordane,61.111584,6.0423,4,Nordhordaland til Stadt,
9,2017,29957,Nakkestad,rensefisk,,,1694,Grøngylt,2500,hele lokaliteten,1032,LYNGDAL,10,Vest-Agder,58.055832,7.06875,1,Svenskegrensen til Jæren,
9,2017,29957,Nakkestad,rensefisk,,,1693,Bergnebb,11000,hele lokaliteten,1032,LYNGDAL,10,Vest-Agder,58.055832,7.06875,1,Svenskegrensen til Jæren,
9,2017,10213,Naustneset,rensefisk,,,222120,Rognkjeks (hun),13800,hele lokaliteten,1557,GJEMNES,15,Møre og Romsdal,62.9424,8.0756,6,Nordmøre og Sør-Trøndelag,
9,2017,27055,Oddane,medikamentell,fôrbehandling,Emamectin benzoat,,,,deler av lokaliteten,1401,FLORA,14,Sogn og Fjordane,61.5417,4.968867,4,Nordhordaland til Stadt,
9,2017,28636,Rataren,rensefisk,,,222120,Rognkjeks (hun),17039,hele lokaliteten,1620,FRØYA,16,Sør-Trøndelag,63.780884,8.517383,6,Nordmøre og Sør-Trøndelag,
9,2017,30657,Revøy,rensefisk,,,1693,Bergnebb,16000,hele lokaliteten,1032,LYNGDAL,10,Vest-Agder,58.0243,7.0268,1,Svenskegrensen til Jæren,
9,2017,12784,Ringholmen,ikke-medikamentell,,,,,,deler av lokaliteten,1613,SNILLFJORD,16,Sør-Trøndelag,63.56,9.41005,6,Nordmøre og Sør-Trøndelag,
9,2017,11770,Rotøy,medikamentell,badebehandling,Annet virkestoff,,,,deler av lokaliteten,1259,ØYGARDEN,12,Hordaland,60.682816,4.759617,4,Nordhordaland til Stadt,
9,2017,13748,Saltkjelvika,ikke-medikamentell,,,,,,deler av lokaliteten,1703,NAMSOS,17,Nord-Trøndelag,64.59852,11.266067,7,Nord-Trøndelag med Bindal,
9,2017,19135,Sandøya III,medikamentell,badebehandling,Hydrogenperoksid,,,,deler av lokaliteten,1632,ROAN,16,Sør-Trøndelag,64.243385,10.26445,6,Nordmøre og Sør-Trøndelag,
9,2017,19855,Segelråa,rensefisk,,,222120,Rognkjeks (hun),25857,hele lokaliteten,1576,AURE,15,Møre og Romsdal,63.149746,8.12855,6,Nordmøre og Sør-Trøndelag,
9,2017,13706,Seljeset,rensefisk,,,2221,Rognkjeks (felles),10000,hele lokaliteten,1401,FLORA,14,Sogn og Fjordane,61.580868,5.243233,4,Nordhordaland til Stadt,
9,2017,12892,Sjølsvik,rensefisk,,,222120,Rognkjeks (hun),15435,hele lokaliteten,1557,GJEMNES,15,Møre og Romsdal,62.9066,8.11095,6,Nordmøre og Sør-Trøndelag,
9,2017,20115,Skjerholmen N,rensefisk,,,222120,Rognkjeks (hun),21224,hele lokaliteten,1245,SUND,12,Hordaland,60.2496,5.174017,3,Karmøy til Sotra,
9,2017,18657,Skredstivik,medikamentell,badebehandling,Annet virkestoff,,,,hele lokaliteten,1413,HYLLESTAD,14,Sogn og Fjordane,61.1567,5.133983,4,Nordhordaland til Stadt,
9,2017,18657,Skredstivik,ikke-medikamentell,,,,,,hele lokaliteten,1413,HYLLESTAD,14,Sogn og Fjordane,61.1567,5.133983,4,Nordhordaland til Stadt,
9,2017,31117,Skrubbo,medikamentell,badebehandling,Annet virkestoff,,,,deler av lokaliteten,1241,FUSA,12,Hordaland,60.15632,5.713217,3,Karmøy til Sotra,
9,2017,31117,Skrubbo,ikke-medikamentell,,,,,,deler av lokaliteten,1241,FUSA,12,Hordaland,60.15632,5.713217,3,Karmøy til Sotra,
9,2017,28096,Slåttenes,medikamentell,badebehandling,Azamethiphos,,,,deler av lokaliteten,1224,KVINNHERAD,12,Hordaland,59.83222,5.984267,3,Karmøy til Sotra,
9,2017,12081,Straumneset,medikamentell,badebehandling,Annet virkestoff,,,,hele lokaliteten,1227,JONDAL,12,Hordaland,60.220966,6.139567,3,Karmøy til Sotra,
9,2017,11144,Svinvær,rensefisk,,,2221,Rognkjeks (felles),10383,deler av lokaliteten,1836,RØDØY,18,Nordland,66.76923,13.170633,8,Helgeland til Bodø,
9,2017,13226,Vindsvik,medikamentell,badebehandling,Hydrogenperoksid,,,,hele lokaliteten,1133,HJELMELAND,11,Rogaland,59.299816,6.322467,2,Ryfylke,
9,2017,13226,Vindsvik,ikke-medikamentell,,,,,,hele lokaliteten,1133,HJELMELAND,11,Rogaland,59.299816,6.322467,2,Ryfylke,
8,2017,12982,Aldeøyna,medikamentell,fôrbehandling,Diflubenzuron,,,,hele lokaliteten,1428,ASKVOLL,14,Sogn og Fjordane,61.31025,4.76905,4,Nordhordaland til Stadt,
8,2017,12982,Aldeøyna,medikamentell,fôrbehandling,Diflubenzuron,,,,hele lokaliteten,1428,ASKVOLL,14,Sogn og Fjordane,61.31025,4.76905,4,Nordhordaland til Stadt,
8,2017,12982,Aldeøyna,medikamentell,fôrbehandling,Diflubenzuron,,,,hele lokaliteten,1428,ASKVOLL,14,Sogn og Fjordane,61.31025,4.76905,4,Nordhordaland til Stadt,
8,2017,12982,Aldeøyna,medikamentell,fôrbehandling,Diflubenzuron,,,,hele lokaliteten,1428,ASKVOLL,14,Sogn og Fjordane,61.31025,4.76905,4,Nordhordaland til Stadt,
8,2017,12982,Aldeøyna,medikamentell,fôrbehandling,Diflubenzuron,,,,hele lokaliteten,1428,ASKVOLL,14,Sogn og Fjordane,61.31025,4.76905,4,Nordhordaland til Stadt,
8,2017,12982,Aldeøyna,medikamentell,fôrbehandling,Diflubenzuron,,,,hele lokaliteten,1428,ASKVOLL,14,Sogn og Fjordane,61.31025,4.76905,4,Nordhordaland til Stadt,
8,2017,12982,Aldeøyna,medikamentell,fôrbehandling,Diflubenzuron,,,,hele lokaliteten,1428,ASKVOLL,14,Sogn og Fjordane,61.31025,4.76905,4,Nordhordaland til Stadt,
8,2017,13873,Barlingebotten,medikamentell,badebehandling,Annet virkestoff,,,,deler av lokaliteten,1266,MASFJORDEN,12,Hordaland,60.863083,5.364017,4,Nordhordaland til Stadt,
8,2017,13872,Bergsvik,medikamentell,badebehandling,Annet virkestoff,,,,deler av lokaliteten,1266,MASFJORDEN,12,Hordaland,60.86295,5.3474,4,Nordhordaland til Stadt,
8,2017,10212,Bogen,rensefisk,,,222120,Rognkjeks (hun),13533,hele lokaliteten,1505,KRISTIANSUND,15,Møre og Romsdal,63.077667,7.90345,6,Nordmøre og Sør-Trøndelag,
8,2017,14799,Djupestallen,ikke-medikamentell,,,,,,deler av lokaliteten,1223,TYSNES,12,Hordaland,60.058735,5.453,3,Karmøy til Sotra,
8,2017,14799,Djupestallen,rensefisk,,,222120,Rognkjeks (hun),31105,deler av lokaliteten,1223,TYSNES,12,Hordaland,60.058735,5.453,3,Karmøy til Sotra,
8,2017,21415,Dyrholmen,ikke-medikamentell,,,,,,deler av lokaliteten,1141,FINNØY,11,Rogaland,59.285484,5.8583,2,Ryfylke,
8,2017,11363,Enkeltstein,medikamentell,fôrbehandling,Emamectin benzoat,,,,hele lokaliteten,1917,IBESTAD,19,Troms,68.7276,16.910467,10,Andøya til Senja,
8,2017,10229,Fætten,rensefisk,,,1693,Bergnebb,10,deler av lokaliteten,1571,HALSA,15,Møre og Romsdal,63.144585,8.459567,6,Nordmøre og Sør-Trøndelag,
8,2017,31398,Finnvik,medikamentell,badebehandling,Deltamethrin,,,,deler av lokaliteten,1902,TROMSØ,19,Troms,69.89297,18.807934,11,Kvaløya til Loppa,
8,2017,12078,Gangdal,medikamentell,badebehandling,Annet virkestoff,,,,deler av lokaliteten,1227,JONDAL,12,Hordaland,60.215935,6.156667,3,Karmøy til Sotra,
8,2017,13036,Gjengane,ikke-medikamentell,,,,,,deler av lokaliteten,1244,AUSTEVOLL,12,Hordaland,60.071518,5.306383,3,Karmøy til Sotra,
8,2017,11365,Gjervika,medikamentell,badebehandling,Azamethiphos,,,,deler av lokaliteten,1927,TRANØY,19,Troms,69.050316,16.887266,10,Andøya til Senja,
8,2017,11365,Gjervika,medikamentell,badebehandling,Deltamethrin,,,,deler av lokaliteten,1927,TRANØY,19,Troms,69.050316,16.887266,10,Andøya til Senja,
8,2017,18639,Halsavika,ikke-medikamentell,,,,,,deler av lokaliteten,1146,TYSVÆR,11,Rogaland,59.39232,5.883333,2,Ryfylke,
8,2017,31577,Haneholmen,rensefisk,,,2221,Rognkjeks (felles),25000,deler av lokaliteten,1445,GLOPPEN,14,Sogn og Fjordane,61.84045,6.10055,4,Nordhordaland til Stadt,
8,2017,24035,Håvikvågen S,ikke-medikamentell,,,,,,deler av lokaliteten,1241,FUSA,12,Hordaland,60.169834,5.69645,3,Karmøy til Sotra,
8,2017,13119,Hesten,rensefisk,,,222120,Rognkjeks (hun),32698,deler av lokaliteten,2012,ALTA,20,Finnmark,70.23785,23.4112,12,Vest-Finnmark,
8,2017,10291,Hiskholmen,medikamentell,fôrbehandling,Emamectin benzoat,,,,deler av lokaliteten,1219,BØMLO,12,Hordaland,59.72663,5.145617,3,Karmøy til Sotra,
8,2017,12224,Isane,ikke-medikamentell,,,,,,hele lokaliteten,1438,BREMANGER,14,Sogn og Fjordane,61.876534,5.722767,4,Nordhordaland til Stadt,
8,2017,13573,Kistvika,rensefisk,,,222120,Rognkjeks (hun),24000,hele lokaliteten,1612,HEMNE,16,Sør-Trøndelag,63.38117,9.164317,6,Nordmøre og Sør-Trøndelag,
8,2017,33577,Kjeholmen II,rensefisk,,,1694,Grøngylt,10000,hele lokaliteten,1003,FARSUND,10,Vest-Agder,58.06008,6.885683,1,Svenskegrensen til Jæren,
8,2017,33577,Kjeholmen II,rensefisk,,,1694,Grøngylt,7000,hele lokaliteten,1003,FARSUND,10,Vest-Agder,58.06008,6.885683,1,Svenskegrensen til Jæren,
8,2017,36037,Klipen,medikamentell,badebehandling,Hydrogenperoksid,,,,deler av lokaliteten,1822,LEIRFJORD,18,Nordland,66.1336,12.851983,8,Helgeland til Bodø,
8,2017,11775,Kviteskjeret,ikke-medikamentell,,,,,,hele lokaliteten,1428,ASKVOLL,14,Sogn og Fjordane,61.467815,5.2203,4,Nordhordaland til Stadt,
8,2017,13234,Kysnes,medikamentell,badebehandling,Annet virkestoff,,,,hele lokaliteten,1227,JONDAL,12,Hordaland,60.19877,6.09685,3,Karmøy til Sotra,
8,2017,10080,Laksevika,ikke-medikamentell,,,,,,hele lokaliteten,1256,MELAND,12,Hordaland,60.53015,5.11575,4,Nordhordaland til Stadt,
8,2017,11116,Langholmen,ikke-medikamentell,,,,,,deler av lokaliteten,1838,GILDESKÅL,18,Nordland,67.05783,14.025333,8,Helgeland til Bodø,
8,2017,13055,Langøyna Ø,medikamentell,badebehandling,Hydrogenperoksid,,,,deler av lokaliteten,1146,TYSVÆR,11,Rogaland,59.2983,5.713333,2,Ryfylke,
8,2017,13549,Løypingneset,ikke-medikamentell,,,,,,hele lokaliteten,1438,BREMANGER,14,Sogn og Fjordane,61.819534,5.247667,4,Nordhordaland til Stadt,
8,2017,13550,Marøy Nø,ikke-medikamentell,,,,,,hele lokaliteten,1438,BREMANGER,14,Sogn og Fjordane,61.847935,5.295383,4,Nordhordaland til Stadt,
8,2017,34057,Mohamn,medikamentell,badebehandling,Azamethiphos,,,,hele lokaliteten,1926,DYRØY,19,Troms,69.12883,17.79755,10,Andøya til Senja,
8,2017,34057,Mohamn,medikamentell,badebehandling,Deltamethrin,,,,hele lokaliteten,1926,DYRØY,19,Troms,69.12883,17.79755,10,Andøya til Senja,
8,2017,36077,Mollvika,rensefisk,,,222120,Rognkjeks (hun),35635,deler av lokaliteten,1903,HARSTAD,19,Troms,68.93653,16.72465,10,Andøya til Senja,
8,2017,29957,Nakkestad,rensefisk,,,1694,Grøngylt,2500,hele lokaliteten,1032,LYNGDAL,10,Vest-Agder,58.055832,7.06875,1,Svenskegrensen til Jæren,
8,2017,29957,Nakkestad,rensefisk,,,1693,Bergnebb,11000,hele lokaliteten,1032,LYNGDAL,10,Vest-Agder,58.055832,7.06875,1,Svenskegrensen til Jæren,
8,2017,11611,Naveide,rensefisk,,,222120,Rognkjeks (hun),16402,hele lokaliteten,1244,AUSTEVOLL,12,Hordaland,60.13907,5.112783,3,Karmøy til Sotra,
8,2017,24937,Nebbo,ikke-medikamentell,,,,,,deler av lokaliteten,1224,KVINNHERAD,12,Hordaland,59.87075,5.725017,3,Karmøy til Sotra,
8,2017,27055,Oddane,medikamentell,fôrbehandling,Emamectin benzoat,,,,deler av lokaliteten,1401,FLORA,14,Sogn og Fjordane,61.5417,4.968867,4,Nordhordaland til Stadt,
8,2017,29896,Renndalen,rensefisk,,,222120,Rognkjeks (hun),26412,hele lokaliteten,1571,HALSA,15,Møre og Romsdal,63.176167,8.616817,6,Nordmøre og Sør-Trøndelag,
8,2017,30657,Revøy,rensefisk,,,1693,Bergnebb,16000,hele lokaliteten,1032,LYNGDAL,10,Vest-Agder,58.0243,7.0268,1,Svenskegrensen til Jæren,
8,2017,12784,Ringholmen,rensefisk,,,1693,Bergnebb,68,deler av lokaliteten,1613,SNILLFJORD,16,Sør-Trøndelag,63.56,9.41005,6,Nordmøre og Sør-Trøndelag,
8,2017,12784,Ringholmen,rensefisk,,,1691,Berggylt,447,deler av lokaliteten,1613,SNILLFJORD,16,Sør-Trøndelag,63.56,9.41005,6,Nordmøre og Sør-Trøndelag,
8,2017,12784,Ringholmen,rensefisk,,,1694,Grøngylt,81,deler av lokaliteten,1613,SNILLFJORD,16,Sør-Trøndelag,63.56,9.41005,6,Nordmøre og Sør-Trøndelag,
8,2017,11770,Rotøy,medikamentell,badebehandling,Annet virkestoff,,,,deler av lokaliteten,1259,ØYGARDEN,12,Hordaland,60.682816,4.759617,4,Nordhordaland til Stadt,
8,2017,12019,Saltkjelen II,ikke-medikamentell,,,,,,hele lokaliteten,1227,JONDAL,12,Hordaland,60.248016,6.2014,3,Karmøy til Sotra,
8,2017,10216,Skåren,rensefisk,,,222120,Rognkjeks (hun),11711,hele lokaliteten,1571,HALSA,15,Møre og Romsdal,63.076733,8.19315,6,Nordmøre og Sør-Trøndelag,
8,2017,34117,Skåtholmen,rensefisk,,,2221,Rognkjeks (felles),27640,hele lokaliteten,1241,FUSA,12,Hordaland,60.17177,5.563633,3,Karmøy til Sotra,
8,2017,12108,Skorpo Nv,rensefisk,,,222120,Rognkjeks (hun),81286,deler av lokaliteten,1224,KVINNHERAD,12,Hordaland,59.95323,5.827133,3,Karmøy til Sotra,
8,2017,31117,Skrubbo,medikamentell,badebehandling,Annet virkestoff,,,,deler av lokaliteten,1241,FUSA,12,Hordaland,60.15632,5.713217,3,Karmøy til Sotra,
8,2017,31117,Skrubbo,ikke-medikamentell,,,,,,deler av lokaliteten,1241,FUSA,12,Hordaland,60.15632,5.713217,3,Karmøy til Sotra,
8,2017,27436,Solværet,ikke-medikamentell,,,,,,deler av lokaliteten,1573,SMØLA,15,Møre og Romsdal,63.255,7.856933,6,Nordmøre og Sør-Trøndelag,
8,2017,11971,Store Teistholmen Ø,ikke-medikamentell,,,,,,deler av lokaliteten,1102,SANDNES,11,Rogaland,58.97685,5.867383,2,Ryfylke,
8,2017,12081,Straumneset,medikamentell,badebehandling,Annet virkestoff,,,,hele lokaliteten,1227,JONDAL,12,Hordaland,60.220966,6.139567,3,Karmøy til Sotra,
8,2017,11144,Svinvær,medikamentell,badebehandling,Hydrogenperoksid,,,,deler av lokaliteten,1836,RØDØY,18,Nordland,66.76923,13.170633,8,Helgeland til Bodø,
8,2017,26575,Teigane,medikamentell,badebehandling,Hydrogenperoksid,,,,deler av lokaliteten,1134,SULDAL,11,Rogaland,59.520332,6.337233,2,Ryfylke,
8,2017,10054,Tobbeholmane,ikke-medikamentell,,,,,,hele lokaliteten,1244,AUSTEVOLL,12,Hordaland,60.02432,5.30815,3,Karmøy til Sotra,
8,2017,12885,Vikageilen,rensefisk,,,222120,Rognkjeks (hun),15380,hele lokaliteten,1505,KRISTIANSUND,15,Møre og Romsdal,63.075783,7.906067,6,Nordmøre og Sør-Trøndelag,
8,2017,13226,Vindsvik,medikamentell,badebehandling,Hydrogenperoksid,,,,hele lokaliteten,1133,HJELMELAND,11,Rogaland,59.299816,6.322467,2,Ryfylke,
8,2017,13226,Vindsvik,ikke-medikamentell,,,,,,deler av lokaliteten,1133,HJELMELAND,11,Rogaland,59.299816,6.322467,2,Ryfylke,
8,2017,17495,Vullum,rensefisk,,,222120,Rognkjeks (hun),8944,hele lokaliteten,1571,HALSA,15,Møre og Romsdal,63.04895,8.21635,6,Nordmøre og Sør-Trøndelag,
8,2017,29936,Ystadneset,ikke-medikamentell,,,,,,hele lokaliteten,1224,KVINNHERAD,12,Hordaland,59.977932,5.77565,3,Karmøy til Sotra,
7,2017,12982,Aldeøyna,medikamentell,fôrbehandling,Diflubenzuron,,,,hele lokaliteten,1428,ASKVOLL,14,Sogn og Fjordane,61.31025,4.76905,4,Nordhordaland til Stadt,
7,2017,12982,Aldeøyna,medikamentell,fôrbehandling,Diflubenzuron,,,,hele lokaliteten,1428,ASKVOLL,14,Sogn og Fjordane,61.31025,4.76905,4,Nordhordaland til Stadt,
7,2017,12982,Aldeøyna,medikamentell,fôrbehandling,Diflubenzuron,,,,hele lokaliteten,1428,ASKVOLL,14,Sogn og Fjordane,61.31025,4.76905,4,Nordhordaland til Stadt,
7,2017,12982,Aldeøyna,medikamentell,fôrbehandling,Diflubenzuron,,,,hele lokaliteten,1428,ASKVOLL,14,Sogn og Fjordane,61.31025,4.76905,4,Nordhordaland til Stadt,
7,2017,12982,Aldeøyna,medikamentell,fôrbehandling,Diflubenzuron,,,,hele lokaliteten,1428,ASKVOLL,14,Sogn og Fjordane,61.31025,4.76905,4,Nordhordaland til Stadt,
7,2017,12982,Aldeøyna,medikamentell,fôrbehandling,Diflubenzuron,,,,hele lokaliteten,1428,ASKVOLL,14,Sogn og Fjordane,61.31025,4.76905,4,Nordhordaland til Stadt,
7,2017,12982,Aldeøyna,medikamentell,fôrbehandling,Diflubenzuron,,,,hele lokaliteten,1428,ASKVOLL,14,Sogn og Fjordane,61.31025,4.76905,4,Nordhordaland til Stadt,
7,2017,32277,Andholmen 1,rensefisk,,,222120,Rognkjeks (hun),12915,deler av lokaliteten,1573,SMØLA,15,Møre og Romsdal,63.469784,7.8556,6,Nordmøre og Sør-Trøndelag,
7,2017,32297,Andholmen 2,rensefisk,,,222120,Rognkjeks (hun),9714,hele lokaliteten,1573,SMØLA,15,Møre og Romsdal,63.46745,7.847167,6,Nordmøre og Sør-Trøndelag,
7,2017,12988,Aukrasanden,ikke-medikamentell,,,,,,deler av lokaliteten,1547,AUKRA,15,Møre og Romsdal,62.783417,6.92605,5,Stadt til Hustadvika,
7,2017,32537,Baltsfjord,rensefisk,,,222120,Rognkjeks (hun),21139,deler av lokaliteten,1931,LENVIK,19,Troms,69.5463,17.7697,10,Andøya til Senja,
7,2017,11930,Bjelkavik,medikamentell,fôrbehandling,Emamectin benzoat,,,,deler av lokaliteten,1134,SULDAL,11,Rogaland,59.45165,5.991917,2,Ryfylke,
7,2017,15796,Borgarliflot,rensefisk,,,222120,Rognkjeks (hun),48225,hele lokaliteten,1134,SULDAL,11,Rogaland,59.3892,5.924733,2,Ryfylke,
7,2017,12040,Brandaskuta,ikke-medikamentell,,,,,,deler av lokaliteten,1224,KVINNHERAD,12,Hordaland,59.975735,5.909183,3,Karmøy til Sotra,
7,2017,12466,Brettingen,rensefisk,,,2221,Rognkjeks (felles),61233,deler av lokaliteten,1573,SMØLA,15,Møre og Romsdal,63.3582,8.237267,6,Nordmøre og Sør-Trøndelag,
7,2017,11435,Bryggelandsholmane,medikamentell,fôrbehandling,Emamectin benzoat,,,,hele lokaliteten,1106,HAUGESUND,11,Rogaland,59.429016,5.096417,3,Karmøy til Sotra,
7,2017,14799,Djupestallen,ikke-medikamentell,,,,,,deler av lokaliteten,1223,TYSNES,12,Hordaland,60.058735,5.453,3,Karmøy til Sotra,
7,2017,10110,Djupevik,ikke-medikamentell,,,,,,deler av lokaliteten,1141,FINNØY,11,Rogaland,59.1474,5.863783,2,Ryfylke,
7,2017,20455,Djupevika,rensefisk,,,222120,Rognkjeks (hun),49427,hele lokaliteten,1224,KVINNHERAD,12,Hordaland,60.0406,6.010917,3,Karmøy til Sotra,
7,2017,32157,Dyrholmen V,ikke-medikamentell,,,,,,deler av lokaliteten,1222,FITJAR,12,Hordaland,59.928234,5.230717,3,Karmøy til Sotra,
7,2017,25895,Flornes,ikke-medikamentell,,,,,,hele lokaliteten,1223,TYSNES,12,Hordaland,59.890984,5.665983,3,Karmøy til Sotra,
7,2017,22015,Fureneset,ikke-medikamentell,,,,,,hele lokaliteten,1412,SOLUND,14,Sogn og Fjordane,61.16562,5.052417,4,Nordhordaland til Stadt,
7,2017,13669,Furneset,rensefisk,,,222120,Rognkjeks (hun),44926,hele lokaliteten,1535,VESTNES,15,Møre og Romsdal,62.6461,7.101183,5,Stadt til Hustadvika,
7,2017,12078,Gangdal,medikamentell,badebehandling,Annet virkestoff,,,,deler av lokaliteten,1227,JONDAL,12,Hordaland,60.215935,6.156667,3,Karmøy til Sotra,
7,2017,31717,Gjerset V,rensefisk,,,222120,Rognkjeks (hun),11254,deler av lokaliteten,1534,HARAM,15,Møre og Romsdal,62.53023,6.428783,5,Stadt til Hustadvika,
7,2017,31577,Haneholmen,medikamentell,fôrbehandling,Diflubenzuron,,,,deler av lokaliteten,1445,GLOPPEN,14,Sogn og Fjordane,61.84045,6.10055,4,Nordhordaland til Stadt,
7,2017,31577,Haneholmen,medikamentell,badebehandling,Hydrogenperoksid,,,,deler av lokaliteten,1445,GLOPPEN,14,Sogn og Fjordane,61.84045,6.10055,4,Nordhordaland til Stadt,
7,2017,24035,Håvikvågen S,ikke-medikamentell,,,,,,deler av lokaliteten,1241,FUSA,12,Hordaland,60.169834,5.69645,3,Karmøy til Sotra,
7,2017,10291,Hiskholmen,medikamentell,fôrbehandling,Emamectin benzoat,,,,deler av lokaliteten,1219,BØMLO,12,Hordaland,59.72663,5.145617,3,Karmøy til Sotra,
7,2017,32757,Horgefjorden,rensefisk,,,2221,Rognkjeks (felles),25637,hele lokaliteten,1244,AUSTEVOLL,12,Hordaland,60.100834,5.117067,3,Karmøy til Sotra,
7,2017,13236,Indre Oppedal,ikke-medikamentell,,,,,,hele lokaliteten,1411,GULEN,14,Sogn og Fjordane,61.067883,5.563833,4,Nordhordaland til Stadt,
7,2017,33577,Kjeholmen II,rensefisk,,,1694,Grøngylt,10000,hele lokaliteten,1003,FARSUND,10,Vest-Agder,58.06008,6.885683,1,Svenskegrensen til Jæren,
7,2017,33577,Kjeholmen II,rensefisk,,,1694,Grøngylt,7000,hele lokaliteten,1003,FARSUND,10,Vest-Agder,58.06008,6.885683,1,Svenskegrensen til Jæren,
7,2017,10113,Kobbavika,medikamentell,badebehandling,Annet virkestoff,,,,hele lokaliteten,1141,FINNØY,11,Rogaland,59.12232,5.934433,2,Ryfylke,
7,2017,10224,Korsneset,rensefisk,,,222120,Rognkjeks (hun),3848,deler av lokaliteten,1571,HALSA,15,Møre og Romsdal,63.14268,8.225383,6,Nordmøre og Sør-Trøndelag,
7,2017,32097,Korsneset 2,rensefisk,,,222120,Rognkjeks (hun),5937,deler av lokaliteten,1571,HALSA,15,Møre og Romsdal,63.14123,8.21375,6,Nordmøre og Sør-Trøndelag,
7,2017,11719,Kråkenes,medikamentell,badebehandling,Azamethiphos,,,,hele lokaliteten,1412,SOLUND,14,Sogn og Fjordane,61.05835,4.921317,4,Nordhordaland til Stadt,
7,2017,11719,Kråkenes,medikamentell,badebehandling,Deltamethrin,,,,hele lokaliteten,1412,SOLUND,14,Sogn og Fjordane,61.05835,4.921317,4,Nordhordaland til Stadt,
7,2017,21676,Kråkholmen,rensefisk,,,2221,Rognkjeks (felles),22664,deler av lokaliteten,1749,FLATANGER,17,Nord-Trøndelag,64.60212,10.85345,7,Nord-Trøndelag med Bindal,
7,2017,11714,Kvernhusvika,medikamentell,fôrbehandling,Diflubenzuron,,,,hele lokaliteten,1412,SOLUND,14,Sogn og Fjordane,61.0678,4.94225,4,Nordhordaland til Stadt,
7,2017,13234,Kysnes,medikamentell,badebehandling,Annet virkestoff,,,,deler av lokaliteten,1227,JONDAL,12,Hordaland,60.19877,6.09685,3,Karmøy til Sotra,
7,2017,11116,Langholmen,ikke-medikamentell,,,,,,deler av lokaliteten,1838,GILDESKÅL,18,Nordland,67.05783,14.025333,8,Helgeland til Bodø,
7,2017,13055,Langøyna Ø,medikamentell,badebehandling,Hydrogenperoksid,,,,deler av lokaliteten,1146,TYSVÆR,11,Rogaland,59.2983,5.713333,2,Ryfylke,
7,2017,13055,Langøyna Ø,ikke-medikamentell,,,,,,deler av lokaliteten,1146,TYSVÆR,11,Rogaland,59.2983,5.713333,2,Ryfylke,
7,2017,11410,Litleøya,medikamentell,badebehandling,Hydrogenperoksid,,,,deler av lokaliteten,1870,SORTLAND,18,Nordland,68.611664,15.381083,9,Vestfjorden og Vesterålen,
7,2017,12978,Lyngholmen,ikke-medikamentell,,,,,,hele lokaliteten,1411,GULEN,14,Sogn og Fjordane,61.01525,5.004667,4,Nordhordaland til Stadt,
7,2017,34277,Mikkelsøya,medikamentell,badebehandling,Hydrogenperoksid,,,,hele lokaliteten,1867,BØ I NORDLAND,18,Nordland,68.65618,14.729933,9,Vestfjorden og Vesterålen,
7,2017,10078,Mjånes,ikke-medikamentell,,,,,,hele lokaliteten,1411,GULEN,14,Sogn og Fjordane,60.997734,5.0304,4,Nordhordaland til Stadt,
7,2017,12047,Mjåneset,ikke-medikamentell,,,,,,hele lokaliteten,1241,FUSA,12,Hordaland,60.176,5.7244,3,Karmøy til Sotra,
7,2017,29957,Nakkestad,rensefisk,,,1694,Grøngylt,2500,hele lokaliteten,1032,LYNGDAL,10,Vest-Agder,58.055832,7.06875,1,Svenskegrensen til Jæren,
7,2017,29957,Nakkestad,rensefisk,,,1693,Bergnebb,11000,hele lokaliteten,1032,LYNGDAL,10,Vest-Agder,58.055832,7.06875,1,Svenskegrensen til Jæren,
7,2017,33937,Nørholmen,medikamentell,badebehandling,Annet virkestoff,,,,deler av lokaliteten,1573,SMØLA,15,Møre og Romsdal,63.338917,8.2718,6,Nordmøre og Sør-Trøndelag,
7,2017,33937,Nørholmen,ikke-medikamentell,,,,,,deler av lokaliteten,1573,SMØLA,15,Møre og Romsdal,63.338917,8.2718,6,Nordmøre og Sør-Trøndelag,
7,2017,13020,Nygård,ikke-medikamentell,,,,,,deler av lokaliteten,1242,SAMNANGER,12,Hordaland,60.358067,5.683283,3,Karmøy til Sotra,
7,2017,19655,Ospeneset,medikamentell,badebehandling,Annet virkestoff,,,,hele lokaliteten,1263,LINDÅS,12,Hordaland,60.74618,5.2701,4,Nordhordaland til Stadt,
7,2017,19655,Ospeneset,ikke-medikamentell,,,,,,hele lokaliteten,1263,LINDÅS,12,Hordaland,60.74618,5.2701,4,Nordhordaland til Stadt,
7,2017,33417,Persflua,rensefisk,,,2221,Rognkjeks (felles),44998,deler av lokaliteten,1627,BJUGN,16,Sør-Trøndelag,63.91345,9.826433,6,Nordmøre og Sør-Trøndelag,
7,2017,30657,Revøy,rensefisk,,,1693,Bergnebb,16000,hele lokaliteten,1032,LYNGDAL,10,Vest-Agder,58.0243,7.0268,1,Svenskegrensen til Jæren,
7,2017,12784,Ringholmen,rensefisk,,,222120,Rognkjeks (hun),7793,deler av lokaliteten,1613,SNILLFJORD,16,Sør-Trøndelag,63.56,9.41005,6,Nordmøre og Sør-Trøndelag,
7,2017,12003,Rossholmen N,ikke-medikamentell,,,,,,hele lokaliteten,1142,RENNESØY,11,Rogaland,59.06428,5.722617,2,Ryfylke,
7,2017,11888,Sandvik,medikamentell,badebehandling,Hydrogenperoksid,,,,hele lokaliteten,1134,SULDAL,11,Rogaland,59.31445,6.170917,2,Ryfylke,
7,2017,12244,Setevika,rensefisk,,,222120,Rognkjeks (hun),7690,hele lokaliteten,1545,MIDSUND,15,Møre og Romsdal,62.728065,6.939283,5,Stadt til Hustadvika,
7,2017,33017,Setevika N,rensefisk,,,222120,Rognkjeks (hun),8791,hele lokaliteten,1545,MIDSUND,15,Møre og Romsdal,62.73835,6.937667,5,Stadt til Hustadvika,
7,2017,13531,Skogshavn,medikamentell,badebehandling,Deltamethrin,,,,hele lokaliteten,1926,DYRØY,19,Troms,69.09098,17.514784,10,Andøya til Senja,
7,2017,12108,Skorpo Nv,rensefisk,,,222120,Rognkjeks (hun),38520,deler av lokaliteten,1224,KVINNHERAD,12,Hordaland,59.95323,5.827133,3,Karmøy til Sotra,
7,2017,28096,Slåttenes,medikamentell,badebehandling,Azamethiphos,,,,hele lokaliteten,1224,KVINNHERAD,12,Hordaland,59.83222,5.984267,3,Karmøy til Sotra,
7,2017,12081,Straumneset,medikamentell,badebehandling,Annet virkestoff,,,,hele lokaliteten,1227,JONDAL,12,Hordaland,60.220966,6.139567,3,Karmøy til Sotra,
7,2017,36100,Suholmen,rensefisk,,,222120,Rognkjeks (hun),26978,hele lokaliteten,1573,SMØLA,15,Møre og Romsdal,63.494934,8.02235,6,Nordmøre og Sør-Trøndelag,
7,2017,11144,Svinvær,medikamentell,badebehandling,Hydrogenperoksid,,,,deler av lokaliteten,1836,RØDØY,18,Nordland,66.76923,13.170633,8,Helgeland til Bodø,
7,2017,14678,Uvåg,medikamentell,badebehandling,Hydrogenperoksid,,,,hele lokaliteten,1867,BØ I NORDLAND,18,Nordland,68.6599,14.67875,9,Vestfjorden og Vesterålen,
7,2017,10091,Vågsøya,ikke-medikamentell,,,,,,deler av lokaliteten,1401,FLORA,14,Sogn og Fjordane,61.489735,5.023517,4,Nordhordaland til Stadt,
7,2017,27315,Vikane 1,ikke-medikamentell,,,,,,hele lokaliteten,1227,JONDAL,12,Hordaland,60.26125,6.225083,3,Karmøy til Sotra,
6,2017,12982,Aldeøyna,medikamentell,fôrbehandling,Diflubenzuron,,,,hele lokaliteten,1428,ASKVOLL,14,Sogn og Fjordane,61.31025,4.76905,4,Nordhordaland til Stadt,
6,2017,12982,Aldeøyna,medikamentell,fôrbehandling,Diflubenzuron,,,,hele lokaliteten,1428,ASKVOLL,14,Sogn og Fjordane,61.31025,4.76905,4,Nordhordaland til Stadt,
6,2017,12982,Aldeøyna,medikamentell,fôrbehandling,Diflubenzuron,,,,hele lokaliteten,1428,ASKVOLL,14,Sogn og Fjordane,61.31025,4.76905,4,Nordhordaland til Stadt,
6,2017,12982,Aldeøyna,medikamentell,fôrbehandling,Diflubenzuron,,,,hele lokaliteten,1428,ASKVOLL,14,Sogn og Fjordane,61.31025,4.76905,4,Nordhordaland til Stadt,
6,2017,12982,Aldeøyna,medikamentell,fôrbehandling,Diflubenzuron,,,,hele lokaliteten,1428,ASKVOLL,14,Sogn og Fjordane,61.31025,4.76905,4,Nordhordaland til Stadt,
6,2017,12982,Aldeøyna,medikamentell,fôrbehandling,Diflubenzuron,,,,hele lokaliteten,1428,ASKVOLL,14,Sogn og Fjordane,61.31025,4.76905,4,Nordhordaland til Stadt,
6,2017,12982,Aldeøyna,medikamentell,fôrbehandling,Diflubenzuron,,,,hele lokaliteten,1428,ASKVOLL,14,Sogn og Fjordane,61.31025,4.76905,4,Nordhordaland til Stadt,
6,2017,12982,Aldeøyna,medikamentell,fôrbehandling,Diflubenzuron,,,,hele lokaliteten,1428,ASKVOLL,14,Sogn og Fjordane,61.31025,4.76905,4,Nordhordaland til Stadt,
6,2017,13563,Angelskår,ikke-medikamentell,,,,,,deler av lokaliteten,1253,OSTERØY,12,Hordaland,60.524418,5.3568,4,Nordhordaland til Stadt,
6,2017,32537,Baltsfjord,rensefisk,,,222120,Rognkjeks (hun),30589,deler av lokaliteten,1931,LENVIK,19,Troms,69.5463,17.7697,10,Andøya til Senja,
6,2017,11930,Bjelkavik,medikamentell,fôrbehandling,Emamectin benzoat,,,,deler av lokaliteten,1134,SULDAL,11,Rogaland,59.45165,5.991917,2,Ryfylke,
6,2017,12308,Bjørndal,ikke-medikamentell,,,,,,hele lokaliteten,1520,ØRSTA,15,Møre og Romsdal,62.274883,6.00285,5,Stadt til Hustadvika,
6,2017,11754,Bøøy,rensefisk,,,222120,Rognkjeks (hun),10000,deler av lokaliteten,1260,RADØY,12,Hordaland,60.727882,4.8641,4,Nordhordaland til Stadt,
6,2017,10223,Bremnessvaet,rensefisk,,,2221,Rognkjeks (felles),47633,deler av lokaliteten,1573,SMØLA,15,Møre og Romsdal,63.39795,8.214317,6,Nordmøre og Sør-Trøndelag,
6,2017,12466,Brettingen,rensefisk,,,2221,Rognkjeks (felles),14741,deler av lokaliteten,1573,SMØLA,15,Møre og Romsdal,63.3582,8.237267,6,Nordmøre og Sør-Trøndelag,
6,2017,11435,Bryggelandsholmane,medikamentell,fôrbehandling,Emamectin benzoat,,,,hele lokaliteten,1106,HAUGESUND,11,Rogaland,59.429016,5.096417,3,Karmøy til Sotra,
6,2017,12361,Bukkholmen S,rensefisk,,,222120,Rognkjeks (hun),15505,deler av lokaliteten,1620,FRØYA,16,Sør-Trøndelag,63.72368,8.8631,6,Nordmøre og Sør-Trøndelag,
6,2017,32457,Dalsvåg Nv,ikke-medikamentell,,,,,,deler av lokaliteten,1149,KARMØY,11,Rogaland,59.410816,5.21725,3,Karmøy til Sotra,
6,2017,10110,Djupevik,ikke-medikamentell,,,,,,deler av lokaliteten,1141,FINNØY,11,Rogaland,59.1474,5.863783,2,Ryfylke,
6,2017,12879,Endresetbukta,rensefisk,,,222120,Rognkjeks (hun),40082,hele lokaliteten,1505,KRISTIANSUND,15,Møre og Romsdal,63.03018,7.71615,6,Nordmøre og Sør-Trøndelag,
6,2017,10229,Fætten,ikke-medikamentell,,,,,,deler av lokaliteten,1571,HALSA,15,Møre og Romsdal,63.144585,8.459567,6,Nordmøre og Sør-Trøndelag,
6,2017,10229,Fætten,rensefisk,,,222120,Rognkjeks (hun),40547,deler av lokaliteten,1571,HALSA,15,Møre og Romsdal,63.144585,8.459567,6,Nordmøre og Sør-Trøndelag,
6,2017,12078,Gangdal,medikamentell,badebehandling,Annet virkestoff,,,,deler av lokaliteten,1227,JONDAL,12,Hordaland,60.215935,6.156667,3,Karmøy til Sotra,
6,2017,13852,Gjermundnes,rensefisk,,,222120,Rognkjeks (hun),29045,hele lokaliteten,1535,VESTNES,15,Møre og Romsdal,62.6275,7.192817,5,Stadt til Hustadvika,
6,2017,12265,Gudmundset,rensefisk,,,222120,Rognkjeks (hun),6000,hele lokaliteten,1529,SKODJE,15,Møre og Romsdal,62.45375,6.601283,5,Stadt til Hustadvika,
6,2017,18639,Halsavika,ikke-medikamentell,,,,,,deler av lokaliteten,1146,TYSVÆR,11,Rogaland,59.39232,5.883333,2,Ryfylke,
6,2017,31577,Haneholmen,medikamentell,fôrbehandling,Diflubenzuron,,,,deler av lokaliteten,1445,GLOPPEN,14,Sogn og Fjordane,61.84045,6.10055,4,Nordhordaland til Stadt,
6,2017,13643,Hjartholm,ikke-medikamentell,,,,,,deler av lokaliteten,1411,GULEN,14,Sogn og Fjordane,61.03512,5.33105,4,Nordhordaland til Stadt,
6,2017,25235,Humulen,rensefisk,,,2221,Rognkjeks (felles),16066,deler av lokaliteten,1750,VIKNA,17,Nord-Trøndelag,64.94605,11.372467,7,Nord-Trøndelag med Bindal,
6,2017,22915,Kalsøyflu,rensefisk,,,2221,Rognkjeks (felles),6600,deler av lokaliteten,1244,AUSTEVOLL,12,Hordaland,60.03818,5.114417,3,Karmøy til Sotra,
6,2017,13225,Kilaneset,medikamentell,badebehandling,Hydrogenperoksid,,,,hele lokaliteten,1134,SULDAL,11,Rogaland,59.31335,6.2672,2,Ryfylke,
6,2017,33577,Kjeholmen II,rensefisk,,,1694,Grøngylt,10000,hele lokaliteten,1003,FARSUND,10,Vest-Agder,58.06008,6.885683,1,Svenskegrensen til Jæren,
6,2017,33577,Kjeholmen II,rensefisk,,,1694,Grøngylt,7000,hele lokaliteten,1003,FARSUND,10,Vest-Agder,58.06008,6.885683,1,Svenskegrensen til Jæren,
6,2017,12980,Klubben,ikke-medikamentell,,,,,,hele lokaliteten,1412,SOLUND,14,Sogn og Fjordane,61.175716,5.0051,4,Nordhordaland til Stadt,
6,2017,14040,Krigsholmen,rensefisk,,,2221,Rognkjeks (felles),15000,hele lokaliteten,1244,AUSTEVOLL,12,Hordaland,60.081383,5.124117,3,Karmøy til Sotra,
6,2017,13831,Kvamme,ikke-medikamentell,,,,,,deler av lokaliteten,1253,OSTERØY,12,Hordaland,60.518333,5.3811,4,Nordhordaland til Stadt,
6,2017,11714,Kvernhusvika,medikamentell,fôrbehandling,Diflubenzuron,,,,hele lokaliteten,1412,SOLUND,14,Sogn og Fjordane,61.0678,4.94225,4,Nordhordaland til Stadt,
6,2017,10041,Kviksholmen,rensefisk,,,2221,Rognkjeks (felles),26600,deler av lokaliteten,1244,AUSTEVOLL,12,Hordaland,60.054317,5.090733,3,Karmøy til Sotra,
6,2017,13234,Kysnes,medikamentell,badebehandling,Annet virkestoff,,,,hele lokaliteten,1227,JONDAL,12,Hordaland,60.19877,6.09685,3,Karmøy til Sotra,
6,2017,12993,Lamøya,rensefisk,,,222120,Rognkjeks (hun),10357,deler av lokaliteten,1620,FRØYA,16,Sør-Trøndelag,63.732586,8.856378,6,Nordmøre og Sør-Trøndelag,
6,2017,28036,Langskjæran,rensefisk,,,2221,Rognkjeks (felles),57552,hele lokaliteten,1838,GILDESKÅL,18,Nordland,67.118385,13.898417,8,Helgeland til Bodø,
6,2017,12966,Lindvik,ikke-medikamentell,,,,,,deler av lokaliteten,1160,VINDAFJORD,11,Rogaland,59.474068,5.976433,2,Ryfylke,
6,2017,10137,Matland,rensefisk,,,2221,Rognkjeks (felles),1999,deler av lokaliteten,1241,FUSA,12,Hordaland,60.264084,5.6591,3,Karmøy til Sotra,
6,2017,12107,Molnes,medikamentell,fôrbehandling,Emamectin benzoat,,,,hele lokaliteten,1211,ETNE,12,Hordaland,59.719917,5.857983,3,Karmøy til Sotra,
6,2017,29957,Nakkestad,rensefisk,,,1694,Grøngylt,2500,hele lokaliteten,1032,LYNGDAL,10,Vest-Agder,58.055832,7.06875,1,Svenskegrensen til Jæren,
6,2017,29957,Nakkestad,rensefisk,,,1693,Bergnebb,11000,hele lokaliteten,1032,LYNGDAL,10,Vest-Agder,58.055832,7.06875,1,Svenskegrensen til Jæren,
6,2017,24937,Nebbo,ikke-medikamentell,,,,,,deler av lokaliteten,1224,KVINNHERAD,12,Hordaland,59.87075,5.725017,3,Karmøy til Sotra,
6,2017,14495,Nordeimsøyna,ikke-medikamentell,,,,,,deler av lokaliteten,1141,FINNØY,11,Rogaland,59.28695,5.812483,2,Ryfylke,
6,2017,11972,Prestholmane,ikke-medikamentell,,,,,,hele lokaliteten,1141,FINNØY,11,Rogaland,59.116768,5.8545,2,Ryfylke,
6,2017,29896,Renndalen,ikke-medikamentell,,,,,,hele lokaliteten,1571,HALSA,15,Møre og Romsdal,63.176167,8.616817,6,Nordmøre og Sør-Trøndelag,
6,2017,30657,Revøy,rensefisk,,,1693,Bergnebb,16000,hele lokaliteten,1032,LYNGDAL,10,Vest-Agder,58.0243,7.0268,1,Svenskegrensen til Jæren,
6,2017,11770,Rotøy,medikamentell,badebehandling,Annet virkestoff,,,,deler av lokaliteten,1259,ØYGARDEN,12,Hordaland,60.682816,4.759617,4,Nordhordaland til Stadt,
6,2017,33017,Setevika N,ikke-medikamentell,,,,,,hele lokaliteten,1545,MIDSUND,15,Møre og Romsdal,62.73835,6.937667,5,Stadt til Hustadvika,
6,2017,20115,Skjerholmen N,rensefisk,,,222120,Rognkjeks (hun),5712,deler av lokaliteten,1245,SUND,12,Hordaland,60.2496,5.174017,3,Karmøy til Sotra,
6,2017,14676,Slapøya N,medikamentell,fôrbehandling,Emamectin benzoat,,,,deler av lokaliteten,1827,DØNNA,18,Nordland,66.15808,12.38975,8,Helgeland til Bodø,
6,2017,27436,Solværet,ikke-medikamentell,,,,,,deler av lokaliteten,1573,SMØLA,15,Møre og Romsdal,63.255,7.856933,6,Nordmøre og Sør-Trøndelag,
6,2017,23055,Storvika V,medikamentell,badebehandling,Deltamethrin,,,,deler av lokaliteten,1926,DYRØY,19,Troms,69.0433,17.363234,10,Andøya til Senja,
6,2017,12081,Straumneset,medikamentell,badebehandling,Annet virkestoff,,,,hele lokaliteten,1227,JONDAL,12,Hordaland,60.220966,6.139567,3,Karmøy til Sotra,
6,2017,29376,Sundsøy,medikamentell,badebehandling,Hydrogenperoksid,,,,deler av lokaliteten,1827,DØNNA,18,Nordland,66.17637,12.770283,8,Helgeland til Bodø,
6,2017,13644,Tepstad,ikke-medikamentell,,,,,,deler av lokaliteten,1253,OSTERØY,12,Hordaland,60.553032,5.385317,4,Nordhordaland til Stadt,
6,2017,14081,Tveit,ikke-medikamentell,,,,,,deler av lokaliteten,1413,HYLLESTAD,14,Sogn og Fjordane,61.110085,5.340483,4,Nordhordaland til Stadt,
5,2017,13873,Barlingebotten,medikamentell,badebehandling,Annet virkestoff,,,,deler av lokaliteten,1266,MASFJORDEN,12,Hordaland,60.863083,5.364017,4,Nordhordaland til Stadt,
5,2017,25055,Bekksneset,ikke-medikamentell,,,,,,hele lokaliteten,1413,HYLLESTAD,14,Sogn og Fjordane,61.07662,5.38595,4,Nordhordaland til Stadt,
5,2017,13872,Bergsvik,medikamentell,badebehandling,Annet virkestoff,,,,deler av lokaliteten,1266,MASFJORDEN,12,Hordaland,60.86295,5.3474,4,Nordhordaland til Stadt,
5,2017,12040,Brandaskuta,medikamentell,fôrbehandling,Emamectin benzoat,,,,deler av lokaliteten,1224,KVINNHERAD,12,Hordaland,59.975735,5.909183,3,Karmøy til Sotra,
5,2017,10223,Bremnessvaet,medikamentell,badebehandling,Annet virkestoff,,,,deler av lokaliteten,1573,SMØLA,15,Møre og Romsdal,63.39795,8.214317,6,Nordmøre og Sør-Trøndelag,
5,2017,10223,Bremnessvaet,medikamentell,badebehandling,Annet virkestoff,,,,deler av lokaliteten,1573,SMØLA,15,Møre og Romsdal,63.39795,8.214317,6,Nordmøre og Sør-Trøndelag,
5,2017,10223,Bremnessvaet,ikke-medikamentell,,,,,,deler av lokaliteten,1573,SMØLA,15,Møre og Romsdal,63.39795,8.214317,6,Nordmøre og Sør-Trøndelag,
5,2017,11435,Bryggelandsholmane,medikamentell,fôrbehandling,Diflubenzuron,,,,hele lokaliteten,1106,HAUGESUND,11,Rogaland,59.429016,5.096417,3,Karmøy til Sotra,
5,2017,31038,Buarøy,rensefisk,,,222120,Rognkjeks (hun),16021,deler av lokaliteten,1245,SUND,12,Hordaland,60.220066,5.21455,3,Karmøy til Sotra,
5,2017,12361,Bukkholmen S,ikke-medikamentell,,,,,,deler av lokaliteten,1620,FRØYA,16,Sør-Trøndelag,63.72368,8.8631,6,Nordmøre og Sør-Trøndelag,
5,2017,32117,Dyrholmen Ø,ikke-medikamentell,,,,,,hele lokaliteten,1222,FITJAR,12,Hordaland,59.9332,5.239467,3,Karmøy til Sotra,
5,2017,12236,Endal Ø,ikke-medikamentell,,,,,,deler av lokaliteten,1438,BREMANGER,14,Sogn og Fjordane,61.9076,5.493317,4,Nordhordaland til Stadt,
5,2017,10229,Fætten,rensefisk,,,222120,Rognkjeks (hun),407,deler av lokaliteten,1571,HALSA,15,Møre og Romsdal,63.144585,8.459567,6,Nordmøre og Sør-Trøndelag,
5,2017,32597,Fjordprakken,ikke-medikamentell,,,,,,deler av lokaliteten,1573,SMØLA,15,Møre og Romsdal,63.256516,7.928067,6,Nordmøre og Sør-Trøndelag,
5,2017,25835,Flatøyflu,rensefisk,,,222120,Rognkjeks (hun),13549,deler av lokaliteten,1244,AUSTEVOLL,12,Hordaland,60.156033,5.2315,3,Karmøy til Sotra,
5,2017,12078,Gangdal,medikamentell,badebehandling,Annet virkestoff,,,,hele lokaliteten,1227,JONDAL,12,Hordaland,60.215935,6.156667,3,Karmøy til Sotra,
5,2017,31577,Haneholmen,medikamentell,fôrbehandling,Diflubenzuron,,,,deler av lokaliteten,1445,GLOPPEN,14,Sogn og Fjordane,61.84045,6.10055,4,Nordhordaland til Stadt,
5,2017,11920,Herøy,ikke-medikamentell,,,,,,deler av lokaliteten,1160,VINDAFJORD,11,Rogaland,59.4664,6.0262,2,Ryfylke,
5,2017,13643,Hjartholm,ikke-medikamentell,,,,,,deler av lokaliteten,1411,GULEN,14,Sogn og Fjordane,61.03512,5.33105,4,Nordhordaland til Stadt,
5,2017,33218,Hosenøyan,ikke-medikamentell,,,,,,deler av lokaliteten,1630,ÅFJORD,16,Sør-Trøndelag,64.08518,9.884683,6,Nordmøre og Sør-Trøndelag,
5,2017,25235,Humulen,ikke-medikamentell,,,,,,deler av lokaliteten,1750,VIKNA,17,Nord-Trøndelag,64.94605,11.372467,7,Nord-Trøndelag med Bindal,
5,2017,12599,Indre Skjervøy,medikamentell,badebehandling,Annet virkestoff,,,,deler av lokaliteten,1633,OSEN,16,Sør-Trøndelag,64.2858,10.30905,6,Nordmøre og Sør-Trøndelag,
5,2017,12599,Indre Skjervøy,ikke-medikamentell,,,,,,deler av lokaliteten,1633,OSEN,16,Sør-Trøndelag,64.2858,10.30905,6,Nordmøre og Sør-Trøndelag,
5,2017,12872,Kattholmen,rensefisk,,,222120,Rognkjeks (hun),7985,deler av lokaliteten,1505,KRISTIANSUND,15,Møre og Romsdal,63.055332,7.695317,6,Nordmøre og Sør-Trøndelag,
5,2017,33577,Kjeholmen II,rensefisk,,,1694,Grøngylt,10000,hele lokaliteten,1003,FARSUND,10,Vest-Agder,58.06008,6.885683,1,Svenskegrensen til Jæren,
5,2017,33577,Kjeholmen II,rensefisk,,,1694,Grøngylt,7000,hele lokaliteten,1003,FARSUND,10,Vest-Agder,58.06008,6.885683,1,Svenskegrensen til Jæren,
5,2017,12855,Kornstad,rensefisk,,,2221,Rognkjeks (felles),27643,deler av lokaliteten,1554,AVERØY,15,Møre og Romsdal,62.960384,7.45015,6,Nordmøre og Sør-Trøndelag,
5,2017,30297,Krabbholmen,rensefisk,,,222120,Rognkjeks (hun),21448,hele lokaliteten,1630,ÅFJORD,16,Sør-Trøndelag,63.94438,9.880667,6,Nordmøre og Sør-Trøndelag,
5,2017,33177,Krabbholmen II,rensefisk,,,222120,Rognkjeks (hun),31555,hele lokaliteten,1630,ÅFJORD,16,Sør-Trøndelag,63.94,9.886633,6,Nordmøre og Sør-Trøndelag,
5,2017,18217,Kvaløy Ø,medikamentell,badebehandling,Hydrogenperoksid,,,,deler av lokaliteten,1149,KARMØY,11,Rogaland,59.396633,5.171083,3,Karmøy til Sotra,
5,2017,11714,Kvernhusvika,medikamentell,fôrbehandling,Diflubenzuron,,,,hele lokaliteten,1412,SOLUND,14,Sogn og Fjordane,61.0678,4.94225,4,Nordhordaland til Stadt,
5,2017,13234,Kysnes,medikamentell,badebehandling,Annet virkestoff,,,,hele lokaliteten,1227,JONDAL,12,Hordaland,60.19877,6.09685,3,Karmøy til Sotra,
5,2017,13234,Kysnes,ikke-medikamentell,,,,,,hele lokaliteten,1227,JONDAL,12,Hordaland,60.19877,6.09685,3,Karmøy til Sotra,
5,2017,12993,Lamøya,ikke-medikamentell,,,,,,deler av lokaliteten,1620,FRØYA,16,Sør-Trøndelag,63.732586,8.856378,6,Nordmøre og Sør-Trøndelag,
5,2017,11116,Langholmen,ikke-medikamentell,,,,,,deler av lokaliteten,1838,GILDESKÅL,18,Nordland,67.05783,14.025333,8,Helgeland til Bodø,
5,2017,11116,Langholmen,rensefisk,,,2221,Rognkjeks (felles),206,deler av lokaliteten,1838,GILDESKÅL,18,Nordland,67.05783,14.025333,8,Helgeland til Bodø,
5,2017,13340,Leiholmane,ikke-medikamentell,,,,,,deler av lokaliteten,1411,GULEN,14,Sogn og Fjordane,60.982216,4.875017,4,Nordhordaland til Stadt,
5,2017,10840,Lille Kufjord,medikamentell,badebehandling,Deltamethrin,,,,deler av lokaliteten,2012,ALTA,20,Finnmark,70.34652,22.974916,12,Vest-Finnmark,
5,2017,12966,Lindvik,ikke-medikamentell,,,,,,deler av lokaliteten,1160,VINDAFJORD,11,Rogaland,59.474068,5.976433,2,Ryfylke,
5,2017,13549,Løypingneset,ikke-medikamentell,,,,,,hele lokaliteten,1438,BREMANGER,14,Sogn og Fjordane,61.819534,5.247667,4,Nordhordaland til Stadt,
5,2017,10137,Matland,medikamentell,badebehandling,Annet virkestoff,,,,hele lokaliteten,1241,FUSA,12,Hordaland,60.264084,5.6591,3,Karmøy til Sotra,
5,2017,13629,Munkholmen,medikamentell,badebehandling,Hydrogenperoksid,,,,deler av lokaliteten,1146,TYSVÆR,11,Rogaland,59.285484,5.631317,2,Ryfylke,
5,2017,29957,Nakkestad,rensefisk,,,1694,Grøngylt,2500,hele lokaliteten,1032,LYNGDAL,10,Vest-Agder,58.055832,7.06875,1,Svenskegrensen til Jæren,
5,2017,29957,Nakkestad,rensefisk,,,1693,Bergnebb,11000,hele lokaliteten,1032,LYNGDAL,10,Vest-Agder,58.055832,7.06875,1,Svenskegrensen til Jæren,
5,2017,34477,Nausttaren,ikke-medikamentell,,,,,,deler av lokaliteten,1633,OSEN,16,Sør-Trøndelag,64.389565,10.512533,6,Nordmøre og Sør-Trøndelag,
5,2017,14495,Nordeimsøyna,ikke-medikamentell,,,,,,deler av lokaliteten,1141,FINNØY,11,Rogaland,59.28695,5.812483,2,Ryfylke,
5,2017,33937,Nørholmen,medikamentell,badebehandling,Annet virkestoff,,,,hele lokaliteten,1573,SMØLA,15,Møre og Romsdal,63.338917,8.2718,6,Nordmøre og Sør-Trøndelag,
5,2017,33937,Nørholmen,ikke-medikamentell,,,,,,deler av lokaliteten,1573,SMØLA,15,Møre og Romsdal,63.338917,8.2718,6,Nordmøre og Sør-Trøndelag,
5,2017,13020,Nygård,ikke-medikamentell,,,,,,deler av lokaliteten,1242,SAMNANGER,12,Hordaland,60.358067,5.683283,3,Karmøy til Sotra,
5,2017,12071,Ommundsteigen,medikamentell,fôrbehandling,Emamectin benzoat,,,,hele lokaliteten,1134,SULDAL,11,Rogaland,59.55078,6.5131,2,Ryfylke,
5,2017,19875,Or,rensefisk,,,222120,Rognkjeks (hun),11976,hele lokaliteten,1505,KRISTIANSUND,15,Møre og Romsdal,63.040718,7.8497,6,Nordmøre og Sør-Trøndelag,
5,2017,31397,Oterneset,rensefisk,,,222120,Rognkjeks (hun),33836,deler av lokaliteten,1903,HARSTAD,19,Troms,68.929665,16.701433,10,Andøya til Senja,
5,2017,10149,Rafdal,medikamentell,badebehandling,Annet virkestoff,,,,hele lokaliteten,1211,ETNE,12,Hordaland,59.790916,6.176567,3,Karmøy til Sotra,
5,2017,30657,Revøy,rensefisk,,,1693,Bergnebb,16000,hele lokaliteten,1032,LYNGDAL,10,Vest-Agder,58.0243,7.0268,1,Svenskegrensen til Jæren,
5,2017,12784,Ringholmen,ikke-medikamentell,,,,,,deler av lokaliteten,1613,SNILLFJORD,16,Sør-Trøndelag,63.56,9.41005,6,Nordmøre og Sør-Trøndelag,
5,2017,12784,Ringholmen,rensefisk,,,222120,Rognkjeks (hun),14017,deler av lokaliteten,1613,SNILLFJORD,16,Sør-Trøndelag,63.56,9.41005,6,Nordmøre og Sør-Trøndelag,
5,2017,11964,Ringja,ikke-medikamentell,,,,,,deler av lokaliteten,1146,TYSVÆR,11,Rogaland,59.405468,5.8631,2,Ryfylke,
5,2017,11770,Rotøy,medikamentell,badebehandling,Annet virkestoff,,,,deler av lokaliteten,1259,ØYGARDEN,12,Hordaland,60.682816,4.759617,4,Nordhordaland til Stadt,
5,2017,12244,Setevika,ikke-medikamentell,,,,,,hele lokaliteten,1545,MIDSUND,15,Møre og Romsdal,62.728065,6.939283,5,Stadt til Hustadvika,
5,2017,20796,Skarbukta,ikke-medikamentell,,,,,,deler av lokaliteten,1539,RAUMA,15,Møre og Romsdal,62.59785,7.367717,5,Stadt til Hustadvika,
5,2017,25896,Skorpo,ikke-medikamentell,,,,,,deler av lokaliteten,1223,TYSNES,12,Hordaland,59.875767,5.638817,3,Karmøy til Sotra,
5,2017,14676,Slapøya N,medikamentell,fôrbehandling,Emamectin benzoat,,,,deler av lokaliteten,1827,DØNNA,18,Nordland,66.15808,12.38975,8,Helgeland til Bodø,
5,2017,14676,Slapøya N,rensefisk,,,2221,Rognkjeks (felles),18000,deler av lokaliteten,1827,DØNNA,18,Nordland,66.15808,12.38975,8,Helgeland til Bodø,
5,2017,35337,Småvær,medikamentell,badebehandling,Deltamethrin,,,,deler av lokaliteten,1902,TROMSØ,19,Troms,69.896866,18.486267,11,Kvaløya til Loppa,
5,2017,10974,Store Bukkøy N,rensefisk,,,222120,Rognkjeks (hun),4200,deler av lokaliteten,1834,LURØY,18,Nordland,66.40135,12.420717,8,Helgeland til Bodø,
5,2017,12081,Straumneset,medikamentell,badebehandling,Annet virkestoff,,,,hele lokaliteten,1227,JONDAL,12,Hordaland,60.220966,6.139567,3,Karmøy til Sotra,
5,2017,12081,Straumneset,ikke-medikamentell,,,,,,deler av lokaliteten,1227,JONDAL,12,Hordaland,60.220966,6.139567,3,Karmøy til Sotra,
5,2017,12074,Svåsandneset,ikke-medikamentell,,,,,,deler av lokaliteten,1227,JONDAL,12,Hordaland,60.32422,6.318983,3,Karmøy til Sotra,
5,2017,17575,Tollaksholmen,medikamentell,badebehandling,Hydrogenperoksid,,,,hele lokaliteten,1145,BOKN,11,Rogaland,59.2522,5.390517,2,Ryfylke,
5,2017,12839,Vindsnes,ikke-medikamentell,,,,,,hele lokaliteten,1524,NORDDAL,15,Møre og Romsdal,62.28505,7.279633,5,Stadt til Hustadvika,
5,2017,13226,Vindsvik,rensefisk,,,2221,Rognkjeks (felles),32650,hele lokaliteten,1133,HJELMELAND,11,Rogaland,59.299816,6.322467,2,Ryfylke,
4,2017,32017,Ånholmen,medikamentell,badebehandling,Hydrogenperoksid,,,,deler av lokaliteten,1748,FOSNES,17,Nord-Trøndelag,64.7198,11.461683,7,Nord-Trøndelag med Bindal,
4,2017,12178,Bjønnspjotneset,ikke-medikamentell,,,,,,hele lokaliteten,1416,HØYANGER,14,Sogn og Fjordane,61.098083,5.82545,4,Nordhordaland til Stadt,
4,2017,12040,Brandaskuta,medikamentell,fôrbehandling,Emamectin benzoat,,,,deler av lokaliteten,1224,KVINNHERAD,12,Hordaland,59.975735,5.909183,3,Karmøy til Sotra,
4,2017,10223,Bremnessvaet,medikamentell,badebehandling,Annet virkestoff,,,,hele lokaliteten,1573,SMØLA,15,Møre og Romsdal,63.39795,8.214317,6,Nordmøre og Sør-Trøndelag,
4,2017,10223,Bremnessvaet,ikke-medikamentell,,,,,,deler av lokaliteten,1573,SMØLA,15,Møre og Romsdal,63.39795,8.214317,6,Nordmøre og Sør-Trøndelag,
4,2017,11435,Bryggelandsholmane,medikamentell,fôrbehandling,Diflubenzuron,,,,hele lokaliteten,1106,HAUGESUND,11,Rogaland,59.429016,5.096417,3,Karmøy til Sotra,
4,2017,12007,Dale II,ikke-medikamentell,,,,,,hele lokaliteten,1142,RENNESØY,11,Rogaland,59.08215,5.71055,2,Ryfylke,
4,2017,32457,Dalsvåg Nv,medikamentell,badebehandling,Annet virkestoff,,,,deler av lokaliteten,1149,KARMØY,11,Rogaland,59.410816,5.21725,3,Karmøy til Sotra,
4,2017,32457,Dalsvåg Nv,medikamentell,badebehandling,Annet virkestoff,,,,deler av lokaliteten,1149,KARMØY,11,Rogaland,59.410816,5.21725,3,Karmøy til Sotra,
4,2017,32457,Dalsvåg Nv,medikamentell,badebehandling,Annet virkestoff,,,,deler av lokaliteten,1149,KARMØY,11,Rogaland,59.410816,5.21725,3,Karmøy til Sotra,
4,2017,14799,Djupestallen,ikke-medikamentell,,,,,,deler av lokaliteten,1223,TYSNES,12,Hordaland,60.058735,5.453,3,Karmøy til Sotra,
4,2017,21415,Dyrholmen,ikke-medikamentell,,,,,,deler av lokaliteten,1141,FINNØY,11,Rogaland,59.285484,5.8583,2,Ryfylke,
4,2017,10229,Fætten,ikke-medikamentell,,,,,,deler av lokaliteten,1571,HALSA,15,Møre og Romsdal,63.144585,8.459567,6,Nordmøre og Sør-Trøndelag,
4,2017,10229,Fætten,rensefisk,,,222120,Rognkjeks (hun),616,deler av lokaliteten,1571,HALSA,15,Møre og Romsdal,63.144585,8.459567,6,Nordmøre og Sør-Trøndelag,
4,2017,11833,Flåtegrunnen,rensefisk,,,2221,Rognkjeks (felles),25181,deler av lokaliteten,1401,FLORA,14,Sogn og Fjordane,61.57615,4.807333,4,Nordhordaland til Stadt,
4,2017,21055,Foldøy Ø,medikamentell,fôrbehandling,Annet virkestoff,,,,hele lokaliteten,1134,SULDAL,11,Rogaland,59.337482,5.987767,2,Ryfylke,
4,2017,12078,Gangdal,medikamentell,badebehandling,Annet virkestoff,,,,hele lokaliteten,1227,JONDAL,12,Hordaland,60.215935,6.156667,3,Karmøy til Sotra,
4,2017,13036,Gjengane,medikamentell,badebehandling,Annet virkestoff,,,,deler av lokaliteten,1244,AUSTEVOLL,12,Hordaland,60.071518,5.306383,3,Karmøy til Sotra,
4,2017,13036,Gjengane,ikke-medikamentell,,,,,,deler av lokaliteten,1244,AUSTEVOLL,12,Hordaland,60.071518,5.306383,3,Karmøy til Sotra,
4,2017,11365,Gjervika,medikamentell,badebehandling,Azamethiphos,,,,deler av lokaliteten,1927,TRANØY,19,Troms,69.050316,16.887266,10,Andøya til Senja,
4,2017,11365,Gjervika,medikamentell,badebehandling,Deltamethrin,,,,deler av lokaliteten,1927,TRANØY,19,Troms,69.050316,16.887266,10,Andøya til Senja,
4,2017,11365,Gjervika,medikamentell,badebehandling,Deltamethrin,,,,deler av lokaliteten,1927,TRANØY,19,Troms,69.050316,16.887266,10,Andøya til Senja,
4,2017,11771,Grisholmsundet,rensefisk,,,2221,Rognkjeks (felles),15000,hele lokaliteten,1265,FEDJE,12,Hordaland,60.792717,4.693633,4,Nordhordaland til Stadt,
4,2017,24735,Gulholmen,rensefisk,,,222120,Rognkjeks (hun),41882,hele lokaliteten,1243,OS I HORDALAND,12,Hordaland,60.1282,5.400467,3,Karmøy til Sotra,
4,2017,22095,Hågardsneset,ikke-medikamentell,,,,,,hele lokaliteten,1224,KVINNHERAD,12,Hordaland,59.9844,5.929967,3,Karmøy til Sotra,
4,2017,13235,Hessvik,ikke-medikamentell,,,,,,hele lokaliteten,1224,KVINNHERAD,12,Hordaland,60.127934,6.149933,3,Karmøy til Sotra,
4,2017,13643,Hjartholm,ikke-medikamentell,,,,,,deler av lokaliteten,1411,GULEN,14,Sogn og Fjordane,61.03512,5.33105,4,Nordhordaland til Stadt,
4,2017,12890,Høybuvika,rensefisk,,,222120,Rognkjeks (hun),22718,hele lokaliteten,1557,GJEMNES,15,Møre og Romsdal,62.9563,8.049217,6,Nordmøre og Sør-Trøndelag,
4,2017,25235,Humulen,ikke-medikamentell,,,,,,deler av lokaliteten,1750,VIKNA,17,Nord-Trøndelag,64.94605,11.372467,7,Nord-Trøndelag med Bindal,
4,2017,13236,Indre Oppedal,ikke-medikamentell,,,,,,hele lokaliteten,1411,GULEN,14,Sogn og Fjordane,61.067883,5.563833,4,Nordhordaland til Stadt,
4,2017,12224,Isane,rensefisk,,,2221,Rognkjeks (felles),18200,hele lokaliteten,1438,BREMANGER,14,Sogn og Fjordane,61.876534,5.722767,4,Nordhordaland til Stadt,
4,2017,10087,Kalvøya N,ikke-medikamentell,,,,,,hele lokaliteten,1428,ASKVOLL,14,Sogn og Fjordane,61.319366,4.707167,4,Nordhordaland til Stadt,
4,2017,33577,Kjeholmen II,rensefisk,,,1694,Grøngylt,10000,hele lokaliteten,1003,FARSUND,10,Vest-Agder,58.06008,6.885683,1,Svenskegrensen til Jæren,
4,2017,33577,Kjeholmen II,rensefisk,,,1694,Grøngylt,7000,hele lokaliteten,1003,FARSUND,10,Vest-Agder,58.06008,6.885683,1,Svenskegrensen til Jæren,
4,2017,11652,Kjeppevikholmen,ikke-medikamentell,,,,,,hele lokaliteten,1256,MELAND,12,Hordaland,60.54283,5.0378,4,Nordhordaland til Stadt,
4,2017,24455,Klavelandet,rensefisk,,,2221,Rognkjeks (felles),18800,deler av lokaliteten,1401,FLORA,14,Sogn og Fjordane,61.60395,5.186533,4,Nordhordaland til Stadt,
4,2017,11534,Klungsholmen,rensefisk,,,222120,Rognkjeks (hun),20559,hele lokaliteten,1219,BØMLO,12,Hordaland,59.596783,5.161567,3,Karmøy til Sotra,
4,2017,12239,Kråknes,medikamentell,badebehandling,Annet virkestoff,,,,hele lokaliteten,1547,AUKRA,15,Møre og Romsdal,62.83145,6.962733,5,Stadt til Hustadvika,
4,2017,12239,Kråknes,ikke-medikamentell,,,,,,deler av lokaliteten,1547,AUKRA,15,Møre og Romsdal,62.83145,6.962733,5,Stadt til Hustadvika,
4,2017,32518,Kuøyna,ikke-medikamentell,,,,,,deler av lokaliteten,1411,GULEN,14,Sogn og Fjordane,60.996983,4.897467,4,Nordhordaland til Stadt,
4,2017,18217,Kvaløy Ø,medikamentell,badebehandling,Hydrogenperoksid,,,,deler av lokaliteten,1149,KARMØY,11,Rogaland,59.396633,5.171083,3,Karmøy til Sotra,
4,2017,15860,Kvenbukta V,medikamentell,badebehandling,Azamethiphos,,,,hele lokaliteten,1928,TORSKEN,19,Troms,69.23299,17.089382,10,Andøya til Senja,
4,2017,11714,Kvernhusvika,medikamentell,fôrbehandling,Diflubenzuron,,,,hele lokaliteten,1412,SOLUND,14,Sogn og Fjordane,61.0678,4.94225,4,Nordhordaland til Stadt,
4,2017,13234,Kysnes,medikamentell,badebehandling,Annet virkestoff,,,,hele lokaliteten,1227,JONDAL,12,Hordaland,60.19877,6.09685,3,Karmøy til Sotra,
4,2017,12993,Lamøya,ikke-medikamentell,,,,,,deler av lokaliteten,1620,FRØYA,16,Sør-Trøndelag,63.732586,8.856378,6,Nordmøre og Sør-Trøndelag,
4,2017,11116,Langholmen,rensefisk,,,2221,Rognkjeks (felles),1530,deler av lokaliteten,1838,GILDESKÅL,18,Nordland,67.05783,14.025333,8,Helgeland til Bodø,
4,2017,13549,Løypingneset,ikke-medikamentell,,,,,,hele lokaliteten,1438,BREMANGER,14,Sogn og Fjordane,61.819534,5.247667,4,Nordhordaland til Stadt,
4,2017,13541,Midtflua,ikke-medikamentell,,,,,,deler av lokaliteten,1223,TYSNES,12,Hordaland,60.076267,5.466533,3,Karmøy til Sotra,
4,2017,11772,Moldøyosen,rensefisk,,,2221,Rognkjeks (felles),15000,hele lokaliteten,1265,FEDJE,12,Hordaland,60.789635,4.70075,4,Nordhordaland til Stadt,
4,2017,29957,Nakkestad,rensefisk,,,1694,Grøngylt,2500,hele lokaliteten,1032,LYNGDAL,10,Vest-Agder,58.055832,7.06875,1,Svenskegrensen til Jæren,
4,2017,29957,Nakkestad,rensefisk,,,1693,Bergnebb,11000,hele lokaliteten,1032,LYNGDAL,10,Vest-Agder,58.055832,7.06875,1,Svenskegrensen til Jæren,
4,2017,10213,Naustneset,rensefisk,,,222120,Rognkjeks (hun),3665,deler av lokaliteten,1557,GJEMNES,15,Møre og Romsdal,62.9424,8.0756,6,Nordmøre og Sør-Trøndelag,
4,2017,14495,Nordeimsøyna,ikke-medikamentell,,,,,,deler av lokaliteten,1141,FINNØY,11,Rogaland,59.28695,5.812483,2,Ryfylke,
4,2017,10181,Oksebåsen V,ikke-medikamentell,,,,,,deler av lokaliteten,1532,GISKE,15,Møre og Romsdal,62.5174,6.15805,5,Stadt til Hustadvika,
4,2017,12071,Ommundsteigen,medikamentell,fôrbehandling,Emamectin benzoat,,,,hele lokaliteten,1134,SULDAL,11,Rogaland,59.55078,6.5131,2,Ryfylke,
4,2017,10197,Opshaugvik,ikke-medikamentell,,,,,,hele lokaliteten,1525,STRANDA,15,Møre og Romsdal,62.28765,6.990333,5,Stadt til Hustadvika,
4,2017,30657,Revøy,rensefisk,,,1693,Bergnebb,16000,hele lokaliteten,1032,LYNGDAL,10,Vest-Agder,58.0243,7.0268,1,Svenskegrensen til Jæren,
4,2017,12784,Ringholmen,rensefisk,,,222120,Rognkjeks (hun),7172,deler av lokaliteten,1613,SNILLFJORD,16,Sør-Trøndelag,63.56,9.41005,6,Nordmøre og Sør-Trøndelag,
4,2017,11770,Rotøy,medikamentell,badebehandling,Annet virkestoff,,,,deler av lokaliteten,1259,ØYGARDEN,12,Hordaland,60.682816,4.759617,4,Nordhordaland til Stadt,
4,2017,31677,Sandholmane,rensefisk,,,2221,Rognkjeks (felles),48171,deler av lokaliteten,1546,SANDØY,15,Møre og Romsdal,62.796284,6.669933,5,Stadt til Hustadvika,
4,2017,13035,Sauaneset I,ikke-medikamentell,,,,,,deler av lokaliteten,1244,AUSTEVOLL,12,Hordaland,60.089085,5.267967,3,Karmøy til Sotra,
4,2017,10398,Seiskjæra,ikke-medikamentell,,,,,,deler av lokaliteten,1630,ÅFJORD,16,Sør-Trøndelag,64.09225,10.115983,6,Nordmøre og Sør-Trøndelag,
4,2017,18657,Skredstivik,ikke-medikamentell,,,,,,deler av lokaliteten,1413,HYLLESTAD,14,Sogn og Fjordane,61.1567,5.133983,4,Nordhordaland til Stadt,
4,2017,14676,Slapøya N,medikamentell,fôrbehandling,Emamectin benzoat,,,,deler av lokaliteten,1827,DØNNA,18,Nordland,66.15808,12.38975,8,Helgeland til Bodø,
4,2017,35337,Småvær,medikamentell,badebehandling,Deltamethrin,,,,deler av lokaliteten,1902,TROMSØ,19,Troms,69.896866,18.486267,11,Kvaløya til Loppa,
4,2017,10974,Store Bukkøy N,rensefisk,,,222120,Rognkjeks (hun),4200,deler av lokaliteten,1834,LURØY,18,Nordland,66.40135,12.420717,8,Helgeland til Bodø,
4,2017,10839,Store Kufjord,medikamentell,badebehandling,Deltamethrin,,,,hele lokaliteten,2012,ALTA,20,Finnmark,70.35332,23.079117,12,Vest-Finnmark,
4,2017,10753,Strandmo,medikamentell,badebehandling,Cypermethrin,,,,deler av lokaliteten,1936,KARLSØY,19,Troms,69.8813,19.434532,11,Kvaløya til Loppa,
4,2017,12081,Straumneset,medikamentell,badebehandling,Annet virkestoff,,,,hele lokaliteten,1227,JONDAL,12,Hordaland,60.220966,6.139567,3,Karmøy til Sotra,
4,2017,15517,Tinnlandet,medikamentell,badebehandling,Annet virkestoff,,,,deler av lokaliteten,2004,HAMMERFEST,20,Finnmark,70.5295,23.2287,12,Vest-Finnmark,
4,2017,10091,Vågsøya,ikke-medikamentell,,,,,,deler av lokaliteten,1401,FLORA,14,Sogn og Fjordane,61.489735,5.023517,4,Nordhordaland til Stadt,
4,2017,32337,Veiesund,rensefisk,,,2221,Rognkjeks (felles),50000,deler av lokaliteten,1401,FLORA,14,Sogn og Fjordane,61.572067,5.0466,4,Nordhordaland til Stadt,
3,2017,10331,Åkre,ikke-medikamentell,,,,,,deler av lokaliteten,1224,KVINNHERAD,12,Hordaland,60.112434,6.042483,3,Karmøy til Sotra,
3,2017,13873,Barlingebotten,medikamentell,badebehandling,Annet virkestoff,,,,deler av lokaliteten,1266,MASFJORDEN,12,Hordaland,60.863083,5.364017,4,Nordhordaland til Stadt,
3,2017,13872,Bergsvik,medikamentell,badebehandling,Annet virkestoff,,,,deler av lokaliteten,1266,MASFJORDEN,12,Hordaland,60.86295,5.3474,4,Nordhordaland til Stadt,
3,2017,11754,Bøøy,medikamentell,fôrbehandling,Emamectin benzoat,,,,hele lokaliteten,1260,RADØY,12,Hordaland,60.727882,4.8641,4,Nordhordaland til Stadt,
3,2017,15796,Borgarliflot,medikamentell,badebehandling,Hydrogenperoksid,,,,deler av lokaliteten,1134,SULDAL,11,Rogaland,59.3892,5.924733,2,Ryfylke,
3,2017,12040,Brandaskuta,rensefisk,,,2221,Rognkjeks (felles),28500,deler av lokaliteten,1224,KVINNHERAD,12,Hordaland,59.975735,5.909183,3,Karmøy til Sotra,
3,2017,13765,Breiviken,rensefisk,,,2221,Rognkjeks (felles),15000,hele lokaliteten,1834,LURØY,18,Nordland,66.46165,12.958033,8,Helgeland til Bodø,
3,2017,11435,Bryggelandsholmane,medikamentell,fôrbehandling,Diflubenzuron,,,,hele lokaliteten,1106,HAUGESUND,11,Rogaland,59.429016,5.096417,3,Karmøy til Sotra,
3,2017,21336,Djupeleget,rensefisk,,,2221,Rognkjeks (felles),6050,deler av lokaliteten,1416,HØYANGER,14,Sogn og Fjordane,61.16942,5.807467,4,Nordhordaland til Stadt,
3,2017,20455,Djupevika,ikke-medikamentell,,,,,,hele lokaliteten,1224,KVINNHERAD,12,Hordaland,60.0406,6.010917,3,Karmøy til Sotra,
3,2017,13711,Dyvika,medikamentell,badebehandling,Azamethiphos,,,,hele lokaliteten,1428,ASKVOLL,14,Sogn og Fjordane,61.478584,5.375967,4,Nordhordaland til Stadt,
3,2017,13711,Dyvika,ikke-medikamentell,,,,,,hele lokaliteten,1428,ASKVOLL,14,Sogn og Fjordane,61.478584,5.375967,4,Nordhordaland til Stadt,
3,2017,32677,Espnestaren,ikke-medikamentell,,,,,,deler av lokaliteten,1620,FRØYA,16,Sør-Trøndelag,63.678017,8.66685,6,Nordmøre og Sør-Trøndelag,
3,2017,32597,Fjordprakken,ikke-medikamentell,,,,,,deler av lokaliteten,1573,SMØLA,15,Møre og Romsdal,63.256516,7.928067,6,Nordmøre og Sør-Trøndelag,
3,2017,11833,Flåtegrunnen,ikke-medikamentell,,,,,,deler av lokaliteten,1401,FLORA,14,Sogn og Fjordane,61.57615,4.807333,4,Nordhordaland til Stadt,
3,2017,21055,Foldøy Ø,medikamentell,fôrbehandling,Annet virkestoff,,,,hele lokaliteten,1134,SULDAL,11,Rogaland,59.337482,5.987767,2,Ryfylke,
3,2017,13874,Fyllingsnes S,ikke-medikamentell,,,,,,hele lokaliteten,1263,LINDÅS,12,Hordaland,60.5821,5.4001,4,Nordhordaland til Stadt,
3,2017,12078,Gangdal,medikamentell,badebehandling,Annet virkestoff,,,,hele lokaliteten,1227,JONDAL,12,Hordaland,60.215935,6.156667,3,Karmøy til Sotra,
3,2017,13036,Gjengane,ikke-medikamentell,,,,,,deler av lokaliteten,1244,AUSTEVOLL,12,Hordaland,60.071518,5.306383,3,Karmøy til Sotra,
3,2017,34017,Hilbåan,ikke-medikamentell,,,,,,hele lokaliteten,1617,HITRA,16,Sør-Trøndelag,63.6686,8.844717,6,Nordmøre og Sør-Trøndelag,
3,2017,13643,Hjartholm,ikke-medikamentell,,,,,,deler av lokaliteten,1411,GULEN,14,Sogn og Fjordane,61.03512,5.33105,4,Nordhordaland til Stadt,
3,2017,33957,Hofsøya,rensefisk,,,222120,Rognkjeks (hun),59772,deler av lokaliteten,1620,FRØYA,16,Sør-Trøndelag,63.722168,8.913317,6,Nordmøre og Sør-Trøndelag,
3,2017,12871,Hogsnes,rensefisk,,,222120,Rognkjeks (hun),16719,hele lokaliteten,1554,AVERØY,15,Møre og Romsdal,63.093033,7.675883,6,Nordmøre og Sør-Trøndelag,
3,2017,30377,Hogsneset N,rensefisk,,,222120,Rognkjeks (hun),16276,hele lokaliteten,1554,AVERØY,15,Møre og Romsdal,63.099934,7.670267,6,Nordmøre og Sør-Trøndelag,
3,2017,33218,Hosenøyan,ikke-medikamentell,,,,,,deler av lokaliteten,1630,ÅFJORD,16,Sør-Trøndelag,64.08518,9.884683,6,Nordmøre og Sør-Trøndelag,
3,2017,13225,Kilaneset,medikamentell,fôrbehandling,Emamectin benzoat,,,,hele lokaliteten,1134,SULDAL,11,Rogaland,59.31335,6.2672,2,Ryfylke,
3,2017,33577,Kjeholmen II,rensefisk,,,1694,Grøngylt,10000,hele lokaliteten,1003,FARSUND,10,Vest-Agder,58.06008,6.885683,1,Svenskegrensen til Jæren,
3,2017,33577,Kjeholmen II,rensefisk,,,1694,Grøngylt,7000,hele lokaliteten,1003,FARSUND,10,Vest-Agder,58.06008,6.885683,1,Svenskegrensen til Jæren,
3,2017,11809,Krabbestig,medikamentell,badebehandling,Annet virkestoff,,,,hele lokaliteten,1439,VÅGSØY,14,Sogn og Fjordane,61.894566,5.0616,4,Nordhordaland til Stadt,
3,2017,11633,Krossholmen,rensefisk,,,2221,Rognkjeks (felles),49136,hele lokaliteten,1219,BØMLO,12,Hordaland,59.7879,5.100533,3,Karmøy til Sotra,
3,2017,10041,Kviksholmen,ikke-medikamentell,,,,,,deler av lokaliteten,1244,AUSTEVOLL,12,Hordaland,60.054317,5.090733,3,Karmøy til Sotra,
3,2017,13234,Kysnes,medikamentell,badebehandling,Annet virkestoff,,,,deler av lokaliteten,1227,JONDAL,12,Hordaland,60.19877,6.09685,3,Karmøy til Sotra,
3,2017,10080,Laksevika,ikke-medikamentell,,,,,,hele lokaliteten,1256,MELAND,12,Hordaland,60.53015,5.11575,4,Nordhordaland til Stadt,
3,2017,12993,Lamøya,rensefisk,,,222120,Rognkjeks (hun),11000,deler av lokaliteten,1620,FRØYA,16,Sør-Trøndelag,63.732586,8.856378,6,Nordmøre og Sør-Trøndelag,
3,2017,24715,Langholmen,ikke-medikamentell,,,,,,hele lokaliteten,1141,FINNØY,11,Rogaland,59.097282,5.835917,2,Ryfylke,
3,2017,34257,Lekafjorden II,rensefisk,,,222120,Rognkjeks (hun),19435,deler av lokaliteten,1755,LEKA,17,Nord-Trøndelag,65.07878,11.724033,7,Nord-Trøndelag med Bindal,
3,2017,13550,Marøy Nø,ikke-medikamentell,,,,,,hele lokaliteten,1438,BREMANGER,14,Sogn og Fjordane,61.847935,5.295383,4,Nordhordaland til Stadt,
3,2017,29957,Nakkestad,rensefisk,,,1694,Grøngylt,2500,hele lokaliteten,1032,LYNGDAL,10,Vest-Agder,58.055832,7.06875,1,Svenskegrensen til Jæren,
3,2017,29957,Nakkestad,rensefisk,,,1693,Bergnebb,11000,hele lokaliteten,1032,LYNGDAL,10,Vest-Agder,58.055832,7.06875,1,Svenskegrensen til Jæren,
3,2017,13020,Nygård,ikke-medikamentell,,,,,,deler av lokaliteten,1242,SAMNANGER,12,Hordaland,60.358067,5.683283,3,Karmøy til Sotra,
3,2017,10197,Opshaugvik,ikke-medikamentell,,,,,,hele lokaliteten,1525,STRANDA,15,Møre og Romsdal,62.28765,6.990333,5,Stadt til Hustadvika,
3,2017,17235,Ørnes,rensefisk,,,2221,Rognkjeks (felles),25000,hele lokaliteten,1834,LURØY,18,Nordland,66.42008,13.018033,8,Helgeland til Bodø,
3,2017,11738,Otterholmen,medikamentell,fôrbehandling,Emamectin benzoat,,,,hele lokaliteten,1260,RADØY,12,Hordaland,60.686417,4.908683,4,Nordhordaland til Stadt,
3,2017,33417,Persflua,ikke-medikamentell,,,,,,deler av lokaliteten,1627,BJUGN,16,Sør-Trøndelag,63.91345,9.826433,6,Nordmøre og Sør-Trøndelag,
3,2017,11972,Prestholmane,ikke-medikamentell,,,,,,deler av lokaliteten,1141,FINNØY,11,Rogaland,59.116768,5.8545,2,Ryfylke,
3,2017,10149,Rafdal,medikamentell,fôrbehandling,Emamectin benzoat,,,,hele lokaliteten,1211,ETNE,12,Hordaland,59.790916,6.176567,3,Karmøy til Sotra,
3,2017,30657,Revøy,rensefisk,,,1693,Bergnebb,16000,hele lokaliteten,1032,LYNGDAL,10,Vest-Agder,58.0243,7.0268,1,Svenskegrensen til Jæren,
3,2017,12209,Rønstad,rensefisk,,,2221,Rognkjeks (felles),48140,deler av lokaliteten,1519,VOLDA,15,Møre og Romsdal,62.135117,6.021433,5,Stadt til Hustadvika,
3,2017,11770,Rotøy,medikamentell,badebehandling,Annet virkestoff,,,,deler av lokaliteten,1259,ØYGARDEN,12,Hordaland,60.682816,4.759617,4,Nordhordaland til Stadt,
3,2017,13887,Røytholmen Ø,rensefisk,,,222120,Rognkjeks (hun),20210,deler av lokaliteten,1617,HITRA,16,Sør-Trøndelag,63.6177,9.130033,6,Nordmøre og Sør-Trøndelag,
3,2017,11888,Sandvik,medikamentell,fôrbehandling,Emamectin benzoat,,,,hele lokaliteten,1134,SULDAL,11,Rogaland,59.31445,6.170917,2,Ryfylke,
3,2017,13243,Sandvika,rensefisk,,,2221,Rognkjeks (felles),14200,deler av lokaliteten,1519,VOLDA,15,Møre og Romsdal,62.195667,5.904417,5,Stadt til Hustadvika,
3,2017,10398,Seiskjæra,ikke-medikamentell,,,,,,deler av lokaliteten,1630,ÅFJORD,16,Sør-Trøndelag,64.09225,10.115983,6,Nordmøre og Sør-Trøndelag,
3,2017,13706,Seljeset,rensefisk,,,2221,Rognkjeks (felles),13031,hele lokaliteten,1401,FLORA,14,Sogn og Fjordane,61.580868,5.243233,4,Nordhordaland til Stadt,
3,2017,34117,Skåtholmen,ikke-medikamentell,,,,,,deler av lokaliteten,1241,FUSA,12,Hordaland,60.17177,5.563633,3,Karmøy til Sotra,
3,2017,12108,Skorpo Nv,ikke-medikamentell,,,,,,deler av lokaliteten,1224,KVINNHERAD,12,Hordaland,59.95323,5.827133,3,Karmøy til Sotra,
3,2017,18657,Skredstivik,ikke-medikamentell,,,,,,deler av lokaliteten,1413,HYLLESTAD,14,Sogn og Fjordane,61.1567,5.133983,4,Nordhordaland til Stadt,
3,2017,14676,Slapøya N,medikamentell,fôrbehandling,Emamectin benzoat,,,,deler av lokaliteten,1827,DØNNA,18,Nordland,66.15808,12.38975,8,Helgeland til Bodø,
3,2017,14676,Slapøya N,ikke-medikamentell,,,,,,deler av lokaliteten,1827,DØNNA,18,Nordland,66.15808,12.38975,8,Helgeland til Bodø,
3,2017,27436,Solværet,rensefisk,,,222120,Rognkjeks (hun),42531,hele lokaliteten,1573,SMØLA,15,Møre og Romsdal,63.255,7.856933,6,Nordmøre og Sør-Trøndelag,
3,2017,31338,Storskjeret,ikke-medikamentell,,,,,,deler av lokaliteten,1576,AURE,15,Møre og Romsdal,63.26985,8.228283,6,Nordmøre og Sør-Trøndelag,
3,2017,12081,Straumneset,medikamentell,badebehandling,Annet virkestoff,,,,deler av lokaliteten,1227,JONDAL,12,Hordaland,60.220966,6.139567,3,Karmøy til Sotra,
3,2017,12074,Svåsandneset,ikke-medikamentell,,,,,,deler av lokaliteten,1227,JONDAL,12,Hordaland,60.32422,6.318983,3,Karmøy til Sotra,
3,2017,15517,Tinnlandet,medikamentell,badebehandling,Annet virkestoff,,,,deler av lokaliteten,2004,HAMMERFEST,20,Finnmark,70.5295,23.2287,12,Vest-Finnmark,
3,2017,10054,Tobbeholmane,ikke-medikamentell,,,,,,deler av lokaliteten,1244,AUSTEVOLL,12,Hordaland,60.02432,5.30815,3,Karmøy til Sotra,
3,2017,10332,Trommo,ikke-medikamentell,,,,,,hele lokaliteten,1224,KVINNHERAD,12,Hordaland,60.08243,6.080067,3,Karmøy til Sotra,
3,2017,14081,Tveit,ikke-medikamentell,,,,,,deler av lokaliteten,1413,HYLLESTAD,14,Sogn og Fjordane,61.110085,5.340483,4,Nordhordaland til Stadt,
3,2017,10091,Vågsøya,ikke-medikamentell,,,,,,deler av lokaliteten,1401,FLORA,14,Sogn og Fjordane,61.489735,5.023517,4,Nordhordaland til Stadt,
3,2017,36337,Vardskjæret S,rensefisk,,,222120,Rognkjeks (hun),8000,hele lokaliteten,1834,LURØY,18,Nordland,66.35017,12.469267,8,Helgeland til Bodø,
3,2017,11338,Ytre Stræte,medikamentell,fôrbehandling,Emamectin benzoat,,,,hele lokaliteten,1913,SKÅNLAND,19,Troms,68.71948,17.138817,10,Andøya til Senja,
2,2017,29816,Apalvikneset,medikamentell,fôrbehandling,Diflubenzuron,,,,deler av lokaliteten,1227,JONDAL,12,Hordaland,60.146217,6.121133,3,Karmøy til Sotra,
2,2017,32537,Baltsfjord,medikamentell,badebehandling,Hydrogenperoksid,,,,deler av lokaliteten,1931,LENVIK,19,Troms,69.5463,17.7697,10,Andøya til Senja,
2,2017,13873,Barlingebotten,medikamentell,badebehandling,Annet virkestoff,,,,deler av lokaliteten,1266,MASFJORDEN,12,Hordaland,60.863083,5.364017,4,Nordhordaland til Stadt,
2,2017,13872,Bergsvik,medikamentell,badebehandling,Annet virkestoff,,,,deler av lokaliteten,1266,MASFJORDEN,12,Hordaland,60.86295,5.3474,4,Nordhordaland til Stadt,
2,2017,11930,Bjelkavik,medikamentell,fôrbehandling,Emamectin benzoat,,,,deler av lokaliteten,1134,SULDAL,11,Rogaland,59.45165,5.991917,2,Ryfylke,
2,2017,11930,Bjelkavik,rensefisk,,,222120,Rognkjeks (hun),16698,deler av lokaliteten,1134,SULDAL,11,Rogaland,59.45165,5.991917,2,Ryfylke,
2,2017,10212,Bogen,rensefisk,,,222120,Rognkjeks (hun),10797,hele lokaliteten,1505,KRISTIANSUND,15,Møre og Romsdal,63.077667,7.90345,6,Nordmøre og Sør-Trøndelag,
2,2017,11754,Bøøy,medikamentell,fôrbehandling,Emamectin benzoat,,,,hele lokaliteten,1260,RADØY,12,Hordaland,60.727882,4.8641,4,Nordhordaland til Stadt,
2,2017,10223,Bremnessvaet,medikamentell,badebehandling,Annet virkestoff,,,,deler av lokaliteten,1573,SMØLA,15,Møre og Romsdal,63.39795,8.214317,6,Nordmøre og Sør-Trøndelag,
2,2017,10223,Bremnessvaet,ikke-medikamentell,,,,,,deler av lokaliteten,1573,SMØLA,15,Møre og Romsdal,63.39795,8.214317,6,Nordmøre og Sør-Trøndelag,
2,2017,10223,Bremnessvaet,rensefisk,,,2221,Rognkjeks (felles),19817,deler av lokaliteten,1573,SMØLA,15,Møre og Romsdal,63.39795,8.214317,6,Nordmøre og Sør-Trøndelag,
2,2017,12466,Brettingen,medikamentell,badebehandling,Annet virkestoff,,,,deler av lokaliteten,1573,SMØLA,15,Møre og Romsdal,63.3582,8.237267,6,Nordmøre og Sør-Trøndelag,
2,2017,12466,Brettingen,medikamentell,badebehandling,Annet virkestoff,,,,deler av lokaliteten,1573,SMØLA,15,Møre og Romsdal,63.3582,8.237267,6,Nordmøre og Sør-Trøndelag,
2,2017,12466,Brettingen,ikke-medikamentell,,,,,,deler av lokaliteten,1573,SMØLA,15,Møre og Romsdal,63.3582,8.237267,6,Nordmøre og Sør-Trøndelag,
2,2017,12466,Brettingen,rensefisk,,,2221,Rognkjeks (felles),14604,deler av lokaliteten,1573,SMØLA,15,Møre og Romsdal,63.3582,8.237267,6,Nordmøre og Sør-Trøndelag,
2,2017,11435,Bryggelandsholmane,medikamentell,fôrbehandling,Diflubenzuron,,,,hele lokaliteten,1106,HAUGESUND,11,Rogaland,59.429016,5.096417,3,Karmøy til Sotra,
2,2017,31038,Buarøy,rensefisk,,,222120,Rognkjeks (hun),18866,deler av lokaliteten,1245,SUND,12,Hordaland,60.220066,5.21455,3,Karmøy til Sotra,
2,2017,14799,Djupestallen,medikamentell,badebehandling,Azamethiphos,,,,deler av lokaliteten,1223,TYSNES,12,Hordaland,60.058735,5.453,3,Karmøy til Sotra,
2,2017,14799,Djupestallen,ikke-medikamentell,,,,,,deler av lokaliteten,1223,TYSNES,12,Hordaland,60.058735,5.453,3,Karmøy til Sotra,
2,2017,21415,Dyrholmen,ikke-medikamentell,,,,,,deler av lokaliteten,1141,FINNØY,11,Rogaland,59.285484,5.8583,2,Ryfylke,
2,2017,35877,Eiterfjorden,ikke-medikamentell,,,,,,deler av lokaliteten,1751,NÆRØY,17,Nord-Trøndelag,64.971634,11.723933,7,Nord-Trøndelag med Bindal,
2,2017,12236,Endal Ø,rensefisk,,,2221,Rognkjeks (felles),19200,deler av lokaliteten,1438,BREMANGER,14,Sogn og Fjordane,61.9076,5.493317,4,Nordhordaland til Stadt,
2,2017,10229,Fætten,rensefisk,,,1693,Bergnebb,901,deler av lokaliteten,1571,HALSA,15,Møre og Romsdal,63.144585,8.459567,6,Nordmøre og Sør-Trøndelag,
2,2017,10229,Fætten,rensefisk,,,222120,Rognkjeks (hun),3281,deler av lokaliteten,1571,HALSA,15,Møre og Romsdal,63.144585,8.459567,6,Nordmøre og Sør-Trøndelag,
2,2017,24575,Farmannsøya,ikke-medikamentell,,,,,,deler av lokaliteten,1632,ROAN,16,Sør-Trøndelag,64.18452,10.1222,6,Nordmøre og Sør-Trøndelag,
2,2017,32597,Fjordprakken,ikke-medikamentell,,,,,,deler av lokaliteten,1573,SMØLA,15,Møre og Romsdal,63.256516,7.928067,6,Nordmøre og Sør-Trøndelag,
2,2017,25835,Flatøyflu,rensefisk,,,222120,Rognkjeks (hun),19845,deler av lokaliteten,1244,AUSTEVOLL,12,Hordaland,60.156033,5.2315,3,Karmøy til Sotra,
2,2017,31437,Fuglåsen,rensefisk,,,222120,Rognkjeks (hun),21306,hele lokaliteten,1573,SMØLA,15,Møre og Romsdal,63.44715,8.167767,6,Nordmøre og Sør-Trøndelag,
2,2017,22015,Fureneset,ikke-medikamentell,,,,,,hele lokaliteten,1412,SOLUND,14,Sogn og Fjordane,61.16562,5.052417,4,Nordhordaland til Stadt,
2,2017,12078,Gangdal,medikamentell,badebehandling,Annet virkestoff,,,,hele lokaliteten,1227,JONDAL,12,Hordaland,60.215935,6.156667,3,Karmøy til Sotra,
2,2017,31717,Gjerset V,ikke-medikamentell,,,,,,deler av lokaliteten,1534,HARAM,15,Møre og Romsdal,62.53023,6.428783,5,Stadt til Hustadvika,
2,2017,11657,Gråvika,medikamentell,badebehandling,Azamethiphos,,,,hele lokaliteten,1411,GULEN,14,Sogn og Fjordane,60.861782,4.934883,4,Nordhordaland til Stadt,
2,2017,11657,Gråvika,ikke-medikamentell,,,,,,hele lokaliteten,1411,GULEN,14,Sogn og Fjordane,60.861782,4.934883,4,Nordhordaland til Stadt,
2,2017,12265,Gudmundset,rensefisk,,,222120,Rognkjeks (hun),10657,hele lokaliteten,1529,SKODJE,15,Møre og Romsdal,62.45375,6.601283,5,Stadt til Hustadvika,
2,2017,32317,Guriøyna,medikamentell,badebehandling,Azamethiphos,,,,hele lokaliteten,1428,ASKVOLL,14,Sogn og Fjordane,61.297916,4.66045,4,Nordhordaland til Stadt,
2,2017,32317,Guriøyna,medikamentell,badebehandling,Azamethiphos,,,,hele lokaliteten,1428,ASKVOLL,14,Sogn og Fjordane,61.297916,4.66045,4,Nordhordaland til Stadt,
2,2017,32317,Guriøyna,medikamentell,badebehandling,Deltamethrin,,,,hele lokaliteten,1428,ASKVOLL,14,Sogn og Fjordane,61.297916,4.66045,4,Nordhordaland til Stadt,
2,2017,32317,Guriøyna,medikamentell,badebehandling,Deltamethrin,,,,hele lokaliteten,1428,ASKVOLL,14,Sogn og Fjordane,61.297916,4.66045,4,Nordhordaland til Stadt,
2,2017,11318,Hallvardøy,ikke-medikamentell,,,,,,deler av lokaliteten,1851,LØDINGEN,18,Nordland,68.37497,15.317333,9,Vestfjorden og Vesterålen,
2,2017,18015,Hestabyneset,rensefisk,,,222120,Rognkjeks (hun),38850,hele lokaliteten,1223,TYSNES,12,Hordaland,59.954018,5.451667,3,Karmøy til Sotra,
2,2017,13119,Hesten,medikamentell,badebehandling,Annet virkestoff,,,,deler av lokaliteten,2012,ALTA,20,Finnmark,70.23785,23.4112,12,Vest-Finnmark,
2,2017,34677,Hestøya,ikke-medikamentell,,,,,,deler av lokaliteten,1573,SMØLA,15,Møre og Romsdal,63.3095,8.115567,6,Nordmøre og Sør-Trøndelag,
2,2017,33797,Hidlekjerringa,ikke-medikamentell,,,,,,hele lokaliteten,1130,STRAND,11,Rogaland,59.067284,5.839383,2,Ryfylke,
2,2017,19939,Høysteinen,medikamentell,badebehandling,Azamethiphos,,,,hele lokaliteten,1224,KVINNHERAD,12,Hordaland,60.157417,6.050117,3,Karmøy til Sotra,
2,2017,34397,Hyseneset,medikamentell,fôrbehandling,Emamectin benzoat,,,,hele lokaliteten,1411,GULEN,14,Sogn og Fjordane,60.861485,4.964867,4,Nordhordaland til Stadt,
2,2017,13225,Kilaneset,medikamentell,fôrbehandling,Emamectin benzoat,,,,hele lokaliteten,1134,SULDAL,11,Rogaland,59.31335,6.2672,2,Ryfylke,
2,2017,11913,Kjeahola,ikke-medikamentell,,,,,,deler av lokaliteten,1141,FINNØY,11,Rogaland,59.2933,6.0729,2,Ryfylke,
2,2017,33577,Kjeholmen II,rensefisk,,,1694,Grøngylt,10000,hele lokaliteten,1003,FARSUND,10,Vest-Agder,58.06008,6.885683,1,Svenskegrensen til Jæren,
2,2017,33577,Kjeholmen II,rensefisk,,,1694,Grøngylt,7000,hele lokaliteten,1003,FARSUND,10,Vest-Agder,58.06008,6.885683,1,Svenskegrensen til Jæren,
2,2017,11689,Kjerringneset,ikke-medikamentell,,,,,,deler av lokaliteten,1411,GULEN,14,Sogn og Fjordane,60.960182,5.106783,4,Nordhordaland til Stadt,
2,2017,10113,Kobbavika,medikamentell,badebehandling,Hydrogenperoksid,,,,deler av lokaliteten,1141,FINNØY,11,Rogaland,59.12232,5.934433,2,Ryfylke,
2,2017,10113,Kobbavika,ikke-medikamentell,,,,,,deler av lokaliteten,1141,FINNØY,11,Rogaland,59.12232,5.934433,2,Ryfylke,
2,2017,13831,Kvamme,ikke-medikamentell,,,,,,deler av lokaliteten,1253,OSTERØY,12,Hordaland,60.518333,5.3811,4,Nordhordaland til Stadt,
2,2017,11714,Kvernhusvika,ikke-medikamentell,,,,,,hele lokaliteten,1412,SOLUND,14,Sogn og Fjordane,61.0678,4.94225,4,Nordhordaland til Stadt,
2,2017,11775,Kviteskjeret,ikke-medikamentell,,,,,,hele lokaliteten,1428,ASKVOLL,14,Sogn og Fjordane,61.467815,5.2203,4,Nordhordaland til Stadt,
2,2017,11803,Kyravika,rensefisk,,,2221,Rognkjeks (felles),12000,deler av lokaliteten,1429,FJALER,14,Sogn og Fjordane,61.316433,5.1563,4,Nordhordaland til Stadt,
2,2017,13234,Kysnes,medikamentell,badebehandling,Annet virkestoff,,,,hele lokaliteten,1227,JONDAL,12,Hordaland,60.19877,6.09685,3,Karmøy til Sotra,
2,2017,28036,Langskjæran,medikamentell,badebehandling,Annet virkestoff,,,,hele lokaliteten,1838,GILDESKÅL,18,Nordland,67.118385,13.898417,8,Helgeland til Bodø,
2,2017,28036,Langskjæran,ikke-medikamentell,,,,,,hele lokaliteten,1838,GILDESKÅL,18,Nordland,67.118385,13.898417,8,Helgeland til Bodø,
2,2017,36117,Matvika,rensefisk,,,2221,Rognkjeks (felles),58742,deler av lokaliteten,1845,SØRFOLD,18,Nordland,67.528,15.359683,9,Vestfjorden og Vesterålen,
2,2017,13541,Midtflua,medikamentell,badebehandling,Azamethiphos,,,,deler av lokaliteten,1223,TYSNES,12,Hordaland,60.076267,5.466533,3,Karmøy til Sotra,
2,2017,13541,Midtflua,ikke-medikamentell,,,,,,deler av lokaliteten,1223,TYSNES,12,Hordaland,60.076267,5.466533,3,Karmøy til Sotra,
2,2017,26435,Mjølsvik,ikke-medikamentell,,,,,,deler av lokaliteten,1416,HØYANGER,14,Sogn og Fjordane,61.111584,6.0423,4,Nordhordaland til Stadt,
2,2017,29957,Nakkestad,rensefisk,,,1694,Grøngylt,2500,hele lokaliteten,1032,LYNGDAL,10,Vest-Agder,58.055832,7.06875,1,Svenskegrensen til Jæren,
2,2017,29957,Nakkestad,rensefisk,,,1693,Bergnebb,11000,hele lokaliteten,1032,LYNGDAL,10,Vest-Agder,58.055832,7.06875,1,Svenskegrensen til Jæren,
2,2017,11041,Nord Gåsvær,medikamentell,fôrbehandling,Emamectin benzoat,,,,deler av lokaliteten,1818,HERØY I NORDLAND,18,Nordland,66.07035,12.065617,8,Helgeland til Bodø,
2,2017,13020,Nygård,ikke-medikamentell,,,,,,deler av lokaliteten,1242,SAMNANGER,12,Hordaland,60.358067,5.683283,3,Karmøy til Sotra,
2,2017,27055,Oddane,medikamentell,fôrbehandling,Emamectin benzoat,,,,deler av lokaliteten,1401,FLORA,14,Sogn og Fjordane,61.5417,4.968867,4,Nordhordaland til Stadt,
2,2017,30518,Ørnfjordbotn,medikamentell,badebehandling,Hydrogenperoksid,,,,hele lokaliteten,1931,LENVIK,19,Troms,69.49147,17.673067,10,Andøya til Senja,
2,2017,11738,Otterholmen,medikamentell,fôrbehandling,Emamectin benzoat,,,,hele lokaliteten,1260,RADØY,12,Hordaland,60.686417,4.908683,4,Nordhordaland til Stadt,
2,2017,33417,Persflua,ikke-medikamentell,,,,,,deler av lokaliteten,1627,BJUGN,16,Sør-Trøndelag,63.91345,9.826433,6,Nordmøre og Sør-Trøndelag,
2,2017,11972,Prestholmane,ikke-medikamentell,,,,,,deler av lokaliteten,1141,FINNØY,11,Rogaland,59.116768,5.8545,2,Ryfylke,
2,2017,30817,Raudøya,ikke-medikamentell,,,,,,deler av lokaliteten,1633,OSEN,16,Sør-Trøndelag,64.3646,10.439133,6,Nordmøre og Sør-Trøndelag,
2,2017,29116,Reiråklakken,rensefisk,,,222120,Rognkjeks (hun),26933,hele lokaliteten,1573,SMØLA,15,Møre og Romsdal,63.450333,8.167717,6,Nordmøre og Sør-Trøndelag,
2,2017,29896,Renndalen,rensefisk,,,222120,Rognkjeks (hun),30454,hele lokaliteten,1571,HALSA,15,Møre og Romsdal,63.176167,8.616817,6,Nordmøre og Sør-Trøndelag,
2,2017,30657,Revøy,rensefisk,,,1693,Bergnebb,16000,hele lokaliteten,1032,LYNGDAL,10,Vest-Agder,58.0243,7.0268,1,Svenskegrensen til Jæren,
2,2017,12784,Ringholmen,rensefisk,,,222120,Rognkjeks (hun),23783,deler av lokaliteten,1613,SNILLFJORD,16,Sør-Trøndelag,63.56,9.41005,6,Nordmøre og Sør-Trøndelag,
2,2017,11964,Ringja,medikamentell,badebehandling,Hydrogenperoksid,,,,hele lokaliteten,1146,TYSVÆR,11,Rogaland,59.405468,5.8631,2,Ryfylke,
2,2017,11770,Rotøy,medikamentell,badebehandling,Annet virkestoff,,,,deler av lokaliteten,1259,ØYGARDEN,12,Hordaland,60.682533,4.760017,4,Nordhordaland til Stadt,
2,2017,12019,Saltkjelen II,ikke-medikamentell,,,,,,hele lokaliteten,1227,JONDAL,12,Hordaland,60.248016,6.2014,3,Karmøy til Sotra,
2,2017,11888,Sandvik,medikamentell,fôrbehandling,Emamectin benzoat,,,,hele lokaliteten,1134,SULDAL,11,Rogaland,59.31445,6.170917,2,Ryfylke,
2,2017,19855,Segelråa,rensefisk,,,222120,Rognkjeks (hun),26469,hele lokaliteten,1576,AURE,15,Møre og Romsdal,63.149746,8.12855,6,Nordmøre og Sør-Trøndelag,
2,2017,12244,Setevika,rensefisk,,,222120,Rognkjeks (hun),7989,deler av lokaliteten,1545,MIDSUND,15,Møre og Romsdal,62.728065,6.939283,5,Stadt til Hustadvika,
2,2017,33017,Setevika N,rensefisk,,,222120,Rognkjeks (hun),10734,hele lokaliteten,1545,MIDSUND,15,Møre og Romsdal,62.73835,6.937667,5,Stadt til Hustadvika,
2,2017,34117,Skåtholmen,rensefisk,,,2221,Rognkjeks (felles),26862,hele lokaliteten,1241,FUSA,12,Hordaland,60.17177,5.563633,3,Karmøy til Sotra,
2,2017,20115,Skjerholmen N,rensefisk,,,222120,Rognkjeks (hun),56419,hele lokaliteten,1245,SUND,12,Hordaland,60.2496,5.174017,3,Karmøy til Sotra,
2,2017,12108,Skorpo Nv,ikke-medikamentell,,,,,,deler av lokaliteten,1224,KVINNHERAD,12,Hordaland,59.95323,5.827133,3,Karmøy til Sotra,
2,2017,18657,Skredstivik,ikke-medikamentell,,,,,,deler av lokaliteten,1413,HYLLESTAD,14,Sogn og Fjordane,61.1567,5.133983,4,Nordhordaland til Stadt,
2,2017,14676,Slapøya N,ikke-medikamentell,,,,,,deler av lokaliteten,1827,DØNNA,18,Nordland,66.15808,12.38975,8,Helgeland til Bodø,
2,2017,27436,Solværet,ikke-medikamentell,,,,,,deler av lokaliteten,1573,SMØLA,15,Møre og Romsdal,63.255,7.856933,6,Nordmøre og Sør-Trøndelag,
2,2017,10974,Store Bukkøy N,medikamentell,badebehandling,Hydrogenperoksid,,,,deler av lokaliteten,1834,LURØY,18,Nordland,66.40135,12.420717,8,Helgeland til Bodø,
2,2017,13593,Storfjell,medikamentell,badebehandling,Hydrogenperoksid,,,,hele lokaliteten,1865,VÅGAN,18,Nordland,68.32518,15.2023,9,Vestfjorden og Vesterålen,
2,2017,12081,Straumneset,medikamentell,badebehandling,Annet virkestoff,,,,hele lokaliteten,1227,JONDAL,12,Hordaland,60.220966,6.139567,3,Karmøy til Sotra,
2,2017,29776,Teksmona,medikamentell,badebehandling,Deltamethrin,,,,deler av lokaliteten,1837,MELØY,18,Nordland,66.868416,13.601383,8,Helgeland til Bodø,
2,2017,30517,Trælvika,medikamentell,badebehandling,Hydrogenperoksid,,,,hele lokaliteten,1931,LENVIK,19,Troms,69.51895,17.695932,10,Andøya til Senja,
2,2017,10091,Vågsøya,ikke-medikamentell,,,,,,deler av lokaliteten,1401,FLORA,14,Sogn og Fjordane,61.489735,5.023517,4,Nordhordaland til Stadt,
2,2017,35838,Vengsøy,medikamentell,fôrbehandling,Emamectin benzoat,,,,hele lokaliteten,1902,TROMSØ,19,Troms,69.8227,18.51875,11,Kvaløya til Loppa,
2,2017,12885,Vikageilen,rensefisk,,,222120,Rognkjeks (hun),14574,hele lokaliteten,1505,KRISTIANSUND,15,Møre og Romsdal,63.075783,7.906067,6,Nordmøre og Sør-Trøndelag,
2,2017,13704,Vikane,ikke-medikamentell,,,,,,hele lokaliteten,1266,MASFJORDEN,12,Hordaland,60.7125,5.403633,4,Nordhordaland til Stadt,
2,2017,11338,Ytre Stræte,medikamentell,fôrbehandling,Emamectin benzoat,,,,hele lokaliteten,1913,SKÅNLAND,19,Troms,68.71948,17.138817,10,Andøya til Senja,
1,2017,10331,Åkre,medikamentell,fôrbehandling,Emamectin benzoat,,,,deler av lokaliteten,1224,KVINNHERAD,12,Hordaland,60.112434,6.042483,3,Karmøy til Sotra,
1,2017,13563,Angelskår,ikke-medikamentell,,,,,,deler av lokaliteten,1253,OSTERØY,12,Hordaland,60.524418,5.3568,4,Nordhordaland til Stadt,
1,2017,29816,Apalvikneset,medikamentell,fôrbehandling,Diflubenzuron,,,,hele lokaliteten,1227,JONDAL,12,Hordaland,60.146217,6.121133,3,Karmøy til Sotra,
1,2017,25055,Bekksneset,ikke-medikamentell,,,,,,hele lokaliteten,1413,HYLLESTAD,14,Sogn og Fjordane,61.07662,5.38595,4,Nordhordaland til Stadt,
1,2017,11754,Bøøy,medikamentell,fôrbehandling,Emamectin benzoat,,,,hele lokaliteten,1260,RADØY,12,Hordaland,60.727882,4.8641,4,Nordhordaland til Stadt,
1,2017,15796,Borgarliflot,rensefisk,,,222120,Rognkjeks (hun),14969,deler av lokaliteten,1134,SULDAL,11,Rogaland,59.3892,5.924733,2,Ryfylke,
1,2017,33537,Buholmen,ikke-medikamentell,,,,,,deler av lokaliteten,1632,ROAN,16,Sør-Trøndelag,64.1569,10.008917,6,Nordmøre og Sør-Trøndelag,
1,2017,21336,Djupeleget,medikamentell,fôrbehandling,Diflubenzuron,,,,hele lokaliteten,1416,HØYANGER,14,Sogn og Fjordane,61.16942,5.807467,4,Nordhordaland til Stadt,
1,2017,25895,Flornes,ikke-medikamentell,,,,,,hele lokaliteten,1223,TYSNES,12,Hordaland,59.890984,5.665983,3,Karmøy til Sotra,
1,2017,21335,Floteneset,rensefisk,,,2221,Rognkjeks (felles),6000,deler av lokaliteten,1416,HØYANGER,14,Sogn og Fjordane,61.1936,5.801617,4,Nordhordaland til Stadt,
1,2017,22015,Fureneset,ikke-medikamentell,,,,,,hele lokaliteten,1412,SOLUND,14,Sogn og Fjordane,61.16562,5.052417,4,Nordhordaland til Stadt,
1,2017,12078,Gangdal,medikamentell,badebehandling,Annet virkestoff,,,,deler av lokaliteten,1227,JONDAL,12,Hordaland,60.215935,6.156667,3,Karmøy til Sotra,
1,2017,12789,Gunnarøya,rensefisk,,,222120,Rognkjeks (hun),300,deler av lokaliteten,1613,SNILLFJORD,16,Sør-Trøndelag,63.569485,9.467983,6,Nordmøre og Sør-Trøndelag,
1,2017,32317,Guriøyna,medikamentell,badebehandling,Azamethiphos,,,,hele lokaliteten,1428,ASKVOLL,14,Sogn og Fjordane,61.297916,4.66045,4,Nordhordaland til Stadt,
1,2017,32317,Guriøyna,medikamentell,badebehandling,Azamethiphos,,,,hele lokaliteten,1428,ASKVOLL,14,Sogn og Fjordane,61.297916,4.66045,4,Nordhordaland til Stadt,
1,2017,32317,Guriøyna,medikamentell,badebehandling,Deltamethrin,,,,hele lokaliteten,1428,ASKVOLL,14,Sogn og Fjordane,61.297916,4.66045,4,Nordhordaland til Stadt,
1,2017,32317,Guriøyna,medikamentell,badebehandling,Deltamethrin,,,,hele lokaliteten,1428,ASKVOLL,14,Sogn og Fjordane,61.297916,4.66045,4,Nordhordaland til Stadt,
1,2017,18639,Halsavika,medikamentell,badebehandling,Hydrogenperoksid,,,,hele lokaliteten,1146,TYSVÆR,11,Rogaland,59.39232,5.883333,2,Ryfylke,
1,2017,13838,Hegnes,medikamentell,fôrbehandling,Emamectin benzoat,,,,hele lokaliteten,1429,FJALER,14,Sogn og Fjordane,61.356335,5.284667,4,Nordhordaland til Stadt,
1,2017,11920,Herøy,medikamentell,badebehandling,Hydrogenperoksid,,,,hele lokaliteten,1160,VINDAFJORD,11,Rogaland,59.4664,6.0262,2,Ryfylke,
1,2017,13235,Hessvik,medikamentell,fôrbehandling,Diflubenzuron,,,,hele lokaliteten,1224,KVINNHERAD,12,Hordaland,60.127934,6.149933,3,Karmøy til Sotra,
1,2017,14136,Hestholmen Ø,medikamentell,badebehandling,Hydrogenperoksid,,,,deler av lokaliteten,1144,KVITSØY,11,Rogaland,59.061516,5.445683,2,Ryfylke,
1,2017,14136,Hestholmen Ø,ikke-medikamentell,,,,,,deler av lokaliteten,1144,KVITSØY,11,Rogaland,59.061516,5.445683,2,Ryfylke,
1,2017,19939,Høysteinen,medikamentell,badebehandling,Azamethiphos,,,,hele lokaliteten,1224,KVINNHERAD,12,Hordaland,60.157417,6.050117,3,Karmøy til Sotra,
1,2017,19939,Høysteinen,medikamentell,fôrbehandling,Emamectin benzoat,,,,hele lokaliteten,1224,KVINNHERAD,12,Hordaland,60.157417,6.050117,3,Karmøy til Sotra,
1,2017,19939,Høysteinen,medikamentell,badebehandling,Hydrogenperoksid,,,,hele lokaliteten,1224,KVINNHERAD,12,Hordaland,60.157417,6.050117,3,Karmøy til Sotra,
1,2017,34397,Hyseneset,medikamentell,fôrbehandling,Emamectin benzoat,,,,hele lokaliteten,1411,GULEN,14,Sogn og Fjordane,60.861485,4.964867,4,Nordhordaland til Stadt,
1,2017,13225,Kilaneset,medikamentell,badebehandling,Azamethiphos,,,,deler av lokaliteten,1134,SULDAL,11,Rogaland,59.31335,6.2672,2,Ryfylke,
1,2017,33577,Kjeholmen II,rensefisk,,,1694,Grøngylt,10000,hele lokaliteten,1003,FARSUND,10,Vest-Agder,58.06008,6.885683,1,Svenskegrensen til Jæren,
1,2017,33577,Kjeholmen II,rensefisk,,,1694,Grøngylt,7000,hele lokaliteten,1003,FARSUND,10,Vest-Agder,58.06008,6.885683,1,Svenskegrensen til Jæren,
1,2017,10409,Kjelneset,ikke-medikamentell,,,,,,deler av lokaliteten,1748,FOSNES,17,Nord-Trøndelag,64.64391,11.388517,7,Nord-Trøndelag med Bindal,
1,2017,30297,Krabbholmen,rensefisk,,,222120,Rognkjeks (hun),17208,deler av lokaliteten,1630,ÅFJORD,16,Sør-Trøndelag,63.94438,9.880667,6,Nordmøre og Sør-Trøndelag,
1,2017,33177,Krabbholmen II,rensefisk,,,222120,Rognkjeks (hun),20213,deler av lokaliteten,1630,ÅFJORD,16,Sør-Trøndelag,63.94,9.886633,6,Nordmøre og Sør-Trøndelag,
1,2017,11775,Kviteskjeret,ikke-medikamentell,,,,,,hele lokaliteten,1428,ASKVOLL,14,Sogn og Fjordane,61.467815,5.2203,4,Nordhordaland til Stadt,
1,2017,30216,Kvitfloget,medikamentell,badebehandling,Annet virkestoff,,,,deler av lokaliteten,1927,TRANØY,19,Troms,69.14633,17.646017,10,Andøya til Senja,
1,2017,30216,Kvitfloget,medikamentell,badebehandling,Annet virkestoff,,,,deler av lokaliteten,1927,TRANØY,19,Troms,69.14633,17.646017,10,Andøya til Senja,
1,2017,30216,Kvitfloget,medikamentell,badebehandling,Azamethiphos,,,,deler av lokaliteten,1927,TRANØY,19,Troms,69.14633,17.646017,10,Andøya til Senja,
1,2017,30216,Kvitfloget,medikamentell,badebehandling,Azamethiphos,,,,deler av lokaliteten,1927,TRANØY,19,Troms,69.14633,17.646017,10,Andøya til Senja,
1,2017,30216,Kvitfloget,medikamentell,badebehandling,Deltamethrin,,,,deler av lokaliteten,1927,TRANØY,19,Troms,69.14633,17.646017,10,Andøya til Senja,
1,2017,13234,Kysnes,medikamentell,badebehandling,Annet virkestoff,,,,hele lokaliteten,1227,JONDAL,12,Hordaland,60.19877,6.09685,3,Karmøy til Sotra,
1,2017,13234,Kysnes,rensefisk,,,2221,Rognkjeks (felles),20371,hele lokaliteten,1227,JONDAL,12,Hordaland,60.19877,6.09685,3,Karmøy til Sotra,
1,2017,15460,Laholmen,medikamentell,badebehandling,Azamethiphos,,,,deler av lokaliteten,2019,NORDKAPP,20,Finnmark,70.89355,25.55705,12,Vest-Finnmark,
1,2017,13055,Langøyna Ø,medikamentell,badebehandling,Hydrogenperoksid,,,,deler av lokaliteten,1146,TYSVÆR,11,Rogaland,59.2983,5.713333,2,Ryfylke,
1,2017,13055,Langøyna Ø,ikke-medikamentell,,,,,,deler av lokaliteten,1146,TYSVÆR,11,Rogaland,59.2983,5.713333,2,Ryfylke,
1,2017,12870,Leite,rensefisk,,,2221,Rognkjeks (felles),42604,hele lokaliteten,1554,AVERØY,15,Møre og Romsdal,63.035984,7.678117,6,Nordmøre og Sør-Trøndelag,
1,2017,12966,Lindvik,medikamentell,badebehandling,Hydrogenperoksid,,,,hele lokaliteten,1160,VINDAFJORD,11,Rogaland,59.474068,5.976433,2,Ryfylke,
1,2017,10137,Matland,rensefisk,,,2221,Rognkjeks (felles),2000,deler av lokaliteten,1241,FUSA,12,Hordaland,60.264084,5.6591,3,Karmøy til Sotra,
1,2017,21397,Midt Femris,ikke-medikamentell,,,,,,hele lokaliteten,1838,GILDESKÅL,18,Nordland,67.033165,13.96735,8,Helgeland til Bodø,
1,2017,29957,Nakkestad,rensefisk,,,1694,Grøngylt,2500,hele lokaliteten,1032,LYNGDAL,10,Vest-Agder,58.055832,7.06875,1,Svenskegrensen til Jæren,
1,2017,29957,Nakkestad,rensefisk,,,1693,Bergnebb,11000,hele lokaliteten,1032,LYNGDAL,10,Vest-Agder,58.055832,7.06875,1,Svenskegrensen til Jæren,
1,2017,13965,Nesbø Gjeldsvik,ikke-medikamentell,,,,,,hele lokaliteten,1263,LINDÅS,12,Hordaland,60.68835,5.4232,4,Nordhordaland til Stadt,
1,2017,11041,Nord Gåsvær,medikamentell,fôrbehandling,Emamectin benzoat,,,,deler av lokaliteten,1818,HERØY I NORDLAND,18,Nordland,66.07035,12.065617,8,Helgeland til Bodø,
1,2017,11041,Nord Gåsvær,medikamentell,fôrbehandling,Emamectin benzoat,,,,deler av lokaliteten,1818,HERØY I NORDLAND,18,Nordland,66.07035,12.065617,8,Helgeland til Bodø,
1,2017,13020,Nygård,ikke-medikamentell,,,,,,deler av lokaliteten,1242,SAMNANGER,12,Hordaland,60.358067,5.683283,3,Karmøy til Sotra,
1,2017,27055,Oddane,medikamentell,fôrbehandling,Diflubenzuron,,,,deler av lokaliteten,1401,FLORA,14,Sogn og Fjordane,61.5417,4.968867,4,Nordhordaland til Stadt,
1,2017,11738,Otterholmen,medikamentell,fôrbehandling,Emamectin benzoat,,,,hele lokaliteten,1260,RADØY,12,Hordaland,60.686417,4.908683,4,Nordhordaland til Stadt,
1,2017,20315,Overåneset V,medikamentell,fôrbehandling,Emamectin benzoat,,,,hele lokaliteten,1525,STRANDA,15,Møre og Romsdal,62.30065,7.085433,5,Stadt til Hustadvika,
1,2017,33417,Persflua,ikke-medikamentell,,,,,,deler av lokaliteten,1627,BJUGN,16,Sør-Trøndelag,63.91345,9.826433,6,Nordmøre og Sør-Trøndelag,
1,2017,30817,Raudøya,ikke-medikamentell,,,,,,deler av lokaliteten,1633,OSEN,16,Sør-Trøndelag,64.3646,10.439133,6,Nordmøre og Sør-Trøndelag,
1,2017,30657,Revøy,rensefisk,,,1693,Bergnebb,16000,hele lokaliteten,1032,LYNGDAL,10,Vest-Agder,58.0243,7.0268,1,Svenskegrensen til Jæren,
1,2017,11122,Røssøya N,ikke-medikamentell,,,,,,hele lokaliteten,1838,GILDESKÅL,18,Nordland,67.073,13.947583,8,Helgeland til Bodø,
1,2017,13887,Røytholmen Ø,rensefisk,,,222120,Rognkjeks (hun),17895,deler av lokaliteten,1617,HITRA,16,Sør-Trøndelag,63.6177,9.130033,6,Nordmøre og Sør-Trøndelag,
1,2017,12244,Setevika,ikke-medikamentell,,,,,,deler av lokaliteten,1545,MIDSUND,15,Møre og Romsdal,62.728065,6.939283,5,Stadt til Hustadvika,
1,2017,33017,Setevika N,rensefisk,,,222120,Rognkjeks (hun),5942,hele lokaliteten,1545,MIDSUND,15,Møre og Romsdal,62.73835,6.937667,5,Stadt til Hustadvika,
1,2017,33017,Setevika N,rensefisk,,,1693,Bergnebb,2082,hele lokaliteten,1545,MIDSUND,15,Møre og Romsdal,62.73835,6.937667,5,Stadt til Hustadvika,
1,2017,33017,Setevika N,rensefisk,,,1691,Berggylt,2619,hele lokaliteten,1545,MIDSUND,15,Møre og Romsdal,62.73835,6.937667,5,Stadt til Hustadvika,
1,2017,28096,Slåttenes,medikamentell,fôrbehandling,Emamectin benzoat,,,,deler av lokaliteten,1224,KVINNHERAD,12,Hordaland,59.83222,5.984267,3,Karmøy til Sotra,
1,2017,27436,Solværet,ikke-medikamentell,,,,,,deler av lokaliteten,1573,SMØLA,15,Møre og Romsdal,63.255,7.856933,6,Nordmøre og Sør-Trøndelag,
1,2017,11971,Store Teistholmen Ø,ikke-medikamentell,,,,,,hele lokaliteten,1102,SANDNES,11,Rogaland,58.97685,5.867383,2,Ryfylke,
1,2017,12081,Straumneset,medikamentell,badebehandling,Annet virkestoff,,,,hele lokaliteten,1227,JONDAL,12,Hordaland,60.220966,6.139567,3,Karmøy til Sotra,
1,2017,26575,Teigane,medikamentell,badebehandling,Hydrogenperoksid,,,,deler av lokaliteten,1134,SULDAL,11,Rogaland,59.520332,6.337233,2,Ryfylke,
1,2017,29776,Teksmona,medikamentell,badebehandling,Hydrogenperoksid,,,,deler av lokaliteten,1837,MELØY,18,Nordland,66.868416,13.601383,8,Helgeland til Bodø,
1,2017,13644,Tepstad,ikke-medikamentell,,,,,,deler av lokaliteten,1253,OSTERØY,12,Hordaland,60.553032,5.385317,4,Nordhordaland til Stadt,
1,2017,29936,Ystadneset,ikke-medikamentell,,,,,,hele lokaliteten,1224,KVINNHERAD,12,Hordaland,59.977932,5.77565,3,Karmøy til Sotra,
