County,Sex,Age,Age_num,County_code,County_name,Year,Population
F-15 Møre og Romsdal,F,0 years,0,F-15,Møre og Romsdal,2015,1319
F-15 Møre og Romsdal,F,1 year,1,F-15,Møre og Romsdal,2015,1409
F-15 Møre og Romsdal,F,2 years,2,F-15,Møre og Romsdal,2015,1476
F-15 Møre og Romsdal,F,3 years,3,F-15,Møre og Romsdal,2015,1520
F-15 Møre og Romsdal,F,4 years,4,F-15,Møre og Romsdal,2015,1524
F-15 Møre og Romsdal,F,5 years,5,F-15,Møre og Romsdal,2015,1622
F-15 Møre og Romsdal,F,6 years,6,F-15,Møre og Romsdal,2015,1543
F-15 Møre og Romsdal,F,7 years,7,F-15,Møre og Romsdal,2015,1566
F-15 Møre og Romsdal,F,8 years,8,F-15,Møre og Romsdal,2015,1554
F-15 Møre og Romsdal,F,9 years,9,F-15,Møre og Romsdal,2015,1578
F-15 Møre og Romsdal,F,10 years,10,F-15,Møre og Romsdal,2015,1613
F-15 Møre og Romsdal,F,11 years,11,F-15,Møre og Romsdal,2015,1570
F-15 Møre og Romsdal,F,12 years,12,F-15,Møre og Romsdal,2015,1574
F-15 Møre og Romsdal,F,13 years,13,F-15,Møre og Romsdal,2015,1639
F-15 Møre og Romsdal,F,14 years,14,F-15,Møre og Romsdal,2015,1618
F-15 Møre og Romsdal,F,15 years,15,F-15,Møre og Romsdal,2015,1702
F-15 Møre og Romsdal,F,16 years,16,F-15,Møre og Romsdal,2015,1613
F-15 Møre og Romsdal,F,17 years,17,F-15,Møre og Romsdal,2015,1714
F-15 Møre og Romsdal,F,18 years,18,F-15,Møre og Romsdal,2015,1745
F-15 Møre og Romsdal,F,19 years,19,F-15,Møre og Romsdal,2015,1603
F-15 Møre og Romsdal,F,20 years,20,F-15,Møre og Romsdal,2015,1602
F-15 Møre og Romsdal,F,21 years,21,F-15,Møre og Romsdal,2015,1605
F-15 Møre og Romsdal,F,22 years,22,F-15,Møre og Romsdal,2015,1570
F-15 Møre og Romsdal,F,23 years,23,F-15,Møre og Romsdal,2015,1621
F-15 Møre og Romsdal,F,24 years,24,F-15,Møre og Romsdal,2015,1626
F-15 Møre og Romsdal,F,25 years,25,F-15,Møre og Romsdal,2015,1563
F-15 Møre og Romsdal,F,26 years,26,F-15,Møre og Romsdal,2015,1499
F-15 Møre og Romsdal,F,27 years,27,F-15,Møre og Romsdal,2015,1474
F-15 Møre og Romsdal,F,28 years,28,F-15,Møre og Romsdal,2015,1476
F-15 Møre og Romsdal,F,29 years,29,F-15,Møre og Romsdal,2015,1499
F-15 Møre og Romsdal,F,30 years,30,F-15,Møre og Romsdal,2015,1512
F-15 Møre og Romsdal,F,31 years,31,F-15,Møre og Romsdal,2015,1524
F-15 Møre og Romsdal,F,32 years,32,F-15,Møre og Romsdal,2015,1497
F-15 Møre og Romsdal,F,33 years,33,F-15,Møre og Romsdal,2015,1486
F-15 Møre og Romsdal,F,34 years,34,F-15,Møre og Romsdal,2015,1510
F-15 Møre og Romsdal,F,35 years,35,F-15,Møre og Romsdal,2015,1519
F-15 Møre og Romsdal,F,36 years,36,F-15,Møre og Romsdal,2015,1458
F-15 Møre og Romsdal,F,37 years,37,F-15,Møre og Romsdal,2015,1495
F-15 Møre og Romsdal,F,38 years,38,F-15,Møre og Romsdal,2015,1473
F-15 Møre og Romsdal,F,39 years,39,F-15,Møre og Romsdal,2015,1498
F-15 Møre og Romsdal,F,40 years,40,F-15,Møre og Romsdal,2015,1636
F-15 Møre og Romsdal,F,41 years,41,F-15,Møre og Romsdal,2015,1583
F-15 Møre og Romsdal,F,42 years,42,F-15,Møre og Romsdal,2015,1708
F-15 Møre og Romsdal,F,43 years,43,F-15,Møre og Romsdal,2015,1767
F-15 Møre og Romsdal,F,44 years,44,F-15,Møre og Romsdal,2015,1755
F-15 Møre og Romsdal,F,45 years,45,F-15,Møre og Romsdal,2015,1840
F-15 Møre og Romsdal,F,46 years,46,F-15,Møre og Romsdal,2015,1845
F-15 Møre og Romsdal,F,47 years,47,F-15,Møre og Romsdal,2015,1714
F-15 Møre og Romsdal,F,48 years,48,F-15,Møre og Romsdal,2015,1687
F-15 Møre og Romsdal,F,49 years,49,F-15,Møre og Romsdal,2015,1610
F-15 Møre og Romsdal,F,50 years,50,F-15,Møre og Romsdal,2015,1586
F-15 Møre og Romsdal,F,51 years,51,F-15,Møre og Romsdal,2015,1558
F-15 Møre og Romsdal,F,52 years,52,F-15,Møre og Romsdal,2015,1565
F-15 Møre og Romsdal,F,53 years,53,F-15,Møre og Romsdal,2015,1600
F-15 Møre og Romsdal,F,54 years,54,F-15,Møre og Romsdal,2015,1651
F-15 Møre og Romsdal,F,55 years,55,F-15,Møre og Romsdal,2015,1650
F-15 Møre og Romsdal,F,56 years,56,F-15,Møre og Romsdal,2015,1637
F-15 Møre og Romsdal,F,57 years,57,F-15,Møre og Romsdal,2015,1602
F-15 Møre og Romsdal,F,58 years,58,F-15,Møre og Romsdal,2015,1754
F-15 Møre og Romsdal,F,59 years,59,F-15,Møre og Romsdal,2015,1618
F-15 Møre og Romsdal,F,60 years,60,F-15,Møre og Romsdal,2015,1635
F-15 Møre og Romsdal,F,61 years,61,F-15,Møre og Romsdal,2015,1568
F-15 Møre og Romsdal,F,62 years,62,F-15,Møre og Romsdal,2015,1612
F-15 Møre og Romsdal,F,63 years,63,F-15,Møre og Romsdal,2015,1469
F-15 Møre og Romsdal,F,64 years,64,F-15,Møre og Romsdal,2015,1579
F-15 Møre og Romsdal,F,65 years,65,F-15,Møre og Romsdal,2015,1486
F-15 Møre og Romsdal,F,66 years,66,F-15,Møre og Romsdal,2015,1478
F-15 Møre og Romsdal,F,67 years,67,F-15,Møre og Romsdal,2015,1470
F-15 Møre og Romsdal,F,68 years,68,F-15,Møre og Romsdal,2015,1462
F-15 Møre og Romsdal,F,69 years,69,F-15,Møre og Romsdal,2015,1354
F-15 Møre og Romsdal,F,70 years,70,F-15,Møre og Romsdal,2015,1303
F-15 Møre og Romsdal,F,71 years,71,F-15,Møre og Romsdal,2015,1161
F-15 Møre og Romsdal,F,72 years,72,F-15,Møre og Romsdal,2015,1063
F-15 Møre og Romsdal,F,73 years,73,F-15,Møre og Romsdal,2015,963
F-15 Møre og Romsdal,F,74 years,74,F-15,Møre og Romsdal,2015,886
F-15 Møre og Romsdal,F,75 years,75,F-15,Møre og Romsdal,2015,904
F-15 Møre og Romsdal,F,76 years,76,F-15,Møre og Romsdal,2015,788
F-15 Møre og Romsdal,F,77 years,77,F-15,Møre og Romsdal,2015,802
F-15 Møre og Romsdal,F,78 years,78,F-15,Møre og Romsdal,2015,763
F-15 Møre og Romsdal,F,79 years,79,F-15,Møre og Romsdal,2015,746
F-15 Møre og Romsdal,F,80 years,80,F-15,Møre og Romsdal,2015,727
F-15 Møre og Romsdal,F,81 years,81,F-15,Møre og Romsdal,2015,733
F-15 Møre og Romsdal,F,82 years,82,F-15,Møre og Romsdal,2015,727
F-15 Møre og Romsdal,F,83 years,83,F-15,Møre og Romsdal,2015,658
F-15 Møre og Romsdal,F,84 years,84,F-15,Møre og Romsdal,2015,708
F-15 Møre og Romsdal,F,85 years,85,F-15,Møre og Romsdal,2015,637
F-15 Møre og Romsdal,F,86 years,86,F-15,Møre og Romsdal,2015,643
F-15 Møre og Romsdal,F,87 years,87,F-15,Møre og Romsdal,2015,566
F-15 Møre og Romsdal,F,88 years,88,F-15,Møre og Romsdal,2015,513
F-15 Møre og Romsdal,F,89 years,89,F-15,Møre og Romsdal,2015,474
F-15 Møre og Romsdal,F,90 years,90,F-15,Møre og Romsdal,2015,419
F-15 Møre og Romsdal,F,91 years,91,F-15,Møre og Romsdal,2015,352
F-15 Møre og Romsdal,F,92 years,92,F-15,Møre og Romsdal,2015,296
F-15 Møre og Romsdal,F,93 years,93,F-15,Møre og Romsdal,2015,251
F-15 Møre og Romsdal,F,94 years,94,F-15,Møre og Romsdal,2015,197
F-15 Møre og Romsdal,F,95 years,95,F-15,Møre og Romsdal,2015,149
F-15 Møre og Romsdal,F,96 years,96,F-15,Møre og Romsdal,2015,110
F-15 Møre og Romsdal,F,97 years,97,F-15,Møre og Romsdal,2015,61
F-15 Møre og Romsdal,F,98 years,98,F-15,Møre og Romsdal,2015,62
F-15 Møre og Romsdal,F,99 years,99,F-15,Møre og Romsdal,2015,30
F-15 Møre og Romsdal,F,100 years,100,F-15,Møre og Romsdal,2015,23
F-15 Møre og Romsdal,F,101 years,101,F-15,Møre og Romsdal,2015,14
F-15 Møre og Romsdal,F,102 years,102,F-15,Møre og Romsdal,2015,10
F-15 Møre og Romsdal,F,103 years,103,F-15,Møre og Romsdal,2015,2
F-15 Møre og Romsdal,F,104 years,104,F-15,Møre og Romsdal,2015,2
F-15 Møre og Romsdal,F,105 years or older,105,F-15,Møre og Romsdal,2015,2
F-15 Møre og Romsdal,M,0 years,0,F-15,Møre og Romsdal,2015,1435
F-15 Møre og Romsdal,M,1 year,1,F-15,Møre og Romsdal,2015,1461
F-15 Møre og Romsdal,M,2 years,2,F-15,Møre og Romsdal,2015,1527
F-15 Møre og Romsdal,M,3 years,3,F-15,Møre og Romsdal,2015,1574
F-15 Møre og Romsdal,M,4 years,4,F-15,Møre og Romsdal,2015,1549
F-15 Møre og Romsdal,M,5 years,5,F-15,Møre og Romsdal,2015,1719
F-15 Møre og Romsdal,M,6 years,6,F-15,Møre og Romsdal,2015,1595
F-15 Møre og Romsdal,M,7 years,7,F-15,Møre og Romsdal,2015,1660
F-15 Møre og Romsdal,M,8 years,8,F-15,Møre og Romsdal,2015,1564
F-15 Møre og Romsdal,M,9 years,9,F-15,Møre og Romsdal,2015,1605
F-15 Møre og Romsdal,M,10 years,10,F-15,Møre og Romsdal,2015,1696
F-15 Møre og Romsdal,M,11 years,11,F-15,Møre og Romsdal,2015,1688
F-15 Møre og Romsdal,M,12 years,12,F-15,Møre og Romsdal,2015,1575
F-15 Møre og Romsdal,M,13 years,13,F-15,Møre og Romsdal,2015,1698
F-15 Møre og Romsdal,M,14 years,14,F-15,Møre og Romsdal,2015,1770
F-15 Møre og Romsdal,M,15 years,15,F-15,Møre og Romsdal,2015,1767
F-15 Møre og Romsdal,M,16 years,16,F-15,Møre og Romsdal,2015,1767
F-15 Møre og Romsdal,M,17 years,17,F-15,Møre og Romsdal,2015,1783
F-15 Møre og Romsdal,M,18 years,18,F-15,Møre og Romsdal,2015,1863
F-15 Møre og Romsdal,M,19 years,19,F-15,Møre og Romsdal,2015,1837
F-15 Møre og Romsdal,M,20 years,20,F-15,Møre og Romsdal,2015,1808
F-15 Møre og Romsdal,M,21 years,21,F-15,Møre og Romsdal,2015,1768
F-15 Møre og Romsdal,M,22 years,22,F-15,Møre og Romsdal,2015,1684
F-15 Møre og Romsdal,M,23 years,23,F-15,Møre og Romsdal,2015,1798
F-15 Møre og Romsdal,M,24 years,24,F-15,Møre og Romsdal,2015,1775
F-15 Møre og Romsdal,M,25 years,25,F-15,Møre og Romsdal,2015,1737
F-15 Møre og Romsdal,M,26 years,26,F-15,Møre og Romsdal,2015,1696
F-15 Møre og Romsdal,M,27 years,27,F-15,Møre og Romsdal,2015,1628
F-15 Møre og Romsdal,M,28 years,28,F-15,Møre og Romsdal,2015,1729
F-15 Møre og Romsdal,M,29 years,29,F-15,Møre og Romsdal,2015,1643
F-15 Møre og Romsdal,M,30 years,30,F-15,Møre og Romsdal,2015,1728
F-15 Møre og Romsdal,M,31 years,31,F-15,Møre og Romsdal,2015,1739
F-15 Møre og Romsdal,M,32 years,32,F-15,Møre og Romsdal,2015,1695
F-15 Møre og Romsdal,M,33 years,33,F-15,Møre og Romsdal,2015,1652
F-15 Møre og Romsdal,M,34 years,34,F-15,Møre og Romsdal,2015,1701
F-15 Møre og Romsdal,M,35 years,35,F-15,Møre og Romsdal,2015,1734
F-15 Møre og Romsdal,M,36 years,36,F-15,Møre og Romsdal,2015,1586
F-15 Møre og Romsdal,M,37 years,37,F-15,Møre og Romsdal,2015,1599
F-15 Møre og Romsdal,M,38 years,38,F-15,Møre og Romsdal,2015,1663
F-15 Møre og Romsdal,M,39 years,39,F-15,Møre og Romsdal,2015,1616
F-15 Møre og Romsdal,M,40 years,40,F-15,Møre og Romsdal,2015,1818
F-15 Møre og Romsdal,M,41 years,41,F-15,Møre og Romsdal,2015,1901
F-15 Møre og Romsdal,M,42 years,42,F-15,Møre og Romsdal,2015,1918
F-15 Møre og Romsdal,M,43 years,43,F-15,Møre og Romsdal,2015,1910
F-15 Møre og Romsdal,M,44 years,44,F-15,Møre og Romsdal,2015,1922
F-15 Møre og Romsdal,M,45 years,45,F-15,Møre og Romsdal,2015,1962
F-15 Møre og Romsdal,M,46 years,46,F-15,Møre og Romsdal,2015,2000
F-15 Møre og Romsdal,M,47 years,47,F-15,Møre og Romsdal,2015,1980
F-15 Møre og Romsdal,M,48 years,48,F-15,Møre og Romsdal,2015,1832
F-15 Møre og Romsdal,M,49 years,49,F-15,Møre og Romsdal,2015,1833
F-15 Møre og Romsdal,M,50 years,50,F-15,Møre og Romsdal,2015,1764
F-15 Møre og Romsdal,M,51 years,51,F-15,Møre og Romsdal,2015,1761
F-15 Møre og Romsdal,M,52 years,52,F-15,Møre og Romsdal,2015,1738
F-15 Møre og Romsdal,M,53 years,53,F-15,Møre og Romsdal,2015,1695
F-15 Møre og Romsdal,M,54 years,54,F-15,Møre og Romsdal,2015,1672
F-15 Møre og Romsdal,M,55 years,55,F-15,Møre og Romsdal,2015,1757
F-15 Møre og Romsdal,M,56 years,56,F-15,Møre og Romsdal,2015,1789
F-15 Møre og Romsdal,M,57 years,57,F-15,Møre og Romsdal,2015,1732
F-15 Møre og Romsdal,M,58 years,58,F-15,Møre og Romsdal,2015,1770
F-15 Møre og Romsdal,M,59 years,59,F-15,Møre og Romsdal,2015,1715
F-15 Møre og Romsdal,M,60 years,60,F-15,Møre og Romsdal,2015,1720
F-15 Møre og Romsdal,M,61 years,61,F-15,Møre og Romsdal,2015,1634
F-15 Møre og Romsdal,M,62 years,62,F-15,Møre og Romsdal,2015,1709
F-15 Møre og Romsdal,M,63 years,63,F-15,Møre og Romsdal,2015,1661
F-15 Møre og Romsdal,M,64 years,64,F-15,Møre og Romsdal,2015,1511
F-15 Møre og Romsdal,M,65 years,65,F-15,Møre og Romsdal,2015,1582
F-15 Møre og Romsdal,M,66 years,66,F-15,Møre og Romsdal,2015,1621
F-15 Møre og Romsdal,M,67 years,67,F-15,Møre og Romsdal,2015,1503
F-15 Møre og Romsdal,M,68 years,68,F-15,Møre og Romsdal,2015,1535
F-15 Møre og Romsdal,M,69 years,69,F-15,Møre og Romsdal,2015,1433
F-15 Møre og Romsdal,M,70 years,70,F-15,Møre og Romsdal,2015,1277
F-15 Møre og Romsdal,M,71 years,71,F-15,Møre og Romsdal,2015,1159
F-15 Møre og Romsdal,M,72 years,72,F-15,Møre og Romsdal,2015,998
F-15 Møre og Romsdal,M,73 years,73,F-15,Møre og Romsdal,2015,873
F-15 Møre og Romsdal,M,74 years,74,F-15,Møre og Romsdal,2015,909
F-15 Møre og Romsdal,M,75 years,75,F-15,Møre og Romsdal,2015,850
F-15 Møre og Romsdal,M,76 years,76,F-15,Møre og Romsdal,2015,707
F-15 Møre og Romsdal,M,77 years,77,F-15,Møre og Romsdal,2015,658
F-15 Møre og Romsdal,M,78 years,78,F-15,Møre og Romsdal,2015,630
F-15 Møre og Romsdal,M,79 years,79,F-15,Møre og Romsdal,2015,626
F-15 Møre og Romsdal,M,80 years,80,F-15,Møre og Romsdal,2015,593
F-15 Møre og Romsdal,M,81 years,81,F-15,Møre og Romsdal,2015,500
F-15 Møre og Romsdal,M,82 years,82,F-15,Møre og Romsdal,2015,563
F-15 Møre og Romsdal,M,83 years,83,F-15,Møre og Romsdal,2015,513
F-15 Møre og Romsdal,M,84 years,84,F-15,Møre og Romsdal,2015,449
F-15 Møre og Romsdal,M,85 years,85,F-15,Møre og Romsdal,2015,405
F-15 Møre og Romsdal,M,86 years,86,F-15,Møre og Romsdal,2015,388
F-15 Møre og Romsdal,M,87 years,87,F-15,Møre og Romsdal,2015,282
F-15 Møre og Romsdal,M,88 years,88,F-15,Møre og Romsdal,2015,273
F-15 Møre og Romsdal,M,89 years,89,F-15,Møre og Romsdal,2015,236
F-15 Møre og Romsdal,M,90 years,90,F-15,Møre og Romsdal,2015,188
F-15 Møre og Romsdal,M,91 years,91,F-15,Møre og Romsdal,2015,147
F-15 Møre og Romsdal,M,92 years,92,F-15,Møre og Romsdal,2015,129
F-15 Møre og Romsdal,M,93 years,93,F-15,Møre og Romsdal,2015,81
F-15 Møre og Romsdal,M,94 years,94,F-15,Møre og Romsdal,2015,68
F-15 Møre og Romsdal,M,95 years,95,F-15,Møre og Romsdal,2015,43
F-15 Møre og Romsdal,M,96 years,96,F-15,Møre og Romsdal,2015,28
F-15 Møre og Romsdal,M,97 years,97,F-15,Møre og Romsdal,2015,22
F-15 Møre og Romsdal,M,98 years,98,F-15,Møre og Romsdal,2015,9
F-15 Møre og Romsdal,M,99 years,99,F-15,Møre og Romsdal,2015,4
F-15 Møre og Romsdal,M,100 years,100,F-15,Møre og Romsdal,2015,4
F-15 Møre og Romsdal,M,101 years,101,F-15,Møre og Romsdal,2015,3
F-15 Møre og Romsdal,M,102 years,102,F-15,Møre og Romsdal,2015,0
F-15 Møre og Romsdal,M,103 years,103,F-15,Møre og Romsdal,2015,1
F-15 Møre og Romsdal,M,104 years,104,F-15,Møre og Romsdal,2015,0
F-15 Møre og Romsdal,M,105 years or older,105,F-15,Møre og Romsdal,2015,0
F-50 Trøndelag - Trööndelage,F,0 years,0,F-50,Trøndelag,2015,2545
F-50 Trøndelag - Trööndelage,F,1 year,1,F-50,Trøndelag,2015,2568
F-50 Trøndelag - Trööndelage,F,2 years,2,F-50,Trøndelag,2015,2553
F-50 Trøndelag - Trööndelage,F,3 years,3,F-50,Trøndelag,2015,2562
F-50 Trøndelag - Trööndelage,F,4 years,4,F-50,Trøndelag,2015,2746
F-50 Trøndelag - Trööndelage,F,5 years,5,F-50,Trøndelag,2015,2681
F-50 Trøndelag - Trööndelage,F,6 years,6,F-50,Trøndelag,2015,2664
F-50 Trøndelag - Trööndelage,F,7 years,7,F-50,Trøndelag,2015,2594
F-50 Trøndelag - Trööndelage,F,8 years,8,F-50,Trøndelag,2015,2589
F-50 Trøndelag - Trööndelage,F,9 years,9,F-50,Trøndelag,2015,2664
F-50 Trøndelag - Trööndelage,F,10 years,10,F-50,Trøndelag,2015,2530
F-50 Trøndelag - Trööndelage,F,11 years,11,F-50,Trøndelag,2015,2546
F-50 Trøndelag - Trööndelage,F,12 years,12,F-50,Trøndelag,2015,2485
F-50 Trøndelag - Trööndelage,F,13 years,13,F-50,Trøndelag,2015,2631
F-50 Trøndelag - Trööndelage,F,14 years,14,F-50,Trøndelag,2015,2729
F-50 Trøndelag - Trööndelage,F,15 years,15,F-50,Trøndelag,2015,2687
F-50 Trøndelag - Trööndelage,F,16 years,16,F-50,Trøndelag,2015,2786
F-50 Trøndelag - Trööndelage,F,17 years,17,F-50,Trøndelag,2015,2661
F-50 Trøndelag - Trööndelage,F,18 years,18,F-50,Trøndelag,2015,2990
F-50 Trøndelag - Trööndelage,F,19 years,19,F-50,Trøndelag,2015,2921
F-50 Trøndelag - Trööndelage,F,20 years,20,F-50,Trøndelag,2015,3111
F-50 Trøndelag - Trööndelage,F,21 years,21,F-50,Trøndelag,2015,3174
F-50 Trøndelag - Trööndelage,F,22 years,22,F-50,Trøndelag,2015,3194
F-50 Trøndelag - Trööndelage,F,23 years,23,F-50,Trøndelag,2015,3297
F-50 Trøndelag - Trööndelage,F,24 years,24,F-50,Trøndelag,2015,3349
F-50 Trøndelag - Trööndelage,F,25 years,25,F-50,Trøndelag,2015,3221
F-50 Trøndelag - Trööndelage,F,26 years,26,F-50,Trøndelag,2015,3181
F-50 Trøndelag - Trööndelage,F,27 years,27,F-50,Trøndelag,2015,2893
F-50 Trøndelag - Trööndelage,F,28 years,28,F-50,Trøndelag,2015,2944
F-50 Trøndelag - Trööndelage,F,29 years,29,F-50,Trøndelag,2015,2883
F-50 Trøndelag - Trööndelage,F,30 years,30,F-50,Trøndelag,2015,2852
F-50 Trøndelag - Trööndelage,F,31 years,31,F-50,Trøndelag,2015,2707
F-50 Trøndelag - Trööndelage,F,32 years,32,F-50,Trøndelag,2015,2833
F-50 Trøndelag - Trööndelage,F,33 years,33,F-50,Trøndelag,2015,2693
F-50 Trøndelag - Trööndelage,F,34 years,34,F-50,Trøndelag,2015,2655
F-50 Trøndelag - Trööndelage,F,35 years,35,F-50,Trøndelag,2015,2599
F-50 Trøndelag - Trööndelage,F,36 years,36,F-50,Trøndelag,2015,2637
F-50 Trøndelag - Trööndelage,F,37 years,37,F-50,Trøndelag,2015,2593
F-50 Trøndelag - Trööndelage,F,38 years,38,F-50,Trøndelag,2015,2628
F-50 Trøndelag - Trööndelage,F,39 years,39,F-50,Trøndelag,2015,2768
F-50 Trøndelag - Trööndelage,F,40 years,40,F-50,Trøndelag,2015,2913
F-50 Trøndelag - Trööndelage,F,41 years,41,F-50,Trøndelag,2015,2964
F-50 Trøndelag - Trööndelage,F,42 years,42,F-50,Trøndelag,2015,2996
F-50 Trøndelag - Trööndelage,F,43 years,43,F-50,Trøndelag,2015,3063
F-50 Trøndelag - Trööndelage,F,44 years,44,F-50,Trøndelag,2015,3109
F-50 Trøndelag - Trööndelage,F,45 years,45,F-50,Trøndelag,2015,3142
F-50 Trøndelag - Trööndelage,F,46 years,46,F-50,Trøndelag,2015,3252
F-50 Trøndelag - Trööndelage,F,47 years,47,F-50,Trøndelag,2015,3028
F-50 Trøndelag - Trööndelage,F,48 years,48,F-50,Trøndelag,2015,3085
F-50 Trøndelag - Trööndelage,F,49 years,49,F-50,Trøndelag,2015,3069
F-50 Trøndelag - Trööndelage,F,50 years,50,F-50,Trøndelag,2015,2903
F-50 Trøndelag - Trööndelage,F,51 years,51,F-50,Trøndelag,2015,2846
F-50 Trøndelag - Trööndelage,F,52 years,52,F-50,Trøndelag,2015,2731
F-50 Trøndelag - Trööndelage,F,53 years,53,F-50,Trøndelag,2015,2708
F-50 Trøndelag - Trööndelage,F,54 years,54,F-50,Trøndelag,2015,2708
F-50 Trøndelag - Trööndelage,F,55 years,55,F-50,Trøndelag,2015,2698
F-50 Trøndelag - Trööndelage,F,56 years,56,F-50,Trøndelag,2015,2602
F-50 Trøndelag - Trööndelage,F,57 years,57,F-50,Trøndelag,2015,2619
F-50 Trøndelag - Trööndelage,F,58 years,58,F-50,Trøndelag,2015,2711
F-50 Trøndelag - Trööndelage,F,59 years,59,F-50,Trøndelag,2015,2739
F-50 Trøndelag - Trööndelage,F,60 years,60,F-50,Trøndelag,2015,2613
F-50 Trøndelag - Trööndelage,F,61 years,61,F-50,Trøndelag,2015,2618
F-50 Trøndelag - Trööndelage,F,62 years,62,F-50,Trøndelag,2015,2521
F-50 Trøndelag - Trööndelage,F,63 years,63,F-50,Trøndelag,2015,2454
F-50 Trøndelag - Trööndelage,F,64 years,64,F-50,Trøndelag,2015,2438
F-50 Trøndelag - Trööndelage,F,65 years,65,F-50,Trøndelag,2015,2359
F-50 Trøndelag - Trööndelage,F,66 years,66,F-50,Trøndelag,2015,2483
F-50 Trøndelag - Trööndelage,F,67 years,67,F-50,Trøndelag,2015,2454
F-50 Trøndelag - Trööndelage,F,68 years,68,F-50,Trøndelag,2015,2539
F-50 Trøndelag - Trööndelage,F,69 years,69,F-50,Trøndelag,2015,2379
F-50 Trøndelag - Trööndelage,F,70 years,70,F-50,Trøndelag,2015,2168
F-50 Trøndelag - Trööndelage,F,71 years,71,F-50,Trøndelag,2015,2005
F-50 Trøndelag - Trööndelage,F,72 years,72,F-50,Trøndelag,2015,1832
F-50 Trøndelag - Trööndelage,F,73 years,73,F-50,Trøndelag,2015,1611
F-50 Trøndelag - Trööndelage,F,74 years,74,F-50,Trøndelag,2015,1552
F-50 Trøndelag - Trööndelage,F,75 years,75,F-50,Trøndelag,2015,1541
F-50 Trøndelag - Trööndelage,F,76 years,76,F-50,Trøndelag,2015,1388
F-50 Trøndelag - Trööndelage,F,77 years,77,F-50,Trøndelag,2015,1237
F-50 Trøndelag - Trööndelage,F,78 years,78,F-50,Trøndelag,2015,1231
F-50 Trøndelag - Trööndelage,F,79 years,79,F-50,Trøndelag,2015,1239
F-50 Trøndelag - Trööndelage,F,80 years,80,F-50,Trøndelag,2015,1181
F-50 Trøndelag - Trööndelage,F,81 years,81,F-50,Trøndelag,2015,1064
F-50 Trøndelag - Trööndelage,F,82 years,82,F-50,Trøndelag,2015,1153
F-50 Trøndelag - Trööndelage,F,83 years,83,F-50,Trøndelag,2015,1061
F-50 Trøndelag - Trööndelage,F,84 years,84,F-50,Trøndelag,2015,977
F-50 Trøndelag - Trööndelage,F,85 years,85,F-50,Trøndelag,2015,912
F-50 Trøndelag - Trööndelage,F,86 years,86,F-50,Trøndelag,2015,943
F-50 Trøndelag - Trööndelage,F,87 years,87,F-50,Trøndelag,2015,825
F-50 Trøndelag - Trööndelage,F,88 years,88,F-50,Trøndelag,2015,804
F-50 Trøndelag - Trööndelage,F,89 years,89,F-50,Trøndelag,2015,659
F-50 Trøndelag - Trööndelage,F,90 years,90,F-50,Trøndelag,2015,601
F-50 Trøndelag - Trööndelage,F,91 years,91,F-50,Trøndelag,2015,489
F-50 Trøndelag - Trööndelage,F,92 years,92,F-50,Trøndelag,2015,445
F-50 Trøndelag - Trööndelage,F,93 years,93,F-50,Trøndelag,2015,333
F-50 Trøndelag - Trööndelage,F,94 years,94,F-50,Trøndelag,2015,246
F-50 Trøndelag - Trööndelage,F,95 years,95,F-50,Trøndelag,2015,173
F-50 Trøndelag - Trööndelage,F,96 years,96,F-50,Trøndelag,2015,139
F-50 Trøndelag - Trööndelage,F,97 years,97,F-50,Trøndelag,2015,99
F-50 Trøndelag - Trööndelage,F,98 years,98,F-50,Trøndelag,2015,65
F-50 Trøndelag - Trööndelage,F,99 years,99,F-50,Trøndelag,2015,39
F-50 Trøndelag - Trööndelage,F,100 years,100,F-50,Trøndelag,2015,13
F-50 Trøndelag - Trööndelage,F,101 years,101,F-50,Trøndelag,2015,11
F-50 Trøndelag - Trööndelage,F,102 years,102,F-50,Trøndelag,2015,5
F-50 Trøndelag - Trööndelage,F,103 years,103,F-50,Trøndelag,2015,7
F-50 Trøndelag - Trööndelage,F,104 years,104,F-50,Trøndelag,2015,3
F-50 Trøndelag - Trööndelage,F,105 years or older,105,F-50,Trøndelag,2015,1
F-50 Trøndelag - Trööndelage,M,0 years,0,F-50,Trøndelag,2015,2660
F-50 Trøndelag - Trööndelage,M,1 year,1,F-50,Trøndelag,2015,2703
F-50 Trøndelag - Trööndelage,M,2 years,2,F-50,Trøndelag,2015,2661
F-50 Trøndelag - Trööndelage,M,3 years,3,F-50,Trøndelag,2015,2804
F-50 Trøndelag - Trööndelage,M,4 years,4,F-50,Trøndelag,2015,2805
F-50 Trøndelag - Trööndelage,M,5 years,5,F-50,Trøndelag,2015,2851
F-50 Trøndelag - Trööndelage,M,6 years,6,F-50,Trøndelag,2015,2846
F-50 Trøndelag - Trööndelage,M,7 years,7,F-50,Trøndelag,2015,2732
F-50 Trøndelag - Trööndelage,M,8 years,8,F-50,Trøndelag,2015,2783
F-50 Trøndelag - Trööndelage,M,9 years,9,F-50,Trøndelag,2015,2659
F-50 Trøndelag - Trööndelage,M,10 years,10,F-50,Trøndelag,2015,2708
F-50 Trøndelag - Trööndelage,M,11 years,11,F-50,Trøndelag,2015,2640
F-50 Trøndelag - Trööndelage,M,12 years,12,F-50,Trøndelag,2015,2696
F-50 Trøndelag - Trööndelage,M,13 years,13,F-50,Trøndelag,2015,2758
F-50 Trøndelag - Trööndelage,M,14 years,14,F-50,Trøndelag,2015,2884
F-50 Trøndelag - Trööndelage,M,15 years,15,F-50,Trøndelag,2015,2826
F-50 Trøndelag - Trööndelage,M,16 years,16,F-50,Trøndelag,2015,2902
F-50 Trøndelag - Trööndelage,M,17 years,17,F-50,Trøndelag,2015,3016
F-50 Trøndelag - Trööndelage,M,18 years,18,F-50,Trøndelag,2015,3033
F-50 Trøndelag - Trööndelage,M,19 years,19,F-50,Trøndelag,2015,2998
F-50 Trøndelag - Trööndelage,M,20 years,20,F-50,Trøndelag,2015,3274
F-50 Trøndelag - Trööndelage,M,21 years,21,F-50,Trøndelag,2015,3376
F-50 Trøndelag - Trööndelage,M,22 years,22,F-50,Trøndelag,2015,3538
F-50 Trøndelag - Trööndelage,M,23 years,23,F-50,Trøndelag,2015,3658
F-50 Trøndelag - Trööndelage,M,24 years,24,F-50,Trøndelag,2015,3631
F-50 Trøndelag - Trööndelage,M,25 years,25,F-50,Trøndelag,2015,3620
F-50 Trøndelag - Trööndelage,M,26 years,26,F-50,Trøndelag,2015,3533
F-50 Trøndelag - Trööndelage,M,27 years,27,F-50,Trøndelag,2015,3243
F-50 Trøndelag - Trööndelage,M,28 years,28,F-50,Trøndelag,2015,3276
F-50 Trøndelag - Trööndelage,M,29 years,29,F-50,Trøndelag,2015,3109
F-50 Trøndelag - Trööndelage,M,30 years,30,F-50,Trøndelag,2015,2976
F-50 Trøndelag - Trööndelage,M,31 years,31,F-50,Trøndelag,2015,3011
F-50 Trøndelag - Trööndelage,M,32 years,32,F-50,Trøndelag,2015,2988
F-50 Trøndelag - Trööndelage,M,33 years,33,F-50,Trøndelag,2015,2925
F-50 Trøndelag - Trööndelage,M,34 years,34,F-50,Trøndelag,2015,2978
F-50 Trøndelag - Trööndelage,M,35 years,35,F-50,Trøndelag,2015,3005
F-50 Trøndelag - Trööndelage,M,36 years,36,F-50,Trøndelag,2015,2881
F-50 Trøndelag - Trööndelage,M,37 years,37,F-50,Trøndelag,2015,2806
F-50 Trøndelag - Trööndelage,M,38 years,38,F-50,Trøndelag,2015,2830
F-50 Trøndelag - Trööndelage,M,39 years,39,F-50,Trøndelag,2015,2886
F-50 Trøndelag - Trööndelage,M,40 years,40,F-50,Trøndelag,2015,3127
F-50 Trøndelag - Trööndelage,M,41 years,41,F-50,Trøndelag,2015,3210
F-50 Trøndelag - Trööndelage,M,42 years,42,F-50,Trøndelag,2015,3251
F-50 Trøndelag - Trööndelage,M,43 years,43,F-50,Trøndelag,2015,3300
F-50 Trøndelag - Trööndelage,M,44 years,44,F-50,Trøndelag,2015,3129
F-50 Trøndelag - Trööndelage,M,45 years,45,F-50,Trøndelag,2015,3311
F-50 Trøndelag - Trööndelage,M,46 years,46,F-50,Trøndelag,2015,3358
F-50 Trøndelag - Trööndelage,M,47 years,47,F-50,Trøndelag,2015,3120
F-50 Trøndelag - Trööndelage,M,48 years,48,F-50,Trøndelag,2015,3276
F-50 Trøndelag - Trööndelage,M,49 years,49,F-50,Trøndelag,2015,3252
F-50 Trøndelag - Trööndelage,M,50 years,50,F-50,Trøndelag,2015,3074
F-50 Trøndelag - Trööndelage,M,51 years,51,F-50,Trøndelag,2015,3002
F-50 Trøndelag - Trööndelage,M,52 years,52,F-50,Trøndelag,2015,2963
F-50 Trøndelag - Trööndelage,M,53 years,53,F-50,Trøndelag,2015,2776
F-50 Trøndelag - Trööndelage,M,54 years,54,F-50,Trøndelag,2015,2719
F-50 Trøndelag - Trööndelage,M,55 years,55,F-50,Trøndelag,2015,2838
F-50 Trøndelag - Trööndelage,M,56 years,56,F-50,Trøndelag,2015,2853
F-50 Trøndelag - Trööndelage,M,57 years,57,F-50,Trøndelag,2015,2788
F-50 Trøndelag - Trööndelage,M,58 years,58,F-50,Trøndelag,2015,2764
F-50 Trøndelag - Trööndelage,M,59 years,59,F-50,Trøndelag,2015,2707
F-50 Trøndelag - Trööndelage,M,60 years,60,F-50,Trøndelag,2015,2636
F-50 Trøndelag - Trööndelage,M,61 years,61,F-50,Trøndelag,2015,2535
F-50 Trøndelag - Trööndelage,M,62 years,62,F-50,Trøndelag,2015,2609
F-50 Trøndelag - Trööndelage,M,63 years,63,F-50,Trøndelag,2015,2560
F-50 Trøndelag - Trööndelage,M,64 years,64,F-50,Trøndelag,2015,2473
F-50 Trøndelag - Trööndelage,M,65 years,65,F-50,Trøndelag,2015,2504
F-50 Trøndelag - Trööndelage,M,66 years,66,F-50,Trøndelag,2015,2531
F-50 Trøndelag - Trööndelage,M,67 years,67,F-50,Trøndelag,2015,2420
F-50 Trøndelag - Trööndelage,M,68 years,68,F-50,Trøndelag,2015,2477
F-50 Trøndelag - Trööndelage,M,69 years,69,F-50,Trøndelag,2015,2278
F-50 Trøndelag - Trööndelage,M,70 years,70,F-50,Trøndelag,2015,2083
F-50 Trøndelag - Trööndelage,M,71 years,71,F-50,Trøndelag,2015,1969
F-50 Trøndelag - Trööndelage,M,72 years,72,F-50,Trøndelag,2015,1766
F-50 Trøndelag - Trööndelage,M,73 years,73,F-50,Trøndelag,2015,1575
F-50 Trøndelag - Trööndelage,M,74 years,74,F-50,Trøndelag,2015,1451
F-50 Trøndelag - Trööndelage,M,75 years,75,F-50,Trøndelag,2015,1327
F-50 Trøndelag - Trööndelage,M,76 years,76,F-50,Trøndelag,2015,1223
F-50 Trøndelag - Trööndelage,M,77 years,77,F-50,Trøndelag,2015,1126
F-50 Trøndelag - Trööndelage,M,78 years,78,F-50,Trøndelag,2015,1044
F-50 Trøndelag - Trööndelage,M,79 years,79,F-50,Trøndelag,2015,923
F-50 Trøndelag - Trööndelage,M,80 years,80,F-50,Trøndelag,2015,925
F-50 Trøndelag - Trööndelage,M,81 years,81,F-50,Trøndelag,2015,854
F-50 Trøndelag - Trööndelage,M,82 years,82,F-50,Trøndelag,2015,815
F-50 Trøndelag - Trööndelage,M,83 years,83,F-50,Trøndelag,2015,729
F-50 Trøndelag - Trööndelage,M,84 years,84,F-50,Trøndelag,2015,690
F-50 Trøndelag - Trööndelage,M,85 years,85,F-50,Trøndelag,2015,620
F-50 Trøndelag - Trööndelage,M,86 years,86,F-50,Trøndelag,2015,555
F-50 Trøndelag - Trööndelage,M,87 years,87,F-50,Trøndelag,2015,481
F-50 Trøndelag - Trööndelage,M,88 years,88,F-50,Trøndelag,2015,407
F-50 Trøndelag - Trööndelage,M,89 years,89,F-50,Trøndelag,2015,335
F-50 Trøndelag - Trööndelage,M,90 years,90,F-50,Trøndelag,2015,285
F-50 Trøndelag - Trööndelage,M,91 years,91,F-50,Trøndelag,2015,223
F-50 Trøndelag - Trööndelage,M,92 years,92,F-50,Trøndelag,2015,158
F-50 Trøndelag - Trööndelage,M,93 years,93,F-50,Trøndelag,2015,97
F-50 Trøndelag - Trööndelage,M,94 years,94,F-50,Trøndelag,2015,97
F-50 Trøndelag - Trööndelage,M,95 years,95,F-50,Trøndelag,2015,49
F-50 Trøndelag - Trööndelage,M,96 years,96,F-50,Trøndelag,2015,37
F-50 Trøndelag - Trööndelage,M,97 years,97,F-50,Trøndelag,2015,22
F-50 Trøndelag - Trööndelage,M,98 years,98,F-50,Trøndelag,2015,11
F-50 Trøndelag - Trööndelage,M,99 years,99,F-50,Trøndelag,2015,6
F-50 Trøndelag - Trööndelage,M,100 years,100,F-50,Trøndelag,2015,8
F-50 Trøndelag - Trööndelage,M,101 years,101,F-50,Trøndelag,2015,3
F-50 Trøndelag - Trööndelage,M,102 years,102,F-50,Trøndelag,2015,2
F-50 Trøndelag - Trööndelage,M,103 years,103,F-50,Trøndelag,2015,0
F-50 Trøndelag - Trööndelage,M,104 years,104,F-50,Trøndelag,2015,0
F-50 Trøndelag - Trööndelage,M,105 years or older,105,F-50,Trøndelag,2015,0
F-15 Møre og Romsdal,F,0 years,0,F-15,Møre og Romsdal,2016,1378
F-15 Møre og Romsdal,F,1 year,1,F-15,Møre og Romsdal,2016,1347
F-15 Møre og Romsdal,F,2 years,2,F-15,Møre og Romsdal,2016,1424
F-15 Møre og Romsdal,F,3 years,3,F-15,Møre og Romsdal,2016,1505
F-15 Møre og Romsdal,F,4 years,4,F-15,Møre og Romsdal,2016,1532
F-15 Møre og Romsdal,F,5 years,5,F-15,Møre og Romsdal,2016,1540
F-15 Møre og Romsdal,F,6 years,6,F-15,Møre og Romsdal,2016,1631
F-15 Møre og Romsdal,F,7 years,7,F-15,Møre og Romsdal,2016,1562
F-15 Møre og Romsdal,F,8 years,8,F-15,Møre og Romsdal,2016,1569
F-15 Møre og Romsdal,F,9 years,9,F-15,Møre og Romsdal,2016,1561
F-15 Møre og Romsdal,F,10 years,10,F-15,Møre og Romsdal,2016,1587
F-15 Møre og Romsdal,F,11 years,11,F-15,Møre og Romsdal,2016,1631
F-15 Møre og Romsdal,F,12 years,12,F-15,Møre og Romsdal,2016,1581
F-15 Møre og Romsdal,F,13 years,13,F-15,Møre og Romsdal,2016,1575
F-15 Møre og Romsdal,F,14 years,14,F-15,Møre og Romsdal,2016,1651
F-15 Møre og Romsdal,F,15 years,15,F-15,Møre og Romsdal,2016,1634
F-15 Møre og Romsdal,F,16 years,16,F-15,Møre og Romsdal,2016,1717
F-15 Møre og Romsdal,F,17 years,17,F-15,Møre og Romsdal,2016,1645
F-15 Møre og Romsdal,F,18 years,18,F-15,Møre og Romsdal,2016,1714
F-15 Møre og Romsdal,F,19 years,19,F-15,Møre og Romsdal,2016,1717
F-15 Møre og Romsdal,F,20 years,20,F-15,Møre og Romsdal,2016,1591
F-15 Møre og Romsdal,F,21 years,21,F-15,Møre og Romsdal,2016,1587
F-15 Møre og Romsdal,F,22 years,22,F-15,Møre og Romsdal,2016,1581
F-15 Møre og Romsdal,F,23 years,23,F-15,Møre og Romsdal,2016,1542
F-15 Møre og Romsdal,F,24 years,24,F-15,Møre og Romsdal,2016,1594
F-15 Møre og Romsdal,F,25 years,25,F-15,Møre og Romsdal,2016,1573
F-15 Møre og Romsdal,F,26 years,26,F-15,Møre og Romsdal,2016,1578
F-15 Møre og Romsdal,F,27 years,27,F-15,Møre og Romsdal,2016,1504
F-15 Møre og Romsdal,F,28 years,28,F-15,Møre og Romsdal,2016,1491
F-15 Møre og Romsdal,F,29 years,29,F-15,Møre og Romsdal,2016,1484
F-15 Møre og Romsdal,F,30 years,30,F-15,Møre og Romsdal,2016,1507
F-15 Møre og Romsdal,F,31 years,31,F-15,Møre og Romsdal,2016,1532
F-15 Møre og Romsdal,F,32 years,32,F-15,Møre og Romsdal,2016,1558
F-15 Møre og Romsdal,F,33 years,33,F-15,Møre og Romsdal,2016,1506
F-15 Møre og Romsdal,F,34 years,34,F-15,Møre og Romsdal,2016,1508
F-15 Møre og Romsdal,F,35 years,35,F-15,Møre og Romsdal,2016,1540
F-15 Møre og Romsdal,F,36 years,36,F-15,Møre og Romsdal,2016,1533
F-15 Møre og Romsdal,F,37 years,37,F-15,Møre og Romsdal,2016,1480
F-15 Møre og Romsdal,F,38 years,38,F-15,Møre og Romsdal,2016,1495
F-15 Møre og Romsdal,F,39 years,39,F-15,Møre og Romsdal,2016,1491
F-15 Møre og Romsdal,F,40 years,40,F-15,Møre og Romsdal,2016,1501
F-15 Møre og Romsdal,F,41 years,41,F-15,Møre og Romsdal,2016,1641
F-15 Møre og Romsdal,F,42 years,42,F-15,Møre og Romsdal,2016,1590
F-15 Møre og Romsdal,F,43 years,43,F-15,Møre og Romsdal,2016,1732
F-15 Møre og Romsdal,F,44 years,44,F-15,Møre og Romsdal,2016,1769
F-15 Møre og Romsdal,F,45 years,45,F-15,Møre og Romsdal,2016,1766
F-15 Møre og Romsdal,F,46 years,46,F-15,Møre og Romsdal,2016,1853
F-15 Møre og Romsdal,F,47 years,47,F-15,Møre og Romsdal,2016,1846
F-15 Møre og Romsdal,F,48 years,48,F-15,Møre og Romsdal,2016,1720
F-15 Møre og Romsdal,F,49 years,49,F-15,Møre og Romsdal,2016,1685
F-15 Møre og Romsdal,F,50 years,50,F-15,Møre og Romsdal,2016,1610
F-15 Møre og Romsdal,F,51 years,51,F-15,Møre og Romsdal,2016,1589
F-15 Møre og Romsdal,F,52 years,52,F-15,Møre og Romsdal,2016,1549
F-15 Møre og Romsdal,F,53 years,53,F-15,Møre og Romsdal,2016,1565
F-15 Møre og Romsdal,F,54 years,54,F-15,Møre og Romsdal,2016,1613
F-15 Møre og Romsdal,F,55 years,55,F-15,Møre og Romsdal,2016,1645
F-15 Møre og Romsdal,F,56 years,56,F-15,Møre og Romsdal,2016,1642
F-15 Møre og Romsdal,F,57 years,57,F-15,Møre og Romsdal,2016,1633
F-15 Møre og Romsdal,F,58 years,58,F-15,Møre og Romsdal,2016,1604
F-15 Møre og Romsdal,F,59 years,59,F-15,Møre og Romsdal,2016,1759
F-15 Møre og Romsdal,F,60 years,60,F-15,Møre og Romsdal,2016,1610
F-15 Møre og Romsdal,F,61 years,61,F-15,Møre og Romsdal,2016,1629
F-15 Møre og Romsdal,F,62 years,62,F-15,Møre og Romsdal,2016,1569
F-15 Møre og Romsdal,F,63 years,63,F-15,Møre og Romsdal,2016,1604
F-15 Møre og Romsdal,F,64 years,64,F-15,Møre og Romsdal,2016,1460
F-15 Møre og Romsdal,F,65 years,65,F-15,Møre og Romsdal,2016,1575
F-15 Møre og Romsdal,F,66 years,66,F-15,Møre og Romsdal,2016,1477
F-15 Møre og Romsdal,F,67 years,67,F-15,Møre og Romsdal,2016,1466
F-15 Møre og Romsdal,F,68 years,68,F-15,Møre og Romsdal,2016,1463
F-15 Møre og Romsdal,F,69 years,69,F-15,Møre og Romsdal,2016,1455
F-15 Møre og Romsdal,F,70 years,70,F-15,Møre og Romsdal,2016,1336
F-15 Møre og Romsdal,F,71 years,71,F-15,Møre og Romsdal,2016,1291
F-15 Møre og Romsdal,F,72 years,72,F-15,Møre og Romsdal,2016,1148
F-15 Møre og Romsdal,F,73 years,73,F-15,Møre og Romsdal,2016,1044
F-15 Møre og Romsdal,F,74 years,74,F-15,Møre og Romsdal,2016,952
F-15 Møre og Romsdal,F,75 years,75,F-15,Møre og Romsdal,2016,873
F-15 Møre og Romsdal,F,76 years,76,F-15,Møre og Romsdal,2016,893
F-15 Møre og Romsdal,F,77 years,77,F-15,Møre og Romsdal,2016,775
F-15 Møre og Romsdal,F,78 years,78,F-15,Møre og Romsdal,2016,787
F-15 Møre og Romsdal,F,79 years,79,F-15,Møre og Romsdal,2016,744
F-15 Møre og Romsdal,F,80 years,80,F-15,Møre og Romsdal,2016,730
F-15 Møre og Romsdal,F,81 years,81,F-15,Møre og Romsdal,2016,699
F-15 Møre og Romsdal,F,82 years,82,F-15,Møre og Romsdal,2016,687
F-15 Møre og Romsdal,F,83 years,83,F-15,Møre og Romsdal,2016,696
F-15 Møre og Romsdal,F,84 years,84,F-15,Møre og Romsdal,2016,627
F-15 Møre og Romsdal,F,85 years,85,F-15,Møre og Romsdal,2016,671
F-15 Møre og Romsdal,F,86 years,86,F-15,Møre og Romsdal,2016,583
F-15 Møre og Romsdal,F,87 years,87,F-15,Møre og Romsdal,2016,595
F-15 Møre og Romsdal,F,88 years,88,F-15,Møre og Romsdal,2016,524
F-15 Møre og Romsdal,F,89 years,89,F-15,Møre og Romsdal,2016,468
F-15 Møre og Romsdal,F,90 years,90,F-15,Møre og Romsdal,2016,399
F-15 Møre og Romsdal,F,91 years,91,F-15,Møre og Romsdal,2016,372
F-15 Møre og Romsdal,F,92 years,92,F-15,Møre og Romsdal,2016,294
F-15 Møre og Romsdal,F,93 years,93,F-15,Møre og Romsdal,2016,242
F-15 Møre og Romsdal,F,94 years,94,F-15,Møre og Romsdal,2016,200
F-15 Møre og Romsdal,F,95 years,95,F-15,Møre og Romsdal,2016,156
F-15 Møre og Romsdal,F,96 years,96,F-15,Møre og Romsdal,2016,121
F-15 Møre og Romsdal,F,97 years,97,F-15,Møre og Romsdal,2016,73
F-15 Møre og Romsdal,F,98 years,98,F-15,Møre og Romsdal,2016,39
F-15 Møre og Romsdal,F,99 years,99,F-15,Møre og Romsdal,2016,47
F-15 Møre og Romsdal,F,100 years,100,F-15,Møre og Romsdal,2016,20
F-15 Møre og Romsdal,F,101 years,101,F-15,Møre og Romsdal,2016,15
F-15 Møre og Romsdal,F,102 years,102,F-15,Møre og Romsdal,2016,8
F-15 Møre og Romsdal,F,103 years,103,F-15,Møre og Romsdal,2016,5
F-15 Møre og Romsdal,F,104 years,104,F-15,Møre og Romsdal,2016,0
F-15 Møre og Romsdal,F,105 years or older,105,F-15,Møre og Romsdal,2016,1
F-15 Møre og Romsdal,M,0 years,0,F-15,Møre og Romsdal,2016,1394
F-15 Møre og Romsdal,M,1 year,1,F-15,Møre og Romsdal,2016,1467
F-15 Møre og Romsdal,M,2 years,2,F-15,Møre og Romsdal,2016,1496
F-15 Møre og Romsdal,M,3 years,3,F-15,Møre og Romsdal,2016,1545
F-15 Møre og Romsdal,M,4 years,4,F-15,Møre og Romsdal,2016,1596
F-15 Møre og Romsdal,M,5 years,5,F-15,Møre og Romsdal,2016,1556
F-15 Møre og Romsdal,M,6 years,6,F-15,Møre og Romsdal,2016,1727
F-15 Møre og Romsdal,M,7 years,7,F-15,Møre og Romsdal,2016,1623
F-15 Møre og Romsdal,M,8 years,8,F-15,Møre og Romsdal,2016,1669
F-15 Møre og Romsdal,M,9 years,9,F-15,Møre og Romsdal,2016,1586
F-15 Møre og Romsdal,M,10 years,10,F-15,Møre og Romsdal,2016,1601
F-15 Møre og Romsdal,M,11 years,11,F-15,Møre og Romsdal,2016,1701
F-15 Møre og Romsdal,M,12 years,12,F-15,Møre og Romsdal,2016,1692
F-15 Møre og Romsdal,M,13 years,13,F-15,Møre og Romsdal,2016,1595
F-15 Møre og Romsdal,M,14 years,14,F-15,Møre og Romsdal,2016,1707
F-15 Møre og Romsdal,M,15 years,15,F-15,Møre og Romsdal,2016,1776
F-15 Møre og Romsdal,M,16 years,16,F-15,Møre og Romsdal,2016,1807
F-15 Møre og Romsdal,M,17 years,17,F-15,Møre og Romsdal,2016,1807
F-15 Møre og Romsdal,M,18 years,18,F-15,Møre og Romsdal,2016,1786
F-15 Møre og Romsdal,M,19 years,19,F-15,Møre og Romsdal,2016,1865
F-15 Møre og Romsdal,M,20 years,20,F-15,Møre og Romsdal,2016,1813
F-15 Møre og Romsdal,M,21 years,21,F-15,Møre og Romsdal,2016,1792
F-15 Møre og Romsdal,M,22 years,22,F-15,Møre og Romsdal,2016,1750
F-15 Møre og Romsdal,M,23 years,23,F-15,Møre og Romsdal,2016,1689
F-15 Møre og Romsdal,M,24 years,24,F-15,Møre og Romsdal,2016,1778
F-15 Møre og Romsdal,M,25 years,25,F-15,Møre og Romsdal,2016,1765
F-15 Møre og Romsdal,M,26 years,26,F-15,Møre og Romsdal,2016,1738
F-15 Møre og Romsdal,M,27 years,27,F-15,Møre og Romsdal,2016,1713
F-15 Møre og Romsdal,M,28 years,28,F-15,Møre og Romsdal,2016,1643
F-15 Møre og Romsdal,M,29 years,29,F-15,Møre og Romsdal,2016,1745
F-15 Møre og Romsdal,M,30 years,30,F-15,Møre og Romsdal,2016,1680
F-15 Møre og Romsdal,M,31 years,31,F-15,Møre og Romsdal,2016,1748
F-15 Møre og Romsdal,M,32 years,32,F-15,Møre og Romsdal,2016,1764
F-15 Møre og Romsdal,M,33 years,33,F-15,Møre og Romsdal,2016,1696
F-15 Møre og Romsdal,M,34 years,34,F-15,Møre og Romsdal,2016,1671
F-15 Møre og Romsdal,M,35 years,35,F-15,Møre og Romsdal,2016,1726
F-15 Møre og Romsdal,M,36 years,36,F-15,Møre og Romsdal,2016,1747
F-15 Møre og Romsdal,M,37 years,37,F-15,Møre og Romsdal,2016,1601
F-15 Møre og Romsdal,M,38 years,38,F-15,Møre og Romsdal,2016,1608
F-15 Møre og Romsdal,M,39 years,39,F-15,Møre og Romsdal,2016,1684
F-15 Møre og Romsdal,M,40 years,40,F-15,Møre og Romsdal,2016,1622
F-15 Møre og Romsdal,M,41 years,41,F-15,Møre og Romsdal,2016,1816
F-15 Møre og Romsdal,M,42 years,42,F-15,Møre og Romsdal,2016,1913
F-15 Møre og Romsdal,M,43 years,43,F-15,Møre og Romsdal,2016,1948
F-15 Møre og Romsdal,M,44 years,44,F-15,Møre og Romsdal,2016,1903
F-15 Møre og Romsdal,M,45 years,45,F-15,Møre og Romsdal,2016,1916
F-15 Møre og Romsdal,M,46 years,46,F-15,Møre og Romsdal,2016,1969
F-15 Møre og Romsdal,M,47 years,47,F-15,Møre og Romsdal,2016,1992
F-15 Møre og Romsdal,M,48 years,48,F-15,Møre og Romsdal,2016,1980
F-15 Møre og Romsdal,M,49 years,49,F-15,Møre og Romsdal,2016,1824
F-15 Møre og Romsdal,M,50 years,50,F-15,Møre og Romsdal,2016,1826
F-15 Møre og Romsdal,M,51 years,51,F-15,Møre og Romsdal,2016,1757
F-15 Møre og Romsdal,M,52 years,52,F-15,Møre og Romsdal,2016,1749
F-15 Møre og Romsdal,M,53 years,53,F-15,Møre og Romsdal,2016,1736
F-15 Møre og Romsdal,M,54 years,54,F-15,Møre og Romsdal,2016,1701
F-15 Møre og Romsdal,M,55 years,55,F-15,Møre og Romsdal,2016,1666
F-15 Møre og Romsdal,M,56 years,56,F-15,Møre og Romsdal,2016,1762
F-15 Møre og Romsdal,M,57 years,57,F-15,Møre og Romsdal,2016,1765
F-15 Møre og Romsdal,M,58 years,58,F-15,Møre og Romsdal,2016,1722
F-15 Møre og Romsdal,M,59 years,59,F-15,Møre og Romsdal,2016,1766
F-15 Møre og Romsdal,M,60 years,60,F-15,Møre og Romsdal,2016,1705
F-15 Møre og Romsdal,M,61 years,61,F-15,Møre og Romsdal,2016,1705
F-15 Møre og Romsdal,M,62 years,62,F-15,Møre og Romsdal,2016,1625
F-15 Møre og Romsdal,M,63 years,63,F-15,Møre og Romsdal,2016,1699
F-15 Møre og Romsdal,M,64 years,64,F-15,Møre og Romsdal,2016,1647
F-15 Møre og Romsdal,M,65 years,65,F-15,Møre og Romsdal,2016,1514
F-15 Møre og Romsdal,M,66 years,66,F-15,Møre og Romsdal,2016,1566
F-15 Møre og Romsdal,M,67 years,67,F-15,Møre og Romsdal,2016,1596
F-15 Møre og Romsdal,M,68 years,68,F-15,Møre og Romsdal,2016,1481
F-15 Møre og Romsdal,M,69 years,69,F-15,Møre og Romsdal,2016,1516
F-15 Møre og Romsdal,M,70 years,70,F-15,Møre og Romsdal,2016,1404
F-15 Møre og Romsdal,M,71 years,71,F-15,Møre og Romsdal,2016,1255
F-15 Møre og Romsdal,M,72 years,72,F-15,Møre og Romsdal,2016,1132
F-15 Møre og Romsdal,M,73 years,73,F-15,Møre og Romsdal,2016,986
F-15 Møre og Romsdal,M,74 years,74,F-15,Møre og Romsdal,2016,849
F-15 Møre og Romsdal,M,75 years,75,F-15,Møre og Romsdal,2016,883
F-15 Møre og Romsdal,M,76 years,76,F-15,Møre og Romsdal,2016,824
F-15 Møre og Romsdal,M,77 years,77,F-15,Møre og Romsdal,2016,686
F-15 Møre og Romsdal,M,78 years,78,F-15,Møre og Romsdal,2016,633
F-15 Møre og Romsdal,M,79 years,79,F-15,Møre og Romsdal,2016,606
F-15 Møre og Romsdal,M,80 years,80,F-15,Møre og Romsdal,2016,589
F-15 Møre og Romsdal,M,81 years,81,F-15,Møre og Romsdal,2016,567
F-15 Møre og Romsdal,M,82 years,82,F-15,Møre og Romsdal,2016,477
F-15 Møre og Romsdal,M,83 years,83,F-15,Møre og Romsdal,2016,525
F-15 Møre og Romsdal,M,84 years,84,F-15,Møre og Romsdal,2016,474
F-15 Møre og Romsdal,M,85 years,85,F-15,Møre og Romsdal,2016,415
F-15 Møre og Romsdal,M,86 years,86,F-15,Møre og Romsdal,2016,370
F-15 Møre og Romsdal,M,87 years,87,F-15,Møre og Romsdal,2016,342
F-15 Møre og Romsdal,M,88 years,88,F-15,Møre og Romsdal,2016,251
F-15 Møre og Romsdal,M,89 years,89,F-15,Møre og Romsdal,2016,235
F-15 Møre og Romsdal,M,90 years,90,F-15,Møre og Romsdal,2016,201
F-15 Møre og Romsdal,M,91 years,91,F-15,Møre og Romsdal,2016,157
F-15 Møre og Romsdal,M,92 years,92,F-15,Møre og Romsdal,2016,113
F-15 Møre og Romsdal,M,93 years,93,F-15,Møre og Romsdal,2016,102
F-15 Møre og Romsdal,M,94 years,94,F-15,Møre og Romsdal,2016,61
F-15 Møre og Romsdal,M,95 years,95,F-15,Møre og Romsdal,2016,45
F-15 Møre og Romsdal,M,96 years,96,F-15,Møre og Romsdal,2016,36
F-15 Møre og Romsdal,M,97 years,97,F-15,Møre og Romsdal,2016,16
F-15 Møre og Romsdal,M,98 years,98,F-15,Møre og Romsdal,2016,14
F-15 Møre og Romsdal,M,99 years,99,F-15,Møre og Romsdal,2016,7
F-15 Møre og Romsdal,M,100 years,100,F-15,Møre og Romsdal,2016,4
F-15 Møre og Romsdal,M,101 years,101,F-15,Møre og Romsdal,2016,2
F-15 Møre og Romsdal,M,102 years,102,F-15,Møre og Romsdal,2016,0
F-15 Møre og Romsdal,M,103 years,103,F-15,Møre og Romsdal,2016,0
F-15 Møre og Romsdal,M,104 years,104,F-15,Møre og Romsdal,2016,1
F-15 Møre og Romsdal,M,105 years or older,105,F-15,Møre og Romsdal,2016,0
F-50 Trøndelag - Trööndelage,F,0 years,0,F-50,Trøndelag,2016,2498
F-50 Trøndelag - Trööndelage,F,1 year,1,F-50,Trøndelag,2016,2559
F-50 Trøndelag - Trööndelage,F,2 years,2,F-50,Trøndelag,2016,2593
F-50 Trøndelag - Trööndelage,F,3 years,3,F-50,Trøndelag,2016,2554
F-50 Trøndelag - Trööndelage,F,4 years,4,F-50,Trøndelag,2016,2587
F-50 Trøndelag - Trööndelage,F,5 years,5,F-50,Trøndelag,2016,2747
F-50 Trøndelag - Trööndelage,F,6 years,6,F-50,Trøndelag,2016,2701
F-50 Trøndelag - Trööndelage,F,7 years,7,F-50,Trøndelag,2016,2686
F-50 Trøndelag - Trööndelage,F,8 years,8,F-50,Trøndelag,2016,2618
F-50 Trøndelag - Trööndelage,F,9 years,9,F-50,Trøndelag,2016,2599
F-50 Trøndelag - Trööndelage,F,10 years,10,F-50,Trøndelag,2016,2676
F-50 Trøndelag - Trööndelage,F,11 years,11,F-50,Trøndelag,2016,2553
F-50 Trøndelag - Trööndelage,F,12 years,12,F-50,Trøndelag,2016,2562
F-50 Trøndelag - Trööndelage,F,13 years,13,F-50,Trøndelag,2016,2490
F-50 Trøndelag - Trööndelage,F,14 years,14,F-50,Trøndelag,2016,2645
F-50 Trøndelag - Trööndelage,F,15 years,15,F-50,Trøndelag,2016,2740
F-50 Trøndelag - Trööndelage,F,16 years,16,F-50,Trøndelag,2016,2725
F-50 Trøndelag - Trööndelage,F,17 years,17,F-50,Trøndelag,2016,2794
F-50 Trøndelag - Trööndelage,F,18 years,18,F-50,Trøndelag,2016,2682
F-50 Trøndelag - Trööndelage,F,19 years,19,F-50,Trøndelag,2016,3122
F-50 Trøndelag - Trööndelage,F,20 years,20,F-50,Trøndelag,2016,3016
F-50 Trøndelag - Trööndelage,F,21 years,21,F-50,Trøndelag,2016,3206
F-50 Trøndelag - Trööndelage,F,22 years,22,F-50,Trøndelag,2016,3266
F-50 Trøndelag - Trööndelage,F,23 years,23,F-50,Trøndelag,2016,3255
F-50 Trøndelag - Trööndelage,F,24 years,24,F-50,Trøndelag,2016,3356
F-50 Trøndelag - Trööndelage,F,25 years,25,F-50,Trøndelag,2016,3327
F-50 Trøndelag - Trööndelage,F,26 years,26,F-50,Trøndelag,2016,3194
F-50 Trøndelag - Trööndelage,F,27 years,27,F-50,Trøndelag,2016,3169
F-50 Trøndelag - Trööndelage,F,28 years,28,F-50,Trøndelag,2016,2880
F-50 Trøndelag - Trööndelage,F,29 years,29,F-50,Trøndelag,2016,2926
F-50 Trøndelag - Trööndelage,F,30 years,30,F-50,Trøndelag,2016,2880
F-50 Trøndelag - Trööndelage,F,31 years,31,F-50,Trøndelag,2016,2870
F-50 Trøndelag - Trööndelage,F,32 years,32,F-50,Trøndelag,2016,2706
F-50 Trøndelag - Trööndelage,F,33 years,33,F-50,Trøndelag,2016,2847
F-50 Trøndelag - Trööndelage,F,34 years,34,F-50,Trøndelag,2016,2724
F-50 Trøndelag - Trööndelage,F,35 years,35,F-50,Trøndelag,2016,2697
F-50 Trøndelag - Trööndelage,F,36 years,36,F-50,Trøndelag,2016,2632
F-50 Trøndelag - Trööndelage,F,37 years,37,F-50,Trøndelag,2016,2652
F-50 Trøndelag - Trööndelage,F,38 years,38,F-50,Trøndelag,2016,2598
F-50 Trøndelag - Trööndelage,F,39 years,39,F-50,Trøndelag,2016,2642
F-50 Trøndelag - Trööndelage,F,40 years,40,F-50,Trøndelag,2016,2782
F-50 Trøndelag - Trööndelage,F,41 years,41,F-50,Trøndelag,2016,2941
F-50 Trøndelag - Trööndelage,F,42 years,42,F-50,Trøndelag,2016,2981
F-50 Trøndelag - Trööndelage,F,43 years,43,F-50,Trøndelag,2016,3016
F-50 Trøndelag - Trööndelage,F,44 years,44,F-50,Trøndelag,2016,3065
F-50 Trøndelag - Trööndelage,F,45 years,45,F-50,Trøndelag,2016,3119
F-50 Trøndelag - Trööndelage,F,46 years,46,F-50,Trøndelag,2016,3150
F-50 Trøndelag - Trööndelage,F,47 years,47,F-50,Trøndelag,2016,3248
F-50 Trøndelag - Trööndelage,F,48 years,48,F-50,Trøndelag,2016,3028
F-50 Trøndelag - Trööndelage,F,49 years,49,F-50,Trøndelag,2016,3085
F-50 Trøndelag - Trööndelage,F,50 years,50,F-50,Trøndelag,2016,3066
F-50 Trøndelag - Trööndelage,F,51 years,51,F-50,Trøndelag,2016,2900
F-50 Trøndelag - Trööndelage,F,52 years,52,F-50,Trøndelag,2016,2854
F-50 Trøndelag - Trööndelage,F,53 years,53,F-50,Trøndelag,2016,2723
F-50 Trøndelag - Trööndelage,F,54 years,54,F-50,Trøndelag,2016,2714
F-50 Trøndelag - Trööndelage,F,55 years,55,F-50,Trøndelag,2016,2713
F-50 Trøndelag - Trööndelage,F,56 years,56,F-50,Trøndelag,2016,2687
F-50 Trøndelag - Trööndelage,F,57 years,57,F-50,Trøndelag,2016,2597
F-50 Trøndelag - Trööndelage,F,58 years,58,F-50,Trøndelag,2016,2611
F-50 Trøndelag - Trööndelage,F,59 years,59,F-50,Trøndelag,2016,2709
F-50 Trøndelag - Trööndelage,F,60 years,60,F-50,Trøndelag,2016,2719
F-50 Trøndelag - Trööndelage,F,61 years,61,F-50,Trøndelag,2016,2600
F-50 Trøndelag - Trööndelage,F,62 years,62,F-50,Trøndelag,2016,2597
F-50 Trøndelag - Trööndelage,F,63 years,63,F-50,Trøndelag,2016,2507
F-50 Trøndelag - Trööndelage,F,64 years,64,F-50,Trøndelag,2016,2433
F-50 Trøndelag - Trööndelage,F,65 years,65,F-50,Trøndelag,2016,2419
F-50 Trøndelag - Trööndelage,F,66 years,66,F-50,Trøndelag,2016,2348
F-50 Trøndelag - Trööndelage,F,67 years,67,F-50,Trøndelag,2016,2460
F-50 Trøndelag - Trööndelage,F,68 years,68,F-50,Trøndelag,2016,2431
F-50 Trøndelag - Trööndelage,F,69 years,69,F-50,Trøndelag,2016,2523
F-50 Trøndelag - Trööndelage,F,70 years,70,F-50,Trøndelag,2016,2366
F-50 Trøndelag - Trööndelage,F,71 years,71,F-50,Trøndelag,2016,2143
F-50 Trøndelag - Trööndelage,F,72 years,72,F-50,Trøndelag,2016,1976
F-50 Trøndelag - Trööndelage,F,73 years,73,F-50,Trøndelag,2016,1803
F-50 Trøndelag - Trööndelage,F,74 years,74,F-50,Trøndelag,2016,1582
F-50 Trøndelag - Trööndelage,F,75 years,75,F-50,Trøndelag,2016,1526
F-50 Trøndelag - Trööndelage,F,76 years,76,F-50,Trøndelag,2016,1509
F-50 Trøndelag - Trööndelage,F,77 years,77,F-50,Trøndelag,2016,1351
F-50 Trøndelag - Trööndelage,F,78 years,78,F-50,Trøndelag,2016,1209
F-50 Trøndelag - Trööndelage,F,79 years,79,F-50,Trøndelag,2016,1195
F-50 Trøndelag - Trööndelage,F,80 years,80,F-50,Trøndelag,2016,1188
F-50 Trøndelag - Trööndelage,F,81 years,81,F-50,Trøndelag,2016,1138
F-50 Trøndelag - Trööndelage,F,82 years,82,F-50,Trøndelag,2016,1018
F-50 Trøndelag - Trööndelage,F,83 years,83,F-50,Trøndelag,2016,1082
F-50 Trøndelag - Trööndelage,F,84 years,84,F-50,Trøndelag,2016,1007
F-50 Trøndelag - Trööndelage,F,85 years,85,F-50,Trøndelag,2016,908
F-50 Trøndelag - Trööndelage,F,86 years,86,F-50,Trøndelag,2016,837
F-50 Trøndelag - Trööndelage,F,87 years,87,F-50,Trøndelag,2016,875
F-50 Trøndelag - Trööndelage,F,88 years,88,F-50,Trøndelag,2016,735
F-50 Trøndelag - Trööndelage,F,89 years,89,F-50,Trøndelag,2016,731
F-50 Trøndelag - Trööndelage,F,90 years,90,F-50,Trøndelag,2016,570
F-50 Trøndelag - Trööndelage,F,91 years,91,F-50,Trøndelag,2016,506
F-50 Trøndelag - Trööndelage,F,92 years,92,F-50,Trøndelag,2016,414
F-50 Trøndelag - Trööndelage,F,93 years,93,F-50,Trøndelag,2016,373
F-50 Trøndelag - Trööndelage,F,94 years,94,F-50,Trøndelag,2016,272
F-50 Trøndelag - Trööndelage,F,95 years,95,F-50,Trøndelag,2016,192
F-50 Trøndelag - Trööndelage,F,96 years,96,F-50,Trøndelag,2016,121
F-50 Trøndelag - Trööndelage,F,97 years,97,F-50,Trøndelag,2016,103
F-50 Trøndelag - Trööndelage,F,98 years,98,F-50,Trøndelag,2016,67
F-50 Trøndelag - Trööndelage,F,99 years,99,F-50,Trøndelag,2016,46
F-50 Trøndelag - Trööndelage,F,100 years,100,F-50,Trøndelag,2016,25
F-50 Trøndelag - Trööndelage,F,101 years,101,F-50,Trøndelag,2016,9
F-50 Trøndelag - Trööndelage,F,102 years,102,F-50,Trøndelag,2016,4
F-50 Trøndelag - Trööndelage,F,103 years,103,F-50,Trøndelag,2016,4
F-50 Trøndelag - Trööndelage,F,104 years,104,F-50,Trøndelag,2016,5
F-50 Trøndelag - Trööndelage,F,105 years or older,105,F-50,Trøndelag,2016,3
F-50 Trøndelag - Trööndelage,M,0 years,0,F-50,Trøndelag,2016,2627
F-50 Trøndelag - Trööndelage,M,1 year,1,F-50,Trøndelag,2016,2682
F-50 Trøndelag - Trööndelage,M,2 years,2,F-50,Trøndelag,2016,2729
F-50 Trøndelag - Trööndelage,M,3 years,3,F-50,Trøndelag,2016,2672
F-50 Trøndelag - Trööndelage,M,4 years,4,F-50,Trøndelag,2016,2806
F-50 Trøndelag - Trööndelage,M,5 years,5,F-50,Trøndelag,2016,2826
F-50 Trøndelag - Trööndelage,M,6 years,6,F-50,Trøndelag,2016,2868
F-50 Trøndelag - Trööndelage,M,7 years,7,F-50,Trøndelag,2016,2859
F-50 Trøndelag - Trööndelage,M,8 years,8,F-50,Trøndelag,2016,2738
F-50 Trøndelag - Trööndelage,M,9 years,9,F-50,Trøndelag,2016,2810
F-50 Trøndelag - Trööndelage,M,10 years,10,F-50,Trøndelag,2016,2685
F-50 Trøndelag - Trööndelage,M,11 years,11,F-50,Trøndelag,2016,2724
F-50 Trøndelag - Trööndelage,M,12 years,12,F-50,Trøndelag,2016,2654
F-50 Trøndelag - Trööndelage,M,13 years,13,F-50,Trøndelag,2016,2705
F-50 Trøndelag - Trööndelage,M,14 years,14,F-50,Trøndelag,2016,2770
F-50 Trøndelag - Trööndelage,M,15 years,15,F-50,Trøndelag,2016,2908
F-50 Trøndelag - Trööndelage,M,16 years,16,F-50,Trøndelag,2016,2860
F-50 Trøndelag - Trööndelage,M,17 years,17,F-50,Trøndelag,2016,2961
F-50 Trøndelag - Trööndelage,M,18 years,18,F-50,Trøndelag,2016,3045
F-50 Trøndelag - Trööndelage,M,19 years,19,F-50,Trøndelag,2016,3118
F-50 Trøndelag - Trööndelage,M,20 years,20,F-50,Trøndelag,2016,3173
F-50 Trøndelag - Trööndelage,M,21 years,21,F-50,Trøndelag,2016,3485
F-50 Trøndelag - Trööndelage,M,22 years,22,F-50,Trøndelag,2016,3532
F-50 Trøndelag - Trööndelage,M,23 years,23,F-50,Trøndelag,2016,3632
F-50 Trøndelag - Trööndelage,M,24 years,24,F-50,Trøndelag,2016,3705
F-50 Trøndelag - Trööndelage,M,25 years,25,F-50,Trøndelag,2016,3639
F-50 Trøndelag - Trööndelage,M,26 years,26,F-50,Trøndelag,2016,3607
F-50 Trøndelag - Trööndelage,M,27 years,27,F-50,Trøndelag,2016,3517
F-50 Trøndelag - Trööndelage,M,28 years,28,F-50,Trøndelag,2016,3269
F-50 Trøndelag - Trööndelage,M,29 years,29,F-50,Trøndelag,2016,3339
F-50 Trøndelag - Trööndelage,M,30 years,30,F-50,Trøndelag,2016,3088
F-50 Trøndelag - Trööndelage,M,31 years,31,F-50,Trøndelag,2016,2987
F-50 Trøndelag - Trööndelage,M,32 years,32,F-50,Trøndelag,2016,3039
F-50 Trøndelag - Trööndelage,M,33 years,33,F-50,Trøndelag,2016,2995
F-50 Trøndelag - Trööndelage,M,34 years,34,F-50,Trøndelag,2016,2924
F-50 Trøndelag - Trööndelage,M,35 years,35,F-50,Trøndelag,2016,2987
F-50 Trøndelag - Trööndelage,M,36 years,36,F-50,Trøndelag,2016,3000
F-50 Trøndelag - Trööndelage,M,37 years,37,F-50,Trøndelag,2016,2882
F-50 Trøndelag - Trööndelage,M,38 years,38,F-50,Trøndelag,2016,2832
F-50 Trøndelag - Trööndelage,M,39 years,39,F-50,Trøndelag,2016,2842
F-50 Trøndelag - Trööndelage,M,40 years,40,F-50,Trøndelag,2016,2879
F-50 Trøndelag - Trööndelage,M,41 years,41,F-50,Trøndelag,2016,3126
F-50 Trøndelag - Trööndelage,M,42 years,42,F-50,Trøndelag,2016,3216
F-50 Trøndelag - Trööndelage,M,43 years,43,F-50,Trøndelag,2016,3262
F-50 Trøndelag - Trööndelage,M,44 years,44,F-50,Trøndelag,2016,3280
F-50 Trøndelag - Trööndelage,M,45 years,45,F-50,Trøndelag,2016,3131
F-50 Trøndelag - Trööndelage,M,46 years,46,F-50,Trøndelag,2016,3315
F-50 Trøndelag - Trööndelage,M,47 years,47,F-50,Trøndelag,2016,3351
F-50 Trøndelag - Trööndelage,M,48 years,48,F-50,Trøndelag,2016,3138
F-50 Trøndelag - Trööndelage,M,49 years,49,F-50,Trøndelag,2016,3268
F-50 Trøndelag - Trööndelage,M,50 years,50,F-50,Trøndelag,2016,3255
F-50 Trøndelag - Trööndelage,M,51 years,51,F-50,Trøndelag,2016,3068
F-50 Trøndelag - Trööndelage,M,52 years,52,F-50,Trøndelag,2016,2987
F-50 Trøndelag - Trööndelage,M,53 years,53,F-50,Trøndelag,2016,2954
F-50 Trøndelag - Trööndelage,M,54 years,54,F-50,Trøndelag,2016,2773
F-50 Trøndelag - Trööndelage,M,55 years,55,F-50,Trøndelag,2016,2701
F-50 Trøndelag - Trööndelage,M,56 years,56,F-50,Trøndelag,2016,2816
F-50 Trøndelag - Trööndelage,M,57 years,57,F-50,Trøndelag,2016,2849
F-50 Trøndelag - Trööndelage,M,58 years,58,F-50,Trøndelag,2016,2775
F-50 Trøndelag - Trööndelage,M,59 years,59,F-50,Trøndelag,2016,2749
F-50 Trøndelag - Trööndelage,M,60 years,60,F-50,Trøndelag,2016,2683
F-50 Trøndelag - Trööndelage,M,61 years,61,F-50,Trøndelag,2016,2627
F-50 Trøndelag - Trööndelage,M,62 years,62,F-50,Trøndelag,2016,2514
F-50 Trøndelag - Trööndelage,M,63 years,63,F-50,Trøndelag,2016,2581
F-50 Trøndelag - Trööndelage,M,64 years,64,F-50,Trøndelag,2016,2548
F-50 Trøndelag - Trööndelage,M,65 years,65,F-50,Trøndelag,2016,2453
F-50 Trøndelag - Trööndelage,M,66 years,66,F-50,Trøndelag,2016,2468
F-50 Trøndelag - Trööndelage,M,67 years,67,F-50,Trøndelag,2016,2500
F-50 Trøndelag - Trööndelage,M,68 years,68,F-50,Trøndelag,2016,2385
F-50 Trøndelag - Trööndelage,M,69 years,69,F-50,Trøndelag,2016,2429
F-50 Trøndelag - Trööndelage,M,70 years,70,F-50,Trøndelag,2016,2228
F-50 Trøndelag - Trööndelage,M,71 years,71,F-50,Trøndelag,2016,2045
F-50 Trøndelag - Trööndelage,M,72 years,72,F-50,Trøndelag,2016,1936
F-50 Trøndelag - Trööndelage,M,73 years,73,F-50,Trøndelag,2016,1727
F-50 Trøndelag - Trööndelage,M,74 years,74,F-50,Trøndelag,2016,1539
F-50 Trøndelag - Trööndelage,M,75 years,75,F-50,Trøndelag,2016,1410
F-50 Trøndelag - Trööndelage,M,76 years,76,F-50,Trøndelag,2016,1281
F-50 Trøndelag - Trööndelage,M,77 years,77,F-50,Trøndelag,2016,1183
F-50 Trøndelag - Trööndelage,M,78 years,78,F-50,Trøndelag,2016,1078
F-50 Trøndelag - Trööndelage,M,79 years,79,F-50,Trøndelag,2016,998
F-50 Trøndelag - Trööndelage,M,80 years,80,F-50,Trøndelag,2016,878
F-50 Trøndelag - Trööndelage,M,81 years,81,F-50,Trøndelag,2016,871
F-50 Trøndelag - Trööndelage,M,82 years,82,F-50,Trøndelag,2016,804
F-50 Trøndelag - Trööndelage,M,83 years,83,F-50,Trøndelag,2016,746
F-50 Trøndelag - Trööndelage,M,84 years,84,F-50,Trøndelag,2016,660
F-50 Trøndelag - Trööndelage,M,85 years,85,F-50,Trøndelag,2016,628
F-50 Trøndelag - Trööndelage,M,86 years,86,F-50,Trøndelag,2016,554
F-50 Trøndelag - Trööndelage,M,87 years,87,F-50,Trøndelag,2016,490
F-50 Trøndelag - Trööndelage,M,88 years,88,F-50,Trøndelag,2016,414
F-50 Trøndelag - Trööndelage,M,89 years,89,F-50,Trøndelag,2016,358
F-50 Trøndelag - Trööndelage,M,90 years,90,F-50,Trøndelag,2016,270
F-50 Trøndelag - Trööndelage,M,91 years,91,F-50,Trøndelag,2016,240
F-50 Trøndelag - Trööndelage,M,92 years,92,F-50,Trøndelag,2016,181
F-50 Trøndelag - Trööndelage,M,93 years,93,F-50,Trøndelag,2016,115
F-50 Trøndelag - Trööndelage,M,94 years,94,F-50,Trøndelag,2016,66
F-50 Trøndelag - Trööndelage,M,95 years,95,F-50,Trøndelag,2016,65
F-50 Trøndelag - Trööndelage,M,96 years,96,F-50,Trøndelag,2016,34
F-50 Trøndelag - Trööndelage,M,97 years,97,F-50,Trøndelag,2016,28
F-50 Trøndelag - Trööndelage,M,98 years,98,F-50,Trøndelag,2016,13
F-50 Trøndelag - Trööndelage,M,99 years,99,F-50,Trøndelag,2016,7
F-50 Trøndelag - Trööndelage,M,100 years,100,F-50,Trøndelag,2016,3
F-50 Trøndelag - Trööndelage,M,101 years,101,F-50,Trøndelag,2016,5
F-50 Trøndelag - Trööndelage,M,102 years,102,F-50,Trøndelag,2016,1
F-50 Trøndelag - Trööndelage,M,103 years,103,F-50,Trøndelag,2016,1
F-50 Trøndelag - Trööndelage,M,104 years,104,F-50,Trøndelag,2016,0
F-50 Trøndelag - Trööndelage,M,105 years or older,105,F-50,Trøndelag,2016,0
F-15 Møre og Romsdal,F,0 years,0,F-15,Møre og Romsdal,2017,1354
F-15 Møre og Romsdal,F,1 year,1,F-15,Møre og Romsdal,2017,1403
F-15 Møre og Romsdal,F,2 years,2,F-15,Møre og Romsdal,2017,1355
F-15 Møre og Romsdal,F,3 years,3,F-15,Møre og Romsdal,2017,1443
F-15 Møre og Romsdal,F,4 years,4,F-15,Møre og Romsdal,2017,1520
F-15 Møre og Romsdal,F,5 years,5,F-15,Møre og Romsdal,2017,1543
F-15 Møre og Romsdal,F,6 years,6,F-15,Møre og Romsdal,2017,1560
F-15 Møre og Romsdal,F,7 years,7,F-15,Møre og Romsdal,2017,1617
F-15 Møre og Romsdal,F,8 years,8,F-15,Møre og Romsdal,2017,1580
F-15 Møre og Romsdal,F,9 years,9,F-15,Møre og Romsdal,2017,1587
F-15 Møre og Romsdal,F,10 years,10,F-15,Møre og Romsdal,2017,1581
F-15 Møre og Romsdal,F,11 years,11,F-15,Møre og Romsdal,2017,1594
F-15 Møre og Romsdal,F,12 years,12,F-15,Møre og Romsdal,2017,1637
F-15 Møre og Romsdal,F,13 years,13,F-15,Møre og Romsdal,2017,1583
F-15 Møre og Romsdal,F,14 years,14,F-15,Møre og Romsdal,2017,1580
F-15 Møre og Romsdal,F,15 years,15,F-15,Møre og Romsdal,2017,1653
F-15 Møre og Romsdal,F,16 years,16,F-15,Møre og Romsdal,2017,1642
F-15 Møre og Romsdal,F,17 years,17,F-15,Møre og Romsdal,2017,1740
F-15 Møre og Romsdal,F,18 years,18,F-15,Møre og Romsdal,2017,1634
F-15 Møre og Romsdal,F,19 years,19,F-15,Møre og Romsdal,2017,1696
F-15 Møre og Romsdal,F,20 years,20,F-15,Møre og Romsdal,2017,1677
F-15 Møre og Romsdal,F,21 years,21,F-15,Møre og Romsdal,2017,1542
F-15 Møre og Romsdal,F,22 years,22,F-15,Møre og Romsdal,2017,1596
F-15 Møre og Romsdal,F,23 years,23,F-15,Møre og Romsdal,2017,1524
F-15 Møre og Romsdal,F,24 years,24,F-15,Møre og Romsdal,2017,1524
F-15 Møre og Romsdal,F,25 years,25,F-15,Møre og Romsdal,2017,1591
F-15 Møre og Romsdal,F,26 years,26,F-15,Møre og Romsdal,2017,1548
F-15 Møre og Romsdal,F,27 years,27,F-15,Møre og Romsdal,2017,1560
F-15 Møre og Romsdal,F,28 years,28,F-15,Møre og Romsdal,2017,1507
F-15 Møre og Romsdal,F,29 years,29,F-15,Møre og Romsdal,2017,1518
F-15 Møre og Romsdal,F,30 years,30,F-15,Møre og Romsdal,2017,1507
F-15 Møre og Romsdal,F,31 years,31,F-15,Møre og Romsdal,2017,1526
F-15 Møre og Romsdal,F,32 years,32,F-15,Møre og Romsdal,2017,1550
F-15 Møre og Romsdal,F,33 years,33,F-15,Møre og Romsdal,2017,1575
F-15 Møre og Romsdal,F,34 years,34,F-15,Møre og Romsdal,2017,1536
F-15 Møre og Romsdal,F,35 years,35,F-15,Møre og Romsdal,2017,1518
F-15 Møre og Romsdal,F,36 years,36,F-15,Møre og Romsdal,2017,1552
F-15 Møre og Romsdal,F,37 years,37,F-15,Møre og Romsdal,2017,1548
F-15 Møre og Romsdal,F,38 years,38,F-15,Møre og Romsdal,2017,1506
F-15 Møre og Romsdal,F,39 years,39,F-15,Møre og Romsdal,2017,1505
F-15 Møre og Romsdal,F,40 years,40,F-15,Møre og Romsdal,2017,1506
F-15 Møre og Romsdal,F,41 years,41,F-15,Møre og Romsdal,2017,1508
F-15 Møre og Romsdal,F,42 years,42,F-15,Møre og Romsdal,2017,1653
F-15 Møre og Romsdal,F,43 years,43,F-15,Møre og Romsdal,2017,1587
F-15 Møre og Romsdal,F,44 years,44,F-15,Møre og Romsdal,2017,1732
F-15 Møre og Romsdal,F,45 years,45,F-15,Møre og Romsdal,2017,1774
F-15 Møre og Romsdal,F,46 years,46,F-15,Møre og Romsdal,2017,1780
F-15 Møre og Romsdal,F,47 years,47,F-15,Møre og Romsdal,2017,1869
F-15 Møre og Romsdal,F,48 years,48,F-15,Møre og Romsdal,2017,1847
F-15 Møre og Romsdal,F,49 years,49,F-15,Møre og Romsdal,2017,1713
F-15 Møre og Romsdal,F,50 years,50,F-15,Møre og Romsdal,2017,1677
F-15 Møre og Romsdal,F,51 years,51,F-15,Møre og Romsdal,2017,1612
F-15 Møre og Romsdal,F,52 years,52,F-15,Møre og Romsdal,2017,1594
F-15 Møre og Romsdal,F,53 years,53,F-15,Møre og Romsdal,2017,1553
F-15 Møre og Romsdal,F,54 years,54,F-15,Møre og Romsdal,2017,1562
F-15 Møre og Romsdal,F,55 years,55,F-15,Møre og Romsdal,2017,1615
F-15 Møre og Romsdal,F,56 years,56,F-15,Møre og Romsdal,2017,1646
F-15 Møre og Romsdal,F,57 years,57,F-15,Møre og Romsdal,2017,1639
F-15 Møre og Romsdal,F,58 years,58,F-15,Møre og Romsdal,2017,1634
F-15 Møre og Romsdal,F,59 years,59,F-15,Møre og Romsdal,2017,1601
F-15 Møre og Romsdal,F,60 years,60,F-15,Møre og Romsdal,2017,1752
F-15 Møre og Romsdal,F,61 years,61,F-15,Møre og Romsdal,2017,1602
F-15 Møre og Romsdal,F,62 years,62,F-15,Møre og Romsdal,2017,1622
F-15 Møre og Romsdal,F,63 years,63,F-15,Møre og Romsdal,2017,1569
F-15 Møre og Romsdal,F,64 years,64,F-15,Møre og Romsdal,2017,1596
F-15 Møre og Romsdal,F,65 years,65,F-15,Møre og Romsdal,2017,1445
F-15 Møre og Romsdal,F,66 years,66,F-15,Møre og Romsdal,2017,1560
F-15 Møre og Romsdal,F,67 years,67,F-15,Møre og Romsdal,2017,1469
F-15 Møre og Romsdal,F,68 years,68,F-15,Møre og Romsdal,2017,1452
F-15 Møre og Romsdal,F,69 years,69,F-15,Møre og Romsdal,2017,1447
F-15 Møre og Romsdal,F,70 years,70,F-15,Møre og Romsdal,2017,1444
F-15 Møre og Romsdal,F,71 years,71,F-15,Møre og Romsdal,2017,1321
F-15 Møre og Romsdal,F,72 years,72,F-15,Møre og Romsdal,2017,1286
F-15 Møre og Romsdal,F,73 years,73,F-15,Møre og Romsdal,2017,1140
F-15 Møre og Romsdal,F,74 years,74,F-15,Møre og Romsdal,2017,1026
F-15 Møre og Romsdal,F,75 years,75,F-15,Møre og Romsdal,2017,936
F-15 Møre og Romsdal,F,76 years,76,F-15,Møre og Romsdal,2017,857
F-15 Møre og Romsdal,F,77 years,77,F-15,Møre og Romsdal,2017,884
F-15 Møre og Romsdal,F,78 years,78,F-15,Møre og Romsdal,2017,761
F-15 Møre og Romsdal,F,79 years,79,F-15,Møre og Romsdal,2017,760
F-15 Møre og Romsdal,F,80 years,80,F-15,Møre og Romsdal,2017,721
F-15 Møre og Romsdal,F,81 years,81,F-15,Møre og Romsdal,2017,697
F-15 Møre og Romsdal,F,82 years,82,F-15,Møre og Romsdal,2017,669
F-15 Møre og Romsdal,F,83 years,83,F-15,Møre og Romsdal,2017,662
F-15 Møre og Romsdal,F,84 years,84,F-15,Møre og Romsdal,2017,655
F-15 Møre og Romsdal,F,85 years,85,F-15,Møre og Romsdal,2017,587
F-15 Møre og Romsdal,F,86 years,86,F-15,Møre og Romsdal,2017,621
F-15 Møre og Romsdal,F,87 years,87,F-15,Møre og Romsdal,2017,527
F-15 Møre og Romsdal,F,88 years,88,F-15,Møre og Romsdal,2017,552
F-15 Møre og Romsdal,F,89 years,89,F-15,Møre og Romsdal,2017,473
F-15 Møre og Romsdal,F,90 years,90,F-15,Møre og Romsdal,2017,409
F-15 Møre og Romsdal,F,91 years,91,F-15,Møre og Romsdal,2017,343
F-15 Møre og Romsdal,F,92 years,92,F-15,Møre og Romsdal,2017,317
F-15 Møre og Romsdal,F,93 years,93,F-15,Møre og Romsdal,2017,242
F-15 Møre og Romsdal,F,94 years,94,F-15,Møre og Romsdal,2017,197
F-15 Møre og Romsdal,F,95 years,95,F-15,Møre og Romsdal,2017,168
F-15 Møre og Romsdal,F,96 years,96,F-15,Møre og Romsdal,2017,112
F-15 Møre og Romsdal,F,97 years,97,F-15,Møre og Romsdal,2017,92
F-15 Møre og Romsdal,F,98 years,98,F-15,Møre og Romsdal,2017,47
F-15 Møre og Romsdal,F,99 years,99,F-15,Møre og Romsdal,2017,22
F-15 Møre og Romsdal,F,100 years,100,F-15,Møre og Romsdal,2017,34
F-15 Møre og Romsdal,F,101 years,101,F-15,Møre og Romsdal,2017,14
F-15 Møre og Romsdal,F,102 years,102,F-15,Møre og Romsdal,2017,9
F-15 Møre og Romsdal,F,103 years,103,F-15,Møre og Romsdal,2017,3
F-15 Møre og Romsdal,F,104 years,104,F-15,Møre og Romsdal,2017,2
F-15 Møre og Romsdal,F,105 years or older,105,F-15,Møre og Romsdal,2017,0
F-15 Møre og Romsdal,M,0 years,0,F-15,Møre og Romsdal,2017,1413
F-15 Møre og Romsdal,M,1 year,1,F-15,Møre og Romsdal,2017,1419
F-15 Møre og Romsdal,M,2 years,2,F-15,Møre og Romsdal,2017,1476
F-15 Møre og Romsdal,M,3 years,3,F-15,Møre og Romsdal,2017,1521
F-15 Møre og Romsdal,M,4 years,4,F-15,Møre og Romsdal,2017,1551
F-15 Møre og Romsdal,M,5 years,5,F-15,Møre og Romsdal,2017,1615
F-15 Møre og Romsdal,M,6 years,6,F-15,Møre og Romsdal,2017,1575
F-15 Møre og Romsdal,M,7 years,7,F-15,Møre og Romsdal,2017,1741
F-15 Møre og Romsdal,M,8 years,8,F-15,Møre og Romsdal,2017,1646
F-15 Møre og Romsdal,M,9 years,9,F-15,Møre og Romsdal,2017,1685
F-15 Møre og Romsdal,M,10 years,10,F-15,Møre og Romsdal,2017,1602
F-15 Møre og Romsdal,M,11 years,11,F-15,Møre og Romsdal,2017,1611
F-15 Møre og Romsdal,M,12 years,12,F-15,Møre og Romsdal,2017,1713
F-15 Møre og Romsdal,M,13 years,13,F-15,Møre og Romsdal,2017,1713
F-15 Møre og Romsdal,M,14 years,14,F-15,Møre og Romsdal,2017,1603
F-15 Møre og Romsdal,M,15 years,15,F-15,Møre og Romsdal,2017,1727
F-15 Møre og Romsdal,M,16 years,16,F-15,Møre og Romsdal,2017,1805
F-15 Møre og Romsdal,M,17 years,17,F-15,Møre og Romsdal,2017,1839
F-15 Møre og Romsdal,M,18 years,18,F-15,Møre og Romsdal,2017,1802
F-15 Møre og Romsdal,M,19 years,19,F-15,Møre og Romsdal,2017,1791
F-15 Møre og Romsdal,M,20 years,20,F-15,Møre og Romsdal,2017,1852
F-15 Møre og Romsdal,M,21 years,21,F-15,Møre og Romsdal,2017,1788
F-15 Møre og Romsdal,M,22 years,22,F-15,Møre og Romsdal,2017,1773
F-15 Møre og Romsdal,M,23 years,23,F-15,Møre og Romsdal,2017,1703
F-15 Møre og Romsdal,M,24 years,24,F-15,Møre og Romsdal,2017,1652
F-15 Møre og Romsdal,M,25 years,25,F-15,Møre og Romsdal,2017,1788
F-15 Møre og Romsdal,M,26 years,26,F-15,Møre og Romsdal,2017,1735
F-15 Møre og Romsdal,M,27 years,27,F-15,Møre og Romsdal,2017,1714
F-15 Møre og Romsdal,M,28 years,28,F-15,Møre og Romsdal,2017,1748
F-15 Møre og Romsdal,M,29 years,29,F-15,Møre og Romsdal,2017,1660
F-15 Møre og Romsdal,M,30 years,30,F-15,Møre og Romsdal,2017,1747
F-15 Møre og Romsdal,M,31 years,31,F-15,Møre og Romsdal,2017,1690
F-15 Møre og Romsdal,M,32 years,32,F-15,Møre og Romsdal,2017,1768
F-15 Møre og Romsdal,M,33 years,33,F-15,Møre og Romsdal,2017,1771
F-15 Møre og Romsdal,M,34 years,34,F-15,Møre og Romsdal,2017,1688
F-15 Møre og Romsdal,M,35 years,35,F-15,Møre og Romsdal,2017,1662
F-15 Møre og Romsdal,M,36 years,36,F-15,Møre og Romsdal,2017,1707
F-15 Møre og Romsdal,M,37 years,37,F-15,Møre og Romsdal,2017,1728
F-15 Møre og Romsdal,M,38 years,38,F-15,Møre og Romsdal,2017,1600
F-15 Møre og Romsdal,M,39 years,39,F-15,Møre og Romsdal,2017,1606
F-15 Møre og Romsdal,M,40 years,40,F-15,Møre og Romsdal,2017,1688
F-15 Møre og Romsdal,M,41 years,41,F-15,Møre og Romsdal,2017,1619
F-15 Møre og Romsdal,M,42 years,42,F-15,Møre og Romsdal,2017,1804
F-15 Møre og Romsdal,M,43 years,43,F-15,Møre og Romsdal,2017,1908
F-15 Møre og Romsdal,M,44 years,44,F-15,Møre og Romsdal,2017,1953
F-15 Møre og Romsdal,M,45 years,45,F-15,Møre og Romsdal,2017,1884
F-15 Møre og Romsdal,M,46 years,46,F-15,Møre og Romsdal,2017,1926
F-15 Møre og Romsdal,M,47 years,47,F-15,Møre og Romsdal,2017,1966
F-15 Møre og Romsdal,M,48 years,48,F-15,Møre og Romsdal,2017,1981
F-15 Møre og Romsdal,M,49 years,49,F-15,Møre og Romsdal,2017,1963
F-15 Møre og Romsdal,M,50 years,50,F-15,Møre og Romsdal,2017,1816
F-15 Møre og Romsdal,M,51 years,51,F-15,Møre og Romsdal,2017,1814
F-15 Møre og Romsdal,M,52 years,52,F-15,Møre og Romsdal,2017,1746
F-15 Møre og Romsdal,M,53 years,53,F-15,Møre og Romsdal,2017,1748
F-15 Møre og Romsdal,M,54 years,54,F-15,Møre og Romsdal,2017,1723
F-15 Møre og Romsdal,M,55 years,55,F-15,Møre og Romsdal,2017,1697
F-15 Møre og Romsdal,M,56 years,56,F-15,Møre og Romsdal,2017,1662
F-15 Møre og Romsdal,M,57 years,57,F-15,Møre og Romsdal,2017,1744
F-15 Møre og Romsdal,M,58 years,58,F-15,Møre og Romsdal,2017,1750
F-15 Møre og Romsdal,M,59 years,59,F-15,Møre og Romsdal,2017,1712
F-15 Møre og Romsdal,M,60 years,60,F-15,Møre og Romsdal,2017,1755
F-15 Møre og Romsdal,M,61 years,61,F-15,Møre og Romsdal,2017,1694
F-15 Møre og Romsdal,M,62 years,62,F-15,Møre og Romsdal,2017,1690
F-15 Møre og Romsdal,M,63 years,63,F-15,Møre og Romsdal,2017,1619
F-15 Møre og Romsdal,M,64 years,64,F-15,Møre og Romsdal,2017,1680
F-15 Møre og Romsdal,M,65 years,65,F-15,Møre og Romsdal,2017,1632
F-15 Møre og Romsdal,M,66 years,66,F-15,Møre og Romsdal,2017,1486
F-15 Møre og Romsdal,M,67 years,67,F-15,Møre og Romsdal,2017,1557
F-15 Møre og Romsdal,M,68 years,68,F-15,Møre og Romsdal,2017,1575
F-15 Møre og Romsdal,M,69 years,69,F-15,Møre og Romsdal,2017,1468
F-15 Møre og Romsdal,M,70 years,70,F-15,Møre og Romsdal,2017,1489
F-15 Møre og Romsdal,M,71 years,71,F-15,Møre og Romsdal,2017,1383
F-15 Møre og Romsdal,M,72 years,72,F-15,Møre og Romsdal,2017,1224
F-15 Møre og Romsdal,M,73 years,73,F-15,Møre og Romsdal,2017,1104
F-15 Møre og Romsdal,M,74 years,74,F-15,Møre og Romsdal,2017,968
F-15 Møre og Romsdal,M,75 years,75,F-15,Møre og Romsdal,2017,828
F-15 Møre og Romsdal,M,76 years,76,F-15,Møre og Romsdal,2017,848
F-15 Møre og Romsdal,M,77 years,77,F-15,Møre og Romsdal,2017,797
F-15 Møre og Romsdal,M,78 years,78,F-15,Møre og Romsdal,2017,667
F-15 Møre og Romsdal,M,79 years,79,F-15,Møre og Romsdal,2017,608
F-15 Møre og Romsdal,M,80 years,80,F-15,Møre og Romsdal,2017,575
F-15 Møre og Romsdal,M,81 years,81,F-15,Møre og Romsdal,2017,551
F-15 Møre og Romsdal,M,82 years,82,F-15,Møre og Romsdal,2017,531
F-15 Møre og Romsdal,M,83 years,83,F-15,Møre og Romsdal,2017,445
F-15 Møre og Romsdal,M,84 years,84,F-15,Møre og Romsdal,2017,477
F-15 Møre og Romsdal,M,85 years,85,F-15,Møre og Romsdal,2017,447
F-15 Møre og Romsdal,M,86 years,86,F-15,Møre og Romsdal,2017,376
F-15 Møre og Romsdal,M,87 years,87,F-15,Møre og Romsdal,2017,329
F-15 Møre og Romsdal,M,88 years,88,F-15,Møre og Romsdal,2017,299
F-15 Møre og Romsdal,M,89 years,89,F-15,Møre og Romsdal,2017,221
F-15 Møre og Romsdal,M,90 years,90,F-15,Møre og Romsdal,2017,197
F-15 Møre og Romsdal,M,91 years,91,F-15,Møre og Romsdal,2017,165
F-15 Møre og Romsdal,M,92 years,92,F-15,Møre og Romsdal,2017,127
F-15 Møre og Romsdal,M,93 years,93,F-15,Møre og Romsdal,2017,85
F-15 Møre og Romsdal,M,94 years,94,F-15,Møre og Romsdal,2017,75
F-15 Møre og Romsdal,M,95 years,95,F-15,Møre og Romsdal,2017,45
F-15 Møre og Romsdal,M,96 years,96,F-15,Møre og Romsdal,2017,30
F-15 Møre og Romsdal,M,97 years,97,F-15,Møre og Romsdal,2017,23
F-15 Møre og Romsdal,M,98 years,98,F-15,Møre og Romsdal,2017,11
F-15 Møre og Romsdal,M,99 years,99,F-15,Møre og Romsdal,2017,8
F-15 Møre og Romsdal,M,100 years,100,F-15,Møre og Romsdal,2017,5
F-15 Møre og Romsdal,M,101 years,101,F-15,Møre og Romsdal,2017,3
F-15 Møre og Romsdal,M,102 years,102,F-15,Møre og Romsdal,2017,0
F-15 Møre og Romsdal,M,103 years,103,F-15,Møre og Romsdal,2017,0
F-15 Møre og Romsdal,M,104 years,104,F-15,Møre og Romsdal,2017,0
F-15 Møre og Romsdal,M,105 years or older,105,F-15,Møre og Romsdal,2017,0
F-50 Trøndelag - Trööndelage,F,0 years,0,F-50,Trøndelag,2017,2447
F-50 Trøndelag - Trööndelage,F,1 year,1,F-50,Trøndelag,2017,2532
F-50 Trøndelag - Trööndelage,F,2 years,2,F-50,Trøndelag,2017,2579
F-50 Trøndelag - Trööndelage,F,3 years,3,F-50,Trøndelag,2017,2620
F-50 Trøndelag - Trööndelage,F,4 years,4,F-50,Trøndelag,2017,2566
F-50 Trøndelag - Trööndelage,F,5 years,5,F-50,Trøndelag,2017,2610
F-50 Trøndelag - Trööndelage,F,6 years,6,F-50,Trøndelag,2017,2757
F-50 Trøndelag - Trööndelage,F,7 years,7,F-50,Trøndelag,2017,2741
F-50 Trøndelag - Trööndelage,F,8 years,8,F-50,Trøndelag,2017,2702
F-50 Trøndelag - Trööndelage,F,9 years,9,F-50,Trøndelag,2017,2632
F-50 Trøndelag - Trööndelage,F,10 years,10,F-50,Trøndelag,2017,2614
F-50 Trøndelag - Trööndelage,F,11 years,11,F-50,Trøndelag,2017,2692
F-50 Trøndelag - Trööndelage,F,12 years,12,F-50,Trøndelag,2017,2571
F-50 Trøndelag - Trööndelage,F,13 years,13,F-50,Trøndelag,2017,2579
F-50 Trøndelag - Trööndelage,F,14 years,14,F-50,Trøndelag,2017,2509
F-50 Trøndelag - Trööndelage,F,15 years,15,F-50,Trøndelag,2017,2670
F-50 Trøndelag - Trööndelage,F,16 years,16,F-50,Trøndelag,2017,2761
F-50 Trøndelag - Trööndelage,F,17 years,17,F-50,Trøndelag,2017,2734
F-50 Trøndelag - Trööndelage,F,18 years,18,F-50,Trøndelag,2017,2838
F-50 Trøndelag - Trööndelage,F,19 years,19,F-50,Trøndelag,2017,2821
F-50 Trøndelag - Trööndelage,F,20 years,20,F-50,Trøndelag,2017,3242
F-50 Trøndelag - Trööndelage,F,21 years,21,F-50,Trøndelag,2017,3130
F-50 Trøndelag - Trööndelage,F,22 years,22,F-50,Trøndelag,2017,3278
F-50 Trøndelag - Trööndelage,F,23 years,23,F-50,Trøndelag,2017,3311
F-50 Trøndelag - Trööndelage,F,24 years,24,F-50,Trøndelag,2017,3320
F-50 Trøndelag - Trööndelage,F,25 years,25,F-50,Trøndelag,2017,3332
F-50 Trøndelag - Trööndelage,F,26 years,26,F-50,Trøndelag,2017,3343
F-50 Trøndelag - Trööndelage,F,27 years,27,F-50,Trøndelag,2017,3171
F-50 Trøndelag - Trööndelage,F,28 years,28,F-50,Trøndelag,2017,3177
F-50 Trøndelag - Trööndelage,F,29 years,29,F-50,Trøndelag,2017,2923
F-50 Trøndelag - Trööndelage,F,30 years,30,F-50,Trøndelag,2017,2948
F-50 Trøndelag - Trööndelage,F,31 years,31,F-50,Trøndelag,2017,2918
F-50 Trøndelag - Trööndelage,F,32 years,32,F-50,Trøndelag,2017,2883
F-50 Trøndelag - Trööndelage,F,33 years,33,F-50,Trøndelag,2017,2766
F-50 Trøndelag - Trööndelage,F,34 years,34,F-50,Trøndelag,2017,2851
F-50 Trøndelag - Trööndelage,F,35 years,35,F-50,Trøndelag,2017,2740
F-50 Trøndelag - Trööndelage,F,36 years,36,F-50,Trøndelag,2017,2736
F-50 Trøndelag - Trööndelage,F,37 years,37,F-50,Trøndelag,2017,2659
F-50 Trøndelag - Trööndelage,F,38 years,38,F-50,Trøndelag,2017,2692
F-50 Trøndelag - Trööndelage,F,39 years,39,F-50,Trøndelag,2017,2632
F-50 Trøndelag - Trööndelage,F,40 years,40,F-50,Trøndelag,2017,2665
F-50 Trøndelag - Trööndelage,F,41 years,41,F-50,Trøndelag,2017,2793
F-50 Trøndelag - Trööndelage,F,42 years,42,F-50,Trøndelag,2017,2956
F-50 Trøndelag - Trööndelage,F,43 years,43,F-50,Trøndelag,2017,2992
F-50 Trøndelag - Trööndelage,F,44 years,44,F-50,Trøndelag,2017,3033
F-50 Trøndelag - Trööndelage,F,45 years,45,F-50,Trøndelag,2017,3066
F-50 Trøndelag - Trööndelage,F,46 years,46,F-50,Trøndelag,2017,3098
F-50 Trøndelag - Trööndelage,F,47 years,47,F-50,Trøndelag,2017,3148
F-50 Trøndelag - Trööndelage,F,48 years,48,F-50,Trøndelag,2017,3254
F-50 Trøndelag - Trööndelage,F,49 years,49,F-50,Trøndelag,2017,3036
F-50 Trøndelag - Trööndelage,F,50 years,50,F-50,Trøndelag,2017,3089
F-50 Trøndelag - Trööndelage,F,51 years,51,F-50,Trøndelag,2017,3071
F-50 Trøndelag - Trööndelage,F,52 years,52,F-50,Trøndelag,2017,2898
F-50 Trøndelag - Trööndelage,F,53 years,53,F-50,Trøndelag,2017,2849
F-50 Trøndelag - Trööndelage,F,54 years,54,F-50,Trøndelag,2017,2723
F-50 Trøndelag - Trööndelage,F,55 years,55,F-50,Trøndelag,2017,2721
F-50 Trøndelag - Trööndelage,F,56 years,56,F-50,Trøndelag,2017,2705
F-50 Trøndelag - Trööndelage,F,57 years,57,F-50,Trøndelag,2017,2665
F-50 Trøndelag - Trööndelage,F,58 years,58,F-50,Trøndelag,2017,2585
F-50 Trøndelag - Trööndelage,F,59 years,59,F-50,Trøndelag,2017,2604
F-50 Trøndelag - Trööndelage,F,60 years,60,F-50,Trøndelag,2017,2707
F-50 Trøndelag - Trööndelage,F,61 years,61,F-50,Trøndelag,2017,2696
F-50 Trøndelag - Trööndelage,F,62 years,62,F-50,Trøndelag,2017,2588
F-50 Trøndelag - Trööndelage,F,63 years,63,F-50,Trøndelag,2017,2582
F-50 Trøndelag - Trööndelage,F,64 years,64,F-50,Trøndelag,2017,2497
F-50 Trøndelag - Trööndelage,F,65 years,65,F-50,Trøndelag,2017,2414
F-50 Trøndelag - Trööndelage,F,66 years,66,F-50,Trøndelag,2017,2411
F-50 Trøndelag - Trööndelage,F,67 years,67,F-50,Trøndelag,2017,2324
F-50 Trøndelag - Trööndelage,F,68 years,68,F-50,Trøndelag,2017,2447
F-50 Trøndelag - Trööndelage,F,69 years,69,F-50,Trøndelag,2017,2393
F-50 Trøndelag - Trööndelage,F,70 years,70,F-50,Trøndelag,2017,2502
F-50 Trøndelag - Trööndelage,F,71 years,71,F-50,Trøndelag,2017,2339
F-50 Trøndelag - Trööndelage,F,72 years,72,F-50,Trøndelag,2017,2121
F-50 Trøndelag - Trööndelage,F,73 years,73,F-50,Trøndelag,2017,1952
F-50 Trøndelag - Trööndelage,F,74 years,74,F-50,Trøndelag,2017,1776
F-50 Trøndelag - Trööndelage,F,75 years,75,F-50,Trøndelag,2017,1562
F-50 Trøndelag - Trööndelage,F,76 years,76,F-50,Trøndelag,2017,1494
F-50 Trøndelag - Trööndelage,F,77 years,77,F-50,Trøndelag,2017,1488
F-50 Trøndelag - Trööndelage,F,78 years,78,F-50,Trøndelag,2017,1303
F-50 Trøndelag - Trööndelage,F,79 years,79,F-50,Trøndelag,2017,1176
F-50 Trøndelag - Trööndelage,F,80 years,80,F-50,Trøndelag,2017,1156
F-50 Trøndelag - Trööndelage,F,81 years,81,F-50,Trøndelag,2017,1142
F-50 Trøndelag - Trööndelage,F,82 years,82,F-50,Trøndelag,2017,1093
F-50 Trøndelag - Trööndelage,F,83 years,83,F-50,Trøndelag,2017,968
F-50 Trøndelag - Trööndelage,F,84 years,84,F-50,Trøndelag,2017,1008
F-50 Trøndelag - Trööndelage,F,85 years,85,F-50,Trøndelag,2017,947
F-50 Trøndelag - Trööndelage,F,86 years,86,F-50,Trøndelag,2017,846
F-50 Trøndelag - Trööndelage,F,87 years,87,F-50,Trøndelag,2017,757
F-50 Trøndelag - Trööndelage,F,88 years,88,F-50,Trøndelag,2017,787
F-50 Trøndelag - Trööndelage,F,89 years,89,F-50,Trøndelag,2017,649
F-50 Trøndelag - Trööndelage,F,90 years,90,F-50,Trøndelag,2017,628
F-50 Trøndelag - Trööndelage,F,91 years,91,F-50,Trøndelag,2017,484
F-50 Trøndelag - Trööndelage,F,92 years,92,F-50,Trøndelag,2017,434
F-50 Trøndelag - Trööndelage,F,93 years,93,F-50,Trøndelag,2017,335
F-50 Trøndelag - Trööndelage,F,94 years,94,F-50,Trøndelag,2017,301
F-50 Trøndelag - Trööndelage,F,95 years,95,F-50,Trøndelag,2017,199
F-50 Trøndelag - Trööndelage,F,96 years,96,F-50,Trøndelag,2017,142
F-50 Trøndelag - Trööndelage,F,97 years,97,F-50,Trøndelag,2017,89
F-50 Trøndelag - Trööndelage,F,98 years,98,F-50,Trøndelag,2017,65
F-50 Trøndelag - Trööndelage,F,99 years,99,F-50,Trøndelag,2017,40
F-50 Trøndelag - Trööndelage,F,100 years,100,F-50,Trøndelag,2017,32
F-50 Trøndelag - Trööndelage,F,101 years,101,F-50,Trøndelag,2017,16
F-50 Trøndelag - Trööndelage,F,102 years,102,F-50,Trøndelag,2017,5
F-50 Trøndelag - Trööndelage,F,103 years,103,F-50,Trøndelag,2017,3
F-50 Trøndelag - Trööndelage,F,104 years,104,F-50,Trøndelag,2017,2
F-50 Trøndelag - Trööndelage,F,105 years or older,105,F-50,Trøndelag,2017,4
F-50 Trøndelag - Trööndelage,M,0 years,0,F-50,Trøndelag,2017,2699
F-50 Trøndelag - Trööndelage,M,1 year,1,F-50,Trøndelag,2017,2675
F-50 Trøndelag - Trööndelage,M,2 years,2,F-50,Trøndelag,2017,2703
F-50 Trøndelag - Trööndelage,M,3 years,3,F-50,Trøndelag,2017,2757
F-50 Trøndelag - Trööndelage,M,4 years,4,F-50,Trøndelag,2017,2685
F-50 Trøndelag - Trööndelage,M,5 years,5,F-50,Trøndelag,2017,2832
F-50 Trøndelag - Trööndelage,M,6 years,6,F-50,Trøndelag,2017,2856
F-50 Trøndelag - Trööndelage,M,7 years,7,F-50,Trøndelag,2017,2884
F-50 Trøndelag - Trööndelage,M,8 years,8,F-50,Trøndelag,2017,2879
F-50 Trøndelag - Trööndelage,M,9 years,9,F-50,Trøndelag,2017,2763
F-50 Trøndelag - Trööndelage,M,10 years,10,F-50,Trøndelag,2017,2842
F-50 Trøndelag - Trööndelage,M,11 years,11,F-50,Trøndelag,2017,2698
F-50 Trøndelag - Trööndelage,M,12 years,12,F-50,Trøndelag,2017,2738
F-50 Trøndelag - Trööndelage,M,13 years,13,F-50,Trøndelag,2017,2688
F-50 Trøndelag - Trööndelage,M,14 years,14,F-50,Trøndelag,2017,2730
F-50 Trøndelag - Trööndelage,M,15 years,15,F-50,Trøndelag,2017,2810
F-50 Trøndelag - Trööndelage,M,16 years,16,F-50,Trøndelag,2017,2974
F-50 Trøndelag - Trööndelage,M,17 years,17,F-50,Trøndelag,2017,2932
F-50 Trøndelag - Trööndelage,M,18 years,18,F-50,Trøndelag,2017,3020
F-50 Trøndelag - Trööndelage,M,19 years,19,F-50,Trøndelag,2017,3217
F-50 Trøndelag - Trööndelage,M,20 years,20,F-50,Trøndelag,2017,3317
F-50 Trøndelag - Trööndelage,M,21 years,21,F-50,Trøndelag,2017,3445
F-50 Trøndelag - Trööndelage,M,22 years,22,F-50,Trøndelag,2017,3625
F-50 Trøndelag - Trööndelage,M,23 years,23,F-50,Trøndelag,2017,3671
F-50 Trøndelag - Trööndelage,M,24 years,24,F-50,Trøndelag,2017,3679
F-50 Trøndelag - Trööndelage,M,25 years,25,F-50,Trøndelag,2017,3722
F-50 Trøndelag - Trööndelage,M,26 years,26,F-50,Trøndelag,2017,3664
F-50 Trøndelag - Trööndelage,M,27 years,27,F-50,Trøndelag,2017,3662
F-50 Trøndelag - Trööndelage,M,28 years,28,F-50,Trøndelag,2017,3522
F-50 Trøndelag - Trööndelage,M,29 years,29,F-50,Trøndelag,2017,3280
F-50 Trøndelag - Trööndelage,M,30 years,30,F-50,Trøndelag,2017,3308
F-50 Trøndelag - Trööndelage,M,31 years,31,F-50,Trøndelag,2017,3139
F-50 Trøndelag - Trööndelage,M,32 years,32,F-50,Trøndelag,2017,3000
F-50 Trøndelag - Trööndelage,M,33 years,33,F-50,Trøndelag,2017,3071
F-50 Trøndelag - Trööndelage,M,34 years,34,F-50,Trøndelag,2017,3020
F-50 Trøndelag - Trööndelage,M,35 years,35,F-50,Trøndelag,2017,2916
F-50 Trøndelag - Trööndelage,M,36 years,36,F-50,Trøndelag,2017,3016
F-50 Trøndelag - Trööndelage,M,37 years,37,F-50,Trøndelag,2017,3028
F-50 Trøndelag - Trööndelage,M,38 years,38,F-50,Trøndelag,2017,2868
F-50 Trøndelag - Trööndelage,M,39 years,39,F-50,Trøndelag,2017,2810
F-50 Trøndelag - Trööndelage,M,40 years,40,F-50,Trøndelag,2017,2840
F-50 Trøndelag - Trööndelage,M,41 years,41,F-50,Trøndelag,2017,2883
F-50 Trøndelag - Trööndelage,M,42 years,42,F-50,Trøndelag,2017,3130
F-50 Trøndelag - Trööndelage,M,43 years,43,F-50,Trøndelag,2017,3203
F-50 Trøndelag - Trööndelage,M,44 years,44,F-50,Trøndelag,2017,3274
F-50 Trøndelag - Trööndelage,M,45 years,45,F-50,Trøndelag,2017,3291
F-50 Trøndelag - Trööndelage,M,46 years,46,F-50,Trøndelag,2017,3123
F-50 Trøndelag - Trööndelage,M,47 years,47,F-50,Trøndelag,2017,3316
F-50 Trøndelag - Trööndelage,M,48 years,48,F-50,Trøndelag,2017,3341
F-50 Trøndelag - Trööndelage,M,49 years,49,F-50,Trøndelag,2017,3146
F-50 Trøndelag - Trööndelage,M,50 years,50,F-50,Trøndelag,2017,3257
F-50 Trøndelag - Trööndelage,M,51 years,51,F-50,Trøndelag,2017,3237
F-50 Trøndelag - Trööndelage,M,52 years,52,F-50,Trøndelag,2017,3062
F-50 Trøndelag - Trööndelage,M,53 years,53,F-50,Trøndelag,2017,2974
F-50 Trøndelag - Trööndelage,M,54 years,54,F-50,Trøndelag,2017,2944
F-50 Trøndelag - Trööndelage,M,55 years,55,F-50,Trøndelag,2017,2775
F-50 Trøndelag - Trööndelage,M,56 years,56,F-50,Trøndelag,2017,2697
F-50 Trøndelag - Trööndelage,M,57 years,57,F-50,Trøndelag,2017,2804
F-50 Trøndelag - Trööndelage,M,58 years,58,F-50,Trøndelag,2017,2840
F-50 Trøndelag - Trööndelage,M,59 years,59,F-50,Trøndelag,2017,2764
F-50 Trøndelag - Trööndelage,M,60 years,60,F-50,Trøndelag,2017,2735
F-50 Trøndelag - Trööndelage,M,61 years,61,F-50,Trøndelag,2017,2657
F-50 Trøndelag - Trööndelage,M,62 years,62,F-50,Trøndelag,2017,2600
F-50 Trøndelag - Trööndelage,M,63 years,63,F-50,Trøndelag,2017,2489
F-50 Trøndelag - Trööndelage,M,64 years,64,F-50,Trøndelag,2017,2555
F-50 Trøndelag - Trööndelage,M,65 years,65,F-50,Trøndelag,2017,2522
F-50 Trøndelag - Trööndelage,M,66 years,66,F-50,Trøndelag,2017,2421
F-50 Trøndelag - Trööndelage,M,67 years,67,F-50,Trøndelag,2017,2428
F-50 Trøndelag - Trööndelage,M,68 years,68,F-50,Trøndelag,2017,2469
F-50 Trøndelag - Trööndelage,M,69 years,69,F-50,Trøndelag,2017,2351
F-50 Trøndelag - Trööndelage,M,70 years,70,F-50,Trøndelag,2017,2403
F-50 Trøndelag - Trööndelage,M,71 years,71,F-50,Trøndelag,2017,2210
F-50 Trøndelag - Trööndelage,M,72 years,72,F-50,Trøndelag,2017,2010
F-50 Trøndelag - Trööndelage,M,73 years,73,F-50,Trøndelag,2017,1897
F-50 Trøndelag - Trööndelage,M,74 years,74,F-50,Trøndelag,2017,1682
F-50 Trøndelag - Trööndelage,M,75 years,75,F-50,Trøndelag,2017,1519
F-50 Trøndelag - Trööndelage,M,76 years,76,F-50,Trøndelag,2017,1375
F-50 Trøndelag - Trööndelage,M,77 years,77,F-50,Trøndelag,2017,1243
F-50 Trøndelag - Trööndelage,M,78 years,78,F-50,Trøndelag,2017,1145
F-50 Trøndelag - Trööndelage,M,79 years,79,F-50,Trøndelag,2017,1036
F-50 Trøndelag - Trööndelage,M,80 years,80,F-50,Trøndelag,2017,953
F-50 Trøndelag - Trööndelage,M,81 years,81,F-50,Trøndelag,2017,829
F-50 Trøndelag - Trööndelage,M,82 years,82,F-50,Trøndelag,2017,814
F-50 Trøndelag - Trööndelage,M,83 years,83,F-50,Trøndelag,2017,748
F-50 Trøndelag - Trööndelage,M,84 years,84,F-50,Trøndelag,2017,674
F-50 Trøndelag - Trööndelage,M,85 years,85,F-50,Trøndelag,2017,593
F-50 Trøndelag - Trööndelage,M,86 years,86,F-50,Trøndelag,2017,568
F-50 Trøndelag - Trööndelage,M,87 years,87,F-50,Trøndelag,2017,487
F-50 Trøndelag - Trööndelage,M,88 years,88,F-50,Trøndelag,2017,420
F-50 Trøndelag - Trööndelage,M,89 years,89,F-50,Trøndelag,2017,349
F-50 Trøndelag - Trööndelage,M,90 years,90,F-50,Trøndelag,2017,318
F-50 Trøndelag - Trööndelage,M,91 years,91,F-50,Trøndelag,2017,222
F-50 Trøndelag - Trööndelage,M,92 years,92,F-50,Trøndelag,2017,190
F-50 Trøndelag - Trööndelage,M,93 years,93,F-50,Trøndelag,2017,143
F-50 Trøndelag - Trööndelage,M,94 years,94,F-50,Trøndelag,2017,88
F-50 Trøndelag - Trööndelage,M,95 years,95,F-50,Trøndelag,2017,47
F-50 Trøndelag - Trööndelage,M,96 years,96,F-50,Trøndelag,2017,47
F-50 Trøndelag - Trööndelage,M,97 years,97,F-50,Trøndelag,2017,19
F-50 Trøndelag - Trööndelage,M,98 years,98,F-50,Trøndelag,2017,21
F-50 Trøndelag - Trööndelage,M,99 years,99,F-50,Trøndelag,2017,9
F-50 Trøndelag - Trööndelage,M,100 years,100,F-50,Trøndelag,2017,3
F-50 Trøndelag - Trööndelage,M,101 years,101,F-50,Trøndelag,2017,1
F-50 Trøndelag - Trööndelage,M,102 years,102,F-50,Trøndelag,2017,2
F-50 Trøndelag - Trööndelage,M,103 years,103,F-50,Trøndelag,2017,1
F-50 Trøndelag - Trööndelage,M,104 years,104,F-50,Trøndelag,2017,0
F-50 Trøndelag - Trööndelage,M,105 years or older,105,F-50,Trøndelag,2017,0
F-15 Møre og Romsdal,F,0 years,0,F-15,Møre og Romsdal,2018,1336
F-15 Møre og Romsdal,F,1 year,1,F-15,Møre og Romsdal,2018,1386
F-15 Møre og Romsdal,F,2 years,2,F-15,Møre og Romsdal,2018,1420
F-15 Møre og Romsdal,F,3 years,3,F-15,Møre og Romsdal,2018,1367
F-15 Møre og Romsdal,F,4 years,4,F-15,Møre og Romsdal,2018,1453
F-15 Møre og Romsdal,F,5 years,5,F-15,Møre og Romsdal,2018,1532
F-15 Møre og Romsdal,F,6 years,6,F-15,Møre og Romsdal,2018,1541
F-15 Møre og Romsdal,F,7 years,7,F-15,Møre og Romsdal,2018,1586
F-15 Møre og Romsdal,F,8 years,8,F-15,Møre og Romsdal,2018,1638
F-15 Møre og Romsdal,F,9 years,9,F-15,Møre og Romsdal,2018,1594
F-15 Møre og Romsdal,F,10 years,10,F-15,Møre og Romsdal,2018,1601
F-15 Møre og Romsdal,F,11 years,11,F-15,Møre og Romsdal,2018,1593
F-15 Møre og Romsdal,F,12 years,12,F-15,Møre og Romsdal,2018,1595
F-15 Møre og Romsdal,F,13 years,13,F-15,Møre og Romsdal,2018,1635
F-15 Møre og Romsdal,F,14 years,14,F-15,Møre og Romsdal,2018,1585
F-15 Møre og Romsdal,F,15 years,15,F-15,Møre og Romsdal,2018,1585
F-15 Møre og Romsdal,F,16 years,16,F-15,Møre og Romsdal,2018,1662
F-15 Møre og Romsdal,F,17 years,17,F-15,Møre og Romsdal,2018,1645
F-15 Møre og Romsdal,F,18 years,18,F-15,Møre og Romsdal,2018,1728
F-15 Møre og Romsdal,F,19 years,19,F-15,Møre og Romsdal,2018,1595
F-15 Møre og Romsdal,F,20 years,20,F-15,Møre og Romsdal,2018,1611
F-15 Møre og Romsdal,F,21 years,21,F-15,Møre og Romsdal,2018,1613
F-15 Møre og Romsdal,F,22 years,22,F-15,Møre og Romsdal,2018,1500
F-15 Møre og Romsdal,F,23 years,23,F-15,Møre og Romsdal,2018,1549
F-15 Møre og Romsdal,F,24 years,24,F-15,Møre og Romsdal,2018,1481
F-15 Møre og Romsdal,F,25 years,25,F-15,Møre og Romsdal,2018,1513
F-15 Møre og Romsdal,F,26 years,26,F-15,Møre og Romsdal,2018,1562
F-15 Møre og Romsdal,F,27 years,27,F-15,Møre og Romsdal,2018,1563
F-15 Møre og Romsdal,F,28 years,28,F-15,Møre og Romsdal,2018,1560
F-15 Møre og Romsdal,F,29 years,29,F-15,Møre og Romsdal,2018,1535
F-15 Møre og Romsdal,F,30 years,30,F-15,Møre og Romsdal,2018,1553
F-15 Møre og Romsdal,F,31 years,31,F-15,Møre og Romsdal,2018,1523
F-15 Møre og Romsdal,F,32 years,32,F-15,Møre og Romsdal,2018,1551
F-15 Møre og Romsdal,F,33 years,33,F-15,Møre og Romsdal,2018,1568
F-15 Møre og Romsdal,F,34 years,34,F-15,Møre og Romsdal,2018,1575
F-15 Møre og Romsdal,F,35 years,35,F-15,Møre og Romsdal,2018,1554
F-15 Møre og Romsdal,F,36 years,36,F-15,Møre og Romsdal,2018,1527
F-15 Møre og Romsdal,F,37 years,37,F-15,Møre og Romsdal,2018,1576
F-15 Møre og Romsdal,F,38 years,38,F-15,Møre og Romsdal,2018,1552
F-15 Møre og Romsdal,F,39 years,39,F-15,Møre og Romsdal,2018,1512
F-15 Møre og Romsdal,F,40 years,40,F-15,Møre og Romsdal,2018,1533
F-15 Møre og Romsdal,F,41 years,41,F-15,Møre og Romsdal,2018,1511
F-15 Møre og Romsdal,F,42 years,42,F-15,Møre og Romsdal,2018,1529
F-15 Møre og Romsdal,F,43 years,43,F-15,Møre og Romsdal,2018,1660
F-15 Møre og Romsdal,F,44 years,44,F-15,Møre og Romsdal,2018,1584
F-15 Møre og Romsdal,F,45 years,45,F-15,Møre og Romsdal,2018,1744
F-15 Møre og Romsdal,F,46 years,46,F-15,Møre og Romsdal,2018,1776
F-15 Møre og Romsdal,F,47 years,47,F-15,Møre og Romsdal,2018,1781
F-15 Møre og Romsdal,F,48 years,48,F-15,Møre og Romsdal,2018,1863
F-15 Møre og Romsdal,F,49 years,49,F-15,Møre og Romsdal,2018,1855
F-15 Møre og Romsdal,F,50 years,50,F-15,Møre og Romsdal,2018,1704
F-15 Møre og Romsdal,F,51 years,51,F-15,Møre og Romsdal,2018,1672
F-15 Møre og Romsdal,F,52 years,52,F-15,Møre og Romsdal,2018,1609
F-15 Møre og Romsdal,F,53 years,53,F-15,Møre og Romsdal,2018,1593
F-15 Møre og Romsdal,F,54 years,54,F-15,Møre og Romsdal,2018,1548
F-15 Møre og Romsdal,F,55 years,55,F-15,Møre og Romsdal,2018,1553
F-15 Møre og Romsdal,F,56 years,56,F-15,Møre og Romsdal,2018,1614
F-15 Møre og Romsdal,F,57 years,57,F-15,Møre og Romsdal,2018,1645
F-15 Møre og Romsdal,F,58 years,58,F-15,Møre og Romsdal,2018,1632
F-15 Møre og Romsdal,F,59 years,59,F-15,Møre og Romsdal,2018,1621
F-15 Møre og Romsdal,F,60 years,60,F-15,Møre og Romsdal,2018,1590
F-15 Møre og Romsdal,F,61 years,61,F-15,Møre og Romsdal,2018,1751
F-15 Møre og Romsdal,F,62 years,62,F-15,Møre og Romsdal,2018,1600
F-15 Møre og Romsdal,F,63 years,63,F-15,Møre og Romsdal,2018,1608
F-15 Møre og Romsdal,F,64 years,64,F-15,Møre og Romsdal,2018,1561
F-15 Møre og Romsdal,F,65 years,65,F-15,Møre og Romsdal,2018,1589
F-15 Møre og Romsdal,F,66 years,66,F-15,Møre og Romsdal,2018,1436
F-15 Møre og Romsdal,F,67 years,67,F-15,Møre og Romsdal,2018,1551
F-15 Møre og Romsdal,F,68 years,68,F-15,Møre og Romsdal,2018,1454
F-15 Møre og Romsdal,F,69 years,69,F-15,Møre og Romsdal,2018,1444
F-15 Møre og Romsdal,F,70 years,70,F-15,Møre og Romsdal,2018,1438
F-15 Møre og Romsdal,F,71 years,71,F-15,Møre og Romsdal,2018,1434
F-15 Møre og Romsdal,F,72 years,72,F-15,Møre og Romsdal,2018,1307
F-15 Møre og Romsdal,F,73 years,73,F-15,Møre og Romsdal,2018,1262
F-15 Møre og Romsdal,F,74 years,74,F-15,Møre og Romsdal,2018,1122
F-15 Møre og Romsdal,F,75 years,75,F-15,Møre og Romsdal,2018,1006
F-15 Møre og Romsdal,F,76 years,76,F-15,Møre og Romsdal,2018,917
F-15 Møre og Romsdal,F,77 years,77,F-15,Møre og Romsdal,2018,839
F-15 Møre og Romsdal,F,78 years,78,F-15,Møre og Romsdal,2018,868
F-15 Møre og Romsdal,F,79 years,79,F-15,Møre og Romsdal,2018,745
F-15 Møre og Romsdal,F,80 years,80,F-15,Møre og Romsdal,2018,743
F-15 Møre og Romsdal,F,81 years,81,F-15,Møre og Romsdal,2018,697
F-15 Møre og Romsdal,F,82 years,82,F-15,Møre og Romsdal,2018,674
F-15 Møre og Romsdal,F,83 years,83,F-15,Møre og Romsdal,2018,640
F-15 Møre og Romsdal,F,84 years,84,F-15,Møre og Romsdal,2018,629
F-15 Møre og Romsdal,F,85 years,85,F-15,Møre og Romsdal,2018,603
F-15 Møre og Romsdal,F,86 years,86,F-15,Møre og Romsdal,2018,545
F-15 Møre og Romsdal,F,87 years,87,F-15,Møre og Romsdal,2018,576
F-15 Møre og Romsdal,F,88 years,88,F-15,Møre og Romsdal,2018,489
F-15 Møre og Romsdal,F,89 years,89,F-15,Møre og Romsdal,2018,478
F-15 Møre og Romsdal,F,90 years,90,F-15,Møre og Romsdal,2018,422
F-15 Møre og Romsdal,F,91 years,91,F-15,Møre og Romsdal,2018,353
F-15 Møre og Romsdal,F,92 years,92,F-15,Møre og Romsdal,2018,286
F-15 Møre og Romsdal,F,93 years,93,F-15,Møre og Romsdal,2018,264
F-15 Møre og Romsdal,F,94 years,94,F-15,Møre og Romsdal,2018,195
F-15 Møre og Romsdal,F,95 years,95,F-15,Møre og Romsdal,2018,139
F-15 Møre og Romsdal,F,96 years,96,F-15,Møre og Romsdal,2018,132
F-15 Møre og Romsdal,F,97 years,97,F-15,Møre og Romsdal,2018,85
F-15 Møre og Romsdal,F,98 years,98,F-15,Møre og Romsdal,2018,66
F-15 Møre og Romsdal,F,99 years,99,F-15,Møre og Romsdal,2018,34
F-15 Møre og Romsdal,F,100 years,100,F-15,Møre og Romsdal,2018,17
F-15 Møre og Romsdal,F,101 years,101,F-15,Møre og Romsdal,2018,22
F-15 Møre og Romsdal,F,102 years,102,F-15,Møre og Romsdal,2018,9
F-15 Møre og Romsdal,F,103 years,103,F-15,Møre og Romsdal,2018,5
F-15 Møre og Romsdal,F,104 years,104,F-15,Møre og Romsdal,2018,1
F-15 Møre og Romsdal,F,105 years or older,105,F-15,Møre og Romsdal,2018,2
F-15 Møre og Romsdal,M,0 years,0,F-15,Møre og Romsdal,2018,1357
F-15 Møre og Romsdal,M,1 year,1,F-15,Møre og Romsdal,2018,1423
F-15 Møre og Romsdal,M,2 years,2,F-15,Møre og Romsdal,2018,1449
F-15 Møre og Romsdal,M,3 years,3,F-15,Møre og Romsdal,2018,1520
F-15 Møre og Romsdal,M,4 years,4,F-15,Møre og Romsdal,2018,1535
F-15 Møre og Romsdal,M,5 years,5,F-15,Møre og Romsdal,2018,1584
F-15 Møre og Romsdal,M,6 years,6,F-15,Møre og Romsdal,2018,1622
F-15 Møre og Romsdal,M,7 years,7,F-15,Møre og Romsdal,2018,1587
F-15 Møre og Romsdal,M,8 years,8,F-15,Møre og Romsdal,2018,1756
F-15 Møre og Romsdal,M,9 years,9,F-15,Møre og Romsdal,2018,1660
F-15 Møre og Romsdal,M,10 years,10,F-15,Møre og Romsdal,2018,1688
F-15 Møre og Romsdal,M,11 years,11,F-15,Møre og Romsdal,2018,1622
F-15 Møre og Romsdal,M,12 years,12,F-15,Møre og Romsdal,2018,1613
F-15 Møre og Romsdal,M,13 years,13,F-15,Møre og Romsdal,2018,1720
F-15 Møre og Romsdal,M,14 years,14,F-15,Møre og Romsdal,2018,1723
F-15 Møre og Romsdal,M,15 years,15,F-15,Møre og Romsdal,2018,1614
F-15 Møre og Romsdal,M,16 years,16,F-15,Møre og Romsdal,2018,1735
F-15 Møre og Romsdal,M,17 years,17,F-15,Møre og Romsdal,2018,1835
F-15 Møre og Romsdal,M,18 years,18,F-15,Møre og Romsdal,2018,1853
F-15 Møre og Romsdal,M,19 years,19,F-15,Møre og Romsdal,2018,1802
F-15 Møre og Romsdal,M,20 years,20,F-15,Møre og Romsdal,2018,1767
F-15 Møre og Romsdal,M,21 years,21,F-15,Møre og Romsdal,2018,1820
F-15 Møre og Romsdal,M,22 years,22,F-15,Møre og Romsdal,2018,1744
F-15 Møre og Romsdal,M,23 years,23,F-15,Møre og Romsdal,2018,1736
F-15 Møre og Romsdal,M,24 years,24,F-15,Møre og Romsdal,2018,1667
F-15 Møre og Romsdal,M,25 years,25,F-15,Møre og Romsdal,2018,1624
F-15 Møre og Romsdal,M,26 years,26,F-15,Møre og Romsdal,2018,1760
F-15 Møre og Romsdal,M,27 years,27,F-15,Møre og Romsdal,2018,1706
F-15 Møre og Romsdal,M,28 years,28,F-15,Møre og Romsdal,2018,1676
F-15 Møre og Romsdal,M,29 years,29,F-15,Møre og Romsdal,2018,1733
F-15 Møre og Romsdal,M,30 years,30,F-15,Møre og Romsdal,2018,1637
F-15 Møre og Romsdal,M,31 years,31,F-15,Møre og Romsdal,2018,1745
F-15 Møre og Romsdal,M,32 years,32,F-15,Møre og Romsdal,2018,1706
F-15 Møre og Romsdal,M,33 years,33,F-15,Møre og Romsdal,2018,1761
F-15 Møre og Romsdal,M,34 years,34,F-15,Møre og Romsdal,2018,1807
F-15 Møre og Romsdal,M,35 years,35,F-15,Møre og Romsdal,2018,1707
F-15 Møre og Romsdal,M,36 years,36,F-15,Møre og Romsdal,2018,1674
F-15 Møre og Romsdal,M,37 years,37,F-15,Møre og Romsdal,2018,1713
F-15 Møre og Romsdal,M,38 years,38,F-15,Møre og Romsdal,2018,1723
F-15 Møre og Romsdal,M,39 years,39,F-15,Møre og Romsdal,2018,1607
F-15 Møre og Romsdal,M,40 years,40,F-15,Møre og Romsdal,2018,1605
F-15 Møre og Romsdal,M,41 years,41,F-15,Møre og Romsdal,2018,1700
F-15 Møre og Romsdal,M,42 years,42,F-15,Møre og Romsdal,2018,1628
F-15 Møre og Romsdal,M,43 years,43,F-15,Møre og Romsdal,2018,1794
F-15 Møre og Romsdal,M,44 years,44,F-15,Møre og Romsdal,2018,1904
F-15 Møre og Romsdal,M,45 years,45,F-15,Møre og Romsdal,2018,1944
F-15 Møre og Romsdal,M,46 years,46,F-15,Møre og Romsdal,2018,1874
F-15 Møre og Romsdal,M,47 years,47,F-15,Møre og Romsdal,2018,1919
F-15 Møre og Romsdal,M,48 years,48,F-15,Møre og Romsdal,2018,1957
F-15 Møre og Romsdal,M,49 years,49,F-15,Møre og Romsdal,2018,1965
F-15 Møre og Romsdal,M,50 years,50,F-15,Møre og Romsdal,2018,1957
F-15 Møre og Romsdal,M,51 years,51,F-15,Møre og Romsdal,2018,1813
F-15 Møre og Romsdal,M,52 years,52,F-15,Møre og Romsdal,2018,1808
F-15 Møre og Romsdal,M,53 years,53,F-15,Møre og Romsdal,2018,1741
F-15 Møre og Romsdal,M,54 years,54,F-15,Møre og Romsdal,2018,1747
F-15 Møre og Romsdal,M,55 years,55,F-15,Møre og Romsdal,2018,1713
F-15 Møre og Romsdal,M,56 years,56,F-15,Møre og Romsdal,2018,1701
F-15 Møre og Romsdal,M,57 years,57,F-15,Møre og Romsdal,2018,1643
F-15 Møre og Romsdal,M,58 years,58,F-15,Møre og Romsdal,2018,1736
F-15 Møre og Romsdal,M,59 years,59,F-15,Møre og Romsdal,2018,1746
F-15 Møre og Romsdal,M,60 years,60,F-15,Møre og Romsdal,2018,1699
F-15 Møre og Romsdal,M,61 years,61,F-15,Møre og Romsdal,2018,1735
F-15 Møre og Romsdal,M,62 years,62,F-15,Møre og Romsdal,2018,1684
F-15 Møre og Romsdal,M,63 years,63,F-15,Møre og Romsdal,2018,1689
F-15 Møre og Romsdal,M,64 years,64,F-15,Møre og Romsdal,2018,1604
F-15 Møre og Romsdal,M,65 years,65,F-15,Møre og Romsdal,2018,1661
F-15 Møre og Romsdal,M,66 years,66,F-15,Møre og Romsdal,2018,1612
F-15 Møre og Romsdal,M,67 years,67,F-15,Møre og Romsdal,2018,1463
F-15 Møre og Romsdal,M,68 years,68,F-15,Møre og Romsdal,2018,1531
F-15 Møre og Romsdal,M,69 years,69,F-15,Møre og Romsdal,2018,1550
F-15 Møre og Romsdal,M,70 years,70,F-15,Møre og Romsdal,2018,1446
F-15 Møre og Romsdal,M,71 years,71,F-15,Møre og Romsdal,2018,1467
F-15 Møre og Romsdal,M,72 years,72,F-15,Møre og Romsdal,2018,1355
F-15 Møre og Romsdal,M,73 years,73,F-15,Møre og Romsdal,2018,1209
F-15 Møre og Romsdal,M,74 years,74,F-15,Møre og Romsdal,2018,1077
F-15 Møre og Romsdal,M,75 years,75,F-15,Møre og Romsdal,2018,939
F-15 Møre og Romsdal,M,76 years,76,F-15,Møre og Romsdal,2018,810
F-15 Møre og Romsdal,M,77 years,77,F-15,Møre og Romsdal,2018,824
F-15 Møre og Romsdal,M,78 years,78,F-15,Møre og Romsdal,2018,761
F-15 Møre og Romsdal,M,79 years,79,F-15,Møre og Romsdal,2018,643
F-15 Møre og Romsdal,M,80 years,80,F-15,Møre og Romsdal,2018,590
F-15 Møre og Romsdal,M,81 years,81,F-15,Møre og Romsdal,2018,547
F-15 Møre og Romsdal,M,82 years,82,F-15,Møre og Romsdal,2018,516
F-15 Møre og Romsdal,M,83 years,83,F-15,Møre og Romsdal,2018,499
F-15 Møre og Romsdal,M,84 years,84,F-15,Møre og Romsdal,2018,410
F-15 Møre og Romsdal,M,85 years,85,F-15,Møre og Romsdal,2018,436
F-15 Møre og Romsdal,M,86 years,86,F-15,Møre og Romsdal,2018,397
F-15 Møre og Romsdal,M,87 years,87,F-15,Møre og Romsdal,2018,347
F-15 Møre og Romsdal,M,88 years,88,F-15,Møre og Romsdal,2018,285
F-15 Møre og Romsdal,M,89 years,89,F-15,Møre og Romsdal,2018,248
F-15 Møre og Romsdal,M,90 years,90,F-15,Møre og Romsdal,2018,184
F-15 Møre og Romsdal,M,91 years,91,F-15,Møre og Romsdal,2018,163
F-15 Møre og Romsdal,M,92 years,92,F-15,Møre og Romsdal,2018,121
F-15 Møre og Romsdal,M,93 years,93,F-15,Møre og Romsdal,2018,101
F-15 Møre og Romsdal,M,94 years,94,F-15,Møre og Romsdal,2018,59
F-15 Møre og Romsdal,M,95 years,95,F-15,Møre og Romsdal,2018,59
F-15 Møre og Romsdal,M,96 years,96,F-15,Møre og Romsdal,2018,29
F-15 Møre og Romsdal,M,97 years,97,F-15,Møre og Romsdal,2018,22
F-15 Møre og Romsdal,M,98 years,98,F-15,Møre og Romsdal,2018,18
F-15 Møre og Romsdal,M,99 years,99,F-15,Møre og Romsdal,2018,6
F-15 Møre og Romsdal,M,100 years,100,F-15,Møre og Romsdal,2018,4
F-15 Møre og Romsdal,M,101 years,101,F-15,Møre og Romsdal,2018,3
F-15 Møre og Romsdal,M,102 years,102,F-15,Møre og Romsdal,2018,2
F-15 Møre og Romsdal,M,103 years,103,F-15,Møre og Romsdal,2018,0
F-15 Møre og Romsdal,M,104 years,104,F-15,Møre og Romsdal,2018,0
F-15 Møre og Romsdal,M,105 years or older,105,F-15,Møre og Romsdal,2018,0
F-50 Trøndelag - Trööndelage,F,0 years,0,F-50,Trøndelag,2018,2467
F-50 Trøndelag - Trööndelage,F,1 year,1,F-50,Trøndelag,2018,2458
F-50 Trøndelag - Trööndelage,F,2 years,2,F-50,Trøndelag,2018,2562
F-50 Trøndelag - Trööndelage,F,3 years,3,F-50,Trøndelag,2018,2601
F-50 Trøndelag - Trööndelage,F,4 years,4,F-50,Trøndelag,2018,2657
F-50 Trøndelag - Trööndelage,F,5 years,5,F-50,Trøndelag,2018,2567
F-50 Trøndelag - Trööndelage,F,6 years,6,F-50,Trøndelag,2018,2632
F-50 Trøndelag - Trööndelage,F,7 years,7,F-50,Trøndelag,2018,2779
F-50 Trøndelag - Trööndelage,F,8 years,8,F-50,Trøndelag,2018,2754
F-50 Trøndelag - Trööndelage,F,9 years,9,F-50,Trøndelag,2018,2716
F-50 Trøndelag - Trööndelage,F,10 years,10,F-50,Trøndelag,2018,2660
F-50 Trøndelag - Trööndelage,F,11 years,11,F-50,Trøndelag,2018,2630
F-50 Trøndelag - Trööndelage,F,12 years,12,F-50,Trøndelag,2018,2694
F-50 Trøndelag - Trööndelage,F,13 years,13,F-50,Trøndelag,2018,2588
F-50 Trøndelag - Trööndelage,F,14 years,14,F-50,Trøndelag,2018,2612
F-50 Trøndelag - Trööndelage,F,15 years,15,F-50,Trøndelag,2018,2517
F-50 Trøndelag - Trööndelage,F,16 years,16,F-50,Trøndelag,2018,2692
F-50 Trøndelag - Trööndelage,F,17 years,17,F-50,Trøndelag,2018,2776
F-50 Trøndelag - Trööndelage,F,18 years,18,F-50,Trøndelag,2018,2757
F-50 Trøndelag - Trööndelage,F,19 years,19,F-50,Trøndelag,2018,2937
F-50 Trøndelag - Trööndelage,F,20 years,20,F-50,Trøndelag,2018,2984
F-50 Trøndelag - Trööndelage,F,21 years,21,F-50,Trøndelag,2018,3297
F-50 Trøndelag - Trööndelage,F,22 years,22,F-50,Trøndelag,2018,3204
F-50 Trøndelag - Trööndelage,F,23 years,23,F-50,Trøndelag,2018,3348
F-50 Trøndelag - Trööndelage,F,24 years,24,F-50,Trøndelag,2018,3337
F-50 Trøndelag - Trööndelage,F,25 years,25,F-50,Trøndelag,2018,3331
F-50 Trøndelag - Trööndelage,F,26 years,26,F-50,Trøndelag,2018,3304
F-50 Trøndelag - Trööndelage,F,27 years,27,F-50,Trøndelag,2018,3387
F-50 Trøndelag - Trööndelage,F,28 years,28,F-50,Trøndelag,2018,3158
F-50 Trøndelag - Trööndelage,F,29 years,29,F-50,Trøndelag,2018,3189
F-50 Trøndelag - Trööndelage,F,30 years,30,F-50,Trøndelag,2018,2937
F-50 Trøndelag - Trööndelage,F,31 years,31,F-50,Trøndelag,2018,2977
F-50 Trøndelag - Trööndelage,F,32 years,32,F-50,Trøndelag,2018,2968
F-50 Trøndelag - Trööndelage,F,33 years,33,F-50,Trøndelag,2018,2911
F-50 Trøndelag - Trööndelage,F,34 years,34,F-50,Trøndelag,2018,2781
F-50 Trøndelag - Trööndelage,F,35 years,35,F-50,Trøndelag,2018,2870
F-50 Trøndelag - Trööndelage,F,36 years,36,F-50,Trøndelag,2018,2771
F-50 Trøndelag - Trööndelage,F,37 years,37,F-50,Trøndelag,2018,2755
F-50 Trøndelag - Trööndelage,F,38 years,38,F-50,Trøndelag,2018,2689
F-50 Trøndelag - Trööndelage,F,39 years,39,F-50,Trøndelag,2018,2707
F-50 Trøndelag - Trööndelage,F,40 years,40,F-50,Trøndelag,2018,2638
F-50 Trøndelag - Trööndelage,F,41 years,41,F-50,Trøndelag,2018,2682
F-50 Trøndelag - Trööndelage,F,42 years,42,F-50,Trøndelag,2018,2812
F-50 Trøndelag - Trööndelage,F,43 years,43,F-50,Trøndelag,2018,2963
F-50 Trøndelag - Trööndelage,F,44 years,44,F-50,Trøndelag,2018,2994
F-50 Trøndelag - Trööndelage,F,45 years,45,F-50,Trøndelag,2018,3039
F-50 Trøndelag - Trööndelage,F,46 years,46,F-50,Trøndelag,2018,3074
F-50 Trøndelag - Trööndelage,F,47 years,47,F-50,Trøndelag,2018,3112
F-50 Trøndelag - Trööndelage,F,48 years,48,F-50,Trøndelag,2018,3170
F-50 Trøndelag - Trööndelage,F,49 years,49,F-50,Trøndelag,2018,3253
F-50 Trøndelag - Trööndelage,F,50 years,50,F-50,Trøndelag,2018,3033
F-50 Trøndelag - Trööndelage,F,51 years,51,F-50,Trøndelag,2018,3083
F-50 Trøndelag - Trööndelage,F,52 years,52,F-50,Trøndelag,2018,3063
F-50 Trøndelag - Trööndelage,F,53 years,53,F-50,Trøndelag,2018,2903
F-50 Trøndelag - Trööndelage,F,54 years,54,F-50,Trøndelag,2018,2834
F-50 Trøndelag - Trööndelage,F,55 years,55,F-50,Trøndelag,2018,2713
F-50 Trøndelag - Trööndelage,F,56 years,56,F-50,Trøndelag,2018,2719
F-50 Trøndelag - Trööndelage,F,57 years,57,F-50,Trøndelag,2018,2703
F-50 Trøndelag - Trööndelage,F,58 years,58,F-50,Trøndelag,2018,2658
F-50 Trøndelag - Trööndelage,F,59 years,59,F-50,Trøndelag,2018,2589
F-50 Trøndelag - Trööndelage,F,60 years,60,F-50,Trøndelag,2018,2597
F-50 Trøndelag - Trööndelage,F,61 years,61,F-50,Trøndelag,2018,2691
F-50 Trøndelag - Trööndelage,F,62 years,62,F-50,Trøndelag,2018,2703
F-50 Trøndelag - Trööndelage,F,63 years,63,F-50,Trøndelag,2018,2579
F-50 Trøndelag - Trööndelage,F,64 years,64,F-50,Trøndelag,2018,2567
F-50 Trøndelag - Trööndelage,F,65 years,65,F-50,Trøndelag,2018,2483
F-50 Trøndelag - Trööndelage,F,66 years,66,F-50,Trøndelag,2018,2402
F-50 Trøndelag - Trööndelage,F,67 years,67,F-50,Trøndelag,2018,2372
F-50 Trøndelag - Trööndelage,F,68 years,68,F-50,Trøndelag,2018,2303
F-50 Trøndelag - Trööndelage,F,69 years,69,F-50,Trøndelag,2018,2425
F-50 Trøndelag - Trööndelage,F,70 years,70,F-50,Trøndelag,2018,2354
F-50 Trøndelag - Trööndelage,F,71 years,71,F-50,Trøndelag,2018,2475
F-50 Trøndelag - Trööndelage,F,72 years,72,F-50,Trøndelag,2018,2321
F-50 Trøndelag - Trööndelage,F,73 years,73,F-50,Trøndelag,2018,2099
F-50 Trøndelag - Trööndelage,F,74 years,74,F-50,Trøndelag,2018,1917
F-50 Trøndelag - Trööndelage,F,75 years,75,F-50,Trøndelag,2018,1747
F-50 Trøndelag - Trööndelage,F,76 years,76,F-50,Trøndelag,2018,1529
F-50 Trøndelag - Trööndelage,F,77 years,77,F-50,Trøndelag,2018,1460
F-50 Trøndelag - Trööndelage,F,78 years,78,F-50,Trøndelag,2018,1452
F-50 Trøndelag - Trööndelage,F,79 years,79,F-50,Trøndelag,2018,1275
F-50 Trøndelag - Trööndelage,F,80 years,80,F-50,Trøndelag,2018,1134
F-50 Trøndelag - Trööndelage,F,81 years,81,F-50,Trøndelag,2018,1114
F-50 Trøndelag - Trööndelage,F,82 years,82,F-50,Trøndelag,2018,1097
F-50 Trøndelag - Trööndelage,F,83 years,83,F-50,Trøndelag,2018,1048
F-50 Trøndelag - Trööndelage,F,84 years,84,F-50,Trøndelag,2018,911
F-50 Trøndelag - Trööndelage,F,85 years,85,F-50,Trøndelag,2018,947
F-50 Trøndelag - Trööndelage,F,86 years,86,F-50,Trøndelag,2018,874
F-50 Trøndelag - Trööndelage,F,87 years,87,F-50,Trøndelag,2018,771
F-50 Trøndelag - Trööndelage,F,88 years,88,F-50,Trøndelag,2018,693
F-50 Trøndelag - Trööndelage,F,89 years,89,F-50,Trøndelag,2018,700
F-50 Trøndelag - Trööndelage,F,90 years,90,F-50,Trøndelag,2018,555
F-50 Trøndelag - Trööndelage,F,91 years,91,F-50,Trøndelag,2018,544
F-50 Trøndelag - Trööndelage,F,92 years,92,F-50,Trøndelag,2018,387
F-50 Trøndelag - Trööndelage,F,93 years,93,F-50,Trøndelag,2018,351
F-50 Trøndelag - Trööndelage,F,94 years,94,F-50,Trøndelag,2018,258
F-50 Trøndelag - Trööndelage,F,95 years,95,F-50,Trøndelag,2018,230
F-50 Trøndelag - Trööndelage,F,96 years,96,F-50,Trøndelag,2018,147
F-50 Trøndelag - Trööndelage,F,97 years,97,F-50,Trøndelag,2018,103
F-50 Trøndelag - Trööndelage,F,98 years,98,F-50,Trøndelag,2018,59
F-50 Trøndelag - Trööndelage,F,99 years,99,F-50,Trøndelag,2018,42
F-50 Trøndelag - Trööndelage,F,100 years,100,F-50,Trøndelag,2018,28
F-50 Trøndelag - Trööndelage,F,101 years,101,F-50,Trøndelag,2018,20
F-50 Trøndelag - Trööndelage,F,102 years,102,F-50,Trøndelag,2018,12
F-50 Trøndelag - Trööndelage,F,103 years,103,F-50,Trøndelag,2018,4
F-50 Trøndelag - Trööndelage,F,104 years,104,F-50,Trøndelag,2018,3
F-50 Trøndelag - Trööndelage,F,105 years or older,105,F-50,Trøndelag,2018,1
F-50 Trøndelag - Trööndelage,M,0 years,0,F-50,Trøndelag,2018,2505
F-50 Trøndelag - Trööndelage,M,1 year,1,F-50,Trøndelag,2018,2742
F-50 Trøndelag - Trööndelage,M,2 years,2,F-50,Trøndelag,2018,2702
F-50 Trøndelag - Trööndelage,M,3 years,3,F-50,Trøndelag,2018,2706
F-50 Trøndelag - Trööndelage,M,4 years,4,F-50,Trøndelag,2018,2756
F-50 Trøndelag - Trööndelage,M,5 years,5,F-50,Trøndelag,2018,2704
F-50 Trøndelag - Trööndelage,M,6 years,6,F-50,Trøndelag,2018,2858
F-50 Trøndelag - Trööndelage,M,7 years,7,F-50,Trøndelag,2018,2877
F-50 Trøndelag - Trööndelage,M,8 years,8,F-50,Trøndelag,2018,2917
F-50 Trøndelag - Trööndelage,M,9 years,9,F-50,Trøndelag,2018,2898
F-50 Trøndelag - Trööndelage,M,10 years,10,F-50,Trøndelag,2018,2784
F-50 Trøndelag - Trööndelage,M,11 years,11,F-50,Trøndelag,2018,2859
F-50 Trøndelag - Trööndelage,M,12 years,12,F-50,Trøndelag,2018,2720
F-50 Trøndelag - Trööndelage,M,13 years,13,F-50,Trøndelag,2018,2771
F-50 Trøndelag - Trööndelage,M,14 years,14,F-50,Trøndelag,2018,2717
F-50 Trøndelag - Trööndelage,M,15 years,15,F-50,Trøndelag,2018,2760
F-50 Trøndelag - Trööndelage,M,16 years,16,F-50,Trøndelag,2018,2852
F-50 Trøndelag - Trööndelage,M,17 years,17,F-50,Trøndelag,2018,3042
F-50 Trøndelag - Trööndelage,M,18 years,18,F-50,Trøndelag,2018,2978
F-50 Trøndelag - Trööndelage,M,19 years,19,F-50,Trøndelag,2018,3127
F-50 Trøndelag - Trööndelage,M,20 years,20,F-50,Trøndelag,2018,3373
F-50 Trøndelag - Trööndelage,M,21 years,21,F-50,Trøndelag,2018,3518
F-50 Trøndelag - Trööndelage,M,22 years,22,F-50,Trøndelag,2018,3559
F-50 Trøndelag - Trööndelage,M,23 years,23,F-50,Trøndelag,2018,3707
F-50 Trøndelag - Trööndelage,M,24 years,24,F-50,Trøndelag,2018,3728
F-50 Trøndelag - Trööndelage,M,25 years,25,F-50,Trøndelag,2018,3753
F-50 Trøndelag - Trööndelage,M,26 years,26,F-50,Trøndelag,2018,3749
F-50 Trøndelag - Trööndelage,M,27 years,27,F-50,Trøndelag,2018,3679
F-50 Trøndelag - Trööndelage,M,28 years,28,F-50,Trøndelag,2018,3643
F-50 Trøndelag - Trööndelage,M,29 years,29,F-50,Trøndelag,2018,3514
F-50 Trøndelag - Trööndelage,M,30 years,30,F-50,Trøndelag,2018,3293
F-50 Trøndelag - Trööndelage,M,31 years,31,F-50,Trøndelag,2018,3306
F-50 Trøndelag - Trööndelage,M,32 years,32,F-50,Trøndelag,2018,3152
F-50 Trøndelag - Trööndelage,M,33 years,33,F-50,Trøndelag,2018,2988
F-50 Trøndelag - Trööndelage,M,34 years,34,F-50,Trøndelag,2018,3082
F-50 Trøndelag - Trööndelage,M,35 years,35,F-50,Trøndelag,2018,3049
F-50 Trøndelag - Trööndelage,M,36 years,36,F-50,Trøndelag,2018,2917
F-50 Trøndelag - Trööndelage,M,37 years,37,F-50,Trøndelag,2018,3023
F-50 Trøndelag - Trööndelage,M,38 years,38,F-50,Trøndelag,2018,3021
F-50 Trøndelag - Trööndelage,M,39 years,39,F-50,Trøndelag,2018,2886
F-50 Trøndelag - Trööndelage,M,40 years,40,F-50,Trøndelag,2018,2831
F-50 Trøndelag - Trööndelage,M,41 years,41,F-50,Trøndelag,2018,2846
F-50 Trøndelag - Trööndelage,M,42 years,42,F-50,Trøndelag,2018,2893
F-50 Trøndelag - Trööndelage,M,43 years,43,F-50,Trøndelag,2018,3117
F-50 Trøndelag - Trööndelage,M,44 years,44,F-50,Trøndelag,2018,3204
F-50 Trøndelag - Trööndelage,M,45 years,45,F-50,Trøndelag,2018,3279
F-50 Trøndelag - Trööndelage,M,46 years,46,F-50,Trøndelag,2018,3282
F-50 Trøndelag - Trööndelage,M,47 years,47,F-50,Trøndelag,2018,3124
F-50 Trøndelag - Trööndelage,M,48 years,48,F-50,Trøndelag,2018,3327
F-50 Trøndelag - Trööndelage,M,49 years,49,F-50,Trøndelag,2018,3346
F-50 Trøndelag - Trööndelage,M,50 years,50,F-50,Trøndelag,2018,3155
F-50 Trøndelag - Trööndelage,M,51 years,51,F-50,Trøndelag,2018,3237
F-50 Trøndelag - Trööndelage,M,52 years,52,F-50,Trøndelag,2018,3236
F-50 Trøndelag - Trööndelage,M,53 years,53,F-50,Trøndelag,2018,3066
F-50 Trøndelag - Trööndelage,M,54 years,54,F-50,Trøndelag,2018,2966
F-50 Trøndelag - Trööndelage,M,55 years,55,F-50,Trøndelag,2018,2942
F-50 Trøndelag - Trööndelage,M,56 years,56,F-50,Trøndelag,2018,2751
F-50 Trøndelag - Trööndelage,M,57 years,57,F-50,Trøndelag,2018,2678
F-50 Trøndelag - Trööndelage,M,58 years,58,F-50,Trøndelag,2018,2790
F-50 Trøndelag - Trööndelage,M,59 years,59,F-50,Trøndelag,2018,2813
F-50 Trøndelag - Trööndelage,M,60 years,60,F-50,Trøndelag,2018,2743
F-50 Trøndelag - Trööndelage,M,61 years,61,F-50,Trøndelag,2018,2722
F-50 Trøndelag - Trööndelage,M,62 years,62,F-50,Trøndelag,2018,2637
F-50 Trøndelag - Trööndelage,M,63 years,63,F-50,Trøndelag,2018,2581
F-50 Trøndelag - Trööndelage,M,64 years,64,F-50,Trøndelag,2018,2469
F-50 Trøndelag - Trööndelage,M,65 years,65,F-50,Trøndelag,2018,2544
F-50 Trøndelag - Trööndelage,M,66 years,66,F-50,Trøndelag,2018,2480
F-50 Trøndelag - Trööndelage,M,67 years,67,F-50,Trøndelag,2018,2387
F-50 Trøndelag - Trööndelage,M,68 years,68,F-50,Trøndelag,2018,2395
F-50 Trøndelag - Trööndelage,M,69 years,69,F-50,Trøndelag,2018,2426
F-50 Trøndelag - Trööndelage,M,70 years,70,F-50,Trøndelag,2018,2319
F-50 Trøndelag - Trööndelage,M,71 years,71,F-50,Trøndelag,2018,2367
F-50 Trøndelag - Trööndelage,M,72 years,72,F-50,Trøndelag,2018,2163
F-50 Trøndelag - Trööndelage,M,73 years,73,F-50,Trøndelag,2018,1976
F-50 Trøndelag - Trööndelage,M,74 years,74,F-50,Trøndelag,2018,1854
F-50 Trøndelag - Trööndelage,M,75 years,75,F-50,Trøndelag,2018,1639
F-50 Trøndelag - Trööndelage,M,76 years,76,F-50,Trøndelag,2018,1490
F-50 Trøndelag - Trööndelage,M,77 years,77,F-50,Trøndelag,2018,1334
F-50 Trøndelag - Trööndelage,M,78 years,78,F-50,Trøndelag,2018,1199
F-50 Trøndelag - Trööndelage,M,79 years,79,F-50,Trøndelag,2018,1088
F-50 Trøndelag - Trööndelage,M,80 years,80,F-50,Trøndelag,2018,984
F-50 Trøndelag - Trööndelage,M,81 years,81,F-50,Trøndelag,2018,901
F-50 Trøndelag - Trööndelage,M,82 years,82,F-50,Trøndelag,2018,778
F-50 Trøndelag - Trööndelage,M,83 years,83,F-50,Trøndelag,2018,748
F-50 Trøndelag - Trööndelage,M,84 years,84,F-50,Trøndelag,2018,682
F-50 Trøndelag - Trööndelage,M,85 years,85,F-50,Trøndelag,2018,618
F-50 Trøndelag - Trööndelage,M,86 years,86,F-50,Trøndelag,2018,525
F-50 Trøndelag - Trööndelage,M,87 years,87,F-50,Trøndelag,2018,503
F-50 Trøndelag - Trööndelage,M,88 years,88,F-50,Trøndelag,2018,417
F-50 Trøndelag - Trööndelage,M,89 years,89,F-50,Trøndelag,2018,378
F-50 Trøndelag - Trööndelage,M,90 years,90,F-50,Trøndelag,2018,292
F-50 Trøndelag - Trööndelage,M,91 years,91,F-50,Trøndelag,2018,265
F-50 Trøndelag - Trööndelage,M,92 years,92,F-50,Trøndelag,2018,164
F-50 Trøndelag - Trööndelage,M,93 years,93,F-50,Trøndelag,2018,147
F-50 Trøndelag - Trööndelage,M,94 years,94,F-50,Trøndelag,2018,107
F-50 Trøndelag - Trööndelage,M,95 years,95,F-50,Trøndelag,2018,59
F-50 Trøndelag - Trööndelage,M,96 years,96,F-50,Trøndelag,2018,32
F-50 Trøndelag - Trööndelage,M,97 years,97,F-50,Trøndelag,2018,31
F-50 Trøndelag - Trööndelage,M,98 years,98,F-50,Trøndelag,2018,14
F-50 Trøndelag - Trööndelage,M,99 years,99,F-50,Trøndelag,2018,10
F-50 Trøndelag - Trööndelage,M,100 years,100,F-50,Trøndelag,2018,4
F-50 Trøndelag - Trööndelage,M,101 years,101,F-50,Trøndelag,2018,1
F-50 Trøndelag - Trööndelage,M,102 years,102,F-50,Trøndelag,2018,1
F-50 Trøndelag - Trööndelage,M,103 years,103,F-50,Trøndelag,2018,2
F-50 Trøndelag - Trööndelage,M,104 years,104,F-50,Trøndelag,2018,0
F-50 Trøndelag - Trööndelage,M,105 years or older,105,F-50,Trøndelag,2018,0
F-15 Møre og Romsdal,F,0 years,0,F-15,Møre og Romsdal,2019,1278
F-15 Møre og Romsdal,F,1 year,1,F-15,Møre og Romsdal,2019,1364
F-15 Møre og Romsdal,F,2 years,2,F-15,Møre og Romsdal,2019,1403
F-15 Møre og Romsdal,F,3 years,3,F-15,Møre og Romsdal,2019,1435
F-15 Møre og Romsdal,F,4 years,4,F-15,Møre og Romsdal,2019,1379
F-15 Møre og Romsdal,F,5 years,5,F-15,Møre og Romsdal,2019,1460
F-15 Møre og Romsdal,F,6 years,6,F-15,Møre og Romsdal,2019,1536
F-15 Møre og Romsdal,F,7 years,7,F-15,Møre og Romsdal,2019,1547
F-15 Møre og Romsdal,F,8 years,8,F-15,Møre og Romsdal,2019,1589
F-15 Møre og Romsdal,F,9 years,9,F-15,Møre og Romsdal,2019,1649
F-15 Møre og Romsdal,F,10 years,10,F-15,Møre og Romsdal,2019,1608
F-15 Møre og Romsdal,F,11 years,11,F-15,Møre og Romsdal,2019,1606
F-15 Møre og Romsdal,F,12 years,12,F-15,Møre og Romsdal,2019,1609
F-15 Møre og Romsdal,F,13 years,13,F-15,Møre og Romsdal,2019,1608
F-15 Møre og Romsdal,F,14 years,14,F-15,Møre og Romsdal,2019,1651
F-15 Møre og Romsdal,F,15 years,15,F-15,Møre og Romsdal,2019,1580
F-15 Møre og Romsdal,F,16 years,16,F-15,Møre og Romsdal,2019,1593
F-15 Møre og Romsdal,F,17 years,17,F-15,Møre og Romsdal,2019,1651
F-15 Møre og Romsdal,F,18 years,18,F-15,Møre og Romsdal,2019,1656
F-15 Møre og Romsdal,F,19 years,19,F-15,Møre og Romsdal,2019,1676
F-15 Møre og Romsdal,F,20 years,20,F-15,Møre og Romsdal,2019,1544
F-15 Møre og Romsdal,F,21 years,21,F-15,Møre og Romsdal,2019,1556
F-15 Møre og Romsdal,F,22 years,22,F-15,Møre og Romsdal,2019,1558
F-15 Møre og Romsdal,F,23 years,23,F-15,Møre og Romsdal,2019,1431
F-15 Møre og Romsdal,F,24 years,24,F-15,Møre og Romsdal,2019,1522
F-15 Møre og Romsdal,F,25 years,25,F-15,Møre og Romsdal,2019,1458
F-15 Møre og Romsdal,F,26 years,26,F-15,Møre og Romsdal,2019,1473
F-15 Møre og Romsdal,F,27 years,27,F-15,Møre og Romsdal,2019,1552
F-15 Møre og Romsdal,F,28 years,28,F-15,Møre og Romsdal,2019,1566
F-15 Møre og Romsdal,F,29 years,29,F-15,Møre og Romsdal,2019,1581
F-15 Møre og Romsdal,F,30 years,30,F-15,Møre og Romsdal,2019,1554
F-15 Møre og Romsdal,F,31 years,31,F-15,Møre og Romsdal,2019,1575
F-15 Møre og Romsdal,F,32 years,32,F-15,Møre og Romsdal,2019,1547
F-15 Møre og Romsdal,F,33 years,33,F-15,Møre og Romsdal,2019,1576
F-15 Møre og Romsdal,F,34 years,34,F-15,Møre og Romsdal,2019,1568
F-15 Møre og Romsdal,F,35 years,35,F-15,Møre og Romsdal,2019,1582
F-15 Møre og Romsdal,F,36 years,36,F-15,Møre og Romsdal,2019,1577
F-15 Møre og Romsdal,F,37 years,37,F-15,Møre og Romsdal,2019,1544
F-15 Møre og Romsdal,F,38 years,38,F-15,Møre og Romsdal,2019,1585
F-15 Møre og Romsdal,F,39 years,39,F-15,Møre og Romsdal,2019,1557
F-15 Møre og Romsdal,F,40 years,40,F-15,Møre og Romsdal,2019,1531
F-15 Møre og Romsdal,F,41 years,41,F-15,Møre og Romsdal,2019,1545
F-15 Møre og Romsdal,F,42 years,42,F-15,Møre og Romsdal,2019,1520
F-15 Møre og Romsdal,F,43 years,43,F-15,Møre og Romsdal,2019,1535
F-15 Møre og Romsdal,F,44 years,44,F-15,Møre og Romsdal,2019,1660
F-15 Møre og Romsdal,F,45 years,45,F-15,Møre og Romsdal,2019,1583
F-15 Møre og Romsdal,F,46 years,46,F-15,Møre og Romsdal,2019,1756
F-15 Møre og Romsdal,F,47 years,47,F-15,Møre og Romsdal,2019,1783
F-15 Møre og Romsdal,F,48 years,48,F-15,Møre og Romsdal,2019,1788
F-15 Møre og Romsdal,F,49 years,49,F-15,Møre og Romsdal,2019,1870
F-15 Møre og Romsdal,F,50 years,50,F-15,Møre og Romsdal,2019,1850
F-15 Møre og Romsdal,F,51 years,51,F-15,Møre og Romsdal,2019,1703
F-15 Møre og Romsdal,F,52 years,52,F-15,Møre og Romsdal,2019,1665
F-15 Møre og Romsdal,F,53 years,53,F-15,Møre og Romsdal,2019,1609
F-15 Møre og Romsdal,F,54 years,54,F-15,Møre og Romsdal,2019,1596
F-15 Møre og Romsdal,F,55 years,55,F-15,Møre og Romsdal,2019,1542
F-15 Møre og Romsdal,F,56 years,56,F-15,Møre og Romsdal,2019,1556
F-15 Møre og Romsdal,F,57 years,57,F-15,Møre og Romsdal,2019,1610
F-15 Møre og Romsdal,F,58 years,58,F-15,Møre og Romsdal,2019,1638
F-15 Møre og Romsdal,F,59 years,59,F-15,Møre og Romsdal,2019,1634
F-15 Møre og Romsdal,F,60 years,60,F-15,Møre og Romsdal,2019,1617
F-15 Møre og Romsdal,F,61 years,61,F-15,Møre og Romsdal,2019,1584
F-15 Møre og Romsdal,F,62 years,62,F-15,Møre og Romsdal,2019,1748
F-15 Møre og Romsdal,F,63 years,63,F-15,Møre og Romsdal,2019,1588
F-15 Møre og Romsdal,F,64 years,64,F-15,Møre og Romsdal,2019,1602
F-15 Møre og Romsdal,F,65 years,65,F-15,Møre og Romsdal,2019,1548
F-15 Møre og Romsdal,F,66 years,66,F-15,Møre og Romsdal,2019,1580
F-15 Møre og Romsdal,F,67 years,67,F-15,Møre og Romsdal,2019,1436
F-15 Møre og Romsdal,F,68 years,68,F-15,Møre og Romsdal,2019,1543
F-15 Møre og Romsdal,F,69 years,69,F-15,Møre og Romsdal,2019,1443
F-15 Møre og Romsdal,F,70 years,70,F-15,Møre og Romsdal,2019,1432
F-15 Møre og Romsdal,F,71 years,71,F-15,Møre og Romsdal,2019,1411
F-15 Møre og Romsdal,F,72 years,72,F-15,Møre og Romsdal,2019,1418
F-15 Møre og Romsdal,F,73 years,73,F-15,Møre og Romsdal,2019,1285
F-15 Møre og Romsdal,F,74 years,74,F-15,Møre og Romsdal,2019,1245
F-15 Møre og Romsdal,F,75 years,75,F-15,Møre og Romsdal,2019,1104
F-15 Møre og Romsdal,F,76 years,76,F-15,Møre og Romsdal,2019,989
F-15 Møre og Romsdal,F,77 years,77,F-15,Møre og Romsdal,2019,900
F-15 Møre og Romsdal,F,78 years,78,F-15,Møre og Romsdal,2019,821
F-15 Møre og Romsdal,F,79 years,79,F-15,Møre og Romsdal,2019,844
F-15 Møre og Romsdal,F,80 years,80,F-15,Møre og Romsdal,2019,719
F-15 Møre og Romsdal,F,81 years,81,F-15,Møre og Romsdal,2019,713
F-15 Møre og Romsdal,F,82 years,82,F-15,Møre og Romsdal,2019,670
F-15 Møre og Romsdal,F,83 years,83,F-15,Møre og Romsdal,2019,637
F-15 Møre og Romsdal,F,84 years,84,F-15,Møre og Romsdal,2019,600
F-15 Møre og Romsdal,F,85 years,85,F-15,Møre og Romsdal,2019,599
F-15 Møre og Romsdal,F,86 years,86,F-15,Møre og Romsdal,2019,565
F-15 Møre og Romsdal,F,87 years,87,F-15,Møre og Romsdal,2019,496
F-15 Møre og Romsdal,F,88 years,88,F-15,Møre og Romsdal,2019,530
F-15 Møre og Romsdal,F,89 years,89,F-15,Møre og Romsdal,2019,434
F-15 Møre og Romsdal,F,90 years,90,F-15,Møre og Romsdal,2019,425
F-15 Møre og Romsdal,F,91 years,91,F-15,Møre og Romsdal,2019,376
F-15 Møre og Romsdal,F,92 years,92,F-15,Møre og Romsdal,2019,294
F-15 Møre og Romsdal,F,93 years,93,F-15,Møre og Romsdal,2019,237
F-15 Møre og Romsdal,F,94 years,94,F-15,Møre og Romsdal,2019,218
F-15 Møre og Romsdal,F,95 years,95,F-15,Møre og Romsdal,2019,145
F-15 Møre og Romsdal,F,96 years,96,F-15,Møre og Romsdal,2019,108
F-15 Møre og Romsdal,F,97 years,97,F-15,Møre og Romsdal,2019,97
F-15 Møre og Romsdal,F,98 years,98,F-15,Møre og Romsdal,2019,62
F-15 Møre og Romsdal,F,99 years,99,F-15,Møre og Romsdal,2019,45
F-15 Møre og Romsdal,F,100 years,100,F-15,Møre og Romsdal,2019,18
F-15 Møre og Romsdal,F,101 years,101,F-15,Møre og Romsdal,2019,12
F-15 Møre og Romsdal,F,102 years,102,F-15,Møre og Romsdal,2019,10
F-15 Møre og Romsdal,F,103 years,103,F-15,Møre og Romsdal,2019,6
F-15 Møre og Romsdal,F,104 years,104,F-15,Møre og Romsdal,2019,4
F-15 Møre og Romsdal,F,105 years or older,105,F-15,Møre og Romsdal,2019,1
F-15 Møre og Romsdal,M,0 years,0,F-15,Møre og Romsdal,2019,1389
F-15 Møre og Romsdal,M,1 year,1,F-15,Møre og Romsdal,2019,1388
F-15 Møre og Romsdal,M,2 years,2,F-15,Møre og Romsdal,2019,1438
F-15 Møre og Romsdal,M,3 years,3,F-15,Møre og Romsdal,2019,1453
F-15 Møre og Romsdal,M,4 years,4,F-15,Møre og Romsdal,2019,1521
F-15 Møre og Romsdal,M,5 years,5,F-15,Møre og Romsdal,2019,1541
F-15 Møre og Romsdal,M,6 years,6,F-15,Møre og Romsdal,2019,1589
F-15 Møre og Romsdal,M,7 years,7,F-15,Møre og Romsdal,2019,1628
F-15 Møre og Romsdal,M,8 years,8,F-15,Møre og Romsdal,2019,1599
F-15 Møre og Romsdal,M,9 years,9,F-15,Møre og Romsdal,2019,1771
F-15 Møre og Romsdal,M,10 years,10,F-15,Møre og Romsdal,2019,1668
F-15 Møre og Romsdal,M,11 years,11,F-15,Møre og Romsdal,2019,1692
F-15 Møre og Romsdal,M,12 years,12,F-15,Møre og Romsdal,2019,1639
F-15 Møre og Romsdal,M,13 years,13,F-15,Møre og Romsdal,2019,1624
F-15 Møre og Romsdal,M,14 years,14,F-15,Møre og Romsdal,2019,1732
F-15 Møre og Romsdal,M,15 years,15,F-15,Møre og Romsdal,2019,1733
F-15 Møre og Romsdal,M,16 years,16,F-15,Møre og Romsdal,2019,1633
F-15 Møre og Romsdal,M,17 years,17,F-15,Møre og Romsdal,2019,1750
F-15 Møre og Romsdal,M,18 years,18,F-15,Møre og Romsdal,2019,1837
F-15 Møre og Romsdal,M,19 years,19,F-15,Møre og Romsdal,2019,1846
F-15 Møre og Romsdal,M,20 years,20,F-15,Møre og Romsdal,2019,1757
F-15 Møre og Romsdal,M,21 years,21,F-15,Møre og Romsdal,2019,1738
F-15 Møre og Romsdal,M,22 years,22,F-15,Møre og Romsdal,2019,1786
F-15 Møre og Romsdal,M,23 years,23,F-15,Møre og Romsdal,2019,1745
F-15 Møre og Romsdal,M,24 years,24,F-15,Møre og Romsdal,2019,1676
F-15 Møre og Romsdal,M,25 years,25,F-15,Møre og Romsdal,2019,1643
F-15 Møre og Romsdal,M,26 years,26,F-15,Møre og Romsdal,2019,1612
F-15 Møre og Romsdal,M,27 years,27,F-15,Møre og Romsdal,2019,1746
F-15 Møre og Romsdal,M,28 years,28,F-15,Møre og Romsdal,2019,1697
F-15 Møre og Romsdal,M,29 years,29,F-15,Møre og Romsdal,2019,1676
F-15 Møre og Romsdal,M,30 years,30,F-15,Møre og Romsdal,2019,1739
F-15 Møre og Romsdal,M,31 years,31,F-15,Møre og Romsdal,2019,1653
F-15 Møre og Romsdal,M,32 years,32,F-15,Møre og Romsdal,2019,1759
F-15 Møre og Romsdal,M,33 years,33,F-15,Møre og Romsdal,2019,1703
F-15 Møre og Romsdal,M,34 years,34,F-15,Møre og Romsdal,2019,1758
F-15 Møre og Romsdal,M,35 years,35,F-15,Møre og Romsdal,2019,1807
F-15 Møre og Romsdal,M,36 years,36,F-15,Møre og Romsdal,2019,1717
F-15 Møre og Romsdal,M,37 years,37,F-15,Møre og Romsdal,2019,1678
F-15 Møre og Romsdal,M,38 years,38,F-15,Møre og Romsdal,2019,1708
F-15 Møre og Romsdal,M,39 years,39,F-15,Møre og Romsdal,2019,1733
F-15 Møre og Romsdal,M,40 years,40,F-15,Møre og Romsdal,2019,1612
F-15 Møre og Romsdal,M,41 years,41,F-15,Møre og Romsdal,2019,1603
F-15 Møre og Romsdal,M,42 years,42,F-15,Møre og Romsdal,2019,1683
F-15 Møre og Romsdal,M,43 years,43,F-15,Møre og Romsdal,2019,1647
F-15 Møre og Romsdal,M,44 years,44,F-15,Møre og Romsdal,2019,1778
F-15 Møre og Romsdal,M,45 years,45,F-15,Møre og Romsdal,2019,1898
F-15 Møre og Romsdal,M,46 years,46,F-15,Møre og Romsdal,2019,1948
F-15 Møre og Romsdal,M,47 years,47,F-15,Møre og Romsdal,2019,1881
F-15 Møre og Romsdal,M,48 years,48,F-15,Møre og Romsdal,2019,1912
F-15 Møre og Romsdal,M,49 years,49,F-15,Møre og Romsdal,2019,1941
F-15 Møre og Romsdal,M,50 years,50,F-15,Møre og Romsdal,2019,1949
F-15 Møre og Romsdal,M,51 years,51,F-15,Møre og Romsdal,2019,1954
F-15 Møre og Romsdal,M,52 years,52,F-15,Møre og Romsdal,2019,1803
F-15 Møre og Romsdal,M,53 years,53,F-15,Møre og Romsdal,2019,1815
F-15 Møre og Romsdal,M,54 years,54,F-15,Møre og Romsdal,2019,1731
F-15 Møre og Romsdal,M,55 years,55,F-15,Møre og Romsdal,2019,1745
F-15 Møre og Romsdal,M,56 years,56,F-15,Møre og Romsdal,2019,1714
F-15 Møre og Romsdal,M,57 years,57,F-15,Møre og Romsdal,2019,1698
F-15 Møre og Romsdal,M,58 years,58,F-15,Møre og Romsdal,2019,1634
F-15 Møre og Romsdal,M,59 years,59,F-15,Møre og Romsdal,2019,1726
F-15 Møre og Romsdal,M,60 years,60,F-15,Møre og Romsdal,2019,1730
F-15 Møre og Romsdal,M,61 years,61,F-15,Møre og Romsdal,2019,1689
F-15 Møre og Romsdal,M,62 years,62,F-15,Møre og Romsdal,2019,1730
F-15 Møre og Romsdal,M,63 years,63,F-15,Møre og Romsdal,2019,1673
F-15 Møre og Romsdal,M,64 years,64,F-15,Møre og Romsdal,2019,1672
F-15 Møre og Romsdal,M,65 years,65,F-15,Møre og Romsdal,2019,1591
F-15 Møre og Romsdal,M,66 years,66,F-15,Møre og Romsdal,2019,1642
F-15 Møre og Romsdal,M,67 years,67,F-15,Møre og Romsdal,2019,1588
F-15 Møre og Romsdal,M,68 years,68,F-15,Møre og Romsdal,2019,1444
F-15 Møre og Romsdal,M,69 years,69,F-15,Møre og Romsdal,2019,1516
F-15 Møre og Romsdal,M,70 years,70,F-15,Møre og Romsdal,2019,1525
F-15 Møre og Romsdal,M,71 years,71,F-15,Møre og Romsdal,2019,1426
F-15 Møre og Romsdal,M,72 years,72,F-15,Møre og Romsdal,2019,1448
F-15 Møre og Romsdal,M,73 years,73,F-15,Møre og Romsdal,2019,1333
F-15 Møre og Romsdal,M,74 years,74,F-15,Møre og Romsdal,2019,1182
F-15 Møre og Romsdal,M,75 years,75,F-15,Møre og Romsdal,2019,1046
F-15 Møre og Romsdal,M,76 years,76,F-15,Møre og Romsdal,2019,922
F-15 Møre og Romsdal,M,77 years,77,F-15,Møre og Romsdal,2019,783
F-15 Møre og Romsdal,M,78 years,78,F-15,Møre og Romsdal,2019,793
F-15 Møre og Romsdal,M,79 years,79,F-15,Møre og Romsdal,2019,736
F-15 Møre og Romsdal,M,80 years,80,F-15,Møre og Romsdal,2019,614
F-15 Møre og Romsdal,M,81 years,81,F-15,Møre og Romsdal,2019,572
F-15 Møre og Romsdal,M,82 years,82,F-15,Møre og Romsdal,2019,502
F-15 Møre og Romsdal,M,83 years,83,F-15,Møre og Romsdal,2019,474
F-15 Møre og Romsdal,M,84 years,84,F-15,Møre og Romsdal,2019,467
F-15 Møre og Romsdal,M,85 years,85,F-15,Møre og Romsdal,2019,377
F-15 Møre og Romsdal,M,86 years,86,F-15,Møre og Romsdal,2019,401
F-15 Møre og Romsdal,M,87 years,87,F-15,Møre og Romsdal,2019,346
F-15 Møre og Romsdal,M,88 years,88,F-15,Møre og Romsdal,2019,298
F-15 Møre og Romsdal,M,89 years,89,F-15,Møre og Romsdal,2019,246
F-15 Møre og Romsdal,M,90 years,90,F-15,Møre og Romsdal,2019,212
F-15 Møre og Romsdal,M,91 years,91,F-15,Møre og Romsdal,2019,157
F-15 Møre og Romsdal,M,92 years,92,F-15,Møre og Romsdal,2019,135
F-15 Møre og Romsdal,M,93 years,93,F-15,Møre og Romsdal,2019,95
F-15 Møre og Romsdal,M,94 years,94,F-15,Møre og Romsdal,2019,79
F-15 Møre og Romsdal,M,95 years,95,F-15,Møre og Romsdal,2019,43
F-15 Møre og Romsdal,M,96 years,96,F-15,Møre og Romsdal,2019,37
F-15 Møre og Romsdal,M,97 years,97,F-15,Møre og Romsdal,2019,23
F-15 Møre og Romsdal,M,98 years,98,F-15,Møre og Romsdal,2019,13
F-15 Møre og Romsdal,M,99 years,99,F-15,Møre og Romsdal,2019,14
F-15 Møre og Romsdal,M,100 years,100,F-15,Møre og Romsdal,2019,2
F-15 Møre og Romsdal,M,101 years,101,F-15,Møre og Romsdal,2019,1
F-15 Møre og Romsdal,M,102 years,102,F-15,Møre og Romsdal,2019,1
F-15 Møre og Romsdal,M,103 years,103,F-15,Møre og Romsdal,2019,1
F-15 Møre og Romsdal,M,104 years,104,F-15,Møre og Romsdal,2019,0
F-15 Møre og Romsdal,M,105 years or older,105,F-15,Møre og Romsdal,2019,0
F-50 Trøndelag - Trööndelage,F,0 years,0,F-50,Trøndelag,2019,2224
F-50 Trøndelag - Trööndelage,F,1 year,1,F-50,Trøndelag,2019,2481
F-50 Trøndelag - Trööndelage,F,2 years,2,F-50,Trøndelag,2019,2472
F-50 Trøndelag - Trööndelage,F,3 years,3,F-50,Trøndelag,2019,2572
F-50 Trøndelag - Trööndelage,F,4 years,4,F-50,Trøndelag,2019,2595
F-50 Trøndelag - Trööndelage,F,5 years,5,F-50,Trøndelag,2019,2684
F-50 Trøndelag - Trööndelage,F,6 years,6,F-50,Trøndelag,2019,2596
F-50 Trøndelag - Trööndelage,F,7 years,7,F-50,Trøndelag,2019,2634
F-50 Trøndelag - Trööndelage,F,8 years,8,F-50,Trøndelag,2019,2787
F-50 Trøndelag - Trööndelage,F,9 years,9,F-50,Trøndelag,2019,2762
F-50 Trøndelag - Trööndelage,F,10 years,10,F-50,Trøndelag,2019,2729
F-50 Trøndelag - Trööndelage,F,11 years,11,F-50,Trøndelag,2019,2672
F-50 Trøndelag - Trööndelage,F,12 years,12,F-50,Trøndelag,2019,2636
F-50 Trøndelag - Trööndelage,F,13 years,13,F-50,Trøndelag,2019,2711
F-50 Trøndelag - Trööndelage,F,14 years,14,F-50,Trøndelag,2019,2604
F-50 Trøndelag - Trööndelage,F,15 years,15,F-50,Trøndelag,2019,2627
F-50 Trøndelag - Trööndelage,F,16 years,16,F-50,Trøndelag,2019,2533
F-50 Trøndelag - Trööndelage,F,17 years,17,F-50,Trøndelag,2019,2712
F-50 Trøndelag - Trööndelage,F,18 years,18,F-50,Trøndelag,2019,2802
F-50 Trøndelag - Trööndelage,F,19 years,19,F-50,Trøndelag,2019,2846
F-50 Trøndelag - Trööndelage,F,20 years,20,F-50,Trøndelag,2019,3064
F-50 Trøndelag - Trööndelage,F,21 years,21,F-50,Trøndelag,2019,3085
F-50 Trøndelag - Trööndelage,F,22 years,22,F-50,Trøndelag,2019,3383
F-50 Trøndelag - Trööndelage,F,23 years,23,F-50,Trøndelag,2019,3250
F-50 Trøndelag - Trööndelage,F,24 years,24,F-50,Trøndelag,2019,3343
F-50 Trøndelag - Trööndelage,F,25 years,25,F-50,Trøndelag,2019,3363
F-50 Trøndelag - Trööndelage,F,26 years,26,F-50,Trøndelag,2019,3309
F-50 Trøndelag - Trööndelage,F,27 years,27,F-50,Trøndelag,2019,3329
F-50 Trøndelag - Trööndelage,F,28 years,28,F-50,Trøndelag,2019,3355
F-50 Trøndelag - Trööndelage,F,29 years,29,F-50,Trøndelag,2019,3181
F-50 Trøndelag - Trööndelage,F,30 years,30,F-50,Trøndelag,2019,3197
F-50 Trøndelag - Trööndelage,F,31 years,31,F-50,Trøndelag,2019,2949
F-50 Trøndelag - Trööndelage,F,32 years,32,F-50,Trøndelag,2019,2978
F-50 Trøndelag - Trööndelage,F,33 years,33,F-50,Trøndelag,2019,2975
F-50 Trøndelag - Trööndelage,F,34 years,34,F-50,Trøndelag,2019,2940
F-50 Trøndelag - Trööndelage,F,35 years,35,F-50,Trøndelag,2019,2830
F-50 Trøndelag - Trööndelage,F,36 years,36,F-50,Trøndelag,2019,2888
F-50 Trøndelag - Trööndelage,F,37 years,37,F-50,Trøndelag,2019,2784
F-50 Trøndelag - Trööndelage,F,38 years,38,F-50,Trøndelag,2019,2755
F-50 Trøndelag - Trööndelage,F,39 years,39,F-50,Trøndelag,2019,2707
F-50 Trøndelag - Trööndelage,F,40 years,40,F-50,Trøndelag,2019,2701
F-50 Trøndelag - Trööndelage,F,41 years,41,F-50,Trøndelag,2019,2645
F-50 Trøndelag - Trööndelage,F,42 years,42,F-50,Trøndelag,2019,2694
F-50 Trøndelag - Trööndelage,F,43 years,43,F-50,Trøndelag,2019,2825
F-50 Trøndelag - Trööndelage,F,44 years,44,F-50,Trøndelag,2019,2986
F-50 Trøndelag - Trööndelage,F,45 years,45,F-50,Trøndelag,2019,2998
F-50 Trøndelag - Trööndelage,F,46 years,46,F-50,Trøndelag,2019,3037
F-50 Trøndelag - Trööndelage,F,47 years,47,F-50,Trøndelag,2019,3087
F-50 Trøndelag - Trööndelage,F,48 years,48,F-50,Trøndelag,2019,3120
F-50 Trøndelag - Trööndelage,F,49 years,49,F-50,Trøndelag,2019,3172
F-50 Trøndelag - Trööndelage,F,50 years,50,F-50,Trøndelag,2019,3249
F-50 Trøndelag - Trööndelage,F,51 years,51,F-50,Trøndelag,2019,3052
F-50 Trøndelag - Trööndelage,F,52 years,52,F-50,Trøndelag,2019,3090
F-50 Trøndelag - Trööndelage,F,53 years,53,F-50,Trøndelag,2019,3063
F-50 Trøndelag - Trööndelage,F,54 years,54,F-50,Trøndelag,2019,2903
F-50 Trøndelag - Trööndelage,F,55 years,55,F-50,Trøndelag,2019,2828
F-50 Trøndelag - Trööndelage,F,56 years,56,F-50,Trøndelag,2019,2713
F-50 Trøndelag - Trööndelage,F,57 years,57,F-50,Trøndelag,2019,2716
F-50 Trøndelag - Trööndelage,F,58 years,58,F-50,Trøndelag,2019,2690
F-50 Trøndelag - Trööndelage,F,59 years,59,F-50,Trøndelag,2019,2648
F-50 Trøndelag - Trööndelage,F,60 years,60,F-50,Trøndelag,2019,2588
F-50 Trøndelag - Trööndelage,F,61 years,61,F-50,Trøndelag,2019,2589
F-50 Trøndelag - Trööndelage,F,62 years,62,F-50,Trøndelag,2019,2685
F-50 Trøndelag - Trööndelage,F,63 years,63,F-50,Trøndelag,2019,2693
F-50 Trøndelag - Trööndelage,F,64 years,64,F-50,Trøndelag,2019,2565
F-50 Trøndelag - Trööndelage,F,65 years,65,F-50,Trøndelag,2019,2555
F-50 Trøndelag - Trööndelage,F,66 years,66,F-50,Trøndelag,2019,2472
F-50 Trøndelag - Trööndelage,F,67 years,67,F-50,Trøndelag,2019,2387
F-50 Trøndelag - Trööndelage,F,68 years,68,F-50,Trøndelag,2019,2346
F-50 Trøndelag - Trööndelage,F,69 years,69,F-50,Trøndelag,2019,2284
F-50 Trøndelag - Trööndelage,F,70 years,70,F-50,Trøndelag,2019,2395
F-50 Trøndelag - Trööndelage,F,71 years,71,F-50,Trøndelag,2019,2326
F-50 Trøndelag - Trööndelage,F,72 years,72,F-50,Trøndelag,2019,2451
F-50 Trøndelag - Trööndelage,F,73 years,73,F-50,Trøndelag,2019,2298
F-50 Trøndelag - Trööndelage,F,74 years,74,F-50,Trøndelag,2019,2056
F-50 Trøndelag - Trööndelage,F,75 years,75,F-50,Trøndelag,2019,1885
F-50 Trøndelag - Trööndelage,F,76 years,76,F-50,Trøndelag,2019,1718
F-50 Trøndelag - Trööndelage,F,77 years,77,F-50,Trøndelag,2019,1505
F-50 Trøndelag - Trööndelage,F,78 years,78,F-50,Trøndelag,2019,1414
F-50 Trøndelag - Trööndelage,F,79 years,79,F-50,Trøndelag,2019,1417
F-50 Trøndelag - Trööndelage,F,80 years,80,F-50,Trøndelag,2019,1239
F-50 Trøndelag - Trööndelage,F,81 years,81,F-50,Trøndelag,2019,1101
F-50 Trøndelag - Trööndelage,F,82 years,82,F-50,Trøndelag,2019,1058
F-50 Trøndelag - Trööndelage,F,83 years,83,F-50,Trøndelag,2019,1028
F-50 Trøndelag - Trööndelage,F,84 years,84,F-50,Trøndelag,2019,997
F-50 Trøndelag - Trööndelage,F,85 years,85,F-50,Trøndelag,2019,852
F-50 Trøndelag - Trööndelage,F,86 years,86,F-50,Trøndelag,2019,885
F-50 Trøndelag - Trööndelage,F,87 years,87,F-50,Trøndelag,2019,798
F-50 Trøndelag - Trööndelage,F,88 years,88,F-50,Trøndelag,2019,716
F-50 Trøndelag - Trööndelage,F,89 years,89,F-50,Trøndelag,2019,614
F-50 Trøndelag - Trööndelage,F,90 years,90,F-50,Trøndelag,2019,602
F-50 Trøndelag - Trööndelage,F,91 years,91,F-50,Trøndelag,2019,486
F-50 Trøndelag - Trööndelage,F,92 years,92,F-50,Trøndelag,2019,443
F-50 Trøndelag - Trööndelage,F,93 years,93,F-50,Trøndelag,2019,309
F-50 Trøndelag - Trööndelage,F,94 years,94,F-50,Trøndelag,2019,273
F-50 Trøndelag - Trööndelage,F,95 years,95,F-50,Trøndelag,2019,200
F-50 Trøndelag - Trööndelage,F,96 years,96,F-50,Trøndelag,2019,170
F-50 Trøndelag - Trööndelage,F,97 years,97,F-50,Trøndelag,2019,105
F-50 Trøndelag - Trööndelage,F,98 years,98,F-50,Trøndelag,2019,67
F-50 Trøndelag - Trööndelage,F,99 years,99,F-50,Trøndelag,2019,45
F-50 Trøndelag - Trööndelage,F,100 years,100,F-50,Trøndelag,2019,29
F-50 Trøndelag - Trööndelage,F,101 years,101,F-50,Trøndelag,2019,22
F-50 Trøndelag - Trööndelage,F,102 years,102,F-50,Trøndelag,2019,11
F-50 Trøndelag - Trööndelage,F,103 years,103,F-50,Trøndelag,2019,8
F-50 Trøndelag - Trööndelage,F,104 years,104,F-50,Trøndelag,2019,3
F-50 Trøndelag - Trööndelage,F,105 years or older,105,F-50,Trøndelag,2019,1
F-50 Trøndelag - Trööndelage,M,0 years,0,F-50,Trøndelag,2019,2475
F-50 Trøndelag - Trööndelage,M,1 year,1,F-50,Trøndelag,2019,2521
F-50 Trøndelag - Trööndelage,M,2 years,2,F-50,Trøndelag,2019,2740
F-50 Trøndelag - Trööndelage,M,3 years,3,F-50,Trøndelag,2019,2706
F-50 Trøndelag - Trööndelage,M,4 years,4,F-50,Trøndelag,2019,2722
F-50 Trøndelag - Trööndelage,M,5 years,5,F-50,Trøndelag,2019,2767
F-50 Trøndelag - Trööndelage,M,6 years,6,F-50,Trøndelag,2019,2730
F-50 Trøndelag - Trööndelage,M,7 years,7,F-50,Trøndelag,2019,2865
F-50 Trøndelag - Trööndelage,M,8 years,8,F-50,Trøndelag,2019,2889
F-50 Trøndelag - Trööndelage,M,9 years,9,F-50,Trøndelag,2019,2934
F-50 Trøndelag - Trööndelage,M,10 years,10,F-50,Trøndelag,2019,2918
F-50 Trøndelag - Trööndelage,M,11 years,11,F-50,Trøndelag,2019,2814
F-50 Trøndelag - Trööndelage,M,12 years,12,F-50,Trøndelag,2019,2879
F-50 Trøndelag - Trööndelage,M,13 years,13,F-50,Trøndelag,2019,2724
F-50 Trøndelag - Trööndelage,M,14 years,14,F-50,Trøndelag,2019,2792
F-50 Trøndelag - Trööndelage,M,15 years,15,F-50,Trøndelag,2019,2732
F-50 Trøndelag - Trööndelage,M,16 years,16,F-50,Trøndelag,2019,2782
F-50 Trøndelag - Trööndelage,M,17 years,17,F-50,Trøndelag,2019,2881
F-50 Trøndelag - Trööndelage,M,18 years,18,F-50,Trøndelag,2019,3076
F-50 Trøndelag - Trööndelage,M,19 years,19,F-50,Trøndelag,2019,3090
F-50 Trøndelag - Trööndelage,M,20 years,20,F-50,Trøndelag,2019,3249
F-50 Trøndelag - Trööndelage,M,21 years,21,F-50,Trøndelag,2019,3512
F-50 Trøndelag - Trööndelage,M,22 years,22,F-50,Trøndelag,2019,3624
F-50 Trøndelag - Trööndelage,M,23 years,23,F-50,Trøndelag,2019,3669
F-50 Trøndelag - Trööndelage,M,24 years,24,F-50,Trøndelag,2019,3763
F-50 Trøndelag - Trööndelage,M,25 years,25,F-50,Trøndelag,2019,3690
F-50 Trøndelag - Trööndelage,M,26 years,26,F-50,Trøndelag,2019,3761
F-50 Trøndelag - Trööndelage,M,27 years,27,F-50,Trøndelag,2019,3726
F-50 Trøndelag - Trööndelage,M,28 years,28,F-50,Trøndelag,2019,3674
F-50 Trøndelag - Trööndelage,M,29 years,29,F-50,Trøndelag,2019,3634
F-50 Trøndelag - Trööndelage,M,30 years,30,F-50,Trøndelag,2019,3494
F-50 Trøndelag - Trööndelage,M,31 years,31,F-50,Trøndelag,2019,3284
F-50 Trøndelag - Trööndelage,M,32 years,32,F-50,Trøndelag,2019,3295
F-50 Trøndelag - Trööndelage,M,33 years,33,F-50,Trøndelag,2019,3144
F-50 Trøndelag - Trööndelage,M,34 years,34,F-50,Trøndelag,2019,3001
F-50 Trøndelag - Trööndelage,M,35 years,35,F-50,Trøndelag,2019,3065
F-50 Trøndelag - Trööndelage,M,36 years,36,F-50,Trøndelag,2019,3046
F-50 Trøndelag - Trööndelage,M,37 years,37,F-50,Trøndelag,2019,2923
F-50 Trøndelag - Trööndelage,M,38 years,38,F-50,Trøndelag,2019,3035
F-50 Trøndelag - Trööndelage,M,39 years,39,F-50,Trøndelag,2019,3017
F-50 Trøndelag - Trööndelage,M,40 years,40,F-50,Trøndelag,2019,2892
F-50 Trøndelag - Trööndelage,M,41 years,41,F-50,Trøndelag,2019,2833
F-50 Trøndelag - Trööndelage,M,42 years,42,F-50,Trøndelag,2019,2865
F-50 Trøndelag - Trööndelage,M,43 years,43,F-50,Trøndelag,2019,2901
F-50 Trøndelag - Trööndelage,M,44 years,44,F-50,Trøndelag,2019,3132
F-50 Trøndelag - Trööndelage,M,45 years,45,F-50,Trøndelag,2019,3204
F-50 Trøndelag - Trööndelage,M,46 years,46,F-50,Trøndelag,2019,3286
F-50 Trøndelag - Trööndelage,M,47 years,47,F-50,Trøndelag,2019,3290
F-50 Trøndelag - Trööndelage,M,48 years,48,F-50,Trøndelag,2019,3128
F-50 Trøndelag - Trööndelage,M,49 years,49,F-50,Trøndelag,2019,3324
F-50 Trøndelag - Trööndelage,M,50 years,50,F-50,Trøndelag,2019,3342
F-50 Trøndelag - Trööndelage,M,51 years,51,F-50,Trøndelag,2019,3144
F-50 Trøndelag - Trööndelage,M,52 years,52,F-50,Trøndelag,2019,3249
F-50 Trøndelag - Trööndelage,M,53 years,53,F-50,Trøndelag,2019,3231
F-50 Trøndelag - Trööndelage,M,54 years,54,F-50,Trøndelag,2019,3058
F-50 Trøndelag - Trööndelage,M,55 years,55,F-50,Trøndelag,2019,2963
F-50 Trøndelag - Trööndelage,M,56 years,56,F-50,Trøndelag,2019,2934
F-50 Trøndelag - Trööndelage,M,57 years,57,F-50,Trøndelag,2019,2753
F-50 Trøndelag - Trööndelage,M,58 years,58,F-50,Trøndelag,2019,2677
F-50 Trøndelag - Trööndelage,M,59 years,59,F-50,Trøndelag,2019,2775
F-50 Trøndelag - Trööndelage,M,60 years,60,F-50,Trøndelag,2019,2804
F-50 Trøndelag - Trööndelage,M,61 years,61,F-50,Trøndelag,2019,2727
F-50 Trøndelag - Trööndelage,M,62 years,62,F-50,Trøndelag,2019,2707
F-50 Trøndelag - Trööndelage,M,63 years,63,F-50,Trøndelag,2019,2612
F-50 Trøndelag - Trööndelage,M,64 years,64,F-50,Trøndelag,2019,2556
F-50 Trøndelag - Trööndelage,M,65 years,65,F-50,Trøndelag,2019,2441
F-50 Trøndelag - Trööndelage,M,66 years,66,F-50,Trøndelag,2019,2517
F-50 Trøndelag - Trööndelage,M,67 years,67,F-50,Trøndelag,2019,2454
F-50 Trøndelag - Trööndelage,M,68 years,68,F-50,Trøndelag,2019,2355
F-50 Trøndelag - Trööndelage,M,69 years,69,F-50,Trøndelag,2019,2368
F-50 Trøndelag - Trööndelage,M,70 years,70,F-50,Trøndelag,2019,2394
F-50 Trøndelag - Trööndelage,M,71 years,71,F-50,Trøndelag,2019,2284
F-50 Trøndelag - Trööndelage,M,72 years,72,F-50,Trøndelag,2019,2321
F-50 Trøndelag - Trööndelage,M,73 years,73,F-50,Trøndelag,2019,2120
F-50 Trøndelag - Trööndelage,M,74 years,74,F-50,Trøndelag,2019,1934
F-50 Trøndelag - Trööndelage,M,75 years,75,F-50,Trøndelag,2019,1818
F-50 Trøndelag - Trööndelage,M,76 years,76,F-50,Trøndelag,2019,1589
F-50 Trøndelag - Trööndelage,M,77 years,77,F-50,Trøndelag,2019,1459
F-50 Trøndelag - Trööndelage,M,78 years,78,F-50,Trøndelag,2019,1277
F-50 Trøndelag - Trööndelage,M,79 years,79,F-50,Trøndelag,2019,1149
F-50 Trøndelag - Trööndelage,M,80 years,80,F-50,Trøndelag,2019,1038
F-50 Trøndelag - Trööndelage,M,81 years,81,F-50,Trøndelag,2019,929
F-50 Trøndelag - Trööndelage,M,82 years,82,F-50,Trøndelag,2019,844
F-50 Trøndelag - Trööndelage,M,83 years,83,F-50,Trøndelag,2019,732
F-50 Trøndelag - Trööndelage,M,84 years,84,F-50,Trøndelag,2019,691
F-50 Trøndelag - Trööndelage,M,85 years,85,F-50,Trøndelag,2019,634
F-50 Trøndelag - Trööndelage,M,86 years,86,F-50,Trøndelag,2019,554
F-50 Trøndelag - Trööndelage,M,87 years,87,F-50,Trøndelag,2019,480
F-50 Trøndelag - Trööndelage,M,88 years,88,F-50,Trøndelag,2019,441
F-50 Trøndelag - Trööndelage,M,89 years,89,F-50,Trøndelag,2019,341
F-50 Trøndelag - Trööndelage,M,90 years,90,F-50,Trøndelag,2019,316
F-50 Trøndelag - Trööndelage,M,91 years,91,F-50,Trøndelag,2019,237
F-50 Trøndelag - Trööndelage,M,92 years,92,F-50,Trøndelag,2019,219
F-50 Trøndelag - Trööndelage,M,93 years,93,F-50,Trøndelag,2019,129
F-50 Trøndelag - Trööndelage,M,94 years,94,F-50,Trøndelag,2019,116
F-50 Trøndelag - Trööndelage,M,95 years,95,F-50,Trøndelag,2019,81
F-50 Trøndelag - Trööndelage,M,96 years,96,F-50,Trøndelag,2019,38
F-50 Trøndelag - Trööndelage,M,97 years,97,F-50,Trøndelag,2019,19
F-50 Trøndelag - Trööndelage,M,98 years,98,F-50,Trøndelag,2019,17
F-50 Trøndelag - Trööndelage,M,99 years,99,F-50,Trøndelag,2019,7
F-50 Trøndelag - Trööndelage,M,100 years,100,F-50,Trøndelag,2019,5
F-50 Trøndelag - Trööndelage,M,101 years,101,F-50,Trøndelag,2019,1
F-50 Trøndelag - Trööndelage,M,102 years,102,F-50,Trøndelag,2019,1
F-50 Trøndelag - Trööndelage,M,103 years,103,F-50,Trøndelag,2019,1
F-50 Trøndelag - Trööndelage,M,104 years,104,F-50,Trøndelag,2019,1
F-50 Trøndelag - Trööndelage,M,105 years or older,105,F-50,Trøndelag,2019,0
F-15 Møre og Romsdal,F,0 years,0,F-15,Møre og Romsdal,2020,1272
F-15 Møre og Romsdal,F,1 year,1,F-15,Møre og Romsdal,2020,1306
F-15 Møre og Romsdal,F,2 years,2,F-15,Møre og Romsdal,2020,1367
F-15 Møre og Romsdal,F,3 years,3,F-15,Møre og Romsdal,2020,1409
F-15 Møre og Romsdal,F,4 years,4,F-15,Møre og Romsdal,2020,1418
F-15 Møre og Romsdal,F,5 years,5,F-15,Møre og Romsdal,2020,1384
F-15 Møre og Romsdal,F,6 years,6,F-15,Møre og Romsdal,2020,1472
F-15 Møre og Romsdal,F,7 years,7,F-15,Møre og Romsdal,2020,1531
F-15 Møre og Romsdal,F,8 years,8,F-15,Møre og Romsdal,2020,1560
F-15 Møre og Romsdal,F,9 years,9,F-15,Møre og Romsdal,2020,1595
F-15 Møre og Romsdal,F,10 years,10,F-15,Møre og Romsdal,2020,1650
F-15 Møre og Romsdal,F,11 years,11,F-15,Møre og Romsdal,2020,1605
F-15 Møre og Romsdal,F,12 years,12,F-15,Møre og Romsdal,2020,1606
F-15 Møre og Romsdal,F,13 years,13,F-15,Møre og Romsdal,2020,1608
F-15 Møre og Romsdal,F,14 years,14,F-15,Møre og Romsdal,2020,1604
F-15 Møre og Romsdal,F,15 years,15,F-15,Møre og Romsdal,2020,1641
F-15 Møre og Romsdal,F,16 years,16,F-15,Møre og Romsdal,2020,1588
F-15 Møre og Romsdal,F,17 years,17,F-15,Møre og Romsdal,2020,1582
F-15 Møre og Romsdal,F,18 years,18,F-15,Møre og Romsdal,2020,1665
F-15 Møre og Romsdal,F,19 years,19,F-15,Møre og Romsdal,2020,1624
F-15 Møre og Romsdal,F,20 years,20,F-15,Møre og Romsdal,2020,1649
F-15 Møre og Romsdal,F,21 years,21,F-15,Møre og Romsdal,2020,1531
F-15 Møre og Romsdal,F,22 years,22,F-15,Møre og Romsdal,2020,1540
F-15 Møre og Romsdal,F,23 years,23,F-15,Møre og Romsdal,2020,1531
F-15 Møre og Romsdal,F,24 years,24,F-15,Møre og Romsdal,2020,1417
F-15 Møre og Romsdal,F,25 years,25,F-15,Møre og Romsdal,2020,1458
F-15 Møre og Romsdal,F,26 years,26,F-15,Møre og Romsdal,2020,1441
F-15 Møre og Romsdal,F,27 years,27,F-15,Møre og Romsdal,2020,1460
F-15 Møre og Romsdal,F,28 years,28,F-15,Møre og Romsdal,2020,1547
F-15 Møre og Romsdal,F,29 years,29,F-15,Møre og Romsdal,2020,1560
F-15 Møre og Romsdal,F,30 years,30,F-15,Møre og Romsdal,2020,1605
F-15 Møre og Romsdal,F,31 years,31,F-15,Møre og Romsdal,2020,1563
F-15 Møre og Romsdal,F,32 years,32,F-15,Møre og Romsdal,2020,1590
F-15 Møre og Romsdal,F,33 years,33,F-15,Møre og Romsdal,2020,1572
F-15 Møre og Romsdal,F,34 years,34,F-15,Møre og Romsdal,2020,1586
F-15 Møre og Romsdal,F,35 years,35,F-15,Møre og Romsdal,2020,1570
F-15 Møre og Romsdal,F,36 years,36,F-15,Møre og Romsdal,2020,1581
F-15 Møre og Romsdal,F,37 years,37,F-15,Møre og Romsdal,2020,1585
F-15 Møre og Romsdal,F,38 years,38,F-15,Møre og Romsdal,2020,1552
F-15 Møre og Romsdal,F,39 years,39,F-15,Møre og Romsdal,2020,1592
F-15 Møre og Romsdal,F,40 years,40,F-15,Møre og Romsdal,2020,1567
F-15 Møre og Romsdal,F,41 years,41,F-15,Møre og Romsdal,2020,1536
F-15 Møre og Romsdal,F,42 years,42,F-15,Møre og Romsdal,2020,1546
F-15 Møre og Romsdal,F,43 years,43,F-15,Møre og Romsdal,2020,1527
F-15 Møre og Romsdal,F,44 years,44,F-15,Møre og Romsdal,2020,1537
F-15 Møre og Romsdal,F,45 years,45,F-15,Møre og Romsdal,2020,1661
F-15 Møre og Romsdal,F,46 years,46,F-15,Møre og Romsdal,2020,1584
F-15 Møre og Romsdal,F,47 years,47,F-15,Møre og Romsdal,2020,1755
F-15 Møre og Romsdal,F,48 years,48,F-15,Møre og Romsdal,2020,1795
F-15 Møre og Romsdal,F,49 years,49,F-15,Møre og Romsdal,2020,1788
F-15 Møre og Romsdal,F,50 years,50,F-15,Møre og Romsdal,2020,1868
F-15 Møre og Romsdal,F,51 years,51,F-15,Møre og Romsdal,2020,1855
F-15 Møre og Romsdal,F,52 years,52,F-15,Møre og Romsdal,2020,1696
F-15 Møre og Romsdal,F,53 years,53,F-15,Møre og Romsdal,2020,1661
F-15 Møre og Romsdal,F,54 years,54,F-15,Møre og Romsdal,2020,1609
F-15 Møre og Romsdal,F,55 years,55,F-15,Møre og Romsdal,2020,1593
F-15 Møre og Romsdal,F,56 years,56,F-15,Møre og Romsdal,2020,1540
F-15 Møre og Romsdal,F,57 years,57,F-15,Møre og Romsdal,2020,1556
F-15 Møre og Romsdal,F,58 years,58,F-15,Møre og Romsdal,2020,1603
F-15 Møre og Romsdal,F,59 years,59,F-15,Møre og Romsdal,2020,1634
F-15 Møre og Romsdal,F,60 years,60,F-15,Møre og Romsdal,2020,1635
F-15 Møre og Romsdal,F,61 years,61,F-15,Møre og Romsdal,2020,1609
F-15 Møre og Romsdal,F,62 years,62,F-15,Møre og Romsdal,2020,1572
F-15 Møre og Romsdal,F,63 years,63,F-15,Møre og Romsdal,2020,1733
F-15 Møre og Romsdal,F,64 years,64,F-15,Møre og Romsdal,2020,1584
F-15 Møre og Romsdal,F,65 years,65,F-15,Møre og Romsdal,2020,1589
F-15 Møre og Romsdal,F,66 years,66,F-15,Møre og Romsdal,2020,1538
F-15 Møre og Romsdal,F,67 years,67,F-15,Møre og Romsdal,2020,1565
F-15 Møre og Romsdal,F,68 years,68,F-15,Møre og Romsdal,2020,1426
F-15 Møre og Romsdal,F,69 years,69,F-15,Møre og Romsdal,2020,1531
F-15 Møre og Romsdal,F,70 years,70,F-15,Møre og Romsdal,2020,1426
F-15 Møre og Romsdal,F,71 years,71,F-15,Møre og Romsdal,2020,1422
F-15 Møre og Romsdal,F,72 years,72,F-15,Møre og Romsdal,2020,1392
F-15 Møre og Romsdal,F,73 years,73,F-15,Møre og Romsdal,2020,1394
F-15 Møre og Romsdal,F,74 years,74,F-15,Møre og Romsdal,2020,1263
F-15 Møre og Romsdal,F,75 years,75,F-15,Møre og Romsdal,2020,1227
F-15 Møre og Romsdal,F,76 years,76,F-15,Møre og Romsdal,2020,1085
F-15 Møre og Romsdal,F,77 years,77,F-15,Møre og Romsdal,2020,953
F-15 Møre og Romsdal,F,78 years,78,F-15,Møre og Romsdal,2020,889
F-15 Møre og Romsdal,F,79 years,79,F-15,Møre og Romsdal,2020,799
F-15 Møre og Romsdal,F,80 years,80,F-15,Møre og Romsdal,2020,825
F-15 Møre og Romsdal,F,81 years,81,F-15,Møre og Romsdal,2020,696
F-15 Møre og Romsdal,F,82 years,82,F-15,Møre og Romsdal,2020,685
F-15 Møre og Romsdal,F,83 years,83,F-15,Møre og Romsdal,2020,634
F-15 Møre og Romsdal,F,84 years,84,F-15,Møre og Romsdal,2020,596
F-15 Møre og Romsdal,F,85 years,85,F-15,Møre og Romsdal,2020,568
F-15 Møre og Romsdal,F,86 years,86,F-15,Møre og Romsdal,2020,563
F-15 Møre og Romsdal,F,87 years,87,F-15,Møre og Romsdal,2020,517
F-15 Møre og Romsdal,F,88 years,88,F-15,Møre og Romsdal,2020,449
F-15 Møre og Romsdal,F,89 years,89,F-15,Møre og Romsdal,2020,490
F-15 Møre og Romsdal,F,90 years,90,F-15,Møre og Romsdal,2020,383
F-15 Møre og Romsdal,F,91 years,91,F-15,Møre og Romsdal,2020,372
F-15 Møre og Romsdal,F,92 years,92,F-15,Møre og Romsdal,2020,315
F-15 Møre og Romsdal,F,93 years,93,F-15,Møre og Romsdal,2020,242
F-15 Møre og Romsdal,F,94 years,94,F-15,Møre og Romsdal,2020,198
F-15 Møre og Romsdal,F,95 years,95,F-15,Møre og Romsdal,2020,173
F-15 Møre og Romsdal,F,96 years,96,F-15,Møre og Romsdal,2020,114
F-15 Møre og Romsdal,F,97 years,97,F-15,Møre og Romsdal,2020,72
F-15 Møre og Romsdal,F,98 years,98,F-15,Møre og Romsdal,2020,72
F-15 Møre og Romsdal,F,99 years,99,F-15,Møre og Romsdal,2020,41
F-15 Møre og Romsdal,F,100 years,100,F-15,Møre og Romsdal,2020,29
F-15 Møre og Romsdal,F,101 years,101,F-15,Møre og Romsdal,2020,11
F-15 Møre og Romsdal,F,102 years,102,F-15,Møre og Romsdal,2020,7
F-15 Møre og Romsdal,F,103 years,103,F-15,Møre og Romsdal,2020,6
F-15 Møre og Romsdal,F,104 years,104,F-15,Møre og Romsdal,2020,5
F-15 Møre og Romsdal,F,105 years or older,105,F-15,Møre og Romsdal,2020,2
F-15 Møre og Romsdal,M,0 years,0,F-15,Møre og Romsdal,2020,1286
F-15 Møre og Romsdal,M,1 year,1,F-15,Møre og Romsdal,2020,1389
F-15 Møre og Romsdal,M,2 years,2,F-15,Møre og Romsdal,2020,1412
F-15 Møre og Romsdal,M,3 years,3,F-15,Møre og Romsdal,2020,1455
F-15 Møre og Romsdal,M,4 years,4,F-15,Møre og Romsdal,2020,1474
F-15 Møre og Romsdal,M,5 years,5,F-15,Møre og Romsdal,2020,1520
F-15 Møre og Romsdal,M,6 years,6,F-15,Møre og Romsdal,2020,1533
F-15 Møre og Romsdal,M,7 years,7,F-15,Møre og Romsdal,2020,1581
F-15 Møre og Romsdal,M,8 years,8,F-15,Møre og Romsdal,2020,1640
F-15 Møre og Romsdal,M,9 years,9,F-15,Møre og Romsdal,2020,1593
F-15 Møre og Romsdal,M,10 years,10,F-15,Møre og Romsdal,2020,1773
F-15 Møre og Romsdal,M,11 years,11,F-15,Møre og Romsdal,2020,1670
F-15 Møre og Romsdal,M,12 years,12,F-15,Møre og Romsdal,2020,1689
F-15 Møre og Romsdal,M,13 years,13,F-15,Møre og Romsdal,2020,1639
F-15 Møre og Romsdal,M,14 years,14,F-15,Møre og Romsdal,2020,1631
F-15 Møre og Romsdal,M,15 years,15,F-15,Møre og Romsdal,2020,1732
F-15 Møre og Romsdal,M,16 years,16,F-15,Møre og Romsdal,2020,1743
F-15 Møre og Romsdal,M,17 years,17,F-15,Møre og Romsdal,2020,1635
F-15 Møre og Romsdal,M,18 years,18,F-15,Møre og Romsdal,2020,1767
F-15 Møre og Romsdal,M,19 years,19,F-15,Møre og Romsdal,2020,1843
F-15 Møre og Romsdal,M,20 years,20,F-15,Møre og Romsdal,2020,1842
F-15 Møre og Romsdal,M,21 years,21,F-15,Møre og Romsdal,2020,1728
F-15 Møre og Romsdal,M,22 years,22,F-15,Møre og Romsdal,2020,1695
F-15 Møre og Romsdal,M,23 years,23,F-15,Møre og Romsdal,2020,1768
F-15 Møre og Romsdal,M,24 years,24,F-15,Møre og Romsdal,2020,1731
F-15 Møre og Romsdal,M,25 years,25,F-15,Møre og Romsdal,2020,1657
F-15 Møre og Romsdal,M,26 years,26,F-15,Møre og Romsdal,2020,1631
F-15 Møre og Romsdal,M,27 years,27,F-15,Møre og Romsdal,2020,1600
F-15 Møre og Romsdal,M,28 years,28,F-15,Møre og Romsdal,2020,1725
F-15 Møre og Romsdal,M,29 years,29,F-15,Møre og Romsdal,2020,1700
F-15 Møre og Romsdal,M,30 years,30,F-15,Møre og Romsdal,2020,1680
F-15 Møre og Romsdal,M,31 years,31,F-15,Møre og Romsdal,2020,1746
F-15 Møre og Romsdal,M,32 years,32,F-15,Møre og Romsdal,2020,1669
F-15 Møre og Romsdal,M,33 years,33,F-15,Møre og Romsdal,2020,1762
F-15 Møre og Romsdal,M,34 years,34,F-15,Møre og Romsdal,2020,1720
F-15 Møre og Romsdal,M,35 years,35,F-15,Møre og Romsdal,2020,1768
F-15 Møre og Romsdal,M,36 years,36,F-15,Møre og Romsdal,2020,1798
F-15 Møre og Romsdal,M,37 years,37,F-15,Møre og Romsdal,2020,1701
F-15 Møre og Romsdal,M,38 years,38,F-15,Møre og Romsdal,2020,1689
F-15 Møre og Romsdal,M,39 years,39,F-15,Møre og Romsdal,2020,1713
F-15 Møre og Romsdal,M,40 years,40,F-15,Møre og Romsdal,2020,1740
F-15 Møre og Romsdal,M,41 years,41,F-15,Møre og Romsdal,2020,1625
F-15 Møre og Romsdal,M,42 years,42,F-15,Møre og Romsdal,2020,1594
F-15 Møre og Romsdal,M,43 years,43,F-15,Møre og Romsdal,2020,1682
F-15 Møre og Romsdal,M,44 years,44,F-15,Møre og Romsdal,2020,1639
F-15 Møre og Romsdal,M,45 years,45,F-15,Møre og Romsdal,2020,1769
F-15 Møre og Romsdal,M,46 years,46,F-15,Møre og Romsdal,2020,1917
F-15 Møre og Romsdal,M,47 years,47,F-15,Møre og Romsdal,2020,1943
F-15 Møre og Romsdal,M,48 years,48,F-15,Møre og Romsdal,2020,1890
F-15 Møre og Romsdal,M,49 years,49,F-15,Møre og Romsdal,2020,1915
F-15 Møre og Romsdal,M,50 years,50,F-15,Møre og Romsdal,2020,1935
F-15 Møre og Romsdal,M,51 years,51,F-15,Møre og Romsdal,2020,1932
F-15 Møre og Romsdal,M,52 years,52,F-15,Møre og Romsdal,2020,1952
F-15 Møre og Romsdal,M,53 years,53,F-15,Møre og Romsdal,2020,1804
F-15 Møre og Romsdal,M,54 years,54,F-15,Møre og Romsdal,2020,1808
F-15 Møre og Romsdal,M,55 years,55,F-15,Møre og Romsdal,2020,1721
F-15 Møre og Romsdal,M,56 years,56,F-15,Møre og Romsdal,2020,1735
F-15 Møre og Romsdal,M,57 years,57,F-15,Møre og Romsdal,2020,1704
F-15 Møre og Romsdal,M,58 years,58,F-15,Møre og Romsdal,2020,1688
F-15 Møre og Romsdal,M,59 years,59,F-15,Møre og Romsdal,2020,1628
F-15 Møre og Romsdal,M,60 years,60,F-15,Møre og Romsdal,2020,1717
F-15 Møre og Romsdal,M,61 years,61,F-15,Møre og Romsdal,2020,1713
F-15 Møre og Romsdal,M,62 years,62,F-15,Møre og Romsdal,2020,1668
F-15 Møre og Romsdal,M,63 years,63,F-15,Møre og Romsdal,2020,1710
F-15 Møre og Romsdal,M,64 years,64,F-15,Møre og Romsdal,2020,1651
F-15 Møre og Romsdal,M,65 years,65,F-15,Møre og Romsdal,2020,1653
F-15 Møre og Romsdal,M,66 years,66,F-15,Møre og Romsdal,2020,1573
F-15 Møre og Romsdal,M,67 years,67,F-15,Møre og Romsdal,2020,1617
F-15 Møre og Romsdal,M,68 years,68,F-15,Møre og Romsdal,2020,1569
F-15 Møre og Romsdal,M,69 years,69,F-15,Møre og Romsdal,2020,1426
F-15 Møre og Romsdal,M,70 years,70,F-15,Møre og Romsdal,2020,1493
F-15 Møre og Romsdal,M,71 years,71,F-15,Møre og Romsdal,2020,1502
F-15 Møre og Romsdal,M,72 years,72,F-15,Møre og Romsdal,2020,1403
F-15 Møre og Romsdal,M,73 years,73,F-15,Møre og Romsdal,2020,1424
F-15 Møre og Romsdal,M,74 years,74,F-15,Møre og Romsdal,2020,1306
F-15 Møre og Romsdal,M,75 years,75,F-15,Møre og Romsdal,2020,1160
F-15 Møre og Romsdal,M,76 years,76,F-15,Møre og Romsdal,2020,1019
F-15 Møre og Romsdal,M,77 years,77,F-15,Møre og Romsdal,2020,891
F-15 Møre og Romsdal,M,78 years,78,F-15,Møre og Romsdal,2020,758
F-15 Møre og Romsdal,M,79 years,79,F-15,Møre og Romsdal,2020,770
F-15 Møre og Romsdal,M,80 years,80,F-15,Møre og Romsdal,2020,698
F-15 Møre og Romsdal,M,81 years,81,F-15,Møre og Romsdal,2020,585
F-15 Møre og Romsdal,M,82 years,82,F-15,Møre og Romsdal,2020,539
F-15 Møre og Romsdal,M,83 years,83,F-15,Møre og Romsdal,2020,474
F-15 Møre og Romsdal,M,84 years,84,F-15,Møre og Romsdal,2020,436
F-15 Møre og Romsdal,M,85 years,85,F-15,Møre og Romsdal,2020,425
F-15 Møre og Romsdal,M,86 years,86,F-15,Møre og Romsdal,2020,335
F-15 Møre og Romsdal,M,87 years,87,F-15,Møre og Romsdal,2020,349
F-15 Møre og Romsdal,M,88 years,88,F-15,Møre og Romsdal,2020,300
F-15 Møre og Romsdal,M,89 years,89,F-15,Møre og Romsdal,2020,264
F-15 Møre og Romsdal,M,90 years,90,F-15,Møre og Romsdal,2020,213
F-15 Møre og Romsdal,M,91 years,91,F-15,Møre og Romsdal,2020,168
F-15 Møre og Romsdal,M,92 years,92,F-15,Møre og Romsdal,2020,133
F-15 Møre og Romsdal,M,93 years,93,F-15,Møre og Romsdal,2020,107
F-15 Møre og Romsdal,M,94 years,94,F-15,Møre og Romsdal,2020,74
F-15 Møre og Romsdal,M,95 years,95,F-15,Møre og Romsdal,2020,53
F-15 Møre og Romsdal,M,96 years,96,F-15,Møre og Romsdal,2020,35
F-15 Møre og Romsdal,M,97 years,97,F-15,Møre og Romsdal,2020,22
F-15 Møre og Romsdal,M,98 years,98,F-15,Møre og Romsdal,2020,11
F-15 Møre og Romsdal,M,99 years,99,F-15,Møre og Romsdal,2020,7
F-15 Møre og Romsdal,M,100 years,100,F-15,Møre og Romsdal,2020,9
F-15 Møre og Romsdal,M,101 years,101,F-15,Møre og Romsdal,2020,1
F-15 Møre og Romsdal,M,102 years,102,F-15,Møre og Romsdal,2020,1
F-15 Møre og Romsdal,M,103 years,103,F-15,Møre og Romsdal,2020,1
F-15 Møre og Romsdal,M,104 years,104,F-15,Møre og Romsdal,2020,1
F-15 Møre og Romsdal,M,105 years or older,105,F-15,Møre og Romsdal,2020,0
F-50 Trøndelag - Trööndelage,F,0 years,0,F-50,Trøndelag,2020,2258
F-50 Trøndelag - Trööndelage,F,1 year,1,F-50,Trøndelag,2020,2267
F-50 Trøndelag - Trööndelage,F,2 years,2,F-50,Trøndelag,2020,2481
F-50 Trøndelag - Trööndelage,F,3 years,3,F-50,Trøndelag,2020,2469
F-50 Trøndelag - Trööndelage,F,4 years,4,F-50,Trøndelag,2020,2587
F-50 Trøndelag - Trööndelage,F,5 years,5,F-50,Trøndelag,2020,2592
F-50 Trøndelag - Trööndelage,F,6 years,6,F-50,Trøndelag,2020,2686
F-50 Trøndelag - Trööndelage,F,7 years,7,F-50,Trøndelag,2020,2599
F-50 Trøndelag - Trööndelage,F,8 years,8,F-50,Trøndelag,2020,2639
F-50 Trøndelag - Trööndelage,F,9 years,9,F-50,Trøndelag,2020,2788
F-50 Trøndelag - Trööndelage,F,10 years,10,F-50,Trøndelag,2020,2768
F-50 Trøndelag - Trööndelage,F,11 years,11,F-50,Trøndelag,2020,2732
F-50 Trøndelag - Trööndelage,F,12 years,12,F-50,Trøndelag,2020,2679
F-50 Trøndelag - Trööndelage,F,13 years,13,F-50,Trøndelag,2020,2650
F-50 Trøndelag - Trööndelage,F,14 years,14,F-50,Trøndelag,2020,2717
F-50 Trøndelag - Trööndelage,F,15 years,15,F-50,Trøndelag,2020,2618
F-50 Trøndelag - Trööndelage,F,16 years,16,F-50,Trøndelag,2020,2639
F-50 Trøndelag - Trööndelage,F,17 years,17,F-50,Trøndelag,2020,2561
F-50 Trøndelag - Trööndelage,F,18 years,18,F-50,Trøndelag,2020,2729
F-50 Trøndelag - Trööndelage,F,19 years,19,F-50,Trøndelag,2020,2874
F-50 Trøndelag - Trööndelage,F,20 years,20,F-50,Trøndelag,2020,2959
F-50 Trøndelag - Trööndelage,F,21 years,21,F-50,Trøndelag,2020,3156
F-50 Trøndelag - Trööndelage,F,22 years,22,F-50,Trøndelag,2020,3162
F-50 Trøndelag - Trööndelage,F,23 years,23,F-50,Trøndelag,2020,3420
F-50 Trøndelag - Trööndelage,F,24 years,24,F-50,Trøndelag,2020,3266
F-50 Trøndelag - Trööndelage,F,25 years,25,F-50,Trøndelag,2020,3293
F-50 Trøndelag - Trööndelage,F,26 years,26,F-50,Trøndelag,2020,3300
F-50 Trøndelag - Trööndelage,F,27 years,27,F-50,Trøndelag,2020,3319
F-50 Trøndelag - Trööndelage,F,28 years,28,F-50,Trøndelag,2020,3292
F-50 Trøndelag - Trööndelage,F,29 years,29,F-50,Trøndelag,2020,3388
F-50 Trøndelag - Trööndelage,F,30 years,30,F-50,Trøndelag,2020,3175
F-50 Trøndelag - Trööndelage,F,31 years,31,F-50,Trøndelag,2020,3196
F-50 Trøndelag - Trööndelage,F,32 years,32,F-50,Trøndelag,2020,2983
F-50 Trøndelag - Trööndelage,F,33 years,33,F-50,Trøndelag,2020,3028
F-50 Trøndelag - Trööndelage,F,34 years,34,F-50,Trøndelag,2020,2981
F-50 Trøndelag - Trööndelage,F,35 years,35,F-50,Trøndelag,2020,2972
F-50 Trøndelag - Trööndelage,F,36 years,36,F-50,Trøndelag,2020,2861
F-50 Trøndelag - Trööndelage,F,37 years,37,F-50,Trøndelag,2020,2912
F-50 Trøndelag - Trööndelage,F,38 years,38,F-50,Trøndelag,2020,2807
F-50 Trøndelag - Trööndelage,F,39 years,39,F-50,Trøndelag,2020,2771
F-50 Trøndelag - Trööndelage,F,40 years,40,F-50,Trøndelag,2020,2728
F-50 Trøndelag - Trööndelage,F,41 years,41,F-50,Trøndelag,2020,2719
F-50 Trøndelag - Trööndelage,F,42 years,42,F-50,Trøndelag,2020,2650
F-50 Trøndelag - Trööndelage,F,43 years,43,F-50,Trøndelag,2020,2704
F-50 Trøndelag - Trööndelage,F,44 years,44,F-50,Trøndelag,2020,2843
F-50 Trøndelag - Trööndelage,F,45 years,45,F-50,Trøndelag,2020,2995
F-50 Trøndelag - Trööndelage,F,46 years,46,F-50,Trøndelag,2020,3008
F-50 Trøndelag - Trööndelage,F,47 years,47,F-50,Trøndelag,2020,3047
F-50 Trøndelag - Trööndelage,F,48 years,48,F-50,Trøndelag,2020,3106
F-50 Trøndelag - Trööndelage,F,49 years,49,F-50,Trøndelag,2020,3118
F-50 Trøndelag - Trööndelage,F,50 years,50,F-50,Trøndelag,2020,3177
F-50 Trøndelag - Trööndelage,F,51 years,51,F-50,Trøndelag,2020,3255
F-50 Trøndelag - Trööndelage,F,52 years,52,F-50,Trøndelag,2020,3071
F-50 Trøndelag - Trööndelage,F,53 years,53,F-50,Trøndelag,2020,3082
F-50 Trøndelag - Trööndelage,F,54 years,54,F-50,Trøndelag,2020,3053
F-50 Trøndelag - Trööndelage,F,55 years,55,F-50,Trøndelag,2020,2891
F-50 Trøndelag - Trööndelage,F,56 years,56,F-50,Trøndelag,2020,2831
F-50 Trøndelag - Trööndelage,F,57 years,57,F-50,Trøndelag,2020,2710
F-50 Trøndelag - Trööndelage,F,58 years,58,F-50,Trøndelag,2020,2704
F-50 Trøndelag - Trööndelage,F,59 years,59,F-50,Trøndelag,2020,2679
F-50 Trøndelag - Trööndelage,F,60 years,60,F-50,Trøndelag,2020,2650
F-50 Trøndelag - Trööndelage,F,61 years,61,F-50,Trøndelag,2020,2577
F-50 Trøndelag - Trööndelage,F,62 years,62,F-50,Trøndelag,2020,2575
F-50 Trøndelag - Trööndelage,F,63 years,63,F-50,Trøndelag,2020,2678
F-50 Trøndelag - Trööndelage,F,64 years,64,F-50,Trøndelag,2020,2671
F-50 Trøndelag - Trööndelage,F,65 years,65,F-50,Trøndelag,2020,2556
F-50 Trøndelag - Trööndelage,F,66 years,66,F-50,Trøndelag,2020,2538
F-50 Trøndelag - Trööndelage,F,67 years,67,F-50,Trøndelag,2020,2450
F-50 Trøndelag - Trööndelage,F,68 years,68,F-50,Trøndelag,2020,2374
F-50 Trøndelag - Trööndelage,F,69 years,69,F-50,Trøndelag,2020,2343
F-50 Trøndelag - Trööndelage,F,70 years,70,F-50,Trøndelag,2020,2249
F-50 Trøndelag - Trööndelage,F,71 years,71,F-50,Trøndelag,2020,2372
F-50 Trøndelag - Trööndelage,F,72 years,72,F-50,Trøndelag,2020,2301
F-50 Trøndelag - Trööndelage,F,73 years,73,F-50,Trøndelag,2020,2419
F-50 Trøndelag - Trööndelage,F,74 years,74,F-50,Trøndelag,2020,2258
F-50 Trøndelag - Trööndelage,F,75 years,75,F-50,Trøndelag,2020,2011
F-50 Trøndelag - Trööndelage,F,76 years,76,F-50,Trøndelag,2020,1853
F-50 Trøndelag - Trööndelage,F,77 years,77,F-50,Trøndelag,2020,1685
F-50 Trøndelag - Trööndelage,F,78 years,78,F-50,Trøndelag,2020,1475
F-50 Trøndelag - Trööndelage,F,79 years,79,F-50,Trøndelag,2020,1373
F-50 Trøndelag - Trööndelage,F,80 years,80,F-50,Trøndelag,2020,1370
F-50 Trøndelag - Trööndelage,F,81 years,81,F-50,Trøndelag,2020,1196
F-50 Trøndelag - Trööndelage,F,82 years,82,F-50,Trøndelag,2020,1051
F-50 Trøndelag - Trööndelage,F,83 years,83,F-50,Trøndelag,2020,1004
F-50 Trøndelag - Trööndelage,F,84 years,84,F-50,Trøndelag,2020,969
F-50 Trøndelag - Trööndelage,F,85 years,85,F-50,Trøndelag,2020,940
F-50 Trøndelag - Trööndelage,F,86 years,86,F-50,Trøndelag,2020,779
F-50 Trøndelag - Trööndelage,F,87 years,87,F-50,Trøndelag,2020,815
F-50 Trøndelag - Trööndelage,F,88 years,88,F-50,Trøndelag,2020,725
F-50 Trøndelag - Trööndelage,F,89 years,89,F-50,Trøndelag,2020,648
F-50 Trøndelag - Trööndelage,F,90 years,90,F-50,Trøndelag,2020,543
F-50 Trøndelag - Trööndelage,F,91 years,91,F-50,Trøndelag,2020,517
F-50 Trøndelag - Trööndelage,F,92 years,92,F-50,Trøndelag,2020,400
F-50 Trøndelag - Trööndelage,F,93 years,93,F-50,Trøndelag,2020,362
F-50 Trøndelag - Trööndelage,F,94 years,94,F-50,Trøndelag,2020,240
F-50 Trøndelag - Trööndelage,F,95 years,95,F-50,Trøndelag,2020,212
F-50 Trøndelag - Trööndelage,F,96 years,96,F-50,Trøndelag,2020,156
F-50 Trøndelag - Trööndelage,F,97 years,97,F-50,Trøndelag,2020,117
F-50 Trøndelag - Trööndelage,F,98 years,98,F-50,Trøndelag,2020,75
F-50 Trøndelag - Trööndelage,F,99 years,99,F-50,Trøndelag,2020,52
F-50 Trøndelag - Trööndelage,F,100 years,100,F-50,Trøndelag,2020,25
F-50 Trøndelag - Trööndelage,F,101 years,101,F-50,Trøndelag,2020,22
F-50 Trøndelag - Trööndelage,F,102 years,102,F-50,Trøndelag,2020,15
F-50 Trøndelag - Trööndelage,F,103 years,103,F-50,Trøndelag,2020,6
F-50 Trøndelag - Trööndelage,F,104 years,104,F-50,Trøndelag,2020,5
F-50 Trøndelag - Trööndelage,F,105 years or older,105,F-50,Trøndelag,2020,2
F-50 Trøndelag - Trööndelage,M,0 years,0,F-50,Trøndelag,2020,2485
F-50 Trøndelag - Trööndelage,M,1 year,1,F-50,Trøndelag,2020,2483
F-50 Trøndelag - Trööndelage,M,2 years,2,F-50,Trøndelag,2020,2539
F-50 Trøndelag - Trööndelage,M,3 years,3,F-50,Trøndelag,2020,2765
F-50 Trøndelag - Trööndelage,M,4 years,4,F-50,Trøndelag,2020,2722
F-50 Trøndelag - Trööndelage,M,5 years,5,F-50,Trøndelag,2020,2729
F-50 Trøndelag - Trööndelage,M,6 years,6,F-50,Trøndelag,2020,2783
F-50 Trøndelag - Trööndelage,M,7 years,7,F-50,Trøndelag,2020,2745
F-50 Trøndelag - Trööndelage,M,8 years,8,F-50,Trøndelag,2020,2872
F-50 Trøndelag - Trööndelage,M,9 years,9,F-50,Trøndelag,2020,2898
F-50 Trøndelag - Trööndelage,M,10 years,10,F-50,Trøndelag,2020,2953
F-50 Trøndelag - Trööndelage,M,11 years,11,F-50,Trøndelag,2020,2928
F-50 Trøndelag - Trööndelage,M,12 years,12,F-50,Trøndelag,2020,2816
F-50 Trøndelag - Trööndelage,M,13 years,13,F-50,Trøndelag,2020,2888
F-50 Trøndelag - Trööndelage,M,14 years,14,F-50,Trøndelag,2020,2745
F-50 Trøndelag - Trööndelage,M,15 years,15,F-50,Trøndelag,2020,2802
F-50 Trøndelag - Trööndelage,M,16 years,16,F-50,Trøndelag,2020,2746
F-50 Trøndelag - Trööndelage,M,17 years,17,F-50,Trøndelag,2020,2802
F-50 Trøndelag - Trööndelage,M,18 years,18,F-50,Trøndelag,2020,2887
F-50 Trøndelag - Trööndelage,M,19 years,19,F-50,Trøndelag,2020,3171
F-50 Trøndelag - Trööndelage,M,20 years,20,F-50,Trøndelag,2020,3207
F-50 Trøndelag - Trööndelage,M,21 years,21,F-50,Trøndelag,2020,3404
F-50 Trøndelag - Trööndelage,M,22 years,22,F-50,Trøndelag,2020,3659
F-50 Trøndelag - Trööndelage,M,23 years,23,F-50,Trøndelag,2020,3755
F-50 Trøndelag - Trööndelage,M,24 years,24,F-50,Trøndelag,2020,3730
F-50 Trøndelag - Trööndelage,M,25 years,25,F-50,Trøndelag,2020,3696
F-50 Trøndelag - Trööndelage,M,26 years,26,F-50,Trøndelag,2020,3599
F-50 Trøndelag - Trööndelage,M,27 years,27,F-50,Trøndelag,2020,3728
F-50 Trøndelag - Trööndelage,M,28 years,28,F-50,Trøndelag,2020,3762
F-50 Trøndelag - Trööndelage,M,29 years,29,F-50,Trøndelag,2020,3678
F-50 Trøndelag - Trööndelage,M,30 years,30,F-50,Trøndelag,2020,3643
F-50 Trøndelag - Trööndelage,M,31 years,31,F-50,Trøndelag,2020,3509
F-50 Trøndelag - Trööndelage,M,32 years,32,F-50,Trøndelag,2020,3305
F-50 Trøndelag - Trööndelage,M,33 years,33,F-50,Trøndelag,2020,3293
F-50 Trøndelag - Trööndelage,M,34 years,34,F-50,Trøndelag,2020,3140
F-50 Trøndelag - Trööndelage,M,35 years,35,F-50,Trøndelag,2020,3012
F-50 Trøndelag - Trööndelage,M,36 years,36,F-50,Trøndelag,2020,3064
F-50 Trøndelag - Trööndelage,M,37 years,37,F-50,Trøndelag,2020,3077
F-50 Trøndelag - Trööndelage,M,38 years,38,F-50,Trøndelag,2020,2940
F-50 Trøndelag - Trööndelage,M,39 years,39,F-50,Trøndelag,2020,3037
F-50 Trøndelag - Trööndelage,M,40 years,40,F-50,Trøndelag,2020,3028
F-50 Trøndelag - Trööndelage,M,41 years,41,F-50,Trøndelag,2020,2915
F-50 Trøndelag - Trööndelage,M,42 years,42,F-50,Trøndelag,2020,2842
F-50 Trøndelag - Trööndelage,M,43 years,43,F-50,Trøndelag,2020,2859
F-50 Trøndelag - Trööndelage,M,44 years,44,F-50,Trøndelag,2020,2899
F-50 Trøndelag - Trööndelage,M,45 years,45,F-50,Trøndelag,2020,3153
F-50 Trøndelag - Trööndelage,M,46 years,46,F-50,Trøndelag,2020,3221
F-50 Trøndelag - Trööndelage,M,47 years,47,F-50,Trøndelag,2020,3287
F-50 Trøndelag - Trööndelage,M,48 years,48,F-50,Trøndelag,2020,3286
F-50 Trøndelag - Trööndelage,M,49 years,49,F-50,Trøndelag,2020,3116
F-50 Trøndelag - Trööndelage,M,50 years,50,F-50,Trøndelag,2020,3320
F-50 Trøndelag - Trööndelage,M,51 years,51,F-50,Trøndelag,2020,3332
F-50 Trøndelag - Trööndelage,M,52 years,52,F-50,Trøndelag,2020,3134
F-50 Trøndelag - Trööndelage,M,53 years,53,F-50,Trøndelag,2020,3257
F-50 Trøndelag - Trööndelage,M,54 years,54,F-50,Trøndelag,2020,3233
F-50 Trøndelag - Trööndelage,M,55 years,55,F-50,Trøndelag,2020,3039
F-50 Trøndelag - Trööndelage,M,56 years,56,F-50,Trøndelag,2020,2949
F-50 Trøndelag - Trööndelage,M,57 years,57,F-50,Trøndelag,2020,2928
F-50 Trøndelag - Trööndelage,M,58 years,58,F-50,Trøndelag,2020,2743
F-50 Trøndelag - Trööndelage,M,59 years,59,F-50,Trøndelag,2020,2659
F-50 Trøndelag - Trööndelage,M,60 years,60,F-50,Trøndelag,2020,2756
F-50 Trøndelag - Trööndelage,M,61 years,61,F-50,Trøndelag,2020,2782
F-50 Trøndelag - Trööndelage,M,62 years,62,F-50,Trøndelag,2020,2704
F-50 Trøndelag - Trööndelage,M,63 years,63,F-50,Trøndelag,2020,2670
F-50 Trøndelag - Trööndelage,M,64 years,64,F-50,Trøndelag,2020,2588
F-50 Trøndelag - Trööndelage,M,65 years,65,F-50,Trøndelag,2020,2539
F-50 Trøndelag - Trööndelage,M,66 years,66,F-50,Trøndelag,2020,2421
F-50 Trøndelag - Trööndelage,M,67 years,67,F-50,Trøndelag,2020,2484
F-50 Trøndelag - Trööndelage,M,68 years,68,F-50,Trøndelag,2020,2423
F-50 Trøndelag - Trööndelage,M,69 years,69,F-50,Trøndelag,2020,2325
F-50 Trøndelag - Trööndelage,M,70 years,70,F-50,Trøndelag,2020,2320
F-50 Trøndelag - Trööndelage,M,71 years,71,F-50,Trøndelag,2020,2360
F-50 Trøndelag - Trööndelage,M,72 years,72,F-50,Trøndelag,2020,2246
F-50 Trøndelag - Trööndelage,M,73 years,73,F-50,Trøndelag,2020,2274
F-50 Trøndelag - Trööndelage,M,74 years,74,F-50,Trøndelag,2020,2076
F-50 Trøndelag - Trööndelage,M,75 years,75,F-50,Trøndelag,2020,1893
F-50 Trøndelag - Trööndelage,M,76 years,76,F-50,Trøndelag,2020,1780
F-50 Trøndelag - Trööndelage,M,77 years,77,F-50,Trøndelag,2020,1540
F-50 Trøndelag - Trööndelage,M,78 years,78,F-50,Trøndelag,2020,1405
F-50 Trøndelag - Trööndelage,M,79 years,79,F-50,Trøndelag,2020,1209
F-50 Trøndelag - Trööndelage,M,80 years,80,F-50,Trøndelag,2020,1088
F-50 Trøndelag - Trööndelage,M,81 years,81,F-50,Trøndelag,2020,993
F-50 Trøndelag - Trööndelage,M,82 years,82,F-50,Trøndelag,2020,885
F-50 Trøndelag - Trööndelage,M,83 years,83,F-50,Trøndelag,2020,789
F-50 Trøndelag - Trööndelage,M,84 years,84,F-50,Trøndelag,2020,676
F-50 Trøndelag - Trööndelage,M,85 years,85,F-50,Trøndelag,2020,631
F-50 Trøndelag - Trööndelage,M,86 years,86,F-50,Trøndelag,2020,577
F-50 Trøndelag - Trööndelage,M,87 years,87,F-50,Trøndelag,2020,507
F-50 Trøndelag - Trööndelage,M,88 years,88,F-50,Trøndelag,2020,417
F-50 Trøndelag - Trööndelage,M,89 years,89,F-50,Trøndelag,2020,370
F-50 Trøndelag - Trööndelage,M,90 years,90,F-50,Trøndelag,2020,286
F-50 Trøndelag - Trööndelage,M,91 years,91,F-50,Trøndelag,2020,243
F-50 Trøndelag - Trööndelage,M,92 years,92,F-50,Trøndelag,2020,177
F-50 Trøndelag - Trööndelage,M,93 years,93,F-50,Trøndelag,2020,167
F-50 Trøndelag - Trööndelage,M,94 years,94,F-50,Trøndelag,2020,94
F-50 Trøndelag - Trööndelage,M,95 years,95,F-50,Trøndelag,2020,96
F-50 Trøndelag - Trööndelage,M,96 years,96,F-50,Trøndelag,2020,61
F-50 Trøndelag - Trööndelage,M,97 years,97,F-50,Trøndelag,2020,27
F-50 Trøndelag - Trööndelage,M,98 years,98,F-50,Trøndelag,2020,13
F-50 Trøndelag - Trööndelage,M,99 years,99,F-50,Trøndelag,2020,7
F-50 Trøndelag - Trööndelage,M,100 years,100,F-50,Trøndelag,2020,4
F-50 Trøndelag - Trööndelage,M,101 years,101,F-50,Trøndelag,2020,3
F-50 Trøndelag - Trööndelage,M,102 years,102,F-50,Trøndelag,2020,0
F-50 Trøndelag - Trööndelage,M,103 years,103,F-50,Trøndelag,2020,0
F-50 Trøndelag - Trööndelage,M,104 years,104,F-50,Trøndelag,2020,0
F-50 Trøndelag - Trööndelage,M,105 years or older,105,F-50,Trøndelag,2020,0
F-15 Møre og Romsdal,F,0 years,0,F-15,Møre og Romsdal,2021,1199
F-15 Møre og Romsdal,F,1 year,1,F-15,Møre og Romsdal,2021,1287
F-15 Møre og Romsdal,F,2 years,2,F-15,Møre og Romsdal,2021,1319
F-15 Møre og Romsdal,F,3 years,3,F-15,Møre og Romsdal,2021,1389
F-15 Møre og Romsdal,F,4 years,4,F-15,Møre og Romsdal,2021,1408
F-15 Møre og Romsdal,F,5 years,5,F-15,Møre og Romsdal,2021,1439
F-15 Møre og Romsdal,F,6 years,6,F-15,Møre og Romsdal,2021,1385
F-15 Møre og Romsdal,F,7 years,7,F-15,Møre og Romsdal,2021,1479
F-15 Møre og Romsdal,F,8 years,8,F-15,Møre og Romsdal,2021,1537
F-15 Møre og Romsdal,F,9 years,9,F-15,Møre og Romsdal,2021,1554
F-15 Møre og Romsdal,F,10 years,10,F-15,Møre og Romsdal,2021,1593
F-15 Møre og Romsdal,F,11 years,11,F-15,Møre og Romsdal,2021,1647
F-15 Møre og Romsdal,F,12 years,12,F-15,Møre og Romsdal,2021,1607
F-15 Møre og Romsdal,F,13 years,13,F-15,Møre og Romsdal,2021,1610
F-15 Møre og Romsdal,F,14 years,14,F-15,Møre og Romsdal,2021,1598
F-15 Møre og Romsdal,F,15 years,15,F-15,Møre og Romsdal,2021,1604
F-15 Møre og Romsdal,F,16 years,16,F-15,Møre og Romsdal,2021,1630
F-15 Møre og Romsdal,F,17 years,17,F-15,Møre og Romsdal,2021,1584
F-15 Møre og Romsdal,F,18 years,18,F-15,Møre og Romsdal,2021,1583
F-15 Møre og Romsdal,F,19 years,19,F-15,Møre og Romsdal,2021,1644
F-15 Møre og Romsdal,F,20 years,20,F-15,Møre og Romsdal,2021,1572
F-15 Møre og Romsdal,F,21 years,21,F-15,Møre og Romsdal,2021,1584
F-15 Møre og Romsdal,F,22 years,22,F-15,Møre og Romsdal,2021,1531
F-15 Møre og Romsdal,F,23 years,23,F-15,Møre og Romsdal,2021,1501
F-15 Møre og Romsdal,F,24 years,24,F-15,Møre og Romsdal,2021,1468
F-15 Møre og Romsdal,F,25 years,25,F-15,Møre og Romsdal,2021,1381
F-15 Møre og Romsdal,F,26 years,26,F-15,Møre og Romsdal,2021,1419
F-15 Møre og Romsdal,F,27 years,27,F-15,Møre og Romsdal,2021,1448
F-15 Møre og Romsdal,F,28 years,28,F-15,Møre og Romsdal,2021,1487
F-15 Møre og Romsdal,F,29 years,29,F-15,Møre og Romsdal,2021,1561
F-15 Møre og Romsdal,F,30 years,30,F-15,Møre og Romsdal,2021,1601
F-15 Møre og Romsdal,F,31 years,31,F-15,Møre og Romsdal,2021,1627
F-15 Møre og Romsdal,F,32 years,32,F-15,Møre og Romsdal,2021,1581
F-15 Møre og Romsdal,F,33 years,33,F-15,Møre og Romsdal,2021,1593
F-15 Møre og Romsdal,F,34 years,34,F-15,Møre og Romsdal,2021,1573
F-15 Møre og Romsdal,F,35 years,35,F-15,Møre og Romsdal,2021,1590
F-15 Møre og Romsdal,F,36 years,36,F-15,Møre og Romsdal,2021,1583
F-15 Møre og Romsdal,F,37 years,37,F-15,Møre og Romsdal,2021,1581
F-15 Møre og Romsdal,F,38 years,38,F-15,Møre og Romsdal,2021,1591
F-15 Møre og Romsdal,F,39 years,39,F-15,Møre og Romsdal,2021,1561
F-15 Møre og Romsdal,F,40 years,40,F-15,Møre og Romsdal,2021,1607
F-15 Møre og Romsdal,F,41 years,41,F-15,Møre og Romsdal,2021,1571
F-15 Møre og Romsdal,F,42 years,42,F-15,Møre og Romsdal,2021,1544
F-15 Møre og Romsdal,F,43 years,43,F-15,Møre og Romsdal,2021,1543
F-15 Møre og Romsdal,F,44 years,44,F-15,Møre og Romsdal,2021,1532
F-15 Møre og Romsdal,F,45 years,45,F-15,Møre og Romsdal,2021,1539
F-15 Møre og Romsdal,F,46 years,46,F-15,Møre og Romsdal,2021,1661
F-15 Møre og Romsdal,F,47 years,47,F-15,Møre og Romsdal,2021,1590
F-15 Møre og Romsdal,F,48 years,48,F-15,Møre og Romsdal,2021,1763
F-15 Møre og Romsdal,F,49 years,49,F-15,Møre og Romsdal,2021,1787
F-15 Møre og Romsdal,F,50 years,50,F-15,Møre og Romsdal,2021,1785
F-15 Møre og Romsdal,F,51 years,51,F-15,Møre og Romsdal,2021,1865
F-15 Møre og Romsdal,F,52 years,52,F-15,Møre og Romsdal,2021,1850
F-15 Møre og Romsdal,F,53 years,53,F-15,Møre og Romsdal,2021,1697
F-15 Møre og Romsdal,F,54 years,54,F-15,Møre og Romsdal,2021,1655
F-15 Møre og Romsdal,F,55 years,55,F-15,Møre og Romsdal,2021,1611
F-15 Møre og Romsdal,F,56 years,56,F-15,Møre og Romsdal,2021,1589
F-15 Møre og Romsdal,F,57 years,57,F-15,Møre og Romsdal,2021,1547
F-15 Møre og Romsdal,F,58 years,58,F-15,Møre og Romsdal,2021,1558
F-15 Møre og Romsdal,F,59 years,59,F-15,Møre og Romsdal,2021,1596
F-15 Møre og Romsdal,F,60 years,60,F-15,Møre og Romsdal,2021,1637
F-15 Møre og Romsdal,F,61 years,61,F-15,Møre og Romsdal,2021,1630
F-15 Møre og Romsdal,F,62 years,62,F-15,Møre og Romsdal,2021,1613
F-15 Møre og Romsdal,F,63 years,63,F-15,Møre og Romsdal,2021,1569
F-15 Møre og Romsdal,F,64 years,64,F-15,Møre og Romsdal,2021,1730
F-15 Møre og Romsdal,F,65 years,65,F-15,Møre og Romsdal,2021,1580
F-15 Møre og Romsdal,F,66 years,66,F-15,Møre og Romsdal,2021,1584
F-15 Møre og Romsdal,F,67 years,67,F-15,Møre og Romsdal,2021,1536
F-15 Møre og Romsdal,F,68 years,68,F-15,Møre og Romsdal,2021,1556
F-15 Møre og Romsdal,F,69 years,69,F-15,Møre og Romsdal,2021,1401
F-15 Møre og Romsdal,F,70 years,70,F-15,Møre og Romsdal,2021,1515
F-15 Møre og Romsdal,F,71 years,71,F-15,Møre og Romsdal,2021,1410
F-15 Møre og Romsdal,F,72 years,72,F-15,Møre og Romsdal,2021,1405
F-15 Møre og Romsdal,F,73 years,73,F-15,Møre og Romsdal,2021,1375
F-15 Møre og Romsdal,F,74 years,74,F-15,Møre og Romsdal,2021,1377
F-15 Møre og Romsdal,F,75 years,75,F-15,Møre og Romsdal,2021,1241
F-15 Møre og Romsdal,F,76 years,76,F-15,Møre og Romsdal,2021,1202
F-15 Møre og Romsdal,F,77 years,77,F-15,Møre og Romsdal,2021,1059
F-15 Møre og Romsdal,F,78 years,78,F-15,Møre og Romsdal,2021,924
F-15 Møre og Romsdal,F,79 years,79,F-15,Møre og Romsdal,2021,869
F-15 Møre og Romsdal,F,80 years,80,F-15,Møre og Romsdal,2021,777
F-15 Møre og Romsdal,F,81 years,81,F-15,Møre og Romsdal,2021,801
F-15 Møre og Romsdal,F,82 years,82,F-15,Møre og Romsdal,2021,676
F-15 Møre og Romsdal,F,83 years,83,F-15,Møre og Romsdal,2021,645
F-15 Møre og Romsdal,F,84 years,84,F-15,Møre og Romsdal,2021,603
F-15 Møre og Romsdal,F,85 years,85,F-15,Møre og Romsdal,2021,565
F-15 Møre og Romsdal,F,86 years,86,F-15,Møre og Romsdal,2021,544
F-15 Møre og Romsdal,F,87 years,87,F-15,Møre og Romsdal,2021,522
F-15 Møre og Romsdal,F,88 years,88,F-15,Møre og Romsdal,2021,482
F-15 Møre og Romsdal,F,89 years,89,F-15,Møre og Romsdal,2021,401
F-15 Møre og Romsdal,F,90 years,90,F-15,Møre og Romsdal,2021,428
F-15 Møre og Romsdal,F,91 years,91,F-15,Møre og Romsdal,2021,322
F-15 Møre og Romsdal,F,92 years,92,F-15,Møre og Romsdal,2021,328
F-15 Møre og Romsdal,F,93 years,93,F-15,Møre og Romsdal,2021,272
F-15 Møre og Romsdal,F,94 years,94,F-15,Møre og Romsdal,2021,197
F-15 Møre og Romsdal,F,95 years,95,F-15,Møre og Romsdal,2021,161
F-15 Møre og Romsdal,F,96 years,96,F-15,Møre og Romsdal,2021,134
F-15 Møre og Romsdal,F,97 years,97,F-15,Møre og Romsdal,2021,82
F-15 Møre og Romsdal,F,98 years,98,F-15,Møre og Romsdal,2021,50
F-15 Møre og Romsdal,F,99 years,99,F-15,Møre og Romsdal,2021,42
F-15 Møre og Romsdal,F,100 years,100,F-15,Møre og Romsdal,2021,25
F-15 Møre og Romsdal,F,101 years,101,F-15,Møre og Romsdal,2021,17
F-15 Møre og Romsdal,F,102 years,102,F-15,Møre og Romsdal,2021,6
F-15 Møre og Romsdal,F,103 years,103,F-15,Møre og Romsdal,2021,3
F-15 Møre og Romsdal,F,104 years,104,F-15,Møre og Romsdal,2021,3
F-15 Møre og Romsdal,F,105 years or older,105,F-15,Møre og Romsdal,2021,5
F-15 Møre og Romsdal,M,0 years,0,F-15,Møre og Romsdal,2021,1250
F-15 Møre og Romsdal,M,1 year,1,F-15,Møre og Romsdal,2021,1316
F-15 Møre og Romsdal,M,2 years,2,F-15,Møre og Romsdal,2021,1405
F-15 Møre og Romsdal,M,3 years,3,F-15,Møre og Romsdal,2021,1422
F-15 Møre og Romsdal,M,4 years,4,F-15,Møre og Romsdal,2021,1464
F-15 Møre og Romsdal,M,5 years,5,F-15,Møre og Romsdal,2021,1468
F-15 Møre og Romsdal,M,6 years,6,F-15,Møre og Romsdal,2021,1523
F-15 Møre og Romsdal,M,7 years,7,F-15,Møre og Romsdal,2021,1541
F-15 Møre og Romsdal,M,8 years,8,F-15,Møre og Romsdal,2021,1588
F-15 Møre og Romsdal,M,9 years,9,F-15,Møre og Romsdal,2021,1642
F-15 Møre og Romsdal,M,10 years,10,F-15,Møre og Romsdal,2021,1598
F-15 Møre og Romsdal,M,11 years,11,F-15,Møre og Romsdal,2021,1776
F-15 Møre og Romsdal,M,12 years,12,F-15,Møre og Romsdal,2021,1671
F-15 Møre og Romsdal,M,13 years,13,F-15,Møre og Romsdal,2021,1691
F-15 Møre og Romsdal,M,14 years,14,F-15,Møre og Romsdal,2021,1643
F-15 Møre og Romsdal,M,15 years,15,F-15,Møre og Romsdal,2021,1638
F-15 Møre og Romsdal,M,16 years,16,F-15,Møre og Romsdal,2021,1735
F-15 Møre og Romsdal,M,17 years,17,F-15,Møre og Romsdal,2021,1738
F-15 Møre og Romsdal,M,18 years,18,F-15,Møre og Romsdal,2021,1643
F-15 Møre og Romsdal,M,19 years,19,F-15,Møre og Romsdal,2021,1765
F-15 Møre og Romsdal,M,20 years,20,F-15,Møre og Romsdal,2021,1794
F-15 Møre og Romsdal,M,21 years,21,F-15,Møre og Romsdal,2021,1803
F-15 Møre og Romsdal,M,22 years,22,F-15,Møre og Romsdal,2021,1701
F-15 Møre og Romsdal,M,23 years,23,F-15,Møre og Romsdal,2021,1666
F-15 Møre og Romsdal,M,24 years,24,F-15,Møre og Romsdal,2021,1713
F-15 Møre og Romsdal,M,25 years,25,F-15,Møre og Romsdal,2021,1716
F-15 Møre og Romsdal,M,26 years,26,F-15,Møre og Romsdal,2021,1625
F-15 Møre og Romsdal,M,27 years,27,F-15,Møre og Romsdal,2021,1611
F-15 Møre og Romsdal,M,28 years,28,F-15,Møre og Romsdal,2021,1567
F-15 Møre og Romsdal,M,29 years,29,F-15,Møre og Romsdal,2021,1728
F-15 Møre og Romsdal,M,30 years,30,F-15,Møre og Romsdal,2021,1709
F-15 Møre og Romsdal,M,31 years,31,F-15,Møre og Romsdal,2021,1683
F-15 Møre og Romsdal,M,32 years,32,F-15,Møre og Romsdal,2021,1748
F-15 Møre og Romsdal,M,33 years,33,F-15,Møre og Romsdal,2021,1689
F-15 Møre og Romsdal,M,34 years,34,F-15,Møre og Romsdal,2021,1779
F-15 Møre og Romsdal,M,35 years,35,F-15,Møre og Romsdal,2021,1730
F-15 Møre og Romsdal,M,36 years,36,F-15,Møre og Romsdal,2021,1767
F-15 Møre og Romsdal,M,37 years,37,F-15,Møre og Romsdal,2021,1799
F-15 Møre og Romsdal,M,38 years,38,F-15,Møre og Romsdal,2021,1720
F-15 Møre og Romsdal,M,39 years,39,F-15,Møre og Romsdal,2021,1692
F-15 Møre og Romsdal,M,40 years,40,F-15,Møre og Romsdal,2021,1739
F-15 Møre og Romsdal,M,41 years,41,F-15,Møre og Romsdal,2021,1749
F-15 Møre og Romsdal,M,42 years,42,F-15,Møre og Romsdal,2021,1630
F-15 Møre og Romsdal,M,43 years,43,F-15,Møre og Romsdal,2021,1598
F-15 Møre og Romsdal,M,44 years,44,F-15,Møre og Romsdal,2021,1679
F-15 Møre og Romsdal,M,45 years,45,F-15,Møre og Romsdal,2021,1644
F-15 Møre og Romsdal,M,46 years,46,F-15,Møre og Romsdal,2021,1772
F-15 Møre og Romsdal,M,47 years,47,F-15,Møre og Romsdal,2021,1914
F-15 Møre og Romsdal,M,48 years,48,F-15,Møre og Romsdal,2021,1943
F-15 Møre og Romsdal,M,49 years,49,F-15,Møre og Romsdal,2021,1884
F-15 Møre og Romsdal,M,50 years,50,F-15,Møre og Romsdal,2021,1916
F-15 Møre og Romsdal,M,51 years,51,F-15,Møre og Romsdal,2021,1935
F-15 Møre og Romsdal,M,52 years,52,F-15,Møre og Romsdal,2021,1931
F-15 Møre og Romsdal,M,53 years,53,F-15,Møre og Romsdal,2021,1938
F-15 Møre og Romsdal,M,54 years,54,F-15,Møre og Romsdal,2021,1800
F-15 Møre og Romsdal,M,55 years,55,F-15,Møre og Romsdal,2021,1816
F-15 Møre og Romsdal,M,56 years,56,F-15,Møre og Romsdal,2021,1719
F-15 Møre og Romsdal,M,57 years,57,F-15,Møre og Romsdal,2021,1732
F-15 Møre og Romsdal,M,58 years,58,F-15,Møre og Romsdal,2021,1709
F-15 Møre og Romsdal,M,59 years,59,F-15,Møre og Romsdal,2021,1684
F-15 Møre og Romsdal,M,60 years,60,F-15,Møre og Romsdal,2021,1619
F-15 Møre og Romsdal,M,61 years,61,F-15,Møre og Romsdal,2021,1707
F-15 Møre og Romsdal,M,62 years,62,F-15,Møre og Romsdal,2021,1716
F-15 Møre og Romsdal,M,63 years,63,F-15,Møre og Romsdal,2021,1657
F-15 Møre og Romsdal,M,64 years,64,F-15,Møre og Romsdal,2021,1696
F-15 Møre og Romsdal,M,65 years,65,F-15,Møre og Romsdal,2021,1642
F-15 Møre og Romsdal,M,66 years,66,F-15,Møre og Romsdal,2021,1641
F-15 Møre og Romsdal,M,67 years,67,F-15,Møre og Romsdal,2021,1554
F-15 Møre og Romsdal,M,68 years,68,F-15,Møre og Romsdal,2021,1606
F-15 Møre og Romsdal,M,69 years,69,F-15,Møre og Romsdal,2021,1538
F-15 Møre og Romsdal,M,70 years,70,F-15,Møre og Romsdal,2021,1410
F-15 Møre og Romsdal,M,71 years,71,F-15,Møre og Romsdal,2021,1464
F-15 Møre og Romsdal,M,72 years,72,F-15,Møre og Romsdal,2021,1484
F-15 Møre og Romsdal,M,73 years,73,F-15,Møre og Romsdal,2021,1377
F-15 Møre og Romsdal,M,74 years,74,F-15,Møre og Romsdal,2021,1399
F-15 Møre og Romsdal,M,75 years,75,F-15,Møre og Romsdal,2021,1266
F-15 Møre og Romsdal,M,76 years,76,F-15,Møre og Romsdal,2021,1134
F-15 Møre og Romsdal,M,77 years,77,F-15,Møre og Romsdal,2021,990
F-15 Møre og Romsdal,M,78 years,78,F-15,Møre og Romsdal,2021,857
F-15 Møre og Romsdal,M,79 years,79,F-15,Møre og Romsdal,2021,729
F-15 Møre og Romsdal,M,80 years,80,F-15,Møre og Romsdal,2021,735
F-15 Møre og Romsdal,M,81 years,81,F-15,Møre og Romsdal,2021,663
F-15 Møre og Romsdal,M,82 years,82,F-15,Møre og Romsdal,2021,554
F-15 Møre og Romsdal,M,83 years,83,F-15,Møre og Romsdal,2021,507
F-15 Møre og Romsdal,M,84 years,84,F-15,Møre og Romsdal,2021,439
F-15 Møre og Romsdal,M,85 years,85,F-15,Møre og Romsdal,2021,408
F-15 Møre og Romsdal,M,86 years,86,F-15,Møre og Romsdal,2021,386
F-15 Møre og Romsdal,M,87 years,87,F-15,Møre og Romsdal,2021,306
F-15 Møre og Romsdal,M,88 years,88,F-15,Møre og Romsdal,2021,306
F-15 Møre og Romsdal,M,89 years,89,F-15,Møre og Romsdal,2021,254
F-15 Møre og Romsdal,M,90 years,90,F-15,Møre og Romsdal,2021,226
F-15 Møre og Romsdal,M,91 years,91,F-15,Møre og Romsdal,2021,180
F-15 Møre og Romsdal,M,92 years,92,F-15,Møre og Romsdal,2021,139
F-15 Møre og Romsdal,M,93 years,93,F-15,Møre og Romsdal,2021,108
F-15 Møre og Romsdal,M,94 years,94,F-15,Møre og Romsdal,2021,85
F-15 Møre og Romsdal,M,95 years,95,F-15,Møre og Romsdal,2021,62
F-15 Møre og Romsdal,M,96 years,96,F-15,Møre og Romsdal,2021,40
F-15 Møre og Romsdal,M,97 years,97,F-15,Møre og Romsdal,2021,15
F-15 Møre og Romsdal,M,98 years,98,F-15,Møre og Romsdal,2021,14
F-15 Møre og Romsdal,M,99 years,99,F-15,Møre og Romsdal,2021,8
F-15 Møre og Romsdal,M,100 years,100,F-15,Møre og Romsdal,2021,4
F-15 Møre og Romsdal,M,101 years,101,F-15,Møre og Romsdal,2021,6
F-15 Møre og Romsdal,M,102 years,102,F-15,Møre og Romsdal,2021,0
F-15 Møre og Romsdal,M,103 years,103,F-15,Møre og Romsdal,2021,1
F-15 Møre og Romsdal,M,104 years,104,F-15,Møre og Romsdal,2021,0
F-15 Møre og Romsdal,M,105 years or older,105,F-15,Møre og Romsdal,2021,0
F-50 Trøndelag - Trööndelage,F,0 years,0,F-50,Trøndelag,2021,2318
F-50 Trøndelag - Trööndelage,F,1 year,1,F-50,Trøndelag,2021,2260
F-50 Trøndelag - Trööndelage,F,2 years,2,F-50,Trøndelag,2021,2269
F-50 Trøndelag - Trööndelage,F,3 years,3,F-50,Trøndelag,2021,2459
F-50 Trøndelag - Trööndelage,F,4 years,4,F-50,Trøndelag,2021,2466
F-50 Trøndelag - Trööndelage,F,5 years,5,F-50,Trøndelag,2021,2570
F-50 Trøndelag - Trööndelage,F,6 years,6,F-50,Trøndelag,2021,2592
F-50 Trøndelag - Trööndelage,F,7 years,7,F-50,Trøndelag,2021,2673
F-50 Trøndelag - Trööndelage,F,8 years,8,F-50,Trøndelag,2021,2600
F-50 Trøndelag - Trööndelage,F,9 years,9,F-50,Trøndelag,2021,2640
F-50 Trøndelag - Trööndelage,F,10 years,10,F-50,Trøndelag,2021,2784
F-50 Trøndelag - Trööndelage,F,11 years,11,F-50,Trøndelag,2021,2763
F-50 Trøndelag - Trööndelage,F,12 years,12,F-50,Trøndelag,2021,2740
F-50 Trøndelag - Trööndelage,F,13 years,13,F-50,Trøndelag,2021,2677
F-50 Trøndelag - Trööndelage,F,14 years,14,F-50,Trøndelag,2021,2651
F-50 Trøndelag - Trööndelage,F,15 years,15,F-50,Trøndelag,2021,2720
F-50 Trøndelag - Trööndelage,F,16 years,16,F-50,Trøndelag,2021,2635
F-50 Trøndelag - Trööndelage,F,17 years,17,F-50,Trøndelag,2021,2648
F-50 Trøndelag - Trööndelage,F,18 years,18,F-50,Trøndelag,2021,2569
F-50 Trøndelag - Trööndelage,F,19 years,19,F-50,Trøndelag,2021,2862
F-50 Trøndelag - Trööndelage,F,20 years,20,F-50,Trøndelag,2021,3049
F-50 Trøndelag - Trööndelage,F,21 years,21,F-50,Trøndelag,2021,3113
F-50 Trøndelag - Trööndelage,F,22 years,22,F-50,Trøndelag,2021,3283
F-50 Trøndelag - Trööndelage,F,23 years,23,F-50,Trøndelag,2021,3187
F-50 Trøndelag - Trööndelage,F,24 years,24,F-50,Trøndelag,2021,3412
F-50 Trøndelag - Trööndelage,F,25 years,25,F-50,Trøndelag,2021,3220
F-50 Trøndelag - Trööndelage,F,26 years,26,F-50,Trøndelag,2021,3282
F-50 Trøndelag - Trööndelage,F,27 years,27,F-50,Trøndelag,2021,3284
F-50 Trøndelag - Trööndelage,F,28 years,28,F-50,Trøndelag,2021,3274
F-50 Trøndelag - Trööndelage,F,29 years,29,F-50,Trøndelag,2021,3265
F-50 Trøndelag - Trööndelage,F,30 years,30,F-50,Trøndelag,2021,3382
F-50 Trøndelag - Trööndelage,F,31 years,31,F-50,Trøndelag,2021,3171
F-50 Trøndelag - Trööndelage,F,32 years,32,F-50,Trøndelag,2021,3203
F-50 Trøndelag - Trööndelage,F,33 years,33,F-50,Trøndelag,2021,2985
F-50 Trøndelag - Trööndelage,F,34 years,34,F-50,Trøndelag,2021,3051
F-50 Trøndelag - Trööndelage,F,35 years,35,F-50,Trøndelag,2021,3005
F-50 Trøndelag - Trööndelage,F,36 years,36,F-50,Trøndelag,2021,2973
F-50 Trøndelag - Trööndelage,F,37 years,37,F-50,Trøndelag,2021,2874
F-50 Trøndelag - Trööndelage,F,38 years,38,F-50,Trøndelag,2021,2910
F-50 Trøndelag - Trööndelage,F,39 years,39,F-50,Trøndelag,2021,2805
F-50 Trøndelag - Trööndelage,F,40 years,40,F-50,Trøndelag,2021,2767
F-50 Trøndelag - Trööndelage,F,41 years,41,F-50,Trøndelag,2021,2723
F-50 Trøndelag - Trööndelage,F,42 years,42,F-50,Trøndelag,2021,2715
F-50 Trøndelag - Trööndelage,F,43 years,43,F-50,Trøndelag,2021,2664
F-50 Trøndelag - Trööndelage,F,44 years,44,F-50,Trøndelag,2021,2714
F-50 Trøndelag - Trööndelage,F,45 years,45,F-50,Trøndelag,2021,2841
F-50 Trøndelag - Trööndelage,F,46 years,46,F-50,Trøndelag,2021,3012
F-50 Trøndelag - Trööndelage,F,47 years,47,F-50,Trøndelag,2021,3021
F-50 Trøndelag - Trööndelage,F,48 years,48,F-50,Trøndelag,2021,3041
F-50 Trøndelag - Trööndelage,F,49 years,49,F-50,Trøndelag,2021,3096
F-50 Trøndelag - Trööndelage,F,50 years,50,F-50,Trøndelag,2021,3130
F-50 Trøndelag - Trööndelage,F,51 years,51,F-50,Trøndelag,2021,3166
F-50 Trøndelag - Trööndelage,F,52 years,52,F-50,Trøndelag,2021,3260
F-50 Trøndelag - Trööndelage,F,53 years,53,F-50,Trøndelag,2021,3072
F-50 Trøndelag - Trööndelage,F,54 years,54,F-50,Trøndelag,2021,3074
F-50 Trøndelag - Trööndelage,F,55 years,55,F-50,Trøndelag,2021,3051
F-50 Trøndelag - Trööndelage,F,56 years,56,F-50,Trøndelag,2021,2876
F-50 Trøndelag - Trööndelage,F,57 years,57,F-50,Trøndelag,2021,2835
F-50 Trøndelag - Trööndelage,F,58 years,58,F-50,Trøndelag,2021,2707
F-50 Trøndelag - Trööndelage,F,59 years,59,F-50,Trøndelag,2021,2701
F-50 Trøndelag - Trööndelage,F,60 years,60,F-50,Trøndelag,2021,2666
F-50 Trøndelag - Trööndelage,F,61 years,61,F-50,Trøndelag,2021,2641
F-50 Trøndelag - Trööndelage,F,62 years,62,F-50,Trøndelag,2021,2567
F-50 Trøndelag - Trööndelage,F,63 years,63,F-50,Trøndelag,2021,2567
F-50 Trøndelag - Trööndelage,F,64 years,64,F-50,Trøndelag,2021,2660
F-50 Trøndelag - Trööndelage,F,65 years,65,F-50,Trøndelag,2021,2662
F-50 Trøndelag - Trööndelage,F,66 years,66,F-50,Trøndelag,2021,2546
F-50 Trøndelag - Trööndelage,F,67 years,67,F-50,Trøndelag,2021,2520
F-50 Trøndelag - Trööndelage,F,68 years,68,F-50,Trøndelag,2021,2428
F-50 Trøndelag - Trööndelage,F,69 years,69,F-50,Trøndelag,2021,2356
F-50 Trøndelag - Trööndelage,F,70 years,70,F-50,Trøndelag,2021,2317
F-50 Trøndelag - Trööndelage,F,71 years,71,F-50,Trøndelag,2021,2218
F-50 Trøndelag - Trööndelage,F,72 years,72,F-50,Trøndelag,2021,2340
F-50 Trøndelag - Trööndelage,F,73 years,73,F-50,Trøndelag,2021,2273
F-50 Trøndelag - Trööndelage,F,74 years,74,F-50,Trøndelag,2021,2375
F-50 Trøndelag - Trööndelage,F,75 years,75,F-50,Trøndelag,2021,2228
F-50 Trøndelag - Trööndelage,F,76 years,76,F-50,Trøndelag,2021,1971
F-50 Trøndelag - Trööndelage,F,77 years,77,F-50,Trøndelag,2021,1829
F-50 Trøndelag - Trööndelage,F,78 years,78,F-50,Trøndelag,2021,1649
F-50 Trøndelag - Trööndelage,F,79 years,79,F-50,Trøndelag,2021,1440
F-50 Trøndelag - Trööndelage,F,80 years,80,F-50,Trøndelag,2021,1338
F-50 Trøndelag - Trööndelage,F,81 years,81,F-50,Trøndelag,2021,1324
F-50 Trøndelag - Trööndelage,F,82 years,82,F-50,Trøndelag,2021,1135
F-50 Trøndelag - Trööndelage,F,83 years,83,F-50,Trøndelag,2021,1004
F-50 Trøndelag - Trööndelage,F,84 years,84,F-50,Trøndelag,2021,961
F-50 Trøndelag - Trööndelage,F,85 years,85,F-50,Trøndelag,2021,905
F-50 Trøndelag - Trööndelage,F,86 years,86,F-50,Trøndelag,2021,880
F-50 Trøndelag - Trööndelage,F,87 years,87,F-50,Trøndelag,2021,730
F-50 Trøndelag - Trööndelage,F,88 years,88,F-50,Trøndelag,2021,753
F-50 Trøndelag - Trööndelage,F,89 years,89,F-50,Trøndelag,2021,632
F-50 Trøndelag - Trööndelage,F,90 years,90,F-50,Trøndelag,2021,569
F-50 Trøndelag - Trööndelage,F,91 years,91,F-50,Trøndelag,2021,475
F-50 Trøndelag - Trööndelage,F,92 years,92,F-50,Trøndelag,2021,447
F-50 Trøndelag - Trööndelage,F,93 years,93,F-50,Trøndelag,2021,333
F-50 Trøndelag - Trööndelage,F,94 years,94,F-50,Trøndelag,2021,285
F-50 Trøndelag - Trööndelage,F,95 years,95,F-50,Trøndelag,2021,180
F-50 Trøndelag - Trööndelage,F,96 years,96,F-50,Trøndelag,2021,166
F-50 Trøndelag - Trööndelage,F,97 years,97,F-50,Trøndelag,2021,114
F-50 Trøndelag - Trööndelage,F,98 years,98,F-50,Trøndelag,2021,90
F-50 Trøndelag - Trööndelage,F,99 years,99,F-50,Trøndelag,2021,55
F-50 Trøndelag - Trööndelage,F,100 years,100,F-50,Trøndelag,2021,37
F-50 Trøndelag - Trööndelage,F,101 years,101,F-50,Trøndelag,2021,9
F-50 Trøndelag - Trööndelage,F,102 years,102,F-50,Trøndelag,2021,10
F-50 Trøndelag - Trööndelage,F,103 years,103,F-50,Trøndelag,2021,6
F-50 Trøndelag - Trööndelage,F,104 years,104,F-50,Trøndelag,2021,3
F-50 Trøndelag - Trööndelage,F,105 years or older,105,F-50,Trøndelag,2021,4
F-50 Trøndelag - Trööndelage,M,0 years,0,F-50,Trøndelag,2021,2278
F-50 Trøndelag - Trööndelage,M,1 year,1,F-50,Trøndelag,2021,2480
F-50 Trøndelag - Trööndelage,M,2 years,2,F-50,Trøndelag,2021,2515
F-50 Trøndelag - Trööndelage,M,3 years,3,F-50,Trøndelag,2021,2536
F-50 Trøndelag - Trööndelage,M,4 years,4,F-50,Trøndelag,2021,2759
F-50 Trøndelag - Trööndelage,M,5 years,5,F-50,Trøndelag,2021,2723
F-50 Trøndelag - Trööndelage,M,6 years,6,F-50,Trøndelag,2021,2726
F-50 Trøndelag - Trööndelage,M,7 years,7,F-50,Trøndelag,2021,2788
F-50 Trøndelag - Trööndelage,M,8 years,8,F-50,Trøndelag,2021,2747
F-50 Trøndelag - Trööndelage,M,9 years,9,F-50,Trøndelag,2021,2872
F-50 Trøndelag - Trööndelage,M,10 years,10,F-50,Trøndelag,2021,2897
F-50 Trøndelag - Trööndelage,M,11 years,11,F-50,Trøndelag,2021,2942
F-50 Trøndelag - Trööndelage,M,12 years,12,F-50,Trøndelag,2021,2938
F-50 Trøndelag - Trööndelage,M,13 years,13,F-50,Trøndelag,2021,2810
F-50 Trøndelag - Trööndelage,M,14 years,14,F-50,Trøndelag,2021,2899
F-50 Trøndelag - Trööndelage,M,15 years,15,F-50,Trøndelag,2021,2756
F-50 Trøndelag - Trööndelage,M,16 years,16,F-50,Trøndelag,2021,2811
F-50 Trøndelag - Trööndelage,M,17 years,17,F-50,Trøndelag,2021,2740
F-50 Trøndelag - Trööndelage,M,18 years,18,F-50,Trøndelag,2021,2813
F-50 Trøndelag - Trööndelage,M,19 years,19,F-50,Trøndelag,2021,3026
F-50 Trøndelag - Trööndelage,M,20 years,20,F-50,Trøndelag,2021,3335
F-50 Trøndelag - Trööndelage,M,21 years,21,F-50,Trøndelag,2021,3442
F-50 Trøndelag - Trööndelage,M,22 years,22,F-50,Trøndelag,2021,3543
F-50 Trøndelag - Trööndelage,M,23 years,23,F-50,Trøndelag,2021,3800
F-50 Trøndelag - Trööndelage,M,24 years,24,F-50,Trøndelag,2021,3813
F-50 Trøndelag - Trööndelage,M,25 years,25,F-50,Trøndelag,2021,3685
F-50 Trøndelag - Trööndelage,M,26 years,26,F-50,Trøndelag,2021,3646
F-50 Trøndelag - Trööndelage,M,27 years,27,F-50,Trøndelag,2021,3559
F-50 Trøndelag - Trööndelage,M,28 years,28,F-50,Trøndelag,2021,3665
F-50 Trøndelag - Trööndelage,M,29 years,29,F-50,Trøndelag,2021,3725
F-50 Trøndelag - Trööndelage,M,30 years,30,F-50,Trøndelag,2021,3659
F-50 Trøndelag - Trööndelage,M,31 years,31,F-50,Trøndelag,2021,3621
F-50 Trøndelag - Trööndelage,M,32 years,32,F-50,Trøndelag,2021,3480
F-50 Trøndelag - Trööndelage,M,33 years,33,F-50,Trøndelag,2021,3294
F-50 Trøndelag - Trööndelage,M,34 years,34,F-50,Trøndelag,2021,3282
F-50 Trøndelag - Trööndelage,M,35 years,35,F-50,Trøndelag,2021,3150
F-50 Trøndelag - Trööndelage,M,36 years,36,F-50,Trøndelag,2021,3030
F-50 Trøndelag - Trööndelage,M,37 years,37,F-50,Trøndelag,2021,3056
F-50 Trøndelag - Trööndelage,M,38 years,38,F-50,Trøndelag,2021,3085
F-50 Trøndelag - Trööndelage,M,39 years,39,F-50,Trøndelag,2021,2938
F-50 Trøndelag - Trööndelage,M,40 years,40,F-50,Trøndelag,2021,3019
F-50 Trøndelag - Trööndelage,M,41 years,41,F-50,Trøndelag,2021,3015
F-50 Trøndelag - Trööndelage,M,42 years,42,F-50,Trøndelag,2021,2906
F-50 Trøndelag - Trööndelage,M,43 years,43,F-50,Trøndelag,2021,2837
F-50 Trøndelag - Trööndelage,M,44 years,44,F-50,Trøndelag,2021,2850
F-50 Trøndelag - Trööndelage,M,45 years,45,F-50,Trøndelag,2021,2906
F-50 Trøndelag - Trööndelage,M,46 years,46,F-50,Trøndelag,2021,3152
F-50 Trøndelag - Trööndelage,M,47 years,47,F-50,Trøndelag,2021,3215
F-50 Trøndelag - Trööndelage,M,48 years,48,F-50,Trøndelag,2021,3292
F-50 Trøndelag - Trööndelage,M,49 years,49,F-50,Trøndelag,2021,3275
F-50 Trøndelag - Trööndelage,M,50 years,50,F-50,Trøndelag,2021,3121
F-50 Trøndelag - Trööndelage,M,51 years,51,F-50,Trøndelag,2021,3309
F-50 Trøndelag - Trööndelage,M,52 years,52,F-50,Trøndelag,2021,3319
F-50 Trøndelag - Trööndelage,M,53 years,53,F-50,Trøndelag,2021,3121
F-50 Trøndelag - Trööndelage,M,54 years,54,F-50,Trøndelag,2021,3260
F-50 Trøndelag - Trööndelage,M,55 years,55,F-50,Trøndelag,2021,3229
F-50 Trøndelag - Trööndelage,M,56 years,56,F-50,Trøndelag,2021,3028
F-50 Trøndelag - Trööndelage,M,57 years,57,F-50,Trøndelag,2021,2945
F-50 Trøndelag - Trööndelage,M,58 years,58,F-50,Trøndelag,2021,2914
F-50 Trøndelag - Trööndelage,M,59 years,59,F-50,Trøndelag,2021,2722
F-50 Trøndelag - Trööndelage,M,60 years,60,F-50,Trøndelag,2021,2650
F-50 Trøndelag - Trööndelage,M,61 years,61,F-50,Trøndelag,2021,2743
F-50 Trøndelag - Trööndelage,M,62 years,62,F-50,Trøndelag,2021,2762
F-50 Trøndelag - Trööndelage,M,63 years,63,F-50,Trøndelag,2021,2693
F-50 Trøndelag - Trööndelage,M,64 years,64,F-50,Trøndelag,2021,2661
F-50 Trøndelag - Trööndelage,M,65 years,65,F-50,Trøndelag,2021,2564
F-50 Trøndelag - Trööndelage,M,66 years,66,F-50,Trøndelag,2021,2506
F-50 Trøndelag - Trööndelage,M,67 years,67,F-50,Trøndelag,2021,2394
F-50 Trøndelag - Trööndelage,M,68 years,68,F-50,Trøndelag,2021,2469
F-50 Trøndelag - Trööndelage,M,69 years,69,F-50,Trøndelag,2021,2384
F-50 Trøndelag - Trööndelage,M,70 years,70,F-50,Trøndelag,2021,2287
F-50 Trøndelag - Trööndelage,M,71 years,71,F-50,Trøndelag,2021,2279
F-50 Trøndelag - Trööndelage,M,72 years,72,F-50,Trøndelag,2021,2315
F-50 Trøndelag - Trööndelage,M,73 years,73,F-50,Trøndelag,2021,2196
F-50 Trøndelag - Trööndelage,M,74 years,74,F-50,Trøndelag,2021,2231
F-50 Trøndelag - Trööndelage,M,75 years,75,F-50,Trøndelag,2021,2029
F-50 Trøndelag - Trööndelage,M,76 years,76,F-50,Trøndelag,2021,1842
F-50 Trøndelag - Trööndelage,M,77 years,77,F-50,Trøndelag,2021,1740
F-50 Trøndelag - Trööndelage,M,78 years,78,F-50,Trøndelag,2021,1494
F-50 Trøndelag - Trööndelage,M,79 years,79,F-50,Trøndelag,2021,1359
F-50 Trøndelag - Trööndelage,M,80 years,80,F-50,Trøndelag,2021,1150
F-50 Trøndelag - Trööndelage,M,81 years,81,F-50,Trøndelag,2021,1026
F-50 Trøndelag - Trööndelage,M,82 years,82,F-50,Trøndelag,2021,935
F-50 Trøndelag - Trööndelage,M,83 years,83,F-50,Trøndelag,2021,840
F-50 Trøndelag - Trööndelage,M,84 years,84,F-50,Trøndelag,2021,739
F-50 Trøndelag - Trööndelage,M,85 years,85,F-50,Trøndelag,2021,613
F-50 Trøndelag - Trööndelage,M,86 years,86,F-50,Trøndelag,2021,580
F-50 Trøndelag - Trööndelage,M,87 years,87,F-50,Trøndelag,2021,528
F-50 Trøndelag - Trööndelage,M,88 years,88,F-50,Trøndelag,2021,452
F-50 Trøndelag - Trööndelage,M,89 years,89,F-50,Trøndelag,2021,357
F-50 Trøndelag - Trööndelage,M,90 years,90,F-50,Trøndelag,2021,300
F-50 Trøndelag - Trööndelage,M,91 years,91,F-50,Trøndelag,2021,236
F-50 Trøndelag - Trööndelage,M,92 years,92,F-50,Trøndelag,2021,194
F-50 Trøndelag - Trööndelage,M,93 years,93,F-50,Trøndelag,2021,143
F-50 Trøndelag - Trööndelage,M,94 years,94,F-50,Trøndelag,2021,131
F-50 Trøndelag - Trööndelage,M,95 years,95,F-50,Trøndelag,2021,71
F-50 Trøndelag - Trööndelage,M,96 years,96,F-50,Trøndelag,2021,69
F-50 Trøndelag - Trööndelage,M,97 years,97,F-50,Trøndelag,2021,41
F-50 Trøndelag - Trööndelage,M,98 years,98,F-50,Trøndelag,2021,18
F-50 Trøndelag - Trööndelage,M,99 years,99,F-50,Trøndelag,2021,7
F-50 Trøndelag - Trööndelage,M,100 years,100,F-50,Trøndelag,2021,4
F-50 Trøndelag - Trööndelage,M,101 years,101,F-50,Trøndelag,2021,3
F-50 Trøndelag - Trööndelage,M,102 years,102,F-50,Trøndelag,2021,2
F-50 Trøndelag - Trööndelage,M,103 years,103,F-50,Trøndelag,2021,0
F-50 Trøndelag - Trööndelage,M,104 years,104,F-50,Trøndelag,2021,0
F-50 Trøndelag - Trööndelage,M,105 years or older,105,F-50,Trøndelag,2021,0
F-15 Møre og Romsdal,F,0 years,0,F-15,Møre og Romsdal,2022,1333
F-15 Møre og Romsdal,F,1 year,1,F-15,Møre og Romsdal,2022,1224
F-15 Møre og Romsdal,F,2 years,2,F-15,Møre og Romsdal,2022,1309
F-15 Møre og Romsdal,F,3 years,3,F-15,Møre og Romsdal,2022,1337
F-15 Møre og Romsdal,F,4 years,4,F-15,Møre og Romsdal,2022,1396
F-15 Møre og Romsdal,F,5 years,5,F-15,Møre og Romsdal,2022,1416
F-15 Møre og Romsdal,F,6 years,6,F-15,Møre og Romsdal,2022,1440
F-15 Møre og Romsdal,F,7 years,7,F-15,Møre og Romsdal,2022,1389
F-15 Møre og Romsdal,F,8 years,8,F-15,Møre og Romsdal,2022,1488
F-15 Møre og Romsdal,F,9 years,9,F-15,Møre og Romsdal,2022,1549
F-15 Møre og Romsdal,F,10 years,10,F-15,Møre og Romsdal,2022,1553
F-15 Møre og Romsdal,F,11 years,11,F-15,Møre og Romsdal,2022,1598
F-15 Møre og Romsdal,F,12 years,12,F-15,Møre og Romsdal,2022,1653
F-15 Møre og Romsdal,F,13 years,13,F-15,Møre og Romsdal,2022,1614
F-15 Møre og Romsdal,F,14 years,14,F-15,Møre og Romsdal,2022,1620
F-15 Møre og Romsdal,F,15 years,15,F-15,Møre og Romsdal,2022,1603
F-15 Møre og Romsdal,F,16 years,16,F-15,Møre og Romsdal,2022,1613
F-15 Møre og Romsdal,F,17 years,17,F-15,Møre og Romsdal,2022,1629
F-15 Møre og Romsdal,F,18 years,18,F-15,Møre og Romsdal,2022,1582
F-15 Møre og Romsdal,F,19 years,19,F-15,Møre og Romsdal,2022,1568
F-15 Møre og Romsdal,F,20 years,20,F-15,Møre og Romsdal,2022,1656
F-15 Møre og Romsdal,F,21 years,21,F-15,Møre og Romsdal,2022,1557
F-15 Møre og Romsdal,F,22 years,22,F-15,Møre og Romsdal,2022,1576
F-15 Møre og Romsdal,F,23 years,23,F-15,Møre og Romsdal,2022,1471
F-15 Møre og Romsdal,F,24 years,24,F-15,Møre og Romsdal,2022,1457
F-15 Møre og Romsdal,F,25 years,25,F-15,Møre og Romsdal,2022,1417
F-15 Møre og Romsdal,F,26 years,26,F-15,Møre og Romsdal,2022,1353
F-15 Møre og Romsdal,F,27 years,27,F-15,Møre og Romsdal,2022,1418
F-15 Møre og Romsdal,F,28 years,28,F-15,Møre og Romsdal,2022,1470
F-15 Møre og Romsdal,F,29 years,29,F-15,Møre og Romsdal,2022,1490
F-15 Møre og Romsdal,F,30 years,30,F-15,Møre og Romsdal,2022,1583
F-15 Møre og Romsdal,F,31 years,31,F-15,Møre og Romsdal,2022,1622
F-15 Møre og Romsdal,F,32 years,32,F-15,Møre og Romsdal,2022,1642
F-15 Møre og Romsdal,F,33 years,33,F-15,Møre og Romsdal,2022,1583
F-15 Møre og Romsdal,F,34 years,34,F-15,Møre og Romsdal,2022,1597
F-15 Møre og Romsdal,F,35 years,35,F-15,Møre og Romsdal,2022,1567
F-15 Møre og Romsdal,F,36 years,36,F-15,Møre og Romsdal,2022,1595
F-15 Møre og Romsdal,F,37 years,37,F-15,Møre og Romsdal,2022,1596
F-15 Møre og Romsdal,F,38 years,38,F-15,Møre og Romsdal,2022,1595
F-15 Møre og Romsdal,F,39 years,39,F-15,Møre og Romsdal,2022,1598
F-15 Møre og Romsdal,F,40 years,40,F-15,Møre og Romsdal,2022,1578
F-15 Møre og Romsdal,F,41 years,41,F-15,Møre og Romsdal,2022,1606
F-15 Møre og Romsdal,F,42 years,42,F-15,Møre og Romsdal,2022,1583
F-15 Møre og Romsdal,F,43 years,43,F-15,Møre og Romsdal,2022,1556
F-15 Møre og Romsdal,F,44 years,44,F-15,Møre og Romsdal,2022,1541
F-15 Møre og Romsdal,F,45 years,45,F-15,Møre og Romsdal,2022,1544
F-15 Møre og Romsdal,F,46 years,46,F-15,Møre og Romsdal,2022,1534
F-15 Møre og Romsdal,F,47 years,47,F-15,Møre og Romsdal,2022,1663
F-15 Møre og Romsdal,F,48 years,48,F-15,Møre og Romsdal,2022,1604
F-15 Møre og Romsdal,F,49 years,49,F-15,Møre og Romsdal,2022,1766
F-15 Møre og Romsdal,F,50 years,50,F-15,Møre og Romsdal,2022,1788
F-15 Møre og Romsdal,F,51 years,51,F-15,Møre og Romsdal,2022,1782
F-15 Møre og Romsdal,F,52 years,52,F-15,Møre og Romsdal,2022,1860
F-15 Møre og Romsdal,F,53 years,53,F-15,Møre og Romsdal,2022,1844
F-15 Møre og Romsdal,F,54 years,54,F-15,Møre og Romsdal,2022,1700
F-15 Møre og Romsdal,F,55 years,55,F-15,Møre og Romsdal,2022,1650
F-15 Møre og Romsdal,F,56 years,56,F-15,Møre og Romsdal,2022,1599
F-15 Møre og Romsdal,F,57 years,57,F-15,Møre og Romsdal,2022,1593
F-15 Møre og Romsdal,F,58 years,58,F-15,Møre og Romsdal,2022,1547
F-15 Møre og Romsdal,F,59 years,59,F-15,Møre og Romsdal,2022,1559
F-15 Møre og Romsdal,F,60 years,60,F-15,Møre og Romsdal,2022,1593
F-15 Møre og Romsdal,F,61 years,61,F-15,Møre og Romsdal,2022,1627
F-15 Møre og Romsdal,F,62 years,62,F-15,Møre og Romsdal,2022,1621
F-15 Møre og Romsdal,F,63 years,63,F-15,Møre og Romsdal,2022,1615
F-15 Møre og Romsdal,F,64 years,64,F-15,Møre og Romsdal,2022,1567
F-15 Møre og Romsdal,F,65 years,65,F-15,Møre og Romsdal,2022,1724
F-15 Møre og Romsdal,F,66 years,66,F-15,Møre og Romsdal,2022,1571
F-15 Møre og Romsdal,F,67 years,67,F-15,Møre og Romsdal,2022,1564
F-15 Møre og Romsdal,F,68 years,68,F-15,Møre og Romsdal,2022,1527
F-15 Møre og Romsdal,F,69 years,69,F-15,Møre og Romsdal,2022,1545
F-15 Møre og Romsdal,F,70 years,70,F-15,Møre og Romsdal,2022,1392
F-15 Møre og Romsdal,F,71 years,71,F-15,Møre og Romsdal,2022,1502
F-15 Møre og Romsdal,F,72 years,72,F-15,Møre og Romsdal,2022,1388
F-15 Møre og Romsdal,F,73 years,73,F-15,Møre og Romsdal,2022,1381
F-15 Møre og Romsdal,F,74 years,74,F-15,Møre og Romsdal,2022,1358
F-15 Møre og Romsdal,F,75 years,75,F-15,Møre og Romsdal,2022,1356
F-15 Møre og Romsdal,F,76 years,76,F-15,Møre og Romsdal,2022,1224
F-15 Møre og Romsdal,F,77 years,77,F-15,Møre og Romsdal,2022,1180
F-15 Møre og Romsdal,F,78 years,78,F-15,Møre og Romsdal,2022,1037
F-15 Møre og Romsdal,F,79 years,79,F-15,Møre og Romsdal,2022,899
F-15 Møre og Romsdal,F,80 years,80,F-15,Møre og Romsdal,2022,845
F-15 Møre og Romsdal,F,81 years,81,F-15,Møre og Romsdal,2022,748
F-15 Møre og Romsdal,F,82 years,82,F-15,Møre og Romsdal,2022,756
F-15 Møre og Romsdal,F,83 years,83,F-15,Møre og Romsdal,2022,655
F-15 Møre og Romsdal,F,84 years,84,F-15,Møre og Romsdal,2022,597
F-15 Møre og Romsdal,F,85 years,85,F-15,Møre og Romsdal,2022,561
F-15 Møre og Romsdal,F,86 years,86,F-15,Møre og Romsdal,2022,529
F-15 Møre og Romsdal,F,87 years,87,F-15,Møre og Romsdal,2022,493
F-15 Møre og Romsdal,F,88 years,88,F-15,Møre og Romsdal,2022,472
F-15 Møre og Romsdal,F,89 years,89,F-15,Møre og Romsdal,2022,419
F-15 Møre og Romsdal,F,90 years,90,F-15,Møre og Romsdal,2022,355
F-15 Møre og Romsdal,F,91 years,91,F-15,Møre og Romsdal,2022,364
F-15 Møre og Romsdal,F,92 years,92,F-15,Møre og Romsdal,2022,271
F-15 Møre og Romsdal,F,93 years,93,F-15,Møre og Romsdal,2022,274
F-15 Møre og Romsdal,F,94 years,94,F-15,Møre og Romsdal,2022,224
F-15 Møre og Romsdal,F,95 years,95,F-15,Møre og Romsdal,2022,163
F-15 Møre og Romsdal,F,96 years,96,F-15,Møre og Romsdal,2022,122
F-15 Møre og Romsdal,F,97 years,97,F-15,Møre og Romsdal,2022,104
F-15 Møre og Romsdal,F,98 years,98,F-15,Møre og Romsdal,2022,55
F-15 Møre og Romsdal,F,99 years,99,F-15,Møre og Romsdal,2022,34
F-15 Møre og Romsdal,F,100 years,100,F-15,Møre og Romsdal,2022,30
F-15 Møre og Romsdal,F,101 years,101,F-15,Møre og Romsdal,2022,13
F-15 Møre og Romsdal,F,102 years,102,F-15,Møre og Romsdal,2022,10
F-15 Møre og Romsdal,F,103 years,103,F-15,Møre og Romsdal,2022,3
F-15 Møre og Romsdal,F,104 years,104,F-15,Møre og Romsdal,2022,1
F-15 Møre og Romsdal,F,105 years or older,105,F-15,Møre og Romsdal,2022,4
F-15 Møre og Romsdal,M,0 years,0,F-15,Møre og Romsdal,2022,1369
F-15 Møre og Romsdal,M,1 year,1,F-15,Møre og Romsdal,2022,1287
F-15 Møre og Romsdal,M,2 years,2,F-15,Møre og Romsdal,2022,1341
F-15 Møre og Romsdal,M,3 years,3,F-15,Møre og Romsdal,2022,1421
F-15 Møre og Romsdal,M,4 years,4,F-15,Møre og Romsdal,2022,1436
F-15 Møre og Romsdal,M,5 years,5,F-15,Møre og Romsdal,2022,1476
F-15 Møre og Romsdal,M,6 years,6,F-15,Møre og Romsdal,2022,1473
F-15 Møre og Romsdal,M,7 years,7,F-15,Møre og Romsdal,2022,1517
F-15 Møre og Romsdal,M,8 years,8,F-15,Møre og Romsdal,2022,1549
F-15 Møre og Romsdal,M,9 years,9,F-15,Møre og Romsdal,2022,1589
F-15 Møre og Romsdal,M,10 years,10,F-15,Møre og Romsdal,2022,1652
F-15 Møre og Romsdal,M,11 years,11,F-15,Møre og Romsdal,2022,1607
F-15 Møre og Romsdal,M,12 years,12,F-15,Møre og Romsdal,2022,1769
F-15 Møre og Romsdal,M,13 years,13,F-15,Møre og Romsdal,2022,1685
F-15 Møre og Romsdal,M,14 years,14,F-15,Møre og Romsdal,2022,1691
F-15 Møre og Romsdal,M,15 years,15,F-15,Møre og Romsdal,2022,1644
F-15 Møre og Romsdal,M,16 years,16,F-15,Møre og Romsdal,2022,1645
F-15 Møre og Romsdal,M,17 years,17,F-15,Møre og Romsdal,2022,1738
F-15 Møre og Romsdal,M,18 years,18,F-15,Møre og Romsdal,2022,1757
F-15 Møre og Romsdal,M,19 years,19,F-15,Møre og Romsdal,2022,1635
F-15 Møre og Romsdal,M,20 years,20,F-15,Møre og Romsdal,2022,1728
F-15 Møre og Romsdal,M,21 years,21,F-15,Møre og Romsdal,2022,1759
F-15 Møre og Romsdal,M,22 years,22,F-15,Møre og Romsdal,2022,1753
F-15 Møre og Romsdal,M,23 years,23,F-15,Møre og Romsdal,2022,1661
F-15 Møre og Romsdal,M,24 years,24,F-15,Møre og Romsdal,2022,1624
F-15 Møre og Romsdal,M,25 years,25,F-15,Møre og Romsdal,2022,1681
F-15 Møre og Romsdal,M,26 years,26,F-15,Møre og Romsdal,2022,1682
F-15 Møre og Romsdal,M,27 years,27,F-15,Møre og Romsdal,2022,1602
F-15 Møre og Romsdal,M,28 years,28,F-15,Møre og Romsdal,2022,1632
F-15 Møre og Romsdal,M,29 years,29,F-15,Møre og Romsdal,2022,1550
F-15 Møre og Romsdal,M,30 years,30,F-15,Møre og Romsdal,2022,1733
F-15 Møre og Romsdal,M,31 years,31,F-15,Møre og Romsdal,2022,1727
F-15 Møre og Romsdal,M,32 years,32,F-15,Møre og Romsdal,2022,1680
F-15 Møre og Romsdal,M,33 years,33,F-15,Møre og Romsdal,2022,1757
F-15 Møre og Romsdal,M,34 years,34,F-15,Møre og Romsdal,2022,1677
F-15 Møre og Romsdal,M,35 years,35,F-15,Møre og Romsdal,2022,1776
F-15 Møre og Romsdal,M,36 years,36,F-15,Møre og Romsdal,2022,1717
F-15 Møre og Romsdal,M,37 years,37,F-15,Møre og Romsdal,2022,1751
F-15 Møre og Romsdal,M,38 years,38,F-15,Møre og Romsdal,2022,1799
F-15 Møre og Romsdal,M,39 years,39,F-15,Møre og Romsdal,2022,1721
F-15 Møre og Romsdal,M,40 years,40,F-15,Møre og Romsdal,2022,1694
F-15 Møre og Romsdal,M,41 years,41,F-15,Møre og Romsdal,2022,1725
F-15 Møre og Romsdal,M,42 years,42,F-15,Møre og Romsdal,2022,1731
F-15 Møre og Romsdal,M,43 years,43,F-15,Møre og Romsdal,2022,1628
F-15 Møre og Romsdal,M,44 years,44,F-15,Møre og Romsdal,2022,1583
F-15 Møre og Romsdal,M,45 years,45,F-15,Møre og Romsdal,2022,1672
F-15 Møre og Romsdal,M,46 years,46,F-15,Møre og Romsdal,2022,1632
F-15 Møre og Romsdal,M,47 years,47,F-15,Møre og Romsdal,2022,1765
F-15 Møre og Romsdal,M,48 years,48,F-15,Møre og Romsdal,2022,1895
F-15 Møre og Romsdal,M,49 years,49,F-15,Møre og Romsdal,2022,1943
F-15 Møre og Romsdal,M,50 years,50,F-15,Møre og Romsdal,2022,1870
F-15 Møre og Romsdal,M,51 years,51,F-15,Møre og Romsdal,2022,1910
F-15 Møre og Romsdal,M,52 years,52,F-15,Møre og Romsdal,2022,1933
F-15 Møre og Romsdal,M,53 years,53,F-15,Møre og Romsdal,2022,1925
F-15 Møre og Romsdal,M,54 years,54,F-15,Møre og Romsdal,2022,1938
F-15 Møre og Romsdal,M,55 years,55,F-15,Møre og Romsdal,2022,1801
F-15 Møre og Romsdal,M,56 years,56,F-15,Møre og Romsdal,2022,1810
F-15 Møre og Romsdal,M,57 years,57,F-15,Møre og Romsdal,2022,1724
F-15 Møre og Romsdal,M,58 years,58,F-15,Møre og Romsdal,2022,1724
F-15 Møre og Romsdal,M,59 years,59,F-15,Møre og Romsdal,2022,1701
F-15 Møre og Romsdal,M,60 years,60,F-15,Møre og Romsdal,2022,1664
F-15 Møre og Romsdal,M,61 years,61,F-15,Møre og Romsdal,2022,1604
F-15 Møre og Romsdal,M,62 years,62,F-15,Møre og Romsdal,2022,1689
F-15 Møre og Romsdal,M,63 years,63,F-15,Møre og Romsdal,2022,1694
F-15 Møre og Romsdal,M,64 years,64,F-15,Møre og Romsdal,2022,1642
F-15 Møre og Romsdal,M,65 years,65,F-15,Møre og Romsdal,2022,1685
F-15 Møre og Romsdal,M,66 years,66,F-15,Møre og Romsdal,2022,1614
F-15 Møre og Romsdal,M,67 years,67,F-15,Møre og Romsdal,2022,1619
F-15 Møre og Romsdal,M,68 years,68,F-15,Møre og Romsdal,2022,1532
F-15 Møre og Romsdal,M,69 years,69,F-15,Møre og Romsdal,2022,1587
F-15 Møre og Romsdal,M,70 years,70,F-15,Møre og Romsdal,2022,1519
F-15 Møre og Romsdal,M,71 years,71,F-15,Møre og Romsdal,2022,1388
F-15 Møre og Romsdal,M,72 years,72,F-15,Møre og Romsdal,2022,1442
F-15 Møre og Romsdal,M,73 years,73,F-15,Møre og Romsdal,2022,1458
F-15 Møre og Romsdal,M,74 years,74,F-15,Møre og Romsdal,2022,1355
F-15 Møre og Romsdal,M,75 years,75,F-15,Møre og Romsdal,2022,1369
F-15 Møre og Romsdal,M,76 years,76,F-15,Møre og Romsdal,2022,1231
F-15 Møre og Romsdal,M,77 years,77,F-15,Møre og Romsdal,2022,1093
F-15 Møre og Romsdal,M,78 years,78,F-15,Møre og Romsdal,2022,956
F-15 Møre og Romsdal,M,79 years,79,F-15,Møre og Romsdal,2022,827
F-15 Møre og Romsdal,M,80 years,80,F-15,Møre og Romsdal,2022,698
F-15 Møre og Romsdal,M,81 years,81,F-15,Møre og Romsdal,2022,698
F-15 Møre og Romsdal,M,82 years,82,F-15,Møre og Romsdal,2022,629
F-15 Møre og Romsdal,M,83 years,83,F-15,Møre og Romsdal,2022,524
F-15 Møre og Romsdal,M,84 years,84,F-15,Møre og Romsdal,2022,468
F-15 Møre og Romsdal,M,85 years,85,F-15,Møre og Romsdal,2022,410
F-15 Møre og Romsdal,M,86 years,86,F-15,Møre og Romsdal,2022,373
F-15 Møre og Romsdal,M,87 years,87,F-15,Møre og Romsdal,2022,350
F-15 Møre og Romsdal,M,88 years,88,F-15,Møre og Romsdal,2022,270
F-15 Møre og Romsdal,M,89 years,89,F-15,Møre og Romsdal,2022,256
F-15 Møre og Romsdal,M,90 years,90,F-15,Møre og Romsdal,2022,205
F-15 Møre og Romsdal,M,91 years,91,F-15,Møre og Romsdal,2022,183
F-15 Møre og Romsdal,M,92 years,92,F-15,Møre og Romsdal,2022,140
F-15 Møre og Romsdal,M,93 years,93,F-15,Møre og Romsdal,2022,112
F-15 Møre og Romsdal,M,94 years,94,F-15,Møre og Romsdal,2022,80
F-15 Møre og Romsdal,M,95 years,95,F-15,Møre og Romsdal,2022,70
F-15 Møre og Romsdal,M,96 years,96,F-15,Møre og Romsdal,2022,45
F-15 Møre og Romsdal,M,97 years,97,F-15,Møre og Romsdal,2022,23
F-15 Møre og Romsdal,M,98 years,98,F-15,Møre og Romsdal,2022,8
F-15 Møre og Romsdal,M,99 years,99,F-15,Møre og Romsdal,2022,7
F-15 Møre og Romsdal,M,100 years,100,F-15,Møre og Romsdal,2022,4
F-15 Møre og Romsdal,M,101 years,101,F-15,Møre og Romsdal,2022,1
F-15 Møre og Romsdal,M,102 years,102,F-15,Møre og Romsdal,2022,4
F-15 Møre og Romsdal,M,103 years,103,F-15,Møre og Romsdal,2022,0
F-15 Møre og Romsdal,M,104 years,104,F-15,Møre og Romsdal,2022,0
F-15 Møre og Romsdal,M,105 years or older,105,F-15,Møre og Romsdal,2022,0
F-50 Trøndelag - Trööndelage,F,0 years,0,F-50,Trøndelag,2022,2449
F-50 Trøndelag - Trööndelage,F,1 year,1,F-50,Trøndelag,2022,2320
F-50 Trøndelag - Trööndelage,F,2 years,2,F-50,Trøndelag,2022,2266
F-50 Trøndelag - Trööndelage,F,3 years,3,F-50,Trøndelag,2022,2259
F-50 Trøndelag - Trööndelage,F,4 years,4,F-50,Trøndelag,2022,2459
F-50 Trøndelag - Trööndelage,F,5 years,5,F-50,Trøndelag,2022,2458
F-50 Trøndelag - Trööndelage,F,6 years,6,F-50,Trøndelag,2022,2556
F-50 Trøndelag - Trööndelage,F,7 years,7,F-50,Trøndelag,2022,2605
F-50 Trøndelag - Trööndelage,F,8 years,8,F-50,Trøndelag,2022,2671
F-50 Trøndelag - Trööndelage,F,9 years,9,F-50,Trøndelag,2022,2589
F-50 Trøndelag - Trööndelage,F,10 years,10,F-50,Trøndelag,2022,2641
F-50 Trøndelag - Trööndelage,F,11 years,11,F-50,Trøndelag,2022,2791
F-50 Trøndelag - Trööndelage,F,12 years,12,F-50,Trøndelag,2022,2756
F-50 Trøndelag - Trööndelage,F,13 years,13,F-50,Trøndelag,2022,2753
F-50 Trøndelag - Trööndelage,F,14 years,14,F-50,Trøndelag,2022,2689
F-50 Trøndelag - Trööndelage,F,15 years,15,F-50,Trøndelag,2022,2662
F-50 Trøndelag - Trööndelage,F,16 years,16,F-50,Trøndelag,2022,2727
F-50 Trøndelag - Trööndelage,F,17 years,17,F-50,Trøndelag,2022,2647
F-50 Trøndelag - Trööndelage,F,18 years,18,F-50,Trøndelag,2022,2652
F-50 Trøndelag - Trööndelage,F,19 years,19,F-50,Trøndelag,2022,2648
F-50 Trøndelag - Trööndelage,F,20 years,20,F-50,Trøndelag,2022,2957
F-50 Trøndelag - Trööndelage,F,21 years,21,F-50,Trøndelag,2022,3204
F-50 Trøndelag - Trööndelage,F,22 years,22,F-50,Trøndelag,2022,3216
F-50 Trøndelag - Trööndelage,F,23 years,23,F-50,Trøndelag,2022,3423
F-50 Trøndelag - Trööndelage,F,24 years,24,F-50,Trøndelag,2022,3319
F-50 Trøndelag - Trööndelage,F,25 years,25,F-50,Trøndelag,2022,3467
F-50 Trøndelag - Trööndelage,F,26 years,26,F-50,Trøndelag,2022,3237
F-50 Trøndelag - Trööndelage,F,27 years,27,F-50,Trøndelag,2022,3281
F-50 Trøndelag - Trööndelage,F,28 years,28,F-50,Trøndelag,2022,3252
F-50 Trøndelag - Trööndelage,F,29 years,29,F-50,Trøndelag,2022,3275
F-50 Trøndelag - Trööndelage,F,30 years,30,F-50,Trøndelag,2022,3256
F-50 Trøndelag - Trööndelage,F,31 years,31,F-50,Trøndelag,2022,3349
F-50 Trøndelag - Trööndelage,F,32 years,32,F-50,Trøndelag,2022,3156
F-50 Trøndelag - Trööndelage,F,33 years,33,F-50,Trøndelag,2022,3236
F-50 Trøndelag - Trööndelage,F,34 years,34,F-50,Trøndelag,2022,2995
F-50 Trøndelag - Trööndelage,F,35 years,35,F-50,Trøndelag,2022,3044
F-50 Trøndelag - Trööndelage,F,36 years,36,F-50,Trøndelag,2022,3010
F-50 Trøndelag - Trööndelage,F,37 years,37,F-50,Trøndelag,2022,2967
F-50 Trøndelag - Trööndelage,F,38 years,38,F-50,Trøndelag,2022,2868
F-50 Trøndelag - Trööndelage,F,39 years,39,F-50,Trøndelag,2022,2915
F-50 Trøndelag - Trööndelage,F,40 years,40,F-50,Trøndelag,2022,2818
F-50 Trøndelag - Trööndelage,F,41 years,41,F-50,Trøndelag,2022,2769
F-50 Trøndelag - Trööndelage,F,42 years,42,F-50,Trøndelag,2022,2728
F-50 Trøndelag - Trööndelage,F,43 years,43,F-50,Trøndelag,2022,2727
F-50 Trøndelag - Trööndelage,F,44 years,44,F-50,Trøndelag,2022,2679
F-50 Trøndelag - Trööndelage,F,45 years,45,F-50,Trøndelag,2022,2736
F-50 Trøndelag - Trööndelage,F,46 years,46,F-50,Trøndelag,2022,2841
F-50 Trøndelag - Trööndelage,F,47 years,47,F-50,Trøndelag,2022,3015
F-50 Trøndelag - Trööndelage,F,48 years,48,F-50,Trøndelag,2022,3010
F-50 Trøndelag - Trööndelage,F,49 years,49,F-50,Trøndelag,2022,3043
F-50 Trøndelag - Trööndelage,F,50 years,50,F-50,Trøndelag,2022,3099
F-50 Trøndelag - Trööndelage,F,51 years,51,F-50,Trøndelag,2022,3135
F-50 Trøndelag - Trööndelage,F,52 years,52,F-50,Trøndelag,2022,3170
F-50 Trøndelag - Trööndelage,F,53 years,53,F-50,Trøndelag,2022,3265
F-50 Trøndelag - Trööndelage,F,54 years,54,F-50,Trøndelag,2022,3077
F-50 Trøndelag - Trööndelage,F,55 years,55,F-50,Trøndelag,2022,3073
F-50 Trøndelag - Trööndelage,F,56 years,56,F-50,Trøndelag,2022,3041
F-50 Trøndelag - Trööndelage,F,57 years,57,F-50,Trøndelag,2022,2874
F-50 Trøndelag - Trööndelage,F,58 years,58,F-50,Trøndelag,2022,2837
F-50 Trøndelag - Trööndelage,F,59 years,59,F-50,Trøndelag,2022,2693
F-50 Trøndelag - Trööndelage,F,60 years,60,F-50,Trøndelag,2022,2678
F-50 Trøndelag - Trööndelage,F,61 years,61,F-50,Trøndelag,2022,2663
F-50 Trøndelag - Trööndelage,F,62 years,62,F-50,Trøndelag,2022,2635
F-50 Trøndelag - Trööndelage,F,63 years,63,F-50,Trøndelag,2022,2560
F-50 Trøndelag - Trööndelage,F,64 years,64,F-50,Trøndelag,2022,2560
F-50 Trøndelag - Trööndelage,F,65 years,65,F-50,Trøndelag,2022,2641
F-50 Trøndelag - Trööndelage,F,66 years,66,F-50,Trøndelag,2022,2644
F-50 Trøndelag - Trööndelage,F,67 years,67,F-50,Trøndelag,2022,2539
F-50 Trøndelag - Trööndelage,F,68 years,68,F-50,Trøndelag,2022,2504
F-50 Trøndelag - Trööndelage,F,69 years,69,F-50,Trøndelag,2022,2401
F-50 Trøndelag - Trööndelage,F,70 years,70,F-50,Trøndelag,2022,2339
F-50 Trøndelag - Trööndelage,F,71 years,71,F-50,Trøndelag,2022,2285
F-50 Trøndelag - Trööndelage,F,72 years,72,F-50,Trøndelag,2022,2199
F-50 Trøndelag - Trööndelage,F,73 years,73,F-50,Trøndelag,2022,2309
F-50 Trøndelag - Trööndelage,F,74 years,74,F-50,Trøndelag,2022,2236
F-50 Trøndelag - Trööndelage,F,75 years,75,F-50,Trøndelag,2022,2340
F-50 Trøndelag - Trööndelage,F,76 years,76,F-50,Trøndelag,2022,2180
F-50 Trøndelag - Trööndelage,F,77 years,77,F-50,Trøndelag,2022,1922
F-50 Trøndelag - Trööndelage,F,78 years,78,F-50,Trøndelag,2022,1788
F-50 Trøndelag - Trööndelage,F,79 years,79,F-50,Trøndelag,2022,1601
F-50 Trøndelag - Trööndelage,F,80 years,80,F-50,Trøndelag,2022,1393
F-50 Trøndelag - Trööndelage,F,81 years,81,F-50,Trøndelag,2022,1291
F-50 Trøndelag - Trööndelage,F,82 years,82,F-50,Trøndelag,2022,1260
F-50 Trøndelag - Trööndelage,F,83 years,83,F-50,Trøndelag,2022,1077
F-50 Trøndelag - Trööndelage,F,84 years,84,F-50,Trøndelag,2022,947
F-50 Trøndelag - Trööndelage,F,85 years,85,F-50,Trøndelag,2022,916
F-50 Trøndelag - Trööndelage,F,86 years,86,F-50,Trøndelag,2022,836
F-50 Trøndelag - Trööndelage,F,87 years,87,F-50,Trøndelag,2022,806
F-50 Trøndelag - Trööndelage,F,88 years,88,F-50,Trøndelag,2022,656
F-50 Trøndelag - Trööndelage,F,89 years,89,F-50,Trøndelag,2022,677
F-50 Trøndelag - Trööndelage,F,90 years,90,F-50,Trøndelag,2022,557
F-50 Trøndelag - Trööndelage,F,91 years,91,F-50,Trøndelag,2022,492
F-50 Trøndelag - Trööndelage,F,92 years,92,F-50,Trøndelag,2022,401
F-50 Trøndelag - Trööndelage,F,93 years,93,F-50,Trøndelag,2022,360
F-50 Trøndelag - Trööndelage,F,94 years,94,F-50,Trøndelag,2022,255
F-50 Trøndelag - Trööndelage,F,95 years,95,F-50,Trøndelag,2022,225
F-50 Trøndelag - Trööndelage,F,96 years,96,F-50,Trøndelag,2022,144
F-50 Trøndelag - Trööndelage,F,97 years,97,F-50,Trøndelag,2022,122
F-50 Trøndelag - Trööndelage,F,98 years,98,F-50,Trøndelag,2022,80
F-50 Trøndelag - Trööndelage,F,99 years,99,F-50,Trøndelag,2022,58
F-50 Trøndelag - Trööndelage,F,100 years,100,F-50,Trøndelag,2022,39
F-50 Trøndelag - Trööndelage,F,101 years,101,F-50,Trøndelag,2022,28
F-50 Trøndelag - Trööndelage,F,102 years,102,F-50,Trøndelag,2022,5
F-50 Trøndelag - Trööndelage,F,103 years,103,F-50,Trøndelag,2022,5
F-50 Trøndelag - Trööndelage,F,104 years,104,F-50,Trøndelag,2022,4
F-50 Trøndelag - Trööndelage,F,105 years or older,105,F-50,Trøndelag,2022,6
F-50 Trøndelag - Trööndelage,M,0 years,0,F-50,Trøndelag,2022,2482
F-50 Trøndelag - Trööndelage,M,1 year,1,F-50,Trøndelag,2022,2291
F-50 Trøndelag - Trööndelage,M,2 years,2,F-50,Trøndelag,2022,2471
F-50 Trøndelag - Trööndelage,M,3 years,3,F-50,Trøndelag,2022,2527
F-50 Trøndelag - Trööndelage,M,4 years,4,F-50,Trøndelag,2022,2543
F-50 Trøndelag - Trööndelage,M,5 years,5,F-50,Trøndelag,2022,2769
F-50 Trøndelag - Trööndelage,M,6 years,6,F-50,Trøndelag,2022,2701
F-50 Trøndelag - Trööndelage,M,7 years,7,F-50,Trøndelag,2022,2726
F-50 Trøndelag - Trööndelage,M,8 years,8,F-50,Trøndelag,2022,2789
F-50 Trøndelag - Trööndelage,M,9 years,9,F-50,Trøndelag,2022,2755
F-50 Trøndelag - Trööndelage,M,10 years,10,F-50,Trøndelag,2022,2865
F-50 Trøndelag - Trööndelage,M,11 years,11,F-50,Trøndelag,2022,2906
F-50 Trøndelag - Trööndelage,M,12 years,12,F-50,Trøndelag,2022,2946
F-50 Trøndelag - Trööndelage,M,13 years,13,F-50,Trøndelag,2022,2944
F-50 Trøndelag - Trööndelage,M,14 years,14,F-50,Trøndelag,2022,2827
F-50 Trøndelag - Trööndelage,M,15 years,15,F-50,Trøndelag,2022,2929
F-50 Trøndelag - Trööndelage,M,16 years,16,F-50,Trøndelag,2022,2752
F-50 Trøndelag - Trööndelage,M,17 years,17,F-50,Trøndelag,2022,2827
F-50 Trøndelag - Trööndelage,M,18 years,18,F-50,Trøndelag,2022,2767
F-50 Trøndelag - Trööndelage,M,19 years,19,F-50,Trøndelag,2022,2923
F-50 Trøndelag - Trööndelage,M,20 years,20,F-50,Trøndelag,2022,3187
F-50 Trøndelag - Trööndelage,M,21 years,21,F-50,Trøndelag,2022,3543
F-50 Trøndelag - Trööndelage,M,22 years,22,F-50,Trøndelag,2022,3609
F-50 Trøndelag - Trööndelage,M,23 years,23,F-50,Trøndelag,2022,3791
F-50 Trøndelag - Trööndelage,M,24 years,24,F-50,Trøndelag,2022,3923
F-50 Trøndelag - Trööndelage,M,25 years,25,F-50,Trøndelag,2022,3882
F-50 Trøndelag - Trööndelage,M,26 years,26,F-50,Trøndelag,2022,3742
F-50 Trøndelag - Trööndelage,M,27 years,27,F-50,Trøndelag,2022,3649
F-50 Trøndelag - Trööndelage,M,28 years,28,F-50,Trøndelag,2022,3532
F-50 Trøndelag - Trööndelage,M,29 years,29,F-50,Trøndelag,2022,3640
F-50 Trøndelag - Trööndelage,M,30 years,30,F-50,Trøndelag,2022,3688
F-50 Trøndelag - Trööndelage,M,31 years,31,F-50,Trøndelag,2022,3571
F-50 Trøndelag - Trööndelage,M,32 years,32,F-50,Trøndelag,2022,3593
F-50 Trøndelag - Trööndelage,M,33 years,33,F-50,Trøndelag,2022,3437
F-50 Trøndelag - Trööndelage,M,34 years,34,F-50,Trøndelag,2022,3269
F-50 Trøndelag - Trööndelage,M,35 years,35,F-50,Trøndelag,2022,3242
F-50 Trøndelag - Trööndelage,M,36 years,36,F-50,Trøndelag,2022,3169
F-50 Trøndelag - Trööndelage,M,37 years,37,F-50,Trøndelag,2022,2992
F-50 Trøndelag - Trööndelage,M,38 years,38,F-50,Trøndelag,2022,3015
F-50 Trøndelag - Trööndelage,M,39 years,39,F-50,Trøndelag,2022,3047
F-50 Trøndelag - Trööndelage,M,40 years,40,F-50,Trøndelag,2022,2925
F-50 Trøndelag - Trööndelage,M,41 years,41,F-50,Trøndelag,2022,3006
F-50 Trøndelag - Trööndelage,M,42 years,42,F-50,Trøndelag,2022,3001
F-50 Trøndelag - Trööndelage,M,43 years,43,F-50,Trøndelag,2022,2903
F-50 Trøndelag - Trööndelage,M,44 years,44,F-50,Trøndelag,2022,2841
F-50 Trøndelag - Trööndelage,M,45 years,45,F-50,Trøndelag,2022,2832
F-50 Trøndelag - Trööndelage,M,46 years,46,F-50,Trøndelag,2022,2919
F-50 Trøndelag - Trööndelage,M,47 years,47,F-50,Trøndelag,2022,3141
F-50 Trøndelag - Trööndelage,M,48 years,48,F-50,Trøndelag,2022,3208
F-50 Trøndelag - Trööndelage,M,49 years,49,F-50,Trøndelag,2022,3283
F-50 Trøndelag - Trööndelage,M,50 years,50,F-50,Trøndelag,2022,3265
F-50 Trøndelag - Trööndelage,M,51 years,51,F-50,Trøndelag,2022,3118
F-50 Trøndelag - Trööndelage,M,52 years,52,F-50,Trøndelag,2022,3298
F-50 Trøndelag - Trööndelage,M,53 years,53,F-50,Trøndelag,2022,3296
F-50 Trøndelag - Trööndelage,M,54 years,54,F-50,Trøndelag,2022,3104
F-50 Trøndelag - Trööndelage,M,55 years,55,F-50,Trøndelag,2022,3238
F-50 Trøndelag - Trööndelage,M,56 years,56,F-50,Trøndelag,2022,3199
F-50 Trøndelag - Trööndelage,M,57 years,57,F-50,Trøndelag,2022,3024
F-50 Trøndelag - Trööndelage,M,58 years,58,F-50,Trøndelag,2022,2925
F-50 Trøndelag - Trööndelage,M,59 years,59,F-50,Trøndelag,2022,2890
F-50 Trøndelag - Trööndelage,M,60 years,60,F-50,Trøndelag,2022,2708
F-50 Trøndelag - Trööndelage,M,61 years,61,F-50,Trøndelag,2022,2633
F-50 Trøndelag - Trööndelage,M,62 years,62,F-50,Trøndelag,2022,2723
F-50 Trøndelag - Trööndelage,M,63 years,63,F-50,Trøndelag,2022,2750
F-50 Trøndelag - Trööndelage,M,64 years,64,F-50,Trøndelag,2022,2662
F-50 Trøndelag - Trööndelage,M,65 years,65,F-50,Trøndelag,2022,2643
F-50 Trøndelag - Trööndelage,M,66 years,66,F-50,Trøndelag,2022,2542
F-50 Trøndelag - Trööndelage,M,67 years,67,F-50,Trøndelag,2022,2477
F-50 Trøndelag - Trööndelage,M,68 years,68,F-50,Trøndelag,2022,2351
F-50 Trøndelag - Trööndelage,M,69 years,69,F-50,Trøndelag,2022,2440
F-50 Trøndelag - Trööndelage,M,70 years,70,F-50,Trøndelag,2022,2364
F-50 Trøndelag - Trööndelage,M,71 years,71,F-50,Trøndelag,2022,2235
F-50 Trøndelag - Trööndelage,M,72 years,72,F-50,Trøndelag,2022,2238
F-50 Trøndelag - Trööndelage,M,73 years,73,F-50,Trøndelag,2022,2283
F-50 Trøndelag - Trööndelage,M,74 years,74,F-50,Trøndelag,2022,2156
F-50 Trøndelag - Trööndelage,M,75 years,75,F-50,Trøndelag,2022,2189
F-50 Trøndelag - Trööndelage,M,76 years,76,F-50,Trøndelag,2022,1988
F-50 Trøndelag - Trööndelage,M,77 years,77,F-50,Trøndelag,2022,1777
F-50 Trøndelag - Trööndelage,M,78 years,78,F-50,Trøndelag,2022,1699
F-50 Trøndelag - Trööndelage,M,79 years,79,F-50,Trøndelag,2022,1427
F-50 Trøndelag - Trööndelage,M,80 years,80,F-50,Trøndelag,2022,1300
F-50 Trøndelag - Trööndelage,M,81 years,81,F-50,Trøndelag,2022,1091
F-50 Trøndelag - Trööndelage,M,82 years,82,F-50,Trøndelag,2022,975
F-50 Trøndelag - Trööndelage,M,83 years,83,F-50,Trøndelag,2022,869
F-50 Trøndelag - Trööndelage,M,84 years,84,F-50,Trøndelag,2022,770
F-50 Trøndelag - Trööndelage,M,85 years,85,F-50,Trøndelag,2022,683
F-50 Trøndelag - Trööndelage,M,86 years,86,F-50,Trøndelag,2022,555
F-50 Trøndelag - Trööndelage,M,87 years,87,F-50,Trøndelag,2022,521
F-50 Trøndelag - Trööndelage,M,88 years,88,F-50,Trøndelag,2022,456
F-50 Trøndelag - Trööndelage,M,89 years,89,F-50,Trøndelag,2022,389
F-50 Trøndelag - Trööndelage,M,90 years,90,F-50,Trøndelag,2022,294
F-50 Trøndelag - Trööndelage,M,91 years,91,F-50,Trøndelag,2022,245
F-50 Trøndelag - Trööndelage,M,92 years,92,F-50,Trøndelag,2022,197
F-50 Trøndelag - Trööndelage,M,93 years,93,F-50,Trøndelag,2022,156
F-50 Trøndelag - Trööndelage,M,94 years,94,F-50,Trøndelag,2022,107
F-50 Trøndelag - Trööndelage,M,95 years,95,F-50,Trøndelag,2022,107
F-50 Trøndelag - Trööndelage,M,96 years,96,F-50,Trøndelag,2022,48
F-50 Trøndelag - Trööndelage,M,97 years,97,F-50,Trøndelag,2022,44
F-50 Trøndelag - Trööndelage,M,98 years,98,F-50,Trøndelag,2022,24
F-50 Trøndelag - Trööndelage,M,99 years,99,F-50,Trøndelag,2022,10
F-50 Trøndelag - Trööndelage,M,100 years,100,F-50,Trøndelag,2022,4
F-50 Trøndelag - Trööndelage,M,101 years,101,F-50,Trøndelag,2022,2
F-50 Trøndelag - Trööndelage,M,102 years,102,F-50,Trøndelag,2022,1
F-50 Trøndelag - Trööndelage,M,103 years,103,F-50,Trøndelag,2022,2
F-50 Trøndelag - Trööndelage,M,104 years,104,F-50,Trøndelag,2022,0
F-50 Trøndelag - Trööndelage,M,105 years or older,105,F-50,Trøndelag,2022,0
F-15 Møre og Romsdal,F,0 years,0,F-15,Møre og Romsdal,2023,1163
F-15 Møre og Romsdal,F,1 year,1,F-15,Møre og Romsdal,2023,1376
F-15 Møre og Romsdal,F,2 years,2,F-15,Møre og Romsdal,2023,1284
F-15 Møre og Romsdal,F,3 years,3,F-15,Møre og Romsdal,2023,1345
F-15 Møre og Romsdal,F,4 years,4,F-15,Møre og Romsdal,2023,1376
F-15 Møre og Romsdal,F,5 years,5,F-15,Møre og Romsdal,2023,1432
F-15 Møre og Romsdal,F,6 years,6,F-15,Møre og Romsdal,2023,1455
F-15 Møre og Romsdal,F,7 years,7,F-15,Møre og Romsdal,2023,1468
F-15 Møre og Romsdal,F,8 years,8,F-15,Møre og Romsdal,2023,1439
F-15 Møre og Romsdal,F,9 years,9,F-15,Møre og Romsdal,2023,1513
F-15 Møre og Romsdal,F,10 years,10,F-15,Møre og Romsdal,2023,1579
F-15 Møre og Romsdal,F,11 years,11,F-15,Møre og Romsdal,2023,1566
F-15 Møre og Romsdal,F,12 years,12,F-15,Møre og Romsdal,2023,1621
F-15 Møre og Romsdal,F,13 years,13,F-15,Møre og Romsdal,2023,1673
F-15 Møre og Romsdal,F,14 years,14,F-15,Møre og Romsdal,2023,1641
F-15 Møre og Romsdal,F,15 years,15,F-15,Møre og Romsdal,2023,1639
F-15 Møre og Romsdal,F,16 years,16,F-15,Møre og Romsdal,2023,1622
F-15 Møre og Romsdal,F,17 years,17,F-15,Møre og Romsdal,2023,1630
F-15 Møre og Romsdal,F,18 years,18,F-15,Møre og Romsdal,2023,1666
F-15 Møre og Romsdal,F,19 years,19,F-15,Møre og Romsdal,2023,1606
F-15 Møre og Romsdal,F,20 years,20,F-15,Møre og Romsdal,2023,1553
F-15 Møre og Romsdal,F,21 years,21,F-15,Møre og Romsdal,2023,1602
F-15 Møre og Romsdal,F,22 years,22,F-15,Møre og Romsdal,2023,1534
F-15 Møre og Romsdal,F,23 years,23,F-15,Møre og Romsdal,2023,1520
F-15 Møre og Romsdal,F,24 years,24,F-15,Møre og Romsdal,2023,1423
F-15 Møre og Romsdal,F,25 years,25,F-15,Møre og Romsdal,2023,1485
F-15 Møre og Romsdal,F,26 years,26,F-15,Møre og Romsdal,2023,1416
F-15 Møre og Romsdal,F,27 years,27,F-15,Møre og Romsdal,2023,1396
F-15 Møre og Romsdal,F,28 years,28,F-15,Møre og Romsdal,2023,1462
F-15 Møre og Romsdal,F,29 years,29,F-15,Møre og Romsdal,2023,1511
F-15 Møre og Romsdal,F,30 years,30,F-15,Møre og Romsdal,2023,1557
F-15 Møre og Romsdal,F,31 years,31,F-15,Møre og Romsdal,2023,1608
F-15 Møre og Romsdal,F,32 years,32,F-15,Møre og Romsdal,2023,1690
F-15 Møre og Romsdal,F,33 years,33,F-15,Møre og Romsdal,2023,1674
F-15 Møre og Romsdal,F,34 years,34,F-15,Møre og Romsdal,2023,1642
F-15 Møre og Romsdal,F,35 years,35,F-15,Møre og Romsdal,2023,1635
F-15 Møre og Romsdal,F,36 years,36,F-15,Møre og Romsdal,2023,1616
F-15 Møre og Romsdal,F,37 years,37,F-15,Møre og Romsdal,2023,1644
F-15 Møre og Romsdal,F,38 years,38,F-15,Møre og Romsdal,2023,1649
F-15 Møre og Romsdal,F,39 years,39,F-15,Møre og Romsdal,2023,1637
F-15 Møre og Romsdal,F,40 years,40,F-15,Møre og Romsdal,2023,1642
F-15 Møre og Romsdal,F,41 years,41,F-15,Møre og Romsdal,2023,1613
F-15 Møre og Romsdal,F,42 years,42,F-15,Møre og Romsdal,2023,1640
F-15 Møre og Romsdal,F,43 years,43,F-15,Møre og Romsdal,2023,1624
F-15 Møre og Romsdal,F,44 years,44,F-15,Møre og Romsdal,2023,1583
F-15 Møre og Romsdal,F,45 years,45,F-15,Møre og Romsdal,2023,1568
F-15 Møre og Romsdal,F,46 years,46,F-15,Møre og Romsdal,2023,1556
F-15 Møre og Romsdal,F,47 years,47,F-15,Møre og Romsdal,2023,1565
F-15 Møre og Romsdal,F,48 years,48,F-15,Møre og Romsdal,2023,1685
F-15 Møre og Romsdal,F,49 years,49,F-15,Møre og Romsdal,2023,1633
F-15 Møre og Romsdal,F,50 years,50,F-15,Møre og Romsdal,2023,1784
F-15 Møre og Romsdal,F,51 years,51,F-15,Møre og Romsdal,2023,1805
F-15 Møre og Romsdal,F,52 years,52,F-15,Møre og Romsdal,2023,1799
F-15 Møre og Romsdal,F,53 years,53,F-15,Møre og Romsdal,2023,1884
F-15 Møre og Romsdal,F,54 years,54,F-15,Møre og Romsdal,2023,1856
F-15 Møre og Romsdal,F,55 years,55,F-15,Møre og Romsdal,2023,1711
F-15 Møre og Romsdal,F,56 years,56,F-15,Møre og Romsdal,2023,1655
F-15 Møre og Romsdal,F,57 years,57,F-15,Møre og Romsdal,2023,1606
F-15 Møre og Romsdal,F,58 years,58,F-15,Møre og Romsdal,2023,1600
F-15 Møre og Romsdal,F,59 years,59,F-15,Møre og Romsdal,2023,1553
F-15 Møre og Romsdal,F,60 years,60,F-15,Møre og Romsdal,2023,1570
F-15 Møre og Romsdal,F,61 years,61,F-15,Møre og Romsdal,2023,1600
F-15 Møre og Romsdal,F,62 years,62,F-15,Møre og Romsdal,2023,1628
F-15 Møre og Romsdal,F,63 years,63,F-15,Møre og Romsdal,2023,1623
F-15 Møre og Romsdal,F,64 years,64,F-15,Møre og Romsdal,2023,1608
F-15 Møre og Romsdal,F,65 years,65,F-15,Møre og Romsdal,2023,1569
F-15 Møre og Romsdal,F,66 years,66,F-15,Møre og Romsdal,2023,1720
F-15 Møre og Romsdal,F,67 years,67,F-15,Møre og Romsdal,2023,1567
F-15 Møre og Romsdal,F,68 years,68,F-15,Møre og Romsdal,2023,1559
F-15 Møre og Romsdal,F,69 years,69,F-15,Møre og Romsdal,2023,1520
F-15 Møre og Romsdal,F,70 years,70,F-15,Møre og Romsdal,2023,1542
F-15 Møre og Romsdal,F,71 years,71,F-15,Møre og Romsdal,2023,1386
F-15 Møre og Romsdal,F,72 years,72,F-15,Møre og Romsdal,2023,1492
F-15 Møre og Romsdal,F,73 years,73,F-15,Møre og Romsdal,2023,1376
F-15 Møre og Romsdal,F,74 years,74,F-15,Møre og Romsdal,2023,1370
F-15 Møre og Romsdal,F,75 years,75,F-15,Møre og Romsdal,2023,1332
F-15 Møre og Romsdal,F,76 years,76,F-15,Møre og Romsdal,2023,1322
F-15 Møre og Romsdal,F,77 years,77,F-15,Møre og Romsdal,2023,1198
F-15 Møre og Romsdal,F,78 years,78,F-15,Møre og Romsdal,2023,1147
F-15 Møre og Romsdal,F,79 years,79,F-15,Møre og Romsdal,2023,1018
F-15 Møre og Romsdal,F,80 years,80,F-15,Møre og Romsdal,2023,875
F-15 Møre og Romsdal,F,81 years,81,F-15,Møre og Romsdal,2023,817
F-15 Møre og Romsdal,F,82 years,82,F-15,Møre og Romsdal,2023,729
F-15 Møre og Romsdal,F,83 years,83,F-15,Møre og Romsdal,2023,725
F-15 Møre og Romsdal,F,84 years,84,F-15,Møre og Romsdal,2023,619
F-15 Møre og Romsdal,F,85 years,85,F-15,Møre og Romsdal,2023,559
F-15 Møre og Romsdal,F,86 years,86,F-15,Møre og Romsdal,2023,526
F-15 Møre og Romsdal,F,87 years,87,F-15,Møre og Romsdal,2023,473
F-15 Møre og Romsdal,F,88 years,88,F-15,Møre og Romsdal,2023,445
F-15 Møre og Romsdal,F,89 years,89,F-15,Møre og Romsdal,2023,423
F-15 Møre og Romsdal,F,90 years,90,F-15,Møre og Romsdal,2023,365
F-15 Møre og Romsdal,F,91 years,91,F-15,Møre og Romsdal,2023,309
F-15 Møre og Romsdal,F,92 years,92,F-15,Møre og Romsdal,2023,312
F-15 Møre og Romsdal,F,93 years,93,F-15,Møre og Romsdal,2023,229
F-15 Møre og Romsdal,F,94 years,94,F-15,Møre og Romsdal,2023,196
F-15 Møre og Romsdal,F,95 years,95,F-15,Møre og Romsdal,2023,166
F-15 Møre og Romsdal,F,96 years,96,F-15,Møre og Romsdal,2023,127
F-15 Møre og Romsdal,F,97 years,97,F-15,Møre og Romsdal,2023,86
F-15 Møre og Romsdal,F,98 years,98,F-15,Møre og Romsdal,2023,73
F-15 Møre og Romsdal,F,99 years,99,F-15,Møre og Romsdal,2023,35
F-15 Møre og Romsdal,F,100 years,100,F-15,Møre og Romsdal,2023,26
F-15 Møre og Romsdal,F,101 years,101,F-15,Møre og Romsdal,2023,21
F-15 Møre og Romsdal,F,102 years,102,F-15,Møre og Romsdal,2023,7
F-15 Møre og Romsdal,F,103 years,103,F-15,Møre og Romsdal,2023,2
F-15 Møre og Romsdal,F,104 years,104,F-15,Møre og Romsdal,2023,3
F-15 Møre og Romsdal,F,105 years or older,105,F-15,Møre og Romsdal,2023,1
F-15 Møre og Romsdal,M,0 years,0,F-15,Møre og Romsdal,2023,1213
F-15 Møre og Romsdal,M,1 year,1,F-15,Møre og Romsdal,2023,1412
F-15 Møre og Romsdal,M,2 years,2,F-15,Møre og Romsdal,2023,1337
F-15 Møre og Romsdal,M,3 years,3,F-15,Møre og Romsdal,2023,1375
F-15 Møre og Romsdal,M,4 years,4,F-15,Møre og Romsdal,2023,1453
F-15 Møre og Romsdal,M,5 years,5,F-15,Møre og Romsdal,2023,1482
F-15 Møre og Romsdal,M,6 years,6,F-15,Møre og Romsdal,2023,1525
F-15 Møre og Romsdal,M,7 years,7,F-15,Møre og Romsdal,2023,1505
F-15 Møre og Romsdal,M,8 years,8,F-15,Møre og Romsdal,2023,1542
F-15 Møre og Romsdal,M,9 years,9,F-15,Møre og Romsdal,2023,1589
F-15 Møre og Romsdal,M,10 years,10,F-15,Møre og Romsdal,2023,1603
F-15 Møre og Romsdal,M,11 years,11,F-15,Møre og Romsdal,2023,1682
F-15 Møre og Romsdal,M,12 years,12,F-15,Møre og Romsdal,2023,1621
F-15 Møre og Romsdal,M,13 years,13,F-15,Møre og Romsdal,2023,1799
F-15 Møre og Romsdal,M,14 years,14,F-15,Møre og Romsdal,2023,1713
F-15 Møre og Romsdal,M,15 years,15,F-15,Møre og Romsdal,2023,1720
F-15 Møre og Romsdal,M,16 years,16,F-15,Møre og Romsdal,2023,1662
F-15 Møre og Romsdal,M,17 years,17,F-15,Møre og Romsdal,2023,1675
F-15 Møre og Romsdal,M,18 years,18,F-15,Møre og Romsdal,2023,1763
F-15 Møre og Romsdal,M,19 years,19,F-15,Møre og Romsdal,2023,1750
F-15 Møre og Romsdal,M,20 years,20,F-15,Møre og Romsdal,2023,1638
F-15 Møre og Romsdal,M,21 years,21,F-15,Møre og Romsdal,2023,1691
F-15 Møre og Romsdal,M,22 years,22,F-15,Møre og Romsdal,2023,1748
F-15 Møre og Romsdal,M,23 years,23,F-15,Møre og Romsdal,2023,1729
F-15 Møre og Romsdal,M,24 years,24,F-15,Møre og Romsdal,2023,1637
F-15 Møre og Romsdal,M,25 years,25,F-15,Møre og Romsdal,2023,1630
F-15 Møre og Romsdal,M,26 years,26,F-15,Møre og Romsdal,2023,1656
F-15 Møre og Romsdal,M,27 years,27,F-15,Møre og Romsdal,2023,1674
F-15 Møre og Romsdal,M,28 years,28,F-15,Møre og Romsdal,2023,1609
F-15 Møre og Romsdal,M,29 years,29,F-15,Møre og Romsdal,2023,1681
F-15 Møre og Romsdal,M,30 years,30,F-15,Møre og Romsdal,2023,1601
F-15 Møre og Romsdal,M,31 years,31,F-15,Møre og Romsdal,2023,1752
F-15 Møre og Romsdal,M,32 years,32,F-15,Møre og Romsdal,2023,1747
F-15 Møre og Romsdal,M,33 years,33,F-15,Møre og Romsdal,2023,1727
F-15 Møre og Romsdal,M,34 years,34,F-15,Møre og Romsdal,2023,1785
F-15 Møre og Romsdal,M,35 years,35,F-15,Møre og Romsdal,2023,1698
F-15 Møre og Romsdal,M,36 years,36,F-15,Møre og Romsdal,2023,1787
F-15 Møre og Romsdal,M,37 years,37,F-15,Møre og Romsdal,2023,1745
F-15 Møre og Romsdal,M,38 years,38,F-15,Møre og Romsdal,2023,1779
F-15 Møre og Romsdal,M,39 years,39,F-15,Møre og Romsdal,2023,1805
F-15 Møre og Romsdal,M,40 years,40,F-15,Møre og Romsdal,2023,1758
F-15 Møre og Romsdal,M,41 years,41,F-15,Møre og Romsdal,2023,1699
F-15 Møre og Romsdal,M,42 years,42,F-15,Møre og Romsdal,2023,1731
F-15 Møre og Romsdal,M,43 years,43,F-15,Møre og Romsdal,2023,1741
F-15 Møre og Romsdal,M,44 years,44,F-15,Møre og Romsdal,2023,1631
F-15 Møre og Romsdal,M,45 years,45,F-15,Møre og Romsdal,2023,1591
F-15 Møre og Romsdal,M,46 years,46,F-15,Møre og Romsdal,2023,1690
F-15 Møre og Romsdal,M,47 years,47,F-15,Møre og Romsdal,2023,1633
F-15 Møre og Romsdal,M,48 years,48,F-15,Møre og Romsdal,2023,1754
F-15 Møre og Romsdal,M,49 years,49,F-15,Møre og Romsdal,2023,1877
F-15 Møre og Romsdal,M,50 years,50,F-15,Møre og Romsdal,2023,1926
F-15 Møre og Romsdal,M,51 years,51,F-15,Møre og Romsdal,2023,1883
F-15 Møre og Romsdal,M,52 years,52,F-15,Møre og Romsdal,2023,1910
F-15 Møre og Romsdal,M,53 years,53,F-15,Møre og Romsdal,2023,1934
F-15 Møre og Romsdal,M,54 years,54,F-15,Møre og Romsdal,2023,1925
F-15 Møre og Romsdal,M,55 years,55,F-15,Møre og Romsdal,2023,1937
F-15 Møre og Romsdal,M,56 years,56,F-15,Møre og Romsdal,2023,1804
F-15 Møre og Romsdal,M,57 years,57,F-15,Møre og Romsdal,2023,1799
F-15 Møre og Romsdal,M,58 years,58,F-15,Møre og Romsdal,2023,1724
F-15 Møre og Romsdal,M,59 years,59,F-15,Møre og Romsdal,2023,1719
F-15 Møre og Romsdal,M,60 years,60,F-15,Møre og Romsdal,2023,1693
F-15 Møre og Romsdal,M,61 years,61,F-15,Møre og Romsdal,2023,1658
F-15 Møre og Romsdal,M,62 years,62,F-15,Møre og Romsdal,2023,1595
F-15 Møre og Romsdal,M,63 years,63,F-15,Møre og Romsdal,2023,1670
F-15 Møre og Romsdal,M,64 years,64,F-15,Møre og Romsdal,2023,1683
F-15 Møre og Romsdal,M,65 years,65,F-15,Møre og Romsdal,2023,1629
F-15 Møre og Romsdal,M,66 years,66,F-15,Møre og Romsdal,2023,1682
F-15 Møre og Romsdal,M,67 years,67,F-15,Møre og Romsdal,2023,1595
F-15 Møre og Romsdal,M,68 years,68,F-15,Møre og Romsdal,2023,1600
F-15 Møre og Romsdal,M,69 years,69,F-15,Møre og Romsdal,2023,1510
F-15 Møre og Romsdal,M,70 years,70,F-15,Møre og Romsdal,2023,1566
F-15 Møre og Romsdal,M,71 years,71,F-15,Møre og Romsdal,2023,1500
F-15 Møre og Romsdal,M,72 years,72,F-15,Møre og Romsdal,2023,1361
F-15 Møre og Romsdal,M,73 years,73,F-15,Møre og Romsdal,2023,1405
F-15 Møre og Romsdal,M,74 years,74,F-15,Møre og Romsdal,2023,1428
F-15 Møre og Romsdal,M,75 years,75,F-15,Møre og Romsdal,2023,1320
F-15 Møre og Romsdal,M,76 years,76,F-15,Møre og Romsdal,2023,1331
F-15 Møre og Romsdal,M,77 years,77,F-15,Møre og Romsdal,2023,1197
F-15 Møre og Romsdal,M,78 years,78,F-15,Møre og Romsdal,2023,1064
F-15 Møre og Romsdal,M,79 years,79,F-15,Møre og Romsdal,2023,923
F-15 Møre og Romsdal,M,80 years,80,F-15,Møre og Romsdal,2023,793
F-15 Møre og Romsdal,M,81 years,81,F-15,Møre og Romsdal,2023,663
F-15 Møre og Romsdal,M,82 years,82,F-15,Møre og Romsdal,2023,668
F-15 Møre og Romsdal,M,83 years,83,F-15,Møre og Romsdal,2023,583
F-15 Møre og Romsdal,M,84 years,84,F-15,Møre og Romsdal,2023,490
F-15 Møre og Romsdal,M,85 years,85,F-15,Møre og Romsdal,2023,425
F-15 Møre og Romsdal,M,86 years,86,F-15,Møre og Romsdal,2023,378
F-15 Møre og Romsdal,M,87 years,87,F-15,Møre og Romsdal,2023,327
F-15 Møre og Romsdal,M,88 years,88,F-15,Møre og Romsdal,2023,303
F-15 Møre og Romsdal,M,89 years,89,F-15,Møre og Romsdal,2023,231
F-15 Møre og Romsdal,M,90 years,90,F-15,Møre og Romsdal,2023,210
F-15 Møre og Romsdal,M,91 years,91,F-15,Møre og Romsdal,2023,156
F-15 Møre og Romsdal,M,92 years,92,F-15,Møre og Romsdal,2023,146
F-15 Møre og Romsdal,M,93 years,93,F-15,Møre og Romsdal,2023,116
F-15 Møre og Romsdal,M,94 years,94,F-15,Møre og Romsdal,2023,87
F-15 Møre og Romsdal,M,95 years,95,F-15,Møre og Romsdal,2023,55
F-15 Møre og Romsdal,M,96 years,96,F-15,Møre og Romsdal,2023,48
F-15 Møre og Romsdal,M,97 years,97,F-15,Møre og Romsdal,2023,28
F-15 Møre og Romsdal,M,98 years,98,F-15,Møre og Romsdal,2023,18
F-15 Møre og Romsdal,M,99 years,99,F-15,Møre og Romsdal,2023,8
F-15 Møre og Romsdal,M,100 years,100,F-15,Møre og Romsdal,2023,3
F-15 Møre og Romsdal,M,101 years,101,F-15,Møre og Romsdal,2023,3
F-15 Møre og Romsdal,M,102 years,102,F-15,Møre og Romsdal,2023,1
F-15 Møre og Romsdal,M,103 years,103,F-15,Møre og Romsdal,2023,3
F-15 Møre og Romsdal,M,104 years,104,F-15,Møre og Romsdal,2023,0
F-15 Møre og Romsdal,M,105 years or older,105,F-15,Møre og Romsdal,2023,0
F-50 Trøndelag - Trööndelage,F,0 years,0,F-50,Trøndelag,2023,2200
F-50 Trøndelag - Trööndelage,F,1 year,1,F-50,Trøndelag,2023,2474
F-50 Trøndelag - Trööndelage,F,2 years,2,F-50,Trøndelag,2023,2347
F-50 Trøndelag - Trööndelage,F,3 years,3,F-50,Trøndelag,2023,2299
F-50 Trøndelag - Trööndelage,F,4 years,4,F-50,Trøndelag,2023,2276
F-50 Trøndelag - Trööndelage,F,5 years,5,F-50,Trøndelag,2023,2484
F-50 Trøndelag - Trööndelage,F,6 years,6,F-50,Trøndelag,2023,2489
F-50 Trøndelag - Trööndelage,F,7 years,7,F-50,Trøndelag,2023,2570
F-50 Trøndelag - Trööndelage,F,8 years,8,F-50,Trøndelag,2023,2629
F-50 Trøndelag - Trööndelage,F,9 years,9,F-50,Trøndelag,2023,2711
F-50 Trøndelag - Trööndelage,F,10 years,10,F-50,Trøndelag,2023,2624
F-50 Trøndelag - Trööndelage,F,11 years,11,F-50,Trøndelag,2023,2668
F-50 Trøndelag - Trööndelage,F,12 years,12,F-50,Trøndelag,2023,2823
F-50 Trøndelag - Trööndelage,F,13 years,13,F-50,Trøndelag,2023,2798
F-50 Trøndelag - Trööndelage,F,14 years,14,F-50,Trøndelag,2023,2760
F-50 Trøndelag - Trööndelage,F,15 years,15,F-50,Trøndelag,2023,2719
F-50 Trøndelag - Trööndelage,F,16 years,16,F-50,Trøndelag,2023,2708
F-50 Trøndelag - Trööndelage,F,17 years,17,F-50,Trøndelag,2023,2763
F-50 Trøndelag - Trööndelage,F,18 years,18,F-50,Trøndelag,2023,2673
F-50 Trøndelag - Trööndelage,F,19 years,19,F-50,Trøndelag,2023,2767
F-50 Trøndelag - Trööndelage,F,20 years,20,F-50,Trøndelag,2023,2791
F-50 Trøndelag - Trööndelage,F,21 years,21,F-50,Trøndelag,2023,3167
F-50 Trøndelag - Trööndelage,F,22 years,22,F-50,Trøndelag,2023,3307
F-50 Trøndelag - Trööndelage,F,23 years,23,F-50,Trøndelag,2023,3416
F-50 Trøndelag - Trööndelage,F,24 years,24,F-50,Trøndelag,2023,3484
F-50 Trøndelag - Trööndelage,F,25 years,25,F-50,Trøndelag,2023,3304
F-50 Trøndelag - Trööndelage,F,26 years,26,F-50,Trøndelag,2023,3448
F-50 Trøndelag - Trööndelage,F,27 years,27,F-50,Trøndelag,2023,3196
F-50 Trøndelag - Trööndelage,F,28 years,28,F-50,Trøndelag,2023,3303
F-50 Trøndelag - Trööndelage,F,29 years,29,F-50,Trøndelag,2023,3258
F-50 Trøndelag - Trööndelage,F,30 years,30,F-50,Trøndelag,2023,3288
F-50 Trøndelag - Trööndelage,F,31 years,31,F-50,Trøndelag,2023,3280
F-50 Trøndelag - Trööndelage,F,32 years,32,F-50,Trøndelag,2023,3373
F-50 Trøndelag - Trööndelage,F,33 years,33,F-50,Trøndelag,2023,3213
F-50 Trøndelag - Trööndelage,F,34 years,34,F-50,Trøndelag,2023,3265
F-50 Trøndelag - Trööndelage,F,35 years,35,F-50,Trøndelag,2023,3039
F-50 Trøndelag - Trööndelage,F,36 years,36,F-50,Trøndelag,2023,3088
F-50 Trøndelag - Trööndelage,F,37 years,37,F-50,Trøndelag,2023,3065
F-50 Trøndelag - Trööndelage,F,38 years,38,F-50,Trøndelag,2023,3015
F-50 Trøndelag - Trööndelage,F,39 years,39,F-50,Trøndelag,2023,2915
F-50 Trøndelag - Trööndelage,F,40 years,40,F-50,Trøndelag,2023,2969
F-50 Trøndelag - Trööndelage,F,41 years,41,F-50,Trøndelag,2023,2867
F-50 Trøndelag - Trööndelage,F,42 years,42,F-50,Trøndelag,2023,2803
F-50 Trøndelag - Trööndelage,F,43 years,43,F-50,Trøndelag,2023,2765
F-50 Trøndelag - Trööndelage,F,44 years,44,F-50,Trøndelag,2023,2772
F-50 Trøndelag - Trööndelage,F,45 years,45,F-50,Trøndelag,2023,2718
F-50 Trøndelag - Trööndelage,F,46 years,46,F-50,Trøndelag,2023,2780
F-50 Trøndelag - Trööndelage,F,47 years,47,F-50,Trøndelag,2023,2859
F-50 Trøndelag - Trööndelage,F,48 years,48,F-50,Trøndelag,2023,3016
F-50 Trøndelag - Trööndelage,F,49 years,49,F-50,Trøndelag,2023,3029
F-50 Trøndelag - Trööndelage,F,50 years,50,F-50,Trøndelag,2023,3053
F-50 Trøndelag - Trööndelage,F,51 years,51,F-50,Trøndelag,2023,3121
F-50 Trøndelag - Trööndelage,F,52 years,52,F-50,Trøndelag,2023,3153
F-50 Trøndelag - Trööndelage,F,53 years,53,F-50,Trøndelag,2023,3178
F-50 Trøndelag - Trööndelage,F,54 years,54,F-50,Trøndelag,2023,3269
F-50 Trøndelag - Trööndelage,F,55 years,55,F-50,Trøndelag,2023,3093
F-50 Trøndelag - Trööndelage,F,56 years,56,F-50,Trøndelag,2023,3085
F-50 Trøndelag - Trööndelage,F,57 years,57,F-50,Trøndelag,2023,3046
F-50 Trøndelag - Trööndelage,F,58 years,58,F-50,Trøndelag,2023,2879
F-50 Trøndelag - Trööndelage,F,59 years,59,F-50,Trøndelag,2023,2859
F-50 Trøndelag - Trööndelage,F,60 years,60,F-50,Trøndelag,2023,2697
F-50 Trøndelag - Trööndelage,F,61 years,61,F-50,Trøndelag,2023,2678
F-50 Trøndelag - Trööndelage,F,62 years,62,F-50,Trøndelag,2023,2672
F-50 Trøndelag - Trööndelage,F,63 years,63,F-50,Trøndelag,2023,2650
F-50 Trøndelag - Trööndelage,F,64 years,64,F-50,Trøndelag,2023,2553
F-50 Trøndelag - Trööndelage,F,65 years,65,F-50,Trøndelag,2023,2567
F-50 Trøndelag - Trööndelage,F,66 years,66,F-50,Trøndelag,2023,2630
F-50 Trøndelag - Trööndelage,F,67 years,67,F-50,Trøndelag,2023,2638
F-50 Trøndelag - Trööndelage,F,68 years,68,F-50,Trøndelag,2023,2526
F-50 Trøndelag - Trööndelage,F,69 years,69,F-50,Trøndelag,2023,2484
F-50 Trøndelag - Trööndelage,F,70 years,70,F-50,Trøndelag,2023,2385
F-50 Trøndelag - Trööndelage,F,71 years,71,F-50,Trøndelag,2023,2325
F-50 Trøndelag - Trööndelage,F,72 years,72,F-50,Trøndelag,2023,2265
F-50 Trøndelag - Trööndelage,F,73 years,73,F-50,Trøndelag,2023,2188
F-50 Trøndelag - Trööndelage,F,74 years,74,F-50,Trøndelag,2023,2267
F-50 Trøndelag - Trööndelage,F,75 years,75,F-50,Trøndelag,2023,2197
F-50 Trøndelag - Trööndelage,F,76 years,76,F-50,Trøndelag,2023,2284
F-50 Trøndelag - Trööndelage,F,77 years,77,F-50,Trøndelag,2023,2117
F-50 Trøndelag - Trööndelage,F,78 years,78,F-50,Trøndelag,2023,1878
F-50 Trøndelag - Trööndelage,F,79 years,79,F-50,Trøndelag,2023,1735
F-50 Trøndelag - Trööndelage,F,80 years,80,F-50,Trøndelag,2023,1547
F-50 Trøndelag - Trööndelage,F,81 years,81,F-50,Trøndelag,2023,1343
F-50 Trøndelag - Trööndelage,F,82 years,82,F-50,Trøndelag,2023,1240
F-50 Trøndelag - Trööndelage,F,83 years,83,F-50,Trøndelag,2023,1202
F-50 Trøndelag - Trööndelage,F,84 years,84,F-50,Trøndelag,2023,1012
F-50 Trøndelag - Trööndelage,F,85 years,85,F-50,Trøndelag,2023,888
F-50 Trøndelag - Trööndelage,F,86 years,86,F-50,Trøndelag,2023,853
F-50 Trøndelag - Trööndelage,F,87 years,87,F-50,Trøndelag,2023,766
F-50 Trøndelag - Trööndelage,F,88 years,88,F-50,Trøndelag,2023,714
F-50 Trøndelag - Trööndelage,F,89 years,89,F-50,Trøndelag,2023,564
F-50 Trøndelag - Trööndelage,F,90 years,90,F-50,Trøndelag,2023,565
F-50 Trøndelag - Trööndelage,F,91 years,91,F-50,Trøndelag,2023,480
F-50 Trøndelag - Trööndelage,F,92 years,92,F-50,Trøndelag,2023,402
F-50 Trøndelag - Trööndelage,F,93 years,93,F-50,Trøndelag,2023,333
F-50 Trøndelag - Trööndelage,F,94 years,94,F-50,Trøndelag,2023,270
F-50 Trøndelag - Trööndelage,F,95 years,95,F-50,Trøndelag,2023,194
F-50 Trøndelag - Trööndelage,F,96 years,96,F-50,Trøndelag,2023,167
F-50 Trøndelag - Trööndelage,F,97 years,97,F-50,Trøndelag,2023,101
F-50 Trøndelag - Trööndelage,F,98 years,98,F-50,Trøndelag,2023,84
F-50 Trøndelag - Trööndelage,F,99 years,99,F-50,Trøndelag,2023,47
F-50 Trøndelag - Trööndelage,F,100 years,100,F-50,Trøndelag,2023,38
F-50 Trøndelag - Trööndelage,F,101 years,101,F-50,Trøndelag,2023,22
F-50 Trøndelag - Trööndelage,F,102 years,102,F-50,Trøndelag,2023,11
F-50 Trøndelag - Trööndelage,F,103 years,103,F-50,Trøndelag,2023,4
F-50 Trøndelag - Trööndelage,F,104 years,104,F-50,Trøndelag,2023,3
F-50 Trøndelag - Trööndelage,F,105 years or older,105,F-50,Trøndelag,2023,4
F-50 Trøndelag - Trööndelage,M,0 years,0,F-50,Trøndelag,2023,2400
F-50 Trøndelag - Trööndelage,M,1 year,1,F-50,Trøndelag,2023,2504
F-50 Trøndelag - Trööndelage,M,2 years,2,F-50,Trøndelag,2023,2322
F-50 Trøndelag - Trööndelage,M,3 years,3,F-50,Trøndelag,2023,2484
F-50 Trøndelag - Trööndelage,M,4 years,4,F-50,Trøndelag,2023,2556
F-50 Trøndelag - Trööndelage,M,5 years,5,F-50,Trøndelag,2023,2562
F-50 Trøndelag - Trööndelage,M,6 years,6,F-50,Trøndelag,2023,2790
F-50 Trøndelag - Trööndelage,M,7 years,7,F-50,Trøndelag,2023,2728
F-50 Trøndelag - Trööndelage,M,8 years,8,F-50,Trøndelag,2023,2753
F-50 Trøndelag - Trööndelage,M,9 years,9,F-50,Trøndelag,2023,2837
F-50 Trøndelag - Trööndelage,M,10 years,10,F-50,Trøndelag,2023,2803
F-50 Trøndelag - Trööndelage,M,11 years,11,F-50,Trøndelag,2023,2910
F-50 Trøndelag - Trööndelage,M,12 years,12,F-50,Trøndelag,2023,2936
F-50 Trøndelag - Trööndelage,M,13 years,13,F-50,Trøndelag,2023,2983
F-50 Trøndelag - Trööndelage,M,14 years,14,F-50,Trøndelag,2023,2981
F-50 Trøndelag - Trööndelage,M,15 years,15,F-50,Trøndelag,2023,2864
F-50 Trøndelag - Trööndelage,M,16 years,16,F-50,Trøndelag,2023,2983
F-50 Trøndelag - Trööndelage,M,17 years,17,F-50,Trøndelag,2023,2791
F-50 Trøndelag - Trööndelage,M,18 years,18,F-50,Trøndelag,2023,2887
F-50 Trøndelag - Trööndelage,M,19 years,19,F-50,Trøndelag,2023,2863
F-50 Trøndelag - Trööndelage,M,20 years,20,F-50,Trøndelag,2023,3061
F-50 Trøndelag - Trööndelage,M,21 years,21,F-50,Trøndelag,2023,3388
F-50 Trøndelag - Trööndelage,M,22 years,22,F-50,Trøndelag,2023,3724
F-50 Trøndelag - Trööndelage,M,23 years,23,F-50,Trøndelag,2023,3789
F-50 Trøndelag - Trööndelage,M,24 years,24,F-50,Trøndelag,2023,3897
F-50 Trøndelag - Trööndelage,M,25 years,25,F-50,Trøndelag,2023,3891
F-50 Trøndelag - Trööndelage,M,26 years,26,F-50,Trøndelag,2023,3795
F-50 Trøndelag - Trööndelage,M,27 years,27,F-50,Trøndelag,2023,3645
F-50 Trøndelag - Trööndelage,M,28 years,28,F-50,Trøndelag,2023,3579
F-50 Trøndelag - Trööndelage,M,29 years,29,F-50,Trøndelag,2023,3497
F-50 Trøndelag - Trööndelage,M,30 years,30,F-50,Trøndelag,2023,3633
F-50 Trøndelag - Trööndelage,M,31 years,31,F-50,Trøndelag,2023,3677
F-50 Trøndelag - Trööndelage,M,32 years,32,F-50,Trøndelag,2023,3587
F-50 Trøndelag - Trööndelage,M,33 years,33,F-50,Trøndelag,2023,3596
F-50 Trøndelag - Trööndelage,M,34 years,34,F-50,Trøndelag,2023,3447
F-50 Trøndelag - Trööndelage,M,35 years,35,F-50,Trøndelag,2023,3276
F-50 Trøndelag - Trööndelage,M,36 years,36,F-50,Trøndelag,2023,3230
F-50 Trøndelag - Trööndelage,M,37 years,37,F-50,Trøndelag,2023,3171
F-50 Trøndelag - Trööndelage,M,38 years,38,F-50,Trøndelag,2023,3011
F-50 Trøndelag - Trööndelage,M,39 years,39,F-50,Trøndelag,2023,3029
F-50 Trøndelag - Trööndelage,M,40 years,40,F-50,Trøndelag,2023,3059
F-50 Trøndelag - Trööndelage,M,41 years,41,F-50,Trøndelag,2023,2926
F-50 Trøndelag - Trööndelage,M,42 years,42,F-50,Trøndelag,2023,3019
F-50 Trøndelag - Trööndelage,M,43 years,43,F-50,Trøndelag,2023,3000
F-50 Trøndelag - Trööndelage,M,44 years,44,F-50,Trøndelag,2023,2898
F-50 Trøndelag - Trööndelage,M,45 years,45,F-50,Trøndelag,2023,2837
F-50 Trøndelag - Trööndelage,M,46 years,46,F-50,Trøndelag,2023,2822
F-50 Trøndelag - Trööndelage,M,47 years,47,F-50,Trøndelag,2023,2920
F-50 Trøndelag - Trööndelage,M,48 years,48,F-50,Trøndelag,2023,3143
F-50 Trøndelag - Trööndelage,M,49 years,49,F-50,Trøndelag,2023,3199
F-50 Trøndelag - Trööndelage,M,50 years,50,F-50,Trøndelag,2023,3287
F-50 Trøndelag - Trööndelage,M,51 years,51,F-50,Trøndelag,2023,3253
F-50 Trøndelag - Trööndelage,M,52 years,52,F-50,Trøndelag,2023,3106
F-50 Trøndelag - Trööndelage,M,53 years,53,F-50,Trøndelag,2023,3285
F-50 Trøndelag - Trööndelage,M,54 years,54,F-50,Trøndelag,2023,3291
F-50 Trøndelag - Trööndelage,M,55 years,55,F-50,Trøndelag,2023,3091
F-50 Trøndelag - Trööndelage,M,56 years,56,F-50,Trøndelag,2023,3237
F-50 Trøndelag - Trööndelage,M,57 years,57,F-50,Trøndelag,2023,3187
F-50 Trøndelag - Trööndelage,M,58 years,58,F-50,Trøndelag,2023,3019
F-50 Trøndelag - Trööndelage,M,59 years,59,F-50,Trøndelag,2023,2901
F-50 Trøndelag - Trööndelage,M,60 years,60,F-50,Trøndelag,2023,2885
F-50 Trøndelag - Trööndelage,M,61 years,61,F-50,Trøndelag,2023,2701
F-50 Trøndelag - Trööndelage,M,62 years,62,F-50,Trøndelag,2023,2627
F-50 Trøndelag - Trööndelage,M,63 years,63,F-50,Trøndelag,2023,2706
F-50 Trøndelag - Trööndelage,M,64 years,64,F-50,Trøndelag,2023,2724
F-50 Trøndelag - Trööndelage,M,65 years,65,F-50,Trøndelag,2023,2657
F-50 Trøndelag - Trööndelage,M,66 years,66,F-50,Trøndelag,2023,2617
F-50 Trøndelag - Trööndelage,M,67 years,67,F-50,Trøndelag,2023,2508
F-50 Trøndelag - Trööndelage,M,68 years,68,F-50,Trøndelag,2023,2461
F-50 Trøndelag - Trööndelage,M,69 years,69,F-50,Trøndelag,2023,2317
F-50 Trøndelag - Trööndelage,M,70 years,70,F-50,Trøndelag,2023,2410
F-50 Trøndelag - Trööndelage,M,71 years,71,F-50,Trøndelag,2023,2326
F-50 Trøndelag - Trööndelage,M,72 years,72,F-50,Trøndelag,2023,2186
F-50 Trøndelag - Trööndelage,M,73 years,73,F-50,Trøndelag,2023,2203
F-50 Trøndelag - Trööndelage,M,74 years,74,F-50,Trøndelag,2023,2236
F-50 Trøndelag - Trööndelage,M,75 years,75,F-50,Trøndelag,2023,2097
F-50 Trøndelag - Trööndelage,M,76 years,76,F-50,Trøndelag,2023,2118
F-50 Trøndelag - Trööndelage,M,77 years,77,F-50,Trøndelag,2023,1905
F-50 Trøndelag - Trööndelage,M,78 years,78,F-50,Trøndelag,2023,1714
F-50 Trøndelag - Trööndelage,M,79 years,79,F-50,Trøndelag,2023,1626
F-50 Trøndelag - Trööndelage,M,80 years,80,F-50,Trøndelag,2023,1357
F-50 Trøndelag - Trööndelage,M,81 years,81,F-50,Trøndelag,2023,1224
F-50 Trøndelag - Trööndelage,M,82 years,82,F-50,Trøndelag,2023,1038
F-50 Trøndelag - Trööndelage,M,83 years,83,F-50,Trøndelag,2023,913
F-50 Trøndelag - Trööndelage,M,84 years,84,F-50,Trøndelag,2023,806
F-50 Trøndelag - Trööndelage,M,85 years,85,F-50,Trøndelag,2023,701
F-50 Trøndelag - Trööndelage,M,86 years,86,F-50,Trøndelag,2023,602
F-50 Trøndelag - Trööndelage,M,87 years,87,F-50,Trøndelag,2023,481
F-50 Trøndelag - Trööndelage,M,88 years,88,F-50,Trøndelag,2023,459
F-50 Trøndelag - Trööndelage,M,89 years,89,F-50,Trøndelag,2023,383
F-50 Trøndelag - Trööndelage,M,90 years,90,F-50,Trøndelag,2023,315
F-50 Trøndelag - Trööndelage,M,91 years,91,F-50,Trøndelag,2023,237
F-50 Trøndelag - Trööndelage,M,92 years,92,F-50,Trøndelag,2023,189
F-50 Trøndelag - Trööndelage,M,93 years,93,F-50,Trøndelag,2023,160
F-50 Trøndelag - Trööndelage,M,94 years,94,F-50,Trøndelag,2023,114
F-50 Trøndelag - Trööndelage,M,95 years,95,F-50,Trøndelag,2023,75
F-50 Trøndelag - Trööndelage,M,96 years,96,F-50,Trøndelag,2023,66
F-50 Trøndelag - Trööndelage,M,97 years,97,F-50,Trøndelag,2023,34
F-50 Trøndelag - Trööndelage,M,98 years,98,F-50,Trøndelag,2023,29
F-50 Trøndelag - Trööndelage,M,99 years,99,F-50,Trøndelag,2023,14
F-50 Trøndelag - Trööndelage,M,100 years,100,F-50,Trøndelag,2023,6
F-50 Trøndelag - Trööndelage,M,101 years,101,F-50,Trøndelag,2023,2
F-50 Trøndelag - Trööndelage,M,102 years,102,F-50,Trøndelag,2023,0
F-50 Trøndelag - Trööndelage,M,103 years,103,F-50,Trøndelag,2023,0
F-50 Trøndelag - Trööndelage,M,104 years,104,F-50,Trøndelag,2023,0
F-50 Trøndelag - Trööndelage,M,105 years or older,105,F-50,Trøndelag,2023,0
F-15 Møre og Romsdal,F,0 years,0,F-15,Møre og Romsdal,2024,1206
F-15 Møre og Romsdal,F,1 year,1,F-15,Møre og Romsdal,2024,1219
F-15 Møre og Romsdal,F,2 years,2,F-15,Møre og Romsdal,2024,1390
F-15 Møre og Romsdal,F,3 years,3,F-15,Møre og Romsdal,2024,1304
F-15 Møre og Romsdal,F,4 years,4,F-15,Møre og Romsdal,2024,1363
F-15 Møre og Romsdal,F,5 years,5,F-15,Møre og Romsdal,2024,1400
F-15 Møre og Romsdal,F,6 years,6,F-15,Møre og Romsdal,2024,1457
F-15 Møre og Romsdal,F,7 years,7,F-15,Møre og Romsdal,2024,1479
F-15 Møre og Romsdal,F,8 years,8,F-15,Møre og Romsdal,2024,1502
F-15 Møre og Romsdal,F,9 years,9,F-15,Møre og Romsdal,2024,1458
F-15 Møre og Romsdal,F,10 years,10,F-15,Møre og Romsdal,2024,1535
F-15 Møre og Romsdal,F,11 years,11,F-15,Møre og Romsdal,2024,1615
F-15 Møre og Romsdal,F,12 years,12,F-15,Møre og Romsdal,2024,1594
F-15 Møre og Romsdal,F,13 years,13,F-15,Møre og Romsdal,2024,1649
F-15 Møre og Romsdal,F,14 years,14,F-15,Møre og Romsdal,2024,1691
F-15 Møre og Romsdal,F,15 years,15,F-15,Møre og Romsdal,2024,1661
F-15 Møre og Romsdal,F,16 years,16,F-15,Møre og Romsdal,2024,1660
F-15 Møre og Romsdal,F,17 years,17,F-15,Møre og Romsdal,2024,1640
F-15 Møre og Romsdal,F,18 years,18,F-15,Møre og Romsdal,2024,1646
F-15 Møre og Romsdal,F,19 years,19,F-15,Møre og Romsdal,2024,1666
F-15 Møre og Romsdal,F,20 years,20,F-15,Møre og Romsdal,2024,1596
F-15 Møre og Romsdal,F,21 years,21,F-15,Møre og Romsdal,2024,1555
F-15 Møre og Romsdal,F,22 years,22,F-15,Møre og Romsdal,2024,1551
F-15 Møre og Romsdal,F,23 years,23,F-15,Møre og Romsdal,2024,1474
F-15 Møre og Romsdal,F,24 years,24,F-15,Møre og Romsdal,2024,1469
F-15 Møre og Romsdal,F,25 years,25,F-15,Møre og Romsdal,2024,1375
F-15 Møre og Romsdal,F,26 years,26,F-15,Møre og Romsdal,2024,1495
F-15 Møre og Romsdal,F,27 years,27,F-15,Møre og Romsdal,2024,1442
F-15 Møre og Romsdal,F,28 years,28,F-15,Møre og Romsdal,2024,1432
F-15 Møre og Romsdal,F,29 years,29,F-15,Møre og Romsdal,2024,1483
F-15 Møre og Romsdal,F,30 years,30,F-15,Møre og Romsdal,2024,1531
F-15 Møre og Romsdal,F,31 years,31,F-15,Møre og Romsdal,2024,1594
F-15 Møre og Romsdal,F,32 years,32,F-15,Møre og Romsdal,2024,1649
F-15 Møre og Romsdal,F,33 years,33,F-15,Møre og Romsdal,2024,1736
F-15 Møre og Romsdal,F,34 years,34,F-15,Møre og Romsdal,2024,1711
F-15 Møre og Romsdal,F,35 years,35,F-15,Møre og Romsdal,2024,1704
F-15 Møre og Romsdal,F,36 years,36,F-15,Møre og Romsdal,2024,1659
F-15 Møre og Romsdal,F,37 years,37,F-15,Møre og Romsdal,2024,1668
F-15 Møre og Romsdal,F,38 years,38,F-15,Møre og Romsdal,2024,1667
F-15 Møre og Romsdal,F,39 years,39,F-15,Møre og Romsdal,2024,1680
F-15 Møre og Romsdal,F,40 years,40,F-15,Møre og Romsdal,2024,1673
F-15 Møre og Romsdal,F,41 years,41,F-15,Møre og Romsdal,2024,1675
F-15 Møre og Romsdal,F,42 years,42,F-15,Møre og Romsdal,2024,1642
F-15 Møre og Romsdal,F,43 years,43,F-15,Møre og Romsdal,2024,1661
F-15 Møre og Romsdal,F,44 years,44,F-15,Møre og Romsdal,2024,1649
F-15 Møre og Romsdal,F,45 years,45,F-15,Møre og Romsdal,2024,1606
F-15 Møre og Romsdal,F,46 years,46,F-15,Møre og Romsdal,2024,1586
F-15 Møre og Romsdal,F,47 years,47,F-15,Møre og Romsdal,2024,1568
F-15 Møre og Romsdal,F,48 years,48,F-15,Møre og Romsdal,2024,1577
F-15 Møre og Romsdal,F,49 years,49,F-15,Møre og Romsdal,2024,1706
F-15 Møre og Romsdal,F,50 years,50,F-15,Møre og Romsdal,2024,1640
F-15 Møre og Romsdal,F,51 years,51,F-15,Møre og Romsdal,2024,1798
F-15 Møre og Romsdal,F,52 years,52,F-15,Møre og Romsdal,2024,1829
F-15 Møre og Romsdal,F,53 years,53,F-15,Møre og Romsdal,2024,1812
F-15 Møre og Romsdal,F,54 years,54,F-15,Møre og Romsdal,2024,1898
F-15 Møre og Romsdal,F,55 years,55,F-15,Møre og Romsdal,2024,1874
F-15 Møre og Romsdal,F,56 years,56,F-15,Møre og Romsdal,2024,1720
F-15 Møre og Romsdal,F,57 years,57,F-15,Møre og Romsdal,2024,1665
F-15 Møre og Romsdal,F,58 years,58,F-15,Møre og Romsdal,2024,1611
F-15 Møre og Romsdal,F,59 years,59,F-15,Møre og Romsdal,2024,1606
F-15 Møre og Romsdal,F,60 years,60,F-15,Møre og Romsdal,2024,1556
F-15 Møre og Romsdal,F,61 years,61,F-15,Møre og Romsdal,2024,1581
F-15 Møre og Romsdal,F,62 years,62,F-15,Møre og Romsdal,2024,1595
F-15 Møre og Romsdal,F,63 years,63,F-15,Møre og Romsdal,2024,1625
F-15 Møre og Romsdal,F,64 years,64,F-15,Møre og Romsdal,2024,1616
F-15 Møre og Romsdal,F,65 years,65,F-15,Møre og Romsdal,2024,1604
F-15 Møre og Romsdal,F,66 years,66,F-15,Møre og Romsdal,2024,1584
F-15 Møre og Romsdal,F,67 years,67,F-15,Møre og Romsdal,2024,1719
F-15 Møre og Romsdal,F,68 years,68,F-15,Møre og Romsdal,2024,1554
F-15 Møre og Romsdal,F,69 years,69,F-15,Møre og Romsdal,2024,1550
F-15 Møre og Romsdal,F,70 years,70,F-15,Møre og Romsdal,2024,1515
F-15 Møre og Romsdal,F,71 years,71,F-15,Møre og Romsdal,2024,1529
F-15 Møre og Romsdal,F,72 years,72,F-15,Møre og Romsdal,2024,1375
F-15 Møre og Romsdal,F,73 years,73,F-15,Møre og Romsdal,2024,1480
F-15 Møre og Romsdal,F,74 years,74,F-15,Møre og Romsdal,2024,1362
F-15 Møre og Romsdal,F,75 years,75,F-15,Møre og Romsdal,2024,1356
F-15 Møre og Romsdal,F,76 years,76,F-15,Møre og Romsdal,2024,1316
F-15 Møre og Romsdal,F,77 years,77,F-15,Møre og Romsdal,2024,1299
F-15 Møre og Romsdal,F,78 years,78,F-15,Møre og Romsdal,2024,1172
F-15 Møre og Romsdal,F,79 years,79,F-15,Møre og Romsdal,2024,1117
F-15 Møre og Romsdal,F,80 years,80,F-15,Møre og Romsdal,2024,989
F-15 Møre og Romsdal,F,81 years,81,F-15,Møre og Romsdal,2024,847
F-15 Møre og Romsdal,F,82 years,82,F-15,Møre og Romsdal,2024,777
F-15 Møre og Romsdal,F,83 years,83,F-15,Møre og Romsdal,2024,691
F-15 Møre og Romsdal,F,84 years,84,F-15,Møre og Romsdal,2024,698
F-15 Møre og Romsdal,F,85 years,85,F-15,Møre og Romsdal,2024,586
F-15 Møre og Romsdal,F,86 years,86,F-15,Møre og Romsdal,2024,528
F-15 Møre og Romsdal,F,87 years,87,F-15,Møre og Romsdal,2024,477
F-15 Møre og Romsdal,F,88 years,88,F-15,Møre og Romsdal,2024,433
F-15 Møre og Romsdal,F,89 years,89,F-15,Møre og Romsdal,2024,407
F-15 Møre og Romsdal,F,90 years,90,F-15,Møre og Romsdal,2024,388
F-15 Møre og Romsdal,F,91 years,91,F-15,Møre og Romsdal,2024,305
F-15 Møre og Romsdal,F,92 years,92,F-15,Møre og Romsdal,2024,249
F-15 Møre og Romsdal,F,93 years,93,F-15,Møre og Romsdal,2024,257
F-15 Møre og Romsdal,F,94 years,94,F-15,Møre og Romsdal,2024,180
F-15 Møre og Romsdal,F,95 years,95,F-15,Møre og Romsdal,2024,165
F-15 Møre og Romsdal,F,96 years,96,F-15,Møre og Romsdal,2024,128
F-15 Møre og Romsdal,F,97 years,97,F-15,Møre og Romsdal,2024,90
F-15 Møre og Romsdal,F,98 years,98,F-15,Møre og Romsdal,2024,58
F-15 Møre og Romsdal,F,99 years,99,F-15,Møre og Romsdal,2024,59
F-15 Møre og Romsdal,F,100 years,100,F-15,Møre og Romsdal,2024,18
F-15 Møre og Romsdal,F,101 years,101,F-15,Møre og Romsdal,2024,16
F-15 Møre og Romsdal,F,102 years,102,F-15,Møre og Romsdal,2024,16
F-15 Møre og Romsdal,F,103 years,103,F-15,Møre og Romsdal,2024,7
F-15 Møre og Romsdal,F,104 years,104,F-15,Møre og Romsdal,2024,2
F-15 Møre og Romsdal,F,105 years or older,105,F-15,Møre og Romsdal,2024,2
F-15 Møre og Romsdal,M,0 years,0,F-15,Møre og Romsdal,2024,1161
F-15 Møre og Romsdal,M,1 year,1,F-15,Møre og Romsdal,2024,1247
F-15 Møre og Romsdal,M,2 years,2,F-15,Møre og Romsdal,2024,1464
F-15 Møre og Romsdal,M,3 years,3,F-15,Møre og Romsdal,2024,1363
F-15 Møre og Romsdal,M,4 years,4,F-15,Møre og Romsdal,2024,1392
F-15 Møre og Romsdal,M,5 years,5,F-15,Møre og Romsdal,2024,1482
F-15 Møre og Romsdal,M,6 years,6,F-15,Møre og Romsdal,2024,1508
F-15 Møre og Romsdal,M,7 years,7,F-15,Møre og Romsdal,2024,1558
F-15 Møre og Romsdal,M,8 years,8,F-15,Møre og Romsdal,2024,1536
F-15 Møre og Romsdal,M,9 years,9,F-15,Møre og Romsdal,2024,1572
F-15 Møre og Romsdal,M,10 years,10,F-15,Møre og Romsdal,2024,1626
F-15 Møre og Romsdal,M,11 years,11,F-15,Møre og Romsdal,2024,1633
F-15 Møre og Romsdal,M,12 years,12,F-15,Møre og Romsdal,2024,1707
F-15 Møre og Romsdal,M,13 years,13,F-15,Møre og Romsdal,2024,1650
F-15 Møre og Romsdal,M,14 years,14,F-15,Møre og Romsdal,2024,1814
F-15 Møre og Romsdal,M,15 years,15,F-15,Møre og Romsdal,2024,1746
F-15 Møre og Romsdal,M,16 years,16,F-15,Møre og Romsdal,2024,1740
F-15 Møre og Romsdal,M,17 years,17,F-15,Møre og Romsdal,2024,1717
F-15 Møre og Romsdal,M,18 years,18,F-15,Møre og Romsdal,2024,1709
F-15 Møre og Romsdal,M,19 years,19,F-15,Møre og Romsdal,2024,1768
F-15 Møre og Romsdal,M,20 years,20,F-15,Møre og Romsdal,2024,1756
F-15 Møre og Romsdal,M,21 years,21,F-15,Møre og Romsdal,2024,1632
F-15 Møre og Romsdal,M,22 years,22,F-15,Møre og Romsdal,2024,1667
F-15 Møre og Romsdal,M,23 years,23,F-15,Møre og Romsdal,2024,1739
F-15 Møre og Romsdal,M,24 years,24,F-15,Møre og Romsdal,2024,1698
F-15 Møre og Romsdal,M,25 years,25,F-15,Møre og Romsdal,2024,1582
F-15 Møre og Romsdal,M,26 years,26,F-15,Møre og Romsdal,2024,1595
F-15 Møre og Romsdal,M,27 years,27,F-15,Møre og Romsdal,2024,1673
F-15 Møre og Romsdal,M,28 years,28,F-15,Møre og Romsdal,2024,1691
F-15 Møre og Romsdal,M,29 years,29,F-15,Møre og Romsdal,2024,1639
F-15 Møre og Romsdal,M,30 years,30,F-15,Møre og Romsdal,2024,1692
F-15 Møre og Romsdal,M,31 years,31,F-15,Møre og Romsdal,2024,1628
F-15 Møre og Romsdal,M,32 years,32,F-15,Møre og Romsdal,2024,1772
F-15 Møre og Romsdal,M,33 years,33,F-15,Møre og Romsdal,2024,1758
F-15 Møre og Romsdal,M,34 years,34,F-15,Møre og Romsdal,2024,1755
F-15 Møre og Romsdal,M,35 years,35,F-15,Møre og Romsdal,2024,1827
F-15 Møre og Romsdal,M,36 years,36,F-15,Møre og Romsdal,2024,1726
F-15 Møre og Romsdal,M,37 years,37,F-15,Møre og Romsdal,2024,1813
F-15 Møre og Romsdal,M,38 years,38,F-15,Møre og Romsdal,2024,1749
F-15 Møre og Romsdal,M,39 years,39,F-15,Møre og Romsdal,2024,1824
F-15 Møre og Romsdal,M,40 years,40,F-15,Møre og Romsdal,2024,1840
F-15 Møre og Romsdal,M,41 years,41,F-15,Møre og Romsdal,2024,1762
F-15 Møre og Romsdal,M,42 years,42,F-15,Møre og Romsdal,2024,1712
F-15 Møre og Romsdal,M,43 years,43,F-15,Møre og Romsdal,2024,1747
F-15 Møre og Romsdal,M,44 years,44,F-15,Møre og Romsdal,2024,1760
F-15 Møre og Romsdal,M,45 years,45,F-15,Møre og Romsdal,2024,1654
F-15 Møre og Romsdal,M,46 years,46,F-15,Møre og Romsdal,2024,1604
F-15 Møre og Romsdal,M,47 years,47,F-15,Møre og Romsdal,2024,1705
F-15 Møre og Romsdal,M,48 years,48,F-15,Møre og Romsdal,2024,1647
F-15 Møre og Romsdal,M,49 years,49,F-15,Møre og Romsdal,2024,1765
F-15 Møre og Romsdal,M,50 years,50,F-15,Møre og Romsdal,2024,1870
F-15 Møre og Romsdal,M,51 years,51,F-15,Møre og Romsdal,2024,1928
F-15 Møre og Romsdal,M,52 years,52,F-15,Møre og Romsdal,2024,1882
F-15 Møre og Romsdal,M,53 years,53,F-15,Møre og Romsdal,2024,1919
F-15 Møre og Romsdal,M,54 years,54,F-15,Møre og Romsdal,2024,1942
F-15 Møre og Romsdal,M,55 years,55,F-15,Møre og Romsdal,2024,1916
F-15 Møre og Romsdal,M,56 years,56,F-15,Møre og Romsdal,2024,1942
F-15 Møre og Romsdal,M,57 years,57,F-15,Møre og Romsdal,2024,1801
F-15 Møre og Romsdal,M,58 years,58,F-15,Møre og Romsdal,2024,1790
F-15 Møre og Romsdal,M,59 years,59,F-15,Møre og Romsdal,2024,1720
F-15 Møre og Romsdal,M,60 years,60,F-15,Møre og Romsdal,2024,1719
F-15 Møre og Romsdal,M,61 years,61,F-15,Møre og Romsdal,2024,1703
F-15 Møre og Romsdal,M,62 years,62,F-15,Møre og Romsdal,2024,1646
F-15 Møre og Romsdal,M,63 years,63,F-15,Møre og Romsdal,2024,1595
F-15 Møre og Romsdal,M,64 years,64,F-15,Møre og Romsdal,2024,1669
F-15 Møre og Romsdal,M,65 years,65,F-15,Møre og Romsdal,2024,1678
F-15 Møre og Romsdal,M,66 years,66,F-15,Møre og Romsdal,2024,1619
F-15 Møre og Romsdal,M,67 years,67,F-15,Møre og Romsdal,2024,1665
F-15 Møre og Romsdal,M,68 years,68,F-15,Møre og Romsdal,2024,1576
F-15 Møre og Romsdal,M,69 years,69,F-15,Møre og Romsdal,2024,1580
F-15 Møre og Romsdal,M,70 years,70,F-15,Møre og Romsdal,2024,1494
F-15 Møre og Romsdal,M,71 years,71,F-15,Møre og Romsdal,2024,1539
F-15 Møre og Romsdal,M,72 years,72,F-15,Møre og Romsdal,2024,1476
F-15 Møre og Romsdal,M,73 years,73,F-15,Møre og Romsdal,2024,1340
F-15 Møre og Romsdal,M,74 years,74,F-15,Møre og Romsdal,2024,1363
F-15 Møre og Romsdal,M,75 years,75,F-15,Møre og Romsdal,2024,1388
F-15 Møre og Romsdal,M,76 years,76,F-15,Møre og Romsdal,2024,1283
F-15 Møre og Romsdal,M,77 years,77,F-15,Møre og Romsdal,2024,1293
F-15 Møre og Romsdal,M,78 years,78,F-15,Møre og Romsdal,2024,1149
F-15 Møre og Romsdal,M,79 years,79,F-15,Møre og Romsdal,2024,1016
F-15 Møre og Romsdal,M,80 years,80,F-15,Møre og Romsdal,2024,899
F-15 Møre og Romsdal,M,81 years,81,F-15,Møre og Romsdal,2024,756
F-15 Møre og Romsdal,M,82 years,82,F-15,Møre og Romsdal,2024,616
F-15 Møre og Romsdal,M,83 years,83,F-15,Møre og Romsdal,2024,631
F-15 Møre og Romsdal,M,84 years,84,F-15,Møre og Romsdal,2024,536
F-15 Møre og Romsdal,M,85 years,85,F-15,Møre og Romsdal,2024,442
F-15 Møre og Romsdal,M,86 years,86,F-15,Møre og Romsdal,2024,386
F-15 Møre og Romsdal,M,87 years,87,F-15,Møre og Romsdal,2024,328
F-15 Møre og Romsdal,M,88 years,88,F-15,Møre og Romsdal,2024,289
F-15 Møre og Romsdal,M,89 years,89,F-15,Møre og Romsdal,2024,267
F-15 Møre og Romsdal,M,90 years,90,F-15,Møre og Romsdal,2024,203
F-15 Møre og Romsdal,M,91 years,91,F-15,Møre og Romsdal,2024,176
F-15 Møre og Romsdal,M,92 years,92,F-15,Møre og Romsdal,2024,130
F-15 Møre og Romsdal,M,93 years,93,F-15,Møre og Romsdal,2024,109
F-15 Møre og Romsdal,M,94 years,94,F-15,Møre og Romsdal,2024,94
F-15 Møre og Romsdal,M,95 years,95,F-15,Møre og Romsdal,2024,58
F-15 Møre og Romsdal,M,96 years,96,F-15,Møre og Romsdal,2024,37
F-15 Møre og Romsdal,M,97 years,97,F-15,Møre og Romsdal,2024,33
F-15 Møre og Romsdal,M,98 years,98,F-15,Møre og Romsdal,2024,22
F-15 Møre og Romsdal,M,99 years,99,F-15,Møre og Romsdal,2024,15
F-15 Møre og Romsdal,M,100 years,100,F-15,Møre og Romsdal,2024,5
F-15 Møre og Romsdal,M,101 years,101,F-15,Møre og Romsdal,2024,2
F-15 Møre og Romsdal,M,102 years,102,F-15,Møre og Romsdal,2024,2
F-15 Møre og Romsdal,M,103 years,103,F-15,Møre og Romsdal,2024,1
F-15 Møre og Romsdal,M,104 years,104,F-15,Møre og Romsdal,2024,1
F-15 Møre og Romsdal,M,105 years or older,105,F-15,Møre og Romsdal,2024,0
F-50 Trøndelag - Trööndelage,F,0 years,0,F-50,Trøndelag,2024,2170
F-50 Trøndelag - Trööndelage,F,1 year,1,F-50,Trøndelag,2024,2212
F-50 Trøndelag - Trööndelage,F,2 years,2,F-50,Trøndelag,2024,2495
F-50 Trøndelag - Trööndelage,F,3 years,3,F-50,Trøndelag,2024,2361
F-50 Trøndelag - Trööndelage,F,4 years,4,F-50,Trøndelag,2024,2313
F-50 Trøndelag - Trööndelage,F,5 years,5,F-50,Trøndelag,2024,2311
F-50 Trøndelag - Trööndelage,F,6 years,6,F-50,Trøndelag,2024,2497
F-50 Trøndelag - Trööndelage,F,7 years,7,F-50,Trøndelag,2024,2508
F-50 Trøndelag - Trööndelage,F,8 years,8,F-50,Trøndelag,2024,2592
F-50 Trøndelag - Trööndelage,F,9 years,9,F-50,Trøndelag,2024,2655
F-50 Trøndelag - Trööndelage,F,10 years,10,F-50,Trøndelag,2024,2738
F-50 Trøndelag - Trööndelage,F,11 years,11,F-50,Trøndelag,2024,2660
F-50 Trøndelag - Trööndelage,F,12 years,12,F-50,Trøndelag,2024,2694
F-50 Trøndelag - Trööndelage,F,13 years,13,F-50,Trøndelag,2024,2846
F-50 Trøndelag - Trööndelage,F,14 years,14,F-50,Trøndelag,2024,2830
F-50 Trøndelag - Trööndelage,F,15 years,15,F-50,Trøndelag,2024,2782
F-50 Trøndelag - Trööndelage,F,16 years,16,F-50,Trøndelag,2024,2752
F-50 Trøndelag - Trööndelage,F,17 years,17,F-50,Trøndelag,2024,2754
F-50 Trøndelag - Trööndelage,F,18 years,18,F-50,Trøndelag,2024,2804
F-50 Trøndelag - Trööndelage,F,19 years,19,F-50,Trøndelag,2024,2780
F-50 Trøndelag - Trööndelage,F,20 years,20,F-50,Trøndelag,2024,2892
F-50 Trøndelag - Trööndelage,F,21 years,21,F-50,Trøndelag,2024,2929
F-50 Trøndelag - Trööndelage,F,22 years,22,F-50,Trøndelag,2024,3323
F-50 Trøndelag - Trööndelage,F,23 years,23,F-50,Trøndelag,2024,3413
F-50 Trøndelag - Trööndelage,F,24 years,24,F-50,Trøndelag,2024,3484
F-50 Trøndelag - Trööndelage,F,25 years,25,F-50,Trøndelag,2024,3486
F-50 Trøndelag - Trööndelage,F,26 years,26,F-50,Trøndelag,2024,3227
F-50 Trøndelag - Trööndelage,F,27 years,27,F-50,Trøndelag,2024,3419
F-50 Trøndelag - Trööndelage,F,28 years,28,F-50,Trøndelag,2024,3210
F-50 Trøndelag - Trööndelage,F,29 years,29,F-50,Trøndelag,2024,3309
F-50 Trøndelag - Trööndelage,F,30 years,30,F-50,Trøndelag,2024,3301
F-50 Trøndelag - Trööndelage,F,31 years,31,F-50,Trøndelag,2024,3311
F-50 Trøndelag - Trööndelage,F,32 years,32,F-50,Trøndelag,2024,3282
F-50 Trøndelag - Trööndelage,F,33 years,33,F-50,Trøndelag,2024,3409
F-50 Trøndelag - Trööndelage,F,34 years,34,F-50,Trøndelag,2024,3226
F-50 Trøndelag - Trööndelage,F,35 years,35,F-50,Trøndelag,2024,3307
F-50 Trøndelag - Trööndelage,F,36 years,36,F-50,Trøndelag,2024,3089
F-50 Trøndelag - Trööndelage,F,37 years,37,F-50,Trøndelag,2024,3154
F-50 Trøndelag - Trööndelage,F,38 years,38,F-50,Trøndelag,2024,3098
F-50 Trøndelag - Trööndelage,F,39 years,39,F-50,Trøndelag,2024,3050
F-50 Trøndelag - Trööndelage,F,40 years,40,F-50,Trøndelag,2024,2943
F-50 Trøndelag - Trööndelage,F,41 years,41,F-50,Trøndelag,2024,3008
F-50 Trøndelag - Trööndelage,F,42 years,42,F-50,Trøndelag,2024,2901
F-50 Trøndelag - Trööndelage,F,43 years,43,F-50,Trøndelag,2024,2819
F-50 Trøndelag - Trööndelage,F,44 years,44,F-50,Trøndelag,2024,2790
F-50 Trøndelag - Trööndelage,F,45 years,45,F-50,Trøndelag,2024,2788
F-50 Trøndelag - Trööndelage,F,46 years,46,F-50,Trøndelag,2024,2736
F-50 Trøndelag - Trööndelage,F,47 years,47,F-50,Trøndelag,2024,2814
F-50 Trøndelag - Trööndelage,F,48 years,48,F-50,Trøndelag,2024,2890
F-50 Trøndelag - Trööndelage,F,49 years,49,F-50,Trøndelag,2024,3033
F-50 Trøndelag - Trööndelage,F,50 years,50,F-50,Trøndelag,2024,3040
F-50 Trøndelag - Trööndelage,F,51 years,51,F-50,Trøndelag,2024,3071
F-50 Trøndelag - Trööndelage,F,52 years,52,F-50,Trøndelag,2024,3138
F-50 Trøndelag - Trööndelage,F,53 years,53,F-50,Trøndelag,2024,3163
F-50 Trøndelag - Trööndelage,F,54 years,54,F-50,Trøndelag,2024,3184
F-50 Trøndelag - Trööndelage,F,55 years,55,F-50,Trøndelag,2024,3272
F-50 Trøndelag - Trööndelage,F,56 years,56,F-50,Trøndelag,2024,3107
F-50 Trøndelag - Trööndelage,F,57 years,57,F-50,Trøndelag,2024,3106
F-50 Trøndelag - Trööndelage,F,58 years,58,F-50,Trøndelag,2024,3055
F-50 Trøndelag - Trööndelage,F,59 years,59,F-50,Trøndelag,2024,2886
F-50 Trøndelag - Trööndelage,F,60 years,60,F-50,Trøndelag,2024,2861
F-50 Trøndelag - Trööndelage,F,61 years,61,F-50,Trøndelag,2024,2708
F-50 Trøndelag - Trööndelage,F,62 years,62,F-50,Trøndelag,2024,2684
F-50 Trøndelag - Trööndelage,F,63 years,63,F-50,Trøndelag,2024,2669
F-50 Trøndelag - Trööndelage,F,64 years,64,F-50,Trøndelag,2024,2651
F-50 Trøndelag - Trööndelage,F,65 years,65,F-50,Trøndelag,2024,2547
F-50 Trøndelag - Trööndelage,F,66 years,66,F-50,Trøndelag,2024,2557
F-50 Trøndelag - Trööndelage,F,67 years,67,F-50,Trøndelag,2024,2613
F-50 Trøndelag - Trööndelage,F,68 years,68,F-50,Trøndelag,2024,2613
F-50 Trøndelag - Trööndelage,F,69 years,69,F-50,Trøndelag,2024,2519
F-50 Trøndelag - Trööndelage,F,70 years,70,F-50,Trøndelag,2024,2461
F-50 Trøndelag - Trööndelage,F,71 years,71,F-50,Trøndelag,2024,2373
F-50 Trøndelag - Trööndelage,F,72 years,72,F-50,Trøndelag,2024,2296
F-50 Trøndelag - Trööndelage,F,73 years,73,F-50,Trøndelag,2024,2242
F-50 Trøndelag - Trööndelage,F,74 years,74,F-50,Trøndelag,2024,2167
F-50 Trøndelag - Trööndelage,F,75 years,75,F-50,Trøndelag,2024,2248
F-50 Trøndelag - Trööndelage,F,76 years,76,F-50,Trøndelag,2024,2157
F-50 Trøndelag - Trööndelage,F,77 years,77,F-50,Trøndelag,2024,2222
F-50 Trøndelag - Trööndelage,F,78 years,78,F-50,Trøndelag,2024,2055
F-50 Trøndelag - Trööndelage,F,79 years,79,F-50,Trøndelag,2024,1832
F-50 Trøndelag - Trööndelage,F,80 years,80,F-50,Trøndelag,2024,1694
F-50 Trøndelag - Trööndelage,F,81 years,81,F-50,Trøndelag,2024,1487
F-50 Trøndelag - Trööndelage,F,82 years,82,F-50,Trøndelag,2024,1291
F-50 Trøndelag - Trööndelage,F,83 years,83,F-50,Trøndelag,2024,1173
F-50 Trøndelag - Trööndelage,F,84 years,84,F-50,Trøndelag,2024,1139
F-50 Trøndelag - Trööndelage,F,85 years,85,F-50,Trøndelag,2024,953
F-50 Trøndelag - Trööndelage,F,86 years,86,F-50,Trøndelag,2024,828
F-50 Trøndelag - Trööndelage,F,87 years,87,F-50,Trøndelag,2024,787
F-50 Trøndelag - Trööndelage,F,88 years,88,F-50,Trøndelag,2024,686
F-50 Trøndelag - Trööndelage,F,89 years,89,F-50,Trøndelag,2024,640
F-50 Trøndelag - Trööndelage,F,90 years,90,F-50,Trøndelag,2024,485
F-50 Trøndelag - Trööndelage,F,91 years,91,F-50,Trøndelag,2024,484
F-50 Trøndelag - Trööndelage,F,92 years,92,F-50,Trøndelag,2024,418
F-50 Trøndelag - Trööndelage,F,93 years,93,F-50,Trøndelag,2024,326
F-50 Trøndelag - Trööndelage,F,94 years,94,F-50,Trøndelag,2024,269
F-50 Trøndelag - Trööndelage,F,95 years,95,F-50,Trøndelag,2024,211
F-50 Trøndelag - Trööndelage,F,96 years,96,F-50,Trøndelag,2024,142
F-50 Trøndelag - Trööndelage,F,97 years,97,F-50,Trøndelag,2024,114
F-50 Trøndelag - Trööndelage,F,98 years,98,F-50,Trøndelag,2024,84
F-50 Trøndelag - Trööndelage,F,99 years,99,F-50,Trøndelag,2024,55
F-50 Trøndelag - Trööndelage,F,100 years,100,F-50,Trøndelag,2024,25
F-50 Trøndelag - Trööndelage,F,101 years,101,F-50,Trøndelag,2024,21
F-50 Trøndelag - Trööndelage,F,102 years,102,F-50,Trøndelag,2024,8
F-50 Trøndelag - Trööndelage,F,103 years,103,F-50,Trøndelag,2024,6
F-50 Trøndelag - Trööndelage,F,104 years,104,F-50,Trøndelag,2024,1
F-50 Trøndelag - Trööndelage,F,105 years or older,105,F-50,Trøndelag,2024,3
F-50 Trøndelag - Trööndelage,M,0 years,0,F-50,Trøndelag,2024,2373
F-50 Trøndelag - Trööndelage,M,1 year,1,F-50,Trøndelag,2024,2437
F-50 Trøndelag - Trööndelage,M,2 years,2,F-50,Trøndelag,2024,2544
F-50 Trøndelag - Trööndelage,M,3 years,3,F-50,Trøndelag,2024,2357
F-50 Trøndelag - Trööndelage,M,4 years,4,F-50,Trøndelag,2024,2510
F-50 Trøndelag - Trööndelage,M,5 years,5,F-50,Trøndelag,2024,2569
F-50 Trøndelag - Trööndelage,M,6 years,6,F-50,Trøndelag,2024,2571
F-50 Trøndelag - Trööndelage,M,7 years,7,F-50,Trøndelag,2024,2811
F-50 Trøndelag - Trööndelage,M,8 years,8,F-50,Trøndelag,2024,2764
F-50 Trøndelag - Trööndelage,M,9 years,9,F-50,Trøndelag,2024,2798
F-50 Trøndelag - Trööndelage,M,10 years,10,F-50,Trøndelag,2024,2866
F-50 Trøndelag - Trööndelage,M,11 years,11,F-50,Trøndelag,2024,2848
F-50 Trøndelag - Trööndelage,M,12 years,12,F-50,Trøndelag,2024,2950
F-50 Trøndelag - Trööndelage,M,13 years,13,F-50,Trøndelag,2024,2974
F-50 Trøndelag - Trööndelage,M,14 years,14,F-50,Trøndelag,2024,3009
F-50 Trøndelag - Trööndelage,M,15 years,15,F-50,Trøndelag,2024,3020
F-50 Trøndelag - Trööndelage,M,16 years,16,F-50,Trøndelag,2024,2904
F-50 Trøndelag - Trööndelage,M,17 years,17,F-50,Trøndelag,2024,3050
F-50 Trøndelag - Trööndelage,M,18 years,18,F-50,Trøndelag,2024,2883
F-50 Trøndelag - Trööndelage,M,19 years,19,F-50,Trøndelag,2024,2987
F-50 Trøndelag - Trööndelage,M,20 years,20,F-50,Trøndelag,2024,3017
F-50 Trøndelag - Trööndelage,M,21 years,21,F-50,Trøndelag,2024,3273
F-50 Trøndelag - Trööndelage,M,22 years,22,F-50,Trøndelag,2024,3560
F-50 Trøndelag - Trööndelage,M,23 years,23,F-50,Trøndelag,2024,3821
F-50 Trøndelag - Trööndelage,M,24 years,24,F-50,Trøndelag,2024,3833
F-50 Trøndelag - Trööndelage,M,25 years,25,F-50,Trøndelag,2024,3882
F-50 Trøndelag - Trööndelage,M,26 years,26,F-50,Trøndelag,2024,3815
F-50 Trøndelag - Trööndelage,M,27 years,27,F-50,Trøndelag,2024,3736
F-50 Trøndelag - Trööndelage,M,28 years,28,F-50,Trøndelag,2024,3545
F-50 Trøndelag - Trööndelage,M,29 years,29,F-50,Trøndelag,2024,3536
F-50 Trøndelag - Trööndelage,M,30 years,30,F-50,Trøndelag,2024,3468
F-50 Trøndelag - Trööndelage,M,31 years,31,F-50,Trøndelag,2024,3634
F-50 Trøndelag - Trööndelage,M,32 years,32,F-50,Trøndelag,2024,3683
F-50 Trøndelag - Trööndelage,M,33 years,33,F-50,Trøndelag,2024,3628
F-50 Trøndelag - Trööndelage,M,34 years,34,F-50,Trøndelag,2024,3597
F-50 Trøndelag - Trööndelage,M,35 years,35,F-50,Trøndelag,2024,3481
F-50 Trøndelag - Trööndelage,M,36 years,36,F-50,Trøndelag,2024,3289
F-50 Trøndelag - Trööndelage,M,37 years,37,F-50,Trøndelag,2024,3247
F-50 Trøndelag - Trööndelage,M,38 years,38,F-50,Trøndelag,2024,3187
F-50 Trøndelag - Trööndelage,M,39 years,39,F-50,Trøndelag,2024,3042
F-50 Trøndelag - Trööndelage,M,40 years,40,F-50,Trøndelag,2024,3049
F-50 Trøndelag - Trööndelage,M,41 years,41,F-50,Trøndelag,2024,3063
F-50 Trøndelag - Trööndelage,M,42 years,42,F-50,Trøndelag,2024,2941
F-50 Trøndelag - Trööndelage,M,43 years,43,F-50,Trøndelag,2024,3036
F-50 Trøndelag - Trööndelage,M,44 years,44,F-50,Trøndelag,2024,3012
F-50 Trøndelag - Trööndelage,M,45 years,45,F-50,Trøndelag,2024,2911
F-50 Trøndelag - Trööndelage,M,46 years,46,F-50,Trøndelag,2024,2864
F-50 Trøndelag - Trööndelage,M,47 years,47,F-50,Trøndelag,2024,2838
F-50 Trøndelag - Trööndelage,M,48 years,48,F-50,Trøndelag,2024,2925
F-50 Trøndelag - Trööndelage,M,49 years,49,F-50,Trøndelag,2024,3151
F-50 Trøndelag - Trööndelage,M,50 years,50,F-50,Trøndelag,2024,3209
F-50 Trøndelag - Trööndelage,M,51 years,51,F-50,Trøndelag,2024,3279
F-50 Trøndelag - Trööndelage,M,52 years,52,F-50,Trøndelag,2024,3269
F-50 Trøndelag - Trööndelage,M,53 years,53,F-50,Trøndelag,2024,3101
F-50 Trøndelag - Trööndelage,M,54 years,54,F-50,Trøndelag,2024,3286
F-50 Trøndelag - Trööndelage,M,55 years,55,F-50,Trøndelag,2024,3271
F-50 Trøndelag - Trööndelage,M,56 years,56,F-50,Trøndelag,2024,3086
F-50 Trøndelag - Trööndelage,M,57 years,57,F-50,Trøndelag,2024,3238
F-50 Trøndelag - Trööndelage,M,58 years,58,F-50,Trøndelag,2024,3168
F-50 Trøndelag - Trööndelage,M,59 years,59,F-50,Trøndelag,2024,3007
F-50 Trøndelag - Trööndelage,M,60 years,60,F-50,Trøndelag,2024,2904
F-50 Trøndelag - Trööndelage,M,61 years,61,F-50,Trøndelag,2024,2883
F-50 Trøndelag - Trööndelage,M,62 years,62,F-50,Trøndelag,2024,2695
F-50 Trøndelag - Trööndelage,M,63 years,63,F-50,Trøndelag,2024,2611
F-50 Trøndelag - Trööndelage,M,64 years,64,F-50,Trøndelag,2024,2702
F-50 Trøndelag - Trööndelage,M,65 years,65,F-50,Trøndelag,2024,2703
F-50 Trøndelag - Trööndelage,M,66 years,66,F-50,Trøndelag,2024,2639
F-50 Trøndelag - Trööndelage,M,67 years,67,F-50,Trøndelag,2024,2596
F-50 Trøndelag - Trööndelage,M,68 years,68,F-50,Trøndelag,2024,2481
F-50 Trøndelag - Trööndelage,M,69 years,69,F-50,Trøndelag,2024,2435
F-50 Trøndelag - Trööndelage,M,70 years,70,F-50,Trøndelag,2024,2284
F-50 Trøndelag - Trööndelage,M,71 years,71,F-50,Trøndelag,2024,2378
F-50 Trøndelag - Trööndelage,M,72 years,72,F-50,Trøndelag,2024,2285
F-50 Trøndelag - Trööndelage,M,73 years,73,F-50,Trøndelag,2024,2147
F-50 Trøndelag - Trööndelage,M,74 years,74,F-50,Trøndelag,2024,2157
F-50 Trøndelag - Trööndelage,M,75 years,75,F-50,Trøndelag,2024,2188
F-50 Trøndelag - Trööndelage,M,76 years,76,F-50,Trøndelag,2024,2031
F-50 Trøndelag - Trööndelage,M,77 years,77,F-50,Trøndelag,2024,2074
F-50 Trøndelag - Trööndelage,M,78 years,78,F-50,Trøndelag,2024,1836
F-50 Trøndelag - Trööndelage,M,79 years,79,F-50,Trøndelag,2024,1657
F-50 Trøndelag - Trööndelage,M,80 years,80,F-50,Trøndelag,2024,1542
F-50 Trøndelag - Trööndelage,M,81 years,81,F-50,Trøndelag,2024,1290
F-50 Trøndelag - Trööndelage,M,82 years,82,F-50,Trøndelag,2024,1159
F-50 Trøndelag - Trööndelage,M,83 years,83,F-50,Trøndelag,2024,983
F-50 Trøndelag - Trööndelage,M,84 years,84,F-50,Trøndelag,2024,849
F-50 Trøndelag - Trööndelage,M,85 years,85,F-50,Trøndelag,2024,760
F-50 Trøndelag - Trööndelage,M,86 years,86,F-50,Trøndelag,2024,639
F-50 Trøndelag - Trööndelage,M,87 years,87,F-50,Trøndelag,2024,537
F-50 Trøndelag - Trööndelage,M,88 years,88,F-50,Trøndelag,2024,440
F-50 Trøndelag - Trööndelage,M,89 years,89,F-50,Trøndelag,2024,385
F-50 Trøndelag - Trööndelage,M,90 years,90,F-50,Trøndelag,2024,319
F-50 Trøndelag - Trööndelage,M,91 years,91,F-50,Trøndelag,2024,259
F-50 Trøndelag - Trööndelage,M,92 years,92,F-50,Trøndelag,2024,179
F-50 Trøndelag - Trööndelage,M,93 years,93,F-50,Trøndelag,2024,150
F-50 Trøndelag - Trööndelage,M,94 years,94,F-50,Trøndelag,2024,122
F-50 Trøndelag - Trööndelage,M,95 years,95,F-50,Trøndelag,2024,84
F-50 Trøndelag - Trööndelage,M,96 years,96,F-50,Trøndelag,2024,53
F-50 Trøndelag - Trööndelage,M,97 years,97,F-50,Trøndelag,2024,47
F-50 Trøndelag - Trööndelage,M,98 years,98,F-50,Trøndelag,2024,20
F-50 Trøndelag - Trööndelage,M,99 years,99,F-50,Trøndelag,2024,18
F-50 Trøndelag - Trööndelage,M,100 years,100,F-50,Trøndelag,2024,7
F-50 Trøndelag - Trööndelage,M,101 years,101,F-50,Trøndelag,2024,3
F-50 Trøndelag - Trööndelage,M,102 years,102,F-50,Trøndelag,2024,0
F-50 Trøndelag - Trööndelage,M,103 years,103,F-50,Trøndelag,2024,0
F-50 Trøndelag - Trööndelage,M,104 years,104,F-50,Trøndelag,2024,0
F-50 Trøndelag - Trööndelage,M,105 years or older,105,F-50,Trøndelag,2024,0
F-15 Møre og Romsdal,F,0 years,0,F-15,Møre og Romsdal,2025,1205
F-15 Møre og Romsdal,F,1 year,1,F-15,Møre og Romsdal,2025,1240
F-15 Møre og Romsdal,F,2 years,2,F-15,Møre og Romsdal,2025,1235
F-15 Møre og Romsdal,F,3 years,3,F-15,Møre og Romsdal,2025,1420
F-15 Møre og Romsdal,F,4 years,4,F-15,Møre og Romsdal,2025,1309
F-15 Møre og Romsdal,F,5 years,5,F-15,Møre og Romsdal,2025,1375
F-15 Møre og Romsdal,F,6 years,6,F-15,Møre og Romsdal,2025,1415
F-15 Møre og Romsdal,F,7 years,7,F-15,Møre og Romsdal,2025,1470
F-15 Møre og Romsdal,F,8 years,8,F-15,Møre og Romsdal,2025,1490
F-15 Møre og Romsdal,F,9 years,9,F-15,Møre og Romsdal,2025,1507
F-15 Møre og Romsdal,F,10 years,10,F-15,Møre og Romsdal,2025,1466
F-15 Møre og Romsdal,F,11 years,11,F-15,Møre og Romsdal,2025,1555
F-15 Møre og Romsdal,F,12 years,12,F-15,Møre og Romsdal,2025,1623
F-15 Møre og Romsdal,F,13 years,13,F-15,Møre og Romsdal,2025,1602
F-15 Møre og Romsdal,F,14 years,14,F-15,Møre og Romsdal,2025,1654
F-15 Møre og Romsdal,F,15 years,15,F-15,Møre og Romsdal,2025,1698
F-15 Møre og Romsdal,F,16 years,16,F-15,Møre og Romsdal,2025,1667
F-15 Møre og Romsdal,F,17 years,17,F-15,Møre og Romsdal,2025,1674
F-15 Møre og Romsdal,F,18 years,18,F-15,Møre og Romsdal,2025,1655
F-15 Møre og Romsdal,F,19 years,19,F-15,Møre og Romsdal,2025,1661
F-15 Møre og Romsdal,F,20 years,20,F-15,Møre og Romsdal,2025,1686
F-15 Møre og Romsdal,F,21 years,21,F-15,Møre og Romsdal,2025,1583
F-15 Møre og Romsdal,F,22 years,22,F-15,Møre og Romsdal,2025,1505
F-15 Møre og Romsdal,F,23 years,23,F-15,Møre og Romsdal,2025,1476
F-15 Møre og Romsdal,F,24 years,24,F-15,Møre og Romsdal,2025,1399
F-15 Møre og Romsdal,F,25 years,25,F-15,Møre og Romsdal,2025,1452
F-15 Møre og Romsdal,F,26 years,26,F-15,Møre og Romsdal,2025,1384
F-15 Møre og Romsdal,F,27 years,27,F-15,Møre og Romsdal,2025,1473
F-15 Møre og Romsdal,F,28 years,28,F-15,Møre og Romsdal,2025,1486
F-15 Møre og Romsdal,F,29 years,29,F-15,Møre og Romsdal,2025,1477
F-15 Møre og Romsdal,F,30 years,30,F-15,Møre og Romsdal,2025,1528
F-15 Møre og Romsdal,F,31 years,31,F-15,Møre og Romsdal,2025,1574
F-15 Møre og Romsdal,F,32 years,32,F-15,Møre og Romsdal,2025,1622
F-15 Møre og Romsdal,F,33 years,33,F-15,Møre og Romsdal,2025,1676
F-15 Møre og Romsdal,F,34 years,34,F-15,Møre og Romsdal,2025,1759
F-15 Møre og Romsdal,F,35 years,35,F-15,Møre og Romsdal,2025,1743
F-15 Møre og Romsdal,F,36 years,36,F-15,Møre og Romsdal,2025,1728
F-15 Møre og Romsdal,F,37 years,37,F-15,Møre og Romsdal,2025,1677
F-15 Møre og Romsdal,F,38 years,38,F-15,Møre og Romsdal,2025,1678
F-15 Møre og Romsdal,F,39 years,39,F-15,Møre og Romsdal,2025,1701
F-15 Møre og Romsdal,F,40 years,40,F-15,Møre og Romsdal,2025,1689
F-15 Møre og Romsdal,F,41 years,41,F-15,Møre og Romsdal,2025,1676
F-15 Møre og Romsdal,F,42 years,42,F-15,Møre og Romsdal,2025,1687
F-15 Møre og Romsdal,F,43 years,43,F-15,Møre og Romsdal,2025,1674
F-15 Møre og Romsdal,F,44 years,44,F-15,Møre og Romsdal,2025,1682
F-15 Møre og Romsdal,F,45 years,45,F-15,Møre og Romsdal,2025,1658
F-15 Møre og Romsdal,F,46 years,46,F-15,Møre og Romsdal,2025,1611
F-15 Møre og Romsdal,F,47 years,47,F-15,Møre og Romsdal,2025,1614
F-15 Møre og Romsdal,F,48 years,48,F-15,Møre og Romsdal,2025,1572
F-15 Møre og Romsdal,F,49 years,49,F-15,Møre og Romsdal,2025,1582
F-15 Møre og Romsdal,F,50 years,50,F-15,Møre og Romsdal,2025,1722
F-15 Møre og Romsdal,F,51 years,51,F-15,Møre og Romsdal,2025,1656
F-15 Møre og Romsdal,F,52 years,52,F-15,Møre og Romsdal,2025,1799
F-15 Møre og Romsdal,F,53 years,53,F-15,Møre og Romsdal,2025,1830
F-15 Møre og Romsdal,F,54 years,54,F-15,Møre og Romsdal,2025,1814
F-15 Møre og Romsdal,F,55 years,55,F-15,Møre og Romsdal,2025,1882
F-15 Møre og Romsdal,F,56 years,56,F-15,Møre og Romsdal,2025,1878
F-15 Møre og Romsdal,F,57 years,57,F-15,Møre og Romsdal,2025,1712
F-15 Møre og Romsdal,F,58 years,58,F-15,Møre og Romsdal,2025,1664
F-15 Møre og Romsdal,F,59 years,59,F-15,Møre og Romsdal,2025,1618
F-15 Møre og Romsdal,F,60 years,60,F-15,Møre og Romsdal,2025,1609
F-15 Møre og Romsdal,F,61 years,61,F-15,Møre og Romsdal,2025,1564
F-15 Møre og Romsdal,F,62 years,62,F-15,Møre og Romsdal,2025,1581
F-15 Møre og Romsdal,F,63 years,63,F-15,Møre og Romsdal,2025,1596
F-15 Møre og Romsdal,F,64 years,64,F-15,Møre og Romsdal,2025,1625
F-15 Møre og Romsdal,F,65 years,65,F-15,Møre og Romsdal,2025,1619
F-15 Møre og Romsdal,F,66 years,66,F-15,Møre og Romsdal,2025,1604
F-15 Møre og Romsdal,F,67 years,67,F-15,Møre og Romsdal,2025,1578
F-15 Møre og Romsdal,F,68 years,68,F-15,Møre og Romsdal,2025,1711
F-15 Møre og Romsdal,F,69 years,69,F-15,Møre og Romsdal,2025,1548
F-15 Møre og Romsdal,F,70 years,70,F-15,Møre og Romsdal,2025,1537
F-15 Møre og Romsdal,F,71 years,71,F-15,Møre og Romsdal,2025,1504
F-15 Møre og Romsdal,F,72 years,72,F-15,Møre og Romsdal,2025,1521
F-15 Møre og Romsdal,F,73 years,73,F-15,Møre og Romsdal,2025,1365
F-15 Møre og Romsdal,F,74 years,74,F-15,Møre og Romsdal,2025,1465
F-15 Møre og Romsdal,F,75 years,75,F-15,Møre og Romsdal,2025,1327
F-15 Møre og Romsdal,F,76 years,76,F-15,Møre og Romsdal,2025,1337
F-15 Møre og Romsdal,F,77 years,77,F-15,Møre og Romsdal,2025,1288
F-15 Møre og Romsdal,F,78 years,78,F-15,Møre og Romsdal,2025,1269
F-15 Møre og Romsdal,F,79 years,79,F-15,Møre og Romsdal,2025,1146
F-15 Møre og Romsdal,F,80 years,80,F-15,Møre og Romsdal,2025,1080
F-15 Møre og Romsdal,F,81 years,81,F-15,Møre og Romsdal,2025,958
F-15 Møre og Romsdal,F,82 years,82,F-15,Møre og Romsdal,2025,825
F-15 Møre og Romsdal,F,83 years,83,F-15,Møre og Romsdal,2025,745
F-15 Møre og Romsdal,F,84 years,84,F-15,Møre og Romsdal,2025,661
F-15 Møre og Romsdal,F,85 years,85,F-15,Møre og Romsdal,2025,643
F-15 Møre og Romsdal,F,86 years,86,F-15,Møre og Romsdal,2025,545
F-15 Møre og Romsdal,F,87 years,87,F-15,Møre og Romsdal,2025,486
F-15 Møre og Romsdal,F,88 years,88,F-15,Møre og Romsdal,2025,434
F-15 Møre og Romsdal,F,89 years,89,F-15,Møre og Romsdal,2025,396
F-15 Møre og Romsdal,F,90 years,90,F-15,Møre og Romsdal,2025,360
F-15 Møre og Romsdal,F,91 years,91,F-15,Møre og Romsdal,2025,339
F-15 Møre og Romsdal,F,92 years,92,F-15,Møre og Romsdal,2025,267
F-15 Møre og Romsdal,F,93 years,93,F-15,Møre og Romsdal,2025,203
F-15 Møre og Romsdal,F,94 years,94,F-15,Møre og Romsdal,2025,202
F-15 Møre og Romsdal,F,95 years,95,F-15,Møre og Romsdal,2025,132
F-15 Møre og Romsdal,F,96 years,96,F-15,Møre og Romsdal,2025,118
F-15 Møre og Romsdal,F,97 years,97,F-15,Møre og Romsdal,2025,91
F-15 Møre og Romsdal,F,98 years,98,F-15,Møre og Romsdal,2025,71
F-15 Møre og Romsdal,F,99 years,99,F-15,Møre og Romsdal,2025,32
F-15 Møre og Romsdal,F,100 years,100,F-15,Møre og Romsdal,2025,34
F-15 Møre og Romsdal,F,101 years,101,F-15,Møre og Romsdal,2025,11
F-15 Møre og Romsdal,F,102 years,102,F-15,Møre og Romsdal,2025,10
F-15 Møre og Romsdal,F,103 years,103,F-15,Møre og Romsdal,2025,11
F-15 Møre og Romsdal,F,104 years,104,F-15,Møre og Romsdal,2025,3
F-15 Møre og Romsdal,F,105 years or older,105,F-15,Møre og Romsdal,2025,2
F-15 Møre og Romsdal,M,0 years,0,F-15,Møre og Romsdal,2025,1298
F-15 Møre og Romsdal,M,1 year,1,F-15,Møre og Romsdal,2025,1177
F-15 Møre og Romsdal,M,2 years,2,F-15,Møre og Romsdal,2025,1281
F-15 Møre og Romsdal,M,3 years,3,F-15,Møre og Romsdal,2025,1468
F-15 Møre og Romsdal,M,4 years,4,F-15,Møre og Romsdal,2025,1386
F-15 Møre og Romsdal,M,5 years,5,F-15,Møre og Romsdal,2025,1400
F-15 Møre og Romsdal,M,6 years,6,F-15,Møre og Romsdal,2025,1506
F-15 Møre og Romsdal,M,7 years,7,F-15,Møre og Romsdal,2025,1530
F-15 Møre og Romsdal,M,8 years,8,F-15,Møre og Romsdal,2025,1570
F-15 Møre og Romsdal,M,9 years,9,F-15,Møre og Romsdal,2025,1543
F-15 Møre og Romsdal,M,10 years,10,F-15,Møre og Romsdal,2025,1600
F-15 Møre og Romsdal,M,11 years,11,F-15,Møre og Romsdal,2025,1631
F-15 Møre og Romsdal,M,12 years,12,F-15,Møre og Romsdal,2025,1661
F-15 Møre og Romsdal,M,13 years,13,F-15,Møre og Romsdal,2025,1728
F-15 Møre og Romsdal,M,14 years,14,F-15,Møre og Romsdal,2025,1660
F-15 Møre og Romsdal,M,15 years,15,F-15,Møre og Romsdal,2025,1851
F-15 Møre og Romsdal,M,16 years,16,F-15,Møre og Romsdal,2025,1773
F-15 Møre og Romsdal,M,17 years,17,F-15,Møre og Romsdal,2025,1809
F-15 Møre og Romsdal,M,18 years,18,F-15,Møre og Romsdal,2025,1765
F-15 Møre og Romsdal,M,19 years,19,F-15,Møre og Romsdal,2025,1734
F-15 Møre og Romsdal,M,20 years,20,F-15,Møre og Romsdal,2025,1800
F-15 Møre og Romsdal,M,21 years,21,F-15,Møre og Romsdal,2025,1789
F-15 Møre og Romsdal,M,22 years,22,F-15,Møre og Romsdal,2025,1625
F-15 Møre og Romsdal,M,23 years,23,F-15,Møre og Romsdal,2025,1650
F-15 Møre og Romsdal,M,24 years,24,F-15,Møre og Romsdal,2025,1686
F-15 Møre og Romsdal,M,25 years,25,F-15,Møre og Romsdal,2025,1680
F-15 Møre og Romsdal,M,26 years,26,F-15,Møre og Romsdal,2025,1555
F-15 Møre og Romsdal,M,27 years,27,F-15,Møre og Romsdal,2025,1559
F-15 Møre og Romsdal,M,28 years,28,F-15,Møre og Romsdal,2025,1674
F-15 Møre og Romsdal,M,29 years,29,F-15,Møre og Romsdal,2025,1709
F-15 Møre og Romsdal,M,30 years,30,F-15,Møre og Romsdal,2025,1667
F-15 Møre og Romsdal,M,31 years,31,F-15,Møre og Romsdal,2025,1703
F-15 Møre og Romsdal,M,32 years,32,F-15,Møre og Romsdal,2025,1678
F-15 Møre og Romsdal,M,33 years,33,F-15,Møre og Romsdal,2025,1812
F-15 Møre og Romsdal,M,34 years,34,F-15,Møre og Romsdal,2025,1789
F-15 Møre og Romsdal,M,35 years,35,F-15,Møre og Romsdal,2025,1782
F-15 Møre og Romsdal,M,36 years,36,F-15,Møre og Romsdal,2025,1859
F-15 Møre og Romsdal,M,37 years,37,F-15,Møre og Romsdal,2025,1749
F-15 Møre og Romsdal,M,38 years,38,F-15,Møre og Romsdal,2025,1831
F-15 Møre og Romsdal,M,39 years,39,F-15,Møre og Romsdal,2025,1784
F-15 Møre og Romsdal,M,40 years,40,F-15,Møre og Romsdal,2025,1829
F-15 Møre og Romsdal,M,41 years,41,F-15,Møre og Romsdal,2025,1853
F-15 Møre og Romsdal,M,42 years,42,F-15,Møre og Romsdal,2025,1791
F-15 Møre og Romsdal,M,43 years,43,F-15,Møre og Romsdal,2025,1731
F-15 Møre og Romsdal,M,44 years,44,F-15,Møre og Romsdal,2025,1762
F-15 Møre og Romsdal,M,45 years,45,F-15,Møre og Romsdal,2025,1763
F-15 Møre og Romsdal,M,46 years,46,F-15,Møre og Romsdal,2025,1667
F-15 Møre og Romsdal,M,47 years,47,F-15,Møre og Romsdal,2025,1608
F-15 Møre og Romsdal,M,48 years,48,F-15,Møre og Romsdal,2025,1699
F-15 Møre og Romsdal,M,49 years,49,F-15,Møre og Romsdal,2025,1664
F-15 Møre og Romsdal,M,50 years,50,F-15,Møre og Romsdal,2025,1777
F-15 Møre og Romsdal,M,51 years,51,F-15,Møre og Romsdal,2025,1878
F-15 Møre og Romsdal,M,52 years,52,F-15,Møre og Romsdal,2025,1940
F-15 Møre og Romsdal,M,53 years,53,F-15,Møre og Romsdal,2025,1882
F-15 Møre og Romsdal,M,54 years,54,F-15,Møre og Romsdal,2025,1918
F-15 Møre og Romsdal,M,55 years,55,F-15,Møre og Romsdal,2025,1939
F-15 Møre og Romsdal,M,56 years,56,F-15,Møre og Romsdal,2025,1918
F-15 Møre og Romsdal,M,57 years,57,F-15,Møre og Romsdal,2025,1946
F-15 Møre og Romsdal,M,58 years,58,F-15,Møre og Romsdal,2025,1777
F-15 Møre og Romsdal,M,59 years,59,F-15,Møre og Romsdal,2025,1773
F-15 Møre og Romsdal,M,60 years,60,F-15,Møre og Romsdal,2025,1717
F-15 Møre og Romsdal,M,61 years,61,F-15,Møre og Romsdal,2025,1719
F-15 Møre og Romsdal,M,62 years,62,F-15,Møre og Romsdal,2025,1693
F-15 Møre og Romsdal,M,63 years,63,F-15,Møre og Romsdal,2025,1646
F-15 Møre og Romsdal,M,64 years,64,F-15,Møre og Romsdal,2025,1588
F-15 Møre og Romsdal,M,65 years,65,F-15,Møre og Romsdal,2025,1654
F-15 Møre og Romsdal,M,66 years,66,F-15,Møre og Romsdal,2025,1674
F-15 Møre og Romsdal,M,67 years,67,F-15,Møre og Romsdal,2025,1598
F-15 Møre og Romsdal,M,68 years,68,F-15,Møre og Romsdal,2025,1656
F-15 Møre og Romsdal,M,69 years,69,F-15,Møre og Romsdal,2025,1564
F-15 Møre og Romsdal,M,70 years,70,F-15,Møre og Romsdal,2025,1564
F-15 Møre og Romsdal,M,71 years,71,F-15,Møre og Romsdal,2025,1477
F-15 Møre og Romsdal,M,72 years,72,F-15,Møre og Romsdal,2025,1514
F-15 Møre og Romsdal,M,73 years,73,F-15,Møre og Romsdal,2025,1451
F-15 Møre og Romsdal,M,74 years,74,F-15,Møre og Romsdal,2025,1313
F-15 Møre og Romsdal,M,75 years,75,F-15,Møre og Romsdal,2025,1340
F-15 Møre og Romsdal,M,76 years,76,F-15,Møre og Romsdal,2025,1354
F-15 Møre og Romsdal,M,77 years,77,F-15,Møre og Romsdal,2025,1256
F-15 Møre og Romsdal,M,78 years,78,F-15,Møre og Romsdal,2025,1262
F-15 Møre og Romsdal,M,79 years,79,F-15,Møre og Romsdal,2025,1098
F-15 Møre og Romsdal,M,80 years,80,F-15,Møre og Romsdal,2025,983
F-15 Møre og Romsdal,M,81 years,81,F-15,Møre og Romsdal,2025,862
F-15 Møre og Romsdal,M,82 years,82,F-15,Møre og Romsdal,2025,708
F-15 Møre og Romsdal,M,83 years,83,F-15,Møre og Romsdal,2025,589
F-15 Møre og Romsdal,M,84 years,84,F-15,Møre og Romsdal,2025,581
F-15 Møre og Romsdal,M,85 years,85,F-15,Møre og Romsdal,2025,496
F-15 Møre og Romsdal,M,86 years,86,F-15,Møre og Romsdal,2025,391
F-15 Møre og Romsdal,M,87 years,87,F-15,Møre og Romsdal,2025,347
F-15 Møre og Romsdal,M,88 years,88,F-15,Møre og Romsdal,2025,291
F-15 Møre og Romsdal,M,89 years,89,F-15,Møre og Romsdal,2025,242
F-15 Møre og Romsdal,M,90 years,90,F-15,Møre og Romsdal,2025,220
F-15 Møre og Romsdal,M,91 years,91,F-15,Møre og Romsdal,2025,166
F-15 Møre og Romsdal,M,92 years,92,F-15,Møre og Romsdal,2025,148
F-15 Møre og Romsdal,M,93 years,93,F-15,Møre og Romsdal,2025,112
F-15 Møre og Romsdal,M,94 years,94,F-15,Møre og Romsdal,2025,85
F-15 Møre og Romsdal,M,95 years,95,F-15,Møre og Romsdal,2025,71
F-15 Møre og Romsdal,M,96 years,96,F-15,Møre og Romsdal,2025,47
F-15 Møre og Romsdal,M,97 years,97,F-15,Møre og Romsdal,2025,25
F-15 Møre og Romsdal,M,98 years,98,F-15,Møre og Romsdal,2025,17
F-15 Møre og Romsdal,M,99 years,99,F-15,Møre og Romsdal,2025,13
F-15 Møre og Romsdal,M,100 years,100,F-15,Møre og Romsdal,2025,7
F-15 Møre og Romsdal,M,101 years,101,F-15,Møre og Romsdal,2025,2
F-15 Møre og Romsdal,M,102 years,102,F-15,Møre og Romsdal,2025,1
F-15 Møre og Romsdal,M,103 years,103,F-15,Møre og Romsdal,2025,2
F-15 Møre og Romsdal,M,104 years,104,F-15,Møre og Romsdal,2025,0
F-15 Møre og Romsdal,M,105 years or older,105,F-15,Møre og Romsdal,2025,1
F-50 Trøndelag - Trööndelage,F,0 years,0,F-50,Trøndelag,2025,2208
F-50 Trøndelag - Trööndelage,F,1 year,1,F-50,Trøndelag,2025,2196
F-50 Trøndelag - Trööndelage,F,2 years,2,F-50,Trøndelag,2025,2242
F-50 Trøndelag - Trööndelage,F,3 years,3,F-50,Trøndelag,2025,2505
F-50 Trøndelag - Trööndelage,F,4 years,4,F-50,Trøndelag,2025,2390
F-50 Trøndelag - Trööndelage,F,5 years,5,F-50,Trøndelag,2025,2331
F-50 Trøndelag - Trööndelage,F,6 years,6,F-50,Trøndelag,2025,2332
F-50 Trøndelag - Trööndelage,F,7 years,7,F-50,Trøndelag,2025,2499
F-50 Trøndelag - Trööndelage,F,8 years,8,F-50,Trøndelag,2025,2512
F-50 Trøndelag - Trööndelage,F,9 years,9,F-50,Trøndelag,2025,2610
F-50 Trøndelag - Trööndelage,F,10 years,10,F-50,Trøndelag,2025,2677
F-50 Trøndelag - Trööndelage,F,11 years,11,F-50,Trøndelag,2025,2750
F-50 Trøndelag - Trööndelage,F,12 years,12,F-50,Trøndelag,2025,2684
F-50 Trøndelag - Trööndelage,F,13 years,13,F-50,Trøndelag,2025,2718
F-50 Trøndelag - Trööndelage,F,14 years,14,F-50,Trøndelag,2025,2875
F-50 Trøndelag - Trööndelage,F,15 years,15,F-50,Trøndelag,2025,2847
F-50 Trøndelag - Trööndelage,F,16 years,16,F-50,Trøndelag,2025,2811
F-50 Trøndelag - Trööndelage,F,17 years,17,F-50,Trøndelag,2025,2764
F-50 Trøndelag - Trööndelage,F,18 years,18,F-50,Trøndelag,2025,2805
F-50 Trøndelag - Trööndelage,F,19 years,19,F-50,Trøndelag,2025,2875
F-50 Trøndelag - Trööndelage,F,20 years,20,F-50,Trøndelag,2025,2922
F-50 Trøndelag - Trööndelage,F,21 years,21,F-50,Trøndelag,2025,3056
F-50 Trøndelag - Trööndelage,F,22 years,22,F-50,Trøndelag,2025,3079
F-50 Trøndelag - Trööndelage,F,23 years,23,F-50,Trøndelag,2025,3411
F-50 Trøndelag - Trööndelage,F,24 years,24,F-50,Trøndelag,2025,3446
F-50 Trøndelag - Trööndelage,F,25 years,25,F-50,Trøndelag,2025,3440
F-50 Trøndelag - Trööndelage,F,26 years,26,F-50,Trøndelag,2025,3453
F-50 Trøndelag - Trööndelage,F,27 years,27,F-50,Trøndelag,2025,3214
F-50 Trøndelag - Trööndelage,F,28 years,28,F-50,Trøndelag,2025,3380
F-50 Trøndelag - Trööndelage,F,29 years,29,F-50,Trøndelag,2025,3182
F-50 Trøndelag - Trööndelage,F,30 years,30,F-50,Trøndelag,2025,3310
F-50 Trøndelag - Trööndelage,F,31 years,31,F-50,Trøndelag,2025,3326
F-50 Trøndelag - Trööndelage,F,32 years,32,F-50,Trøndelag,2025,3299
F-50 Trøndelag - Trööndelage,F,33 years,33,F-50,Trøndelag,2025,3310
F-50 Trøndelag - Trööndelage,F,34 years,34,F-50,Trøndelag,2025,3426
F-50 Trøndelag - Trööndelage,F,35 years,35,F-50,Trøndelag,2025,3263
F-50 Trøndelag - Trööndelage,F,36 years,36,F-50,Trøndelag,2025,3315
F-50 Trøndelag - Trööndelage,F,37 years,37,F-50,Trøndelag,2025,3112
F-50 Trøndelag - Trööndelage,F,38 years,38,F-50,Trøndelag,2025,3169
F-50 Trøndelag - Trööndelage,F,39 years,39,F-50,Trøndelag,2025,3126
F-50 Trøndelag - Trööndelage,F,40 years,40,F-50,Trøndelag,2025,3050
F-50 Trøndelag - Trööndelage,F,41 years,41,F-50,Trøndelag,2025,2978
F-50 Trøndelag - Trööndelage,F,42 years,42,F-50,Trøndelag,2025,3016
F-50 Trøndelag - Trööndelage,F,43 years,43,F-50,Trøndelag,2025,2904
F-50 Trøndelag - Trööndelage,F,44 years,44,F-50,Trøndelag,2025,2846
F-50 Trøndelag - Trööndelage,F,45 years,45,F-50,Trøndelag,2025,2808
F-50 Trøndelag - Trööndelage,F,46 years,46,F-50,Trøndelag,2025,2817
F-50 Trøndelag - Trööndelage,F,47 years,47,F-50,Trøndelag,2025,2756
F-50 Trøndelag - Trööndelage,F,48 years,48,F-50,Trøndelag,2025,2830
F-50 Trøndelag - Trööndelage,F,49 years,49,F-50,Trøndelag,2025,2914
F-50 Trøndelag - Trööndelage,F,50 years,50,F-50,Trøndelag,2025,3041
F-50 Trøndelag - Trööndelage,F,51 years,51,F-50,Trøndelag,2025,3057
F-50 Trøndelag - Trööndelage,F,52 years,52,F-50,Trøndelag,2025,3063
F-50 Trøndelag - Trööndelage,F,53 years,53,F-50,Trøndelag,2025,3133
F-50 Trøndelag - Trööndelage,F,54 years,54,F-50,Trøndelag,2025,3164
F-50 Trøndelag - Trööndelage,F,55 years,55,F-50,Trøndelag,2025,3197
F-50 Trøndelag - Trööndelage,F,56 years,56,F-50,Trøndelag,2025,3271
F-50 Trøndelag - Trööndelage,F,57 years,57,F-50,Trøndelag,2025,3112
F-50 Trøndelag - Trööndelage,F,58 years,58,F-50,Trøndelag,2025,3125
F-50 Trøndelag - Trööndelage,F,59 years,59,F-50,Trøndelag,2025,3057
F-50 Trøndelag - Trööndelage,F,60 years,60,F-50,Trøndelag,2025,2892
F-50 Trøndelag - Trööndelage,F,61 years,61,F-50,Trøndelag,2025,2844
F-50 Trøndelag - Trööndelage,F,62 years,62,F-50,Trøndelag,2025,2714
F-50 Trøndelag - Trööndelage,F,63 years,63,F-50,Trøndelag,2025,2686
F-50 Trøndelag - Trööndelage,F,64 years,64,F-50,Trøndelag,2025,2655
F-50 Trøndelag - Trööndelage,F,65 years,65,F-50,Trøndelag,2025,2647
F-50 Trøndelag - Trööndelage,F,66 years,66,F-50,Trøndelag,2025,2546
F-50 Trøndelag - Trööndelage,F,67 years,67,F-50,Trøndelag,2025,2555
F-50 Trøndelag - Trööndelage,F,68 years,68,F-50,Trøndelag,2025,2606
F-50 Trøndelag - Trööndelage,F,69 years,69,F-50,Trøndelag,2025,2602
F-50 Trøndelag - Trööndelage,F,70 years,70,F-50,Trøndelag,2025,2500
F-50 Trøndelag - Trööndelage,F,71 years,71,F-50,Trøndelag,2025,2436
F-50 Trøndelag - Trööndelage,F,72 years,72,F-50,Trøndelag,2025,2347
F-50 Trøndelag - Trööndelage,F,73 years,73,F-50,Trøndelag,2025,2272
F-50 Trøndelag - Trööndelage,F,74 years,74,F-50,Trøndelag,2025,2222
F-50 Trøndelag - Trööndelage,F,75 years,75,F-50,Trøndelag,2025,2134
F-50 Trøndelag - Trööndelage,F,76 years,76,F-50,Trøndelag,2025,2210
F-50 Trøndelag - Trööndelage,F,77 years,77,F-50,Trøndelag,2025,2103
F-50 Trøndelag - Trööndelage,F,78 years,78,F-50,Trøndelag,2025,2180
F-50 Trøndelag - Trööndelage,F,79 years,79,F-50,Trøndelag,2025,2005
F-50 Trøndelag - Trööndelage,F,80 years,80,F-50,Trøndelag,2025,1786
F-50 Trøndelag - Trööndelage,F,81 years,81,F-50,Trøndelag,2025,1625
F-50 Trøndelag - Trööndelage,F,82 years,82,F-50,Trøndelag,2025,1421
F-50 Trøndelag - Trööndelage,F,83 years,83,F-50,Trøndelag,2025,1237
F-50 Trøndelag - Trööndelage,F,84 years,84,F-50,Trøndelag,2025,1115
F-50 Trøndelag - Trööndelage,F,85 years,85,F-50,Trøndelag,2025,1057
F-50 Trøndelag - Trööndelage,F,86 years,86,F-50,Trøndelag,2025,876
F-50 Trøndelag - Trööndelage,F,87 years,87,F-50,Trøndelag,2025,758
F-50 Trøndelag - Trööndelage,F,88 years,88,F-50,Trøndelag,2025,716
F-50 Trøndelag - Trööndelage,F,89 years,89,F-50,Trøndelag,2025,620
F-50 Trøndelag - Trööndelage,F,90 years,90,F-50,Trøndelag,2025,553
F-50 Trøndelag - Trööndelage,F,91 years,91,F-50,Trøndelag,2025,420
F-50 Trøndelag - Trööndelage,F,92 years,92,F-50,Trøndelag,2025,407
F-50 Trøndelag - Trööndelage,F,93 years,93,F-50,Trøndelag,2025,339
F-50 Trøndelag - Trööndelage,F,94 years,94,F-50,Trøndelag,2025,260
F-50 Trøndelag - Trööndelage,F,95 years,95,F-50,Trøndelag,2025,213
F-50 Trøndelag - Trööndelage,F,96 years,96,F-50,Trøndelag,2025,150
F-50 Trøndelag - Trööndelage,F,97 years,97,F-50,Trøndelag,2025,101
F-50 Trøndelag - Trööndelage,F,98 years,98,F-50,Trøndelag,2025,77
F-50 Trøndelag - Trööndelage,F,99 years,99,F-50,Trøndelag,2025,52
F-50 Trøndelag - Trööndelage,F,100 years,100,F-50,Trøndelag,2025,38
F-50 Trøndelag - Trööndelage,F,101 years,101,F-50,Trøndelag,2025,15
F-50 Trøndelag - Trööndelage,F,102 years,102,F-50,Trøndelag,2025,14
F-50 Trøndelag - Trööndelage,F,103 years,103,F-50,Trøndelag,2025,4
F-50 Trøndelag - Trööndelage,F,104 years,104,F-50,Trøndelag,2025,4
F-50 Trøndelag - Trööndelage,F,105 years or older,105,F-50,Trøndelag,2025,3
F-50 Trøndelag - Trööndelage,M,0 years,0,F-50,Trøndelag,2025,2497
F-50 Trøndelag - Trööndelage,M,1 year,1,F-50,Trøndelag,2025,2374
F-50 Trøndelag - Trööndelage,M,2 years,2,F-50,Trøndelag,2025,2459
F-50 Trøndelag - Trööndelage,M,3 years,3,F-50,Trøndelag,2025,2559
F-50 Trøndelag - Trööndelage,M,4 years,4,F-50,Trøndelag,2025,2373
F-50 Trøndelag - Trööndelage,M,5 years,5,F-50,Trøndelag,2025,2530
F-50 Trøndelag - Trööndelage,M,6 years,6,F-50,Trøndelag,2025,2582
F-50 Trøndelag - Trööndelage,M,7 years,7,F-50,Trøndelag,2025,2589
F-50 Trøndelag - Trööndelage,M,8 years,8,F-50,Trøndelag,2025,2817
F-50 Trøndelag - Trööndelage,M,9 years,9,F-50,Trøndelag,2025,2767
F-50 Trøndelag - Trööndelage,M,10 years,10,F-50,Trøndelag,2025,2822
F-50 Trøndelag - Trööndelage,M,11 years,11,F-50,Trøndelag,2025,2896
F-50 Trøndelag - Trööndelage,M,12 years,12,F-50,Trøndelag,2025,2858
F-50 Trøndelag - Trööndelage,M,13 years,13,F-50,Trøndelag,2025,2973
F-50 Trøndelag - Trööndelage,M,14 years,14,F-50,Trøndelag,2025,3005
F-50 Trøndelag - Trööndelage,M,15 years,15,F-50,Trøndelag,2025,3054
F-50 Trøndelag - Trööndelage,M,16 years,16,F-50,Trøndelag,2025,3058
F-50 Trøndelag - Trööndelage,M,17 years,17,F-50,Trøndelag,2025,2971
F-50 Trøndelag - Trööndelage,M,18 years,18,F-50,Trøndelag,2025,3162
F-50 Trøndelag - Trööndelage,M,19 years,19,F-50,Trøndelag,2025,2988
F-50 Trøndelag - Trööndelage,M,20 years,20,F-50,Trøndelag,2025,3099
F-50 Trøndelag - Trööndelage,M,21 years,21,F-50,Trøndelag,2025,3205
F-50 Trøndelag - Trööndelage,M,22 years,22,F-50,Trøndelag,2025,3433
F-50 Trøndelag - Trööndelage,M,23 years,23,F-50,Trøndelag,2025,3725
F-50 Trøndelag - Trööndelage,M,24 years,24,F-50,Trøndelag,2025,3891
F-50 Trøndelag - Trööndelage,M,25 years,25,F-50,Trøndelag,2025,3802
F-50 Trøndelag - Trööndelage,M,26 years,26,F-50,Trøndelag,2025,3836
F-50 Trøndelag - Trööndelage,M,27 years,27,F-50,Trøndelag,2025,3762
F-50 Trøndelag - Trööndelage,M,28 years,28,F-50,Trøndelag,2025,3700
F-50 Trøndelag - Trööndelage,M,29 years,29,F-50,Trøndelag,2025,3498
F-50 Trøndelag - Trööndelage,M,30 years,30,F-50,Trøndelag,2025,3523
F-50 Trøndelag - Trööndelage,M,31 years,31,F-50,Trøndelag,2025,3485
F-50 Trøndelag - Trööndelage,M,32 years,32,F-50,Trøndelag,2025,3627
F-50 Trøndelag - Trööndelage,M,33 years,33,F-50,Trøndelag,2025,3691
F-50 Trøndelag - Trööndelage,M,34 years,34,F-50,Trøndelag,2025,3677
F-50 Trøndelag - Trööndelage,M,35 years,35,F-50,Trøndelag,2025,3596
F-50 Trøndelag - Trööndelage,M,36 years,36,F-50,Trøndelag,2025,3508
F-50 Trøndelag - Trööndelage,M,37 years,37,F-50,Trøndelag,2025,3296
F-50 Trøndelag - Trööndelage,M,38 years,38,F-50,Trøndelag,2025,3271
F-50 Trøndelag - Trööndelage,M,39 years,39,F-50,Trøndelag,2025,3190
F-50 Trøndelag - Trööndelage,M,40 years,40,F-50,Trøndelag,2025,3059
F-50 Trøndelag - Trööndelage,M,41 years,41,F-50,Trøndelag,2025,3063
F-50 Trøndelag - Trööndelage,M,42 years,42,F-50,Trøndelag,2025,3067
F-50 Trøndelag - Trööndelage,M,43 years,43,F-50,Trøndelag,2025,2961
F-50 Trøndelag - Trööndelage,M,44 years,44,F-50,Trøndelag,2025,3032
F-50 Trøndelag - Trööndelage,M,45 years,45,F-50,Trøndelag,2025,3012
F-50 Trøndelag - Trööndelage,M,46 years,46,F-50,Trøndelag,2025,2918
F-50 Trøndelag - Trööndelage,M,47 years,47,F-50,Trøndelag,2025,2867
F-50 Trøndelag - Trööndelage,M,48 years,48,F-50,Trøndelag,2025,2860
F-50 Trøndelag - Trööndelage,M,49 years,49,F-50,Trøndelag,2025,2939
F-50 Trøndelag - Trööndelage,M,50 years,50,F-50,Trøndelag,2025,3155
F-50 Trøndelag - Trööndelage,M,51 years,51,F-50,Trøndelag,2025,3202
F-50 Trøndelag - Trööndelage,M,52 years,52,F-50,Trøndelag,2025,3275
F-50 Trøndelag - Trööndelage,M,53 years,53,F-50,Trøndelag,2025,3258
F-50 Trøndelag - Trööndelage,M,54 years,54,F-50,Trøndelag,2025,3108
F-50 Trøndelag - Trööndelage,M,55 years,55,F-50,Trøndelag,2025,3286
F-50 Trøndelag - Trööndelage,M,56 years,56,F-50,Trøndelag,2025,3274
F-50 Trøndelag - Trööndelage,M,57 years,57,F-50,Trøndelag,2025,3084
F-50 Trøndelag - Trööndelage,M,58 years,58,F-50,Trøndelag,2025,3233
F-50 Trøndelag - Trööndelage,M,59 years,59,F-50,Trøndelag,2025,3166
F-50 Trøndelag - Trööndelage,M,60 years,60,F-50,Trøndelag,2025,3009
F-50 Trøndelag - Trööndelage,M,61 years,61,F-50,Trøndelag,2025,2890
F-50 Trøndelag - Trööndelage,M,62 years,62,F-50,Trøndelag,2025,2883
F-50 Trøndelag - Trööndelage,M,63 years,63,F-50,Trøndelag,2025,2682
F-50 Trøndelag - Trööndelage,M,64 years,64,F-50,Trøndelag,2025,2585
F-50 Trøndelag - Trööndelage,M,65 years,65,F-50,Trøndelag,2025,2693
F-50 Trøndelag - Trööndelage,M,66 years,66,F-50,Trøndelag,2025,2681
F-50 Trøndelag - Trööndelage,M,67 years,67,F-50,Trøndelag,2025,2610
F-50 Trøndelag - Trööndelage,M,68 years,68,F-50,Trøndelag,2025,2566
F-50 Trøndelag - Trööndelage,M,69 years,69,F-50,Trøndelag,2025,2443
F-50 Trøndelag - Trööndelage,M,70 years,70,F-50,Trøndelag,2025,2392
F-50 Trøndelag - Trööndelage,M,71 years,71,F-50,Trøndelag,2025,2245
F-50 Trøndelag - Trööndelage,M,72 years,72,F-50,Trøndelag,2025,2340
F-50 Trøndelag - Trööndelage,M,73 years,73,F-50,Trøndelag,2025,2243
F-50 Trøndelag - Trööndelage,M,74 years,74,F-50,Trøndelag,2025,2110
F-50 Trøndelag - Trööndelage,M,75 years,75,F-50,Trøndelag,2025,2108
F-50 Trøndelag - Trööndelage,M,76 years,76,F-50,Trøndelag,2025,2116
F-50 Trøndelag - Trööndelage,M,77 years,77,F-50,Trøndelag,2025,1981
F-50 Trøndelag - Trööndelage,M,78 years,78,F-50,Trøndelag,2025,1989
F-50 Trøndelag - Trööndelage,M,79 years,79,F-50,Trøndelag,2025,1776
F-50 Trøndelag - Trööndelage,M,80 years,80,F-50,Trøndelag,2025,1603
F-50 Trøndelag - Trööndelage,M,81 years,81,F-50,Trøndelag,2025,1475
F-50 Trøndelag - Trööndelage,M,82 years,82,F-50,Trøndelag,2025,1209
F-50 Trøndelag - Trööndelage,M,83 years,83,F-50,Trøndelag,2025,1071
F-50 Trøndelag - Trööndelage,M,84 years,84,F-50,Trøndelag,2025,924
F-50 Trøndelag - Trööndelage,M,85 years,85,F-50,Trøndelag,2025,795
F-50 Trøndelag - Trööndelage,M,86 years,86,F-50,Trøndelag,2025,688
F-50 Trøndelag - Trööndelage,M,87 years,87,F-50,Trøndelag,2025,566
F-50 Trøndelag - Trööndelage,M,88 years,88,F-50,Trøndelag,2025,488
F-50 Trøndelag - Trööndelage,M,89 years,89,F-50,Trøndelag,2025,381
F-50 Trøndelag - Trööndelage,M,90 years,90,F-50,Trøndelag,2025,327
F-50 Trøndelag - Trööndelage,M,91 years,91,F-50,Trøndelag,2025,255
F-50 Trøndelag - Trööndelage,M,92 years,92,F-50,Trøndelag,2025,214
F-50 Trøndelag - Trööndelage,M,93 years,93,F-50,Trøndelag,2025,130
F-50 Trøndelag - Trööndelage,M,94 years,94,F-50,Trøndelag,2025,110
F-50 Trøndelag - Trööndelage,M,95 years,95,F-50,Trøndelag,2025,83
F-50 Trøndelag - Trööndelage,M,96 years,96,F-50,Trøndelag,2025,63
F-50 Trøndelag - Trööndelage,M,97 years,97,F-50,Trøndelag,2025,35
F-50 Trøndelag - Trööndelage,M,98 years,98,F-50,Trøndelag,2025,31
F-50 Trøndelag - Trööndelage,M,99 years,99,F-50,Trøndelag,2025,15
F-50 Trøndelag - Trööndelage,M,100 years,100,F-50,Trøndelag,2025,12
F-50 Trøndelag - Trööndelage,M,101 years,101,F-50,Trøndelag,2025,2
F-50 Trøndelag - Trööndelage,M,102 years,102,F-50,Trøndelag,2025,2
F-50 Trøndelag - Trööndelage,M,103 years,103,F-50,Trøndelag,2025,0
F-50 Trøndelag - Trööndelage,M,104 years,104,F-50,Trøndelag,2025,0
F-50 Trøndelag - Trööndelage,M,105 years or older,105,F-50,Trøndelag,2025,0
